# G1 exterior visual; derived from pinned Unitree/TWIST2 CAD.
v 0.00887895748 0.022412302 0.460568607
v 0.000672208553 0.0252851974 0.460882157
v 0.000773822423 0.0253156088 0.46299088
v -0.00790273678 0.0253072046 0.461228013
v -0.00846271496 0.0251878183 0.463345826
v -0.0162723325 0.0223309509 0.461563289
v -0.0167514421 0.0219994392 0.463677436
v -0.0231258906 0.0166704301 0.461838007
v -0.0234545469 0.016170647 0.463945597
v -0.0276351087 0.00900745112 0.462018728
v -0.0277665947 0.00840185024 0.464118153
v -0.029257575 0.000263819325 0.462083727
v -0.0291694794 -0.000373472838 0.464174241
v -0.0277980752 -0.00850848481 0.462025195
v -0.0274946373 -0.00910087861 0.464107275
v -0.023432212 -0.0162541587 0.461850137
v -0.0229433365 -0.0167316869 0.463925153
v -0.0166852269 -0.0220413506 0.461579591
v -0.0160624795 -0.0223489963 0.463649839
v -0.0084713269 -0.02515205 0.46127519
v -0.00768198771 -0.0252771862 0.463314593
v 0.000623839849 -0.0252726637 0.460900098
v 0.00908417441 -0.0222296007 0.460550845
v 0.000734634988 -0.0252392869 0.462994695
v 0.00888864044 -0.0224132799 0.462146133
v 0.0137714827 -0.0186914336 0.460388511
v 0.013788186 0.0187287685 0.460389078
v 0.00900987629 0.0223773569 0.462115139
v 0.0154828606 0.0108305886 0.459406406
v 0.015502152 0.0144601548 0.459404141
v 0.012004544 0.0155360624 0.45954296
v 0.0118298912 0.0184384752 0.459549248
v 0.00628969539 0.019707039 0.45977208
v 0.00479151495 0.0225698631 0.459831655
v -0.000450807216 0.0218522027 0.460042328
v -0.00336187496 0.0241017863 0.460158557
v -0.00752316834 0.02175075 0.460325837
v -0.0115858177 0.0227674935 0.46048817
v -0.0141994702 0.0194131248 0.460593462
v -0.0188731663 0.0186945088 0.460780352
v -0.0197925139 0.0150799425 0.460817695
v -0.0253899917 0.0107336855 0.461040348
v 0.000760153634 -0.023647042 0.459993333
v -0.00014888795 -0.021690106 0.460030258
v 0.005256264 -0.0201478042 0.459813505
v 0.0102469875 -0.0197667088 0.459610105
v 0.0111795943 -0.0162790753 0.459576041
v 0.0155020272 -0.0144102601 0.459404141
v 0.0156177683 -0.0106962472 0.459372461
v -0.0227123704 0.0110250004 0.460934818
v -0.0249371268 0.00585933775 0.461023957
v -0.0278314482 -0.00155195 0.46113801
v -0.0256889742 -0.00117932365 0.461054087
v -0.0241749976 -0.00809402764 0.460993379
v -0.0247049518 -0.0116770361 0.461014122
v -0.0205510203 -0.0141730756 0.460848093
v -0.019444989 -0.0181632955 0.460803241
v -0.0151900612 -0.0187907461 0.460633188
v -0.00999651197 -0.0234205052 0.460422397
v -0.0106362076 -0.0208428018 0.460450679
v -0.00513400091 -0.0219910815 0.460230052
v 0.0176969152 0.00486195041 0.457718819
v 0.0155293504 -0.00907678157 0.45420897
v 0.0140500842 -0.0123157389 0.455985457
v 0.0166684762 -0.00578511925 0.453928232
v 0.0172910709 -0.0024406265 0.453793734
v 0.0182609763 -2.6969079e-05 0.457725406
v 0.0174578391 0.000974127848 0.453912765
v 0.0169851594 0.00761237461 0.45830363
v 0.0106135756 -0.0162927397 0.456097186
v 0.00627341215 -0.0192108024 0.456297219
v 0.00138373231 -0.0211344324 0.456467241
v -0.00389549322 -0.0214219447 0.454975992
v -0.00903720129 -0.02112877 0.45688501
v -0.0138530107 -0.0189597029 0.455375165
v -0.0182617996 -0.0162770376 0.457254827
v -0.0215265919 -0.0121483142 0.455682814
v -0.0241768919 -0.00769069465 0.457491994
v -0.0251583513 -0.00254810997 0.455828339
v -0.0255033486 0.000899744395 0.457571119
v -0.024724653 0.00609862898 0.457513928
v -0.0226128027 0.0108870883 0.457455248
v -0.0204753336 0.0135984002 0.455640614
v -0.016885357 0.0174517743 0.457199663
v -0.0122720459 0.0197604839 0.455311805
v -0.00729608908 0.0215345044 0.456815213
v -0.000311058742 0.0215307027 0.456535161
v 0.00452743145 0.0197510123 0.454638302
v 0.00927373488 0.0174375679 0.456150949
v 0.0139940875 0.0125041381 0.455855817
v 0.00103743142 -0.0203277133 0.453074366
v 0.00722057465 -0.0176991485 0.4528265
v 0.0122537697 -0.0132462801 0.452624708
v 0.0165149011 0.0042062616 0.452498227
v 0.0149758691 0.00898815226 0.452515572
v 0.0122292191 0.0132453991 0.452670038
v 0.00864575338 0.0167646296 0.452769369
v -0.000570257485 0.0207061972 0.453138828
v -0.00728808111 0.0207134932 0.453408152
v -0.0165125784 0.0167919826 0.453777909
v -0.0228595696 0.00902933907 0.454032391
v -0.024735583 0.00257362425 0.454107553
v -0.0235383511 -0.00738487905 0.454059571
v -0.0178540573 -0.0156458262 0.453831732
v -0.00898484886 -0.0203168131 0.453476161
v 0.000574117177 -0.0190089494 0.449870348
v 0.0063571455 -0.016554201 0.449638456
v 0.0110659292 -0.0123930154 0.449449748
v 0.0142156249 -0.00695374189 0.449323475
v 0.0154821752 -0.000796084758 0.449272633
v 0.0147352265 0.00544608198 0.449302614
v 0.0120515563 0.0111302789 0.4494102
v 0.00770750223 0.0156713724 0.449584335
v 0.00224894332 0.0179248154 0.448624372
v -0.00404857425 0.0196206998 0.450055659
v -0.00757095776 0.0182782281 0.448327243
v -0.0131515535 0.0173910055 0.450420618
v -0.0181795955 0.0136224953 0.450622201
v -0.0217563659 0.00845449511 0.45076552
v -0.0235139336 0.00241884193 0.450836003
v -0.0226727221 -0.0011683146 0.448932648
v -0.0223995391 -0.0068937242 0.450791299
v -0.0199975539 -0.00964393094 0.448825389
v -0.0170884915 -0.0146213146 0.450578421
v -0.0117847407 -0.0179900713 0.450365782
v -0.00568809966 -0.0195045583 0.450121373
v 6.70008194e-06 -0.0172161255 0.446934819
v 0.00344401458 -0.0147723956 0.445428163
v 0.0075307521 -0.0132852327 0.44663313
v 0.0111387614 -0.00888275262 0.446488589
v 0.0131680211 -0.00356332632 0.446407288
v 0.0134096257 0.00212512794 0.446397513
v 0.0123615237 0.00630993349 0.446484894
v 0.010417426 0.0100743854 0.446517527
v 0.00648545567 0.0141894463 0.446675092
v -0.00131553633 0.0175362155 0.446987748
v -0.00989337172 0.0154845752 0.445660949
v -0.0148206959 0.0142366728 0.447529286
v -0.0171310678 0.0106185703 0.446253031
v -0.0202031955 0.00766873267 0.447745025
v -0.0205751788 0.00341601786 0.446391106
v -0.0202802885 -0.00456355512 0.446379334
v -0.0159876961 -0.0132330311 0.447576016
v -0.0111859478 -0.0162868295 0.447383493
v -0.00566511834 -0.0176617056 0.447162211
v -0.00189280347 -0.0152586885 0.444318086
v 0.00679733045 -0.0107419863 0.443969697
v 0.0101246201 -0.00549872592 0.443905264
v 0.0111298561 -0.000641799474 0.443864971
v 0.0101731466 0.00544926757 0.443834394
v 0.00599578954 0.0115625514 0.444001883
v 0.000629843271 0.0146759544 0.444285929
v -0.00425970368 0.0154855521 0.444481879
v -0.0135489842 0.0124114426 0.444854259
v -0.0182417277 0.00669284817 0.445042461
v -0.0197415054 -0.00055346248 0.445102602
v -0.017068835 -0.00870988052 0.44492656
v -0.0125977695 -0.0130185736 0.444816142
v -0.00804392993 -0.0149757769 0.444633633
v -0.00241094246 -0.0126280887 0.442140698
v 0.00239833561 -0.0108116586 0.441985518
v 0.00609750487 -0.0073083383 0.441799611
v 0.00812058989 -0.00257977308 0.441756099
v 0.00830073655 0.0015202685 0.441748857
v 0.00717441365 0.00546609517 0.441794008
v 0.00485732686 0.00885235891 0.441886932
v 0.00158814434 0.011329772 0.442017972
v -0.00329522719 0.0127855549 0.442176163
v -0.00934644043 0.0118353022 0.442418754
v -0.013578699 0.00892029423 0.442626059
v -0.0159206409 0.00555132236 0.442719936
v -0.0171789378 0.000610783754 0.442732722
v -0.0159865785 -0.0054023033 0.442684948
v -0.0129042445 -0.00951866712 0.442599028
v -0.00851378683 -0.0121014155 0.442385405
v -0.00142209209 -0.00931913685 0.440340638
v 0.00256816368 -0.0068334369 0.440180629
v 0.00515210256 -0.00202506664 0.440047503
v 0.00445364742 0.00416904548 0.440075547
v 0.000842425041 0.00829363614 0.44024983
v -0.00438347599 0.00986677967 0.440429777
v -0.0103077181 0.00794271287 0.440667242
v -0.0132950395 0.00427161437 0.440831453
v -0.0142854014 0.000489745755 0.440863252
v -0.0130242035 -0.00482399715 0.440776139
v -0.0090910336 -0.00864413008 0.440648049
v -0.00530071557 -0.00974421296 0.440511048
v -0.00904080737 -0.00485494873 0.439368606
v -0.00468018744 -0.00668910611 0.439192325
v 0.000625904417 -0.00439778157 0.438977063
v 0.0021036237 0.000675100135 0.438921839
v 5.48411444e-05 0.0049420055 0.439002514
v -0.00543515198 0.00674832193 0.439220041
v -0.00990429148 0.00393340504 0.439404279
v -0.0111817699 -0.000640046143 0.439453304
v 0.0284397788 0.0687412024 0.329479575
v 0.0474318117 0.00981618464 0.32480976
v 0.028468119 -0.0685854778 0.329469293
v 0.047101412 -0.0169035532 0.324890763
v 0.0461793058 0.0251765326 0.325117707
v 0.0444248766 -0.0358040296 0.325548261
v 0.042992942 0.0419029668 0.325900137
v 0.0377949812 0.0558254756 0.327176929
v 0.0334605649 0.0629794449 0.328241676
v 0.0404029973 -0.0496959314 0.326535314
v 0.0348826721 -0.0610144138 0.327892601
v 0.023016898 -0.0723056868 0.330734432
v 0.0160294883 -0.075200662 0.332072973
v 0.0218327735 0.0729764849 0.330984324
v 0.00269307406 0.0776155293 0.333425194
v 0.0148735913 0.0755637214 0.332220972
v 0.00449229963 -0.0773711279 0.333322704
v -0.00707640219 -0.077800028 0.333582044
v -0.0177916531 -0.0771735013 0.333193511
v -0.0089051621 0.0777997151 0.33357051
v -0.0188219231 0.0771030709 0.333125412
v -0.0263361465 0.0757207796 0.33234334
v -0.0359465219 0.0726477653 0.330897093
v -0.027749557 -0.0753556341 0.332168043
v -0.0384772755 -0.0714415535 0.330445379
v -0.0449147336 -0.0671692714 0.329171032
v -0.0423419699 0.0691576526 0.329702467
v -0.0474529229 0.0648856461 0.328606963
v -0.0501477011 -0.0615480728 0.327947021
v -0.0586654991 0.0199273173 0.325292557
v -0.0514871404 0.059417706 0.327570409
v -0.0544781201 -0.0532177575 0.326713324
v -0.0584852211 -0.027726505 0.325367361
v -0.0571472123 -0.0426000729 0.325839311
v -0.0580430776 0.0346227624 0.325520873
v -0.0567517094 0.0446772352 0.325987637
v -0.0548396781 0.0522486158 0.326599777
v 0.0087296674 0.0768654197 0.335229009
v 0.00212217588 0.0770157054 0.335874379
v 0.0107173175 0.0758687556 0.335148424
v 0.0313985758 0.065669775 0.330975443
v 0.0265546087 0.0701265931 0.332184672
v 0.0301742572 0.066243574 0.331506044
v 0.024586942 0.0708229467 0.33282271
v 0.0193877816 0.074142687 0.33373937
v 0.0175213683 0.074151136 0.334214687
v -0.000338034471 0.0777428374 0.335760623
v -0.0188624542 0.0765432939 0.335567534
v -0.0189628247 0.0770961344 0.335379511
v -0.0265345834 0.0750891045 0.334769249
v -0.0261922963 0.0757518038 0.334608912
v -0.035264682 0.0723637044 0.333512574
v -0.0354445688 0.0728561059 0.333232015
v -0.0421083197 0.0693158433 0.332002968
v -0.0428101122 0.0682835951 0.33216095
v 0.03549999 0.0599062406 0.329881519
v 0.0398756973 0.0511438809 0.328791052
v 0.0440258607 0.0375082158 0.327945858
v 0.0462588593 0.0245698076 0.327564508
v 0.0474387035 0.00956274569 0.327376544
v 0.0473191477 -0.0110575445 0.327404469
v 0.0461094379 -0.0260506161 0.327581853
v 0.0436387695 -0.0389565937 0.32801643
v 0.0402123444 -0.0501935631 0.328709006
v 0.036197789 -0.0586724356 0.329699755
v 0.0309940074 -0.0661865026 0.33108449
v 0.024976844 -0.0704933852 0.332736373
v 0.0168327317 -0.0749950111 0.334190756
v 0.0182615332 -0.0738726333 0.334091038
v 0.0249366555 -0.0712090805 0.332572788
v 0.00821761787 -0.0762935728 0.335434139
v -0.00104549096 -0.0771568418 0.335957855
v 0.00681039272 -0.077052474 0.335369229
v -0.0267232116 -0.0749888718 0.334743738
v -0.0283794105 -0.0751881301 0.334334731
v -0.035205368 -0.0723263323 0.333525449
v -0.0429501198 -0.0687410533 0.331838459
v -0.0426728316 -0.0683287904 0.332184553
v -0.0368782729 -0.0721260458 0.332970351
v -0.0192217939 -0.0764411837 0.335539699
v -0.0162727628 -0.0774011165 0.335611582
v -0.0018137244 -0.0777684301 0.335808128
v -0.0478157811 -0.0643466264 0.330774754
v -0.0521209911 -0.0584119447 0.329746664
v -0.0551488772 -0.0510741584 0.328891754
v -0.0572728291 -0.0418244489 0.328236848
v -0.0585170537 -0.0264056586 0.327721447
v -0.0586493313 0.0213751327 0.327555507
v -0.0580091588 0.0350100882 0.327962697
v -0.0564975329 0.0461267866 0.328501731
v -0.0515086763 0.0593866184 0.329877734
v -0.0540973805 0.0541107543 0.329193801
v -0.047262311 0.0650843307 0.330914348
v -0.00981647242 0.0777642652 0.335783392
v -0.00696337223 0.0772859007 0.336019903
v 0.0295797773 0.0671396255 0.332145184
v 0.0248674955 0.0708850324 0.33325094
v 0.0181173328 0.0741105154 0.334587306
v 0.00896523986 0.0763439834 0.335764438
v 0.000468112063 0.0772536546 0.336371332
v 0.047042124 -0.0121934293 0.327868938
v 0.0468282811 0.0148025705 0.327890724
v 0.0447731987 0.0321899913 0.328208596
v 0.0418420807 0.043999549 0.328709066
v 0.038348563 0.0534792803 0.329437941
v 0.0348144546 0.06009591 0.330310345
v -0.0510405153 0.0594767481 0.330358952
v -0.0469516963 0.0646694377 0.331306934
v -0.0544032678 0.0523504764 0.329495162
v -0.0583065599 0.0259367395 0.328238189
v -0.0569935851 0.0420586243 0.328771979
v -0.0161038283 0.0769337565 0.336149752
v -0.0249114707 0.0756990761 0.335446984
v -0.0364409834 0.0720982626 0.333783299
v -0.0435950048 0.0681111589 0.3324444
v 0.0347629488 -0.0601197854 0.330319226
v 0.0447053611 -0.0324318595 0.328203797
v 0.0418360792 -0.0439662561 0.328710496
v 0.0383695289 -0.0533922799 0.329440862
v 0.0301210992 -0.0662464201 0.3315202
v 0.00283886236 -0.0771251395 0.336346954
v 0.0137079516 -0.0753555223 0.335239738
v 0.0217621978 -0.0725573152 0.333955646
v 0.0252349209 -0.0706012323 0.333163828
v 0.0307767522 -0.065923281 0.331847548
v -0.0102853412 -0.0771201178 0.335950345
v -0.0196379852 -0.0765376762 0.335980296
v -0.0107075758 -0.0772640109 0.336424291
v -0.0308653824 -0.0740716755 0.334646583
v -0.0400495641 -0.0702986568 0.333136141
v -0.0458195172 -0.0662100911 0.332000017
v -0.0555302352 -0.0487768687 0.329189599
v -0.0584755056 -0.0110094827 0.328035384
v -0.0578579642 -0.0345027596 0.328463018
v -0.0525238328 -0.0567072518 0.330000013
v -0.0478838794 -0.0636825114 0.331084281
v -0.00862418953 0.0773960873 0.336455345
v -0.000818921195 0.0618365668 0.341425896
v 0.00998433679 0.0616592653 0.340191364
v 0.0170803908 0.0568752028 0.340009987
v 0.0337241516 0.0622555837 0.331056565
v 0.0382052734 0.0546803847 0.329949647
v 0.0473813042 -0.012540346 0.328176379
v 0.0472712107 0.0140599143 0.328193665
v 0.0451170877 0.0324213095 0.328541696
v 0.0422805101 0.0437760949 0.329034895
v -0.0520707406 0.0583236925 0.330514103
v -0.0482782871 0.0637971908 0.331506997
v -0.0589440949 -0.013602348 0.328249097
v -0.0589286163 0.0167397186 0.328322053
v -0.0582185313 0.0349926054 0.32870087
v -0.0548279472 0.0524552017 0.329799801
v -0.0568165928 0.0449812934 0.329200357
v -0.0303854905 0.0690748766 0.336881757
v -0.0208668392 0.0668901503 0.339234531
v -0.00904131681 0.0697860047 0.338884413
v 0.0383868702 -0.0541939214 0.329882771
v 0.034601707 -0.0608513281 0.330840498
v 0.0427701175 -0.0422699004 0.328961283
v 0.0457023457 -0.0285270736 0.328431994
v -0.000799206377 -0.062582396 0.341115445
v 0.0168731008 -0.0600044541 0.339067847
v 0.0113397315 -0.0631936118 0.339437932
v -0.0128376512 -0.0636083484 0.340912014
v -0.0245991237 -0.0673536807 0.338587046
v -0.0331924669 -0.0671512857 0.337027133
v -0.0581645779 -0.0358180255 0.328736484
v -0.0563546084 -0.0471890792 0.32935226
v -0.0533511825 -0.0559783056 0.330176651
v 0.0481094755 -0.0010516633 0.384935081
v 0.047998812 -0.00761730224 0.385639489
v 0.0465224199 0.00662181946 0.383931577
v 0.0465935506 -0.00267473701 0.383567899
v 0.0464220308 -0.0100075379 0.384651333
v 0.0480228961 0.0063821082 0.385388136
v 0.0461941324 0.0154229188 0.386487871
v 0.0477321334 0.0144667169 0.387678325
v 0.0448287129 0.0293525327 0.397333413
v 0.0468475819 0.0253119078 0.394795299
v 0.0455084741 0.0240039323 0.391896397
v 0.047347039 0.0202402454 0.390801221
v 0.0462040827 0.0299011953 0.399887085
v 0.0439930446 0.0339612737 0.403734267
v 0.0452868156 0.034592703 0.406963855
v 0.0429876745 0.0378279425 0.411131144
v 0.0436915569 0.0396165773 0.418351889
v 0.0416605957 0.041602876 0.420542955
v 0.0417512096 0.0438794456 0.432252049
v 0.0403584205 0.0444320813 0.429950029
v -0.00570177939 0.0483639613 0.347835809
v -0.00071832916 0.0543610416 0.344326198
v -0.0114555694 0.0602697618 0.342193455
v -0.00719066057 0.055414483 0.34422031
v -0.0130016394 0.0487402081 0.347812235
v 0.00288404571 0.048046872 0.346869946
v 0.0365438648 0.0248366259 0.338507831
v 0.0400489792 0.0158410873 0.336422235
v 0.0419325493 0.0252110921 0.333196551
v 0.038049899 0.0348755382 0.335153371
v 0.0106375273 0.0533756465 0.342955858
v 0.0150406826 0.044447273 0.345319569
v 0.0444270372 0.00534604164 0.33204636
v 0.0293003544 0.00521518569 0.347158551
v 0.0395903923 0.00566440495 0.337504417
v 0.0284911022 0.0278300811 0.344216108
v 0.028543869 0.0178743731 0.346322536
v 0.0305641331 0.0110014826 0.345542252
v 0.0231873132 0.0317735672 0.346561402
v 0.0208055805 0.0391388647 0.345144242
v 0.00902268384 0.0466607101 0.346218079
v 0.025296757 0.056729015 0.337115526
v 0.0380660743 0.0468780175 0.332096219
v 0.0234577376 0.044939477 0.341742426
v 0.0267858915 0.0381572731 0.342340052
v 0.0303238258 0.039890904 0.339651972
v 0.0316666104 0.0539192371 0.334610909
v 0.0334115662 0.0310368482 0.339815676
v 0.0345796347 0.0434157886 0.335703433
v -0.0499423482 0.0299955811 0.342668146
v -0.0493631214 0.0350629948 0.341901839
v -0.053551916 0.0282736551 0.337977707
v -0.0560101755 0.0223606024 0.334428698
v -0.0308873169 0.0484546125 0.34638989
v -0.0274099968 0.04834342 0.347055852
v -0.0199978799 0.0510913022 0.346279234
v -0.0559747517 0.0349640809 0.332856596
v -0.0497806929 0.0515012853 0.33580777
v -0.0208682232 0.0576657504 0.34300673
v -0.0399092808 0.0467179418 0.344364464
v -0.0463797227 0.039263282 0.343344539
v -0.0534848906 0.0115971901 0.339976817
v -0.0508090779 0.042845346 0.337958217
v -0.0430545583 0.0572692268 0.337988436
v -0.044305969 0.0447337031 0.342731804
v -0.0358883478 0.0529068708 0.342944354
v -0.050627511 0.0212043058 0.343592465
v -0.0531855524 0.0378828011 0.336469352
v 0.0450561307 -0.0353982337 0.408573717
v 0.0443467796 -0.0321776494 0.401090652
v 0.0403590836 -0.044379402 0.429934293
v 0.042010773 -0.0433000214 0.430387914
v 0.0434124917 -0.0402692966 0.420315832
v 0.0420452803 -0.0405956022 0.417830855
v 0.0434212349 -0.0362627693 0.408002436
v 0.0462848134 -0.029425377 0.399256349
v 0.0460029356 -0.0183245428 0.387961924
v 0.0470548794 -0.0234191641 0.393169463
v 0.045220051 -0.0265031755 0.394233704
v 0.04748974 -0.0182804763 0.389626205
v 0.0478100032 -0.0131008439 0.387164056
v 0.0489879176 -0.00263846316 0.381017357
v 0.0488748141 -0.00891933218 0.381839663
v 0.0488234982 0.0108876126 0.382271796
v 0.048968941 0.00485685375 0.381207556
v 0.0319100767 -0.039819777 0.338594824
v 0.0370118991 -0.0425365753 0.334093124
v 0.0363240875 -0.0329659954 0.33702594
v 0.0125649758 -0.0457746945 0.345544457
v 0.00148218696 -0.0481998436 0.347004086
v 0.00646528276 -0.0493594743 0.345489681
v -0.00144445407 -0.0530742332 0.344924867
v 0.0426188372 -0.0123144565 0.333891839
v 0.0293435678 -0.0514948852 0.336634874
v 0.0333952568 -0.0508683771 0.334417939
v 0.024495244 -0.0483007245 0.34008342
v 0.0123228077 -0.0529747494 0.3426691
v 0.0187020618 -0.0445203744 0.343869627
v 0.0244936086 -0.0380758755 0.343639672
v 0.0297615435 -0.0245470069 0.344054788
v 0.0355274789 -0.00697093643 0.34150973
v 0.02960914 -0.0134519804 0.346104741
v 0.042019438 -0.0314745568 0.332024693
v 0.0376111679 -0.0225698985 0.337925345
v -0.0108578531 -0.0544523932 0.344712526
v -0.00764767686 -0.0479399376 0.348243982
v -0.0209890362 -0.0574927852 0.34304148
v -0.044275932 -0.0575927906 0.337174296
v -0.0552755632 -0.0183680337 0.336090714
v -0.051816646 -0.0104727764 0.342933297
v -0.0504652001 -0.02088161 0.343908757
v -0.0503689051 -0.0288582984 0.342383146
v -0.0481414236 -0.0394625068 0.341697514
v -0.0449719653 -0.0387232378 0.344641775
v -0.0410628654 -0.0429191515 0.345492154
v -0.0357512347 -0.0509566031 0.343900234
v -0.0290325172 -0.0474414751 0.34729737
v -0.0307877436 -0.0500916839 0.345569193
v -0.0215384103 -0.0499258786 0.346804142
v -0.0394419879 -0.0663482323 0.335356116
v -0.0469431542 -0.0480813794 0.339497536
v -0.0543170348 -0.0281283911 0.336777955
v -0.0538102053 -0.0377425328 0.335688412
v -0.0519550182 -0.0432038531 0.33651644
v -0.05094558 -0.0518523604 0.334458143
v -0.0499172024 -0.061639715 0.331105351
v 0.0387037806 0.0472747646 0.441941381
v 0.0398847833 0.0467852652 0.446980715
v 0.0498463698 0.019400904 0.387189537
v 0.0493471846 0.0245590899 0.390633881
v 0.0486134179 0.0300959032 0.395682245
v 0.0472693257 0.0371376798 0.405449808
v 0.0454544201 0.0429094918 0.418935508
v 0.0432688519 0.047688432 0.435513288
v 0.0502724685 0.0122212013 0.384130597
v 0.0503663346 -0.00976212788 0.383444577
v 0.0504941754 0.00480482681 0.382651687
v 0.0505099371 -0.00190212217 0.38243261
v 0.0499718711 -0.0177166592 0.386327773
v 0.0483690761 -0.0317037515 0.397504002
v 0.0493266843 -0.0247099269 0.390745223
v 0.0469142087 -0.0383528695 0.40801093
v 0.0450734124 -0.0438798741 0.421849221
v 0.0391944759 -0.04649904 0.438548654
v 0.0406750701 -0.0456253923 0.440412819
v 0.0695402995 -0.0163325462 0.493945926
v 0.0561602116 -0.0455548391 0.483123004
v 0.058157932 -0.0434885584 0.482701629
v 0.0608975738 -0.0411790349 0.48787275
v 0.062383417 -0.0391965322 0.486898661
v 0.0649661198 -0.0339213423 0.491905391
v 0.0656682774 -0.0328785069 0.490126044
v 0.0678932071 -0.0253538806 0.492317468
v 0.0680501014 -0.0223440137 0.494932175
v 0.070068188 0.00159451133 0.496910304
v 0.0704121068 -0.00706831226 0.494804144
v 0.0695602298 -0.0112042399 0.496414006
v 0.0695304051 0.0167278256 0.493925601
v 0.069010891 0.0164874382 0.495850831
v 0.0705748871 0.00400445564 0.494951844
v 0.0663259029 0.0298326276 0.493249923
v 0.0669492409 0.0291010179 0.491410166
v 0.0644451603 0.035716705 0.488913804
v 0.062680617 0.0386515409 0.489641696
v 0.0614558645 0.0404330641 0.485966086
v 0.0577328391 0.044498682 0.484725237
v 0.0580791272 0.043583218 0.482622892
v 0.029618483 -0.0012768415 0.347005874
v 0.0484190248 0.0185253583 0.385123521
v 0.0477625988 0.0255051386 0.389707208
v 0.046953328 0.031349767 0.395305246
v 0.0455234684 0.0384542756 0.405580789
v 0.0437959805 0.0439359024 0.41854462
v -0.0132270474 0.0427199937 0.351975203
v -0.00741320895 0.0421671048 0.35228762
v 0.014446551 0.0321018733 0.35317722
v 0.0176789407 0.0359703787 0.348110467
v 0.0114837149 0.0409248695 0.348451257
v 0.0248386692 0.0237433892 0.348075598
v 0.0226409025 0.0160947386 0.353651196
v 0.0241566319 0.019260142 0.350185245
v 0.0203195997 0.0221921094 0.35393101
v 0.019459784 0.0253657456 0.352925986
v 0.013716789 0.0300690737 0.356233299
v 0.0172020886 0.0283660721 0.353559464
v 0.00904213451 0.0352285616 0.35439539
v 0.0048775794 0.0391010493 0.352428824
v -0.00052587915 0.0399881788 0.353369266
v 0.00082151586 0.042641554 0.350768805
v 0.0214780364 0.0281481054 0.349296838
v 0.0188607052 0.031523373 0.349781901
v 0.0127927503 0.0355731659 0.35144043
v 0.00924363546 0.0389495343 0.350702971
v 0.0535950027 0.0460915565 0.478172034
v 0.0519751534 0.0476801805 0.479008198
v 0.037900012 0.0487884097 0.453073204
v 0.0398506299 0.0477206036 0.45688653
v 0.0386770815 0.0492321104 0.459572732
v 0.0424236171 0.0479201637 0.46493572
v 0.0405632406 0.0494430847 0.464996755
v 0.0457794555 0.0492187068 0.47255367
v 0.0480528139 0.0474326201 0.472437501
v 0.0562791228 0.0493352935 0.480192065
v 0.0612648763 0.04598305 0.485349238
v 0.0421419181 0.0477001294 0.430958062
v 0.0378203355 -0.0486245826 0.451473087
v 0.0395996049 -0.0472917855 0.451726139
v 0.0407155119 -0.0478433445 0.460926563
v 0.0387475304 -0.0492100753 0.459913313
v 0.0405492932 -0.0493838936 0.464918673
v 0.0531405658 -0.0461921617 0.477736562
v 0.0504853278 -0.0481452234 0.477550328
v 0.0445639454 -0.0492473468 0.470998317
v 0.0475806966 -0.0474487208 0.471893698
v 0.0434009247 -0.0477956049 0.466365069
v 0.06874571 0.0330960639 0.49316439
v 0.0730458796 -0.00311762514 0.497795492
v 0.0727071688 0.0102743004 0.497423947
v 0.0713065937 0.0226163249 0.495884895
v 0.067096442 0.0374654531 0.491420001
v 0.0650686696 0.0412982032 0.489274889
v 0.0600318797 -0.0469474643 0.484068394
v 0.0649737865 -0.0414835736 0.489178151
v 0.0680236444 -0.0352121592 0.492399544
v 0.0723164007 -0.0148965409 0.49699235
v 0.0705875605 -0.026054902 0.495142192
v 0.0713700876 0.0180553682 0.499168307
v -0.0458678342 -0.00812987983 0.35255307
v -0.046812322 -0.0258085858 0.347346812
v -0.0499784835 0.00149966055 0.346436292
v -0.0367072783 0.000830353354 0.366357237
v -0.0462285243 0.0060952818 0.352235883
v -0.0371810272 -0.00718515366 0.365165532
v -0.0370668285 -0.0122348564 0.364129066
v -0.0365104526 -0.0155919977 0.363595188
v -0.0331873335 -0.0159358308 0.36842671
v -0.0319883786 -0.019685261 0.367506176
v -0.0345836505 -0.0221994575 0.362018645
v -0.0396379195 -0.0197683517 0.357677847
v -0.0395387337 -0.0252349116 0.355125427
v -0.0458195768 0.0244487338 0.348972023
v -0.0411484875 0.0148210526 0.357776791
v -0.0339596644 0.0149850911 0.367724091
v -0.0327399224 0.018576188 0.367309898
v -0.0358962305 0.0206432808 0.361673564
v -0.0401564613 0.0227262545 0.355728745
v -0.0321874097 0.0210930966 0.365868568
v -0.0363787077 0.0138703696 0.364657015
v -0.0370480716 0.00754738366 0.365305036
v -0.0120125227 0.0371165015 0.357022315
v -0.0184141137 0.0379557386 0.355601072
v -0.0150713157 0.0331764966 0.361638337
v -0.0204555672 0.0330057479 0.36058864
v -0.0106947673 0.0311408546 0.366408944
v -0.0409827456 0.0353809297 0.348872393
v -0.0305236652 0.0232415125 0.365750641
v -0.036416322 0.026488293 0.357211769
v -0.0443211049 0.0299205985 0.348558664
v -0.0370347053 0.0394610465 0.349129826
v -0.027540531 0.025786588 0.365941525
v -0.0230272803 0.0287527796 0.365386963
v -0.0176241659 0.0298905354 0.366810173
v -0.0366975218 0.0325219259 0.353222996
v -0.0328465439 0.0396546684 0.350682974
v -0.0315298848 0.0321041606 0.356508225
v -0.0278962459 0.0340357013 0.35667634
v -0.0278022774 0.0410590358 0.351341188
v -0.0225031544 0.0361997895 0.356498241
v -0.0205379017 0.0438594073 0.350570887
v -0.0259899944 0.0305403918 0.361109585
v -0.0316252783 0.028385479 0.359572113
v 0.0413231626 -0.0491401739 0.437246859
v 0.0486166701 -0.0153191192 0.383720398
v 0.0480597392 -0.0226179902 0.387598336
v 0.0473399572 -0.0287908837 0.392652392
v 0.0462978408 -0.0349156372 0.399945945
v 0.0449272357 -0.0405681096 0.410102129
v 0.0425452292 -0.0468585566 0.427956223
v 0.0453427508 -0.00870642532 0.37836203
v 0.0453919917 -0.00491601881 0.377871037
v 0.0449545905 -3.22081723e-05 0.377401531
v 0.0267803073 -0.0208329372 0.3471919
v 0.0189085398 -0.0243294276 0.354501694
v 0.00160218391 -0.0444241539 0.349246502
v 0.00616248185 -0.0437617265 0.3485246
v 0.0122114047 -0.0401535891 0.348543733
v 0.0177569613 -0.035933122 0.348056167
v 0.0226162225 -0.0314120129 0.347070187
v -0.0114283925 -0.0452272706 0.350127786
v -0.0119421966 -0.0399940275 0.354216546
v 0.0004631583 -0.0396389589 0.353398055
v -0.0054609552 -0.0395497121 0.354441583
v 0.00623987848 -0.0368646942 0.354138911
v 0.0103741381 -0.0345735103 0.354075491
v 0.0146794729 -0.030952502 0.354071349
v 0.0178873073 -0.0274393596 0.353375942
v 0.0219521299 -0.0201012623 0.352723628
v 0.0217815097 -0.0241552051 0.350881159
v 0.024005942 -0.0185452681 0.350601077
v 0.00741747348 -0.0391827226 0.351387739
v 0.0129701849 -0.0353903212 0.351425946
v 0.0183369927 -0.0307181068 0.350622654
v 0.0253706705 -0.0273724739 0.3464984
v -0.0444277599 -0.0300756041 0.348379761
v -0.0242103413 -0.0281186774 0.365350604
v -0.0282630417 -0.0254657399 0.365487814
v -0.0138254296 -0.0310774874 0.365509331
v -0.0191947706 -0.0302782394 0.364950985
v -0.00970279612 -0.0337262675 0.361510038
v -0.0188197233 -0.033262372 0.360754997
v -0.0106760422 -0.0362265408 0.358082324
v -0.0196272377 -0.0379956551 0.355385154
v -0.019425584 -0.0446665958 0.350127906
v -0.0346535556 -0.0410968661 0.349221379
v -0.0395051576 -0.0382375084 0.348431498
v -0.0346512832 -0.0261316635 0.358942002
v -0.0306485984 -0.0233075321 0.365435481
v -0.0278944392 -0.0409387387 0.351361096
v -0.0237060077 -0.0358579122 0.356483251
v -0.0317887552 -0.035353329 0.353945673
v -0.0366103649 -0.0323925465 0.353326201
v -0.0412285663 -0.0324443467 0.35003224
v -0.0264048241 -0.0315157026 0.359697402
v -0.0314150415 -0.0285344161 0.359553695
v 0.0602041706 0.046280589 0.481756717
v 0.0555173084 0.0487384908 0.476954669
v 0.0498783961 0.0500281565 0.470943868
v 0.0456681065 0.0504138991 0.465541482
v 0.0434113778 0.0505516082 0.461451024
v 0.0417492427 0.0500140451 0.450466216
v 0.0422655493 0.0504509211 0.457329988
v 0.0467796363 0.0430268608 0.423458308
v 0.0457473323 0.0454632565 0.433236003
v 0.0482636169 0.0395541079 0.414229572
v 0.0492667519 0.0364379473 0.407617003
v 0.0501050614 0.0323179327 0.400880337
v 0.0508638099 0.0274884105 0.39536801
v 0.0514478274 0.0230351053 0.391775459
v 0.0515734255 0.0184729379 0.388441473
v 0.0521888398 0.00874037016 0.385066211
v 0.052362062 -0.000796660199 0.384222448
v 0.0523022823 0.00441724341 0.384414673
v 0.0522132963 -0.00718697999 0.384704292
v 0.0473914966 -0.041922614 0.420747012
v 0.0517816804 -0.0182699934 0.388641387
v 0.0520986132 -0.0128610115 0.386324376
v 0.0508532859 -0.0274657141 0.395379812
v 0.0513695963 -0.0229907166 0.391617686
v 0.0502755716 -0.0313018411 0.399698675
v 0.0494682826 -0.034529943 0.40387544
v 0.045220539 -0.0462105907 0.435794055
v 0.0430517457 -0.0479301549 0.437284887
v 0.0606138036 -0.0459740348 0.482147813
v 0.0567495748 -0.0481314883 0.478205383
v 0.0524060912 -0.0495520979 0.473754734
v 0.0459472723 -0.0503592603 0.465990901
v 0.043387223 -0.0504991375 0.46133104
v 0.0420063734 -0.0503569245 0.456014365
v 0.0418951027 -0.0496630445 0.447903663
v 0.0701997802 -0.0294977333 0.492284685
v 0.0670831725 -0.0380328819 0.488922477
v 0.0642385557 -0.0424374156 0.485935897
v 0.0728554651 -0.0140690841 0.495171636
v 0.0734530911 0.00141883304 0.495878309
v 0.0644860566 0.04225564 0.486183375
v 0.0674502552 0.037303023 0.489336014
v 0.0698275566 0.0307300296 0.491876751
v 0.071828939 0.0214654766 0.49405393
v 0.0729252845 0.0124620972 0.495282978
v 0.0211639684 0.0112601528 0.371862859
v 0.0208700206 0.012453422 0.363042563
v 0.0157311596 0.0272416323 0.357041806
v 0.0230209064 0.00281475903 0.37806505
v 0.0221873522 1.27781223e-05 0.370598167
v 0.0220633838 0.00503485836 0.371315509
v 0.0215068571 0.0130484486 0.380233705
v 0.014302318 0.0247731805 0.368755668
v 0.0149726467 0.0237639155 0.373822272
v 0.0160331167 0.023948079 0.362512499
v 0.0144637488 0.0270006713 0.360199869
v 0.0185299683 0.0213888101 0.35886243
v 0.0229506306 0.000540975248 0.356870383
v 0.022028178 0.00455362629 0.363082528
v 0.019305408 0.0167169739 0.372610658
v 0.0176143851 0.0206530336 0.37909779
v 0.0177805386 0.019856479 0.368080646
v 0.0195224881 0.0175674781 0.36168015
v 0.02140381 0.014352316 0.357722342
v 0.0257816166 0.0131753329 0.35003829
v 0.0136251552 0.0257117804 0.382687479
v 0.023071276 0.00732779363 0.355926812
v 0.0245151147 0.00806347933 0.352756053
v 0.0245748051 -0.000315488898 0.35319224
v 0.0267430637 -0.00129514816 0.350187987
v 0.0221586619 0.00825867057 0.358726412
v 0.0425180681 0.0409635156 0.406768858
v 0.0438116603 0.0328325815 0.393510789
v 0.00250266562 0.0325925797 0.362480104
v 0.00284492085 0.0342623517 0.359212875
v 0.00667536398 0.0313725285 0.362256765
v 0.0126475999 0.0260569081 0.373803556
v 0.00231598457 0.0366015173 0.356249243
v -0.00579950446 0.0369292311 0.357237846
v 0.0108952057 0.0321921855 0.356556416
v 0.0129738124 0.026454946 0.366009057
v 0.00994812977 0.0277910568 0.372544706
v 0.00942978077 0.0280081388 0.382689893
v 0.00683747558 0.0289143864 0.375080377
v 0.00695310626 0.028720947 0.383033305
v 0.00229726965 0.0293994751 0.380647153
v -0.00655598799 0.0292053483 0.376031071
v -0.0128423059 0.0282120351 0.375177264
v -0.0122453021 0.0268780198 0.383296937
v -0.00512228301 0.031959109 0.365660667
v -0.0035780461 0.0333606079 0.362490028
v 0.0105536012 0.0300226621 0.360768408
v 0.00722297002 0.0339480303 0.357155174
v 0.00694572786 0.0295413435 0.368679643
v 0.00183526496 0.031408865 0.366066813
v 0.00996402465 0.0287679806 0.36561963
v -0.00226990459 0.0305327103 0.370660841
v 0.0031273847 0.0298580583 0.372333854
v -0.00191418675 0.0351423025 0.359243363
v 0.0500393361 0.0513975285 0.473782808
v 0.0416850299 0.0520373024 0.461769134
v 0.0437686294 0.0520329922 0.465826005
v 0.0403389595 0.0518040471 0.456488431
v 0.04018097 0.0509739332 0.447158039
v 0.0663676932 0.0383002609 0.493788779
v 0.0647963211 0.0411791317 0.492914528
v 0.0399705283 -0.0514019951 0.451545984
v 0.0407956839 -0.0518844202 0.45887506
v 0.042468302 -0.0520075113 0.46358335
v 0.0474498533 -0.0517640524 0.470873773
v 0.0548367202 -0.0499349795 0.478708148
v 0.0689416006 -0.0307351183 0.496482164
v 0.0650572032 -0.0407743789 0.492891461
v 0.0722941756 -0.0086696716 0.499985725
v 0.0582910255 -0.0490297899 0.485894054
v 0.0615989529 -0.045867689 0.489317983
v 0.0709432662 0.0166127291 0.50040108
v 0.0699475706 0.0234288648 0.499334872
v 0.0694063455 0.027823871 0.497922927
v 0.0682836547 0.0323316865 0.496712148
v 0.0715562776 -0.0141932238 0.500240147
v 0.0715748593 -0.00818971172 0.501289606
v 0.0718928203 0.0103426622 0.500605583
v 0.0692015886 -0.0275020786 0.498367131
v 0.070490256 -0.0202269051 0.49983114
v 0.0673870295 -0.0341026746 0.496634722
v 0.0723160729 0.00462027313 0.500711501
v 0.072295621 -0.00183359615 0.500929832
v 0.0708454624 -0.0225130878 0.497990161
v -0.0270133838 -0.017283259 0.379451483
v -0.0261928737 -0.0158810951 0.384313852
v -0.0196874347 -0.0222583245 0.395551711
v -0.0254152343 -0.014627872 0.39255634
v -0.0303326119 -0.00243362202 0.379343033
v -0.0312048011 0.00173162261 0.376857519
v -0.0320990309 -0.00548906857 0.374485761
v -0.0233414061 -0.0254778638 0.371238351
v -0.0259171128 -0.0236576945 0.371444494
v -0.0325534977 -0.0109066181 0.371876389
v -0.0342739932 -0.0047941627 0.370297194
v -0.0292652566 -0.00763479946 0.381231457
v -0.0287411809 -0.00192285224 0.385821879
v -0.027278984 -0.0124808829 0.385221452
v -0.0277824644 -0.00764456997 0.391086251
v -0.027744228 -0.00904674735 0.387557
v -0.0239093937 -0.0177557282 0.390941739
v -0.02236549 -0.0196241215 0.394437343
v -0.021433048 -0.0209161676 0.390718669
v -0.016807083 -0.0243133921 0.396045655
v -0.01703416 -0.0241512395 0.390771955
v -0.0110475505 -0.0266267955 0.396592587
v -0.0125108082 -0.0259980205 0.390747249
v -0.0170363113 -0.0255558565 0.381095469
v -0.0192958936 -0.024135951 0.38241908
v -0.0204104241 -0.0225455817 0.386183649
v -0.0228478964 -0.0202919953 0.386218727
v -0.0237874091 -0.0223837364 0.377950341
v -0.0256762747 -0.0198047552 0.378952086
v -0.0281584896 -0.0210395679 0.372110158
v -0.0302085951 -0.0169345122 0.373017281
v -0.029159639 -0.0134696271 0.37819913
v -0.0258111916 0.0138445105 0.392306417
v -0.0223882012 0.0233120117 0.37884295
v -0.0253602397 0.0238719098 0.37189135
v -0.0285869632 0.00382101233 0.385952115
v -0.0195475165 0.0224630628 0.395603329
v -0.0172986817 0.024011964 0.395990819
v -0.0187799297 0.0261089709 0.37612617
v -0.0226777494 0.0259526316 0.37115559
v -0.016006181 0.0254384764 0.384352893
v -0.0124099283 0.0260789208 0.391643018
v -0.0187997185 0.023849383 0.385598838
v -0.0167858899 0.0242921412 0.392112911
v -0.0109894639 0.0267289542 0.396598965
v -0.0225258879 0.0194675699 0.394349486
v -0.0238184836 0.01862395 0.387748092
v -0.0213541277 0.0210304614 0.390814513
v -0.0275318231 0.00826075953 0.391232014
v -0.0282546598 0.00276488066 0.390791267
v -0.0342883393 0.00540244253 0.370176643
v -0.032659065 0.0110860318 0.371634871
v -0.0309442505 0.00716962246 0.376594156
v -0.0291910823 0.0132514955 0.378334135
v -0.030229196 0.0166908223 0.373257667
v -0.0270459615 0.0211442821 0.373953938
v -0.0253226217 0.0192679763 0.381163567
v -0.0275999401 0.0181590822 0.377117336
v -0.0272995196 0.0132244108 0.38416931
v -0.0216462314 0.0216567535 0.385845542
v -0.0282782093 0.00807129778 0.385136843
v -0.0260078069 0.0151707539 0.38669619
v -0.0175683908 0.0286278389 0.369909585
v 0.0413743891 -0.045465529 0.418044269
v 0.0450929403 -0.0134959798 0.379571676
v 0.0448379144 -0.0205667987 0.382809162
v 0.0449613854 -0.0169975311 0.380946875
v 0.0445604175 -0.0236861464 0.384791285
v 0.0441137291 -0.0292893406 0.38958776
v 0.0439467244 -0.0327553749 0.393632859
v 0.0425218195 -0.041004803 0.406993777
v 0.0444063097 -0.00974498969 0.378293216
v 0.0443958752 -0.00607027346 0.377675325
v 0.0443750583 0.0060641733 0.377666324
v 0.044522889 0.00977350492 0.378285885
v 0.0453680269 0.00864278339 0.378356308
v 0.0453823358 0.00500819832 0.377871007
v 0.0223492105 0.00923199113 0.378861934
v 0.0229200162 0.00884602219 0.37979573
v 0.0242471639 0.00604273006 0.380167395
v 0.0242471136 0.0104566393 0.381218642
v 0.0236590933 0.00379907875 0.379402518
v 0.0233805589 -0.00140644214 0.378824025
v 0.0243679825 -0.000363596249 0.379810214
v 0.0258912463 -9.27904548e-05 0.380171448
v 0.0257865563 0.00589043507 0.380464375
v 0.0251031388 0.0109902583 0.381466269
v 0.0233272649 -0.00988032296 0.380636513
v 0.0234653018 -0.00713063683 0.379903913
v 0.0253329128 -0.00598544721 0.380488664
v 0.0254779756 -0.0103618493 0.381299317
v 0.0226282757 -0.0072057806 0.378498971
v 0.0242072754 -0.00472960202 0.380004436
v 0.0230317414 -0.00438444782 0.378613323
v 0.0219460372 -0.00537534617 0.363252193
v 0.0142628318 -0.024839567 0.368177027
v 0.0264534522 -0.0111296549 0.349694759
v 0.0220615175 -0.00501174247 0.371334165
v 0.0186895542 -0.0217096601 0.357791215
v 0.0156914033 -0.0260848179 0.358606845
v 0.0137007553 -0.0263053551 0.363981158
v 0.0165338479 -0.0230944809 0.362651855
v 0.0192920528 -0.0166835506 0.372546285
v 0.0199168436 -0.0170348212 0.380941272
v 0.0176064167 -0.0211216919 0.382090658
v 0.0156604517 -0.0228824597 0.373706818
v 0.014363803 -0.0249492247 0.381801933
v 0.0211587418 -0.010144907 0.368666232
v 0.0225347728 -0.00660807732 0.357811272
v 0.0236390289 -0.00721198227 0.354485452
v 0.0243315399 -0.0120046576 0.352295578
v 0.0219317116 -0.014935269 0.355746984
v 0.018938344 -0.0191624165 0.360843092
v 0.0210012756 -0.013770015 0.359921664
v 0.0177701339 -0.0197953265 0.368282348
v 0.0200155172 -0.0145349232 0.367385119
v 0.0137105444 -0.0250909738 0.3747814
v 0.0104485024 -0.0320523567 0.357382923
v 0.00952451676 -0.0309053864 0.360423267
v 0.00499399472 -0.0349586681 0.357076705
v 0.00616645068 -0.0297621265 0.368353158
v 0.0103636729 -0.0280143805 0.368355483
v 0.00744856196 -0.0287472904 0.374471396
v -0.00275119673 -0.0354863144 0.358724713
v 0.00979053229 -0.0278141387 0.382122576
v 0.00706625404 -0.0286544971 0.383203417
v -0.00558624323 -0.0323276594 0.364434361
v -0.00954822171 -0.0303250141 0.369279355
v -0.0130332606 -0.0281371828 0.375151306
v -0.00621187966 -0.0298185199 0.372826874
v -0.0100987032 -0.0277763475 0.381058365
v -0.00423146086 -0.0291750617 0.378322214
v -0.000744406017 -0.0298499372 0.373714566
v 0.0033768015 -0.0293916725 0.376838356
v 0.0113178901 -0.0269414056 0.372693241
v 0.0120375045 -0.0266732536 0.382128835
v 0.0141228978 -0.0279956553 0.358680755
v -0.000482075324 -0.0320798233 0.364542782
v 0.00282404013 -0.0305002164 0.36857006
v 0.00908994023 -0.0298278444 0.363740623
v 0.00398134906 -0.0335017964 0.359806836
v -0.000256111118 -0.0345307738 0.359652579
v 0.00372844609 -0.0318092592 0.363561422
v -0.0199933313 -0.0271305833 0.371311903
v -0.0155584561 -0.0291044358 0.369755387
v -0.00646359473 -0.00631321734 0.39486295
v -0.0125436308 -0.0130264591 0.396424353
v -0.015833389 -0.00718198018 0.396133751
v -0.00504950667 -0.0173819009 0.397158116
v 0.0115755675 -0.0202000998 0.398959428
v 0.00952569954 -0.0187782384 0.397845298
v 0.00919789355 -0.0149742393 0.395866364
v -0.00547800818 -0.0151417768 0.396334112
v 0.00721861003 0.000636362762 0.393290132
v 0.00746181328 0.00685860869 0.393814206
v -0.00775653496 0.013891682 0.396110475
v -0.01115877 0.0103758937 0.395778388
v -0.0166263841 0.00411386322 0.396062016
v 0.0223912634 -0.022513546 0.401078105
v 0.0112469131 -0.00587236462 0.393474489
v 0.000101688624 0.0183473174 0.397659212
v 0.0141817909 0.017748151 0.397131115
v 0.0117773935 0.014416418 0.395584971
v 0.010447721 0.0117596304 0.394735396
v 0.0254703481 0.00846995506 0.393448353
v 0.0116190324 -0.0106481137 0.394412935
v 0.0147934938 -0.0166050587 0.396562517
v -0.0115428623 0.00576550374 0.395394444
v -0.0111594787 -0.00215715147 0.395206183
v -0.00751255825 0.016614927 0.396918297
v -0.013061394 0.0123407254 0.396402687
v -0.00215109694 -0.00988781638 0.394975424
v -0.0401535518 -0.0322210528 0.509518862
v -0.0327722244 -0.0335640796 0.512957335
v -0.0368267968 -0.0270822886 0.515095115
v -0.043551188 -0.0261060484 0.511182487
v -0.0476449803 -0.0159931146 0.511951625
v -0.0320073031 0.0106962193 0.523216307
v -0.0375011414 0.000393769791 0.521436453
v -0.0337452814 0.0314789265 0.514112413
v -0.0397369973 0.0323772468 0.509741306
v -0.0369396955 0.0235449169 0.516852498
v -0.0326061659 0.0196967926 0.520671368
v -0.0374759324 0.0151606072 0.519506633
v -0.0318950452 0.00221931911 0.524135292
v -0.0319831818 -0.00642836094 0.523804009
v -0.0375125222 -0.0105784638 0.520459712
v -0.0320455022 -0.0131239016 0.522697926
v -0.0395123847 -0.0185109116 0.517345488
v -0.0321278982 -0.0199265964 0.520747781
v -0.0329239555 -0.0277129076 0.516867042
v -0.0490034148 -0.0256885886 0.506544948
v -0.0470985658 -0.0308668222 0.504903853
v -0.0471277162 -0.0206332244 0.510814905
v -0.0486032404 -0.0113576651 0.512266099
v -0.0467207544 -0.00640076492 0.514690638
v -0.0465664938 -0.000308090646 0.515112936
v -0.0469637848 0.00550301839 0.514567137
v -0.0492177084 0.0106120249 0.511883259
v -0.0487981364 0.017254496 0.510557473
v -0.0491279177 0.0256930962 0.506449878
v -0.0474198684 0.0312036239 0.50437969
v -0.0434447303 0.0280245841 0.510117114
v -0.0439135469 0.0225145333 0.512753129
v -0.0433647186 0.0148447948 0.515808225
v -0.0429064594 -0.0139952553 0.516366899
v -0.0413524397 -0.00643049646 0.518713892
v -0.0413555205 0.00216026581 0.519010663
v -0.0410783365 0.00861251727 0.518696427
v 0.070938088 0.0283958316 0.48981601
v 0.0688694119 0.0347141549 0.487682343
v 0.0738353878 0.00785314851 0.492590368
v 0.0727989078 0.0186386071 0.491720051
v 0.0740056261 -0.0026268519 0.492762417
v 0.0737975538 -0.00533021474 0.492069453
v 0.0673231706 0.0379419252 0.485842049
v 0.0652566552 0.0404414684 0.483378947
v 0.069554992 0.0323924981 0.487763762
v 0.0718475655 0.0231517591 0.490088463
v 0.0733543038 0.0119927591 0.491640031
v 0.0627575964 0.0437452309 0.481745243
v 0.0593302213 0.0460388698 0.478221655
v 0.0654876456 0.0408205353 0.484246731
v 0.0495063514 0.0488826744 0.468308419
v 0.0439170226 0.0488709211 0.455779761
v 0.0435252935 0.04872768 0.451051265
v 0.044661019 0.049112875 0.460074455
v 0.0467395447 0.0489541441 0.464334697
v 0.0471141413 0.0427662209 0.425556064
v 0.0525485799 0.00689837011 0.385628283
v 0.051328849 0.0255368408 0.394498229
v 0.0519478247 0.0191540662 0.389900714
v 0.0500280932 0.0336956494 0.404146552
v 0.0521600619 0.013796729 0.386801392
v 0.048621159 0.0388159677 0.414468974
v 0.052585043 -0.00617689686 0.385342926
v 0.0483963042 -0.0394288339 0.416214347
v 0.0497265048 -0.0350618288 0.406157941
v 0.051166933 -0.026839776 0.3957811
v 0.0487102494 -0.0379820094 0.410486996
v 0.0521067381 -0.0168537088 0.388802826
v 0.0594917946 -0.0458284169 0.478243232
v 0.0465659462 -0.0490359478 0.464250326
v 0.0440632999 -0.0488737784 0.457097471
v 0.0437153727 -0.0485085584 0.451694816
v 0.0653489158 -0.0409641899 0.484132171
v 0.0733671337 -0.0138382353 0.492383093
v 0.0712278262 -0.0270661991 0.489922732
v 0.0678350851 -0.0370268784 0.486635745
v 0.0698136017 -0.0320907384 0.488491744
v 0.0723892897 -0.021111792 0.491335571
v 0.0726184249 -0.0183791667 0.490874112
v 0.070556663 -0.0283339247 0.488740534
v 0.0682687387 -0.0354724824 0.48647517
v 0.0583926924 0.0372738205 0.478333831
v 0.0593966246 0.0337645672 0.479250044
v 0.0475023687 -0.0335827209 0.468394756
v 0.0563003197 0.0396880731 0.476424366
v 0.0484975539 -0.0372425616 0.469303846
v 0.0507111698 -0.0397072323 0.471323133
v 0.0538011119 0.040693216 0.474143565
v 0.0529901609 -0.0406042151 0.473403275
v 0.0475960709 0.034741845 0.468480378
v 0.0492859073 0.0384346023 0.470022351
v 0.0513879955 0.0401558466 0.471940875
v 0.0593157783 -0.0346246138 0.479176402
v 0.0559043437 -0.0399566628 0.476062983
v 0.0579200163 -0.0379090235 0.477902502
v 0.0456395373 -0.0173255596 0.464756489
v 0.044946909 -0.0355289355 0.46350503
v 0.0438758172 -0.038398914 0.460928261
v 0.0441879816 -0.0396073759 0.461783856
v 0.0433485843 -0.016649466 0.459078968
v 0.0442599989 0.0396614857 0.461972743
v 0.0436498336 0.0334233306 0.460232228
v 0.0439609885 0.0390568785 0.461172938
v 0.043376524 0.0169356838 0.459196985
v 0.0452239141 0.0313141048 0.464030862
v 0.0446009077 0.039096415 0.462766558
v 0.045798853 0.00443743775 0.46501565
v 0.0445683114 -0.0391600579 0.462692291
v 0.0418937877 0.039377477 0.403005123
v 0.0432447493 0.0374256819 0.400225312
v 0.0424228385 0.0364690945 0.398165733
v 0.041100312 0.042119123 0.408506572
v 0.0409891643 0.0447918922 0.415133536
v 0.0439216942 0.0153566319 0.379946321
v 0.042628862 0.033293061 0.39369294
v 0.043749772 0.029372165 0.38935259
v 0.0436632298 0.02204266 0.383333057
v 0.043978788 0.0266814157 0.386871397
v 0.044964347 0.0133790113 0.379437506
v 0.0450058542 0.0168859307 0.3808887
v 0.0445877202 0.0236411355 0.384730101
v 0.0448894203 0.0204581581 0.382765502
v 0.0400893167 0.0471797287 0.421961069
v 0.0167038776 0.0233545378 0.384834141
v 0.0164923575 0.024988411 0.387004882
v 0.0197499655 0.0239534657 0.387773424
v 0.0181465931 0.0207514167 0.383065075
v 0.0157459304 0.0235703904 0.382230192
v 0.0114507796 0.0279120654 0.387569606
v 0.0128133679 0.0268258192 0.385559678
v 0.0163346361 0.0280159526 0.390970796
v 0.0187519714 0.0267297514 0.390034229
v 0.0215564966 0.026592277 0.390017748
v 0.0198496766 0.0290554203 0.392489344
v 0.0148073696 0.0265428256 0.38784799
v 0.0140645197 0.027694555 0.38953495
v 0.0108971922 0.027442161 0.383290529
v 0.0200407859 0.0203312133 0.384922385
v 0.0208934359 0.0198209137 0.384927481
v 0.0224135965 0.0210955907 0.385993242
v 0.0171923209 0.0258784089 0.388531804
v 0.0151014766 0.025264211 0.385651082
v 0.0193289444 0.0201828107 0.384218782
v 0.0217972714 0.0164530985 0.383073628
v 0.0235157646 0.010277817 0.380871713
v 0.0240801014 0.0166441053 0.383561224
v 0.0199072603 0.0171979666 0.381243169
v 0.020443622 0.0164985582 0.381724507
v 0.0228570104 0.0159611814 0.383178949
v 0.021231072 0.0156231765 0.382081002
v 0.022743158 0.0115211112 0.380978137
v 0.0394072607 0.0489880145 0.428197801
v -0.00221437402 0.0283595789 0.392229915
v -0.00734106498 0.0275688842 0.389705986
v 0.00212431559 0.0297926869 0.397886962
v 0.011553932 0.0297076534 0.393828541
v 0.0140982391 0.0289951116 0.392246157
v 0.0203664601 0.0351613238 0.400524586
v 0.0249659289 0.0374363996 0.402387887
v 0.0245920941 0.0357269756 0.399761915
v 0.0108321412 0.0288244281 0.390532881
v 0.0223001875 0.0325121693 0.395983815
v 0.0281600486 0.0396007672 0.405490905
v 0.0154469023 0.0331917852 0.399518102
v 0.00429401966 0.0290730037 0.389550686
v 0.00857950747 0.0288000926 0.388657063
v 0.0061764759 0.0296074543 0.393856823
v 0.0171541292 0.0304559171 0.394343495
v 0.00927874073 0.0305915009 0.396618187
v 0.0130374208 0.0311136153 0.396624357
v 0.0542789139 0.0516596884 0.481902927
v 0.0478892028 0.053909231 0.475577354
v 0.0389466695 0.0540524796 0.461457074
v 0.0377083085 0.0535174161 0.454295516
v 0.051219061 0.0530590639 0.480334759
v 0.0545959994 0.051475592 0.483748823
v 0.0444786474 0.054749582 0.473357767
v 0.0480831414 0.0540138744 0.477325618
v 0.0418442041 0.0549153052 0.469079643
v 0.0588573031 0.0486550704 0.486693561
v 0.058038231 0.0490310714 0.487456441
v 0.0609214269 0.0461070649 0.490440905
v 0.0625788644 0.0437449962 0.492305934
v 0.0609902181 0.0465948954 0.488809168
v 0.0631841794 0.0438366607 0.491084009
v 0.0671407282 0.0356061049 0.495858729
v 0.065235272 0.0393995754 0.494681239
v 0.0385987461 0.0506859683 0.435116589
v 0.0371422917 0.0525150374 0.443576813
v 0.0382094532 0.0520559885 0.443140656
v 0.0476502702 -0.0539539792 0.475438476
v 0.0549826734 -0.0511683039 0.482459307
v 0.0389511548 -0.0540037751 0.461479366
v 0.0376815423 -0.0534890853 0.454372376
v 0.0650442541 -0.039444413 0.494803488
v 0.0626498014 -0.0436010547 0.492390275
v 0.0635036379 -0.0433160439 0.491419435
v 0.0669939145 -0.0367753059 0.494583666
v 0.0570923015 -0.0497828089 0.486238629
v 0.0607216135 -0.0462859608 0.490156084
v 0.059146218 -0.0481905416 0.487925589
v 0.0412566811 -0.0545757674 0.467222899
v 0.052363757 -0.052544266 0.481449187
v 0.0476211756 -0.0541466363 0.476641834
v 0.0422380902 -0.0549069718 0.470307469
v 0.0517321415 -0.0526929386 0.479527742
v 0.0547450818 -0.0513254851 0.483948529
v -0.0285388529 0.0300351847 0.517402589
v 0.0356106944 -0.0311857332 0.516890407
v 0.0376345851 0.0285317078 0.517573178
v 0.0302118212 0.0256181378 0.521327734
v -0.00871076901 0.0313929617 0.521696389
v 0.00022102287 0.0296413731 0.523415685
v 0.00420099963 0.036233671 0.519073248
v 0.00941433664 0.0298484713 0.523072779
v 0.0174300391 0.0365823619 0.517796755
v 0.0209980682 0.0319198258 0.520308554
v 0.0297577716 0.0315594785 0.518503487
v 0.0283169076 0.0359459408 0.51606977
v 0.0370812751 0.0350060277 0.514052749
v 0.0384807028 0.0223908648 0.51966542
v 0.0309415311 0.0167034194 0.523982048
v 0.0389250033 0.016000187 0.521262705
v 0.0329735987 0.00752341235 0.524875462
v 0.0343942754 -0.00226072315 0.524643004
v 0.0348979048 -0.00920233224 0.523920178
v 0.0369240902 -0.0163262915 0.522022069
v 0.0357331075 -0.0250736959 0.519780815
v 0.0374515504 -0.0350586586 0.513845086
v 0.0285374969 -0.0358850919 0.516030967
v 0.0252801105 -0.0316870697 0.519526243
v 0.0178702101 -0.0353585295 0.518544734
v -0.0250006057 -0.0326201841 0.517053723
v -0.0135082835 -0.0291722436 0.522310257
v -0.00641817879 -0.0335595123 0.520520329
v 0.00517044216 -0.0334235989 0.521075726
v 0.0136972396 -0.0316140279 0.521589875
v -0.0218327772 0.0346854851 0.516606629
v -0.020074591 0.0288259014 0.521033943
v -0.0092129577 0.0354072079 0.518770039
v 0.0259727705 -0.0254132599 0.522534132
v 0.016659243 -0.0255356878 0.52432698
v 0.00739436597 -0.0255412236 0.525285542
v -0.00200286065 -0.0254133828 0.525421083
v -0.0227281433 -0.0265960712 0.521456242
v -0.0112310983 -0.0207955875 0.526429892
v -0.0204681214 -0.0204680488 0.524706364
v -0.0270911939 -0.0201455951 0.522725046
v 0.0265487246 -0.0164202135 0.525290787
v 0.0171528105 -0.0165159274 0.527264714
v 0.00778075913 -0.0165337827 0.528347969
v -0.00174581539 -0.0164618269 0.528549492
v -0.0110989613 -0.0117086526 0.528837204
v -0.0204491187 -0.0115321418 0.527072728
v -0.0271640681 -0.0113532925 0.525023878
v 0.0268613715 -0.00707522128 0.526743591
v 0.0174445584 -0.00711016683 0.528830111
v 0.00803329702 -0.00711519923 0.529994488
v -0.00154659583 -0.00708628492 0.530243993
v -0.0109927896 -0.00232614763 0.529859364
v -0.0203860477 -0.00230353931 0.528084755
v -0.027136242 -0.0022734676 0.526012123
v 0.026999671 3.74538031e-05 0.527002454
v 0.0175678972 2.13050644e-05 0.529123783
v 0.0104956012 0.00238465867 0.530131996
v 0.000863424037 0.00239522872 0.530632734
v 0.0221616775 0.00719774934 0.52789402
v -0.00624483917 0.00471076835 0.530182362
v -0.0157083534 0.00464553386 0.52894789
v -0.0249692015 0.00454928819 0.526624978
v 0.0150928702 0.0119598769 0.528523326
v 0.00798623729 0.0119493967 0.529329836
v -0.00158266851 0.0118829329 0.52956742
v -0.0110533722 0.0117559312 0.528844118
v -0.0204105321 0.0115596373 0.527087152
v -0.0271312743 0.0113809668 0.525040329
v 0.021903988 0.0165822729 0.526362717
v 0.00770356879 0.0211765617 0.526987135
v -0.00177745335 0.0210635327 0.52717185
v -0.0111490339 0.0208401736 0.52644372
v -0.0203949381 0.020497771 0.524733245
v -0.0270358138 0.0201741867 0.522753656
v 0.0183028895 0.0219059363 0.52551651
v 0.0188590623 0.0276150182 0.52303654
v -0.0111956848 0.0272141621 0.523670375
v -0.0300233848 0.0260026958 0.519091189
v 0.0465672575 -0.0334738977 0.511056125
v 0.0524620265 -0.0335277766 0.507853925
v 0.0633744895 0.0325123668 0.50103271
v 0.0631488189 0.0271777064 0.503764451
v 0.0642294437 0.0208014343 0.505203426
v 0.0654548332 0.0119218994 0.506222188
v 0.0660156086 0.00261810422 0.506685853
v 0.0663015768 -0.00445249677 0.506361485
v 0.0657301247 -0.0113475025 0.506148577
v 0.0647181943 -0.0205085687 0.504894555
v 0.0644796938 -0.0336814784 0.499460131
v 0.0594224371 -0.0328512117 0.503826499
v 0.0427342616 -0.0253854338 0.516805291
v 0.0453291573 0.00631497055 0.519970119
v 0.0455676168 -0.000307259441 0.520142615
v 0.0455155075 -0.00702587515 0.519842863
v 0.0571457185 0.0338162482 0.504853725
v 0.0510707051 0.0338723622 0.508506596
v 0.0518947951 -0.0255174264 0.512151361
v 0.049822554 -0.0142226014 0.516598165
v 0.0573725998 -0.0163288452 0.511542618
v 0.0579833724 -0.00702838833 0.512655914
v 0.0517433807 -0.00232840772 0.516899705
v 0.0580892526 0.00238207215 0.512848556
v 0.0515893213 0.00696505141 0.516620994
v 0.0577040762 0.0117357243 0.512159646
v 0.0490730442 0.0164125431 0.516413331
v 0.0568471365 0.0211948566 0.510570824
v 0.0475792699 0.025587311 0.514445066
v 0.0558513701 0.0274422877 0.508932471
v 0.0464272536 0.0317498818 0.512107193
v 0.0448246896 0.0358522646 0.510309637
v 0.0612527505 -0.0257903989 0.505905092
v 0.00366581953 -0.0300834291 0.398061752
v 0.0116844028 -0.0319577903 0.399002105
v 0.0394918956 -0.0496586934 0.431989044
v 0.0378622375 -0.0522872657 0.443808138
v 0.0385663845 -0.0496497862 0.430648267
v 0.0369502753 -0.0523712337 0.442973107
v 0.0396307595 -0.0471718758 0.421999007
v 0.0403902642 -0.0446804725 0.414769679
v 0.041452527 -0.0411802791 0.406595618
v 0.0433144011 -0.0372115746 0.400007635
v 0.0429739766 -0.0308563635 0.390859276
v 0.0427557901 -0.0343702286 0.395209223
v 0.0435890406 -0.0220523756 0.383372158
v 0.0439802073 -0.0266632885 0.386899173
v 0.0439241007 -0.0150017291 0.379829258
v 0.0421285145 -0.0374881066 0.399784297
v 0.0216039866 -0.0158797968 0.382641256
v 0.0204856321 -0.0170041397 0.382429093
v 0.0245914236 -0.0140872663 0.382539809
v 0.023168426 -0.0213692598 0.386132807
v 0.0239622183 -0.0173935853 0.38396138
v 0.0215214975 -0.012211659 0.379213482
v 0.0209045 -0.0147647643 0.380683303
v 0.0193771608 -0.0188316777 0.382733047
v 0.0190411787 -0.020693684 0.38454631
v 0.0205072667 -0.0200649574 0.384991854
v 0.0215361677 -0.0208568238 0.385800719
v 0.0243007801 -0.0103973541 0.381227076
v 0.0228113569 -0.0102007631 0.380306721
v 0.0228287019 -0.0131164072 0.381937832
v 0.0222250111 -0.0100961765 0.379268885
v 0.021291621 -0.0152761117 0.381933659
v 0.022261424 -0.0170317478 0.383632362
v 0.019767832 -0.0261985492 0.389648169
v 0.0224223975 -0.0266449023 0.390025824
v 0.0162073467 -0.028016394 0.391010761
v 0.0179172345 -0.0263953824 0.389521629
v 0.0176029466 -0.0219243839 0.384061098
v 0.0152163161 -0.0246811304 0.384620994
v 0.0116202263 -0.0273583289 0.38536799
v 0.0184599292 -0.0245597865 0.387928963
v 0.0174141079 -0.0238927975 0.386601418
v 0.0141349956 -0.0263716448 0.386802942
v 0.0159082823 -0.0265886541 0.388829321
v 0.0140903462 -0.0276836194 0.389632046
v 0.0108722681 -0.0287647303 0.390680283
v 0.0117505705 -0.028070366 0.38868767
v 0.0135552008 -0.0293244589 0.392906547
v 0.0124348663 -0.031045815 0.396755815
v 0.0206044726 -0.0351183899 0.400530726
v -0.00557165593 -0.0279171243 0.389850706
v 0.00407357141 -0.029073514 0.390495241
v 0.00128146401 -0.0289728567 0.387037694
v -0.00592022762 -0.0278407112 0.394707471
v 0.00756136607 -0.0299488269 0.395260245
v 0.0272833556 -0.0388918482 0.404437184
v 0.0248022079 -0.0373348445 0.402336448
v 0.0195756294 -0.0296535771 0.393229127
v 0.0201618858 -0.0318331905 0.395622343
v 0.00863641128 -0.0286394451 0.387557834
v 0.0164257456 -0.0297615249 0.393520445
v 0.0225867927 -0.0339159705 0.397756398
v 0.027179949 -0.0129928375 0.394880563
v 0.0264102202 -0.0248634983 0.403532803
v 0.026214119 -0.00865707733 0.393464208
v 0.025766803 0.0243291855 0.40291664
v 0.0270331614 0.0188367236 0.398092687
v 0.0267065223 0.0217185244 0.400363952
v 0.0196481906 0.0217456128 0.400230348
v 0.0284796599 0.0270936117 0.406045794
v 0.0264048986 0.0160446949 0.396367371
v 0.027184112 0.0122469002 0.394567668
v 0.0258244071 0.00451543694 0.392687887
v 0.0263274405 -9.69399625e-05 0.392356843
v 0.0269105844 -0.00479115173 0.392662346
v 0.0275039729 -0.0173380338 0.397077918
v 0.0277413055 -0.0213378239 0.400063634
v 0.028531298 -0.0271179266 0.406167477
v -0.0624254011 0.0291479565 0.473504066
v -0.061431855 0.0296257492 0.479573727
v -0.02210976 0.053920459 0.471985936
v -0.0327580236 0.0520052686 0.472341061
v -0.0361840092 0.0507811382 0.477796406
v -0.0593390763 0.0258895177 0.491173387
v -0.0566503927 0.0335196219 0.48884508
v -0.0515853129 0.0305229407 0.500179589
v -0.0476267822 0.0342680141 0.50130564
v -0.0174885672 0.0377608351 0.515173137
v -0.00852078665 0.0402700007 0.514567494
v -0.0133503834 0.0546280555 0.479236692
v -0.0031277528 0.055823829 0.471429199
v -0.00119157508 0.0525268279 0.494368285
v -0.00961069576 0.0517828241 0.495051324
v -0.00300699775 0.0503999889 0.499900877
v -0.00185124332 0.0482402258 0.504549146
v -0.0020323866 0.0443169102 0.510583937
v -0.0293499306 0.0377722234 0.51097846
v -0.0555099845 0.028914649 0.495890975
v -0.0608334877 0.026458852 0.486613274
v -0.0629785508 0.0245126318 0.48066175
v -0.0642230436 0.0226841122 0.473649144
v -0.0601465292 0.0345154516 0.473500788
v -0.0574114509 0.0388009921 0.473375171
v -0.0551683605 0.0413959473 0.473240077
v -0.050449986 0.044281166 0.478273392
v -0.0506976321 0.0450228304 0.473016232
v -0.0450069606 0.0474496298 0.478331506
v -0.0430543199 0.048867479 0.472783774
v -0.0253042895 0.0531798899 0.478027552
v -0.0126399091 0.0550721958 0.471490651
v -0.0297935158 0.0468572229 0.498253614
v -0.0368543267 0.04371842 0.498951793
v -0.0320848078 0.0415208302 0.505379558
v -0.0227000359 0.0454225503 0.504323483
v -0.0201895162 0.041715797 0.510285676
v -0.0198272783 0.0497988388 0.496935725
v -0.0104927048 0.0446608216 0.508982122
v -0.012731621 0.0481418185 0.502863646
v -0.000657577126 0.0392014533 0.516389489
v -0.051922217 0.0354947969 0.494729131
v -0.0590684824 0.0335087962 0.481986314
v -0.057570111 0.0363747254 0.480876476
v -0.0546849556 0.0397306345 0.48144576
v -0.0506559238 0.0430887975 0.482380182
v -0.0432025269 0.0466145054 0.485796303
v -0.0344566368 0.0501890704 0.484802455
v 0.00242630229 0.0556619056 0.478643566
v -0.0125503959 0.0535392016 0.487507075
v -0.0235954355 0.0525537208 0.485196054
v -0.0323337764 0.0488564037 0.491761357
v -0.0415776074 0.0450924784 0.492043763
v -0.0530730188 0.0383256823 0.488411099
v -0.0490778573 0.0424321406 0.487360388
v -0.0481223166 0.040700417 0.492363989
v -0.0451451279 0.0386359133 0.498937517
v -0.0399681069 0.036129348 0.506368935
v 0.00259174383 0.05401963 0.489321262
v -0.0226636343 0.0513184555 0.491070777
v -0.040756993 0.0405283719 0.500630081
v -0.0609557591 -0.00383511418 0.496265799
v -0.0521716848 -0.0310818627 0.498939574
v -0.0541135184 0.0239400286 0.50155133
v -0.0517955162 0.0215618629 0.505693316
v -0.0504308231 0.00219330657 0.511550605
v -0.0504568033 -0.00582237076 0.511283219
v -0.0649443865 -0.0190806743 0.473647237
v -0.0648636743 -0.0162701048 0.47914651
v -0.0652786493 0.00845486484 0.4816643
v -0.0663587898 0.00196434045 0.473677903
v -0.0657443032 0.0135242334 0.473666161
v -0.0644337535 0.019118743 0.478725761
v -0.0569355898 0.0233778041 0.497541994
v -0.0555717498 -0.0287932269 0.495824248
v -0.0571234673 -0.0227935836 0.497610629
v -0.0535077862 -0.0241240356 0.502217472
v -0.0629345253 -0.0088497363 0.490573734
v -0.0603224263 -0.0108920783 0.496446639
v -0.0647447035 -0.00364873605 0.484974891
v -0.0657731965 -0.00363049377 0.479326665
v -0.0661199093 -0.00869540032 0.473700494
v -0.0619678646 -0.0199762248 0.488587201
v -0.0592966639 -0.0175927095 0.496351212
v -0.0597163662 -0.0269514099 0.489231288
v -0.0639290735 -0.0159160811 0.484256625
v -0.0629937872 -0.0245029163 0.480531782
v -0.0626890212 0.00452640839 0.491927475
v -0.0569057353 0.0189770218 0.500016034
v -0.0604569279 0.0149727734 0.494951427
v -0.0625657663 0.0155496979 0.48941943
v -0.0639799312 0.015651105 0.484231591
v -0.0519351177 -0.0177019387 0.507094085
v -0.0541735888 -0.00982490648 0.506509125
v -0.0541439354 -0.00200392376 0.50737232
v -0.0554585755 -0.0171223972 0.502825975
v -0.0574719086 -0.00948312599 0.501887083
v -0.0574947 -0.00194818433 0.502662361
v -0.0542676561 0.00600733794 0.506943583
v -0.0580483116 0.013129361 0.500171006
v -0.060311567 0.00576325599 0.497330099
v -0.0540086143 0.0137089444 0.505863547
v -0.0575769991 0.00581654208 0.502263606
v -0.00015729689 -0.0417520292 0.513769865
v -0.0559647195 -0.0405571721 0.473312229
v -0.016190337 -0.0546513647 0.471644431
v -0.0272006541 -0.0530628487 0.472380936
v -0.0349921994 -0.0513729081 0.472553164
v -0.0409600995 -0.0491658002 0.477819055
v -0.0423151925 -0.0490932129 0.472789496
v -0.0615745485 -0.0314150639 0.473609746
v -0.0630050302 -0.0272865873 0.473568141
v -0.0609563813 -0.0289198477 0.482865483
v -0.0573978648 -0.0323786698 0.488630205
v -0.0289913993 -0.03817752 0.510668099
v -0.0169784203 -0.0364232697 0.51649785
v -0.00788135082 -0.0390969217 0.515730619
v -0.000943666964 -0.0377100483 0.517650366
v 0.00261845952 -0.0459230132 0.508646846
v -9.95812879e-05 -0.0477113202 0.505553186
v -0.00562936254 -0.0493058078 0.501955152
v -0.0093108844 -0.054988917 0.478636235
v -0.0476548374 -0.0342005976 0.501291692
v -0.0275183413 -0.0436546691 0.504793346
v -0.0177566428 -0.0468455218 0.503672421
v -0.0339894295 -0.0404604226 0.5054335
v -0.0141418837 -0.0502550863 0.497824073
v -0.0201895982 -0.0416656956 0.510285616
v -0.00946906582 -0.0425789058 0.511786699
v -0.0111121945 -0.045551151 0.507445812
v -0.0478309244 -0.0466313474 0.473010361
v -0.0303662568 -0.0518680662 0.480693102
v -0.0198051725 -0.0538582727 0.479007125
v -0.00204239297 -0.055782292 0.471106231
v -0.0508898087 -0.0448122919 0.473227262
v -0.0495071411 -0.0439816974 0.481911659
v -0.0460320041 -0.0456522368 0.483789146
v -0.0393051617 -0.0485267788 0.484765977
v -0.0284121204 -0.0510216057 0.487726152
v -0.0179724917 -0.0531488322 0.486077815
v 0.00550275529 -0.0554213673 0.481629848
v -0.0562201366 -0.0380081572 0.481187463
v -0.0535114817 -0.041829586 0.47813645
v -0.0523273386 -0.0405739062 0.485186011
v -0.0482116602 -0.0425720178 0.488353133
v -0.0589347668 -0.0342809632 0.480665028
v -0.0553734601 -0.0357421003 0.488088012
v -0.0535240546 -0.0355138853 0.491955966
v -0.0504117347 -0.038128607 0.493238091
v -0.0416008271 -0.0450344644 0.492040783
v -0.0327027626 -0.0484316684 0.492433012
v -0.0216825921 -0.0511324815 0.492062956
v -0.0101686334 -0.0522103235 0.493432283
v -0.00433347607 -0.0538985133 0.488354832
v -0.0593800098 -0.0358272083 0.473440498
v -0.0465054363 -0.0399306864 0.495559216
v -0.0433878638 -0.0363962203 0.503235459
v -0.0412201546 -0.0412261896 0.499086529
v -0.037706539 -0.0375447311 0.506424248
v -0.0368542708 -0.0436682217 0.498951912
v -0.0319869481 -0.0458886102 0.498514563
v -0.0248769019 -0.0484102033 0.497676522
v -0.000891138276 -0.0522658266 0.495182633
v 0.0619655848 0.0436974317 0.48006317
v 0.0470062792 0.0479449816 0.464159518
v 0.0567552559 0.0469332263 0.475317538
v 0.0444356278 0.0471758209 0.446092784
v 0.0440525413 0.0480422378 0.45208177
v 0.0442629233 0.0479473323 0.455406427
v 0.0446691476 0.04828538 0.458249986
v 0.0454430431 0.0482020527 0.460892648
v 0.0506383181 0.0478974544 0.468938738
v 0.0454354584 -0.0398131683 0.438080221
v 0.0518664308 0.00154546683 0.390714854
v 0.0517208837 -0.00850206614 0.391787022
v 0.0516125411 0.0111470865 0.392586142
v 0.0513670482 -0.015083679 0.394395888
v 0.0492600612 0.0304984823 0.409926265
v 0.0510277674 0.0193188991 0.396896333
v 0.0502733029 0.0252766721 0.40245831
v 0.0487403609 -0.0323681794 0.413756132
v 0.0509230234 -0.0202569477 0.397667855
v 0.0501232482 -0.0262717549 0.403565139
v 0.0469660386 -0.0369851068 0.426834106
v 0.0475718305 0.0357134305 0.422369659
v 0.045536112 0.0397097655 0.437344849
v 0.0455926433 -0.0455685817 0.436501265
v 0.0599150918 -0.0448371954 0.478053927
v 0.0465230308 -0.0482654981 0.463322937
v 0.0472535789 -0.047996901 0.464552075
v 0.0506562479 -0.047727704 0.468940198
v 0.0557810627 -0.0472336859 0.474402219
v 0.0499368422 -0.0486144349 0.468584716
v 0.0453735068 -0.0485484488 0.460848719
v 0.0446734838 -0.0482239537 0.458254576
v 0.0442340225 -0.0477815084 0.454989403
v 0.04416731 -0.0476355851 0.449558377
v 0.0625601783 -0.0436848737 0.481106073
v 0.0655168295 -0.0401439853 0.483639002
v 0.048919607 -0.033687681 0.466842353
v 0.0498194247 -0.0372957885 0.467947096
v 0.051789023 -0.0396948308 0.470067501
v 0.0544800796 -0.0407198705 0.472783208
v 0.0576310195 -0.0393489227 0.475824594
v 0.0601779595 -0.0341919996 0.478289366
v 0.0593260564 -0.0369609669 0.477458358
v 0.0505858064 0.0385685898 0.468795538
v 0.0578499511 0.039285481 0.476035476
v 0.0601123124 0.0349593088 0.478227288
v 0.0546624586 0.040689446 0.472955972
v 0.0524943098 0.0401841961 0.470792711
v 0.0490497388 0.0350101069 0.467000663
v 0.0452874042 -0.0383257493 0.460422456
v 0.0455057733 -0.0394405238 0.461029142
v 0.0457532778 -0.0395415239 0.461654961
v 0.0460095666 -0.0388229936 0.462240607
v 0.0467315465 -0.0264573656 0.463652968
v 0.0470863171 0.00272115227 0.464246571
v 0.0467850156 0.0235214233 0.463742286
v 0.0460737832 0.0385663733 0.462379277
v 0.045759093 0.0395924523 0.461673617
v 0.0454280823 0.0393435359 0.460826159
v 0.0451221354 0.0343925804 0.459905595
v 0.0448504835 0.0185603108 0.458899885
v 0.0447895266 -0.0142424898 0.458660156
v 0.0299687181 0.0419209786 0.409780025
v 0.030511586 0.0444133505 0.415400892
v 0.0294412505 0.0471897125 0.423291445
v 0.0255192015 0.0402944498 0.441148162
v 0.0371175408 0.0543471202 0.458866745
v 0.0402287282 0.0545510352 0.465463787
v 0.0363191888 0.0535756908 0.450459599
v 0.0426100716 0.0538137257 0.482594758
v 0.0470368452 0.0517067984 0.488259286
v 0.00855324045 0.0560925268 0.471072257
v 0.0187208652 0.0558455437 0.477187574
v 0.0340167247 0.0553505942 0.4755027
v 0.0585847944 0.0430044159 0.49627161
v 0.0607466549 0.0386694372 0.49889186
v 0.00509000989 0.0459777117 0.508642673
v 0.0151686678 0.0458151139 0.508413911
v 0.0119528146 0.0495326109 0.502419055
v 0.0191770829 0.0558512434 0.470300168
v 0.0072443313 0.0553030781 0.48321116
v 0.0150694316 0.0541553721 0.489133209
v 0.0282032304 0.0546102934 0.484778494
v 0.0289366096 0.0530424416 0.491134524
v 0.0374990664 0.0394127704 0.510527194
v 0.0420605652 0.0424203984 0.505830646
v 0.0331680141 0.0467600934 0.503535092
v 0.0421720333 0.045815561 0.501719475
v 0.0421518385 0.0493760929 0.495862782
v 0.0470505655 0.0397600941 0.50620985
v 0.0508295633 0.0429877751 0.501074731
v 0.0508372895 0.0452865213 0.498289794
v 0.050804913 0.0481297188 0.494030088
v 0.0549601167 0.0395188853 0.502135873
v 0.00820413604 0.0419153683 0.51375854
v 0.01897371 0.0414300635 0.513234973
v 0.0240523592 0.04731806 0.504860699
v 0.0288490355 0.0439207703 0.508618355
v 0.0283629205 0.0407228284 0.512093902
v 0.0119765904 0.0521644801 0.496205151
v 0.0297141112 0.0505001657 0.49780497
v 0.0388060696 -0.0546607152 0.464182436
v 0.0363085531 -0.053818129 0.453158379
v 0.0114038819 -0.0439642705 0.511148095
v 0.0377897508 -0.0391388051 0.510629654
v 0.0184040163 -0.0558643788 0.470788926
v 0.0589858815 -0.0382803679 0.500487864
v 0.0549998581 -0.0471757017 0.493031114
v 0.0482220463 -0.0500705913 0.491510898
v 0.0356514417 -0.0550948083 0.476863325
v 0.0435329452 -0.053766828 0.482057929
v 0.0100051928 -0.0559943542 0.470551133
v 0.00339007308 -0.0558466278 0.475811779
v 0.0116833337 -0.0502417684 0.500915587
v 0.044382412 -0.0474742949 0.498234481
v 0.0508373007 -0.0452383123 0.498287231
v 0.0508301668 -0.0429395847 0.501072228
v 0.0421493016 -0.0435734764 0.50450778
v 0.0505782589 -0.0393531322 0.504742801
v 0.0432786345 -0.0383533128 0.509062409
v 0.0340563171 -0.0526634865 0.490566164
v 0.0373975299 -0.0498197265 0.496690691
v 0.0331675671 -0.0467114858 0.503532946
v 0.0332044251 -0.0435898341 0.507618845
v 0.0569182821 -0.0424806438 0.497946441
v 0.0449862964 -0.0518715158 0.488565445
v 0.0277411845 -0.0545926839 0.484735489
v 0.0108861635 -0.0546053275 0.487102538
v 0.010062173 -0.0392375737 0.516244829
v 0.0187319908 -0.0389353633 0.515592277
v 0.0189259555 -0.0425263084 0.511968613
v 0.0235557165 -0.0455327854 0.507538557
v 0.0194775239 -0.0480075218 0.504445732
v 0.0283627268 -0.0406741276 0.51209259
v 0.0270604696 -0.0505682714 0.498070866
v 0.0202937834 -0.0531603508 0.492355943
v 0.0179147702 -0.055808749 0.477182806
v 0.0260291845 -0.051311817 0.438859969
v 0.0300148539 -0.046161782 0.420283824
v 0.0304796379 -0.043917872 0.41435042
v 0.0297034811 -0.0412668064 0.408556461
v 0.0278323628 0.0377667919 0.430525094
v 0.0300898105 0.0343416072 0.419770181
v 0.030382093 0.0306750797 0.411413908
v 0.0299555957 -0.0295914598 0.409746438
v 0.0305047408 -0.032197658 0.4146685
v 0.0295712985 -0.0353492908 0.422700554
v -0.0130406357 0.0533233695 0.463529289
v -0.0287080426 0.0503793098 0.464158475
v -0.040416453 0.0465689711 0.464624524
v -0.0460030213 0.0437536985 0.464847893
v -0.0508131608 0.0402601659 0.465040773
v -0.0553768463 0.0347925052 0.465222865
v -0.0585424155 0.0272583365 0.465349346
v -0.0608444326 0.0173714627 0.465441406
v -0.0621163025 0.00208203029 0.465492308
v -0.0610131174 -0.0165077057 0.465448201
v -0.0125105623 -0.0533732548 0.463507533
v 0.00413272297 -0.0544761419 0.462795645
v -0.0304143131 -0.0499195568 0.46422419
v -0.0416840836 -0.0459327064 0.464675397
v -0.0485748127 -0.0421188921 0.464950651
v -0.0538160093 -0.0369681418 0.465160221
v -0.0576330796 -0.0300519038 0.465312988
v 0.0443366952 -0.0142490352 0.455934078
v 0.0443544425 0.00587534951 0.456108928
v 0.044289019 0.0237841289 0.455432832
v 0.0441994071 0.0352701768 0.454230517
v 0.0441592075 0.0379727893 0.453091979
v 0.0441627614 0.040120624 0.451078564
v 0.0443707705 0.0412849523 0.447259367
v 0.0441982411 -0.0406743027 0.449939996
v 0.0441538319 -0.0382349044 0.452964395
v 0.0442052297 -0.034105923 0.454482257
v 0.0444805808 -0.0411678217 0.446120113
v 0.0196696185 0.036035616 0.455597103
v 0.023830723 0.0413845032 0.4473629
v 0.0225720108 0.0410893857 0.45062384
v 0.0211653169 0.0394544192 0.453376055
v 0.0235926211 0.0532265976 0.44805339
v 0.0268347114 0.0544319265 0.45650202
v 0.0114156287 0.0546107627 0.461436033
v 0.00441016164 0.0545376875 0.462766349
v 0.0169512257 0.0544399098 0.458445549
v 0.0209050477 0.0540138371 0.453890622
v 0.0255862437 0.0517821908 0.440858692
v 0.0232938305 -0.0533083305 0.448941499
v 0.0274522901 -0.0546343848 0.458705187
v 0.0140438089 -0.0544915199 0.460290611
v 0.0173107386 -0.0543620028 0.458064198
v 0.0203841776 -0.054051511 0.454687148
v 0.0100956922 -0.054535836 0.461785197
v 0.0260810386 -0.0397098586 0.438591719
v 0.022566814 -0.0410382301 0.450643688
v 0.0238749534 -0.0413291454 0.447199106
v 0.0208811704 -0.0389942676 0.453846544
v 0.019500576 -0.0350078158 0.455784559
v 0.0175961908 -0.00520288572 0.457790822
v 0.0185209233 -0.0250031985 0.456899524
v 0.0182287358 0.0212051179 0.457204252
vn 0.1646046 0.9862369 -0.01555929
vn 0.1673016 0.9856541 -0.02227572
vn -0.14405 0.989496 0.01213889
vn -0.209307 0.9778141 0.008382534
vn -0.4749514 0.8797446 0.02169417
vn -0.5319899 0.8464966 0.02074244
vn -0.7467378 0.6643239 0.03249966
vn -0.7887087 0.613979 0.03112003
vn -0.9286091 0.3689274 0.03971824
vn -0.9507199 0.3077505 0.03769942
vn -0.9986745 0.02909801 0.04245493
vn -0.9985828 -0.03543691 0.03970644
vn -0.9484903 -0.3142242 0.04036652
vn -0.9265518 -0.3743525 0.03690481
vn -0.7840901 -0.6197313 0.03370358
vn -0.7432729 -0.6683311 0.02964823
vn -0.5260002 -0.8501589 0.0235306
vn -0.4714908 -0.8816518 0.01966002
vn -0.208955 -0.977854 0.01180641
vn -0.1387037 -0.9903336 -0.0008365473
vn 0.1659526 -0.9861307 -0.002455964
vn 0.1669704 -0.985938 0.006878289
vn 0.4906148 -0.8704538 -0.04008935
vn 0.4414879 -0.8962065 -0.04361559
vn 0.6019792 -0.7983058 -0.01813395
vn 0.4677684 0.8835921 -0.02139336
vn 0.4630136 0.8861437 -0.01917392
vn 0.599083 0.8000214 -0.03263815
vn -0.3375448 0.02329644 -0.9410211
vn -0.4932049 0.002078433 -0.8699107
vn -0.03985265 -0.0002681502 -0.9992055
vn 0.1462823 0.2249507 -0.9633269
vn -0.04020874 -0.0002546949 -0.9991913
vn 0.06972779 0.2979887 -0.9520193
vn -0.04010879 -0.0002596866 -0.9991953
vn -0.03588407 0.3142419 -0.9486645
vn -0.03999583 -0.0002689572 -0.9991997
vn -0.1438537 0.3006867 -0.9428115
vn -0.03992742 -0.0002408755 -0.9992026
vn -0.2407894 0.2458785 -0.9389165
vn -0.03958785 -0.0002705575 -0.999216
vn -0.3339622 0.1576782 -0.9293045
vn 0.01706641 -0.2803603 -0.9597431
vn -0.04009229 0.0002310737 -0.999196
vn -0.04072709 0.0009951434 -0.9991698
vn 0.1430926 -0.2520158 -0.9570854
vn -0.03978898 -0.0001693114 -0.9992081
vn -0.2750488 -0.02155646 -0.9611886
vn -0.5246318 -0.001852379 -0.8513272
vn -0.03934189 -0.0004680278 -0.9992257
vn -0.03890134 -0.0002378009 -0.999243
vn -0.3620562 -0.03284536 -0.9315774
vn -0.03914664 3.856893e-05 -0.9992335
vn -0.03945926 7.362523e-05 -0.9992211
vn -0.3163506 -0.1549833 -0.9358966
vn -0.03982348 0.0001782095 -0.9992067
vn -0.2450662 -0.2422569 -0.9387514
vn -0.03983137 0.0007534231 -0.9992061
vn -0.1376418 -0.3269888 -0.9349508
vn -0.03962798 0.001128124 -0.9992139
vn -0.03985706 0.0009762521 -0.9992049
vn 0.864925 -0.4186771 -0.2767928
vn 0.8602504 -0.4959327 -0.1184066
vn 0.7990132 -0.575043 -0.1757938
vn 0.953267 -0.2525817 -0.1657851
vn 0.9189064 -0.2587583 -0.2977503
vn 0.9455703 -0.1203561 -0.3023427
vn 0.9525259 0.06013897 -0.298459
vn 0.9830769 -0.005188168 -0.1831201
vn 0.9462889 0.2269699 -0.230265
vn 0.6652939 -0.7407255 -0.0933262
vn 0.642483 -0.7434409 -0.185772
vn 0.4135379 -0.9059976 -0.09030414
vn 0.4516911 -0.8741355 -0.1785
vn 0.2309529 -0.9591988 -0.1630909
vn 0.1326157 -0.9864298 -0.09679547
vn -0.05628428 -0.994063 -0.09311811
vn -0.001244483 -0.9718664 -0.2355299
vn -0.249578 -0.9587707 -0.1359032
vn -0.3410407 -0.9368231 -0.07780603
vn -0.5162935 -0.8536212 -0.06907796
vn -0.4606805 -0.8607116 -0.216677
vn -0.6605281 -0.7418182 -0.115794
vn -0.7760295 -0.6290447 -0.04561961
vn -0.81025 -0.54711 -0.2101564
vn -0.9280104 -0.3707266 -0.03685721
vn -0.9315602 -0.3476389 -0.1065024
vn -0.9972526 -0.06541456 -0.03475901
vn -0.9697169 -0.1260581 -0.2091851
vn -0.993329 0.05463805 -0.1015485
vn -0.965614 0.2584318 -0.02833047
vn -0.9525754 0.2772334 -0.1254661
vn -0.8683763 0.4941307 -0.04192373
vn -0.8638339 0.4918427 -0.1090037
vn -0.7311715 0.6800208 -0.0544037
vn -0.7611609 0.6127713 -0.2124743
vn -0.6009536 0.7904986 -0.1181815
vn -0.4642972 0.8837706 -0.05811734
vn -0.3816381 0.8983887 -0.217371
vn -0.1808761 0.9812341 -0.06680929
vn -0.1507097 0.9777834 -0.1456913
vn 0.1389978 0.9870302 -0.08031691
vn 0.1445211 0.9769731 -0.1569625
vn 0.434822 0.8952778 -0.09699263
vn 0.3689511 0.8938289 -0.2548434
vn 0.5967209 0.783567 -0.1730516
vn 0.7042086 0.701474 -0.1096555
vn 0.7972166 0.5717545 -0.1937588
vn 0.8517849 0.5107988 -0.1163919
vn 0.9043767 0.3676566 -0.216637
vn 0.2226714 -0.9175106 -0.3295327
vn 0.4880618 -0.8053421 -0.3364817
vn 0.7180097 -0.6017093 -0.3498687
vn 0.9163645 0.1790785 -0.3580599
vn 0.8517087 0.4002264 -0.3382471
vn 0.7105471 0.6201336 -0.3325011
vn 0.5581166 0.7567704 -0.3403006
vn 0.131623 0.9357561 -0.3271634
vn -0.1613536 0.9354147 -0.314586
vn -0.5800405 0.75685 -0.3012161
vn -0.868312 0.4045984 -0.2869399
vn -0.9518251 0.1177481 -0.2831333
vn -0.8961183 -0.3338325 -0.2924517
vn -0.6401736 -0.7061074 -0.3026386
vn -0.2401427 -0.9182625 -0.3148419
vn 0.1931501 -0.8631675 -0.4665136
vn 0.4492476 -0.7555572 -0.4767703
vn 0.6701466 -0.5644909 -0.4819269
vn 0.8154428 -0.3189813 -0.4830154
vn 0.8728612 -0.03730416 -0.4865405
vn 0.8365999 0.2436813 -0.4906322
vn 0.7092161 0.5048035 -0.4921238
vn 0.5166293 0.710825 -0.4773069
vn 0.2808197 0.8115546 -0.5123666
vn -0.004727193 0.8908704 -0.4542329
vn -0.1826548 0.8273726 -0.5311232
vn -0.4191184 0.7940732 -0.440213
vn -0.6686573 0.6064417 -0.4302626
vn -0.8202078 0.3819359 -0.4258923
vn -0.8992572 0.1210758 -0.4203299
vn -0.8694044 -0.06401534 -0.4899368
vn -0.8559904 -0.3041263 -0.4180762
vn -0.7414513 -0.450943 -0.4968908
vn -0.6090899 -0.667156 -0.4288501
vn -0.3758317 -0.8144864 -0.4419983
vn -0.08247448 -0.8873581 -0.4536448
vn 0.1713131 -0.7908652 -0.5875238
vn 0.3171676 -0.6738107 -0.6673709
vn 0.5165716 -0.6071022 -0.6038051
vn 0.6711819 -0.4047851 -0.6210185
vn 0.7667983 -0.1632961 -0.6207695
vn 0.7754114 0.09077663 -0.6248974
vn 0.7365914 0.3033011 -0.6045176
vn 0.6341999 0.4575964 -0.6232143
vn 0.4573672 0.6449502 -0.6122536
vn 0.09518494 0.7976355 -0.5955817
vn -0.2779709 0.6992607 -0.6586096
vn -0.5048347 0.6545407 -0.5627775
vn -0.6156827 0.4774666 -0.6268656
vn -0.7599145 0.3496158 -0.5479953
vn -0.7682431 0.1567059 -0.6206818
vn -0.7480357 -0.2115498 -0.6290383
vn -0.5515488 -0.6045264 -0.5747537
vn -0.3420165 -0.7432364 -0.5749995
vn -0.08952925 -0.8032067 -0.5889341
vn 0.0752115 -0.6894317 -0.7204354
vn 0.4772295 -0.4837222 -0.7336652
vn 0.6246688 -0.2564337 -0.7375843
vn 0.6748186 -0.02483896 -0.7375655
vn 0.6231769 0.2511088 -0.7406719
vn 0.4426529 0.5191194 -0.7311453
vn 0.2094124 0.6648818 -0.7169929
vn -0.0409191 0.7047421 -0.7082826
vn -0.4416111 0.557847 -0.7026994
vn -0.6487153 0.2965927 -0.7008576
vn -0.7237223 -0.03509656 -0.6891982
vn -0.6041155 -0.4016112 -0.688297
vn -0.4097873 -0.5894428 -0.6961549
vn -0.1862529 -0.6830745 -0.7062004
vn 0.05315238 -0.5772179 -0.8148585
vn 0.2723424 -0.5030301 -0.820238
vn 0.4474851 -0.325694 -0.8328748
vn 0.5389282 -0.1247818 -0.8330582
vn 0.541209 0.06775345 -0.8381541
vn 0.4952784 0.2641777 -0.8275926
vn 0.398416 0.3900663 -0.8301283
vn 0.2308828 0.519666 -0.8225815
vn 0.01521444 0.5777754 -0.816054
vn -0.2448422 0.5405923 -0.8048679
vn -0.4588574 0.402807 -0.7919574
vn -0.5629506 0.248031 -0.7883953
vn -0.6120481 0.02324482 -0.7904789
vn -0.5666309 -0.2274472 -0.7919578
vn -0.4202349 -0.4330894 -0.7973934
vn -0.2122878 -0.5546376 -0.8045564
vn 0.1095572 -0.4157191 -0.9028704
vn 0.2859762 -0.3146697 -0.905097
vn 0.3967495 -0.09099048 -0.913406
vn 0.366801 0.1836029 -0.9120017
vn 0.1941996 0.3771467 -0.9055645
vn -0.02860499 0.4459499 -0.8946007
vn -0.2945288 0.3597254 -0.8853533
vn -0.4392807 0.1900628 -0.878014
vn -0.4855161 0.01402909 -0.8741152
vn -0.4258562 -0.2156814 -0.8787081
vn -0.2516578 -0.3873505 -0.8869205
vn -0.07702068 -0.45387 -0.887733
vn -0.2599812 -0.01981685 -0.9654103
vn -0.1864369 -0.1610292 -0.9691805
vn -0.04215965 -0.219421 -0.9747189
vn 0.1320256 -0.1489394 -0.9799929
vn 0.1815845 0.02034969 -0.9831648
vn 0.1077724 0.1686065 -0.9797739
vn -0.06802522 0.2274192 -0.9714181
vn -0.2162858 0.1250259 -0.9682918
vn 0.302611 -0.3501203 -0.8864774
vn 0.3188793 0.3715313 -0.8719406
vn 0.1692269 -0.4262154 -0.8886521
vn 0.03280463 -0.4881685 -0.8721327
vn -0.08901807 -0.5020722 -0.8602321
vn -0.2533025 -0.3779143 -0.8905159
vn -0.3918084 -0.2913666 -0.8726922
vn -0.4500371 -0.1374313 -0.8823714
vn -0.5140977 0.04237932 -0.856684
vn -0.4767846 0.1241395 -0.8702102
vn -0.3729012 0.2830529 -0.8836434
vn -0.2612938 0.4012541 -0.8779069
vn -0.1110146 0.4537173 -0.8842039
vn 0.04585747 0.4551823 -0.8892167
vn 0.1919286 0.4021751 -0.8952198
vn -0.2265735 -0.0001716317 -0.9739941
vn -0.2387065 2.022191e-05 -0.9710917
vn -0.2292321 2.694912e-05 -0.9733718
vn -0.2386402 7.375198e-06 -0.971108
vn -0.2387991 -9.396867e-06 -0.971069
vn -0.2386838 2.62806e-05 -0.9710974
vn -0.2390598 -0.0001265119 -0.9710048
vn -0.2395417 -0.0004145604 -0.9708859
vn -0.2390252 0.0002025934 -0.9710134
vn -0.2412575 -0.001746438 -0.9704595
vn -0.2386228 -8.004182e-05 -0.9711124
vn -0.200956 0.0001092177 -0.9796003
vn -0.1299011 -2.263842e-05 -0.991527
vn -0.1914529 -0.0002843582 -0.9815018
vn -0.1399253 -0.0002753861 -0.9901621
vn -0.05277488 0.0003591129 -0.9986064
vn -0.06197257 -0.0004351444 -0.9980778
vn 0.01544588 0.0001809767 -0.9998807
vn 0.006502778 2.275382e-06 -0.9999788
vn 0.06684703 0.0002709046 -0.9977632
vn 0.0718879 3.985085e-05 -0.9974127
vn 0.1256225 0.0002303312 -0.9920781
vn 0.1223741 4.372589e-05 -0.9924841
vn 0.1617171 -2.188497e-05 -0.9868371
vn 0.1709587 8.610081e-05 -0.9852782
vn 0.2027259 -0.0001764143 -0.9792355
vn 0.1911553 0.0002188419 -0.9815598
vn 0.2185267 -0.0001644807 -0.975831
vn 0.2362703 -0.0007674156 -0.9716871
vn 0.2555996 -0.01086392 -0.9667217
vn 0.293114 -0.0007659249 -0.9560772
vn 0.2990409 -0.003377741 -0.9542343
vn 0.2999162 0.0004391077 -0.9539655
vn 0.2539491 0.0007612976 -0.9672173
vn 0.2879228 0.003021206 -0.9576488
vn 0.2571437 0.01192932 -0.9662996
vn 0.2457246 0.01629817 -0.9692026
vn 0.1088165 0.1474958 0.9830585
vn 0.0909586 0.4350728 0.8957891
vn 0.2030004 0.3303754 0.9217607
vn 0.4599598 0.1767148 0.8701774
vn 0.3682078 0.1965328 0.9087342
vn 0.4909163 0.2969007 0.819055
vn 0.4014646 0.3849988 0.8310247
vn 0.2490844 0.1530499 0.9563121
vn 0.2306415 0.369001 0.9003571
vn 0.02718445 0.2513837 0.9675056
vn -1.122815e-05 0.4332944 0.9012525
vn -0.04650717 0.2101594 0.9765603
vn -0.1068953 0.2999758 0.9479388
vn -0.1114724 0.3022002 0.9467043
vn -0.2141571 0.3324898 0.9184701
vn -0.1806624 0.3195655 0.9301822
vn -0.3035795 0.3842774 0.8718775
vn -0.3058121 0.3848593 0.87084
vn -0.5058385 0.4533418 0.7338996
vn -0.3820634 0.3880863 0.8386994
vn -0.6935959 0.5888907 0.4148885
vn 0.6676052 0.7434193 0.04038624
vn 0.7484208 0.6621599 -0.03755787
vn 0.8134867 0.5815433 0.006838808
vn 0.8518748 0.5230916 -0.02616241
vn 0.8974335 0.4383224 0.04986544
vn 0.8711897 0.3023104 0.3868295
vn 0.9586836 0.2743558 0.07519752
vn 0.9082285 0.1858961 0.3749183
vn 0.9911054 0.1329871 -0.004955162
vn 0.910309 0.101512 0.4012889
vn 0.9993595 0.03578655 -7.447653e-05
vn 0.91852 0.02039068 0.3948483
vn 0.9954175 -0.07496137 0.05936838
vn 0.9740189 -0.01478557 0.2259831
vn 0.9169528 -0.1151642 0.3820142
vn 0.9790306 -0.2004961 0.03605998
vn 0.895218 -0.218278 0.3885094
vn 0.9366315 -0.3503049 -0.002804131
vn 0.8532422 -0.3051183 0.4229427
vn 0.8403344 -0.5403299 0.04338032
vn 0.884555 -0.4645728 -0.04164934
vn 0.7340838 -0.6730191 -0.09036738
vn 0.6582818 -0.7523466 0.02529021
vn 0.3653457 -0.2268714 0.9028023
vn 0.3341334 -0.2323342 0.9134417
vn 0.4447269 -0.2527489 0.8592647
vn 0.4525413 -0.197283 0.8696469
vn 0.3171867 -0.322568 0.8918198
vn 0.1763559 -0.1433594 0.9738309
vn 0.1766627 -0.3991383 0.8997105
vn 0.06595919 -0.3146791 0.9469036
vn 0.01499288 -0.2592551 0.9656925
vn 0.08076484 -0.2326642 0.9691978
vn -0.3223579 -0.5150524 0.7942332
vn -0.3326422 -0.3215247 0.8865501
vn -0.2073255 -0.2549127 0.9444764
vn -0.4287452 -0.3940759 0.8129463
vn -0.4336628 -0.388242 0.813145
vn -0.1783191 -0.3805048 0.907424
vn -0.1707061 -0.4579319 0.8724436
vn -0.05845316 -0.1193506 0.9911301
vn -0.0252974 -0.4902002 0.8712426
vn 0.5349389 -0.8448447 -0.008819964
vn 0.4637105 -0.8856694 0.0237119
vn 0.3023562 -0.9531184 -0.01208219
vn 0.2686487 -0.963202 -0.008353715
vn 0.107625 -0.9940438 0.01714455
vn 0.1666124 -0.9853905 -0.03529499
vn 0.03297478 -0.9987424 -0.03776662
vn -0.02058478 -0.9987051 0.04652196
vn -0.09130785 -0.995519 -0.02459093
vn -0.1440298 -0.9895697 -0.002677591
vn -0.2532799 -0.9673924 0.001066851
vn -0.2694249 -0.9630073 -0.005229861
vn -0.5640358 -0.8247699 -0.04022766
vn -0.4626443 -0.8861934 0.0249312
vn -0.3765402 -0.9263139 -0.01265631
vn -0.6588903 -0.7522194 0.005427823
vn -0.7138951 -0.5951036 0.3690604
vn -0.8161629 -0.5770941 0.02899022
vn -0.8258415 -0.4184143 0.3780411
vn -0.9359168 -0.3516972 0.01920763
vn -0.908991 -0.2612113 0.3248136
vn -0.9854379 -0.169997 -0.003622569
vn -0.9235809 -0.1228243 0.3631977
vn -0.9984348 -0.05423241 0.01366646
vn -0.9516007 -0.021825 0.306561
vn -0.9999329 0.0115667 -0.0005970665
vn -0.9768352 0.01641588 0.2133627
vn -0.9966208 0.08213806 -0.0006552907
vn -0.9483936 0.0735162 0.3084558
vn -0.9856249 0.1689476 -0.0003881036
vn -0.9213939 0.1900468 0.3389919
vn -0.7410444 0.6714536 0.001795895
vn -0.8589998 0.5119278 -0.007021686
vn -0.8321477 0.4471694 0.3279781
vn -0.874554 0.3411603 0.344623
vn -0.9482232 0.3164651 0.02688197
vn -0.2334847 0.97236 0.0008839429
vn -0.2477144 0.968833 0.0005119376
vn -0.3677349 0.9299287 -0.001913237
vn -0.4098192 0.9121617 0.003046442
vn -0.544304 0.8388872 0.00121156
vn -0.5739926 0.81886 -0.0008625257
vn -0.1264589 0.9919627 -0.004266538
vn -0.03947468 0.9992111 -0.004339647
vn -0.0175571 0.9998 0.009581746
vn -0.1259083 0.9920255 -0.005705436
vn 0.1601403 0.9849576 -0.06491096
vn 0.0883912 0.9955527 0.03258584
vn 0.02128645 0.9994128 -0.02684948
vn 0.2614944 0.9632506 0.06139214
vn 0.3567206 0.9335278 -0.03572362
vn 0.5628869 0.8264862 -0.008882166
vn 0.4727457 0.8808701 0.02406991
vn 0.4549714 0.6971225 -0.554095
vn 0.6676443 0.667941 -0.3287946
vn 0.438938 0.8000306 -0.4090043
vn 0.4156509 0.820227 -0.3930165
vn 0.2943636 0.880087 -0.3725547
vn 0.2346589 0.9334818 -0.2711953
vn 0.09018513 0.8977625 -0.4311486
vn 0.2212109 0.9681134 -0.1175679
vn 0.08648736 0.9789211 -0.1850224
vn 0.01667828 0.9223126 -0.3860846
vn 0.9004423 0.06420095 0.4302116
vn 0.9105652 -0.06070974 0.4088832
vn 0.9034777 0.1448637 0.4034135
vn 0.8321998 0.2218607 0.5081549
vn 0.721818 0.299073 0.6241267
vn 0.5644215 0.2499804 0.7867262
vn 0.5556751 0.1977885 0.8075302
vn -0.6966126 0.3594698 0.6208965
vn -0.5289998 0.3397775 0.7776313
vn -0.8519425 0.2252163 0.4727277
vn -0.9772294 0.1275064 0.1696019
vn -0.967623 0.03724577 0.2496366
vn -0.9729778 -0.002024016 0.2308897
vn -0.03690217 0.9247023 -0.3788982
vn 0.02020926 0.9848721 -0.1721007
vn -0.1326542 0.9899746 -0.04850884
vn -0.04286218 0.911822 -0.4083423
vn -0.1227204 0.8697252 -0.4780353
vn -0.2481504 0.9363215 -0.2484419
vn -0.2718948 0.922902 -0.2726263
vn -0.3024587 0.7766389 -0.5525855
vn -0.3845237 0.6498123 -0.6556565
vn -0.3598944 0.768471 -0.5290826
vn 0.8874747 -0.1549368 0.4340313
vn 0.7841076 -0.2028691 0.5865316
vn 0.6985236 -0.2514069 0.6699697
vn 0.5485151 -0.1909317 0.8140492
vn 0.5953473 -0.2693475 0.7569765
vn 0.05629952 -0.8909678 -0.4505628
vn 0.01246125 -0.9986964 -0.04950146
vn 0.1678641 -0.9811937 0.09529318
vn 0.1712972 -0.9780844 0.1183563
vn 0.1176706 -0.8082584 -0.5769506
vn 0.3508272 -0.9117062 0.2138038
vn 0.2330777 -0.690901 -0.6843468
vn 0.2747914 -0.754662 -0.5957977
vn 0.4210864 -0.7815219 -0.4603367
vn 0.4092682 -0.7950551 -0.4476461
vn 0.5594965 -0.7138352 -0.4211923
vn 0.5739813 -0.6007166 -0.5564935
vn -0.1221658 -0.9415522 -0.3139345
vn -0.08857767 -0.9518278 -0.2935607
vn -0.04134345 -0.9468284 -0.3190717
vn -0.01882228 -0.951917 -0.3057771
vn -0.1619618 -0.7936037 -0.5864823
vn -0.2146591 -0.9765397 -0.01707834
vn -0.1591228 -0.782434 -0.6020605
vn -0.3905401 -0.9166904 0.08459991
vn -0.221514 -0.6472936 -0.7293439
vn -0.517991 -0.8094481 -0.2765486
vn -0.2053424 -0.6337142 -0.7458155
vn -0.3490644 -0.5669041 -0.7461728
vn -0.7725587 -0.2661418 0.5764733
vn -0.6245695 -0.3754502 0.6847994
vn -0.9964858 -0.07841261 0.02945164
vn -0.699111 -0.07782737 0.7107648
vn -0.9173072 -0.1927421 0.3484221
vn 0.05709399 0.3068607 0.9500404
vn 0.06911489 0.3357532 0.9394109
vn 0.1430206 0.2979344 0.9438115
vn 0.3468932 0.2563905 0.9021802
vn 0.2460371 0.282104 0.9272988
vn 0.2797879 0.3031827 0.910933
vn 0.165742 0.3034356 0.9383264
vn 0.485038 0.4989951 -0.7181519
vn 0.7645507 0.5155063 -0.3869309
vn 0.5734505 0.3827249 -0.7243453
vn 0.6399556 -0.05371901 -0.7665318
vn 0.6568125 -0.02184766 -0.7537373
vn 0.588356 0.02061771 -0.8083391
vn 0.6458843 0.07524049 -0.7597185
vn 0.6339318 0.1500628 -0.7586907
vn 0.6439013 0.1296496 -0.7540438
vn 0.6524616 0.227564 -0.7228475
vn 0.6607605 0.2698858 -0.7003979
vn 0.7404451 0.3362558 -0.5819562
vn -0.512711 0.352778 -0.7827356
vn -0.4505307 0.5058258 -0.7356374
vn -0.6739736 0.5422272 -0.5017462
vn -0.5112945 0.6567821 -0.5542699
vn -0.4161651 0.0005538219 -0.9092889
vn -0.306429 -0.02353332 -0.9516026
vn -0.2338354 0.006848955 -0.9722521
vn -0.7036737 0.04215017 -0.709272
vn -0.2593395 0.05344457 -0.9643064
vn -0.7328563 0.1389676 -0.6660404
vn -0.5167012 0.2686422 -0.8129276
vn -0.5122851 0.2702081 -0.8152003
vn -0.3880606 0.157849 -0.9080158
vn -0.09305681 0.3586591 0.9288186
vn -0.07627901 0.3223621 0.9435381
vn -0.1623167 0.3512415 0.9221078
vn -0.2063744 0.3854106 0.899371
vn -0.02768006 0.3231402 0.9459462
vn -0.02052005 0.305033 0.9521207
vn -0.2962884 0.4026584 0.8660712
vn 0.7118107 -0.5012833 -0.4919761
vn 0.5937885 -0.3830234 -0.7076074
vn 0.6096544 -0.544712 -0.5758563
vn 0.7012355 -0.3324851 -0.6306523
vn 0.7195396 -0.3039679 -0.6243927
vn 0.5541396 -0.181959 -0.8122932
vn 0.8820627 -0.201855 -0.4256992
vn 0.4904936 -0.07416221 -0.8682833
vn 0.1791701 -0.306125 0.9349789
vn 0.06019908 -0.3353937 0.9401527
vn 0.0772923 -0.2997432 0.9508837
vn 0.293899 -0.2672032 0.9177287
vn 0.2644332 -0.2892951 0.919991
vn 0.1921013 -0.2897985 0.9376107
vn -0.1123499 -0.3320138 0.9365599
vn -0.02722699 -0.3154815 0.9485411
vn -0.02596995 -0.3518485 0.9356967
vn -0.2188738 -0.3809295 0.8983246
vn -0.1300619 -0.3714252 0.919308
vn -0.3590749 -0.4056668 0.8405353
vn -0.4806972 -0.3830848 0.7887815
vn -0.3670142 -0.4121766 0.833913
vn -0.232294 -0.3985627 0.8872357
vn -0.6470363 -0.6528805 -0.3938161
vn -0.5430763 -0.0470276 -0.8383654
vn -0.3852912 -0.1008871 -0.9172636
vn -0.4199712 -0.1262191 -0.8987173
vn -0.6744586 -0.2832246 -0.6818279
vn -0.42946 -0.2767899 -0.8596228
vn -0.5441999 -0.4454108 -0.7109541
vn -0.4002621 -0.3898692 -0.8293324
vn 0.6969469 0.1378224 -0.7037542
vn 0.6999111 0.1374792 -0.7008737
vn 0.674795 0.0001506307 -0.7380053
vn 0.6914253 -0.05624069 -0.7202556
vn 0.6823286 -0.1413222 -0.7172557
vn 0.6918275 -0.2064728 -0.6919131
vn 0.6837237 0.3212408 -0.65523
vn 0.6918066 0.2886877 -0.6618633
vn 0.6040627 0.6393551 -0.475745
vn 0.5998911 0.5959295 -0.5338528
vn 0.645469 0.5166367 -0.5625445
vn 0.5988371 0.4669958 -0.6506221
vn 0.5709184 0.6898577 -0.4451388
vn 0.5822748 0.7171884 -0.3828796
vn 0.5271833 0.7760587 -0.3461367
vn 0.5919211 0.7634481 -0.2584114
vn 0.5464924 0.8041167 -0.2339708
vn 0.5842491 0.7924015 -0.1753649
vn 0.5556126 0.8212414 -0.1298355
vn 0.569466 0.8081124 -0.1505416
vn -0.01104002 0.3720915 0.9281304
vn 0.06961665 0.5113398 0.8565542
vn 0.03069864 0.3924412 0.9192646
vn 0.02417666 0.4208734 0.9067971
vn -0.01197753 0.5222684 0.852697
vn 0.1640741 0.4681883 0.8682622
vn 0.6514766 0.1697548 0.7394332
vn 0.7357358 0.09534087 0.6705243
vn 0.7177339 0.1257229 0.6848736
vn 0.7716053 0.01143724 0.6359988
vn 0.7698092 -0.03952547 0.6370491
vn 0.7644516 0.05070473 0.642684
vn 0.7244548 0.04158036 0.6880671
vn 0.6887375 -0.03671902 0.7240804
vn 0.717087 0.02102081 0.6966667
vn 0.2009742 0.3594211 0.9112771
vn 0.2230508 0.4091551 0.8847827
vn 0.3914007 0.2663147 0.8808417
vn 0.5019937 0.2374677 0.8316318
vn 0.4139661 0.2296329 0.8808523
vn 0.5131991 0.2263204 0.8278924
vn 0.5712065 0.2067392 0.7943438
vn 0.6196415 0.2040567 0.7578952
vn 0.6748081 0.1735402 0.717299
vn 0.7130041 0.06946138 0.6977108
vn 0.6559946 0.1257092 0.7442232
vn 0.4163926 0.2997511 0.8583511
vn 0.417402 0.3311841 0.8462226
vn 0.4924967 0.2682258 0.8279505
vn 0.5297421 0.2953508 0.7950731
vn 0.5787186 0.206463 0.7889599
vn 0.5268034 0.2343178 0.8170516
vn 0.5952981 0.1866213 0.7815322
vn 0.5767804 0.213977 0.788377
vn 0.314875 0.3747215 0.8720307
vn 0.684566 0.07698654 0.7248741
vn 0.664269 0.1475206 0.7327921
vn -0.7288274 0.1930553 0.6569172
vn -0.7967449 0.1486576 0.585746
vn -0.8364126 0.09563192 0.539693
vn -0.9071506 0.0095273 0.4206984
vn -0.8871721 0.03813942 0.4598598
vn -0.8826481 0.07414151 0.4641502
vn -0.8565832 0.09601034 0.5069981
vn -0.821594 0.1517307 0.5495099
vn -0.04350364 0.4060327 0.9128225
vn -0.04923252 0.4700766 0.8812515
vn -0.5450951 0.3544426 0.7597643
vn -0.6713699 0.3003582 0.6775305
vn -0.6418536 0.292658 0.7087843
vn -0.4480689 0.3761609 0.8110099
vn -0.4249917 0.3952358 0.814353
vn -0.4006208 0.3873802 0.8303249
vn -0.5247664 0.3326684 0.7835508
vn -0.296886 0.4369193 0.8490938
vn -0.1736101 0.4673316 0.8668683
vn -0.1261846 0.4931678 0.860734
vn -0.8787433 0.02593 0.4765898
vn -0.8231839 0.09618402 0.5595685
vn -0.7452718 0.2300186 0.6258285
vn -0.7183116 0.2202806 0.6599278
vn -0.7702036 0.1674464 0.6154252
vn -0.6203821 0.2719785 0.7356316
vn 0.5664338 -0.8113964 -0.1441834
vn 0.5821844 -0.7817876 -0.2233148
vn 0.5529808 -0.8100006 -0.1952212
vn 0.5711633 -0.8084114 -0.14228
vn 0.5423708 -0.7740697 -0.326573
vn 0.5286283 -0.7828897 -0.3280793
vn 0.6082145 -0.6946153 -0.3841676
vn 0.5805319 -0.5425057 -0.6071823
vn 0.5495349 -0.6824105 -0.4820033
vn 0.6374602 -0.5784907 -0.5089135
vn 0.671097 -0.3938584 -0.6280957
vn 0.6848443 -0.4121874 -0.6009076
vn 0.63963 -0.3047273 -0.7057016
vn 0.7300264 0.0302164 0.6827506
vn 0.7298497 0.02660391 0.6830899
vn 0.7277361 -0.09004261 0.679921
vn 0.7285783 -0.04497465 0.6834844
vn 0.7298343 0.1483717 0.6673288
vn 0.7249122 0.112836 0.679537
vn 0.7345744 -0.1551733 0.6605465
vn 0.5426302 -0.2362186 0.8060727
vn 0.6137059 -0.1995305 0.7639061
vn 0.6325562 -0.173279 0.7548822
vn 0.08544848 -0.4216764 0.9027112
vn 0.710155 -0.1323516 0.6914932
vn 0.6721152 -0.1679079 0.7211575
vn 0.7402231 -0.09906069 0.6650239
vn 0.7411906 -0.04745724 0.669615
vn 0.4686069 -0.2413123 0.8498093
vn 0.4486323 -0.2391734 0.8611186
vn 0.5285389 -0.2112232 0.8222113
vn 0.4091452 -0.2823476 0.8676866
vn 0.3609204 -0.24127 0.9008469
vn 0.2466995 -0.3272675 0.9121597
vn 0.1822993 -0.4085671 0.8943377
vn 0.1999622 -0.4855972 0.8510057
vn 0.28054 -0.4071314 0.8692188
vn 0.3543657 -0.3472005 0.8682608
vn 0.4661646 -0.2960028 0.8337103
vn 0.5821117 -0.2156037 0.7840032
vn 0.2826011 -0.02273909 0.9589679
vn 0.6800681 -0.109931 0.7248603
vn 0.6785449 -0.1020038 0.7274421
vn 0.6043643 -0.1728373 0.7777345
vn 0.5873682 -0.2482574 0.7703031
vn 0.005259411 -0.4313877 0.9021513
vn -0.05239169 -0.4103577 0.9104183
vn -0.8662466 -0.03124437 0.4986387
vn -0.8585398 0.002498312 0.512741
vn -0.2808453 -0.4159222 0.8649478
vn -0.1777373 -0.4456849 0.8773679
vn -0.1608889 -0.474057 0.8656701
vn -0.06121842 -0.4795795 0.8753604
vn 0.03696248 -0.5212748 0.852588
vn -0.4788249 -0.3690787 0.79656
vn -0.4465318 -0.3645695 0.8171281
vn -0.580011 -0.3082984 0.7540154
vn -0.572237 -0.3048129 0.761337
vn -0.6664268 -0.244328 0.7043999
vn -0.5922095 -0.3349824 0.7328539
vn -0.8874796 -0.03131032 0.4597822
vn -0.8685351 -0.08616549 0.4880802
vn -0.8519176 -0.08041538 0.5174647
vn -0.8148947 -0.1378851 0.5629692
vn -0.8003287 -0.1801092 0.5718694
vn -0.7422642 -0.2094456 0.6365346
vn -0.7103069 -0.2709143 0.6496688
vn -0.6754768 -0.2753083 0.6840587
vn -0.8200191 -0.09984994 0.563559
vn -0.7809247 -0.1448058 0.6076083
vn -0.9076071 -0.007996684 0.4197444
vn -0.7387546 -0.1830663 0.6486358
vn 0.62155 0.7797976 -0.07477524
vn 0.6057642 0.7928489 -0.06663556
vn -0.7350155 0.1689417 -0.6566665
vn -0.7350454 0.22395 -0.6399645
vn -0.745701 0.2772853 -0.6058406
vn -0.7578664 0.3108124 -0.573615
vn -0.7649069 0.344721 -0.5441368
vn -0.7777527 0.3699511 -0.5081702
vn -0.7930651 0.3975943 -0.4614829
vn -0.7970955 0.4256429 -0.4283305
vn -0.8220261 0.4424524 -0.3584815
vn -0.8285873 0.4380306 -0.3486721
vn -0.8197284 0.4883809 -0.2992148
vn -0.8202956 0.4954115 -0.2858017
vn -0.8104355 0.5304146 -0.248706
vn -0.820469 0.5291231 -0.2164701
vn -0.7221619 0.09410305 -0.6852931
vn -0.7276775 -0.1347914 -0.672545
vn -0.7225962 -0.09727006 -0.6843926
vn -0.7209671 -0.0113162 -0.6928768
vn -0.7255785 0.05342175 -0.6860626
vn -0.7287221 -0.02891109 -0.6841991
vn -0.7373781 -0.2583091 -0.6241394
vn -0.7273386 -0.2060087 -0.6546289
vn -0.7463586 -0.2919776 -0.5980785
vn -0.7629216 -0.3481191 -0.5447601
vn -0.7730265 -0.3558058 -0.5251974
vn -0.8021303 -0.4079264 -0.4360998
vn -0.8062046 -0.4079603 -0.4284887
vn -0.8196552 -0.453465 -0.3500499
vn -0.8243762 -0.4540465 -0.3380025
vn -0.8192452 -0.5015385 -0.2780225
vn -0.8100519 -0.5016 -0.3036666
vn -0.804395 -0.5397187 -0.2482992
vn 0.5894906 -0.8020071 -0.09636146
vn 0.5833926 -0.8080552 -0.08185169
vn 0.6676998 -0.7099285 -0.2240056
vn 0.7062998 -0.695418 -0.1324171
vn 0.7825869 -0.6212931 -0.03940263
vn 0.8183672 -0.5714567 0.06092883
vn 0.8956286 -0.4263014 0.1269502
vn 0.9097819 -0.3950243 0.1274859
vn 0.9101487 -0.3024144 0.2831518
vn 0.9491681 -0.2237023 0.2214437
vn 0.9597712 -0.1101563 0.2582731
vn 0.9331747 -0.1687809 0.3173297
vn 0.9440379 0.06784827 0.3227832
vn 0.9638646 0.003364848 0.2663715
vn 0.9412657 -0.05759616 0.3327185
vn 0.9443952 0.1809333 0.2745557
vn 0.9463311 0.1613909 0.2800187
vn 0.921905 0.3355005 0.1937276
vn 0.9302984 0.3134165 0.1905649
vn 0.8659711 0.4669742 0.1789668
vn 0.8407724 0.5396072 0.04388207
vn 0.7516016 0.6583143 0.04144154
vn 0.7035912 0.6940658 -0.152421
vn 0.6840481 0.7032841 -0.1935707
vn 0.7130774 -0.01492554 0.7009264
vn 0.811341 -0.530134 0.2463407
vn 0.8126248 -0.5228717 0.257383
vn 0.814745 -0.5055236 0.2839658
vn 0.7376138 -0.2326697 0.6338696
vn 0.7482195 -0.2720829 0.6050938
vn 0.768109 -0.348001 0.5374979
vn 0.7619966 -0.3447733 0.5481722
vn 0.8012248 -0.4054999 0.4400097
vn 0.7951618 -0.4043402 0.4519146
vn 0.8076515 -0.4365494 0.3963883
vn 0.8253778 -0.4420933 0.3511482
vn 0.8157861 -0.4829466 0.3182068
vn 0.81712 -0.4953692 0.2948292
vn -0.02698794 0.6160656 0.7872323
vn 0.05714112 0.6327798 0.7722206
vn 0.4566968 0.4042149 0.7924886
vn 0.3342465 0.4790983 0.8116305
vn 0.8479418 0.2229163 0.4809396
vn 0.7319284 0.2281253 0.6420589
vn 0.8069687 0.3637916 0.4652495
vn 0.5686308 0.569665 0.5934147
vn 0.6179986 0.6323322 0.4671549
vn 0.6757522 0.4963889 0.5449377
vn 0.1419237 0.5847404 0.7987092
vn 0.2744712 0.6363304 0.7209364
vn 0.5550634 0.3970675 0.7309186
vn 0.6279619 0.335299 0.7023094
vn 0.4653394 0.5449317 0.6975017
vn 0.3431918 0.568767 0.7474781
vn 0.6446039 0.232333 0.7283592
vn 0.7271128 0.3639714 0.5820926
vn 0.1515726 0.6841306 0.7134361
vn 0.4027925 0.6718777 0.6215613
vn 0.582939 0.7538914 -0.3030343
vn 0.6021664 0.7518431 -0.2685659
vn 0.5626224 0.7385632 -0.3714573
vn 0.6001841 0.7956441 -0.08203382
vn 0.6258308 0.7677259 -0.1375971
vn 0.593783 0.7817191 -0.1906226
vn 0.5869778 0.7437729 -0.3197795
vn 0.5994205 0.7440683 -0.2950547
vn 0.5618353 0.7392685 -0.3712455
vn 0.3638585 -0.5202959 -0.7725925
vn 0.4088496 -0.5855268 -0.7000003
vn 0.3466971 -0.4811834 -0.8051482
vn 0.8152668 -0.564027 0.1312006
vn 0.7845804 -0.5858181 0.2031027
vn 0.6035853 -0.7921914 -0.09009792
vn 0.6053086 -0.7907352 -0.09132013
vn 0.6170237 -0.7567945 -0.2157403
vn 0.6181069 -0.7689401 -0.1633248
vn 0.5869154 -0.7543689 -0.2940371
vn 0.5900831 -0.7572866 -0.279855
vn 0.5704089 -0.7418641 -0.3525215
vn 0.5604128 -0.7395949 -0.3727424
vn 0.5543153 -0.7464913 -0.3680832
vn 0.5796565 -0.7357057 -0.3503363
vn 0.3020204 0.0188998 -0.9531141
vn 0.2763725 -0.01458661 -0.9609399
vn 0.3101546 -0.04794464 -0.9494765
vn 0.2798521 -0.08871093 -0.9559358
vn 0.2635224 -0.2022999 -0.9432024
vn 0.3036096 -0.1219008 -0.9449664
vn 0.2825882 -0.233921 -0.9302821
vn 0.2938164 -0.2789727 -0.9142463
vn 0.3046222 -0.3616933 -0.8811261
vn 0.3102972 -0.3995262 -0.8626091
vn 0.3620344 0.5157548 -0.7764844
vn 0.3875771 0.5547101 -0.7362612
vn 0.3144147 0.4393933 -0.841473
vn 0.3040105 0.3753617 -0.8756034
vn 0.275618 0.2660856 -0.9237062
vn 0.2637579 0.2702819 -0.925948
vn 0.2904859 0.1565725 -0.9439825
vn 0.2775317 0.126882 -0.952301
vn 0.2846815 0.05481423 -0.9570537
vn 0.2938125 0.07982299 -0.9525242
vn 0.9209481 0.3465756 0.1781567
vn 0.8149112 0.357017 0.4565726
vn 0.8271722 0.3087335 0.469542
vn 0.9425276 0.2200535 0.2514322
vn 0.9208169 0.1705221 0.3507397
vn -0.8281689 -0.05470508 0.5578024
vn -0.8421602 0.00558589 0.5391986
vn -0.8333026 0.03881901 0.5514525
vn -0.8075559 -0.3111317 0.5010496
vn -0.777827 -0.2602714 0.5720523
vn -0.7412297 -0.4477556 0.5000934
vn -0.6437861 -0.3599544 0.6752573
vn -0.7242976 -0.3065907 0.6175719
vn -0.665711 -0.4621316 0.5858867
vn -0.8157018 -0.1704465 0.5527917
vn -0.8363484 -0.08238054 0.5419731
vn -0.7438784 0.202295 0.6369628
vn -0.7740556 0.2063765 0.598537
vn -0.8089842 0.2850537 0.5140904
vn -0.7724769 0.3885835 0.5022772
vn -0.7166118 0.3633369 0.5953602
vn -0.6909206 0.4953187 0.5265815
vn -0.8333569 0.09207249 0.5450128
vn -0.8041043 0.2191195 0.5526327
vn -0.6893478 0.3119287 0.6538349
vn -0.02119659 0.7233828 0.6901217
vn -0.09519913 0.6836368 0.7235868
vn -0.6602263 0.2768634 0.6981747
vn -0.3870657 0.4178131 0.8219565
vn -0.5318268 0.361806 0.7656741
vn -0.3043984 0.4904203 0.8165963
vn -0.3468669 0.8012583 0.4875125
vn -0.2232081 0.8880152 0.4020037
vn -0.1092396 0.818655 0.5638003
vn -0.5940765 0.4360375 0.6759766
vn -0.445465 0.483302 0.7536445
vn -0.3753594 0.5687761 0.7318463
vn -0.2996013 0.614875 0.7294983
vn -0.1973728 0.5527134 0.8096616
vn -0.189852 0.6698127 0.717849
vn -0.08673394 0.5701266 0.8169656
vn -0.1962979 0.7475523 0.6345334
vn -0.3544087 0.7088881 0.6098132
vn -0.4783485 0.5918776 0.64874
vn -0.6297821 0.5864539 0.5093587
vn -0.5085683 0.6978655 0.5043232
vn -0.1080394 0.9265361 0.3603584
vn 0.8078616 0.5490791 0.2141768
vn 0.8159085 0.5209963 0.2507116
vn 0.8089284 0.5512378 0.2043814
vn 0.8148654 0.5174808 0.2611666
vn 0.7410351 0.215883 0.6358157
vn 0.7422233 0.282266 0.607808
vn 0.7642972 0.3220481 0.5586902
vn 0.7839947 0.3740066 0.4954507
vn 0.7808675 0.3818318 0.4944194
vn 0.8133045 0.4224242 0.4001171
vn 0.8168027 0.414105 0.4016844
vn 0.8181065 0.4539945 0.3529741
vn 0.8248201 0.462941 0.3245882
vn 0.7982964 0.5243798 0.2962241
vn 0.49951 -0.07638752 -0.8629338
vn 0.2861221 0.00235307 -0.9581903
vn 0.6793569 -0.03501613 -0.7329721
vn 0.4958735 -0.1698942 -0.8516135
vn 0.6901297 -0.1698363 -0.7034747
vn 0.6865321 0.07082733 -0.7236416
vn 0.4980566 0.06940555 -0.8643624
vn 0.5082335 0.1629002 -0.8456727
vn 0.6859991 0.2183808 -0.694057
vn 0.7505504 -0.0971635 0.6536309
vn 0.6552295 -0.1818412 0.7332177
vn 0.2358756 -0.5066899 0.8292334
vn 0.3478119 -0.4742641 0.8087647
vn 0.4548871 -0.3994147 0.7959557
vn 0.5393497 -0.3028777 0.7857271
vn 0.1857644 -0.5562701 0.8099723
vn 0.06900814 -0.7025293 0.7083012
vn -0.02201141 -0.6597032 0.7512039
vn -0.01254379 -0.6049566 0.7961597
vn 0.1820554 -0.6755836 0.7144526
vn 0.8106433 -0.2815267 0.5134202
vn 0.775875 -0.4156049 0.4746478
vn 0.694476 -0.3102537 0.6491885
vn 0.7136678 -0.452741 0.5345128
vn 0.7338112 -0.1992975 0.6494625
vn 0.313989 -0.6039363 0.7325789
vn 0.4662089 -0.5495843 0.6932579
vn 0.5905109 -0.4245911 0.6863085
vn 0.3212838 -0.6907203 0.6478289
vn 0.4444115 -0.6625345 0.6029481
vn 0.6028028 -0.5824007 0.5453789
vn -0.04778133 -0.8433936 0.5351674
vn -0.1295563 -0.8959388 0.4248633
vn -0.1681617 -0.7781692 0.6051235
vn -0.0265309 -0.7573898 0.6524238
vn -0.1125951 -0.675096 0.7290869
vn -0.0704948 -0.5668863 0.8207743
vn -0.3186988 -0.4587741 0.8294319
vn -0.4557661 -0.3931514 0.7985669
vn -0.6595151 -0.2633086 0.7040656
vn -0.2479967 -0.841272 0.4803738
vn -0.2033104 -0.5467681 0.812225
vn -0.2181739 -0.6613588 0.7176383
vn -0.3422395 -0.5503151 0.761594
vn -0.5665254 -0.3520741 0.7450455
vn -0.4866535 -0.4557119 0.7453154
vn -0.3272438 -0.6859819 0.6498771
vn -0.5726414 -0.4955514 0.6530778
vn -0.6234159 -0.5756519 0.5291289
vn -0.4677498 -0.5898495 0.6582458
vn -0.5229554 -0.6794523 0.5146476
vn -0.3913051 -0.7745798 0.496897
vn -0.370359 0.5295472 0.7631606
vn -0.3719474 0.5457863 0.7508478
vn -0.4379944 0.6103891 0.6599893
vn -0.4378158 0.6235386 0.6477013
vn -0.5203124 0.6658973 0.5346548
vn -0.5245589 0.6667073 0.5294708
vn -0.6514746 0.6624867 0.3697191
vn -0.5943114 0.6624597 0.4560055
vn -0.7243192 0.6372413 0.2632211
vn -0.8081188 0.5846717 -0.07143468
vn -0.7744601 0.6270434 0.0838337
vn -0.7532395 0.6468998 0.118958
vn -0.7878488 0.5973355 -0.1499491
vn 0.697083 0.7059729 -0.1252107
vn 0.6195062 0.7807867 -0.08114325
vn 0.803614 0.5939546 -0.03771689
vn 0.5752648 0.7922741 -0.2034015
vn 0.7419233 0.6493596 -0.1669786
vn 0.5879859 0.7349161 -0.3378918
vn 0.8159195 0.5522658 -0.1711077
vn 0.797356 0.5283958 -0.291584
vn 0.6166987 0.6241728 -0.4796781
vn 0.8194268 0.4582992 -0.3442405
vn 0.6538804 0.5048159 -0.5635614
vn 0.8530378 0.3598522 -0.3779325
vn 0.7925382 0.3266304 -0.5149717
vn 0.667033 0.3968821 -0.6305168
vn 0.9008954 0.1953183 -0.3876059
vn 0.6990756 0.2410018 -0.6732098
vn 0.8380129 0.1416125 -0.5269538
vn 0.6976009 -0.03892058 -0.7154287
vn 0.6951862 0.08743013 -0.7134929
vn 0.8788956 -0.002713054 -0.4770066
vn 0.8633085 0.0537325 -0.501808
vn 0.8161485 -0.1193833 -0.5653754
vn 0.6976892 -0.194573 -0.6894717
vn 0.841862 -0.3154208 -0.4379247
vn 0.6824968 -0.3549951 -0.6388869
vn 0.8670663 -0.1997987 -0.4563731
vn 0.8562341 -0.3498823 -0.38006
vn 0.645595 -0.5091799 -0.5691599
vn 0.7830443 -0.4853091 -0.3889943
vn 0.833989 -0.4845228 -0.2640074
vn 0.6117625 -0.6463585 -0.4560342
vn 0.68407 -0.6532422 -0.3245351
vn 0.5585551 -0.7680007 -0.3133548
vn 0.7558703 -0.6307124 -0.1756756
vn 0.5842428 -0.7940822 -0.1676118
vn 0.7958937 -0.597813 -0.09577413
vn 0.7313667 -0.6786993 -0.06685797
vn -0.8091096 -0.5450609 -0.2196595
vn -0.8067707 -0.5586687 -0.1923806
vn -0.3740461 -0.5379225 0.755466
vn -0.3761724 -0.5296652 0.7602296
vn -0.4127222 -0.596415 0.68844
vn -0.4379731 -0.6174095 0.653441
vn -0.486841 -0.6451144 0.5889086
vn -0.5165097 -0.6827065 0.5168458
vn -0.6234265 -0.6764475 0.3921203
vn -0.6035187 -0.6713018 0.4302548
vn -0.7245591 -0.6517466 0.224144
vn -0.6941359 -0.6517643 0.3055792
vn -0.7914225 -0.6077664 0.06534779
vn -0.7901698 -0.6107292 -0.05139631
vn -0.805658 -0.5770927 -0.1337133
vn -0.2793206 -0.1880541 0.9416028
vn -0.2471514 -0.145151 0.9580436
vn -0.2658811 -0.2666105 0.926405
vn -0.2884114 -0.3216984 0.9018475
vn -0.313051 -0.400518 0.8611529
vn -0.3242353 -0.4475603 0.8334035
vn -0.2728837 -0.1133736 0.9553433
vn -0.2896888 -0.07541501 0.9541451
vn -0.2896883 0.02740647 0.9567286
vn -0.2617178 -0.03525468 0.9645003
vn -0.2959585 0.001550303 0.9551995
vn -0.315818 0.433986 0.8437507
vn -0.3259609 0.4337634 0.8399993
vn -0.2885953 0.3078488 0.9066101
vn -0.2881928 0.3042807 0.9079418
vn -0.2725629 0.2015625 0.940788
vn -0.2740217 0.2157609 0.9372082
vn -0.2951576 0.1260775 0.9470937
vn -0.2807828 0.0962383 0.9549341
vn -0.3008992 0.05815903 0.9518809
vn 0.7415683 0.5362467 0.4031325
vn 0.9368417 0.2120768 -0.2781205
vn 0.9575389 0.05150657 -0.2836657
vn 0.9934257 0.09381898 -0.0656002
vn 0.9698631 0.237046 -0.05634635
vn 0.9223404 0.3250039 -0.2089511
vn 0.8540764 0.4238909 0.3014464
vn 0.7548275 0.1332519 0.6422455
vn 0.9198942 0.389648 -0.0443727
vn 0.8674224 0.47082 -0.1609559
vn 0.8782127 0.4765218 0.04085845
vn 0.831771 0.5493189 -0.08003563
vn 0.9686608 0.2299243 0.0939737
vn 0.7144561 0.6289604 0.306531
vn 0.8154432 0.5508134 0.1779241
vn 0.7614723 0.6441547 0.07228182
vn 0.7561135 0.6542312 -0.01655218
vn 0.9194996 0.3570848 0.1643496
vn 0.9345636 0.2297439 0.271677
vn 0.7403868 0.6575575 -0.1394465
vn 0.6050457 0.7875977 -0.1166605
vn 0.8411703 0.09266887 0.5327712
vn 0.9297708 0.08143634 0.3590187
vn 0.868826 0.01330049 0.4949389
vn 0.7783559 -0.0202562 0.6274964
vn 0.9606783 0.01545823 0.277233
vn 0.9979632 -0.001624211 -0.06377113
vn 0.9957977 0.07133732 0.0574269
vn 0.9733397 0.1188145 0.1961965
vn 0.2697771 0.9362705 -0.224984
vn 0.5502226 0.8225729 -0.143628
vn 0.2638742 0.9284533 -0.2614288
vn 0.5386021 0.8126029 -0.2226757
vn 0.2656935 0.9102838 -0.3174751
vn 0.5431641 0.7659613 -0.343913
vn 0.400104 0.84677 -0.3505673
vn 0.44424 0.7770023 -0.4460024
vn 0.4119976 0.7292466 -0.5463124
vn 0.5872967 0.6598051 -0.4687641
vn 0.266815 0.6916244 -0.6711671
vn 0.6242323 0.5387813 -0.5657285
vn 0.2603736 0.6385054 -0.724235
vn 0.6685365 0.378595 -0.6400974
vn 0.4337508 0.3900154 -0.8122489
vn 0.4482035 0.4552697 -0.7693134
vn 0.4375788 0.5433512 -0.7164456
vn 0.41108 0.2915954 -0.8637044
vn 0.6212741 0.7835603 0.007205824
vn 0.2211995 0.7516381 0.6213782
vn 0.04095299 0.7616172 0.6467318
vn 0.5044153 0.7094733 0.4921513
vn 0.6504315 0.7453426 0.1462988
vn 0.4331249 0.8976187 -0.08175313
vn 0.4617015 0.8851396 0.05796227
vn 0.3276626 0.9443326 -0.02955053
vn 0.2648752 0.9630072 0.04958189
vn 0.191777 0.9813336 -0.01434956
vn 0.04141384 0.9974369 0.05834744
vn -0.1336513 0.9764605 0.1692992
vn -0.2296125 0.9446855 0.2341954
vn -0.2797255 0.9517384 0.1262837
vn 0.03895795 0.8820283 0.4695832
vn 0.3459285 0.866859 0.359011
vn 0.5230154 0.7721702 0.3608435
vn 0.3609581 0.7741154 0.5200525
vn 0.2220905 0.8257751 0.5184315
vn 0.19959 0.8931457 0.4030564
vn 0.3150483 0.9339251 0.1689039
vn 0.1505423 0.9475985 0.2817698
vn 0.5087629 0.8370306 0.2013457
vn -0.03960627 0.9373174 0.3462188
vn -1.20617e-05 0.9789636 0.204035
vn 0.1511663 0.9810016 0.1215924
vn 0.1282945 0.8297294 0.5432217
vn 0.4334554 -0.6228157 -0.6513194
vn 0.4860547 -0.6535223 -0.5802236
vn 0.5233333 -0.6896408 -0.5005178
vn 0.6167963 -0.6680543 -0.4162522
vn 0.6749511 -0.6536236 -0.34237
vn 0.715366 -0.654416 -0.2449306
vn 0.7617978 -0.6303811 -0.1492777
vn 0.7743399 -0.6296842 -0.06241433
vn 0.7832694 -0.620553 0.03745666
vn 0.6243576 0.7810984 0.007937414
vn 0.737234 0.6681211 -0.1004993
vn 0.6369103 0.7292889 -0.2499659
vn 0.5416116 0.8289755 -0.1394868
vn 0.682782 0.7229686 0.1054757
vn 0.8301715 0.5558866 0.0424892
vn 0.7341509 0.6536494 0.1837521
vn 0.7689236 0.4427976 0.4611798
vn 0.8474981 0.4804941 0.2255489
vn 0.7550831 0.5887517 0.2884803
vn 0.8852224 0.451149 0.1133397
vn 0.4900411 0.8641636 -0.1143717
vn 0.5981224 0.7971205 -0.08275543
vn 0.2887677 0.9408908 -0.177024
vn 0.7896689 0.6095083 0.07016204
vn 0.7889562 0.6121727 0.05284655
vn 0.7612981 0.6340197 -0.1358096
vn 0.75569 0.6376178 -0.1495868
vn 0.6721215 0.6608194 -0.3340214
vn 0.6631547 0.6662375 -0.3411061
vn 0.5410621 0.6619439 -0.5187312
vn 0.5677802 0.6744286 -0.4719869
vn 0.4467337 0.6549199 -0.6095154
vn 0.4212353 0.6114659 -0.6698287
vn 0.9375507 -0.07853998 0.3388661
vn 0.9637377 -0.1336888 0.2309478
vn 0.9751668 -0.02168341 0.2204076
vn 0.8932604 -0.3281577 0.3072435
vn 0.9100838 -0.3929221 0.1317557
vn 0.9462761 -0.2536047 0.2006151
vn 0.7353017 -0.6412572 0.2193641
vn 0.8321716 -0.5536677 0.03070197
vn 0.7789512 -0.5686975 0.2642313
vn 0.8370581 -0.4611437 0.2944148
vn 0.9293747 -0.212604 0.3017654
vn 0.8452656 -0.1475673 0.513566
vn 0.860633 -0.01057675 0.5091159
vn 0.8761524 0.04204144 0.4801975
vn 0.9704616 0.08879367 0.2243211
vn 0.8512158 0.09864762 0.5154611
vn 0.633387 -0.7730218 -0.0354709
vn 0.7169359 -0.6827083 -0.1411108
vn 0.7127087 -0.6952413 0.0931979
vn 0.7822235 0.2503268 0.5704935
vn 0.7649355 0.166499 0.6222152
vn 0.7683017 -0.08109929 0.6349295
vn 0.7791901 -0.2096748 0.5906771
vn 0.7748181 -0.2984143 0.5573202
vn 0.7356699 -0.415085 0.5352517
vn -0.8347383 -0.4469059 0.3216944
vn -0.8688675 -0.4307865 0.2439104
vn -0.8992871 -0.2690432 0.3448166
vn -0.8667344 -0.1797477 0.4652552
vn -0.8734454 -0.05769419 0.483492
vn -0.9330366 -0.294605 0.2065202
vn -0.9807513 -0.1670987 0.1010192
vn -0.9811677 -0.1624888 0.104438
vn -0.9839718 -0.03860711 0.174095
vn -0.9015645 -0.4162849 0.1178494
vn -0.8414664 -0.5285697 0.1120198
vn -0.7739803 -0.6301523 0.06215004
vn -0.4699897 -0.8826571 -0.005109563
vn -0.4522019 -0.8901051 0.05680056
vn -0.3213978 -0.945849 0.04553128
vn -0.2926898 -0.9559454 -0.02238274
vn -0.6253531 -0.7791824 0.04252631
vn -0.7434521 -0.6632624 0.08580229
vn -0.6198733 -0.7692078 0.1551659
vn -0.7429199 -0.6456934 0.176494
vn -0.4854002 -0.8524286 0.1942986
vn -0.5806239 -0.7147064 0.3899623
vn -0.6536905 -0.6847497 0.3221902
vn -0.7101356 -0.5686867 0.4150937
vn -0.7583455 -0.5667077 0.3221095
vn -0.8246021 -0.3743595 0.4241302
vn -0.4750338 -0.7985556 0.3696645
vn -0.3735783 -0.9074333 0.1923646
vn -0.9515592 -0.03805097 0.305102
vn -0.9509416 -0.1389579 0.2764066
vn -0.9079452 -0.08880111 0.4095728
vn -0.9327815 0.02029687 0.3598705
vn -0.993736 0.05107651 0.09939704
vn -0.9832161 0.06974088 0.1685895
vn -0.3343464 0.9421272 0.02467047
vn -0.3773522 0.9126396 0.1571445
vn -0.5095369 0.8436888 0.1690008
vn -0.4322651 0.9014004 0.02498338
vn -0.2927393 0.956021 -0.01809488
vn -0.4823337 0.8758865 0.01330672
vn -0.8099216 0.56337 0.1632218
vn -0.7821663 0.6179499 0.07971109
vn -0.7134518 0.694825 0.09057949
vn -0.6104043 0.7920619 -0.006670269
vn -0.9126887 0.3875147 0.1297369
vn -0.9735444 0.2016351 0.1074933
vn -0.8744894 0.06475959 0.4807021
vn -0.8676071 0.1817817 0.4628319
vn -0.569038 0.7295241 0.3794605
vn -0.9214981 0.115706 0.3707469
vn -0.9004957 0.2651427 0.3446837
vn -0.822928 0.3713069 0.430024
vn -0.5868287 0.7628978 0.2713282
vn -0.7086328 0.5920088 0.3838817
vn -0.7813163 0.5555701 0.2844058
vn -0.8240175 0.4477049 0.3472111
vn -0.9253213 0.3056302 0.224434
vn -0.4400816 0.8228969 0.3594007
vn -0.3776464 0.8899698 0.255611
vn -0.6697958 0.7189918 0.1855384
vn -0.965452 0.1676004 0.1995309
vn -0.8819373 0.441469 0.1652021
vn -0.2703191 0.9023448 0.3357101
vn 0.5461894 -0.8203234 -0.1695482
vn 0.5599132 -0.8217508 -0.1059381
vn 0.4206557 -0.8925256 -0.162625
vn 0.4074359 -0.9063361 -0.1120308
vn 0.6776472 -0.3108724 -0.6664479
vn 0.4502008 -0.285639 -0.846008
vn 0.4388523 -0.4538938 -0.7754927
vn 0.4062291 -0.4046543 -0.819288
vn 0.645628 -0.4770077 -0.5963457
vn 0.4228718 -0.5526922 -0.7181301
vn 0.2693298 -0.6361955 -0.7229916
vn 0.6109342 -0.5976911 -0.5191578
vn 0.4215623 -0.6550303 -0.627073
vn 0.4392735 -0.7186198 -0.539096
vn 0.5661055 -0.715314 -0.4096954
vn 0.4288587 -0.7931187 -0.4324845
vn 0.5401341 -0.7910099 -0.28733
vn 0.4255802 -0.8315836 -0.3568615
vn 0.4477098 -0.8598852 -0.2452619
vn 0.08818779 -0.2278367 -0.9696975
vn 0.07551963 -0.1091163 -0.991156
vn 0.0709817 0.1097504 -0.9914214
vn 0.1144472 0.2253917 -0.9675229
vn 0.3990293 0.149579 -0.9046556
vn 0.2266944 0.290453 -0.9296486
vn 0.01796861 0.1224925 -0.9923068
vn 0.4525236 0.3270442 -0.829617
vn 0.7789741 0.2211575 -0.5867612
vn 0.7774583 0.09051419 -0.6223871
vn 0.4880013 0.0003331615 -0.8728429
vn 0.7601026 -0.03529534 -0.6488439
vn 0.03557473 0.0002954171 -0.9993671
vn -0.03368517 0.2801699 -0.9593592
vn 0.9104373 -0.2811666 -0.3033962
vn 0.9426519 -0.1621393 -0.2917504
vn 0.6588774 -0.2033076 -0.7242559
vn 0.7357909 -0.3228188 -0.5953149
vn 0.5119562 -0.294613 -0.8069102
vn 0.106563 -0.1215027 -0.9868543
vn 0.2095374 -0.3017794 -0.9300663
vn -0.0492496 -0.2440068 -0.9685221
vn 0.5395327 -0.09156105 -0.8369714
vn 0.910578 -0.09058534 -0.4032892
vn 0.9947276 -0.08271559 0.06062182
vn 0.8479048 -0.4142034 0.3308973
vn 0.7683489 -0.5429549 0.3388803
vn 0.8246316 -0.5348889 0.184056
vn 0.6852428 -0.6982056 0.2072467
vn 0.9136966 -0.4041157 -0.04300096
vn 0.8651259 -0.4584628 -0.2033938
vn 0.8012072 -0.5765954 -0.1600149
vn 0.7747954 -0.6318395 -0.02170067
vn 0.670923 -0.7366665 -0.08476244
vn 0.9400163 -0.3209941 -0.1154646
vn 0.9811758 -0.1916501 -0.02375215
vn 0.9658239 -0.08973837 0.243169
vn 0.905157 -0.09067737 0.4152931
vn 0.8313519 -0.1448178 0.5365462
vn 0.9031774 -0.2316566 0.3613943
vn 0.9050684 -0.3807172 0.1894881
vn 0.9528139 -0.2392863 0.1867827
vn 0.8773258 -0.4781581 0.04079489
vn 0.9426112 -0.3327033 0.02815319
vn 0.9933017 -0.08661028 -0.07648695
vn 0.7290239 -0.6783211 0.09167618
vn 0.6836925 -0.7294557 -0.02142423
vn 0.3016067 -0.9367149 0.1777596
vn 0.5173178 -0.8449468 0.1358205
vn 0.3166022 -0.9469259 0.05562739
vn 0.3708597 -0.9277691 -0.04132312
vn 0.2083232 -0.9779441 -0.01506057
vn -0.01965039 -0.9185064 0.3949177
vn -0.2289768 -0.947315 0.2239727
vn -0.1411217 -0.9466049 0.2898685
vn -0.09777245 -0.9716957 0.2150538
vn -0.2371466 -0.9624529 0.1320836
vn -0.1157352 -0.9868182 0.1131166
vn 0.1152534 -0.9913272 0.06314219
vn 0.520668 -0.8496473 -0.08369165
vn 0.5404394 -0.84063 0.03558741
vn 0.6618781 -0.6474691 0.3777578
vn 0.4951249 -0.7227042 0.4822344
vn 0.0899195 -0.9329762 0.3485253
vn 0.0009270873 -0.9888613 0.1488374
vn 0.1716767 -0.9620419 0.212138
vn 0.289931 -0.767741 0.5714139
vn 0.4793132 -0.7907721 0.3807078
vn 0.4545736 -0.8467623 0.2763266
vn 0.0920186 -0.8017699 0.5905061
vn 0.1486292 -0.8658444 0.4777267
vn 0.2460912 -0.8465792 0.4719564
vn 0.2251194 -0.9110824 0.345326
vn -0.349362 -0.8761576 0.3321055
vn -0.2196258 -0.9166467 0.333951
vn -0.01260032 0.0696125 0.9974945
vn -0.04254775 0.1641432 0.9855185
vn 0.07003184 0.2902708 0.9543785
vn -0.0868861 0.3180635 0.9440796
vn -0.162088 0.3961958 0.9037457
vn 0.01632377 0.5552391 0.8315305
vn -0.1244501 -0.3586487 0.9251397
vn -0.05118331 -0.2307409 0.9716681
vn 0.001632693 -0.5206336 0.8537787
vn 0.02260324 -0.4703088 0.8822124
vn 0.005276489 -0.3615246 0.9323477
vn 0.04021245 -0.237722 0.9705005
vn 0.02994393 -0.2668976 0.9632596
vn 0.05880386 -0.1450604 0.9876739
vn 0.05114172 -0.1260808 0.9907008
vn 0.07092511 -0.009691775 0.9974345
vn 0.132493 0.01909358 0.991
vn 0.1240334 -0.06196694 0.9903412
vn 0.008165795 -0.01571555 0.9998432
vn 0.1262875 -0.138145 0.9823275
vn 0.08484796 -0.2419159 0.9665803
vn -0.02732687 -0.1370463 0.9901876
vn 0.008978934 -0.07648924 0.99703
vn 0.0218187 0.3847096 0.9227797
vn -0.00776242 0.4295808 0.9029951
vn 0.05169762 0.1277817 0.990454
vn 0.09938142 0.09528816 0.9904764
vn 0.03308773 0.2515805 0.9672707
vn 0.07831322 0.1728747 0.9818255
vn 0.009284805 0.03171011 0.999454
vn -0.4854812 -0.5374838 0.6895065
vn -0.3776395 -0.5752769 0.7255653
vn -0.4584634 -0.4299248 0.7778021
vn -0.4080341 0.1529549 0.9000627
vn -0.5400656 0.1185425 0.8332328
vn -0.4814701 0.005203611 0.876447
vn -0.398688 0.5309676 0.747744
vn -0.4680514 0.3726021 0.8013086
vn -0.3513898 0.4199933 0.8367382
vn -0.4024748 0.2976082 0.865704
vn -0.4813147 0.2256592 0.847003
vn -0.4048115 0.03964972 0.9135402
vn -0.4074432 -0.08999837 0.9087851
vn -0.4813258 -0.1515701 0.8633376
vn -0.4028573 -0.2029383 0.8924807
vn -0.5038899 -0.28668 0.8148064
vn -0.3984329 -0.3172784 0.8605729
vn -0.3867168 -0.4471938 0.8065159
vn -0.6727288 0.2367102 0.7010024
vn -0.5720322 0.3331922 0.7495079
vn -0.6650435 0.3843178 0.6403258
vn -0.545502 0.4475642 0.7085999
vn -0.6112434 0.4959566 0.6167727
vn -0.6655428 -0.3781394 0.6434776
vn -0.6049011 -0.4925527 0.6256888
vn -0.5549533 -0.4063173 0.7259016
vn -0.6320322 -0.2963135 0.7160542
vn -0.6366016 -0.0802288 0.7670083
vn -0.5741119 -0.1952753 0.7951497
vn -0.5493028 -0.08365421 0.8314255
vn -0.6376958 -0.008026968 0.7702464
vn -0.5608089 0.02454957 0.8275813
vn -0.6419424 0.07428037 0.7631464
vn -0.685866 0.1345194 0.715187
vn -0.5779153 0.212996 0.7878113
vn -0.4773228 0.535583 0.6966446
vn -0.6516804 -0.2189864 0.726194
vn -0.6784233 -0.1492361 0.7193542
vn 0.8977982 0.04347835 -0.4382558
vn 0.8965549 0.08665466 -0.4343733
vn 0.990429 0.1286128 -0.05009175
vn 0.9948605 0.0418021 -0.09222367
vn 0.8020436 0.2091737 -0.5594394
vn 0.8441432 0.4978108 -0.199014
vn 0.89793 0.3629104 -0.2490335
vn 0.8906739 0.1514096 -0.4286902
vn 0.9355392 0.3449075 -0.07619114
vn 0.9722623 0.2245087 -0.06558793
vn 0.9068422 -0.02632018 -0.4206477
vn 0.9988773 -0.01560515 -0.04472827
vn 0.7904133 0.6123011 -0.01828397
vn 0.8809227 0.4646961 0.0896251
vn 0.9333497 0.3245009 0.1534846
vn 0.7711154 0.5926091 -0.2327992
vn 0.6990358 0.6105615 -0.3722414
vn 0.6762039 0.7154522 -0.1757168
vn 0.6052115 0.7928872 -0.07105766
vn 0.7156886 0.6960869 -0.05703345
vn 0.7850091 0.6069313 -0.1240769
vn 0.6245883 0.7681435 -0.1408724
vn 0.6153409 0.7491342 -0.2452618
vn 0.7357582 0.6335692 -0.2392694
vn 0.7241002 0.5465783 -0.4206316
vn 0.5912783 0.724227 -0.3548031
vn 0.6412984 0.6216351 -0.4497845
vn 0.5919093 0.7341425 -0.3326831
vn 0.6923116 0.49097 -0.5288225
vn 0.572482 0.7203476 -0.3916166
vn 0.993058 0.04068236 -0.1103668
vn 0.970175 0.2413316 -0.02279615
vn 0.9817311 0.1773625 -0.06889634
vn 0.9810289 0.1488477 -0.1242037
vn 0.9736491 0.2240331 0.04262096
vn 0.9512222 0.3062062 0.03760693
vn 0.9864131 -0.037947 -0.1598414
vn 0.9666505 -0.2542512 0.03070797
vn 0.9600163 -0.2725191 0.0640467
vn 0.9438201 -0.3259086 -0.05465655
vn 0.9834713 -0.1740166 -0.05002481
vn 0.9915574 -0.09990614 -0.08265956
vn 0.5813898 -0.8089309 -0.08727326
vn 0.709056 -0.587 -0.3907311
vn 0.5850202 -0.7290973 -0.355202
vn 0.6437145 -0.725341 -0.2439507
vn 0.7024229 -0.5969681 -0.3875966
vn 0.6961566 -0.6959871 -0.1759776
vn 0.6088337 -0.7353521 -0.2976215
vn 0.572131 -0.7241312 -0.3850975
vn 0.6791129 -0.525181 -0.5128262
vn 0.6651155 -0.5610977 -0.4927379
vn 0.6267973 -0.7697264 -0.1210224
vn 0.7630051 -0.6240077 -0.1686345
vn 0.8609078 -0.3957615 -0.319704
vn 0.6179464 -0.7839497 -0.05970895
vn 0.7624252 -0.6450213 -0.05152877
vn 0.7911189 -0.4917798 -0.3637081
vn 0.8362455 -0.5179765 -0.1799829
vn 0.7802204 -0.6247841 -0.03001427
vn 0.9643729 0.1999288 0.1732438
vn 0.9792979 0.102801 0.1743775
vn 0.9837327 0.01053432 0.1793294
vn 0.9755445 -0.1134418 0.1882651
vn 0.9948763 -0.08818773 -0.04943982
vn 0.9415753 -0.299512 0.1540407
vn 0.9745789 -0.1897427 -0.1191373
vn 0.9849333 -0.1727155 0.008703139
vn 0.9475414 -0.2975253 -0.1168078
vn 0.9097224 -0.396229 -0.1241272
vn 0.8761876 -0.4748212 0.08270527
vn 0.8197903 -0.2088456 -0.5332236
vn 0.8629742 -0.1634116 -0.4780923
vn 0.8906478 -0.05851357 -0.4509133
vn 0.8351365 -0.07639379 -0.5447119
vn 0.6741185 -1.024753e-05 -0.7386233
vn 0.6741104 1.885164e-06 -0.7386306
vn 0.6741106 -7.169041e-05 -0.7386304
vn 0.6741084 -4.189545e-07 -0.7386324
vn 0.674107 1.230964e-05 -0.7386338
vn 0.6741012 3.153925e-05 -0.7386391
vn 0.67409 -4.679141e-05 -0.7386491
vn 0.6740783 0.0001405034 -0.7386598
vn 0.6741135 9.100756e-06 -0.7386278
vn 0.6741619 -9.742736e-05 -0.7385836
vn 0.674183 -0.0001194629 -0.7385643
vn 0.6741405 -4.501795e-05 -0.7386032
vn 0.6741189 -1.39094e-05 -0.7386228
vn 0.6740774 4.85696e-05 -0.7386607
vn 0.9280246 -0.006392544 -0.3724642
vn 0.9360825 -0.007213317 -0.3517067
vn 0.957067 0.0008081134 -0.2898661
vn 0.9347231 0.007694687 -0.3552936
vn 0.9275855 0.006972978 -0.3735459
vn 0.9440073 0.0002379578 -0.3299241
vn 0.9664834 9.81272e-05 -0.2567289
vn 0.9128081 0.00471247 -0.4083616
vn 0.9215446 0.01071777 -0.3881248
vn 0.886395 -0.001247916 -0.462928
vn 0.9145333 -0.0006211489 -0.4045101
vn 0.9242661 -0.01096443 -0.3815914
vn 0.8796579 -0.0007765338 -0.4756063
vn 0.03493265 0.3691679 -0.9287059
vn 0.06444905 0.530994 -0.8449211
vn 0.05340218 0.7831891 -0.6194862
vn 0.1290282 0.8307154 -0.5415382
vn 0.1346382 0.8743102 -0.46632
vn 0.1053082 0.9106994 -0.3994206
vn 0.1207109 0.7056816 -0.6981708
vn -0.03458702 0.7358562 -0.6762539
vn -0.04177855 0.6482724 -0.7602614
vn 0.4001624 0.8071172 -0.4340875
vn 0.3027869 0.928127 -0.2165654
vn 0.2347676 0.8741988 -0.4250419
vn 0.4832762 0.8502432 -0.20864
vn 0.7624978 0.584977 -0.2764039
vn 0.1721634 0.6168699 -0.7680047
vn -0.002099429 0.5434551 -0.8394356
vn 0.1341819 0.8076898 -0.5741361
vn 0.3299097 0.7092357 -0.6230123
vn 0.5898919 0.7440898 -0.3136206
vn 0.5077571 0.6908805 -0.5146521
vn 0.6918875 0.6437562 -0.3269092
vn 0.2366396 0.540512 -0.8073713
vn 0.4214311 0.5969373 -0.682687
vn 0.5919572 0.5986115 -0.5396767
vn 0.3868823 0.4863318 -0.7834561
vn -0.05509873 0.4136742 -0.9087561
vn 0.1797102 0.4144089 -0.8921713
vn 0.6381376 0.4035636 -0.6556805
vn 0.6689935 0.4481663 -0.5929542
vn 0.7863198 0.4639681 -0.4079642
vn 0.0848912 0.9687815 -0.2329286
vn 0.04804383 0.8997225 -0.4338103
vn 0.126298 0.9598477 -0.2504821
vn -0.1415404 0.818626 -0.5566127
vn -0.1999628 0.8200905 -0.5361589
vn -0.1111046 0.8430875 -0.5261741
vn -0.2214761 0.9729733 0.06535421
vn -0.1573374 0.9874539 -0.01340655
vn -0.1514841 0.973219 -0.1729084
vn 0.1365578 0.9831839 -0.1212489
vn -0.1015141 0.9663414 -0.2363878
vn -0.1378799 0.8716432 -0.4703479
vn -0.0920531 0.8249026 -0.5577292
vn -0.1274101 0.7815537 -0.6106887
vn -0.1880333 0.8436905 -0.502822
vn -0.02807752 0.9989805 -0.03535048
vn -0.06809597 0.9821975 -0.1750745
vn 0.5726813 0.7406953 -0.3512927
vn 0.449691 0.8634924 -0.2283828
vn 0.7345461 0.5647849 -0.3761115
vn 0.5681381 0.7437049 -0.3523096
vn 0.5394848 0.807934 -0.2370626
vn 0.5916691 0.7642781 -0.2565281
vn 0.6135212 0.7763058 -0.1447103
vn 0.5093081 0.8537826 -0.1079841
vn 0.3256115 0.9449332 0.03283616
vn 0.2313448 0.9724665 0.02807947
vn 0.3820857 0.90938 0.1644343
vn 0.2416552 0.9583905 -0.1519553
vn 0.1993296 0.9790862 -0.04071867
vn 0.4121382 0.8605827 0.2992315
vn 0.5001522 0.7685505 0.398971
vn 0.5429177 0.6851199 0.485645
vn 0.6467296 0.5575306 0.5204811
vn 0.1708989 0.9727191 -0.1568789
vn 0.415431 -0.8700603 -0.2653526
vn 0.5621795 -0.7381949 -0.372857
vn 0.4546911 -0.8531169 -0.2558275
vn 0.6123 -0.7335107 -0.2950437
vn 0.5787461 -0.8036872 -0.1383466
vn 0.489719 -0.8510685 -0.1893616
vn 0.5349756 -0.8190523 -0.2072543
vn 0.6079247 -0.7738653 -0.177651
vn 0.582254 -0.7534515 -0.305436
vn 0.4640914 -0.8775145 -0.1207785
vn 0.605884 -0.7906768 -0.0879471
vn 0.6283703 -0.5630553 0.5367676
vn 0.5400878 -0.6883653 0.4842089
vn 0.4960098 -0.7716316 0.3981945
vn 0.521836 -0.8188702 0.2390373
vn 0.4142547 -0.8806329 0.2299542
vn 0.3264637 -0.9412292 0.08665428
vn 0.246543 -0.9691256 0.00348552
vn 0.3751782 -0.9118558 0.1666148
vn 0.198323 -0.9754723 -0.09550864
vn -0.1067945 0.5318621 0.84007
vn -0.02268153 0.4819489 0.8759058
vn 0.01015184 0.6112514 0.7913714
vn 0.06472149 0.47857 0.8756609
vn 0.1079845 0.605927 0.7881572
vn 0.1679596 0.5122274 0.8422665
vn 0.226978 0.481362 0.8466237
vn 0.1941706 0.5744444 0.7951801
vn 0.2869605 0.5325303 0.7962821
vn 0.3246473 0.4096704 0.8525106
vn 0.2527622 0.3648712 0.8960917
vn 0.3558654 0.2944275 0.8869455
vn 0.2803107 0.2234071 0.9335497
vn 0.374601 0.1966988 0.9060815
vn 0.2926629 -0.5389252 0.7898785
vn 0.2902203 -0.4607411 0.838743
vn 0.2047754 -0.5740177 0.7928244
vn 0.1935179 -0.4910025 0.8493924
vn 0.1151503 -0.5811098 0.8056375
vn -0.2765111 -0.5618072 0.7796885
vn -0.1863553 -0.6362659 0.7486237
vn -0.1570245 -0.4842431 0.8607276
vn -0.08406267 -0.5644952 0.8211448
vn 0.09750552 -0.5102071 0.8545066
vn 0.01740828 -0.5542443 0.832172
vn -0.3195526 0.5140861 0.7959909
vn -0.2408801 0.5991115 0.7635719
vn -0.2247172 0.475744 0.8503939
vn -0.1139527 0.6103172 0.7839182
vn 0.3113632 -0.3457987 0.8851419
vn 0.2217786 -0.370458 0.901984
vn 0.1391271 -0.3856272 0.9121049
vn 0.04862988 -0.3978648 0.9161543
vn -0.03820769 -0.4110411 0.9108158
vn -0.2639523 -0.4406351 0.8580034
vn -0.1350013 -0.3285377 0.9347928
vn -0.2323142 -0.3175933 0.9193283
vn -0.3265482 -0.3187979 0.8897945
vn 0.3482922 -0.2117795 0.9131495
vn 0.2472035 -0.2263129 0.9421639
vn 0.1561698 -0.2396994 0.9582042
vn 0.06454938 -0.248283 0.9665345
vn -0.02757902 -0.2529658 0.9670821
vn -0.1354117 -0.178365 0.9746023
vn -0.238733 -0.1762136 0.9549635
vn -0.3243001 -0.172681 0.9300596
vn 0.3328474 -0.1203551 0.9352685
vn 0.2575852 -0.09979343 0.9610885
vn 0.1681396 -0.1045127 0.9802073
vn 0.07302666 -0.1066307 0.9916133
vn -0.02478123 -0.1067714 0.9939747
vn 0.3400314 -0.02246718 0.9401457
vn -0.1294526 -0.04038822 0.9907628
vn -0.2401534 -0.04197999 0.9698268
vn -0.3318378 -0.04076545 0.9424552
vn 0.2613026 0.002613906 0.9652534
vn 0.1748248 -0.0003368572 0.9845995
vn 0.1000077 0.03450551 0.9943882
vn 0.002501308 0.03251741 0.999468
vn 0.3192911 0.09528294 0.9428543
vn 0.2175963 0.1006643 0.9708339
vn -0.07956257 0.06812931 0.994499
vn -0.1860274 0.06957924 0.9800778
vn -0.3031152 0.06896263 0.9504553
vn 0.1397685 0.1734181 0.97488
vn 0.06682473 0.1794655 0.981492
vn -0.02491935 0.1863642 0.9821647
vn -0.1307207 0.187227 0.97358
vn -0.2385011 0.1827671 0.953789
vn -0.3307168 0.1774711 0.9268929
vn 0.2112229 0.2313894 0.9496546
vn 0.1549711 0.3233249 0.9335122
vn 0.05951259 0.3228631 0.9445727
vn -0.03346924 0.3277217 0.9441813
vn -0.1335748 0.3249369 0.9362552
vn -0.234833 0.3258993 0.9157746
vn -0.3150611 0.3168893 0.8946047
vn 0.1516567 0.425914 0.8919626
vn -0.1362639 0.4365584 0.8892968
vn 0.574252 0.4017658 0.7133154
vn 0.5869196 0.3148994 0.7458979
vn 0.6081706 0.2231581 0.7617932
vn 0.6297553 0.1241155 0.766814
vn 0.6431383 0.03409161 0.7649907
vn 0.6437357 -0.04011543 0.7641957
vn 0.6352649 -0.1266277 0.7618425
vn 0.6249658 -0.2232886 0.7480374
vn 0.5700387 -0.3032857 0.7635926
vn 0.578706 -0.4185146 0.6999606
vn 0.3889838 -0.3352394 0.8580829
vn 0.4205779 0.08621064 0.9031512
vn 0.420734 0.003353372 0.9071779
vn 0.4229417 -0.09557664 0.9011023
vn 0.3808658 -0.4751615 0.7931978
vn 0.447394 -0.459626 0.7671914
vn 0.4698855 -0.3209037 0.8223311
vn 0.4646656 -0.1810855 0.8667721
vn 0.548749 -0.1924788 0.8135272
vn 0.5658301 -0.08081415 0.8205518
vn 0.4998669 -0.02937006 0.8656042
vn 0.5748593 0.03169462 0.8176382
vn 0.4947801 0.09056509 0.8642862
vn 0.5617614 0.1374539 0.8158005
vn 0.4581837 0.2016021 0.865693
vn 0.53807 0.2417359 0.8074927
vn 0.4290516 0.3248042 0.8428623
vn 0.5090389 0.3413076 0.7901825
vn 0.390378 0.4364895 0.8106059
vn 0.4280007 0.472956 0.770148
vn 0.3454404 0.5401143 0.7674291
vn 0.4973676 0.4483624 0.7426955
vn 0.5194503 -0.4220193 0.7430148
vn -0.09637018 0.002389948 0.9953427
vn -0.1599591 0.002710499 0.9871199
vn -0.1172379 0.003920459 0.9930961
vn -0.09631032 -0.001683307 0.9953499
vn -0.117881 0.0008866522 0.9930274
vn -0.1198835 -0.0004141968 0.9927879
vn -0.1087505 0.0001660918 0.994069
vn -0.1468009 0.002231561 0.9891635
vn -0.3025928 0.005934787 0.9531015
vn -0.4181948 0.0004060619 0.9083573
vn -0.4148099 6.524746e-05 0.9099081
vn -0.2305332 -0.000319597 0.9730645
vn -0.2301209 -0.0004017832 0.9731619
vn -0.5286298 0.0003468207 0.8488524
vn -0.5361406 0.002843862 0.844124
vn -0.5278047 0.0002405477 0.8493657
vn -0.5275657 4.08538e-05 0.8495142
vn -0.5256144 -0.0001987028 0.8507228
vn 0.1363498 -0.9601708 -0.2438868
vn 0.1122618 -0.9779799 -0.1759336
vn 0.1778626 -0.9475794 -0.2654398
vn 0.1451723 -0.925289 -0.3503787
vn 0.1139643 -0.8967993 -0.427508
vn 0.08818881 -0.737114 -0.6699893
vn 0.1390361 -0.8059924 -0.5753654
vn 0.09980759 -0.8528076 -0.512599
vn 0.03961983 -0.3608478 -0.9317828
vn 0.04739962 -0.5333484 -0.8445666
vn -0.02096791 -0.3559488 -0.9342702
vn 0.3374104 -0.3968081 -0.8536378
vn 0.6952388 -0.4590141 -0.5531267
vn 0.7394594 -0.4940124 -0.4573309
vn 0.840171 -0.396801 -0.3696779
vn 0.7710434 -0.5364112 -0.3431543
vn 0.5697426 -0.6053676 -0.555809
vn 0.7096519 -0.6153983 -0.3430438
vn 0.3473556 -0.5720475 -0.7430382
vn -0.03481195 -0.4397764 -0.8974324
vn -0.06518467 -0.53648 -0.8413918
vn 0.0931693 -0.5599369 -0.8232801
vn 0.1995139 -0.4809157 -0.8537648
vn 0.4997284 -0.4693367 -0.7280073
vn 0.3903252 -0.9098239 -0.1409492
vn 0.4802925 -0.8150107 -0.3241553
vn 0.644397 -0.7206424 -0.2557868
vn 0.2399378 -0.8764868 -0.4173736
vn 0.2895922 -0.9248421 -0.2465838
vn 0.5049018 -0.67554 -0.5373266
vn 0.2923886 -0.652141 -0.6994434
vn 0.3395193 -0.7722921 -0.5369278
vn 0.07739113 -0.6685364 -0.7396417
vn 0.1898113 -0.7148005 -0.6730765
vn -0.06749707 -0.6462358 -0.760147
vn 0.1171576 -0.8131555 -0.5701336
vn -0.1414482 -0.8915065 -0.4303587
vn -0.149359 -0.9591064 -0.2404307
vn -0.08190769 -0.9710754 -0.2242849
vn -0.04771721 -0.996622 -0.06683992
vn -0.08865759 -0.9942501 0.06005493
vn -0.1911682 -0.9804589 0.04642302
vn -0.2161619 -0.9762349 -0.01547223
vn -0.1829908 -0.8840564 -0.430068
vn -0.03908709 -0.7415227 -0.6697883
vn 0.1673619 -0.9786798 -0.1190617
vn 0.01956277 -0.908023 -0.4184633
vn -0.06484737 -0.832382 -0.5503953
vn -0.1246942 -0.7779428 -0.6158379
vn -0.1438054 -0.8074695 -0.5721128
vn -0.1125605 -0.8292851 -0.5473721
vn -0.2120723 -0.8322504 -0.5122349
vn 0.1478321 -0.9592154 -0.2409389
vn 0.03464204 0.3843203 0.9225496
vn 0.02182225 0.7220695 0.6914763
vn 0.01941256 0.650981 0.7588458
vn 0.02097129 -0.5746271 0.8181466
vn 0.01548375 -0.6592894 0.7517298
vn 0.02060664 -0.7166356 0.6971433
vn 0.02394533 0.5263877 0.8499074
vn 0.04330795 0.2542369 0.9661718
vn 0.05314402 0.1302197 0.9900599
vn 0.05657188 0.00547577 0.9983835
vn 0.04325675 -0.364619 0.9301515
vn -0.8760548 0.4571379 -0.1534698
vn -0.9274918 0.3261228 -0.1827645
vn -0.911976 0.3694168 0.1784124
vn -0.04309896 0.9544074 0.2953794
vn -0.09136309 0.9444547 0.3156867
vn -0.05122039 0.9185075 0.3920719
vn -0.3163379 0.6623559 0.6791281
vn -0.9480073 0.2580978 0.1861925
vn -0.9026975 0.3163641 0.291635
vn -0.9582372 0.2147118 -0.188893
vn -0.7018122 0.6990749 -0.1369451
vn -0.5662243 0.8048117 0.1779555
vn -0.5530026 0.8210723 -0.1415215
vn -0.4244129 0.8922205 0.1543253
vn -0.2852186 0.9520943 0.1103037
vn -0.3793943 0.9145446 -0.1402428
vn -0.2469318 0.9601071 -0.1312211
vn -0.1724663 0.98119 0.08672847
vn -0.1562067 0.9822397 -0.1039452
vn -0.09619085 0.990842 0.09475953
vn -0.1014409 0.9914586 -0.08197282
vn -0.05966946 0.9956381 -0.0717245
vn -0.268872 0.8603057 0.4331072
vn -0.3686946 0.8021406 0.4697178
vn -0.3294819 0.7457806 0.5790103
vn -0.2130726 0.8270463 0.520187
vn -0.2064535 0.7475252 0.6313342
vn -0.1832966 0.6658219 0.7232451
vn -0.1625668 0.9141123 0.371444
vn -0.1057208 0.713563 0.6925683
vn -0.1163912 0.8055531 0.5809796
vn -0.1206722 0.8785701 0.4621177
vn -0.04833242 0.8739785 0.483555
vn -0.05242286 0.7928007 0.6072223
vn -0.04208757 0.685595 0.7267655
vn -0.6778194 0.5736058 0.4599319
vn -0.6974047 0.456885 0.552162
vn -0.5966575 0.5756057 0.5591761
vn -0.869467 0.3171794 0.3787142
vn -0.7929374 0.4968064 0.3527517
vn -0.8533698 0.4640131 0.2375958
vn -0.7796652 0.4164669 0.4676297
vn -0.7947779 0.5642043 0.2236103
vn -0.7920294 0.5942886 -0.1396796
vn -0.7078162 0.6646241 0.2393136
vn -0.5870369 0.7726947 0.2415174
vn -0.4211034 0.8680588 0.262956
vn -0.2849603 0.9358906 0.2071385
vn -0.1725094 0.9686694 0.1786617
vn -0.01399379 0.9897458 0.1421534
vn -0.03728025 0.9953952 0.08830992
vn -0.09356912 0.9746695 0.2031361
vn -0.1739236 0.9433689 0.2824992
vn -0.280954 0.9042249 0.3216243
vn -0.4249646 0.8258309 0.3706866
vn -0.5599505 0.7620301 0.3252162
vn -0.6888614 0.6388139 0.3426176
vn -0.5603708 0.7190167 0.4110953
vn -0.5384052 0.6705508 0.5103738
vn -0.4626565 0.6241701 0.6295719
vn -0.03255863 0.9743752 0.2225599
vn -0.4528047 0.7205408 0.525156
vn -0.7040207 -0.4806125 0.5228447
vn -0.7562661 0.3367759 0.560931
vn -0.715019 0.02512778 0.6986534
vn -0.7157025 -0.06761985 0.695124
vn -0.9760506 0.1695638 0.1362844
vn -0.8321252 0.2949109 0.4696756
vn -0.8286901 -0.2925201 0.4771842
vn -0.7836973 -0.4157221 0.4615122
vn -0.7483504 -0.3356401 0.5721167
vn -0.9448259 -0.08038221 0.3175574
vn -0.8972312 -0.1124741 0.4269961
vn -0.9069489 -0.02849841 0.4202755
vn -0.9429848 0.0392209 0.3305167
vn -0.9253408 -0.2092159 0.3161854
vn -0.8788671 -0.1932258 0.436184
vn -0.9633337 -0.1364998 0.2309891
vn -0.9728702 -0.02681878 0.2297919
vn -0.9808274 -0.13504 0.1405058
vn -0.9481294 -0.2622759 0.1796164
vn -0.9659995 -0.1738575 -0.1913597
vn -0.8773487 -0.3313566 0.3470764
vn -0.8992934 0.1590276 0.4074084
vn -0.9371512 0.1525348 0.3138165
vn -0.981589 0.06095634 0.1810174
vn -0.9634102 0.1434041 0.2264421
vn -0.9765364 0.1035421 -0.1888273
vn -0.8272846 0.2279324 0.5134657
vn -0.7294725 -0.2314588 0.6436588
vn -0.7769279 -0.1157889 0.6188505
vn -0.7824742 -0.02182026 0.6223006
vn -0.8020161 -0.2055942 0.560804
vn -0.843021 -0.0999922 0.5285046
vn -0.8467622 -0.01712364 0.531696
vn -0.7816422 0.06901141 0.6198975
vn -0.8511614 0.134306 0.507431
vn -0.8966775 0.05112429 0.4397225
vn -0.7242085 0.2837416 0.6285005
vn -0.7728518 0.1645726 0.6128752
vn -0.8452902 0.05587089 0.5313784
vn -0.9897987 -0.02936282 0.1394144
vn -0.9793251 -0.06477249 -0.1916426
vn -0.9825256 0.01565396 -0.1854685
vn -0.2637114 -0.9576419 -0.1156644
vn -0.3509395 -0.9278187 0.1264667
vn -0.3628349 -0.9215598 -0.1381244
vn -0.9433859 -0.2755283 -0.1846817
vn -0.9015498 -0.364767 0.2327082
vn -0.8133424 -0.4640638 0.3508831
vn -0.303012 -0.6767167 0.670998
vn -0.1052024 -0.684236 0.7216325
vn -0.03468131 -0.651741 0.7576482
vn -0.03436935 -0.7418178 0.6697201
vn -0.605 -0.5782848 0.5473223
vn -0.3601774 -0.7292958 0.5817215
vn -0.2647264 -0.7931408 0.5484957
vn -0.1649908 -0.8519018 0.4970326
vn -0.1207081 -0.9182339 0.3771951
vn -0.07068831 -0.8989491 0.432312
vn -0.2036638 -0.7464942 0.6334566
vn -0.1124642 -0.7626822 0.6369204
vn -0.1154143 -0.8281252 0.5485328
vn -0.01721848 -0.8252897 0.564447
vn -0.03914953 -0.8693412 0.4926593
vn -0.4728681 -0.8722396 -0.1248753
vn -0.220432 -0.966745 0.1296687
vn -0.1882945 -0.9764774 -0.1050579
vn -0.1382713 -0.9858554 0.0947116
vn -0.1206489 -0.9889875 -0.0857176
vn -0.0775578 -0.9928399 0.0908497
vn -0.05757583 -0.9951323 -0.07997875
vn -0.026726 -0.9983687 0.05045481
vn -0.5577045 -0.800914 0.2179506
vn -0.5743029 -0.8098582 -0.1196076
vn -0.4691097 -0.8508962 0.2364569
vn -0.3454837 -0.9103773 0.2277153
vn -0.2163329 -0.9489907 0.2293835
vn -0.1271073 -0.9749148 0.1827155
vn -0.7581536 -0.6095591 0.2316052
vn -0.7336727 -0.6655734 -0.1368808
vn -0.6555242 -0.7317024 0.1868144
vn -0.6543043 -0.6954443 0.2970576
vn -0.02177814 -0.9920012 0.1243359
vn -0.7451154 -0.5765771 0.3352042
vn -0.7152297 -0.5563805 0.4229506
vn -0.8462562 -0.4887016 0.2121822
vn -0.5506209 -0.7611017 0.3428425
vn -0.4242452 -0.8259721 0.3711953
vn -0.2906288 -0.8959506 0.3358682
vn -0.1650164 -0.9425327 0.2905197
vn -0.08674909 -0.9538804 0.2873792
vn -0.05632491 -0.9780522 0.2006029
vn -0.9113753 -0.383107 -0.1504129
vn -0.8493147 -0.5063637 -0.1491984
vn -0.6300445 -0.6434044 0.4348272
vn -0.5452411 -0.6960722 0.4671142
vn -0.5186569 -0.6252965 0.5830945
vn -0.4544891 -0.7333257 0.5056412
vn -0.4252473 -0.6570293 0.6224768
vn -0.3722624 -0.7944586 0.4798503
vn -0.3012984 -0.841818 0.4478412
vn -0.2121538 -0.8890167 0.4057585
vn -0.03457601 -0.9482773 0.3155547
vn 0.7724049 0.2856619 -0.5672634
vn 0.9540746 0.2965551 -0.04238702
vn 0.9765276 0.1911586 -0.09925844
vn 0.9517291 0.2284061 -0.2050425
vn 0.7416307 0.2264624 -0.631426
vn 0.8473797 0.1479708 -0.5099532
vn 0.9088089 0.208277 -0.3615067
vn 0.9727563 0.2228448 0.06391788
vn 0.9911288 -3.633005e-05 0.1329045
vn 0.9912808 0.001972827 0.1317517
vn 0.9912039 -0.001002547 0.1323401
vn 0.9913041 -0.001524358 0.1315824
vn 0.9910914 0.002634743 0.1331577
vn 0.991266 0.002491604 0.131854
vn 0.9914139 0.002397605 0.1307392
vn 0.9911497 -0.004557573 0.1326711
vn 0.9913548 -0.00353081 0.1311612
vn 0.9912193 -0.001321018 0.1322218
vn 0.9909072 -0.006110609 0.1344085
vn 0.992191 -0.007064985 0.1245269
vn 0.9910612 0.003919324 0.1333501
vn 0.9916934 -0.00223628 0.1286051
vn 0.9738089 -0.2251865 0.03142232
vn 0.7461533 -0.2192845 -0.6286251
vn 0.7438011 -0.1766414 -0.6446377
vn 0.8208485 -0.1846526 -0.540473
vn 0.8808674 -0.2125033 -0.4229836
vn 0.9812837 -0.1731683 -0.08423144
vn 0.9518439 -0.1924399 -0.2386633
vn 0.6012757 0.5777484 0.5519732
vn 0.7284266 0.1800109 0.6610527
vn 0.733529 0.1691699 0.658268
vn 0.5933325 0.5828299 0.5552169
vn 0.3373548 0.8899369 0.3069268
vn 0.3500511 0.883307 0.3118218
vn 0.1046507 0.9922919 0.06637082
vn 0.01680465 0.9989941 -0.04157398
vn -0.3068153 0.9285823 -0.2088044
vn -0.3981858 0.836621 -0.3761827
vn -0.5974382 0.5419833 -0.5910344
vn -0.5480196 0.6718357 -0.4983084
vn -0.7455385 0.1585025 -0.6473402
vn -0.7263699 0.2583877 -0.6368852
vn 0.712956 -0.252838 0.6540387
vn 0.7020784 -0.2955392 0.6478753
vn -0.6958808 -0.5757867 -0.4292082
vn -0.6642715 -0.3062319 -0.6818838
vn -0.7613757 -0.09315237 -0.6415837
vn -0.3944784 -0.8185199 -0.4176264
vn -0.304048 -0.9153653 -0.263934
vn -0.07684556 -0.9960545 -0.04438611
vn -0.04227345 -0.9987279 -0.02748956
vn 0.262732 -0.9384308 0.2243201
vn 0.2580206 -0.9395967 0.2249076
vn 0.5283909 -0.7076897 0.4690183
vn 0.5073115 -0.7263696 0.4637048
vn 0.3049615 0.2947297 0.9056118
vn 0.3301952 0.3400967 0.8805143
vn 0.3045855 0.5518319 0.7763435
vn 0.3388351 0.6003869 0.7243799
vn -0.02745467 0.9850872 0.1698512
vn -0.06294186 0.9596652 -0.2740091
vn -0.1799141 0.9377617 -0.2970417
vn -0.2648475 0.6268163 -0.7327735
vn -0.3950405 0.4178571 -0.818131
vn -0.5315409 0.1394053 -0.8354821
vn -0.3436244 0.07716557 -0.9359316
vn -0.5901564 0.02618839 -0.8068641
vn -0.5112135 0.00455481 -0.8594417
vn -0.5270203 -0.01892824 -0.8496419
vn -0.4016715 -0.04536641 -0.9146594
vn -0.6043661 -0.101534 -0.7902104
vn -0.3775671 -0.3450541 -0.8592908
vn -0.2918431 -0.5558569 -0.778364
vn -0.3107195 -0.6974224 -0.6457983
vn -0.1445418 -0.8343908 -0.5318832
vn 0.01118722 -0.9605804 0.277777
vn 0.1898297 -0.8791082 0.4371882
vn 0.1118689 -0.9223693 0.3697571
vn 0.2795047 -0.8133066 0.5103033
vn 0.2610926 -0.1920363 0.9460194
vn 0.2714785 -0.1888334 0.943738
vn 0.2952709 -0.1412246 0.9449183
vn 0.2779935 -0.09983293 0.955381
vn 0.2509882 -0.05126191 0.9666318
vn 0.2210824 -0.02107783 0.9750274
vn 0.2616531 0.01044332 0.9651055
vn 0.1864294 0.0616924 0.9805295
vn -0.0745925 0.8684564 -0.4901218
vn -0.0649755 0.9013219 -0.4282489
vn -0.0483581 0.9305592 -0.3629341
vn -0.04146973 0.9541329 -0.2964973
vn -0.8309634 0.008774533 0.5562578
vn -0.8562634 -0.006894127 0.5164934
vn -0.5377525 0.008977428 0.843055
vn -0.5842168 -0.006685335 0.8115701
vn -0.3127718 -0.004086667 0.9498195
vn 0.1782408 0.9778326 -0.1098803
vn 0.8577278 0.3049313 -0.4139081
vn 0.1358482 0.9829364 -0.1240211
vn 0.01657556 0.9982428 -0.05689104
vn -0.01032831 0.9981601 -0.05974734
vn 0.02305523 0.9975081 0.06667852
vn 0.05485766 0.9969925 0.05474171
vn 0.1008404 0.9743657 0.201104
vn 0.5022596 0.5467789 0.6699015
vn 0.4135129 0.6885933 0.5956898
vn 0.02817296 0.7298861 0.682988
vn -0.003567975 0.8275545 0.5613741
vn 0.02476863 0.8933607 0.448657
vn 0.0186641 0.9735248 0.2278183
vn 0.06012415 0.9823812 0.1769528
vn 0.08186352 0.9537534 0.2892283
vn 0.1765104 0.9279872 0.3281521
vn 0.1094975 0.9034118 0.4145568
vn 0.1617633 0.7587205 0.6310118
vn 0.2566601 0.6419291 0.7225321
vn 0.2761804 0.7095442 0.6482833
vn 0.1768502 0.8242623 0.5378808
vn 0.2329882 0.7889426 0.5685825
vn 0.1829253 0.873942 0.450293
vn 0.3416995 0.6275712 0.6995683
vn 0.3571704 0.6961362 0.622755
vn 0.319149 0.7612427 0.5644939
vn 0.2746609 0.8353882 0.4761175
vn 0.4209437 0.5965368 0.6833377
vn 0.05895269 0.8153149 0.5760088
vn 0.1008171 0.7141678 0.6926761
vn 0.1796774 0.6731524 0.7173437
vn 0.09465314 0.8459243 0.5248361
vn 0.01415843 0.9417537 0.3360052
vn -0.02100334 0.9754454 -0.2192373
vn 0.166289 -0.9769121 -0.1341294
vn 0.1584087 -0.9804243 -0.1169397
vn 0.4764607 -0.5526036 0.6838235
vn 0.3266149 -0.8058169 0.4939451
vn 0.05910956 -0.9954085 0.07528562
vn 0.111412 -0.9747671 0.193433
vn -0.007178528 -0.9974533 -0.07096064
vn 0.01504834 -0.9090035 0.4165168
vn 0.2314352 -0.8232948 0.5182889
vn 0.3041531 -0.7621088 0.5715602
vn 0.3396226 -0.6942993 0.6345115
vn 0.2632969 -0.7303752 0.6302593
vn 0.3800257 -0.6015401 0.7026592
vn 0.3170569 -0.5953941 0.7382282
vn 0.1499307 -0.8909199 0.4286986
vn 0.1607939 -0.8258113 0.5405376
vn 0.1937565 -0.7431805 0.6404226
vn 0.2654092 -0.6323978 0.7277575
vn 0.4134237 -0.6696861 0.616929
vn 0.1559225 -0.9373897 0.3114301
vn 0.2217483 -0.8867268 0.4056394
vn 0.0190033 -0.9986242 -0.04887281
vn 0.05443091 -0.9826732 0.1771739
vn 0.1009586 -0.9494439 0.2972603
vn 0.001520695 -0.9794447 0.2017069
vn 0.03940479 -0.7817775 0.6223112
vn 0.04729478 -0.6680335 0.7426266
vn 0.1155689 -0.7985252 0.5907633
vn 0.09892882 -0.7399803 0.6653136
vn 0.06724422 -0.8609014 0.5043085
vn 0.1741896 -0.685908 0.7065327
vn 0.09278375 -0.9070082 0.4107642
vn 0.02236167 -0.9973675 0.06897867
vn 0.03885608 -0.9559553 0.2909288
vn 0.1114049 -0.6560666 0.7464352
vn -0.5591227 0.008668682 0.8290396
vn -0.6195373 -0.01032455 0.7848993
vn -0.7903417 0.0116152 0.6125562
vn -0.8371641 -0.007908797 0.5468947
vn -0.9632154 0.004038206 0.2687006
vn -0.02630532 -0.9742415 -0.2239678
vn -0.05136416 -0.9481039 -0.3137846
vn -0.05752318 -0.922253 -0.3822832
vn -0.06431389 -0.8938996 -0.4436296
vn -0.07647739 -0.8605313 -0.5036239
vn 0.006001986 -0.9768502 0.2138405
vn 0.00425983 -0.9812572 0.1926555
vn 0.01762513 -0.9644536 0.2636638
vn 0.01666719 -0.9424598 0.3339038
vn 0.02013922 -0.9337586 0.3573363
vn 0.02605981 -0.8793671 0.4754307
vn 0.02556201 -0.8695433 0.4931947
vn 0.03787083 -0.7953426 0.6049761
vn 0.03352427 -0.7457511 0.6653806
vn 0.04165008 -0.5697405 0.8207686
vn 0.0492087 -0.3234535 0.9449636
vn 0.05335872 -0.04243642 0.9976733
vn 0.05217575 0.2347049 0.9706655
vn 0.04854173 0.445596 0.8939171
vn 0.04430942 0.61202 0.7896001
vn 0.0324938 0.7729954 0.633579
vn 0.04107695 0.7985817 0.6004831
vn 0.03053563 0.8550082 0.5177147
vn 0.01721531 0.8999987 0.4355525
vn 0.02929923 0.9090445 0.4156677
vn 0.02289611 0.948945 0.3146097
vn 0.01419117 0.9561324 0.2925908
vn 0.0109744 0.9765763 0.2148915
vn 0.01077191 0.9776098 0.2101503
vn -0.04574732 0.9829216 -0.1782477
vn -0.1176223 0.9676423 -0.223234
vn -0.2279755 0.9282659 -0.293853
vn -0.3542328 0.8659347 -0.3530951
vn -0.4730079 0.7885482 -0.3930078
vn -0.6171638 0.6569484 -0.4330447
vn -0.762643 0.4614524 -0.4532519
vn -0.8401447 0.2723628 -0.4690153
vn -0.8692429 0.1364879 -0.4751714
vn -0.8809499 0.01185957 -0.473061
vn -0.8694541 -0.1316073 -0.4761608
vn -0.1143371 -0.9694223 -0.2171346
vn -0.04284367 -0.9827185 -0.18008
vn -0.2389673 -0.9217797 -0.3053145
vn -0.380214 -0.8445034 -0.377162
vn -0.5423318 -0.7309002 -0.4143202
vn -0.7117743 -0.5378679 -0.451747
vn -0.8215311 -0.3237486 -0.4693332
vn 0.7021282 0.003528441 -0.7120418
vn 0.6994638 -0.003157033 -0.7146611
vn 0.7069271 -0.001585975 -0.7072847
vn 0.7041461 -0.009120297 -0.7099965
vn 0.7058814 0.003231205 -0.7083227
vn 0.6994562 0.004167859 -0.7146634
vn 0.7007865 -0.003482593 -0.7133625
vn 0.7134272 0.003238993 -0.7007218
vn 0.7445616 0.006055072 -0.6675264
vn 0.8047407 -2.672859e-05 -0.5936265
vn 0.8161641 -0.000202542 -0.5778201
vn 0.8074151 0.0004749054 -0.5899835
vn 0.7757283 0.00402229 -0.6310541
vn 0.8695398 0.0005588416 -0.4938626
vn 0.891239 -0.002525932 -0.4535269
vn 0.9201778 -0.01315511 -0.3912799
vn 0.9476774 -0.01148193 -0.3190227
vn 0.9639703 -0.0002680351 -0.2660097
vn 0.9861866 -0.001443013 -0.1656316
vn 0.9859193 -0.0004585712 -0.1672215
vn 0.9868308 -0.0003087205 -0.1617556
vn 0.9852024 -0.0006838239 -0.1713934
vn 0.9880871 0.001605358 -0.1538875
vn 0.998136 0.0006596083 -0.06102592
vn 0.9995467 -0.00345397 -0.02990612
vn 0.9999364 0.0003891503 0.01127097
vn 0.9965191 0.007741601 0.08300497
vn 0.9995829 0.0004515679 0.02887408
vn 0.9997254 0.003482359 -0.02317379
vn 0.9941283 0.001468456 -0.1081974
vn 0.9950938 0.001088565 0.0989299
vn 0.9593136 0.002337655 -0.2823331
vn 0.9427918 0.003599058 -0.333363
vn 0.915148 0.005414657 -0.4030819
vn 0.8904464 0.00609529 -0.4550473
vn 0.863897 -8.862831e-05 -0.5036685
vn 0.7210169 -0.004436498 -0.6929033
vn -0.06157712 -0.246564 -0.9671683
vn -0.05423318 -0.2857431 -0.9567704
vn -0.05820915 -0.5461704 -0.8356492
vn -0.01627425 -0.9987954 -0.04629124
vn -0.02104158 -0.9270245 -0.3744099
vn -0.004776175 -0.9998916 0.0139319
vn -0.04524908 -0.8525715 -0.5206479
vn -0.03994486 -0.6639357 -0.7467221
vn -0.9765694 -0.01271477 0.2148265
vn -0.9935718 0.01011993 -0.1127508
vn -0.9825804 -0.00158501 -0.1858315
vn -0.9990214 -0.008162715 -0.04346975
vn -0.9794083 0.01100642 0.2015893
vn -0.9773226 0.003665915 -0.211724
vn -0.9700994 -0.001176118 -0.242705
vn -0.9720283 -0.0002454777 -0.2348635
vn -0.006518838 0.9871261 -0.1598113
vn 0.006072226 0.993665 -0.1122184
vn -0.02164513 0.9899945 -0.1394358
vn -0.02621717 0.9932123 -0.1133226
vn -0.0158118 0.9920849 -0.1245693
vn -0.03997262 1.633266e-07 -0.9992008
vn -0.03997203 -9.579887e-07 -0.9992008
vn -0.03997506 -6.930875e-07 -0.9992007
vn -0.03997089 9.382479e-07 -0.9992009
vn -0.03997275 -1.763322e-07 -0.9992007
vn -0.03997373 -1.166403e-06 -0.9992007
vn -0.03997134 1.034114e-05 -0.9992008
vn -0.03997981 4.797485e-06 -0.9992005
vn -0.03995803 4.051646e-05 -0.9992014
vn -0.03923814 0.0001588142 -0.9992298
vn -0.03998178 5.750633e-05 -0.9992005
vn -0.03994763 8.977106e-05 -0.9992017
vn -0.03998419 1.356434e-05 -0.9992003
vn -0.03997456 3.49537e-06 -0.9992007
vn -0.03997588 -4.99441e-06 -0.9992006
vn -0.03999618 -1.466374e-05 -0.9991999
vn -0.03990839 7.007173e-05 -0.9992033
vn -0.03996894 -2.263228e-06 -0.9992009
vn -0.03995373 -2.52235e-05 -0.9992015
vn -0.03996857 -2.062536e-05 -0.9992009
vn -0.03998129 -6.368665e-06 -0.9992004
vn -0.03999882 7.772218e-06 -0.9991997
vn -0.03973598 0.0008920922 -0.9992098
vn -0.04130854 0.0002383156 -0.9991464
vn -0.04128306 -0.0008634612 -0.9991471
vn -0.07277068 0.002412112 -0.9973457
vn -0.1157114 -0.003723292 -0.9932759
vn -0.07088735 -0.001447346 -0.9974833
vn -0.1052493 0.002181678 -0.9944435
vn 0.01240807 -0.9943327 -0.1055863
vn -0.004229501 -0.9882068 -0.1530667
vn -0.01385491 -0.9923586 -0.122607
vn -0.02854035 -0.9908565 -0.1318669
vn -0.02988108 -0.9929543 -0.1146683
vn -0.04555238 -0.9853387 -0.1644155
vn -0.9622761 -0.00694228 0.2719862
vn -0.9999934 0.002061179 0.002988233
vn -0.9993733 0.001157484 0.03537739
vn -0.9878739 0.001792875 -0.1552486
vn -0.986595 -0.005343418 -0.1631006
vn -0.9714218 0.003630036 -0.237332
vn -0.97341 -0.000945696 -0.2290682
vn -0.004928501 0.9992885 0.03739292
vn -0.00686336 0.999807 0.01840791
vn -0.02588931 0.919542 -0.3921382
vn -0.03486608 0.9249476 -0.3784921
vn -0.04440555 0.5967126 -0.8012254
vn -0.05677676 0.5852076 -0.8088934
vn -0.05416736 0.2430543 -0.9684991
vn -0.06410767 0.2120306 -0.9751581
vn -0.06450948 -0.00297709 -0.9979127
vn -0.06282095 -0.01461348 -0.9979178
vn -0.06361855 0.03988051 -0.9971771
vn -0.06422504 0.01496693 -0.9978232
vn -0.05955585 -0.01889428 -0.9980462
vn -0.0584598 0.07264094 -0.9956434
vn -0.05940637 -0.06357906 -0.9962071
vn -0.06095975 -0.07280931 -0.9954811
vn -0.4589774 -0.0002264223 -0.888448
vn -0.4529919 -0.001008216 -0.8915141
vn -0.6525781 0.00316663 -0.7577148
vn -0.2640773 0.0009143748 -0.9645011
vn -0.2563034 -0.001461523 -0.9665953
vn -0.6338701 -0.0006204089 -0.7734393
vn -0.6964447 0.0002402288 -0.7176104
vn -0.7476788 0.002414365 -0.6640562
vn -0.8182056 0.005833159 -0.5748961
vn -0.8405148 -0.002503444 -0.5417829
vn -0.9059242 0.0004973091 -0.4234397
vn -0.9303413 0.007862526 -0.3666105
vn -0.9543761 -0.0008862419 -0.2986061
vn -0.7504749 -0.002270164 -0.6608951
vn -0.6984413 -0.0001161433 -0.7156673
vn -0.6200975 -0.007301542 -0.7844908
vn -0.8521768 0.003258934 -0.5232439
vn -0.8356398 -0.009391057 -0.5491976
vn -0.9092564 -0.0007981097 -0.4162357
vn -0.9509974 -9.150809e-06 -0.3091989
vn -0.9374631 -0.00713527 -0.3480113
vn -0.6241142 0.001962357 -0.7813306
vn -0.6426647 0.001565063 -0.7661459
vn -0.4630489 -0.0007991301 -0.8863324
vn -0.3344256 -0.005787056 -0.9424044
vn -0.2543866 0.004513842 -0.9670921
f 3//1 2//2 4//3
f 3//1 4//3 5//4
f 5//4 4//3 6//5
f 5//4 6//5 7//6
f 7//6 6//5 8//7
f 7//6 8//7 9//8
f 9//8 8//7 10//9
f 9//8 10//9 11//10
f 11//10 10//9 12//11
f 11//10 12//11 13//12
f 13//12 12//11 14//13
f 13//12 14//13 15//14
f 15//14 14//13 16//15
f 15//14 16//15 17//16
f 17//16 16//15 18//17
f 17//16 18//17 19//18
f 19//18 18//17 20//19
f 19//18 20//19 21//20
f 21//20 20//19 22//21
f 21//20 22//21 24//22
f 23//23 25//24 22//21
f 22//21 25//24 24//22
f 23//23 26//25 25//24
f 1//26 28//27 27//28
f 2//2 3//1 1//26
f 3//1 28//27 1//26
f 30//29 29//30 31//31
f 30//29 31//31 32//32
f 32//32 31//31 33//33
f 32//32 33//33 34//34
f 34//34 33//33 35//35
f 34//34 35//35 36//36
f 36//36 35//35 37//37
f 36//36 37//37 38//38
f 38//38 37//37 39//39
f 38//38 39//39 40//40
f 40//40 39//39 41//41
f 40//40 41//41 42//42
f 43//43 44//44 45//45
f 43//43 45//45 46//46
f 46//46 45//45 47//47
f 46//46 47//47 48//48
f 48//48 47//47 49//49
f 42//42 41//41 50//50
f 42//42 50//50 51//51
f 42//42 51//51 52//52
f 52//52 51//51 53//53
f 52//52 53//53 54//54
f 52//52 54//54 55//55
f 55//55 54//54 56//56
f 55//55 56//56 57//57
f 57//57 56//56 58//58
f 57//57 58//58 59//59
f 59//59 58//58 60//60
f 59//59 60//60 61//61
f 59//59 61//61 43//43
f 43//43 61//61 44//44
f 63//62 49//63 64//64
f 1748//65 65//66 66//67
f 65//66 1748//65 63//62
f 63//62 1748//65 49//63
f 68//68 67//69 66//67
f 66//67 67//69 1748//65
f 68//68 62//70 67//69
f 64//64 49//63 47//71
f 64//64 47//71 70//72
f 70//72 47//71 45//73
f 70//72 45//73 71//74
f 71//74 45//73 72//75
f 72//75 45//73 44//76
f 72//75 44//76 61//77
f 72//75 61//77 73//78
f 73//78 61//77 74//79
f 74//79 61//77 60//80
f 74//79 60//80 58//81
f 74//79 58//81 75//82
f 75//82 58//81 76//83
f 76//83 58//81 56//84
f 76//83 56//84 77//85
f 77//85 56//84 54//86
f 77//85 54//86 78//87
f 78//87 54//86 53//88
f 78//87 53//88 79//89
f 79//89 53//88 80//90
f 80//90 53//88 51//91
f 80//90 51//91 81//92
f 81//92 51//91 50//93
f 81//92 50//93 82//94
f 82//94 50//93 41//95
f 82//94 41//95 83//96
f 83//96 41//95 84//97
f 84//97 41//95 39//98
f 84//97 39//98 85//99
f 85//99 39//98 37//100
f 85//99 37//100 86//101
f 86//101 37//100 35//102
f 86//101 35//102 87//103
f 87//103 35//102 33//104
f 87//103 33//104 88//105
f 88//105 33//104 89//106
f 89//106 33//104 31//107
f 89//106 31//107 90//108
f 90//108 31//107 29//109
f 90//108 29//109 69//110
f 73//78 91//111 72//75
f 72//75 91//111 92//112
f 72//75 92//112 71//74
f 71//74 92//112 70//72
f 70//72 92//112 93//113
f 70//72 93//113 64//64
f 64//64 93//113 63//62
f 68//68 94//114 62//70
f 62//70 94//114 95//115
f 62//70 95//115 69//110
f 69//110 95//115 90//108
f 90//108 95//115 96//116
f 90//108 96//116 97//117
f 90//108 97//117 89//106
f 89//106 97//117 88//105
f 88//105 98//118 87//103
f 87//103 98//118 99//119
f 87//103 99//119 86//101
f 86//101 99//119 85//99
f 85//99 100//120 84//97
f 84//97 100//120 83//96
f 83//96 101//121 82//94
f 82//94 101//121 81//92
f 81//92 101//121 102//122
f 81//92 102//122 80//90
f 80//90 102//122 79//89
f 79//89 103//123 78//87
f 78//87 103//123 77//85
f 77//85 104//124 76//83
f 76//83 104//124 75//82
f 75//82 105//125 74//79
f 74//79 105//125 73//78
f 73//78 106//126 91//111
f 91//111 106//126 107//127
f 91//111 107//127 92//112
f 92//112 107//127 108//128
f 92//112 108//128 93//113
f 93//113 108//128 109//129
f 93//113 109//129 63//62
f 63//62 109//129 65//66
f 65//66 109//129 110//130
f 65//66 110//130 66//67
f 66//67 110//130 68//68
f 68//68 110//130 111//131
f 68//68 111//131 94//114
f 94//114 111//131 95//115
f 95//115 111//131 112//132
f 95//115 112//132 96//116
f 96//116 112//132 113//133
f 96//116 113//133 97//117
f 97//117 113//133 114//134
f 97//117 114//134 88//105
f 88//105 114//134 98//118
f 98//118 114//134 115//135
f 98//118 115//135 99//119
f 99//119 115//135 116//136
f 99//119 116//136 117//137
f 99//119 117//137 85//99
f 85//99 117//137 100//120
f 100//120 117//137 118//138
f 100//120 118//138 83//96
f 83//96 118//138 119//139
f 83//96 119//139 101//121
f 101//121 119//139 120//140
f 101//121 120//140 102//122
f 102//122 120//140 121//141
f 102//122 121//141 79//89
f 79//89 121//141 122//142
f 79//89 122//142 103//123
f 103//123 122//142 123//143
f 103//123 123//143 77//85
f 77//85 123//143 124//144
f 77//85 124//144 104//124
f 104//124 124//144 125//145
f 104//124 125//145 75//82
f 75//82 125//145 105//125
f 105//125 125//145 126//146
f 105//125 126//146 73//78
f 73//78 126//146 106//126
f 126//146 127//147 106//126
f 106//126 127//147 128//148
f 106//126 128//148 107//127
f 107//127 128//148 129//149
f 107//127 129//149 108//128
f 108//128 129//149 130//150
f 108//128 130//150 109//129
f 109//129 130//150 131//151
f 109//129 131//151 110//130
f 110//130 131//151 132//152
f 110//130 132//152 111//131
f 111//131 132//152 133//153
f 111//131 133//153 134//154
f 111//131 134//154 112//132
f 112//132 134//154 135//155
f 112//132 135//155 113//133
f 113//133 135//155 114//134
f 114//134 136//156 115//135
f 115//135 136//156 116//136
f 116//136 137//157 117//137
f 117//137 137//157 138//158
f 117//137 138//158 118//138
f 118//138 138//158 139//159
f 118//138 139//159 140//160
f 118//138 140//160 119//139
f 119//139 140//160 141//161
f 119//139 141//161 120//140
f 120//140 141//161 121//141
f 121//141 142//162 122//142
f 122//142 142//162 123//143
f 123//143 143//163 124//144
f 124//144 143//163 144//164
f 124//144 144//164 125//145
f 125//145 144//164 145//165
f 125//145 145//165 126//146
f 126//146 145//165 127//147
f 145//165 146//166 127//147
f 127//147 146//166 128//148
f 128//148 147//167 129//149
f 129//149 147//167 130//150
f 130//150 147//167 148//168
f 130//150 148//168 131//151
f 131//151 148//168 149//169
f 131//151 149//169 132//152
f 132//152 149//169 150//170
f 132//152 150//170 133//153
f 133//153 150//170 134//154
f 134//154 150//170 151//171
f 134//154 151//171 135//155
f 135//155 151//171 152//172
f 135//155 152//172 114//134
f 114//134 152//172 136//156
f 136//156 152//172 153//173
f 136//156 153//173 116//136
f 116//136 153//173 137//157
f 137//157 154//174 138//158
f 138//158 154//174 139//159
f 139//159 155//175 140//160
f 140//160 155//175 141//161
f 141//161 156//176 121//141
f 121//141 156//176 142//162
f 142//162 157//177 123//143
f 123//143 157//177 143//163
f 143//163 157//177 158//178
f 143//163 158//178 144//164
f 144//164 158//178 159//179
f 144//164 159//179 145//165
f 145//165 159//179 146//166
f 146//166 160//180 161//181
f 146//166 161//181 128//148
f 128//148 161//181 147//167
f 147//167 161//181 162//182
f 147//167 162//182 148//168
f 148//168 162//182 163//183
f 148//168 163//183 149//169
f 149//169 163//183 164//184
f 149//169 164//184 150//170
f 150//170 164//184 165//185
f 150//170 165//185 166//186
f 150//170 166//186 151//171
f 151//171 166//186 167//187
f 151//171 167//187 152//172
f 152//172 167//187 168//188
f 152//172 168//188 153//173
f 153//173 168//188 169//189
f 153//173 169//189 137//157
f 137//157 169//189 154//174
f 154//174 169//189 170//190
f 154//174 170//190 139//159
f 139//159 170//190 171//191
f 139//159 171//191 155//175
f 155//175 171//191 172//192
f 155//175 172//192 141//161
f 141//161 172//192 156//176
f 156//176 172//192 173//193
f 156//176 173//193 142//162
f 142//162 173//193 157//177
f 157//177 173//193 174//194
f 157//177 174//194 158//178
f 158//178 174//194 175//195
f 158//178 175//195 159//179
f 159//179 175//195 160//180
f 159//179 160//180 146//166
f 160//180 176//196 161//181
f 161//181 176//196 177//197
f 161//181 177//197 162//182
f 162//182 177//197 178//198
f 162//182 178//198 163//183
f 163//183 178//198 164//184
f 164//184 178//198 179//199
f 164//184 179//199 165//185
f 165//185 179//199 166//186
f 166//186 179//199 180//200
f 166//186 180//200 167//187
f 167//187 180//200 181//201
f 167//187 181//201 168//188
f 168//188 181//201 169//189
f 169//189 181//201 182//202
f 169//189 182//202 170//190
f 170//190 182//202 183//203
f 170//190 183//203 171//191
f 171//191 183//203 184//204
f 171//191 184//204 172//192
f 172//192 184//204 185//205
f 172//192 185//205 173//193
f 173//193 185//205 174//194
f 174//194 185//205 186//206
f 174//194 186//206 175//195
f 175//195 186//206 187//207
f 175//195 187//207 160//180
f 160//180 187//207 176//196
f 184//204 195//208 185//205
f 185//205 195//208 188//209
f 185//205 188//209 186//206
f 186//206 188//209 189//210
f 186//206 189//210 187//207
f 187//207 189//210 176//196
f 176//196 189//210 190//211
f 176//196 190//211 177//197
f 177//197 190//211 178//198
f 178//198 190//211 191//212
f 178//198 191//212 179//199
f 179//199 191//212 192//213
f 179//199 192//213 180//200
f 180//200 192//213 193//214
f 180//200 193//214 181//201
f 181//201 193//214 182//202
f 182//202 193//214 194//215
f 182//202 194//215 183//203
f 183//203 194//215 195//208
f 183//203 195//208 184//204
f 194//215 188//209 195//208
f 194//215 189//210 188//209
f 194//215 190//211 189//210
f 194//215 191//212 190//211
f 194//215 192//213 191//212
f 194//215 193//214 192//213
f 46//46 48//48 26//216
f 32//32 27//217 30//29
f 26//216 23//218 46//46
f 46//46 23//218 43//43
f 23//218 22//219 43//43
f 43//43 22//219 59//59
f 22//219 20//220 59//59
f 59//59 20//220 18//221
f 59//59 18//221 57//57
f 57//57 18//221 16//222
f 57//57 16//222 55//55
f 55//55 16//222 14//223
f 55//55 14//223 52//52
f 52//52 14//223 12//224
f 52//52 12//224 10//225
f 52//52 10//225 42//42
f 42//42 10//225 8//226
f 42//42 8//226 40//40
f 40//40 8//226 6//227
f 40//40 6//227 38//38
f 38//38 6//227 4//228
f 38//38 4//228 36//36
f 36//36 4//228 2//229
f 36//36 2//229 34//34
f 34//34 2//229 1//230
f 34//34 1//230 32//32
f 32//32 1//230 27//217
f 196//231 197//232 198//233
f 198//233 197//232 199//234
f 196//231 200//235 197//232
f 198//233 199//234 201//236
f 196//231 202//237 200//235
f 196//231 203//238 202//237
f 198//233 201//236 205//239
f 196//231 204//240 203//238
f 205//239 206//241 198//233
f 196//231 198//233 207//242
f 211//243 209//244 208//245
f 208//245 209//244 207//242
f 207//242 209//244 196//231
f 210//246 211//243 208//245
f 210//246 208//245 212//247
f 210//246 212//247 215//248
f 215//248 212//247 213//249
f 214//250 215//248 213//249
f 214//250 216//251 215//248
f 219//252 217//253 214//250
f 214//250 217//253 216//251
f 217//253 219//252 218//254
f 219//252 220//255 218//254
f 220//255 221//256 218//254
f 218//254 221//256 222//257
f 221//256 223//258 222//257
f 224//259 223//258 221//256
f 224//259 227//260 228//261
f 229//262 228//261 227//260
f 228//261 225//263 224//259
f 224//259 225//263 226//264
f 224//259 226//264 223//258
f 226//264 225//263 230//265
f 226//264 230//265 231//266
f 231//266 232//267 226//264
f 233//268 234//269 235//270
f 236//271 237//272 238//273
f 238//273 237//272 239//274
f 237//272 240//275 239//274
f 239//274 240//275 241//276
f 241//276 240//275 233//268
f 241//276 233//268 235//270
f 242//277 234//269 233//268
f 290//278 289//279 243//280
f 243//280 289//279 244//281
f 243//280 244//281 245//282
f 244//281 246//283 245//282
f 245//282 246//283 247//284
f 247//284 246//283 248//285
f 247//284 248//285 250//286
f 250//286 248//285 249//287
f 249//287 288//288 250//286
f 196//289 236//290 204//291
f 236//290 251//292 204//291
f 204//291 251//292 203//293
f 203//293 251//292 252//294
f 203//293 252//294 202//295
f 202//295 252//294 253//296
f 202//295 253//296 200//297
f 253//296 254//298 200//297
f 200//297 254//298 197//299
f 197//299 254//298 255//300
f 197//299 255//300 199//301
f 255//300 256//302 199//301
f 199//301 256//302 257//303
f 199//301 257//303 201//304
f 201//304 257//303 258//305
f 201//304 258//305 205//306
f 205//306 258//305 259//307
f 205//306 259//307 206//308
f 206//308 259//307 260//309
f 261//310 198//311 206//308
f 261//310 206//308 260//309
f 262//312 265//313 315//314
f 315//314 265//313 261//315
f 264//316 263//317 265//313
f 264//316 265//313 262//312
f 263//317 264//316 266//318
f 266//318 267//319 277//320
f 277//320 268//321 266//318
f 266//318 268//321 263//317
f 271//322 274//323 270//324
f 273//325 272//326 271//322
f 271//322 272//326 274//323
f 270//324 269//327 271//322
f 269//327 270//324 275//328
f 275//328 270//324 276//329
f 275//328 276//329 321//330
f 198//311 261//310 265//331
f 198//311 265//331 207//332
f 207//332 265//331 263//333
f 207//332 263//333 208//334
f 212//335 268//336 277//337
f 268//336 212//335 263//333
f 263//333 212//335 208//334
f 277//337 213//338 212//335
f 276//339 214//340 213//338
f 276//339 213//338 277//337
f 214//340 276//339 219//341
f 219//341 276//339 270//342
f 272//343 220//344 274//345
f 274//345 220//344 270//342
f 270//342 220//344 219//341
f 220//344 272//343 221//346
f 221//346 272//343 278//347
f 221//346 278//347 224//348
f 224//348 278//347 279//349
f 224//348 279//349 227//350
f 227//350 279//349 280//351
f 227//350 280//351 229//352
f 229//352 280//351 281//353
f 229//352 281//353 228//354
f 228//354 281//353 282//355
f 228//354 282//355 225//356
f 225//356 282//355 283//357
f 225//356 283//357 230//358
f 230//358 283//357 284//359
f 230//358 284//359 231//360
f 231//360 284//359 285//361
f 223//362 226//363 286//364
f 286//364 226//363 287//365
f 287//365 226//363 232//366
f 287//365 232//366 285//361
f 285//361 232//366 231//360
f 286//364 288//288 223//362
f 246//367 217//368 248//369
f 248//369 217//368 218//370
f 248//369 218//370 249//371
f 249//371 218//370 222//372
f 249//371 222//372 288//288
f 288//288 222//372 223//362
f 217//368 246//367 216//373
f 289//374 215//375 244//376
f 244//376 215//375 216//373
f 246//367 244//376 216//373
f 233//377 210//378 242//379
f 242//379 210//378 289//374
f 289//374 210//378 215//375
f 210//378 233//377 211//380
f 211//380 233//377 240//381
f 237//382 196//289 209//383
f 211//380 240//381 209//383
f 209//383 240//381 237//382
f 236//290 196//289 237//382
f 289//279 290//278 242//277
f 242//277 290//278 234//269
f 291//384 238//385 292//386
f 292//386 238//385 239//387
f 292//386 239//387 293//388
f 293//388 239//387 241//389
f 293//388 241//389 294//390
f 294//390 241//389 235//391
f 294//390 235//391 234//392
f 294//390 234//392 295//393
f 297//394 296//395 255//300
f 297//394 255//300 254//298
f 297//394 254//298 298//396
f 298//396 254//298 253//296
f 298//396 253//296 299//397
f 253//296 252//294 299//397
f 299//397 252//294 300//398
f 300//398 252//294 301//399
f 301//399 252//294 251//400
f 301//399 251//400 238//273
f 238//273 251//400 236//271
f 302//401 303//402 288//288
f 288//288 303//402 250//286
f 302//401 288//288 286//364
f 302//401 286//364 287//365
f 302//401 287//365 304//403
f 304//403 287//365 285//361
f 304//403 285//361 306//404
f 284//359 305//405 306//404
f 284//359 306//404 285//361
f 284//359 283//357 305//405
f 283//357 328//406 305//405
f 332//407 290//408 243//409
f 332//407 243//409 307//410
f 307//410 243//409 308//411
f 308//411 243//409 245//412
f 308//411 245//412 247//413
f 308//411 247//413 309//414
f 309//414 247//413 310//415
f 310//415 247//413 250//416
f 255//300 296//395 256//302
f 296//395 257//303 256//302
f 312//417 257//303 296//395
f 258//305 257//303 312//417
f 258//305 312//417 313//418
f 314//419 259//307 313//418
f 313//418 259//307 258//305
f 261//315 260//420 311//421
f 259//307 314//419 260//420
f 260//420 314//419 311//421
f 261//315 311//421 315//314
f 316//422 267//423 266//424
f 316//422 266//424 317//425
f 317//426 266//426 264//426
f 317//427 264//427 318//427
f 318//428 264//429 319//430
f 264//429 262//431 319//430
f 319//430 262//431 315//432
f 319//430 315//432 320//433
f 277//320 267//319 321//330
f 277//320 321//330 276//329
f 322//434 275//435 323//436
f 323//436 275//435 321//437
f 324//438 269//439 322//434
f 322//434 269//439 275//435
f 324//438 271//440 269//439
f 325//441 271//441 324//441
f 325//442 273//443 271//444
f 326//445 273//443 325//442
f 330//446 279//349 331//447
f 282//355 328//406 283//357
f 328//406 282//355 329//448
f 282//355 281//353 329//448
f 329//449 281//353 327//450
f 327//450 281//353 280//351
f 327//450 280//351 330//446
f 280//351 279//349 330//446
f 272//326 273//325 331//447
f 272//326 331//447 278//347
f 278//347 331//447 279//349
f 295//393 234//392 332//407
f 332//407 234//392 290//408
f 295//451 333//452 294//453
f 292//454 293//455 335//456
f 335//456 293//455 334//457
f 334//457 293//455 294//453
f 334//457 294//453 333//452
f 336//458 301//459 238//385
f 336//458 238//385 291//384
f 337//460 301//459 336//458
f 338//461 296//462 339//463
f 339//463 296//462 297//464
f 339//463 297//464 340//465
f 340//465 297//464 298//466
f 340//465 298//466 341//467
f 341//467 298//466 299//468
f 341//467 299//468 337//460
f 337//460 299//468 300//469
f 337//460 300//469 301//459
f 342//470 343//471 302//472
f 310//415 250//416 303//473
f 310//415 303//473 343//471
f 328//474 344//475 345//476
f 328//474 345//476 305//477
f 346//478 305//477 345//476
f 346//478 306//479 305//477
f 347//480 304//481 348//482
f 348//482 304//481 306//479
f 348//482 306//479 346//478
f 342//470 302//472 347//480
f 347//480 302//472 304//481
f 343//471 303//473 302//472
f 350//483 307//484 308//485
f 350//483 308//485 349//486
f 351//487 332//488 307//484
f 307//484 350//483 351//487
f 309//489 349//486 308//485
f 311//490 352//491 353//492
f 320//433 315//432 311//490
f 320//433 311//490 353//492
f 311//490 314//493 352//491
f 352//491 314//493 313//494
f 352//491 313//494 354//495
f 354//495 313//494 312//496
f 354//495 312//496 355//497
f 355//497 312//496 296//462
f 355//497 296//462 338//461
f 358//498 356//499 316//500
f 318//501 357//502 317//503
f 317//503 357//502 358//498
f 317//503 358//498 316//500
f 267//423 316//422 323//436
f 267//423 323//436 321//437
f 322//504 323//505 359//506
f 324//507 322//504 360//508
f 484//509 326//510 325//511
f 484//509 325//511 324//507
f 484//509 324//507 361//512
f 361//512 324//507 360//508
f 322//504 359//506 360//508
f 273//443 326//445 331//513
f 344//475 328//474 329//514
f 344//475 329//514 362//515
f 362//515 329//514 363//516
f 363//516 329//514 327//517
f 363//516 327//517 364//518
f 364//518 327//517 330//519
f 364//518 330//519 331//513
f 364//518 331//513 490//520
f 490//520 331//513 326//445
f 367//521 370//522 365//523
f 367//521 365//523 368//524
f 368//524 365//523 366//525
f 368//524 366//525 369//526
f 371//527 372//528 370//522
f 371//527 370//522 367//521
f 373//529 374//530 375//531
f 375//531 374//530 376//532
f 375//531 376//532 371//527
f 371//527 376//532 372//528
f 374//530 373//529 377//533
f 377//533 373//529 378//534
f 377//533 378//534 379//535
f 379//535 378//534 380//536
f 379//535 380//536 381//537
f 381//537 380//536 382//538
f 381//537 382//538 383//539
f 383//539 382//538 384//540
f 332//488 351//487 295//451
f 295//451 351//487 387//541
f 295//451 387//541 333//452
f 385//542 386//543 388//544
f 385//542 388//544 389//545
f 333//452 387//541 388//544
f 386//543 385//542 390//546
f 333//452 388//544 386//543
f 394//547 393//548 340//549
f 397//550 338//551 339//552
f 398//553 465//554 399//555
f 395//556 334//457 333//452
f 395//556 333//452 405//557
f 405//557 333//452 390//546
f 390//546 333//452 386//543
f 334//457 395//556 335//456
f 406//558 292//454 335//456
f 292//454 406//558 411//559
f 292//454 411//559 291//560
f 291//560 411//559 336//561
f 337//562 407//563 341//564
f 341//564 407//563 394//547
f 341//564 394//547 340//549
f 340//549 393//548 392//565
f 340//549 392//565 339//552
f 391//566 392//565 393//548
f 392//565 399//555 397//550
f 392//565 397//550 339//552
f 408//567 404//568 409//569
f 409//569 404//568 403//570
f 409//569 403//570 400//571
f 410//572 411//559 406//558
f 412//573 391//566 394//547
f 412//573 394//547 410//572
f 410//572 394//547 413//574
f 410//572 413//574 411//559
f 336//561 411//559 337//562
f 337//562 411//559 407//563
f 407//563 411//559 413//574
f 407//563 413//574 394//547
f 393//548 394//547 391//566
f 395//556 405//557 396//575
f 395//556 396//575 335//456
f 335//456 396//575 404//568
f 335//456 404//568 408//567
f 335//456 408//567 406//558
f 402//576 398//553 399//555
f 402//576 399//555 392//565
f 402//576 392//565 401//577
f 401//577 392//565 391//566
f 401//577 391//566 400//571
f 400//571 391//566 412//573
f 400//571 412//573 409//569
f 409//569 412//573 410//572
f 409//569 410//572 408//567
f 408//567 410//572 406//558
f 415//578 432//579 416//580
f 345//581 417//582 346//583
f 346//583 417//582 421//584
f 421//584 348//585 346//583
f 351//487 350//483 387//541
f 423//586 420//587 387//541
f 388//544 387//541 420//587
f 388//544 420//587 389//545
f 343//588 342//589 422//590
f 428//591 310//592 343//588
f 424//593 428//591 429//594
f 309//489 310//592 428//591
f 428//591 343//588 429//594
f 429//594 343//588 422//590
f 309//489 424//593 349//486
f 349//486 424//593 430//595
f 350//483 349//486 430//595
f 418//596 419//597 423//586
f 423//586 419//597 420//587
f 430//595 418//596 350//483
f 350//483 418//596 423//586
f 423//586 387//541 350//483
f 417//582 345//581 426//598
f 417//582 426//598 431//599
f 347//600 348//585 432//579
f 432//579 348//585 421//584
f 427//601 347//600 432//579
f 432//579 421//584 416//580
f 416//580 421//584 417//582
f 416//580 417//582 431//599
f 416//580 414//602 415//578
f 432//579 415//578 427//601
f 427//601 415//578 425//603
f 427//601 425//603 422//590
f 422//590 425//603 429//594
f 428//591 424//593 309//489
f 342//589 347//600 422//590
f 422//590 347//600 427//601
f 414//602 416//580 431//599
f 435//604 438//605 437//606
f 437//606 436//607 435//604
f 437//606 438//605 433//608
f 438//605 439//609 433//608
f 433//608 439//609 434//610
f 442//611 440//612 443//613
f 443//613 440//612 434//610
f 434//610 440//612 433//608
f 441//614 442//611 443//613
f 441//614 444//615 442//611
f 444//615 441//614 445//616
f 445//616 441//614 369//526
f 445//616 369//526 366//525
f 368//617 446//618 367//619
f 367//619 446//618 449//620
f 369//621 447//622 368//617
f 368//617 447//622 446//618
f 448//623 367//619 449//620
f 450//624 451//625 452//626
f 456//627 356//499 358//498
f 467//628 354//629 355//630
f 338//551 457//631 355//630
f 458//632 320//633 459//634
f 460//635 357//502 318//501
f 458//632 318//501 319//636
f 458//632 319//636 320//633
f 358//498 461//637 455//638
f 358//498 455//638 456//627
f 456//627 455//638 454//639
f 453//640 455//638 461//637
f 465//554 457//631 399//555
f 399//555 457//631 397//550
f 397//550 457//631 338//551
f 462//641 460//635 463//642
f 467//628 452//626 451//625
f 451//625 459//634 352//643
f 352//643 459//634 320//633
f 352//643 320//633 353//644
f 457//631 465//554 468//645
f 457//631 468//645 467//628
f 457//631 467//628 355//630
f 467//628 451//625 354//629
f 354//629 451//625 352//643
f 459//634 451//625 458//632
f 458//632 451//625 450//624
f 458//632 450//624 460//635
f 463//642 460//635 450//624
f 318//501 458//632 460//635
f 357//502 460//635 462//641
f 357//502 462//641 358//498
f 358//498 462//641 461//637
f 461//637 462//641 453//640
f 468//645 452//626 467//628
f 465//554 466//646 468//645
f 468//645 466//646 464//647
f 468//645 464//647 452//626
f 452//626 464//647 667//648
f 452//626 667//648 450//624
f 450//624 667//648 463//642
f 316//500 356//499 323//505
f 359//506 356//499 456//627
f 359//506 456//627 469//649
f 323//505 356//499 359//506
f 360//508 359//506 471//650
f 474//651 594//652 426//598
f 361//512 480//653 484//509
f 482//654 480//653 360//508
f 360//508 471//650 482//654
f 482//654 471//650 481//655
f 481//655 471//650 483//656
f 471//650 359//506 469//649
f 471//650 469//649 483//656
f 483//656 469//649 470//657
f 472//658 484//509 479//659
f 485//660 479//659 478//661
f 485//660 478//661 477//662
f 479//659 484//509 480//653
f 480//653 361//512 360//508
f 472//658 490//663 326//510
f 473//664 362//665 486//666
f 486//666 362//665 487//667
f 487//667 362//665 363//668
f 487//667 363//668 488//669
f 488//669 363//668 364//670
f 488//669 364//670 489//671
f 489//671 364//670 490//663
f 474//651 426//598 473//664
f 474//651 473//664 475//672
f 486//666 487//667 476//673
f 426//598 345//581 473//664
f 473//664 345//581 344//674
f 475//672 473//664 486//666
f 475//672 486//666 476//673
f 476//673 488//669 593//675
f 593//675 488//669 477//662
f 479//659 485//660 472//658
f 344//674 362//665 473//664
f 476//673 487//667 488//669
f 477//662 488//669 489//671
f 477//662 489//671 485//660
f 485//660 489//671 490//663
f 485//660 490//663 472//658
f 472//658 326//510 484//509
f 383//539 384//540 491//676
f 383//539 491//676 492//677
f 499//678 372//679 493//680
f 493//680 372//679 376//681
f 493//680 376//681 494//682
f 494//682 376//681 374//683
f 494//682 374//683 495//684
f 495//684 374//683 377//685
f 495//684 377//685 496//686
f 377//685 379//687 496//686
f 496//686 379//687 381//688
f 496//686 381//688 497//689
f 497//689 381//688 383//690
f 497//689 383//690 498//691
f 499//678 370//692 372//679
f 500//693 366//694 365//695
f 499//678 501//696 370//692
f 370//692 501//696 502//697
f 370//692 502//697 365//695
f 365//695 502//697 500//693
f 503//698 445//699 500//693
f 500//693 445//699 366//694
f 445//699 503//698 444//700
f 444//700 503//698 505//701
f 444//700 505//701 442//702
f 504//703 440//704 442//702
f 504//703 442//702 505//701
f 440//704 504//703 433//705
f 504//703 506//706 433//705
f 433//705 506//706 507//707
f 433//705 507//707 437//708
f 507//707 436//709 437//708
f 435//604 436//607 508//710
f 508//710 436//607 509//711
f 511//712 512//713 513//714
f 513//714 512//713 514//715
f 513//714 514//715 515//716
f 515//716 514//715 516//717
f 515//716 516//717 517//718
f 515//716 517//718 518//719
f 521//720 518//719 510//721
f 510//721 518//719 517//718
f 524//722 519//723 520//724
f 520//724 519//723 521//720
f 520//724 521//720 510//721
f 522//725 523//726 524//722
f 524//722 523//726 519//723
f 523//726 522//725 525//727
f 525//727 522//725 526//728
f 525//727 526//728 527//729
f 525//727 527//729 528//730
f 527//729 529//731 528//730
f 528//730 529//731 530//732
f 529//731 531//733 530//732
f 398//553 532//734 465//554
f 569//735 384//736 382//737
f 367//619 448//623 371//738
f 371//738 448//623 533//739
f 371//738 533//739 375//740
f 375//740 533//739 534//741
f 373//742 375//740 535//743
f 535//743 375//740 534//741
f 373//742 535//743 378//744
f 378//744 535//743 536//745
f 378//744 536//745 380//746
f 380//746 536//745 382//737
f 382//737 536//745 537//747
f 569//735 382//737 537//747
f 389//545 538//748 539//749
f 403//570 404//568 541//750
f 541//750 404//568 396//575
f 541//750 396//575 542//751
f 542//751 396//575 405//557
f 544//752 545//753 546//754
f 540//755 548//756 549//757
f 390//546 553//758 551//759
f 555//760 554//761 403//570
f 555//760 403//570 541//750
f 555//760 541//750 556//762
f 556//762 541//750 542//751
f 556//762 542//751 557//763
f 551//759 557//763 542//751
f 551//759 542//751 390//546
f 401//577 400//571 543//764
f 543//764 400//571 403//570
f 554//761 543//764 403//570
f 390//546 542//751 405//557
f 547//765 546//754 545//753
f 385//542 389//545 539//749
f 385//542 539//749 553//758
f 553//758 539//749 552//766
f 553//758 552//766 551//759
f 557//763 551//759 550//767
f 557//763 550//767 556//762
f 556//762 550//767 540//755
f 554//761 540//755 549//757
f 554//761 549//757 547//765
f 554//761 547//765 543//764
f 543//764 547//765 545//753
f 545//753 401//577 543//764
f 554//761 555//760 540//755
f 540//755 555//760 556//762
f 385//542 553//758 390//546
f 559//768 558//769 565//770
f 492//677 491//676 560//771
f 492//677 560//771 561//772
f 561//772 560//771 562//773
f 561//772 562//773 563//774
f 563//774 562//773 564//775
f 564//775 565//770 563//774
f 563//774 565//770 566//776
f 566//776 565//770 558//769
f 559//768 530//732 558//769
f 558//769 530//732 531//733
f 530//777 567//778 568//779
f 569//735 792//780 491//781
f 491//781 384//736 569//735
f 508//710 509//711 570//782
f 570//782 509//711 571//783
f 570//782 571//783 572//784
f 570//782 572//784 573//785
f 573//785 572//784 574//786
f 575//787 576//788 577//789
f 575//787 577//789 578//790
f 578//790 577//789 579//791
f 579//791 577//789 574//786
f 579//791 574//786 572//784
f 575//787 511//712 576//788
f 511//712 575//787 512//713
f 581//792 519//793 582//794
f 582//794 519//793 523//795
f 525//796 583//797 523//795
f 523//795 583//797 582//794
f 525//796 580//798 583//797
f 580//798 525//796 584//799
f 584//799 525//796 528//800
f 528//800 585//801 584//799
f 530//777 568//779 528//800
f 528//800 568//779 585//801
f 586//802 511//803 513//804
f 586//802 513//804 587//805
f 587//805 513//804 515//806
f 587//805 515//806 588//807
f 515//806 590//808 588//807
f 518//809 590//808 515//806
f 521//810 589//811 518//809
f 518//809 589//811 590//808
f 519//793 581//792 521//810
f 521//810 581//792 589//811
f 580//812 808//813 807//814
f 580//812 807//814 583//815
f 583//815 807//814 591//816
f 592//817 595//818 596//819
f 592//817 596//819 594//652
f 600//820 599//821 601//822
f 593//675 604//823 603//824
f 475//672 476//673 593//675
f 592//817 474//651 475//672
f 603//824 604//823 602//825
f 603//824 602//825 601//822
f 603//824 601//822 599//821
f 598//826 597//827 592//817
f 595//818 592//817 597//827
f 598//826 592//817 475//672
f 598//826 475//672 599//821
f 599//821 475//672 603//824
f 603//824 475//672 593//675
f 474//651 592//817 594//652
f 605//828 431//599 606//829
f 607//830 608//831 609//832
f 431//599 426//598 596//819
f 414//602 431//599 605//828
f 609//832 608//831 611//833
f 595//818 613//834 596//819
f 613//834 431//599 596//819
f 612//835 609//832 610//836
f 612//835 610//836 606//829
f 606//829 610//836 605//828
f 607//830 609//832 612//835
f 612//835 606//829 613//834
f 613//834 606//829 431//599
f 596//819 426//598 594//652
f 614//837 538//748 615//838
f 414//602 605//828 622//839
f 622//839 415//578 414//602
f 623//840 424//593 619//841
f 619//841 424//593 429//594
f 619//841 429//594 425//603
f 418//596 430//595 628//842
f 628//842 430//595 424//593
f 628//842 424//593 623//840
f 625//843 626//844 616//845
f 622//839 605//828 610//836
f 622//839 610//836 619//841
f 619//841 610//836 621//846
f 619//841 621//846 627//847
f 628//842 627//847 629//848
f 628//842 629//848 630//849
f 628//842 630//849 631//850
f 631//850 630//849 632//851
f 631//850 632//851 633//852
f 633//852 632//851 615//838
f 633//852 615//838 538//748
f 538//748 389//545 633//852
f 628//842 623//840 627//847
f 627//847 623//840 619//841
f 389//545 420//587 633//852
f 633//852 420//587 419//597
f 633//852 419//597 631//850
f 631//850 419//597 418//596
f 631//850 418//596 628//842
f 619//841 425//603 622//839
f 622//839 425//603 415//578
f 616//845 614//837 615//838
f 616//845 615//838 617//853
f 617//853 615//838 632//851
f 617//853 632//851 634//854
f 634//854 632//851 630//849
f 634//854 630//849 635//855
f 635//855 630//849 629//848
f 609//832 621//846 610//836
f 621//846 609//832 611//833
f 621//846 611//833 635//855
f 635//855 611//833 620//856
f 635//855 620//856 624//857
f 635//855 624//857 634//854
f 634//854 624//857 625//843
f 634//854 625//843 617//853
f 617//853 625//843 616//845
f 616//845 626//844 618//858
f 627//847 621//846 635//855
f 627//847 635//855 629//848
f 636//859 435//860 508//861
f 636//859 642//862 435//860
f 447//622 369//621 637//863
f 637//863 369//621 441//864
f 637//863 441//864 638//865
f 441//864 443//866 638//865
f 638//865 443//866 639//867
f 639//867 443//866 640//868
f 640//868 443//866 434//869
f 640//868 434//869 439//870
f 640//868 439//870 641//871
f 641//871 439//870 438//872
f 641//871 438//872 642//862
f 642//862 438//872 435//860
f 644//873 645//874 446//875
f 644//873 446//875 643//876
f 447//877 643//876 446//875
f 446//875 645//874 449//878
f 449//878 645//874 894//879
f 449//878 894//879 893//880
f 449//878 893//880 448//881
f 466//646 465//554 532//734
f 466//646 532//734 914//882
f 466//646 646//883 464//647
f 649//884 453//640 650//885
f 650//885 453//640 462//641
f 650//885 462//641 651//886
f 651//886 462//641 463//642
f 651//886 463//642 652//887
f 652//887 463//642 667//648
f 649//884 455//638 453//640
f 456//627 454//639 648//888
f 456//627 648//888 470//657
f 456//627 470//657 469//649
f 656//889 654//890 653//891
f 655//892 656//889 653//891
f 661//893 647//894 662//895
f 662//895 647//894 660//896
f 662//895 646//883 663//897
f 664//898 649//884 650//885
f 664//898 650//885 665//899
f 665//899 650//885 651//886
f 665//899 651//886 666//900
f 666//900 651//886 652//887
f 666//900 652//887 667//648
f 455//638 649//884 454//639
f 454//639 649//884 648//888
f 653//891 470//657 655//892
f 655//892 470//657 648//888
f 655//892 648//888 664//898
f 664//898 648//888 649//884
f 663//897 661//893 662//895
f 657//901 664//898 658//902
f 658//902 664//898 665//899
f 658//902 665//899 659//903
f 659//903 665//899 666//900
f 659//903 666//900 660//896
f 660//896 666//900 662//895
f 657//901 655//892 664//898
f 662//895 666//900 667//648
f 662//895 667//648 646//883
f 646//883 667//648 464//647
f 673//904 671//905 674//906
f 675//907 674//906 676//908
f 675//907 676//908 654//890
f 677//909 470//657 653//891
f 483//656 470//657 677//909
f 482//654 481//655 678//910
f 482//654 678//910 480//653
f 480//653 678//910 479//659
f 479//659 678//910 679//911
f 478//661 479//659 679//911
f 593//675 477//662 668//912
f 668//912 477//662 478//661
f 675//907 673//904 674//906
f 672//913 674//906 671//905
f 653//891 654//890 676//908
f 653//891 676//908 677//909
f 677//909 676//908 682//914
f 682//914 676//908 683//915
f 682//914 683//915 684//916
f 686//917 685//918 604//823
f 686//917 604//823 668//912
f 668//912 604//823 593//675
f 481//655 483//656 682//914
f 481//655 682//914 678//910
f 478//661 679//911 686//917
f 478//661 686//917 668//912
f 483//656 677//909 682//914
f 678//910 682//914 684//916
f 678//910 684//916 679//911
f 679//911 684//916 685//918
f 679//911 685//918 686//917
f 683//915 674//906 687//919
f 604//823 680//920 602//825
f 681//921 601//822 602//825
f 602//825 680//920 681//921
f 681//921 680//920 688//922
f 681//921 688//922 670//923
f 670//923 688//922 669//924
f 669//924 688//922 687//919
f 669//924 687//919 672//913
f 672//913 687//919 674//906
f 674//906 683//915 676//908
f 683//915 687//919 684//916
f 684//916 687//919 688//922
f 684//916 688//922 685//918
f 685//918 688//922 680//920
f 685//918 680//920 604//823
f 531//925 689//926 558//927
f 558//927 689//926 690//928
f 558//927 690//928 566//929
f 566//929 690//928 691//930
f 566//929 691//930 563//931
f 691//930 692//932 563//931
f 563//931 692//932 693//933
f 694//934 561//935 695//936
f 695//936 561//935 693//933
f 693//933 561//935 563//931
f 694//934 492//937 561//935
f 498//691 492//937 694//934
f 498//691 383//690 492//937
f 696//938 498//939 697//940
f 498//939 696//938 497//941
f 497//941 696//938 698//942
f 497//941 698//942 496//943
f 496//943 698//942 699//944
f 496//943 699//944 700//945
f 496//943 700//945 495//946
f 495//946 700//945 701//947
f 495//946 701//947 494//948
f 494//948 701//947 702//949
f 703//950 493//951 702//949
f 702//949 493//951 494//948
f 1051//952 499//953 703//950
f 703//950 499//953 493//951
f 1051//952 704//954 499//953
f 502//955 501//956 705//957
f 705//957 501//956 706//958
f 501//956 499//953 704//954
f 706//958 501//956 704//954
f 705//957 707//959 502//955
f 502//955 707//959 500//960
f 709//961 503//962 710//963
f 710//963 503//962 500//960
f 710//963 500//960 707//959
f 712//964 505//965 709//961
f 709//961 505//965 503//962
f 711//966 505//965 712//964
f 713//967 504//968 711//966
f 711//966 504//968 505//965
f 713//967 714//969 504//968
f 504//968 714//969 506//970
f 506//970 714//969 1057//971
f 506//970 1057//971 507//972
f 507//972 1057//971 708//973
f 507//972 708//973 715//974
f 716//975 436//709 507//707
f 436//709 716//975 509//976
f 717//977 512//978 718//979
f 718//979 512//978 575//980
f 718//979 575//980 719//981
f 719//981 575//980 578//982
f 579//983 720//984 578//982
f 578//982 720//984 719//981
f 572//985 721//986 720//984
f 572//985 720//984 579//983
f 721//986 572//985 722//987
f 722//987 572//985 571//988
f 722//987 571//988 723//989
f 571//988 509//976 723//989
f 723//989 509//976 716//975
f 724//990 517//991 516//992
f 724//990 516//992 725//993
f 725//993 516//992 514//994
f 512//978 726//995 514//994
f 514//994 726//995 725//993
f 512//978 717//977 726//995
f 517//991 724//990 510//996
f 724//990 727//997 510//996
f 524//998 520//999 728//1000
f 728//1000 520//999 727//997
f 727//997 520//999 510//996
f 689//926 531//925 729//1001
f 729//1001 531//925 529//1002
f 729//1001 529//1002 730//1003
f 730//1003 529//1002 527//1004
f 730//1003 527//1004 526//1005
f 730//1003 526//1005 731//1006
f 731//1006 526//1005 732//1007
f 732//1007 526//1005 522//1008
f 732//1007 522//1008 733//1009
f 733//1009 522//1008 524//998
f 733//1009 524//998 728//1000
f 547//765 549//757 736//1010
f 895//1011 737//1012 739//1013
f 895//1011 734//1014 740//1015
f 547//765 736//1010 546//754
f 546//754 736//1010 745//1016
f 402//576 753//1017 398//553
f 734//1014 748//1018 740//1015
f 740//1015 748//1018 1137//1019
f 750//1020 749//1021 748//1018
f 748//1018 734//1014 735//1022
f 736//1010 744//1023 745//1016
f 745//1016 744//1023 743//1024
f 743//1024 741//1025 750//1020
f 750//1020 741//1025 742//1026
f 749//1021 1137//1019 748//1018
f 750//1020 748//1018 735//1022
f 750//1020 735//1022 751//1027
f 751//1027 735//1022 752//1028
f 545//753 544//752 753//1017
f 545//753 753//1017 401//577
f 544//752 546//754 752//1028
f 752//1028 546//754 745//1016
f 752//1028 745//1016 751//1027
f 749//1021 750//1020 742//1026
f 749//1021 742//1026 1118//1029
f 751//1027 745//1016 743//1024
f 751//1027 743//1024 750//1020
f 1118//1029 742//1026 754//1030
f 756//1031 755//1032 757//1033
f 757//1033 758//1034 756//1031
f 755//1032 746//1035 757//1033
f 758//1034 532//734 756//1031
f 756//1031 532//734 398//553
f 756//1031 398//553 753//1017
f 739//1013 737//1012 738//1036
f 739//1013 738//1036 747//1037
f 759//1038 747//1037 746//1035
f 759//1038 746//1035 755//1032
f 734//1014 895//1011 739//1013
f 734//1014 739//1013 735//1022
f 735//1022 739//1013 747//1037
f 735//1022 747//1037 759//1038
f 735//1022 759//1038 752//1028
f 752//1028 759//1038 755//1032
f 752//1028 755//1032 544//752
f 544//752 755//1032 756//1031
f 544//752 756//1031 753//1017
f 401//577 753//1017 402//576
f 1142//1039 569//1040 1113//1041
f 1113//1041 569//1040 537//1042
f 1113//1041 537//1042 1103//1043
f 1103//1043 537//1042 536//1044
f 1103//1043 536//1044 760//1045
f 760//1045 536//1044 1100//1046
f 1100//1046 536//1044 761//1047
f 536//1044 535//1048 761//1047
f 761//1047 535//1048 1106//1049
f 1106//1049 535//1048 534//1050
f 534//1050 1108//1051 1106//1049
f 533//1052 1110//1053 1112//1054
f 533//1052 1112//1054 1111//1055
f 533//1052 1111//1055 534//1050
f 534//1050 1111//1055 1108//1051
f 1110//1053 533//1052 448//881
f 1110//1053 448//881 1109//1056
f 1109//1056 448//881 893//880
f 754//1030 742//1026 765//1057
f 550//767 551//759 766//1058
f 538//748 614//837 539//749
f 539//749 614//837 767//1059
f 539//749 767//1059 552//766
f 768//1060 540//755 550//767
f 548//756 540//755 768//1060
f 743//1024 744//1023 769//1061
f 743//1024 769//1061 741//1025
f 765//1057 1127//1062 754//1030
f 1127//1062 765//1057 770//1063
f 1127//1062 770//1063 771//1064
f 771//1064 770//1063 772//1065
f 771//1064 772//1065 773//1066
f 772//1065 774//1067 773//1066
f 775//1068 776//1069 777//1070
f 779//1071 616//845 618//858
f 767//1059 614//837 616//845
f 767//1059 616//845 779//1071
f 764//1072 780//1073 781//1074
f 764//1072 781//1074 763//1075
f 763//1075 781//1074 766//1058
f 780//1073 548//756 768//1060
f 780//1073 768//1060 781//1074
f 766//1058 781//1074 550//767
f 763//1075 762//1076 764//1072
f 782//1077 764//1072 783//1078
f 549//757 548//756 736//1010
f 736//1010 548//756 744//1023
f 550//767 781//1074 768//1060
f 548//756 780//1073 744//1023
f 744//1023 780//1073 784//1079
f 744//1023 784//1079 769//1061
f 764//1072 782//1077 784//1079
f 784//1079 782//1077 770//1063
f 784//1079 770//1063 769//1061
f 778//1080 618//858 785//1081
f 783//1078 785//1081 786//1082
f 785//1081 775//1068 774//1067
f 785//1081 774//1067 786//1082
f 772//1065 786//1082 774//1067
f 618//858 776//1069 775//1068
f 618//858 775//1068 785//1081
f 618//858 778//1080 779//1071
f 787//1083 766//1058 767//1059
f 767//1059 766//1058 552//766
f 762//1076 763//1075 779//1071
f 779//1071 763//1075 787//1083
f 779//1071 778//1080 783//1078
f 779//1071 783//1078 762//1076
f 763//1075 766//1058 787//1083
f 742//1026 741//1025 765//1057
f 765//1057 741//1025 769//1061
f 765//1057 769//1061 770//1063
f 772//1065 770//1063 782//1077
f 772//1065 782//1077 786//1082
f 786//1082 782//1077 783//1078
f 787//1083 767//1059 779//1071
f 778//1080 785//1081 783//1078
f 762//1076 783//1078 764//1072
f 764//1072 784//1079 780//1073
f 766//1058 551//759 552//766
f 530//777 559//1084 567//778
f 567//778 559//1084 788//1085
f 788//1085 559//1084 565//1086
f 788//1085 565//1086 790//1087
f 790//1087 565//1086 564//1088
f 564//1088 789//1089 790//1087
f 564//1088 562//1090 789//1089
f 789//1089 562//1090 791//1091
f 791//1091 562//1090 560//1092
f 791//1091 560//1092 792//780
f 792//780 560//1092 491//781
f 1170//1093 568//1094 567//1095
f 1170//1093 567//1095 1161//1096
f 568//1094 1170//1093 1174//1097
f 568//1094 1174//1097 585//1098
f 585//1098 1174//1097 1175//1099
f 580//812 1176//1100 808//813
f 1176//1100 580//812 793//1101
f 793//1101 585//1098 794//1102
f 1175//1099 794//1102 585//1098
f 793//1101 584//1103 585//1098
f 580//812 584//1103 793//1101
f 1180//1104 792//1105 1178//1106
f 1178//1106 792//1105 569//1040
f 1178//1106 569//1040 1142//1039
f 570//1107 795//1108 636//859
f 570//1107 636//859 508//861
f 795//1108 570//1107 796//1109
f 796//1109 570//1107 573//1110
f 796//1109 573//1110 797//1111
f 797//1111 573//1110 574//1112
f 797//1111 574//1112 798//1113
f 798//1113 574//1112 577//1114
f 798//1113 577//1114 576//1115
f 798//1113 576//1115 799//1116
f 799//1116 576//1115 511//803
f 799//1116 511//803 586//802
f 802//1117 589//1118 581//1119
f 800//1120 588//1121 590//1122
f 1187//1123 587//1124 801//1125
f 801//1125 587//1124 1188//1126
f 1188//1126 587//1124 588//1121
f 588//1121 800//1120 1188//1126
f 800//1120 590//1122 817//1127
f 589//1118 817//1127 590//1122
f 817//1127 589//1118 809//1128
f 809//1128 589//1118 802//1117
f 802//1117 581//1119 816//1129
f 816//1129 581//1119 815//1130
f 815//1130 582//1131 811//1132
f 811//1132 582//1131 591//816
f 591//816 582//1131 583//815
f 815//1130 581//1119 582//1131
f 803//1133 586//1134 804//1135
f 804//1135 586//1134 587//1124
f 804//1135 587//1124 1187//1123
f 806//1136 805//1137 591//816
f 806//1136 591//816 807//814
f 802//1117 816//1129 810//1138
f 802//1117 810//1138 809//1128
f 591//816 805//1137 811//1132
f 817//1127 809//1128 813//1139
f 817//1127 813//1139 812//1140
f 817//1127 812//1140 800//1120
f 800//1120 812//1140 814//1141
f 818//1142 819//1143 849//1144
f 599//821 600//820 827//1145
f 599//821 827//1145 598//826
f 598//826 827//1145 597//827
f 597//827 827//1145 828//1146
f 597//827 828//1146 595//818
f 831//1147 832//1148 833//1149
f 833//1149 832//1148 830//1150
f 821//1151 834//1152 835//1153
f 837//1154 838//1155 840//1156
f 837//1154 840//1156 839//1157
f 820//1158 835//1153 836//1159
f 835//1153 834//1152 836//1159
f 836//1159 843//1160 820//1158
f 834//1152 844//1161 836//1159
f 836//1159 844//1161 843//1160
f 843//1160 838//1155 820//1158
f 820//1158 838//1155 837//1154
f 838//1155 843//1160 842//1162
f 838//1155 842//1162 840//1156
f 826//1163 845//1164 847//1165
f 847//1165 845//1164 846//1166
f 847//1165 846//1166 848//1167
f 848//1167 846//1166 818//1142
f 670//923 825//1168 826//1163
f 826//1163 825//1168 841//1169
f 826//1163 841//1169 842//1162
f 842//1162 841//1169 840//1156
f 830//1150 822//1170 829//1171
f 831//1147 829//1171 849//1144
f 849//1144 819//1143 831//1147
f 681//921 826//1163 847//1165
f 681//921 847//1165 601//822
f 601//822 847//1165 848//1167
f 601//822 848//1167 600//820
f 600//820 848//1167 827//1145
f 828//1146 827//1145 824//1172
f 828//1146 824//1172 823//1173
f 822//1170 823//1173 824//1172
f 822//1170 824//1172 829//1171
f 829//1171 824//1172 849//1144
f 849//1144 824//1172 827//1145
f 849//1144 827//1145 848//1167
f 849//1144 848//1167 818//1142
f 821//1151 832//1148 831//1147
f 821//1151 831//1147 834//1152
f 834//1152 831//1147 819//1143
f 834//1152 819//1143 844//1161
f 681//921 670//923 826//1163
f 845//1164 826//1163 842//1162
f 845//1164 842//1162 843//1160
f 845//1164 843//1160 846//1166
f 846//1166 843//1160 844//1161
f 846//1166 844//1161 818//1142
f 818//1142 844//1161 819//1143
f 831//1147 833//1149 829//1171
f 829//1171 833//1149 830//1150
f 830//1150 832//1148 867//1174
f 822//1170 830//1150 853//1175
f 859//1176 858//1177 860//1178
f 859//1176 861//1179 862//1180
f 861//1179 855//1181 862//1180
f 864//1182 863//1183 865//1184
f 865//1184 863//1183 854//1185
f 850//1186 863//1183 864//1182
f 867//1174 866//1187 853//1175
f 867//1174 853//1175 830//1150
f 868//1188 613//834 595//818
f 869//1189 612//835 613//834
f 852//1190 624//857 620//856
f 868//1188 823//1173 870//1191
f 613//834 868//1188 869//1189
f 868//1188 870//1191 869//1189
f 869//1189 870//1191 871//1192
f 869//1189 871//1192 872//1193
f 851//1194 852//1190 873//1195
f 851//1194 873//1195 874//1196
f 874//1196 873//1195 875//1197
f 874//1196 875//1197 876//1198
f 876//1198 875//1197 871//1192
f 870//1191 876//1198 871//1192
f 872//1193 871//1192 875//1197
f 872//1193 875//1197 873//1195
f 857//1199 852//1190 851//1194
f 857//1199 851//1194 856//1200
f 857//1199 624//857 852//1190
f 852//1190 620//856 873//1195
f 873//1195 620//856 611//833
f 873//1195 611//833 872//1193
f 872//1193 611//833 608//831
f 872//1193 608//831 607//830
f 872//1193 607//830 869//1189
f 869//1189 607//830 612//835
f 854//1185 855//1181 865//1184
f 865//1184 877//1201 864//1182
f 865//1184 855//1181 877//1201
f 877//1201 855//1181 861//1179
f 877//1201 861//1179 860//1178
f 860//1178 861//1179 859//1176
f 823//1173 822//1170 853//1175
f 823//1173 853//1175 878//1202
f 878//1202 853//1175 866//1187
f 878//1202 866//1187 850//1186
f 864//1182 879//1203 850//1186
f 850//1186 879//1203 876//1198
f 850//1186 876//1198 878//1202
f 858//1177 856//1200 860//1178
f 860//1178 856//1200 851//1194
f 860//1178 851//1194 877//1201
f 877//1201 851//1194 874//1196
f 877//1201 874//1196 864//1182
f 864//1182 874//1196 879//1203
f 879//1203 874//1196 876//1198
f 878//1202 876//1198 870//1191
f 878//1202 870//1191 823//1173
f 823//1173 868//1188 828//1146
f 828//1146 868//1188 595//818
f 625//843 624//857 857//1199
f 618//858 626//844 880//1204
f 880//1204 626//844 625//843
f 858//1177 859//1176 777//1070
f 858//1177 777//1070 856//1200
f 777//1070 776//1069 856//1200
f 856//1200 880//1204 857//1199
f 618//858 880//1204 776//1069
f 776//1069 880//1204 856//1200
f 880//1204 625//843 857//1199
f 642//1205 636//1206 1312//1207
f 1312//1207 636//1206 1313//1208
f 447//877 637//1209 882//1210
f 447//877 882//1210 643//876
f 883//1211 884//1212 637//1209
f 637//1209 884//1212 882//1210
f 883//1211 637//1209 638//1213
f 883//1211 638//1213 885//1214
f 885//1214 638//1213 1323//1215
f 1323//1215 638//1213 639//1216
f 1323//1215 639//1216 886//1217
f 886//1217 639//1216 887//1218
f 639//1216 640//1219 887//1218
f 887//1218 640//1219 1319//1220
f 1319//1220 640//1219 641//1221
f 1319//1220 641//1221 888//1222
f 888//1222 641//1221 881//1223
f 642//1205 881//1223 641//1221
f 642//1205 1312//1207 881//1223
f 643//876 889//1224 890//1225
f 644//873 643//876 890//1225
f 645//874 644//873 890//1225
f 891//1226 892//1227 893//880
f 894//879 891//1226 893//880
f 645//874 891//1226 894//879
f 897//1228 898//1229 903//1230
f 898//1229 897//1228 1135//1231
f 897//1228 896//1232 1135//1231
f 899//1233 901//1234 900//1235
f 899//1233 900//1235 737//1012
f 897//1228 901//1234 899//1233
f 901//1234 897//1228 902//1236
f 902//1236 897//1228 903//1230
f 903//1230 898//1229 904//1237
f 897//1228 899//1233 896//1232
f 896//1232 899//1233 737//1012
f 896//1232 737//1012 895//1011
f 1340//1238 909//1239 906//1240
f 1340//1238 906//1240 1338//1241
f 1338//1241 906//1240 905//1242
f 907//1243 905//1242 906//1240
f 907//1243 1337//1244 905//1242
f 907//1243 908//1245 1337//1244
f 910//1246 901//1234 907//1243
f 907//1243 901//1234 902//1236
f 911//1247 737//1012 900//1235
f 911//1247 900//1235 910//1246
f 910//1246 900//1235 901//1234
f 909//1239 911//1247 906//1240
f 906//1240 911//1247 910//1246
f 906//1240 910//1246 907//1243
f 914//882 663//897 466//646
f 747//1037 738//1036 912//1248
f 912//1248 746//1035 747//1037
f 916//1249 917//1250 647//894
f 647//894 917//1250 660//896
f 916//1249 919//1251 917//1250
f 917//1250 919//1251 918//1252
f 920//1253 921//1254 922//1255
f 923//1256 922//1255 924//1257
f 1331//1258 921//1254 920//1253
f 1340//1238 1331//1258 925//1259
f 1340//1238 925//1259 909//1239
f 926//1260 757//1033 746//1035
f 927//1261 928//1262 758//1034
f 927//1261 758//1034 757//1033
f 532//734 758//1034 914//882
f 916//1249 661//893 929//1263
f 916//1249 929//1263 930//1264
f 930//1264 929//1263 931//1265
f 928//1262 929//1263 661//893
f 928//1262 661//893 914//882
f 914//882 661//893 663//897
f 923//1256 932//1266 922//1255
f 922//1255 932//1266 920//1253
f 1331//1258 920//1253 933//1267
f 1331//1258 933//1267 925//1259
f 925//1259 915//1268 909//1239
f 909//1239 915//1268 911//1247
f 913//1269 918//1252 919//1251
f 913//1269 919//1251 932//1266
f 746//1035 912//1248 926//1260
f 926//1260 927//1261 757//1033
f 914//882 758//1034 928//1262
f 647//894 661//893 916//1249
f 916//1249 930//1264 919//1251
f 919//1251 930//1264 932//1266
f 932//1266 930//1264 931//1265
f 932//1266 931//1265 933//1267
f 933//1267 931//1265 925//1259
f 925//1259 931//1265 912//1248
f 925//1259 912//1248 915//1268
f 915//1268 912//1248 738//1036
f 737//1012 911//1247 738//1036
f 738//1036 911//1247 915//1268
f 933//1267 920//1253 932//1266
f 913//1269 932//1266 923//1256
f 934//1270 923//1256 924//1257
f 663//897 646//883 466//646
f 929//1263 928//1262 927//1261
f 929//1263 927//1261 931//1265
f 931//1265 927//1261 926//1260
f 931//1265 926//1260 912//1248
f 938//1271 939//1272 940//1273
f 942//1274 943//1275 940//1273
f 654//890 656//889 675//907
f 944//1276 671//905 673//904
f 946//1277 945//1278 947//1279
f 948//1280 946//1277 947//1279
f 948//1280 947//1279 949//1281
f 943//1275 951//1282 940//1273
f 953//1283 942//1274 952//1284
f 934//1270 913//1269 923//1256
f 954//1285 917//1250 918//1252
f 660//896 917//1250 954//1285
f 935//1286 658//902 659//903
f 671//905 944//1276 945//1278
f 945//1278 944//1276 947//1279
f 947//1279 944//1276 955//1287
f 947//1279 955//1287 950//1288
f 950//1288 955//1287 956//1289
f 949//1281 947//1279 950//1288
f 956//1289 938//1271 940//1273
f 939//1272 952//1284 940//1273
f 940//1273 952//1284 942//1274
f 940//1273 951//1282 956//1289
f 956//1289 951//1282 950//1288
f 937//1290 935//1286 936//1291
f 655//892 657//901 937//1290
f 937//1290 657//901 658//902
f 937//1290 658//902 935//1286
f 659//903 660//896 954//1285
f 918//1252 913//1269 939//1272
f 939//1272 913//1269 952//1284
f 952//1284 913//1269 934//1270
f 952//1284 934//1270 924//1257
f 952//1284 924//1257 953//1283
f 939//1272 957//1292 918//1252
f 918//1252 957//1292 936//1291
f 918//1252 936//1291 954//1285
f 954//1285 936//1291 935//1286
f 954//1285 935//1286 659//903
f 941//1293 655//892 937//1290
f 941//1293 937//1290 959//1294
f 959//1294 937//1290 958//1295
f 656//889 941//1293 675//907
f 941//1293 673//904 675//907
f 939//1272 938//1271 957//1292
f 957//1292 938//1271 960//1296
f 957//1292 960//1296 958//1295
f 958//1295 960//1296 955//1287
f 958//1295 955//1287 959//1294
f 959//1294 955//1287 944//1276
f 959//1294 944//1276 941//1293
f 941//1293 944//1276 673//904
f 656//889 655//892 941//1293
f 958//1295 937//1290 936//1291
f 958//1295 936//1291 957//1292
f 955//1287 960//1296 956//1289
f 956//1289 960//1296 938//1271
f 961//1297 841//1169 825//1168
f 948//1280 840//1156 841//1169
f 671//905 945//1278 962//1298
f 671//905 962//1298 672//913
f 672//913 962//1298 961//1297
f 669//924 672//913 961//1297
f 961//1297 962//1298 946//1277
f 946//1277 962//1298 945//1278
f 841//1169 946//1277 948//1280
f 825//1168 670//923 669//924
f 825//1168 669//924 961//1297
f 841//1169 961//1297 946//1277
f 964//1299 966//1300 970//1301
f 967//1302 976//1303 968//1304
f 1378//1305 978//1306 979//1307
f 1380//1308 979//1307 980//1309
f 982//1310 981//1311 972//1312
f 972//1312 1382//1313 982//1310
f 1382//1313 972//1312 971//1314
f 986//1315 985//1316 975//1317
f 985//1316 974//1318 975//1317
f 985//1316 986//1315 971//1314
f 973//1319 987//1320 988//1321
f 973//1319 988//1321 974//1318
f 978//1306 987//1320 980//1309
f 979//1307 978//1306 980//1309
f 966//1300 967//1302 968//1304
f 968//1304 969//1322 970//1301
f 969//1322 968//1304 984//1323
f 977//1324 971//1314 963//1325
f 969//1322 983//1326 970//1301
f 970//1301 983//1326 989//1327
f 970//1301 966//1300 968//1304
f 965//1328 986//1315 975//1317
f 965//1328 963//1325 986//1315
f 964//1299 970//1301 963//1325
f 963//1325 970//1301 989//1327
f 989//1327 983//1326 977//1324
f 989//1327 977//1324 963//1325
f 980//1309 987//1320 973//1319
f 980//1309 973//1319 981//1311
f 981//1311 973//1319 972//1312
f 972//1312 973//1319 974//1318
f 972//1312 974//1318 985//1316
f 972//1312 985//1316 971//1314
f 974//1318 988//1321 975//1317
f 963//1325 971//1314 986//1315
f 964//1299 963//1325 965//1328
f 990//1329 991//1330 992//1331
f 995//1332 1026//1333 996//1334
f 997//1335 999//1336 1276//1337
f 1276//1337 999//1336 1000//1338
f 1000//1338 999//1336 1001//1339
f 1000//1338 1001//1339 995//1332
f 995//1332 996//1334 1002//1340
f 1002//1340 996//1334 1003//1341
f 1003//1341 996//1334 1004//1342
f 1003//1341 1004//1342 1005//1343
f 1005//1343 1004//1342 1006//1344
f 1005//1343 1006//1344 1007//1345
f 1007//1345 1006//1344 1008//1346
f 1008//1346 1006//1344 992//1331
f 1008//1346 992//1331 991//1330
f 1017//1347 1021//1348 1018//1349
f 1020//1350 1018//1349 1021//1348
f 1018//1349 1020//1350 1019//1351
f 1009//1352 1010//1353 993//1354
f 1009//1352 993//1354 1011//1355
f 1010//1353 990//1329 993//1354
f 1011//1355 993//1354 1006//1344
f 1013//1356 1023//1357 1024//1358
f 1013//1356 1024//1358 1014//1359
f 1014//1359 1024//1358 1025//1360
f 1014//1359 1025//1360 1015//1361
f 1015//1361 1025//1360 1026//1333
f 1016//1362 1022//1363 1017//1347
f 1017//1347 1022//1363 1021//1348
f 1019//1351 1020//1350 998//1364
f 994//1365 1023//1357 1012//1366
f 1012//1366 1023//1357 1013//1356
f 997//1335 998//1364 1020//1350
f 997//1335 1020//1350 999//1336
f 999//1336 1020//1350 1021//1348
f 999//1336 1021//1348 1001//1339
f 1001//1339 1021//1348 1022//1363
f 1001//1339 1022//1363 1026//1333
f 1026//1333 1022//1363 1016//1362
f 1026//1333 1016//1362 1015//1361
f 993//1354 990//1329 992//1331
f 993//1354 992//1331 1006//1344
f 1023//1357 1006//1344 1004//1342
f 1023//1357 1004//1342 1024//1358
f 1024//1358 1004//1342 996//1334
f 1024//1358 996//1334 1025//1360
f 1025//1360 996//1334 1026//1333
f 1026//1333 995//1332 1001//1339
f 1006//1344 1023//1357 1011//1355
f 1011//1355 1023//1357 994//1365
f 1037//1367 1036//1368 1030//1369
f 1037//1367 1030//1369 1029//1370
f 1034//1371 1040//1372 1033//1373
f 1035//1374 1028//1375 1027//1376
f 1036//1368 1035//1374 1027//1376
f 1029//1370 1032//1377 1037//1367
f 1028//1375 1035//1374 1033//1373
f 1036//1368 1027//1376 1030//1369
f 1035//1374 1034//1371 1033//1373
f 1032//1377 1029//1370 1031//1378
f 1040//1372 729//1379 1033//1373
f 1028//1375 730//1380 731//1381
f 1028//1375 731//1381 1027//1376
f 1028//1375 1033//1373 730//1380
f 730//1380 1033//1373 729//1379
f 1038//1382 1039//1383 689//1384
f 729//1379 1038//1382 689//1384
f 1038//1382 729//1379 1040//1372
f 694//1385 1043//1386 498//939
f 694//1385 1042//1387 1043//1386
f 695//1388 693//1389 1044//1390
f 1044//1390 693//1389 1045//1391
f 1045//1391 692//1392 1041//1393
f 690//1394 1553//1395 691//1396
f 691//1396 1553//1395 1041//1393
f 690//1394 689//1384 1039//1383
f 1553//1395 690//1394 1039//1383
f 1041//1393 692//1392 691//1396
f 693//1389 692//1392 1045//1391
f 695//1388 1044//1390 1042//1387
f 695//1388 1042//1387 694//1385
f 697//940 498//939 1043//1386
f 704//954 1051//952 1047//1397
f 700//945 1050//1398 701//947
f 701//947 1050//1398 1048//1399
f 702//949 1048//1399 1049//1400
f 1051//952 1049//1400 1047//1397
f 1052//1401 1050//1398 699//944
f 1052//1401 699//944 698//942
f 698//942 1046//1402 1052//1401
f 701//947 1048//1399 702//949
f 703//950 702//949 1049//1400
f 703//950 1049//1400 1051//952
f 696//938 697//940 1046//1402
f 696//938 1046//1402 698//942
f 699//944 1050//1398 700//945
f 705//957 706//958 1047//1397
f 705//957 1047//1397 1053//1403
f 1047//1397 706//958 704//954
f 707//959 705//957 1053//1403
f 1054//1404 1574//1405 708//973
f 1054//1404 708//973 1057//971
f 1054//1404 1057//971 1055//1406
f 1056//1407 1055//1406 713//967
f 1056//1407 713//967 711//966
f 1056//1407 712//964 1058//1408
f 1058//1408 712//964 709//961
f 1053//1403 1058//1408 710//963
f 1055//1406 1057//971 714//969
f 1055//1406 714//969 713//967
f 1574//1405 715//974 708//973
f 1056//1407 711//966 712//964
f 1058//1408 709//961 710//963
f 1053//1403 710//963 707//959
f 507//972 715//974 716//1409
f 1060//1410 720//1411 721//1412
f 1059//1413 717//1414 718//1415
f 718//1415 719//1416 1579//1417
f 718//1415 1579//1417 1059//1413
f 720//1411 1580//1418 719//1416
f 719//1416 1580//1418 1579//1417
f 1060//1410 1580//1418 720//1411
f 722//1419 1061//1420 721//1412
f 721//1412 1061//1420 1581//1421
f 721//1412 1581//1421 1060//1410
f 716//1409 715//974 723//1422
f 723//1422 715//974 1062//1423
f 723//1422 1062//1423 722//1419
f 722//1419 1062//1423 1061//1420
f 717//1414 1059//1413 1585//1424
f 717//1414 1585//1424 1063//1425
f 717//1414 1063//1425 726//1426
f 1030//1369 1027//1376 732//1427
f 732//1427 1027//1376 731//1381
f 732//1427 733//1428 1030//1369
f 1030//1369 733//1428 1029//1370
f 1029//1370 733//1428 728//1429
f 1029//1370 728//1429 1031//1378
f 1031//1378 728//1429 727//1430
f 727//1430 1064//1431 1031//1378
f 724//1432 1065//1433 1068//1434
f 724//1432 1068//1434 727//1430
f 727//1430 1068//1434 1064//1431
f 724//1432 1067//1435 1065//1433
f 1067//1435 724//1432 1066//1436
f 1066//1436 724//1432 725//1437
f 1066//1436 725//1437 1063//1425
f 1063//1425 725//1437 726//1426
f 1063//1425 1586//1438 1066//1436
f 1066//1436 1071//1439 1067//1435
f 1068//1434 1065//1433 1069//1440
f 1068//1434 1069//1440 1064//1431
f 1031//1378 1064//1431 1032//1377
f 1032//1377 1064//1431 1069//1440
f 1067//1435 1071//1439 1070//1441
f 1067//1435 1070//1441 1065//1433
f 1066//1436 1586//1438 1071//1439
f 1069//1440 1065//1433 1070//1441
f 1080//1442 1073//1443 1074//1444
f 1074//1444 1073//1443 1083//1445
f 1072//1446 1080//1442 1075//1447
f 1076//1448 1083//1445 1077//1449
f 1080//1442 1072//1446 1073//1443
f 1083//1445 1076//1448 1074//1444
f 1080//1442 1078//1450 1075//1447
f 1080//1442 1081//1451 1082//1452
f 1080//1442 1082//1452 1078//1450
f 1083//1445 1079//1453 1077//1449
f 1083//1445 1084//1454 1079//1453
f 1083//1445 1085//1455 1084//1454
f 1089//1456 1088//1457 1090//1458
f 1093//1459 1091//1460 1092//1461
f 1090//1458 1094//1462 1092//1461
f 1095//1463 1091//1460 1096//1464
f 1091//1460 1095//1463 1097//1465
f 1089//1456 1087//1466 1098//1467
f 1090//1458 1092//1461 1089//1456
f 1089//1456 1092//1461 1091//1460
f 1089//1456 1091//1460 1087//1466
f 1087//1466 1091//1460 1097//1465
f 1087//1466 1097//1465 1086//1468
f 1109//1056 892//1227 1104//1469
f 1110//1053 1109//1056 1104//1469
f 1110//1053 1104//1469 1107//1470
f 1111//1055 1107//1470 1108//1051
f 761//1047 1106//1049 1105//1471
f 1112//1054 1110//1053 1107//1470
f 1112//1054 1107//1470 1111//1055
f 1101//1472 1099//1473 1100//1046
f 1102//1474 1103//1043 760//1045
f 1102//1474 760//1045 1099//1473
f 1099//1473 760//1045 1100//1046
f 1101//1472 1100//1046 761//1047
f 893//880 892//1227 1109//1056
f 1101//1472 761//1047 1105//1471
f 1122//1475 1124//1476 1123//1477
f 1125//1478 1119//1479 1126//1480
f 1119//1479 1120//1481 1127//1062
f 1118//1029 1117//1482 749//1021
f 1116//1483 1123//1477 1130//1484
f 1121//1485 1124//1476 1122//1475
f 1131//1486 1121//1485 1122//1475
f 1131//1486 1122//1475 1116//1483
f 1132//1487 754//1030 1120//1481
f 1120//1481 754//1030 1127//1062
f 1126//1480 1121//1485 1125//1478
f 1125//1478 1121//1485 1131//1486
f 1125//1478 1131//1486 1115//1488
f 1125//1478 1115//1488 1132//1487
f 1119//1479 1125//1478 1120//1481
f 1120//1481 1125//1478 1132//1487
f 1118//1029 754//1030 1132//1487
f 1118//1029 1132//1487 1114//1489
f 1114//1489 1132//1487 1115//1488
f 1114//1489 1117//1482 1118//1029
f 1130//1484 1129//1490 1116//1483
f 1116//1483 1129//1490 1128//1491
f 1133//1492 1117//1482 1114//1489
f 1131//1486 1116//1483 1128//1491
f 1131//1486 1128//1491 1133//1492
f 1114//1489 1115//1488 1133//1492
f 1133//1492 1115//1488 1131//1486
f 1123//1477 1116//1483 1122//1475
f 1130//1484 1134//1493 1129//1490
f 1137//1019 749//1021 1117//1482
f 1136//1494 904//1237 898//1229
f 898//1229 1135//1231 1139//1495
f 1134//1493 1141//1496 1140//1497
f 1139//1495 1135//1231 1134//1493
f 1134//1493 1135//1231 1141//1496
f 896//1232 1141//1496 1135//1231
f 1140//1497 1141//1496 895//1011
f 1140//1497 895//1011 740//1015
f 1141//1496 896//1232 895//1011
f 1129//1490 1134//1493 1128//1491
f 898//1229 1139//1495 1136//1494
f 1128//1491 1140//1497 1138//1498
f 1128//1491 1138//1498 1133//1492
f 740//1015 1138//1498 1140//1497
f 1138//1498 740//1015 1137//1019
f 1137//1019 1117//1482 1138//1498
f 1138//1498 1117//1482 1133//1492
f 1140//1497 1128//1491 1134//1493
f 1139//1495 1134//1493 1130//1484
f 1139//1495 1130//1484 1136//1494
f 1146//1499 1147//1500 1151//1501
f 1119//1479 1151//1501 1126//1480
f 1150//1502 1148//1503 1149//1504
f 1144//1505 859//1176 862//1180
f 1144//1505 862//1180 1143//1506
f 1143//1506 862//1180 1145//1507
f 1143//1506 775//1068 1144//1505
f 1144//1505 775//1068 777//1070
f 1156//1508 1119//1479 1127//1062
f 1156//1508 1127//1062 771//1064
f 771//1064 773//1066 1156//1508
f 1156//1508 1151//1501 1119//1479
f 1121//1485 1126//1480 1151//1501
f 1146//1499 1159//1509 1147//1500
f 1147//1500 1159//1509 1160//1510
f 1147//1500 1160//1510 1158//1511
f 1150//1502 1152//1512 1148//1503
f 1148//1503 1152//1512 1158//1511
f 1148//1503 1158//1511 1154//1513
f 1154//1513 1158//1511 1160//1510
f 1154//1513 1160//1510 1145//1507
f 1145//1507 1160//1510 1159//1509
f 1156//1508 1155//1514 1157//1515
f 1156//1508 1157//1515 1151//1501
f 1151//1501 1147//1500 1121//1485
f 1121//1485 1147//1500 1124//1476
f 1124//1476 1147//1500 1158//1511
f 773//1066 774//1067 1155//1514
f 773//1066 1155//1514 1156//1508
f 777//1070 859//1176 1144//1505
f 1157//1515 1143//1506 1145//1507
f 1157//1515 1145//1507 1159//1509
f 1157//1515 1159//1509 1146//1499
f 1124//1476 1158//1511 1152//1512
f 1146//1499 1151//1501 1157//1515
f 1157//1515 1155//1514 1143//1506
f 1143//1506 1155//1514 774//1067
f 1143//1506 774//1067 775//1068
f 1161//1096 788//1516 1162//1517
f 788//1516 1161//1096 567//1095
f 1162//1517 788//1516 1618//1518
f 1618//1518 788//1516 790//1519
f 1618//1518 790//1519 1163//1520
f 1163//1520 790//1519 789//1521
f 1163//1520 789//1521 791//1522
f 1163//1520 791//1522 1164//1523
f 1164//1523 791//1522 792//1105
f 1164//1523 792//1105 1180//1104
f 1161//1096 1162//1517 1165//1524
f 1165//1524 1162//1517 1168//1525
f 1165//1524 1166//1526 1161//1096
f 1162//1517 1169//1527 1167//1528
f 1162//1517 1618//1518 1169//1527
f 1167//1528 1168//1525 1162//1517
f 1166//1526 1171//1529 1170//1093
f 1166//1526 1170//1093 1161//1096
f 1170//1093 1171//1529 1174//1097
f 1175//1099 1172//1530 1173//1531
f 1171//1529 1172//1530 1174//1097
f 1174//1097 1172//1530 1175//1099
f 1173//1531 1177//1532 794//1102
f 794//1102 1175//1099 1173//1531
f 793//1101 794//1102 1177//1532
f 1176//1100 793//1101 1177//1532
f 1178//1106 1179//1533 1180//1104
f 1192//1534 798//1535 1181//1536
f 799//1537 1182//1538 1196//1539
f 799//1537 1196//1539 1181//1536
f 799//1537 1181//1536 798//1535
f 586//1134 803//1133 1182//1538
f 586//1134 1182//1538 799//1537
f 1183//1540 796//1541 797//1542
f 1183//1540 797//1542 1192//1534
f 1192//1534 797//1542 798//1535
f 796//1541 1183//1540 1184//1543
f 796//1541 1184//1543 795//1544
f 1313//1208 636//1206 795//1544
f 1313//1208 795//1544 1184//1543
f 814//1141 1188//1126 800//1120
f 801//1125 1188//1126 1185//1545
f 1185//1545 1186//1546 1187//1123
f 801//1125 1185//1545 1187//1123
f 1188//1126 814//1141 1185//1545
f 804//1135 1187//1123 1190//1547
f 1190//1547 1187//1123 1186//1546
f 803//1133 1191//1548 1189//1549
f 1191//1548 804//1135 1190//1547
f 803//1133 804//1135 1191//1548
f 1193//1550 1194//1551 1196//1539
f 1196//1539 1194//1551 1181//1536
f 1193//1550 1182//1538 1197//1552
f 1193//1550 1196//1539 1182//1538
f 1194//1551 1195//1553 1181//1536
f 1181//1536 1195//1553 1192//1534
f 1189//1549 1197//1552 803//1133
f 803//1133 1197//1552 1182//1538
f 1202//1554 1203//1555 1204//1556
f 1204//1556 1203//1555 1205//1557
f 1204//1556 1205//1557 1206//1558
f 1206//1558 1205//1557 1207//1559
f 1206//1558 1207//1559 1208//1560
f 1206//1558 1208//1560 1209//1561
f 1209//1561 1208//1560 1210//1562
f 1208//1560 1200//1563 1210//1562
f 1200//1563 1201//1564 1211//1565
f 1212//1566 1213//1567 1211//1565
f 1219//1568 1199//1569 1220//1570
f 1220//1570 1199//1569 1221//1571
f 1220//1570 1221//1571 1222//1572
f 1223//1573 1503//1574 1224//1575
f 1224//1575 1503//1574 1225//1576
f 1227//1577 1226//1578 1222//1572
f 1227//1577 1222//1572 1221//1571
f 1223//1573 1008//1346 991//1330
f 1198//1579 997//1335 1276//1337
f 997//1335 1198//1579 1228//1580
f 1228//1580 1198//1579 1229//1581
f 1228//1580 1229//1581 1202//1554
f 1228//1580 1202//1554 1230//1582
f 1204//1556 1230//1582 1202//1554
f 1199//1569 1218//1583 1231//1584
f 1199//1569 1231//1584 1221//1571
f 1221//1571 1231//1584 1232//1585
f 1221//1571 1232//1585 1227//1577
f 1227//1577 1232//1585 1233//1586
f 1227//1577 1233//1586 1226//1578
f 1226//1578 1233//1586 1234//1587
f 1226//1578 1234//1587 1225//1576
f 1225//1576 1234//1587 1224//1575
f 1224//1575 1235//1588 1223//1573
f 1223//1573 1235//1588 1008//1346
f 1234//1587 1236//1589 1224//1575
f 1224//1575 1236//1589 1237//1590
f 1224//1575 1237//1590 1235//1588
f 1235//1588 1237//1590 1238//1591
f 1235//1588 1238//1591 1007//1345
f 1235//1588 1007//1345 1008//1346
f 1218//1583 1217//1592 1239//1593
f 1218//1583 1239//1593 1231//1584
f 1231//1584 1239//1593 1240//1594
f 1231//1584 1240//1594 1232//1585
f 1232//1585 1240//1594 1241//1595
f 1232//1585 1241//1595 1233//1586
f 1233//1586 1241//1595 1242//1596
f 1233//1586 1242//1596 1234//1587
f 1234//1587 1242//1596 1236//1589
f 1242//1596 1243//1597 1236//1589
f 1236//1589 1243//1597 1244//1598
f 1236//1589 1244//1598 1237//1590
f 1237//1590 1244//1598 1245//1599
f 1237//1590 1245//1599 1238//1591
f 1238//1591 1245//1599 1005//1343
f 1238//1591 1005//1343 1007//1345
f 1217//1592 1216//1600 1246//1601
f 1217//1592 1246//1601 1239//1593
f 1239//1593 1246//1601 1247//1602
f 1239//1593 1247//1602 1240//1594
f 1240//1594 1247//1602 1248//1603
f 1240//1594 1248//1603 1241//1595
f 1241//1595 1248//1603 1249//1604
f 1241//1595 1249//1604 1242//1596
f 1242//1596 1249//1604 1243//1597
f 1245//1599 1003//1341 1005//1343
f 1216//1600 1215//1605 1246//1601
f 1249//1604 1250//1606 1243//1597
f 1243//1597 1250//1606 1251//1607
f 1243//1597 1251//1607 1244//1598
f 1244//1598 1251//1607 1252//1608
f 1244//1598 1252//1608 1245//1599
f 1245//1599 1252//1608 1003//1341
f 1215//1605 1253//1609 1246//1601
f 1246//1601 1253//1609 1254//1610
f 1246//1601 1254//1610 1247//1602
f 1247//1602 1254//1610 1255//1611
f 1247//1602 1255//1611 1248//1603
f 1248//1603 1255//1611 1256//1612
f 1248//1603 1256//1612 1249//1604
f 1249//1604 1256//1612 1250//1606
f 1252//1608 1002//1340 1003//1341
f 1215//1605 1214//1613 1253//1609
f 1253//1609 1214//1613 1257//1614
f 1253//1609 1257//1614 1254//1610
f 1254//1610 1257//1614 1255//1611
f 1256//1612 1258//1615 1250//1606
f 1250//1606 1258//1615 1259//1616
f 1250//1606 1259//1616 1251//1607
f 1251//1607 1259//1616 1260//1617
f 1251//1607 1260//1617 1252//1608
f 1252//1608 1260//1617 1002//1340
f 1257//1614 1261//1618 1255//1611
f 1255//1611 1261//1618 1262//1619
f 1255//1611 1262//1619 1256//1612
f 1256//1612 1262//1619 1263//1620
f 1256//1612 1263//1620 1258//1615
f 1258//1615 1263//1620 1264//1621
f 1258//1615 1264//1621 1259//1616
f 1259//1616 1264//1621 1265//1622
f 1259//1616 1265//1622 1260//1617
f 1260//1617 1265//1622 1266//1623
f 1260//1617 1266//1623 995//1332
f 1260//1617 995//1332 1002//1340
f 1213//1567 1212//1566 1214//1613
f 1214//1613 1212//1566 1267//1624
f 1214//1613 1267//1624 1257//1614
f 1257//1614 1267//1624 1261//1618
f 1267//1624 1273//1625 1261//1618
f 1261//1618 1273//1625 1268//1626
f 1261//1618 1268//1626 1262//1619
f 1262//1619 1268//1626 1269//1627
f 1262//1619 1269//1627 1263//1620
f 1263//1620 1269//1627 1270//1628
f 1263//1620 1270//1628 1264//1621
f 1264//1621 1270//1628 1271//1629
f 1264//1621 1271//1629 1265//1622
f 1265//1622 1271//1629 1272//1630
f 1265//1622 1272//1630 1266//1623
f 1266//1623 1272//1630 1000//1338
f 1266//1623 1000//1338 995//1332
f 1211//1565 1201//1564 1212//1566
f 1212//1566 1201//1564 1273//1625
f 1212//1566 1273//1625 1267//1624
f 1201//1564 1274//1631 1273//1625
f 1273//1625 1274//1631 1205//1557
f 1273//1625 1205//1557 1268//1626
f 1268//1626 1205//1557 1203//1555
f 1268//1626 1203//1555 1269//1627
f 1269//1627 1203//1555 1275//1632
f 1269//1627 1275//1632 1270//1628
f 1270//1628 1275//1632 1229//1581
f 1270//1628 1229//1581 1271//1629
f 1271//1629 1229//1581 1276//1337
f 1271//1629 1276//1337 1272//1630
f 1272//1630 1276//1337 1000//1338
f 1200//1563 1208//1560 1201//1564
f 1201//1564 1208//1560 1207//1559
f 1201//1564 1207//1559 1274//1631
f 1274//1631 1207//1559 1205//1557
f 1203//1555 1202//1554 1275//1632
f 1275//1632 1202//1554 1229//1581
f 1229//1581 1198//1579 1276//1337
f 808//813 1279//1633 807//814
f 807//814 1279//1633 1280//1634
f 807//814 1280//1634 806//1136
f 806//1136 1280//1634 1281//1635
f 806//1136 1281//1635 805//1137
f 805//1137 1281//1635 1282//1636
f 805//1137 1282//1636 811//1132
f 811//1132 1282//1636 1283//1637
f 811//1132 1283//1637 815//1130
f 815//1130 1283//1637 816//1129
f 816//1129 1283//1637 1284//1638
f 816//1129 1284//1638 810//1138
f 810//1138 1284//1638 1285//1639
f 810//1138 1285//1639 809//1128
f 809//1128 1285//1639 1286//1640
f 809//1128 1286//1640 813//1139
f 813//1139 1286//1640 1309//1641
f 813//1139 1309//1641 812//1140
f 812//1140 1309//1641 1287//1642
f 812//1140 1287//1642 814//1141
f 1289//1643 1218//1583 1199//1569
f 1213//1567 1214//1613 1290//1644
f 1290//1644 1214//1613 1215//1605
f 1290//1644 1215//1605 1291//1645
f 1291//1645 1215//1605 1292//1646
f 1292//1646 1215//1605 1216//1600
f 1292//1646 1216//1600 1217//1592
f 1217//1592 1218//1583 1289//1643
f 1277//1647 1278//1648 1295//1649
f 1296//1650 1295//1649 1297//1651
f 1296//1650 1297//1651 1298//1652
f 1296//1650 1298//1652 1299//1653
f 1299//1653 1298//1652 1300//1654
f 1299//1653 1300//1654 1301//1655
f 1301//1655 1300//1654 1302//1656
f 1301//1655 1302//1656 1303//1657
f 1303//1657 1302//1656 1304//1658
f 1303//1657 1304//1658 1305//1659
f 1305//1659 1304//1658 1306//1660
f 1305//1659 1306//1660 1307//1661
f 1307//1661 1306//1660 1294//1662
f 1308//1663 1210//1562 1307//1661
f 1307//1661 1210//1562 1200//1563
f 1307//1661 1200//1563 1305//1659
f 1305//1659 1200//1563 1211//1565
f 1305//1659 1211//1565 1303//1657
f 1303//1657 1211//1565 1213//1567
f 1303//1657 1213//1567 1290//1644
f 1296//1650 1292//1646 1217//1592
f 1296//1650 1217//1592 1289//1643
f 1277//1647 1289//1643 1199//1569
f 1277//1647 1199//1569 1219//1568
f 1289//1643 1277//1647 1295//1649
f 1289//1643 1295//1649 1296//1650
f 1292//1646 1296//1650 1299//1653
f 1292//1646 1299//1653 1291//1645
f 1291//1645 1299//1653 1290//1644
f 1290//1644 1299//1653 1301//1655
f 1290//1644 1301//1655 1303//1657
f 1308//1663 1307//1661 1294//1662
f 1309//1641 1286//1640 1297//1651
f 1297//1651 1286//1640 1285//1639
f 1297//1651 1285//1639 1298//1652
f 1298//1652 1285//1639 1284//1638
f 1298//1652 1284//1638 1300//1654
f 1300//1654 1284//1638 1283//1637
f 1300//1654 1283//1637 1302//1656
f 1302//1656 1283//1637 1282//1636
f 1302//1656 1282//1636 1304//1658
f 1304//1658 1282//1636 1281//1635
f 1304//1658 1281//1635 1306//1660
f 1306//1660 1281//1635 1280//1634
f 1306//1660 1280//1634 1293//1664
f 1293//1664 1280//1634 1279//1633
f 1288//1665 1287//1642 1309//1641
f 1278//1648 1288//1665 1295//1649
f 1295//1649 1288//1665 1309//1641
f 1295//1649 1309//1641 1297//1651
f 1294//1662 1306//1660 1293//1664
f 966//1300 964//1299 839//1666
f 1378//1305 1154//1667 1145//1668
f 1378//1305 1145//1668 978//1306
f 862//1669 987//1320 1145//1668
f 1145//1668 987//1320 978//1306
f 964//1299 837//1670 839//1666
f 837//1670 964//1299 965//1328
f 837//1670 965//1328 975//1317
f 837//1670 975//1317 855//1671
f 975//1317 988//1321 855//1671
f 855//1671 988//1321 987//1320
f 855//1671 987//1320 862//1669
f 966//1300 839//1666 1310//1672
f 966//1300 1310//1672 967//1302
f 967//1302 1310//1672 1311//1673
f 967//1302 1311//1673 1359//1674
f 967//1302 1359//1674 976//1303
f 863//1675 835//1676 854//1677
f 854//1677 835//1676 820//1678
f 854//1677 820//1678 855//1671
f 855//1671 820//1678 837//1670
f 850//1679 866//1680 867//1681
f 867//1681 832//1682 850//1679
f 850//1679 832//1682 863//1675
f 832//1682 821//1683 863//1675
f 863//1675 821//1683 835//1676
f 1312//1207 1313//1208 1314//1684
f 1314//1684 1313//1208 1315//1685
f 881//1223 1312//1207 1314//1684
f 881//1223 1314//1684 1316//1686
f 888//1222 881//1223 1317//1687
f 888//1222 1317//1687 1318//1688
f 889//1224 643//876 882//1210
f 1320//1689 886//1217 887//1218
f 1320//1689 887//1218 1321//1690
f 1319//1220 888//1222 1318//1688
f 1319//1220 1318//1688 1325//1691
f 1316//1686 1317//1687 881//1223
f 1325//1691 1321//1690 1319//1220
f 1319//1220 1321//1690 887//1218
f 1324//1692 889//1224 882//1210
f 1324//1692 882//1210 884//1212
f 1324//1692 884//1212 1322//1693
f 1322//1693 884//1212 883//1211
f 1322//1693 883//1211 885//1214
f 1322//1693 885//1214 1323//1215
f 1320//1689 1323//1215 886//1217
f 645//874 890//1225 907//1243
f 907//1243 890//1225 889//1224
f 907//1243 889//1224 908//1245
f 907//1243 902//1236 645//874
f 645//874 902//1236 891//1226
f 902//1236 903//1230 891//1226
f 891//1226 903//1230 892//1227
f 892//1227 903//1230 904//1237
f 908//1245 1328//1694 1337//1244
f 1328//1694 1339//1695 1337//1244
f 1338//1241 905//1242 1339//1695
f 1339//1695 905//1242 1337//1244
f 1341//1696 1327//1697 1332//1698
f 1340//1238 1332//1698 1331//1258
f 1333//1699 921//1254 1327//1697
f 1334//1700 1333//1699 1327//1697
f 1347//1701 1333//1699 1334//1700
f 1335//1702 1334//1700 1327//1697
f 1330//1703 1329//1704 1336//1705
f 1342//1706 1330//1703 1336//1705
f 1342//1706 1336//1705 1335//1702
f 1335//1702 1326//1707 1342//1706
f 1327//1697 1341//1696 1335//1702
f 1335//1702 1341//1696 1326//1707
f 1330//1703 1342//1706 1339//1695
f 1340//1238 1341//1696 1332//1698
f 1326//1707 1339//1695 1342//1706
f 921//1254 1332//1698 1327//1697
f 1330//1703 1339//1695 1328//1694
f 922//1255 921//1254 1333//1699
f 1338//1241 1339//1695 1326//1707
f 1338//1241 1326//1707 1340//1238
f 1340//1238 1326//1707 1341//1696
f 1331//1258 1332//1698 921//1254
f 922//1255 1333//1699 1347//1701
f 942//1274 953//1283 1349//1708
f 1352//1709 953//1283 1348//1710
f 1354//1711 1356//1712 1352//1709
f 1352//1709 1356//1712 1349//1708
f 1349//1708 953//1283 1352//1709
f 1351//1713 1350//1714 1353//1715
f 1351//1713 1353//1715 1352//1709
f 1350//1714 1343//1716 1346//1717
f 1336//1705 1344//1718 1343//1716
f 1346//1717 1345//1719 1353//1715
f 1353//1715 1345//1719 1354//1711
f 1334//1700 1335//1702 1351//1713
f 1335//1702 1350//1714 1351//1713
f 1348//1710 924//1257 1347//1701
f 1351//1713 1347//1701 1334//1700
f 953//1283 924//1257 1348//1710
f 1347//1701 924//1257 922//1255
f 1336//1705 1329//1704 1344//1718
f 1350//1714 1346//1717 1353//1715
f 1352//1709 1353//1715 1354//1711
f 1352//1709 1348//1710 1351//1713
f 1350//1714 1335//1702 1343//1716
f 1336//1705 1343//1716 1335//1702
f 1351//1713 1348//1710 1347//1701
f 1358//1720 1310//1721 1364//1722
f 951//1282 943//1275 1361//1723
f 951//1282 1361//1723 1362//1724
f 951//1282 1362//1724 950//1288
f 1360//1725 949//1281 1362//1724
f 1362//1724 949//1281 950//1288
f 1360//1725 840//1156 948//1280
f 839//1157 1363//1726 1310//1721
f 1364//1722 1310//1721 1363//1726
f 1311//1727 1310//1721 1358//1720
f 1367//1728 1343//1716 1344//1718
f 1345//1719 1346//1717 1367//1728
f 1367//1728 1346//1717 1343//1716
f 1369//1729 942//1274 1349//1708
f 1357//1730 1370//1731 1358//1720
f 1358//1720 1370//1731 1368//1732
f 1358//1720 1368//1732 1371//1733
f 1366//1734 1359//1735 1371//1733
f 1371//1733 1359//1735 1311//1727
f 1371//1733 1311//1727 1358//1720
f 1358//1720 1364//1722 1357//1730
f 1369//1729 943//1275 942//1274
f 1354//1711 1355//1736 1356//1712
f 1349//1708 1356//1712 1369//1729
f 1345//1719 1357//1730 1354//1711
f 1354//1711 1357//1730 1355//1736
f 1355//1736 1357//1730 1364//1722
f 1367//1728 1368//1732 1370//1731
f 1367//1728 1370//1731 1345//1719
f 1370//1731 1357//1730 1345//1719
f 1362//1724 1361//1723 1360//1725
f 949//1281 1360//1725 948//1280
f 1369//1729 1361//1723 943//1275
f 1369//1729 1356//1712 1355//1736
f 1369//1729 1355//1736 1364//1722
f 1369//1729 1364//1722 1361//1723
f 1361//1723 1364//1722 1360//1725
f 1360//1725 1364//1722 1363//1726
f 1360//1725 1363//1726 840//1156
f 840//1156 1363//1726 839//1157
f 983//1326 969//1322 1372//1737
f 976//1303 1373//1738 1386//1739
f 979//1307 1376//1740 1378//1305
f 1378//1305 1376//1740 1377//1741
f 1377//1741 1375//1742 1378//1305
f 976//1303 1386//1739 968//1304
f 968//1304 1386//1739 1385//1743
f 968//1304 1385//1743 984//1323
f 1372//1737 969//1322 1385//1743
f 1385//1743 969//1322 984//1323
f 983//1326 1372//1737 1374//1744
f 971//1314 977//1324 1384//1745
f 1384//1745 977//1324 1374//1744
f 1374//1744 977//1324 983//1326
f 1384//1745 1383//1746 971//1314
f 971//1314 1383//1746 1382//1313
f 981//1311 1380//1308 980//1309
f 979//1307 1380//1308 1376//1740
f 1381//1747 1380//1308 981//1311
f 1381//1747 981//1311 982//1310
f 1411//1748 1388//1749 1389//1750
f 1401//1751 1402//1752 1403//1753
f 1406//1754 997//1335 1228//1580
f 1389//1750 1409//1755 1408//1756
f 1409//1755 1388//1749 1410//1757
f 1413//1758 1414//1759 1415//1760
f 1415//1760 1414//1759 1416//1761
f 1392//1762 1417//1763 1416//1761
f 1392//1762 1391//1764 1417//1763
f 1391//1764 1392//1762 1418//1765
f 1418//1765 1390//1766 1391//1764
f 1418//1765 1399//1767 1419//1768
f 1400//1769 1419//1768 1399//1767
f 1420//1770 1421//1771 1422//1772
f 1423//1773 1420//1770 1422//1772
f 1423//1773 1422//1772 1424//1774
f 1424//1774 1422//1772 1406//1754
f 1424//1774 1406//1754 1397//1775
f 1397//1775 1406//1754 1228//1580
f 1420//1770 1423//1773 1425//1776
f 1228//1580 1230//1582 1397//1775
f 1397//1775 1230//1582 1398//1777
f 1397//1775 1398//1777 1424//1774
f 1424//1774 1398//1777 1426//1778
f 1424//1774 1426//1778 1423//1773
f 1423//1773 1426//1778 1427//1779
f 1423//1773 1427//1779 1425//1776
f 1403//1753 1402//1752 1427//1779
f 1403//1753 1427//1779 1404//1780
f 1404//1780 1427//1779 1426//1778
f 1404//1780 1426//1778 1405//1781
f 1405//1781 1426//1778 1398//1777
f 1405//1781 1398//1777 1428//1782
f 1402//1752 1425//1776 1427//1779
f 1428//1782 1398//1777 1230//1582
f 1428//1782 1230//1582 1204//1556
f 1429//1783 1395//1784 1396//1785
f 1396//1785 1395//1784 1019//1351
f 1393//1786 1394//1787 1408//1756
f 1408//1756 1394//1787 1430//1788
f 1408//1756 1430//1788 1389//1750
f 1389//1750 1430//1788 1411//1748
f 1393//1786 1407//1789 1394//1787
f 1394//1787 1407//1789 1429//1783
f 1429//1783 1407//1789 1395//1784
f 1409//1755 1389//1750 1388//1749
f 1411//1748 1430//1788 1431//1790
f 1431//1790 1430//1788 1394//1787
f 1412//1791 1431//1790 1432//1792
f 1412//1791 1432//1792 1413//1758
f 1413//1758 1432//1792 1433//1793
f 1413//1758 1433//1793 1414//1759
f 1416//1761 1434//1794 1392//1762
f 1392//1762 1434//1794 1435//1795
f 1392//1762 1435//1795 1418//1765
f 1418//1765 1435//1795 1438//1796
f 1631//1797 1436//1798 1437//1799
f 1437//1799 1436//1798 1399//1767
f 1447//1800 1438//1796 1439//1801
f 1439//1801 1438//1796 1435//1795
f 1439//1801 1435//1795 1440//1802
f 1440//1802 1435//1795 1434//1794
f 1442//1803 1434//1794 1433//1793
f 1419//1768 1390//1766 1418//1765
f 1416//1761 1417//1763 1415//1760
f 1431//1790 1394//1787 1432//1792
f 1432//1792 1394//1787 1441//1804
f 1432//1792 1441//1804 1433//1793
f 1433//1793 1441//1804 1442//1803
f 1443//1805 1442//1803 1441//1804
f 1429//1783 1396//1785 1444//1806
f 1444//1806 1396//1785 1445//1807
f 1445//1807 1396//1785 1019//1351
f 1445//1807 1019//1351 998//1364
f 1401//1751 1446//1808 1402//1752
f 1402//1752 1446//1808 1437//1799
f 1402//1752 1437//1799 1425//1776
f 1425//1776 1437//1799 1447//1800
f 1425//1776 1447//1800 1420//1770
f 1420//1770 1447//1800 1439//1801
f 1420//1770 1439//1801 1421//1771
f 1421//1771 1439//1801 1440//1802
f 1443//1805 1444//1806 1448//1809
f 1421//1771 1448//1809 1422//1772
f 1422//1772 1448//1809 1445//1807
f 1422//1772 1445//1807 1406//1754
f 1406//1754 1445//1807 997//1335
f 1442//1803 1443//1805 1434//1794
f 1434//1794 1443//1805 1440//1802
f 1438//1796 1447//1800 1437//1799
f 1631//1797 1437//1799 1446//1808
f 1443//1805 1429//1783 1444//1806
f 1448//1809 1444//1806 1445//1807
f 1445//1807 998//1364 997//1335
f 1414//1759 1433//1793 1416//1761
f 1416//1761 1433//1793 1434//1794
f 1418//1765 1438//1796 1399//1767
f 1399//1767 1438//1796 1437//1799
f 1400//1769 1399//1767 1436//1798
f 1448//1809 1421//1771 1440//1802
f 1448//1809 1440//1802 1443//1805
f 1429//1783 1443//1805 1441//1804
f 1429//1783 1441//1804 1394//1787
f 1431//1790 1412//1791 1411//1748
f 1450//1810 1010//1353 1009//1352
f 1018//1349 1019//1351 1451//1811
f 1451//1811 1019//1351 1395//1784
f 1015//1361 1453//1812 1014//1359
f 1014//1359 1453//1812 1454//1813
f 1014//1359 1454//1813 1013//1356
f 1013//1356 1454//1813 1012//1366
f 1460//1814 1409//1755 1410//1757
f 1461//1815 1407//1789 1393//1786
f 1463//1816 1462//1817 1464//1818
f 1464//1818 1462//1817 1450//1810
f 1465//1819 1466//1820 1449//1821
f 1449//1821 1475//1822 1465//1819
f 1470//1823 1471//1824 1465//1819
f 1465//1819 1471//1824 1466//1820
f 1473//1825 1470//1823 1465//1819
f 1465//1819 1467//1826 1473//1825
f 1473//1825 1467//1826 1456//1827
f 1474//1828 1456//1827 1455//1829
f 1470//1823 1474//1828 1472//1830
f 1475//1822 1477//1831 1478//1832
f 1475//1822 1478//1832 1457//1833
f 1461//1815 1393//1786 1477//1831
f 1477//1831 1393//1786 1478//1832
f 1479//1834 1460//1814 1457//1833
f 1457//1833 1460//1814 1459//1835
f 1477//1831 1476//1836 1461//1815
f 1395//1784 1407//1789 1451//1811
f 1451//1811 1407//1789 1461//1815
f 1393//1786 1408//1756 1478//1832
f 1478//1832 1408//1756 1409//1755
f 1478//1832 1409//1755 1479//1834
f 1479//1834 1409//1755 1460//1814
f 1460//1814 1410//1757 1459//1835
f 1464//1818 1450//1810 1009//1352
f 1464//1818 1009//1352 1480//1837
f 1481//1838 1480//1837 1012//1366
f 1481//1838 1012//1366 1454//1813
f 1481//1838 1454//1813 1482//1839
f 1482//1839 1454//1813 1453//1812
f 1016//1362 1453//1812 1015//1361
f 1463//1816 1464//1818 1483//1840
f 1484//1841 1483//1840 1481//1838
f 1484//1841 1481//1838 1485//1842
f 1485//1842 1481//1838 1482//1839
f 1485//1842 1482//1839 1486//1843
f 1480//1837 1009//1352 1011//1355
f 1480//1837 1011//1355 994//1365
f 1480//1837 994//1365 1012//1366
f 1487//1844 1477//1831 1488//1845
f 1488//1845 1477//1831 1475//1822
f 1452//1846 1476//1836 1489//1847
f 1489//1847 1476//1836 1487//1844
f 1490//1848 1487//1844 1488//1845
f 1449//1821 1488//1845 1475//1822
f 1465//1819 1475//1822 1467//1826
f 1467//1826 1468//1849 1456//1827
f 1456//1827 1468//1849 1469//1850
f 1456//1827 1469//1850 1455//1829
f 1016//1362 1017//1347 1489//1847
f 1016//1362 1489//1847 1486//1843
f 1486//1843 1490//1848 1485//1842
f 1483//1840 1484//1841 1471//1824
f 1483//1840 1471//1824 1463//1816
f 1452//1846 1451//1811 1476//1836
f 1475//1822 1457//1833 1467//1826
f 1467//1826 1457//1833 1468//1849
f 1468//1849 1457//1833 1458//1851
f 1468//1849 1458//1851 1469//1850
f 1483//1840 1464//1818 1480//1837
f 1483//1840 1480//1837 1481//1838
f 1486//1843 1482//1839 1453//1812
f 1486//1843 1453//1812 1016//1362
f 1452//1846 1018//1349 1451//1811
f 1451//1811 1461//1815 1476//1836
f 1487//1844 1476//1836 1477//1831
f 1478//1832 1479//1834 1457//1833
f 1457//1833 1459//1835 1458//1851
f 1472//1830 1462//1817 1463//1816
f 1466//1820 1471//1824 1484//1841
f 1466//1820 1484//1841 1449//1821
f 1449//1821 1484//1841 1485//1842
f 1449//1821 1485//1842 1490//1848
f 1490//1848 1486//1843 1489//1847
f 1489//1847 1017//1347 1452//1846
f 1452//1846 1017//1347 1018//1349
f 1489//1847 1487//1844 1490//1848
f 1490//1848 1488//1845 1449//1821
f 1463//1816 1471//1824 1472//1830
f 1472//1830 1471//1824 1470//1823
f 1470//1823 1473//1825 1474//1828
f 1474//1828 1473//1825 1456//1827
f 1495//1852 1496//1853 1497//1854
f 1474//1828 1455//1829 1499//1855
f 1474//1828 1500//1856 1472//1830
f 1472//1830 1500//1856 1501//1857
f 1223//1573 991//1330 1502//1858
f 1504//1859 1225//1576 1503//1574
f 1505//1860 1504//1859 1491//1861
f 1450//1810 1510//1862 1010//1353
f 1502//1858 1513//1863 1511//1864
f 1512//1865 1514//1866 1508//1867
f 1503//1574 1223//1573 1502//1858
f 1503//1574 1502//1858 1515//1868
f 1515//1868 1502//1858 1511//1864
f 1511//1864 1512//1865 1515//1868
f 1504//1859 1503//1574 1516//1869
f 1516//1869 1503//1574 1515//1868
f 1516//1869 1515//1868 1517//1870
f 1517//1870 1515//1868 1512//1865
f 1491//1861 1504//1859 1516//1869
f 1491//1861 1516//1869 1506//1871
f 1506//1871 1516//1869 1517//1870
f 1506//1871 1517//1870 1507//1872
f 1507//1872 1517//1870 1508//1867
f 1512//1865 1508//1867 1517//1870
f 1504//1859 1505//1860 1225//1576
f 1518//1873 1497//1854 1496//1853
f 1496//1853 1495//1852 1519//1874
f 1519//1874 1495//1852 1494//1875
f 1519//1874 1494//1875 1520//1876
f 1520//1876 1494//1875 1493//1877
f 1520//1876 1493//1877 1509//1878
f 1509//1878 1493//1877 1521//1879
f 1509//1878 1521//1879 1663//1880
f 1523//1881 1522//1882 1524//1883
f 1525//1884 1519//1874 1526//1885
f 1526//1885 1519//1874 1520//1876
f 1526//1885 1520//1876 1527//1886
f 1527//1886 1520//1876 1509//1878
f 1529//1887 1492//1888 1530//1889
f 1529//1887 1530//1889 1531//1890
f 1522//1882 1518//1873 1524//1883
f 1524//1883 1518//1873 1496//1853
f 1524//1883 1496//1853 1525//1884
f 1525//1884 1496//1853 1519//1874
f 1509//1878 1663//1880 1528//1891
f 1450//1810 1462//1817 1501//1857
f 1501//1857 1462//1817 1472//1830
f 1501//1857 1534//1892 1535//1893
f 1501//1857 1535//1893 1450//1810
f 1501//1857 1533//1894 1534//1892
f 1532//1895 1523//1881 1524//1883
f 1532//1895 1524//1883 1537//1896
f 1538//1897 1526//1885 1539//1898
f 1539//1898 1526//1885 1527//1886
f 1539//1898 1527//1886 1540//1899
f 1540//1899 1527//1886 1541//1900
f 1498//1901 1542//1902 1533//1894
f 1533//1894 1529//1887 1534//1892
f 1535//1893 1534//1892 1536//1903
f 1536//1903 1543//1904 1544//1905
f 1544//1905 1543//1904 1545//1906
f 1544//1905 1545//1906 1546//1907
f 1544//1905 1546//1907 990//1329
f 990//1329 1546//1907 991//1330
f 1542//1902 1492//1888 1529//1887
f 1536//1903 1531//1890 1532//1895
f 1536//1903 1532//1895 1543//1904
f 1543//1904 1532//1895 1537//1896
f 1543//1904 1537//1896 1545//1906
f 1545//1906 1537//1896 1547//1908
f 1474//1828 1499//1855 1498//1901
f 1474//1828 1498//1901 1500//1856
f 1500//1856 1498//1901 1533//1894
f 1500//1856 1533//1894 1501//1857
f 1450//1810 1535//1893 1536//1903
f 1450//1810 1536//1903 1510//1862
f 1510//1862 1536//1903 1544//1905
f 1510//1862 1544//1905 1010//1353
f 1010//1353 1544//1905 990//1329
f 1531//1890 1530//1889 1523//1881
f 1531//1890 1523//1881 1532//1895
f 1547//1908 1537//1896 1538//1897
f 1547//1908 1538//1897 1548//1909
f 1548//1909 1538//1897 1549//1910
f 1549//1910 1538//1897 1539//1898
f 1549//1910 1539//1898 1514//1866
f 1514//1866 1539//1898 1540//1899
f 1540//1899 1541//1900 1550//1911
f 1540//1899 1550//1911 1508//1867
f 1540//1899 1508//1867 1514//1866
f 1514//1866 1512//1865 1549//1910
f 1549//1910 1512//1865 1511//1864
f 1549//1910 1511//1864 1548//1909
f 1548//1909 1511//1864 1547//1908
f 1547//1908 1511//1864 1513//1863
f 1492//1888 1522//1882 1530//1889
f 1530//1889 1522//1882 1523//1881
f 1524//1883 1525//1884 1537//1896
f 1537//1896 1525//1884 1538//1897
f 1538//1897 1525//1884 1526//1885
f 1527//1886 1509//1878 1541//1900
f 1541//1900 1509//1878 1528//1891
f 1533//1894 1542//1902 1529//1887
f 1534//1892 1529//1887 1531//1890
f 1534//1892 1531//1890 1536//1903
f 1545//1906 1547//1908 1546//1907
f 1546//1907 1547//1908 1513//1863
f 1546//1907 1513//1863 1502//1858
f 1546//1907 1502//1858 991//1330
f 1586//1438 1035//1374 1036//1368
f 1032//1377 1069//1440 1586//1438
f 1069//1440 1070//1441 1586//1438
f 1034//1371 1035//1374 1586//1438
f 1036//1368 1037//1367 1586//1438
f 1586//1438 1037//1367 1032//1377
f 1586//1438 1070//1441 1071//1439
f 1039//1383 1038//1382 1551//1912
f 1034//1371 1551//1912 1040//1372
f 1040//1372 1551//1912 1038//1382
f 1555//1913 1042//1387 1556//1914
f 1556//1914 1042//1387 1557//1915
f 1045//1391 1559//1916 1552//1917
f 1045//1391 1552//1917 1558//1918
f 1041//1393 1559//1916 1045//1391
f 1044//1390 1557//1915 1042//1387
f 1559//1916 1553//1395 1551//1912
f 1039//1383 1551//1912 1553//1395
f 1041//1393 1553//1395 1559//1916
f 1044//1390 1045//1391 1558//1918
f 1044//1390 1558//1918 1557//1915
f 1043//1386 1042//1387 1555//1913
f 1043//1386 1555//1913 1554//1919
f 697//940 1043//1386 1554//1919
f 697//940 1554//1919 1046//1402
f 1047//1397 1561//1920 1053//1403
f 1561//1920 1047//1397 1563//1921
f 1563//1921 1047//1397 1049//1400
f 1053//1403 1561//1920 1562//1922
f 1053//1403 1562//1922 1058//1408
f 1058//1408 1562//1922 1564//1923
f 1050//1398 1565//1924 1567//1925
f 1050//1398 1567//1925 1048//1399
f 1566//1926 1048//1399 1567//1925
f 1048//1399 1566//1926 1049//1400
f 1049//1400 1566//1926 1563//1921
f 1055//1406 1570//1927 1568//1928
f 1055//1406 1568//1928 1054//1404
f 1058//1408 1564//1923 1569//1929
f 1058//1408 1569//1929 1056//1407
f 1056//1407 1569//1929 1570//1927
f 1056//1407 1570//1927 1055//1406
f 1054//1404 1568//1928 1571//1930
f 1054//1404 1571//1930 1574//1405
f 1574//1405 1571//1930 1560//1931
f 1052//1401 1572//1932 1050//1398
f 1050//1398 1572//1932 1565//1924
f 1046//1402 1572//1932 1052//1401
f 1046//1402 1573//1933 1572//1932
f 715//974 1574//1405 1584//1934
f 1575//1935 1579//1417 1578//1936
f 1578//1936 1579//1417 1580//1418
f 1577//1937 1580//1418 1060//1410
f 1577//1937 1060//1410 1576//1938
f 1583//1939 1582//1940 1061//1420
f 1583//1939 1061//1420 1062//1423
f 1583//1939 1062//1423 1584//1934
f 1578//1936 1580//1418 1577//1937
f 1576//1938 1060//1410 1581//1421
f 1582//1940 1581//1421 1061//1420
f 1584//1934 1062//1423 715//974
f 1575//1935 1059//1413 1579//1417
f 1575//1935 1585//1424 1059//1413
f 1585//1424 1575//1935 1586//1438
f 1063//1425 1585//1424 1586//1438
f 1076//1941 1587//1942 1074//1943
f 1076//1941 1588//1944 1587//1942
f 1077//1945 1589//1946 1076//1941
f 1076//1941 1589//1946 1588//1944
f 1077//1945 1079//1947 1590//1948
f 1590//1948 1589//1946 1077//1945
f 1590//1948 1079//1947 1084//1949
f 1084//1949 1591//1950 1590//1948
f 1593//1951 1591//1950 1085//1952
f 1085//1952 1591//1950 1084//1949
f 1592//1953 1593//1951 1083//1954
f 1083//1954 1593//1951 1085//1952
f 1074//1943 1587//1942 1080//1955
f 1080//1955 1587//1942 1599//1956
f 1072//1957 1596//1958 1073//1959
f 1595//1960 1596//1958 1072//1957
f 1595//1960 1072//1957 1075//1961
f 1595//1960 1075//1961 1078//1962
f 1595//1960 1078//1962 1597//1963
f 1078//1962 1082//1964 1598//1965
f 1598//1965 1597//1963 1078//1962
f 1082//1964 1081//1966 1594//1967
f 1594//1967 1598//1965 1082//1964
f 1594//1967 1081//1966 1599//1956
f 1599//1956 1081//1966 1080//1955
f 1073//1959 1596//1958 1083//1954
f 1083//1954 1596//1958 1592//1953
f 1600//1968 1088//1969 1601//1970
f 1601//1970 1088//1969 1089//1971
f 1601//1972 1089//1973 1602//1974
f 1602//1974 1089//1973 1098//1975
f 1602//1974 1098//1975 1603//1976
f 1603//1976 1098//1975 1087//1977
f 1603//1976 1087//1977 1604//1978
f 1604//1978 1087//1977 1086//1979
f 1604//1978 1086//1979 1605//1980
f 1605//1980 1086//1979 1097//1981
f 1605//1980 1097//1981 1606//1982
f 1606//1982 1097//1981 1095//1983
f 1606//1982 1095//1983 1607//1984
f 1607//1984 1095//1983 1096//1985
f 1607//1984 1096//1985 1608//1986
f 1608//1986 1096//1985 1091//1987
f 1608//1988 1091//1989 1609//1990
f 1609//1990 1091//1989 1093//1991
f 1609//1992 1093//1993 1610//1994
f 1610//1994 1093//1993 1092//1995
f 1610//1994 1092//1995 1611//1996
f 1611//1996 1092//1995 1094//1997
f 1611//1996 1094//1997 1612//1998
f 1612//1998 1094//1997 1090//1999
f 1612//1998 1090//1999 1600//1968
f 1600//1968 1090//1999 1088//1969
f 892//1227 904//1237 1104//1469
f 1130//1484 1107//1470 1136//1494
f 1136//1494 1107//1470 1104//1469
f 1136//1494 1104//1469 904//1237
f 1123//1477 1108//1051 1107//1470
f 1123//1477 1107//1470 1130//1484
f 1108//1051 1123//1477 1106//1049
f 1106//1049 1123//1477 1124//1476
f 1106//1049 1124//1476 1105//1471
f 1105//1471 1124//1476 1152//1512
f 1152//1512 1150//1502 1105//1471
f 1105//1471 1150//1502 1101//1472
f 1101//1472 1150//1502 1099//1473
f 1099//1473 1150//1502 1149//1504
f 1099//1473 1149//1504 1153//2000
f 1099//1473 1153//2000 1613//2001
f 1099//1473 1613//2001 1102//1474
f 1102//1474 1613//2001 1614//2002
f 1102//1474 1614//2002 1103//1043
f 1103//1043 1614//2002 1113//1041
f 1113//1041 1614//2002 1615//2003
f 1142//1039 1113//1041 1615//2003
f 1379//2004 1153//2005 1375//2006
f 1153//2005 1149//2007 1375//2006
f 1375//2006 1149//2007 1378//1305
f 1378//1305 1149//2007 1148//2008
f 1378//1305 1148//2008 1154//1667
f 1618//1518 1617//2009 1169//2010
f 1179//1533 1619//2011 1617//2009
f 1180//1104 1179//1533 1164//1523
f 1164//1523 1179//1533 1617//2009
f 1164//1523 1617//2009 1163//1520
f 1163//1520 1617//2009 1618//1518
f 1630//2012 1622//2013 1623//2014
f 1624//2015 1167//1528 1169//1527
f 1165//1524 1168//1525 1620//2016
f 1620//2016 1168//1525 1624//2015
f 1624//2015 1168//1525 1167//1528
f 1626//2017 1177//1532 1625//2018
f 1625//2018 1177//1532 1173//1531
f 808//813 1176//1100 1279//1633
f 1428//1782 1645//2019 1405//1781
f 1405//1781 1645//2019 1627//2020
f 1405//1781 1627//2020 1404//1780
f 1404//1780 1629//2021 1403//1753
f 1622//2013 1400//1769 1436//1798
f 1623//2014 1622//2013 1436//1798
f 1623//2014 1436//1798 1631//1797
f 1632//2022 1631//1797 1446//1808
f 1624//2015 1630//2012 1623//2014
f 1623//2014 1631//1797 1633//2023
f 1633//2023 1631//1797 1632//2022
f 1633//2023 1632//2022 1634//2024
f 1624//2015 1623//2014 1633//2023
f 1165//1524 1620//2016 1621//2025
f 1169//1527 1630//2012 1624//2015
f 1620//2016 1624//2015 1633//2023
f 1620//2016 1633//2023 1621//2025
f 1621//2025 1633//2023 1634//2024
f 1621//2025 1634//2024 1651//2026
f 1648//2027 1635//2028 1636//2029
f 1648//2027 1636//2029 1637//2030
f 1637//2030 1636//2029 1638//2031
f 1637//2030 1638//2031 1651//2026
f 1651//2026 1638//2031 1639//2032
f 1651//2026 1639//2032 1621//2025
f 1308//1663 1294//1662 1640//2033
f 1636//2029 1640//2033 1638//2031
f 1638//2031 1640//2033 1641//2034
f 1638//2031 1641//2034 1642//2035
f 1638//2031 1642//2035 1639//2032
f 1639//2032 1642//2035 1643//2036
f 1639//2032 1643//2036 1621//2025
f 1171//1529 1643//2036 1172//1530
f 1172//1530 1643//2036 1625//2018
f 1625//2018 1643//2036 1642//2035
f 1625//2018 1642//2035 1644//2037
f 1644//2037 1642//2035 1641//2034
f 1293//1664 1644//2037 1294//1662
f 1173//1531 1172//1530 1625//2018
f 1626//2017 1625//2018 1644//2037
f 1626//2017 1644//2037 1293//1664
f 1293//1664 1279//1633 1626//2017
f 1626//2017 1279//1633 1176//1100
f 1626//2017 1176//1100 1177//1532
f 1171//1529 1166//1526 1621//2025
f 1171//1529 1621//2025 1643//2036
f 1644//2037 1641//2034 1640//2033
f 1644//2037 1640//2033 1294//1662
f 1628//2038 1645//2019 1646//2039
f 1646//2039 1645//2019 1206//1558
f 1204//1556 1645//2019 1428//1782
f 1204//1556 1206//1558 1645//2019
f 1645//2019 1628//2038 1627//2020
f 1627//2020 1628//2038 1629//2021
f 1627//2020 1629//2021 1404//1780
f 1648//2027 1646//2039 1649//2040
f 1649//2040 1646//2039 1206//1558
f 1649//2040 1206//1558 1209//1561
f 1648//2027 1637//2030 1647//2041
f 1446//1808 1401//1751 1650//2042
f 1637//2030 1651//2026 1647//2041
f 1647//2041 1651//2026 1629//2021
f 1629//2021 1651//2026 1650//2042
f 1401//1751 1403//1753 1650//2042
f 1650//2042 1403//1753 1629//2021
f 1647//2041 1629//2021 1628//2038
f 1647//2041 1628//2038 1648//2027
f 1648//2027 1628//2038 1646//2039
f 1632//2022 1446//1808 1650//2042
f 1632//2022 1650//2042 1634//2024
f 1634//2024 1650//2042 1651//2026
f 1648//2027 1649//2040 1635//2028
f 1635//2028 1649//2040 1209//1561
f 1635//2028 1209//1561 1210//1562
f 1635//2028 1210//1562 1308//1663
f 1635//2028 1308//1663 1640//2033
f 1635//2028 1640//2033 1636//2029
f 1165//1524 1621//2025 1166//1526
f 1736//2043 1179//1533 1178//1106
f 1736//2043 1178//1106 1142//1039
f 1736//2043 1142//1039 1615//2003
f 1192//1534 1195//1553 1652//2044
f 1315//1685 1313//1208 1653//2045
f 1313//1208 1184//1543 1653//2045
f 1653//2045 1184//1543 1183//1540
f 1653//2045 1183//1540 1652//2044
f 1652//2044 1183//1540 1192//1534
f 814//1141 1287//1642 1185//1545
f 1185//1545 1657//2046 1186//1546
f 1189//1549 1191//1548 1658//2047
f 1658//2047 1191//1548 1190//1547
f 1660//2048 1195//1553 1194//1551
f 1660//2048 1194//1551 1661//2049
f 1662//2050 1663//1880 1521//1879
f 1550//1911 1664//2051 1508//1867
f 1505//1860 1226//1578 1225//1576
f 1657//2046 1288//1665 1278//1648
f 1665//2052 1666//2053 1667//2054
f 1665//2052 1667//2054 1668//2055
f 1668//2055 1667//2054 1669//2056
f 1668//2055 1669//2056 1670//2057
f 1670//2057 1669//2056 1277//1647
f 1672//2058 1665//2052 1673//2059
f 1673//2059 1665//2052 1668//2055
f 1673//2059 1668//2055 1674//2060
f 1674//2060 1668//2055 1655//2061
f 1668//2055 1670//2057 1655//2061
f 1655//2061 1670//2057 1277//1647
f 1655//2061 1277//1647 1219//1568
f 1657//2046 1185//1545 1287//1642
f 1657//2046 1287//1642 1288//1665
f 1658//2047 1675//2062 1666//2053
f 1666//2053 1675//2062 1667//2054
f 1667//2054 1675//2062 1657//2046
f 1667//2054 1657//2046 1669//2056
f 1669//2056 1657//2046 1278//1648
f 1657//2046 1675//2062 1186//1546
f 1186//1546 1675//2062 1658//2047
f 1186//1546 1658//2047 1190//1547
f 1661//2049 1194//1551 1193//1550
f 1661//2049 1193//1550 1676//2063
f 1676//2063 1193//1550 1197//1552
f 1676//2063 1197//1552 1659//2064
f 1656//2065 1195//1553 1660//2048
f 1677//2066 1660//2048 1661//2049
f 1677//2066 1661//2049 1671//2067
f 1671//2067 1661//2049 1676//2063
f 1671//2067 1676//2063 1672//2058
f 1672//2058 1676//2063 1659//2064
f 1672//2058 1659//2064 1665//2052
f 1197//1552 1189//1549 1659//2064
f 1659//2064 1189//1549 1658//2047
f 1659//2064 1658//2047 1665//2052
f 1665//2052 1658//2047 1666//2053
f 1669//2056 1278//1648 1277//1647
f 1528//1891 1678//2068 1541//1900
f 1541//1900 1678//2068 1550//1911
f 1507//1872 1508//1867 1664//2051
f 1507//1872 1664//2051 1506//1871
f 1491//1861 1506//1871 1654//2069
f 1491//1861 1654//2069 1679//2070
f 1491//1861 1679//2070 1505//1860
f 1505//1860 1679//2070 1226//1578
f 1682//2071 1681//2072 1654//2069
f 1682//2071 1654//2069 1683//2073
f 1674//2060 1684//2074 1682//2071
f 1674//2060 1682//2071 1673//2059
f 1673//2059 1682//2071 1683//2073
f 1673//2059 1683//2073 1685//2075
f 1662//2050 1656//2065 1687//2076
f 1528//1891 1687//2076 1678//2068
f 1678//2068 1687//2076 1677//2066
f 1678//2068 1677//2066 1686//2077
f 1664//2051 1686//2077 1685//2075
f 1664//2051 1685//2075 1683//2073
f 1681//2072 1682//2071 1684//2074
f 1681//2072 1684//2074 1680//2078
f 1680//2078 1684//2074 1220//1570
f 1680//2078 1220//1570 1222//1572
f 1663//1880 1662//2050 1687//2076
f 1663//1880 1687//2076 1528//1891
f 1678//2068 1686//2077 1550//1911
f 1550//1911 1686//2077 1664//2051
f 1664//2051 1683//2073 1506//1871
f 1506//1871 1683//2073 1654//2069
f 1654//2069 1681//2072 1679//2070
f 1679//2070 1681//2072 1680//2078
f 1679//2070 1680//2078 1226//1578
f 1226//1578 1680//2078 1222//1572
f 1687//2076 1656//2065 1660//2048
f 1687//2076 1660//2048 1677//2066
f 1686//2077 1677//2066 1671//2067
f 1686//2077 1671//2067 1685//2075
f 1685//2075 1671//2067 1672//2058
f 1685//2075 1672//2058 1673//2059
f 1684//2074 1674//2060 1655//2061
f 1684//2074 1655//2061 1220//1570
f 1220//1570 1655//2061 1219//1568
f 976//1303 1359//1674 1366//2079
f 976//1303 1366//2079 1373//2080
f 1373//2080 1366//2079 1365//2081
f 1373//2080 1365//2081 1387//2082
f 1691//2083 1387//2082 1365//2081
f 1314//1684 1315//1685 1688//2084
f 1314//1684 1688//2084 1689//2085
f 1314//1684 1689//2085 1316//1686
f 1316//1686 1689//2085 1317//1687
f 1317//1687 1689//2085 1690//2086
f 1325//1691 1691//2087 1365//2088
f 1317//1687 1690//2086 1318//1688
f 1318//1688 1690//2086 1691//2087
f 1318//1688 1691//2087 1325//1691
f 1325//1691 1365//2088 1366//1734
f 1325//1691 1366//1734 1321//1690
f 1321//1690 1366//1734 1371//1733
f 1321//1690 1371//1733 1320//1689
f 1320//1689 1371//1733 1368//1732
f 1344//1718 1323//1215 1367//1728
f 1367//1728 1323//1215 1320//1689
f 1367//1728 1320//1689 1368//1732
f 1323//1215 1344//1718 1322//1693
f 1322//1693 1344//1718 1329//1704
f 1322//1693 1329//1704 1330//1703
f 1322//1693 1330//1703 1324//1692
f 1324//1692 1330//1703 1328//1694
f 908//1245 889//1224 1324//1692
f 908//1245 1324//1692 1328//1694
f 1573//2089 1616//2090 1692//2091
f 1573//2089 1692//2091 1572//2092
f 1572//2092 1692//2091 1693//2093
f 1572//2092 1693//2093 1694//2094
f 1572//2092 1694//2094 1565//2095
f 1565//2095 1694//2094 1379//2096
f 1565//2095 1379//2096 1567//2097
f 1379//2096 1375//1742 1567//2097
f 1567//2097 1375//1742 1377//1741
f 1567//2097 1377//1741 1566//2098
f 1566//2098 1377//1741 1376//1740
f 1566//2098 1376//1740 1380//1308
f 1566//2098 1380//1308 1563//2099
f 1563//2099 1380//1308 1381//1747
f 1563//2099 1381//1747 982//1310
f 1563//2099 982//1310 1561//2100
f 982//1310 1382//1313 1561//2100
f 1561//2100 1382//1313 1383//1746
f 1561//2100 1383//1746 1384//1745
f 1561//2100 1384//1745 1562//2101
f 1562//2101 1384//1745 1374//1744
f 1562//2101 1374//1744 1372//1737
f 1562//2101 1372//1737 1564//2102
f 1564//2102 1372//1737 1385//1743
f 1564//2102 1385//1743 1569//2103
f 1569//2103 1385//1743 1386//1739
f 1569//2103 1386//1739 1570//2104
f 1386//1739 1373//1738 1570//2104
f 1570//2104 1373//1738 1387//2105
f 1387//2105 1695//2106 1570//2104
f 1570//2104 1695//2106 1568//2107
f 1695//2106 1696//2108 1568//2107
f 1568//2107 1696//2108 1697//2109
f 1568//2107 1697//2109 1571//2110
f 1743//2111 1560//2112 1571//2110
f 1743//2111 1571//2110 1697//2109
f 1419//1768 1400//1769 1733//2113
f 1733//2113 1698//2114 1419//1768
f 1419//1768 1698//2114 1390//1766
f 1390//1766 1698//2114 1699//2115
f 1390//1766 1699//2115 1391//1764
f 1700//2116 1417//1763 1391//1764
f 1700//2116 1391//1764 1699//2115
f 1417//1763 1700//2116 1701//2117
f 1417//1763 1701//2117 1415//1760
f 1415//1760 1701//2117 1702//2118
f 1703//2119 1413//1758 1702//2118
f 1702//2118 1413//1758 1415//1760
f 1413//1758 1703//2119 1412//1791
f 1412//1791 1703//2119 1411//1748
f 1411//1748 1703//2119 1704//2120
f 1411//1748 1704//2120 1388//1749
f 1388//1749 1704//2120 1410//1757
f 1410//1757 1704//2120 1705//2121
f 1410//1757 1705//2121 1459//1835
f 1459//1835 1705//2121 1706//2122
f 1459//1835 1706//2122 1458//1851
f 1455//1829 1469//1850 1707//2123
f 1707//2123 1469//1850 1706//2122
f 1706//2122 1469//1850 1458//1851
f 1708//2124 1493//1877 1494//1875
f 1493//1877 1708//2124 1521//1879
f 1521//1879 1708//2124 1709//2125
f 1494//1875 1710//2126 1708//2124
f 1710//2126 1494//1875 1495//1852
f 1710//2126 1495//1852 1497//1854
f 1710//2126 1497//1854 1711//2127
f 1711//2127 1497//1854 1518//1873
f 1711//2127 1518//1873 1712//2128
f 1712//2128 1518//1873 1522//1882
f 1712//2128 1522//1882 1492//1888
f 1712//2128 1492//1888 1713//2129
f 1713//2129 1492//1888 1542//1902
f 1713//2129 1542//1902 1714//2130
f 1714//2130 1542//1902 1498//1901
f 1714//2130 1498//1901 1499//1855
f 1455//1829 1707//2123 1499//1855
f 1499//1855 1707//2123 1714//2130
f 1575//1935 1578//1936 1590//2131
f 1590//2131 1591//2132 1575//1935
f 1575//1935 1591//2132 1586//1438
f 1592//2133 1586//1438 1593//2134
f 1593//2134 1586//1438 1591//2132
f 1586//1438 1592//2133 1034//1371
f 1592//2133 1596//2135 1034//1371
f 1034//1371 1596//2135 1595//2136
f 1034//1371 1595//2136 1551//1912
f 1595//2136 1597//2137 1551//1912
f 1551//1912 1597//2137 1559//1916
f 1559//1916 1597//2137 1598//2138
f 1559//1916 1598//2138 1594//2139
f 1559//1916 1594//2139 1599//2140
f 1559//1916 1599//2140 1552//1917
f 1552//1917 1599//2140 1605//2141
f 1587//2142 1588//2143 1577//1937
f 1577//1937 1588//2143 1578//1936
f 1606//2144 1607//2145 1552//1917
f 1552//1917 1605//2141 1606//2144
f 1607//2145 1608//2146 1552//1917
f 1552//1917 1608//2146 1558//1918
f 1558//1918 1608//2146 1557//1915
f 1557//1915 1608//2146 1609//2147
f 1609//2147 1610//2148 1557//1915
f 1557//1915 1610//2148 1611//2149
f 1612//2150 1715//2151 1716//2152
f 1612//2150 1716//2152 1611//2149
f 1716//2152 1717//2153 1611//2149
f 1557//1915 1611//2149 1717//2153
f 1557//1915 1717//2153 1556//1914
f 1556//1914 1717//2153 1718//2154
f 1556//1914 1718//2154 1719//2155
f 1556//1914 1719//2155 1720//2156
f 1720//2156 1555//1913 1556//1914
f 1555//1913 1720//2156 1721//2157
f 1555//1913 1721//2157 1554//1919
f 1573//1933 1046//1402 1554//1919
f 1573//1933 1554//1919 1721//2157
f 1722//2158 1583//1939 1584//1934
f 1722//2158 1723//2159 1583//1939
f 1583//1939 1723//2159 1724//2160
f 1715//2151 1582//1940 1724//2160
f 1724//2160 1582//1940 1583//1939
f 1574//1405 1560//1931 1725//2161
f 1574//1405 1725//2161 1584//1934
f 1584//1934 1725//2161 1722//2158
f 1612//2150 1600//2162 1582//1940
f 1715//2151 1612//2150 1582//1940
f 1600//2162 1601//2163 1582//1940
f 1582//1940 1601//2163 1581//1421
f 1581//1421 1601//2163 1602//2164
f 1581//1421 1602//2164 1576//1938
f 1576//1938 1602//2164 1577//1937
f 1602//2164 1603//2165 1577//1937
f 1577//1937 1603//2165 1604//2166
f 1599//2140 1587//2142 1605//2141
f 1605//2141 1587//2142 1577//1937
f 1605//2141 1577//1937 1604//2166
f 1578//1936 1588//2143 1589//2167
f 1578//1936 1589//2167 1590//2131
f 1718//2168 1726//2169 1719//2170
f 1721//2171 1728//2172 1727//2173
f 1721//2171 1727//2173 1616//2090
f 1721//2171 1616//2090 1573//2089
f 1720//2174 1728//2172 1721//2171
f 1728//2172 1720//2174 1729//2175
f 1729//2175 1720//2174 1719//2170
f 1729//2175 1719//2170 1726//2169
f 1153//2005 1379//2004 1613//2176
f 1693//2177 1615//2178 1614//2179
f 1693//2177 1614//2179 1694//2180
f 1694//2180 1614//2179 1613//2176
f 1694//2180 1613//2176 1379//2004
f 1693//2177 1692//2181 1615//2178
f 1736//2182 1615//2178 1692//2181
f 1616//2183 1736//2182 1692//2181
f 1179//1533 1730//2184 1619//2011
f 1619//2011 1730//2184 1731//2185
f 1731//2185 1617//2009 1619//2011
f 1169//1527 1617//2009 1630//2012
f 1630//2012 1732//2186 1622//2013
f 1732//2186 1733//2113 1622//2013
f 1622//2013 1733//2113 1400//1769
f 1630//2012 1734//2187 1732//2186
f 1735//2188 1734//2187 1630//2012
f 1731//2185 1730//2184 1735//2188
f 1730//2184 1179//1533 1736//2043
f 1630//2012 1731//2185 1735//2188
f 1617//2009 1731//2185 1630//2012
f 13//2189 1706//2190 11//2191
f 11//2191 1706//2190 1705//2192
f 15//2193 1707//2194 13//2189
f 13//2189 1707//2194 1706//2190
f 1705//2192 1704//2195 11//2191
f 11//2191 1704//2195 9//2196
f 9//2196 1704//2195 1703//2197
f 5//2198 7//2199 1699//2200
f 9//2196 1703//2197 1702//2201
f 1714//2202 1707//2194 15//2193
f 1714//2202 15//2193 17//2203
f 1701//2204 1700//2205 9//2196
f 9//2196 1700//2205 7//2199
f 7//2199 1700//2205 1699//2200
f 1713//2206 1714//2202 17//2203
f 9//2196 1702//2201 1701//2204
f 1712//2207 1713//2206 17//2203
f 1711//2208 1712//2207 17//2203
f 19//2209 1710//2210 1711//2208
f 19//2209 1711//2208 17//2203
f 1710//2210 19//2209 21//2211
f 1710//2210 21//2211 1708//2212
f 1699//2200 1698//2213 5//2198
f 5//2198 1698//2213 3//2214
f 3//2214 1698//2213 1733//2215
f 24//2216 1709//2217 21//2211
f 1709//2217 1708//2212 21//2211
f 1652//2044 1195//1553 1656//2065
f 1652//2044 1656//2065 1738//2218
f 1738//2218 1653//2045 1652//2044
f 1653//2045 1738//2218 1737//2219
f 1653//2045 1737//2219 1315//1685
f 1315//1685 1737//2219 1688//2084
f 1738//2218 1741//2220 1737//2219
f 1656//2065 1739//2221 1740//2222
f 1656//2065 1740//2222 1741//2220
f 1521//1879 1709//2125 1662//2050
f 1662//2050 1709//2125 1742//2223
f 1662//2050 1742//2223 1739//2221
f 1662//2050 1739//2221 1656//2065
f 1741//2220 1738//2218 1656//2065
f 1387//2082 1691//2083 1695//2224
f 1690//2225 1696//2226 1691//2083
f 1691//2083 1696//2226 1695//2224
f 1696//2226 1690//2225 1689//2227
f 1689//2227 1697//2228 1696//2226
f 1688//2229 1743//2230 1697//2228
f 1688//2229 1697//2228 1689//2227
f 1560//2112 1743//2111 1725//2231
f 1725//2231 1743//2111 1745//2232
f 1725//2231 1745//2232 1744//2233
f 1725//2231 1744//2233 1722//2234
f 1722//2234 1744//2233 1746//2235
f 1722//2234 1746//2235 1723//2236
f 1746//2235 1747//2237 1723//2236
f 1723//2236 1747//2237 1724//2238
f 67//2239 1716//2240 1715//2241
f 67//2239 1715//2241 1748//2242
f 1716//2240 67//2239 62//2243
f 1724//2238 1747//2237 1749//2244
f 1724//2238 1749//2244 1715//2241
f 1715//2241 1749//2244 1748//2242
f 1716//2240 62//2243 1750//2245
f 1716//2240 1750//2245 1717//2246
f 1717//2246 1750//2245 1726//2169
f 1717//2246 1726//2169 1718//2168
f 1739//2247 26//2248 48//48
f 1739//2247 48//48 1740//2249
f 1740//2249 48//48 49//49
f 1742//2250 25//2251 1739//2247
f 1739//2247 25//2251 26//2248
f 25//2251 1742//2250 1709//2217
f 25//2251 1709//2217 24//2216
f 49//49 1748//2252 1740//2249
f 1740//2249 1748//2252 1749//2253
f 1740//2249 1749//2253 1747//2254
f 1740//2249 1747//2254 1741//2255
f 1747//2254 1746//2256 1741//2255
f 1741//2255 1746//2256 1744//2257
f 1741//2255 1744//2257 1737//2258
f 1737//2258 1744//2257 1745//2259
f 1737//2258 1745//2259 1688//2229
f 1688//2229 1745//2259 1743//2230
f 1726//2260 1750//2261 1734//2262
f 1729//2263 1726//2260 1735//2264
f 1735//2264 1726//2260 1734//2262
f 1735//2264 1728//2265 1729//2263
f 1736//2182 1727//2266 1730//2267
f 1730//2267 1727//2266 1728//2265
f 1730//2267 1728//2265 1735//2264
f 1727//2266 1736//2182 1616//2183
f 69//2268 1734//2262 62//2269
f 62//2269 1734//2262 1750//2261
f 69//2268 29//30 30//29
f 1734//2262 69//2268 30//29
f 1734//2262 30//29 27//2270
f 1734//2262 27//2270 1732//2271
f 27//2270 28//2272 1732//2271
f 1732//2271 28//2272 1733//2215
f 28//2272 3//2214 1733//2215
