# G1 exterior visual; derived from pinned Unitree/TWIST2 CAD.
v 0.0442626141 -0.0230038781 -0.124124072
v 0.0364965126 -0.0230038874 -0.121459924
v 0.0442626104 -0.0230038762 -0.121229395
v 0.0355012454 -0.0229999963 -0.011578545
v 0.0335012451 -0.0230000056 -0.0115785217
v 0.0335012525 -0.018972436 -0.0174100399
v 0.0355012491 -0.0189724267 -0.0174100325
v 0.0335012525 -0.0135076819 -0.0219227076
v 0.0355012529 -0.0135076875 -0.0219227001
v 0.0335012451 -0.00701971725 -0.0247747004
v 0.0355012454 -0.00701972283 -0.024774693
v 0.0335012488 -4.96569763e-09 -0.0257500038
v 0.0355012454 4.3488253e-09 -0.0257499963
v 0.0335012451 0.0070197247 -0.0247746985
v 0.0355012454 0.00701971911 -0.024774693
v 0.0335012488 0.0135076912 -0.021922702
v 0.0355012491 0.0135076856 -0.0219226945
v 0.0335012488 0.0189724322 -0.0174100231
v 0.0355012491 0.0189724267 -0.0174100455
v 0.0335012525 0.0229999982 -0.0115785226
v 0.0355012529 0.0229999926 -0.011578545
v 0.0498966463 0.0473064594 -0.0123343086
v 0.056366127 0.0449561998 -0.00238129194
v 0.0552820116 0.0463499241 -0.0112615274
v 0.059179984 0.0442468189 -0.00267486717
v 0.0532427803 -0.0471658856 -0.0124574183
v 0.0496247262 -0.0475080982 -0.0106390379
v 0.0591761768 -0.0446758643 -0.00319448835
v 0.0561270826 -0.0451982208 -0.00246899948
v 0.0659380853 0.0344066545 0.0157094505
v 0.0645303726 0.0348796882 0.0166245457
v 0.0672126412 0.0324722044 0.0161335897
v 0.0659820884 0.0315993428 0.0195979886
v 0.0669736713 0.0272210632 0.0228878111
v 0.0680771172 0.0259969737 0.021947762
v 0.0670143962 0.0229394585 0.0260857493
v 0.068567507 0.016877031 0.0270848833
v 0.0679880008 0.0164446887 0.02825257
v 0.0662491843 0.0175230056 0.0291263554
v 0.0654913113 0.02751364 0.0239400733
v 0.06332919 0.0379681513 0.0121748094
v 0.0650645122 0.0372528508 0.0113068186
v 0.0610430576 0.0412903465 0.00607648212
v 0.0639697313 0.0395397618 0.00696507283
v 0.0610866249 0.0424379222 0.00214976654
v 0.062859796 0.0420575626 -0.000381983351
v 0.0666281283 -0.0344817154 0.0145730209
v 0.0674105063 -0.0304841492 0.0189742651
v 0.0656796023 -0.0310071521 0.0205728747
v 0.0639358163 -0.0358277969 0.0153817805
v 0.0664895773 -0.0263772346 0.0242427327
v 0.0675626993 -0.0199535638 0.027341377
v 0.0661575273 -0.0202803686 0.0281892624
v 0.0678863078 -0.0262099039 0.0226279683
v 0.0682788193 -0.0196149759 0.0264910311
v 0.0687060952 -0.0116532864 0.028686801
v 0.0672549605 -0.0117737232 0.0303093977
v 0.064113155 -0.0403346606 0.00473718392
v 0.062505506 -0.0408669747 0.00624616863
v 0.0605984516 -0.0429902896 0.00204794761
v 0.0623716898 -0.0428363383 -0.00110294588
v 0.0649484694 -0.037657693 0.0109759849
v 0.0683459267 0.00928981882 0.0297579169
v 0.0691690072 0.00217225659 0.0290109124
v 0.0685995892 0.00268052146 0.0302532054
v 0.0666041151 0.00541964499 0.0316049494
v 0.0674944893 -3.93053233e-05 0.0313854553
v 0.0663488656 0.0121321185 0.0306686629
v 0.0692641959 0.0182588771 0.0235459171
v 0.0687326342 0.0298158936 0.0145709924
v 0.0695032626 0.0254409276 0.0168447383
v 0.070701085 0.0295030884 0.00563541101
v 0.0730135068 0.0332232118 -0.0266820099
v 0.0678293854 0.037021134 0.00139618281
v 0.0698017925 0.0338264294 0.00131935917
v 0.0701263323 0.0379011519 -0.0255723856
v 0.0657995194 0.0420887992 -0.022739077
v 0.0659170151 0.03999364 -0.00348306145
v 0.0608052649 0.0446670763 -0.0160094183
v 0.0722276941 0.0296622999 -0.00413599145
v 0.075291872 0.0226348694 -0.0173543599
v 0.0672980025 0.0416065007 -0.0385667533
v 0.0708153248 0.03833583 -0.0412590541
v 0.0776259452 0.0213400982 -0.04177301
v 0.0759778023 0.0279140957 -0.0390055254
v 0.0744219422 0.0326775908 -0.0430812836
v 0.0776278302 0.0112449396 -0.0276109632
v 0.0788772926 0.0100770658 -0.0437180027
v 0.0790503025 -3.11389085e-05 -0.0416969284
v 0.0779831931 0.00364108081 -0.0283310581
v 0.0695223436 -0.0262240469 0.0162551962
v 0.0685624182 -0.030818563 0.0142205711
v 0.0691795722 -0.0205078125 0.022707101
v 0.0691468716 -0.00647171307 0.0285892785
v 0.0684697926 -0.00630850345 0.0301220845
v 0.0666101724 -0.00575101655 0.0315979384
v 0.0773841813 -0.0124906665 -0.0260963589
v 0.0788956136 -0.0102400575 -0.0438376181
v 0.0777619034 -0.00732582388 -0.0272974204
v 0.0775496885 -0.0219998341 -0.0412565544
v 0.076123625 -0.0280013755 -0.0401977785
v 0.0746545941 -0.032373216 -0.0422584899
v 0.0729260966 -0.0339363143 -0.0277458038
v 0.0702004433 -0.0383588709 -0.0270848423
v 0.0711474195 -0.03818959 -0.0405532047
v 0.0674736276 -0.0418609828 -0.0411868133
v 0.0654262379 -0.042647142 -0.0218789391
v 0.0742631555 -0.0289684124 -0.0216384213
v 0.0754206106 -0.0225961469 -0.0179300625
v 0.0731885135 -0.0284104701 -0.00848761573
v 0.0721116513 -0.0303966943 -0.00418903911
v 0.070371449 -0.0346467122 -0.00474840635
v 0.0678980276 -0.0373055376 0.00125008577
v 0.0659170076 -0.0403353013 -0.00348346308
v 0.061007496 -0.044884041 -0.0153464461
v 0.0692147911 -0.0336206444 0.00574573083
v 0.0707254037 -0.0299115013 0.00539979944
v 0.069502987 0.00882031303 0.0259613208
v 0.070610933 0.0245338921 0.0116598625
v 0.0728562549 0.0271873102 -0.0047492478
v 0.0717167556 -0.0272327214 0.002890907
v 0.0698941574 -0.0183011647 0.0203739926
v 0.0335012525 -0.0189724378 0.0174100287
v 0.0335012525 0.00701971259 0.0247747041
v 0.0335012488 0.0135076921 0.0219227131
v 0.0335012451 0.023 0.0115785263
v 0.0335012488 0.0189724304 0.0174100455
v 0.0335012525 6.22793206e-11 0.0257500075
v 0.0335012488 -0.013507681 0.0219227057
v 0.0335012525 -0.00701971445 0.0247747041
v 0.0335012488 -0.0230000038 0.0115785263
v 0.0355012454 0.0229999945 0.0115785329
v 0.0355012491 0.0189724397 0.0174100213
v 0.0355012491 0.0135076866 0.0219226889
v 0.0355012529 0.0070197219 0.0247747116
v 0.0355012529 -5.52530555e-09 0.0257499851
v 0.0355012529 -0.00701972004 0.0247747097
v 0.0355012491 -0.0135076866 0.0219227131
v 0.0355012491 -0.0189724285 0.0174100343
v 0.0355012491 -0.0229999945 0.0115785338
v 0.0755544752 -0.0144188665 -0.121229418
v 0.0745942295 -0.0211963281 -0.121228211
v 0.0529229119 -0.0109756989 -0.121229358
v 0.0355012491 0.0373386815 -0.121229224
v 0.0493472666 0.0175252706 -0.121229269
v 0.0442626104 0.0229961276 -0.121229261
v 0.0493472703 -0.0175330341 -0.121229373
v 0.0547679067 0.00373054994 -0.121229306
v 0.0761457458 -0.00376965897 -0.121229783
v 0.0547679067 -0.00373831438 -0.121229336
v 0.0309062451 -0.0250259414 -0.121229395
v 0.0529229082 0.0109679447 -0.121229298
v 0.0757449195 0.0122422092 -0.121229559
v 0.0355118066 0.0425101928 -0.121225074
v 0.0721879378 0.0285225324 -0.121230237
v 0.0745163932 0.0211206786 -0.121228479
v 0.0355345272 -0.0428465456 -0.121229097
v 0.0355012491 -0.0398315713 -0.12122944
v 0.0728296712 -0.0272483919 -0.121230632
v 0.0366623215 0.0229961164 -0.121460587
v 0.0309966169 0.0250801742 -0.121414341
v 0.0275257993 0.0387816317 -0.121229209
v 0.0250012372 0.0257878508 -0.121321797
v -0.00292041409 -0.0109757064 -0.121229351
v 0.000655233162 -0.0175330322 -0.12122938
v -0.00631681457 -0.0261857454 -0.121229403
v 0.0544121973 0.0405121967 -0.121228866
v 0.0632806197 0.0375434905 -0.121229216
v 0.0681781247 0.0341628827 -0.121229962
v 1.68004135e-05 -0.0325194709 -0.121229418
v 0.0057398905 -0.0230038743 -0.121229388
v 0.00760099618 -0.0372850336 -0.121229433
v 0.0135059869 -0.0230038799 -0.121229388
v 0.0160554815 -0.0402434729 -0.12122944
v 0.0190962907 -0.0250259526 -0.121344633
v 0.0249563139 -0.0412464365 -0.121229447
v 0.0250012428 -0.0257121604 -0.121413782
v 0.0303077567 -0.0408869013 -0.12122944
v 0.0593472794 -0.0394670218 -0.121228844
v 0.0513632037 -0.0413507186 -0.121228971
v 0.0698518679 -0.0326538086 -0.121229269
v -0.0110822367 -0.0186014716 -0.12122938
v -0.0140405223 -0.0101469327 -0.121229358
v -0.0047654123 -0.00373831205 -0.121229343
v -0.0150433267 -0.00124607887 -0.121229321
v -0.00476540765 0.00373055227 -0.121229306
v -0.014040364 0.00765475444 -0.121229291
v -0.00292041292 0.0109679373 -0.121229291
v -0.0110819247 0.0161092337 -0.121229276
v 0.00065522996 0.0175252724 -0.121229276
v -0.00631635869 0.023693433 -0.121229246
v 0.00573989237 0.0229961146 -0.121229254
v 1.73660865e-05 0.0300270356 -0.121229239
v 0.0133401807 0.022996122 -0.121344924
v 0.0076016481 0.0347924642 -0.121229216
v 0.0190059561 0.0250801984 -0.121229254
v 0.0160561856 0.0377507545 -0.121229216
v 0.0651782602 -0.0368283652 -0.121228613
v 0.0355009623 -0.0362118296 -0.0730888471
v 0.0355012529 -0.0412467904 -0.0731035173
v 0.0355012305 -0.0471747927 -0.0556073971
v 0.0355013572 -0.0458903834 -0.0810075253
v 0.0355012529 -0.0412467644 -0.0784035176
v 0.0355012491 0.0387532339 -0.0784030929
v 0.0355016291 0.045623254 -0.0798575506
v 0.0355012491 0.0373388156 -0.0784031078
v 0.0355015732 0.033724118 -0.073095113
v 0.0355012529 0.0387532078 -0.0731031075
v 0.0355014019 0.046871651 -0.0537740216
v 0.0354988798 -0.036217805 -0.0628036261
v 0.0355013162 -0.043462038 -0.111631364
v 0.0355012491 -0.0398321375 -0.0784035027
v 0.0354946703 -0.0210150927 0.0399792977
v 0.0355028361 0.0456437804 -0.00504975161
v 0.035501536 -0.0472888723 -0.0221626945
v 0.0355012491 0.0336974785 -0.0628031194
v 0.0355050825 -0.0356515087 0.0264099389
v 0.0355011225 -0.0463568792 -0.00842567906
v 0.0355010778 -0.0445363671 0.00280182692
v 0.0354963094 -0.0421325788 0.0119975619
v 0.0354875065 -0.0398175418 0.0182801876
v 0.0355025828 0.0421880558 0.0107867587
v 0.0354953781 0.0282293949 0.0348380804
v 0.0354999192 -0.0288348794 0.0346506946
v 0.0355012678 0.0469349064 -0.0218834504
v 0.0354990177 0.0327358209 0.0299539305
v 0.0355003588 0.0382279046 0.0212895572
v 0.0354763605 -0.0121205496 0.043121364
v 0.0355010219 0.0199256931 0.0404333062
v 0.0354975015 0.0118378242 0.0431122296
v 0.0355068818 0.000368872279 0.0444479622
v 0.0349766053 -0.046357993 -0.00836910587
v 0.0348921642 -0.0471922755 -0.0200611018
v 0.0404510982 -0.0421095341 -0.123896725
v 0.0545554347 -0.0405576862 -0.123899557
v 0.0632998422 -0.0375963897 -0.123903491
v 0.0688129812 -0.0333483107 -0.12390326
v 0.0720464736 -0.028262021 -0.123903655
v 0.0742438585 -0.0211219024 -0.123901233
v 0.0756547004 -0.00882579014 -0.123904832
v 0.0253851973 -0.0450176112 -0.123895481
v 0.0253760405 -0.0438798182 -0.123901144
v 0.0642653704 0.0380900577 -0.123908229
v 0.0633288696 0.0371655151 -0.123901181
v 0.038640596 -0.043591965 -0.123897798
v 0.0523680039 -0.0421216525 -0.123899862
v 0.0615734942 -0.0397712439 -0.123903677
v 0.0692014173 -0.0348541625 -0.12391115
v 0.069220528 0.0343368128 -0.123902105
v 0.0681808293 0.0336964056 -0.1239013
v 0.0738339573 -0.0273144376 -0.123905003
v 0.0727900639 0.0294295494 -0.123902515
v 0.0759969577 0.0185771734 -0.123903409
v 0.0743678883 0.0202856995 -0.123902857
v 0.058726728 0.0390080735 -0.123900384
v 0.0527595952 0.0418568328 -0.123897739
v 0.0314877331 0.0442702584 -0.123895407
v 0.0300193746 0.0432412215 -0.12389607
v 0.0253555719 0.0446095988 -0.123894952
v 0.0253555644 0.0434196405 -0.123894967
v 0.076390259 -0.0159068443 -0.123904616
v 0.0717199072 0.0285828896 -0.123902477
v 0.0526811406 0.0405021794 -0.123899229
v 0.0402389057 0.0417897552 -0.123897009
v 0.0770423114 0.00303846877 -0.123905212
v 0.0755401924 0.00890441798 -0.123903275
v 0.0349909812 0.047304716 -0.00447783154
v 0.0451936424 0.0480840132 -0.0174998008
v 0.0253563561 0.0451031812 -0.123397335
v 0.0318419114 0.0447494462 -0.123406932
v 0.0493050255 0.0427842401 -0.12344262
v 0.0376632065 -0.0442224741 -0.123407967
v 0.0362549201 0.0452098623 -0.106613353
v 0.0454757027 0.0448612422 -0.105229266
v 0.059261743 0.0407441519 -0.123453803
v 0.077566348 -0.000279048953 -0.123476647
v 0.0773692876 0.010337323 -0.12337631
v 0.0762381107 0.0197713133 -0.123461857
v 0.0746682286 0.0259617306 -0.123471335
v 0.0725395828 0.0308209937 -0.123476952
v 0.0693588406 0.0349433236 -0.12347161
v 0.0654966533 0.0379619785 -0.123485863
v 0.0493917242 -0.043099761 -0.123445183
v 0.0576234274 -0.0415599458 -0.123434596
v 0.0629945993 -0.039620582 -0.123452678
v 0.0664254054 -0.0376982614 -0.123461612
v 0.0701887608 -0.0344639421 -0.123450972
v 0.0733576044 -0.0295662675 -0.123484038
v 0.0757136643 -0.0227125622 -0.123492084
v 0.0770491436 -0.0136986552 -0.12347459
v 0.0349220596 -0.0457306318 -0.104880854
v 0.0253576171 -0.0454737321 -0.123366944
v 0.0301924143 -0.0452635922 -0.123418555
v 0.0348688923 -0.0488703474 -0.0204293355
v 0.0349738449 -0.0480717532 -0.00835587271
v 0.0349630006 -0.0455656946 0.0064904145
v 0.0349460244 -0.0418939665 0.0181334186
v 0.0309384465 -0.0452721566 -0.113947831
v 0.0253768228 -0.0453379527 -0.110500507
v 0.0490794629 -0.0453130156 -0.100340158
v 0.0647061095 -0.0435804911 -0.0620376244
v 0.0333880931 -0.0490650013 -0.0477875955
v 0.0291878916 -0.0485470556 -0.0620815419
v 0.0359345526 -0.0476946197 -0.0789603591
v 0.0314406604 -0.0487785302 -0.0570732728
v 0.0389307477 -0.048737742 -0.0570364371
v 0.0268194824 -0.0483445786 -0.065115653
v 0.0255869757 -0.0481810197 -0.0678021312
v 0.0445080809 -0.0487888753 -0.03452437
v 0.0503249131 -0.0477180071 -0.0584039725
v 0.0578883253 -0.0458632447 -0.0684919283
v 0.06051917 -0.0457110219 -0.0382357314
v 0.0648703277 -0.0436071344 -0.0369195566
v 0.0693533421 -0.0404091738 -0.0619067103
v 0.0731114373 -0.0361647941 -0.0619070269
v 0.07839486 -0.0219146069 -0.0632509291
v 0.0771166459 -0.0273821168 -0.0630818605
v 0.0750963241 -0.0326310955 -0.062790364
v 0.0801741332 -0.000187127735 -0.0840796828
v 0.0799606368 -0.000110555564 -0.0618586019
v 0.0796673372 -0.0107878139 -0.0634116009
v 0.0790017322 0.000314221688 -0.111020051
v 0.0788935572 -0.0117896944 -0.107644841
v 0.0776677951 -0.0207004771 -0.109232664
v 0.0763934851 -0.0260230005 -0.108683601
v 0.0741603523 -0.0317021944 -0.10699863
v 0.071069777 -0.0359415486 -0.107248262
v 0.0674188957 -0.0390126146 -0.10724739
v 0.0571995191 -0.0431253612 -0.108506419
v 0.0624107271 -0.0416275822 -0.107084341
v 0.0796394423 -0.013515057 -0.0836763307
v 0.0777125582 -0.02542294 -0.0840483904
v 0.0751731545 -0.0320905037 -0.0832168087
v 0.072968483 -0.0357471816 -0.0829553604
v 0.0689698905 -0.0399235971 -0.0822290927
v 0.0632714927 -0.0432271399 -0.0819869563
v 0.0498131961 -0.0467058755 -0.0801963359
v 0.0344722159 -0.0491087809 -0.0340697728
v 0.0428180248 -0.0485757142 -0.0180178192
v 0.0486987308 -0.0480151772 -0.0164260194
v 0.0538910925 -0.0475129522 -0.036947161
v 0.0579068661 -0.0461099707 -0.0152192581
v 0.0349660963 -0.0440846197 0.00531461509
v 0.0349458531 -0.0378110632 0.0228736717
v 0.0349464566 -0.0411847271 0.0150286183
v 0.0340914764 -0.0474329218 -0.0410782471
v 0.0326980315 -0.0472381935 -0.0519524515
v 0.0311514568 -0.0470448434 -0.0578112192
v 0.0262539815 -0.0465846583 -0.0659395084
v 0.0291962046 -0.0468473881 -0.0620858707
v 0.0254379362 -0.0465243794 -0.0693023577
v 0.0253752973 -0.0435371213 -0.111880824
v 0.0308855027 -0.043583747 -0.1120691
v 0.0349471569 0.0201841369 0.0425255373
v 0.0349470377 0.0280148052 0.0376074836
v 0.0349470004 0.0342994593 0.0312021766
v 0.0421183445 0.0483854786 -0.0216516964
v 0.034844324 0.0485747159 -0.0218138006
v 0.0580002666 0.0457238555 -0.0149580641
v 0.0546905622 0.0470023155 -0.037310414
v 0.0606457591 0.0453066081 -0.0373466872
v 0.0439553447 0.0484897196 -0.0342837833
v 0.064842701 0.0433006138 -0.0377427004
v 0.0349467807 -0.0380051769 0.0261184387
v 0.0349471383 -0.0328124762 0.0333182961
v 0.0349470526 -0.0279021785 0.0379160419
v 0.0349471904 -0.0231335815 0.0411866792
v 0.034863431 0.0468661301 -0.0207324103
v 0.0349720716 0.0461772121 -0.00961757079
v 0.0349719711 0.0444437079 0.00170539215
v 0.0349508747 0.0417722836 0.0124408528
v 0.0253738444 0.0431689508 -0.112822488
v 0.031260781 0.0432278067 -0.112430379
v 0.0253781136 0.0450100787 -0.110213339
v 0.0256194584 0.0461507626 -0.067595318
v 0.0254130289 0.0466044471 -0.0887144804
v 0.0270877331 0.046326939 -0.0647798479
v 0.0255783424 0.0478476584 -0.0676397458
v 0.0326847583 0.0468932167 -0.0520839542
v 0.0322308317 0.0485371128 -0.0544032939
v 0.0342749953 0.0471054874 -0.0385588147
v 0.0342560671 0.0488232858 -0.0388753712
v 0.0305531472 0.0466342829 -0.0595198609
v 0.0298911911 0.0482696742 -0.0608298145
v 0.0272975564 0.0480478518 -0.0645034239
v 0.0349513926 0.0437860265 0.0117756175
v 0.0349466018 0.0398080759 0.0221278444
v 0.0349479467 -0.0330668241 0.0302548315
v 0.0349514894 -0.018785825 0.0412149541
v 0.0349454246 -0.023854088 0.0385861434
v 0.034947902 -0.0287827402 0.0348389633
v 0.0349489227 0.0295673925 0.0337737091
v 0.0349461883 0.0336105749 0.0290489141
v 0.0349454954 0.0251310561 0.0375312157
v 0.0349550694 0.0191858932 0.0409306288
v 0.0349473692 0.0121530704 0.0452078246
v 0.0349810161 0.0123180645 0.0431671068
v 0.0349552594 0.00604641717 0.0442863107
v 0.0349474475 0.00342717185 0.0464414284
v 0.0349566936 -0.00309587223 0.0446036793
v 0.0349473208 -0.00698003219 0.0461325832
v 0.034949787 -0.0123891998 0.0433220603
v 0.0349471159 -0.0148906801 0.0446166769
v 0.0349464826 0.0375011824 0.0228066798
v 0.0309384335 0.0449289642 -0.11400301
v 0.0636732206 0.0434495248 -0.0698572621
v 0.0584166385 0.0453269668 -0.0692501143
v 0.0796672776 0.0104462663 -0.0634105355
v 0.079693757 0.0125967814 -0.0833454132
v 0.0518558659 0.0438709185 -0.10792961
v 0.0384874754 0.0483794622 -0.0577166826
v 0.0359344855 0.0473527648 -0.0789589956
v 0.0572625436 0.0429679118 -0.106239252
v 0.0623216964 0.0412257724 -0.108067401
v 0.0678903311 0.0386005975 -0.105123289
v 0.0716778561 0.0350021943 -0.106598653
v 0.0742712095 0.0308321342 -0.108782873
v 0.0763459653 0.0257481933 -0.109064326
v 0.07769081 0.0203962121 -0.108721569
v 0.0783947706 0.0215729717 -0.0632497519
v 0.0771165192 0.0270404406 -0.0630806163
v 0.0747348219 0.0331015512 -0.0626702234
v 0.071458526 0.0379190668 -0.0620205924
v 0.0672492608 0.0416756421 -0.0621372238
v 0.0506977178 0.0473421142 -0.0582808293
v 0.049928084 0.046288006 -0.0810321197
v 0.0690143332 0.0394856222 -0.0831720829
v 0.0729969814 0.0353586189 -0.0831144601
v 0.075172998 0.0317489766 -0.0832156762
v 0.0778231025 0.0247582104 -0.0838197842
v 0.0789754465 0.0127732856 -0.104172312
v 0.0493472666 -0.0175330359 -0.124124065
v 0.0529229082 -0.0109757008 -0.124124065
v 0.0547679067 -0.00373831647 -0.124124072
v 0.0547679067 0.00373054785 -0.124124072
v 0.0529229119 0.0109679429 -0.12412408
v 0.0493472666 0.0175252836 -0.12412408
v 0.0442626067 0.0229961239 -0.124124065
v 0.00573989004 0.0229961127 -0.124124065
v 0.000655233976 0.0175252855 -0.124124065
v -0.00292041036 0.0109679345 -0.124124072
v -0.00476540625 0.00373055018 -0.124124072
v -0.00476540579 -0.00373831415 -0.124124072
v -0.00292040943 -0.0109757092 -0.124124072
v 0.000655227865 -0.0175330341 -0.124124072
v 0.00573991518 -0.0230039041 -0.124124072
v 0.0135059878 -0.0230038799 -0.121690452
v 0.0266742893 0.0387983248 -0.0784028471
v 0.02842943 0.0350719653 -0.0628057867
v 0.0213875733 0.0350606069 -0.0628067851
v 0.014228289 0.0336210839 -0.0628067106
v 0.00749703404 0.0307849143 -0.0628066063
v 0.000586821057 0.02597172 -0.0668011904
v 0.000559735985 0.0259136856 -0.0628021285
v 0.0190059561 0.0250802003 -0.121691972
v 0.030906247 -0.0250259414 -0.121690385
v 0.0270567071 -0.0412613377 -0.0784032792
v 0.0160567574 -0.0402436964 -0.078402929
v 0.00760227069 -0.0372852571 -0.0784026682
v 1.80688567e-05 -0.0325196944 -0.0784024149
v -0.00631554238 -0.0261859689 -0.0784021914
v -0.0110809663 -0.018601682 -0.07840202
v -0.0140392501 -0.0101471422 -0.0784018859
v -0.0150420545 -0.00124630355 -0.0784018114
v -0.0140390908 0.00765452953 -0.0784017965
v -0.0110806534 0.0161090083 -0.0784018412
v -0.00631508837 0.0236932095 -0.0784019306
v 1.86361376e-05 0.0300268251 -0.0784020871
v 0.00760292308 0.0347922407 -0.0784022883
v 0.0160574596 0.037750531 -0.0784025267
v 0.00145124004 0.0228908733 -0.0731006488
v 0.00145117112 0.0253508408 -0.0731021613
v 0.00145135471 0.0253508016 -0.066802159
v 0.00133419095 0.0230142288 -0.0668021739
v 0.00145090069 -0.0254159644 -0.0668024197
v 0.00145087217 -0.0278438255 -0.0668024346
v 0.0014506639 -0.0253855661 -0.0731016621
v 0.00145068858 -0.0278438013 -0.073102437
v 0.0131357405 0.0322628878 -0.0731020272
v 0.0136451358 0.0324469432 -0.0684021637
v 0.00885750074 0.0304016527 -0.0684025213
v 0.0354761034 0.0326868519 -0.0731031522
v 0.0354974605 0.0326729789 -0.0684020221
v 0.0354931392 -0.0351786837 -0.068402417
v 0.0354938656 -0.0351591781 -0.0731034726
v 0.00983884465 -0.0334235169 -0.0684033856
v 0.0133741926 -0.0348582603 -0.0731026158
v 0.0146827018 -0.0352448039 -0.068402864
v 0.00647389796 -0.031592343 -0.073102653
v 0.00592003576 -0.0312111955 -0.0668025464
v 0.00591068342 0.0287120603 -0.0668022335
v 0.00657201465 0.0291562825 -0.073102355
v 0.000804170733 -0.0262347236 -0.0730991215
v 0.000580603606 -0.027301671 -0.073094897
v 0.000805846881 0.0237495601 -0.0730966255
v 0.000564774557 0.0250598975 -0.0730962008
v 0.0177087076 -0.0370321609 -0.073057428
v 0.0126228146 -0.0356537551 -0.073054716
v 0.00652351463 -0.0327873528 -0.0730963424
v 0.00148274971 -0.0292230826 -0.0730926618
v 0.0297879037 -0.037447907 -0.0730906501
v 0.0233720373 -0.0377456024 -0.0730620027
v 0.030157825 0.0349640995 -0.0730993599
v 0.0229480471 0.035281904 -0.0730998591
v 0.0157606807 0.0341627039 -0.0730989575
v 0.00892115757 0.0316354819 -0.0730994567
v 0.00450492883 0.0290195737 -0.0730977207
v 0.00108879223 0.0263635423 -0.0730990842
v 0.00082005345 -0.0283642747 -0.0730904862
v 0.0281017572 -0.0366072319 -0.0731032714
v 0.0128699988 -0.0346252099 -0.0668028146
v 0.0203772988 -0.0364499018 -0.0731030479
v 0.0203774907 -0.036449939 -0.0668030381
v 0.0281019509 -0.036607258 -0.0668032765
v 0.0355012454 -0.0351450406 -0.0668034852
v 0.0203776155 0.033956565 -0.0731026754
v 0.0355012491 0.032651592 -0.066803135
v 0.0281021018 0.034113802 -0.0668028966
v 0.0128704524 0.0321319178 -0.0668024644
v 0.0203777999 0.0339565277 -0.0668026805
v 0.0281019174 0.0341138281 -0.0731029063
v 0.000590188836 -0.0267541409 -0.0668024048
v 0.000592050434 0.0252991728 -0.0668022409
v 0.0280759148 -0.0376006849 -0.0628057346
v 0.0197418407 -0.0374273621 -0.0628012493
v 0.0110615529 -0.0350056402 -0.0628035069
v 0.00106729951 -0.0288182814 -0.0668023899
v 0.00465916796 -0.0315881148 -0.0628031492
v 0.00632454595 -0.0410898179 -0.0784026533
v -0.00199883291 -0.0360221192 -0.0784023702
v -0.00844291691 -0.0298889764 -0.0784021541
v -0.0135216145 -0.0225849785 -0.0784019604
v -0.0170273036 -0.0144086871 -0.0784018189
v -0.0188166834 -0.0056943493 -0.0784017146
v -0.0188166052 0.00320180785 -0.0784016773
v -0.0170270652 0.0119161215 -0.0784016773
v -0.0135212271 0.0200923495 -0.0784017444
v -0.00844239909 0.027396258 -0.0784018561
v -0.001998208 0.0335292742 -0.07840202
v 0.00630879682 0.038538143 -0.0784022361
v 0.00630821567 -0.0410311557 -0.073102653
v 0.00632543257 0.0385968052 -0.0731022358
v -0.00199805014 0.0335292481 -0.0731020197
v -0.00844224915 0.0273962319 -0.0731018558
v -0.0135210697 0.0200923085 -0.0731017441
v -0.0170269106 0.0119160954 -0.073101677
v -0.0188164469 0.00320178177 -0.073101677
v -0.0188165251 -0.00569437537 -0.0731017143
v -0.0170271453 -0.0144087132 -0.0731018186
v -0.0135214571 -0.0225850046 -0.0731019601
v -0.00844275951 -0.0298890024 -0.0731021538
v -0.00199867389 -0.0360221453 -0.0731023848
v 0.000524017378 -0.0283221472 -0.0628023222
v 0.000520606991 -0.0282257218 -0.0668024123
v 0.0127954958 -0.0382831544 -0.0809598342
v 0.0162840448 -0.0392419696 -0.0803877041
v 0.0244150013 -0.0402221382 -0.0803864524
v 0.0120405322 0.0376910046 -0.0812770873
v 0.0126004703 0.0461210571 -0.0810497925
v 0.0151511682 0.0386268608 -0.0804204866
v 0.0161927789 0.0466289967 -0.0803807825
v 0.0244177133 0.0471481644 -0.080382891
v 0.0127241816 0.043456573 -0.123420075
v 0.024354171 0.045070339 -0.123423249
v 0.0243510865 0.0446240567 -0.123894304
v 0.0155424709 0.0434644334 -0.123892993
v 0.0193342697 0.0446494892 -0.123411715
v -0.00392504176 0.0408513658 -0.123889901
v 0.00191985513 0.0422347449 -0.123416677
v -0.0257319622 -0.00824121572 -0.123887464
v -0.026326621 0.00341496221 -0.123336419
v -0.00535222562 0.0408678353 -0.12341135
v -0.0139111765 0.0370285176 -0.123888701
v -0.0107719777 0.0390529931 -0.12340562
v -0.0144795058 0.0371414684 -0.123399012
v -0.0177723672 0.0345694833 -0.123383917
v -0.0187178403 0.0328337178 -0.123888239
v -0.0213463046 0.030048579 -0.123330079
v -0.0213992987 0.0287625808 -0.12388818
v -0.0239139553 0.0236656908 -0.123341218
v -0.0235107783 0.0232448801 -0.123887099
v -0.0255027153 0.0159709491 -0.123332925
v -0.0254438836 0.0125291329 -0.123887219
v 0.0193125941 -0.0449850745 -0.12342032
v 0.0153496461 -0.0437675975 -0.123894349
v 0.0117801921 -0.0436921977 -0.123427339
v 0.000579055748 -0.0423963033 -0.123411119
v 0.0243533868 -0.0451315716 -0.123821698
v -0.0262782797 -0.00722512649 -0.123259202
v -0.0221420228 -0.0288057774 -0.123368703
v -0.0223674122 -0.0269201361 -0.123886965
v -0.0241201073 -0.0212882422 -0.123887718
v -0.0241758283 -0.0229822174 -0.123338141
v -0.0254733637 -0.0163288433 -0.123333074
v -0.019932691 -0.0316409692 -0.123888992
v -0.0189764332 -0.0336386077 -0.123371951
v -0.0127376867 -0.0379507579 -0.123889104
v -0.0155930398 -0.0367505662 -0.123401947
v -0.016631579 -0.0352794938 -0.123888515
v -0.0100938445 -0.0397428721 -0.123366565
v -0.0038914308 -0.0412062109 -0.123889953
v -0.00552446721 -0.0411601625 -0.123426497
v -0.0144440448 0.00724274851 -0.123888813
v -0.0150224734 -0.00213409006 -0.123888597
v -0.0117981629 0.015754059 -0.123889327
v -0.00843321346 0.0219048858 -0.12388967
v 0.0163967479 0.03901162 -0.123893529
v 0.0087255612 0.0364254415 -0.123892389
v 0.00359954592 0.0336829089 -0.12389154
v -0.0031893386 0.0284256712 -0.123890467
v 0.0243539289 0.039851632 -0.123894826
v -0.023125302 0.00262306863 -0.0994715765
v -0.0249723084 0.00435243733 -0.11196959
v 0.00712832715 0.0452296287 -0.083788462
v 0.00455695484 0.0439036936 -0.104869187
v -0.00789355952 0.0407241695 -0.106308348
v -0.0238360725 0.0179754645 -0.111146159
v -0.0219181217 0.0262129474 -0.111490466
v -0.012904142 0.0381862149 -0.112936102
v -0.0168499947 0.0349762253 -0.112531707
v -0.0195129663 0.0314499997 -0.111991651
v 0.0157760177 0.0450171307 -0.104549311
v 0.0243758615 0.0450257584 -0.109565303
v -0.00257199188 0.0426963009 -0.088814199
v -0.00210943283 0.0427145027 -0.0999456421
v -0.0105747133 0.038880758 -0.0929600745
v -0.0140705826 0.036073342 -0.0947704241
v -0.0207258947 0.0239874497 -0.0982227027
v -0.0191929247 0.0283807535 -0.0974251702
v -0.01705526 0.0324176885 -0.0963165686
v -0.0222881176 0.0167080276 -0.0990361869
v -0.00966100208 0.0397960655 -0.100910574
v 0.016991308 0.0445477553 -0.114212222
v 0.0243541189 -0.0401756316 -0.123895235
v -0.0141273057 -0.00880112406 -0.123888947
v -0.0124192275 -0.0144956037 -0.1238892
v -0.00861833338 -0.0221512262 -0.12388996
v -0.00110607687 -0.0306779724 -0.123891078
v 0.0127630858 -0.0383371077 -0.123893343
v 0.00602288684 -0.035435304 -0.12389227
v 0.0197214261 -0.0398542173 -0.12389449
v -0.0147859044 0.00484241685 -0.0951509103
v 0.0244074427 0.0399248526 -0.0803858414
v -0.0132694533 0.0117068263 -0.0943631232
v -0.0103845783 0.0187030267 -0.09286654
v -0.0046182489 0.0269307736 -0.0898774117
v 0.00390081923 0.0339513868 -0.0854634419
v -0.0149254855 -0.00415051868 -0.0952254534
v -0.0128151448 -0.0135541866 -0.0941274092
v -0.00816498324 -0.0228146035 -0.0917159393
v -0.00156953966 -0.0301831551 -0.0882979333
v 0.00539854309 -0.0351249799 -0.0846879333
v 0.00165052828 -0.0443114676 -0.0866250321
v -0.00646435004 -0.0415830128 -0.0995213985
v -0.00814696401 -0.0406008624 -0.0916996226
v -0.0205964595 -0.024873428 -0.0981522799
v -0.0191056021 -0.0288678836 -0.0973876417
v -0.021759266 -0.0196864158 -0.0987605378
v -0.0181023404 -0.0338378698 -0.112057537
v -0.0150102871 -0.0370046608 -0.112751558
v -0.0205382984 -0.0299378783 -0.112028152
v -0.0222266763 -0.0254477691 -0.111379825
v -0.0238373242 -0.0180111807 -0.111074843
v -0.0228634086 -0.0105026439 -0.0993315279
v -0.00211258768 -0.0430386066 -0.0999884531
v 0.00456368877 -0.0442700759 -0.104676493
v 0.0124252858 -0.0464352965 -0.0811063796
v 0.0156839844 -0.0468989573 -0.0803914666
v 0.0244170595 -0.0474841557 -0.0803825259
v 0.0163660496 -0.0453545898 -0.104954973
v -0.0103783514 -0.0399050079 -0.105639532
v -0.0173602607 -0.0322985835 -0.096474193
v -0.0152642559 -0.0350874439 -0.0953904241
v -0.0127377883 -0.0376054384 -0.094082579
v 0.0193584301 -0.0450557619 -0.114004858
v 0.0243707374 -0.0451885834 -0.113667205
vn -8.706915e-08 -1 -3.517864e-06
vn 1.110325e-06 -1 7.826184e-07
vn 1.419956e-06 -1 1.438348e-06
vn 1.874603e-06 -0.9546819 -0.2976279
vn 1.094646e-06 -0.9546806 -0.2976323
vn 5.355807e-06 -0.736791 -0.6761205
vn 5.66867e-06 -0.7367954 -0.6761158
vn 2.078278e-06 -0.5245665 -0.8513695
vn 1.546228e-06 -0.5245727 -0.8513656
vn 2.670504e-06 -0.2726072 -0.9621254
vn 2.664763e-06 -0.2726142 -0.9621235
vn 4.558381e-06 3.173818e-06 -1
vn 4.734209e-06 -2.579997e-06 -1
vn 5.598516e-06 0.2726137 -0.9621236
vn 5.429399e-06 0.2726073 -0.9621254
vn 3.969814e-06 0.5245739 -0.851365
vn 2.771423e-06 0.5245684 -0.8513683
vn -4.174578e-06 0.7367962 -0.6761149
vn -5.151254e-06 0.7367905 -0.6761211
vn -5.924938e-07 0.9546831 -0.297624
vn -6.295812e-07 0.9546791 -0.2976371
vn 0.234151 0.9690751 0.07788946
vn 0.1829914 0.960343 0.2103698
vn 0.3518935 0.9241968 0.1484285
vn 0.1251449 0.988998 0.07887808
vn 0.3205642 -0.9358353 0.1464612
vn 0.1656057 -0.9623238 0.2156563
vn 0.1086631 -0.9867774 0.1202605
vn 0.1908897 -0.9784029 0.07930343
vn 0.6656679 0.6580959 0.3518465
vn 0.5629373 0.6199589 0.5465827
vn 0.8228459 0.4861042 0.2943254
vn 0.6971098 0.4837026 0.5292161
vn 0.8829951 0.3183558 0.3449194
vn 0.6359608 0.3994188 0.6603171
vn 0.9071836 0.184453 0.3781466
vn 0.7241827 0.2355345 0.6481382
vn 0.4775764 0.3215124 0.8176494
vn 0.4322282 0.5734565 0.6959357
vn 0.3953385 0.7599989 0.5158576
vn 0.3642992 0.8409471 0.4001176
vn 0.6437987 0.7130088 0.277744
vn 0.2990174 0.89855 0.3212421
vn 0.5605696 0.7894095 0.2501885
vn 0.3656475 0.9000981 0.236908
vn 0.5450678 0.825991 0.1436661
vn 0.5351155 -0.5173339 0.667845
vn 0.670833 -0.3210517 0.6685125
vn 0.4618212 -0.3762056 0.8032376
vn 0.3641558 -0.7911298 0.4914309
vn 0.7123031 -0.6136843 0.3406111
vn 0.4780195 -0.6517608 0.5888168
vn 0.7911137 -0.4792482 0.3800793
vn 0.831296 -0.3727533 0.412313
vn 0.8779767 -0.2213963 0.4244298
vn 0.8851366 -0.1337524 0.4456945
vn 0.5814252 -0.1930281 0.7903701
vn 0.6064656 -0.7677832 0.2066604
vn 0.3629212 -0.8695052 0.3350358
vn 0.5196706 -0.8423682 0.1426822
vn 0.3095489 -0.9104708 0.2742671
vn 0.547345 -0.7697871 0.3283922
vn 0.7985411 0.1160074 0.590656
vn 0.798726 0.04566681 0.5999595
vn 0.9558622 0.01199692 0.2935705
vn 0.5845383 -0.004868158 0.8113515
vn 0.5164161 0.08841582 0.8517612
vn 0.5030027 0.1960437 0.8417571
vn 0.9549178 0.2119644 0.2078534
vn 0.916936 0.3358212 0.2155285
vn 0.968841 0.1293837 0.2112035
vn 0.9450391 0.304115 0.1200632
vn 0.9563914 0.2854205 0.06205348
vn 0.9007925 0.4276339 0.07551353
vn 0.7822004 0.6056816 0.1459877
vn 0.88388 0.4449414 0.1441644
vn 0.7904023 0.6089829 0.06636401
vn 0.6178311 0.7841995 0.05758145
vn 0.7056302 0.7026542 0.09145014
vn 0.442522 0.8949051 0.0576139
vn 0.9808342 0.1556999 0.1171405
vn 0.9445271 0.2793945 0.1726473
vn 0.637243 0.7703084 0.02337232
vn 0.7734901 0.6331754 0.02831942
vn 0.8996704 0.4352159 0.03435769
vn 0.9917415 0.06954637 0.1077593
vn 0.9963471 0.06452099 0.05594216
vn 0.9849024 0.1633687 0.05725269
vn 0.9980617 0.0007584734 0.06222791
vn 0.9937173 0.01570044 0.1108132
vn 0.9044343 -0.3716436 0.2094747
vn 0.9535372 -0.2201012 0.205724
vn 0.9604207 -0.1569948 0.2300968
vn 0.9578021 -0.04035819 0.2845811
vn 0.7828271 -0.06920534 0.6183789
vn 0.5028123 -0.08675541 0.860031
vn 0.9930738 -0.02878185 0.1139128
vn 0.9963174 -0.06550254 0.05532797
vn 0.9909753 -0.07417905 0.111649
vn 0.9847704 -0.1634612 0.05922708
vn 0.9059039 -0.4213033 0.04291514
vn 0.9578202 -0.280689 0.06159688
vn 0.8970976 -0.4360875 0.07101727
vn 0.7820871 -0.6202641 0.06010178
vn 0.7882068 -0.6144375 0.03459224
vn 0.633916 -0.773267 0.01444858
vn 0.6069474 -0.7929281 0.05366539
vn 0.9530524 -0.2907743 0.08450728
vn 0.9822515 -0.1481472 0.1150414
vn 0.9659017 -0.2315191 0.1159
vn 0.9420829 -0.3087309 0.1310157
vn 0.8751657 -0.4719144 0.1066858
vn 0.7885379 -0.5967057 0.1488295
vn 0.6905612 -0.7162306 0.1006917
vn 0.4464411 -0.8930499 0.05614386
vn 0.8825704 -0.4320016 0.1855907
vn 0.9414223 -0.2896264 0.172744
vn 0.9774288 0.05543057 0.2038634
vn 0.9769438 0.136022 0.1645563
vn 0.9762039 0.1674507 0.1377907
vn 0.9750777 -0.1583095 0.1554399
vn 0.9805236 -0.08798777 0.1755897
vn -1 -1.5026e-07 -1.071708e-07
vn -1 -2.306655e-10 -5.856498e-08
vn -1 7.53097e-08 2.1944e-07
vn -1 -2.042265e-07 6.794607e-07
vn -1 -4.60069e-08 5.708722e-08
vn -0.9999999 3.744601e-06 -3.217414e-07
vn -1 -5.423977e-08 1.05852e-07
vn -1 -5.925087e-08 4.048161e-07
vn -1 3.501095e-08 6.968197e-09
vn -1 6.918498e-07 -1.588149e-06
vn -1 0 1.909842e-06
vn -1 2.137225e-07 1.929892e-07
vn -1 -4.88123e-07 3.171921e-08
vn -1 5.695632e-07 1.835694e-07
vn -1 3.744597e-06 1.608704e-07
vn -1 -1.887683e-07 8.751586e-09
vn -1 5.894602e-07 2.618251e-08
vn -1 -7.199338e-07 -1.258964e-07
vn 1.940704e-06 0.9546826 0.2976258
vn 1.732148e-06 0.9546803 0.2976333
vn 4.31571e-06 0.7367912 0.6761203
vn 4.955441e-06 0.7367969 0.6761141
vn 1.139628e-05 0.524566 0.8513697
vn 1.022806e-05 0.5245723 0.8513659
vn -3.426004e-06 0.2726082 0.9621251
vn -3.783252e-06 0.2726149 0.9621232
vn 8.998458e-06 -4.969643e-06 1
vn 9.071194e-06 9.517845e-07 1
vn -3.473227e-06 -0.2726123 0.962124
vn -4.392871e-06 -0.2726059 0.9621258
vn -4.488073e-06 -0.5245718 0.8513662
vn -3.712093e-06 -0.5245665 0.8513695
vn 1.147732e-06 -0.7367961 0.6761151
vn 1.591791e-06 -0.7367913 0.6761202
vn 3.419155e-06 -0.9546831 0.2976243
vn 3.341857e-06 -0.9546797 0.297635
vn -1.90725e-05 -0.0001063311 -1
vn 3.907568e-05 0.0001012496 -1
vn 1.061091e-05 -2.700314e-05 -1
vn 0.004029049 0.007651339 -0.9999626
vn -4.932673e-06 3.422825e-05 -1
vn 0.007848794 0.004798856 -0.9999576
vn 1.860581e-05 -6.462465e-06 -1
vn -1.544209e-05 3.547515e-06 -1
vn -1.443336e-05 -6.823801e-06 -1
vn -2.088515e-05 6.364075e-06 -1
vn 0.01490592 -0.01192785 -0.9998178
vn 0.0291184 -0.1923285 -0.9808985
vn 0.001120417 -0.007427418 -0.9999718
vn 7.700206e-06 2.239001e-05 -1
vn -1.77173e-05 6.378898e-05 -1
vn 7.960782e-06 -0.000103009 -1
vn 2.461856e-05 -5.029482e-05 -1
vn 0.0002681337 0.0003162865 -0.9999998
vn 1.361431e-05 -1.568755e-05 -1
vn 7.333949e-05 -4.88789e-05 -1
vn 0.0001028119 -5.731653e-05 -1
vn -1.442439e-05 9.506141e-05 -1
vn 0.01670511 0.01618881 -0.9997293
vn 0.007604826 0.05101249 -0.9986691
vn -0.001458289 0.01040674 -0.9999447
vn 0.004209244 0.1479346 -0.9889882
vn -2.465116e-08 2.549176e-06 -1
vn -1.759133e-06 3.207291e-06 -1
vn -4.774151e-07 2.900463e-06 -1
vn -0.000113091 4.232276e-05 -1
vn -6.967481e-05 5.131224e-05 -1
vn -7.290052e-05 4.215837e-05 -1
vn 0 2.8273e-06 -1
vn 1.381552e-07 2.806274e-06 -1
vn 1.818095e-06 3.090163e-06 -1
vn -0.008391503 -0.001237956 -0.999964
vn -0.002991861 -0.004148824 -0.9999869
vn -0.02924106 -0.1375923 -0.9900572
vn -0.001451332 -0.01018712 -0.999947
vn -0.007810663 -0.09774605 -0.9951807
vn 0.004245568 -0.005280199 -0.999977
vn 3.251495e-05 -9.788845e-06 -1
vn -9.567357e-05 -0.0001364823 -1
vn 1.007569e-06 3.164967e-06 -1
vn 4.372589e-08 2.957177e-06 -1
vn -6.501011e-07 3.405529e-06 -1
vn -1.094882e-06 4.036514e-06 -1
vn -3.277835e-07 3.425696e-06 -1
vn -1.850981e-07 2.645307e-06 -1
vn -5.811413e-08 2.253576e-06 -1
vn 9.466375e-08 2.773037e-06 -1
vn 9.014916e-07 3.821521e-06 -1
vn 3.827223e-07 3.552126e-06 -1
vn -0.008651564 -0.007040272 -0.9999378
vn -0.003790269 0.0009896314 -0.9999923
vn 0.004822581 0.00957807 -0.9999425
vn -0.0003498 0.006135967 -0.9999811
vn -0.003017134 0.003505541 -0.9999893
vn -0.002374277 0.002053787 -0.9999951
vn -1.255722e-05 -5.035172e-05 -1
vn -1 -0.000120196 3.83442e-05
vn -1 -6.777167e-05 -6.639467e-05
vn -1 -1.742267e-05 -2.291974e-06
vn -1 -1.21314e-05 -1.973935e-05
vn -1 1.784651e-05 -0.0001660351
vn -1 2.625701e-05 -0.0001400039
vn -0.9999999 0.00015888 -0.0002290509
vn -0.9999984 0.001799643 -2.920106e-05
vn -0.9999979 0.002041284 -6.416426e-09
vn -1 -1.752757e-05 1.479008e-05
vn -1 -2.726663e-05 9.353382e-06
vn -1 8.947093e-06 -1.655929e-06
vn -1 -0.0001392498 -4.059326e-06
vn -1 -5.507643e-05 -0.0002025021
vn -0.9999304 -0.01103862 -0.004167865
vn -0.9999993 -0.001056821 -0.000392879
vn -0.9999587 -0.00850169 -0.003208431
vn -1 -1.450442e-05 -9.187748e-06
vn -0.9999999 -0.0003092742 -0.0003606499
vn -0.9999993 -0.000721543 -0.0009856906
vn -0.9999999 3.247604e-05 -0.0002318449
vn -1 -6.905731e-06 -6.145661e-06
vn -1 -5.412731e-06 -2.267701e-07
vn -1 -1.396449e-06 -8.146632e-06
vn -1 2.344007e-05 -7.389773e-06
vn -1 7.895932e-08 4.021759e-08
vn -1 1.401482e-06 -5.447911e-07
vn -1 0.0001729381 2.289985e-05
vn -0.9999998 0.0003569772 0.0004568327
vn -1 -0.0001178178 -2.114595e-05
vn -1 2.64403e-06 -1.72906e-05
vn -1 7.907036e-05 -0.0001792404
vn -0.9999995 0.0002378001 -0.0009498322
vn -0.9999997 0.0007967856 -5.143993e-05
vn -1 -4.827792e-07 3.351906e-05
vn -1 2.253908e-05 3.394611e-05
vn -1 3.173718e-08 -1.077457e-07
vn -1 1.82091e-05 -0.0001578762
vn -1 6.673823e-05 -7.38235e-05
vn -1 2.114345e-05 -4.254739e-05
vn -1 3.214939e-05 1.759361e-05
vn -1 5.728654e-05 4.348741e-05
vn -1 -0.0001433315 -0.0001447124
vn -1 -4.492569e-05 3.343963e-06
vn -1 -0.0001569445 -0.0001535303
vn -0.9999996 0.0001649403 -0.000966445
vn -0.9999995 -5.918216e-05 -0.001006077
vn -1 1.522824e-05 3.187256e-05
vn -1 7.467545e-07 -2.034216e-06
vn -0.9999999 0.0001419696 -0.0003338046
vn -1 -6.530505e-05 -0.0001777995
vn -0.9999996 0.0008854819 0.0001648311
vn -0.9999998 0.0005239372 -0.0002252996
vn -1 -0.0002522052 -7.447034e-05
vn -1 -0.0001667701 6.270374e-06
vn -0.0151216 0.9925791 -0.1206571
vn -0.01430393 0.9933351 -0.1143716
vn -0.05603045 0.9964794 -0.06236597
vn 0.08261148 0.9963881 -0.01965482
vn -0.1144255 0.9912899 0.06520021
vn -0.1337453 0.9830009 0.125783
vn -0.09832367 0.9901861 0.09931753
vn -0.2178109 0.9731268 0.07471777
vn -0.3200202 0.938314 0.1309732
vn -0.4555518 0.8837172 0.107315
vn -0.7851826 0.6066227 0.1244882
vn -0.7236234 0.6775393 0.1315658
vn -0.5590018 0.8193281 0.1273515
vn -0.8996181 0.4187171 0.1239486
vn -0.9256321 0.3525524 0.1375212
vn -0.9683207 0.2029356 0.1455069
vn -0.9701099 0.203095 0.1328131
vn -0.9920184 0.05584915 0.1130507
vn -0.9664822 0.1246734 0.2244293
vn -0.9856141 0.001985788 0.1689996
vn 0.01733484 -0.430263 -0.9025372
vn 0.0003529878 -0.004667724 -0.9999891
vn 0.03629908 -0.3582647 -0.9329141
vn -0.0002216526 0.0009935745 -0.9999995
vn -0.0006415916 0.001071211 -0.9999992
vn 0.07398926 -0.3991017 -0.9139165
vn 0.1585845 -0.4187698 -0.894138
vn -0.001955574 0.001742569 -0.9999965
vn 0.3037824 -0.3237743 -0.8960393
vn -0.00434065 0.003959593 -0.9999827
vn 0.2792469 0.2456429 -0.9282676
vn -0.000423748 -0.001107197 -0.9999993
vn 0.1749076 0.3660449 -0.9140123
vn -0.002657855 -0.004929687 -0.9999843
vn 0.442026 -0.1580159 -0.8829744
vn 0.4007929 0.1865568 -0.8969736
vn 0.4182523 0.05539604 -0.9066401
vn -0.0003534017 -1.792156e-05 -1
vn -0.001831726 -0.003005237 -0.9999937
vn 0.1060886 0.5234998 -0.8453952
vn -1.387066e-05 0.0006444316 -0.9999998
vn -4.265365e-05 0.0006315527 -0.9999999
vn -0.0002047956 0.0001161738 -0.9999999
vn -0.0002353308 1.252397e-05 -1
vn -0.001087306 0.0006239042 -0.9999992
vn -0.003262493 0.0007546578 -0.9999944
vn 0.4365913 -0.06139185 -0.8975628
vn -9.28287e-05 1.745993e-05 -1
vn 1.308141e-05 0.001099256 -0.9999993
vn -5.669969e-05 0.0004646284 -0.9999998
vn -0.000138135 -3.524367e-05 -1
vn 0.3809762 0.009862415 -0.9245323
vn -0.001086224 4.112341e-05 -0.9999994
vn -0.9902491 -0.04023007 0.1333722
vn -0.9815904 -0.08779904 0.1696216
vn -0.9712855 -0.19977 0.1292142
vn -0.9645337 -0.2319566 0.1259797
vn -0.891629 -0.430126 0.1413838
vn -0.8837847 -0.4449433 0.1447415
vn -0.7128498 -0.6902944 0.1238501
vn -0.6924657 -0.7116898 0.1182742
vn -0.4765743 -0.8709427 0.1197326
vn -0.4570712 -0.8838923 0.09909733
vn -0.3128323 -0.9478349 0.06119531
vn -0.2086108 -0.9720795 0.1074385
vn -0.1462704 -0.9843274 0.09851093
vn -0.1239878 -0.9918567 0.02910731
vn -0.1104893 -0.9913454 0.07089753
vn 0.02235526 0.9989391 0.04026084
vn 0.06797982 0.9848137 0.1597522
vn 0.08520134 0.9952701 0.04667175
vn 0.03920178 0.7093909 -0.7037241
vn 0.03904846 0.7086897 -0.7044389
vn 0.05206174 0.6941364 -0.7179583
vn 0.06262828 0.6888834 -0.7221616
vn 0.1187189 0.885144 -0.4499178
vn 0.1133221 -0.8629386 -0.4924378
vn 0.09167251 -0.6956466 -0.7125109
vn 0.06978054 0.9970289 -0.03262083
vn 0.03551878 0.9969747 -0.06913647
vn 0.08184601 0.9929568 -0.085663
vn 0.2542271 0.7932093 -0.5533422
vn 0.858689 0.06059249 -0.5089025
vn 0.8588509 -0.0151568 -0.5120015
vn 0.8742157 0.1750512 -0.452884
vn 0.7985112 0.2641535 -0.5409277
vn 0.7353308 0.4642227 -0.4937467
vn 0.4326414 0.4494425 -0.7815515
vn 0.4657348 0.7359349 -0.4914173
vn 0.22326 -0.833845 -0.5048342
vn 0.3853929 -0.8038058 -0.4531763
vn 0.4741667 -0.69374 -0.5421169
vn 0.6843264 -0.5661563 -0.4595263
vn 0.7549813 -0.3904442 -0.5268365
vn 0.812286 -0.1936884 -0.5501603
vn 0.8739675 -0.06647132 -0.4814171
vn 0.09344 -0.9936881 -0.06207242
vn 0.1232389 -0.9894651 -0.07596637
vn 0.03003563 -0.997004 -0.07128079
vn 0.05663257 -0.5464501 -0.8355746
vn 0.02595829 -0.7574753 -0.6523475
vn 0.05103924 -0.9905152 0.1275722
vn 0.02601653 -0.9990023 0.03629675
vn 0.05488533 -0.9971826 0.05113212
vn 0.1211631 -0.9594765 0.2544099
vn 0.1972873 -0.9018816 0.3843012
vn 0.03301168 -0.9987879 -0.03650752
vn 0.0002416717 -0.9992651 -0.03833041
vn 0.04353226 -0.998997 0.01047774
vn 0.08412291 -0.9964538 -0.001826754
vn -0.0007434791 -0.9987118 -0.05073522
vn 0.02321351 -0.9976107 -0.06506915
vn 0.00552707 -0.9991137 -0.0417284
vn 0.04642643 -0.9982675 -0.03614547
vn -0.01328545 -0.9983638 -0.05561665
vn -0.01581895 -0.9981806 -0.05818253
vn 0.03001198 -0.9994317 -0.01534368
vn 0.08365625 -0.9964929 0.001862506
vn 0.03201561 -0.9994735 0.005257527
vn 0.1425796 -0.9892402 -0.03278381
vn 0.1998224 -0.9798309 -0.001518263
vn 0.2647353 -0.9632748 -0.0449104
vn 0.3484807 -0.9373151 0.001256582
vn 0.4610293 -0.8868813 -0.02989395
vn 0.5102339 -0.8598472 0.01800396
vn 0.6599909 -0.7510176 -0.01960769
vn 0.8158078 -0.5783221 -0.001135204
vn 0.9850954 -0.170501 0.02272824
vn 0.9557676 -0.2937256 0.01528607
vn 0.9044246 -0.4265918 0.005957128
vn 0.9998589 0.001073259 -0.01676888
vn 0.9996483 0.0008405941 0.0265067
vn 0.9971099 -0.0716837 0.02516245
vn 0.996718 0.002803088 -0.08090287
vn 0.994764 -0.07539739 -0.06899247
vn 0.9808395 -0.1800128 -0.0744939
vn 0.947067 -0.312624 -0.07300831
vn 0.8721662 -0.4840159 -0.07109723
vn 0.5540643 -0.8285073 -0.08116901
vn 0.7306106 -0.6779231 -0.08141571
vn 0.2366806 -0.9673921 -0.09019324
vn 0.3790189 -0.9217821 -0.0816234
vn 0.9950358 -0.09830537 -0.01548588
vn 0.9647236 -0.2622624 -0.02295358
vn 0.8980188 -0.4391548 -0.02655833
vn 0.792177 -0.6094449 -0.03213486
vn 0.6138502 -0.7882319 -0.04334038
vn 0.4035002 -0.9130018 -0.06012866
vn 0.1352476 -0.988479 -0.06795258
vn 0.103452 -0.9917995 0.07504287
vn 0.304176 -0.9515278 0.04551876
vn -0.9999987 0.000946253 -0.001215853
vn -0.9999985 0.000960402 -0.001442357
vn -0.9999999 -0.0003992768 -0.0002665212
vn -0.9999901 0.00164242 0.004133475
vn -0.9999922 0.002075217 0.003371112
vn -0.9997661 0.009096959 0.01962203
vn -0.9939781 0.07539818 0.07951479
vn -0.9979235 -0.04936147 0.04137772
vn -0.9998399 0.007589466 0.01620021
vn -0.9999999 -0.0002429948 0.0002336468
vn -0.9999956 -0.002864863 -0.0007930784
vn -0.1334413 0.9910479 0.004170497
vn -0.9900022 -0.04986048 0.1319458
vn -0.9771434 0.06533015 0.202294
vn -0.9521085 -0.01057106 0.3055775
vn -0.9339843 -0.005965395 0.3572642
vn -0.8586258 0.01071689 0.5124908
vn -0.8555334 0.005504831 0.5177184
vn -0.8962778 -0.007741227 0.4434254
vn -0.8319188 -0.007579815 0.5548456
vn -0.9975923 -0.03370165 0.06061095
vn -0.9747258 0.02018268 0.2224907
vn -0.9982071 -0.008326478 -0.05927309
vn -0.9998913 0.006334517 -0.01331554
vn -0.999898 0.007480434 -0.01216707
vn -0.9999987 -0.0007717317 0.001460477
vn -0.9999987 0.0008020787 0.001404802
vn -0.06789895 0.9973831 0.02483097
vn -0.05024174 0.9973563 0.0524997
vn -0.01086434 0.999608 0.02580453
vn 0.009204251 0.9997199 0.02180277
vn 0.003130506 0.9994538 0.03289922
vn 0.004683399 0.9997699 0.02093422
vn 0.01237204 0.9977447 0.06597225
vn -0.02034565 0.9991113 0.03691477
vn 0.001902832 0.998884 0.04719236
vn 0.005469279 0.998673 0.05120913
vn 0.01013775 0.9991914 0.03890832
vn 0.3870497 0.3822369 0.8390992
vn 0.3420367 0.5760812 0.7423889
vn 0.2809612 0.7428179 0.6076861
vn 0.05854527 0.9979964 0.02399117
vn 0.3296332 0.9417167 0.06717011
vn 0.03363107 0.9994177 -0.005768342
vn 0.5024357 0.864534 0.0117998
vn 0.3544171 0.9350842 0.00247726
vn 0.2065605 0.9784338 -7.068944e-05
vn 0.0890385 0.9960006 0.007409818
vn 0.250263 -0.8238017 0.5086444
vn 0.3035223 -0.7036071 0.6425039
vn 0.3457372 -0.5789682 0.7384183
vn 0.376601 -0.434354 0.8182349
vn 0.4055118 -0.2537204 0.878172
vn 0.01014468 -0.9984873 -0.05403864
vn 0.05502011 -0.9982165 -0.02316608
vn -0.298744 -0.9513446 -0.07546822
vn 0.2725757 -0.9514802 -0.1427865
vn -0.4424521 -0.8760542 -0.1917429
vn -0.03776871 -0.9669791 -0.2520412
vn -0.2917103 -0.8988481 -0.327074
vn 0.2951534 -0.9444462 -0.1445885
vn -0.4503116 -0.8723427 -0.1903617
vn -0.07761887 -0.9969816 -0.001725558
vn -0.03822369 -0.9990146 -0.02255521
vn 0.003745381 -0.9995334 0.03031268
vn -0.01405112 -0.9985583 0.05180491
vn -0.9999987 -1.373388e-05 0.001633262
vn -0.9999988 4.379537e-06 0.001569714
vn -0.9999986 -1.446471e-05 0.001635958
vn -0.9999976 -0.001242187 0.001844549
vn -0.9999987 1.225211e-05 0.001627928
vn -0.9697255 -0.01085715 0.2439561
vn -0.9665207 -0.01745369 0.2559945
vn -0.9972852 -0.07265484 0.01197445
vn -0.8613533 0.03248901 0.5069663
vn -0.8468277 0.01248259 0.5317207
vn -0.997486 0.002528909 0.07081778
vn -0.9967204 -0.0002087747 0.08092234
vn -0.9863165 -0.0428233 0.1592039
vn -0.9665351 0.05457249 0.2506627
vn -0.9172422 -0.02440924 0.3975812
vn -0.8681589 0.03201765 0.4952524
vn 0.02020545 -0.9977914 0.06327762
vn 0.01815838 -0.998176 0.05757469
vn -0.000438446 -0.9995609 0.02962734
vn -0.001123622 -0.998905 0.04677002
vn 0.01129552 -0.9985357 0.05290568
vn -0.1508153 -0.9885587 0.002562684
vn 0.005467183 -0.9997459 0.02186817
vn -0.9999747 0.006838342 0.001935059
vn -0.9996631 0.004496915 0.02556354
vn -0.9998732 -0.0015915 0.01584153
vn -0.9998076 -0.01806949 0.007641733
vn -0.9999841 0.005604653 -0.0004844521
vn -0.9999995 1.687383e-05 -0.001035667
vn -0.9999981 -0.0003832775 -0.00192767
vn -0.9999999 -3.143201e-05 -0.0003185378
vn -1 5.60785e-05 -4.856927e-05
vn -0.637421 0.5935201 -0.4913536
vn -0.6253183 0.5999374 -0.4990513
vn -0.2159799 0.6659097 -0.7140847
vn -0.5850864 0.2776276 -0.761969
vn -0.2066663 0.4481788 -0.8697269
vn -0.5965297 0.4473461 -0.6663586
vn -0.1907245 0.646867 -0.738368
vn -0.1897748 -0.7572143 -0.6249896
vn -0.3897283 -0.6691865 -0.6326936
vn -0.3801664 -0.7708517 -0.5111372
vn -0.6395773 -0.4320043 -0.6358563
vn -0.1951465 -0.4584322 -0.8670397
vn -0.3529762 -0.3277498 -0.8763491
vn -0.1666099 -0.6428578 -0.7476462
vn -0.9999861 -0.002806891 -0.004460929
vn -0.9999928 -0.00211028 -0.003156319
vn -0.9999999 0.0002094126 0.0002909338
vn -0.9998909 -0.002562994 -0.01455508
vn -0.9998438 -0.005158533 -0.01690213
vn -0.9999847 -0.0003831648 -0.005501858
vn -0.9999912 -0.0003179896 -0.004197636
vn -0.9999868 0.0002901756 -0.00512318
vn -0.999994 0.0009570664 -0.003322444
vn -0.9999985 0.000383754 -0.0016667
vn -0.9999986 0.000347676 -0.001645803
vn -0.9999999 -2.297057e-05 0.0002326751
vn -0.9999999 0.0004075458 -0.0002477342
vn -0.9999999 0.000337051 -0.0003024414
vn -1 0.0001882773 -0.0003199116
vn -0.9999999 -0.0002706774 -5.947612e-05
vn -0.9999999 -0.0001353062 0.0005772627
vn -0.9999998 0.0006256146 0.0001310058
vn -0.9999999 0.0003464575 -0.0001240202
vn -0.9999996 -0.0005814655 -0.0006172161
vn -1 -8.20488e-05 0.0002348622
vn -0.9999999 0.000258246 0.0002946685
vn -0.9999977 0.0009105932 -0.001925571
vn -0.4438297 0.1838047 -0.8770582
vn -0.4432324 0.2194891 -0.86912
vn -0.6876599 0.07894902 -0.7217278
vn -0.6929626 0.07782791 -0.7167606
vn -0.09114467 -0.03718936 -0.995143
vn -0.06417568 -0.03463164 -0.9973375
vn -0.646826 -0.08787788 -0.7575577
vn -0.30661 -0.2007721 -0.9304197
vn -0.3352158 -0.2569435 -0.9064273
vn 0.1052221 -0.9130442 -0.3940541
vn -0.2712622 -0.8257264 -0.4945631
vn 0.4114099 0.2042766 0.888264
vn 0.4185467 0.04988628 0.9068242
vn 0.4183125 -0.09880221 0.9029135
vn 0.04251109 0.9990733 -0.006731886
vn -0.0003511109 0.9998711 -0.01604941
vn 0.006244661 0.9993047 -0.03675923
vn 0.1579798 0.9834532 -0.08866829
vn 0.01626133 0.9975877 -0.06748653
vn -0.01331945 0.9980884 -0.06035057
vn -0.01089599 0.9984532 -0.05452059
vn 0.0004089076 0.9988204 -0.0485557
vn 0.02649781 0.9977437 -0.06168822
vn 0.2436966 0.9663842 -0.08193681
vn 0.3814518 0.9206121 -0.08347415
vn 0.5700426 0.8179786 -0.0772175
vn 0.7567403 0.6491833 -0.07684436
vn 0.7044132 0.7014991 -0.1081717
vn 0.8796952 0.4691218 -0.07785166
vn 0.9477565 0.3097652 -0.07617815
vn 0.9809094 0.1793171 -0.07524703
vn 0.9972715 0.07008336 0.02319208
vn 0.9849744 0.1712271 0.02250783
vn 0.9543403 0.298261 0.01658078
vn 0.8850307 0.4654364 0.009466396
vn 0.7530258 0.657991 -0.0001746445
vn 0.5736935 0.8189595 -0.01345884
vn 0.4224272 0.9053068 -0.04444
vn 0.1474907 0.9885182 -0.03283765
vn 0.2638557 0.9634435 -0.04644305
vn 0.009411899 0.999512 -0.02978377
vn 0.0447835 0.998316 -0.03687364
vn 0.1344197 0.9887961 -0.06491367
vn 0.6150525 0.7869056 -0.04989963
vn 0.7937256 0.6071921 -0.03629534
vn 0.898827 0.4374765 -0.02691145
vn 0.9663499 0.2563719 -0.02100405
vn 0.9956711 0.09166141 -0.01540224
vn 0.9949626 0.08493379 -0.05325166
vn 0.1398795 0.9420595 0.3048894
vn 0.2074733 0.8693181 0.4485988
vn 0.05181869 0.9847627 -0.1660041
vn -0.3131067 0.9201499 -0.2351348
vn 0.0448989 0.9565393 -0.2881257
vn 0.1684136 0.8291827 -0.5330036
vn 0.1370339 0.8356053 -0.5319636
vn -0.448051 0.7951589 -0.4086228
vn -0.245065 0.9098866 -0.3347382
vn 0.01459171 0.9186639 -0.3947705
vn 0.7324856 -0.6807825 1.381882e-06
vn 0.7324851 -0.680783 2.019245e-06
vn 0.8115361 -0.5843022 -1.954187e-07
vn 0.8115326 -0.5843071 -6.268002e-07
vn 0.9307228 -0.3657254 -1.078752e-06
vn 0.9307204 -0.3657314 -1.039272e-06
vn 0.9922223 -0.1244782 -6.489321e-08
vn 0.9922216 -0.1244843 8.479532e-08
vn 0.9922217 0.1244833 -4.239672e-08
vn 0.9922225 0.1244773 9.655885e-08
vn 0.930721 0.36573 7.481572e-07
vn 0.930723 0.3657248 1.086699e-06
vn 0.8115299 0.5843108 2.344151e-06
vn 0.8115345 0.5843046 2.00294e-06
vn 0.7324883 0.6807796 -7.938721e-07
vn 0.73249 0.6807779 -1.867044e-06
vn -7.479647e-07 1 -1.814597e-06
vn -9.900942e-07 1 -1.322817e-06
vn 7.957565e-08 1 -4.852813e-06
vn -4.075166e-07 1 1.394068e-06
vn -1.18642e-06 1 -6.129375e-07
vn -1.431282e-06 1 -1.32282e-06
vn -0.7324886 0.6807793 9.382429e-07
vn -0.732489 0.6807789 6.730456e-07
vn -0.8115367 0.5843015 1.451593e-06
vn -0.8115327 0.584307 1.254796e-06
vn -0.9307232 0.3657243 -9.462671e-07
vn -0.9307206 0.365731 -1.22952e-06
vn -0.9922224 0.1244776 -6.409931e-07
vn -0.9922215 0.1244845 -8.036795e-07
vn -0.9922216 -0.1244843 -1.942518e-06
vn -0.9922224 -0.1244773 -2.074529e-06
vn -0.9307203 -0.3657318 -1.273275e-06
vn -0.930723 -0.365725 -8.550001e-07
vn -0.8115315 -0.5843086 1.27543e-06
vn -0.811536 -0.5843025 1.693352e-06
vn -0.7324883 -0.6807796 1.845774e-06
vn -0.7324891 -0.6807787 1.999576e-06
vn -0.1715953 -0.9851676 2.529669e-06
vn -1.313629e-07 -1 9.984347e-06
vn -0.083443 -0.9965125 4.558824e-06
vn 4.349332e-08 -1 9.570425e-06
vn 1.10772e-07 9.256219e-07 -1
vn 4.594841e-07 0 -1
vn -1.978286e-06 1.740113e-07 -1
vn 2.55505e-07 -1.312265e-07 -1
vn 1.107715e-06 1.141134e-07 -1
vn -3.946819e-06 9.476872e-08 -1
vn 1.01422e-06 7.452359e-08 -1
vn 4.373786e-07 5.032233e-08 -1
vn 1.37776e-06 2.14097e-08 -1
vn 4.002034e-06 -2.314332e-07 -1
vn -1.232759e-06 -5.435559e-07 -1
vn 3.703897e-06 -1.668348e-07 -1
vn 1.100556e-05 -1.933275e-06 -1
vn 0 -1.93328e-06 -1
vn 8.553488e-07 -1.409444e-08 -1
vn 0 3.158478e-07 -1
vn 0.04535685 0.9989704 -0.0008917331
vn 0.03181982 0.9994928 0.001243422
vn 0.1649075 0.9863059 0.002518328
vn 0.1780336 0.9840244 -3.186219e-06
vn -2.79732e-05 1.053521e-05 -1
vn -0.4836271 0.8752741 -0.0004678714
vn -0.5724885 0.8198411 0.01084283
vn -0.5746363 0.81837 0.007984654
vn -0.3452218 0.9385211 0
vn -0.2326834 0.9725525 0
vn -0.2329696 0.9724841 0
vn -0.1172172 0.9931063 0
vn 0.3401393 -0.9403751 2.159276e-06
vn 0.2290341 -0.9734184 1.084159e-06
vn 0.2296065 -0.9732835 1.08966e-06
vn 0.1154344 -0.9933151 0
vn -0.3401453 -0.9403728 5.014454e-06
vn 0.1345232 -0.9909093 -0.001481865
vn 0.1991325 -0.9799726 -1.295146e-05
vn 0.1694057 -0.9855393 0.003729245
vn 0.03773381 -0.9992805 0.00383283
vn -0.02373148 -0.9997174 -0.001428863
vn -0.2140707 -0.9768164 0.001827685
vn -0.2225304 -0.9749257 1.519564e-06
vn -0.4338931 -0.9009644 8.247853e-06
vn -0.4338924 -0.9009647 8.174541e-06
vn -0.6234978 -0.7818251 1.449316e-05
vn -0.623497 -0.7818257 1.439693e-05
vn -0.7818381 -0.6234815 1.996379e-05
vn -0.7818369 -0.6234829 1.999302e-05
vn -0.9009736 -0.433874 2.452312e-05
vn -0.9009725 -0.4338761 2.459972e-05
vn -0.9749302 -0.2225108 2.783821e-05
vn -0.9749297 -0.2225131 2.785956e-05
vn -1 1.028161e-05 2.9723e-05
vn -1 7.756566e-06 2.971443e-05
vn -0.9749256 0.2225311 3.014314e-05
vn -0.9749262 0.2225283 3.013634e-05
vn -0.9009642 0.4338934 2.903853e-05
vn -0.9009659 0.4338901 2.901787e-05
vn -0.7818249 0.623498 2.645372e-05
vn -0.7818274 0.6234949 2.633781e-05
vn -0.6234812 0.7818384 2.23915e-05
vn -0.623485 0.7818353 2.249232e-05
vn -0.4338742 0.9009735 1.7363e-05
vn -0.433879 0.9009712 1.767863e-05
vn -0.2157702 0.9764442 1.139281e-05
vn -0.2121727 0.9772317 -0.0009144327
vn 0.9987451 -0.05008064 -2.94343e-05
vn 0.9992576 -0.0382795 0.004357026
vn 0.9998327 -0.01130913 0.0143708
vn 0.9998273 3.943893e-05 0.01857978
vn 1 -1.177479e-05 -3.764673e-05
vn 1 -6.593409e-06 -3.563206e-05
vn 1 4.972049e-06 -3.113509e-05
vn 1 1.0101e-05 -2.914081e-05
vn 0.4419854 -0.8958197 -0.04643158
vn 0.520586 -0.8537308 0.01157283
vn 0.3265794 -0.9450894 0.01232464
vn 0.2970192 -0.9546634 -0.01993199
vn 0.428197 0.902204 -0.0517227
vn 0.3175611 0.948173 0.01108711
vn 0.5252468 0.8508721 0.01151245
vn 0.2612065 0.9648346 -0.02941616
vn 0.5980722 0.8014423 -1.400406e-05
vn 0.5999285 0.8000504 0.002293095
vn 0.5452536 0.8380637 -0.0186477
vn 0.6019195 -0.7985567 -2.233621e-05
vn 0.598983 -0.8007552 0.003229049
vn 0.5445967 -0.8384481 -0.02047207
vn -0.1923388 0.9813018 -0.007246555
vn -0.1922363 0.9813403 0.004043628
vn -0.08562022 0.9963276 0.0007281348
vn 0.3398534 0.9401553 -0.02465317
vn 0.1216197 0.9925767 2.358583e-06
vn 0.1197756 0.9927844 -0.005742986
vn -0.08545287 0.9963413 -0.00131107
vn -0.1938277 0.9808385 -0.01965976
vn 0.1219031 -0.9925387 0.002566862
vn -0.1926134 -0.9812522 -0.006651691
vn -0.1938528 -0.980949 -0.01265976
vn -0.08581401 -0.9963104 -0.001166956
vn -0.190915 -0.9816059 -0.001127947
vn 0.3448299 -0.937935 -0.03701618
vn 0.1214545 -0.9925811 -0.005619221
vn -0.08529154 -0.996356 -2.387997e-06
vn -0.9840729 0.1773092 0.01272622
vn -0.8410454 0.540958 0.002641894
vn -0.8029688 0.5956942 0.01973509
vn -0.9040852 0.4273286 0.004526781
vn -0.9998201 -0.01870691 0.003150818
vn -0.9924335 -0.1215335 -0.01747612
vn -0.9956307 0.09337471 0.0007648903
vn -0.9175137 -0.3976078 0.008755657
vn -0.9391505 -0.3412894 0.03896024
vn -0.7993866 -0.6008092 -0.003088616
vn 0.2114673 -0.977385 -0.0005247627
vn 0.1924674 -0.9812474 0.01048435
vn 0.1319406 -0.9912576 8.816442e-05
vn 0.0835178 -0.9964022 0.01440602
vn -0.0371826 -0.9993063 -0.00206695
vn -0.1469469 -0.9890299 0.01505145
vn -0.202384 -0.9793033 0.002384056
vn -0.3381243 -0.9410821 0.00602573
vn -0.3731696 -0.9276615 0.01373526
vn -0.5025059 -0.8645685 -0.003048548
vn -0.7614375 -0.6481974 0.007271738
vn -0.6910949 -0.7227154 -0.008375224
vn -0.5490036 -0.8357555 0.01039058
vn 0.08992829 0.9959475 -0.001236443
vn 0.1907892 0.9816277 0.002547163
vn 0.2123254 0.9770342 0.01795115
vn -0.6138029 0.7894593 0.0001932921
vn -0.5392689 0.8391663 0.07063192
vn -0.4382006 0.8983324 0.03129175
vn -0.2962552 0.9551058 -0.002385304
vn -0.1012606 0.9948559 -0.002823234
vn -0.05346548 0.9983287 0.02194066
vn -0.2495592 0.9680977 0.02251705
vn 0.1373965 0.9902861 0.02134624
vn -0.996772 -0.007625623 -0.0799218
vn -0.9374217 0.3478667 -0.01515003
vn -0.9095413 -0.4155841 0.004945518
vn -2.754164e-05 1.053362e-05 -1
vn -2.974067e-05 1.782882e-05 -1
vn -2.982539e-05 1.955257e-05 -1
vn -2.954304e-05 6.258347e-06 -1
vn -2.959669e-05 5.906335e-06 -1
vn -3.164836e-05 5.022066e-06 -1
vn -3.017418e-05 5.092359e-06 -1
vn -2.544517e-05 5.569476e-06 -1
vn -2.563783e-05 5.65354e-06 -1
vn -3.111214e-05 4.700409e-06 -1
vn -3.044616e-05 4.544557e-06 -1
vn -2.424968e-05 4.950046e-06 -1
vn -2.740685e-05 4.888504e-06 -1
vn -3.195325e-05 4.652148e-06 -1
vn -3.672986e-05 5.106127e-06 -1
vn -3.168964e-05 5.093378e-06 -1
vn -3.165791e-05 5.902863e-06 -1
vn -3.105344e-05 5.825861e-06 -1
vn -3.004298e-05 5.727284e-06 -1
vn -2.999814e-05 5.659928e-06 -1
vn -2.910686e-05 4.356299e-06 -1
vn -2.860665e-05 3.757977e-06 -1
vn -2.866437e-05 3.00088e-06 -1
vn -2.835374e-05 3.04674e-06 -1
vn -2.891332e-05 3.761204e-06 -1
vn -2.882552e-05 3.70827e-06 -1
vn -2.927181e-05 -1.345309e-06 -1
vn -2.91798e-05 -2.059928e-06 -1
vn -0.2725092 -0.9621032 0.00980874
vn -0.2712714 -0.9624625 0.008815635
vn -0.001740076 -0.9999855 0.00512015
vn -0.006487824 -0.9998934 0.01308328
vn 0.001725764 -0.9999985 -6.50275e-06
vn -0.2732418 0.961926 -0.00610029
vn -0.2750867 0.9613696 -0.009777662
vn -0.6076466 0.7942066 -0.001234952
vn -0.6081851 0.7937952 2.111445e-05
vn -0.7590989 0.6509753 2.50196e-05
vn -0.7590986 0.6509756 2.532632e-05
vn -0.8745271 0.4849766 2.916115e-05
vn -0.8745268 0.4849772 2.940893e-05
vn -0.9542047 0.2991543 2.961766e-05
vn -0.9542044 0.2991551 2.953866e-05
vn -0.9948761 0.1011011 3.010938e-05
vn -0.9948761 0.1011017 3.022633e-05
vn -0.9948778 -0.1010844 2.920594e-05
vn -0.994878 -0.1010835 2.920773e-05
vn -0.9542103 -0.2991368 2.707023e-05
vn -0.9542104 -0.2991363 2.699554e-05
vn -0.8745351 -0.4849621 2.358487e-05
vn -0.8745353 -0.4849619 2.353806e-05
vn -0.7591109 -0.6509613 1.991119e-05
vn -0.7591112 -0.650961 1.990369e-05
vn -0.6082006 -0.7937834 1.516445e-05
vn -0.6076617 -0.7941949 0.001270938
vn -0.004158993 0.9999178 0.01212836
vn 0.001504531 0.9999809 0.006007316
vn 0.00510825 0.999987 6.171724e-06
vn -0.0001751674 -9.621915e-05 0.9999999
vn -0.0003801975 -7.233652e-06 0.9999999
vn -0.0002448095 6.051606e-06 1
vn -6.473863e-05 3.134437e-05 1
vn -6.668085e-07 4.396664e-05 1
vn 0.0002171934 0.0001356609 0.9999999
vn 0.000371876 0.0001825787 0.9999999
vn 5.663065e-05 -3.257713e-05 1
vn 0.0002549931 9.148441e-05 0.9999999
vn 0.0001992223 -3.701506e-06 1
vn 9.088277e-05 -1.133725e-05 1
vn -0.0001773324 -5.326798e-05 1
vn 3.441253e-05 2.977182e-06 -1
vn 2.644569e-05 3.362035e-06 -1
vn -0.0002992455 1.873342e-05 -1
vn -3.029664e-05 5.793094e-06 -1
vn -2.938229e-05 5.545366e-06 -1
vn -2.962036e-05 5.153438e-06 -1
vn 4.558154e-05 6.30947e-06 -1
vn -2.03204e-05 7.498562e-06 -1
vn -3.293407e-05 4.270886e-06 -1
vn -2.830926e-05 5.274519e-06 -1
vn -3.075008e-05 5.694289e-06 -1
vn -2.843455e-05 5.353695e-06 -1
vn -3.208378e-05 5.165117e-06 -1
vn -3.113884e-05 3.943808e-06 -1
vn -4.449748e-05 -1.101449e-05 -1
vn -2.598703e-05 3.576008e-06 -1
vn -2.414001e-05 6.137787e-06 -1
vn -0.1686436 1.193908e-05 -0.9856771
vn -0.1782834 9.658531e-06 -0.9839792
vn -0.9999989 0.001221698 0.0008820251
vn -0.9999992 0.001194939 0.0005187071
vn -0.9999793 0.0006851901 -0.006401982
vn -0.9999768 0.000658587 -0.006763142
vn -0.6350952 -0.7723749 0.009541657
vn -0.7348878 -0.6780066 -0.01571767
vn -0.0001269203 0.001167027 0.9999993
vn -0.0004266937 0.001589614 0.9999987
vn -0.0002611971 0.001338137 0.9999991
vn 2.60558e-05 -5.63437e-06 1
vn 2.713063e-05 -1.238056e-05 1
vn 3.346597e-05 5.666015e-05 1
vn 0.0004913579 0.0004577855 0.9999998
vn -0.0001932695 -0.0003152126 0.9999999
vn -0.0001413826 -0.00027004 0.9999999
vn 3.912461e-05 -5.054722e-05 1
vn -0.0004112357 0.0006148216 0.9999998
vn 0.0005253959 -0.0007539279 0.9999996
vn 2.792382e-05 -4.7136e-06 1
vn 3.052438e-05 -4.860038e-06 1
vn 6.150456e-05 1.727474e-06 1
vn -0.002687858 -0.002993667 0.9999918
vn -0.003384326 -0.00493932 0.9999821
vn -0.002687277 -0.0008616956 0.9999959
vn -0.0005738743 -0.000994007 0.9999993
vn -0.000565951 -0.001728444 0.9999983
vn -0.0007777835 -0.0005442859 0.9999996
vn -0.001223239 -0.0002189053 0.9999992
vn -0.0005937478 0.003045819 0.9999952
vn -0.0002987002 -9.864433e-05 0.9999999
vn 0.0009671586 0.00237373 0.9999967
vn 3.46074e-05 -1.241575e-05 1
vn 3.939067e-05 -2.889118e-05 1
vn 0.0003176925 -0.00291363 0.9999957
vn 0.003351292 0.001654377 0.999993
vn 0.00103413 -0.003336683 0.9999939
vn 0.000335496 -0.01036851 0.9999462
vn -0.0006320765 -0.009504912 0.9999546
vn -7.200563e-05 -3.147106e-05 1
vn 0.0006939084 -0.00163002 0.9999984
vn -0.0004255188 0.0002072624 0.9999999
vn -0.0002079105 0.0009423754 0.9999995
vn -0.0004255666 0.0004495764 0.9999998
vn -3.105805e-06 -7.862137e-07 1
vn -1.957385e-05 9.011777e-06 1
vn -0.0001927244 -6.264347e-05 1
vn -0.0002843862 0.0009382364 0.9999995
vn -0.0003258485 0.0003657058 0.9999998
vn -0.0002785112 0.0003711358 0.9999999
vn -0.0001231781 0.0004968197 0.9999999
vn -2.488469e-05 0.0003901626 0.9999999
vn -4.12027e-05 0.0006539748 0.9999998
vn 1.904229e-05 0.0008516434 0.9999996
vn 0.009990466 0.08592916 -0.9962512
vn 0.007345391 0.06316989 -0.9979758
vn -0.01976811 -0.1369015 -0.9903874
vn -0.00264042 -0.1227586 -0.9924331
vn -0.004901603 -0.1512779 -0.9884791
vn -0.9999874 6.27038e-05 0.005028391
vn -0.9999972 1.342441e-07 0.002369541
vn -0.9999943 -0.000123841 0.003378073
vn -0.999997 6.366574e-05 0.002442906
vn -1 4.939078e-05 5.202161e-05
vn -0.9999896 -0.0002617887 0.004542164
vn -0.09922499 -0.001223447 0.9950643
vn -0.000633174 7.641999e-05 0.9999998
vn -0.08521414 0.006188569 0.9963434
vn -0.3119332 0.009872328 0.9500527
vn -0.3842652 -0.002541667 0.9232193
vn -0.1494829 -0.00237354 0.9887615
vn -0.07897577 0.005333791 0.9968623
vn -0.001761972 -0.002496277 0.9999954
vn -0.06233414 0.7247227 -0.6862155
vn -0.03714842 0.413295 -0.9098392
vn -0.07776529 0.5865939 -0.8061391
vn -0.06400137 0.3693299 -0.9270918
vn -0.1059359 0.7725378 -0.6260694
vn -0.09996302 0.4876142 -0.8673176
vn -0.1212925 0.8616726 -0.4927558
vn -0.4519288 -0.03091844 -0.8915181
vn -0.9201279 0.02187575 -0.3910064
vn -0.5200146 0.03699989 -0.8533556
vn -0.2546636 0.8884517 -0.3818378
vn -0.2314528 0.3936619 -0.8896403
vn -0.3380331 0.8125422 -0.4748776
vn -0.5238882 0.7813234 -0.3392272
vn -0.6378248 0.6548776 -0.4053577
vn -0.3744346 0.300756 -0.8771228
vn -0.8078153 0.471339 -0.3539409
vn -0.6947898 0.3077958 -0.6500223
vn -0.7001832 0.2190167 -0.6795405
vn -0.4061949 0.1092868 -0.9072278
vn -0.9249605 0.1358413 -0.3549582
vn -0.05719714 -0.3501031 -0.9349632
vn -0.08313853 -0.5847895 -0.8069134
vn -0.1009501 -0.7469434 -0.6571793
vn -0.1023332 -0.4833332 -0.8694349
vn -0.1300846 -0.8725774 -0.4708363
vn -0.0052993 -0.06654 -0.9977697
vn -0.7702326 -0.01997408 -0.6374502
vn -0.4187676 -0.2787677 -0.8642466
vn -0.8348565 -0.406606 -0.3710609
vn -0.448604 -0.1485053 -0.8813062
vn -0.4562293 -0.09513784 -0.8847619
vn -0.661356 -0.211699 -0.7195774
vn -0.6150284 -0.0773725 -0.7846997
vn -0.7050874 -0.6010789 -0.3762392
vn -0.2307376 -0.4299413 -0.8728749
vn -0.5350046 -0.7421012 -0.4038018
vn -0.2992122 -0.3283832 -0.8958998
vn -0.3395215 -0.8252658 -0.4512888
vn -0.2501246 -0.8878495 -0.3862135
vn -0.0001366984 -2.849073e-06 -1
vn -0.0001076805 1.617412e-06 -1
vn -0.0001517535 -3.314128e-06 -1
vn -0.0001487546 -1.014841e-05 -1
vn -0.0001238423 4.67338e-06 -1
vn -0.0001719376 8.540654e-05 -1
vn -0.0001755574 6.127395e-05 -1
vn -0.0001840895 3.486621e-05 -1
vn -0.0001528187 2.216728e-05 -1
vn -0.0001660044 0.0001027709 -1
vn -0.9554218 0.2801906 0.09307218
vn -0.9792645 0.1565104 0.1286293
vn -0.9385758 0.3262726 0.1123457
vn -0.5391994 0.8420809 0.01280148
vn -0.7155986 0.6964845 0.05317871
vn -0.8492411 0.520997 0.08574074
vn -0.3746258 0.9271133 -0.01078967
vn -0.0475166 0.9980851 -0.03960212
vn -0.08806439 0.9940914 -0.06345839
vn -0.06284949 0.9954004 -0.07230439
vn -0.1646146 0.9856019 -0.03861236
vn -0.1273067 0.989548 -0.06773277
vn -0.3078611 0.9514289 0.0021196
vn -0.2581889 0.9657266 -0.02665684
vn -0.5172253 0.8548934 0.04043893
vn -0.990759 0.02769883 0.1327757
vn -0.9812266 0.1358292 0.136911
vn -0.9888391 0.01508288 0.1482215
vn -0.405141 0.9126767 0.05368557
vn -0.9596111 0.2504057 0.128232
vn -0.9132875 0.3889385 0.1209663
vn -0.8307739 0.5482212 0.09627125
vn -0.694437 0.7169101 0.06161987
vn -0.0682942 0.9957275 -0.0621492
vn -0.154175 0.9865085 -0.05505647
vn -0.08811498 0.9952832 -0.04058621
vn -0.1232265 0.9921687 -0.02041119
vn -0.1333309 0.989354 -0.05832377
vn -0.07628352 0.9970765 -0.004408299
vn -0.0001283237 1.76484e-05 -1
vn -0.0001373567 1.584176e-05 -1
vn -0.0001544409 8.792202e-07 -1
vn -0.000167233 -4.078632e-05 -1
vn -0.0001917489 6.495249e-05 -1
vn -0.0001941281 -6.676775e-05 -1
vn -0.001191422 -0.01483638 -0.9998893
vn 0.002951208 -0.007167855 -0.99997
vn -0.4598873 -1.495857e-05 0.8879773
vn -0.459779 0.0002311994 0.8880333
vn -0.460035 -0.000183581 0.8879008
vn 0.9928956 -0.1189111 -0.004301677
vn 0.9835615 -0.1804786 0.00584911
vn 0.9518114 -0.3066436 -0.004963984
vn 0.9205099 -0.3906831 0.005311227
vn 0.8700219 -0.4929765 -0.006011246
vn 0.8314281 -0.5556164 0.004197447
vn 0.71646 -0.6975996 -0.006304346
vn 0.6995382 -0.7145919 0.002171868
vn 0.5047434 -0.8632531 -0.00532042
vn 0.5443757 -0.8388401 0.001592635
vn 0.3972171 -0.9177218 0.002281881
vn 0.3376294 -0.9412771 -0.001946975
vn 0.2129439 -0.9770626 0.001898003
vn 0.2089082 -0.9779316 -0.002669807
vn 0.1049834 -0.9944729 0.001544756
vn 0.1349576 -0.9908431 -0.004050816
vn 0.9944915 0.1046734 -0.00549856
vn 0.9993343 0.03609304 0.005309154
vn -0.4600987 -0.0002912765 0.8878676
vn -0.4601535 -0.0002102734 0.8878393
vn -0.4591525 -0.0005062537 0.8883573
vn -0.4548849 0.001509048 0.890549
vn -0.460025 -0.0003298178 0.887906
vn -0.4601322 -0.0005485003 0.8878502
vn -0.4600019 -0.0004322013 0.8879178
vn -0.4598829 -0.0002182712 0.8879796
vn -0.4598657 -0.0002463888 0.8879884
vn -0.4598085 -0.000129471 0.8880181
vn -0.4598551 -0.000144775 0.8879939
vn -0.4599422 -0.0002070936 0.8879488
vn -0.003688476 -0.0004032144 0.9999931
vn 0.9999983 -7.98693e-05 -0.001809195
vn 0.9999988 -0.0007797682 -0.001272902
vn 0.9999982 -0.001357084 -0.001319414
vn 0.9999981 -0.001422138 -0.001330769
vn 0.9999745 0.000595562 -0.00711291
vn 0.9999947 0.0002480059 -0.00324875
vn -0.9878671 -0.06253411 0.1421549
vn -0.9908445 -0.04571945 0.1270313
vn -0.4597822 0.0002143883 0.8880317
vn 0.1162721 0.9932088 -0.004144281
vn 0.06921332 0.9976014 0.0009695636
vn 0.140818 0.9900342 0.001648067
vn 0.9773557 0.2115747 0.003484719
vn 0.937082 0.3490766 -0.004786459
vn 0.9294149 0.3690359 0.0006906563
vn 0.8310114 0.5562554 0.0002856512
vn 0.8128836 0.5824255 -0.0008391829
vn 0.6580651 0.7529584 0.002001574
vn 0.6483176 0.7613671 -0.002142669
vn 0.4639069 0.8858819 -0.001894053
vn 0.4763189 0.8792724 0.0006255078
vn 0.3068494 0.9517577 0.0009084533
vn 0.3167358 0.9485127 -0.001431142
vn 0.1901671 0.9817479 -0.002723604
vn -0.7822818 -0.6193035 0.06706972
vn -0.6309593 -0.7751108 0.03306885
vn -0.8890272 -0.4483219 0.09294149
vn -0.9499315 -0.2911679 0.1133634
vn -0.9620265 -0.2546473 0.09828427
vn -0.980866 -0.1477148 0.1268158
vn -0.9844243 -0.1347771 0.1128887
vn -0.9763563 -0.1624 0.1426689
vn -0.2652559 -0.9638395 -0.02554714
vn -0.2283589 -0.9734225 -0.01734322
vn -0.3682255 -0.92972 0.005535474
vn -0.4400624 -0.8971186 0.03902888
vn -0.1535559 -0.9866452 -0.05433042
vn -0.1432514 -0.9887495 -0.04305081
vn -0.09085181 -0.9941017 -0.05922633
vn -0.03254203 -0.9989839 -0.03117997
vn -0.06411737 -0.9958041 -0.06529345
vn -0.074559 -0.9952722 -0.06224392
vn -0.4800126 -0.8771426 0.01444632
vn -0.9534852 -0.2711852 0.131623
vn -0.9147874 -0.384913 0.1224995
vn -0.8478597 -0.5200008 0.1036005
vn -0.7557653 -0.649942 0.079964
vn -0.6221023 -0.7809398 0.05587314
vn -0.08523478 -0.9960696 -0.0240929
vn -0.02949202 -0.9995496 -0.005561302
vn 0.02034602 -0.999643 -0.01731649
vn -0.1332734 -0.9891797 -0.06133324
vn -0.4598923 0.0003512516 0.8879746
vn -0.4602345 0.0005085713 0.8877973
vn -0.4598999 -0.0003157238 0.8879706
vn -0.4599199 0.0001651357 0.8879604
vn -0.4602881 0.0001114868 0.8877696
vn -0.4601605 0.0007139097 0.8878354
vn -0.4595952 -5.138493e-05 0.8881285
vn -0.4599915 0.0003132657 0.8879233
vn -0.4599479 0.0003176691 0.8879458
vn -0.4600974 0.0005767801 0.8878682
vn -0.4557063 -0.001771888 0.8901285
vn -0.4569056 0.000248335 0.8895152
vn -0.3405645 0.003276271 0.9402155
vn -0.3296205 -0.002002765 0.9441114
vn -0.0009875888 0.0005404038 0.9999995
vn 0.9999989 0.0003598854 -0.001440666
vn 0.9999986 -0.0001733737 -0.001709625
vn 0.9999987 1.214181e-05 -0.001618747
vn 0.999999 0.0002822422 -0.001372196
vn 0.999999 0.00029921 -0.001374722
f 2//1 1//2 3//3
f 4//4 5//5 6//6
f 4//4 6//6 7//7
f 7//7 6//6 8//8
f 7//7 8//8 9//9
f 9//9 8//8 10//10
f 9//9 10//10 11//11
f 11//11 10//10 12//12
f 11//11 12//12 13//13
f 13//13 12//12 14//14
f 13//13 14//14 15//15
f 15//15 14//14 16//16
f 15//15 16//16 17//17
f 17//17 16//16 18//18
f 17//17 18//18 19//19
f 19//19 18//18 20//20
f 19//19 20//20 21//21
f 24//22 23//23 25//24
f 23//23 24//22 22//25
f 28//26 29//27 27//28
f 28//26 27//28 26//29
f 30//30 33//31 32//32
f 32//32 33//31 34//33
f 32//32 34//33 35//34
f 35//34 34//33 36//35
f 35//34 36//35 37//36
f 37//36 36//35 38//37
f 36//35 39//38 38//37
f 40//39 36//35 34//33
f 30//30 31//40 33//31
f 34//33 33//31 40//39
f 41//41 42//42 43//43
f 43//43 42//42 44//44
f 43//43 44//44 45//45
f 43//43 45//45 23//23
f 23//23 45//45 25//24
f 32//32 42//42 30//30
f 30//30 42//42 41//41
f 30//30 41//41 31//40
f 45//45 44//44 46//46
f 45//45 46//46 25//24
f 51//47 52//48 53//49
f 50//50 47//51 49//52
f 49//52 47//51 48//53
f 49//52 48//53 51//47
f 51//47 48//53 54//54
f 54//54 55//55 52//48
f 54//54 52//48 51//47
f 55//55 56//56 52//48
f 52//48 56//56 57//57
f 52//48 57//57 53//49
f 58//58 59//59 61//60
f 61//60 59//59 60//61
f 61//60 60//61 28//26
f 28//26 60//61 29//27
f 59//59 58//58 62//62
f 62//62 50//50 59//59
f 62//62 47//51 50//50
f 63//63 37//36 38//37
f 65//64 64//65 63//63
f 63//63 64//65 37//36
f 67//66 65//64 66//67
f 66//67 65//64 63//63
f 66//67 63//63 68//68
f 68//68 63//63 38//37
f 68//68 38//37 39//38
f 35//34 71//69 70//70
f 37//36 69//71 35//34
f 35//34 70//70 32//32
f 71//69 35//34 69//71
f 80//72 85//73 73//74
f 42//42 74//75 44//44
f 80//72 73//74 75//76
f 75//76 73//74 76//77
f 75//76 76//77 74//75
f 74//75 76//77 77//78
f 74//75 77//78 78//79
f 78//79 77//78 46//46
f 46//46 77//78 79//80
f 80//72 81//81 85//73
f 70//70 71//69 72//82
f 74//75 42//42 32//32
f 74//75 32//32 75//76
f 75//76 32//32 70//70
f 75//76 70//70 72//82
f 79//80 25//24 46//46
f 78//79 46//46 44//44
f 78//79 44//44 74//75
f 80//72 75//76 72//82
f 77//78 76//77 82//83
f 83//84 82//83 76//77
f 83//84 76//77 73//74
f 83//84 73//74 86//85
f 85//73 86//85 73//74
f 87//86 88//87 84//88
f 88//87 87//86 89//89
f 87//86 90//90 89//89
f 85//73 81//81 84//88
f 84//88 81//81 87//86
f 48//53 47//51 92//91
f 48//53 92//91 91//92
f 48//53 91//92 54//54
f 93//93 55//55 54//54
f 54//54 91//92 93//93
f 56//56 55//55 93//93
f 94//94 65//64 95//95
f 95//95 65//64 67//66
f 94//94 64//65 65//64
f 56//56 94//94 95//95
f 95//95 67//66 96//96
f 95//95 96//96 57//57
f 56//56 95//95 57//57
f 89//89 90//90 99//97
f 98//98 97//99 100//100
f 102//101 101//102 103//103
f 104//104 105//105 103//103
f 103//103 105//105 102//101
f 106//106 105//105 104//104
f 106//106 104//104 107//107
f 103//103 101//102 108//108
f 108//108 101//102 100//100
f 108//108 100//100 109//109
f 98//98 89//89 99//97
f 98//98 99//97 97//99
f 100//100 97//99 109//109
f 109//109 110//110 108//108
f 108//108 110//110 111//111
f 108//108 111//111 103//103
f 103//103 111//111 112//112
f 103//103 112//112 104//104
f 104//104 112//112 113//113
f 104//104 114//114 107//107
f 107//107 114//114 61//60
f 107//107 61//60 115//115
f 61//60 28//26 115//115
f 58//58 61//60 114//114
f 113//113 47//51 62//62
f 47//51 116//116 117//117
f 47//51 117//117 92//91
f 92//91 117//117 91//92
f 116//116 112//112 117//117
f 117//117 112//112 111//111
f 104//104 113//113 114//114
f 114//114 113//113 58//58
f 58//58 113//113 62//62
f 113//113 112//112 116//116
f 113//113 116//116 47//51
f 37//36 64//65 118//118
f 118//118 69//71 37//36
f 119//119 71//69 69//71
f 120//120 80//72 72//82
f 120//120 72//82 119//119
f 119//119 72//82 71//69
f 80//72 120//120 81//81
f 121//121 91//92 117//117
f 121//121 117//117 111//111
f 121//121 122//122 91//92
f 91//92 122//122 93//93
f 93//93 122//122 94//94
f 56//56 93//93 94//94
f 81//81 120//120 119//119
f 81//81 119//119 69//71
f 81//81 69//71 118//118
f 87//86 81//81 118//118
f 64//65 90//90 118//118
f 118//118 90//90 87//86
f 121//121 111//111 110//110
f 110//110 109//109 121//121
f 109//109 122//122 121//121
f 64//65 94//94 99//97
f 99//97 94//94 97//99
f 97//99 94//94 122//122
f 97//99 122//122 109//109
f 64//65 99//97 90//90
f 123//123 18//124 16//125
f 123//123 124//126 125//127
f 20//128 18//124 126//129
f 126//129 18//124 123//123
f 126//129 123//123 127//130
f 127//130 123//123 125//127
f 124//126 123//123 128//131
f 128//131 123//123 129//132
f 128//131 129//132 130//133
f 16//125 14//134 123//123
f 123//123 14//134 12//135
f 123//123 12//135 10//136
f 5//137 131//138 6//139
f 6//139 131//138 123//123
f 6//139 123//123 8//140
f 8//140 123//123 10//136
f 132//141 126//142 127//143
f 132//141 127//143 133//144
f 133//144 127//143 125//145
f 133//144 125//145 134//146
f 134//146 125//145 124//147
f 134//146 124//147 135//148
f 135//148 124//147 128//149
f 135//148 128//149 136//150
f 136//150 128//149 130//151
f 136//150 130//151 137//152
f 137//152 130//151 129//153
f 137//152 129//153 138//154
f 138//154 129//153 123//155
f 138//154 123//155 139//156
f 139//156 123//155 131//157
f 139//156 131//157 140//158
f 141//159 142//160 143//161
f 144//162 145//163 146//164
f 143//161 142//160 147//165
f 148//166 149//167 150//168
f 150//168 149//167 143//161
f 143//161 149//167 141//159
f 151//169 2//170 3//171
f 152//172 153//173 148//166
f 148//166 153//173 149//167
f 145//163 155//174 156//175
f 145//163 156//175 152//172
f 152//172 156//175 153//173
f 154//176 145//163 144//162
f 180//177 157//178 147//165
f 147//165 157//178 158//179
f 147//165 142//160 159//180
f 146//164 160//181 144//162
f 144//162 160//181 161//182
f 144//162 161//182 162//183
f 162//183 161//182 163//184
f 164//185 165//186 166//187
f 154//176 167//188 145//163
f 145//163 168//189 169//190
f 166//187 165//186 170//191
f 170//191 165//186 171//192
f 170//191 171//192 172//193
f 172//193 171//192 173//194
f 172//193 173//194 174//195
f 174//195 173//194 175//196
f 174//195 175//196 176//197
f 176//197 175//196 177//198
f 176//197 177//198 178//199
f 178//199 177//198 151//169
f 178//199 151//169 158//179
f 158//179 151//169 3//171
f 158//179 3//171 147//165
f 145//163 167//188 168//189
f 145//163 169//190 155//174
f 179//200 180//177 147//165
f 159//180 181//201 147//165
f 166//187 182//202 164//185
f 164//185 182//202 183//203
f 164//185 183//203 184//204
f 184//204 183//203 185//205
f 184//204 185//205 186//206
f 186//206 185//205 187//207
f 186//206 187//207 188//208
f 188//208 187//207 189//209
f 188//208 189//209 190//210
f 190//210 189//209 191//211
f 190//210 191//211 192//212
f 192//212 191//211 193//213
f 192//212 193//213 194//214
f 194//214 193//213 195//215
f 194//214 195//215 196//216
f 196//216 195//215 197//217
f 196//216 197//217 163//184
f 163//184 197//217 162//183
f 147//165 181//201 198//218
f 147//165 198//218 179//200
f 201//219 200//220 202//221
f 202//221 200//220 203//222
f 204//223 205//224 206//225
f 206//225 205//224 154//226
f 206//225 154//226 144//227
f 208//228 207//229 209//230
f 208//228 209//230 204//223
f 204//223 209//230 205//224
f 201//219 210//231 200//220
f 200//220 210//231 199//232
f 157//233 211//234 158//235
f 158//235 211//234 212//236
f 212//236 211//234 202//221
f 212//236 202//221 203//222
f 224//237 213//238 138//239
f 215//240 7//241 201//219
f 7//241 215//240 4//242
f 216//243 15//244 17//245
f 140//246 217//247 139//248
f 4//242 215//240 218//249
f 4//242 219//250 140//246
f 140//246 219//250 220//251
f 140//246 220//251 221//252
f 140//246 221//252 217//247
f 201//219 7//241 9//253
f 201//219 9//253 210//231
f 210//231 9//253 11//254
f 210//231 11//254 216//243
f 216//243 11//254 13//255
f 216//243 13//255 15//244
f 4//242 218//249 219//250
f 227//256 222//257 132//258
f 132//258 222//257 21//259
f 21//259 222//257 214//260
f 134//261 229//262 223//263
f 228//264 137//265 213//238
f 213//238 137//265 138//239
f 217//247 224//237 139//248
f 139//248 224//237 138//239
f 214//260 225//266 21//259
f 21//259 225//266 19//267
f 207//229 216//243 209//230
f 209//230 216//243 17//245
f 209//230 17//245 19//267
f 209//230 19//267 225//266
f 226//268 227//256 133//269
f 133//269 227//256 132//258
f 231//270 136//271 228//264
f 228//264 136//271 137//265
f 134//261 223//263 133//269
f 133//269 223//263 226//268
f 230//272 135//273 231//270
f 231//270 135//273 136//271
f 135//273 230//272 134//261
f 134//261 230//272 229//262
f 232//274 218//275 233//276
f 233//276 218//275 215//277
f 157//278 180//279 234//280
f 234//280 180//279 235//281
f 235//281 180//279 179//282
f 235//281 179//282 236//283
f 181//284 237//285 198//286
f 198//286 237//285 236//283
f 198//286 236//283 179//282
f 238//287 237//285 181//284
f 238//287 181//284 159//288
f 142//289 239//290 238//287
f 142//289 238//287 159//288
f 240//291 239//290 142//289
f 142//289 141//292 240//291
f 141//292 149//293 240//291
f 241//294 242//295 245//296
f 234//297 235//298 245//296
f 245//296 235//298 246//299
f 246//299 235//298 247//300
f 247//300 236//301 248//302
f 248//302 236//301 237//303
f 249//304 250//305 243//306
f 243//306 250//305 244//307
f 248//302 237//303 251//308
f 252//309 253//310 254//311
f 243//306 244//307 255//312
f 243//306 255//312 256//313
f 247//300 235//298 236//301
f 257//314 258//315 259//316
f 259//316 258//315 260//317
f 237//303 238//318 251//308
f 251//308 238//318 239//319
f 251//308 239//319 261//320
f 254//311 262//321 252//309
f 252//309 262//321 249//304
f 249//304 262//321 250//305
f 242//295 234//297 245//296
f 255//312 263//322 256//313
f 263//322 264//323 256//313
f 256//313 264//323 257//314
f 257//314 264//323 258//315
f 239//319 240//324 261//320
f 261//320 240//324 265//325
f 265//325 240//324 266//326
f 265//325 266//326 253//310
f 253//310 266//326 254//311
f 266//327 240//291 149//293
f 149//293 153//328 266//327
f 266//327 153//328 254//329
f 254//329 153//328 156//330
f 254//329 156//330 155//331
f 254//329 155//331 262//332
f 262//332 155//331 250//333
f 250//333 155//331 169//334
f 250//333 169//334 244//335
f 244//335 169//334 168//336
f 244//335 168//336 255//337
f 168//336 167//338 255//337
f 255//337 167//338 263//339
f 154//340 264//341 167//338
f 167//338 264//341 263//339
f 358//342 267//343 268//344
f 268//344 267//343 22//25
f 259//345 269//346 257//347
f 257//347 269//346 270//348
f 257//347 270//348 256//313
f 256//313 270//348 271//349
f 245//296 283//350 272//351
f 271//349 270//352 273//353
f 274//354 271//349 273//353
f 275//355 243//306 256//313
f 253//310 277//356 265//325
f 265//325 277//356 276//357
f 253//310 278//358 277//356
f 252//309 279//359 253//310
f 253//310 279//359 278//358
f 252//309 280//360 279//359
f 249//304 281//361 252//309
f 252//309 281//361 280//360
f 243//306 282//362 249//304
f 249//304 282//362 281//361
f 243//306 275//355 282//362
f 256//313 271//349 275//355
f 246//299 283//350 245//296
f 283//350 246//299 284//363
f 284//363 246//299 247//300
f 284//363 247//300 285//364
f 285//364 247//300 286//365
f 286//365 247//300 248//302
f 286//365 248//302 287//366
f 251//308 288//367 248//302
f 248//302 288//367 287//366
f 288//367 251//308 289//368
f 289//368 251//308 261//320
f 261//320 290//369 289//368
f 265//325 276//357 261//320
f 261//320 276//357 290//369
f 272//370 283//350 300//371
f 272//370 300//371 291//372
f 241//294 293//373 292//374
f 293//373 241//294 245//296
f 293//373 245//296 272//351
f 295//375 294//376 339//377
f 295//375 339//377 27//28
f 295//375 27//28 296//378
f 27//28 29//27 296//378
f 296//378 29//27 60//61
f 296//378 60//61 297//379
f 297//379 60//61 59//59
f 298//380 291//372 299//381
f 292//382 293//383 299//381
f 299//381 293//383 298//380
f 293//383 272//370 298//380
f 298//380 272//370 291//372
f 283//350 284//363 300//371
f 303//384 304//385 305//386
f 305//386 304//385 306//387
f 304//385 303//384 307//388
f 307//388 308//389 304//385
f 306//387 302//390 305//386
f 306//387 309//391 302//390
f 302//390 309//391 338//392
f 309//391 310//393 341//394
f 341//394 310//393 311//395
f 341//394 311//395 312//396
f 301//397 312//396 311//395
f 301//397 106//106 313//398
f 301//397 313//398 312//396
f 105//105 314//399 315//400
f 315//400 102//101 105//105
f 316//401 100//100 101//102
f 316//401 101//102 317//402
f 317//402 101//102 102//101
f 317//402 102//101 318//403
f 318//403 102//101 315//400
f 319//404 320//405 321//406
f 100//100 316//401 98//98
f 98//98 316//401 321//406
f 98//98 321//406 320//405
f 98//98 320//405 89//89
f 322//407 323//408 276//357
f 324//409 289//368 290//369
f 324//409 290//369 323//408
f 323//408 290//369 276//357
f 325//410 289//368 324//409
f 287//366 288//367 326//411
f 326//411 288//367 325//410
f 325//410 288//367 289//368
f 328//412 286//365 327//413
f 327//413 286//365 287//366
f 300//371 284//363 329//414
f 329//414 284//363 285//364
f 329//414 285//364 330//415
f 330//415 285//364 328//412
f 328//412 285//364 286//365
f 331//416 319//404 321//406
f 331//416 321//406 316//401
f 331//416 316//401 332//417
f 332//417 316//401 317//402
f 332//417 317//402 333//418
f 333//418 317//402 318//403
f 333//418 318//403 334//419
f 334//419 318//403 315//400
f 334//419 315//400 335//420
f 335//420 315//400 314//399
f 335//420 314//399 336//421
f 306//387 304//385 337//422
f 314//399 105//105 106//106
f 314//399 106//106 301//397
f 314//399 301//397 336//421
f 336//421 301//397 311//395
f 337//422 311//395 310//393
f 337//422 310//393 306//387
f 306//387 310//393 309//391
f 327//413 287//366 326//411
f 308//389 299//381 304//385
f 304//385 299//381 291//372
f 304//385 291//372 337//422
f 337//422 291//372 300//371
f 337//422 300//371 311//395
f 311//395 300//371 329//414
f 311//395 329//414 336//421
f 336//421 329//414 330//415
f 336//421 330//415 335//420
f 335//420 330//415 328//412
f 335//420 328//412 327//413
f 335//420 327//413 334//419
f 334//419 327//413 326//411
f 334//419 326//411 333//418
f 333//418 326//411 332//417
f 332//417 326//411 325//410
f 332//417 325//410 324//409
f 332//417 324//409 331//416
f 331//416 324//409 323//408
f 331//416 323//408 319//404
f 319//404 323//408 322//407
f 294//376 338//392 339//377
f 339//377 338//392 309//391
f 339//377 309//391 340//423
f 342//424 341//394 312//396
f 313//398 115//115 312//396
f 312//396 115//115 342//424
f 106//106 107//107 313//398
f 313//398 107//107 115//115
f 309//391 341//394 340//423
f 343//425 296//426 297//427
f 295//428 232//429 294//430
f 346//431 338//432 233//433
f 233//433 338//432 294//430
f 233//433 294//430 232//429
f 232//429 295//428 296//426
f 232//429 296//426 343//425
f 297//427 344//434 345//435
f 297//427 345//435 343//425
f 233//276 215//277 346//436
f 346//431 302//437 338//432
f 346//431 347//438 302//437
f 302//437 347//438 305//439
f 305//439 347//438 348//440
f 305//439 348//440 303//441
f 303//441 350//442 349//443
f 303//441 349//443 307//444
f 348//440 350//442 303//441
f 351//445 308//446 349//443
f 349//443 308//446 307//444
f 241//447 292//448 242//449
f 299//450 352//451 292//448
f 292//448 352//451 242//449
f 308//446 351//445 299//450
f 299//450 351//445 352//451
f 157//278 234//280 242//452
f 157//278 242//452 211//453
f 211//453 242//452 353//454
f 353//454 242//452 352//455
f 201//456 347//457 346//436
f 201//456 346//436 215//277
f 202//458 351//459 349//460
f 202//458 349//460 350//461
f 202//458 350//461 201//456
f 350//461 348//462 201//456
f 201//456 348//462 347//457
f 202//458 211//453 353//454
f 202//458 353//454 351//459
f 351//459 353//454 352//455
f 339//377 26//29 27//28
f 339//377 340//423 26//29
f 341//394 26//29 340//423
f 26//29 342//424 28//26
f 28//26 342//424 115//115
f 342//424 26//29 341//394
f 354//463 39//38 36//35
f 36//35 355//464 354//463
f 36//35 40//39 355//464
f 355//464 40//39 356//465
f 31//40 356//465 33//31
f 33//31 356//465 40//39
f 357//466 358//342 268//344
f 22//25 24//22 268//344
f 79//80 359//467 24//22
f 79//80 24//22 25//24
f 382//468 358//342 357//466
f 77//78 363//469 79//80
f 79//80 363//469 361//470
f 79//80 361//470 359//467
f 359//467 361//470 360//471
f 359//467 360//471 24//22
f 382//468 357//466 362//472
f 362//472 357//466 360//471
f 360//471 357//466 268//344
f 360//471 268//344 24//22
f 77//78 82//83 363//469
f 297//379 59//59 50//50
f 297//379 50//50 364//473
f 364//473 50//50 365//474
f 365//474 50//50 49//52
f 365//474 49//52 366//475
f 366//475 49//52 51//47
f 366//475 51//47 367//476
f 367//476 51//47 53//49
f 367//476 53//49 403//477
f 368//478 225//479 369//480
f 369//480 225//479 214//481
f 370//482 222//483 371//484
f 369//480 214//481 370//485
f 370//482 214//486 222//483
f 264//341 154//340 258//487
f 260//488 258//487 372//489
f 372//489 258//487 373//490
f 373//490 258//487 154//340
f 269//491 259//492 260//493
f 260//493 372//494 269//491
f 269//491 372//494 374//495
f 375//496 378//497 372//494
f 372//494 378//497 376//498
f 372//494 376//498 374//495
f 377//499 385//500 375//496
f 385//500 378//497 375//496
f 381//501 382//502 379//503
f 379//503 382//502 380//504
f 379//503 380//504 383//505
f 383//505 380//504 384//506
f 385//500 377//499 384//506
f 384//506 377//499 383//505
f 373//490 154//340 205//507
f 373//490 205//507 372//489
f 205//507 375//508 372//489
f 205//507 209//509 383//510
f 205//507 383//510 377//511
f 377//511 375//508 205//507
f 209//509 225//479 381//512
f 209//509 381//512 379//513
f 209//509 379//513 383//510
f 381//512 225//479 368//478
f 267//514 358//515 368//516
f 368//516 369//517 267//514
f 382//502 381//501 358//515
f 358//515 381//501 368//516
f 267//514 369//517 370//518
f 267//514 370//518 371//519
f 267//514 371//519 386//520
f 386//520 371//519 387//521
f 387//521 371//519 404//522
f 217//523 388//524 224//525
f 389//526 213//527 390//528
f 390//528 224//525 391//529
f 224//525 388//524 391//529
f 390//528 213//527 224//525
f 226//530 392//531 393//532
f 394//533 229//534 395//535
f 392//531 226//530 223//536
f 392//531 223//536 394//533
f 394//533 223//536 229//534
f 395//537 354//538 394//539
f 354//538 395//537 396//540
f 396//540 395//537 397//541
f 396//540 397//541 398//542
f 396//540 398//542 399//543
f 399//543 398//542 400//544
f 399//543 400//544 401//545
f 401//545 400//544 402//546
f 401//545 402//546 403//547
f 344//434 364//548 388//549
f 388//549 364//548 365//550
f 388//549 365//550 391//551
f 391//551 365//550 366//552
f 391//551 366//552 390//553
f 390//553 366//552 367//554
f 344//434 297//427 364//548
f 354//538 355//555 394//539
f 394//539 355//555 392//556
f 392//556 355//555 356//557
f 392//556 356//557 393//558
f 393//558 356//557 404//522
f 404//522 356//557 387//521
f 390//553 367//554 389//559
f 403//547 402//546 389//559
f 403//547 389//559 367//554
f 228//560 402//561 400//562
f 402//561 228//560 389//526
f 389//526 228//560 213//527
f 228//560 400//562 231//563
f 231//564 400//565 398//566
f 231//564 398//566 230//567
f 230//567 398//566 397//568
f 395//535 229//534 230//567
f 395//535 230//567 397//568
f 227//569 404//570 371//484
f 227//569 371//484 222//483
f 227//569 226//530 393//532
f 404//570 227//569 393//532
f 68//68 396//571 399//572
f 354//463 396//571 68//68
f 68//68 39//38 354//463
f 399//572 67//66 66//67
f 399//572 66//67 68//68
f 96//96 67//66 399//572
f 57//57 96//96 403//477
f 57//57 403//477 53//49
f 399//572 401//573 96//96
f 96//96 401//573 403//477
f 270//352 269//574 405//575
f 405//575 269//574 374//576
f 273//353 270//352 405//575
f 273//353 405//575 374//576
f 271//349 274//354 410//577
f 412//578 378//579 385//580
f 412//578 385//580 384//581
f 376//582 273//353 374//576
f 275//355 271//349 410//577
f 410//577 413//583 275//355
f 275//355 413//583 414//584
f 415//585 282//362 414//584
f 414//584 282//362 275//355
f 416//586 281//587 415//585
f 415//585 281//587 282//362
f 417//588 280//360 416//586
f 416//586 280//360 281//587
f 280//360 417//588 279//359
f 279//359 417//588 418//589
f 279//359 418//589 278//358
f 278//358 418//589 419//590
f 278//358 419//590 277//356
f 322//407 276//357 277//356
f 408//591 420//592 84//88
f 89//89 320//405 88//87
f 88//87 320//405 408//591
f 88//87 408//591 84//88
f 85//73 84//88 420//592
f 420//592 421//593 85//73
f 85//73 421//593 422//594
f 85//73 422//594 86//85
f 86//85 422//594 423//595
f 86//85 423//595 83//84
f 83//84 423//595 424//596
f 83//84 424//596 82//83
f 82//83 424//596 363//469
f 363//469 424//596 406//597
f 363//469 406//597 361//470
f 425//598 360//471 407//599
f 380//600 382//468 411//601
f 411//601 382//468 362//472
f 411//601 362//472 425//598
f 425//598 362//472 360//471
f 425//598 407//599 426//602
f 425//598 426//602 411//601
f 411//601 426//602 412//578
f 411//601 412//578 384//581
f 411//601 384//581 380//600
f 360//471 361//470 407//599
f 407//599 361//470 406//597
f 406//597 424//596 427//603
f 427//603 424//596 423//595
f 427//603 423//595 428//604
f 428//604 423//595 422//594
f 428//604 422//594 429//605
f 429//605 422//594 430//606
f 430//606 422//594 421//593
f 430//606 421//593 420//592
f 430//606 420//592 409//607
f 409//607 420//592 408//591
f 409//607 408//591 320//405
f 409//607 320//405 319//404
f 431//608 322//407 277//356
f 431//608 277//356 419//590
f 376//582 378//579 273//353
f 273//353 378//579 412//578
f 273//353 412//578 274//354
f 274//354 412//578 426//602
f 274//354 426//602 410//577
f 410//577 426//602 413//583
f 413//583 426//602 407//599
f 413//583 407//599 414//584
f 414//584 407//599 406//597
f 414//584 406//597 415//585
f 415//585 406//597 427//603
f 415//585 427//603 416//586
f 416//586 427//603 428//604
f 416//586 428//604 417//588
f 417//588 428//604 429//605
f 417//588 429//605 418//589
f 418//589 429//605 430//606
f 418//589 430//606 419//590
f 419//590 430//606 431//608
f 431//608 430//606 409//607
f 431//608 409//607 322//407
f 322//407 409//607 319//404
f 22//25 267//343 23//23
f 23//23 267//343 386//609
f 356//465 31//40 41//41
f 356//465 41//41 387//610
f 387//610 41//41 43//43
f 387//610 43//43 386//609
f 386//609 43//43 23//23
f 219//611 343//612 220//613
f 343//612 219//611 218//275
f 343//612 218//275 232//274
f 388//614 217//615 344//616
f 343//612 345//617 220//613
f 220//613 345//617 221//618
f 221//618 345//617 344//616
f 344//616 217//615 221//618
f 21//21 20//20 132//141
f 132//141 20//20 126//142
f 140//158 131//157 4//4
f 4//4 131//157 5//5
f 3//619 1//620 432//621
f 3//619 432//621 147//622
f 147//622 432//621 433//623
f 147//622 433//623 143//624
f 143//624 433//623 434//625
f 143//624 434//625 150//626
f 150//626 434//625 435//627
f 150//626 435//627 148//628
f 148//628 435//627 436//629
f 148//628 436//629 152//630
f 152//630 436//629 437//631
f 152//630 437//631 145//632
f 145//632 437//631 438//633
f 145//632 438//633 146//634
f 439//635 192//636 194//637
f 439//635 194//637 160//638
f 439//635 160//638 438//639
f 438//639 160//638 146//640
f 192//641 439//642 440//643
f 192//641 440//643 190//644
f 190//644 440//643 441//645
f 190//644 441//645 188//646
f 188//646 441//645 442//647
f 188//646 442//647 186//648
f 186//648 442//647 443//649
f 186//648 443//649 184//650
f 184//650 443//649 444//651
f 184//650 444//651 164//652
f 164//652 444//651 445//653
f 164//652 445//653 165//654
f 165//654 445//653 446//655
f 165//654 446//655 171//656
f 173//657 171//658 447//659
f 447//659 171//658 446//660
f 440//661 439//662 438//663
f 1//664 446//665 438//663
f 1//664 438//663 437//666
f 446//665 445//667 438//663
f 438//663 445//667 444//668
f 438//663 444//668 443//669
f 437//666 436//670 1//664
f 1//664 436//670 435//671
f 1//664 435//671 434//672
f 434//672 433//673 1//664
f 1//664 433//673 432//674
f 443//669 442//675 438//663
f 438//663 442//675 441//676
f 438//663 441//676 440//661
f 162//677 448//678 206//679
f 162//677 206//679 144//680
f 448//681 204//681 206//681
f 452//682 453//683 454//684
f 194//685 196//686 455//687
f 455//687 196//686 163//688
f 2//689 151//690 456//691
f 456//691 151//690 177//692
f 175//693 173//657 447//659
f 178//694 158//695 212//696
f 212//696 457//697 178//694
f 178//694 457//697 176//698
f 176//698 457//697 458//699
f 176//698 458//699 174//700
f 174//700 458//699 459//701
f 174//700 459//701 172//702
f 172//702 459//701 460//703
f 172//702 460//703 170//704
f 170//704 460//703 461//705
f 170//704 461//705 166//706
f 166//706 461//705 462//707
f 166//706 462//707 182//708
f 182//708 462//707 463//709
f 182//708 463//709 183//710
f 183//710 463//709 464//711
f 183//710 464//711 185//712
f 185//712 464//711 465//713
f 185//712 465//713 187//714
f 187//714 465//713 466//715
f 187//714 466//715 189//716
f 189//716 466//715 467//717
f 189//716 467//717 191//718
f 191//718 467//717 468//719
f 191//718 468//719 193//720
f 193//720 468//719 469//721
f 193//720 469//721 195//722
f 195//722 469//721 470//723
f 195//722 470//723 197//724
f 197//724 470//723 448//678
f 197//724 448//678 162//677
f 473//725 474//726 472//727
f 472//727 474//726 471//728
f 475//729 476//730 477//731
f 477//731 476//730 478//732
f 481//733 492//734 479//735
f 481//733 479//735 480//736
f 486//737 487//738 489//739
f 487//738 486//737 488//740
f 478//741 476//742 489//739
f 489//739 476//742 490//743
f 473//744 472//745 491//746
f 491//746 472//745 492//734
f 484//747 485//748 510//749
f 511//750 488//740 486//737
f 486//737 490//743 511//750
f 486//737 489//739 490//743
f 512//751 487//738 513//752
f 513//752 487//738 488//740
f 513//752 488//740 511//750
f 512//751 513//752 510//749
f 510//749 513//752 514//753
f 510//749 514//753 484//747
f 484//747 514//753 515//754
f 480//736 479//735 516//755
f 483//756 517//757 518//758
f 483//756 518//758 482//759
f 519//760 480//736 520//761
f 481//733 480//736 519//760
f 492//734 481//733 491//746
f 491//746 481//733 519//760
f 520//761 480//736 516//755
f 520//761 516//755 518//758
f 518//758 516//755 521//762
f 518//758 521//762 482//759
f 522//763 475//764 477//765
f 477//765 493//766 522//763
f 522//763 493//766 494//767
f 523//768 496//769 495//770
f 523//768 495//770 474//771
f 474//771 495//770 471//772
f 199//773 210//774 501//775
f 501//775 210//774 524//776
f 501//775 524//776 502//777
f 502//777 524//776 525//778
f 502//777 525//778 497//779
f 497//779 525//778 498//780
f 498//780 526//781 499//782
f 527//783 500//784 528//785
f 528//785 500//784 499//782
f 449//786 216//787 207//788
f 508//789 453//683 507//790
f 507//790 453//683 506//791
f 506//791 453//683 452//682
f 451//792 450//793 504//794
f 504//794 505//795 451//792
f 451//792 505//795 452//682
f 452//682 505//795 506//791
f 207//788 503//796 449//786
f 449//786 503//796 450//793
f 450//793 503//796 504//794
f 453//797 508//798 523//768
f 496//769 523//768 508//798
f 522//763 494//767 509//799
f 522//763 509//799 527//783
f 527//783 509//799 500//784
f 212//800 203//800 457//800
f 458//801 457//802 529//803
f 458//801 529//803 459//804
f 459//804 529//803 460//805
f 460//805 529//803 530//806
f 460//805 530//806 461//807
f 461//807 530//806 531//808
f 461//807 531//808 462//809
f 462//809 531//808 532//810
f 462//809 532//810 463//811
f 463//811 532//810 533//812
f 463//811 533//812 464//813
f 533//812 534//814 464//813
f 464//813 534//814 535//815
f 464//813 535//815 465//816
f 465//816 535//815 536//817
f 465//816 536//817 466//818
f 466//818 536//817 537//819
f 466//818 537//819 467//820
f 467//820 537//819 538//821
f 467//820 538//821 468//822
f 468//822 538//821 539//823
f 468//822 539//823 469//824
f 469//824 539//823 540//825
f 469//824 540//825 470//826
f 470//826 540//825 448//827
f 541//828 529//829 200//830
f 200//830 529//829 457//831
f 200//830 457//831 203//832
f 542//833 540//834 539//835
f 542//833 539//835 543//836
f 543//836 539//835 538//837
f 543//836 538//837 544//838
f 544//838 538//837 537//839
f 544//838 537//839 545//840
f 545//840 537//839 536//841
f 545//840 536//841 546//842
f 546//842 536//841 535//843
f 546//842 535//843 547//844
f 547//844 535//843 534//845
f 547//844 534//845 548//846
f 548//846 534//845 533//847
f 548//846 533//847 549//848
f 549//848 533//847 532//849
f 549//848 532//849 550//850
f 550//850 532//849 531//851
f 550//850 531//851 551//852
f 551//852 531//851 530//853
f 551//852 530//853 552//854
f 552//854 530//853 529//829
f 552//854 529//829 541//828
f 540//834 542//833 448//855
f 448//855 542//833 208//856
f 448//855 208//856 204//857
f 210//858 216//859 449//860
f 210//858 449//860 450//861
f 210//858 450//861 451//862
f 451//862 452//863 210//858
f 210//858 452//863 454//864
f 210//858 454//864 524//865
f 524//865 454//864 525//866
f 454//864 553//867 528//868
f 528//868 526//869 454//864
f 454//864 526//869 525//866
f 527//870 554//871 522//872
f 514//873 513//874 491//875
f 491//875 513//874 474//876
f 491//875 474//876 473//877
f 519//878 520//879 515//880
f 515//880 520//879 518//881
f 515//880 518//881 517//882
f 514//873 491//875 515//880
f 515//880 491//875 519//878
f 511//883 490//884 475//885
f 475//885 490//884 476//886
f 522//872 554//871 453//887
f 522//872 453//887 523//888
f 522//872 523//888 475//885
f 475//885 523//888 474//876
f 475//885 474//876 511//883
f 511//883 474//876 513//874
f 554//889 553//890 453//891
f 453//891 553//890 454//892
f 553//893 554//894 527//783
f 553//893 527//783 528//785
f 528//785 499//782 526//781
f 526//781 498//780 525//778
f 503//895 207//896 208//897
f 485//898 479//899 492//900
f 477//901 478//902 489//903
f 489//903 487//904 477//901
f 492//900 472//905 471//906
f 482//907 521//908 485//898
f 485//898 521//908 516//909
f 485//898 516//909 479//899
f 541//910 498//911 499//912
f 541//910 499//912 552//913
f 552//913 499//912 500//914
f 552//913 500//914 551//915
f 500//914 509//916 551//915
f 551//915 509//916 494//917
f 551//915 494//917 550//918
f 550//918 494//917 493//919
f 485//898 492//900 510//920
f 510//920 492//900 471//906
f 510//920 471//906 512//921
f 199//922 501//923 200//924
f 200//924 501//923 502//925
f 200//924 502//925 541//910
f 541//910 502//925 497//926
f 541//910 497//926 498//911
f 487//904 512//921 477//901
f 477//901 512//921 471//906
f 477//901 471//906 546//927
f 546//927 471//906 495//928
f 546//927 495//928 545//929
f 545//929 495//928 496//930
f 545//929 496//930 544//931
f 546//927 547//932 477//901
f 477//901 547//932 548//933
f 477//901 548//933 493//919
f 493//919 548//933 549//934
f 493//919 549//934 550//918
f 544//931 496//930 508//935
f 544//931 508//935 543//936
f 543//936 508//935 507//937
f 543//936 507//937 542//938
f 542//938 507//937 506//939
f 542//938 506//939 505//940
f 505//940 504//941 542//938
f 542//938 504//941 208//897
f 208//897 504//941 503//895
f 2//942 456//943 447//944
f 447//944 456//943 177//198
f 447//944 177//198 175//196
f 446//660 1//2 447//659
f 447//659 1//2 2//1
f 163//184 161//182 455//945
f 455//945 161//182 160//181
f 455//945 160//181 194//946
f 515//947 517//948 483//949
f 484//950 515//947 483//949
f 484//950 483//949 485//951
f 485//951 483//949 482//952
f 668//953 557//954 556//955
f 559//956 558//957 560//958
f 559//956 560//958 561//959
f 561//959 560//958 562//960
f 564//961 565//962 567//963
f 567//963 565//962 566//964
f 566//964 563//965 567//963
f 563//965 566//964 568//966
f 563//965 568//966 569//967
f 570//968 571//969 583//970
f 568//966 572//971 569//967
f 573//972 574//973 568//966
f 568//966 574//973 572//971
f 574//973 573//972 575//974
f 575//974 573//972 576//975
f 576//975 573//972 577//976
f 576//975 577//976 578//977
f 578//977 577//976 579//978
f 578//977 579//978 580//979
f 580//979 579//978 581//980
f 580//979 581//980 582//981
f 582//981 581//980 583//970
f 582//981 583//970 571//969
f 585//982 584//983 586//984
f 585//982 586//984 601//985
f 601//985 586//984 587//986
f 585//982 588//987 584//983
f 570//968 589//988 571//969
f 595//989 590//990 591//991
f 591//991 590//990 592//992
f 592//992 590//990 593//993
f 592//992 593//993 594//994
f 592//992 594//994 570//968
f 570//968 594//994 589//988
f 595//989 596//995 590//990
f 597//996 598//997 599//998
f 599//998 598//997 596//995
f 599//998 596//995 595//989
f 598//997 597//996 600//999
f 600//999 597//996 601//985
f 600//999 601//985 602//1000
f 602//1000 601//985 587//986
f 603//1001 604//1002 570//968
f 570//968 583//970 603//1001
f 603//1001 583//970 605//1003
f 579//1004 606//1005 605//1003
f 583//970 581//980 605//1003
f 605//1003 581//980 579//1004
f 607//1006 608//1007 568//966
f 568//966 608//1007 609//1008
f 568//966 609//1008 610//1009
f 568//966 610//1009 573//972
f 579//1004 577//976 606//1005
f 606//1005 577//976 610//1009
f 610//1009 577//976 573//972
f 566//964 607//1006 568//966
f 565//962 611//1010 566//964
f 566//964 611//1010 607//1006
f 580//1011 617//1012 618//1013
f 617//1012 580//1011 582//981
f 619//1014 575//974 576//975
f 619//1014 576//975 620//1015
f 620//1015 576//975 578//977
f 620//1015 578//977 621//1016
f 621//1016 578//977 618//1013
f 618//1013 578//977 580//1011
f 616//1017 574//973 619//1014
f 619//1014 574//973 575//974
f 616//1017 572//971 574//973
f 623//1018 561//1019 562//1020
f 561//1019 614//1021 559//1022
f 616//1017 624//1023 625//1024
f 625//1024 624//1023 614//1021
f 626//1025 624//1023 616//1017
f 617//1012 613//1026 631//1027
f 631//1027 613//1026 612//1028
f 571//969 613//1026 582//981
f 582//981 613//1026 617//1012
f 619//1014 632//1029 616//1017
f 572//971 616//1017 625//1024
f 617//1012 631//1027 618//1013
f 618//1013 631//1027 628//1030
f 618//1013 628//1030 629//1031
f 618//1013 629//1031 621//1016
f 621//1016 629//1031 630//1032
f 621//1016 630//1032 620//1015
f 620//1015 630//1032 627//1033
f 620//1015 627//1033 619//1014
f 619//1014 627//1033 626//1025
f 616//1017 632//1029 626//1025
f 626//1025 632//1029 619//1014
f 623//1018 622//1034 561//1019
f 561//1019 622//1034 615//1035
f 561//1019 615//1035 614//1021
f 614//1021 615//1035 625//1024
f 625//1024 615//1035 572//971
f 572//971 615//1035 569//967
f 633//1036 567//1037 563//1038
f 633//1036 564//1039 567//1037
f 633//1036 623//1018 564//1039
f 569//967 615//1035 563//1038
f 563//1038 615//1035 633//1036
f 633//1036 615//1035 622//1034
f 633//1036 622//1034 623//1018
f 604//1002 635//1040 570//968
f 570//968 635//1040 592//992
f 592//992 635//1040 636//1041
f 592//992 636//1041 637//1042
f 637//1042 591//991 592//992
f 637//1042 595//989 591//991
f 637//1042 599//998 595//989
f 638//1043 597//996 637//1042
f 639//1044 585//982 601//985
f 639//1044 601//985 640//1045
f 640//1045 601//985 638//1043
f 638//1043 601//985 597//996
f 634//1046 588//987 641//1047
f 641//1047 588//987 585//982
f 641//1047 585//982 639//1044
f 597//996 599//998 637//1042
f 612//1048 648//1049 642//1050
f 642//1051 603//1052 644//1053
f 603//1052 605//1054 644//1053
f 644//1053 605//1054 645//1055
f 645//1055 605//1054 606//1056
f 645//1055 606//1056 646//1057
f 646//1057 606//1056 610//1058
f 646//1057 610//1058 647//1059
f 647//1059 610//1058 609//1060
f 647//1059 609//1060 608//1061
f 647//1059 608//1061 558//1062
f 558//1062 608//1061 607//1063
f 558//1062 607//1063 560//1064
f 611//1065 643//1066 607//1063
f 607//1063 643//1066 560//1064
f 648//1067 604//1068 642//1051
f 642//1051 604//1068 603//1052
f 612//1048 642//1050 631//1069
f 631//1069 642//1050 644//1070
f 647//1071 558//957 614//1072
f 614//1072 558//957 559//956
f 645//1073 628//1074 631//1069
f 645//1073 631//1069 644//1070
f 645//1073 629//1075 628//1074
f 646//1076 630//1077 645//1073
f 645//1073 630//1077 629//1075
f 646//1076 627//1078 630//1077
f 646//1076 626//1079 627//1078
f 647//1071 624//1080 646//1076
f 646//1076 624//1080 626//1079
f 647//1071 614//1072 624//1080
f 643//1081 562//960 560//958
f 611//1082 623//1083 643//1084
f 643//1084 623//1083 562//1085
f 565//1086 564//1087 611//1082
f 611//1082 564//1087 623//1083
f 612//1028 613//1026 664//1088
f 664//1088 613//1026 589//1089
f 589//1089 613//1026 571//969
f 664//1090 648//1049 612//1048
f 557//1091 634//1092 641//1093
f 604//1068 648//1067 635//1094
f 635//1094 648//1067 649//1095
f 635//1094 649//1095 636//1096
f 636//1096 649//1095 637//1097
f 637//1097 649//1095 650//1098
f 637//1097 650//1098 638//1099
f 638//1099 650//1098 651//1100
f 638//1099 651//1100 652//1101
f 638//1099 652//1101 640//1102
f 640//1102 652//1101 639//1103
f 639//1103 652//1101 555//1104
f 556//1105 641//1093 639//1103
f 639//1103 555//1104 556//1105
f 557//1091 641//1093 556//1105
f 659//1106 596//995 660//1107
f 661//1108 590//990 659//1106
f 659//1106 590//990 596//995
f 662//1109 593//1110 590//990
f 662//1109 590//990 661//1108
f 663//1111 594//1112 593//1110
f 663//1111 593//1110 662//1109
f 589//1089 594//1112 663//1111
f 663//1111 658//1113 664//1088
f 663//1111 664//1088 589//1089
f 665//1114 653//1115 654//1116
f 654//1116 653//1115 655//1117
f 653//1115 666//1118 667//1119
f 667//1119 666//1118 668//1120
f 676//1121 669//1122 670//1123
f 670//1123 669//1122 668//1120
f 596//995 598//997 660//1107
f 660//1107 598//997 671//1124
f 671//1124 598//997 600//999
f 658//1113 663//1111 656//1125
f 656//1125 663//1111 662//1109
f 656//1125 662//1109 657//1126
f 657//1126 662//1109 661//1108
f 657//1126 661//1108 672//1127
f 672//1127 661//1108 659//1106
f 672//1127 659//1106 673//1128
f 673//1128 659//1106 674//1129
f 674//1129 659//1106 660//1107
f 674//1129 660//1107 671//1124
f 654//1116 671//1124 600//999
f 654//1116 600//999 665//1114
f 665//1114 600//999 602//1000
f 665//1114 602//1000 666//1118
f 666//1118 602//1000 587//986
f 654//1116 655//1117 671//1124
f 671//1124 655//1117 674//1129
f 653//1115 665//1114 666//1118
f 668//1120 666//1118 670//1123
f 584//1130 588//1131 676//1121
f 676//1121 675//1132 584//1130
f 670//1123 584//1130 675//1132
f 670//1123 586//1133 584//1130
f 666//1118 587//986 586//1133
f 666//1118 586//1133 670//1123
f 670//1123 675//1132 676//1121
f 648//1049 664//1090 649//1134
f 649//1134 664//1090 658//1135
f 658//1135 656//1136 649//1134
f 649//1134 656//1136 650//1137
f 656//1136 657//1138 650//1137
f 650//1137 657//1138 672//1139
f 672//1139 673//1140 650//1137
f 650//1137 673//1140 674//1141
f 650//1137 674//1141 651//1142
f 651//1142 674//1141 655//1143
f 651//1142 655//1143 652//1144
f 652//1144 655//1143 653//1145
f 652//1144 653//1145 555//1146
f 555//1146 653//1145 667//1147
f 556//955 555//1146 668//953
f 668//953 555//1146 667//1147
f 668//953 669//1148 557//954
f 676//1149 588//1150 634//1151
f 669//1152 676//1149 557//1153
f 557//1153 676//1149 634//1151
