# G1 exterior visual; derived from pinned Unitree/TWIST2 CAD.
v 0.0128292106 -0.0232728571 -0.0515663289
v 0.015807949 -0.0217640754 -0.0516299941
v 0.00534280343 -0.0253510103 -0.0515783243
v -0.00192576146 -0.0258762464 -0.0515695401
v -0.015653681 -0.0219046194 -0.0515403226
v -0.00963784475 -0.0243552607 -0.0515830517
v -0.000679464079 0.0389505029 -0.0516253524
v -0.00172080239 0.0386400111 -0.0266332179
v -3.34859906e-05 0.038937591 -0.0398380719
v -0.00038623056 0.0372569747 -0.069626227
v -0.00493631372 0.0386004932 -0.0676151961
v 0.0320546925 -0.0144394562 -0.0297520664
v 0.0325532407 -0.0150166433 -0.0303996559
v 0.0322446302 -0.0182291325 -0.0270292684
v 0.0324806944 -0.0202886183 -0.0264811423
v 0.0324408747 -0.0294532254 -0.0148827452
v 0.0324441753 -0.0278642625 -0.0168673005
v 0.0324429013 -0.024165323 -0.0226662476
v 0.0324030221 -0.0238239635 -0.0221465807
v 0.033436574 0.0169566292 0.0277978107
v 0.0330106206 0.0112369927 0.0306079034
v 0.0337508097 0.0270130895 0.0188764986
v 0.0339167193 0.0235297959 0.0225556791
v 0.0338245183 0.0210508052 0.0247791409
v 0.0338046364 0.0342518352 0.00395804271
v 0.0331070945 0.0344155431 0.00449053477
v 0.0330090225 0.0285757631 0.0173390247
v 0.0335169509 0.0318201743 0.0111274067
v 0.0337665118 0.0294860043 0.0152244456
v 0.0325275958 0.0208923109 0.025508279
v 0.0324960053 0.0245990194 0.0222341139
v 0.0330436006 0.0062988461 0.0318838172
v 0.0324432291 -0.0184848625 0.0267858095
v 0.0324457996 -0.0170431416 0.0285310205
v 0.0324437693 -0.0303799994 -0.0115718869
v 0.0324608944 -0.0321717672 -0.00725530181
v 0.032476306 -0.0327162407 -0.00375907053
v 0.032443922 -0.0318966135 -0.00643176353
v 0.032443814 -0.0325457975 0.00135902816
v 0.0324435346 -0.0316679738 0.00737638073
v 0.0324419364 -0.0313627794 0.0103949038
v 0.0324435309 -0.0300243311 0.0125512248
v 0.0324432738 -0.0276978388 0.0170564465
v 0.0324430577 -0.028089013 0.0174212437
v 0.0324448049 -0.0231050178 0.0237757657
v 0.0324439332 -0.0239011124 0.0221257024
v 0.0324737467 -0.0113875121 0.0313297287
v 0.0324437954 -0.0126289167 0.0300102476
v 0.0324439667 -0.00480380468 0.0322100371
v 0.0324398577 -0.00189727824 0.0334801674
v 0.0324439704 0.00117895321 0.03248889
v 0.032443773 0.00681788335 0.0328028016
v 0.0324420519 0.0147919077 0.0302986596
v 0.0324363112 0.0142508401 0.0294112992
v 0.032443773 0.00629135827 0.0318852477
v 0.0333950222 -0.0117483232 -0.0303503685
v 0.0335523784 -0.00468768552 -0.0342809148
v 0.0323999599 -0.00404251367 -0.0364017785
v 0.0342842154 0.032263808 -0.0160285961
v 0.0357775167 0.0307772253 -0.010589188
v 0.0342479385 0.034223333 -0.00875872374
v 0.0153623382 0.0364527777 -0.0365208648
v 0.0126953442 0.037469767 -0.0334451944
v 0.00556229753 0.038511198 -0.0401864462
v 0.0274989754 0.0259173512 -0.0512799211
v 0.0277364999 0.0251818486 -0.0586835332
v 0.0318642408 0.0186059605 -0.0411645062
v 0.0306100491 0.0197419915 -0.0481872708
v 0.0285651963 0.026703449 -0.0404447913
v 0.0309873447 0.0272296499 -0.0327269472
v 0.0292530991 0.0293702912 -0.0335915796
v 0.0359117128 0.027809944 -0.0168928131
v 0.0349657275 0.0322772153 0.00413559936
v 0.0331202559 0.0361973159 -0.00653089909
v 0.0336187258 0.035734117 -0.00328251673
v 0.0317574292 0.0366854556 -0.0129223503
v 0.0185567904 0.0378683209 -0.0256133396
v 0.0225901697 0.0375815146 -0.0243064146
v 0.00376557373 0.0388202071 -0.0516279526
v 0.00544784917 0.0387987681 -0.0586266629
v 0.0117730862 0.0382917151 -0.0264534969
v 0.0276982058 0.0371307731 -0.0204455815
v 0.0255629346 0.0372714177 -0.0225232225
v 0.0291460995 0.0357275046 -0.022216972
v 0.0309163146 0.0347611643 -0.0212053843
v 0.0325984545 0.0346167833 -0.0166676547
v 0.0298948362 0.0369850323 -0.0171786509
v 0.0344601646 0.030649038 0.0109495083
v 0.0341385528 0.0275012981 0.0174474884
v 0.0354845561 0.0324313864 -0.00288896938
v 0.03582206 0.0174241755 -0.0274832752
v 0.035906639 0.0233202279 -0.022720905
v 0.034081053 0.0267823096 -0.0252346154
v 0.0354366079 0.00665791426 -0.0318236761
v 0.0356343836 0.0114276027 -0.0304723829
v 0.0350595452 0.000115865012 -0.0325706005
v 0.0332487598 0.000782872492 -0.0382084101
v 0.0337790139 0.00658863224 -0.0374273285
v 0.03435966 -0.00568086328 -0.0320280641
v 0.032920327 0.00511605106 -0.0427188799
v 0.0325854346 0.0050293142 -0.0466538444
v 0.03255748 0.00781637151 -0.0506537929
v 0.0319830216 0.0136603871 -0.0507115647
v 0.030064214 0.02030004 -0.0588139035
v 0.0319977477 0.0133090941 -0.0586392023
v 0.0224902853 0.0318496786 -0.0588314719
v 0.0249955822 0.0292165689 -0.0586682707
v 0.0183422938 0.0350022838 -0.0587424412
v 0.0218168646 0.032308422 -0.0509698726
v 0.0144505547 0.036897622 -0.0585765056
v 0.0101705045 0.0379894748 -0.051709529
v 0.0100753605 0.0382044204 -0.0587220192
v 0.0326717794 0.023270512 -0.0331021026
v 0.0324227177 0.0150354505 -0.0423018187
v 0.0262079444 0.030306749 -0.0388742685
v 0.0302176308 0.0233802348 -0.0411958694
v 0.0253537521 0.0294656884 -0.0451456942
v 0.0203870349 0.0333964154 -0.046741236
v 0.0333510116 0.017467048 -0.0358675532
v 0.0264692064 0.0277322643 -0.0474134833
v 0.018182857 0.0348837227 -0.0523802862
v 0.0324730054 0.0119390469 -0.0455909707
v 0.0325094685 0.00606140215 -0.0581121556
v 0.0245231297 0.0340429097 -0.0324665159
v 0.0269934535 0.0320907794 -0.0329051688
v 0.0317820869 0.0327952877 -0.0229341071
v 0.0195517652 0.0349730253 -0.0371300019
v 0.0231331643 0.0328758918 -0.0382620469
v 0.0233352613 0.0357222892 -0.0295978282
v 0.00619062176 0.0384982377 -0.0303988066
v 0.0158437546 0.0358083509 -0.0461505689
v 0.0132275401 0.0367395617 -0.0431843959
v 0.00940618757 0.037798889 -0.0428410508
v 0.00454691658 0.0387219787 -0.0458529443
v 0.0241523515 0.0310842656 -0.0429360271
v 0.0334997848 0.0311504565 -0.0211823452
v -0.0324356444 -0.024448432 -0.0223051142
v -0.0324314907 -0.0297713634 -0.0142129203
v -0.032429561 -0.025644511 -0.0200222954
v -0.0322871991 -0.0199851207 -0.0257324353
v -0.0324753001 -0.020288514 -0.0264809933
v -0.032438729 -0.0288073011 -0.0150993662
v -0.0324385464 -0.0313709266 -0.00873120502
v -0.0324384831 -0.0066215354 0.0318412073
v -0.0324395671 -0.00829334743 0.0323830768
v -0.0324390605 -0.000258791377 0.0325670801
v -0.0324383788 0.000415577088 0.0334267728
v -0.0324381776 -0.0189229175 0.0265021753
v -0.0324384272 -0.0125094578 0.030042557
v -0.0324418396 -0.0178166758 0.0280695315
v -0.0324652642 -0.0234157089 0.0234858152
v -0.0324385352 -0.0266236421 0.0187182724
v -0.0324380696 -0.0233696494 0.0226131938
v -0.0324383825 -0.0295071639 0.0136845931
v -0.0324364491 -0.0289034862 0.0161109883
v -0.03243782 -0.0317326412 0.00899585243
v -0.032438878 -0.0318241268 0.0069096419
v -0.0324377902 -0.0325374454 -0.000778863847
v -0.032439474 -0.032978218 0.000972299138
v -0.0336188935 -0.010579939 -0.0307992101
v -0.0335040838 -0.00420168601 -0.0346359424
v -0.0310523696 -0.0127653666 -0.0319616534
v -0.0324190632 -0.00353474054 -0.0367405899
v -0.0327330865 -0.0157956704 -0.0284222364
v -0.0320666917 -0.0144496243 -0.0297437347
v -0.0337491073 0.0316640995 0.0110158166
v -0.0337468125 0.0342438035 0.00409877067
v -0.0336898789 0.0203042533 0.0254956763
v -0.0335105509 0.0170037802 0.0277319476
v -0.0337885208 0.0241409019 0.0221060533
v -0.0324804746 0.0166409872 0.0281920936
v -0.0325355977 0.0124278013 0.0301561635
v -0.0335194618 0.0297418386 0.0151323481
v -0.0333962329 0.0275259297 0.0185989998
v -0.0330669768 0.0351740941 0.00161879964
v -0.0330225639 0.0327343941 0.00942585524
v -0.0324591435 0.0242263172 0.0225781705
v -0.0358276926 0.0177321881 -0.0272902213
v -0.0334275551 0.0190384146 -0.0343145318
v -0.0294959117 0.0217646752 -0.0532194674
v -0.0263812393 0.0273408685 -0.0546259396
v -0.0264275391 0.0297689773 -0.0396807529
v -0.0290372074 0.028610805 -0.035362307
v -0.0232729781 0.0348325036 -0.0320706144
v -0.0195467398 0.0349730402 -0.0371294804
v -0.0268039275 0.0363220535 -0.0239892751
v -0.0255108047 0.0372577906 -0.022563288
v -0.0178329628 0.0379251093 -0.0257840715
v -0.0132558225 0.0382013768 -0.0263404064
v -0.0297755767 0.0369546562 -0.0172744449
v -0.0302745439 0.0359098129 -0.0196418669
v -0.0319135971 0.0366459601 -0.0122894486
v -0.0305317566 0.0188289303 -0.0589912459
v -0.010957743 0.0379566401 -0.05523533
v -0.00661894679 0.0386977606 -0.0577443205
v -0.0144254854 0.0368868969 -0.057873413
v -0.0180667471 0.0351481661 -0.0580952317
v -0.0213553552 0.0328453965 -0.0574125089
v -0.0243294183 0.0299665947 -0.0527675711
v -0.0321964994 0.011915016 -0.0530841015
v -0.0325438306 0.00663856091 -0.0561858676
v -0.0326424986 0.00683340151 -0.0479119122
v -0.0329930037 0.0054943529 -0.0424905121
v -0.0331239961 0.00109919393 -0.0387468077
v -0.0346692279 -0.003335841 -0.0323662721
v -0.0353313684 0.00405124296 -0.0323307589
v -0.0345531553 0.00709373597 -0.0346501097
v -0.0356171764 0.0113600725 -0.0304982606
v -0.0358931795 0.0230480563 -0.0229848418
v -0.0359040909 0.027700346 -0.0171079356
v -0.0340292752 0.0316956826 -0.0182842705
v -0.0343360491 0.0329141282 -0.0137946522
v -0.035763789 0.0308058895 -0.0104802046
v -0.0344783142 0.0338157155 -0.00888059009
v -0.0349851102 0.0323097035 0.00394089939
v -0.0355031341 0.0324008763 -0.00316274376
v -0.0335847475 0.0357305929 -0.00302123418
v -0.0344573185 0.0306476504 0.0109223891
v -0.0342124999 0.0284630228 0.0157063752
v -0.0340284631 0.0256427769 0.0200610533
v -0.0331186689 0.0361964777 -0.00657799281
v -0.0325935297 0.0346165225 -0.0166667905
v -0.0226391256 0.0374487713 -0.0242794994
v -0.0276052523 0.0370935686 -0.020519862
v -0.0186606608 0.0362158902 -0.0328350812
v -0.0153788114 0.0372171327 -0.0317918248
v -0.00713357842 0.0384089015 -0.0322031379
v -0.00881733466 0.038009949 -0.0366419144
v -0.00611895882 0.0385801494 -0.0464828312
v -0.00100193487 0.038943436 -0.0586285181
v -0.0276797097 0.0350135602 -0.0260619652
v -0.0127951689 0.036866568 -0.0400901325
v -0.0312555507 0.0339035504 -0.0221100133
v -0.0303541459 0.0324206091 -0.0264313761
v -0.0270455517 0.0334256329 -0.0301323757
v -0.0169055406 0.0354060754 -0.0432380997
v -0.0222383905 0.0331294313 -0.0394095741
v -0.0203818772 0.0333963707 -0.0467407592
v -0.0315549113 0.0197340939 -0.0411406532
v -0.0290745869 0.0249378961 -0.0431033447
v -0.0238358285 0.0306855887 -0.0469690561
v -0.0289115794 0.0236549452 -0.0484214276
v -0.0267363861 0.0275807697 -0.0468659326
v -0.0314618945 0.0174471214 -0.0461754017
v -0.0164705329 0.0357502811 -0.0521457456
v -0.0347465351 0.0252716765 -0.0247892737
v -0.0324151516 0.0234232191 -0.0335405543
v -0.0298113395 0.0259822849 -0.0378057063
v -0.033380948 0.0139257405 -0.0378389359
v -0.0321528204 0.0136567568 -0.0470847748
v -0.0335163102 0.0299858898 -0.0228805672
v -0.031743031 0.0267131012 -0.031515047
v -0.0310339537 0.0296942778 -0.0292081423
v -0.0287910532 0.0308782514 -0.0319030173
v -0.0262412354 0.031865526 -0.0347821563
v -0.0324367657 0.0143906809 0.0304455962
v -0.0324383788 0.00629552314 0.0318846516
v -0.0324383788 0.00681798765 0.0328029804
v -0.0330728106 0.00926755182 0.0311719775
v -0.0330382101 0.00630367408 0.0318831019
v -0.0330382101 0.00629599253 0.0318845324
v 0.0401562341 0.0038351866 0.0183227956
v 0.0401659533 0.00791004673 0.017028274
v 0.0401654989 0.0119597204 0.0146377822
v 0.0401692986 0.0154756717 0.0109003969
v 0.0401660614 0.0177886412 0.00663416367
v 0.0401927121 0.0187410638 0.00271123229
v 0.040169619 0.0188922193 -0.00179048907
v 0.0401819535 0.0172092672 -0.00783144869
v 0.0401732475 0.0137753626 -0.0128246984
v 0.0401670076 0.00874293689 -0.0164910629
v 0.0401626788 0.0041333409 -0.0180476401
v 0.040171288 -0.00121468806 -0.0184318926
v 0.0401560329 -0.00732172327 -0.0167830065
v 0.0402081124 -0.0106551927 -0.014764213
v 0.0401635654 -0.0136710815 -0.0121013634
v 0.0402070358 -0.0171211641 -0.0059990203
v 0.0401683971 -0.0181733575 -0.00054688839
v 0.0401758254 -0.0175660271 0.00456299167
v 0.0402301662 -0.016652517 0.0073049874
v 0.0401765406 -0.0144371185 0.0112742772
v 0.0401868597 -0.0100475643 0.0154523933
v 0.0401684679 -0.00553246355 0.0176381692
v 0.0401964858 -0.00120414956 0.0185960513
v 0.0410357714 0.000415435439 0.000101069585
v 0.0408486128 0.0106420126 -0.00462016556
v 0.0408739187 0.00420113653 0.0100898203
v 0.0409341417 0.000425758277 -0.00888082013
v 0.0406941548 0.0127639314 0.00594300777
v 0.0405938998 0.00169417553 -0.0147428988
v 0.0409489572 -0.00849160831 0.00193497958
v -0.000144158446 -0.0268753357 -0.0515263155
v 0.00593847036 -0.0263874903 -0.0515370965
v 0.0111333756 -0.0249593593 -0.0515473858
v 0.0159151759 -0.0228890479 -0.0515097417
v 0.000618200167 -0.0239964817 -0.0696262941
v -0.00363083091 -0.0254532509 -0.0676260814
v -0.00483349524 -0.0236467198 -0.0696255416
v -0.0300158467 -0.0055358489 -0.0565402322
v -0.0305239391 -0.00468347408 -0.067296885
v -0.020234786 -0.0187754445 -0.0613523237
v -0.0186940711 -0.019952694 -0.0514013916
v -0.0240589026 -0.0151447561 -0.0607165396
v -0.027381042 -0.0107930508 -0.0607492365
v -0.0279323701 -0.0100414529 -0.0672678053
v -0.0245106276 -0.0147997774 -0.067275472
v -0.0199715532 -0.0190809667 -0.0672452226
v -0.0157380905 -0.0217550024 -0.0675284788
v -0.0184976589 -0.0178079698 -0.0696257204
v -0.0227725059 -0.0138705522 -0.0696255639
v -0.0264107436 -0.00890954211 -0.0696257874
v -0.0290325787 -0.00322636333 -0.0696258396
v -0.0301412828 0.020107992 -0.067238763
v -0.0319529958 0.0132783037 -0.0672830269
v -0.030434493 0.0108428085 -0.0696267337
v -0.0325072035 0.00764861051 -0.0672704205
v -0.0304474551 0.00311561883 -0.069625847
v -0.0323223136 0.00255133514 -0.0672334284
v -0.0238010362 0.0262134317 -0.0696265325
v -0.0253929608 0.0286756419 -0.0671557784
v -0.0281371363 0.0244368166 -0.0672039762
v -0.0280799977 0.0191228762 -0.069626078
v -0.0178409591 0.031746231 -0.0696255937
v -0.0221937355 0.032102596 -0.067154035
v -0.0128699308 0.0374581441 -0.0671493858
v -0.0119405352 0.0349639803 -0.0696256161
v -0.0184299313 0.0349384174 -0.0671587884
v -0.0076823011 0.0385760963 -0.0672356039
v -0.0064084623 0.0366486758 -0.0696232021
v -0.00282758987 0.038875021 -0.0673618838
v -0.0109717976 -0.0237048864 -0.0676260963
v -0.0119836619 -0.0216328409 -0.0696260408
v 0.0287888236 -0.00403830269 -0.0696261078
v 0.0294396784 -0.00736886216 -0.0672934949
v 0.014789802 -0.020327555 -0.0696259364
v 0.0154610248 -0.021776136 -0.0675996095
v 0.00590017531 -0.025176689 -0.0676262528
v 0.00678106165 -0.0232632887 -0.0696258917
v 0.0204863437 -0.018705247 -0.0672630891
v 0.026038086 -0.00949126296 -0.0696259364
v 0.0252491143 -0.0139085762 -0.0672773272
v 0.0221354589 -0.0146321282 -0.0696266443
v 0.0318952017 8.79837025e-05 -0.0672763139
v 0.0307096355 0.00540080154 -0.0696255788
v 0.0324235521 0.00333140953 -0.0672328621
v 0.0325004198 0.00762006873 -0.0672745854
v 0.0279525742 0.0193752032 -0.0696262121
v 0.0280158073 0.0247456692 -0.0671793297
v 0.0237929691 0.0262859929 -0.0696263686
v 0.029907126 0.0134547474 -0.0696256459
v 0.0319400132 0.0135321701 -0.0672732741
v 0.030302126 0.0196959935 -0.0672272593
v 0.0252250992 0.0288823657 -0.0671537071
v 0.0224051755 0.031991031 -0.0671445355
v 0.0174375661 0.0320355631 -0.0696257129
v 0.0174856279 0.0355251469 -0.0671718717
v 0.0120108072 0.0349300653 -0.069625929
v 0.011064617 0.0379709043 -0.0672392175
v 0.00613813009 0.0367203504 -0.0696264431
v 0.00544980913 0.038570568 -0.0675935969
v 0.00192488905 0.0389167964 -0.0673208609
v 0.00108470011 0.0389406979 -0.0672958717
v -0.0315836407 0.0365976617 -0.0110204509
v -0.0327421688 0.036258772 -0.00426543644
v 0.0300062988 0.0368607007 -0.0165678561
v 0.032447733 0.0364476144 -0.00680116843
v 0.0316201523 0.0366140306 -0.0109036835
v -0.0163679998 0.0375700556 -0.0260756314
v -0.0049175946 0.0379473343 -0.0265942048
v 0.0108870855 0.037802849 -0.0264744982
v 0.0176407415 0.0375061557 -0.02578591
v 0.00644546561 0.0379470326 -0.0255866572
v -0.0117242839 0.0377787724 -0.0254425351
v -0.0178126954 0.037497744 -0.0247167256
v -0.000392983347 -0.018211402 -0.0696258247
v -0.0175804868 0.0235253405 -0.069625698
v -0.0125177251 0.0274101328 -0.069625698
v -0.00662201643 0.0298522171 -0.069625698
v -0.0175804868 -0.0110453386 -0.069625698
v -0.0125177251 -0.0149301309 -0.069625698
v -0.0247403104 0.00624000141 -0.069625698
v -0.0239073616 -8.68751813e-05 -0.069625698
v -0.000392241986 0.030693572 -0.0696259215
v -0.00662201643 -0.0173722226 -0.069625698
v -0.0239073616 0.0125668775 -0.069625698
v -0.0214652792 0.0184625816 -0.069625698
v -0.0214652792 -0.0059825792 -0.069625698
v -0.0184752177 0.0386115648 -0.0247215014
v 0.00163013849 -0.0245521534 -0.0706251487
v -0.00584507966 -0.0263826493 -0.067607969
v -0.0017813067 0.0377170481 -0.0706287697
v -0.00801956374 0.0367178917 -0.070625551
v -0.0082326252 0.0395198353 -0.0676366091
v -0.0130861886 0.0348651893 -0.0706242546
v -0.0126899006 0.0385039486 -0.0676150993
v -0.0157657713 0.03739243 -0.0676000118
v -0.0188223142 0.035816554 -0.0675975084
v -0.0186855011 0.0315415077 -0.0706258193
v -0.0228301473 0.0328939818 -0.067617245
v -0.024686031 0.0257478822 -0.0706260055
v -0.0270817932 0.0280535817 -0.0676395297
v -0.0296456013 0.0236756541 -0.067614682
v -0.0288104974 0.0184604283 -0.0706261322
v -0.0310051497 0.0103117237 -0.0706275478
v -0.0325273238 0.0154856937 -0.0676237419
v -0.0334633626 0.00888688676 -0.0676239058
v -0.0334382802 0.00403560931 -0.0675415024
v -0.0307759997 0.00194685603 -0.0706259757
v -0.0291373394 -0.00434034504 -0.0706260428
v -0.0310287159 -0.00599456346 -0.0676364601
v -0.02881255 -0.0105347419 -0.0676244423
v -0.0262855645 -0.0100445822 -0.0706259683
v -0.0206450019 -0.0167887602 -0.0706270039
v -0.013591527 -0.021385869 -0.0706259683
v -0.0146332225 -0.0235325433 -0.0676083416
v -0.00723024784 -0.0236465279 -0.0706258938
v -0.00030451559 -0.0268595293 -0.0596421771
v -0.00581281446 -0.0263762567 -0.059398748
v 3.38671962e-05 -0.0268519893 -0.0676218122
v -0.0108470749 -0.0250665266 -0.0593525022
v -0.0109837838 -0.0250249784 -0.067615211
v -0.0196601842 -0.0205248278 -0.0676524639
v -0.0303251222 -0.00745599717 -0.0607063621
v -0.0279308502 -0.0117063783 -0.0566884652
v -0.0247826725 -0.016000811 -0.0675589442
v -0.0311690364 -0.00531625887 -0.0566845387
v -0.0245195124 -0.016140569 -0.0610702448
v -0.0204378236 -0.0198681056 -0.0596563518
v -0.0159182437 -0.0228694454 -0.0608138628
v -0.0324408226 0.0220655426 0.0257732347
v -0.0324362293 0.0205864962 0.0255951378
v -0.0324387439 0.0259887818 0.0221271161
v -0.032435175 0.0297202189 0.017404411
v -0.0324380025 0.0286452882 0.0172155332
v -0.0324494056 0.0355755351 -1.17811132e-05
v -0.0324417353 0.0362596028 0.00141973852
v -0.0324318931 0.0327692926 0.00937824231
v -0.0324362367 0.0336155035 0.00983421877
v -0.0321396776 0.0372794196 -0.00516913272
v -0.0306751914 0.0375445336 -0.0127633428
v -0.0258156527 0.0373421423 -0.0210658722
v -0.0216977093 0.0373795964 -0.0235423557
v -0.0216197893 -0.0175717045 -0.0509701557
v -0.0236556418 -0.0155392066 -0.0499049984
v -0.0244056508 -0.016198447 -0.0499301553
v -0.0213220101 -0.0192417074 -0.0512324646
v -0.0128674423 -0.0243902374 -0.0515455827
v -0.0251104105 -0.0138688684 -0.047746785
v -0.025871003 -0.0145235499 -0.0477647334
v -0.0273504462 -0.0132167544 -0.0423234068
v -0.0265982896 -0.0126144672 -0.0419603996
v -0.0283432826 -0.0121466666 -0.03700234
v -0.0291527491 -0.012675398 -0.037221048
v -0.029920185 -0.0123018594 -0.0337068737
v -0.0317611583 -0.0133633306 -0.0322483107
v -0.0307629425 -0.0128130745 -0.0339024439
v -0.0325574093 -0.0148711614 -0.030560419
v -0.0316917263 -0.000300863961 -0.0564773381
v -0.0323101059 0.00290746079 -0.060675472
v -0.0324954987 0.00298646116 -0.043223653
v -0.0279321875 -0.0102880253 -0.0428176373
v -0.030764075 -0.00464086002 -0.0408317186
v -0.0323272981 -0.00221687881 -0.0381292403
v -0.0273401421 -0.0105952043 -0.0517963208
v -0.0302757379 -0.00485732127 -0.0456639491
v -0.031595923 -0.00104421622 -0.0432488732
v -0.0317691527 0.000307476614 -0.0502214916
v -0.0333485864 0.00359886466 -0.0592998192
v -0.0335309133 0.0079274904 -0.0513432883
v -0.0326723233 -0.000507567369 -0.056944482
v -0.0327865817 -0.00464554736 -0.0373916551
v -0.0340961926 -0.00391112641 -0.0359040797
v -0.0335354023 0.0043530059 -0.0458185188
v -0.0338692367 0.00668639038 -0.0441754572
v -0.0335531868 0.00240466464 -0.042651929
v -0.0340821147 0.000662039616 -0.038865339
v -0.0333098248 -0.00173586246 -0.0389587954
v -0.032512527 -0.00160690502 -0.0676058233
v -0.0401480347 0.00568826636 -0.0181503873
v -0.0401498713 0.0188478939 -0.0046377168
v -0.0401143059 0.0126541471 -0.0151449125
v -0.0401391461 -0.00315832067 -0.018604571
v -0.0401443839 0.00472448161 0.0185761601
v -0.0401427262 0.0186768696 0.00582704507
v -0.0401532911 0.013375516 0.0137432562
v -0.0401102938 -0.00929033756 -0.0166071765
v -0.0401020162 -0.0162634868 0.0104167107
v -0.0401341021 -0.0189357046 0.00240680762
v -0.0401456468 -0.00593944127 0.0179684423
v -0.0401470065 -0.0158032235 -0.00971122365
v -0.0394394621 -0.0143555431 0.0175569598
v -0.0397920869 -0.0199885797 -0.00606712746
v -0.0384626463 -0.0111357067 -0.0230213087
v -0.0397989899 -0.0144684389 -0.0149480943
v -0.0397408977 -0.00335449004 0.0213135742
v -0.0340346247 0.000415211922 0.0333447754
v -0.037242543 -0.00163375144 0.0284419004
v -0.0344441235 -0.00597447623 0.0323434323
v -0.0372882448 -0.00922057219 0.0266356263
v -0.034034729 -0.012162271 0.0309130214
v -0.0372994803 -0.0161521137 0.0230967347
v -0.0340670459 -0.0160000678 0.0290096067
v -0.0340618342 -0.0258489177 0.0204982907
v -0.0372973308 -0.0235385429 0.0152640129
v -0.0342527516 -0.0227726251 0.0236719418
v -0.0340223871 -0.0282554757 0.0169917457
v -0.0340747871 -0.0301140174 0.013270352
v -0.0373006612 -0.0274743717 0.00516209938
v -0.0340387411 -0.0324565433 0.00518359384
v -0.0340933986 -0.0328285173 0.000686748012
v -0.0381548181 -0.0260424279 -0.00265754922
v -0.0340419114 -0.0326375477 -0.00355988182
v -0.0342552103 -0.0316244327 -0.00803561416
v -0.037308421 -0.0257699173 -0.0106435129
v -0.0340341628 -0.0305956695 -0.0119103752
v -0.0340320133 -0.0287887156 -0.015797738
v -0.0345241055 -0.0253629051 -0.0201097503
v -0.0373798981 -0.0201016366 -0.0192424413
v -0.0346237458 -0.0192158204 -0.0260168929
v -0.0367105417 -0.0140618645 -0.0254016798
v -0.0388657115 -0.00150634535 0.0246476904
v -0.0389214419 -0.0102618923 0.0221270919
v -0.0389208309 -0.0205119085 0.0128108822
v -0.0389208645 -0.0237520654 0.00405261479
v -0.0389143601 -0.0221813638 -0.00931514334
v -0.0389807113 -0.0168658327 -0.0170415156
v -0.0112717887 0.0389228798 -0.0255218018
v 0.000701411162 0.0395554528 -0.0262422133
v -0.0135966167 0.0392178409 -0.0259035602
v -0.03061538 0.037938308 -0.0164620411
v -0.03292384 0.0371897593 -0.0117976563
v -0.0318778567 0.0378253087 -0.012875841
v -0.0339273699 0.0368970633 -0.00584345078
v -0.0272498 0.038259469 -0.0210785177
v -0.0224279165 0.0386719704 -0.0241070315
v -6.86931016e-05 0.0391900316 -0.0256642494
v -0.0221122187 0.0383526906 -0.0235404354
v -0.0334979594 0.0372290239 -0.00429045921
v -0.0314551108 0.0378474146 -0.0126372958
v -0.0289536621 0.0379393846 -0.0177231077
v -0.026984714 0.0381697416 -0.0203433745
v -0.0244084522 0.0381947607 -0.0223039333
v -0.0288949925 0.0374755226 -0.0170464441
v -0.0340020433 -0.0315634459 0.00932416972
v -0.0340165421 -0.019734757 0.0265745595
v -0.0337383412 -0.00805879291 0.0323141553
v -0.0337645411 -0.00370924501 0.0331455655
v -0.0324610844 -0.0321928859 -0.00716197677
v -0.0340098813 0.030536674 0.0159074236
v -0.0337781534 0.032791283 0.0116298217
v -0.0340502635 0.0246431809 0.0233460981
v -0.0340249091 0.0210832134 0.0263708308
v -0.0340793915 0.0170430671 0.0289382432
v -0.0340162031 0.0128892213 0.0309200864
v -0.0343709439 0.0331712142 0.00981023349
v -0.0337926708 0.0345429815 0.00716356607
v -0.0340919048 0.0279114284 0.0196668543
v -0.0345174149 0.0352683291 0.00296339765
v -0.033794079 0.035859108 0.00279145129
v -0.034061525 0.00676294882 0.0327338539
v -0.0337015986 -0.0202847868 -0.026055485
v -0.039765168 0.00750280265 0.0202341583
v -0.0389231555 0.00938673783 0.0229715053
v -0.0373620987 0.00945969112 0.0268815644
v -0.0344063826 0.036341168 -0.00270678732
v -0.0338396057 -0.0227799639 -0.0237639304
v -0.0336778611 -0.0271466505 -0.0186177194
v -0.0336812846 -0.0250841677 -0.0213385932
v -0.02872256 -0.0108585767 -0.0430192463
v -0.0314172022 -0.0052740192 -0.0419465452
v -0.0321206674 -0.00392363081 -0.0402822196
v 0.000111476489 0.0399401262 -0.0676124617
v -0.031182209 0.0200330112 -0.0676199719
v -0.033051908 0.0127003426 -0.0563911349
v -0.0316090062 0.0189338382 -0.0588541664
v -0.0263446774 0.0291377027 -0.0585818365
v -0.0235033464 0.0322615206 -0.0578281134
v -0.0195232611 0.0354583636 -0.0587851778
v -0.0139866611 0.0381452851 -0.0581815057
v -0.000257510139 0.0399534665 -0.0587340072
v -0.0395204388 0.0230295118 -0.00299446401
v -0.0393919908 0.0219281949 0.00870050676
v -0.0394609906 0.0157127585 0.0165625904
v -0.0376365259 0.0204184428 0.0194712058
v -0.0092775682 0.0390928946 -0.0327786542
v -0.0111596007 0.0385478437 -0.0362636968
v -0.0172729418 0.038254153 -0.0301710796
v -0.0248055588 0.031328585 -0.0455229394
v -0.0223954711 0.03319427 -0.0466598012
v -0.0312625766 0.0243428368 -0.0397205353
v -0.0334457979 0.0198524743 -0.0374384113
v -0.0303947683 0.0233995263 -0.0464669988
v -0.0376447253 0.0246744286 0.0143375574
v 0.000128055486 0.0397949293 -0.0316529758
v -0.0169106219 0.0368698165 -0.056312196
v -0.0294917524 0.0241667777 -0.0537038036
v -0.000122895086 0.0399501659 -0.048054982
v -0.00612932164 0.0395395458 -0.045930855
v -0.000283129193 0.0399416685 -0.0403425358
v -0.00667736912 0.0394667871 -0.0300478917
v -0.0299030878 0.0369103812 -0.0212426893
v -0.0250873305 0.0375570729 -0.0257386584
v -0.0325162821 0.0358354226 -0.018022256
v -0.0347270668 0.0344470106 -0.0132885827
v -0.0369868167 0.0158682968 0.0245348308
v -0.0394122414 0.0195204951 -0.013445315
v -0.0394784063 0.00600149808 -0.022010915
v -0.0386062413 -0.00114196178 -0.0256047547
v -0.0393631086 -0.00671292981 -0.0216390397
v -0.0361222886 0.000634519849 -0.032512147
v -0.0346460529 0.00434675673 -0.0379776992
v -0.0377528742 0.0188633185 -0.0234761275
v -0.0377955958 0.0117272465 -0.0268049482
v -0.0358756371 0.0251316316 -0.0248396397
v -0.0347872786 0.0133079067 -0.03625606
v -0.0344497524 0.0106050381 -0.038657058
v -0.0323543176 0.0187545102 -0.0442884751
v -0.0274249818 0.0277124532 -0.051703129
v -0.0207063574 0.0344435051 -0.0527276024
v -0.0239212532 0.0317865126 -0.0515649356
v -0.028142238 0.0276957881 -0.0448248759
v -0.0331864245 0.0131211216 -0.0474239141
v -0.0320626423 0.017529605 -0.0527443439
v -0.0344891585 0.0292840041 -0.0241964012
v -0.0238840692 0.0360149257 -0.0313088633
v -0.0313421078 0.0344335847 -0.0239336397
v -0.0232424196 0.0345519185 -0.0365511179
v -0.0263929889 0.032807488 -0.0353542529
v -0.028330829 0.0318409838 -0.0338169187
v -0.0303253829 0.028032342 -0.036294993
v -0.0272562206 0.0297493506 -0.0415412523
v -0.0135440715 0.0377726555 -0.0393201187
v -0.0151067739 0.0374151058 -0.0498741083
v -0.0222287029 0.033918824 -0.0415075682
v -0.015694594 0.0369113795 -0.0427686088
v -0.0106313964 0.0389192738 -0.0517941825
v -0.00740611413 0.0396173298 -0.0550014898
v -0.0372359976 0.0284877904 0.00883729476
v -0.0376948044 0.0295342915 0.00135456072
v -0.0363725834 0.0327024981 -0.00677332887
v -0.0383185185 0.026879631 -0.00866768416
v -0.036454957 0.0309446976 -0.0133860856
v -0.0358114541 0.0295758508 -0.0194895435
v -0.0336716212 0.0322816521 -0.022239428
v -0.0376274027 0.02401812 -0.0189440046
v -0.0328562185 0.000445748097 -0.045594465
v -0.00636604801 -0.0262992308 -0.0515350252
v -0.0330923237 0.00757791707 0.0316044204
v 0.03244574 0.0222511273 0.0256097615
v 0.0324420854 0.0262880921 0.0218324028
v 0.0324430428 0.0278974269 0.0182354152
v 0.0324404202 0.0302071255 0.0165723916
v 0.0324409045 0.0310071222 0.0131481122
v 0.0324426927 0.0336729512 0.0097928727
v 0.0324455574 0.0343819633 0.00472833123
v 0.0324429497 0.0362702273 0.00136518141
v 0.032326676 0.0360129774 -0.00287317229
v 0.0321602486 0.0372548774 -0.00497791218
v 0.0260441136 0.0373684131 -0.0208104756
v 0.0288814679 0.0374767408 -0.0170780588
v 0.030990934 0.0375336744 -0.0117840851
v 0.0162553452 0.0375778005 -0.0250035468
v 0.0218194667 0.0373759605 -0.0234878697
v 0.0221510809 0.0373018533 -0.024452081
v 0.0244694334 -0.0161334928 -0.0498644002
v 0.0229246411 -0.0163690113 -0.0505646467
v 0.0223002471 -0.0183921829 -0.051075045
v 0.0183164161 -0.0202539694 -0.0514310189
v 0.0250594616 -0.0139395753 -0.0478451215
v 0.0259647649 -0.0144191068 -0.0475900397
v 0.0265269782 -0.0126581984 -0.0422543809
v 0.0274005495 -0.0131932199 -0.0421435796
v 0.0284056701 -0.0121653136 -0.0369577296
v 0.0291342102 -0.0126849674 -0.0373842679
v 0.0299703926 -0.0123249926 -0.0336447731
v 0.0317439511 -0.0133424876 -0.032359004
v 0.0312062539 -0.0129260868 -0.0315996967
v 0.0307788774 -0.0128338309 -0.0339696929
v 0.0302579682 -0.00490137096 -0.0559085682
v 0.0319341831 0.000768365047 -0.0574438572
v 0.0311724208 -0.00232832949 -0.058951173
v 0.0323843919 0.00199670531 -0.042831488
v 0.0324409641 -0.000600260915 -0.0394312069
v 0.00603173301 0.0298522171 -0.0696258619
v 0.00603173301 -0.0173722226 -0.0696258619
v 0.0119274417 -0.0149301309 -0.0696258619
v 0.0119274417 0.0274101328 -0.0696258619
v 0.0169902015 0.0235253405 -0.0696258619
v 0.0169902015 -0.0110453386 -0.0696258619
v 0.0208749939 0.0184625816 -0.0696258619
v 0.0233170763 -8.68752322e-05 -0.0696258619
v 0.0241500251 0.00624000141 -0.0696258619
v 0.0208749939 -0.0059825792 -0.0696258619
v 0.0233170763 0.0125668775 -0.0696258619
v 0.0330436043 0.00629116455 0.0318852179
v 0.03289859 0.0358972587 -0.00189350836
v 0.0240060426 -0.015214731 -0.0610902198
v 0.0278375521 -0.0104060154 -0.0428946055
v 0.0271368138 -0.0111009274 -0.0575688519
v 0.0293386728 -0.00719269179 -0.0603834502
v 0.0305199772 -0.00522795273 -0.0408689864
v 0.0302520357 -0.00486712297 -0.0468396731
v 0.0312055852 -0.00516494364 -0.0379796997
v 0.00103698147 0.03894189 -0.0631612316
v 0.00103698054 0.0389415324 -0.067296274
v 0.0317745432 0.000307379698 -0.0502216555
v 0.0326802358 -0.000494773558 -0.0568118431
v 0.0333802402 0.00374138914 -0.0591230951
v 0.0334833674 0.00835725758 -0.0582561977
v 0.0311767235 -0.00525427284 -0.0546780564
v 0.0338248089 0.0054023671 -0.0437912084
v 0.033634603 0.00642815931 -0.0487705395
v 0.034157142 0.000233826926 -0.0383020416
v 0.033381246 0.000852115103 -0.0414125472
v 0.0340466611 -0.00583317736 -0.034833964
v 0.0330617838 -0.00365961366 -0.0377368405
v 0.0324043557 -0.0019488465 -0.0676304027
v -0.0231822208 0.0124516543 -0.070625864
v -0.0119999992 -0.0145446081 -0.070625864
v 0.0311963987 0.00507073104 -0.0706276521
v 0.0231822189 0.0124516543 -0.070625864
v 0.0239999983 0.00624000141 -0.070625864
v 0.0197922625 0.0308299679 -0.070625484
v 0.0251859147 0.0248837005 -0.070625864
v 0.0169705618 0.0232105609 -0.070625864
v 0.020784609 0.0182400029 -0.070625864
v 0.0297291223 0.0162654053 -0.0706282035
v -0.0169705637 0.0232105609 -0.070625864
v -0.0207846109 0.0182400029 -0.070625864
v 0.0231822189 2.83405498e-05 -0.070625864
v 0.0295684319 -0.00309098256 -0.0706264004
v 0.020784609 -0.00576000055 -0.070625864
v 0.0270123668 -0.0087703038 -0.070625864
v 0.0169705618 -0.0107305665 -0.070625864
v 0.0120000001 0.02702461 -0.070625864
v 0.0123021165 0.0352476798 -0.0706258714
v 0.00621165708 0.0294222217 -0.070625864
v -0.0119999992 0.02702461 -0.070625864
v -0.0231822208 2.83405952e-05 -0.070625864
v -0.0240000002 0.00624000141 -0.070625864
v -0.0207846109 -0.00576000055 -0.070625864
v -0.0169705637 -0.0107305665 -0.070625864
v -0.00621165708 -0.0169422198 -0.070625864
v 0.0215361286 -0.0159395058 -0.0706250295
v 0.0120000001 -0.0145446081 -0.070625864
v 0.0143191917 -0.0209642369 -0.070625864
v 0.00621165708 -0.0169422198 -0.070625864
v -1.27889963e-10 0.0302399974 -0.070625864
v 0.00620723749 0.0371270776 -0.070624806
v -0.00621165708 0.0294222217 -0.070625864
v -1.7620741e-10 -0.0177599955 -0.070625864
v 0.00885108113 -0.023171382 -0.070625864
v 0.0055607073 -0.0264298879 -0.0676036924
v 0.0101810172 -0.0252869241 -0.06759803
v 0.0144667346 -0.0236060172 -0.0676239356
v 0.0233118832 -0.0174471363 -0.0675908178
v 0.0195042584 -0.0206793658 -0.0675605461
v 0.0331845656 0.00186716055 -0.0675556287
v 0.0311771575 -0.00569519121 -0.067619808
v 0.0293750297 -0.00947945751 -0.0676461086
v 0.0335151069 0.00659826398 -0.0676368028
v 0.0330893137 0.0126751745 -0.0675613806
v 0.0314967856 0.0192782786 -0.0675953478
v 0.0295367073 0.0239261463 -0.067569524
v 0.0272231307 0.0278447364 -0.0676307678
v 0.024157783 0.0316041745 -0.0675615072
v 0.0216959864 0.0338121429 -0.0676102415
v 0.0190458409 0.0356885083 -0.0676100701
v 0.0150122726 0.0377367996 -0.0676552579
v 0.0101947114 0.0391389057 -0.0676434934
v 0.0065716044 0.0396716297 -0.06766323
v 0.0401478708 0.0188357215 -0.00485528447
v 0.0401482135 0.00565619161 -0.0179634821
v 0.0401271172 0.0124657685 -0.0151096312
v 0.0401286222 -0.00919871964 -0.0167396199
v 0.0401342176 -0.0140814846 0.0129903099
v 0.0394405127 -0.0145632988 0.0173891392
v 0.0343091339 -0.0175612904 -0.0275122561
v 0.0368220508 -0.0135562029 -0.0254800562
v 0.0386942998 -0.0122809336 -0.0216197949
v 0.0393818468 -0.0162638519 -0.0159703307
v 0.0373520739 -0.0201454647 -0.0192949809
v 0.0345943831 -0.0203710217 -0.0250637196
v 0.0345368721 -0.0253654886 -0.0200942867
v 0.0373139046 -0.0257701352 -0.0106428107
v 0.0340403318 -0.0306157283 -0.0118645569
v 0.0340375938 -0.0287841558 -0.015810689
v 0.0372936092 -0.0276544262 -0.00306736422
v 0.0342606008 -0.031624537 -0.00803578179
v 0.037306048 -0.0274744797 0.00516196527
v 0.0342686959 -0.03264606 0.000741309312
v 0.0341121145 -0.0325776748 -0.00356812635
v 0.0373027064 -0.0235386826 0.0152638536
v 0.03408622 -0.030046409 0.0134090101
v 0.0340603702 -0.025821548 0.0205439087
v 0.0340274945 -0.0282186139 0.0170492493
v 0.037304882 -0.01615238 0.023096431
v 0.0340558216 -0.0158001706 0.0291368794
v 0.0372936353 -0.0092206765 0.0266354475
v 0.0342522785 -0.0121351499 0.0306852981
v 0.0340747349 -0.00376014714 0.0330807827
v 0.0373417474 -0.0017604928 0.0282480419
v 0.0340271406 -0.0080063995 0.032272052
v 0.0398020148 -0.003732051 0.0209723189
v 0.0394936539 -0.0222315267 -0.00179900962
v 0.0397594497 -0.0196411852 0.00733503979
v 0.0393415987 -0.0209289975 -0.00915246177
v 0.0389267877 -0.00165251177 0.0244688671
v 0.0389268287 -0.0102619696 0.0221269298
v 0.0389262326 -0.0205120184 0.0128106503
v 0.0389262624 -0.0237521436 0.00405244064
v 0.0199322309 -0.0202774107 -0.0588510074
v 0.0151703982 -0.0232475735 -0.0609355904
v 0.0113902576 0.0389632918 -0.0255033281
v 0.0183787327 0.0385757983 -0.024726335
v 0.0167729706 0.0390324257 -0.0256011672
v 0.00827597361 0.0394529104 -0.0266821049
v 0.0201292578 0.0388353281 -0.0249158014
v 0.0271129403 0.0382999107 -0.0211367086
v 0.0295286663 0.0381048806 -0.0181817524
v 0.0319384709 0.0377690829 -0.0132192159
v 0.0336193927 0.0371504351 -0.00696898811
v 0.0334306955 0.0372168496 -0.00405373098
v 0.0317656137 0.0378223918 -0.0117575526
v 0.0221620295 0.0384553745 -0.0236007646
v 0.0243924893 0.0381906256 -0.0223107021
v 0.0265934784 0.0380855463 -0.020604847
v 0.0288365353 0.0379663706 -0.0179218166
v 0.0340432376 -0.0196573474 0.0266125947
v 0.03246646 -0.0329355896 0.00180940551
v 0.034044113 -0.0324566364 0.00518352864
v 0.0340053216 -0.0315641202 0.00932724867
v 0.0341580249 -0.0227841567 0.0238167606
v 0.0340578035 0.000453325716 0.0333396532
v 0.0340853408 0.0169366356 0.0289951842
v 0.034043584 0.021000009 0.0264274552
v 0.0337896794 0.0345200859 0.00723026507
v 0.0340780541 0.0357987247 0.00279397052
v 0.0345552042 0.0343476683 0.00592141086
v 0.0340416096 0.0328016505 0.0114910053
v 0.0340331271 0.0247666389 0.0232339595
v 0.0340914652 0.0280038863 0.0195597447
v 0.0340133831 0.0305543747 0.0158841535
v 0.0340305902 0.0128396824 0.0309313536
v 0.0340540484 0.00679313857 0.0327306315
v 0.033403784 -0.0198640097 -0.0265631042
v 0.0337240286 -0.0260775741 -0.020142287
v 0.0338273272 -0.0227506962 -0.0238272194
v 0.0370977633 0.00896129757 0.0275143385
v 0.0389607437 0.00665786071 0.0236197431
v 0.0388415717 0.0098763993 0.0229862873
v 0.0397587828 0.007839486 0.0201262999
v 0.0349396355 0.0355182141 -0.00411853008
v 0.0341307335 0.0366779342 -0.00301434868
v 0.0330789126 -0.0126237618 -0.0316187143
v 0.0316362828 -0.00532352319 -0.0402236283
v 0.0286416169 -0.0109875454 -0.0431554988
v 0.0316790715 -0.00426221266 -0.0437935144
v 0.0281948987 -0.0111230481 -0.0517888404
v 0.0298826881 -0.00837631058 -0.0603994355
v 0.0273454804 -0.0125814015 -0.0591459274
v 0.0267263036 -0.0136342803 -0.0676231012
v 0.0182941835 0.036171671 -0.0583244748
v 0.0326664038 0.0152903059 -0.0488263965
v 0.0315512232 0.0191819556 -0.0524202026
v 0.0299438108 0.0233765356 -0.051207982
v 0.0288991034 0.0252298024 -0.0547507405
v 0.0263947789 0.0290520582 -0.0556622855
v 0.0235713404 0.0322033241 -0.057638526
v 0.0210275576 0.0343210846 -0.0558681339
v 0.013017538 0.0384857506 -0.0576813184
v 0.007195279 0.0396458879 -0.0562813915
v 0.0353071094 0.0246562734 -0.0271248985
v 0.0375622921 0.0217722654 -0.0218991153
v 0.03253318 0.0358502232 -0.0180391483
v 0.0339767672 0.0358882323 -0.0119887358
v 0.0394194759 0.0218279455 0.00874693599
v 0.0388980173 0.0260539986 -0.000559082022
v 0.0354938544 -0.00143388333 -0.0338457413
v 0.0331643857 0.0123341214 -0.0507471375
v 0.0207439102 0.0362406597 -0.0346025266
v 0.0177377537 0.0365150683 -0.038979765
v 0.0122160148 0.0385736711 -0.0339745805
v 0.0250094831 0.0375995338 -0.0257822759
v 0.0285844821 0.0369794592 -0.02300038
v 0.0394973978 0.00625065202 -0.0219245497
v 0.0340376757 0.00982044358 -0.042107977
v 0.0350638777 0.00623964658 -0.0366504006
v 0.0393685028 -0.00671301922 -0.0216392186
v 0.0386238508 -0.00139868131 -0.0255197622
v 0.0390383936 0.0224525277 -0.0124735693
v 0.0394663848 0.0157126617 0.0165624116
v 0.0370399207 0.0157490633 0.0244902987
v 0.0376084559 0.0204252191 0.0195902847
v 0.0376501158 0.0246743485 0.0143373916
v 0.0372825116 0.0283467248 0.00891615171
v 0.00683613727 0.0393416211 -0.0379559658
v 0.00637799082 0.0395138673 -0.046741467
v 0.0150286984 0.0376034752 -0.0539294817
v 0.0308530778 0.0362910703 -0.020834228
v 0.0182538163 0.0378716514 -0.0308369603
v 0.0268070865 0.0356809683 -0.028475143
v 0.028292397 0.0331708118 -0.0314031281
v 0.0299314316 0.0348823145 -0.025515696
v 0.0320814252 0.0317841358 -0.0268053189
v 0.0328405239 0.0285988078 -0.0294949766
v 0.0291192103 0.0310116783 -0.033847902
v 0.0320343673 0.0339351594 -0.0232871976
v 0.0322823972 0.0271660164 -0.0325673036
v 0.0232596789 0.0342996344 -0.0371534713
v 0.0210574605 0.0343625359 -0.0438177586
v 0.0273416881 0.0301294029 -0.0401122309
v 0.0134114046 0.0377777591 -0.0444311276
v 0.0113816224 0.0386917442 -0.0512126125
v 0.0249707457 0.03247343 -0.0395880193
v 0.0239713192 0.0320871025 -0.045990102
v 0.0190201756 0.0354911499 -0.0514135994
v 0.0321820751 0.0242662076 -0.036740493
v 0.0333471447 0.0196050815 -0.0379404649
v 0.0309977923 0.023187669 -0.0431468263
v 0.0284102503 0.0284806527 -0.0411936007
v 0.0257807709 0.0301449429 -0.0478405766
v 0.0274314657 0.027878074 -0.0500107035
v 0.0290979836 0.0261216313 -0.0455453806
v 0.0318453014 0.0199254099 -0.0454144925
v 0.0356023796 0.0140543142 -0.0332581736
v 0.0339457169 0.0152473431 -0.0391844399
v 0.035097789 0.0202709623 -0.0314665139
v 0.0379195884 0.0128238825 -0.0261069797
v 0.0371057093 0.0306270849 0.00231040525
v 0.0363731161 0.0326594412 -0.0068890457
v 0.0374191627 0.0296700485 -0.00912458263
v 0.0345176123 0.032116659 -0.0200054236
v 0.0349562243 0.0334547684 -0.0150298346
v 0.0369651504 0.0280679818 -0.016521072
v 0.0352009423 0.0290361941 -0.0225088168
v 0.0239601713 -0.0167407226 -0.0608936585
v 0.00545000983 -0.0264475346 -0.0580814816
v 0.032791324 0.000120566983 -0.0455412082
v 0.0201886855 -0.0188295096 -0.0614818372
v -0.0306608956 0.0152132856 0.0287596211
v -0.0306703839 0.00798830576 0.0315770023
v -0.0306601506 0.0205866713 0.0252503976
v -0.0306561217 0.0260777157 0.0194735564
v -0.0306603536 0.0291204583 0.0144617781
v -0.0306623951 0.0309822503 0.00995114725
v -0.030655954 0.0323584378 0.00349508203
v -0.0306656975 0.032307338 -0.00402042735
v -0.0306648556 0.0305677801 -0.0111735361
v -0.0306547489 0.0272321161 -0.0178600177
v -0.0306579806 0.0197405368 -0.0258730855
v -0.0306583773 0.0231572147 -0.0228163432
v -0.0306483451 0.0133817531 -0.0297381673
v -0.0306652207 0.00644340413 -0.0318956189
v -0.0306439083 -0.000594260287 -0.0325879045
v -0.0306614265 -0.00737493951 -0.0316961482
v -0.0306693316 -0.0190486405 -0.026394872
v -0.0306599103 -0.0136109088 -0.029556362
v -0.0306391791 -0.024926953 -0.0209383555
v -0.0304530747 -0.0287759881 -0.0151971597
v -0.0299719702 -0.0312390719 -0.00912277121
v -0.0303703118 -0.0325344093 -0.00127369014
v -0.0307216905 -0.032082364 0.00538905058
v -0.0309072584 -0.0308881011 0.00993457623
v -0.0309434459 -0.0286915749 0.015363778
v -0.0308959894 -0.0246579908 0.021246504
v -0.0309450496 -0.020320205 0.0253714006
v -0.0308779702 -0.016414417 0.0280782543
v -0.0309245102 -0.0115776686 0.0303577967
v -0.0307797194 -0.00631185295 0.0319341868
v -0.0307171326 0.000328384252 0.032532271
v -0.0310123283 0.0261026975 -0.00607388234
v -0.0304124597 0.0261026975 -0.00607388234
v -0.0304124597 0.0238906275 -0.0121441679
v -0.031012347 0.0238906275 -0.0121441679
v -0.0304124597 0.0202901121 -0.0175087061
v -0.0310123656 0.0202901121 -0.0175087061
v -0.0304124597 0.0155104157 -0.0218556728
v -0.0310123805 0.0155104157 -0.0218556728
v -0.0304124597 0.0098293107 -0.0249324646
v -0.0310123917 0.0098293107 -0.0249324646
v -0.0304124597 0.00357695529 -0.0265602972
v -0.0310123991 0.00357695529 -0.0265602972
v -0.0304124597 -0.00288327178 -0.0266445186
v -0.0310123991 -0.00288327178 -0.0266445186
v -0.0304124597 -0.00917594321 -0.0251802709
v -0.0310123991 -0.00917594321 -0.0251802709
v -0.0304124597 -0.0149353314 -0.02225261
v -0.0310123954 -0.0149353314 -0.02225261
v -0.0304124597 -0.0198267419 -0.0180317368
v -0.0310123842 -0.0198267419 -0.0180317368
v -0.0304124597 -0.0235658903 -0.0127629237
v -0.031012373 -0.0235658903 -0.0127629237
v -0.0304124597 -0.0259354729 -0.00675236201
v -0.0310123544 -0.0259354729 -0.00675236201
v -0.0304124597 -0.0267977882 -0.000349392591
v -0.0310123395 -0.0267977882 -0.000349392591
v -0.0304124597 -0.0261027087 0.0060739019
v -0.0310123209 -0.0261027087 0.0060739019
v -0.0304124597 -0.0238906313 0.0121441884
v -0.0310123023 -0.0238906313 0.0121441884
v -0.0304124597 -0.0202901084 0.0175086949
v -0.0310122836 -0.0202901084 0.0175086949
v -0.0304124597 -0.0155104119 0.0218556616
v -0.0310122687 -0.0155104119 0.0218556616
v -0.0304124597 -0.00982931443 0.0249324534
v -0.0310122576 -0.00982931443 0.0249324534
v -0.0304124597 -0.00357695064 0.0265602861
v -0.0310122501 -0.00357695064 0.0265602861
v -0.0304124597 0.00288327644 0.0266445074
v -0.0310122464 0.00288327644 0.0266445074
v -0.0308922939 0.00917593855 0.0251802616
v -0.0304124597 0.0149353351 0.0222526286
v -0.0310122538 0.0149353351 0.0222526286
v -0.0304124597 0.0198267382 0.0180317257
v -0.031012265 0.0198267382 0.0180317257
v -0.0304124597 0.0235658865 0.0127629144
v -0.0310122762 0.0235658865 0.0127629144
v -0.0304124597 0.0259354692 0.00675235176
v -0.0310122911 0.0259354692 0.00675235176
v -0.0304124597 0.0267977845 0.000349382462
v -0.0310123097 0.0267977845 0.000349382462
v -0.0310134273 -0.0318971612 0.00109795935
v -0.0310197696 -0.0313450657 -0.00621284032
v -0.0310138967 -0.0289519373 -0.0135542797
v -0.0310080051 0.0105843451 0.0301220119
v -0.0310150329 0.00185440294 0.0319919996
v -0.0310114603 -0.0244467091 -0.0205492675
v -0.0310120098 -0.0181155596 -0.026404893
v -0.0310038887 -0.0103892405 -0.0302631278
v -0.0310125183 -0.00136607338 -0.0319825262
v -0.0310087129 0.0162820648 0.0275311619
v -0.0310023762 0.00827792566 -0.0309016611
v -0.031010028 0.0219947211 0.0231352672
v -0.0310111996 0.0147026582 -0.0283705052
v -0.0310104024 0.021070594 -0.0241223332
v -0.0310093481 0.028068902 0.0154124992
v -0.0310081635 0.0311638881 0.00713996869
v -0.0310086198 0.0275593698 -0.0161901377
v -0.0310103279 0.03085397 -0.00854535401
v -0.0310070906 0.0319315568 0.000641687599
v 0.0306983069 0.02980805 0.0129812453
v 0.0306927841 0.00886043254 0.0313445851
v 0.030723216 0.00104983116 0.032531552
v 0.0308056884 -0.00596512761 0.0320012011
v 0.0308687165 -0.0131582376 0.0297726095
v 0.0309585966 -0.0196815655 0.0258977022
v 0.0309149642 -0.0246204603 0.0212931372
v 0.0309783965 -0.0277296435 0.0169178192
v 0.0309394319 -0.0294424668 0.013728465
v 0.0308271404 -0.0314021148 0.0085430881
v 0.0306829326 -0.0322761983 0.00380749512
v 0.030396482 -0.0325233564 -0.00122849003
v 0.0299817231 -0.0316646658 -0.00741070369
v 0.0306046866 -0.0268805958 -0.0183244944
v 0.0303249415 -0.0297670849 -0.0131535381
v 0.0306701977 -0.0236441139 -0.0223266147
v 0.0306776706 -0.01991909 -0.0257045683
v 0.0306887757 -0.0154454196 -0.0286310762
v 0.0306826346 -0.0108382627 -0.0306624863
v 0.0306781232 -0.0046030744 -0.0322333314
v 0.0306839868 0.0024381245 -0.0324416198
v 0.0306812823 0.00794885866 -0.0315179788
v 0.0306849387 0.0123221204 -0.0301401783
v 0.030682493 0.017423002 -0.0274528749
v 0.0306783486 0.0219236631 -0.0240384191
v 0.0306831691 0.0266395733 -0.0187371802
v 0.0306895841 0.0300606135 -0.0124642588
v 0.030677598 0.0321715735 -0.00530876545
v 0.0306723192 0.0324707404 0.00232481374
v 0.0306837931 0.0313201062 0.00879039709
v 0.0306829587 0.0256891735 0.0200781487
v 0.0306843221 0.0210603811 0.0247704629
v 0.0306814499 0.0162924957 0.0281648021
v 0.0304359701 -0.00288327178 -0.0266445186
v 0.0304359701 -0.00917594321 -0.0251802709
v 0.0304359701 0.0261026975 -0.00607388234
v 0.0304359701 -0.0149353314 -0.02225261
v 0.0304359701 -0.0198267419 -0.0180317368
v 0.0304359701 -0.0235658903 -0.0127629237
v 0.0304359701 -0.0259354729 -0.00675236201
v 0.0304359701 -0.0267977882 -0.000349392532
v 0.0304359701 0.0149353351 0.0222526286
v 0.0304359701 0.0198267382 0.0180317257
v 0.0304359701 0.0235658865 0.0127629144
v 0.0304359701 0.0155104157 -0.0218556728
v 0.0304359701 0.0202901121 -0.0175087061
v 0.0304359701 0.0238906275 -0.0121441679
v 0.0304359701 0.0098293107 -0.0249324646
v 0.0304359701 0.00357695529 -0.0265602972
v 0.0304359701 -0.0261027087 0.0060739019
v 0.0304359701 -0.0238906313 0.0121441884
v 0.0304359701 0.0267977845 0.000349382521
v 0.0304359701 -0.0202901084 0.0175086949
v 0.0304359701 -0.0155104119 0.0218556616
v 0.0304359701 0.00288327644 0.0266445074
v 0.0304359701 0.00917593949 0.0251802597
v 0.0304359701 0.0259354692 0.00675235176
v 0.0304359701 -0.00982931443 0.0249324534
v 0.0304359701 -0.00357695064 0.0265602861
v 0.0310357101 0.0261026975 -0.00607388234
v 0.0310357641 0.0267977845 0.000349382521
v 0.0310357921 0.0259354692 0.00675235176
v 0.0310358219 0.0235658865 0.0127629144
v 0.0310358517 0.0198267382 0.0180317257
v 0.0310358796 0.0149353351 0.0222526286
v 0.0310359057 0.00917593949 0.0251802597
v 0.0310359243 0.00288327644 0.0266445074
v 0.0310359392 -0.00357695064 0.0265602861
v 0.0310359467 -0.00982931443 0.0249324534
v 0.0310359467 -0.0155104119 0.0218556616
v 0.0310359392 -0.0202901084 0.0175086949
v 0.0310359243 -0.0238906313 0.0121441884
v 0.0310357101 -0.0261027087 0.0060739019
v 0.0310358796 -0.0267977882 -0.000349392532
v 0.0310358498 -0.0259354729 -0.00675236201
v 0.03103582 -0.0235658903 -0.0127629237
v 0.0310357902 -0.0198267419 -0.0180317368
v 0.0310357623 -0.0149353314 -0.02225261
v 0.0310357362 -0.00917594321 -0.0251802709
v 0.0310357176 -0.00288327178 -0.0266445186
v 0.0310357027 0.00357695529 -0.0265602972
v 0.0310356971 0.0098293107 -0.0249324646
v 0.0310356971 0.0155104157 -0.0218556728
v 0.0310357045 0.0202901121 -0.0175087061
v 0.0310357176 0.0238906275 -0.0121441679
v 0.0310292803 -0.00848351978 -0.0309179332
v 0.0310340393 -0.03198535 0.00164380204
v 0.0310271289 0.000859366846 -0.0319932662
v 0.0310348365 0.00808975101 -0.0309225842
v 0.031032417 0.0227851123 -0.0225274563
v 0.0310276616 0.0150855025 -0.0282204729
v 0.0310397651 0.00105527288 0.0320366398
v 0.0310364887 -0.0100681596 0.0304281656
v 0.0310311299 -0.0173192583 -0.0269384459
v 0.0310280938 0.0163566824 0.0274775028
v 0.0310311299 0.0101451594 0.0302993357
v 0.0310414452 -0.028667869 -0.014148335
v 0.0310313851 0.0286632422 -0.0143135665
v 0.0310357381 -0.0311178267 -0.00730968174
v 0.0310344771 -0.0241779983 -0.0208678599
v 0.0310331248 0.0316188671 0.00443309033
v 0.0310316142 0.0216428526 0.0234811679
v 0.0310317781 0.0260417014 0.0185683668
v 0.031034613 0.0316917412 -0.00447183801
v 0.0310327765 0.0299072191 0.0113392398
v -0.000295141916 -0.0182051677 -0.0456258692
v -0.00662201643 0.0298522171 -0.0456258692
v -0.0125177251 0.0274101328 -0.0456258692
v -0.0175804868 0.0235253405 -0.0456258692
v -0.0214652792 0.0184625816 -0.0456258692
v -0.0239073616 0.0125668775 -0.0456258692
v -0.0247403104 0.00624000141 -0.0456258692
v -0.0239073616 -8.68751813e-05 -0.0456258692
v -0.0214652792 -0.0059825792 -0.0456258692
v -0.0175804868 -0.0110453386 -0.0456258692
v -0.0125177251 -0.0149301309 -0.0456258692
v -0.00662201643 -0.0173722226 -0.0456258692
v 0.00603173301 -0.0173722226 -0.0456258692
v 0.0119274417 -0.0149301309 -0.0456258692
v 0.0169902015 -0.0110453386 -0.0456258692
v 0.0208749939 -0.0059825792 -0.0456258692
v 0.0233170763 -8.68752322e-05 -0.0456258692
v 0.0241500251 0.00624000141 -0.0456258692
v 0.0233170763 0.0125668775 -0.0456258692
v 0.0208749939 0.0184625816 -0.0456258692
v 0.0169902015 0.0235253405 -0.0456258692
v 0.0119274417 0.0274101328 -0.0456258692
v 0.00603173301 0.0298522171 -0.0456258692
v -0.000295146223 0.0306851696 -0.0456258729
v -1.46165996e-10 -0.0177599955 -0.103199996
v -0.00621165708 -0.0169422198 -0.103199996
v -0.0119999992 -0.0145446081 -0.103199996
v -0.0169705637 -0.0107305665 -0.103199996
v -0.0207846109 -0.00576000055 -0.103199996
v -0.0231822208 2.83405952e-05 -0.103199996
v -0.0240000002 0.00624000141 -0.103199996
v -0.0231822208 0.0124516543 -0.103199996
v -0.0207846109 0.0182400029 -0.103199996
v -0.0169705637 0.0232105609 -0.103199996
v -0.0119999992 0.02702461 -0.103199996
v -0.00621165708 0.0294222217 -0.103199996
v 2.40849363e-09 0.0302399974 -0.103200004
v 0.00621165708 0.0294222217 -0.103199996
v 0.0120000001 0.02702461 -0.103199996
v 0.0169705618 0.0232105609 -0.103199996
v 0.020784609 0.0182400029 -0.103199996
v 0.0231822189 0.0124516543 -0.103199996
v 0.0239999983 0.00624000141 -0.103199996
v 0.0231822189 2.83405498e-05 -0.103199996
v 0.020784609 -0.00576000055 -0.103199996
v 0.0169705618 -0.0107305665 -0.103199996
v 0.0120000001 -0.0145446081 -0.103199996
v 0.00621165708 -0.0169422198 -0.103199996
v 0.012150404 0.0366185531 -0.0516258664
v 0.012150404 0.0366185531 -0.0676258728
v 0.0169260707 0.0342399478 -0.0516258664
v 0.0169260707 0.0342399478 -0.0676258728
v -0.00649967045 0.0383062288 -0.0516258664
v -0.0118880188 0.0367221907 -0.0676258728
v -0.0118880188 0.0367221907 -0.0516258664
v -0.0169260725 0.0342399478 -0.0676258728
v -0.0169260725 0.0342399478 -0.0516258664
vn -0.8477839 -0.4605485 -0.2629784
vn -0.8631573 -0.4321633 -0.2611405
vn -0.9513175 -0.1828651 -0.2481037
vn -0.9771188 -0.1491563 -0.1516287
vn -0.999988 0.004384927 0.002196825
vn -0.9999382 0.009313079 0.00607168
vn -0.9978906 -0.04694782 -0.04483629
vn -0.9972548 -0.05661817 -0.04771875
vn -0.2319938 -0.9315682 -0.2799278
vn -0.6489888 -0.7375871 -0.1864908
vn -0.4318599 -0.8300202 -0.3529355
vn -0.6067168 -0.6915742 -0.3919438
vn -0.163423 -0.8237744 -0.5428523
vn -0.5753008 -0.6277393 -0.5243781
vn -0.07608902 -0.5042099 -0.8602226
vn -0.3271286 -0.5676408 -0.7554937
vn -0.3387372 -0.5920947 -0.7312189
vn -0.3533524 -0.6434083 -0.6790934
vn -0.3373258 -0.6746155 -0.6565861
vn -0.9999904 -0.002582268 0.003548671
vn -0.9999897 -0.001906082 0.004094226
vn -0.9994428 -0.01070364 0.0316168
vn -0.9997496 -0.02175055 -0.005260932
vn -0.9993296 -0.03556321 -0.008692037
vn -0.9989162 -0.04626112 -0.005126683
vn -0.9983661 -0.05696853 -0.004441307
vn -0.9982444 -0.05921413 -0.001327013
vn -0.9986142 -0.05243703 0.004488026
vn -0.9996337 -0.02697228 0.002257687
vn -0.9999985 0.001638799 -0.0007231428
vn -0.9999926 0.003549491 -0.001484944
vn -0.9999998 0.0004250939 -0.0001979608
vn -0.9999999 0.0003785636 -0.0002027036
vn -0.9999992 -0.0008407176 0.0009149802
vn -0.9999989 -0.001041416 0.001089071
vn -0.9994935 -0.008939505 0.03054202
vn -0.9999964 -0.0002666604 -0.002693737
vn -0.9999395 -0.005350103 0.009609447
vn -0.9999793 -0.0007252539 -0.006399688
vn -0.9999999 -0.0002225682 0.0004003259
vn -0.9999854 0.005255618 -0.001286637
vn -0.9999753 0.006687085 0.002145875
vn -1 -9.590373e-05 -0.0001070423
vn -0.6476454 0.4225823 0.6340187
vn -0.8575838 0.2471477 0.4510741
vn -0.8197591 0.3389604 0.4616286
vn -0.8681759 -0.4629779 0.1786673
vn -0.896876 -0.4284769 0.1096407
vn -0.8526219 -0.5138847 0.09464801
vn -0.2695001 -0.9571851 0.105671
vn -0.1755864 -0.9785815 0.1074591
vn -0.1346865 -0.9908881 -0.0005827194
vn -0.8027046 -0.5452898 0.241504
vn -0.8329349 -0.4573316 0.3115562
vn -0.7451184 -0.5842201 0.3216916
vn -0.1044034 -0.986221 0.1283282
vn -0.07732949 -0.9935889 0.08246928
vn -0.6753588 -0.675565 0.2958079
vn -0.6247385 -0.7408025 0.2468067
vn -0.5193451 -0.7893155 0.3275084
vn -0.3345394 -0.9117736 0.2382276
vn -0.7625036 -0.6131188 0.2065754
vn -0.4671456 -0.8809201 0.0758609
vn -0.6106188 -0.791873 0.009045396
vn -0.6620545 -0.7476529 -0.05195152
vn -0.7832624 -0.5679652 -0.2528154
vn -0.8488506 -0.5112293 -0.134526
vn -0.7478042 -0.5462838 -0.3773102
vn -0.8739844 -0.4856252 -0.01787173
vn -0.943237 0.1767016 0.2812124
vn -0.9416831 0.1052454 0.3196189
vn -0.9728947 0.01789325 0.2305551
vn -0.9601362 -0.01852812 0.278918
vn -0.8842526 0.2180386 0.4129848
vn -0.6703706 -0.7420123 -0.004584747
vn -0.7685933 -0.6395656 -0.01483792
vn -0.8485391 -0.5265439 0.05227619
vn -0.8672092 -0.4978286 0.0107202
vn -0.2392719 -0.9703276 -0.03483091
vn -0.2037966 -0.9789444 -0.01161345
vn -0.3629834 -0.9314811 -0.02420845
vn -0.9401449 -0.1884239 0.2839438
vn -0.923027 -0.2771693 0.2668301
vn -0.9068848 -0.3092684 0.2862046
vn -0.8860835 -0.3588373 0.2934143
vn -0.9895458 0.07267409 0.1245695
vn -0.9750369 -0.1530782 0.1608422
vn -0.6797836 -0.6835884 0.2657091
vn -0.8962588 -0.3963462 0.1990726
vn -0.7777303 -0.6218348 0.09196233
vn -0.7141371 -0.6896412 0.1200129
vn -0.6372247 -0.7706774 0.001049053
vn -0.5371445 -0.8432863 -0.01855041
vn -0.9510177 -0.1884131 0.2450835
vn -0.9484826 -0.2664541 0.171414
vn -0.9471332 -0.3088507 0.08689123
vn -0.5246865 -0.8512415 -0.009587128
vn -0.4779943 -0.8778777 -0.02919122
vn -0.9988562 -0.04201135 0.02283599
vn -0.9912287 0.1186376 0.05823035
vn -0.9900168 -0.1159475 0.08014328
vn -0.9459094 -0.07583313 0.3154439
vn -0.9375208 -0.3478006 0.00945901
vn -0.9839272 -0.1767184 0.02564949
vn -0.9850728 -0.1720818 0.004390544
vn -0.9995286 0.02942089 0.008773287
vn -0.4679257 -0.8238035 0.3199896
vn -0.6141489 -0.7140943 0.3359917
vn -0.764615 -0.5518857 0.3328454
vn -0.377254 -0.9089578 0.1774127
vn -0.5180168 -0.8253461 0.2246387
vn -0.3471116 -0.8869009 0.3048283
vn 0.007589877 -0.9999195 -0.01015539
vn -0.06911863 -0.997579 0.007663313
vn 0.01306328 -0.9998202 -0.01374429
vn -0.3988234 -0.9170135 -0.005100094
vn -0.08450045 -0.9964163 -0.003769594
vn -0.08508833 -0.9962987 -0.01219665
vn -0.1148231 -0.9933146 -0.01190511
vn 0.02538691 -0.9996499 -0.00744809
vn -0.3026654 -0.9529107 0.01883636
vn -0.2280871 -0.9725402 0.04628076
vn -0.6398861 -0.7505491 0.1649904
vn -0.9119802 -0.3535157 0.2081316
vn -0.8500276 -0.4469071 0.2787957
vn -0.2445171 -0.9320087 0.2675277
vn -0.2251128 -0.9519373 0.2077009
vn 0.9996683 0.0210919 0.01478455
vn 0.9999244 0.0111946 0.005073697
vn 0.9997318 -0.01936488 -0.01270826
vn 0.9972619 -0.06257053 -0.03941558
vn 0.9718615 -0.1626531 -0.1703797
vn 0.9670162 -0.1727349 -0.1871961
vn 0.9985287 -0.05247692 -0.01366406
vn 0.9999992 -0.0003390724 0.001172943
vn 0.9999988 -0.0001397099 0.001569099
vn 0.9999998 -5.623655e-05 -0.0006526797
vn 0.9999998 -6.447873e-05 -0.0007421823
vn 0.9999717 -0.004845875 0.00575306
vn 0.9999864 -0.002339684 0.004680484
vn 0.9999838 -0.003094124 0.004767153
vn 0.9991206 -0.02987124 0.02942515
vn 0.9990383 -0.03292409 0.02895955
vn 0.9995342 -0.02260605 0.02050231
vn 0.9999979 0.001900249 -0.0008074895
vn 0.9999697 0.007319276 -0.002621225
vn 0.9999993 0.0009543629 -0.0005491131
vn 0.9999969 0.002421699 -0.0006041382
vn 0.9999942 -0.003416549 0.0001330894
vn 0.9999558 -0.009298597 -0.001377043
vn 0.9991484 -0.0406707 -0.006948575
vn 0.8702438 0.2276457 0.4368675
vn 0.6857846 0.3984248 0.6090625
vn 0.8078423 0.3557137 0.4699559
vn 0.6696419 0.4206591 0.6120667
vn 0.4470204 0.5041413 0.7389278
vn 0.5748079 0.4341328 0.6936314
vn 0.204832 -0.9489785 -0.2397572
vn 0.2559147 -0.8972942 -0.3596814
vn 0.5794682 -0.7830217 -0.2260385
vn 0.6091379 -0.7201827 -0.3320961
vn 0.4299319 -0.7891868 -0.4385689
vn 0.2466632 -0.4121116 -0.8771096
vn 0.1965627 -0.5066187 -0.8394644
vn 0.2229062 -0.4600696 -0.8594468
vn 0.2012683 -0.5823378 -0.7876381
vn 0.2635621 -0.6691441 -0.6948246
vn 0.676448 -0.5050141 -0.5360772
vn 0.4048222 -0.7270341 -0.5545633
vn 0.9081115 -0.4175063 0.03196628
vn 0.8795816 -0.4757447 -0.001787651
vn 0.8277733 -0.5610594 -0.001940326
vn 0.9997479 0.02235282 -0.002097524
vn 0.9975406 -0.06933513 0.01026661
vn 0.9991941 0.01712181 0.0363045
vn 0.9014515 0.1344935 0.4114569
vn 0.9510614 0.0341239 0.3071121
vn 0.9495882 0.1825166 0.254892
vn 0.9650463 -0.01508583 0.2616448
vn 0.9607878 -0.06640942 0.2692148
vn 0.9127803 -0.3534411 0.2047229
vn 0.8559969 -0.4627363 0.2305308
vn 0.8639323 -0.4806814 0.1502216
vn 0.9042224 -0.4128893 0.1091068
vn 0.8602778 -0.5021506 0.08812948
vn 0.8429623 -0.5205333 -0.1358662
vn 0.6604236 -0.7467669 -0.07861202
vn 0.8734693 -0.48677 -0.01030526
vn 0.8075957 -0.5359806 -0.245996
vn 0.7365187 -0.564499 -0.3726676
vn 0.941607 -0.2090172 -0.2639851
vn 0.6471258 -0.5840935 -0.4899622
vn 0.4703242 -0.880008 0.06618966
vn 0.6039181 -0.7966279 0.02582394
vn 0.549454 -0.8031387 0.2303659
vn 0.7524199 -0.6145288 0.2371047
vn 0.4245485 -0.8520194 0.3063028
vn 0.2274428 -0.9550001 0.1903802
vn 0.3364687 -0.9120421 0.2344525
vn 0.608421 -0.743153 0.2784736
vn 0.2712087 -0.9404176 0.2050866
vn 0.1450344 -0.9706883 0.1916488
vn 0.1014157 -0.9900146 0.0979077
vn 0.094569 -0.9899539 0.1051091
vn 0.1902968 -0.9698092 0.1525031
vn 0.1680818 -0.9850765 0.03705126
vn 0.09185786 -0.995446 0.02548066
vn 0.1337831 -0.9907875 -0.02102905
vn 0.04351772 -0.999052 -0.001133921
vn 0.1048295 -0.9944704 -0.006273413
vn 0.2713533 -0.9616432 0.04012117
vn 0.7065255 -0.6373377 0.3076075
vn 0.7004067 -0.610633 0.3695374
vn 0.5347812 -0.7725394 0.3423332
vn 0.5757501 -0.7311957 0.3658751
vn 0.4103048 -0.854258 0.3192072
vn 0.3938328 -0.9185742 0.03342271
vn 0.3970724 -0.8997493 0.1810655
vn 0.2488333 -0.9682235 -0.02500607
vn 0.5251756 -0.8357509 0.1603466
vn 0.5499366 -0.8343784 0.03718111
vn 0.9380637 -0.2918802 0.1866615
vn 0.8889367 -0.448106 0.09482943
vn 0.8852291 -0.4306086 0.1759139
vn 0.7944379 -0.5947272 0.1231585
vn 0.9586057 -0.2656204 0.1025716
vn 0.7544573 -0.6561083 0.01778182
vn 0.4218772 -0.9061456 -0.03032578
vn 0.3687491 -0.9293262 -0.01941327
vn 0.5026838 -0.8643786 -0.01259614
vn 0.6288276 -0.7774622 -0.01132809
vn 0.6739897 -0.7353712 0.07047663
vn 0.9274225 -0.2602862 0.2685862
vn 0.910377 -0.3012333 0.2836763
vn 0.9384286 -0.1989668 0.2824249
vn 0.8953733 -0.3367247 0.2914157
vn 0.9398613 -0.2204528 0.2608856
vn 0.8442786 -0.4734947 0.2509911
vn 0.9881911 0.05732045 0.1421016
vn 0.9702135 -0.1165951 0.2123474
vn 0.9883936 -0.134145 0.07129665
vn 0.9479731 -0.3179758 0.01543885
vn 0.9212534 -0.1799331 0.3448422
vn 0.8531597 -0.4327097 0.291343
vn 0.8354681 -0.4275776 0.3452107
vn 0.7741741 -0.5533829 0.3072815
vn 0.7044579 -0.6718692 0.2287594
vn 0.7635417 -0.5305128 0.3681848
vn 0.7083447 -0.6225147 0.3327509
vn 0.5947025 -0.7402071 0.3137234
vn 0.845096 -0.4617439 -0.2694541
vn 0.8503687 -0.4383721 -0.2910377
vn 0.9902337 -0.02977753 -0.1362004
vn 0.9970596 -0.03737025 -0.06689967
vn 0.9999893 -0.0009491691 -0.004526535
vn 1 -0.0001473433 4.931197e-05
vn 0.4195706 0.5216157 0.7428846
vn -0.191264 -0.2663425 -0.9447115
vn -0.2005867 -0.2687248 -0.9420998
vn -0.02572538 -0.2382966 -0.9708517
vn -0.01302817 -0.2334334 -0.9722855
vn 5.68529e-05 -0.1830843 -0.9830972
vn 0.9984254 0.0506121 -0.02419218
vn 0.9999936 0.003048131 0.001895905
vn 0.9991991 -0.006760801 -0.03943916
vn 0.9986488 0.01238279 0.05046974
vn 0.991069 0.02010529 0.1318261
vn 0.992662 -0.004534206 0.1208369
vn 0.9927746 0.0508508 0.1086865
vn 0.997496 0.06394822 0.03020513
vn 0.9897622 0.08492023 0.1147142
vn 0.9896149 0.114885 0.08639245
vn 0.9905772 0.1272337 0.05068072
vn 0.9915848 0.1292597 -0.007185405
vn 0.990691 0.1352003 0.01588205
vn 0.9919066 0.1121129 -0.05959842
vn 0.9911675 0.1033129 -0.08314647
vn 0.9965814 0.007384468 -0.08228502
vn 0.9924239 0.05383974 -0.1104364
vn 0.9880998 -0.01628645 -0.1529499
vn 0.9625006 0.02889059 -0.2697369
vn 0.9989776 -0.04427612 0.009132919
vn 0.9977537 -0.02240389 -0.06313176
vn 0.9935455 -0.0758535 -0.08434158
vn 0.9921597 -0.1166918 -0.04474598
vn 0.9928668 -0.09497618 -0.07207686
vn 0.9941112 -0.1083642 0.0004172894
vn 0.997547 -0.06432022 0.02761909
vn 0.9921077 -0.1236937 0.02054876
vn 0.9989917 -0.03209638 0.0313939
vn 0.998289 -0.03052927 0.04986868
vn 0.9939312 -0.04774893 0.09909898
vn 0.001589338 0.0304632 0.9995346
vn -0.0009968219 0.04133259 0.999145
vn -0.0029169 0.02687987 0.9996344
vn -0.006752104 0.03448975 0.9993823
vn -0.02386727 0.06051659 0.9978819
vn -0.004152351 0.01540359 0.9998727
vn -0.02559138 -0.00235393 0.9996697
vn -0.1450403 0.7608681 0.6324895
vn -0.02101751 0.8068753 0.5903478
vn 0.08278432 0.7808087 0.6192613
vn 0.14251 0.7685675 0.6236945
vn 0.8457881 0.5333703 -0.01259539
vn 0.8133535 0.4849118 0.3214292
vn 0.9234655 0.3834966 -0.01190242
vn 0.887158 0.326822 0.3257885
vn 0.742758 0.6695435 -0.004685715
vn 0.7113528 0.6231667 0.3250236
vn 0.588028 0.7454464 0.3138992
vn 0.6264187 0.779486 0.001065156
vn 0.3503523 0.864545 0.3602988
vn 0.5858961 0.8103859 0.0006962565
vn 0.2918368 0.7104894 0.6403406
vn 0.4722431 0.6075441 0.6386521
vn 0.5732561 0.5229833 0.6307662
vn 0.6686115 0.3944296 0.630384
vn 0.7393722 0.2395533 0.6292399
vn 0.6787752 -0.25623 0.6881936
vn 0.7637663 -0.09659921 0.6382238
vn 0.9413009 -0.02159008 0.3368774
vn 0.7669537 0.08997959 0.6353626
vn 0.9373219 0.1297342 0.323414
vn 0.2960449 -0.2286414 0.9274052
vn 0.5153276 -0.4177137 0.7482999
vn 0.5807384 -0.3416476 0.7389316
vn 0.6602393 -0.2600093 0.7046129
vn 0.2050008 -0.2893341 0.935019
vn 0.4209025 -0.4672617 0.7775008
vn 0.3333422 -0.5501941 0.765617
vn 0.1321636 -0.3617532 0.9228584
vn 0.2199281 -0.6448069 0.7320217
vn 0.1553601 -0.9208911 0.3575231
vn 0.1394227 -0.7284166 0.6707984
vn 0.001893098 -0.8100502 0.5863574
vn 0.06987464 -0.834354 0.5467823
vn 0.05692067 -0.9976197 0.0389215
vn 0.2380415 0.7393492 0.6298405
vn -0.3289375 0.8828744 0.3351608
vn -0.3595358 0.6892102 0.6290655
vn -0.2092462 0.7509244 0.6263614
vn -0.5873837 0.7366093 0.3352417
vn -0.5568823 0.5437949 0.627829
vn -0.8524152 0.4087521 0.3260521
vn -0.7382672 0.2564039 0.6238737
vn -0.6609762 0.4181871 0.6230811
vn -0.7390049 0.5901579 0.3249389
vn -0.9177238 0.205658 0.3398349
vn -0.7709122 0.02791129 0.6363295
vn -0.9468564 0.0912801 0.308433
vn -0.9439268 -0.03834701 0.3279203
vn -0.6598204 -0.2685964 0.7017784
vn -0.5821145 -0.3440586 0.7367268
vn -0.2972331 -0.2304977 0.9265653
vn -0.7444416 -0.1632079 0.6474333
vn -0.7388059 -0.1438516 0.6583862
vn -0.6768609 -0.2418168 0.6952582
vn -0.5191024 -0.4216906 0.7434445
vn -0.4168294 -0.4670292 0.7798314
vn -0.2019748 -0.2918498 0.9348957
vn -0.3184933 -0.5619721 0.7633801
vn -0.1370073 -0.3519649 0.9259318
vn -0.2365042 -0.8931747 0.3824979
vn -0.1140747 -0.7307805 0.6730133
vn -0.0956678 -0.9283637 0.3591495
vn 0.01582184 -0.9987295 -0.04784443
vn 0.03458295 -0.9982965 -0.04699203
vn 0.03425345 -0.9942661 -0.1013002
vn 0.410302 -0.8782989 -0.2454455
vn 0.3129739 -0.9178962 -0.2439543
vn 0.09963607 -0.9907041 -0.09261753
vn -0.009027808 -0.9991781 -0.0395193
vn 0.00747985 -0.09466484 -0.9954811
vn -0.04620837 0.158849 -0.986221
vn -0.1385121 0.1764026 -0.9745237
vn -0.01663253 -0.3158731 -0.9486557
vn -0.2479771 -0.2559045 -0.9343555
vn 0.08112268 -0.09871671 -0.9918035
vn 0.02302649 0.00121644 -0.9997341
vn 0.2511004 -0.1723787 -0.9524884
vn 0.1491193 0.08205613 -0.9854087
vn 0.009070229 -0.9964327 -0.08390212
vn -0.01150822 -0.9954085 0.0950238
vn 0.0352742 -0.9980011 0.05243733
vn 0.03944729 -0.9991915 -0.007770186
vn 0.02578437 -0.9993354 -0.02576725
vn 2.829294e-05 -6.285192e-06 1
vn 3.055422e-05 -7.578706e-05 1
vn 3.093026e-05 -2.676545e-05 1
vn -8.340097e-05 2.09182e-05 1
vn 8.591762e-06 -1.178793e-05 1
vn 3.411694e-05 -0.0001571224 1
vn 0.0001734285 -0.0003727219 0.9999999
vn 4.369557e-06 5.034955e-06 1
vn 1.131759e-05 2.336205e-05 1
vn 1.507789e-05 -1.999063e-05 1
vn -2.387037e-05 -3.263064e-05 1
vn -4.676844e-07 -3.552862e-05 1
vn -8.876222e-05 4.522337e-05 1
vn -0.0001361968 2.955847e-05 1
vn -4.798704e-05 3.962742e-05 1
vn -2.143498e-05 -4.482178e-06 1
vn -2.287417e-05 -6.014161e-06 1
vn 0.0001571757 -5.579682e-05 1
vn 1.405472e-05 4.652987e-05 1
vn -2.235143e-05 -3.758302e-06 1
vn -0.000128284 2.953054e-07 1
vn -6.447402e-05 6.235025e-05 1
vn -7.990972e-05 3.289428e-05 1
vn -1.22919e-05 8.723563e-06 1
vn -1.623935e-05 -6.791129e-06 1
vn 0.2248477 0.1304329 0.9656245
vn 0.1728542 0.1070149 0.9791166
vn 0.07299184 0.04391251 0.9963654
vn 0.00595261 0.09160558 0.9957776
vn -0.01586699 0.008579291 0.9998373
vn 0.03465068 -0.7809711 -0.6236053
vn -0.008893048 -0.9470762 -0.3208857
vn -0.1542293 -0.9315586 -0.3292595
vn -0.1729154 -0.7531176 -0.6347552
vn -0.19092 0.7093125 -0.6785465
vn -0.1546936 0.920215 -0.3595473
vn -0.0191085 0.790875 -0.6116793
vn 0.008130006 0.9476412 -0.3192335
vn -0.1431564 0.347069 -0.9268491
vn -0.1832198 0.6382725 -0.7476888
vn -0.2743502 0.6042745 -0.7480537
vn -0.3374728 0.5469888 -0.766104
vn -0.2127465 0.2840018 -0.9349235
vn -0.4259114 0.4739395 -0.7707016
vn -0.3075869 0.2240319 -0.9247702
vn -0.5424104 0.396058 -0.7408975
vn -0.6092057 0.3232818 -0.7241252
vn -0.6728939 0.2524047 -0.6953458
vn -0.6911062 0.2523603 -0.6772639
vn -0.9120067 0.2097049 -0.3525164
vn -0.768037 0.08150218 -0.6351982
vn -0.9432558 0.05012308 -0.3282624
vn -0.918031 -0.2314985 -0.3219123
vn -0.9436309 -0.07159305 -0.3231643
vn -0.7687758 -0.1091331 -0.6301379
vn -0.7240427 -0.2754673 -0.6323606
vn -0.8753248 -0.3595959 -0.3232602
vn -0.809957 -0.4883041 -0.324852
vn -0.6488897 -0.4226281 -0.6327146
vn -0.703042 -0.6339286 -0.3222833
vn -0.5188552 -0.5829235 -0.6252915
vn -0.5524945 -0.7650174 -0.3309052
vn -0.34144 -0.6928421 -0.6351287
vn -0.4198527 -0.8478771 -0.3237716
vn -0.3025445 -0.8945442 -0.3290248
vn -0.008744876 -0.9999616 -0.0004246792
vn -0.1723825 -0.9850281 0.001944836
vn -0.4800839 -0.8771982 0.00653156
vn -0.3167202 -0.9485172 0.001856146
vn -0.6127021 -0.7903134 0.0009444755
vn -0.7337481 -0.6793667 0.008638638
vn -0.9011734 -0.4328983 0.022037
vn -0.8397444 -0.5429715 0.003371493
vn -0.9308359 -0.3653777 0.006610114
vn 1 1.74973e-05 -0.0001192012
vn 0.9999903 0.002685595 0.003479093
vn 0.994098 -0.06651513 -0.08570255
vn 0.9998337 -0.01382013 -0.01189555
vn 0.9994767 -0.01811505 -0.02679942
vn 0.9999955 -0.002983538 -0.000290399
vn 0.9999959 -0.002766215 0.0007580055
vn 0.9981732 -0.0531412 0.02874521
vn 0.9998014 -0.0194685 0.004253289
vn 0.9999921 0.003827616 0.001113132
vn 0.9999894 0.004365808 0.001429295
vn 0.9956559 0.03371386 0.086791
vn 0.8606105 -0.4859435 0.1523436
vn 0.8527232 -0.4749984 0.2173468
vn 0.42734 -0.8747419 0.2284887
vn 0.1465071 -0.9848647 0.09261352
vn -0.01188237 -0.9971569 -0.07441009
vn 0.238089 -0.1250973 0.9631533
vn 0.3360002 -0.4145347 0.8457333
vn 0.3492358 -0.4000187 0.8473604
vn 0.08961772 -0.1176596 0.989002
vn 0.07936663 0.05257995 0.9954579
vn 0.01807812 0.02105368 0.9996149
vn 0.1254128 0.1372847 0.9825602
vn 0.53523 -0.6485457 0.5412184
vn 0.541822 -0.6442745 0.5397585
vn 0.5146773 -0.807794 0.2873607
vn 0.5142433 -0.8107652 0.2796667
vn 0.4906273 -0.840333 0.2304893
vn 0.4870901 -0.8435 0.2263869
vn 0.5044662 -0.8507488 0.1474461
vn 0.6628489 -0.7446853 -0.07794362
vn 0.5001597 -0.8607438 0.09465935
vn 0.6395152 -0.7684705 0.02175655
vn 0.9934223 0.113708 -0.01351403
vn 0.9747563 0.2227459 -0.01531292
vn 0.9762924 0.1789424 0.1217896
vn 0.9041139 0.3092766 0.294832
vn 0.2818393 0.9594324 0.007490383
vn 0.6758381 0.7370491 -0.001254486
vn 0.7358216 0.6771698 -0.002739517
vn 0.1221088 -0.9757014 -0.181924
vn -0.2566434 -0.3061242 -0.9167454
vn 0.02412225 -0.9282284 -0.3712279
vn 0.1334873 -0.8288431 -0.5433233
vn 0.1945632 -0.5873647 -0.7855876
vn 0.8724185 0.4729155 0.1234376
vn 0.9232079 0.3529319 0.152073
vn 0.8599904 0.4098764 0.3040031
vn 0.7660522 0.3940429 0.5078328
vn 0.8620539 0.5068166 0.0001153759
vn 0.9274127 0.3723637 0.03537022
vn 0.8051342 0.5925713 0.02486444
vn 0.8267522 0.5364528 0.1694086
vn 0.9376431 -0.3474697 -0.009495091
vn 0.5114274 -0.8592871 0.008220585
vn 0.3112684 -0.9502873 0.008125944
vn 0.7881916 -0.6153911 0.006914857
vn 0.6693506 -0.7429145 0.006913065
vn 0.9695387 0.2443611 0.01680395
vn 0.9794477 0.200978 0.01702779
vn -0.9953219 -0.09659632 -0.001832387
vn -0.9913954 -0.1201703 -0.05190627
vn -0.9987277 0.04624488 -0.02011006
vn -0.9947852 -0.02597585 -0.0986286
vn -0.9730292 -0.179786 -0.1445375
vn -0.9425753 -0.1853754 -0.277827
vn -0.8875028 -0.3044964 -0.3458622
vn -0.8582886 -0.271205 -0.435647
vn -0.8543352 -0.3372653 -0.3954279
vn -0.9726995 -0.2320271 0.004371164
vn -0.9950045 0.09551308 -0.02904071
vn -0.9920543 0.07665652 -0.0997605
vn -0.9952713 0.02513862 -0.0938248
vn -0.993502 -0.01699938 -0.1125381
vn -0.9950247 0.01648451 0.0982555
vn -0.9941806 0.07459501 0.07772139
vn -0.9942269 0.1023228 0.03229379
vn -0.9919713 -0.06346893 -0.1093835
vn -0.990701 -0.1353474 0.01388294
vn -0.9909188 -0.1160567 0.06790385
vn -0.9944264 -0.0426437 0.09642422
vn -0.9944885 -0.08923822 -0.05503551
vn -0.9326563 -0.1735755 -0.3162653
vn -0.9790362 -0.1432584 -0.1447935
vn -0.9778973 -0.2020237 -0.05388196
vn -0.976248 -0.03535985 0.2137511
vn -0.9626147 -0.1786976 0.2035682
vn -0.4916 0.02014506 0.8705881
vn -0.8835713 -0.02157732 0.4677994
vn -0.6945416 -0.1402566 0.7056487
vn -0.8853871 -0.1587083 0.4369228
vn -0.4188707 -0.3613488 0.8330512
vn -0.8859963 -0.2758027 0.3727512
vn -0.8452758 -0.2565879 0.4686912
vn -0.8322383 -0.3305045 0.4451363
vn -0.8855666 -0.3920898 0.249073
vn -0.8409892 -0.4280683 0.3309
vn -0.8511552 -0.3709938 0.3713469
vn -0.833642 -0.4765096 0.2792482
vn -0.8489993 -0.4878863 0.2028971
vn -0.8826717 -0.4609027 0.09197513
vn -0.8398925 -0.5203086 0.1544654
vn -0.8336065 -0.5454 0.08740178
vn -0.8491611 -0.5281236 0.003296609
vn -0.9136851 -0.4043737 -0.04076005
vn -0.8506039 -0.5228743 -0.05545614
vn -0.8501179 -0.5123397 -0.1216863
vn -0.8834514 -0.4310911 -0.1835052
vn -0.8338623 -0.510963 -0.2087836
vn -0.4969949 -0.7583206 -0.4218365
vn -0.7211566 -0.5495584 -0.4218042
vn -0.8898461 -0.3347277 -0.3100504
vn -0.7329962 -0.4036396 -0.5475323
vn -0.8741292 -0.2581131 -0.4114315
vn -0.9441729 -0.01347577 0.3291748
vn -0.946878 -0.1364468 0.291212
vn -0.9459282 -0.2794023 0.1647852
vn -0.9499566 -0.3074722 0.05516523
vn -0.9465166 -0.2924733 -0.1362555
vn -0.9466572 -0.2289526 -0.2267616
vn -0.7497973 -0.6616055 -0.009058777
vn -0.6290163 -0.7773501 0.008076478
vn -0.3951582 -0.9185776 0.00807587
vn -0.004462348 0.8463414 0.532622
vn 0.0005626716 0.9548326 0.2971438
vn -0.04331825 0.9743952 0.22063
vn -0.3687142 0.9216294 -0.1210334
vn -0.6991307 0.7071182 -0.1058307
vn -0.3927087 0.9152324 -0.09016467
vn -0.7158482 0.6961691 -0.05394287
vn -0.006791282 0.7708785 0.636946
vn 0.04730321 0.05040827 0.9976079
vn 0.3789212 0.1650486 0.910592
vn 0.3006245 0.6162988 0.7278741
vn -0.3274039 0.9409128 0.08654363
vn 0.1456537 0.9843737 0.0989618
vn 0.6165361 0.6796396 0.3974584
vn 0.389307 -0.8959572 0.2137771
vn 0.724206 0.5964503 0.346082
vn 0.600057 0.2626046 0.7556258
vn 0.6740105 0.4239938 0.6049289
vn 0.006804941 0.9976798 0.06774057
vn 0.3820924 0.9047823 0.1880808
vn 0.1320134 0.5641416 0.8150562
vn 0.04930944 0.9940244 0.09738631
vn -0.195269 0.9744846 -0.1106785
vn -0.04813728 0.9987352 0.01452238
vn 0.1362469 0.8860787 0.443059
vn 0.3505738 0.6209917 0.7010473
vn -0.3473279 -0.2381074 0.9070106
vn -0.2646486 -0.1112639 0.9579047
vn -0.1747556 -0.6892455 0.7031366
vn 0.05270679 -0.7929653 0.6069827
vn -0.1216531 -0.7088208 0.694819
vn -0.1832477 -0.9524543 -0.2434154
vn -0.03103439 -0.9413757 -0.3359295
vn -0.1395117 -0.9657313 -0.2188601
vn 0.00660847 -0.9942012 -0.1073331
vn 0.04197286 -0.9874699 0.1521234
vn -0.09216339 -0.9956736 0.01183112
vn -0.05781699 -0.9979192 0.02853842
vn -0.01681438 -0.6242579 0.7810373
vn -0.05426374 -0.539242 0.8404008
vn -0.01022654 -0.4667757 0.8843166
vn -0.06394464 0.6171002 0.7842821
vn -0.052516 0.6914981 0.7204668
vn -0.04423673 0.5703198 0.8202307
vn -0.6943799 0.6658835 0.2728291
vn -0.2848671 0.8633578 0.4164901
vn -0.3125692 0.903056 0.2946022
vn -0.7506763 0.6425716 0.1535803
vn -0.32446 0.9180924 0.2276665
vn -0.4817456 0.760085 0.4361099
vn -0.0442737 0.7843972 0.6186766
vn -0.07854712 0.7360685 0.6723343
vn -0.4415998 -0.5667055 -0.6955822
vn -0.5962384 -0.4316701 -0.6768757
vn -0.244914 -0.618655 -0.7465139
vn -0.02995992 0.01542511 0.9994321
vn -0.04430657 -0.2646997 0.9633125
vn -0.05013816 -0.8778867 0.4762365
vn -0.05189243 -0.8467097 0.5295185
vn 0.01323081 -0.9252861 0.3790389
vn -0.0215736 -0.964119 0.2645926
vn -0.06826571 -0.9020106 -0.4262824
vn -0.04303535 -0.9566708 0.2879737
vn -0.222061 -0.8074539 -0.546541
vn -0.4629617 -0.6255814 -0.6279445
vn -0.1021091 -0.7449015 -0.6593143
vn -0.3346691 -0.7267154 -0.599901
vn -0.8836656 0.1346296 0.4483414
vn -0.8450063 0.09254491 0.5266876
vn -0.8315514 0.201962 0.5174298
vn -0.9474702 0.1194617 0.2966968
vn -0.9769214 0.072037 0.201085
vn -0.04450471 0.1953032 0.9797326
vn -0.04844512 0.199485 0.9787026
vn -0.07125781 0.4079312 0.9102277
vn -0.02096825 0.3212522 0.9467615
vn -0.06026375 0.9760919 0.2088372
vn -0.03378567 0.926878 0.3738391
vn -0.06433927 0.8303713 0.5534835
vn 0.02038776 0.5075898 0.8613576
vn -0.749812 0.6574734 0.07423422
vn -0.8693014 -0.4810347 -0.11367
vn -0.7931402 -0.6085114 -0.02534782
vn -0.8304769 -0.5319775 -0.1652514
vn -0.931481 -0.3435886 -0.1195406
vn -0.8155439 -0.4788154 -0.3249983
vn -0.7117185 -0.4916185 -0.5017649
vn -0.9285082 -0.302106 -0.215881
vn -0.6048685 -0.4705664 -0.6424184
vn -0.9872036 0.1589316 0.01302603
vn -0.9514751 0.3077257 0.0002417801
vn -0.9400166 0.3411153 -0.002994596
vn -0.8956562 0.4447347 -0.003338313
vn -0.8935098 0.4480251 -0.03022914
vn -0.8125658 0.5827685 -0.0108434
vn -0.7909074 0.6119347 0.001183706
vn -0.673445 0.7391586 -0.01079197
vn -0.6876857 0.7259787 0.006583986
vn -0.5392103 0.8421461 0.006493198
vn -0.5216159 0.8531532 -0.006811828
vn -0.4030431 0.915177 -0.002684979
vn -0.3249252 0.9457218 0.005817011
vn -0.2760899 0.9611308 -0.001409712
vn -0.1313397 0.9913156 0.006579827
vn -0.004119064 0.9999911 -0.001039586
vn -0.9774459 0.2102739 -0.01960345
vn -0.9677753 0.2285795 0.1056514
vn -0.9658713 0.171762 0.1938827
vn -0.9049653 0.2942609 0.3073244
vn -0.1211078 0.9904665 -0.06564316
vn -0.1871907 0.9800917 -0.06618065
vn -0.1943472 0.9624847 -0.1893476
vn -0.01254514 0.9999011 0.006366816
vn -0.07107548 0.9969502 -0.03222627
vn -0.0046903 0.9996664 0.02539736
vn -0.2072997 0.9492083 -0.2367072
vn -0.5331889 0.7915573 -0.2985746
vn -0.3238527 0.8983686 -0.2967377
vn -0.7232071 0.647767 -0.2395191
vn -0.8349822 0.2624939 0.4836338
vn -0.8836207 0.2502511 0.3957131
vn -0.8429012 0.3287846 0.4259324
vn -0.9783528 0.1654676 -0.1242824
vn -0.9737124 0.04640839 -0.2230034
vn -0.9668446 -0.08131751 -0.2420722
vn -0.9349482 -0.09456641 -0.3419489
vn -0.9738506 -0.04184941 -0.2233015
vn -0.9593988 0.1675701 -0.2268795
vn -0.9597425 0.08703034 -0.2670582
vn -0.9542316 -0.04135406 -0.2961958
vn -0.940421 0.23851 -0.2423253
vn -0.9625286 0.1078547 -0.2488096
vn -0.9792228 0.06671053 -0.1915005
vn -0.9578658 0.2560606 -0.1301002
vn -0.877339 0.4163859 -0.2385352
vn -0.9008059 0.4186252 -0.1153332
vn -0.5732638 0.8191715 0.01807918
vn -0.6987547 0.7149303 -0.02482749
vn -0.8118467 0.582163 -0.04462264
vn -0.4459917 0.8949778 0.01030454
vn -0.9874159 0.1370353 -0.07893735
vn -0.9654046 0.2585494 -0.03385406
vn -0.8684744 0.3933213 -0.301746
vn -0.9179897 0.2871307 -0.2735887
vn -0.3852564 0.8712453 -0.304153
vn -0.6788568 0.6499519 -0.3416372
vn -0.4832577 0.8390019 -0.2500754
vn -0.5653966 0.7639833 -0.310896
vn -0.6698397 0.6601037 -0.3399672
vn -0.7848276 0.5338531 -0.3147165
vn -0.7384095 0.6421627 -0.2058606
vn -0.2777358 0.9582026 -0.06863344
vn -0.3843866 0.9225064 0.03505583
vn -0.5797368 0.8136188 -0.04392891
vn -0.4971791 0.8532231 -0.1575541
vn -0.3409801 0.9399368 -0.01585543
vn -0.8070902 0.5756773 -0.131153
vn -0.6826988 0.7240363 -0.09845759
vn -0.2397204 0.9701011 0.03792238
vn -0.1441695 0.9892306 0.02525784
vn 0.0001211104 0.9999768 0.00680685
vn -0.8478898 0.3663065 0.3832785
vn -0.9080628 0.3466097 0.2351249
vn -0.9001374 0.4021533 0.1674074
vn -0.9299663 0.3638493 0.0526909
vn -0.9018108 0.4293488 -0.04895863
vn -0.8501047 0.4151006 0.3240578
vn -0.9604132 0.2680903 -0.07572369
vn -0.9188238 0.3687153 -0.1407542
vn -0.8383489 0.5254234 -0.145263
vn -0.9041682 0.3690186 -0.2151862
vn -0.8160934 0.5029702 -0.2846271
vn -0.9551274 0.2338047 -0.1818433
vn -0.9734429 -0.2246985 -0.04381307
vn -0.005917596 -0.9999819 0.001035051
vn -0.1920128 -0.9813847 -0.003895852
vn 0.005118054 0.0345034 0.9993915
vn 0.00682649 0.01658004 0.9998392
vn -0.5560443 -0.2000437 -0.80672
vn -0.9958678 -0.05145304 -0.07483079
vn -0.9967028 -0.05452117 -0.06009145
vn -0.9983304 -0.04211101 -0.03953781
vn -0.9992052 -0.03443913 -0.02007475
vn -0.9999865 -0.004670483 -0.002303363
vn -0.999999 -0.001356256 -0.0005145186
vn -0.9999999 0.000419726 -7.970699e-05
vn -0.9999998 -0.0001680738 -0.0005564537
vn -0.9999983 0.001226342 0.001363684
vn -0.9992488 0.03080858 0.0235104
vn -0.9976731 -0.05557527 0.03949469
vn -0.9961663 -0.02176763 0.08472803
vn -0.8915009 -0.4258365 0.1545626
vn -0.1415713 -0.9841315 0.1069705
vn -0.5205569 -0.8151898 0.253941
vn -0.5753672 -0.7816644 0.2407351
vn -0.8733827 -0.4379416 0.2130957
vn -0.04364865 -0.9989833 0.01127364
vn -0.04353326 -0.9988574 0.0197182
vn -0.04956428 -0.9971684 0.05655724
vn -0.05249574 -0.9968532 0.05939527
vn -0.03512122 -0.9993395 -0.009332057
vn -0.3067027 -0.5234894 0.7949165
vn -0.3034097 -0.2423949 0.9215136
vn -0.0457705 -0.2137689 0.9758114
vn -0.1061494 0.051238 0.9930292
vn -0.4791914 -0.6610686 0.5773768
vn -0.5129334 -0.7095037 0.4832225
vn -0.5253093 -0.7983678 0.2943789
vn -0.5228294 -0.8034901 0.2846984
vn -0.4811235 -0.8480038 0.2222833
vn -0.4717876 -0.8520005 0.2269615
vn -0.4919608 -0.8606226 0.131542
vn -0.6581681 -0.751909 -0.03804645
vn -0.6687417 -0.7397767 -0.07426202
vn -0.499411 -0.85826 0.1182311
vn -0.9317595 0.3629398 -0.009943713
vn -0.9829717 0.1835328 -0.009076471
vn -0.9599497 0.2796033 -0.01785053
vn -0.9678605 0.2127267 0.1341392
vn -0.9138505 0.3030452 0.2702605
vn -4.822309e-06 8.468758e-05 1
vn -6.216826e-06 5.21943e-05 1
vn -8.704239e-06 -2.595241e-05 1
vn 3.987308e-05 9.028514e-06 1
vn 6.755943e-06 -5.710177e-06 1
vn 4.154336e-05 -1.59784e-05 1
vn -1.27644e-05 -1.234087e-06 1
vn 4.603174e-05 4.590981e-06 1
vn 4.763593e-05 -6.5827e-05 1
vn 8.833996e-05 -9.136101e-05 1
vn 3.078202e-05 4.595115e-05 1
vn 3.83499e-05 8.410699e-05 1
vn 5.548261e-06 -2.542434e-05 1
vn 1.983994e-05 -2.15762e-05 1
vn -3.062001e-05 -1.119614e-05 1
vn -4.040756e-05 2.809989e-06 1
vn -1.472382e-05 -4.154972e-05 1
vn 2.622394e-05 -4.125779e-05 1
vn -1.747532e-05 2.456078e-05 1
vn -3.200526e-05 -8.876054e-06 1
vn 0.3983233 -0.2719058 -0.876017
vn 0.3837696 -0.2719093 -0.8824886
vn 0.03179308 -0.2533588 -0.9668498
vn 0.0008275796 -0.2501597 -0.9682043
vn -0.0001213685 -0.1793917 -0.9837777
vn -0.1798656 -0.9675934 -0.1772327
vn -0.04674988 -0.9948241 -0.09021773
vn 0.2994034 -0.9228019 -0.2424756
vn 0.3404893 -0.0560973 -0.9385734
vn 0.4407363 -0.2417003 -0.864484
vn 0.4673289 -0.3006938 -0.8313765
vn -0.05281099 -0.9501446 -0.3073049
vn -0.1791729 -0.8714222 -0.4566405
vn -0.03996278 -0.7844688 -0.6188794
vn -0.2792968 -0.4135174 -0.8666006
vn -0.3069861 -0.4011568 -0.8630369
vn -0.64881 0.4415188 0.6197636
vn -0.6040527 0.447466 0.6594653
vn -0.6004355 0.4465364 0.6633872
vn -0.870299 0.4777902 0.1195666
vn -0.830438 0.531083 0.1682961
vn -0.8566913 0.4124589 0.3097701
vn -0.8396035 0.5431486 -0.007444031
vn -0.7901601 0.6124051 0.02463647
vn -0.7400782 0.6724458 -0.01004937
vn -0.7255225 0.6881765 0.005503189
vn -0.9223796 0.3546233 0.1531609
vn -0.9371095 0.3485009 0.01931217
vn -0.8945783 0.4458041 -0.03143779
vn -0.8777429 0.3586777 0.3176756
vn -0.7436701 0.435429 0.5073031
vn -0.9837312 -0.179646 -0.0004955705
vn -0.480762 -0.8768229 0.007036514
vn -0.6647325 -0.7470583 -0.0058971
vn -0.05574921 -0.998396 0.009873807
vn 0.01748486 0.9998472 -8.640882e-05
vn -0.03087033 -0.9995227 -0.001254842
vn -0.02843739 -0.9995956 -4.011986e-05
vn -0.7860905 -0.6181114 6.928786e-05
vn -0.8730411 -0.4876464 0.0005639732
vn -0.9434311 -0.3315564 -0.002873718
vn -0.9779241 0.2082122 0.01766624
vn -0.0537322 0.1444978 0.9880452
vn -0.1293641 0.02577862 0.991262
vn 0.9914337 -0.06656463 -0.1123754
vn 0.948414 -0.2483084 -0.1971141
vn 0.9994235 -0.02665998 -0.0210236
vn 0.9951519 -0.09833731 0.001546604
vn 0.9993181 0.03654117 -0.005289508
vn 0.9364423 -0.1902132 -0.2947789
vn 0.8564439 -0.3247556 -0.4012952
vn 0.8302057 -0.2863923 -0.4782658
vn 0.9448174 0.006908883 -0.3275244
vn 0.9371918 -0.1409605 -0.3190638
vn 0.9150121 -0.2340869 -0.3285668
vn 0.9742396 -0.2253978 0.007282434
vn 0.8755774 -0.3539792 -0.3287292
vn 0.9297659 -0.3679725 0.0114746
vn -0.0002764684 -2.235703e-05 -1
vn -0.0002323421 -5.671411e-05 -1
vn -0.0002874269 -9.050349e-05 -0.9999999
vn -0.0002492953 -3.797861e-06 -0.9999999
vn 2.161903e-05 3.018613e-05 -1
vn -8.766833e-05 7.529517e-05 -1
vn 7.759268e-06 3.059208e-05 -1
vn -0.0001612464 1.976601e-05 -1
vn 1.062853e-05 4.736667e-07 -1
vn 2.65423e-05 -9.065328e-06 -1
vn -0.0001367145 -1.606047e-05 -1
vn -9.377296e-05 -7.132617e-05 -1
vn -2.617281e-05 -9.47892e-06 -1
vn -1.247465e-05 -7.520439e-05 -1
vn 4.334161e-05 -8.79975e-05 -1
vn 2.518774e-05 1.146176e-05 -1
vn -2.92485e-05 4.88823e-05 -1
vn -2.435803e-05 9.036459e-05 -1
vn 4.032342e-06 0.000132318 -1
vn 0.0001759805 -2.82992e-05 -1
vn 8.492601e-05 3.961446e-05 -1
vn 0.000145695 2.510357e-05 -1
vn 1.84222e-05 8.447223e-06 -1
vn 1.967966e-05 8.094032e-06 -1
vn 5.774554e-05 -5.910543e-05 -1
vn 0.0001249695 -6.857083e-05 -1
vn 2.029224e-05 4.980492e-05 -1
vn -2.366212e-05 5.295891e-05 -1
vn 6.634574e-05 -2.024374e-07 -1
vn 7.789489e-05 7.529501e-05 -1
vn 7.371188e-05 3.229739e-05 -1
vn 0.000119552 0.0001151045 -1
vn 2.181544e-05 -2.04983e-05 -1
vn 4.788549e-05 -4.130652e-07 -1
vn 5.602701e-05 -8.128276e-05 -1
vn 4.572188e-05 -1.192796e-05 -1
vn 4.151678e-05 1.498006e-05 -1
vn -2.201699e-05 -3.768753e-05 -1
vn 0.0001608647 -0.0002016846 -0.9999999
vn 9.517153e-05 8.399302e-06 -1
vn -0.0003764393 -5.051657e-05 -0.9999999
vn -0.0001675711 -6.576136e-05 -1
vn -7.009295e-06 -6.274806e-05 -1
vn -2.852031e-06 -0.0001058724 -1
vn -4.116794e-05 -1.790413e-05 -1
vn 5.925372e-05 -0.0002392435 -0.9999999
vn 0.1559651 -0.9323031 -0.3263218
vn 0.2898903 -0.9004225 -0.3243499
vn 0.2205459 -0.7410657 -0.6341776
vn 0.4059082 -0.852709 -0.328825
vn 0.3611339 -0.6789811 -0.6391925
vn 0.6646101 -0.3827112 -0.6417363
vn 0.7504432 -0.5688429 -0.3365306
vn 0.5323251 -0.5588859 -0.6358275
vn 0.6598346 -0.6835312 -0.3120953
vn 0.5464325 -0.7696311 -0.3302717
vn 0.7735746 -0.03569816 -0.6326991
vn 0.7316821 -0.2387531 -0.6384655
vn 0.8277218 -0.4538831 -0.3299496
vn 0.926192 0.1407442 -0.3497991
vn 0.7123892 0.2023718 -0.6719727
vn 0.8850315 0.3052567 -0.3514795
vn 0.6056535 0.315981 -0.7303011
vn 0.5466483 0.372291 -0.7500501
vn 0.5264137 0.3900125 -0.7554991
vn 0.4046507 0.4909937 -0.771481
vn 0.4664046 0.4298067 -0.773132
vn 0.4088634 0.5065293 -0.7591172
vn 0.3108504 0.5352278 -0.7854319
vn 0.2666955 0.5941554 -0.7588497
vn 0.2507476 0.6207252 -0.7428498
vn 0.1757822 0.6858076 -0.7062355
vn 0.1020115 0.7359126 -0.6693477
vn 0.07077231 0.7522675 -0.6550457
vn 0.9924951 0.1189047 -0.02855375
vn 0.9902063 0.08464111 -0.1110287
vn 0.994099 0.02875557 -0.1045965
vn 0.9887357 -0.06929187 -0.1326662
vn -0.9491751 -0.2924883 0.1162645
vn 0.9989945 -0.03210712 0.03129233
vn -0.9885684 -0.06894064 0.1340892
vn 0.9377614 -0.1749361 -0.3000014
vn 0.9599292 -0.2062615 -0.189716
vn 0.8907227 -0.335111 -0.3071051
vn 0.8772266 -0.2438681 -0.4135239
vn 0.6858656 -0.4044605 -0.6049795
vn 0.7399544 -0.4265682 -0.5201029
vn 0.7365605 -0.5332369 -0.4160973
vn 0.8886343 -0.4228699 -0.1775109
vn 0.8340154 -0.5109425 -0.2082216
vn 0.5010844 -0.7529317 -0.4266242
vn 0.8903698 -0.4520645 -0.05365866
vn 0.8456982 -0.517347 -0.1309448
vn 0.8844983 -0.4575363 0.09123161
vn 0.8468595 -0.5317085 0.01073112
vn 0.8411356 -0.5372025 -0.06248677
vn 0.8331566 -0.5450837 0.09345511
vn 0.8853048 -0.3922586 0.2497371
vn 0.8488139 -0.4876087 0.2043352
vn 0.8399901 -0.5199529 0.1551305
vn 0.8419663 -0.4239196 0.333744
vn 0.8333087 -0.4758393 0.281378
vn 0.8503953 -0.371982 0.3720984
vn 0.8860603 -0.2770084 0.3717035
vn 0.8331091 -0.3299024 0.4439522
vn 0.8424383 -0.2658549 0.4686352
vn 0.8853568 -0.1533692 0.4388862
vn 0.8466235 -0.2030927 0.4919167
vn 0.8842799 -0.02855041 0.4660836
vn 0.8403676 -0.07597564 0.5366655
vn 0.8442548 -0.1280576 0.5204183
vn 0.9770848 -0.04335367 0.2083887
vn 0.9606073 -0.1831271 0.2090409
vn 0.9807925 -0.1479387 0.1271228
vn 0.9623142 -0.270695 -0.02599112
vn 0.9769619 -0.2004419 0.07327123
vn 0.9572681 -0.2641263 -0.1177925
vn 0.8451539 0.02104132 0.5341088
vn 0.9463205 -0.01988799 0.3226172
vn 0.9467463 -0.1374744 0.2911565
vn 0.9456711 -0.2780454 0.1685144
vn 0.9451957 -0.3216748 0.05595028
vn 0.7176041 -0.6964434 0.003298121
vn 0.7424214 -0.6699281 0.002603264
vn 0.6628819 -0.7486878 0.007367427
vn 0.595571 -0.8033026 0.0002597392
vn 0.4858828 -0.8739937 0.007283113
vn 0.454189 -0.8909053 0.0002510498
vn 0.05513975 0.9955682 0.07618125
vn 0.04991371 0.9960015 0.07409164
vn -0.3645623 0.9191215 0.1493658
vn -0.3368452 0.9320602 0.1334136
vn 0.2681014 0.9591885 0.08988357
vn -0.02320925 0.9970668 0.07293259
vn -0.673899 0.3261575 0.6629339
vn -0.6148772 0.3160956 0.7225024
vn -0.6337557 0.6428887 0.4301718
vn 0.2897258 0.9570995 0.004419292
vn 0.2492785 0.9639832 -0.09271832
vn -0.147366 0.978912 0.1414731
vn -0.6975489 0.6105229 0.3750831
vn -0.04269706 0.7607725 0.6476127
vn 0.0528305 0.9946247 0.08905412
vn 0.00291457 0.7122517 0.7019181
vn 0.6301331 0.7753398 -0.04219702
vn 0.475523 0.8737087 -0.1025225
vn -0.3526034 0.4800145 0.8032789
vn -0.1741852 0.9538961 0.2444213
vn -0.228568 0.2094467 0.9507307
vn -0.3595115 0.2353479 0.9029744
vn -0.4110395 0.5389113 0.7352693
vn -0.1673736 0.9602169 0.2235388
vn 0.09560925 -0.9903427 -0.1004002
vn 0.1586699 -0.9618872 -0.2227035
vn 0.1159122 -0.9884856 -0.09726515
vn 0.1311665 -0.9903882 0.04389158
vn 0.002104486 -0.9404369 -0.3399618
vn 0.1865902 -0.9531615 -0.2380489
vn 0.1600956 -0.9870982 0.002561943
vn -0.03453969 -0.9859738 0.1632869
vn 0.1126757 -0.6926528 0.7124158
vn 0.0710147 -0.7038339 0.7068061
vn -0.04355207 -0.7849052 0.6180834
vn -0.01979768 -0.6129714 0.7898571
vn 0.05108843 -0.466586 0.8829992
vn 0.05442148 -0.5298032 0.8463728
vn 0.1724062 -0.374988 0.9108568
vn 0.1249556 -0.3513241 0.927878
vn -0.0541793 -0.2373655 0.9699084
vn 0.08274975 0.7428259 0.6643509
vn 0.05069937 0.6920642 0.7200533
vn 0.02293772 0.7961107 0.6047161
vn 0.06673774 0.621861 0.7802787
vn 0.01730051 0.5631351 0.8261837
vn 0.5109308 0.8354571 0.2023889
vn 0.3062459 0.9031113 0.301004
vn 0.7606326 0.617782 0.1994578
vn 0.4864941 0.7872167 0.3789636
vn 0.5050046 -0.4828009 -0.7154534
vn 0.3962758 -0.5747945 -0.7159447
vn 0.2328094 -0.646383 -0.7266282
vn 0.05997836 -0.1586482 0.9855118
vn -0.008527171 0.06551713 0.997815
vn 0.09156992 -0.06295563 0.9938065
vn 0.02275824 -0.8532073 0.5210751
vn 0.04633347 -0.8654417 0.4988625
vn -0.01614685 -0.9098893 0.4145367
vn 0.05161203 -0.948116 0.3137071
vn 0.04843996 -0.9662159 0.2531409
vn 0.06919636 -0.892998 -0.4447093
vn 0.1436121 -0.7368233 -0.6606564
vn 0.4356703 -0.6282919 -0.6445469
vn 0.2636085 -0.7809845 -0.5661924
vn 0.8755648 0.1313348 0.464906
vn 0.9465731 0.05667999 0.3174691
vn 0.9429392 0.1457577 0.2993666
vn 0.9783251 0.08166908 0.1902899
vn 0.8438221 0.08870234 0.5292411
vn 0.831987 0.203101 0.5162824
vn 0.03641066 0.1891735 0.9812684
vn 0.009919925 0.3155819 0.9488465
vn 0.09143297 0.4164834 0.9045339
vn 0.04687601 0.1900069 0.9806631
vn 0.07434233 0.9741746 0.2132066
vn 0.06695345 0.9240293 0.3764136
vn 0.02581165 0.867441 0.4968701
vn 0.03397683 0.8452582 0.5332768
vn 0.00809651 0.5148053 0.8572689
vn 0.8576273 0.5142606 -0.003371861
vn 0.689563 0.7195175 0.08244778
vn 0.609382 -0.4329852 -0.664212
vn 0.6388086 -0.4436247 -0.6285863
vn 0.7675843 -0.4114128 -0.4914812
vn 0.9104282 -0.3561699 -0.2103891
vn 0.8414875 -0.4368696 -0.3178741
vn 0.8724679 -0.473534 -0.1206866
vn 0.9382793 -0.3406482 -0.0599243
vn 0.8522699 -0.5228546 -0.01609545
vn 0.8882491 -0.4590474 0.01699819
vn 0.821916 -0.5694827 0.01197975
vn 0.8068715 -0.5900448 -0.02838236
vn 0.8226383 -0.5418673 -0.1721802
vn 0.9919143 0.1254339 -0.01929485
vn 0.9769171 0.2055326 -0.0582176
vn 0.950052 0.3110178 -0.02586851
vn 0.9019759 0.4292705 -0.0465432
vn 0.8692826 0.4938773 -0.02080997
vn 0.8931088 0.4498154 0.004765477
vn 0.7834687 0.6213121 -0.01217156
vn 0.8236862 0.5670458 -0.0001926056
vn 0.7201906 0.6937726 -0.002247882
vn 0.6911377 0.7210729 0.04881342
vn 0.5958836 0.8026242 0.02677964
vn 0.6240216 0.7813959 0.00415977
vn 0.483706 0.8750394 0.01829391
vn 0.5123849 0.8587248 0.007305843
vn 0.3019452 0.9532756 0.009731018
vn 0.3789753 0.9253853 0.006305464
vn 0.2097341 0.9777289 -0.007610315
vn 0.1219433 0.9924847 0.01019398
vn 0.09179793 0.995774 -0.002707935
vn 0.710437 0.6564698 -0.2536269
vn 0.8030254 0.5820708 -0.127843
vn 0.9681359 0.2276523 0.1043425
vn 0.9630429 0.2691635 0.009966576
vn 0.923502 -0.1366531 -0.3584269
vn 0.3332233 0.9149422 -0.2276908
vn 0.3548729 0.928183 -0.1119884
vn 0.1883571 0.9784093 -0.08506849
vn 0.9715922 -0.01651088 -0.2360846
vn 0.9737597 0.04693758 -0.2226859
vn 0.9554812 -0.04536466 -0.2915438
vn 0.9734437 0.1993908 -0.1124753
vn 0.9658919 0.1715508 0.193967
vn 0.8846591 0.2458828 0.3961313
vn 0.8368435 0.2590299 0.4822826
vn 0.9039664 0.295543 0.3090291
vn 0.8445362 0.3731869 0.3840445
vn 0.8410633 0.3282407 0.4299658
vn 0.9017394 0.3995452 0.1650139
vn 0.8476785 0.4579233 0.2678573
vn 0.1405095 0.9898185 0.02272411
vn 0.3937952 0.9186522 0.03167962
vn 0.6122362 0.7284425 -0.3074708
vn 0.3960493 0.8742498 -0.2807707
vn 0.1383187 0.9902037 -0.01909036
vn 0.2277292 0.9489344 -0.2183183
vn 0.3188064 0.8970417 -0.3060697
vn 0.4853441 0.8087595 -0.3321885
vn 0.4884563 0.8105005 -0.3232636
vn 0.59514 0.707629 -0.38088
vn 0.7596048 0.5406109 -0.3615805
vn 0.6452838 0.6881179 -0.3318172
vn 0.8305258 0.4527096 -0.3244703
vn 0.7346824 0.6009703 -0.3147642
vn 0.7302355 0.6081055 -0.3113901
vn 0.8445724 0.4268313 -0.323284
vn 0.4715575 0.8483992 -0.2405254
vn 0.49665 0.8640441 -0.08225837
vn 0.7127367 0.6615887 -0.2330379
vn 0.3085131 0.9512201 0.0002036812
vn 0.2470835 0.9682135 0.0388881
vn 0.6068943 0.7657208 -0.2129577
vn 0.6390875 0.7609013 -0.1122335
vn 0.5232851 0.8521554 0.001981416
vn 0.8920946 0.368359 -0.2616849
vn 0.942777 0.2415576 -0.2298294
vn 0.9039331 0.3700974 -0.2143193
vn 0.7855449 0.5814196 -0.2118263
vn 0.7259993 0.683692 -0.07409658
vn 0.8235567 0.5651547 -0.04852315
vn 0.8519457 0.5047254 -0.1394298
vn 0.9411456 0.3135053 -0.1263302
vn 0.9878463 0.05010774 -0.1471359
vn 0.9576327 0.1162302 -0.2634958
vn 0.9661382 0.1673316 -0.1964104
vn 0.9313539 0.2260499 -0.2854492
vn 0.9048467 0.3044429 -0.2976023
vn 0.954129 0.2047966 -0.2183945
vn 0.9617119 0.1045394 -0.2533412
vn 0.9642437 -0.08009508 -0.252624
vn 0.9080318 0.3468308 0.2349182
vn 0.9091878 0.4093798 0.07606483
vn 0.8493639 0.4168164 0.3237979
vn 0.9015815 0.4285366 -0.05922242
vn 0.9377845 0.3361964 -0.08678784
vn 0.8407283 0.4753417 -0.25928
vn 0.8653798 0.4743779 -0.1615036
vn 0.9344293 0.312825 -0.1702421
vn 0.8835204 0.3745406 -0.2812671
vn 0.1606414 -0.9870127 0.0004594041
vn 0.9736552 -0.2211251 -0.05566997
vn 0.1775712 -0.9840989 -0.0042242
vn 0.3287994 -0.9443991 -0.001182125
vn -0.3570394 0.6777974 -0.6427391
vn -0.2813202 0.9595497 0.011103
vn -0.577122 0.8166165 0.008229
vn -0.6296525 0.7768304 -0.008495962
vn 0.02423113 0.4721957 0.8811606
vn 0.01831061 0.5292029 0.8482978
vn 0.09181857 0.3742369 0.9227763
vn 0.02071469 0.2313872 0.9726412
vn -0.009715771 0.2851992 0.9584191
vn 0.01158 0.6455883 0.7635979
vn 0.003087166 0.6366385 0.7711561
vn 0.004240628 0.7776138 0.6287279
vn 0.01183547 0.7967862 0.6041453
vn -0.001997791 0.8747432 0.4845826
vn 0.004651839 0.8941724 0.4476987
vn -0.01115137 0.9452243 0.3262307
vn -0.001344807 0.9566733 0.2911604
vn -0.005792561 0.993025 0.117762
vn 0.005262344 0.9948623 0.1011012
vn -0.003907721 0.9951369 -0.09842452
vn 0.004334606 0.9919251 -0.1267512
vn -0.006394798 0.9473186 -0.3202291
vn 0.004351873 0.938459 -0.345363
vn -0.006373153 0.8522398 -0.5231126
vn 0.001567407 0.835836 -0.548977
vn -0.009190562 0.713871 -0.7002169
vn 0.007161485 0.7229642 -0.6908485
vn 0.003100049 0.6019688 -0.7985136
vn -0.01024927 0.5437754 -0.8391682
vn 0.0005527452 0.4126547 -0.9108874
vn -0.01553366 0.3431176 -0.939164
vn 0.007385224 0.2060685 -0.9785097
vn -0.007429829 0.1289745 -0.9916201
vn -0.002863808 -0.01587977 -0.9998698
vn -0.01540314 -0.104302 -0.9944264
vn -2.070853e-05 -0.4180174 -0.908439
vn 0.009078323 -0.3142931 -0.9492826
vn -0.006730986 -0.2222924 -0.9749568
vn 0.02144166 -0.5802475 -0.814158
vn 0.04047585 -0.6397113 -0.7675487
vn 0.01704031 -0.486639 -0.8734369
vn -0.002918366 -0.8862856 -0.46313
vn 0.01779272 -0.8036983 -0.5947708
vn -0.0262573 -0.7524668 -0.6581066
vn -0.009775256 -0.8838431 -0.4676815
vn 0.005951187 -0.9663501 -0.2571613
vn 0.006720685 -0.9597304 -0.2808422
vn -0.01127888 -0.9985972 -0.05173333
vn -0.0006365307 -0.9999611 -0.008794932
vn 0.02376136 -0.9756986 0.217825
vn -0.04954068 -0.9924057 0.1125908
vn -0.02226024 -0.9473845 0.3193229
vn -0.02359424 -0.8771912 0.4795612
vn 0.03053719 -0.9176326 0.3962547
vn -0.01620107 -0.7557341 0.6546781
vn 0.07257737 -0.8205111 0.5670044
vn 0.07516593 -0.6818739 0.7275975
vn 0.03012296 -0.5829903 0.8119205
vn -0.05548092 -0.6632634 0.7463266
vn -0.05815683 -0.4899979 0.8697814
vn 0.02500942 -0.3892048 0.9208117
vn 0.007323561 -0.3311209 0.9435599
vn -0.01342778 -0.1891247 0.9818613
vn -0.01470024 -0.2144928 0.9766149
vn 0.02123316 -0.008765359 0.9997361
vn 0.006580855 0.03992921 0.9991809
vn 0.0003721968 0.2136689 0.9769061
vn 0.03067028 0.1559317 0.9872915
vn -0.02354402 0.2245428 0.9741797
vn 0 0.9739786 -0.2266396
vn 0 0.9739791 -0.226638
vn 0 0.8914407 -0.4531374
vn 0 0.8914399 -0.4531389
vn 0 0.7570925 -0.6533077
vn 0 0.7570913 -0.653309
vn 0 0.5787473 -0.8155069
vn 0 0.578746 -0.8155079
vn 0 0.3667666 -0.930313
vn 0 0.366765 -0.9303137
vn 0 0.1334698 -0.9910529
vn 0 0.1334681 -0.991053
vn 0 -0.1075842 -0.9941959
vn 0 -0.1075857 -0.9941958
vn 0 -0.3423846 -0.9395598
vn 0 -0.3423862 -0.9395593
vn 0 -0.5572895 -0.8303183
vn 0 -0.5572907 -0.8303174
vn 0 -0.7398007 -0.6728261
vn 0 -0.7398016 -0.6728251
vn 0 -0.8793215 -0.4762285
vn 0 -0.8793222 -0.4762272
vn 0 -0.9677391 -0.2519545
vn 0 -0.9677395 -0.251953
vn 0 -0.999915 -0.01303795
vn 0 -0.9999151 -0.01303654
vn 0 -0.9739794 0.2266365
vn 0 -0.9739791 0.2266378
vn 0 -0.8914391 0.4531403
vn 0 -0.8914385 0.4531417
vn 0 -0.7570913 0.6533091
vn 0 -0.7570902 0.6533102
vn 0 -0.5787465 0.8155075
vn 0 -0.5787454 0.8155082
vn 0 -0.3667672 0.9303128
vn 0 -0.3667658 0.9303133
vn 0 -0.133469 0.991053
vn 0 -0.1334674 0.9910532
vn 0 0.1046671 0.9945074
vn 0 0.1068671 0.9942733
vn 0 0.2266349 0.9739798
vn 0 0.4531399 0.8914394
vn 0 0.5597196 0.8286821
vn 0 0.5578863 0.8299174
vn 0 0.7398023 0.6728243
vn 0 0.7398034 0.6728232
vn 0 0.8793212 0.4762292
vn 0 0.879322 0.4762277
vn 0 0.9677393 0.2519538
vn 0 0.9677397 0.251952
vn 0 0.999915 0.01303814
vn 0 0.9999151 0.01303636
vn 0.9321579 0.3588711 -0.04788531
vn 0.7543325 0.6546785 0.04877079
vn 0.9157109 0.4017825 -0.006655036
vn 0.8302153 0.5468861 0.1079722
vn 0.5824857 0.7764457 0.2405047
vn 0.8817716 0.4408447 0.167735
vn 0.7573489 0.5694969 0.3195246
vn 0.8965964 -0.1825768 -0.4034607
vn 0.9223301 -0.08780398 -0.3762945
vn 0.9352471 -0.03980307 -0.3517507
vn 0.8962235 0.01803128 -0.4432361
vn 0.9800832 0.02963219 -0.1963641
vn 0.9996362 0.008786277 -0.02549875
vn 0.9906155 0.06595501 -0.1197119
vn 0.9998332 0.01073896 -0.01477023
vn 0.9974883 0.05440708 -0.04535304
vn 0.9998767 0.01424806 -0.006602021
vn 0.9994111 0.03337524 -0.007966559
vn 0.854924 0.3987913 0.3317688
vn 0.957765 0.2199476 0.1852278
vn 0.9386619 0.1702805 0.299864
vn 0.8668257 0.3153452 0.386226
vn 0.9999806 -0.002752098 0.00558439
vn 0.9998435 0.000867763 0.01766735
vn 0.9999991 0.0001098658 0.001361338
vn 0.9322836 0.1179642 0.3419529
vn 0.9999998 0.0004902551 0.0004182649
vn 0.9496436 0.02464141 0.3123618
vn 0.9999627 0.005097339 -0.006967289
vn 0.9462365 -0.1694111 -0.2755657
vn 0.999972 0.007084809 -0.002409334
vn 0.9386518 -0.09843834 0.3305188
vn 0.9999992 -0.0006795213 0.001009218
vn 0.9999993 0.0001010213 0.001155398
vn 0.999881 0.005736284 -0.014323
vn 1 6.998752e-05 6.165775e-05
vn 0.9999999 -0.0003792442 -0.0002929639
vn 0.9431156 -0.2392832 -0.2308173
vn 0.9338268 -0.1924501 0.3015468
vn 0.9391931 -0.2281755 0.2566171
vn 0.9999999 -0.0002158635 0.000226617
vn 1 0.0001327408 0.0001234142
vn 0.9999999 -0.0003916671 0.0001665952
vn 0.9999167 0.006497815 -0.01114793
vn 0.9999999 -0.0004936528 -0.0002673345
vn 0.937045 -0.3010558 -0.1769523
vn 0.9999208 0.009614974 -0.008109655
vn 0.9999997 -0.0007340116 -0.0001415474
vn 0.9999999 -0.0004774861 0.0002789341
vn 0.9999995 -0.0009714352 4.519156e-05
vn 0.9381192 -0.3384398 -0.07342277
vn 0.9457145 -0.2872013 0.1521169
vn 0.9999998 -0.0005105708 0.0003545042
vn 0.9999989 -0.001412036 -0.0004169926
vn 0.9999998 -0.0005771609 -0.0003533132
vn 0.9999241 0.01045325 -0.006529509
vn 0.9999278 0.01076398 -0.005334423
vn 0.9999999 -0.0005595956 -3.956974e-05
vn 0.9232075 -0.3728724 0.09302709
vn 0.9381388 -0.3462587 0.0006579644
vn 0.9277702 -0.2940337 -0.2297536
vn 0.8966109 -0.1755069 -0.406554
vn 0.9073626 -0.260502 -0.3298966
vn 0.9110515 -0.3880887 -0.1391847
vn 0.8557155 -0.4732269 -0.2093021
vn 0.8946051 -0.4440386 -0.05011404
vn 0.9265104 -0.3737203 0.04372207
vn 0.8698459 -0.02530618 0.4926742
vn 0.8961245 -0.172428 0.4089371
vn 0.9040493 -0.3404519 0.2584327
vn 0.9042197 -0.3255486 0.276414
vn 0.9014233 -0.3999517 0.1657543
vn 0.9077415 -0.2253093 0.3538941
vn 0.9155566 -0.04808147 0.399305
vn 0.9153143 0.07977492 0.3947603
vn 0.9383407 0.166637 0.3029007
vn 1 0 0
vn 1 -8.118162e-08 0
vn 1 -3.979381e-08 0
vn 1 1.225395e-07 0
vn 1 -1.20696e-07 0
vn 1 -1.061168e-07 0
vn 1 -5.57121e-07 0
vn 0.9996719 0.008770044 0.0240666
vn 1 -7.613166e-08 0
vn 1 2.314373e-07 0
vn 1 1.80717e-08 0
vn 1 8.251368e-08 0
vn 0.9996719 0.008770511 0.0240651
vn 0.8513674 0.1796048 0.4928647
vn 1 9.948216e-08 0
vn 1 5.256147e-08 0
vn 0.9999999 -2.913445e-06 0
vn 1 -1.213641e-07 0
vn 1 -7.76846e-08 0
vn 1 2.300052e-07 0
vn 1 2.337498e-07 0
vn 1 -1.770486e-07 0
vn 0.01000684 0.0545405 0.9984614
vn -0.07274273 0.1576754 0.9848081
vn -0.01467826 0.2611891 0.9651761
vn 0.02326837 0.2263445 0.9737694
vn -0.05475307 0.3665242 0.9287961
vn 0.01226896 0.04524624 0.9989005
vn -0.02090246 -0.1328792 0.9909118
vn 0.01764458 -0.2138899 0.9766984
vn -0.009320614 -0.4139002 0.9102746
vn -0.007268744 -0.3685034 0.929598
vn 0.01588556 -0.6209682 0.7836748
vn -0.04733993 -0.5456266 0.8366902
vn -0.02688634 -0.7174157 0.6961263
vn 0.003922863 -0.7684997 0.6398381
vn -0.02523878 -0.8551319 0.5177958
vn -0.02313589 -0.8504978 0.5254696
vn -0.04095505 -0.9239905 0.3802159
vn -0.002119357 -0.8975459 0.4409159
vn 0.02136151 -0.9644676 0.2633361
vn 0.05983098 -0.9866197 0.1516642
vn -0.01764126 -0.9987465 0.04684208
vn -0.02277936 -0.981128 0.1920128
vn 0.04164641 -0.9971006 -0.06368693
vn -0.00999733 -0.9722163 -0.2338706
vn -0.0005001068 -0.982701 -0.1851985
vn 0.01310572 -0.8146952 -0.5797414
vn -0.02237209 -0.8582836 -0.5126877
vn 0.01112333 -0.9147235 -0.4039272
vn -0.0008254684 -0.9391858 -0.3434084
vn 0.004393572 -0.7282912 -0.6852537
vn 0.004504032 -0.7157187 -0.6983741
vn 0.0550311 -0.6470951 -0.7604207
vn -0.04558188 -0.5570595 -0.8292207
vn 0.006669075 -0.3542652 -0.9351212
vn 0.02794169 -0.4668041 -0.8839192
vn -0.006669228 -0.3179722 -0.9480766
vn 0.008219948 -0.1818698 -0.9832883
vn -0.008240161 -0.1414475 -0.9899114
vn -0.002525124 0.009198081 -0.9999545
vn -0.008921399 0.07756846 -0.9969471
vn 0.006734436 0.198128 -0.9801531
vn -0.007113192 0.2368684 -0.9715158
vn 0.01013715 0.3589961 -0.933284
vn 0.001204815 0.3878935 -0.9217034
vn 0.008675545 0.5394971 -0.8419427
vn -0.005111883 0.5372087 -0.8434339
vn -0.002935756 0.6712921 -0.7411871
vn 0.00895457 0.7159737 -0.6980698
vn -0.004237354 0.8165314 -0.5772855
vn 0.01154858 0.855989 -0.5168651
vn -0.008322481 0.9222711 -0.3864542
vn 0.01155986 0.9464469 -0.3226525
vn 0.001818005 0.9858839 -0.1674202
vn 0.01237936 0.9960546 -0.08787467
vn -0.005616112 0.9978178 0.06578764
vn 0.01022684 0.9916365 0.1286567
vn 0.001026839 0.9667209 0.2558311
vn 0.01541056 0.9420273 0.3351822
vn -0.005920262 0.9083945 0.4180721
vn -0.01786113 0.8549005 0.5184845
vn -0.004785046 0.7889688 0.6144146
vn -0.004975718 0.6528555 0.7574663
vn -0.01863776 0.6497446 0.759924
vn -0.07533491 0.7009261 0.709244
vn -0.02068124 0.494064 0.8691795
vn -0.008139491 0.5293223 0.8483818
vn -1 -5.042162e-07 0
vn -1 -1.181676e-07 0
vn -1 -1.020267e-07 0
vn -1 1.989646e-08 0
vn -1 0 0
vn -1 2.360753e-07 0
vn -0.9999999 0 0
vn -1 -1.392807e-07 0
vn -1 1.012907e-07 0
vn -1 4.232993e-08 0
vn -1 7.716599e-08 0
vn -1 -1.894188e-07 0
vn -1 5.785932e-08 0
vn -1 1.537717e-07 0
vn -1 4.440188e-07 0
vn -1 5.305852e-08 0
vn -1 -9.349972e-07 0
vn -1 1.874899e-07 0
vn -1 -2.17897e-07 0
vn 0 0.9739794 -0.2266365
vn 0 0.9739791 -0.2266382
vn 0 0.9999151 0.013036
vn 0 0.999915 0.01303804
vn 0 0.9677395 0.2519529
vn 0 0.967739 0.2519548
vn 0 0.8793224 0.4762272
vn 0 0.8793214 0.4762288
vn 0 0.7398034 0.6728231
vn 0 0.7398022 0.6728244
vn 0 0.5572902 0.8303177
vn 0 0.5572888 0.8303187
vn 0 0.3423853 0.9395596
vn 0 0.3423837 0.9395603
vn 0 0.1075859 0.9941958
vn 0 0.1075841 0.994196
vn 0 -0.1334682 0.991053
vn 0 -0.1334699 0.9910529
vn 0 -0.3667652 0.9303135
vn 0 -0.3667667 0.9303131
vn 0 -0.5787445 0.8155088
vn 0 -0.5787457 0.8155081
vn 0 -0.7570911 0.6533093
vn 0 -0.7570921 0.6533081
vn 0 -0.8914387 0.4531413
vn 0 -0.9739794 0.2266368
vn 0 -0.9739797 0.2266354
vn 0 -0.999915 -0.01303751
vn 0 -0.999915 -0.01303995
vn 0 -0.9677397 -0.2519523
vn 0 -0.9677394 -0.2519534
vn 0 -0.8793229 -0.4762259
vn 0 -0.8793224 -0.4762269
vn 0 -0.7397999 -0.672827
vn 0 -0.7397991 -0.6728277
vn 0 -0.5572886 -0.8303188
vn 0 -0.5572878 -0.8303194
vn 0 -0.342388 -0.9395586
vn 0 -0.3423868 -0.9395591
vn 0 -0.1075846 -0.9941959
vn 0 -0.1075832 -0.9941962
vn 0 0.1334675 -0.9910532
vn 0 0.133469 -0.991053
vn 0 0.3667654 -0.9303135
vn 0 0.366767 -0.9303129
vn 0 0.5787458 -0.8155079
vn 0 0.578747 -0.8155071
vn 0 0.7570916 -0.6533087
vn 0 0.8914384 -0.453142
vn 0 0.8914391 -0.4531406
vn -0.9060824 0.4230962 -0.002103433
vn -0.9997179 0.02326622 -0.004764739
vn -0.9999517 0.007539754 -0.006298217
vn -0.9999025 0.01333438 -0.004127845
vn -0.9999999 0.0002522984 -8.851514e-05
vn -0.9373792 0.004712027 0.3482784
vn -0.9999995 0.0003164427 0.0009833904
vn -0.9511948 -0.08834701 0.2956741
vn -0.9999993 -0.0004635625 0.001087768
vn -0.9257541 -0.2781931 0.2561015
vn -0.9394329 -0.161018 0.3025543
vn -0.9545396 -0.01586755 -0.2976614
vn -0.9999999 -0.0004157241 0.00025628
vn -0.9999999 0.0001041148 0.0004646727
vn -0.9565196 0.083872 -0.2793488
vn -0.9999359 0.008645979 -0.00731246
vn -0.9997706 0.01438964 -0.0158585
vn -1 -4.110813e-05 9.680711e-05
vn -0.9999993 0.0003134722 0.001085171
vn -0.9344752 0.1951439 0.2977835
vn -0.9999996 0.0004995438 0.0007346554
vn -0.9999989 4.022436e-05 0.001468765
vn -0.9176607 0.09906024 0.3848192
vn -0.9999995 -0.0006999918 0.0006464015
vn -1 2.061598e-05 1.041996e-05
vn -0.8436754 0.5191709 0.1366511
vn -0.9999999 0.0001821741 0.0003795867
vn -0.9999997 -0.0005627391 0.0004039422
vn -0.9556425 -0.154586 -0.2507002
vn -0.9999992 -0.0005364262 -0.00114775
vn -0.9999995 -0.0005162419 -0.0009508716
vn -0.9426963 -0.1307217 -0.306978
vn -0.9999259 0.0085278 -0.008684639
vn -0.9998825 0.01427748 -0.005581805
vn -0.9999999 -0.000367072 0.0002600774
vn -0.9531214 -0.3012703 0.02820713
vn -0.9230264 -0.3394892 0.1810238
vn -0.9999996 -0.000735324 0.0003781288
vn -0.9999999 -0.0005908686 -0.0001695879
vn -0.8907853 0.4105299 0.1948505
vn -0.9471707 0.248902 0.2022757
vn -0.9999999 -0.000522959 -0.0001526784
vn -0.9503018 -0.2922318 -0.1073637
vn -0.9474829 -0.3155737 -0.05185888
vn -0.9526147 -0.2125927 -0.217554
vn -0.9999996 -0.0005822844 -0.0005411805
vn -0.9999999 -0.0003770659 -8.487917e-05
vn -0.9469891 -0.2735947 -0.1683972
vn -0.9999997 -0.0005765267 -0.0003730138
vn -0.9068486 -0.4212986 -0.01154074
vn -0.8800508 -0.4624683 0.1078596
vn -0.8986061 -0.425386 -0.107488
vn -0.887536 -0.4107184 -0.2087824
vn -0.8912963 -0.3471281 -0.2917072
vn -0.8789825 -0.2961858 -0.373716
vn -0.8584843 -0.2364757 -0.4550648
vn -0.9055403 -0.09593521 -0.413271
vn -0.8382427 0.5416206 -0.06321748
vn -0.9813372 0.1869001 -0.0452286
vn -0.9959371 0.06595761 -0.06131022
vn -0.9775629 0.09315624 -0.1889251
vn -0.9680304 0.03699685 -0.2480896
vn -0.8420176 -0.02568028 -0.5388384
vn -0.9264564 -0.3064622 0.2185393
vn -0.8484394 -0.1200816 0.515491
vn -0.9162428 0.04758582 0.3977873
vn -0.9144939 0.2681309 0.3029962
vn -0.9055756 0.1804786 0.3838753
vn -0.8883188 0.1767505 0.4238501
vn -0.8872149 -0.06304198 0.4570289
vn -0.9405468 -0.107242 0.3222901
vn -0.9108711 -0.2438388 0.332951
vn -0.8813984 -0.2917691 0.3714937
vn -0.9135174 -0.3874629 0.1239286
vn -0.8867866 0.3173095 0.3360419
vn -0.8706163 0.4102741 0.2714816
vn -0.7268521 0.6564626 0.2018489
vn -0.4796895 0.849339 0.2202753
vn -0.7612615 0.6455212 0.06150825
vn -0.2600337 -0.9655995 0.0003373472
vn -0.002355939 -0.9999971 0.0002692605
vn 7.75538e-06 -1 4.292231e-05
vn -0.2590825 0.9658551 0.0003694196
vn -0.5000026 0.8660239 0
vn -0.4999975 0.8660269 0
vn -0.7071086 0.7071049 0
vn -0.7071047 0.7071088 0
vn -0.8660265 0.4999981 0
vn -0.8660241 0.5000024 0
vn -0.9659265 0.2588166 0
vn -0.9659251 0.2588217 0
vn -1 -2.817904e-06 0
vn -1 2.822689e-06 0
vn -0.9659251 -0.2588218 0
vn -0.9659265 -0.2588165 0
vn -0.866024 -0.5000026 0
vn -0.8660266 -0.4999979 0
vn -0.7071047 -0.707109 0
vn -0.7071089 -0.7071047 0
vn -0.4999979 -0.8660267 0
vn -0.5000031 -0.8660236 0
vn -0.2588195 -0.9659257 0
vn 0.2584124 -0.9660347 -0.0001138706
vn 0.2588167 -0.9659264 0
vn 0.5000029 -0.8660237 0
vn 0.4999982 -0.8660265 0
vn 0.7071087 -0.7071049 0
vn 0.7071049 -0.7071086 0
vn 0.8660267 -0.4999979 0
vn 0.8660239 -0.5000025 0
vn 0.9659266 -0.2588164 0
vn 0.965925 -0.2588221 0
vn 1 3.124094e-06 0
vn 1 -3.124094e-06 0
vn 0.965925 0.2588221 0
vn 0.9659266 0.2588164 0
vn 0.8660239 0.5000026 0
vn 0.8660267 0.4999978 0
vn 0.7071048 0.7071088 0
vn 0.7071088 0.7071048 0
vn 0.4999976 0.8660268 0
vn 0.5000025 0.8660239 0
vn 0.2584925 0.9660133 0
vn 0.2587679 0.9659395 -7.60663e-05
vn -0.002012403 0.999998 5.799799e-05
vn 0.0003356868 0.9999999 0.000348643
vn -0.2604314 0.9654924 0
vn 2.138121e-07 7.114888e-08 1
vn -2.181168e-07 7.497508e-08 1
vn 6.275624e-08 -2.472621e-07 1
vn 0 7.619687e-08 1
vn 2.181167e-07 7.497508e-08 1
vn 0 3.57007e-08 1
vn 0 5.303195e-08 1
vn 3.326038e-07 6.418898e-08 1
vn 6.647686e-08 -1.157919e-07 1
vn 3.546112e-07 -3.632213e-08 1
vn 9.850821e-08 8.448101e-09 1
vn 2.761287e-06 -2.083807e-06 1
vn 1.254825e-07 -6.772968e-07 1
vn 4.43212e-07 -2.758652e-07 1
vn -6.274164e-08 -6.772934e-07 1
vn -1.380647e-06 -2.083813e-06 1
vn -3.54611e-07 -3.632213e-08 1
vn -6.647679e-08 -1.157919e-07 1
vn -4.432115e-07 -2.758646e-07 1
vn 0 5.303194e-08 1
vn 0 3.570069e-08 1
vn -9.850817e-08 8.448104e-09 1
vn -2.138122e-07 7.11489e-08 1
vn -3.326039e-07 6.418899e-08 1
vn 1.353918e-06 -1 2.636862e-09
vn -0.2588201 -0.9659256 0
vn -0.2588175 -0.9659262 0
vn -0.500001 -0.8660248 0
vn -0.4999985 -0.8660263 0
vn -0.7071075 -0.7071061 0
vn -0.7071057 -0.7071078 0
vn -0.8660261 -0.4999988 0
vn -0.8660247 -0.5000011 0
vn -0.9659263 -0.2588174 0
vn -0.9659254 -0.2588206 0
vn -1 1.68881e-06 0
vn -1 -1.526148e-06 0
vn -0.9659254 0.2588203 0
vn -0.9659263 0.2588173 0
vn -0.8660247 0.5000013 0
vn -0.866026 0.4999988 0
vn -0.7071058 0.7071078 0
vn -0.7071076 0.7071061 0
vn -0.499999 0.866026 0
vn -0.5000014 0.8660246 0
vn -0.2588174 0.9659262 0
vn -0.2588201 0.9659255 -1.711982e-08
vn 1.339566e-06 1 -2.355447e-09
vn -1.286941e-06 1 -1.947566e-08
vn 0.2588201 0.9659256 0
vn 0.2588175 0.9659262 0
vn 0.5000015 0.8660246 0
vn 0.499999 0.8660259 0
vn 0.7071078 0.7071058 0
vn 0.7071056 0.7071079 0
vn 0.866026 0.499999 0
vn 0.8660247 0.5000013 0
vn 0.9659262 0.2588174 0
vn 0.9659256 0.2588201 0
vn 1 -1.511796e-06 0
vn 1 1.68881e-06 0
vn 0.9659255 -0.2588202 0
vn 0.9659262 -0.2588177 0
vn 0.8660247 -0.5000012 0
vn 0.8660261 -0.4999988 0
vn 0.7071057 -0.7071079 0
vn 0.7071078 -0.7071058 0
vn 0.4999987 -0.8660262 0
vn 0.500001 -0.8660249 0
vn 0.2588174 -0.9659262 0
vn 0.2588201 -0.9659256 2.317898e-09
vn -1.363487e-06 -1 3.189103e-10
vn 9.896313e-07 -1.080312e-07 -1
vn 1.88201e-07 -7.272574e-08 -1
vn 2.458283e-07 5.036957e-07 -1
vn -7.996933e-08 -1.720958e-08 -1
vn -2.20733e-06 7.399165e-08 -1
vn -5.058096e-07 -1.527315e-07 -1
vn -1.330907e-06 -1.449373e-07 -1
vn -1.542548e-06 -1.307592e-07 -1
vn 1.330907e-06 -1.449372e-07 -1
vn 5.058096e-07 -1.527316e-07 -1
vn 0 -1.552204e-07 -1
vn -1.88201e-07 -7.272576e-08 -1
vn -9.896313e-07 -1.080312e-07 -1
vn 1.542549e-06 -1.307592e-07 -1
vn 1.920872e-06 2.358792e-07 -1
vn 2.669805e-06 7.399169e-08 -1
vn 7.996897e-08 -1.720959e-08 -1
vn 5.729313e-06 4.244893e-06 -1
vn 3.991108e-06 1.379713e-06 -1
vn -1.483974e-06 5.619636e-07 -1
vn -3.860911e-06 1.37971e-06 -1
vn -2.864681e-06 4.244929e-06 -1
vn 2.758636e-07 2.358791e-07 -1
vn 1.483978e-06 5.619636e-07 -1
vn 0.03021899 0.9995401 0.002517496
vn 0.04364157 0.9990472 0.0002150217
vn 0.2212482 0.9751766 0.008936733
vn 0.06159877 0.9981005 -0.001081053
vn 0.1936509 0.9810704 -0.0004277251
vn 0.3550315 0.9348443 0.004324502
vn 0.3643333 0.9312686 0
vn 0.4458294 0.8951179 0
vn -0.1015802 0.994769 0.01076941
vn -0.1985165 0.9800951 0.002127859
vn -0.1100236 0.9939207 0.004062286
vn -0.1940383 0.9809936 -0.0009182056
vn -0.1226464 0.9924239 0.007251807
vn -0.3553149 0.9347417 -0.003048093
vn -0.3633421 0.9316558 0
vn -0.4419662 0.8970317 0
vn -0.4419668 0.8970314 0
vn 0 -1 0
vn -9.239502e-06 0.0004974195 0.9999999
vn 0.0004916209 -0.001802717 0.9999983
vn 3.281091e-05 5.384619e-06 1
vn -0.0001188021 0.0003070878 0.9999999
vn 0 0 0.9999999
vn -6.810707e-06 8.325448e-05 1
vn 0.001746135 0.01207983 -0.9999255
vn -0.01160076 -0.02329024 -0.9996614
vn -0.001791804 0.0005728923 -0.9999982
vn 0.00339844 -0.006902191 -0.9999704
vn 0.0002432131 0.00288847 -0.9999958
vn 0.0008089013 0.0002228351 -0.9999996
vn -0.007969034 0.03409394 0.9993868
vn -0.002270108 0.01421649 -0.9998964
vn -0.001984937 0.01484884 -0.9998878
vn 0.002391647 0.04366613 -0.9990433
vn 0.005257296 0.06035627 -0.998163
vn -1.634709e-05 -7.489069e-05 -1
f 12//1 13//2 14//3
f 14//3 13//2 15//4
f 16//5 17//6 18//7
f 17//6 19//8 18//7
f 18//7 19//8 15//4
f 15//4 19//8 14//3
f 26//9 25//10 28//11
f 28//11 29//12 27//13
f 27//13 29//12 22//14
f 20//15 30//16 24//17
f 24//17 30//16 23//18
f 27//13 22//14 31//19
f 31//19 22//14 23//18
f 31//19 23//18 30//16
f 33//20 34//21 48//22
f 35//23 17//6 16//5
f 35//23 16//5 36//24
f 35//23 36//24 38//25
f 36//24 37//26 39//27
f 39//27 38//25 36//24
f 830//28 39//27 37//26
f 39//27 830//28 40//29
f 40//29 830//28 41//30
f 41//30 42//31 40//29
f 44//32 43//33 42//31
f 44//32 42//31 41//30
f 43//33 44//32 46//34
f 46//34 44//32 45//35
f 45//35 33//20 46//34
f 34//21 33//20 45//35
f 47//36 48//22 34//21
f 50//37 49//38 47//36
f 47//36 49//38 48//22
f 49//38 50//37 51//39
f 52//40 53//41 54//42
f 54//42 55//43 52//40
f 52//40 55//43 50//37
f 50//37 55//43 51//39
f 56//44 57//45 58//46
f 59//47 60//48 61//49
f 62//50 63//51 64//52
f 69//53 70//54 71//55
f 63//51 77//56 81//57
f 85//58 87//59 84//60
f 84//60 87//59 82//61
f 86//62 87//59 85//58
f 86//62 76//63 87//59
f 74//64 61//49 75//65
f 88//66 28//11 25//10
f 88//66 25//10 73//67
f 28//11 88//66 29//12
f 29//12 88//66 89//68
f 89//68 22//14 29//12
f 22//14 89//68 23//18
f 75//65 90//69 25//10
f 25//10 90//69 73//67
f 90//69 75//65 61//49
f 90//69 61//49 60//48
f 97//70 96//71 98//72
f 98//72 96//71 94//73
f 57//45 96//71 97//70
f 56//44 99//74 57//45
f 57//45 99//74 96//71
f 106//75 107//76 65//77
f 65//77 107//76 66//78
f 111//79 112//80 110//81
f 91//82 92//83 113//84
f 113//84 92//83 93//85
f 100//86 97//70 98//72
f 114//87 98//72 94//73
f 69//53 71//55 115//88
f 116//89 69//53 120//90
f 120//90 69//53 117//91
f 120//90 117//91 109//92
f 109//92 117//91 118//93
f 91//82 113//84 119//94
f 119//94 113//84 116//89
f 119//94 116//89 67//95
f 67//95 116//89 68//96
f 120//90 106//75 65//77
f 120//90 65//77 116//89
f 108//97 109//92 121//98
f 121//98 109//92 118//93
f 120//90 109//92 106//75
f 106//75 109//92 108//97
f 102//99 101//100 100//86
f 102//99 100//86 122//101
f 122//101 100//86 98//72
f 122//101 98//72 114//87
f 119//94 114//87 94//73
f 119//94 94//73 95//102
f 68//96 104//103 103//104
f 103//104 104//103 105//105
f 103//104 105//105 102//99
f 102//99 105//105 123//106
f 103//104 102//99 122//101
f 103//104 122//101 68//96
f 68//96 122//101 114//87
f 68//96 114//87 67//95
f 67//95 114//87 119//94
f 119//94 95//102 91//82
f 124//107 115//88 125//108
f 125//108 71//55 85//58
f 85//58 71//55 126//109
f 126//109 71//55 70//54
f 62//50 127//110 124//107
f 124//107 127//110 128//111
f 124//107 128//111 115//88
f 125//108 115//88 71//55
f 63//51 62//50 129//112
f 129//112 62//50 124//107
f 124//107 125//108 84//60
f 84//60 125//108 85//58
f 9//113 64//52 130//114
f 9//113 130//114 8//115
f 81//57 8//115 130//114
f 64//52 63//51 130//114
f 130//114 63//51 81//57
f 121//98 118//93 131//116
f 112//80 111//79 80//117
f 80//117 111//79 79//118
f 79//118 111//79 134//119
f 79//118 134//119 7//120
f 7//120 134//119 9//113
f 108//97 121//98 110//81
f 110//81 121//98 111//79
f 111//79 121//98 131//116
f 111//79 131//116 132//121
f 111//79 132//121 134//119
f 134//119 132//121 133//122
f 66//78 104//103 68//96
f 66//78 68//96 65//77
f 65//77 68//96 116//89
f 117//91 69//53 135//123
f 117//91 135//123 118//93
f 118//93 135//123 131//116
f 131//116 135//123 128//111
f 131//116 128//111 132//121
f 93//85 92//83 72//124
f 93//85 72//124 136//125
f 136//125 72//124 59//47
f 77//56 63//51 78//126
f 78//126 63//51 129//112
f 78//126 129//112 83//127
f 83//127 129//112 124//107
f 83//127 124//107 82//61
f 82//61 124//107 84//60
f 85//58 126//109 86//62
f 59//47 72//124 60//48
f 74//64 76//63 61//49
f 61//49 76//63 59//47
f 59//47 76//63 86//62
f 59//47 86//62 136//125
f 136//125 86//62 126//109
f 136//125 126//109 93//85
f 93//85 126//109 70//54
f 93//85 70//54 113//84
f 116//89 113//84 70//54
f 116//89 70//54 69//53
f 69//53 115//88 135//123
f 135//123 115//88 128//111
f 128//111 127//110 132//121
f 132//121 127//110 62//50
f 132//121 62//50 133//122
f 133//122 62//50 64//52
f 133//122 64//52 134//119
f 134//119 64//52 9//113
f 142//128 138//129 139//130
f 139//130 138//129 137//131
f 139//130 137//131 140//132
f 140//132 137//131 141//133
f 142//128 143//134 138//129
f 145//135 144//136 146//137
f 145//135 146//137 147//138
f 148//139 149//140 150//141
f 150//141 149//140 145//135
f 145//135 149//140 144//136
f 151//142 153//143 150//141
f 150//141 153//143 148//139
f 151//142 152//144 153//143
f 152//144 151//142 155//145
f 152//144 155//145 154//146
f 156//147 157//148 155//145
f 155//145 157//148 154//146
f 159//149 157//148 156//147
f 159//149 158//150 157//148
f 548//151 143//134 159//149
f 159//149 143//134 158//150
f 138//129 143//134 548//151
f 161//152 160//153 163//154
f 163//154 160//153 162//155
f 164//156 165//157 160//153
f 160//153 165//157 162//155
f 175//158 176//159 167//160
f 167//160 176//159 166//161
f 166//161 176//159 173//162
f 172//163 169//164 171//165
f 171//165 169//164 168//166
f 177//167 168//166 170//168
f 177//167 170//168 174//169
f 180//170 321//171 181//172
f 201//173 200//174 202//175
f 205//176 161//152 206//177
f 205//176 160//153 161//152
f 161//152 204//178 206//177
f 206//177 207//179 208//180
f 210//181 211//182 212//183
f 210//181 212//183 213//184
f 214//185 213//184 212//183
f 167//160 215//186 217//187
f 217//187 215//186 216//188
f 217//187 216//188 214//185
f 214//185 216//188 213//184
f 218//189 166//161 219//190
f 219//190 166//161 173//162
f 166//161 218//189 167//160
f 167//160 218//189 215//186
f 170//168 168//191 220//192
f 170//168 220//192 174//169
f 174//169 220//192 173//162
f 173//162 220//192 219//190
f 192//193 221//194 214//185
f 190//195 192//193 222//196
f 186//197 187//198 224//199
f 186//197 224//199 191//200
f 191//200 224//199 190//195
f 225//201 188//202 223//203
f 189//204 188//202 226//205
f 228//206 9//113 227//207
f 229//208 7//120 9//113
f 230//209 7//120 195//210
f 225//201 223//203 187//198
f 225//201 187//198 186//197
f 225//201 226//205 188//202
f 8//115 189//204 227//207
f 227//207 189//204 226//205
f 227//207 226//205 228//206
f 228//206 226//205 225//201
f 228//206 225//201 232//211
f 233//212 234//213 231//214
f 231//214 234//213 235//215
f 231//214 235//215 184//216
f 236//217 232//211 185//218
f 185//218 232//211 225//201
f 185//218 225//201 184//216
f 184//216 225//201 186//197
f 184//216 186//197 231//214
f 231//214 186//197 233//212
f 233//212 186//197 191//200
f 229//208 9//113 228//206
f 229//208 232//211 194//219
f 194//219 232//211 236//217
f 194//219 195//210 229//208
f 229//208 195//210 7//120
f 236//217 185//218 237//220
f 236//217 237//220 238//221
f 239//222 242//223 240//224
f 240//224 242//223 243//225
f 244//226 180//170 242//223
f 242//223 180//170 181//172
f 242//223 181//172 199//227
f 236//217 245//228 194//219
f 194//219 245//228 196//229
f 196//229 245//228 197//230
f 199//227 198//231 241//232
f 241//232 198//231 197//230
f 241//232 197//230 238//221
f 238//221 197//230 245//228
f 238//221 245//228 236//217
f 232//211 229//208 228//206
f 227//207 9//113 8//115
f 210//181 209//233 246//234
f 246//234 209//233 178//235
f 246//234 178//235 247//236
f 247//236 178//235 179//237
f 247//236 179//237 239//222
f 247//236 239//222 248//238
f 207//179 203//239 249//240
f 249//240 203//239 250//241
f 249//240 250//241 244//226
f 244//226 250//241 193//242
f 244//226 193//242 180//170
f 314//243 193//242 250//241
f 314//243 250//241 200//174
f 200//174 250//241 202//175
f 202//175 250//241 203//239
f 203//239 207//179 204//178
f 204//178 207//179 206//177
f 241//232 243//225 199//227
f 199//227 243//225 242//223
f 244//226 242//223 239//222
f 244//226 239//222 249//240
f 249//240 208//180 207//179
f 212//183 192//193 214//185
f 214//185 221//194 217//187
f 192//193 212//183 222//196
f 222//196 212//183 211//182
f 211//182 210//181 251//244
f 251//244 210//181 246//234
f 251//244 246//234 252//245
f 252//245 246//234 247//236
f 252//245 247//236 183//246
f 183//246 247//236 248//238
f 183//246 248//238 182//247
f 182//247 248//238 241//232
f 233//212 251//244 234//213
f 234//213 251//244 253//248
f 234//213 253//248 235//215
f 235//215 253//248 254//249
f 235//215 254//249 255//250
f 235//215 255//250 184//216
f 184//216 255//250 185//218
f 185//218 255//250 237//220
f 190//195 222//196 191//200
f 191//200 222//196 211//182
f 191//200 211//182 233//212
f 233//212 211//182 251//244
f 253//248 251//244 252//245
f 253//248 252//245 254//249
f 254//249 252//245 183//246
f 254//249 183//246 255//250
f 255//250 183//246 182//247
f 255//250 182//247 237//220
f 237//220 182//247 238//221
f 238//221 182//247 241//232
f 243//225 241//232 248//238
f 243//225 248//238 240//224
f 240//224 248//238 239//222
f 239//222 179//237 249//240
f 249//240 179//237 178//235
f 249//240 178//235 208//180
f 457//251 165//252 141//133
f 141//133 165//252 140//132
f 172//253 256//254 257//255
f 257//255 256//254 258//256
f 257//255 258//256 146//137
f 146//137 258//256 147//138
f 140//257 165//157 164//156
f 259//258 172//259 257//260
f 259//258 257//260 260//261
f 260//262 257//262 261//262
f 286//263 285//264 288//265
f 286//263 287//266 285//264
f 262//267 284//268 287//266
f 287//266 263//269 262//267
f 289//270 264//271 287//266
f 287//266 264//271 263//269
f 289//270 265//272 264//271
f 289//270 266//273 265//272
f 286//263 268//274 289//270
f 289//270 268//274 267//275
f 289//270 267//275 266//273
f 286//263 269//276 268//274
f 286//263 270//277 269//276
f 290//278 270//277 286//263
f 290//278 271//279 270//277
f 273//280 272//281 290//278
f 290//278 272//281 271//279
f 288//265 290//278 286//263
f 286//263 289//270 287//266
f 285//264 287//266 291//282
f 291//282 288//265 285//264
f 273//280 290//278 274//283
f 274//283 290//278 275//284
f 277//285 276//286 275//284
f 278//287 277//285 280//288
f 278//287 280//288 279//289
f 281//290 280//288 282//291
f 283//292 282//291 284//268
f 290//278 288//265 275//284
f 275//284 288//265 291//282
f 275//284 291//282 277//285
f 277//285 291//282 280//288
f 280//288 291//282 282//291
f 282//291 291//282 284//268
f 284//268 291//282 287//266
f 4//293 292//294 3//295
f 3//295 292//294 293//296
f 3//295 293//296 1//297
f 293//296 294//298 1//297
f 1//297 294//298 295//299
f 337//300 296//301 297//302
f 297//302 296//301 298//303
f 304//304 305//305 299//306
f 299//306 305//305 300//307
f 303//308 306//309 304//304
f 304//304 306//309 305//305
f 306//309 303//308 307//310
f 307//310 303//308 301//311
f 301//311 308//312 307//310
f 308//312 301//311 302//313
f 308//312 332//314 309//315
f 308//312 309//315 307//310
f 307//310 309//315 306//309
f 306//309 309//315 310//316
f 306//309 310//316 311//317
f 306//309 311//317 305//305
f 312//318 300//307 311//317
f 311//317 300//307 305//305
f 313//319 314//243 315//320
f 315//320 314//243 316//321
f 315//320 316//321 317//322
f 317//322 316//321 318//323
f 317//322 318//323 312//318
f 312//318 318//323 300//307
f 319//324 320//325 321//326
f 319//324 321//326 322//327
f 322//327 321//326 313//319
f 322//327 313//319 315//320
f 323//328 324//329 319//324
f 319//324 324//329 320//325
f 323//328 327//330 324//329
f 326//331 325//332 327//330
f 326//331 327//330 323//328
f 325//332 326//331 328//333
f 328//333 326//331 329//334
f 10//335 11//336 329//334
f 328//333 329//334 11//336
f 328//333 11//336 330//337
f 297//302 298//303 331//338
f 331//338 298//303 332//314
f 331//338 332//314 308//312
f 336//339 335//340 337//300
f 337//300 335//340 338//341
f 337//300 338//341 296//301
f 335//340 336//339 339//342
f 335//340 339//342 342//343
f 334//344 333//345 340//346
f 334//344 340//346 341//347
f 341//347 340//346 342//343
f 341//347 342//343 339//342
f 334//344 343//348 333//345
f 333//345 343//348 344//349
f 344//349 343//348 345//350
f 344//349 345//350 346//351
f 347//352 348//353 349//354
f 344//349 346//351 350//355
f 350//355 346//351 351//356
f 350//355 351//356 347//352
f 347//352 351//356 352//357
f 347//352 352//357 348//353
f 349//354 348//353 353//358
f 349//354 353//358 354//359
f 349//354 354//359 355//360
f 355//360 354//359 356//361
f 355//360 356//361 357//362
f 357//362 356//361 358//363
f 357//362 358//363 359//364
f 358//363 360//365 359//364
f 359//364 360//365 10//335
f 10//335 360//365 11//336
f 363//366 192//193 190//367
f 192//193 363//366 364//368
f 192//193 364//368 221//194
f 76//63 365//369 87//370
f 74//64 366//371 76//63
f 76//63 366//371 367//372
f 76//63 367//372 365//369
f 8//373 369//374 368//375
f 8//373 368//375 189//376
f 189//376 368//375 188//377
f 81//378 370//379 369//374
f 81//378 369//374 8//373
f 77//380 371//381 81//378
f 81//378 371//381 370//379
f 369//382 372//383 373//384
f 369//382 373//384 368//385
f 368//385 373//384 374//386
f 298//387 296//388 375//389
f 376//390 377//391 323//328
f 378//392 326//331 377//391
f 377//391 326//331 323//328
f 378//392 329//393 326//331
f 379//394 310//395 309//396
f 332//397 380//398 309//396
f 309//396 380//398 379//394
f 381//399 315//400 317//401
f 312//402 382//403 317//401
f 317//401 382//403 381//399
f 329//393 378//392 10//404
f 10//404 378//392 383//405
f 332//397 384//406 380//398
f 385//407 315//400 381//399
f 386//408 322//409 385//407
f 385//407 322//409 315//400
f 384//406 332//397 298//387
f 384//406 298//387 375//389
f 310//395 379//394 311//410
f 311//410 379//394 387//411
f 382//403 312//402 387//411
f 387//411 312//402 311//410
f 323//328 319//324 376//390
f 376//390 319//324 386//408
f 386//408 319//324 322//409
f 388//412 374//413 373//414
f 536//415 373//414 372//416
f 389//417 419//418 390//419
f 389//417 390//419 416//420
f 392//421 393//422 391//423
f 391//423 393//422 572//424
f 393//422 392//421 394//425
f 393//422 394//425 395//426
f 395//426 394//425 396//427
f 396//427 394//425 397//428
f 397//428 394//425 398//429
f 397//428 398//429 399//430
f 398//429 400//431 399//430
f 399//430 400//431 401//432
f 401//432 400//431 402//433
f 402//433 400//431 403//434
f 402//433 403//434 573//435
f 573//435 403//434 405//436
f 405//436 403//434 404//437
f 405//436 404//437 406//438
f 478//439 407//440 408//441
f 408//441 407//440 404//437
f 404//437 407//440 406//438
f 478//439 408//441 409//442
f 478//439 409//442 410//443
f 410//443 409//442 411//444
f 411//444 409//442 412//445
f 411//444 412//445 425//446
f 412//445 413//447 425//446
f 425//446 413//447 422//448
f 422//448 413//447 414//449
f 422//448 414//449 415//450
f 415//450 414//449 421//451
f 421//451 414//449 416//420
f 421//451 416//420 390//419
f 419//418 417//452 390//419
f 390//419 417//452 418//453
f 429//454 415//450 420//455
f 420//455 415//450 421//451
f 420//455 421//451 418//453
f 418//453 421//451 390//419
f 428//456 422//448 429//454
f 429//454 422//448 415//450
f 427//457 425//446 428//456
f 428//456 425//446 422//448
f 423//458 411//444 424//459
f 424//459 411//444 425//446
f 424//459 425//446 427//457
f 426//460 410//443 423//458
f 423//458 410//443 411//444
f 431//461 430//462 256//254
f 431//461 256//254 171//463
f 171//463 256//254 172//253
f 430//462 431//461 432//464
f 432//464 431//461 177//465
f 432//464 177//465 433//466
f 433//466 177//465 434//467
f 435//468 436//469 437//470
f 437//470 436//469 438//471
f 437//470 438//471 433//466
f 437//470 433//466 434//467
f 435//468 439//472 436//469
f 439//472 435//468 363//473
f 439//472 363//473 440//474
f 440//474 363//473 190//195
f 440//474 190//195 543//475
f 543//475 190//195 224//199
f 543//475 224//199 441//476
f 441//476 224//199 187//198
f 441//476 187//198 223//203
f 441//476 223//203 442//477
f 442//477 223//203 368//385
f 442//477 368//385 374//386
f 443//478 444//479 445//480
f 445//480 446//481 443//478
f 443//478 446//481 302//482
f 302//482 446//481 447//483
f 302//482 447//483 5//484
f 445//480 444//479 448//485
f 445//480 448//485 449//486
f 449//486 448//485 450//487
f 450//487 448//485 451//488
f 450//487 451//488 452//489
f 450//487 452//489 453//490
f 453//490 452//489 454//491
f 455//492 456//493 454//491
f 454//491 456//493 453//490
f 454//491 162//494 455//492
f 455//492 162//494 165//252
f 455//492 165//252 457//251
f 459//495 201//173 458//496
f 203//239 460//497 202//175
f 203//239 204//178 460//497
f 460//497 204//178 463//498
f 463//498 204//178 163//154
f 163//154 204//178 161//152
f 299//306 300//307 458//496
f 201//173 459//495 316//321
f 316//321 459//495 318//323
f 458//496 300//307 318//323
f 458//496 318//323 459//495
f 302//313 5//499 308//312
f 302//313 301//311 443//500
f 443//500 301//311 303//308
f 443//500 303//308 444//501
f 364//368 363//366 435//502
f 368//375 223//503 188//377
f 176//159 175//158 435//502
f 435//502 437//504 176//159
f 176//159 437//504 173//162
f 173//162 437//504 434//505
f 173//162 434//505 174//169
f 174//169 434//505 177//167
f 171//165 168//166 431//506
f 431//506 168//166 177//167
f 364//368 435//502 175//158
f 461//507 462//508 452//509
f 452//509 462//508 463//498
f 452//509 463//498 454//510
f 454//510 463//498 163//154
f 454//510 163//154 162//155
f 464//511 299//306 465//512
f 464//511 465//512 461//507
f 461//507 465//512 462//508
f 299//306 464//511 304//304
f 304//304 448//513 303//308
f 303//308 448//513 444//501
f 448//513 304//304 464//511
f 448//513 464//511 461//507
f 452//509 451//514 461//507
f 461//507 451//514 448//513
f 314//243 313//515 193//242
f 330//337 230//209 195//210
f 327//516 325//517 196//229
f 196//229 325//517 194//219
f 194//219 325//517 328//333
f 194//219 328//333 195//210
f 195//210 328//333 330//337
f 193//242 313//515 321//171
f 314//243 200//174 316//321
f 316//321 200//174 201//173
f 199//227 181//172 320//518
f 320//518 181//172 321//171
f 321//171 180//170 193//242
f 320//518 324//519 199//227
f 327//516 197//230 198//231
f 327//516 198//231 324//519
f 324//519 198//231 199//227
f 196//229 197//230 327//516
f 466//520 465//512 299//306
f 466//520 299//306 467//521
f 466//520 467//521 460//497
f 466//520 462//508 465//512
f 466//520 460//497 462//508
f 462//508 460//497 463//498
f 299//306 458//496 467//521
f 467//521 458//496 202//175
f 202//175 458//496 201//173
f 202//175 460//497 467//521
f 468//522 473//523 469//524
f 469//524 473//523 474//525
f 474//525 473//523 475//526
f 476//527 475//526 477//528
f 476//527 477//528 472//529
f 472//529 477//528 471//530
f 468//522 469//524 406//438
f 410//443 426//460 470//531
f 410//443 470//531 478//439
f 470//531 468//522 478//439
f 468//522 407//440 478//439
f 468//522 406//438 407//440
f 480//532 481//533 479//534
f 479//534 482//535 483//536
f 483//536 485//537 479//534
f 485//537 484//538 479//534
f 484//538 480//532 479//534
f 483//536 482//535 486//539
f 488//540 487//541 489//542
f 486//539 490//543 483//536
f 483//536 490//543 488//540
f 488//540 489//542 483//536
f 486//539 493//544 494//545
f 486//539 494//545 490//543
f 492//546 490//543 494//545
f 492//546 488//540 490//543
f 495//547 489//542 491//548
f 491//548 489//542 487//541
f 489//542 495//547 483//536
f 496//549 497//550 498//551
f 498//551 497//550 499//552
f 498//551 499//552 500//553
f 500//553 499//552 501//554
f 500//553 501//554 502//555
f 501//554 545//556 502//555
f 504//557 503//558 505//559
f 504//557 505//559 501//554
f 501//554 505//559 545//556
f 503//558 504//557 506//560
f 506//560 504//557 507//561
f 507//561 504//557 508//562
f 507//561 508//562 544//563
f 544//563 508//562 509//564
f 509//564 508//562 510//565
f 510//565 508//562 511//566
f 510//565 511//566 512//567
f 512//567 511//566 513//568
f 513//568 511//566 514//569
f 513//568 514//569 515//570
f 515//570 514//569 516//571
f 516//571 514//569 517//572
f 517//572 514//569 518//573
f 517//572 518//573 519//574
f 520//575 519//574 518//573
f 497//550 521//576 499//552
f 499//552 521//576 522//577
f 499//552 522//577 501//554
f 501//554 522//577 491//548
f 501//554 491//548 504//557
f 504//557 491//548 523//578
f 504//557 523//578 508//562
f 508//562 523//578 524//579
f 508//562 524//579 511//566
f 514//569 511//566 525//580
f 514//569 525//580 518//573
f 518//573 525//580 526//581
f 518//573 526//581 520//575
f 520//575 526//581 493//544
f 521//576 495//547 522//577
f 522//577 495//547 491//548
f 523//578 491//548 487//541
f 523//578 487//541 524//579
f 524//579 487//541 488//540
f 524//579 488//540 511//566
f 511//566 488//540 492//546
f 511//566 492//546 525//580
f 525//580 492//546 526//581
f 526//581 492//546 494//545
f 526//581 494//545 493//544
f 445//582 427//457 446//583
f 446//583 427//457 428//456
f 446//583 428//456 429//454
f 446//583 429//454 447//584
f 536//585 528//586 529//587
f 530//588 531//589 532//590
f 532//590 531//589 533//591
f 527//592 536//585 529//587
f 373//414 536//415 527//593
f 373//414 527//593 388//412
f 442//594 388//412 537//595
f 538//596 539//597 532//590
f 532//590 539//597 540//598
f 532//599 540//599 541//599
f 540//598 543//600 441//601
f 540//598 441//601 541//602
f 538//596 439//603 440//604
f 538//596 440//604 539//597
f 539//597 440//604 540//598
f 540//598 440//604 543//600
f 529//587 388//605 527//592
f 541//606 534//607 530//588
f 541//606 530//588 532//608
f 532//590 533//591 538//596
f 388//605 529//587 535//609
f 388//605 535//609 537//595
f 537//595 535//609 534//607
f 537//595 534//607 542//610
f 542//610 534//607 541//606
f 546//611 547//612 498//551
f 505//613 503//614 151//615
f 496//549 498//551 547//612
f 513//616 515//617 548//618
f 548//618 512//619 513//616
f 509//620 510//621 159//622
f 545//623 505//613 151//615
f 545//623 150//624 502//625
f 500//553 546//611 498//551
f 430//626 551//627 552//628
f 555//629 550//630 556//631
f 558//632 555//629 556//631
f 558//632 556//631 559//633
f 550//630 555//629 549//634
f 557//635 551//627 432//636
f 561//637 457//638 141//639
f 147//640 496//549 547//612
f 147//640 547//612 145//641
f 145//641 547//612 546//611
f 145//641 546//611 500//553
f 145//641 500//553 150//624
f 150//624 500//553 502//625
f 150//624 545//623 151//615
f 151//615 503//614 155//642
f 155//642 503//614 506//643
f 155//642 506//643 507//644
f 155//642 507//644 156//645
f 515//617 516//571 138//646
f 507//644 544//647 156//645
f 156//645 544//647 509//620
f 156//645 509//620 159//622
f 159//622 510//621 512//619
f 159//622 512//619 548//618
f 138//646 548//618 515//617
f 567//648 138//646 516//571
f 561//637 141//639 566//649
f 566//649 141//639 137//650
f 566//649 137//650 568//651
f 567//648 568//651 137//650
f 567//648 137//650 138//646
f 564//652 560//653 554//654
f 496//549 560//653 497//550
f 497//550 560//653 564//652
f 497//550 564//652 521//576
f 521//576 564//652 563//655
f 521//576 563//655 495//547
f 495//547 563//655 562//656
f 495//547 562//656 483//536
f 560//657 496//549 147//640
f 147//640 258//658 560//657
f 560//657 258//658 256//659
f 560//657 256//659 554//660
f 542//610 541//602 441//601
f 542//610 441//601 537//595
f 537//595 441//601 442//594
f 442//594 374//413 388//412
f 436//661 559//633 556//631
f 436//661 556//631 438//662
f 438//662 556//631 550//630
f 438//662 550//630 433//663
f 433//663 550//630 549//634
f 433//663 549//634 557//635
f 433//663 557//635 432//636
f 432//636 551//627 430//626
f 430//626 552//628 553//664
f 430//626 553//664 256//659
f 256//659 553//664 554//660
f 538//596 436//661 439//603
f 538//596 533//591 565//665
f 436//661 538//596 559//633
f 559//633 538//596 558//632
f 565//665 558//632 538//596
f 457//638 561//637 519//574
f 566//649 517//572 519//574
f 567//648 516//571 517//572
f 567//648 517//572 568//651
f 568//651 517//572 566//649
f 561//637 566//649 519//574
f 457//638 519//574 472//529
f 457//638 472//529 471//530
f 569//666 424//459 449//667
f 569//666 449//667 450//668
f 426//460 423//458 424//459
f 449//667 424//459 445//582
f 445//582 424//459 427//457
f 426//460 424//459 569//666
f 426//460 569//666 570//669
f 450//668 453//670 569//666
f 569//666 453//670 570//669
f 570//669 453//670 456//671
f 570//669 456//671 571//672
f 571//672 456//671 455//673
f 571//672 455//673 471//530
f 471//530 455//673 457//638
f 406//438 469//524 574//674
f 406//438 574//674 405//436
f 405//436 574//674 575//675
f 405//436 575//675 573//676
f 573//676 575//675 402//677
f 402//677 575//675 596//678
f 402//677 596//678 401//679
f 401//679 596//678 576//680
f 401//679 576//680 399//681
f 399//681 576//680 577//682
f 399//681 577//682 578//683
f 399//681 578//683 397//684
f 397//684 578//683 396//685
f 396//685 578//683 579//686
f 396//685 579//686 395//687
f 395//687 579//686 393//422
f 393//422 579//686 637//688
f 580//689 572//424 637//688
f 637//688 572//424 393//422
f 581//690 484//538 582//691
f 582//691 583//692 584//693
f 585//694 586//695 587//696
f 599//697 585//694 600//698
f 599//697 600//698 594//699
f 529//587 587//696 535//700
f 601//701 534//607 602//702
f 601//701 530//588 534//607
f 530//588 601//701 603//703
f 564//652 554//654 553//704
f 563//655 564//652 605//705
f 605//705 564//652 553//704
f 605//705 553//704 552//706
f 582//691 484//538 583//692
f 583//692 484//538 485//537
f 480//532 606//707 481//533
f 482//535 479//534 607//708
f 609//709 486//539 482//535
f 472//529 519//574 520//575
f 476//527 610//710 611//711
f 611//711 474//525 475//526
f 611//711 475//526 476//527
f 479//534 481//533 607//708
f 607//708 481//533 612//712
f 607//708 612//712 613//713
f 608//714 482//535 607//708
f 493//544 472//529 520//575
f 486//539 609//709 493//544
f 493//544 609//709 608//714
f 493//544 608//714 610//710
f 493//544 610//710 472//529
f 472//529 610//710 476//527
f 591//715 613//713 612//712
f 607//708 613//713 608//714
f 608//714 613//713 615//716
f 608//714 615//716 616//717
f 617//718 591//715 590//719
f 617//718 590//719 592//720
f 619//721 577//682 620//722
f 620//722 577//682 618//723
f 577//682 576//680 618//723
f 595//724 579//686 578//683
f 595//724 578//683 619//721
f 619//721 578//683 577//682
f 618//723 576//680 596//678
f 609//709 482//535 608//714
f 610//710 608//714 616//717
f 610//710 616//717 611//711
f 611//711 616//717 474//525
f 622//725 623//726 469//524
f 469//524 623//726 574//674
f 590//719 591//715 624//727
f 624//727 591//715 614//728
f 586//695 625//729 587//696
f 587//696 625//729 602//702
f 602//702 625//729 601//701
f 601//701 626//730 603//703
f 625//729 627//731 628//732
f 629//733 630//734 626//730
f 627//731 631//735 628//732
f 628//732 631//735 629//733
f 629//733 631//735 630//734
f 534//607 535//700 602//702
f 602//702 535//700 587//696
f 585//694 587//696 529//587
f 585//694 529//587 600//698
f 528//586 594//699 529//587
f 529//587 594//699 600//698
f 585//694 599//697 586//695
f 586//695 632//736 625//729
f 625//729 632//736 627//731
f 625//729 628//732 601//701
f 601//701 628//732 629//733
f 601//701 629//733 626//730
f 633//737 589//738 634//739
f 633//737 634//739 635//740
f 622//725 617//718 623//726
f 623//726 617//718 592//720
f 592//720 590//719 621//741
f 620//722 621//741 588//742
f 620//722 588//742 619//721
f 619//721 588//742 589//738
f 619//721 589//738 595//724
f 595//724 589//738 633//737
f 633//737 635//740 636//743
f 636//743 635//740 598//744
f 636//743 598//744 637//688
f 637//688 598//744 597//745
f 637//688 597//745 580//689
f 595//724 633//737 579//686
f 579//686 633//737 636//743
f 579//686 636//743 637//688
f 620//722 618//723 621//741
f 621//741 618//723 592//720
f 592//720 618//723 596//678
f 592//720 596//678 623//726
f 623//726 596//678 575//675
f 623//726 575//675 574//674
f 605//705 584//693 583//692
f 605//705 583//692 563//655
f 563//655 583//692 485//537
f 563//655 485//537 562//656
f 562//656 485//537 483//536
f 552//706 551//746 605//705
f 605//705 551//746 584//693
f 584//693 593//747 582//691
f 638//748 558//632 639//749
f 640//750 565//665 533//591
f 551//746 557//751 584//693
f 584//693 557//751 593//747
f 593//747 638//748 582//691
f 582//691 638//748 639//749
f 582//691 639//749 581//690
f 581//690 639//749 641//752
f 557//751 549//634 593//747
f 593//747 549//634 638//748
f 639//749 640//750 641//752
f 641//752 640//750 642//753
f 533//591 531//589 640//750
f 640//750 531//589 604//754
f 640//750 604//754 642//753
f 642//753 604//754 643//755
f 643//755 604//754 644//756
f 643//755 644//756 624//727
f 624//727 644//756 630//734
f 624//727 630//734 590//719
f 590//719 630//734 631//735
f 480//532 484//538 581//690
f 641//752 642//753 645//757
f 645//757 642//753 643//755
f 645//757 643//755 614//728
f 645//757 614//728 612//712
f 622//725 469//524 474//525
f 622//725 474//525 616//717
f 622//725 616//717 617//718
f 617//718 616//717 615//716
f 617//718 615//716 591//715
f 591//715 615//716 613//713
f 612//712 481//533 645//757
f 645//757 481//533 606//707
f 645//757 606//707 641//752
f 641//752 606//707 480//532
f 641//752 480//532 581//690
f 599//697 598//744 586//695
f 586//695 598//744 632//736
f 632//736 635//740 627//731
f 627//731 635//740 634//739
f 627//731 634//739 588//742
f 627//731 588//742 631//735
f 626//730 630//734 644//756
f 626//730 644//756 603//703
f 603//703 644//756 604//754
f 603//703 604//754 531//589
f 603//703 531//589 530//588
f 599//697 597//745 598//744
f 632//736 598//744 635//740
f 634//739 589//738 588//742
f 631//735 588//742 621//741
f 631//735 621//741 590//719
f 591//715 612//712 614//728
f 624//727 614//728 643//755
f 565//665 640//750 639//749
f 565//665 639//749 558//632
f 555//629 558//632 638//748
f 555//629 638//748 549//634
f 470//531 646//758 468//522
f 468//522 646//758 473//523
f 571//672 477//528 475//526
f 571//672 475//526 646//758
f 646//758 475//526 473//523
f 646//758 570//669 571//672
f 477//528 571//672 471//530
f 470//531 426//460 646//758
f 646//758 426//460 570//669
f 292//759 647//760 418//453
f 292//759 418//453 417//452
f 429//454 420//455 447//584
f 447//584 420//455 418//453
f 647//760 447//584 418//453
f 4//293 647//761 292//294
f 5//484 447//483 6//762
f 6//762 447//483 647//761
f 6//762 647//761 4//293
f 217//187 221//194 364//368
f 217//187 364//368 175//158
f 217//187 175//158 167//160
f 259//258 260//261 648//763
f 54//42 53//41 30//764
f 53//41 649//765 30//764
f 30//764 649//765 31//766
f 31//766 649//765 650//767
f 31//766 650//767 651//768
f 651//768 650//767 652//769
f 651//768 652//769 653//770
f 653//770 652//769 654//771
f 653//770 654//771 655//772
f 656//773 655//772 654//771
f 655//772 656//773 657//774
f 657//774 656//773 658//775
f 367//776 657//774 658//775
f 659//777 82//61 660//778
f 660//778 82//61 365//779
f 660//778 365//779 661//780
f 661//780 365//779 367//776
f 661//780 367//776 658//775
f 662//781 371//782 663//783
f 663//783 371//782 664//784
f 663//783 664//784 659//777
f 659//777 664//784 83//127
f 659//777 83//127 82//61
f 371//782 662//781 370//785
f 370//785 662//781 372//383
f 370//785 372//383 369//382
f 665//786 666//787 667//788
f 667//788 666//787 668//789
f 667//788 668//789 295//299
f 295//299 668//789 1//297
f 666//787 665//786 669//790
f 669//790 665//786 670//791
f 669//790 670//791 671//792
f 671//792 670//791 672//793
f 671//792 672//793 673//794
f 673//794 672//793 674//795
f 673//794 674//795 675//796
f 13//2 12//1 676//797
f 676//797 12//1 677//798
f 676//797 677//798 678//799
f 678//799 677//798 675//796
f 678//799 675//796 674//795
f 679//800 680//801 681//802
f 102//99 123//106 101//100
f 101//100 682//803 100//86
f 100//86 682//803 97//70
f 97//70 682//803 683//804
f 97//70 683//804 58//46
f 97//70 58//46 57//45
f 343//348 681//802 345//350
f 123//106 346//351 680//801
f 680//801 346//351 345//350
f 343//348 334//344 681//802
f 681//802 334//344 679//800
f 680//801 345//350 681//802
f 357//362 359//805 684//806
f 338//807 335//808 685//809
f 685//809 335//808 686//810
f 375//389 296//388 338//807
f 375//389 338//807 685//809
f 687//811 688//812 355//360
f 342//813 689//814 686//810
f 342//813 686//810 335//808
f 10//404 383//405 684//806
f 10//404 684//806 359//805
f 687//811 355//360 357//362
f 687//811 357//362 684//806
f 690//815 347//816 349//354
f 690//815 349//354 688//812
f 688//812 349//354 355//360
f 691//817 333//818 344//819
f 691//817 344//819 692//820
f 340//821 693//822 342//813
f 342//813 693//822 689//814
f 692//820 344//819 350//823
f 692//820 350//823 694//824
f 693//822 340//821 333//818
f 693//822 333//818 691//817
f 694//824 350//823 690//815
f 690//815 350//823 347//816
f 54//825 21//826 55//827
f 55//827 21//826 32//828
f 55//829 32//829 695//829
f 696//830 657//831 367//372
f 82//832 87//370 365//369
f 664//833 78//834 83//835
f 371//381 77//380 664//833
f 664//833 77//380 78//834
f 366//371 696//830 367//372
f 655//836 26//9 28//11
f 655//836 28//11 653//837
f 653//837 28//11 27//13
f 653//837 27//13 651//838
f 651//838 27//13 31//19
f 30//16 20//15 54//839
f 54//839 20//15 21//840
f 657//831 696//830 655//836
f 655//836 696//830 26//9
f 677//841 12//842 56//44
f 56//44 12//842 14//843
f 698//844 671//845 673//846
f 698//844 699//847 669//848
f 698//844 669//848 671//845
f 697//849 666//850 699//847
f 699//847 666//850 669//848
f 673//846 701//851 698//844
f 698//844 701//851 702//852
f 698//844 702//852 679//800
f 698//844 679//800 699//847
f 699//847 679//800 700//853
f 703//854 701//851 673//846
f 58//46 703//854 677//841
f 677//841 703//854 675//855
f 675//855 703//854 673//846
f 677//841 56//44 58//46
f 123//106 105//105 346//351
f 346//351 105//105 351//856
f 106//75 356//857 354//858
f 110//81 358//363 356//857
f 361//859 360//365 80//117
f 80//117 360//365 358//363
f 704//860 362//860 705//860
f 80//117 79//118 704//861
f 106//75 108//97 356//857
f 356//857 108//97 110//81
f 110//81 112//80 358//363
f 358//363 112//80 80//117
f 80//117 704//861 361//859
f 361//859 704//861 362//862
f 107//76 106//75 353//863
f 353//863 106//75 354//858
f 348//864 104//103 66//78
f 348//864 66//78 353//863
f 353//863 66//78 107//76
f 351//856 105//105 104//103
f 351//856 104//103 352//865
f 352//865 104//103 348//864
f 701//851 683//804 682//803
f 682//803 706//866 679//800
f 680//801 679//800 706//866
f 101//100 123//106 706//866
f 706//866 123//106 680//801
f 101//100 706//866 682//803
f 58//46 683//804 703//854
f 679//800 702//852 682//803
f 682//803 702//852 701//851
f 683//804 701//851 703//854
f 814//867 372//416 662//868
f 711//869 714//870 712//871
f 712//871 708//872 709//873
f 713//874 714//870 711//869
f 714//870 713//874 716//875
f 716//875 713//874 715//876
f 761//877 709//873 708//872
f 761//877 708//872 758//878
f 708//872 717//879 758//878
f 708//872 707//880 717//879
f 717//879 707//880 759//881
f 759//881 707//880 710//882
f 727//883 720//884 721//885
f 721//885 720//884 722//886
f 723//887 724//888 725//889
f 725//889 724//888 726//890
f 724//888 727//883 726//890
f 726//890 727//883 721//885
f 400//431 728//891 729//892
f 730//893 731//894 732//895
f 732//895 731//894 733//896
f 732//895 733//896 734//897
f 722//886 720//884 730//893
f 730//893 720//884 731//894
f 723//887 725//889 735//898
f 723//887 735//898 736//899
f 736//899 735//898 737//900
f 400//431 398//429 728//891
f 728//891 398//429 738//901
f 404//902 403//903 718//904
f 718//904 403//903 729//892
f 729//892 403//903 400//431
f 739//905 409//906 408//907
f 739//905 408//907 740//908
f 409//906 739//905 741//909
f 409//906 741//909 412//910
f 414//911 413//912 719//913
f 719//913 413//912 742//914
f 743//915 416//916 719//913
f 719//913 416//916 414//911
f 733//896 744//917 734//897
f 734//897 744//917 745//918
f 745//918 744//917 746//919
f 745//918 746//919 747//920
f 748//921 749//922 737//900
f 737//900 749//922 736//899
f 392//923 750//924 394//425
f 394//425 750//924 738//901
f 394//425 738//901 398//429
f 742//914 413//912 741//909
f 741//909 413//912 412//910
f 389//925 751//926 747//920
f 389//925 747//920 752//927
f 752//927 747//920 746//919
f 750//924 392//923 391//928
f 750//924 391//928 748//921
f 748//921 391//928 749//922
f 408//907 404//902 740//908
f 740//908 404//902 718//904
f 751//926 389//925 743//915
f 743//915 389//925 416//916
f 419//418 389//417 753//929
f 754//930 753//929 752//931
f 752//931 753//929 389//417
f 754//930 752//931 755//932
f 755//932 752//931 746//933
f 733//934 862//935 744//936
f 744//936 862//935 756//937
f 744//936 756//937 757//938
f 744//936 757//938 746//933
f 746//933 757//938 755//932
f 758//878 717//879 720//939
f 720//939 717//879 731//940
f 731//940 717//879 759//881
f 731//940 759//881 760//941
f 731//940 760//941 733//934
f 733//934 760//941 862//935
f 758//878 720//939 761//877
f 761//877 720//939 762//942
f 762//942 720//939 727//943
f 762//942 727//943 763//944
f 763//944 727//943 764//945
f 764//945 727//943 724//946
f 764//945 724//946 765//947
f 765//947 724//946 723//948
f 765//947 723//948 766//949
f 766//949 723//948 767//950
f 767//950 723//948 768//951
f 768//951 723//948 769//952
f 769//952 723//948 736//953
f 769//952 736//953 770//954
f 770//954 736//953 749//955
f 770//954 749//955 771//956
f 771//956 749//955 572//424
f 572//424 749//955 391//423
f 268//274 269//276 772//957
f 269//276 270//277 774//958
f 774//958 270//277 271//279
f 774//958 271//279 773//959
f 773//959 271//279 272//281
f 773//959 272//281 273//280
f 273//280 274//283 775//960
f 775//960 274//283 275//284
f 279//961 280//961 776//961
f 280//288 281//290 776//962
f 281//290 282//291 776//962
f 776//963 282//963 283//963
f 780//964 775//960 781//965
f 782//966 779//967 780//964
f 778//968 779//967 783//969
f 783//969 779//967 782//966
f 782//966 784//970 783//969
f 785//971 784//970 782//966
f 785//971 786//972 787//973
f 785//971 787//973 784//970
f 788//974 789//975 785//971
f 785//971 789//975 786//972
f 790//976 791//977 788//974
f 788//974 791//977 792//978
f 788//974 792//978 789//975
f 790//976 831//979 791//977
f 793//980 794//981 790//976
f 790//976 794//981 832//982
f 790//976 832//982 831//979
f 793//980 795//983 796//984
f 793//980 796//984 794//981
f 795//983 793//980 833//985
f 833//985 793//980 797//986
f 833//985 797//986 829//987
f 829//987 797//986 798//988
f 799//989 800//990 797//986
f 797//986 800//990 798//988
f 802//991 801//992 803//993
f 802//991 803//993 799//989
f 799//989 803//993 800//990
f 284//268 804//994 283//292
f 777//995 776//996 804//994
f 804//994 776//996 283//292
f 805//997 279//289 806//998
f 806//998 279//289 776//996
f 805//997 278//287 279//289
f 277//285 278//287 805//997
f 805//997 807//999 277//285
f 277//285 807//999 276//286
f 276//286 807//999 781//965
f 781//965 775//960 275//284
f 781//965 275//284 276//286
f 834//1000 801//992 802//991
f 808//1001 802//991 799//989
f 808//1001 799//989 809//1002
f 809//1002 799//989 797//986
f 809//1002 797//986 777//995
f 777//995 797//986 793//980
f 777//995 793//980 810//1003
f 810//1003 793//980 790//976
f 810//1003 790//976 811//1004
f 811//1004 790//976 788//974
f 811//1004 788//974 805//997
f 805//997 788//974 785//971
f 805//997 785//971 807//999
f 807//999 785//971 782//966
f 807//999 782//966 781//965
f 781//965 782//966 780//964
f 811//1004 805//997 806//998
f 811//1004 806//998 810//1003
f 810//1003 806//998 776//996
f 810//1003 776//996 777//995
f 809//1002 777//995 804//994
f 809//1002 804//994 808//1001
f 937//1005 665//1006 667//1007
f 937//1005 667//1007 812//1008
f 812//1008 667//1007 295//1009
f 812//1008 295//1009 813//1010
f 814//867 536//415 372//416
f 536//585 816//1011 528//586
f 528//586 816//1011 817//1012
f 824//1013 661//1014 823//1015
f 823//1015 661//1014 658//1016
f 827//1017 659//1018 828//1019
f 824//1020 820//1021 828//1022
f 659//1018 660//1023 828//1019
f 828//1019 660//1023 824//1013
f 824//1013 660//1023 661//1014
f 815//1024 818//1025 814//1026
f 823//1015 822//1027 821//1028
f 818//1025 825//1029 819//1030
f 814//867 662//868 815//1031
f 815//1031 663//1032 825//1029
f 825//1029 663//1032 826//1033
f 827//1017 826//1033 659//1018
f 823//1015 821//1028 824//1020
f 824//1020 821//1028 820//1021
f 820//1021 819//1030 828//1022
f 828//1022 819//1030 827//1034
f 827//1034 819//1030 826//1033
f 826//1033 819//1030 825//1029
f 825//1029 818//1025 815//1024
f 818//1025 816//1011 814//1026
f 814//1026 816//1011 536//585
f 37//1035 36//1036 792//1037
f 37//1035 792//1037 830//1038
f 786//1039 789//1040 36//1036
f 36//1036 789//1040 792//1037
f 792//1037 791//1041 830//1038
f 830//1038 791//1041 831//1042
f 833//1043 45//1044 795//1045
f 829//1046 45//1044 833//1043
f 829//1046 798//1047 34//1048
f 798//1047 800//1049 47//1050
f 800//1049 803//1051 47//1050
f 650//1052 841//1053 842//1054
f 841//1053 649//1055 836//1056
f 838//1057 837//1058 839//1059
f 839//1059 837//1058 840//1060
f 13//1061 846//1062 15//1063
f 801//1064 834//1065 50//1066
f 801//1064 50//1066 803//1051
f 803//1051 50//1066 47//1050
f 798//1047 47//1050 34//1048
f 829//1046 34//1048 45//1044
f 795//1045 45//1044 44//1067
f 795//1045 44//1067 796//1068
f 796//1068 44//1067 794//1069
f 794//1069 44//1067 41//1070
f 794//1069 41//1070 832//1071
f 832//1071 41//1070 831//1042
f 831//1042 41//1070 830//1038
f 16//1072 787//973 786//1039
f 16//1072 786//1039 36//1036
f 18//1073 15//1063 846//1062
f 846//1062 848//1074 18//1073
f 18//1073 848//1074 847//1075
f 18//1073 847//1075 16//1072
f 16//1072 847//1075 787//973
f 849//1076 850//1077 851//1078
f 851//1078 850//1077 852//1079
f 262//267 263//269 852//1079
f 845//1080 849//1076 844//1081
f 284//268 262//267 804//994
f 804//994 262//267 852//1079
f 804//994 852//1079 808//1001
f 808//1001 852//1079 850//1077
f 808//1001 850//1077 802//991
f 802//991 850//1077 849//1076
f 802//991 849//1076 834//1000
f 834//1000 849//1076 845//1080
f 845//1082 844//1083 53//1084
f 53//1084 52//1085 845//1082
f 845//1082 52//1085 50//1066
f 845//1082 50//1066 834//1065
f 659//1018 826//1033 663//1032
f 663//1032 815//1031 662//868
f 837//1058 838//1057 656//1086
f 656//1086 654//1087 837//1058
f 837//1058 654//1087 840//1060
f 840//1060 654//1087 843//1088
f 843//1088 654//1087 652//1089
f 843//1088 652//1089 842//1054
f 842//1054 652//1089 650//1052
f 841//1053 650//1052 649//1055
f 836//1056 649//1055 53//1084
f 836//1056 53//1084 835//1090
f 835//1090 53//1084 844//1083
f 656//1086 823//1015 658//1016
f 853//1091 822//1027 854//1092
f 854//1092 822//1027 823//1015
f 838//1057 854//1092 823//1015
f 838//1057 823//1015 656//1086
f 13//1061 778//968 846//1062
f 846//1062 778//968 783//969
f 848//1074 846//1062 783//969
f 847//1075 848//1074 784//970
f 784//970 848//1074 783//969
f 787//973 847//1075 784//970
f 778//968 13//1061 855//1093
f 778//968 855//1093 715//876
f 715//876 855//1093 716//875
f 676//1094 855//1093 13//1061
f 855//1093 676//1094 716//875
f 716//875 676//1094 678//1095
f 716//875 678//1095 856//1096
f 856//1096 678//1095 674//1097
f 856//1096 674//1097 857//1098
f 856//1096 857//1098 858//1099
f 858//1099 857//1098 859//1100
f 858//1099 859//1100 710//882
f 859//1100 860//1101 710//882
f 861//1102 670//1103 937//1005
f 937//1005 670//1103 665//1006
f 861//1102 860//1101 670//1103
f 670//1103 860//1101 859//1100
f 670//1103 859//1100 857//1098
f 674//1097 672//1104 857//1098
f 857//1098 672//1104 670//1103
f 880//1105 709//873 762//942
f 762//942 709//873 761//877
f 880//1105 762//942 864//1106
f 864//1106 762//942 763//944
f 864//1106 763//944 865//1107
f 865//1107 763//944 866//1108
f 866//1108 763//944 867//1109
f 763//944 764//1110 867//1109
f 867//1109 764//1110 868//1111
f 868//1111 764//1110 765//1112
f 868//1111 765//1112 766//1113
f 868//1111 766//1113 869//1114
f 869//1114 766//1113 870//1115
f 870//1115 766//1113 767//1116
f 870//1115 767//1116 863//1117
f 863//1117 767//1116 768//1118
f 863//1117 768//1118 871//1119
f 871//1119 768//1118 769//1120
f 871//1119 769//1120 770//1121
f 871//1119 770//1121 872//1122
f 872//1122 770//1121 771//1123
f 872//1122 771//1123 580//689
f 580//689 771//1123 572//424
f 875//1124 821//1028 876//1125
f 877//1126 267//275 878//1127
f 779//967 715//876 879//1128
f 881//1129 882//1130 883//1131
f 821//1028 875//1124 820//1021
f 715//876 713//874 879//1128
f 709//873 880//1105 712//871
f 711//869 888//1132 713//874
f 886//1133 273//280 890//1134
f 774//958 773//959 886//1133
f 886//1133 773//959 273//280
f 891//1135 772//957 269//276
f 891//1135 269//276 774//958
f 878//1127 267//275 268//274
f 878//1127 268//274 772//957
f 877//1126 265//272 266//273
f 892//1136 264//271 265//272
f 851//1078 893//1137 849//1076
f 849//1076 893//1137 835//1138
f 849//1076 835//1138 844//1081
f 894//1139 841//1140 836//1141
f 896//1142 840//1060 843//1143
f 853//1091 854//1092 838//1057
f 876//1125 821//1028 822//1027
f 898//1144 597//745 599//697
f 872//1122 580//689 597//745
f 871//1119 899//1145 863//1117
f 900//1146 819//1147 820//1021
f 900//1146 820//1021 875//1124
f 594//699 528//586 817//1012
f 594//699 817//1012 599//697
f 599//697 817//1012 897//1148
f 897//1148 817//1012 883//1131
f 817//1012 816//1011 883//1131
f 883//1131 816//1011 901//1149
f 818//1025 819//1147 884//1150
f 816//1011 818//1025 901//1149
f 901//1149 818//1025 884//1150
f 901//1149 884//1150 902//1151
f 819//1147 885//1152 884//1150
f 884//1150 885//1152 904//1153
f 884//1150 904//1153 902//1151
f 902//1151 904//1153 905//1154
f 902//1151 905//1154 903//1155
f 903//1155 905//1154 906//1156
f 903//1155 906//1156 907//1157
f 819//1147 900//1146 885//1152
f 885//1152 900//1146 908//1158
f 885//1152 908//1158 904//1153
f 904//1153 908//1158 905//1154
f 906//1156 909//1159 907//1157
f 881//1129 910//1160 882//1130
f 882//1130 910//1160 911//1161
f 907//1157 909//1159 912//1162
f 897//1148 883//1131 913//1163
f 913//1163 883//1131 882//1130
f 913//1163 882//1130 911//1161
f 913//1163 911//1161 899//1145
f 898//1144 897//1148 913//1163
f 898//1144 913//1163 914//1164
f 914//1164 913//1163 899//1145
f 914//1164 899//1145 871//1119
f 914//1164 871//1119 872//1122
f 914//1164 872//1122 898//1144
f 898//1144 872//1122 597//745
f 911//1161 915//1165 916//1166
f 911//1161 916//1166 917//1167
f 918//1168 919//1169 920//1170
f 909//1159 918//1168 921//1171
f 921//1171 922//1172 916//1166
f 921//1171 916//1166 912//1162
f 867//1109 923//1173 866//1108
f 866//1108 923//1173 924//1174
f 864//1106 865//1107 925//1175
f 711//869 887//1176 888//1132
f 926//1177 888//1132 887//1176
f 880//1105 887//1176 711//869
f 880//1105 711//869 712//871
f 924//1174 925//1175 866//1108
f 866//1108 925//1175 865//1107
f 868//1111 922//1172 923//1173
f 923//1173 922//1172 924//1174
f 870//1115 917//1167 922//1172
f 910//1160 915//1165 911//1161
f 899//1145 911//1161 917//1167
f 899//1145 917//1167 870//1115
f 899//1145 870//1115 863//1117
f 869//1114 870//1115 868//1111
f 868//1111 870//1115 922//1172
f 922//1172 917//1167 916//1166
f 912//1162 916//1166 915//1165
f 927//1178 864//1106 925//1175
f 920//1170 925//1175 924//1174
f 868//1111 923//1173 867//1109
f 928//1179 873//1180 874//1181
f 874//1181 929//1182 928//1179
f 928//1179 929//1182 926//1177
f 890//1134 273//280 889//1183
f 889//1183 273//280 775//960
f 779//967 778//968 715//876
f 879//1128 713//874 888//1132
f 774//958 886//1133 929//1182
f 929//1182 886//1133 890//1134
f 890//1134 889//1183 780//964
f 780//964 889//1183 775//960
f 926//1177 929//1182 888//1132
f 888//1132 929//1182 890//1134
f 888//1132 890//1134 879//1128
f 879//1128 890//1134 780//964
f 879//1128 780//964 779//967
f 263//269 264//271 852//1079
f 852//1079 264//271 851//1078
f 851//1078 264//271 892//1136
f 851//1078 892//1136 893//1137
f 894//1139 893//1137 892//1136
f 894//1139 892//1136 877//1126
f 877//1126 892//1136 265//272
f 266//273 267//275 877//1126
f 877//1126 895//1184 894//1139
f 893//1137 894//1139 836//1141
f 893//1137 836//1141 835//1138
f 839//1059 840//1060 896//1142
f 839//1059 896//1142 930//1185
f 877//1126 878//1127 896//1142
f 877//1126 896//1142 895//1184
f 894//1139 895//1184 842//1186
f 894//1139 842//1186 841//1140
f 838//1057 839//1059 930//1185
f 838//1057 930//1185 853//1091
f 853//1091 930//1185 931//1187
f 853//1091 931//1187 822//1027
f 822//1027 931//1187 876//1125
f 772//957 891//1135 878//1127
f 878//1127 891//1135 932//1188
f 933//1189 875//1124 934//1190
f 933//1189 934//1190 935//1191
f 935//1191 934//1190 932//1188
f 935//1191 874//1181 936//1192
f 936//1192 874//1181 873//1180
f 880//1105 864//1106 887//1176
f 887//1176 864//1106 927//1178
f 887//1176 927//1178 926//1177
f 774//958 929//1182 874//1181
f 774//958 874//1181 891//1135
f 936//1192 933//1189 935//1191
f 891//1135 935//1191 932//1188
f 919//1169 918//1168 928//1179
f 928//1179 918//1168 909//1159
f 928//1179 909//1159 873//1180
f 873//1180 909//1159 906//1156
f 873//1180 906//1156 905//1154
f 873//1180 905//1154 936//1192
f 936//1192 905//1154 908//1158
f 936//1192 908//1158 933//1189
f 933//1189 908//1158 900//1146
f 933//1189 900//1146 875//1124
f 934//1190 875//1124 876//1125
f 934//1190 876//1125 932//1188
f 932//1188 876//1125 931//1187
f 932//1188 931//1187 878//1127
f 878//1127 931//1187 930//1185
f 878//1127 930//1185 896//1142
f 895//1184 896//1142 843//1143
f 895//1184 843//1143 842//1186
f 935//1191 891//1135 874//1181
f 928//1179 926//1177 919//1169
f 919//1169 926//1177 927//1178
f 919//1169 927//1178 925//1175
f 919//1169 925//1175 920//1170
f 920//1170 924//1174 918//1168
f 918//1168 924//1174 922//1172
f 918//1168 922//1172 921//1171
f 909//1159 921//1171 912//1162
f 912//1162 915//1165 907//1157
f 907//1157 915//1165 903//1155
f 903//1155 915//1165 910//1160
f 903//1155 910//1160 902//1151
f 902//1151 910//1160 881//1129
f 902//1151 881//1129 901//1149
f 901//1149 881//1129 883//1131
f 897//1148 898//1144 599//697
f 760//941 860//1101 861//1102
f 937//1005 862//935 861//1102
f 861//1102 862//935 760//941
f 757//938 756//937 937//1005
f 937//1005 756//937 862//935
f 757//938 813//1010 755//932
f 755//932 813//1010 754//930
f 753//929 754//930 938//1193
f 753//929 938//1193 419//418
f 419//418 938//1193 417//452
f 760//941 759//881 860//1101
f 860//1101 759//881 710//882
f 813//1010 757//938 812//1008
f 812//1008 757//938 937//1005
f 939//1194 712//871 714//870
f 858//1099 710//882 939//1194
f 939//1194 710//882 707//880
f 939//1194 707//880 712//871
f 712//871 707//880 708//872
f 939//1194 714//870 858//1099
f 858//1099 714//870 856//1096
f 856//1096 714//870 716//875
f 292//759 938//1193 293//1195
f 293//1195 938//1193 294//1196
f 294//1196 813//1010 295//1009
f 294//1196 938//1193 754//930
f 294//1196 754//930 813//1010
f 938//1193 292//759 417//452
f 75//65 696//830 366//371
f 366//371 74//64 75//65
f 26//9 696//830 25//10
f 25//10 696//830 75//65
f 2//1197 1//1197 668//1197
f 2//1198 668//1199 940//1200
f 940//1200 668//1199 666//850
f 940//1200 666//850 697//849
f 336//339 2//1198 339//342
f 339//342 2//1198 940//1200
f 339//342 940//1200 697//849
f 339//342 697//849 341//347
f 341//347 697//849 699//847
f 341//347 699//847 334//344
f 334//344 699//847 700//853
f 679//800 334//344 700//853
f 941//1201 169//1202 172//1203
f 941//1201 172//1203 942//1204
f 942//1204 172//1203 259//1205
f 169//1202 941//1201 943//1206
f 169//1202 943//1206 168//1207
f 168//1207 943//1206 220//1208
f 220//1208 943//1206 944//1209
f 220//1208 944//1209 219//1210
f 219//1210 944//1209 945//1211
f 219//1210 945//1211 218//1212
f 218//1212 945//1211 946//1213
f 218//1212 946//1213 215//1214
f 215//1214 946//1213 947//1215
f 215//1214 947//1215 216//1216
f 216//1216 947//1215 948//1217
f 216//1216 948//1217 213//1218
f 213//1218 948//1217 949//1219
f 213//1218 949//1219 210//1220
f 210//1220 949//1219 950//1221
f 210//1220 950//1221 209//1222
f 209//1222 950//1221 952//1223
f 209//1222 952//1223 951//1224
f 209//1222 951//1224 178//1225
f 178//1225 951//1224 953//1226
f 178//1225 953//1226 208//1227
f 208//1227 953//1226 954//1228
f 208//1227 954//1228 206//1229
f 206//1229 954//1228 955//1230
f 206//1229 955//1230 205//1231
f 958//1232 160//1233 956//1234
f 956//1234 160//1233 205//1231
f 956//1234 205//1231 955//1230
f 957//1235 140//1236 164//1237
f 957//1235 164//1237 958//1232
f 958//1232 164//1237 160//1233
f 142//1238 139//1239 959//1240
f 959//1240 139//1239 140//1236
f 959//1240 140//1236 957//1235
f 959//1240 960//1241 142//1238
f 142//1238 960//1241 143//1242
f 143//1242 960//1241 961//1243
f 143//1242 961//1243 962//1244
f 143//1242 962//1244 158//1245
f 158//1245 962//1244 157//1246
f 157//1246 962//1244 963//1247
f 157//1246 963//1247 964//1248
f 965//1249 154//1250 964//1248
f 964//1248 154//1250 157//1246
f 966//1251 152//1252 965//1249
f 965//1249 152//1252 154//1250
f 966//1251 153//1253 152//1252
f 148//1254 153//1253 966//1251
f 966//1251 967//1255 148//1254
f 148//1254 967//1255 968//1256
f 148//1254 968//1256 149//1257
f 149//1257 968//1256 969//1258
f 149//1257 969//1258 970//1259
f 149//1257 970//1259 144//1260
f 144//1260 970//1259 146//1261
f 146//1261 970//1259 971//1262
f 260//1263 257//1264 648//1265
f 259//1205 648//1265 942//1204
f 942//1204 648//1265 257//1264
f 942//1204 257//1264 146//1261
f 942//1204 146//1261 971//1262
f 972//1266 973//1267 974//1268
f 972//1266 974//1268 975//1269
f 975//1269 974//1268 976//1270
f 975//1269 976//1270 977//1271
f 977//1271 976//1270 978//1272
f 977//1271 978//1272 979//1273
f 979//1273 978//1272 980//1274
f 979//1273 980//1274 981//1275
f 981//1275 980//1274 982//1276
f 981//1275 982//1276 983//1277
f 983//1277 982//1276 984//1278
f 983//1277 984//1278 985//1279
f 985//1279 984//1278 986//1280
f 985//1279 986//1280 987//1281
f 987//1281 986//1280 988//1282
f 987//1281 988//1282 989//1283
f 989//1283 988//1282 990//1284
f 989//1283 990//1284 991//1285
f 991//1285 990//1284 992//1286
f 991//1285 992//1286 993//1287
f 993//1287 992//1286 994//1288
f 993//1287 994//1288 995//1289
f 995//1289 994//1288 996//1290
f 995//1289 996//1290 997//1291
f 997//1291 996//1290 998//1292
f 997//1291 998//1292 999//1293
f 999//1293 998//1292 1000//1294
f 999//1293 1000//1294 1001//1295
f 1001//1295 1000//1294 1002//1296
f 1001//1295 1002//1296 1003//1297
f 1003//1297 1002//1296 1004//1298
f 1003//1297 1004//1298 1005//1299
f 1005//1299 1004//1298 1006//1300
f 1005//1299 1006//1300 1007//1301
f 1007//1301 1006//1300 1008//1302
f 1007//1301 1008//1302 1009//1303
f 1009//1303 1008//1302 1010//1304
f 1009//1303 1010//1304 1011//1305
f 1011//1305 1010//1304 1012//1306
f 1012//1307 1013//1308 1014//1309
f 1014//1309 1013//1308 1015//1310
f 1014//1309 1015//1310 1016//1311
f 1016//1311 1015//1310 1017//1312
f 1016//1311 1017//1312 1018//1313
f 1018//1313 1017//1312 1019//1314
f 1018//1313 1019//1314 1020//1315
f 1020//1315 1019//1314 1021//1316
f 1020//1315 1021//1316 1022//1317
f 1022//1317 1021//1316 973//1267
f 1022//1317 973//1267 972//1266
f 963//1318 962//1319 1023//1320
f 1023//1320 962//1319 1024//1321
f 1024//1321 962//1319 961//1322
f 1024//1321 961//1322 1025//1323
f 1025//1323 961//1322 960//1324
f 1026//1325 942//1326 1027//1327
f 1027//1327 942//1326 971//1328
f 1027//1327 971//1328 970//1329
f 1027//1327 970//1329 969//1330
f 969//1330 968//1331 967//1332
f 967//1332 966//1333 965//1334
f 963//1318 1023//1320 964//1335
f 1025//1323 960//1324 959//1336
f 1025//1323 959//1336 1028//1337
f 1028//1337 959//1336 1029//1338
f 1029//1338 959//1336 957//1339
f 1027//1327 1011//1340 1026//1325
f 1026//1325 1011//1340 1012//1341
f 987//1342 1030//1343 985//1344
f 985//1344 1030//1343 1031//1345
f 1027//1327 1009//1346 1011//1340
f 1026//1325 1012//1341 1032//1347
f 1032//1347 1012//1341 1014//1348
f 1031//1345 1033//1349 983//1350
f 983//1350 1033//1349 981//1351
f 985//1344 1031//1345 983//1350
f 1027//1327 969//1330 1009//1346
f 1009//1346 969//1330 1007//1352
f 1030//1343 987//1342 1029//1338
f 1029//1338 987//1342 989//1353
f 1016//1354 1034//1355 1014//1348
f 1014//1348 1034//1355 1032//1347
f 981//1351 1033//1349 1035//1356
f 1036//1357 979//1358 1035//1356
f 1035//1356 979//1358 981//1351
f 991//1359 1028//1337 989//1353
f 989//1353 1028//1337 1029//1338
f 993//1360 1028//1337 991//1359
f 1007//1352 969//1330 1005//1361
f 1005//1361 969//1330 967//1332
f 1018//1362 1037//1363 1016//1354
f 1016//1354 1037//1363 1034//1355
f 965//1334 1003//1364 967//1332
f 967//1332 1003//1364 1005//1361
f 1020//1365 1037//1363 1018//1362
f 979//1358 1036//1357 977//1366
f 993//1360 1025//1323 1028//1337
f 1022//1367 1038//1368 1020//1365
f 1020//1365 1038//1368 1037//1363
f 977//1366 1036//1357 1039//1369
f 977//1366 1039//1369 975//1370
f 1025//1323 993//1360 1024//1321
f 1024//1321 993//1360 995//1371
f 1024//1321 995//1371 997//1372
f 999//1373 964//1335 1023//1320
f 999//1373 1023//1320 997//1372
f 997//1372 1023//1320 1024//1321
f 1003//1364 965//1334 1001//1374
f 1001//1374 965//1334 999//1373
f 999//1373 965//1334 964//1335
f 972//1375 1040//1376 1041//1377
f 972//1375 1041//1377 1022//1367
f 1022//1367 1041//1377 1038//1368
f 975//1370 1039//1369 1040//1376
f 975//1370 1040//1376 972//1375
f 944//1378 1034//1355 1037//1363
f 1026//1325 1032//1347 942//1326
f 942//1326 1032//1347 941//1379
f 943//1380 941//1379 1032//1347
f 943//1380 1032//1347 1034//1355
f 1034//1355 944//1378 943//1380
f 946//1381 945//1382 1037//1363
f 1037//1363 945//1382 944//1378
f 946//1381 1037//1363 1038//1368
f 946//1381 1038//1368 947//1383
f 1041//1377 948//1384 947//1383
f 1041//1377 947//1383 1038//1368
f 1030//1343 1029//1338 957//1339
f 1031//1345 955//1385 1033//1349
f 953//1386 1035//1356 1033//1349
f 1036//1357 1035//1356 953//1386
f 950//1387 1036//1357 952//1388
f 950//1387 1039//1369 1036//1357
f 948//1384 1041//1377 1040//1376
f 1040//1376 949//1389 948//1384
f 949//1389 1040//1376 1039//1369
f 949//1389 1039//1369 950//1387
f 952//1388 1036//1357 951//1390
f 951//1390 1036//1357 953//1386
f 1033//1349 954//1391 953//1386
f 955//1385 954//1391 1033//1349
f 1031//1345 956//1392 955//1385
f 1031//1345 1030//1343 956//1392
f 1030//1343 958//1393 956//1392
f 957//1339 958//1393 1030//1343
f 976//1394 974//1394 998//1395
f 984//1396 982//1397 994//1398
f 1019//1399 1017//1400 1010//1401
f 994//1398 982//1397 996//1394
f 976//1394 998//1395 978//1402
f 1004//1394 1002//1403 1021//1404
f 1017//1400 1015//1405 1010//1401
f 1010//1401 1015//1405 1013//1406
f 1010//1401 1013//1406 1012//1407
f 1004//1394 1021//1404 1006//1408
f 974//1394 973//1394 998//1395
f 998//1395 973//1394 1021//1404
f 998//1395 1021//1404 1000//1409
f 1000//1409 1021//1404 1002//1403
f 994//1398 992//1410 990//1411
f 996//1394 982//1397 998//1395
f 998//1395 982//1397 980//1412
f 998//1395 980//1412 978//1402
f 1019//1399 1010//1401 1021//1404
f 1021//1404 1010//1401 1008//1413
f 1021//1404 1008//1413 1006//1408
f 990//1411 988//1414 994//1398
f 994//1398 988//1414 986//1415
f 994//1398 986//1415 984//1396
f 51//1416 55//1417 1043//1418
f 55//1417 32//1419 1043//1418
f 1043//1418 32//1419 21//1420
f 1043//1418 1044//1421 51//1416
f 51//1416 1044//1421 49//1422
f 1044//1421 1045//1423 49//1422
f 1046//1424 48//1425 1045//1423
f 1045//1423 48//1425 49//1422
f 1047//1426 33//1427 1046//1424
f 1046//1424 33//1427 48//1425
f 1047//1426 46//1428 33//1427
f 1047//1426 1048//1429 46//1428
f 1049//1430 43//1431 1048//1429
f 1048//1429 43//1431 46//1428
f 43//1431 1049//1430 42//1432
f 42//1432 1049//1430 1050//1433
f 1051//1434 1052//1435 39//1436
f 39//1436 40//1437 1051//1434
f 1051//1434 40//1437 42//1432
f 1051//1434 42//1432 1050//1433
f 1053//1438 39//1436 1052//1435
f 1054//1439 38//1440 1053//1438
f 1053//1438 38//1440 39//1436
f 1055//1441 17//1442 1056//1443
f 1056//1443 17//1442 35//1444
f 1056//1443 35//1444 1054//1439
f 1054//1439 35//1444 38//1440
f 17//1442 1055//1441 19//1445
f 19//1445 1055//1441 1057//1446
f 1058//1447 14//1448 1057//1446
f 1057//1446 14//1448 19//1445
f 56//1449 14//1448 1059//1450
f 1059//1450 14//1448 1058//1447
f 56//1449 1059//1450 1060//1451
f 56//1449 1060//1451 99//1452
f 99//1452 1060//1451 1061//1453
f 99//1452 1061//1453 96//1454
f 96//1454 1061//1453 1062//1455
f 96//1454 1062//1455 94//1456
f 94//1456 1062//1455 1063//1457
f 94//1456 1063//1457 95//1458
f 95//1458 1063//1457 1064//1459
f 95//1458 1064//1459 91//1460
f 91//1460 1064//1459 1065//1461
f 91//1460 1065//1461 1066//1462
f 91//1460 1066//1462 92//1463
f 92//1463 1066//1462 1067//1464
f 92//1463 1067//1464 72//1465
f 72//1465 1067//1464 1068//1466
f 72//1465 1068//1466 60//1467
f 60//1467 1068//1466 1069//1468
f 60//1467 1069//1468 90//1469
f 1069//1468 1070//1470 90//1469
f 90//1469 1070//1470 73//1471
f 73//1471 1070//1470 1071//1472
f 73//1471 1071//1472 88//1473
f 88//1473 1071//1472 1042//1474
f 88//1473 1042//1474 89//1475
f 89//1475 1042//1474 1072//1476
f 1073//1477 24//1478 1072//1476
f 1072//1476 24//1478 23//1479
f 1072//1476 23//1479 89//1475
f 1074//1480 20//1481 1073//1477
f 1073//1477 20//1481 24//1478
f 1043//1418 21//1420 1074//1480
f 1074//1480 21//1420 20//1481
f 1075//1482 1076//1483 1077//1484
f 1077//1484 1076//1483 1078//1485
f 1077//1484 1078//1485 1079//1486
f 1079//1486 1080//1486 1077//1484
f 1077//1484 1080//1486 1081//1486
f 1077//1484 1081//1486 1082//1486
f 1083//1487 1084//1486 1085//1486
f 1086//1486 1077//1484 1087//1486
f 1087//1486 1077//1484 1088//1488
f 1086//1486 1089//1489 1077//1484
f 1077//1484 1089//1489 1090//1490
f 1077//1484 1090//1490 1075//1482
f 1082//1486 1091//1491 1077//1484
f 1077//1484 1091//1491 1092//1492
f 1077//1484 1092//1492 1093//1493
f 1093//1493 1092//1492 1094//1494
f 1093//1493 1094//1494 1095//1495
f 1096//1496 1097//1497 1093//1493
f 1093//1493 1097//1497 1083//1487
f 1093//1493 1083//1487 1098//1498
f 1098//1498 1083//1487 1085//1486
f 1095//1495 1099//1499 1093//1493
f 1093//1493 1099//1499 1100//1500
f 1093//1493 1100//1500 1096//1496
f 1101//1501 1077//1502 1093//1503
f 1101//1501 1093//1503 1102//1504
f 1102//1504 1093//1503 1098//1505
f 1102//1504 1098//1505 1103//1506
f 1103//1506 1098//1505 1085//1507
f 1103//1506 1085//1507 1104//1508
f 1104//1508 1085//1507 1084//1509
f 1104//1508 1084//1509 1105//1510
f 1105//1510 1084//1509 1083//1511
f 1105//1510 1083//1511 1106//1512
f 1106//1512 1083//1511 1097//1513
f 1106//1512 1097//1513 1107//1514
f 1107//1514 1097//1513 1096//1515
f 1107//1514 1096//1515 1108//1516
f 1108//1516 1096//1515 1100//1517
f 1108//1516 1100//1517 1109//1518
f 1109//1518 1100//1517 1099//1519
f 1109//1518 1099//1519 1110//1520
f 1110//1520 1099//1519 1095//1521
f 1110//1520 1095//1521 1111//1522
f 1111//1522 1095//1521 1094//1523
f 1111//1522 1094//1523 1112//1524
f 1112//1524 1094//1523 1092//1295
f 1112//1524 1092//1295 1113//1525
f 1113//1525 1092//1295 1091//1526
f 1113//1525 1091//1526 1114//1527
f 1114//1527 1091//1526 1082//1528
f 1114//1527 1082//1528 1115//1529
f 1115//1529 1082//1528 1081//1530
f 1115//1529 1081//1530 1116//1531
f 1116//1531 1081//1530 1080//1532
f 1116//1531 1080//1532 1117//1533
f 1117//1533 1080//1532 1079//1534
f 1117//1533 1079//1534 1118//1535
f 1118//1535 1079//1534 1078//1536
f 1118//1535 1078//1536 1119//1537
f 1119//1537 1078//1536 1076//1538
f 1119//1537 1076//1538 1120//1539
f 1120//1539 1076//1538 1075//1540
f 1120//1539 1075//1540 1121//1541
f 1121//1541 1075//1540 1090//1542
f 1121//1541 1090//1542 1122//1543
f 1122//1543 1090//1542 1089//1544
f 1122//1543 1089//1544 1123//1545
f 1123//1545 1089//1544 1086//1546
f 1123//1545 1086//1546 1124//1547
f 1124//1547 1086//1546 1087//1548
f 1124//1547 1087//1548 1125//1270
f 1125//1270 1087//1548 1088//1549
f 1125//1270 1088//1549 1126//1550
f 1126//1550 1088//1549 1077//1502
f 1126//1550 1077//1502 1101//1501
f 1128//1551 1050//1552 1114//1553
f 1114//1553 1050//1552 1113//1554
f 1128//1551 1114//1553 1115//1555
f 1129//1556 1122//1557 1130//1558
f 1124//1559 1131//1560 1132//1561
f 1133//1562 1108//1563 1109//1564
f 1133//1562 1109//1564 1134//1565
f 1111//1566 1047//1567 1134//1565
f 1111//1566 1134//1565 1110//1568
f 1110//1568 1134//1565 1109//1564
f 1120//1569 1135//1570 1119//1571
f 1121//1572 1127//1573 1120//1569
f 1120//1569 1127//1573 1135//1570
f 1122//1557 1129//1556 1121//1572
f 1121//1572 1129//1556 1127//1573
f 1130//1558 1122//1557 1123//1574
f 1124//1559 1132//1561 1123//1574
f 1123//1574 1132//1561 1130//1558
f 1116//1575 1140//1576 1115//1555
f 1115//1555 1140//1576 1128//1551
f 1119//1571 1135//1570 1118//1577
f 1131//1560 1124//1559 1125//1578
f 1136//1579 1106//1580 1107//1581
f 1108//1563 1133//1562 1137//1582
f 1108//1563 1137//1582 1107//1581
f 1107//1581 1137//1582 1136//1579
f 1047//1567 1111//1566 1112//1583
f 1047//1567 1112//1583 1049//1584
f 1113//1554 1050//1552 1049//1584
f 1113//1554 1049//1584 1112//1583
f 1101//1585 1145//1586 1139//1587
f 1101//1585 1139//1587 1126//1588
f 1126//1588 1139//1587 1125//1578
f 1125//1578 1139//1587 1131//1560
f 1117//1589 1138//1590 1140//1576
f 1117//1589 1140//1576 1116//1575
f 1135//1570 1141//1591 1118//1577
f 1118//1577 1141//1591 1117//1589
f 1117//1589 1141//1591 1138//1590
f 1103//1592 1146//1593 1142//1594
f 1143//1595 1105//1596 1106//1580
f 1143//1595 1106//1580 1136//1579
f 1103//1592 1142//1594 1102//1597
f 1105//1596 1143//1595 1144//1598
f 1102//1597 1142//1594 1145//1586
f 1102//1597 1145//1586 1101//1585
f 1104//1599 1146//1593 1103//1592
f 1105//1596 1144//1598 1104//1599
f 1104//1599 1144//1598 1146//1593
f 1070//1600 1069//1601 1145//1586
f 1142//1594 1070//1600 1145//1586
f 1146//1593 1071//1602 1142//1594
f 1142//1594 1071//1602 1070//1600
f 1042//1603 1071//1602 1146//1593
f 1042//1603 1146//1593 1144//1598
f 1042//1603 1144//1598 1072//1604
f 1143//1595 1073//1605 1072//1604
f 1143//1595 1072//1604 1144//1598
f 1143//1595 1136//1579 1073//1605
f 1073//1605 1136//1579 1074//1606
f 1074//1606 1136//1579 1043//1607
f 1043//1607 1136//1579 1137//1582
f 1052//1608 1051//1609 1128//1551
f 1128//1551 1051//1609 1050//1552
f 1047//1567 1049//1584 1048//1610
f 1046//1611 1134//1565 1047//1567
f 1045//1612 1133//1562 1134//1565
f 1045//1612 1134//1565 1046//1611
f 1045//1612 1044//1613 1133//1562
f 1133//1562 1044//1613 1043//1607
f 1133//1562 1043//1607 1137//1582
f 1139//1587 1145//1586 1069//1601
f 1131//1560 1139//1587 1067//1614
f 1129//1556 1130//1558 1063//1615
f 1127//1573 1129//1556 1061//1616
f 1058//1617 1135//1570 1059//1618
f 1060//1619 1059//1618 1127//1573
f 1127//1573 1059//1618 1135//1570
f 1127//1573 1061//1616 1060//1619
f 1129//1556 1062//1620 1061//1616
f 1129//1556 1063//1615 1062//1620
f 1130//1558 1132//1561 1063//1615
f 1063//1615 1132//1561 1064//1621
f 1132//1561 1065//1622 1064//1621
f 1131//1560 1066//1623 1132//1561
f 1132//1561 1066//1623 1065//1622
f 1066//1623 1131//1560 1067//1614
f 1067//1614 1139//1587 1068//1624
f 1139//1587 1069//1601 1068//1624
f 1057//1625 1141//1591 1135//1570
f 1057//1625 1135//1570 1058//1617
f 1057//1625 1055//1626 1141//1591
f 1141//1591 1055//1626 1138//1590
f 1138//1590 1055//1626 1056//1627
f 1054//1628 1138//1590 1056//1627
f 1054//1628 1140//1576 1138//1590
f 1140//1576 1054//1628 1053//1629
f 1140//1576 1053//1629 1128//1551
f 1128//1551 1053//1629 1052//1608
f 384//1630 375//1631 1147//1632
f 1148//1633 377//1634 1149//1635
f 1149//1635 377//1634 376//1636
f 1149//1635 376//1636 1150//1637
f 1150//1637 376//1636 386//1638
f 1150//1637 386//1638 1151//1639
f 1151//1639 386//1638 385//1640
f 1151//1639 385//1640 1152//1641
f 1152//1641 385//1640 381//1642
f 1152//1641 381//1642 1153//1643
f 1153//1643 381//1642 382//1644
f 1153//1643 382//1644 1154//1645
f 1154//1645 382//1644 387//1646
f 1154//1645 387//1646 1155//1647
f 1155//1647 387//1646 379//1648
f 1155//1647 379//1648 1156//1649
f 1156//1649 379//1648 380//1650
f 1156//1649 380//1650 1157//1651
f 1157//1651 380//1650 384//1630
f 1157//1651 384//1630 1158//1652
f 1158//1652 384//1630 1147//1632
f 1147//1632 375//1631 685//1653
f 1147//1632 685//1653 1159//1654
f 1159//1654 685//1653 686//1655
f 1159//1654 686//1655 1160//1656
f 1160//1656 686//1655 689//1657
f 1160//1656 689//1657 1161//1658
f 1161//1658 689//1657 693//1659
f 1161//1658 693//1659 1162//1660
f 1162//1660 693//1659 691//1661
f 1162//1660 691//1661 1163//1662
f 1163//1662 691//1661 692//1663
f 1163//1662 692//1663 1164//1664
f 1164//1664 692//1663 694//1665
f 1164//1664 694//1665 1165//1666
f 1165//1666 694//1665 690//1667
f 1165//1666 690//1667 1166//1668
f 1166//1668 690//1667 688//1669
f 1166//1668 688//1669 1167//1670
f 1167//1670 688//1669 687//1671
f 1167//1670 687//1671 1168//1672
f 1168//1672 687//1671 684//1673
f 1168//1672 684//1673 1169//1674
f 1169//1674 684//1673 383//1675
f 1169//1674 383//1675 1170//1676
f 1170//1676 383//1675 1148//1633
f 1148//1633 383//1675 378//1677
f 1148//1633 378//1677 377//1634
f 1157//1678 1158//1679 1170//1680
f 1170//1680 1158//1679 1147//1681
f 1170//1680 1147//1681 1159//1682
f 1154//1683 1155//1684 1170//1680
f 1170//1680 1155//1684 1156//1685
f 1170//1680 1156//1685 1157//1678
f 1151//1686 1152//1687 1170//1680
f 1170//1680 1152//1687 1153//1688
f 1170//1680 1153//1688 1154//1683
f 1148//1689 1149//1690 1170//1680
f 1170//1680 1149//1690 1150//1691
f 1170//1680 1150//1691 1151//1686
f 1168//1692 1169//1693 1170//1680
f 1165//1694 1166//1695 1170//1680
f 1170//1680 1166//1695 1167//1696
f 1170//1680 1167//1696 1168//1692
f 1162//1697 1163//1698 1170//1680
f 1170//1680 1163//1698 1164//1699
f 1170//1680 1164//1699 1165//1694
f 1159//1682 1160//1700 1170//1680
f 1170//1680 1160//1700 1161//1701
f 1170//1680 1161//1701 1162//1697
f 1171//1702 743//1703 1172//1704
f 1172//1704 743//1703 719//1705
f 1172//1704 719//1705 1173//1706
f 1173//1706 719//1705 742//1707
f 1173//1706 742//1707 1174//1708
f 1174//1708 742//1707 741//1709
f 1174//1708 741//1709 1175//1710
f 1175//1710 741//1709 739//1711
f 1175//1710 739//1711 1176//1712
f 1176//1712 739//1711 740//1713
f 1176//1712 740//1713 1177//1714
f 1177//1714 740//1713 718//1715
f 1177//1714 718//1715 1178//1716
f 1178//1716 718//1715 729//1717
f 1178//1716 729//1717 1179//1718
f 1179//1718 729//1717 728//1719
f 1179//1718 728//1719 1180//1720
f 1180//1720 728//1719 738//1721
f 1180//1720 738//1721 1181//1722
f 1181//1722 738//1721 750//1723
f 1181//1722 750//1723 1182//1724
f 1182//1724 750//1723 748//1725
f 1182//1724 748//1725 1183//1726
f 1183//1726 748//1725 737//1727
f 1183//1726 737//1727 1184//1728
f 1184//1728 737//1727 735//1729
f 1184//1728 735//1729 1185//1730
f 1185//1730 735//1729 725//1731
f 1185//1730 725//1731 1186//1732
f 1186//1732 725//1731 726//1733
f 1186//1732 726//1733 1187//1734
f 1187//1734 726//1733 721//1735
f 1187//1734 721//1735 1188//1736
f 1188//1736 721//1735 722//1737
f 1188//1736 722//1737 1189//1738
f 1189//1738 722//1737 730//1739
f 1189//1738 730//1739 1190//1740
f 1190//1740 730//1739 732//1741
f 1190//1740 732//1741 1191//1742
f 1191//1742 732//1741 734//1743
f 1191//1742 734//1743 1192//1744
f 1192//1744 734//1743 745//1745
f 1192//1744 745//1745 1193//1746
f 1193//1746 745//1745 747//1747
f 1193//1746 747//1747 1194//1748
f 1194//1748 747//1747 751//1749
f 1194//1748 751//1749 1171//1702
f 1171//1702 751//1749 743//1703
f 1175//1750 1176//1751 1183//1752
f 1183//1752 1176//1751 1177//1753
f 1183//1752 1177//1753 1178//1754
f 1172//1755 1173//1756 1183//1752
f 1183//1752 1173//1756 1174//1757
f 1183//1752 1174//1757 1175//1750
f 1193//1758 1194//1759 1183//1752
f 1183//1752 1194//1759 1171//1760
f 1183//1752 1171//1760 1172//1755
f 1190//1761 1191//1762 1183//1752
f 1183//1752 1191//1762 1192//1763
f 1183//1752 1192//1763 1193//1758
f 1187//1764 1188//1765 1183//1752
f 1183//1752 1188//1765 1189//1766
f 1183//1752 1189//1766 1190//1761
f 1184//1767 1185//1768 1183//1752
f 1183//1752 1185//1768 1186//1769
f 1183//1752 1186//1769 1187//1764
f 1181//1770 1182//1771 1183//1752
f 1178//1754 1179//1772 1183//1752
f 1183//1752 1179//1772 1180//1773
f 1183//1752 1180//1773 1181//1770
f 362//1774 704//1775 79//1776
f 362//1774 79//1776 361//1777
f 361//1777 79//1776 360//1778
f 360//1778 79//1776 1195//1779
f 360//1778 1195//1779 1196//1780
f 1196//1780 1195//1779 1197//1781
f 1196//1780 1197//1781 1198//1781
f 230//1782 1199//1783 7//1784
f 11//1785 1199//1783 330//1786
f 330//1786 1199//1783 230//1782
f 1199//1783 11//1785 1200//1787
f 1199//1783 1200//1787 1201//1788
f 1201//1788 1200//1787 1202//1789
f 1201//1788 1202//1789 1203//1790
f 1197//1791 1203//1791 1198//1791
f 1198//1791 1203//1791 1202//1791
f 79//1792 7//1793 1203//1794
f 1203//1794 7//1793 1199//1795
f 1203//1794 1199//1795 1201//1796
f 1197//1796 1195//1797 1203//1794
f 1203//1794 1195//1797 79//1792
f 360//1798 1196//1799 1198//1800
f 1200//1801 11//1802 1202//1803
f 1202//1803 11//1802 1198//1800
f 1198//1800 11//1802 360//1798
f 5//499 2//1198 308//312
f 336//339 308//312 2//1198
f 6//762 4//293 2//1804
f 2//1804 5//484 6//762
f 4//293 3//295 2//1804
f 3//295 1//297 2//1804
f 336//1805 337//1806 308//1807
f 308//1807 337//1806 331//1808
f 337//1806 297//1809 331//1808
