# G1 exterior visual; derived from pinned Unitree/TWIST2 CAD.
v 4.13166599e-05 -0.0262155067 -0.0535354093
v 3.11066578e-05 0.022462558 -0.0534974076
v -2.74933063e-06 -0.0311596077 -0.00324121141
v -1.0321171e-06 -0.0301908255 -0.0116856182
v 8.39597021e-07 -0.0239999965 2.91891689e-09
v 2.27384203e-06 0.0331185795 0.0293154586
v 1.69079317e-06 0.0319862515 0.031573873
v 3.27647786e-06 0.0239999965 0.0315738544
v 2.58814975e-06 0.0322316736 0.00109607214
v 9.45731244e-07 0.0240000039 -5.89454441e-09
v -1.25376573e-06 0.0229903776 -0.0426968038
v -1.3332284e-06 -0.0271072946 -0.0293109827
v 3.76306753e-06 -0.0262829978 -0.0376681313
v 2.70599276e-06 0.0245314203 -0.0350609384
v 2.40311147e-06 -0.0317028575 0.00582610257
v -5.04450725e-07 0.0286186785 -0.0212727338
v 2.18788159e-06 -0.0309601054 0.0315736979
v 2.95205996e-06 -0.032160867 0.0292607117
v 3.17034073e-06 -0.0239999965 0.0315737166
v -1.92519547e-08 0.0309267696 -0.0115360646
v 0.0318757929 -0.0262124706 -0.109239511
v 0.0308929831 -0.0262124781 -0.10750068
v 0.0308790561 0.0224782247 -0.107466385
v -0.0139662726 0.0134478873 -0.103010111
v -0.0145180607 0.00620972924 -0.104669809
v -0.0247929953 0.0163594633 -0.0724341795
v -0.0232907552 0.0173075851 -0.0566597991
v -0.020585373 0.0185444765 -0.0881806016
v -0.023201609 0.0149547048 -0.0873482972
v -0.0229583587 0.017763041 -0.0807173699
v -0.0185356513 0.0202299412 -0.0570259653
v -0.0209833514 0.0189167988 -0.0561470203
v 0.00237150071 0.00120131962 -0.112482488
v 0.00905367732 -7.44583376e-05 -0.113457456
v -0.00936271064 0.00420666533 -0.108252682
v -0.018268466 0.000775222259 -0.101964384
v -0.0156894159 2.446691e-05 -0.104242027
v -0.00847877283 0.0229950231 -0.0411905348
v -0.00515440758 0.0242430139 -0.0355273411
v -0.0158117916 0.0224159695 -0.0359772071
v -0.016392203 0.0213738326 -0.0417394862
v -0.0191994533 0.0206005201 -0.0391626135
v -0.0238489099 0.0175675247 -0.039138101
v -0.0215380248 0.0197546985 -0.0358062536
v -0.0279182214 0.0140315806 -0.0311402362
v -0.0258442871 0.0155862877 -0.0395355113
v -0.0291677937 0.0107657816 -0.0429994203
v -0.0309905894 0.00800263416 -0.0289203953
v -0.0317728519 0.00370381633 -0.043063812
v -0.0318952948 -0.000158392664 -0.0515136831
v -0.0311859977 0.00305878231 -0.0653372109
v -0.0315269232 -0.000766607409 -0.061930757
v -0.0304869395 0.00139085762 -0.0735336393
v -0.0287949499 0.00424714433 -0.0810843632
v -0.0290096756 -0.000522383663 -0.0812311992
v -0.0272002183 0.000720570737 -0.0874867141
v -0.0241625402 0.00123794354 -0.0941118449
v -0.0239455029 0.00534653664 -0.0937027186
v -0.020596236 0.00162267534 -0.0993035957
v -0.0115617123 0.000161812801 -0.107196607
v -0.00430347072 0.000843275222 -0.110637181
v 0.00898974109 0.02247677 -0.113101922
v 0.0143333785 0.0224750228 -0.113699861
v -0.00897254795 0.0224800613 -0.103217497
v -0.00384194846 0.022479197 -0.107641056
v 0.000388563873 0.0224744324 -0.110144936
v 0.00437963475 0.0224778596 -0.111872815
v -0.0173083562 0.0224720351 -0.0864751935
v -0.0160255488 0.0224753916 -0.0915143341
v -0.0133726876 0.022478018 -0.0972441882
v -0.0179130826 0.0224271789 -0.0809903964
v -0.0175660122 0.0224766564 -0.0760946944
v -0.0158361513 0.0211941749 -0.0568831488
v -0.00976449531 0.0224580672 -0.05783033
v -0.0156953093 0.0224781875 -0.0685908422
v -0.0100122839 0.0221763737 -0.0542401075
v -0.00802723411 0.0224857759 -0.0471409038
v 0.0152943088 0.00069588417 -0.113696285
v -0.00164686225 0.0122067658 -0.110738322
v -0.00472312793 0.0126020275 -0.109392144
v -0.00732283248 0.0137703996 -0.107807226
v -0.00985074695 0.014615518 -0.105947427
v -0.0111430744 0.0191096757 -0.103040077
v -0.0191688277 0.020649476 -0.0869003087
v -0.0178054944 0.0204336587 -0.0917339623
v -0.0153619992 0.0192204472 -0.0979345515
v -0.0215476193 0.0197440572 -0.0742864758
v -0.017295301 0.0206777789 -0.0483161062
v -0.0099057043 0.0237654466 -0.035333287
v -0.0201628134 0.0207167976 -0.0804821774
v -0.028074814 0.0120249763 -0.063971743
v -0.0253191851 0.015314051 -0.0526964478
v -0.0223363154 0.0180396177 -0.0489524603
v -0.0307765175 0.00578447198 -0.0640706271
v -0.0296771992 0.00862192735 -0.0659985691
v -0.0293826964 0.00718031824 -0.0745306313
v -0.0268905032 0.0112052001 -0.0808357671
v -0.0262401346 0.00775866583 -0.0874456689
v -0.019192677 0.00758077949 -0.0998913199
v -0.0270665456 0.0127393818 -0.0744134709
v -0.0222616624 0.0112494398 -0.0935476497
v -0.0176589955 0.0132218329 -0.0991756618
v -0.0197157394 0.0167893656 -0.0930990875
v -0.0183119196 0.0161591396 -0.0962235108
v 0.0206961837 0.0224782974 -0.113251217
v 0.0268776268 -0.0262124613 -0.111600764
v 0.0268777348 0.0224782452 -0.111600772
v 0.0206960272 -0.0262124501 -0.113251224
v 0.0143874576 -0.0262070764 -0.113715507
v 0.000607315567 0.0224782303 -0.0552509651
v 0.0222534984 0.0224782806 -0.104666166
v -0.00576907769 -0.026211204 -0.0549471006
v 0.000775592518 -0.0262077898 -0.11040207
v 0.00776846474 -0.0262141302 -0.112890452
v -0.0157620348 -0.0262150392 -0.0921951532
v 0.0438086577 -0.0262124948 -0.0684495494
v -0.0143864444 -0.0262177698 -0.0654412806
v -0.0177667309 -0.0262236036 -0.0835214704
v -0.0175183732 -0.0261920262 -0.0751497522
v 0.0226264074 -0.0262124501 -0.0504831821
v 0.0154966405 -0.0262124371 -0.0496032909
v 0.00835578702 -0.026212424 -0.0503881425
v -0.0124657843 -0.0262188036 -0.0987775624
v -0.00948230084 -0.0261389986 -0.102633946
v 0.0377931222 -0.0262124855 -0.10192439
v 0.0420966633 -0.0262124948 -0.0961722285
v 0.0449606404 -0.0262125023 -0.0895839483
v -0.00616963115 -0.02618335 -0.105791107
v -0.00323650311 -0.0262016766 -0.108017027
v 0.0402455591 -0.0262124911 -0.0622115806
v 0.0353423022 -0.0262124855 -0.0569612682
v 0.0293622036 -0.0262124613 -0.0529805422
v 0.0462312475 -0.0262125079 -0.0825133547
v 0.0458402559 -0.0262124967 -0.0753401443
v -0.0316687524 -0.00441543804 -0.0421088114
v -0.0321154892 -0.00136567419 -0.0277642664
v -0.0317666978 -0.00466498267 -0.029046813
v -0.031127248 -0.00758974394 -0.0292856786
v -0.0296097193 -0.0113506317 -0.0316580459
v -0.0284645148 -0.0136307823 -0.0309416261
v -0.0244820546 -0.01873466 -0.0355702452
v -0.0273196902 -0.0159227122 -0.0274460558
v -0.0253596976 -0.0183843747 -0.0277315658
v -0.0223760568 -0.0208114721 -0.0313680544
v -0.0177544951 -0.0236728881 -0.0357854217
v -0.0207328051 -0.0225182474 -0.0280101076
v -0.0181254633 -0.024038434 -0.0280425996
v -0.0119972546 -0.0254255645 -0.0371213444
v -0.0153519167 -0.0251920521 -0.02808767
v -0.0124175241 -0.026017813 -0.0282576941
v -0.00552432798 -0.0260818619 -0.0391234569
v -0.00615124544 -0.0268793721 -0.0290845558
v -0.0324731469 0.000542077469 -0.000479850627
v -0.0305394214 -0.0118872067 -0.012893321
v -0.0314639881 -0.0101440288 -0.00187685573
v -0.0273447931 -0.0190956239 -0.00602402212
v -0.0299190339 -0.0145295337 -0.00424363697
v -0.0203219391 -0.0254991576 -0.0110266302
v -0.0242831372 -0.0230165068 -0.0040875664
v -0.0143501153 -0.0281414036 -0.0121905711
v -0.020775266 -0.0259719267 -0.00422407081
v -0.0126117105 -0.0297385864 -0.00251653208
v -0.0170607828 -0.0280730072 -0.00335463835
v -0.00751384161 -0.0305867195 -0.00365985022
v -0.00598932849 -0.0297111478 -0.0124716163
v -0.00543778343 0.0303337425 -0.0139083099
v -0.0119419564 0.0292994101 -0.0138497408
v -0.00664156815 0.0318766683 0.00125805219
v -0.00604306906 0.031430684 -0.00619244762
v -0.0128645906 0.0303961933 -0.00376663078
v -0.017882457 0.0288731866 0.00404381379
v -0.017107131 0.0286588073 -0.00654725218
v -0.0226373747 0.0253195465 -0.00633643428
v -0.0229509007 0.0256422479 0.00420373864
v -0.0269055162 0.0206589606 -0.0058804485
v -0.0267701019 0.021455355 0.0043370882
v -0.0292443056 0.0162861086 -0.00821642112
v -0.0289916676 0.0176745597 0.00434518512
v -0.0311107934 0.0117965816 -0.00603952771
v -0.030660199 0.0138759939 0.00420132792
v -0.032230828 0.00712271221 0.00432240451
v -0.0321070999 0.00489406101 -0.0158428214
v -0.0301702172 0.0113853272 -0.021837458
v -0.025580436 0.019568285 -0.0197063703
v -0.0273927897 0.0170370881 -0.0199597571
v -0.0196530651 0.022727849 -0.027122844
v -0.0156691745 0.0244943369 -0.0272265915
v -0.0150667159 0.0282904264 -0.013997783
v -0.0180560052 0.0269932803 -0.0139911231
v -0.0208729301 0.0253550988 -0.0139220515
v -0.0234761238 0.0232555922 -0.0140520222
v -0.0167540442 0.0300824828 0.0292850398
v -0.0175120812 0.0284381919 0.0315745063
v -0.0316311792 0.00316824391 0.0315755643
v -0.0325739421 0.00549741602 0.029277727
v -0.0309245884 0.0129042258 0.0293038748
v -0.0301650763 0.0107415644 0.0315741524
v -0.0272849221 0.0180690289 0.0315736942
v -0.0273549035 0.0204430446 0.029307697
v -0.0231160689 0.0238475204 0.0315743536
v -0.0227434579 0.0260776393 0.0292622577
v -0.0113204336 0.0320776738 0.0293148551
v -0.00895733293 0.0314749219 0.0315747261
v -0.0061449823 0.0328699462 0.0293205511
v -0.00666118553 -0.0304095615 0.031573493
v -0.00438848371 -0.0319262035 0.0292852707
v -0.0148595702 -0.0289960355 0.0292836912
v -0.0133573562 -0.0282855164 0.0315738618
v -0.0099422643 -0.0308661796 0.0293027777
v -0.0235859007 -0.022698136 0.0292837434
v -0.0204156451 -0.0240512099 0.0315740667
v -0.0194164179 -0.0263529252 0.0292765517
v -0.0291437525 -0.0120125469 0.0315749496
v -0.0288668703 -0.0153196109 0.0293013863
v -0.0250497069 -0.019024631 0.0315740071
v -0.0260116365 -0.0197833348 0.0292656329
v -0.0312343147 -0.0044375835 0.0315741226
v -0.0314426869 -0.0089224549 0.0292571858
v -0.032793805 -0.00178219029 0.0292733405
v -0.0207082797 -0.012131243 0.0315739848
v -0.0231624618 -0.00628493214 0.0315740183
v -0.0240000002 5.12839406e-08 0.0315740556
v -0.0231624357 0.00628503179 0.0315740556
v -0.0207082257 0.0121313417 0.0315740518
v -0.0168086644 0.0171309281 0.031574022
v -0.0117359282 0.02093485 0.0315739699
v -0.00584407244 0.0232776068 0.031573914
v -0.0168087408 -0.0171308573 0.0315739177
v -0.00584417535 -0.023277577 0.0315737873
v -0.0117360223 -0.0209348053 0.0315738618
v -0.00676513882 -0.0313596949 0.00712034432
v -0.0172275603 -0.0283739474 0.00394503027
v -0.0171497501 -0.0283576865 0.0135094402
v -0.0207264572 -0.0263175871 0.00325743412
v -0.0242065676 -0.0233009271 0.0030960713
v -0.0282502081 -0.0169614218 0.0162141416
v -0.0273751765 -0.0193132367 0.00291492185
v -0.029856775 -0.0148915192 0.00307474611
v -0.0309006553 -0.0105498387 0.0167812295
v -0.032013841 -0.00578215206 0.0162076559
v -0.0326062068 -0.00071195839 0.0156496745
v -0.032288 -0.00525181508 0.00157841784
v -0.0111367339 -0.0306288879 0.0164688677
v -0.0310592577 0.0120614609 0.0155525375
v -0.0321113132 0.00696257316 0.0159430485
v -0.0189815257 -0.0209923889 -0.0934276059
v -0.0207488742 -0.016811898 -0.0940253064
v -0.0146422526 -0.0253756642 -0.0572640896
v -0.0116141941 -0.0256495178 -0.0520315766
v -0.017418148 -0.0244142152 -0.0565527454
v -0.0158515554 -0.0245628729 -0.0492273308
v -0.0198707636 -0.0225925408 -0.0484928526
v -0.0273693074 -0.0151042296 -0.0497290045
v -0.0234707762 -0.019828504 -0.048738867
v -0.020628253 -0.024049364 -0.0811001584
v -0.0184705146 -0.0235858466 -0.0911260098
v -0.0201129876 -0.0237506535 -0.0856600925
v -0.00836439803 -0.00772467535 -0.108473323
v -0.0212024264 -0.00288573862 -0.098405987
v -0.0246986263 -0.00386844925 -0.0926859528
v -0.0308256745 -0.00530804135 -0.0657251477
v -0.0292188786 -0.0115216598 -0.0617780909
v -0.0223783888 -0.0226219837 -0.0721660629
v -0.0203148611 -0.0244177207 -0.0729567185
v -0.0154168233 -0.0226441696 -0.0979270935
v -0.0135107022 -0.0203640442 -0.101579659
v -0.0128744999 -0.0164771695 -0.103791624
v -0.00907918066 -0.0153128924 -0.106957436
v -0.00279545062 -0.0120144272 -0.110596769
v -0.0229363386 -0.0186667573 -0.086939238
v -0.0136004807 -0.00732850237 -0.105274551
v -0.0171358474 -0.00840886589 -0.102020219
v -0.0202886164 -0.00939972978 -0.0982458293
v -0.0235284846 -0.0106112808 -0.0925814286
v -0.025400633 -0.0115073789 -0.0878608823
v -0.016669428 -0.0150108095 -0.100592032
v -0.0266960282 -0.004523437 -0.0878563598
v -0.0283295251 -0.00681081275 -0.0814733878
v -0.0296360441 -0.00677422248 -0.0746859461
v -0.0298793893 -0.00944820233 -0.0659405366
v -0.0278415866 -0.0132324463 -0.0747607127
v -0.0266878493 -0.0133496262 -0.0813470483
v -0.025067864 -0.0190339722 -0.0748464838
v -0.0250729341 -0.0192938447 -0.0676496699
v -0.0276287496 -0.015005135 -0.0664515868
v -0.0243664496 -0.0188765246 -0.081016548
v -0.00584417488 -0.0232775789 1.63198594e-10
v -0.0117360223 -0.0209347922 -9.53377044e-10
v -0.0168087408 -0.0171308592 -2.80549362e-09
v -0.0207082778 -0.0121312439 2.35703701e-09
v -0.0231624637 -0.00628493307 -5.92746874e-09
v -0.0240000002 5.01893638e-08 -1.43868284e-09
v -0.0231624357 0.00628503086 -4.31033181e-10
v -0.0207082257 0.0121313408 -1.93485761e-09
v -0.0168086663 0.0171309263 -2.72504952e-09
v -0.0117359301 0.0209348481 2.453727e-09
v -0.00584407197 0.023277605 5.61912383e-09
v -0.00586761069 0.0224781726 -0.0680180117
v -0.00189464504 0.0224781707 -0.0628403425
v -0.00836512167 0.0224781707 -0.0869884938
v -0.00921697542 0.0224781707 -0.0805180147
v 0.015783025 0.0224781726 -0.105518013
v 0.00931254867 0.0224781688 -0.104666166
v 0.0334606953 0.0224781688 -0.0981956869
v 0.0282830242 0.0224781726 -0.102168649
v 0.0032830243 0.0224781744 -0.0588673763
v 0.00931254774 0.0224781707 -0.0563698672
v -0.00836512167 0.0224781726 -0.0740475431
v 0.015783025 0.0224781744 -0.0555180088
v -0.00586761022 0.0224781688 -0.0930180177
v -0.00189464493 0.0224781726 -0.0981956869
v 0.00328302453 0.0224781726 -0.102168657
v 0.00835578702 0.0224781707 -0.050388135
v 0.0154966405 0.0224781726 -0.0496032983
v 0.0222535003 0.0224781707 -0.0563698709
v 0.0226264074 0.0224781744 -0.0504831746
v 0.0282830242 0.0224781744 -0.0588673837
v 0.0293622036 0.0224781707 -0.0529805347
v 0.0334606953 0.0224781744 -0.0628403425
v 0.0353423022 0.0224781688 -0.0569612756
v 0.0374336578 0.0224781707 -0.0680180117
v 0.0402455591 0.0224781707 -0.062211588
v 0.0438086614 0.0224781744 -0.0684495419
v 0.0399311706 0.0224781688 -0.0740475357
v 0.0458402559 0.0224781726 -0.0753401443
v 0.0407830253 0.0224781688 -0.0805180147
v 0.0462312475 0.0224781688 -0.0825133547
v 0.0399311706 0.0224781744 -0.0869884863
v 0.0449606404 0.0224781744 -0.0895839483
v 0.0374336615 0.0224781744 -0.0930180177
v 0.0420966633 0.0224781744 -0.0961722285
v 0.0377931185 0.0224781688 -0.101924382
v 0.0157830231 0.0204759855 -0.105518013
v 0.00931254867 0.0204759818 -0.104666166
v 0.00328302453 0.0204759855 -0.102168649
v -0.00189464516 0.0204759855 -0.0981956869
v -0.00586761115 0.0204759818 -0.0930180103
v -0.00836512167 0.0204759836 -0.0869884938
v -0.00921697542 0.0204759836 -0.0805180147
v -0.00836512167 0.0204759855 -0.0740475431
v -0.00586761069 0.0204759855 -0.0680180117
v -0.00189464493 0.0204759836 -0.0628403425
v 0.00328302453 0.0204759873 -0.05886738
v 0.00931254867 0.0204759836 -0.0563698709
v 0.015783025 0.0204759873 -0.0555180088
v 0.0222535115 0.0204759836 -0.0563698784
v 0.0282830242 0.0204759873 -0.0588673837
v 0.0334606953 0.0204759873 -0.0628403425
v 0.0374336578 0.0204759836 -0.0680180117
v 0.0399311706 0.0204759892 -0.0740475357
v 0.0407830253 0.0204759818 -0.0805180147
v 0.0399311706 0.0204759873 -0.0869884863
v 0.0374336615 0.0204759873 -0.0930180177
v 0.0334606953 0.0204759892 -0.0981956869
v 0.0282830242 0.0204759855 -0.102168649
v 0.0222535022 0.0204759892 -0.104666159
v 0.000607207883 -0.0262124091 -0.0552509688
v 5.71286182e-05 0.0224625207 -0.0535420775
v -1.06261126e-07 -0.0306965262 -0.00757177314
v -6.25526923e-07 0.0233951751 -0.0402329266
v -8.94019308e-07 -0.0273390487 -0.0279103611
v 3.14419731e-06 -0.0321499631 0.0292829871
v 5.41868667e-06 -0.0309869219 0.0315746479
v 2.18808236e-06 -0.0318185538 0.00830329116
v 3.17033687e-06 -0.0239999965 0.0315735228
v 4.06040135e-06 0.0324688107 0.00648137042
v 3.27647126e-06 0.0239999965 0.0315735266
v 3.29405816e-06 0.0319864154 0.0315735154
v 1.28841575e-05 0.0228181295 -0.0449538603
v 4.09135237e-06 -0.026180895 -0.0425839163
v -8.80657751e-07 0.0315006897 -0.00773285469
v -2.41393849e-07 0.0295320526 -0.0179886315
v 0.0299730673 -0.0262124687 -0.105954252
v 0.0299731754 0.0224781707 -0.105954252
v 0.0318759009 0.0224781688 -0.109239511
v 0.0335014015 -0.0262157563 -0.0529464968
v 0.0347299837 -0.0262124762 -0.107384108
v 0.0396684855 0.0224784687 -0.103173837
v 0.0397932008 -0.0262124874 -0.102845736
v 0.0438220017 -0.0262124985 -0.0973683521
v 0.0446634516 0.0224781726 -0.0959414393
v 0.0466463119 -0.026212506 -0.0911831781
v 0.0471734256 0.022478167 -0.0896323994
v 0.0481468923 -0.0262125116 -0.0845513418
v 0.0483447388 0.0224781707 -0.082944192
v 0.0482603982 -0.0262124985 -0.0777528062
v 0.0481282026 0.022478167 -0.0761575773
v 0.0469820388 -0.0262125004 -0.0710745677
v 0.046532914 0.022478167 -0.069557637
v 0.0443657823 -0.0262124985 -0.0647985637
v 0.0436258391 0.0224781688 -0.0634213835
v 0.0405220725 -0.026212493 -0.0591897517
v 0.039016284 0.0224782377 -0.0574298427
v 0.0332957208 0.0224702526 -0.0528649203
v 0.0416344479 0.0224781428 -0.067538783
v 0.0288592167 0.0224735867 -0.0503851883
v 0.0330196992 0.0224781744 -0.057271082
v 0.0282423887 0.0224781707 -0.0543067604
v 0.0225476734 0.0224781837 -0.0521958657
v 0.0234859604 0.0224438757 -0.0485291816
v 0.0168706439 0.02246603 -0.0474993698
v 0.0163626503 0.0224781707 -0.0513202064
v 0.00800438598 0.0224449374 -0.0478914306
v 0.0357030705 0.022478167 -0.101824343
v 0.0407926925 0.0224781707 -0.0950945392
v 0.0437844433 0.0224781614 -0.0879634097
v 0.0446145609 0.0224781651 -0.0798816159
v 0.0439537093 0.0224781651 -0.0743957087
v 0.0369293801 0.0224781726 -0.0608374588
v 0.0107750669 0.0224781726 -0.0516557768
v 0.00562749244 0.0224781688 -0.0529446527
v 0.00560871698 -0.0262124185 -0.0529525168
v 0.00974805374 -0.0261759982 -0.0476160496
v 0.0280034859 -0.0262124576 -0.0542085059
v 0.0329050086 -0.026212465 -0.0571923666
v 0.0108004138 -0.0262124278 -0.0516530462
v 0.0275635216 -0.0262111872 -0.0498327538
v 0.0222630668 -0.0262125209 -0.0521234944
v 0.0219743401 -0.0261805207 -0.0481590033
v 0.0162599478 -0.0262124389 -0.0513231233
v 0.0161016155 -0.0261929743 -0.0475110523
v 0.0367753655 -0.0262124855 -0.060683921
v 0.0366126597 -0.0262125265 -0.100870907
v 0.0412781648 -0.0262124948 -0.0941324532
v 0.044073984 -0.0262125637 -0.0866076127
v 0.0445405543 -0.026212493 -0.0788989738
v 0.0437284037 -0.026212493 -0.0735499635
v 0.041091837 -0.0262125917 -0.0665281266
v 0.0174721982 -0.00427997718 -0.0367930271
v 0.0180936623 -0.00707767485 -0.0290718731
v 0.00273737544 -0.0261351485 -0.0375011936
v 0.00361714303 -0.0269089881 -0.0292022768
v 0.00541624613 -0.0287508518 -0.0169705227
v 0.00814955588 -0.0256202035 -0.029180998
v 0.0155689446 -0.0186750647 -0.0273966268
v 0.0143731367 -0.0208116882 -0.0270229727
v 0.0127968816 -0.0226570312 -0.0274028964
v 0.010955561 -0.0241564419 -0.028001219
v 0.018453056 -0.0152119678 -0.0230039246
v 0.0172160305 -0.0137787862 -0.0276902504
v 0.0169742629 -0.0192445572 -0.022153208
v 0.01890078 -0.00831235759 -0.025338145
v 0.0200018864 -0.00758871296 -0.0229636189
v 0.019842498 -0.00104037428 -0.0237821713
v 0.0187947843 0.00764094712 -0.0263009388
v 0.0176094566 0.000865645357 -0.0362300463
v 0.0180869438 0.000548697019 -0.0297829602
v 0.0170418769 -0.00894190278 -0.0370136239
v 0.0140283564 -0.0190070327 -0.0366317406
v 0.0149584943 -0.0171151683 -0.0387522727
v 0.0121643143 -0.0215190109 -0.0370916873
v 0.0105281277 -0.0230249446 -0.0379561111
v 0.00802042522 -0.0246649142 -0.0370203517
v 0.00506992126 -0.0257212166 -0.0367722809
v 0.00396298291 0.0234646052 -0.0381633937
v 0.0035405294 0.0271542519 -0.025484262
v 0.0179493017 0.00811186433 -0.0295997206
v 0.0199157894 0.00924760383 -0.0230954234
v 0.018730877 0.0152487671 -0.0227453019
v 0.0169840548 0.0145327924 -0.0274990816
v 0.0179062057 0.0182350837 -0.0219428111
v 0.0150807928 0.0189695098 -0.0275463443
v 0.0147524048 0.0210802536 -0.0248185657
v 0.0127832294 0.0221893247 -0.0271193627
v 0.0105314907 0.0238608941 -0.0276115872
v 0.00881310832 0.0250660442 -0.027047161
v 0.00699829496 0.0261348002 -0.0260534864
v 0.00750466343 0.0228397287 -0.036290817
v 0.0104228836 0.021287933 -0.0362158753
v 0.0130412895 0.0188083593 -0.0359292105
v 0.0142625412 0.0167575181 -0.0370071568
v 0.0159467757 0.0130682588 -0.0371050984
v 0.0172621496 0.00756289205 -0.0365839452
v 0.0164859165 0.0289129745 0.031572815
v 0.010875701 0.0213943683 0.0315735191
v 0.0157322027 0.0181245077 0.0315735266
v 0.022492446 0.0244563371 0.0315742083
v 0.0108756069 -0.021394413 0.0315735154
v 0.0157321226 -0.018124586 0.0315735266
v 0.00537199015 0.0233910587 0.0315735266
v 0.00862962287 0.0314299278 0.0315746777
v 0.019652484 0.0137760593 0.0315735191
v 0.0264163073 0.0194532014 0.0315738954
v 0.0294314865 0.0132247619 0.0315739624
v 0.0224032514 0.00860780291 0.0315735228
v 0.0314602628 0.00369118527 0.0315743834
v 0.0238208082 0.00292729866 0.0315735228
v 0.0267584883 -0.0167476423 0.0315744169
v 0.0196524225 -0.0137761505 0.0315735228
v 0.020411877 -0.0240242481 0.0315736532
v 0.0059208367 -0.0304458998 0.0315738022
v 0.00537188677 -0.0233910847 0.0315735191
v 0.0238207951 -0.00292740483 0.0315735191
v 0.0124012651 -0.0286183693 0.0315738805
v 0.0224032141 -0.00860791095 0.0315735154
v 0.0305419695 -0.00800125115 0.0315744691
v 0.0326313227 0.00293377158 0.0293096472
v 0.031715937 0.00934251025 0.0293015316
v 0.0300232749 0.0148534235 0.0292753987
v 0.0274812765 0.0199195705 0.0292852111
v 0.0240478348 0.0244723465 0.0292956438
v 0.0195123609 0.0283278227 0.0293104444
v 0.0149119031 0.0307388995 0.029278785
v 0.0081373062 0.0326407738 0.0292689279
v 0.0324082375 -0.00382028054 0.0293074213
v 0.0293498226 -0.0143604819 0.029276073
v 0.0313231722 -0.00929414202 0.0292550959
v 0.0267950762 -0.0187592059 0.0292928293
v 0.0184494089 -0.0267459601 0.0293272156
v 0.0230932478 -0.0230678245 0.0292925071
v 0.012564755 -0.0298457369 0.0293269176
v 0.00501081208 -0.0318199806 0.0292888135
v 0.021740485 0.023180658 -0.00743861031
v 0.0251536537 0.0198477972 -0.0056024394
v 0.0044979183 0.0315537341 -0.00460035773
v 0.00425813114 0.0301972274 -0.0139682163
v 0.0105721587 0.0304448642 -0.00398998754
v 0.0108584929 0.0292938463 -0.0101159541
v 0.0163833946 0.0280701704 -0.00410171924
v 0.0203240067 0.0254251845 -0.00432650419
v 0.0186694544 0.0248026159 -0.0102221631
v 0.0238149706 0.0193423387 -0.00945257768
v 0.0277128071 0.00822295714 -0.0095717106
v 0.0300549157 0.0077446443 -0.00508788414
v 0.026281964 0.0141390944 -0.00956462976
v 0.028008461 0.0144139305 -0.00571390288
v 0.0294062439 0.00192713412 -0.00714391051
v 0.0313408785 0.000821927562 -0.00215652748
v 0.0321045667 0.000606261427 0.00262361532
v 0.0313896574 0.00547365425 -0.00133045565
v 0.0323789641 0.00050593511 0.0072004823
v 0.0320460089 0.00482097408 0.00383135071
v 0.0313291587 0.00905898213 0.00293284957
v 0.0296062492 0.0143243559 0.00283687911
v 0.0278862808 0.0179052353 0.00416074554
v 0.0258255918 0.0209776312 0.00396040967
v 0.0237990748 0.0234059095 0.00444480823
v 0.0216122828 0.0254612491 0.00474421447
v 0.0184939485 0.0276807267 0.00409349101
v 0.0152859893 0.0293919016 0.00464303698
v 0.0106112771 0.0310147535 0.00314534339
v 0.00495933509 0.0319904499 0.00129791594
v 0.0301644877 0.0114701539 -0.00154724903
v 0.0277711451 0.0171735361 -0.00173757738
v 0.024161173 0.0223560259 -0.0017422369
v 0.0307488367 -0.00631570583 -0.0020082898
v 0.00502609881 -0.0314011872 0.00684827007
v 0.0117306374 -0.0282703433 -0.00591786439
v 0.011599523 -0.0297645647 0.00585515052
v 0.00876102597 -0.0295792054 -0.00462723756
v 0.00562870363 -0.0302920435 -0.00572302984
v 0.00257887039 -0.0304260813 -0.00934656244
v 0.0153406309 -0.0281525869 0.00544730714
v 0.0196574219 -0.0254659075 0.00444644457
v 0.0231137518 -0.0224107653 0.00444510859
v 0.0261974595 -0.0187848769 0.00433664862
v 0.0288151372 -0.0143254502 0.00412731618
v 0.0303738825 -0.0105958553 0.00381916133
v 0.0317523852 -0.00450820103 0.0027227113
v 0.0318701901 -0.00539354095 0.0069317515
v 0.0292305909 -0.00463062385 -0.0071726921
v 0.0288425796 -0.00947187282 -0.00566821871
v 0.0268209465 -0.00991689693 -0.00978661049
v 0.0268922783 -0.0135855339 -0.00648621609
v 0.0262748431 -0.0160933919 -0.00454391632
v 0.02332744 -0.0191556029 -0.00653715292
v 0.0201045126 -0.0216396935 -0.00931520574
v 0.0188700799 -0.0246681683 -0.00297295209
v 0.017181538 -0.0236765724 -0.0115198139
v 0.0146239288 -0.0266123582 -0.00684977928
v 0.023619147 -0.020693047 -0.00145356229
v 0.0287292134 -0.0128305303 -0.00159387174
v 0.0198467057 -0.0167377386 -0.0183711462
v 0.00853479095 -0.027939992 -0.0166978799
v 0.0132466545 -0.0254410766 -0.0167600494
v 0.0218611639 -0.012154405 -0.0177523512
v 0.00608556531 0.0293830875 -0.0160308462
v 0.0111012775 0.0278819464 -0.0155126657
v 0.0150302406 0.0267963596 -0.0120930336
v 0.0219179224 0.0168296415 -0.0462838039
v 0.0196006782 0.0148012368 -0.0444587506
v 0.0280367881 0.0166104268 -0.0496196635
v 0.0224711876 0.0190899558 -0.0470734872
v 0.0207045153 0.0204760488 -0.0468750671
v 0.0138779236 0.0213540737 -0.0457515717
v 0.0106990915 0.0218647681 -0.0458129719
v 0.00833084434 0.0222642962 -0.0463279411
v 0.0215760991 -0.00560249109 -0.0448688827
v 0.0216586832 0.00870872568 -0.0450027771
v 0.00598184904 0.0224776343 -0.0434161946
v 0.0253460854 0.00968510285 -0.0476529859
v 0.0178129785 -0.00510110008 -0.0395996645
v 0.0189407803 0.00191265787 -0.0420916416
v 0.018363012 0.00931721367 -0.0418946035
v 0.0177679379 0.00314023555 -0.0391777232
v 0.0168402847 0.010432126 -0.0385295004
v 0.0100676706 0.0209882911 -0.039201308
v 0.019787373 0.00958311744 -0.0435466319
v 0.0172513798 0.0162858311 -0.0432672836
v 0.0148103386 0.0160863474 -0.0394713357
v 0.0173718128 0.0100809839 -0.0403442346
v 0.0162287336 0.0155123286 -0.0418372639
v 0.0136042666 0.0189983416 -0.0421312712
v 0.0107192416 0.0212986581 -0.0437597744
v 0.0119954152 0.0203000959 -0.0425752029
v 0.00856498443 0.0217658132 -0.0403667316
v 0.0123293446 0.0192842986 -0.0398192964
v 0.0145701971 0.02028892 -0.0446707308
v 0.0154162832 0.0189118795 -0.0438169613
v 0.020776296 -0.0224606041 -0.0464742705
v 0.0169000942 -0.020997081 -0.0442698486
v 0.0252171122 -0.0230850391 -0.0484553203
v 0.00879787002 -0.0258406736 -0.0461062454
v 0.0116711799 -0.0253046211 -0.045786541
v 0.013018406 -0.0210518222 -0.0399353802
v 0.00728339748 -0.0255046636 -0.0428166725
v 0.0163230021 -0.0126783829 -0.0376946405
v 0.0203225855 -0.0110116629 -0.0442567244
v 0.0185945202 -0.00591872213 -0.0416760966
v 0.0245190207 -0.0111975046 -0.0471910611
v 0.0290282257 -0.0210671984 -0.0502618998
v 0.0144757181 -0.0208323281 -0.0423205234
v 0.0169609208 -0.0165860914 -0.0424035676
v 0.0200579409 -0.0164946448 -0.0448334925
v 0.0124397678 -0.0226253346 -0.0420021899
v 0.0153628327 -0.0227691606 -0.0445656329
v 0.00994085614 -0.02406081 -0.0414043181
v 0.0119023249 -0.0241210107 -0.0438015126
v 0.0144457361 -0.0243519787 -0.0454746746
v 0.017610684 -0.0120591754 -0.041555658
v 0.00537199015 0.0233910587 6.32836006e-09
v 0.010875701 0.0213943738 4.07207407e-10
v 0.0157322008 0.0181245077 6.78903778e-09
v 0.019652484 0.0137760658 1.4990893e-09
v 0.0224032514 0.00860780943 4.18715862e-09
v 0.0238208082 0.00292729749 3.33912986e-09
v 0.023820797 -0.00292740599 7.79044163e-10
v 0.0224032141 -0.00860789698 -3.34074968e-09
v 0.0196524225 -0.0137761515 4.35254277e-09
v 0.0157321207 -0.0181245711 5.83963455e-09
v 0.0108756069 -0.0213944148 -3.40179973e-09
v 0.00537188677 -0.0233910847 7.73184849e-10
v 0.0230070017 -0.0262126122 -0.0494572073
v 0.0230943263 -0.0297124963 -0.0494741313
v 0.0331026614 -0.0262125228 -0.0541707799
v -0.00742916297 -0.0262130573 -0.102343164
v 0.0123511357 -0.026213849 -0.0487210453
v 0.0235753842 -0.0262125004 -0.111225486
v 0.0407411978 -0.0262125395 -0.0612167828
v 0.0162897725 -0.0262124874 -0.112098694
v 0.00807589106 -0.026212465 -0.111243457
v 0.01825938 -0.0262127481 -0.0486756936
v 0.0372015201 -0.0262125283 -0.103838861
v 0.0456808135 -0.0262125432 -0.070359841
v 0.0312077049 -0.0262125153 -0.108071707
v -0.00123153278 -0.0262129735 -0.107209109
v 0.00426792121 -0.0262124632 -0.0506640114
v -0.00840806961 -0.0262136664 -0.0595077574
v -0.0112042483 -0.0262124278 -0.0977870449
v -0.0148985898 -0.0262124091 -0.0900273547
v -0.00266039278 -0.0262124483 -0.0544573404
v 0.0435816646 -0.0262125432 -0.0956359282
v 0.0473871008 -0.0262125563 -0.0806108341
v 0.0464363769 -0.0262125507 -0.0878867581
v -0.0140350517 -0.0262124222 -0.0687249228
v -0.0162868313 -0.0262124129 -0.0793023705
v 0.0109432926 -0.029712474 -0.0539528802
v 0.0107975444 -0.0297124721 -0.0520356484
v 0.0332520902 -0.0297128949 -0.0575314946
v 0.0323179886 -0.0297125168 -0.0536731593
v 0.0401604474 -0.0297125373 -0.0604915842
v 0.0336560197 -0.0297128297 -0.0586504303
v 0.0334142931 -0.029712664 -0.0612724498
v 0.0269127116 -0.0297127739 -0.0537276119
v 0.0179423988 -0.0297119562 -0.0515492409
v 0.0177863017 -0.029712487 -0.0486649834
v 0.012378443 -0.0297124777 -0.0487850532
v 0.00428634277 -0.0297132023 -0.0506011471
v 0.0351897478 -0.0297123305 -0.0630080327
v 0.037539199 -0.0297125187 -0.062718533
v 0.00919186417 -0.0297125448 -0.055617623
v 0.00735533237 -0.0297124647 -0.0554485731
v 0.00570903299 -0.029712623 -0.0541541874
v 0.0351950899 -0.0297128856 -0.0982175767
v 0.0333942585 -0.0297121555 -0.099920705
v 0.0377423726 -0.0297127329 -0.0984685495
v 0.0336742662 -0.0297125131 -0.102351762
v 0.0102376333 -0.0297129098 -0.106215291
v 0.00786228292 -0.0297121648 -0.105507307
v 0.0112939365 -0.029712677 -0.108546801
v 0.00589692174 -0.029712446 -0.106965326
v 0.00399893709 -0.0297124498 -0.109917089
v 0.0122075835 -0.0297128931 -0.109315969
v 0.0141467089 -0.0297124851 -0.112156853
v 0.0338587984 -0.0297125205 -0.106523529
v 0.0388600416 -0.0297129676 -0.0980651677
v 0.03928525 -0.0297125317 -0.101584308
v 0.0440116562 -0.0297125448 -0.0948122889
v 0.0419168212 -0.029712541 -0.0931882113
v 0.043744538 -0.0297125466 -0.0883196071
v 0.0464363694 -0.0297125503 -0.0878867581
v 0.0446733274 -0.0297125503 -0.0832028463
v 0.0473736748 -0.0297125597 -0.0796819031
v 0.0443938822 -0.0297130328 -0.0752111226
v 0.0453667343 -0.029712541 -0.0694854483
v 0.0419168212 -0.0297125373 -0.0680171102
v 0.0388705358 -0.0297125373 -0.0631081536
v 0.0332826376 -0.0297124386 -0.10368748
v 0.0273135062 -0.0297124926 -0.107298657
v 0.0244723819 -0.0297125038 -0.110983357
v 0.0191596765 -0.0297124777 -0.109483555
v 0.00452155573 -0.0297125913 -0.0539466739
v -0.000487784477 -0.0297124498 -0.0566020496
v -0.00266040047 -0.0297124479 -0.0544573441
v -0.00446445169 -0.0297124423 -0.0598480999
v -0.00446445122 -0.0297124386 -0.101357222
v -0.000487784564 -0.0297124442 -0.104603276
v -0.0031458179 -0.0297124386 -0.105775662
v 0.00454149488 -0.0297122896 -0.1072938
v -0.00898730569 -0.0297128465 -0.0601600148
v -0.00941723213 -0.0297127683 -0.0660750642
v -0.0143794231 -0.02971242 -0.0696290135
v -0.0121909864 -0.0297124218 -0.0729831308
v -0.0130960653 -0.0297124181 -0.0780360103
v -0.0163114555 -0.0297124125 -0.0802695304
v -0.0130960653 -0.0297124162 -0.0831693113
v -0.0114778588 -0.0297124013 -0.0907884538
v -0.0153787332 -0.0297124106 -0.0878484845
v -0.0125141758 -0.0297119282 -0.0957304686
v -0.00780649018 -0.0297124349 -0.0974608809
v -0.00830455776 -0.0297125969 -0.101582929
v 0.0235964917 -0.0401077829 -0.0529789329
v 0.0222692955 -0.0413326807 -0.0523253791
v 0.0207558628 -0.0392930023 -0.0677825138
v 0.0242517199 -0.0392668061 -0.0544140451
v 0.0192374475 -0.0413911864 -0.0717387721
v 0.0185417905 -0.0413921177 -0.0891593546
v 0.00834594574 -0.0414038636 -0.0560375154
v -0.00419308292 -0.0413905047 -0.0639549866
v -0.00721484097 -0.041381862 -0.0684025362
v 0.0102891335 -0.0413961597 -0.09588442
v 0.00436266745 -0.0413772166 -0.0571879633
v 0.017742876 -0.0414119996 -0.0516120717
v 0.0180852264 -0.0413957573 -0.0678157136
v 0.0115249921 -0.0413852185 -0.0926449522
v 0.0141371004 -0.041380994 -0.0901672691
v 0.0217115711 -0.0413941927 -0.0873413384
v -0.00908407103 -0.0413671397 -0.0728854835
v -0.0101340171 -0.0413796753 -0.0780455098
v -0.00471476838 -0.0413766503 -0.0965957791
v -0.000652745657 -0.0413809307 -0.0603996292
v -0.00322043663 -0.0413925834 -0.0971849114
v 0.0236974061 -0.0413654186 -0.0849322826
v 0.0244048387 -0.0413846411 -0.077894561
v 0.0224374793 -0.0413788632 -0.0745331645
v 0.0247067492 -0.041385565 -0.0818035454
v 0.0107702306 -0.0382912382 -0.0987017453
v 0.0106097152 -0.0392872505 -0.0985325426
v -0.0010127601 -0.0381723717 -0.0998439267
v -0.00439039245 -0.0391178764 -0.0999377072
v -0.00505667552 -0.0347472467 -0.100773387
v -0.00562748779 -0.0383912288 -0.100165829
v 0.0247876011 -0.0359974429 -0.0543866418
v 0.024148263 -0.03474788 -0.0528671183
v 0.0417727716 -0.037700247 -0.0786679238
v 0.0413997062 -0.0376932994 -0.0856323764
v 0.0392421708 -0.0377012566 -0.0692706555
v 0.0408340953 -0.037697129 -0.073554121
v 0.0344103351 -0.0377234966 -0.0625822619
v 0.0366926454 -0.0376940444 -0.0651016235
v 0.0366366021 -0.0376987308 -0.0961576328
v 0.0352286249 -0.0375715196 -0.098172687
v 0.0338179171 -0.0377244651 -0.0992191732
v 0.0391034707 -0.0377018228 -0.09221109
v 0.0300483778 -0.0377003215 -0.102449521
v 0.0127312709 -0.0376985818 -0.106432125
v 0.0102929613 -0.0375716165 -0.106221586
v 0.0240984019 -0.0377014987 -0.105281927
v 0.0179316234 -0.0376950651 -0.106598511
v -0.000959972211 -0.0377499051 -0.100422427
v 0.00868482236 -0.0377242528 -0.10552378
v 0.00371366739 -0.0376931094 -0.103773423
v 0.0246754531 -0.0377269052 -0.0561636463
v 0.0239567161 -0.0381816886 -0.0564403087
v 0.0307513252 -0.0376997441 -0.0592791177
v -0.00994396023 -0.04136106 -0.0850455165
v -0.00779957417 -0.04139027 -0.0916230157
v 0.00785943214 -0.0412301831 -0.0557015948
v 0.0109099261 -0.0413025729 -0.0520137809
v 0.01105751 -0.0410248935 -0.053292565
v 0.0113176275 -0.0413786583 -0.0533314645
v 0.0095876772 -0.0411125757 -0.0554631092
v 0.0104123987 -0.0413253009 -0.0550045036
v 0.0108600296 -0.0377651379 -0.0992011726
v 0.0133680124 -0.0377339944 -0.0976475328
v 0.0125928335 -0.0381350033 -0.0975566879
v 0.0134881595 -0.0381596982 -0.0956310555
v 0.0141304946 -0.0379557386 -0.0942214802
v 0.0148982322 -0.0377452709 -0.0938249007
v 0.0160754118 -0.0382784791 -0.0924379677
v 0.0161067136 -0.0377695933 -0.0929621682
v 0.0148320822 -0.0382699184 -0.0931700543
v 0.0218950771 -0.0382619761 -0.0704047009
v 0.0243115667 -0.0382172167 -0.072471261
v 0.0220059119 -0.037764281 -0.0697773173
v 0.0201996863 -0.0377673544 -0.0921787322
v 0.0190713983 -0.0382200405 -0.0919101238
v 0.0243754592 -0.0380264111 -0.088817142
v 0.0269430578 -0.0377467833 -0.0863239244
v 0.0257111304 -0.0379738174 -0.0871769711
v 0.0281534679 -0.0377628803 -0.0800408199
v 0.0265923832 -0.0379484147 -0.0754058883
v 0.0254298449 -0.0377504677 -0.0727775916
v 0.0268304963 -0.0382035822 -0.0764737502
v 0.0275228284 -0.038226191 -0.0796764418
v 0.0274365991 -0.0382240713 -0.0821017176
v 0.026933549 -0.0382089354 -0.08442799
v 0.0220021419 -0.0382146351 -0.0906086788
v 0.0214877259 -0.0377652124 -0.0678357631
v 0.020984849 -0.0382773131 -0.0677357987
v 0.0212361235 -0.0382699482 -0.0692176521
v 0.00468273554 -0.0384859629 -0.0538857095
v 0.005982731 -0.0393856764 -0.054345645
v 0.00372664072 -0.0346771963 -0.107078813
v 0.00577424234 -0.0353908837 -0.107096367
v 0.0120484289 -0.0347890221 -0.109292299
v 0.0111851199 -0.0355670527 -0.108370133
v 0.0325393938 -0.0346736945 -0.104430869
v 0.0337263942 -0.0353913568 -0.102523588
v 0.038032908 -0.0351579562 -0.0985137299
v 0.0395406634 -0.0347088985 -0.0973220319
v 0.0375442766 -0.035534814 -0.0626898929
v 0.0337011367 -0.0351587869 -0.0583595671
v 0.032673236 -0.0346890651 -0.0569792166
v 0.0358680114 -0.037076056 -0.0630963892
v 0.0444371663 -0.0347290188 -0.0856131837
v 0.044087138 -0.034727104 -0.0741034746
v 0.0423918329 -0.0347094871 -0.0922196284
v 0.0447681248 -0.0347202569 -0.0791694969
v 0.0423628725 -0.0347119831 -0.0689202771
v 0.0391040184 -0.0347042717 -0.0632723942
v 0.0332963802 -0.0370760597 -0.100680545
v 0.0183277335 -0.0347055309 -0.109597966
v 0.0253940187 -0.0347053781 -0.108014971
v 0.0277383961 -0.0347269885 -0.0541479774
v 0.0333595239 -0.0375717133 -0.061161831
v -0.00916286092 -0.0383964479 -0.0656296089
v -0.000429001608 -0.0384057686 -0.0564843155
v -0.00483707478 -0.0384056196 -0.060146682
v -0.0119271604 -0.0384122469 -0.0719827488
v -0.0131390914 -0.0384046771 -0.0778612867
v -0.0128878178 -0.0384090878 -0.0855100974
v -0.0108713852 -0.0384106115 -0.0920806751
v -0.00850554556 -0.0384071581 -0.0964912921
v 0.0071534859 -0.0370779559 -0.105803445
v -0.00158139667 -0.0347174406 -0.103842713
v 0.0245360676 -0.0392363481 -0.0729838759
v 0.0211871546 -0.039325729 -0.0699167177
v 0.0161125641 -0.039279785 -0.0921821818
v 0.0196550135 -0.0392328948 -0.0915134102
v 0.023698017 -0.0392550528 -0.0890860707
v 0.0261701029 -0.0392498784 -0.0856476054
v 0.027244579 -0.0392364189 -0.0822550729
v 0.0269897431 -0.0392506905 -0.0775526091
v 0.0146563835 -0.0393339284 -0.0929569155
v 0.0136371218 -0.0392586999 -0.0943029225
v 0.0124239856 -0.0393328071 -0.0973390266
vn 0.9999999 -0.0004365648 -0.0001429382
vn 1 -0.0001407845 -2.103664e-05
vn 1 -0.0001137099 -0.0001834741
vn 1 0.0001401386 0.0001218696
vn 1 0.000198551 0.0003577173
vn 1 7.460928e-05 4.805257e-05
vn 1 -0.0001540676 -0.0001158274
vn 1 -0.0001019232 -0.0001070795
vn 0.9999992 0.0001471078 0.001272917
vn 1 9.078599e-06 0.0001947636
vn 0.999999 0.0001977804 0.001454453
vn 1 -5.597403e-05 -0.0001273124
vn 1 6.954305e-05 -0.0001764188
vn 0.9999959 0.0003671748 0.002858098
vn 0.9999972 0.0002078966 0.00236761
vn 0.9999999 -0.0001411574 0.0004036678
vn 1 -2.90822e-05 7.871861e-05
vn 1 -2.96166e-05 1.012399e-05
vn 1 4.181951e-06 8.069215e-05
vn 1 -4.631315e-05 -9.439616e-05
vn 0.8705642 -2.020005e-06 0.4920548
vn 0.8716589 -9.342005e-05 0.4901131
vn 0.8705941 -4.512786e-06 0.492002
vn 0.8716881 -9.586879e-05 0.490061
vn -0.7802943 0.57223 -0.2523757
vn -0.8423508 0.460216 -0.2804398
vn -0.7859578 0.6055563 -0.1247875
vn -0.1132464 0.9842775 -0.135547
vn -0.06803868 0.9720947 -0.2245056
vn -0.03152308 0.9694362 -0.2433099
vn -0.999577 -0.01033512 -0.02718487
vn -0.9875126 0.1563314 -0.01947852
vn -0.9912085 0.1072786 -0.07744077
vn -0.9979694 -0.03767736 -0.0513569
vn -0.989499 0.03840083 -0.1393453
vn -0.961143 0.1529119 -0.2298305
vn -0.9716421 -0.02897113 -0.2346749
vn -0.9392258 0.02556216 -0.3423469
vn -0.8702719 0.03176864 -0.491546
vn -0.862103 0.1674312 -0.4782732
vn -0.7840195 0.05560243 -0.6182409
vn -0.611599 0.1420463 -0.778312
vn -0.4676993 0.08191957 -0.8800833
vn -0.5168511 -0.001366901 -0.8560743
vn -0.3437442 0.01056441 -0.9390039
vn -0.2604727 0.9637755 0.05736579
vn -0.09149713 0.9951383 0.03644182
vn -0.184269 0.9815184 0.05163855
vn -0.09672368 0.9942337 -0.04630076
vn -0.007385978 0.9999592 -0.005214687
vn -0.03073911 0.9918776 -0.1234262
vn -0.01665545 0.007849128 -0.9998305
vn 0.02260537 3.894033e-05 -0.9997445
vn -0.09675671 -0.0004527096 -0.995308
vn -0.1737042 0.03021459 -0.9843342
vn -0.2148481 0.007777501 -0.9766166
vn -0.3055904 0.07847413 -0.9489238
vn -0.3359199 0.08446416 -0.9380957
vn -0.4315779 0.1535199 -0.8889163
vn -0.4252094 0.1349134 -0.8949834
vn -0.5359449 0.2366722 -0.8104007
vn -0.5006817 0.1808678 -0.846525
vn -0.5737885 0.2390167 -0.7833503
vn -0.6419029 0.3744556 -0.6691365
vn -0.6482623 0.3586332 -0.6716683
vn -0.7068609 0.6863867 -0.1709411
vn -0.3880734 0.9183632 -0.07751173
vn -0.7286568 0.6057845 -0.3195063
vn -0.7194601 0.6302916 -0.2917356
vn -0.7269505 0.4735901 -0.4972478
vn -0.7242815 0.5345865 -0.4354693
vn -0.4033973 0.9134128 0.05429193
vn -0.2990766 0.9540322 0.01938202
vn -0.5182705 0.8545792 0.03301637
vn -0.6477298 0.7618484 0.005769036
vn -0.6369083 0.7705786 0.02358812
vn -0.328621 0.9439457 -0.03121983
vn -0.2456645 0.9686604 0.03668709
vn -0.1598456 0.9647093 -0.2092492
vn -0.7773547 0.6284766 -0.02714647
vn -0.6586816 0.7502765 -0.05677713
vn -0.3899191 0.9205732 -0.02254215
vn -0.8478144 0.5300133 -0.01721835
vn -0.7271056 0.6865196 -0.002907302
vn -0.2625844 0.9601127 -0.09608877
vn -0.2717223 0.9452232 -0.1808867
vn -0.8415996 0.5336748 -0.08307401
vn -0.7468799 0.6602525 -0.07897404
vn -0.8412977 0.5395512 -0.03320489
vn -0.5556315 0.8200679 -0.1369757
vn -0.4131612 0.9033739 -0.1149503
vn -0.5684538 0.822119 -0.03131329
vn -0.662756 0.7438149 -0.08656791
vn -0.9542059 0.2967019 -0.03819802
vn -0.9662252 0.2524129 -0.05192845
vn -0.9224964 0.3814151 -0.05935488
vn -0.9527525 0.2728029 -0.1335716
vn -0.8989812 0.3919835 -0.1954016
vn -0.9098117 0.2517121 -0.3299752
vn -0.7493793 0.1996715 -0.6313177
vn -0.6577868 0.2866606 -0.6965215
vn -0.8306067 0.3268479 -0.4508469
vn -0.7336064 0.3311155 -0.5934511
vn -0.7043529 0.01483248 -0.709695
vn -0.6310023 -0.0108256 -0.7757054
vn -0.7829686 0.4803419 -0.3952615
vn -0.8735178 0.4777096 -0.09359624
vn -0.7640835 0.4290646 -0.4817468
vn 0.427155 -1.09358e-06 -0.9041784
vn 0.4271586 -9.191073e-07 -0.9041767
vn 0.3439575 -8.199858e-07 -0.9389852
vn 0.3439558 -9.009735e-07 -0.9389858
vn 0.1669782 -0.0007727314 -0.9859603
vn 0.1658161 0.001246476 -0.9861559
vn -0.02099133 -0.007478192 -0.9997517
vn -0.001206416 0.9999884 0.004662256
vn 1.129636e-05 1 2.222231e-06
vn -0.0001810577 1 -0.0001070322
vn 8.864724e-07 1 4.642686e-06
vn 6.055201e-06 1 -1.110032e-05
vn -3.260368e-06 1 -8.480999e-07
vn 7.322033e-06 1 2.507102e-05
vn -0.0001498937 0.9999999 -0.000269181
vn 0.0003924841 0.9999997 0.0005803443
vn 1.310838e-05 0.9999999 -0.0003574362
vn -0.006265508 0.9999023 -0.01249348
vn 4.26104e-07 1 -0.0001464715
vn 0.00126997 0.9999983 0.0012779
vn -6.972914e-05 0.9999999 0.0002524751
vn -0.0004931784 0.9999998 3.210873e-05
vn -9.22515e-05 -1 -3.633813e-05
vn -0.0003418752 -0.999998 0.001931722
vn -0.0001907318 -0.9999993 0.001124707
vn 0.0005538997 -0.9999971 -0.002339675
vn -0.3651856 -0.9295228 -0.05125376
vn -0.003398944 -0.9999917 0.002251659
vn -0.2917089 -0.956353 0.01717106
vn -1.724256e-06 -1 -8.338963e-07
vn -1.844134e-06 -1 1.078004e-06
vn 7.449876e-05 -1 2.087414e-05
vn -0.1463225 -0.9880822 0.04778401
vn -0.0008956209 -0.9999984 0.00158436
vn -8.38579e-07 -1 -3.370241e-06
vn 1.270166e-07 -1 -5.28602e-06
vn 0.0001689082 -0.9999999 0.0003347902
vn 0.0002837382 -0.9999998 -0.0002463462
vn -0.03182165 -0.9993638 0.01610146
vn -0.0009323587 -0.9999852 -0.005359681
vn -0.003767818 -0.9998623 -0.01616146
vn 4.083187e-05 -1 -3.806307e-05
vn 4.231396e-05 -1 -2.449331e-05
vn 4.232503e-05 -1 -1.233057e-05
vn -0.0002021677 -0.99992 0.01265463
vn -0.0004167581 -0.9999779 0.006628054
vn -1.287859e-06 -1 2.450032e-06
vn -6.665512e-06 -1 -4.692512e-06
vn -1.754154e-06 -1 3.880634e-07
vn 4.105159e-05 -1 -1.496859e-06
vn 3.911462e-05 -1 7.653784e-06
vn -0.9937134 -0.1119444 -0.001400612
vn -0.9874957 -0.1569345 -0.0149606
vn -0.9608991 -0.2751898 -0.03071737
vn -0.9830105 -0.182975 -0.01450807
vn -0.9976657 -0.06767193 -0.00914782
vn -0.8579555 -0.5111184 -0.05167662
vn -0.7458808 -0.6659415 -0.01355579
vn -0.8139166 -0.575041 -0.08287155
vn -0.7433587 -0.6638122 -0.08228811
vn -0.6318434 -0.7724367 -0.06415182
vn -0.4168842 -0.9087048 -0.02152243
vn -0.5492977 -0.8275506 -0.1158956
vn -0.4378635 -0.892194 -0.1107496
vn -0.2034828 -0.9786327 -0.02954264
vn -0.3374014 -0.9326338 -0.1278847
vn -0.2134748 -0.9694348 -0.1209325
vn -0.06572132 -0.9973933 -0.02978686
vn -0.09565157 -0.9872851 -0.1269598
vn -0.02857459 -0.9982372 -0.05201983
vn -0.04302763 -0.9902262 -0.1326675
vn -0.9999247 0.003045519 -0.01189165
vn -0.9361021 -0.3482563 -0.04929812
vn -0.9709402 -0.2391376 -0.009406563
vn -0.913133 -0.4065662 -0.02986683
vn -0.3075674 -0.9426078 -0.1299728
vn -0.5587871 -0.8260251 -0.07375291
vn -0.537558 -0.8362351 -0.1083617
vn -0.7142631 -0.6977308 -0.05477261
vn -0.2587267 -0.9632259 -0.07250137
vn -0.4150405 -0.9063214 -0.07951694
vn -0.07021684 -0.9939312 -0.08467805
vn -0.1315672 -0.9868664 -0.09372656
vn -0.1184161 -0.9826682 -0.1426213
vn -0.06073635 -0.9882351 -0.1403653
vn -0.9116336 -0.4099758 -0.02905222
vn -0.8260085 -0.5610067 -0.05460179
vn -0.09230165 0.9735579 -0.208963
vn -0.02058014 0.9860979 -0.1648861
vn -0.04904567 0.9630628 -0.2647726
vn -0.1239909 0.9910883 -0.04868402
vn -0.04417816 0.9974269 -0.05646136
vn -0.1029061 0.9888613 -0.1075344
vn -0.4419253 0.8964682 -0.03235481
vn -0.418041 0.9030975 -0.09826849
vn -0.6331916 0.7697323 -0.08112112
vn -0.6454377 0.7633535 -0.02648988
vn -0.8102934 0.5825393 -0.06381641
vn -0.8049511 0.5929915 -0.0203658
vn -0.8967543 0.4378228 -0.06436487
vn -0.8924419 0.450986 -0.01261208
vn -0.959371 0.2802458 -0.0327047
vn -0.9453732 0.3259698 -0.003632186
vn -0.9908929 0.1346128 -0.003241127
vn -0.9926426 0.1189058 -0.02285087
vn -0.9147224 0.3970211 -0.07521393
vn -0.7617067 0.6316717 -0.1442011
vn -0.8239661 0.5552431 -0.1130708
vn -0.453283 0.8698415 -0.1947059
vn -0.322452 0.9174321 -0.233116
vn -0.2268517 0.9533117 -0.1993368
vn -0.3346224 0.9216209 -0.1965778
vn -0.4517529 0.8720593 -0.1882334
vn -0.548462 0.8178218 -0.1742324
vn -0.6877957 0.7101464 -0.1504296
vn -0.2642629 0.9613931 -0.07673676
vn -0.9680507 -0.07181981 0.2402493
vn -0.8895973 0.05870411 0.4529574
vn -0.9594876 0.1362727 0.2466034
vn -0.8477621 0.2124307 0.485976
vn -0.913425 0.3098865 0.2638659
vn -0.7761689 0.4094422 0.4794985
vn -0.8127592 0.5232752 0.2561356
vn -0.6455462 0.5876037 0.4878442
vn -0.648231 0.7203286 0.2468265
vn -0.4475789 0.7746259 0.4467973
vn -0.4252497 0.8780935 0.2193498
vn -0.2584583 0.9385827 0.2286087
vn -0.1599873 0.8801861 0.4468517
vn -0.07955644 0.9710759 0.2251274
vn -0.04670635 0.9751728 0.2164635
vn -0.05091211 0.8927764 0.447614
vn -0.1638517 -0.8677378 0.4692372
vn -0.1074658 -0.9657214 0.2362909
vn -0.05389707 -0.8786792 0.4743606
vn -0.05083322 -0.9731331 0.2245611
vn -0.3508905 -0.7918469 0.4998544
vn -0.4190767 -0.8683436 0.2652437
vn -0.2665046 -0.9291275 0.2563152
vn -0.5644899 -0.6723523 0.4788462
vn -0.6978368 -0.6533027 0.2936314
vn -0.5499502 -0.7890421 0.2738017
vn -0.8255727 -0.3398716 0.4504631
vn -0.8550811 -0.4487654 0.2597038
vn -0.6977559 -0.5327595 0.478857
vn -0.774393 -0.5770683 0.2594373
vn -0.8760536 -0.1507332 0.4580498
vn -0.9325965 -0.2685719 0.2411075
vn 7.735473e-05 -7.50956e-06 1
vn 5.648722e-05 4.842335e-05 1
vn 8.657738e-05 3.208985e-05 1
vn 6.279596e-05 -2.404863e-05 1
vn 0.0001096508 -6.182238e-05 1
vn 0.0001377103 -1.958281e-05 1
vn 9.151157e-05 4.881336e-05 1
vn 7.304287e-05 9.331642e-05 1
vn -1.686637e-05 -1.027402e-05 1
vn -3.462222e-05 2.201823e-05 1
vn -3.668029e-06 -3.036225e-05 1
vn -1.44787e-05 -6.323281e-05 1
vn 5.312894e-05 -6.965378e-05 1
vn 2.97923e-05 -6.042232e-05 1
vn 4.9771e-05 -5.661067e-05 1
vn 9.971425e-06 -2.330232e-06 0.9999999
vn 6.425897e-05 -3.843144e-05 1
vn 4.781038e-05 -2.005678e-05 1
vn 1.344043e-05 7.872089e-06 1
vn 1.142622e-05 -5.509533e-05 1
vn -3.012147e-05 -2.6718e-06 1
vn -1.119812e-05 -2.33415e-05 1
vn 1.194787e-05 -3.241951e-05 1
vn 1.652064e-05 -3.180644e-05 1
vn 1.569951e-05 8.950329e-06 1
vn 1.801961e-05 5.575371e-07 1
vn 2.671833e-05 -1.722878e-05 1
vn -0.1346465 -0.9902683 -0.0351977
vn -0.06135901 -0.9971228 -0.04451174
vn -0.4008747 -0.9160517 -0.01218703
vn -0.4499682 -0.8929734 0.01127682
vn -0.5821306 -0.8130574 -0.007861896
vn -0.8752288 -0.4829154 0.02769984
vn -0.8276917 -0.5610127 0.01382807
vn -0.7240874 -0.6896362 0.009963095
vn -0.9153666 -0.4024175 0.01281068
vn -0.9525157 -0.3041774 0.013782
vn -0.9846426 -0.1745752 -0.001557301
vn -0.9996425 -0.0258 -0.007019681
vn -0.2685936 -0.9632533 -0.0008112658
vn -0.9907187 0.1358669 -0.00408823
vn -0.963397 0.2680685 -0.002355006
vn -0.2723719 -0.9588552 0.0800646
vn -0.1481934 -0.9881994 0.0387394
vn -0.3742231 -0.924577 0.07151465
vn -0.3321083 -0.9426469 0.03348283
vn -0.5259788 -0.8499249 0.03120806
vn -0.8331782 -0.5529546 0.007439098
vn -0.6980883 -0.7155904 0.02456061
vn -0.7083458 -0.7027631 -0.0661089
vn -0.767929 -0.5584088 -0.3137907
vn -0.7134498 -0.6301019 -0.3065303
vn -0.7511264 -0.6334063 -0.1860256
vn -0.3505144 -0.07495081 -0.9335534
vn -0.4605116 -0.08061468 -0.8839855
vn -0.883251 -0.09977328 -0.4581626
vn -0.7941376 -0.07548375 -0.603032
vn -0.9555718 -0.289389 -0.05600351
vn -0.9245364 -0.3809621 -0.01002094
vn -0.7965527 -0.4468797 -0.4071882
vn -0.7406799 -0.4293967 -0.5167317
vn -0.7215745 -0.4555847 -0.5213182
vn -0.677786 -0.3429322 -0.6503873
vn -0.6838528 -0.3325875 -0.6494081
vn -0.6341299 -0.2349928 -0.736653
vn -0.6099305 -0.2637646 -0.7472704
vn -0.5318329 -0.1729536 -0.8289998
vn -0.5335501 -0.206479 -0.8201773
vn -0.3985247 -0.1262739 -0.9084233
vn -0.8617742 -0.4225115 -0.2807656
vn -0.8213316 -0.3333693 -0.4629032
vn -0.5960493 -0.1097603 -0.7954105
vn -0.6936853 -0.1399889 -0.7065436
vn -0.7883351 -0.1842656 -0.5870042
vn -0.8650823 -0.2169461 -0.4522908
vn -0.9069368 -0.2617579 -0.3300734
vn -0.2080201 -0.04257613 -0.9771975
vn -0.7281494 -0.2585141 -0.6347983
vn -0.973426 -0.1764012 -0.146029
vn -0.9857623 -0.1515598 -0.07281782
vn -0.9583471 -0.1674207 -0.2313897
vn -0.929679 -0.3480261 -0.1207268
vn -0.9332937 -0.1154836 -0.3400389
vn -0.9213096 -0.3273804 -0.2097876
vn -0.8494819 -0.5222218 -0.07526577
vn -0.7182267 -0.6957518 0.008931393
vn -0.8085541 -0.5882897 0.01247546
vn -0.8957041 -0.4440142 -0.02378158
vn -0.8660969 -0.4721051 -0.1642956
vn -0.577068 -0.8158029 0.03818458
vn 0.1226199 0.9924538 -1.168396e-06
vn 0.1226622 0.9924484 -9.077679e-06
vn 0.2480976 0.968735 -4.045651e-06
vn 0.2480744 0.968741 6.933515e-08
vn 0.4890021 0.8722826 2.384964e-07
vn 0.4890001 0.8722837 1.744133e-07
vn 0.7003654 0.7137846 1.739081e-07
vn 0.7003644 0.7137855 1.032422e-08
vn 0.8628457 0.5054675 4.137028e-09
vn 0.8628446 0.5054691 -1.177618e-08
vn 0.9651029 0.2618709 -1.903788e-08
vn 0.9651023 0.2618733 -3.757484e-08
vn 1 -3.919057e-06 -2.603247e-08
vn 1 -4.641628e-07 1.001228e-09
vn 0.965101 -0.2618777 1.045675e-08
vn 0.9651019 -0.2618746 3.44785e-09
vn 0.8628419 -0.5054739 8.009989e-09
vn 0.8628435 -0.5054712 3.668025e-09
vn 0.7003599 -0.71379 -3.613631e-08
vn 0.7003626 -0.7137873 -1.193996e-08
vn 0.4889959 -0.8722861 -3.370184e-08
vn 0.4889994 -0.8722841 3.455706e-08
vn 0.2480937 -0.968736 6.885891e-09
vn 0.2480758 -0.9687406 -4.054059e-06
vn 0.1226532 -0.9924496 -1.084272e-06
vn 0.1226093 -0.9924549 -9.234342e-06
vn -2.792776e-07 -9.16409e-08 1
vn 1.947133e-06 1.836095e-07 1
vn 8.787834e-07 1.101656e-07 1
vn -4.089766e-08 -1.973891e-07 1
vn -3.087573e-07 -1.07511e-07 1
vn -3.827344e-07 -1.171918e-07 1
vn -1.047786e-06 3.133071e-07 1
vn 5.618582e-09 1.768936e-07 1
vn 9.208581e-08 -3.440491e-07 1
vn -7.570601e-07 2.02501e-07 1
vn 6.603106e-08 1.601907e-07 1
vn -1.458202e-06 -8.278451e-08 1
vn -7.438325e-06 -1.705441e-06 1
vn -0.0005549339 0.9999992 0.001111346
vn -0.001568536 0.9999984 0.0008401027
vn -0.0003175726 0.9999999 -7.599351e-05
vn -0.0002332152 1 -4.780294e-05
vn -0.0001357969 0.9999999 -0.0002317873
vn 6.103374e-05 1 -0.0001853116
vn -6.277531e-08 1 -2.291477e-08
vn 7.613916e-06 1 3.536697e-06
vn 6.180129e-06 1 -1.085157e-05
vn 3.515346e-06 1 -2.695093e-05
vn -9.217068e-05 1 -3.591635e-05
vn -0.0001649664 1 4.287399e-05
vn -0.0001382476 1 2.728965e-05
vn 1.825439e-05 1 7.495862e-05
vn 7.032502e-05 1 2.111451e-05
vn -0.0009171016 0.9999987 -0.001326412
vn -7.206937e-08 1 -1.200567e-07
vn -4.430561e-07 1 -1.955093e-07
vn -2.245185e-07 1 -6.241207e-07
vn 2.762972e-07 1 6.592003e-07
vn 6.841551e-07 1 7.159065e-07
vn 1.20879e-06 1 5.508425e-07
vn 7.081668e-07 1 5.738988e-07
vn -2.365006e-07 1 -3.599689e-09
vn -3.553946e-07 1 2.243713e-07
vn -6.385625e-07 1 -2.554398e-07
vn -6.71896e-07 1 -2.467685e-07
vn -5.519198e-07 1 -3.701376e-07
vn -1.182546e-07 1 4.017765e-08
vn 1.222107e-07 1 1.884012e-07
vn 1.928719e-07 1 4.912246e-07
vn 1.631974e-07 1 3.171739e-07
vn -2.302449e-07 1 -4.901836e-07
vn -2.583434e-07 1 -4.846583e-07
vn -1.163681e-06 1 2.022865e-06
vn 0.6281923 8.367365e-05 -0.7780581
vn 0.6254354 0.0007284544 -0.7802756
vn 0.7189641 0.000325166 -0.6950471
vn 0.7201921 1.254613e-07 -0.6937746
vn 0.8647251 1.139379e-07 -0.5022456
vn 0.8647249 0 -0.5022458
vn 0.9571115 0 -0.2897201
vn 0.9571112 0 -0.2897209
vn 0.9980987 0 -0.06163673
vn 0.9980986 0 -0.06163721
vn 0.985486 0 0.1697566
vn 0.985486 1.633244e-08 0.1697569
vn 0.9199507 1.679287e-09 0.3920342
vn 0.9199507 -4.993229e-09 0.3920343
vn 0.8050114 3.951915e-08 0.5932594
vn 0.8050122 5.08752e-08 0.5932583
vn 0.6468425 1.291861e-07 0.7626235
vn 0.6468423 1.290089e-08 0.7626237
vn 0.4539364 -1.548991e-08 0.8910341
vn 0.4539362 -1.439294e-07 0.8910342
vn 0.2366504 -1.600187e-07 0.9715949
vn 0.2366537 2.359586e-09 0.9715941
vn 0.006658751 1.441253e-08 0.9999778
vn 0.006660396 1.323091e-08 0.9999778
vn -0.2312794 -7.884445e-09 0.9728874
vn -0.2332569 -0.0003589309 0.9724151
vn -0.3503652 -9.250853e-05 0.9366131
vn -0.3540154 -0.0008043626 0.9352392
vn 2.793993e-06 2.926397e-07 1
vn -4.0905e-06 2.661299e-08 1
vn 0.2588227 -2.660441e-08 0.9659248
vn 0.2588165 3.458573e-07 0.9659265
vn 0.5000029 2.971255e-06 0.8660238
vn 0.4999969 3.027806e-06 0.8660272
vn 0.7071097 2.542225e-07 0.7071039
vn 0.707105 1.511278e-07 0.7071086
vn 0.8660271 1.639059e-06 0.4999972
vn 0.8660234 1.66567e-06 0.5000034
vn 0.9659266 1.596267e-07 0.258816
vn 0.965925 0 0.2588223
vn 1 0 -3.392023e-06
vn 1 0 3.124105e-06
vn 0.9659251 0 -0.2588217
vn 0.9659268 0 -0.2588155
vn 0.8660234 0 -0.5000036
vn 0.8660267 0 -0.4999977
vn 0.7071037 1.755135e-08 -0.7071099
vn 0.7071087 1.638749e-07 -0.7071049
vn 0.4999966 1.485908e-06 -0.8660274
vn 0.5000025 1.658835e-06 -0.866024
vn 0.2588166 1.939097e-06 -0.9659265
vn 0.258823 1.779471e-06 -0.9659248
vn -3.851308e-06 1.862309e-07 -1
vn 2.770074e-06 2.926487e-07 -1
vn -0.2588229 1.813433e-06 -0.9659248
vn -0.2588156 1.999721e-06 -0.9659268
vn -0.5000024 1.064177e-07 -0.866024
vn -0.4999969 0 -0.8660272
vn -0.7071093 0 -0.7071043
vn -0.7071044 0 -0.7071092
vn -0.8660268 0 -0.4999976
vn -0.8660234 0 -0.5000035
vn -0.9659266 0 -0.2588162
vn -0.9659249 0 -0.2588225
vn -1 0 3.26285e-06
vn -1 0 -3.191084e-06
vn -0.9659251 0 0.2588219
vn -0.9659266 0 0.2588157
vn -0.8660238 0 0.5000029
vn -0.8660271 0 0.4999971
vn -0.7071045 0 0.707109
vn -0.707109 0 0.7071044
vn -0.4999957 0 0.8660279
vn -0.5000009 2.128343e-07 0.8660249
vn -0.2588168 2.595189e-06 0.9659264
vn -0.2588226 2.515352e-06 0.9659249
vn -2.399933e-07 1 3.180043e-08
vn 1.489363e-07 1 1.032598e-07
vn -1.173727e-07 1 -2.943752e-07
vn 6.701447e-08 1 1.276148e-07
vn 2.080372e-07 1 -3.071291e-07
vn -9.642156e-09 1 -8.995882e-08
vn 3.062605e-07 1 -1.347274e-08
vn -1.913469e-07 1 1.305089e-07
vn 1.147478e-07 1 -3.855615e-09
vn -1.160661e-07 1 1.466737e-07
vn -5.746351e-07 1 8.466483e-08
vn 1.43027e-07 1 3.281147e-07
vn 1.253976e-07 1 3.22742e-07
vn -3.953737e-07 1 -1.074571e-08
vn 8.256767e-07 1 1.490408e-06
vn -1.31748e-06 1 -7.263878e-07
vn 5.488929e-07 1 9.021662e-08
vn -1.342592e-06 1 -1.32005e-06
vn -1.342586e-06 1 -2.208893e-06
vn 3.509637e-07 1 -1.107572e-06
vn 7.053254e-13 1 1.479175e-06
vn -2.51775e-12 1 -5.280104e-06
vn 4.335452e-08 1 2.663851e-08
vn -5.215551e-08 1 -6.414486e-08
vn -0.9518313 0.0002609223 -0.3066217
vn -0.9496686 2.124876e-06 -0.3132564
vn -0.9870546 2.913709e-05 -0.1603847
vn -0.9877383 0.000299457 -0.1561183
vn -0.9999999 6.581521e-05 0.0002177333
vn -0.9999995 8.179792e-05 -0.0009799142
vn -1 6.111003e-06 -0.0001381265
vn -0.9999984 0.001809516 7.415806e-05
vn -1 0.0001314922 0.0001341242
vn -1 -6.726994e-05 9.633625e-05
vn -0.9999999 -0.0002747927 0.0001345383
vn -1 -1.675554e-05 0.0001131641
vn -1 2.106167e-05 7.437623e-05
vn -1 0.0003468443 2.735739e-05
vn -1 8.55008e-05 0.0002162561
vn -1 -6.543985e-06 0.000180435
vn -1 -7.716886e-05 0.000132396
vn -0.9999999 2.202727e-06 0.0004529158
vn -0.9999999 -0.000103531 -0.0002942279
vn -0.9999925 0.0001582852 -0.003870765
vn -0.9999985 -3.634143e-05 -0.001758406
vn -1 1.083051e-05 0.0001190786
vn -1 -3.199369e-05 -9.866583e-05
vn -0.8653423 1.889317e-06 -0.5011814
vn -0.8653427 1.964136e-06 -0.5011805
vn -0.8653423 1.893215e-06 -0.5011814
vn -0.8653428 1.968034e-06 -0.5011805
vn 0.06245756 0.9959878 -0.06408899
vn 0.03787703 0.9976521 0.05705699
vn 0.008214641 0.9999296 -0.008566093
vn 0.6072255 -0.001137143 -0.7945287
vn 0.5450228 -1.141294e-06 -0.8384213
vn 0.6112508 0.005671757 -0.7914167
vn 0.7277278 0.003630933 -0.6858565
vn 0.7407183 -0.002629835 -0.6718105
vn 0.8618996 -0.002484536 -0.5070727
vn 0.8817213 0.00184471 -0.4717672
vn 0.9475064 -0.003323009 -0.3197198
vn 0.9621535 0.001478813 -0.2725042
vn 0.9928502 -0.003306843 -0.119322
vn 0.9974989 0.001457766 -0.07066717
vn 0.99628 -0.00329003 0.08611318
vn 0.9909618 0.0014369 0.1341366
vn 0.957651 -0.003272719 0.2879128
vn 0.942817 0.00141618 0.3333075
vn 0.8785939 -0.003254709 0.4775587
vn 0.8531313 0.001803602 0.5216931
vn 0.7508621 -0.004652375 0.6604427
vn 0.7131156 0.001415578 0.701045
vn 0.580442 -0.02152521 0.8140171
vn 0.568181 0.01568206 0.8227541
vn -4.732895e-05 1 6.280481e-05
vn -2.622101e-05 1 -1.527987e-05
vn -3.14415e-05 1 2.971893e-06
vn -3.801556e-06 1 2.033514e-07
vn -4.140389e-06 1 -3.811568e-06
vn 9.469529e-07 1 -6.878995e-06
vn 0.0001739337 0.9999955 0.00301282
vn 0.001255982 0.9999981 0.00151477
vn 0.001451745 0.9999976 0.001609203
vn 0.0005580895 0.9999992 0.001081486
vn 0.001051422 0.9999781 0.006542704
vn 0.001239306 0.9999584 0.00903913
vn 0.05243808 0.9346361 0.3517182
vn -0.0008566928 0.9999917 0.003992002
vn -4.610638e-05 1 6.649145e-05
vn -6.950579e-06 1 1.012226e-05
vn -4.915597e-07 1 5.570179e-07
vn -1.150187e-06 1 5.33403e-07
vn -1.351248e-06 1 6.759216e-07
vn -1.548274e-06 1 -5.591752e-08
vn -1.109763e-06 1 -1.098535e-08
vn -6.411532e-07 1 -6.918401e-08
vn -1.386847e-06 1 3.768716e-07
vn -0.0005564652 0.9999998 0.0003233483
vn -9.581906e-05 0.9999999 0.0003603155
vn -0.0009903875 0.9999667 0.008100207
vn -0.003209562 0.9999624 0.008057453
vn -0.003668295 0.9999612 0.008013142
vn 0.001094484 -0.9999983 0.001489721
vn 0.000718913 -0.9999985 -0.001566959
vn -0.0004762272 -0.9999792 0.006423601
vn 0.0431431 -0.9874116 0.1521743
vn -0.0004085371 -0.9999998 -0.0004958216
vn -0.0003422318 -0.9999999 3.427398e-05
vn -0.000254062 -0.9999997 -0.0006283593
vn -0.002033534 -0.9999675 0.007796185
vn -0.0009099937 -0.9999974 0.002063914
vn -0.000691133 -0.99998 0.00626912
vn -0.0003064275 -0.9999725 0.007415123
vn 0.0009524506 -0.9999832 0.005719745
vn 0.04561365 -0.9240337 0.3795802
vn -3.420804e-05 -1 -0.0001206005
vn -5.364661e-07 -1 5.599336e-06
vn 1.592271e-05 -1 1.478898e-05
vn -6.325757e-06 -1 -3.697493e-06
vn -3.14083e-06 -1 -5.571876e-06
vn 6.59344e-06 -1 -5.915244e-06
vn 4.254777e-06 -1 -9.61848e-06
vn 6.746933e-06 -1 -5.410199e-06
vn -4.712055e-06 -1 -3.907628e-06
vn -1.862275e-06 -1 -2.524227e-06
vn 1.007483e-05 -1 -5.590439e-07
vn 1.213838e-05 -1 -5.832345e-06
vn 8.282932e-06 -1 3.72657e-06
vn 1.53628e-07 -1 2.609444e-06
vn -1.802782e-06 -1 9.711057e-07
vn 1.452447e-06 -1 -4.785323e-06
vn 6.321765e-06 -1 -3.672207e-06
vn 1.563977e-05 -1 1.588742e-05
vn 0.05772496 -0.9982826 0.009985852
vn -0.5847126 1.269401e-06 0.8112406
vn -0.6057956 0.003807604 0.7956113
vn -0.6982248 -0.001303642 0.7158773
vn -0.7240695 0.003313899 0.6897191
vn -0.8668752 -0.002018319 0.4985211
vn -0.8865305 0.003334469 0.4626583
vn -0.9688394 -0.002021692 0.2476814
vn -0.9785146 0.003144235 0.2061537
vn -0.999954 -0.001720103 -0.009443368
vn -0.9989688 0.002255943 -0.04534595
vn -0.9752533 -0.0009453708 -0.2210885
vn -0.9677684 0.002367924 -0.2518306
vn -0.8921885 -0.001789515 -0.4516596
vn -0.8783155 0.001716542 -0.4780785
vn 0.2037095 -0.9654516 -0.162498
vn 0.1731911 -0.9750745 -0.1386895
vn 0.3890381 -0.9087598 -0.1510132
vn 0.9456272 -0.2422115 -0.2170779
vn 0.8850926 -0.2967054 -0.3585764
vn 0.8818704 -0.4204032 -0.2134612
vn 0.8408757 -0.4457557 -0.3069688
vn 0.7982712 -0.5656646 -0.2068495
vn 0.9372895 -0.1049694 -0.3323703
vn 0.8699878 -0.02236839 -0.4925656
vn 0.8948488 -0.06961982 -0.4409067
vn 0.949409 0.09039478 -0.3007512
vn 0.990791 0.002021594 -0.1353851
vn 0.998919 -0.04437763 0.01383439
vn 0.9997883 0.003282831 -0.02031131
vn 0.9828648 -0.08494673 -0.1635876
vn 0.9705215 -0.2323895 0.0639009
vn 0.9874157 -0.154783 -0.03244186
vn 0.8618212 -0.5055935 -0.04049023
vn 0.901433 -0.3996823 0.1663509
vn 0.7109585 -0.6783277 -0.1854981
vn 0.7399383 -0.6725199 -0.01443347
vn 0.5844494 -0.7938299 -0.1680865
vn 0.6182354 -0.7844601 0.04906522
vn 0.4222183 -0.9059427 -0.03161779
vn 0.2657772 -0.9633394 -0.0366006
vn 0.1143985 -0.9918084 -0.05682395
vn 0.06119382 -0.9876248 -0.1444036
vn 0.05770899 -0.9963723 -0.06254358
vn 0.97829 0.1244612 -0.1657046
vn 0.888649 0.1271973 -0.4405949
vn 0.8685717 0.2761754 -0.4114733
vn 0.920471 0.2864967 -0.2658057
vn 0.820986 0.4071485 -0.4002651
vn 0.8263757 0.4923842 -0.2732415
vn 0.7555834 0.5490552 -0.3572566
vn 0.1375721 0.95121 -0.2761763
vn 0.05689026 0.9638368 -0.2603496
vn 0.07090683 0.9670413 -0.2445472
vn 0.1706486 0.9649286 -0.1994791
vn 0.2995861 0.9131117 -0.2765415
vn 0.3758059 0.899469 -0.2229922
vn 0.4290452 0.8586752 -0.2803515
vn 0.5424955 0.7928893 -0.2775341
vn 0.5710404 0.8002931 -0.1828763
vn 0.6824721 0.6711848 -0.2893837
vn 0.7610442 0.6298671 -0.1551743
vn 0.8606457 0.5036041 -0.0753121
vn 0.9449556 0.3227335 -0.05386965
vn 0.9914894 0.1301866 0.0004660843
vn 4.126548e-05 1.102438e-05 1
vn 6.058635e-05 -2.583157e-05 1
vn -5.033801e-05 1.321074e-05 1
vn -9.561005e-05 7.443391e-06 1
vn -1.135121e-05 4.577397e-05 1
vn -4.001019e-05 2.055444e-05 1
vn -9.736577e-06 3.943419e-05 1
vn -1.099726e-05 1.230038e-05 1
vn -0.0001347605 1.399651e-06 1
vn -7.662172e-05 -6.628038e-05 1
vn 2.946192e-05 -7.2403e-05 1
vn -2.902785e-05 -0.0001316399 1
vn -4.030234e-05 -3.618795e-05 1
vn -2.201179e-05 -4.027752e-05 1
vn -6.064692e-05 1.669955e-06 1
vn -7.296306e-05 -8.632277e-06 1
vn -0.000106885 7.063356e-06 1
vn -0.0001112214 -1.420993e-05 1
vn -0.0001178941 2.972527e-05 1
vn -8.789744e-05 2.837932e-05 1
vn 5.404154e-05 9.329629e-05 1
vn 0.0001292997 0.0001610617 1
vn 2.857326e-05 7.682214e-05 1
vn -1.286627e-05 4.157608e-05 1
vn -0.0001216652 1.68821e-05 1
vn -0.0001231906 3.15576e-05 1
vn -0.0001147906 4.271812e-05 1
vn 0.9736153 0.04619194 0.223472
vn 0.9457443 0.2104398 0.2475536
vn 0.881261 0.06818207 0.4676861
vn 0.8388366 0.2942912 0.4579802
vn 0.9021544 0.3712749 0.2197097
vn 0.7538882 0.4721324 0.4568847
vn 0.8301053 0.5140751 0.2159906
vn 0.7158305 0.665377 0.211802
vn 0.6204515 0.6408988 0.451983
vn 0.5518822 0.8054931 0.2158861
vn 0.4080636 0.8042619 0.4320266
vn 0.3521605 0.9133594 0.2043469
vn 0.1708941 0.882064 0.4390425
vn 0.1563042 0.966298 0.2045411
vn 0.05848796 0.9748698 0.2149605
vn 0.05543062 0.8918734 0.4488757
vn 0.9586516 -0.1018888 0.2657174
vn 0.8590634 -0.218049 0.4631032
vn 0.7461159 -0.4691477 0.4724527
vn 0.8769808 -0.413065 0.2455238
vn 0.9346529 -0.2833058 0.2148531
vn 0.5631793 -0.6956036 0.4460546
vn 0.7827101 -0.575378 0.237287
vn 0.5087334 -0.8204134 0.2609834
vn 0.6877297 -0.6839525 0.2433861
vn 0.3507559 -0.8108785 0.4684509
vn 0.3561251 -0.9044168 0.2349577
vn 0.1734511 -0.8699368 0.4616544
vn 0.06463506 -0.8836898 0.4635889
vn 0.1492167 -0.9621566 0.228011
vn 0.06478651 -0.9731423 0.2208998
vn 0.05998138 0.9895664 -0.1309983
vn 0.1218794 0.9866517 -0.1079991
vn 0.1387766 0.9708287 -0.1955319
vn 0.2854765 0.9513246 -0.116123
vn 0.3277246 0.9244087 -0.1951032
vn 0.4654492 0.8730106 -0.1456347
vn 0.5062135 0.8226547 -0.2588187
vn 0.6109306 0.7734467 -0.1689495
vn 0.6096603 0.7377963 -0.2897773
vn 0.6948993 0.6615915 -0.2818011
vn 0.7987913 0.5392057 -0.266814
vn 0.7846902 0.489803 -0.3799399
vn 0.9245663 0.14347 -0.3529781
vn 0.8730604 0.1303787 -0.4698585
vn 0.8481842 0.30238 -0.4349135
vn 0.8805324 0.344554 -0.3254924
vn 0.9014164 0.01036754 -0.4328292
vn 0.966117 -0.02151957 -0.2572058
vn 0.9940557 -0.02119916 -0.1067885
vn 0.9740897 0.09894561 -0.2033691
vn 0.9992924 -0.01575545 -0.03415334
vn 0.9929662 0.0995343 -0.06411816
vn 0.9714835 0.2267893 -0.0691836
vn 0.9406951 0.2836224 -0.1861481
vn 0.9232914 0.3789492 -0.06269325
vn 0.8667907 0.4724813 -0.1594844
vn 0.864058 0.5008934 -0.05009567
vn 0.7997202 0.5974943 -0.05872099
vn 0.7431026 0.6556411 -0.1339148
vn 0.7199738 0.691704 -0.05642012
vn 0.6350639 0.7699169 -0.06262499
vn 0.5272521 0.8471366 -0.06606635
vn 0.4028315 0.913145 -0.06239371
vn 0.2711129 0.9603976 -0.06429817
vn 0.1127511 0.9915801 -0.06368744
vn 0.05424859 0.9977513 -0.03936195
vn 0.4068091 -0.9031426 -0.1372587
vn 0.3172094 -0.946557 -0.05837818
vn 0.2987983 -0.9481512 -0.1082993
vn 0.1536536 -0.9870158 -0.0468
vn 0.2064454 -0.9731505 -0.101776
vn 0.09573624 -0.9866875 -0.1314621
vn 0.07156801 -0.99672 -0.03778038
vn 0.9443731 -0.3188823 -0.08045808
vn 0.9845517 -0.141055 -0.1037375
vn 0.9843473 -0.1720376 -0.03825199
vn 0.9568834 -0.1869818 -0.2222881
vn 0.9067604 -0.1006244 -0.4094635
vn 0.9043432 -0.2735757 -0.3275967
vn 0.861449 -0.2593615 -0.4366201
vn 0.8511972 -0.3987516 -0.3412631
vn 0.6986313 -0.669884 -0.2513362
vn 0.5993204 -0.7811301 -0.1750742
vn 0.6332115 -0.743206 -0.2160744
vn 0.5039162 -0.8473529 -0.1675157
vn 0.03622559 -0.9944384 -0.0988941
vn 0.7323005 -0.6566066 -0.1805648
vn 0.7551488 -0.5935058 -0.2783903
vn 0.8229346 -0.510339 -0.2496652
vn 0.8969331 -0.4003817 -0.1876316
vn 0.4565328 -0.8869446 -0.07005044
vn 0.5900406 -0.8028997 -0.08487717
vn 0.7084655 -0.7013347 -0.0787791
vn 0.812577 -0.577283 -0.08039297
vn 0.8879425 -0.4535873 -0.07626738
vn 0.3576755 -0.9194013 -0.1636142
vn 0.5473939 -0.8142915 -0.1931043
vn 0.8430794 -0.394417 -0.3655849
vn 0.8621203 -0.2549836 -0.4378719
vn 0.2374177 0.947915 -0.2123436
vn 0.3873586 0.8852022 -0.2576246
vn 0.4593264 0.2263179 0.8589526
vn 0.5537354 0.16571 0.8160377
vn 0.4708583 0.07202759 0.8792636
vn 0.2740901 0.3652685 0.8896368
vn 0.2887847 0.346493 0.8924943
vn 0.1901954 0.7740483 0.6038832
vn 0.1107571 0.9586898 0.2620052
vn 0.1246997 0.9900928 0.06454623
vn 0.0833604 0.982702 -0.1653721
vn 0.1584098 0.9870394 -0.02568202
vn 0.9416101 0.279029 0.1884497
vn 0.6120532 0.07148106 0.7875794
vn 0.5482977 0.02828475 0.8358048
vn 0.8383089 0.01063766 0.5450919
vn 0.6945938 0.110939 0.7107968
vn 0.8126874 0.1333617 0.5672334
vn 0.5631383 0.3875347 0.7298575
vn 0.8376518 0.5060449 0.2055676
vn 0.9641947 -0.06769516 0.2564094
vn 0.9741605 0.03915346 0.2224374
vn 0.9181364 0.2100119 0.3360366
vn 0.727941 0.4261657 0.5371078
vn 0.6040433 0.6831806 0.4103609
vn 0.3082777 0.9177476 0.2504083
vn 0.476328 0.8258284 0.3018594
vn 0.3726487 0.9276438 -0.02469833
vn 0.5213448 0.8523934 -0.04031148
vn 0.6951371 0.7102225 0.111212
vn 0.4489321 0.08565471 0.8894511
vn 0.3928378 0.2320617 0.889846
vn 0.3334423 0.716963 0.6121931
vn 0.4633544 0.5839444 0.666567
vn 0.6246312 -0.03079247 0.7803126
vn 0.1581987 -0.881164 0.4455595
vn 0.7530689 -0.6077478 0.2520514
vn 0.2269913 -0.9620055 0.1517245
vn 0.647647 -0.09928843 0.7554436
vn 0.8689253 -0.05863644 0.4914575
vn 0.545522 -0.0368574 0.8372857
vn 0.4556122 -0.06492548 0.8878075
vn 0.4111018 -0.09760902 0.9063486
vn 0.3995172 -0.1448557 0.9052087
vn 0.3653813 -0.2590452 0.8940873
vn 0.2948703 -0.3379311 0.8937864
vn 0.6512733 -0.5108363 0.5611501
vn 0.7367528 -0.2873304 0.6120756
vn 0.4694135 -0.3713247 0.8011048
vn 0.5414874 -0.1513527 0.8269727
vn 0.5705745 -0.7110898 0.4108479
vn 0.3743595 -0.5508159 0.7459603
vn 0.451468 -0.8649481 0.2191835
vn 0.3759902 -0.7960685 0.4742428
vn 0.2205055 -0.6661562 0.7124699
vn 0.1499562 -0.9571759 0.2476437
vn 0.8476011 -0.1892899 0.4957234
vn -0.7501301 -0.001349977 -0.6612889
vn -0.7407727 0.0005064392 -0.6717556
vn -0.5976412 0.0005703121 -0.8017635
vn -0.6031254 -0.0001460323 -0.7976463
vn -0.2383302 5.331048e-05 -0.9711843
vn -0.4393933 0.0002547902 -0.8982947
vn -0.4325181 0.0003027691 -0.9016252
vn -0.2456781 -4.755799e-06 -0.9693515
vn 0.1521731 -3.517633e-07 -0.9883538
vn -0.0401197 -0.0003029723 -0.9991948
vn -0.03595801 0.0001357113 -0.9993533
vn 0.331575 3.495811e-05 -0.9434289
vn 0.1521015 2.375084e-05 -0.9883649
vn 0.3316366 2.448949e-05 -0.9434072
vn 0.4175602 -1.329541e-05 -0.9086493
vn 0.4174628 -8.519424e-07 -0.908694
vn -0.1127008 -0.993629 8.188837e-06
vn -0.1126589 -0.9936337 8.834069e-07
vn -0.2284449 -0.9735568 3.677901e-06
vn -0.2284223 -0.9735621 -1.400343e-07
vn -0.453155 -0.8914317 -9.782569e-08
vn -0.4531531 -0.8914327 -1.678842e-07
vn -0.6555094 -0.7551871 -3.039985e-08
vn -0.6555074 -0.7551887 -6.542904e-08
vn -0.8188542 -0.5740016 -1.388439e-08
vn -0.8188525 -0.574004 -1.364848e-07
vn -0.9334694 -0.3586572 -6.675599e-08
vn -0.9334685 -0.3586594 -5.799953e-08
vn -0.9925338 -0.12197 -2.131436e-08
vn -0.9925336 -0.1219716 -2.129334e-08
vn -0.9925331 0.1219755 -3.816808e-08
vn -0.9925332 0.1219747 1.439569e-08
vn -0.933467 0.3586636 7.485631e-08
vn -0.9334676 0.3586619 6.609829e-08
vn -0.8188505 0.5740069 8.757119e-08
vn -0.8188513 0.5740057 1.751424e-07
vn -0.6555039 0.7551919 2.214252e-07
vn -0.6555054 0.7551904 1.863964e-07
vn -0.4531492 0.8914347 1.705149e-07
vn -0.4531519 0.8914333 -3.965708e-08
vn -0.2284415 0.9735576 0
vn -0.2284221 0.9735622 3.753113e-06
vn -0.1126907 0.9936302 9.017456e-07
vn -0.1126477 0.9936351 8.35586e-06
vn -2.0827e-06 -9.534135e-08 1
vn 3.786836e-07 1.83613e-07 1
vn 4.530648e-07 4.467133e-08 1
vn -8.972569e-07 -1.074879e-07 1
vn -8.113399e-08 -1.074533e-07 1
vn 2.448274e-07 -1.215581e-07 1
vn 1.102642e-06 2.455003e-08 1
vn 5.873893e-07 1.318864e-07 1
vn 2.099664e-06 4.180531e-08 1
vn -1.239453e-06 -1.485049e-08 1
vn -8.654673e-07 -1.827336e-07 1
vn -1.384706e-06 -3.886581e-07 1
vn -1.612764e-06 -4.500494e-07 1
vn -2.367916e-06 -7.40195e-07 1
vn 3.144666e-05 1 -1.155963e-05
vn 0.0001344708 1 -3.886851e-05
vn -6.191109e-05 1 3.752263e-05
vn 1.820979e-06 1 2.063843e-07
vn -6.861951e-06 1 -8.392025e-08
vn 1.959694e-06 1 8.614686e-08
vn 2.332685e-06 1 7.694656e-09
vn -2.408686e-05 1 1.157879e-05
vn -8.739374e-05 1 3.633255e-05
vn -1.740839e-05 1 1.722513e-06
vn 1.818423e-06 1 2.721739e-07
vn 2.31691e-06 1 -2.198317e-08
vn 2.019095e-06 1 0
vn -2.905067e-05 1 1.031628e-05
vn -0.0001836239 1 4.063422e-05
vn 8.908702e-05 1 -2.109679e-05
vn 7.00122e-05 1 2.641686e-05
vn -5.596112e-05 1 1.137568e-05
vn 2.692822e-06 1 -1.196605e-07
vn 4.920195e-06 1 -4.831044e-07
vn 8.138296e-07 1 1.357114e-06
vn 0.0001325412 1 1.01884e-05
vn 0.000337299 0.9999999 -7.001149e-05
vn 5.904665e-05 -1 0.0001116081
vn 7.693846e-05 -1 8.31901e-05
vn 1.164031e-05 -1 -8.020157e-06
vn 2.964146e-05 -1 -5.526144e-05
vn 3.04383e-05 -1 -9.998092e-05
vn 2.15536e-05 -1 8.542519e-05
vn -6.342852e-05 -1 -3.35209e-05
vn 1.062873e-05 -1 -0.0001529767
vn 1.936362e-05 -1 -0.0001565499
vn 6.11098e-05 -1 -5.162237e-05
vn 2.959612e-05 -1 -1.631157e-05
vn 4.509698e-05 -1 -0.0001285559
vn 1.676877e-05 -1 -0.0001151791
vn -7.009518e-05 -1 7.008502e-05
vn -2.701217e-05 -1 3.384453e-05
vn 3.682838e-05 -1 2.020804e-06
vn 2.113264e-05 -1 -2.249829e-05
vn 3.459267e-05 -1 -0.0001240396
vn -0.0001088598 -1 -2.829711e-06
vn -0.0001536815 -1 3.570533e-05
vn -5.962824e-05 -1 -6.887814e-05
vn -0.0004910869 -0.9999999 9.14211e-05
vn -0.0003970402 -0.9999999 -0.0002825137
vn -7.014585e-05 -1 9.037212e-05
vn -9.317292e-05 -1 0.0001176823
vn -4.563184e-05 -1 7.902746e-05
vn -2.16811e-05 -1 3.263422e-05
vn -2.243244e-05 -1 -7.895014e-05
vn 2.271518e-05 -1 -0.0001059293
vn -1.991164e-05 -1 6.145e-06
vn 5.712713e-05 -1 -5.055308e-05
vn 0.0001120102 -1 -0.0001095145
vn 3.880561e-05 -1 9.951181e-06
vn 1.840248e-05 -1 2.539338e-05
vn -1.40897e-06 -1 -4.040381e-07
vn -1.477504e-06 -1 -3.984964e-07
vn 1.310601e-05 -1 -1.228672e-05
vn 7.964201e-05 -1 -3.255368e-05
vn 0.0001753997 -1 3.465234e-05
vn 5.057293e-05 -1 5.761443e-05
vn 7.123396e-06 -1 1.998721e-05
vn -5.786193e-06 -1 3.288557e-06
vn -0.0001190633 -1 4.738669e-06
vn -5.057572e-06 -1 1.050652e-05
vn -3.535749e-06 -1 6.609821e-06
vn 6.192392e-06 -1 -9.677439e-06
vn 6.256621e-06 -0.9999999 -0.0001831352
vn -2.309078e-05 -1 -5.372688e-05
vn -1.51817e-05 -1 -3.739902e-05
vn 7.574549e-05 -1 -2.351896e-05
vn 3.859624e-05 -1 4.412726e-05
vn 2.626769e-06 -1 3.392019e-05
vn 1.438864e-05 -1 -2.535037e-05
vn 1.240915e-05 -1 -1.870326e-05
vn -5.812313e-05 -1 6.501456e-05
vn 6.651339e-05 -1 -2.037148e-05
vn -3.438335e-05 -1 -1.333387e-05
vn -3.796841e-05 -1 -1.894698e-05
vn -1.49102e-05 -1 -8.520815e-06
vn -1.459814e-06 -1 -5.020582e-07
vn -1.350733e-06 -1 -8.198564e-07
vn -3.08296e-06 -1 -1.322616e-06
vn -6.252414e-05 -1 -6.214312e-05
vn -9.962389e-06 -1 -1.667227e-05
vn -0.0001095698 -1 -4.580856e-05
vn -6.667299e-05 -1 2.115368e-05
vn 0.6264133 -0.779485 0.00305983
vn 0.623059 -0.7645583 -0.1650703
vn 0.623679 -0.7639921 -0.1653501
vn 0.8317086 -0.5549517 -0.0170117
vn 0.9012192 -0.4332671 -0.009141519
vn -0.8350132 0.01783918 -0.5499406
vn -0.6870903 0.01989955 -0.7262995
vn -0.7272364 0.009373319 -0.686323
vn -0.8851429 0.01924788 -0.464921
vn -0.9574259 -0.01172869 -0.2884405
vn -0.9809949 0.01410335 -0.1935203
vn -0.9999574 0.009226762 -0.0002224484
vn -0.9984815 0.002052496 0.05505101
vn -0.9447007 -0.001996722 0.3279279
vn -0.9236468 0.002226131 0.3832383
vn -0.7856609 0.00449354 0.618641
vn -0.7538868 0.00657721 0.6569714
vn -0.5774089 -0.00379476 0.8164464
vn -0.5753742 0.001757515 0.8178884
vn -0.358151 0.008506069 0.9336249
vn -0.360994 0.01484475 0.93245
vn -0.1162509 -0.01448058 0.9931144
vn -0.1160452 -0.01486782 0.9931327
vn 0.06031714 -0.002045569 0.9981772
vn 0.2873431 0.00253783 0.9578244
vn 0.2861862 0.002028775 0.9581718
vn 0.08077189 -0.01172012 0.9966637
vn -0.01167171 -0.9786848 0.205036
vn -0.001310675 -0.999999 -0.0005266386
vn 0.2323366 -0.960951 0.150309
vn 0.00162073 -0.9999985 -0.0004842902
vn 0.001440478 -0.9999989 0.0001572135
vn -0.004251158 -0.9999908 0.000469304
vn 0.2456916 -0.9179564 -0.311435
vn -0.1800701 -0.9161354 0.3581491
vn -0.01903344 -0.998478 0.05176387
vn -0.01394364 -0.9997675 0.01644903
vn 0.007143885 -0.9989129 -0.04606488
vn 0.0002830975 -1 1.300135e-05
vn -0.006494914 -0.9999776 0.001609753
vn 0.0047994 -0.9999671 -0.006545356
vn 0.2482194 -0.9554906 -0.1594515
vn 0.0002007349 -0.9999998 -0.0006361509
vn 0.2365979 -0.9288592 -0.2850299
vn -0.008055308 -0.9999673 0.0006822705
vn 0.003010188 -0.9999946 0.001297442
vn -0.02375025 -0.9997125 -0.003302299
vn -0.2835603 -0.9122874 -0.2955085
vn -0.0452476 -0.9291283 -0.3669786
vn 0.0008337828 -0.9999995 0.0004218677
vn 0.3348312 -0.9248254 -0.1805161
vn 0.359926 -0.9256692 0.1165753
vn 0.2838745 -0.9293908 0.2358982
vn -0.01669304 -0.9998602 -0.001052533
vn 0.31235 -0.4773178 -0.8213435
vn 0.2684852 -0.5004444 -0.8230864
vn -0.01410026 -0.4731171 -0.8808867
vn -0.08753088 -0.5618291 -0.8226095
vn 0.07686906 -0.1759278 -0.9813972
vn 0.07769912 -0.1757929 -0.981356
vn 0.6538886 -0.09400033 0.7507287
vn 0.9515028 -0.1267018 0.2803372
vn 0.3884267 -0.009143959 0.9214342
vn 0.2566648 -0.01619048 0.9663649
vn 0.3202877 -0.9199393 -0.2261135
vn 0.08766128 -0.9912089 -0.09909777
vn 0.3819906 -0.8664044 -0.3215999
vn -0.03213312 -0.9170226 -0.3975384
vn -0.04264703 -0.9908389 -0.128138
vn -0.08760105 -0.8660154 -0.4922839
vn 0.2211527 -0.9154153 0.3363127
vn 0.02038558 -0.9996043 0.01938367
vn 0.3120882 -0.8737982 0.3729311
vn -0.1259152 -0.8806699 0.4566903
vn -0.7393988 -0.05218627 0.6712421
vn -0.7971966 -0.5964403 0.09347028
vn -0.9505926 -0.2923934 0.1043052
vn -0.9829241 -0.1200048 -0.1394959
vn -0.002444179 -0.8897276 0.4564853
vn -0.3944471 0.06165911 0.9168477
vn -0.4459431 0.1669191 0.8793592
vn 0.1127468 -0.9405708 -0.3203352
vn -0.2859963 -0.8016585 -0.5249285
vn 0.179447 -0.9751835 -0.1296768
vn 0.577027 -0.5935918 -0.5609711
vn 0.7935125 -0.5329666 -0.2937425
vn 0.6506953 -0.6547998 -0.3844903
vn 0.2544187 -0.9235245 -0.287008
vn 0.3033705 -0.4730452 -0.8271605
vn 0.5659391 -0.474497 -0.6742148
vn 0.2721567 -0.7104146 -0.6490314
vn 0.3779529 -0.8954793 0.2350926
vn 0.6604672 -0.4576642 0.5952535
vn 0.6035714 -0.5170297 0.6069446
vn 0.2025984 -0.8206356 -0.5343323
vn 0.5273894 0.5919222 -0.6094985
vn 0.3376871 -0.90858 -0.2458655
vn 0.3822101 -0.8974937 -0.2200465
vn 0.3352753 -0.910547 -0.241857
vn 0.7113594 0.6506956 0.2656371
vn 0.4373766 -0.8437912 0.3109952
vn 0.431218 -0.8651996 0.255892
vn 0.7715079 -0.5359647 0.342808
vn 0.8728537 -0.3578391 0.3317796
vn 0.6388655 -0.7689851 0.02264393
vn 0.6217073 -0.7784987 0.08613759
vn 0.9078568 -0.3976534 -0.1329208
vn 0.8218964 -0.51399 -0.2455615
vn 0.7144445 -0.2761171 -0.6429061
vn 0.5405343 -0.2969197 -0.7871857
vn 0.5937655 -0.269087 -0.7583104
vn 0.2203987 -0.8417599 -0.4928131
vn 0.2081256 -0.5295244 -0.8223671
vn 0.887303 -0.459419 -0.04034171
vn 0.8406269 -0.4812563 0.2484729
vn 0.4295809 -0.9030154 -0.004858137
vn 0.8743699 -0.4307048 -0.2235411
vn 0.2611984 -0.9628747 -0.068175
vn -0.4645913 -0.7341526 -0.4951515
vn -0.002403485 -0.006146528 0.9999782
vn 0.5196319 0.002546244 0.8543864
vn 0.4097629 0.005259751 0.9121769
vn -0.157325 0.007760502 0.9875163
vn 0.4361691 -0.002063594 -0.8998623
vn 0.4792405 -0.009574428 -0.8776314
vn -0.1193782 0.02158711 -0.9926141
vn -0.2662297 -0.01332046 -0.9638176
vn -0.4723084 -0.004305093 -0.8814229
vn -0.8735431 -0.005204925 -0.4867188
vn -0.7994024 0.009072771 -0.6007274
vn -0.3546333 0.01384426 -0.934903
vn 0.997411 -0.002056043 -0.07188267
vn 0.9993231 -0.01159007 -0.03491339
vn 0.7986034 0.02507922 -0.601335
vn 0.6809896 -0.01545769 -0.7321299
vn 0.6249836 0.02514102 -0.7802329
vn 0.1652251 -0.01192968 -0.9861838
vn 0.1164975 0.01445533 -0.9930858
vn 0.7602296 -0.007200125 -0.6496146
vn 0.0721897 -0.00724633 0.9973646
vn -0.05295094 -0.0001955303 0.9985971
vn 0.6006637 0.0124182 0.7994053
vn 0.6156563 -0.005150714 0.787998
vn 0.7739151 0.02611784 0.6327506
vn 0.9881548 -0.01116393 0.1530535
vn 0.9926969 0.01461956 0.1197461
vn 0.6633745 0.0002002617 0.7482876
vn 0.514585 -0.7367305 0.438669
vn 0.4891355 -0.7564092 0.4342713
vn 0.5662407 -0.7176222 0.4054503
vn 0.5450396 -0.7110852 0.444173
vn 0.5874083 -0.7065443 0.3946475
vn 0.5556468 -0.7086217 -0.43487
vn 0.5887481 -0.7078789 -0.3902346
vn 0.6847092 -0.7104718 0.1624904
vn 0.7003737 -0.7124624 0.04328882
vn 0.7070615 -0.7067636 0.02343152
vn 0.631773 -0.7117397 -0.3070658
vn 0.6519054 -0.7065175 -0.2754131
vn 0.6875007 -0.7132258 -0.136571
vn 0.6946425 -0.7095956 -0.1180922
vn 0.6390078 -0.7043216 0.3091926
vn 0.6788132 -0.706421 0.2004545
vn 0.6469734 -0.7084675 0.281956
vn 0.2138873 -0.9128451 -0.3478016
vn 0.4230895 -0.7466388 -0.5133477
vn 0.4376532 -0.7146505 -0.5456502
vn 0.3842211 -0.7058246 -0.5951352
vn -0.1027018 -0.7089202 -0.6977711
vn -0.05226499 -0.7070209 -0.7052588
vn 0.05981461 -0.7103709 -0.7012814
vn 0.06485437 -0.7094529 -0.7017624
vn 0.2246545 -0.7096172 -0.6678126
vn 0.2381177 -0.7050195 -0.6680176
vn 0.1877625 -0.7097787 0.6789401
vn 0.2348921 -0.7156163 0.6578138
vn 0.2431873 -0.699945 0.6715184
vn 0.2449467 -0.695765 0.6752127
vn 0.3008026 -0.7128658 0.6335141
vn 0.4337059 -0.7060776 0.5597801
vn 0.3930959 -0.703365 0.5922443
vn -0.6051717 -0.7100282 0.3600377
vn -0.6296231 -0.7079778 0.3199097
vn -0.5414108 -0.7131754 0.4452585
vn -0.2557659 -0.7171608 0.6482779
vn -0.3019031 -0.7025749 0.6443936
vn -0.3910886 -0.7094084 0.5863355
vn -0.4388121 -0.7169805 0.5416483
vn -0.5066711 -0.7059072 0.494954
vn -0.6742124 -0.7075207 0.2117834
vn -0.6708399 -0.7102969 0.213195
vn -0.7001449 -0.7113383 0.06160172
vn -0.7008231 -0.7108642 0.05932098
vn -0.6918802 -0.7123717 -0.1175942
vn -0.6929951 -0.7107782 -0.1206321
vn -0.6359184 -0.7157861 -0.2885449
vn -0.6510645 -0.7117139 -0.2637771
vn -0.5876252 -0.7122167 -0.3839844
vn -0.2327806 -0.7482868 -0.6211925
vn -0.1940167 -0.9099102 -0.3666346
vn -0.4676303 -0.7009561 -0.5385002
vn -0.4203042 -0.7054346 -0.570707
vn -0.3113673 -0.7013826 -0.6411808
vn -0.2561607 -0.7129245 -0.6527789
vn 0.6698697 -0.4995188 0.5493228
vn 0.7212948 -0.5734966 0.3883753
vn 0.2755379 -0.540511 -0.7949381
vn 0.3092311 -0.4980097 -0.8101619
vn 0.2294071 -0.7649269 -0.6018798
vn 0.5759215 -0.5179974 -0.6324501
vn 0.7672281 -0.5208392 -0.3742827
vn 0.6306264 -0.7724121 -0.07543104
vn 0.8562082 -0.50353 -0.1156066
vn 0.8438091 -0.4864478 0.2266158
vn 0.3017768 -0.7717595 -0.5597482
vn 0.5374178 -0.5690029 -0.6224289
vn 0.720235 -0.5667291 -0.4000996
vn 0.6625757 -0.514174 -0.5446268
vn 0.3758801 -0.007524799 0.9266378
vn 0.1453917 0.007171401 0.9893481
vn -0.3290016 -0.0161317 0.9441916
vn -0.9967939 -0.0141571 -0.0787491
vn -0.9331262 -0.01560086 0.3592104
vn 0.3557613 0.01207083 -0.9344989
vn 0.174121 -0.02568109 -0.9843894
vn -0.153609 0.004705301 -0.9881205
vn -0.3979088 -0.002066328 -0.9174226
vn -0.3011516 -0.02391198 -0.9532764
vn -0.9134977 0.001902979 -0.4068393
vn -0.9214724 -0.006176426 -0.3883948
vn 0.1562617 0.01117809 0.9876525
vn 0.3178164 -0.0261108 0.9477927
vn 0.6248888 0.005563162 0.780694
vn 0.804064 0.002763981 0.5945363
vn 0.7143015 -0.02553617 0.6993721
vn 0.9951294 -0.000311201 -0.09857676
vn 0.9934705 -0.008523571 -0.1137696
vn 0.9871881 0.01201187 -0.1591084
vn 0.9395596 -0.02564393 -0.3414238
vn 0.778984 0.004671833 -0.6270264
vn 0.5959259 -0.002043959 -0.8030369
vn 0.6750029 -0.02383917 -0.7374299
vn -0.1033847 0.0002158215 -0.9946414
vn -0.1154889 -0.006166551 -0.9932897
vn 0.9475946 -0.313274 0.06264023
vn 0.7550216 -0.3739564 -0.5386084
vn 0.00119171 -0.9999864 -0.00506667
vn 0.0009232241 -0.9999952 -0.002958124
vn 0.002861346 -0.9999887 -0.00378425
vn 0.003633013 -0.9999913 -0.002036935
vn 0.003121841 -0.9999943 -0.001187898
vn 0.004163449 -0.9999908 -0.001051558
vn 0.003940437 -0.9999923 -3.462835e-05
vn 0.004586515 -0.9999895 0.000121978
vn 0.003924237 -0.9999915 0.001285416
vn 0.003807692 -0.9999924 0.0008061685
vn 0.00314505 -0.9999937 0.00164493
vn -0.00472472 -0.9998874 -0.01424108
vn 0.005283775 -0.9999859 -0.0004025277
vn 0.3949804 0.00821454 -0.9186528
vn 0.3234628 -0.003472542 -0.9462345
vn 0.07925946 0.002030983 -0.9968519
vn 0.1195078 0.01559966 -0.9927107
vn 0.9016359 0.01218913 0.4323241
vn 0.9158683 0.005872618 0.4014358
vn 0.9823303 0.01258002 0.1867326
vn 0.9711371 -0.006739492 0.2384268
vn 0.9992396 0.004840969 0.03868863
vn 0.9971784 0.01952234 -0.07248454
vn 0.9847867 -0.005374985 -0.1736844
vn 0.9621315 0.008685028 -0.2724475
vn 0.9180548 -0.006827384 -0.3963946
vn 0.8970725 0.01487554 -0.4416329
vn 0.3806871 0.0164939 0.9245568
vn 0.07574589 0.009545459 0.9970815
vn -0.06792089 0.001223798 0.99769
vn -0.06195042 -0.002414263 0.9980763
vn 0.427574 -0.005375867 0.9039644
vn 0.04760062 -0.006175641 0.9988474
vn -0.5852073 -0.01881109 -0.8106655
vn -0.5216872 -0.01690142 -0.8529694
vn -0.3772081 0.03055045 -0.9256245
vn -0.2379676 -0.03454218 -0.9706587
vn -0.05051005 0.00439335 -0.9987139
vn 0.04667639 -0.01198224 -0.9988382
vn 0.2282274 -0.01092684 -0.9735465
vn 0.2790053 -0.01239146 -0.9602095
vn 0.464095 -0.01832605 -0.8855959
vn 0.5608178 0.001757596 -0.8279373
vn 0.6874186 -0.001760209 -0.7262594
vn 0.7645903 0.01832277 -0.6442561
vn 0.8728995 0.00989407 -0.4877997
vn 0.8970527 0.00075286 -0.4419231
vn 0.972353 0.004832663 -0.2334657
vn 0.9734124 -0.004836537 -0.2290089
vn 0.9999985 0.001725317 0.00035915
vn 0.9986567 -1.713216e-05 0.05181589
vn 0.9502457 0.002499995 0.3114913
vn 0.9312669 -0.002504473 0.3643293
vn 0.7977978 0.002501222 0.60292
vn 0.7627044 -0.002504034 0.6467423
vn 0.5667012 3.293172e-05 0.8239233
vn 0.5246199 0.0001822173 0.8513365
vn -0.778599 9.741048e-05 -0.6275219
vn -0.8400324 0.004241737 -0.5425196
vn -0.8211474 0.0117119 -0.5705958
vn -0.6989892 0.009854392 -0.7150643
vn -0.7312353 0.005317727 -0.6821045
vn -0.5964485 -0.003425081 -0.8026441
vn -0.5566903 0.0131967 -0.8306153
vn -0.9190537 -0.005532882 -0.3940935
vn -0.935929 0.01153973 -0.3519997
vn -0.9872806 -0.00116174 -0.1589832
vn -0.9962102 -0.0004442353 -0.0869772
vn -0.9968101 -0.001412785 0.07979742
vn -0.9966173 0.001394901 0.08217061
vn -0.9530152 -0.001378106 0.3029191
vn -0.9618128 0.008340676 0.2735811
vn -0.8639163 0.007370782 0.5035816
vn -0.8551572 0.002536996 0.5183625
vn -0.7095288 0.005339113 0.7046561
vn -0.7174574 0.008466006 0.696551
vn -0.5550636 0.005687484 0.8317885
vn -0.5509684 0.003968402 0.8345167
f 3//1 4//2 5//3
f 6//4 7//5 8//6
f 6//4 8//6 9//7
f 9//7 8//6 10//8
f 11//9 12//10 13//11
f 12//10 11//9 14//12
f 5//3 15//13 3//1
f 11//9 13//11 2//14
f 2//14 13//11 1//15
f 17//16 18//17 19//18
f 19//18 18//17 5//3
f 5//3 18//17 15//13
f 12//10 14//12 4//2
f 4//2 14//12 16//19
f 4//2 16//19 20//20
f 4//2 20//20 5//3
f 5//3 20//20 10//8
f 10//8 20//20 9//7
f 21//21 375//22 22//23
f 22//23 375//22 23//24
f 28//25 29//26 30//27
f 38//28 39//29 14//30
f 50//31 49//32 51//33
f 50//31 51//33 52//34
f 52//34 51//33 53//35
f 53//35 54//36 55//37
f 55//37 54//36 56//38
f 57//39 58//40 59//41
f 25//42 35//43 60//44
f 60//44 35//43 61//45
f 73//46 74//47 75//48
f 74//47 77//49 2//50
f 14//30 11//51 38//28
f 38//28 11//51 77//49
f 77//49 11//51 2//50
f 63//52 78//53 34//54
f 63//52 34//54 62//55
f 62//55 34//54 33//56
f 62//55 33//56 67//57
f 67//57 33//56 79//58
f 67//57 79//58 66//59
f 66//59 79//58 80//60
f 66//59 80//60 65//61
f 65//61 80//60 81//62
f 65//61 81//62 82//63
f 65//61 82//63 64//64
f 64//64 82//63 83//65
f 84//66 68//67 85//68
f 85//68 68//67 69//69
f 85//68 69//69 86//70
f 86//70 69//69 70//71
f 86//70 70//71 64//64
f 31//72 75//48 72//73
f 31//72 72//73 32//74
f 32//74 72//73 87//75
f 32//74 87//75 27//76
f 73//46 75//48 31//72
f 73//46 31//72 88//77
f 76//78 74//47 73//46
f 76//78 73//46 77//49
f 77//49 73//46 88//77
f 77//49 88//77 38//28
f 89//79 39//29 38//28
f 76//78 77//49 74//47
f 26//80 87//75 30//27
f 30//27 87//75 90//81
f 30//27 90//81 84//66
f 84//66 90//81 71//82
f 84//66 71//82 68//67
f 26//80 91//83 92//84
f 26//80 92//84 27//76
f 31//72 32//74 88//77
f 88//77 41//85 38//28
f 38//28 41//85 40//86
f 38//28 40//86 89//79
f 45//87 46//88 47//89
f 44//90 42//91 93//92
f 44//90 93//92 43//93
f 43//93 93//92 46//88
f 46//88 93//92 92//84
f 46//88 92//84 47//89
f 47//89 92//84 91//83
f 47//89 91//83 48//94
f 40//86 41//85 42//91
f 42//91 41//85 88//77
f 42//91 88//77 93//92
f 93//92 88//77 32//74
f 93//92 32//74 27//76
f 93//92 27//76 92//84
f 26//80 27//76 87//75
f 90//81 87//75 72//73
f 90//81 72//73 71//82
f 94//95 95//96 96//97
f 96//97 97//98 54//36
f 54//36 97//98 98//99
f 58//40 99//100 59//41
f 49//32 94//95 51//33
f 51//33 94//95 96//97
f 51//33 96//97 53//35
f 53//35 96//97 54//36
f 54//36 98//99 56//38
f 56//38 98//99 58//40
f 56//38 58//40 57//39
f 25//42 24//101 82//63
f 25//42 82//63 35//43
f 35//43 82//63 81//62
f 35//43 81//62 80//60
f 35//43 80//60 61//45
f 61//45 80//60 79//58
f 61//45 79//58 33//56
f 97//98 29//26 98//99
f 98//99 29//26 101//102
f 101//102 102//103 99//100
f 99//100 102//103 24//101
f 99//100 24//101 25//42
f 99//100 25//42 36//104
f 36//104 25//42 37//105
f 37//105 25//42 60//44
f 29//26 28//25 103//106
f 100//107 30//27 97//98
f 97//98 30//27 29//26
f 29//26 103//106 101//102
f 101//102 103//106 104//108
f 101//102 104//108 102//103
f 102//103 104//108 86//70
f 102//103 86//70 24//101
f 24//101 86//70 83//65
f 24//101 83//65 82//63
f 36//104 59//41 99//100
f 99//100 58//40 101//102
f 101//102 58//40 98//99
f 97//98 96//97 100//107
f 100//107 96//97 95//96
f 100//107 95//96 91//83
f 49//32 48//94 94//95
f 94//95 48//94 95//96
f 95//96 48//94 91//83
f 100//107 91//83 26//80
f 100//107 26//80 30//27
f 28//25 30//27 84//66
f 28//25 84//66 85//68
f 28//25 85//68 103//106
f 103//106 85//68 104//108
f 104//108 85//68 86//70
f 83//65 86//70 64//64
f 375//109 21//110 106//111
f 375//109 106//111 107//112
f 107//112 106//111 108//113
f 107//112 108//113 105//114
f 78//53 63//52 105//114
f 108//113 109//115 78//53
f 108//113 78//53 105//114
f 74//47 2//50 110//116
f 107//117 105//118 111//119
f 107//117 111//119 375//120
f 375//120 111//119 23//121
f 23//121 111//119 374//122
f 63//123 62//124 67//125
f 67//125 66//126 65//127
f 65//127 64//128 70//129
f 69//130 68//67 72//73
f 72//73 68//67 71//82
f 22//131 113//132 114//133
f 22//131 114//133 109//134
f 118//135 1//136 119//137
f 120//138 121//139 116//140
f 1//136 117//141 119//137
f 109//134 108//142 22//131
f 22//131 108//142 106//143
f 22//131 106//143 21//144
f 121//139 122//145 116//140
f 116//140 122//145 1//136
f 1//136 118//135 116//140
f 116//140 118//135 115//146
f 1//136 112//147 117//141
f 115//146 123//148 22//131
f 22//131 123//148 124//149
f 22//131 125//150 115//146
f 115//146 125//150 126//151
f 115//146 126//151 127//152
f 124//149 128//153 22//131
f 22//131 128//153 129//154
f 22//131 129//154 113//132
f 130//155 131//156 116//140
f 116//140 131//156 132//157
f 116//140 132//157 120//138
f 127//152 133//158 115//146
f 115//146 133//158 134//159
f 115//146 134//159 116//140
f 242//160 137//161 138//162
f 50//31 135//163 136//164
f 136//164 135//163 137//161
f 140//165 141//166 142//167
f 142//167 141//166 143//168
f 143//168 141//166 144//169
f 144//169 145//170 146//171
f 146//171 145//170 147//172
f 147//172 145//170 148//173
f 147//172 148//173 149//174
f 149//174 148//173 150//175
f 150//175 148//173 151//176
f 150//175 151//176 152//177
f 152//177 151//176 13//178
f 152//177 13//178 12//179
f 153//180 137//161 242//160
f 154//181 155//182 138//162
f 138//162 155//182 242//160
f 157//183 155//182 154//181
f 160//184 161//185 158//186
f 158//186 161//185 159//187
f 160//184 162//188 163//189
f 160//184 163//189 161//185
f 3//190 164//191 165//192
f 165//192 164//191 162//188
f 165//192 162//188 160//184
f 4//193 3//190 165//192
f 4//193 165//192 12//179
f 139//194 140//165 154//181
f 139//194 154//181 138//162
f 136//164 137//161 153//180
f 136//164 153//180 50//31
f 152//177 12//179 165//192
f 152//177 165//192 150//175
f 150//175 165//192 160//184
f 150//175 160//184 149//174
f 149//174 160//184 147//172
f 147//172 160//184 158//186
f 147//172 158//186 146//171
f 146//171 158//186 144//169
f 144//169 158//186 159//187
f 144//169 159//187 143//168
f 143//168 159//187 156//195
f 143//168 156//195 142//167
f 142//167 156//195 140//165
f 140//165 156//195 157//183
f 140//165 157//183 154//181
f 166//196 20//197 16//198
f 168//199 9//200 169//201
f 171//202 172//203 173//204
f 171//202 173//204 174//205
f 174//205 173//204 175//206
f 174//205 175//206 176//207
f 176//207 175//206 177//208
f 176//207 177//208 178//209
f 178//209 177//208 179//210
f 178//209 179//210 180//211
f 180//211 179//210 181//212
f 181//212 179//210 182//213
f 153//180 181//212 182//213
f 182//213 49//32 50//31
f 183//214 47//89 48//94
f 183//214 45//87 47//89
f 184//215 43//93 185//216
f 185//216 43//93 46//88
f 185//216 46//88 45//87
f 42//91 44//90 186//217
f 42//91 186//217 40//86
f 40//86 186//217 187//218
f 40//86 187//218 89//79
f 39//29 16//198 14//30
f 177//208 185//216 45//87
f 177//208 45//87 183//214
f 182//213 48//94 49//32
f 166//196 16//198 39//29
f 166//196 39//29 167//219
f 167//219 39//29 89//79
f 167//219 89//79 188//220
f 188//220 89//79 187//218
f 188//220 187//218 189//221
f 189//221 187//218 190//222
f 190//222 187//218 186//217
f 190//222 186//217 191//223
f 191//223 186//217 44//90
f 172//203 171//202 170//224
f 9//200 20//197 169//201
f 169//201 20//197 166//196
f 169//201 166//196 167//219
f 184//215 191//223 44//90
f 184//215 44//90 43//93
f 168//199 169//201 170//224
f 170//224 169//201 167//219
f 170//224 167//219 172//203
f 172//203 167//219 188//220
f 172//203 188//220 189//221
f 172//203 189//221 173//204
f 173//204 189//221 190//222
f 173//204 190//222 191//223
f 173//204 191//223 175//206
f 175//206 191//223 184//215
f 175//206 184//215 185//216
f 175//206 185//216 177//208
f 179//210 177//208 183//214
f 179//210 183//214 48//94
f 179//210 48//94 182//213
f 153//180 182//213 50//31
f 219//225 194//226 195//227
f 197//228 196//229 194//226
f 194//226 196//229 195//227
f 196//229 197//228 198//230
f 196//229 198//230 199//231
f 199//231 198//230 200//232
f 199//231 200//232 201//233
f 201//233 200//232 193//234
f 193//234 192//235 201//233
f 192//235 193//234 202//236
f 202//236 193//234 203//237
f 202//236 203//237 204//238
f 204//238 203//237 6//239
f 6//239 203//237 7//240
f 205//241 206//242 17//243
f 17//243 206//242 18//244
f 208//245 207//246 209//247
f 208//245 209//247 205//241
f 205//241 209//247 206//242
f 211//248 210//249 212//250
f 211//248 212//250 208//245
f 208//245 212//250 207//246
f 213//251 214//252 215//253
f 215//253 214//252 216//254
f 215//253 216//254 211//248
f 211//248 216//254 210//249
f 217//255 218//256 213//251
f 213//251 218//256 214//252
f 217//255 219//225 218//256
f 219//225 217//255 194//226
f 220//257 221//258 213//259
f 213//259 221//258 217//260
f 217//260 221//258 222//261
f 217//260 222//261 194//262
f 194//262 222//261 223//263
f 194//262 223//263 197//264
f 197//264 223//263 198//265
f 198//265 223//263 224//266
f 198//265 224//266 225//267
f 198//265 225//267 200//268
f 203//269 226//270 227//271
f 8//272 7//273 227//271
f 227//271 7//273 203//269
f 220//257 213//259 215//274
f 220//257 215//274 228//275
f 203//269 193//276 226//270
f 226//270 193//276 225//267
f 225//267 193//276 200//268
f 17//277 19//278 205//279
f 205//279 19//278 229//280
f 215//274 211//281 228//275
f 228//275 211//281 230//282
f 230//282 211//281 208//283
f 230//282 208//283 229//280
f 229//280 208//283 205//279
f 18//244 206//242 231//284
f 18//244 231//284 15//285
f 232//286 233//287 234//288
f 236//289 237//290 235//291
f 237//290 236//289 238//292
f 238//292 236//289 239//293
f 155//182 239//293 242//160
f 242//160 239//293 240//294
f 241//295 153//180 242//160
f 241//295 242//160 240//294
f 219//225 241//295 240//294
f 219//225 240//294 218//256
f 218//256 240//294 239//293
f 155//182 238//292 239//293
f 218//256 239//293 236//289
f 218//256 236//289 214//252
f 235//291 216//254 236//289
f 236//289 216//254 214//252
f 235//291 210//249 216//254
f 212//250 210//249 235//291
f 233//287 212//250 234//288
f 234//288 212//250 235//291
f 209//247 207//246 233//287
f 233//287 207//246 212//250
f 233//287 243//296 209//247
f 233//287 232//286 162//188
f 233//287 162//188 243//296
f 243//296 162//188 231//284
f 243//296 231//284 209//247
f 209//247 231//284 206//242
f 195//227 245//297 241//295
f 195//227 241//295 219//225
f 153//180 241//295 181//212
f 181//212 241//295 245//297
f 180//211 244//298 178//209
f 171//202 174//205 192//235
f 171//202 192//235 170//224
f 168//199 170//224 202//236
f 204//238 6//239 168//199
f 168//199 6//239 9//200
f 168//199 202//236 204//238
f 192//235 202//236 170//224
f 244//298 196//229 178//209
f 178//209 196//229 199//231
f 178//209 199//231 176//207
f 176//207 199//231 201//233
f 176//207 201//233 174//205
f 174//205 201//233 192//235
f 245//297 195//227 244//298
f 245//297 244//298 181//212
f 181//212 244//298 180//211
f 195//227 196//229 244//298
f 3//190 15//285 164//191
f 164//191 15//285 231//284
f 161//185 163//189 234//288
f 161//185 234//288 159//187
f 156//195 159//187 237//290
f 157//183 238//292 155//182
f 237//290 238//292 157//183
f 237//290 159//187 235//291
f 235//291 159//187 234//288
f 232//286 234//288 163//189
f 163//189 162//188 232//286
f 164//191 231//284 162//188
f 237//290 157//183 156//195
f 248//299 117//141 249//300
f 250//301 251//302 252//303
f 141//166 253//304 254//305
f 249//300 117//141 112//147
f 255//306 118//135 119//137
f 256//307 115//308 257//309
f 257//309 115//308 118//135
f 34//54 78//53 109//115
f 61//45 269//310 258//311
f 260//312 57//39 259//313
f 259//313 57//39 59//41
f 259//313 59//41 36//104
f 137//161 135//163 280//314
f 137//161 280//314 138//162
f 138//162 280//314 262//315
f 138//162 262//315 139//194
f 139//194 262//315 253//304
f 139//194 253//304 140//165
f 141//166 254//305 144//169
f 144//169 254//305 252//303
f 144//169 252//303 145//170
f 145//170 252//303 251//302
f 145//170 251//302 148//173
f 112//147 1//136 151//176
f 151//176 1//136 13//178
f 250//301 248//299 251//302
f 251//302 248//299 249//300
f 251//302 249//300 148//173
f 148//173 249//300 151//176
f 119//137 117//141 250//301
f 250//301 117//141 248//299
f 249//300 112//147 151//176
f 256//307 246//316 265//317
f 265//317 123//318 256//307
f 256//307 123//318 115//308
f 124//319 266//320 267//321
f 124//319 267//321 128//322
f 128//322 267//321 268//323
f 128//322 268//323 129//324
f 129//324 268//323 113//325
f 246//316 270//326 247//327
f 60//44 61//45 258//311
f 60//44 258//311 271//328
f 60//44 271//328 37//105
f 37//105 271//328 36//104
f 36//104 271//328 272//329
f 36//104 272//329 259//313
f 259//313 272//329 273//330
f 259//313 273//330 260//312
f 260//312 273//330 274//331
f 260//312 274//331 275//332
f 269//310 61//45 33//56
f 269//310 33//56 114//333
f 114//333 33//56 34//54
f 114//333 34//54 109//115
f 258//311 269//310 113//325
f 258//311 113//325 268//323
f 276//334 267//321 266//320
f 276//334 266//320 265//317
f 276//334 265//317 247//327
f 279//335 280//314 261//336
f 278//337 281//338 279//335
f 279//335 281//338 280//314
f 56//38 277//339 278//337
f 56//38 278//337 55//37
f 55//37 278//337 279//335
f 55//37 279//335 53//35
f 53//35 279//335 261//336
f 53//35 261//336 52//34
f 50//31 52//34 135//163
f 135//163 52//34 261//336
f 135//163 261//336 280//314
f 281//338 282//340 283//341
f 263//342 284//343 283//341
f 283//341 284//343 285//344
f 283//341 285//344 281//338
f 282//340 275//332 286//345
f 282//340 286//345 283//341
f 283//341 286//345 255//306
f 283//341 255//306 263//342
f 263//342 255//306 264//346
f 255//306 119//137 264//346
f 264//346 119//137 250//301
f 264//346 250//301 252//303
f 264//346 252//303 263//342
f 263//342 252//303 254//305
f 263//342 254//305 284//343
f 284//343 254//305 253//304
f 284//343 253//304 285//344
f 141//166 140//165 253//304
f 285//344 253//304 262//315
f 285//344 262//315 280//314
f 285//344 280//314 281//338
f 282//340 281//338 278//337
f 282//340 278//337 275//332
f 275//332 278//337 277//339
f 275//332 277//339 260//312
f 260//312 277//339 56//38
f 260//312 56//38 57//39
f 257//309 270//326 256//307
f 256//307 270//326 246//316
f 246//316 247//327 265//317
f 265//317 266//320 123//318
f 123//318 266//320 124//319
f 113//325 269//310 114//333
f 258//311 268//323 271//328
f 271//328 268//323 267//321
f 271//328 267//321 272//329
f 272//329 267//321 276//334
f 272//329 276//334 273//330
f 273//330 276//334 247//327
f 273//330 247//327 274//331
f 274//331 247//327 275//332
f 275//332 247//327 270//326
f 275//332 270//326 286//345
f 286//345 270//326 257//309
f 286//345 257//309 255//306
f 255//306 257//309 118//135
f 19//347 5//348 287//349
f 19//347 287//349 229//350
f 229//350 287//349 288//351
f 229//350 288//351 230//352
f 230//352 288//351 289//353
f 230//352 289//353 228//354
f 228//354 289//353 290//355
f 228//354 290//355 220//356
f 220//356 290//355 291//357
f 220//356 291//357 221//358
f 221//358 291//357 292//359
f 221//358 292//359 222//360
f 222//360 292//359 293//361
f 222//360 293//361 223//362
f 223//362 293//361 294//363
f 223//362 294//363 224//364
f 224//364 294//363 295//365
f 224//364 295//365 225//366
f 225//366 295//365 296//367
f 225//366 296//367 226//368
f 226//368 296//367 297//369
f 226//368 297//369 227//370
f 227//370 297//369 10//371
f 227//370 10//371 8//372
f 5//373 10//374 297//375
f 289//376 288//377 297//375
f 297//375 288//377 287//378
f 297//375 287//378 5//373
f 295//379 294//380 290//381
f 289//376 297//375 290//381
f 290//381 297//375 296//382
f 290//381 296//382 295//379
f 294//380 293//383 290//381
f 290//381 293//383 292//384
f 290//381 292//384 291//385
f 75//48 74//47 298//386
f 298//386 74//47 299//387
f 300//388 69//130 301//389
f 105//118 63//123 302//390
f 302//390 63//123 303//391
f 105//118 302//390 111//119
f 304//392 374//122 305//393
f 305//393 374//122 111//119
f 74//47 110//116 299//387
f 299//387 110//116 306//394
f 306//394 110//116 307//395
f 69//130 72//73 301//389
f 301//389 72//73 308//396
f 110//116 2//50 309//397
f 110//116 309//397 307//395
f 310//398 311//399 70//129
f 312//400 65//127 311//399
f 311//399 65//127 70//129
f 63//123 67//125 303//391
f 303//391 67//125 312//400
f 312//400 67//125 65//127
f 72//73 75//48 308//396
f 308//396 75//48 298//386
f 2//50 313//401 309//397
f 309//397 313//401 314//402
f 309//397 314//402 315//403
f 315//403 314//402 316//404
f 315//403 316//404 317//405
f 317//405 316//404 318//406
f 317//405 318//406 319//407
f 319//407 318//406 320//408
f 319//407 320//408 321//409
f 310//398 70//129 69//130
f 310//398 69//130 300//388
f 320//408 322//410 321//409
f 321//409 322//410 323//411
f 321//409 323//411 324//412
f 324//412 323//411 325//413
f 324//412 325//413 326//414
f 326//414 325//413 327//415
f 326//414 327//415 328//416
f 328//416 327//415 329//417
f 328//416 329//417 330//418
f 330//418 329//417 331//419
f 330//418 331//419 304//392
f 304//392 331//419 332//420
f 304//392 332//420 374//122
f 374//122 332//420 23//121
f 22//421 23//422 332//423
f 22//421 332//423 125//424
f 125//424 332//423 331//425
f 125//424 331//425 126//426
f 126//426 331//425 329//427
f 126//426 329//427 127//428
f 127//428 329//427 327//429
f 127//428 327//429 133//430
f 133//430 327//429 325//431
f 133//430 325//431 134//432
f 134//432 325//431 323//433
f 134//432 323//433 116//434
f 116//434 323//433 322//435
f 116//434 322//435 130//436
f 130//436 322//435 320//437
f 130//436 320//437 131//438
f 131//438 320//437 318//439
f 131//438 318//439 132//440
f 132//440 318//439 316//441
f 132//440 316//441 120//442
f 120//442 316//441 314//443
f 120//442 314//443 121//444
f 121//444 314//443 313//445
f 121//444 313//445 122//446
f 122//446 313//445 2//447
f 122//446 2//447 1//448
f 333//449 302//450 334//451
f 334//451 302//450 303//452
f 334//451 303//452 335//453
f 335//453 303//452 312//454
f 335//453 312//454 336//455
f 336//455 312//454 311//456
f 336//455 311//456 337//457
f 337//457 311//456 310//458
f 337//457 310//458 338//459
f 338//459 310//458 300//460
f 338//459 300//460 339//461
f 339//461 300//460 301//462
f 339//461 301//462 340//463
f 340//463 301//462 308//464
f 340//463 308//464 341//465
f 341//465 308//464 298//466
f 341//465 298//466 342//467
f 342//467 298//466 299//468
f 342//467 299//468 343//469
f 343//469 299//468 306//470
f 343//469 306//470 344//471
f 344//471 306//470 307//472
f 344//471 307//472 345//473
f 345//473 307//472 309//474
f 345//473 309//474 346//475
f 346//475 309//474 315//476
f 346//475 315//476 347//477
f 347//477 315//476 317//478
f 347//477 317//478 348//479
f 348//479 317//478 319//480
f 348//479 319//480 349//481
f 349//481 319//480 321//482
f 349//481 321//482 350//483
f 350//483 321//482 324//484
f 350//483 324//484 351//485
f 351//485 324//484 326//486
f 351//485 326//486 352//487
f 352//487 326//486 328//488
f 352//487 328//488 353//489
f 353//489 328//488 330//490
f 353//489 330//490 354//491
f 354//491 330//490 304//492
f 354//491 304//492 355//493
f 355//493 304//492 305//494
f 355//493 305//494 356//495
f 356//495 305//494 111//496
f 356//495 111//496 333//449
f 333//449 111//496 302//450
f 337//497 338//498 346//499
f 346//499 338//498 339//500
f 346//499 339//500 340//501
f 334//502 335//503 346//499
f 346//499 335//503 336//504
f 346//499 336//504 337//497
f 355//505 356//506 346//499
f 346//499 356//506 333//507
f 346//499 333//507 334//502
f 352//508 353//509 346//499
f 346//499 353//509 354//510
f 346//499 354//510 355//505
f 349//511 350//512 346//499
f 346//499 350//512 351//513
f 346//499 351//513 352//508
f 346//499 347//514 348//515
f 346//499 348//515 349//511
f 343//516 344//517 346//499
f 346//499 344//517 345//518
f 340//501 341//519 346//499
f 346//499 341//519 342//520
f 346//499 342//520 343//516
f 110//521 357//522 1//523
f 110//521 1//523 358//524
f 14//525 360//526 361//527
f 362//528 363//529 364//530
f 364//530 363//529 365//531
f 364//530 365//531 5//532
f 364//530 5//532 359//533
f 366//534 10//535 6//536
f 6//536 10//535 367//537
f 6//536 367//537 368//538
f 360//526 13//539 361//527
f 358//524 1//523 369//540
f 369//540 1//523 370//541
f 369//540 370//541 360//526
f 360//526 370//541 13//539
f 10//535 366//534 371//542
f 359//533 14//525 361//527
f 10//535 371//542 5//532
f 371//542 372//543 5//532
f 5//532 372//543 359//533
f 359//533 372//543 14//525
f 373//544 374//545 21//546
f 21//546 374//545 375//547
f 369//548 403//549 358//550
f 377//551 21//552 375//553
f 375//553 378//554 377//551
f 377//551 378//554 379//555
f 379//555 378//554 380//556
f 378//554 381//557 380//556
f 380//556 381//557 382//558
f 381//557 383//559 382//558
f 382//558 383//559 384//560
f 383//559 385//561 384//560
f 384//560 385//561 386//562
f 385//561 387//563 386//562
f 386//562 387//563 388//564
f 387//563 389//565 388//564
f 388//564 389//565 390//566
f 389//565 391//567 390//566
f 390//566 391//567 392//568
f 391//567 393//569 392//568
f 392//568 393//569 376//570
f 394//571 376//570 393//569
f 378//572 375//573 374//574
f 389//575 395//576 391//577
f 396//578 394//579 397//580
f 397//580 398//581 396//578
f 396//578 398//581 399//582
f 396//578 399//582 400//583
f 400//583 399//582 401//584
f 401//584 399//582 402//585
f 401//584 402//585 403//549
f 374//574 404//586 378//572
f 378//572 404//586 381//587
f 381//587 404//586 405//588
f 381//587 405//588 383//589
f 405//588 406//590 383//589
f 383//589 406//590 385//591
f 385//591 406//590 407//592
f 385//591 407//592 387//593
f 387//593 407//592 408//594
f 387//593 408//594 389//575
f 389//575 408//594 395//576
f 391//577 395//576 393//595
f 393//595 395//576 409//596
f 393//595 409//596 394//579
f 394//579 409//596 397//580
f 402//585 410//597 403//549
f 403//549 410//597 411//598
f 403//549 411//598 358//550
f 358//550 411//598 110//599
f 1//600 357//601 412//602
f 413//603 1//600 412//602
f 376//604 414//605 415//606
f 413//603 412//602 416//607
f 376//604 417//608 414//605
f 414//605 417//608 418//609
f 418//609 417//608 419//610
f 418//609 419//610 420//611
f 420//611 419//610 421//612
f 420//611 421//612 416//607
f 416//607 421//612 413//603
f 376//604 415//606 392//613
f 392//613 415//606 422//614
f 392//613 422//614 390//615
f 373//616 21//617 423//618
f 423//618 21//617 377//619
f 423//618 377//619 379//620
f 423//618 379//620 424//621
f 424//621 379//620 380//622
f 424//621 380//622 425//623
f 425//623 380//622 382//624
f 425//623 382//624 384//625
f 425//623 384//625 426//626
f 426//626 384//625 386//627
f 426//626 386//627 427//628
f 427//628 386//627 388//629
f 427//628 388//629 428//630
f 428//630 388//629 390//615
f 428//630 390//615 422//614
f 413//603 370//631 1//600
f 374//632 373//633 404//634
f 404//634 373//633 423//635
f 404//634 423//635 405//636
f 405//636 423//635 424//637
f 405//636 424//637 406//638
f 406//638 424//637 425//639
f 406//638 425//639 407//640
f 407//640 425//639 426//641
f 407//640 426//641 408//642
f 408//642 426//641 427//643
f 408//642 427//643 395//644
f 395//644 427//643 428//645
f 433//646 432//647 434//648
f 440//649 439//650 435//651
f 435//651 439//650 441//652
f 435//651 441//652 436//653
f 439//650 440//649 442//654
f 444//655 443//656 445//657
f 445//657 443//656 442//654
f 445//657 442//654 447//658
f 429//659 446//660 430//661
f 430//661 446//660 447//658
f 440//649 617//662 430//661
f 430//661 617//662 448//663
f 430//661 448//663 429//659
f 449//664 450//665 440//649
f 440//649 450//665 617//662
f 440//649 435//651 449//664
f 449//664 435//651 436//653
f 449//664 436//653 437//666
f 449//664 437//666 451//667
f 451//667 437//666 438//668
f 451//667 438//668 452//669
f 452//669 438//668 434//648
f 452//669 434//648 453//670
f 453//670 434//648 432//647
f 453//670 432//647 454//671
f 454//671 432//647 431//672
f 431//672 432//647 361//673
f 431//672 361//673 13//674
f 430//661 447//658 442//654
f 430//661 442//654 440//649
f 447//658 457//675 445//657
f 444//655 445//657 458//676
f 458//676 445//657 459//677
f 459//677 445//657 460//678
f 459//677 460//678 461//679
f 461//679 460//678 462//680
f 461//679 462//680 463//681
f 456//682 14//683 372//684
f 455//685 456//682 467//686
f 455//685 467//686 468//687
f 467//686 466//688 468//687
f 468//687 466//688 465//689
f 468//687 465//689 469//690
f 469//690 465//689 464//691
f 469//690 464//691 470//692
f 470//692 464//691 462//680
f 470//692 462//680 471//693
f 471//693 462//680 460//678
f 471//693 460//678 472//694
f 472//694 460//678 457//675
f 472//694 457//675 473//695
f 447//658 446//660 457//675
f 457//675 446//660 473//695
f 445//657 457//675 460//678
f 463//681 462//680 464//691
f 14//683 456//682 455//685
f 474//696 475//697 476//698
f 474//696 476//698 477//699
f 494//700 490//701 478//702
f 478//702 490//701 479//703
f 368//704 367//705 481//706
f 481//706 367//705 480//707
f 475//697 474//696 481//706
f 475//697 481//706 480//707
f 477//699 476//698 482//708
f 477//699 482//708 483//709
f 484//710 485//711 486//712
f 486//712 485//711 487//713
f 488//714 489//715 490//701
f 490//701 489//715 479//703
f 365//716 363//717 491//718
f 365//716 491//718 492//719
f 485//711 484//710 482//708
f 482//708 484//710 483//709
f 486//712 487//713 493//720
f 486//712 493//720 496//721
f 492//719 491//718 494//700
f 492//719 494//700 478//702
f 489//715 488//714 495//722
f 488//714 496//721 495//722
f 495//722 496//721 493//720
f 497//723 498//724 486//725
f 486//725 498//724 484//726
f 484//726 498//724 499//727
f 484//726 499//727 483//728
f 483//728 499//727 500//729
f 483//728 500//729 501//730
f 483//728 501//730 477//731
f 477//731 501//730 502//732
f 477//731 502//732 474//733
f 474//733 502//732 503//734
f 474//733 503//734 481//735
f 481//735 503//734 504//736
f 6//737 368//738 504//736
f 504//736 368//738 481//735
f 497//723 486//725 505//739
f 505//739 486//725 496//740
f 488//741 506//742 496//740
f 496//740 506//742 507//743
f 496//740 507//743 505//739
f 490//744 508//745 488//741
f 488//741 508//745 506//742
f 490//744 509//746 510//747
f 490//744 510//747 508//745
f 494//748 511//749 490//744
f 490//744 511//749 509//746
f 491//750 511//749 494//748
f 491//750 363//751 512//752
f 512//752 363//751 362//753
f 491//750 512//752 511//749
f 371//754 515//755 516//756
f 516//756 515//755 517//757
f 516//756 517//757 518//758
f 518//758 517//757 519//759
f 518//758 519//759 579//760
f 579//760 519//759 520//761
f 579//760 520//761 521//762
f 520//761 513//763 521//762
f 514//764 522//765 513//763
f 524//766 523//767 525//768
f 524//766 525//768 526//769
f 526//769 525//768 522//765
f 526//769 522//765 514//764
f 523//767 524//766 527//770
f 528//771 527//770 524//766
f 529//772 528//771 530//773
f 531//774 529//772 532//775
f 532//775 529//772 530//773
f 532//775 530//773 533//776
f 533//776 530//773 543//777
f 533//776 543//777 534//778
f 534//778 543//777 544//779
f 534//778 544//779 535//780
f 535//780 544//779 536//781
f 536//781 544//779 545//782
f 536//781 545//782 537//783
f 537//783 545//782 538//784
f 538//784 545//782 520//761
f 538//784 520//761 539//785
f 539//785 520//761 519//759
f 539//785 519//759 540//786
f 540//786 519//759 541//787
f 541//787 519//759 517//757
f 541//787 517//757 542//788
f 366//789 542//788 371//754
f 530//773 528//771 524//766
f 530//773 524//766 543//777
f 543//777 524//766 526//769
f 543//777 526//769 544//779
f 544//779 526//769 514//764
f 544//779 514//764 545//782
f 545//782 514//764 513//763
f 545//782 513//763 520//761
f 542//788 517//757 515//755
f 542//788 515//755 371//754
f 548//790 549//791 550//792
f 550//792 549//791 547//793
f 550//792 547//793 551//794
f 551//794 547//793 552//795
f 552//795 547//793 364//796
f 558//797 559//798 560//799
f 531//774 560//799 529//772
f 529//772 560//799 559//798
f 528//771 546//800 561//801
f 528//771 561//801 527//770
f 561//801 562//802 563//803
f 563//803 562//802 564//804
f 567//805 568//806 569//807
f 569//807 568//806 570//808
f 364//796 359//809 552//795
f 571//810 568//806 567//805
f 571//810 567//805 566//811
f 571//810 566//811 565//812
f 572//813 565//812 564//804
f 572//813 564//804 562//802
f 572//813 562//802 546//800
f 546//800 562//802 561//801
f 549//791 548//790 553//814
f 553//814 548//790 570//808
f 553//814 570//808 554//815
f 554//815 570//808 568//806
f 554//815 568//806 555//816
f 555//816 568//806 571//810
f 555//816 571//810 556//817
f 556//817 571//810 565//812
f 556//817 565//812 557//818
f 557//818 565//812 572//813
f 557//818 572//813 558//797
f 558//797 572//813 546//800
f 558//797 546//800 559//798
f 559//798 546//800 528//771
f 559//798 528//771 529//772
f 359//809 361//673 552//795
f 552//795 433//646 551//794
f 550//792 574//819 548//790
f 574//819 575//820 548//790
f 548//790 575//820 570//808
f 570//808 575//820 569//807
f 567//805 441//652 566//811
f 565//812 573//821 564//804
f 564//804 573//821 576//822
f 564//804 576//822 563//803
f 443//656 444//655 561//801
f 573//821 439//650 576//822
f 576//822 439//650 442//654
f 576//822 442//654 443//656
f 565//812 566//811 573//821
f 573//821 566//811 441//652
f 441//652 567//805 436//653
f 436//653 567//805 569//807
f 436//653 569//807 437//666
f 437//666 569//807 575//820
f 437//666 575//820 438//668
f 438//668 575//820 434//648
f 434//648 575//820 574//819
f 434//648 574//819 433//646
f 550//792 551//794 574//819
f 574//819 551//794 433//646
f 433//646 552//795 432//647
f 432//647 552//795 361//673
f 441//652 439//650 573//821
f 576//822 443//656 563//803
f 563//803 443//656 561//801
f 531//774 497//723 505//739
f 531//774 505//739 560//799
f 560//799 505//739 507//743
f 560//799 507//743 558//797
f 558//797 507//743 506//742
f 558//797 506//742 557//818
f 557//818 506//742 508//745
f 557//818 508//745 556//817
f 556//817 508//745 510//747
f 556//817 510//747 555//816
f 555//816 510//747 554//815
f 510//747 509//746 554//815
f 554//815 509//746 553//814
f 553//814 509//746 511//749
f 553//814 511//749 549//791
f 549//791 511//749 512//752
f 549//791 512//752 547//793
f 512//752 362//753 547//793
f 547//793 362//753 364//796
f 504//736 542//788 366//789
f 366//789 6//737 504//736
f 542//788 504//736 541//787
f 541//787 504//736 503//734
f 541//787 503//734 540//786
f 540//786 503//734 539//785
f 539//785 503//734 502//732
f 539//785 502//732 538//784
f 538//784 502//732 501//730
f 538//784 501//730 537//783
f 537//783 501//730 536//781
f 536//781 501//730 500//729
f 536//781 500//729 535//780
f 535//780 500//729 499//727
f 535//780 499//727 534//778
f 534//778 499//727 533//776
f 533//776 499//727 498//724
f 533//776 498//724 532//775
f 497//723 532//775 498//724
f 497//723 531//774 532//775
f 467//686 456//682 577//823
f 577//823 578//824 467//686
f 467//686 578//824 466//688
f 466//688 578//824 579//760
f 466//688 579//760 465//689
f 465//689 579//760 521//762
f 465//689 521//762 464//691
f 464//691 521//762 513//763
f 464//691 513//763 463//681
f 459//677 525//768 458//676
f 527//770 444//655 458//676
f 458//676 523//767 527//770
f 458//676 525//768 523//767
f 461//679 522//765 459//677
f 459//677 522//765 525//768
f 513//763 522//765 463//681
f 463//681 522//765 461//679
f 578//824 518//758 579//760
f 371//754 516//756 372//684
f 518//758 578//824 516//756
f 516//756 578//824 577//823
f 577//823 456//682 516//756
f 516//756 456//682 372//684
f 444//655 527//770 561//801
f 580//825 581//826 582//827
f 584//828 400//829 585//830
f 586//831 403//549 587//832
f 360//833 14//683 455//685
f 360//833 455//685 590//834
f 360//833 590//834 369//548
f 473//695 596//835 472//694
f 589//836 591//837 581//826
f 593//838 598//839 594//840
f 594//840 598//839 581//826
f 594//840 581//826 599//841
f 596//835 600//842 472//694
f 472//694 600//842 471//693
f 592//843 593//838 595//844
f 595//844 593//838 594//840
f 595//844 594//840 601//845
f 601//845 594//840 599//841
f 601//845 599//841 602//846
f 602//846 599//841 603//847
f 604//848 586//831 590//834
f 605//849 606//850 597//851
f 597//851 606//850 468//687
f 597//851 468//687 469//690
f 603//847 605//849 607//852
f 607//852 605//849 597//851
f 607//852 597//851 469//690
f 469//690 470//692 607//852
f 607//852 470//692 471//693
f 607//852 471//693 600//842
f 607//852 600//842 603//847
f 603//847 600//842 602//846
f 602//846 600//842 596//835
f 602//846 596//835 601//845
f 601//845 596//835 473//695
f 601//845 473//695 595//844
f 595//844 473//695 446//660
f 591//837 394//571 582//827
f 394//571 396//853 582//827
f 582//827 396//853 583//854
f 583//854 396//853 400//829
f 583//854 400//829 584//828
f 604//848 605//849 608//855
f 608//855 605//849 609//856
f 609//856 599//841 580//825
f 580//825 583//854 609//856
f 609//856 583//854 608//855
f 608//855 585//830 604//848
f 604//848 585//830 586//831
f 586//831 587//832 590//834
f 590//834 587//832 369//548
f 583//854 584//828 608//855
f 608//855 584//828 585//830
f 587//832 403//549 369//548
f 581//826 591//837 582//827
f 580//825 582//827 583//854
f 400//829 401//584 585//830
f 585//830 401//584 586//831
f 586//831 401//584 403//549
f 455//685 468//687 606//850
f 455//685 606//850 590//834
f 590//834 606//850 604//848
f 604//848 606//850 605//849
f 605//849 603//847 609//856
f 609//856 603//847 599//841
f 580//825 599//841 581//826
f 581//826 598//839 589//836
f 589//836 598//839 593//838
f 589//836 593//838 588//857
f 413//603 421//612 614//858
f 449//664 451//667 615//859
f 431//672 13//674 370//631
f 454//671 431//672 616//860
f 588//857 593//838 618//861
f 618//861 593//838 619//862
f 619//862 593//838 592//843
f 592//843 595//844 429//659
f 429//659 595//844 446//660
f 620//863 591//837 588//857
f 588//857 591//837 589//836
f 394//571 591//837 376//570
f 376//570 591//837 620//863
f 376//570 620//863 621//864
f 621//864 417//865 376//570
f 431//672 370//631 616//860
f 621//864 612//866 417//865
f 612//866 610//867 419//868
f 612//866 419//868 417//865
f 450//665 449//664 615//859
f 450//665 615//859 622//869
f 450//665 622//869 623//870
f 623//870 622//869 611//871
f 623//870 611//871 624//872
f 624//872 611//871 610//867
f 624//872 610//867 612//866
f 624//872 612//866 620//863
f 620//863 612//866 621//864
f 451//667 452//669 615//859
f 615//859 452//669 625//873
f 615//859 625//873 622//869
f 622//869 625//873 626//874
f 622//869 626//874 611//871
f 611//871 626//874 610//867
f 610//867 626//874 419//868
f 452//669 627//875 625//873
f 625//873 627//875 628//876
f 625//873 628//876 626//874
f 626//874 628//876 629//877
f 626//874 629//877 419//868
f 419//868 629//877 421//612
f 627//875 616//860 628//876
f 628//876 616//860 614//858
f 628//876 614//858 629//877
f 629//877 614//858 421//612
f 616//860 370//631 613//878
f 613//878 370//631 413//603
f 413//603 614//858 613//878
f 613//878 614//858 616//860
f 454//671 616//860 627//875
f 454//671 627//875 453//670
f 453//670 627//875 452//669
f 429//659 448//663 592//843
f 448//663 617//662 592//843
f 592//843 617//662 630//879
f 592//843 630//879 619//862
f 619//862 630//879 618//861
f 588//857 618//861 620//863
f 617//662 450//665 630//879
f 630//879 450//665 623//870
f 630//879 623//870 618//861
f 618//861 623//870 624//872
f 618//861 624//872 620//863
f 395//644 428//645 409//880
f 409//880 428//645 422//881
f 415//882 397//883 422//881
f 422//881 397//883 409//880
f 418//884 398//885 414//886
f 414//886 398//885 415//882
f 415//882 398//885 397//883
f 418//884 399//887 398//885
f 416//888 402//889 420//890
f 420//890 402//889 418//884
f 418//884 402//889 399//887
f 411//891 410//892 416//888
f 416//888 410//892 402//889
f 416//888 412//893 411//891
f 411//891 412//893 357//894
f 411//891 357//894 110//895
f 367//896 10//897 480//898
f 480//898 10//897 631//899
f 480//898 631//899 475//900
f 475//900 631//899 632//901
f 475//900 632//901 476//902
f 476//902 632//901 633//903
f 476//902 633//903 482//904
f 482//904 633//903 634//905
f 482//904 634//905 485//906
f 485//906 634//905 635//907
f 485//906 635//907 487//908
f 487//908 635//907 636//909
f 487//908 636//909 493//910
f 493//910 636//909 637//911
f 493//910 637//911 495//912
f 495//912 637//911 638//913
f 495//912 638//913 489//914
f 489//914 638//913 639//915
f 489//914 639//915 479//916
f 479//916 639//915 640//917
f 479//916 640//917 478//918
f 478//918 640//917 641//919
f 478//918 641//919 492//920
f 492//920 641//919 642//921
f 492//920 642//921 365//922
f 365//922 642//921 5//923
f 10//924 5//925 642//926
f 10//924 642//926 631//927
f 631//927 642//926 641//928
f 631//927 641//928 632//929
f 634//930 639//931 638//932
f 641//928 640//933 632//929
f 632//929 640//933 639//931
f 632//929 639//931 633//934
f 633//934 639//931 634//930
f 638//932 637//935 634//930
f 634//930 637//935 636//936
f 634//930 636//936 635//937
f 646//938 657//939 647//940
f 648//941 645//942 649//943
f 648//941 650//944 645//942
f 645//942 650//944 651//945
f 646//938 647//940 652//946
f 646//938 652//946 643//947
f 646//938 643//947 645//942
f 654//948 653//949 655//950
f 651//945 656//951 645//942
f 645//942 656//951 646//938
f 648//941 649//943 654//948
f 648//941 654//948 655//950
f 658//952 659//953 660//954
f 657//939 646//938 659//953
f 657//939 659//953 661//955
f 661//955 659//953 658//952
f 653//949 654//948 662//956
f 662//956 654//948 663//957
f 662//956 663//957 664//958
f 658//952 660//954 666//959
f 658//952 666//959 665//960
f 670//961 669//962 671//963
f 669//962 672//964 671//963
f 671//963 672//964 673//965
f 669//962 670//961 674//966
f 674//966 670//961 644//967
f 674//966 644//967 675//968
f 675//968 644//967 676//969
f 675//968 676//969 668//970
f 668//970 676//969 677//971
f 668//970 677//971 678//972
f 679//973 680//974 671//963
f 679//973 671//963 673//965
f 681//975 667//976 668//970
f 681//975 668//970 682//977
f 682//977 668//970 683//978
f 687//979 686//980 684//981
f 687//979 684//981 685//982
f 688//983 689//984 690//985
f 690//985 689//984 691//986
f 690//985 691//986 692//987
f 690//985 692//987 693//988
f 693//988 692//987 694//989
f 686//980 687//979 695//990
f 686//980 695//990 696//991
f 696//991 695//990 697//992
f 696//991 697//992 698//993
f 696//991 698//993 699//994
f 699//994 698//993 700//995
f 700//995 698//993 701//996
f 700//995 701//996 702//997
f 702//997 701//996 703//998
f 702//997 703//998 704//999
f 704//999 703//998 705//1000
f 704//999 705//1000 706//1001
f 706//1001 705//1000 707//1002
f 707//1002 705//1000 671//963
f 707//1002 671//963 680//974
f 687//979 708//1003 695//990
f 695//990 708//1003 709//1004
f 695//990 709//1004 710//1005
f 710//1005 709//1004 711//1006
f 710//1005 711//1006 694//989
f 694//989 711//1006 693//988
f 683//978 668//970 678//972
f 683//978 678//972 712//1007
f 712//1007 678//972 713//1008
f 713//1008 678//972 714//1009
f 713//1008 714//1009 715//1010
f 716//1011 731//1012 717//1013
f 717//1013 731//1012 718//1014
f 717//1013 718//1014 719//1015
f 719//1015 718//1014 692//987
f 719//1015 692//987 691//986
f 714//1009 720//1016 715//1010
f 715//1010 720//1016 721//1017
f 721//1017 720//1016 722//1018
f 721//1017 722//1018 723//1019
f 723//1019 722//1018 724//1020
f 724//1020 722//1018 725//1021
f 724//1020 725//1021 726//1022
f 726//1022 725//1021 727//1023
f 727//1023 725//1021 728//1024
f 727//1023 728//1024 729//1025
f 727//1023 729//1025 730//1026
f 730//1026 729//1025 731//1012
f 730//1026 731//1012 716//1011
f 744//1027 732//1028 733//1029
f 734//1030 735//1031 744//1027
f 744//1027 735//1031 732//1028
f 659//1032 646//1033 731//1034
f 731//1034 729//1035 659//1032
f 659//1032 729//1035 660//1036
f 660//1036 729//1035 728//1037
f 660//1036 728//1037 725//1038
f 660//1036 725//1038 666//1039
f 666//1039 725//1038 722//1040
f 666//1039 722//1040 665//1041
f 665//1041 722//1040 720//1042
f 665//1041 720//1042 658//1043
f 658//1043 720//1042 714//1044
f 658//1043 714//1044 661//1045
f 661//1045 714//1044 678//1046
f 661//1045 678//1046 657//1047
f 657//1047 678//1046 647//1048
f 647//1048 678//1046 677//1049
f 676//1050 644//1051 643//1052
f 643//1052 652//1053 676//1050
f 676//1050 652//1053 677//1049
f 677//1049 652//1053 647//1048
f 738//1054 737//1055 736//1056
f 787//1057 739//1058 740//1059
f 741//1060 738//1054 742//1061
f 789//1062 791//1063 743//1064
f 736//1056 744//1065 738//1054
f 738//1054 744//1065 793//1066
f 793//1066 744//1065 791//1063
f 791//1063 744//1065 733//1067
f 791//1063 733//1067 743//1064
f 738//1054 745//1068 746//1069
f 738//1054 746//1069 737//1055
f 736//1056 737//1055 747//1070
f 738//1054 741//1060 745//1068
f 787//1057 740//1059 748//1071
f 787//1057 748//1071 749//1072
f 787//1057 749//1072 786//1073
f 739//1058 787//1057 750//1074
f 739//1058 752//1075 751//1076
f 751//1076 752//1075 741//1060
f 751//1076 741//1060 742//1061
f 750//1074 752//1075 739//1058
f 753//1077 754//1078 747//1070
f 747//1070 754//1078 755//1079
f 747//1070 755//1079 736//1056
f 753//1077 756//1080 754//1078
f 757//1081 758//1082 759//1083
f 759//1083 758//1082 760//1084
f 761//1085 760//1084 762//1086
f 759//1083 760//1084 761//1085
f 732//1087 735//1031 763//1088
f 764//1089 733//1090 732//1087
f 763//1088 764//1089 732//1087
f 771//1091 773//1092 772//1093
f 776//1094 781//1095 777//1096
f 785//1097 769//1098 846//1099
f 742//1061 738//1054 788//1100
f 793//1101 791//1102 790//1103
f 790//1103 791//1102 789//1104
f 788//1100 738//1054 792//1105
f 792//1106 738//1107 793//1101
f 757//1081 759//1083 794//1108
f 794//1108 759//1083 780//1109
f 794//1108 795//1110 796//1111
f 794//1108 796//1111 757//1081
f 797//1112 796//1111 795//1110
f 797//1112 795//1110 798//1113
f 795//1110 799//1114 798//1113
f 800//1115 802//1116 801//1117
f 801//1117 802//1116 799//1114
f 802//1116 798//1113 799//1114
f 805//1118 803//1119 804//1120
f 801//1117 806//1121 800//1115
f 808//1122 806//1122 809//1122
f 808//1123 809//1124 810//1125
f 812//1126 811//1126 813//1126
f 813//1127 805//1118 804//1120
f 813//1127 804//1120 812//1128
f 812//1129 814//1130 811//1131
f 811//1131 814//1130 815//1132
f 811//1131 815//1132 816//1133
f 811//1131 816//1133 809//1124
f 809//1124 816//1133 817//1134
f 809//1124 817//1134 810//1125
f 808//1135 818//1136 806//1137
f 806//1121 818//1138 807//1139
f 806//1121 807//1139 800//1115
f 820//1140 821//1141 819//1142
f 819//1142 821//1141 805//1118
f 821//1141 803//1119 805//1118
f 819//1142 784//1143 820//1140
f 819//1142 783//1144 784//1143
f 762//1145 760//1084 750//1074
f 750//1074 760//1084 752//1075
f 822//1146 823//1147 683//1148
f 712//1149 822//1146 683//1148
f 691//1150 825//1151 719//1152
f 719//1152 825//1151 824//1153
f 826//1154 827//1155 690//1156
f 693//1157 826//1154 690//1156
f 687//1158 829//1159 708//1160
f 708//1160 829//1159 828//1161
f 696//1162 830//1163 686//1164
f 696//1162 831//1165 830//1163
f 680//1166 832//1167 707//1168
f 707//1168 832//1167 841//1169
f 669//1170 833//1171 672//1172
f 669//1170 834//1173 833//1171
f 835//1174 769//1175 770//1176
f 770//1176 832//1177 835//1174
f 770//1176 841//1178 832//1177
f 771//1091 830//1179 831//1180
f 771//1091 772//1093 830//1179
f 837//1181 765//1182 839//1183
f 771//1091 831//1180 774//1184
f 831//1180 838//1185 774//1184
f 774//1184 838//1185 766//1186
f 766//1186 838//1185 836//1187
f 766//1186 836//1187 765//1182
f 765//1182 836//1187 839//1183
f 767//1188 768//1189 837//1181
f 837//1181 768//1189 765//1182
f 837//1181 840//1190 767//1188
f 767//1188 840//1190 841//1178
f 767//1188 841//1178 770//1176
f 775//1191 842//1192 773//1092
f 775//1191 829//1193 842//1192
f 828//1194 829//1193 775//1191
f 776//1094 777//1096 827//1195
f 776//1094 827//1195 826//1196
f 776//1094 826//1196 779//1197
f 779//1197 826//1196 843//1198
f 779//1197 843//1198 778//1199
f 778//1199 843//1198 844//1200
f 778//1199 844//1200 775//1191
f 775//1191 844//1200 828//1194
f 784//1201 783//1202 763//1203
f 764//1204 763//1203 845//1205
f 785//1097 846//1099 833//1206
f 785//1097 833//1206 834//1207
f 834//1207 845//1205 785//1097
f 785//1097 845//1205 783//1202
f 783//1202 845//1205 763//1203
f 847//1208 740//1209 739//1210
f 742//1061 788//1100 823//1211
f 742//1061 823//1211 822//1212
f 742//1061 822//1212 848//1213
f 742//1061 848//1213 751//1214
f 847//1208 739//1210 849//1215
f 848//1213 849//1215 751//1214
f 751//1214 849//1215 739//1210
f 740//1209 847//1208 748//1216
f 748//1216 847//1208 850//1217
f 748//1216 850//1217 749//1218
f 749//1218 850//1217 851//1219
f 852//1220 786//1221 851//1219
f 851//1219 786//1221 749//1218
f 787//1222 786//1221 852//1220
f 852//1220 853//1223 787//1222
f 787//1222 853//1223 854//1224
f 787//1222 854//1224 750//1074
f 750//1074 854//1224 762//1145
f 855//1225 781//1095 782//1226
f 761//1227 780//1109 759//1083
f 761//1227 856//1228 780//1109
f 780//1109 856//1228 782//1226
f 856//1228 824//1229 782//1226
f 782//1226 824//1229 825//1230
f 782//1226 825//1230 855//1225
f 736//1056 857//1231 858//1232
f 736//1056 858//1232 744//1027
f 744//1027 858//1232 734//1030
f 857//1231 736//1056 755//1079
f 859//1233 860//1234 737//1235
f 753//1077 747//1070 861//1236
f 861//1236 747//1070 737//1235
f 861//1236 737//1235 860//1234
f 753//1077 861//1236 862//1237
f 756//1238 753//1077 862//1237
f 862//1237 863//1239 756//1238
f 756//1238 863//1239 864//1240
f 756//1238 864//1240 754//1078
f 857//1231 755//1079 754//1078
f 857//1231 754//1078 864//1240
f 859//1233 737//1235 746//1241
f 859//1233 746//1241 865//1242
f 865//1242 746//1241 745//1068
f 865//1242 745//1068 866//1243
f 741//1060 866//1243 745//1068
f 866//1243 741//1060 867//1244
f 741//1060 758//1082 867//1244
f 760//1084 758//1082 752//1075
f 752//1075 758//1082 741//1060
f 857//1231 803//1119 858//1232
f 821//1141 858//1232 803//1119
f 820//1140 734//1030 858//1232
f 820//1140 858//1232 821//1141
f 866//1243 797//1112 798//1113
f 802//1116 865//1242 798//1113
f 798//1113 865//1242 866//1243
f 800//1115 859//1233 865//1242
f 800//1115 865//1242 802//1116
f 758//1082 757//1081 867//1244
f 867//1244 757//1081 796//1111
f 797//1112 866//1243 867//1244
f 867//1244 796//1111 797//1112
f 682//1245 788//1246 681//1247
f 683//1148 823//1147 682//1245
f 682//1245 823//1147 788//1246
f 789//1104 668//1248 790//1103
f 790//1103 668//1248 667//1249
f 681//1247 792//1106 667//1249
f 667//1249 792//1106 793//1101
f 667//1249 793//1101 790//1103
f 681//1247 788//1246 792//1106
f 825//1151 691//1150 855//1250
f 855//1250 691//1150 689//1251
f 689//1251 781//1252 855//1250
f 777//1253 781//1252 688//1254
f 688//1254 781//1252 689//1251
f 688//1255 690//1156 827//1155
f 827//1155 777//1256 688//1255
f 832//1167 680//1166 835//1257
f 835//1257 680//1166 679//1258
f 835//1257 679//1258 769//1259
f 846//1260 769//1259 673//1261
f 673//1261 769//1259 679//1258
f 673//1262 672//1172 833//1171
f 833//1171 846//1263 673//1262
f 829//1159 687//1158 842//1264
f 842//1264 687//1158 685//1265
f 685//1265 773//1266 842//1264
f 772//1267 773//1266 684//1268
f 684//1268 773//1266 685//1265
f 684//1269 686//1164 830//1163
f 830//1163 772//1270 684//1269
f 734//1030 820//1140 735//1031
f 735//1031 820//1140 784//1143
f 735//1031 784//1143 763//1088
f 807//1139 860//1234 800//1115
f 800//1115 860//1234 859//1233
f 815//1271 864//1240 863//1239
f 815//1271 863//1239 816//1133
f 816//1133 863//1239 817//1134
f 817//1134 863//1239 862//1237
f 817//1134 862//1237 810//1272
f 810//1272 862//1237 808//1135
f 808//1135 862//1237 861//1236
f 808//1135 861//1236 818//1136
f 818//1136 861//1236 860//1234
f 818//1136 860//1234 807//1139
f 803//1119 857//1231 804//1120
f 804//1120 857//1231 812//1129
f 812//1129 857//1231 814//1130
f 814//1130 857//1231 864//1240
f 814//1130 864//1240 815//1271
f 782//1226 781//1095 794//1108
f 794//1108 781//1095 776//1094
f 794//1108 776//1094 779//1273
f 794//1108 779//1273 795//1110
f 795//1110 779//1273 778//1274
f 795//1110 778//1274 775//1191
f 806//1275 775//1191 809//1276
f 780//1109 782//1226 794//1108
f 775//1191 773//1092 809//1276
f 809//1276 773//1092 771//1091
f 809//1276 771//1091 774//1277
f 809//1276 774//1277 766//1278
f 809//1276 766//1278 811//1279
f 811//1279 766//1278 765//1280
f 811//1279 765//1280 768//1281
f 811//1279 768//1281 813//1282
f 813//1282 768//1281 767//1283
f 775//1191 799//1114 795//1110
f 775//1191 806//1275 801//1284
f 767//1283 770//1285 813//1282
f 813//1282 770//1285 769//1098
f 813//1282 769//1098 805//1118
f 805//1118 769//1098 785//1097
f 775//1191 801//1284 799//1114
f 783//1144 819//1142 785//1097
f 785//1097 819//1142 805//1118
f 708//1160 828//1161 709//1286
f 844//1287 709//1286 828//1161
f 843//1288 711//1289 844//1287
f 844//1287 711//1289 709//1286
f 826//1154 693//1157 843//1288
f 843//1288 693//1157 711//1289
f 707//1168 841//1169 706//1290
f 706//1290 841//1169 840//1291
f 706//1290 840//1291 704//1292
f 840//1291 837//1293 704//1292
f 837//1293 839//1294 704//1292
f 704//1292 839//1294 702//1295
f 702//1295 839//1294 836//1296
f 702//1295 836//1296 700//1297
f 700//1297 836//1296 838//1298
f 700//1297 838//1298 699//1299
f 831//1165 696//1162 699//1299
f 831//1165 699//1299 838//1298
f 764//1089 674//1300 675//1301
f 764//1089 675//1301 733//1090
f 668//1302 789//1303 675//1301
f 834//1173 669//1170 674//1300
f 834//1173 674//1300 845//1304
f 674//1300 764//1089 845//1304
f 789//1303 743//1305 675//1301
f 675//1301 743//1305 733//1090
f 718//1306 731//1034 646//1033
f 646//1033 656//1307 718//1306
f 718//1306 656//1307 692//1308
f 692//1308 656//1307 651//1309
f 692//1308 651//1309 694//1310
f 694//1310 651//1309 650//1311
f 694//1310 650//1311 648//1312
f 694//1310 648//1312 710//1313
f 710//1313 648//1312 655//1314
f 710//1313 655//1314 695//1315
f 695//1315 655//1314 653//1316
f 695//1315 653//1316 697//1317
f 697//1317 653//1316 662//1318
f 697//1317 662//1318 698//1319
f 698//1319 662//1318 664//1320
f 698//1319 664//1320 701//1321
f 701//1321 664//1320 663//1322
f 701//1321 663//1322 703//1323
f 703//1323 663//1322 654//1324
f 703//1323 654//1324 705//1325
f 705//1325 654//1324 649//1326
f 705//1325 649//1326 671//1327
f 671//1327 649//1326 645//1328
f 671//1327 645//1328 670//1329
f 670//1329 645//1328 643//1052
f 670//1329 643//1052 644//1051
f 762//1330 854//1331 730//1332
f 716//1333 761//1334 730//1332
f 730//1332 761//1334 762//1330
f 824//1153 856//1335 717//1336
f 717//1336 856//1335 716//1333
f 716//1333 856//1335 761//1334
f 824//1153 717//1336 719//1152
f 853//1337 727//1338 854//1331
f 854//1331 727//1338 730//1332
f 853//1337 852//1339 727//1338
f 727//1338 852//1339 726//1340
f 726//1340 852//1339 724//1341
f 724//1341 852//1339 851//1342
f 850//1343 723//1344 851//1342
f 851//1342 723//1344 724//1341
f 723//1344 850//1343 721//1345
f 850//1343 847//1346 721//1345
f 721//1345 847//1346 715//1347
f 715//1347 847//1346 849//1348
f 715//1347 849//1348 713//1349
f 713//1349 849//1348 848//1350
f 822//1146 712//1149 848//1350
f 848//1350 712//1149 713//1349
