# G1 exterior visual; derived from pinned Unitree/TWIST2 CAD.
v 0.0120446207 0.0205000006 0.0216408223
v 0.0120446077 0.0205000006 -0.0216651447
v 0.0104386704 0.0205000192 0.0223858543
v 0.010438716 0.020499995 -0.0223857816
v 0.00859633368 0.0205000006 0.0231558569
v -0.00618158886 0.0205000006 0.0239138454
v -0.00373127405 0.0205000006 0.0244163536
v -0.00123671989 0.0205000006 0.0246690102
v 0.00126459775 0.0205000006 0.0246672966
v 0.00375574757 0.0205000006 0.0244126916
v 0.0062099793 0.0205000006 0.0239065718
v 0.0100457892 0.0205000006 -0.0225649048
v 0.00967664272 0.0205000006 -0.0227256715
v -0.0108736819 0.0205000006 0.0221775714
v 0.00901226792 0.0205000006 -0.0229972005
v -0.013061651 0.0205000006 0.0209639315
v 0.0104358103 0.0205000006 -0.0223871376
v 0.0104328198 0.0205000006 -0.0223885309
v 0.0104267551 0.0205000006 -0.0223913584
v 0.01041447 0.0205000006 -0.0223970767
v -0.0085729165 0.0205000006 0.0231645014
v 0.0103896568 0.0205000006 -0.0224086046
v 0.0103397695 0.0205000006 -0.0224316772
v 0.0102403816 0.0205000006 -0.0224772412
v -0.0235669687 0.0205000006 -0.00739521068
v -0.0239749122 0.0205000006 -0.00594145246
v -0.00572967902 0.0205000006 -0.0240260679
v -0.0245734546 0.0205000006 0.0024962984
v -0.0247001406 0.0205000006 -6.68880196e-09
v -0.0245734695 0.0205000006 -0.00249620294
v 0.00126458891 0.0205000006 -0.0246672984
v 0.000216817542 0.0205000006 -0.0246988405
v -0.0245180782 0.0205000006 -0.00299155107
v -0.00123672094 0.0205000006 -0.0246690102
v -0.00277637364 0.0205000006 -0.0245433878
v -0.00373127009 0.0205000006 -0.0244163517
v -0.0241951458 0.0205000006 -0.00496865949
v 0.00615813117 0.0205000006 -0.023919981
v 0.00375572662 0.0205000006 -0.0244126935
v 0.00320750778 0.0205000006 -0.0244906694
v 0.0085963523 0.0205000006 -0.0231558494
v -0.0086036874 0.0205000006 -0.0231530871
v -0.0108736716 0.0205000006 -0.0221775863
v -0.0230771303 0.0205000006 -0.00880504027
v -0.0113455355 0.0205000006 -0.021939978
v -0.0130616156 0.0205000006 -0.0209639501
v -0.0139185535 0.0205000006 -0.0204049964
v -0.0151130492 0.0205000006 -0.0195366032
v -0.0162879527 0.0205000006 -0.0185684543
v -0.0170118753 0.0205000006 -0.0179077219
v -0.0218402948 0.0205000006 -0.0115367211
v -0.0226977952 0.0205000006 -0.00974130072
v -0.0241951216 0.0205000006 0.0049687461
v -0.0235669147 0.0205000006 0.00739538297
v -0.0226977523 0.0205000006 0.00974141434
v -0.0215953849 0.0205000006 0.011988963
v -0.020271292 0.0205000006 0.0141123235
v -0.018739339 0.0205000006 0.0160911474
v -0.00618167827 0.0205000006 -0.0239138193
v -0.0184215195 0.0205000006 -0.0164541453
v -0.0187392905 0.0205000006 -0.0160912108
v -0.0215953756 0.0205000006 -0.0119889928
v -0.0202789027 0.0205000006 -0.0141013945
v -0.0170118827 0.0205000006 0.0179077219
v -0.0151130129 0.0205000006 0.0195366405
v -0.0214699861 -0.0225000009 0.0122118685
v -0.0216365121 -0.0225000009 0.0119143305
v 0.010438744 -0.0224999823 -0.0223857742
v 0.0120446207 -0.0225000009 -0.0216883011
v 0.0120446207 -0.0225000009 0.0216476563
v 0.0104386285 -0.0224999804 0.0223858468
v 0.00858733803 -0.0225000009 0.0231591929
v -0.00628751563 -0.0225000009 0.0238861814
v -0.00865763705 -0.0225000009 0.0231329054
v -0.0109147048 -0.0225000009 0.0221573543
v -0.0130615784 -0.0225000009 0.020963883
v -0.0148512516 -0.0225000009 0.0197362714
v -0.0167728402 -0.0225000009 0.0181316193
v -0.02421261 -0.0225000009 0.00488209911
v -0.0245778076 -0.0225000009 0.00245175697
v -0.0247000009 -0.0225000009 6.68900091e-09
v -0.0245777965 -0.0225000009 -0.00245178794
v -0.0242126025 -0.0225000009 -0.00488211028
v -0.0235995576 -0.0225000009 -0.00729016494
v -0.0227385834 -0.0225000009 -0.00964537542
v 0.00858731195 -0.0225000009 -0.0231592022
v -0.0130615504 -0.0225000009 -0.0209639035
v -0.0109147485 -0.0225000009 -0.0221573245
v -0.0185335595 -0.0225000009 0.0163276494
v -0.0201064125 -0.0225000009 0.0143460371
v -0.0227386169 -0.0225000009 0.00964528508
v -0.0235995557 -0.0225000009 0.00729015237
v -0.0185336303 -0.0225000009 -0.016327573
v -0.0167729519 -0.0225000009 -0.0181315262
v -0.014851328 -0.0225000009 -0.0197362229
v 0.00619796291 -0.0225000009 0.0239096861
v 0.00372828939 -0.0225000009 0.0244168863
v 0.00121053925 -0.0225000009 0.0246699974
v -0.00132110238 -0.0225000009 0.0246646181
v -0.00383090717 -0.0225000009 0.0244008768
v -0.0216364972 -0.0225000009 -0.0119143743
v -0.0214700401 -0.0225000009 -0.0122117847
v -0.0201064907 -0.0225000009 -0.0143459151
v -0.0038308471 -0.0225000009 -0.024400888
v -0.00132106512 -0.0225000009 -0.0246646218
v 0.00121053075 -0.0225000009 -0.0246699974
v -0.00865765568 -0.0225000009 -0.0231328961
v -0.00628750538 -0.0225000009 -0.0238861889
v 0.00619792193 -0.0225000009 -0.0239096973
v 0.00372829428 -0.0225000009 -0.0244168844
v 0.074500002 -2.92734587e-18 0.0166999996
v 0.074500002 -5.42101086e-18 -0.0186999999
v 0.0744984522 0.000296710728 -0.018699944
v 0.0744443461 0.00178022415 0.0166999437
v 0.0705453679 0.0144836083 -0.0186998285
v 0.0709656402 0.0137465177 0.0166997742
v 0.0713930354 0.0129400091 -0.0186998304
v 0.0715129897 0.0127018699 0.0166998599
v 0.072003819 0.0116641121 -0.0186999943
v 0.072003819 0.0116641121 0.0166999958
v 0.0721428245 0.0113491286 -0.018700026
v 0.0722516477 0.0110950936 0.0167000443
v 0.0727939904 0.00971246231 -0.018700026
v 0.0728934258 0.00943364389 0.0166999996
v 0.073050648 0.00897287298 -0.0186999459
v 0.0731423795 0.00869144406 0.0166999083
v 0.0733017996 0.00817689858 -0.0186998416
v 0.0733017996 0.00817689858 0.0166998412
v 0.0735577866 0.00726762135 -0.0186997708
v 0.073627457 0.00699810544 0.0166997723
v 0.0739552677 0.00554552814 -0.0186999217
v 0.0740064979 0.00528071914 0.0166999549
v 0.074134402 0.00455030426 -0.018700026
v 0.074134402 0.00455030426 0.0167000256
v 0.07424438 0.00380852027 -0.0187000576
v 0.0742791742 0.00354092452 0.0167000573
v 0.0743504092 0.00291618588 -0.0187000334
v 0.0743504092 0.00291618635 0.0167000331
v 0.0744255707 0.00205836841 -0.0186999664
v 0.0744874328 0.000846146315 -0.018699903
v 0.0680687055 0.0180339199 -0.0186999347
v 0.0682548359 0.0178037193 0.0166999716
v 0.0685556978 0.0174209774 -0.0187000223
v 0.0687354282 0.0171857625 0.0167000443
v 0.0692388937 0.0164985973 -0.0187000614
v 0.0694610476 0.016181143 0.0167000461
v 0.0695998371 0.0159780383 -0.0187000297
v 0.0697536618 0.0157484431 0.0167000052
v 0.0702625811 0.0149525022 -0.0186998937
v 0.0702625811 0.0149525022 0.0166998934
v 0.0706797987 0.0142533323 0.0166998021
v 0.0595681295 0.0250630379 0.0166999362
v 0.0611071736 0.0241665747 0.0166996755
v 0.0608553365 0.0243221913 -0.0186997019
v 0.0615177676 0.0239049979 -0.0186996739
v 0.0617652349 0.023742523 0.0166996997
v 0.062710762 0.0230868012 -0.0186998788
v 0.062710762 0.0230868012 0.0166998785
v 0.0629806668 0.0228890143 -0.0186999347
v 0.0632018298 0.0227232706 0.0166999772
v 0.0643675625 0.0217918027 -0.0187000819
v 0.0645706505 0.0216189958 0.0167000722
v 0.0654376298 0.0208429489 -0.0186999533
v 0.0655761063 0.0207129419 0.0166999251
v 0.0656783804 0.0206157994 -0.018699903
v 0.0658704117 0.0204307809 0.0166998636
v 0.0669124946 0.0193627849 -0.0186997335
v 0.0670992807 0.0191590786 0.0166997481
v 0.0674559176 0.0187588278 -0.0186998043
v 0.0677105039 0.0184635911 0.0166998561
v 0.0681077614 0.0179860145 0.0166999418
v 0.0527303256 0.0276939105 -0.018699972
v 0.05301762 0.0276225097 0.0166999362
v 0.0544470586 0.0272194277 -0.018699754
v 0.0547106154 0.0271362327 0.0166997407
v 0.0558798984 0.0267327055 -0.0186998285
v 0.0561792254 0.0266201682 0.0166998748
v 0.056118954 0.0266431384 -0.0186998658
v 0.0563677922 0.026547296 0.0166999064
v 0.0577451475 0.0259673167 -0.0187000707
v 0.0579875931 0.0258562881 0.0167000797
v 0.0585105754 0.0256073326 -0.0187000688
v 0.0587717704 0.0254780669 0.0167000499
v 0.0593244471 0.0251934342 -0.0186999775
v 0.0595605671 0.0250671301 -0.0186999384
v 0.0452373438 0.0284897946 0.0167000256
v 0.0469960459 0.0284825899 0.0166998263
v 0.0467295274 0.0284906607 -0.0186998565
v 0.0475314856 0.0284588225 -0.018699782
v 0.0478210077 0.0284417644 0.0166997742
v 0.048487749 0.028391216 -0.0186998043
v 0.0487532616 0.028366698 0.0166998301
v 0.0489565954 0.0283462256 -0.0186998527
v 0.0489565954 0.0283462256 0.0166998524
v 0.0502341799 0.0281837136 -0.0187000055
v 0.0505072735 0.0281413309 0.0167000294
v 0.0519671626 0.0278683156 -0.0187000427
v 0.0522562936 0.0278048348 0.0167000219
v 0.0526243672 0.0277194474 0.0166999847
v 0.0452384241 0.0284898225 -0.018700026
v 0.0449611209 0.0284810588 -0.0187000446
v 0.0434788242 0.0283882674 0.0167000256
v 0.043184109 0.0283605494 -0.0186999999
v 0.0427000634 0.0283083096 0.0166999437
v 0.0424062349 0.0282725114 -0.0186999049
v 0.0420936979 0.0282310266 0.0166998636
v 0.0415332317 0.0281477887 0.0166997965
v 0.0415332317 0.0281477887 -0.0186997969
v 0.0409402549 0.0280472636 0.0166997593
v 0.0406665467 0.0279965047 -0.0186997633
v 0.0392115228 0.0276797153 0.0166999176
v 0.038949877 0.0276142322 -0.0186999515
v 0.0379041843 0.0273259543 0.016700048
v 0.0379041843 0.0273259543 -0.0187000483
v 0.0375150777 0.0272076465 0.016700061
v 0.0372578502 0.0271260906 -0.0187000595
v 0.0364443846 0.0268503297 0.0167000182
v 0.0361633748 0.026748661 -0.0186999943
v 0.0358523279 0.0266322121 0.0166999642
v 0.0355923101 0.0265316796 -0.0186999403
v 0.0342249237 0.0259537585 0.0166999418
v 0.033955358 0.0258297641 -0.0187000129
v 0.0339553952 0.0258297976 0.0167000275
v 0.0409402549 -0.0280472636 -0.0186997596
v 0.0406665578 -0.0279965065 0.016699763
v 0.0392115228 -0.0276797153 -0.0186999179
v 0.0389498882 -0.027614234 0.0166999511
v 0.0375150777 -0.0272076465 -0.0187000595
v 0.0372578613 -0.0271260943 0.0167000592
v 0.0361634046 -0.0267486703 -0.0186999943
v 0.0361579247 -0.0267466549 0.016699994
v 0.0358523279 -0.0266322121 -0.0186999645
v 0.0355923213 -0.0265316833 0.01669994
v 0.0342249237 -0.0259537585 -0.0186999422
v 0.0339553729 -0.0258297604 0.0167000312
v 0.0339553915 -0.025829779 -0.0187000036
v 0.0484877601 -0.0283912141 0.016699804
v 0.0475278907 -0.0284590162 0.0166997835
v 0.047531493 -0.0284588225 -0.018699782
v 0.0469960459 -0.0284825899 -0.0186998267
v 0.0467295386 -0.0284906607 0.016699858
v 0.0452373438 -0.0284897946 -0.018700026
v 0.0449611321 -0.0284810588 0.0167000443
v 0.0447309986 -0.0284717344 -0.0187000558
v 0.0447309986 -0.0284717344 0.0167000555
v 0.0434788242 -0.0283882674 -0.018700026
v 0.0431841202 -0.0283605512 0.0166999996
v 0.0427000634 -0.0283083096 -0.018699944
v 0.0424062461 -0.0282725114 0.0166999046
v 0.0418034568 -0.0281893425 -0.0186998267
v 0.0417989306 -0.0281886682 0.0166998263
v 0.0409214236 -0.0280438587 0.0166997593
v 0.0547106154 -0.0271362327 -0.0186997391
v 0.0544470698 -0.027219424 0.0166997537
v 0.05301762 -0.0276225097 -0.0186999347
v 0.0527303368 -0.0276939087 0.0166999716
v 0.0523496903 -0.0277836546 -0.0187000129
v 0.0523496903 -0.0277836546 0.0167000126
v 0.0522562936 -0.0278048348 -0.0187000223
v 0.0519671738 -0.0278683119 0.0167000424
v 0.0505072735 -0.0281413309 -0.0187000278
v 0.0502341948 -0.0281837117 0.0167000052
v 0.0487532616 -0.028366698 -0.0186998304
v 0.0485635363 -0.0283844732 -0.0186998118
v 0.0595681295 -0.0250630379 -0.0186999366
v 0.0593244582 -0.0251934286 0.0166999791
v 0.0585105047 -0.025607368 -0.0187000688
v 0.0585097373 -0.0256077424 0.0167000704
v 0.0579875931 -0.0258562881 -0.01870008
v 0.0577451587 -0.0259673111 0.0167000722
v 0.0563677922 -0.026547296 -0.0186999068
v 0.0561189651 -0.0266431328 0.0166998655
v 0.0560209639 -0.0266801491 -0.0186998509
v 0.0560209639 -0.0266801491 0.0166998506
v 0.0558782034 -0.0267333332 0.0166998282
v 0.0682548359 -0.0178037193 -0.018699972
v 0.0682847053 -0.0177663136 0.0166999772
v 0.0680687129 -0.0180339105 0.0166999344
v 0.067455858 -0.018758893 -0.0186998043
v 0.0674625486 -0.0187512394 0.016699804
v 0.0670992807 -0.0191590786 -0.0186997484
v 0.0669125021 -0.0193627775 0.0166997332
v 0.0658704117 -0.0204307809 -0.0186998621
v 0.0656783953 -0.0206157919 0.0166999046
v 0.0656987727 -0.0205963161 -0.0186998993
v 0.0654446781 -0.0208363757 0.0166999511
v 0.0645706505 -0.0216189958 -0.0187000725
v 0.06436757 -0.0217917953 0.0167000815
v 0.0632018298 -0.0227232706 -0.0186999775
v 0.0629806742 -0.0228890069 0.0166999362
v 0.0627564341 -0.0230536722 -0.0186998881
v 0.0627564341 -0.0230536722 0.0166998878
v 0.0617652349 -0.023742523 -0.0186996982
v 0.0615177788 -0.0239049904 0.0166996755
v 0.0611071736 -0.0241665747 -0.0186996758
v 0.0608553439 -0.0243221857 0.0166997015
v 0.0595109239 -0.0250939224 0.0166999474
v 0.0685557052 -0.017420968 0.0167000219
v 0.0687354282 -0.0171857625 -0.0187000446
v 0.0692449585 -0.0164900497 0.016700061
v 0.0692388266 -0.0164986979 -0.0187000614
v 0.0695998445 -0.0159780271 0.0167000294
v 0.0697536618 -0.0157484431 -0.0187000055
v 0.0704674423 -0.0146148661 0.016699845
v 0.0704674423 -0.0146148661 -0.0186998453
v 0.0705453753 -0.0144835981 0.0166998282
v 0.0706797987 -0.0142533323 -0.0186998025
v 0.0709638894 -0.0137497038 0.0166997742
v 0.0713930428 -0.0129399979 0.0166998301
v 0.0715129897 -0.0127018699 -0.0186998602
v 0.072142832 -0.0113491183 0.0167000256
v 0.0722074881 -0.0111989938 -0.0187000372
v 0.0722074881 -0.0111989938 0.0167000368
v 0.0722516477 -0.0110950936 -0.0187000427
v 0.0727939978 -0.00971245114 0.0167000256
v 0.0728934258 -0.00943364389 -0.0186999999
v 0.073050648 -0.0089728618 0.0166999456
v 0.0731423795 -0.00869144406 -0.0186999086
v 0.0732000396 -0.0085092904 -0.0186998844
v 0.0734733716 -0.0075804987 0.0166997835
v 0.0734733716 -0.0075804987 -0.0186997838
v 0.0735577941 -0.0072676097 0.0166997705
v 0.073627457 -0.00699810544 -0.0186997727
v 0.0739140511 -0.00574940443 0.0166998953
v 0.0740064979 -0.00528071914 -0.0186999533
v 0.0739552751 -0.0055455165 0.0166999213
v 0.0742421746 -0.00382485078 -0.0187000576
v 0.0742443874 -0.00380850863 0.0167000573
v 0.0742791742 -0.00354092452 -0.0187000576
v 0.0743503198 -0.00291709253 0.0167000331
v 0.0743504092 -0.00291618635 -0.0187000334
v 0.0744255707 -0.00205835653 0.016699966
v 0.0744443461 -0.00178022415 -0.0186999422
v 0.0744984522 -0.000296698767 0.0166999437
v 0.0237351265 0.0217634235 -0.0188871324
v 0.0231060591 0.0215874705 -0.0189324487
v 0.0238271877 0.0217454843 0.0174424183
v 0.0327363349 0.0252654459 0.0167059526
v 0.0317971222 0.0248436313 -0.0187014919
v 0.0316913873 0.0247896556 0.0167223737
v 0.0297286883 0.0239449386 -0.018709762
v 0.0292357318 0.0237137172 0.0168135483
v 0.0277435128 0.0231395476 -0.0187333152
v 0.0253818668 0.0222311672 0.0171840806
v 0.0270959735 0.022849543 0.0169776492
v 0.0258331988 0.0224344879 -0.0187831447
v 0.028121762 0.0232530851 0.0168872233
v 0.0286107119 0.0234526806 0.0168519448
v 0.0239894856 0.0218380857 -0.0188709199
v 0.0207095556 0.0210409686 -0.0191874746
v 0.0212728996 0.0211342312 0.0180335753
v 0.0222167894 0.0213610046 -0.0190106612
v 0.0223338101 0.0213585049 0.0177623816
v 0.0230086744 0.0215232559 0.0176088382
v 0.0192064531 0.0208047014 -0.0194290783
v 0.0197922103 0.0208902285 0.0184735097
v 0.0201850329 0.0209473893 0.0183498915
v 0.0185597762 0.0207278468 -0.0195558369
v 0.016797144 0.0206065644 0.0195630286
v 0.0183048844 0.0207186155 0.018984817
v 0.0179839395 0.0206712447 -0.0196810812
v 0.0174073912 0.0206248444 -0.0198186301
v 0.016122926 0.0205726046 0.0198377073
v 0.0163081493 0.0205615312 -0.0201148931
v 0.0152576473 0.0205407292 0.0202025939
v 0.0145505117 0.0205124673 -0.0206804704
v 0.0136769246 0.020508714 0.0208979435
v 0.013669542 0.0205036271 -0.0210044291
v 0.0126708047 0.0205002762 -0.0214015096
v 0.0297780056 -0.0241290536 0.0167494975
v 0.0285974015 -0.0237606093 0.016808603
v 0.0286593158 -0.0239240509 -0.0187471379
v 0.0238629039 -0.022844011 0.0174408555
v 0.0228935461 -0.0227489788 0.0176589731
v 0.0229893513 -0.0229004025 -0.0190953817
v 0.0123871965 -0.0225000121 -0.0215522945
v 0.0142010469 -0.0225031339 -0.0209020432
v 0.0145871462 -0.0225051269 -0.0207779668
v 0.0146005359 -0.0225019436 0.020525584
v 0.0133543806 -0.022500705 -0.0211914163
v 0.0141140977 -0.0225010049 0.0207333826
v 0.0160611961 -0.0225200653 -0.0203476325
v 0.0162525289 -0.0225230511 -0.0202966426
v 0.0161090028 -0.0225085113 0.0199017674
v 0.0180355944 -0.0225305296 0.0191593133
v 0.0179639924 -0.0225637555 -0.0198870562
v 0.0198826678 -0.0226472914 -0.0195181482
v 0.0198993534 -0.0225773286 0.0185125414
v 0.021901438 -0.022792358 -0.0192210022
v 0.0208785497 -0.0226172656 0.0182056632
v 0.0217030458 -0.0226619765 0.0179673843
v 0.0223549418 -0.0227059759 0.0177930892
v 0.0239152126 -0.0230114553 -0.0190056097
v 0.024909826 -0.0231524426 -0.0189252887
v 0.0253552068 -0.0230434574 0.0171647798
v 0.0258332714 -0.0233053658 -0.0188644174
v 0.026808789 -0.0234919898 -0.018813137
v 0.0268361587 -0.0233185738 0.0169623904
v 0.0280991253 -0.0236224346 0.0168434028
v 0.0306900442 -0.0244513303 0.0167226605
v 0.0304651298 -0.0244547985 -0.0187138095
v 0.0315730721 -0.0247920714 0.0167083722
v 0.0314085595 -0.0247788411 -0.0187054463
v 0.0322297625 -0.0250887591 -0.018701721
v 0.0335576311 -0.0256461222 0.016700048
v -0.0281344056 -0.018700026 0.00455030426
v -0.0280064996 0.0167001765 0.00528072007
v -0.0282443836 -0.0187000576 0.00380852073
v -0.0282791778 0.0167000871 0.00354092498
v -0.0283504128 -0.0187000334 0.00291618449
v -0.0283540767 0.0167001057 0.00288033788
v -0.0284255724 -0.0186999664 0.00205836887
v -0.028444346 0.0167001747 0.00178022461
v -0.0284984559 -0.018699944 0.000296711049
v -0.0285 0.0167001393 4.32596667e-17
v -0.0285 -0.0186999999 4.57533317e-17
v -0.0279552694 -0.0186999217 0.00554552861
v -0.0279144142 -0.0186998956 0.00574765168
v -0.0276274588 0.0167003293 0.00699810591
v -0.0275577884 -0.0186997708 0.00726762181
v -0.0273018014 0.0167002585 0.00817689952
v -0.0273018014 -0.0186998416 0.00817689952
v -0.0271423794 0.0167001951 0.00869144499
v -0.0270506479 -0.0186999459 0.00897287298
v -0.0268934239 0.0167001095 0.00943365041
v -0.026793994 -0.018700026 0.00971246231
v -0.026251642 0.0167000722 0.0110951001
v -0.0261428244 -0.018700026 0.0113491295
v -0.0260038171 0.0167001206 0.0116641121
v -0.0260038171 -0.0186999943 0.0116641121
v -0.025512984 0.016700251 0.0127018765
v -0.0253930334 -0.0186998304 0.0129400091
v -0.0249176063 0.0167003293 0.0138333971
v -0.0245453678 -0.0186998285 0.0144836092
v -0.0246797968 0.0167002995 0.0142533388
v -0.0242625773 0.01670021 0.0149525022
v -0.0242625773 -0.0186998937 0.0149525022
v -0.0237536598 0.0167000983 0.0157484487
v -0.023599837 -0.0187000297 0.0159780383
v -0.0233900491 0.0167000499 0.0162835978
v -0.0232388098 -0.0187000614 0.0164987184
v -0.0227354206 0.0167000499 0.01718577
v -0.0225556996 -0.0187000223 0.0174209774
v -0.0222548228 0.0167001095 0.0178037304
v -0.0220687054 -0.0186999347 0.0180339199
v -0.0221077651 0.0167001337 0.0179860145
v -0.0216223039 0.016700225 0.0185667984
v -0.0214558411 -0.0186998043 0.0187589135
v -0.0210992713 0.0167002995 0.0191590898
v -0.0209124964 -0.0186997335 0.0193627849
v -0.0198704004 0.0167002063 0.0204307903
v -0.0196783841 -0.018699903 0.0206157994
v -0.0195761081 0.016700156 0.0207129419
v -0.019437585 -0.0186999533 0.0208429918
v -0.0185706373 0.0167000294 0.0216190051
v -0.0183675606 -0.0187000819 0.0217918027
v -0.0172018185 0.0167000834 0.0227232799
v -0.0169806667 -0.0186999347 0.0228890143
v -0.0167107619 0.0167001523 0.0230868012
v -0.0167107619 -0.0186998788 0.0230868012
v -0.0157652181 0.016700279 0.0237425324
v -0.0155177675 -0.0186996739 0.0239049979
v -0.0151071595 0.0167002939 0.024166584
v -0.0148553355 -0.0186997019 0.0243221913
v -0.0135681154 0.0167001039 0.0250630453
v -0.0135605689 -0.0186999384 0.0250671301
v -0.013324446 -0.0186999775 0.0251934342
v -0.0125465905 0.0167000089 0.0255897064
v -0.0125105018 -0.0187000688 0.025607368
v -0.0119875772 0.0167000014 0.0258562956
v -0.0117451455 -0.0187000707 0.0259673167
v -0.0103677781 0.0167001467 0.0265473016
v -0.010118953 -0.0186998658 0.0266431384
v -0.0101792244 0.0167001709 0.0266201682
v -0.00987987127 -0.0186998285 0.0267327167
v -0.00871060044 0.016700279 0.0271362383
v -0.00844705664 -0.018699754 0.0272194277
v -0.00701760314 0.0167000964 0.0276225135
v -0.00673032599 -0.018699972 0.0276939105
v -0.00662436802 0.0167000517 0.0277194474
v -0.00625627721 0.0167000182 0.0278048385
v -0.00596716255 -0.0187000427 0.0278683156
v -0.0045072576 0.0167000182 0.0281413328
v -0.00423418125 -0.0187000055 0.0281837136
v -0.00295659387 0.0167001877 0.0283462256
v -0.00295659387 -0.0186998527 0.0283462256
v -0.00275324634 0.01670021 0.0283666998
v -0.00248774886 -0.0186998043 0.028391216
v -0.00142688781 0.0167002436 0.0284642577
v -0.00153147173 -0.018699782 0.0284588225
v -0.000996030401 0.0167002045 0.0284825899
v -0.000729525695 -0.0186998565 0.0284906607
v 0.00076267164 0.016700007 0.0284897927
v 0.000761577452 -0.018700026 0.0284898225
v 0.00145919016 0.0166999698 0.0284626205
v 0.00103887857 -0.0187000446 0.0284810588
v 0.00252119172 0.016699994 0.0283882655
v 0.00281589152 -0.0186999999 0.0283605494
v 0.00329995318 0.0167000629 0.0283083078
v 0.0035937645 -0.0186999049 0.0282725114
v 0.00446676696 0.0167001914 0.0281477887
v 0.00419657864 -0.0186998267 0.0281893369
v 0.00446676696 -0.0186997969 0.0281477887
v 0.00505976239 0.016700225 0.0280472599
v 0.00533345342 -0.0186997633 0.0279965047
v 0.0067884922 0.0167000908 0.0276797097
v 0.0070501226 -0.0186999515 0.0276142322
v 0.00809581764 0.0166999772 0.0273259543
v 0.00809581764 -0.0187000483 0.0273259543
v 0.00848494098 0.016699966 0.0272076428
v 0.00874214992 -0.0187000595 0.0271260906
v 0.00991890486 0.0167000107 0.0267182589
v 0.00983659644 -0.0186999943 0.0267486703
v 0.0101476926 0.0167000256 0.0266322047
v 0.010407689 -0.0186999403 0.0265316796
v 0.0117751043 0.0167000405 0.0259537455
v 0.0120446412 -0.0187000129 0.0258297641
v 0.0120446319 0.016700035 0.025829792
v 0.0120446254 0.0167000275 -0.0258297585
v 0.0120446067 -0.0187000036 -0.0258297771
v 0.0117750764 -0.0186999422 -0.0259537585
v 0.0104076779 0.0167000424 -0.0265316833
v 0.0101476721 -0.0186999645 -0.0266322121
v 0.0099188732 0.0167000107 -0.02671827
v 0.00983663835 -0.0186999943 -0.0267486554
v 0.00874213874 0.0166999642 -0.0271260943
v 0.00879627001 -0.0187000595 -0.0271085892
v 0.00848492328 -0.0187000595 -0.0272076465
v 0.00705011003 0.016700061 -0.027614234
v 0.0067884759 -0.0186999179 -0.0276797153
v 0.00533344084 0.0167002175 -0.0279965065
v 0.00505974703 -0.0186997596 -0.0280472636
v 0.00507857883 0.0167002212 -0.0280438587
v 0.00433348631 0.0167001765 -0.028168615
v 0.00419657072 -0.0186998267 -0.0281893387
v 0.00359375076 0.0167000946 -0.0282725114
v 0.00329993805 -0.018699944 -0.0283083096
v 0.00281587057 0.0167000163 -0.0283605512
v 0.00252117543 -0.018700026 -0.0283882674
v 0.00126900128 0.0166999772 -0.0284717344
v 0.00126900128 -0.0187000558 -0.0284717344
v 0.00103885739 0.0166999884 -0.0284810606
v 0.000762655749 -0.018700026 -0.0284897946
v -0.000729547057 0.0167001728 -0.0284906607
v -0.000996046001 -0.0186998267 -0.0284825899
v -0.00142698397 0.0167002399 -0.028464254
v -0.0015314878 -0.018699782 -0.0284588225
v -0.00248777005 0.0167002287 -0.0283912141
v -0.00256353593 -0.0186998118 -0.0283844732
v -0.00275326171 -0.0186998304 -0.028366698
v -0.00423420267 0.0167000405 -0.0281837098
v -0.00450727297 -0.0187000278 -0.0281413309
v -0.00596718397 0.0166999996 -0.02786831
v -0.00625629211 -0.0187000223 -0.0278048348
v -0.00634969119 0.0167000256 -0.0277836546
v -0.00634969119 -0.0187000129 -0.0277836546
v -0.00673035579 0.0167000629 -0.0276939031
v -0.00701761898 -0.0186999347 -0.0276225097
v -0.00844708644 0.0167002603 -0.0272194184
v -0.00871061627 -0.0186997391 -0.0271362327
v -0.00989184715 0.0167002045 -0.0267282873
v -0.010020962 -0.0186998509 -0.0266801491
v -0.0135681294 -0.0186999366 -0.0250630379
v -0.013324474 0.0167000722 -0.0251934193
v -0.0125105763 -0.0187000688 -0.0256073326
v -0.0125466185 0.0167000089 -0.0255896933
v -0.0119875912 -0.01870008 -0.0258562881
v -0.0117451744 0.0167000107 -0.0259673037
v -0.0103677921 -0.0186999068 -0.026547296
v -0.0101189818 0.0167001765 -0.0266431272
v -0.010020962 0.0167001896 -0.0266801491
v -0.0151071716 -0.0186996758 -0.0241665747
v -0.0148553653 0.0167002752 -0.0243221726
v -0.0135109248 0.0167000946 -0.0250939224
v -0.0167564359 -0.0186998881 -0.0230536722
v -0.0167564359 0.0167001449 -0.0230536722
v -0.0157652348 -0.0186996982 -0.023742523
v -0.0155177936 0.0167002957 -0.0239049811
v -0.0150710382 0.016700292 -0.0241891257
v -0.0196784064 0.0167001728 -0.0206157789
v -0.019629078 0.0167001653 -0.020662751
v -0.0185706504 -0.0187000725 -0.0216189958
v -0.0183675848 0.0167000201 -0.0217917841
v -0.0172018316 -0.0186999775 -0.0227232706
v -0.0174381882 0.0167000573 -0.0225423947
v -0.0169806927 0.0167001132 -0.0228889957
v -0.0196987744 -0.0186998993 -0.0205963161
v -0.0198704116 -0.0186998621 -0.0204307809
v -0.0209125187 0.0167003125 -0.0193627626
v -0.0210992824 -0.0186997484 -0.0191590786
v -0.021622343 0.0167002231 -0.0185667519
v -0.0214559324 -0.0186998043 -0.0187588092
v -0.0220687259 0.0167001411 -0.0180338938
v -0.0222548321 -0.018699972 -0.0178037193
v -0.0222847052 0.0167001039 -0.0177663136
v -0.0225557182 0.0167000666 -0.0174209513
v -0.0227354243 -0.0187000446 -0.0171857625
v -0.0233900361 0.0167000517 -0.0162836183
v -0.0232389104 -0.0187000614 -0.0164985787
v -0.0235998556 0.0167000741 -0.0159780122
v -0.0237536635 -0.0187000055 -0.0157484431
v -0.0244674422 0.0167002548 -0.0146148661
v -0.0244674422 -0.0186998453 -0.0146148661
v -0.0245453846 0.0167002715 -0.0144835813
v -0.0246798005 -0.0186998025 -0.0142533323
v -0.0249176268 0.0167003255 -0.0138333607
v -0.0255129877 -0.0186998602 -0.0127018699
v -0.0253930483 0.0167002771 -0.0129399812
v -0.0262074899 0.0167000797 -0.0111989938
v -0.0261899251 0.0167000834 -0.011240012
v -0.0261428375 0.0167000908 -0.0113490997
v -0.0262074899 -0.0187000372 -0.0111989938
v -0.0262516458 -0.0187000427 -0.0110950936
v -0.0267940052 0.0167000853 -0.00971243158
v -0.0268934257 -0.0186999999 -0.00943364389
v -0.0270506572 0.0167001579 -0.00897284318
v -0.0271423794 -0.0186999086 -0.00869144406
v -0.0271925889 0.0167002119 -0.00853305962
v -0.0272000264 -0.0186998844 -0.00850932114
v -0.0274733696 0.0167003125 -0.0075804987
v -0.0274733696 -0.0186997838 -0.0075804987
v -0.0275577959 0.0167003274 -0.00726759108
v -0.0276274588 -0.0186997727 -0.00699810544
v -0.0279552769 0.0167002045 -0.00554549694
v -0.0280064996 -0.0186999533 -0.00528071914
v -0.0282443874 0.0167000871 -0.00380848767
v -0.0282421764 -0.0187000576 -0.00382485078
v -0.0282791778 -0.0187000576 -0.00354092452
v -0.0283540897 0.0167001057 -0.00288021215
v -0.028350411 -0.0187000334 -0.00291618775
v -0.0284255743 0.016700156 -0.00205833279
v -0.028444346 -0.0186999422 -0.00178022415
v -0.0284984559 0.0167001802 -0.000296667742
v 0.0339553803 0.0216438212 0.0205000006
v 0.0339553803 -0.0216642674 0.0205000006
v 0.0355613492 0.0223858487 0.0205000062
v 0.0355612859 -0.0223857872 0.0204999968
v 0.0376506746 0.0232460406 0.0205000006
v 0.0599435605 -0.0203878246 0.0205000006
v 0.0548922792 0.0230436996 0.0205000006
v 0.0590615459 -0.0209639072 0.0205000006
v 0.0573709831 -0.0219267234 0.0205000006
v 0.0525325611 0.0238203648 0.0205000006
v 0.0374080762 -0.0231574923 0.0205000006
v 0.0695989057 -0.00729227671 0.0205000006
v 0.0699827075 -0.00590934139 0.0205000006
v 0.0702122971 -0.00488362228 0.0205000006
v 0.0611189641 0.0195319206 0.0205000006
v 0.0592713244 0.0208317339 0.0205000006
v 0.0705777183 -0.00245255744 0.0205000006
v 0.0705217794 -0.00295987283 0.0205000006
v 0.0571366549 0.022046648 0.0205000006
v 0.0498281643 -0.0244013108 0.0205000006
v 0.0517571345 -0.0240194704 0.0205000006
v 0.0522853695 -0.0238867514 0.0205000006
v 0.0500832722 0.0243598968 0.0205000006
v 0.0475774407 0.0246495605 0.0205000006
v 0.0450465456 0.0246812869 0.0205000006
v 0.0425256826 0.0244542733 0.0205000006
v 0.0400496982 0.0239725299 0.0205000006
v 0.0383427925 -0.0234830696 0.0205000006
v 0.0397977903 -0.0239085853 0.0205000006
v 0.0412428938 -0.0242375694 0.0205000006
v 0.0422677696 -0.0244162846 0.0205000006
v 0.0442172214 -0.0246352479 0.0205000006
v 0.044785887 -0.0246698204 0.0205000006
v 0.0546306148 -0.0231430028 0.0205000006
v 0.0569140278 -0.0221576784 0.0205000006
v 0.0706999972 6.68900757e-09 0.0205000006
v 0.0705778077 0.00245175837 0.0205000006
v 0.0702126101 0.00488210237 0.0205000006
v 0.0472170971 -0.0246699639 0.0205000006
v 0.0488072932 -0.0245398413 0.0205000006
v 0.0608574674 -0.0197315998 0.0205000006
v 0.0623110682 -0.0185480453 0.0205000006
v 0.0627790391 -0.0181258973 0.0205000006
v 0.0678552687 -0.0115080737 0.0205000006
v 0.067474775 -0.0122034578 0.0205000006
v 0.0662965328 -0.0140758073 0.0205000006
v 0.0687375143 -0.00964788906 0.0205000006
v 0.0690881312 -0.00877579395 0.0205000006
v 0.0644419193 -0.0164311193 0.0205000006
v 0.0661118478 -0.0143384002 0.0205000006
v 0.0695995539 0.00729015656 0.0205000006
v 0.068738617 0.00964528974 0.0205000006
v 0.0630206764 0.0178992301 0.0205000006
v 0.0676365122 0.011914338 0.0205000006
v 0.0663031936 0.0140662072 0.0205000006
v 0.0647573844 0.0160699487 0.0205000006
v 0.052287519 0.0238861851 -0.0225000009
v 0.0546576567 0.0231328961 -0.0225000009
v 0.0355612561 -0.0223857742 -0.0224999823
v 0.0374127291 -0.0231592171 -0.0225000009
v 0.0674700364 0.0122117968 -0.0225000009
v 0.0676364973 0.0119143678 -0.0225000009
v 0.0676365122 -0.011914338 -0.0225000009
v 0.0339553803 -0.0216883048 -0.0225000009
v 0.0339553803 0.0216479618 -0.0225000009
v 0.0355613716 0.0223858468 -0.0224999804
v 0.0374126881 0.0231592022 -0.0225000009
v 0.0608512722 -0.0197362565 -0.0225000009
v 0.059061598 -0.0209638756 -0.0225000009
v 0.0702126026 0.00488210749 -0.0225000009
v 0.0705778003 0.00245178654 -0.0225000009
v 0.0706999972 -6.68902134e-09 -0.0225000009
v 0.0705778077 -0.00245175837 -0.0225000009
v 0.056914743 0.0221573263 -0.0225000009
v 0.0590615459 0.0209639072 -0.0225000009
v 0.0608513132 0.0197362341 -0.0225000009
v 0.0627729371 0.0181315411 -0.0225000009
v 0.0687385872 0.00964537077 -0.0225000009
v 0.0695995614 0.00729016121 -0.0225000009
v 0.0702126101 -0.00488210237 -0.0225000009
v 0.0695995539 -0.00729015656 -0.0225000009
v 0.068738617 -0.00964528974 -0.0225000009
v 0.0674699917 -0.0122118574 -0.0225000009
v 0.0661064237 -0.014346025 -0.0225000009
v 0.0569146983 -0.0221573561 -0.0225000009
v 0.0546576157 -0.0231329147 -0.0225000009
v 0.0522875302 -0.0238861777 -0.0225000009
v 0.0398020744 0.0239096954 -0.0225000009
v 0.0422717072 0.0244168844 -0.0225000009
v 0.044789467 0.0246699974 -0.0225000009
v 0.0473210625 0.0246646218 -0.0225000009
v 0.0498308577 0.0244008861 -0.0225000009
v 0.0645336211 0.0163275879 -0.0225000009
v 0.0661064833 0.0143459272 -0.0225000009
v 0.0645335689 -0.0163276345 -0.0225000009
v 0.0627728552 -0.0181316063 -0.0225000009
v 0.0498309396 -0.0244008712 -0.0225000009
v 0.0473211072 -0.0246646162 -0.0225000009
v 0.0447894894 -0.0246699993 -0.0225000009
v 0.0422717147 -0.0244168825 -0.0225000009
v 0.0398020633 -0.0239096917 -0.0225000009
v 0.0124812098 0.0167000964 -0.0256284494
v 0.013769676 -0.0187017154 -0.0250890888
v 0.014441004 0.0167096388 -0.0247884002
v 0.0149701769 -0.0187081974 -0.0246450193
v 0.0155343823 -0.0187138114 -0.024455335
v 0.0152833126 0.0167242009 -0.0244646184
v 0.0173407532 -0.0187471248 -0.0239247754
v 0.0162234884 0.0167530514 -0.0241338555
v 0.0174019895 0.0168140531 -0.0237684697
v 0.0178728253 -0.0187623557 -0.023789607
v 0.0178985205 0.0168495793 -0.023631651
v 0.0191927589 -0.0188131928 -0.0234926827
v 0.0191316698 0.0169671308 -0.0233358741
v 0.0206229687 0.0171715189 -0.0230580978
v 0.0210934915 -0.0189255066 -0.023152994
v 0.0242703911 0.0179705713 -0.0226717535
v 0.0251083877 0.0182115342 -0.0226248745
v 0.0240876079 -0.0192196202 -0.0227940977
v 0.0260824673 0.0185153242 -0.0225835834
v 0.026106352 -0.0195162892 -0.022648409
v 0.02207366 -0.019004602 -0.023013901
v 0.0221245587 0.0174493473 -0.0228559803
v 0.023009045 -0.019095201 -0.0229014773
v 0.0231011156 0.0176688023 -0.0227590576
v 0.0236423593 0.0178033169 -0.0227151401
v 0.0272140689 -0.0197180342 -0.0225943085
v 0.0279532094 0.0191614609 -0.0225340184
v 0.0280302614 -0.0198858138 -0.0225642193
v 0.0286579151 -0.0200264994 -0.0225460194
v 0.0286746267 0.0194303393 -0.022522578
v 0.0299331602 -0.0203461032 -0.0225202776
v 0.0298852623 0.0199032035 -0.0225100406
v 0.0318839662 0.0207341649 -0.0225013793
v 0.0336075723 -0.0215502568 -0.0225000139
v 0.0330305882 -0.0213310886 -0.0225002542
v 0.0317934826 -0.0209002532 -0.0225031916
v 0.0132448319 0.01670455 0.025272496
v 0.0141986404 -0.0187010579 0.0248444919
v 0.0148438914 0.0167297367 0.0245415755
v 0.0174286291 -0.0187179632 0.0234621391
v 0.0177279264 0.0168618746 0.0232905112
v 0.0172133464 0.0168273915 0.0235045552
v 0.0162598994 -0.0187079366 0.0239461903
v 0.0190516822 0.0169779416 0.0227656867
v 0.0182358604 -0.0187291615 0.0231409017
v 0.0201359857 -0.0187757295 0.022435924
v 0.0219695698 -0.0188594274 0.0218396466
v 0.0206743982 0.0171819627 0.0221858621
v 0.0202526078 0.0171217546 0.0223288592
v 0.0230558496 0.0176282227 0.0214951653
v 0.0221824776 0.0174431484 0.021724375
v 0.0229660086 -0.0189278256 0.0215573777
v 0.0222618002 -0.0188775361 0.0217535906
v 0.0236656033 0.0177723244 0.0213520527
v 0.0237718765 -0.0189983342 0.021353215
v 0.0244842805 0.0179846659 0.021181725
v 0.0252712946 -0.0191726331 0.0210352056
v 0.0258608647 0.0183894709 0.0209488925
v 0.025988128 0.0184298139 0.0209305715
v 0.0267670993 -0.019412091 0.0208008941
v 0.027508866 0.0189473648 0.020749297
v 0.0274290126 -0.0195419025 0.0207228307
v 0.0290574934 0.0195328724 0.0206264574
v 0.028013885 -0.0196695961 0.0206661746
v 0.029689949 -0.0201059245 0.0205590036
v 0.0297313668 0.0198028516 0.0205888711
v 0.0314521603 -0.0206765048 0.0205116589
v 0.0306433495 0.0201807898 0.0205506533
v 0.0322734118 0.0208866373 0.0205114409
v 0.0323036276 -0.0209909156 0.0205035042
v 0.0333436839 -0.0214058869 0.0205002259
v 0.0116344886 -0.0196704231 -0.0249502752
v 0.0112419147 -0.0206001252 0.0241075233
v 0.0108487802 -0.021530712 0.0232640579
v 0.0351518802 -0.0232656188 -0.0215295758
v 0.0347588845 -0.0241080355 -0.0205999985
v 0.0347580425 0.0241075605 -0.020600073
v 0.0351506248 0.0232652836 -0.0215293467
v 0.014628605 -0.0215334017 0.021566961
v 0.0341304243 -0.0248426143 0.0176692698
v 0.0345239043 -0.0239992533 0.0185998417
v 0.0314967074 -0.0227223318 0.0186134726
v 0.0311014671 -0.0235696845 0.0176876616
v 0.0285922159 -0.022751268 0.0177866928
v 0.023953028 -0.0218795799 0.0184164029
v 0.0262133535 -0.0222067181 0.0180234164
v 0.0212916471 -0.0216684993 0.0190948229
v 0.0185906366 -0.0215725917 0.0199881308
v 0.0150222294 -0.0206041932 0.0224103779
v 0.0189859457 -0.0206501279 0.0208335277
v 0.0216879882 -0.0207568761 0.0199476983
v 0.024352096 -0.0209858604 0.0192848109
v 0.026613187 -0.0213316604 0.0189117286
v 0.0289895721 -0.0218931306 0.0186971221
v 0.0115465038 -0.0206000321 -0.023967592
v 0.0119396644 -0.0196704604 -0.0248100124
v 0.0326183438 -0.0222124103 -0.0215310156
v 0.0267974567 -0.0206232611 -0.0216458645
v 0.0297912676 -0.0213104337 -0.021554349
v 0.0205812715 -0.0198641606 -0.0222593006
v 0.0237525068 -0.0201554932 -0.0218571164
v 0.0174590982 -0.0197228938 -0.0228980482
v 0.0145575553 -0.0196768101 -0.0237634089
v 0.0141621744 -0.0206044428 -0.0229185708
v 0.0170626305 -0.0206427928 -0.0220436305
v 0.0201811437 -0.0207696315 -0.0213888828
v 0.0233499371 -0.021041438 -0.0209666342
v 0.0263982154 -0.0214902591 -0.0207372792
v 0.0293950867 -0.0221629944 -0.0206328537
v 0.0322232023 -0.0230565872 -0.0206027813
v 0.0335708484 -0.0235835556 -0.0206002463
v 0.0118634067 0.0176705923 -0.0248439182
v 0.0114704827 0.018599866 -0.024001766
v 0.0144761913 0.0186136719 -0.0227350779
v 0.0148709519 0.0176895503 -0.0235812198
v 0.0173798054 0.0177906062 -0.0227650367
v 0.0220484156 0.0184280593 -0.021887986
v 0.0197740626 0.0180310942 -0.0222179461
v 0.0246942453 0.0191015266 -0.0216749329
v 0.0274102092 0.0199965555 -0.0215748288
v 0.0313863605 0.0215767473 -0.021532489
v 0.0309931207 0.0224191826 -0.0206047911
v 0.0270151738 0.0208411682 -0.0206541549
v 0.024298301 0.0199533068 -0.0207651984
v 0.0216498952 0.0192946177 -0.0209957939
v 0.0193747897 0.0189172141 -0.0213441476
v 0.0169829745 0.0186989196 -0.0219080709
vn -0.001913078 0.9999982 -4.265853e-05
vn -0.000164927 1 -3.765022e-07
vn -2.477777e-06 1 -3.796532e-07
vn 0.0007764441 0.9999995 0.0005451281
vn -3.868484e-06 1 -2.820128e-07
vn 2.885453e-08 1 -3.811234e-07
vn 1.792354e-08 1 -3.983334e-07
vn 6.576149e-09 1 -1.43381e-07
vn -5.24615e-09 1 -1.768313e-07
vn -1.76197e-08 1 -3.287347e-07
vn -3.067554e-08 1 -9.245962e-08
vn 0 1 -2.936533e-06
vn 0 1 -1.693524e-06
vn 2.245914e-08 1 2.766167e-08
vn 0 1 -2.136462e-06
vn 0 1 3.932775e-07
vn 0.0007909774 0.9999995 0.0005560141
vn 0 1 -1.909126e-05
vn 0 0.9999761 -0.006908413
vn 0 0.9999992 -0.001227549
vn 3.945699e-08 1 -1.134666e-07
vn 0 1 0
vn 0 1 -4.119206e-06
vn 0 0.9999956 -0.002960757
vn 0 1 9.716548e-07
vn 0 1 7.140484e-07
vn 0 1 2.672986e-07
vn 0 1 -1.004484e-08
vn 0 1 6.652801e-07
vn 0 1 -9.439115e-07
vn 0 1 -1.240578e-07
vn 0 1 6.476525e-07
vn 0 1 -5.683168e-07
vn 0 1 -1.451789e-06
vn 0 1 -4.583835e-06
vn 0 1 -2.417917e-06
vn 0 1 -6.311089e-08
vn 0 1 8.262822e-08
vn 0 1 -5.462566e-07
vn 0 1 3.803898e-09
vn 0 1 5.50189e-06
vn 0 1 -2.344095e-07
vn 0 1 -2.747172e-06
vn 0 1 2.924746e-07
vn 0 1 8.321633e-07
vn 0 1 1.290156e-06
vn 0 1 -3.935443e-07
vn 0 1 -1.865074e-07
vn 0 1 6.964831e-07
vn 0 1 -6.22629e-08
vn 0 1 2.429823e-08
vn 0 1 2.394508e-07
vn 0 1 7.883533e-06
vn 0 1 6.025319e-06
vn 0 1 -3.057455e-05
vn 0 1 2.474264e-05
vn 0 1 -1.149914e-05
vn 0 1 -5.122592e-07
vn 0 1 4.58701e-08
vn 3.523517e-07 -1 2.283289e-06
vn 3.706692e-07 -1 4.651386e-06
vn -3.00463e-06 -1 2.35722e-06
vn -1.950164e-05 -1 0
vn -0.0001933038 -1 1.711423e-05
vn 2.342819e-06 -1 9.270364e-08
vn 4.040908e-06 -1 -2.225725e-07
vn 9.764973e-08 -1 -1.399772e-07
vn 1.326884e-07 -1 -2.152542e-07
vn 1.66515e-07 -1 -6.885337e-07
vn 1.986057e-07 -1 -4.658501e-07
vn 2.292986e-07 -1 -1.581366e-07
vn 2.607967e-07 -1 -6.649348e-07
vn 4.59207e-07 -1 5.105032e-07
vn 4.916082e-07 -1 -1.907188e-07
vn 5.243353e-07 -1 -6.355625e-08
vn 5.576387e-07 -1 7.471064e-07
vn 5.915662e-07 -1 -1.193837e-07
vn 6.26436e-07 -1 -2.843612e-07
vn 6.622676e-07 -1 8.152348e-08
vn 3.681965e-06 -1 7.941728e-06
vn 0 -1 -2.973781e-06
vn 0 -1 2.432593e-06
vn 2.9327e-07 -1 -4.1605e-07
vn 3.25641e-07 -1 -3.968988e-07
vn 3.946303e-07 -1 -1.566859e-07
vn 4.268866e-07 -1 2.01601e-08
vn 0 -1 1.246911e-06
vn 0 -1 7.713394e-08
vn 0 -1 -1.784694e-07
vn -1.019576e-07 -1 -4.35581e-07
vn -5.818683e-08 -1 -4.073964e-07
vn -1.656788e-08 -1 -1.579289e-07
vn 2.319004e-08 -1 -4.056293e-07
vn 6.12175e-08 -1 -4.894497e-07
vn 6.950751e-07 -1 1.888468e-06
vn 6.124305e-07 -1 6.198574e-06
vn 0 -1 3.016121e-07
vn 0 -1 1.396838e-06
vn 0 -1 3.336698e-05
vn 0 -1 -6.761312e-06
vn 0 -1 1.699649e-07
vn 0 -1 1.520522e-06
vn 0 -1 -6.12028e-06
vn 0 -1 -7.511574e-06
vn 0.9999159 0.01296407 0.0001085194
vn 0.999916 -0.01296345 -0.0001085142
vn 0.9999173 0.01285582 0.0003382036
vn 0.9983812 0.05687729 0.0001673855
vn 0.8665401 0.4991075 -0.0001890541
vn 0.8784683 0.4778007 -1.940079e-06
vn 0.8896324 0.4566772 -0.0002630561
vn 0.8950871 0.4458914 5.809101e-05
vn 0.9085484 0.4177796 -7.429572e-05
vn 0.910507 0.4134937 2.340234e-05
vn 0.9221449 0.3868448 -0.0001009947
vn 0.9250065 0.3799513 0.0001262297
vn 0.9371974 0.3487995 -0.0001311217
vn 0.9407063 0.339222 0.0001432673
vn 0.9492919 0.3143958 -7.422097e-05
vn 0.9517101 0.3069983 3.494548e-05
vn 0.9582432 0.2859546 -3.912933e-05
vn 0.9596508 0.2811944 6.407152e-05
vn 0.9687386 0.248084 -0.0001007892
vn 0.9705259 0.2409967 0.0001584902
vn 0.9795788 0.2010607 -0.0001461845
vn 0.9810061 0.1939767 9.814579e-05
vn 0.9868057 0.1619087 -4.891356e-05
vn 0.9875562 0.1572671 4.9471e-05
vn 0.9911988 0.1323809 -4.092867e-05
vn 0.9918255 0.1276019 4.922009e-05
vn 0.9947196 0.1026297 -4.157911e-05
vn 0.9951972 0.09789114 5.855969e-05
vn 0.9976044 0.06917536 -6.30877e-05
vn 0.999378 0.03526486 0.0002861756
vn 0.7734239 0.6338891 -8.903284e-05
vn 0.7838403 0.6209625 3.038966e-05
vn 0.7933711 0.6087382 -9.716022e-05
vn 0.8001272 0.5998304 0.0001146856
vn 0.812795 0.5825497 -8.327078e-05
vn 0.8196424 0.5728755 9.766957e-05
vn 0.8309271 0.5563813 -8.772866e-05
vn 0.835518 0.5494631 1.534595e-05
vn 0.8482222 0.5296406 -6.355262e-05
vn 0.8507047 0.5256439 3.582401e-05
vn 0.8649693 0.5018246 -2.029278e-05
vn 0.4828352 0.8757113 0.0001483462
vn 0.5226671 0.8525369 0.0001432309
vn 0.5158924 0.8566533 -3.505075e-05
vn 0.5493339 0.8356029 -0.0001188993
vn 0.5558743 0.8312663 3.332401e-05
vn 0.5784471 0.8157198 -8.268853e-05
vn 0.5824933 0.8128355 2.274276e-05
vn 0.6058097 0.7956096 -0.0001014569
vn 0.6115347 0.7912176 0.0001155068
vn 0.642215 0.7665246 -0.000172956
vn 0.6489232 0.7608539 0.0001498866
vn 0.6749627 0.7378519 -8.060967e-05
vn 0.6808536 0.7324196 6.387697e-05
vn 0.6994257 0.7147053 -0.0001047248
vn 0.7056789 0.7085318 0.0001055987
vn 0.7281308 0.6854383 -0.0001293414
vn 0.7353558 0.6776812 0.0001524687
vn 0.7536216 0.6573085 -8.924276e-05
vn 0.7600549 0.6498588 5.903075e-05
vn 0.7735564 0.6337274 4.110534e-06
vn 0.2446054 0.9696228 -0.0001438456
vn 0.257693 0.9662269 0.0001034486
vn 0.2941558 0.9557574 -0.0001871536
vn 0.3039259 0.9526957 0.0001948839
vn 0.3363422 0.9417398 -7.492497e-05
vn 0.3461075 0.9381949 9.324022e-05
vn 0.3673069 0.9300998 -9.30705e-05
vn 0.3764307 0.9264448 8.874833e-05
vn 0.4048194 0.9143966 -0.0001310571
vn 0.4135503 0.9104813 0.000139127
vn 0.4394968 0.8982441 -8.195862e-05
vn 0.448348 0.8938591 8.305015e-05
vn 0.4625293 0.886604 -4.311648e-05
vn 0.4852314 0.8743858 -2.456671e-06
vn -0.02678256 0.9996413 0.0001972849
vn 0.02680557 0.9996406 0.0001356486
vn 0.01953362 0.9998093 -3.17649e-05
vn 0.05509456 0.9984812 -8.228909e-05
vn 0.06484821 0.9978952 8.101542e-05
vn 0.08305044 0.9965454 -6.006656e-05
vn 0.09025273 0.9959189 4.379119e-05
vn 0.110876 0.9938343 -1.342442e-05
vn 0.1155455 0.9933022 8.614841e-05
vn 0.1526125 0.9882861 -9.874603e-05
vn 0.1600172 0.9871143 0.0001906817
vn 0.2010091 0.9795894 -0.0001310715
vn 0.2075688 0.9782204 9.492245e-05
vn 0.2326573 0.9725587 -5.236717e-06
vn -0.01607765 0.9998708 3.439575e-07
vn -0.0495637 0.998771 -0.000102974
vn -0.07994729 0.9967991 0.0001310875
vn -0.09012835 0.9959302 -0.0001432816
vn -0.1142982 0.9934465 5.786752e-05
vn -0.1269801 0.9919052 -3.590561e-05
vn -0.1367317 0.9906081 -4.627918e-05
vn -0.1569872 0.9876006 -6.783708e-05
vn -0.156685 0.9876487 -4.102262e-05
vn -0.1875286 0.9822591 0.0001015995
vn -0.1946737 0.980868 -0.0001349417
vn -0.2346902 0.9720702 0.0001691013
vn -0.2417008 0.9703508 -9.734569e-05
vn -0.2761282 0.9611208 7.113252e-05
vn -0.2806136 0.9598208 -2.69209e-05
vn -0.3037238 0.9527602 5.684675e-05
vn -0.3107348 0.9504966 -8.840409e-05
vn -0.3311891 0.9435644 7.975417e-05
vn -0.3406628 0.9401855 -8.577364e-05
vn -0.3652788 0.9308982 0.0001262725
vn -0.3746721 0.9271573 -0.0001257691
vn -0.4014472 0.9158822 9.613632e-05
vn -0.4049897 0.9143213 -1.656804e-05
vn -0.4189802 0.9079953 -4.017368e-07
vn -0.1851733 -0.9827059 -0.0001031255
vn -0.199983 -0.9797994 9.233294e-05
vn -0.2381403 -0.9712307 -0.0001960268
vn -0.247394 -0.968915 0.0001930289
vn -0.294937 -0.9555167 -0.0001709174
vn -0.3018054 -0.9533696 9.887774e-05
vn -0.3361541 -0.941807 -7.618202e-05
vn -0.3407204 -0.9401647 2.404988e-05
vn -0.3677009 -0.929944 -0.0001021653
vn -0.3747195 -0.9271382 0.0001254809
vn -0.4014657 -0.9158741 -9.61335e-05
vn -0.4067414 -0.9135433 0.0001087677
vn -0.406357 -0.9137144 0.0001656692
vn 0.09418836 -0.9955544 9.874156e-05
vn 0.0550614 -0.998483 3.572399e-05
vn 0.05809375 -0.9983111 -1.823052e-05
vn 0.02428663 -0.999705 -9.804225e-05
vn 0.01713372 -0.9998532 0.0001313566
vn -0.01583094 -0.9998747 -0.0001083151
vn -0.02302668 -0.9997349 0.0001015212
vn -0.05109371 -0.9986939 -1.568121e-05
vn -0.05603657 -0.9984287 8.997783e-05
vn -0.08431267 -0.9964393 -3.292152e-05
vn -0.09213051 -0.9957469 0.0001264734
vn -0.1168404 -0.9931507 -7.928273e-05
vn -0.1246405 -0.992202 3.545948e-05
vn -0.1470167 -0.989134 -4.516516e-05
vn -0.1497992 -0.9887165 4.749734e-06
vn -0.1727563 -0.9849646 2.820185e-06
vn 0.3025715 -0.9531267 -0.0001001522
vn 0.2941405 -0.9557621 0.0001870511
vn 0.2553125 -0.9668586 -0.0001241379
vn 0.2479177 -0.9687811 0.0001080132
vn 0.2278347 -0.9736997 -2.851419e-05
vn 0.2227934 -0.9748657 7.070759e-06
vn 0.2051409 -0.9787325 -0.000108325
vn 0.197665 -0.9802697 0.0001026126
vn 0.1582572 -0.9873979 -0.000204619
vn 0.1485908 -0.9888988 0.0001940792
vn 0.1103095 -0.9938973 -9.141836e-05
vn 0.08258736 -0.9965838 -1.305608e-05
vn 0.4806065 -0.8769364 -0.0001675753
vn 0.462056 -0.8868508 -5.524809e-06
vn 0.4437366 -0.8961572 -6.157384e-05
vn 0.4395 -0.8982426 3.802887e-05
vn 0.4112479 -0.9115235 -9.779071e-05
vn 0.4048081 -0.9144017 0.0001310645
vn 0.3750557 -0.9270023 -9.987246e-05
vn 0.3685612 -0.9296035 9.824106e-05
vn 0.3432454 -0.9392458 -6.905655e-06
vn 0.3509866 -0.9363803 -0.0004141113
vn 0.3356965 -0.9419702 -0.0003515131
vn 0.7783479 -0.6278331 -0.0001046398
vn 0.7824343 -0.6227331 -2.203802e-06
vn 0.7710086 -0.6368248 -4.046174e-07
vn 0.7568911 -0.653541 -6.713522e-05
vn 0.7537556 -0.657155 3.465619e-05
vn 0.7330601 -0.6801639 -9.98219e-05
vn 0.7281895 -0.6853759 0.0001299256
vn 0.7067035 -0.7075098 -9.453559e-05
vn 0.6995022 -0.7146304 9.564232e-05
vn 0.6830305 -0.73039 -9.925455e-05
vn 0.6751097 -0.7377173 7.068487e-05
vn 0.6500298 -0.7599087 -0.0001957398
vn 0.6422765 -0.766473 0.0001735526
vn 0.6119248 -0.7909159 -0.0001117369
vn 0.606207 -0.7953069 0.0001014874
vn 0.5833013 -0.8122559 -1.899607e-05
vn 0.5792626 -0.815141 8.66613e-05
vn 0.5562889 -0.830989 -3.312697e-05
vn 0.5497429 -0.8353339 0.0001230273
vn 0.5226693 -0.8525355 -0.0001432313
vn 0.5154757 -0.8569042 5.533648e-05
vn 0.4843501 -0.8748742 1.952295e-05
vn 0.7952484 -0.6062837 5.681612e-05
vn 0.7981154 -0.6025046 -3.188142e-05
vn 0.8129081 -0.582392 6.075687e-05
vn 0.8156822 -0.5785002 -4.063177e-05
vn 0.8328825 -0.5534499 8.896768e-05
vn 0.8355584 -0.5494015 -4.055804e-05
vn 0.8518738 -0.5237471 8.952202e-05
vn 0.8543369 -0.5197196 -1.006809e-05
vn 0.8642899 -0.502994 3.792108e-05
vn 0.8717589 -0.489935 -0.000109113
vn 0.8763075 -0.481752 -0.0001786277
vn 0.8942289 -0.44761 -0.0001134443
vn 0.8947886 -0.44649 -0.0001541156
vn 0.911666 -0.4109318 9.415047e-05
vn 0.9141843 -0.4052987 -6.033203e-05
vn 0.9244307 -0.3813501 4.152834e-05
vn 0.9266923 -0.3758209 -0.0001048569
vn 0.937684 -0.3474891 7.256273e-05
vn 0.9407049 -0.339226 -0.0001432615
vn 0.9509764 -0.3092637 0.0001509471
vn 0.950763 -0.3099188 3.838311e-07
vn 0.9563791 -0.2921281 3.843389e-05
vn 0.9613113 -0.2754642 0.0001148979
vn 0.9631196 -0.2690736 -2.227156e-05
vn 0.969632 -0.2445686 8.763788e-05
vn 0.97181 -0.2357655 -0.0001680157
vn 0.9769933 -0.2132701 4.968642e-05
vn 0.9822514 -0.1875689 -3.338599e-05
vn 0.9834402 -0.1812335 -2.229481e-05
vn 0.9894855 -0.1446321 0.0001119401
vn 0.989988 -0.1411518 4.877925e-05
vn 0.992617 -0.1212908 -6.761893e-07
vn 0.9947195 -0.1026313 4.158232e-05
vn 0.9951964 -0.09789899 -5.874103e-05
vn 0.9979244 -0.06439517 0.0001010092
vn 0.9983813 -0.05687689 -0.0001621303
vn 0.9997308 -0.02320107 9.636335e-05
vn -0.2753241 0.9613508 0.001172323
vn -0.2575207 0.9662723 0.0009978776
vn -0.2781362 0.9605408 0.001281923
vn -0.4171901 0.9088192 7.777248e-05
vn -0.4070529 0.9134046 0.0001977496
vn -0.4076866 0.9131218 0.0002698419
vn -0.387375 0.9219221 0.0005141626
vn -0.3928436 0.9196049 0.0008397308
vn -0.3609492 0.9325852 0.0007534626
vn -0.3167341 0.9485133 0.001387473
vn -0.3521099 0.9359573 0.001570455
vn -0.326796 0.9450945 0.0008998441
vn -0.3713115 0.928507 0.001586009
vn -0.3815125 0.924363 0.0011634
vn -0.2944016 0.9556811 0.001121221
vn -0.179208 0.9838111 0.0004079948
vn -0.1850888 0.9827218 0.0003587142
vn -0.2260886 0.9741065 0.0007679889
vn -0.2197133 0.9755641 0.0008730125
vn -0.2477574 0.9688216 0.00104226
vn -0.1336492 0.9910281 -0.00111329
vn -0.1267259 0.9919378 -9.663377e-05
vn -0.1541178 0.9880524 0.0003096414
vn -0.10657 0.9943038 -0.001719274
vn -0.05964765 0.9982195 -3.912991e-05
vn -0.08960216 0.9959776 0.0001290429
vn -0.08772371 0.9961443 -0.001011159
vn -0.06699947 0.9977528 -0.0006416712
vn -0.04208822 0.9991138 -0.0004016327
vn -0.04004841 0.9991977 -0.0003482315
vn -0.02652762 0.9996481 -0.0003765055
vn -0.01708148 0.9998541 -0.0001573786
vn -0.01082519 0.9999413 -0.0001988284
vn -0.005921287 0.9999825 -7.295084e-05
vn -0.001546514 0.9999988 -1.612347e-05
vn -0.3153701 -0.9489583 0.004458554
vn -0.2810653 -0.9596756 0.005009246
vn -0.2550782 -0.9669156 0.003048556
vn -0.1122225 -0.9936743 0.004186728
vn -0.08660601 -0.9962364 0.003533991
vn -0.1085475 -0.9940829 0.004093117
vn -0.0002959755 -0.9999999 -2.07909e-06
vn -0.003731367 -0.999993 -9.159598e-06
vn -0.007205028 -0.999974 7.93689e-05
vn -0.002864648 -0.9999959 0.0001554649
vn -0.001569344 -0.9999988 -3.150742e-05
vn -0.0009973608 -0.9999995 4.901672e-05
vn -0.01246051 -0.9999223 -2.142774e-06
vn -0.01880595 -0.9998231 0.000309401
vn -0.006897852 -0.9999761 0.0003370374
vn -0.01690954 -0.9998566 0.0009109748
vn -0.03251202 -0.9994709 0.0009101216
vn -0.05603535 -0.9984279 0.001363016
vn -0.03106891 -0.9995141 0.002516798
vn -0.08387586 -0.9964723 0.002793391
vn -0.04505152 -0.9989787 0.003442169
vn -0.05870304 -0.9982705 0.003186761
vn -0.07170827 -0.9974205 0.003206341
vn -0.1295323 -0.9915655 0.004369605
vn -0.151472 -0.9884506 0.004659402
vn -0.1544652 -0.9879869 0.00474864
vn -0.1755878 -0.9844519 0.004826456
vn -0.207496 -0.978226 0.004392411
vn -0.2059856 -0.9785428 0.004900928
vn -0.2497308 -0.9682997 0.005494758
vn -0.345562 -0.9383887 0.00367368
vn -0.303554 -0.952813 0.001534876
vn -0.3770059 -0.9262098 0.001370547
vn -0.3389145 -0.9408164 0.00122285
vn -0.3741771 -0.9273569 0.0008074492
vn -0.4071535 -0.9133598 0.000183922
vn -0.9868367 0.000228894 0.1617192
vn -0.9826937 0.0002500195 0.1852377
vn -0.9911777 0.0002280961 0.1325384
vn -0.991019 0.000104036 0.1337211
vn -0.9947197 -4.882856e-05 0.1026284
vn -0.9952587 6.168208e-05 0.09726376
vn -0.997925 -0.0001080765 0.06438814
vn -0.9983989 0.0001597892 0.0565641
vn -0.9997306 -9.625178e-05 0.02320813
vn -0.9999161 0.0001085411 0.01295316
vn -0.9999161 -0.0001084929 -0.01295514
vn -0.9822268 -1.732297e-05 0.1876979
vn -0.9770032 -5.008373e-05 0.2132246
vn -0.9705151 0.0002102247 0.2410404
vn -0.9682913 -8.66127e-05 0.2498235
vn -0.9596515 6.407234e-05 0.2811921
vn -0.958241 -3.914806e-05 0.2859619
vn -0.9517159 3.492323e-05 0.3069802
vn -0.9492874 -7.421116e-05 0.3144096
vn -0.9407097 0.0001433379 0.3392127
vn -0.9371939 -0.0001310966 0.3488087
vn -0.9250055 0.0001263285 0.3799539
vn -0.9221478 -0.0001010016 0.3868378
vn -0.9105047 2.341002e-05 0.4134988
vn -0.9085525 -7.428604e-05 0.4177709
vn -0.8946993 6.464103e-05 0.4466689
vn -0.889632 -0.0002584733 0.4566781
vn -0.8776352 1.084158e-05 0.479329
vn -0.8665428 -0.0001852497 0.4991027
vn -0.864527 -1.372698e-05 0.5025864
vn -0.8507044 3.587592e-05 0.5256444
vn -0.8482252 -6.363548e-05 0.5296358
vn -0.8349105 2.384839e-05 0.5503858
vn -0.8309284 -8.808033e-05 0.5563795
vn -0.8183634 8.015322e-05 0.574701
vn -0.8127915 -8.445594e-05 0.5825546
vn -0.7994781 8.887887e-05 0.6006953
vn -0.7933705 -9.707425e-05 0.6087391
vn -0.7838585 3.035418e-05 0.6209394
vn -0.7734196 -7.864038e-05 0.6338945
vn -0.7728202 6.048517e-06 0.634625
vn -0.7584939 4.334579e-05 0.6516802
vn -0.7536257 -7.945331e-05 0.6573039
vn -0.7345563 0.0001345743 0.6785477
vn -0.728133 -0.0001292254 0.6854358
vn -0.7056763 0.0001056341 0.7085344
vn -0.6994322 -0.000104665 0.714699
vn -0.6808509 6.3855e-05 0.7324221
vn -0.6749684 -8.054245e-05 0.7378466
vn -0.6489217 0.0001497908 0.7608551
vn -0.6422151 -0.0001728334 0.7665245
vn -0.61153 0.0001155069 0.7912213
vn -0.6058208 -0.0001013985 0.7956011
vn -0.5824859 2.280204e-05 0.8128408
vn -0.5784582 -8.26185e-05 0.815712
vn -0.5558723 3.332858e-05 0.8312677
vn -0.5493307 -0.0001188269 0.8356051
vn -0.522671 0.0001432673 0.8525344
vn -0.5158864 -3.509914e-05 0.856657
vn -0.480917 0.0001654697 0.8767661
vn -0.4852463 -2.559944e-06 0.8743775
vn -0.4625226 -6.752599e-06 0.8866075
vn -0.4443706 6.444575e-05 0.895843
vn -0.4395092 -4.650551e-05 0.8982381
vn -0.4115625 0.0001033938 0.9113816
vn -0.4048139 -0.0001310854 0.9143991
vn -0.3764274 8.874174e-05 0.9264461
vn -0.3673111 -9.318101e-05 0.9300981
vn -0.3461016 9.325354e-05 0.938197
vn -0.336347 -7.49887e-05 0.9417381
vn -0.3039273 0.0001948388 0.9526953
vn -0.2941557 -0.0001871941 0.9557575
vn -0.2576931 0.0001034816 0.9662268
vn -0.2446131 -0.0001438403 0.9696208
vn -0.2326451 -5.213703e-06 0.9725618
vn -0.2075607 9.482553e-05 0.9782221
vn -0.2010149 -0.0001310575 0.9795882
vn -0.1600153 0.0001906476 0.9871145
vn -0.1526121 -9.874949e-05 0.9882861
vn -0.1155441 8.615864e-05 0.9933024
vn -0.1108798 -1.346175e-05 0.9938338
vn -0.08682024 6.981941e-05 0.996224
vn -0.083003 1.530116e-05 0.9965493
vn -0.0578921 5.547212e-05 0.9983228
vn -0.0551402 -7.541703e-06 0.9984786
vn -0.02338322 8.383131e-05 0.9997266
vn -0.0195357 -3.173719e-05 0.9998091
vn 0.01751392 9.579188e-05 0.9998466
vn 0.01612309 7.228318e-05 0.99987
vn 0.05451673 -0.0001558402 0.9985128
vn 0.04951939 -3.568387e-05 0.9987732
vn 0.08588177 -0.0001186828 0.9963053
vn 0.09012715 -0.0001432834 0.9959303
vn 0.1192145 9.926155e-05 0.9928685
vn 0.1246373 2.463145e-05 0.9922024
vn 0.1517698 6.432708e-05 0.9884158
vn 0.14431 6.001909e-05 0.9895325
vn 0.1619597 -4.10319e-05 0.9867974
vn 0.1875283 0.0001015683 0.9822592
vn 0.1946721 -0.0001348797 0.9808683
vn 0.234687 0.0001690457 0.972071
vn 0.2417018 -9.726964e-05 0.9703506
vn 0.2761247 7.110628e-05 0.9611218
vn 0.2806154 -2.701513e-05 0.9598203
vn 0.306938 8.252877e-05 0.9517295
vn 0.3107919 1.646876e-06 0.950478
vn 0.3376169 7.472107e-05 0.9412836
vn 0.3406036 4.263176e-06 0.940207
vn 0.3684181 9.461455e-05 0.9296603
vn 0.3746662 -0.0001258125 0.9271598
vn 0.401443 9.602214e-05 0.915884
vn 0.4051847 -4.662802e-06 0.9142349
vn 0.419497 -6.352655e-07 0.9077567
vn 0.4065194 0.0001088247 -0.9136421
vn 0.4063436 0.0001785952 -0.9137203
vn 0.4014651 -9.621324e-05 -0.9158742
vn 0.37538 0.0001199253 -0.926871
vn 0.3677045 -0.0001071817 -0.9299427
vn 0.3420885 4.189657e-05 -0.9396678
vn 0.3387955 1.123954e-05 -0.94086
vn 0.302479 0.0001242 -0.9531561
vn 0.3151026 1.252649e-05 -0.9490576
vn 0.2857357 -9.762679e-05 -0.9583085
vn 0.2473921 0.0001930272 -0.9689153
vn 0.2381404 -0.0001960628 -0.9712307
vn 0.1999769 9.232452e-05 -0.9798006
vn 0.1851902 -0.0001270956 -0.9827027
vn 0.1739069 2.199391e-06 -0.984762
vn 0.1521337 2.390787e-05 -0.9883599
vn 0.147006 -6.904967e-05 -0.9891356
vn 0.1257894 5.546995e-05 -0.9920569
vn 0.1168446 -7.9278e-05 -0.9931502
vn 0.09213006 0.0001264926 -0.995747
vn 0.08431408 -3.295078e-05 -0.9964393
vn 0.05604048 8.999338e-05 -0.9984285
vn 0.05109692 -1.571094e-05 -0.9986937
vn 0.02302442 0.0001015507 -0.9997349
vn 0.0158355 -0.0001083974 -0.9998746
vn -0.01625845 0.0001247176 -0.9998678
vn -0.02427423 -0.00010887 -0.9997053
vn -0.0532726 5.299149e-05 -0.9985799
vn -0.05809632 -2.845112e-05 -0.998311
vn -0.09332066 0.0001222527 -0.9956361
vn -0.08258589 -1.301061e-05 -0.9965839
vn -0.1103065 -9.133125e-05 -0.9938976
vn -0.1485918 0.0001939868 -0.9888986
vn -0.1582527 -0.000204559 -0.9873986
vn -0.1976673 0.0001025133 -0.9802692
vn -0.2051183 -0.0001083146 -0.9787372
vn -0.2227944 7.011946e-06 -0.9748654
vn -0.2278217 -2.846766e-05 -0.9737029
vn -0.2479202 0.0001080432 -0.9687805
vn -0.2553197 -0.0001240532 -0.9668567
vn -0.2942626 0.0001880483 -0.9557246
vn -0.3025454 -0.0001406117 -0.953135
vn -0.3356833 8.25998e-05 -0.9419749
vn -0.3432702 -4.94567e-05 -0.9392366
vn -0.4806055 -0.0001676451 -0.8769369
vn -0.4623847 -1.472799e-05 -0.8866794
vn -0.4437309 -5.5485e-05 -0.8961601
vn -0.4401613 3.145793e-05 -0.8979187
vn -0.411248 -9.154435e-05 -0.9115235
vn -0.4051397 0.0001337298 -0.9142547
vn -0.3750515 -9.987262e-05 -0.927004
vn -0.3685588 9.821848e-05 -0.9296045
vn -0.3513578 0 -0.9362413
vn -0.5226675 -0.000143754 -0.8525366
vn -0.5115205 1.66809e-05 -0.859271
vn -0.4843621 1.942018e-05 -0.8748677
vn -0.5833359 6.131287e-05 -0.8122311
vn -0.5792595 8.662627e-05 -0.8151432
vn -0.5562819 -3.31276e-05 -0.8309937
vn -0.5515795 9.264259e-05 -0.8341223
vn -0.5308589 1.970411e-06 -0.8474602
vn -0.7008421 -0.0004160944 -0.7133163
vn -0.6786292 -0.0004498351 -0.7344809
vn -0.6500719 -0.0001061639 -0.7598727
vn -0.6477152 -1.642337e-05 -0.7618825
vn -0.6118794 -3.514056e-05 -0.790951
vn -0.6161934 -0.0001678979 -0.7875949
vn -0.597922 -5.906398e-05 -0.8015543
vn -0.6830022 -8.642815e-06 -0.7304164
vn -0.7067172 -9.449279e-05 -0.707496
vn -0.7296523 0.0001465391 -0.6838182
vn -0.7330815 -5.163496e-05 -0.6801407
vn -0.7565987 -6.178521e-06 -0.6538796
vn -0.7568715 -1.926523e-05 -0.6535637
vn -0.7723632 -5.680924e-05 -0.6351811
vn -0.7783448 -0.0001046469 -0.6278371
vn -0.7824461 -2.376301e-06 -0.6227183
vn -0.7965773 7.497821e-05 -0.6045367
vn -0.7981398 3.770381e-05 -0.6024724
vn -0.8155028 3.982513e-05 -0.5787532
vn -0.8156503 2.969578e-05 -0.5785453
vn -0.8340942 4.986226e-05 -0.551622
vn -0.8355545 -4.05643e-05 -0.5494076
vn -0.8518856 8.950973e-05 -0.5237278
vn -0.854334 -1.008319e-05 -0.5197244
vn -0.8638806 3.163032e-05 -0.5036967
vn -0.8717399 -0.0001612846 -0.4899688
vn -0.8754555 -5.579138e-05 -0.4832988
vn -0.8948243 -0.0001497351 -0.4464186
vn -0.8938872 1.329083e-05 -0.4482919
vn -0.9246673 -0.0006021194 -0.3807754
vn -0.9187108 -0.001260893 -0.394929
vn -0.9116489 -0.0005156588 -0.4109696
vn -0.9141577 0 -0.4053587
vn -0.9266821 -0.0001048497 -0.3758462
vn -0.9376802 7.250903e-05 -0.3474992
vn -0.9407094 -0.0001432224 -0.3392136
vn -0.948261 4.697159e-05 -0.3174918
vn -0.9507748 -3.635996e-05 -0.3098826
vn -0.9555113 1.808437e-05 -0.2949544
vn -0.9564001 -9.021406e-07 -0.2920597
vn -0.9624015 5.846895e-06 -0.2716307
vn -0.9631155 -2.213327e-05 -0.2690882
vn -0.9700758 0.0001020069 -0.2428024
vn -0.9718143 -0.0001157637 -0.2357474
vn -0.980876 0.0001961417 -0.1946341
vn -0.9822324 -8.992287e-05 -0.1876685
vn -0.9900413 0.0001414627 -0.1407775
vn -0.9894996 5.072484e-06 -0.1445354
vn -0.9926211 5.570053e-06 -0.1212569
vn -0.994786 3.62826e-05 -0.1019847
vn -0.995196 -5.273358e-05 -0.09790252
vn -0.9979448 9.3214e-05 -0.06407879
vn -0.998381 -0.0001621534 -0.05687924
vn -0.9997306 9.63192e-05 -0.02320962
vn 0.002445819 -6.525302e-05 0.999997
vn 0.0001404152 -1.286346e-07 1
vn -7.260788e-07 -1.340902e-07 1
vn 1.709775e-06 2.42303e-07 1
vn 4.832478e-07 -1.294417e-07 1
vn 0 0 1
vn -1.229464e-08 -2.637449e-08 1
vn -1.464228e-06 0 1
vn 0 -7.318418e-08 1
vn -7.528998e-07 3.287753e-07 1
vn 7.464506e-08 0 1
vn -3.354526e-07 0 1
vn -1.162173e-06 0 1
vn -2.949805e-07 0 1
vn -4.680616e-07 0 1
vn -1.224514e-07 0 1
vn 1.34735e-06 0 1
vn 1.228532e-06 0 1
vn 2.985189e-06 0 1
vn 5.462692e-08 -7.565509e-08 1
vn 2.176588e-07 -7.781582e-08 1
vn -2.234201e-07 -7.965033e-08 1
vn -6.338032e-07 -8.113401e-08 1
vn -3.34048e-07 -8.224495e-08 1
vn -5.839863e-07 0 1
vn -5.882097e-07 0 1
vn 1.115285e-06 0 1
vn 1.511093e-07 0 1
vn 2.630306e-06 0 1
vn 3.878206e-06 0 1
vn 1.053057e-07 0 1
vn -6.76346e-07 0 1
vn 9.208071e-08 0 1
vn 7.105452e-07 0 1
vn 7.812804e-07 0 1
vn -1.475381e-06 0 1
vn 9.049776e-07 0 1
vn 5.249145e-08 0 1
vn -1.899801e-06 0 1
vn -3.755593e-06 0 1
vn 8.66381e-07 0 1
vn 1.453255e-06 0 1
vn 4.352638e-06 0 1
vn 9.455422e-07 0 1
vn 2.327369e-07 0 1
vn -6.477379e-08 0 1
vn -7.958221e-07 0 1
vn -4.344217e-06 0 1
vn -1.08528e-06 -3.672445e-07 -1
vn -1.475608e-06 -1.325545e-07 -1
vn 2.931728e-08 1.583623e-06 -1
vn -3.64389e-06 1.628508e-06 -1
vn 2.35902e-06 0 -1
vn 2.504579e-05 0 -1
vn 6.796331e-06 0 -1
vn 2.658703e-05 0 -1
vn 0.0002496086 -3.041601e-06 -1
vn -2.777353e-06 4.160894e-08 -1
vn -5.491092e-06 -2.447062e-07 -1
vn -3.424845e-07 0 -1
vn 1.512688e-06 0 -1
vn -7.945544e-07 0 -1
vn 0 0 -1
vn -2.391821e-07 0 -1
vn -2.636035e-06 0 -1
vn -1.796225e-06 0 -1
vn -1.176722e-06 0 -1
vn 1.318595e-06 0 -1
vn 1.163408e-06 0 -1
vn -2.725276e-07 0 -1
vn -1.926893e-06 0 -1
vn 1.510664e-05 0 -1
vn -3.78071e-06 0 -1
vn 2.253616e-06 0 -1
vn 9.104841e-07 0 -1
vn -5.312018e-08 0 -1
vn -1.611709e-06 0 -1
vn -6.881012e-07 0 -1
vn -5.791308e-07 -4.116785e-07 -1
vn 2.214331e-07 -4.063213e-07 -1
vn 1.169043e-06 -3.990863e-07 -1
vn 7.227389e-07 -3.900871e-07 -1
vn -1.949501e-07 -3.794442e-07 -1
vn -7.024456e-08 0 -1
vn -8.044626e-07 0 -1
vn 4.298659e-07 0 -1
vn -6.985226e-07 0 -1
vn 9.007822e-08 0 -1
vn 7.222037e-07 0 -1
vn -5.252436e-07 0 -1
vn -3.177604e-07 0 -1
vn 4.044508e-07 0 -1
vn 0.4062785 0.0001700593 -0.9137493
vn 0.3711145 0.0008673155 -0.9285867
vn 0.3757468 0.001318272 -0.9267215
vn 0.3326426 0.0011522 -0.9430522
vn 0.3004069 0.001351461 -0.9538102
vn 0.3443248 0.003551606 -0.9388438
vn 0.264505 0.002853686 -0.9643801
vn 0.3138195 0.004284567 -0.9494729
vn 0.2800132 0.003893946 -0.9599882
vn 0.2328183 0.004007023 -0.972512
vn 0.2481259 0.004381985 -0.9687179
vn 0.1975265 0.004540759 -0.980287
vn 0.2059498 0.004640175 -0.9785515
vn 0.155323 0.004349814 -0.9878542
vn 0.1576431 0.004650893 -0.9874852
vn 0.06042492 0.002986697 -0.9981683
vn 0.04676732 0.003240594 -0.9989005
vn 0.08416636 0.002618923 -0.9964482
vn 0.03292829 0.001967338 -0.9994558
vn 0.05948091 0.001738852 -0.9982279
vn 0.1296129 0.004273745 -0.9915555
vn 0.1132898 0.003832264 -0.9935546
vn 0.1087691 0.003848287 -0.9940596
vn 0.08789298 0.003315968 -0.9961244
vn 0.073218 0.003007485 -0.9973114
vn 0.04204657 0.001230913 -0.9991149
vn 0.01988461 0.0007698888 -0.999802
vn 0.03256285 0.0008372894 -0.9994694
vn 0.0240203 0.0006886038 -0.9997112
vn 0.01242563 0.0003931089 -0.9999228
vn 0.01364703 0.0002576282 -0.9999068
vn 0.006512896 0.0002620849 -0.9999787
vn 0.002077288 8.802832e-05 -0.9999979
vn 0.0001916207 -1.171664e-06 -1
vn 0.001167596 1.265158e-05 -0.9999993
vn 0.005125299 3.23867e-05 -0.9999868
vn 0.4183601 0.0001052575 0.9082813
vn 0.4078815 0.0004371633 0.9130348
vn 0.4081182 0.0003725876 0.912929
vn 0.3762056 0.001266122 0.9265353
vn 0.3758365 0.001308574 0.9266852
vn 0.3920083 0.0008974835 0.9199613
vn 0.3912302 0.0009403522 0.9202923
vn 0.3541788 0.001554249 0.9351765
vn 0.3588996 0.001608017 0.9333748
vn 0.3282999 0.001940311 0.9445716
vn 0.2952195 0.001430952 0.9554284
vn 0.305233 0.001839362 0.9522759
vn 0.3304286 0.001741519 0.9438294
vn 0.2392268 0.001064474 0.9709631
vn 0.2710705 0.001420029 0.9625584
vn 0.2566447 0.0005462678 0.9665056
vn 0.2750001 0.0005804201 0.961444
vn 0.2142061 0.0008197511 0.9767882
vn 0.2253832 0.0006336878 0.97427
vn 0.1824714 5.706761e-05 0.9832112
vn 0.1787271 0.0001310973 0.9838987
vn 0.1522976 -0.0001194992 0.9883347
vn 0.1285313 -0.0005565269 0.9917053
vn 0.1335552 -0.0006081613 0.9910412
vn 0.09477655 -0.0008929143 0.9954982
vn 0.1049866 -0.001268424 0.9944728
vn 0.06495341 -0.0008238766 0.997888
vn 0.07775654 -0.001059793 0.9969718
vn 0.04181516 -0.0007383074 0.9991251
vn 0.04702792 -0.0003897679 0.9988936
vn 0.01644906 -0.0004123517 0.9998646
vn 0.03095915 -0.0003411064 0.9995206
vn 0.01319147 -0.0002893252 0.999913
vn 0.005628017 -9.617398e-05 0.9999842
vn 0.001423498 -1.499354e-05 0.999999
vn 0.08249233 0.7079935 -0.7013846
vn 0.1194848 0.708432 -0.6955915
vn 0.1075562 0.7070875 -0.6988984
vn -0.6101512 0.7076374 -0.3563213
vn -0.6190582 0.7069604 -0.3420145
vn -0.6107882 0.7079226 -0.3546595
vn -0.6298531 0.7073702 -0.3207998
vn -0.7037047 0.7080833 -0.05846223
vn -0.7049906 0.7077935 -0.0449064
vn -0.7046471 0.709558 -0.0001866825
vn -0.7064956 0.7075201 -0.01671202
vn -0.7070774 0.7070765 0.009179992
vn -0.6736922 0.7081108 -0.2114657
vn -0.6802628 0.7074216 -0.1918257
vn -0.6856979 0.7071116 -0.1726604
vn -0.6858523 0.7071016 -0.1720871
vn -0.6941125 0.7069337 -0.1358406
vn -0.6934286 0.7074042 -0.1368792
vn -0.7005069 0.707177 -0.09586832
vn -0.6994616 0.7076542 -0.09989538
vn -0.7033987 0.7071231 -0.07215954
vn -0.6613404 0.707527 -0.2490669
vn -0.6699434 0.7075641 -0.2247867
vn -0.6756061 0.7071206 -0.208655
vn -0.646803 0.7073606 -0.2851087
vn -0.6541269 0.7067817 -0.2694024
vn -0.6631954 0.7072073 -0.2450098
vn -0.6319806 0.7076178 -0.3160343
vn -0.6438586 0.7076254 -0.291054
vn -0.6496143 0.7071371 -0.2792102
vn -0.579151 0.7092566 -0.4019192
vn -0.5893816 0.708468 -0.3882042
vn -0.5999824 0.7092612 -0.3700942
vn -0.5439101 0.7082055 -0.4501187
vn -0.5350046 0.707128 -0.4623203
vn -0.5460666 0.7076754 -0.4483379
vn -0.552316 0.7087786 -0.4388393
vn -0.5616154 0.7084892 -0.4273537
vn -0.5766088 0.7071211 -0.4092701
vn -0.5148416 0.70796 -0.4834571
vn -0.5204176 0.7068995 -0.4790184
vn -0.4957123 0.7077481 -0.5033508
vn -0.4922213 0.7066082 -0.5083534
vn -0.4796551 0.7070953 -0.5195646
vn -0.4571179 0.707779 -0.5386019
vn -0.4643081 0.7064011 -0.5342429
vn -0.435824 0.7076879 -0.5560892
vn -0.4330193 0.7076708 -0.5582976
vn -0.4223553 0.7074894 -0.5666347
vn -0.4101765 0.7071589 -0.5759181
vn -0.400486 0.7076175 -0.5821413
vn -0.3892274 0.7073389 -0.5900624
vn -0.3754951 0.7076071 -0.5985779
vn -0.368147 0.707521 -0.6032262
vn -0.3608522 0.7077222 -0.6073837
vn -0.3334612 0.7075385 -0.6230513
vn -0.342467 0.7078888 -0.6177457
vn -0.2485119 0.7071406 -0.6619622
vn -0.2607573 0.7073911 -0.6569653
vn -0.2452141 0.7097324 -0.6604165
vn -0.2860454 0.7076914 -0.6460271
vn -0.2992105 0.7083448 -0.6393127
vn -0.3111462 0.7070159 -0.635072
vn -0.3270817 0.7070985 -0.6269205
vn -0.1534849 0.7079767 -0.6893557
vn -0.174985 0.706701 -0.6855319
vn -0.189599 0.7084911 -0.6797738
vn -0.2083837 0.7072686 -0.6755348
vn -0.2373811 0.7071417 -0.6660337
vn -0.1128341 0.7070027 -0.6981515
vn -0.1399079 0.7073365 -0.6928931
vn -0.1573247 0.7072335 -0.689253
vn 0.003705578 0.7076508 -0.7065526
vn -0.01193365 0.7067108 -0.7074019
vn -0.03651403 0.7076425 -0.7056267
vn -0.03836317 0.7078702 -0.7053
vn -0.07646506 0.7060825 -0.703989
vn -0.06518801 0.7080754 -0.7031215
vn -0.1049566 0.7071363 -0.6992441
vn 0.08876177 0.7071538 -0.7014661
vn 0.06531966 0.7072266 -0.7039629
vn 0.04196062 0.7080711 -0.7048932
vn 0.03893299 0.7074608 -0.7056795
vn 0.01734372 0.7072219 -0.7067788
vn 0.1761712 0.7097014 -0.6821199
vn 0.1408406 0.7080191 -0.6920063
vn 0.1233357 0.7077168 -0.6956474
vn 0.2651314 0.7065778 -0.6560892
vn 0.241888 0.7070994 -0.6644551
vn 0.2326594 0.7085264 -0.6662281
vn 0.2138126 0.7074957 -0.6735977
vn 0.1748574 0.7071208 -0.6851314
vn 0.2597817 0.7071075 -0.6576568
vn 0.2754487 0.7066287 -0.6517698
vn 0.2881652 0.7066365 -0.6462397
vn 0.2863533 0.7065936 -0.6470913
vn 0.2925656 0.7069708 -0.6438926
vn 0.2957446 0.7070824 -0.6423159
vn 0.2973873 0.7070925 -0.6415458
vn 0.298091 0.7070877 -0.6412244
vn 0.298608 0.7071067 -0.6409627
vn 0.2988468 0.7071724 -0.640779
vn 0.2995282 0.7070991 -0.6405419
vn 0.295338 0.7067473 -0.6428716
vn 0.2955317 0.7071006 0.6423938
vn 0.2850867 0.7076601 0.646485
vn 0.2834606 0.7074469 0.6474326
vn 0.2429941 0.7089583 0.6620666
vn 0.2606343 0.7074261 0.6569765
vn 0.1652012 0.7074718 0.6871623
vn 0.1960916 0.7078974 0.6785494
vn 0.1767411 0.7096575 0.6820182
vn 0.215869 0.7083316 0.6720617
vn 0.2387219 0.7070827 0.6656169
vn 0.1328922 0.7079584 0.6936387
vn 0.1073401 0.7096805 0.6962985
vn 0.1074082 0.7071019 0.6989066
vn 0.08274779 0.7085664 0.7007756
vn 0.0358141 0.7096452 0.7036484
vn 0.06186471 0.708666 0.7028266
vn -0.04090796 0.7071192 0.70591
vn -0.01587116 0.7077956 0.7062389
vn -0.03488753 0.7096567 0.7036833
vn 0.01184439 0.7079426 0.7061706
vn 0.03847477 0.7071307 0.7060353
vn -0.1066294 0.7097144 0.6963732
vn -0.08016459 0.7085987 0.7010431
vn -0.06256739 0.7087588 0.7026708
vn -0.1819796 0.7070139 0.6833847
vn -0.1640997 0.7075206 0.6873761
vn -0.176143 0.7097766 0.682049
vn -0.1465881 0.7079979 0.6908334
vn -0.1135785 0.7072256 0.697805
vn -0.2147571 0.7072023 0.6736053
vn -0.2450118 0.7095429 0.6606952
vn -0.2451727 0.7069595 0.6633993
vn -0.3097858 0.7095913 0.632861
vn -0.2900239 0.708016 0.643894
vn -0.2664357 0.7080493 0.6539711
vn -0.3726954 0.7096733 0.5978812
vn -0.3397743 0.7074886 0.6196881
vn -0.3141841 0.7071194 0.6334591
vn -0.4321449 0.7070089 0.5598118
vn -0.410215 0.708728 0.5739583
vn -0.4308709 0.7097312 0.5573435
vn -0.3932193 0.7085393 0.5859613
vn -0.3696475 0.7070886 0.6028153
vn -0.4589365 0.7073515 0.5376162
vn -0.4854602 0.7097012 0.5105416
vn -0.4812955 0.7071629 0.5179531
vn -0.5342788 0.7097812 0.4590827
vn -0.5185871 0.7078459 0.4796058
vn -0.4989075 0.7075882 0.50041
vn -0.5532455 0.7089597 0.4373734
vn -0.5463608 0.7077008 0.447939
vn -0.5363641 0.7071311 0.4607376
vn -0.5635155 0.7085494 0.4247447
vn -0.5779048 0.7099841 0.4024284
vn -0.578646 0.7071211 0.4063848
vn -0.6205813 0.7071172 0.3389162
vn -0.610653 0.7075878 0.3555593
vn -0.6156656 0.7100312 0.3417774
vn -0.6001499 0.7085431 0.3711966
vn -0.5900151 0.7078953 0.3882865
vn -0.632082 0.7079923 0.3149909
vn -0.647396 0.7097836 0.2776433
vn -0.6431833 0.7076237 0.2925473
vn -0.6782862 0.7075118 0.198381
vn -0.6728122 0.7071936 0.2172576
vn -0.671937 0.7099096 0.2110188
vn -0.6645191 0.7077612 0.2397675
vn -0.654009 0.7072759 0.2683896
vn -0.685661 0.7075394 0.1710473
vn -0.6903563 0.7095264 0.1413522
vn -0.6946983 0.7074752 0.1298968
vn -0.6998231 0.7079633 0.09505586
vn -0.7009347 0.7096236 0.07158837
vn -0.7037368 0.7071214 0.06880394
vn -0.7055649 0.7075157 0.03999789
vn 0.2839614 -0.7077817 -0.646847
vn 0.2779228 -0.7063161 -0.651058
vn 0.2433935 -0.7085299 -0.6623783
vn 0.281517 -0.7091658 -0.6463994
vn 0.2835256 -0.7057518 -0.6492517
vn 0.2439986 -0.7308733 -0.637408
vn 0.245513 -0.7122206 -0.6576209
vn 0.2213433 -0.7085614 -0.6700358
vn 0.2030654 -0.7082726 -0.6761023
vn 0.1763526 -0.7095909 -0.6821882
vn 0.167475 -0.7073405 -0.6867471
vn 0.1313499 -0.7078161 -0.6940776
vn 0.1065136 -0.7097674 -0.696337
vn 0.1038912 -0.7071201 -0.6994195
vn 0.01024539 -0.7083057 -0.7058315
vn 0.03593387 -0.7070929 -0.706207
vn 0.0339846 -0.709529 -0.7038562
vn 0.06077913 -0.7085029 -0.7030857
vn 0.08147327 -0.7085801 -0.7009112
vn -0.01627691 -0.7081553 -0.705869
vn -0.0370258 -0.7095328 -0.7036991
vn -0.04109658 -0.7070882 -0.7059301
vn -0.1092812 -0.709713 -0.6959634
vn -0.076933 -0.7082163 -0.7017912
vn -0.05907931 -0.7080874 -0.703649
vn -0.1802443 -0.7070086 -0.68385
vn -0.1605312 -0.707996 -0.6877293
vn -0.1790679 -0.709828 -0.6812333
vn -0.1453486 -0.7081848 -0.6909037
vn -0.1120543 -0.707144 -0.6981341
vn -0.214073 -0.7072735 -0.6737483
vn -0.2472061 -0.7095515 -0.6598679
vn -0.2427303 -0.707065 -0.6641846
vn -0.3110692 -0.7095608 -0.6322654
vn -0.2899892 -0.7079169 -0.6440185
vn -0.2653669 -0.7077244 -0.6547569
vn -0.3712723 -0.7093509 -0.5991479
vn -0.3397847 -0.7073826 -0.6198033
vn -0.3137186 -0.7071031 -0.6337081
vn -0.4326578 -0.7071819 -0.5591968
vn -0.4116352 -0.7076716 -0.574245
vn -0.4254359 -0.7093731 -0.5619556
vn -0.3932771 -0.7078272 -0.5867826
vn -0.3697357 -0.7070383 -0.6028202
vn -0.4592283 -0.7072893 -0.5374489
vn -0.4791996 -0.7093304 -0.5169315
vn -0.483513 -0.7070128 -0.5160893
vn -0.5283945 -0.709399 -0.4664251
vn -0.516799 -0.7081941 -0.4810195
vn -0.4993186 -0.7086236 -0.4985314
vn -0.5767986 -0.7071484 -0.4089553
vn -0.5630806 -0.708044 -0.4261617
vn -0.5733399 -0.7099984 -0.4088808
vn -0.5497683 -0.708379 -0.442667
vn -0.5351866 -0.7071608 -0.4620594
vn -0.590285 -0.7082168 -0.3872889
vn -0.6063396 -0.7083071 -0.3614598
vn -0.6030309 -0.7080315 -0.3674849
vn -0.6165375 -0.7066933 -0.3470824
vn -0.6251279 -0.7082769 -0.327962
vn -0.632856 -0.7071855 -0.315249
vn -0.6485117 -0.7097452 -0.2751261
vn -0.6463048 -0.7071895 -0.2866585
vn -0.6763213 -0.7070539 -0.2065536
vn -0.6720383 -0.707348 -0.2191423
vn -0.6727815 -0.7099745 -0.2080891
vn -0.6646436 -0.7077491 -0.239458
vn -0.6552383 -0.7071398 -0.2657367
vn -0.6905923 -0.7097046 -0.13929
vn -0.6860626 -0.7079726 -0.167609
vn -0.6803918 -0.7080191 -0.1891454
vn -0.7037053 -0.7071062 -0.06927866
vn -0.7012339 -0.7077159 -0.08607631
vn -0.7009259 -0.7097935 -0.06997105
vn -0.6984993 -0.7083087 -0.1019689
vn -0.6945218 -0.7072499 -0.1320495
vn -0.7056409 -0.7074319 -0.04013817
vn -0.7047798 -0.7094261 0.0001949376
vn -0.7070776 -0.7070776 -0.009081712
vn -0.7064987 -0.7075145 0.01681584
vn -0.7050554 -0.7077205 0.04504063
vn -0.7010805 -0.7096639 0.06973737
vn -0.7033294 -0.707143 0.07263912
vn -0.6907011 -0.7072121 0.1509405
vn -0.6944875 -0.7071603 0.1327082
vn -0.6904612 -0.7098153 0.1393759
vn -0.6964906 -0.7085652 0.1132974
vn -0.6993523 -0.708515 0.09440804
vn -0.6840003 -0.7078022 0.1765204
vn -0.672786 -0.7100123 0.2079459
vn -0.6775679 -0.7072145 0.2018648
vn -0.6485122 -0.7095045 0.2757447
vn -0.6622956 -0.7078193 0.2456752
vn -0.6706029 -0.7076142 0.2226517
vn -0.5975595 -0.7090887 0.3743204
vn -0.6125239 -0.70701 0.3534846
vn -0.6074625 -0.7073471 0.3614546
vn -0.6287112 -0.7083292 0.3209234
vn -0.6260464 -0.7070612 0.3288318
vn -0.6405461 -0.708611 0.2959241
vn -0.6520454 -0.7069624 0.2739359
vn -0.5870086 -0.7086802 0.3913991
vn -0.5736734 -0.7097006 0.4089304
vn -0.5747717 -0.7071176 0.4118522
vn -0.5590184 -0.7086046 0.4305555
vn -0.5284704 -0.7096877 0.4658995
vn -0.5463313 -0.7086871 0.4464131
vn -0.4774965 -0.7070318 0.5216351
vn -0.4945196 -0.7078396 0.5043942
vn -0.4788265 -0.7096308 0.516865
vn -0.5138494 -0.7078952 0.4846062
vn -0.5329022 -0.7071251 0.4647464
vn -0.4540839 -0.7072732 0.5418231
vn -0.4252343 -0.709241 0.5622749
vn -0.4281671 -0.7069595 0.562922
vn -0.3715841 -0.7091842 0.5991519
vn -0.3886572 -0.7077724 0.5899185
vn -0.4079802 -0.7079437 0.5765136
vn -0.3106944 -0.7071419 0.635153
vn -0.3273728 -0.7077642 0.6260167
vn -0.3111811 -0.7097877 0.6319556
vn -0.3423379 -0.7082922 0.6173548
vn -0.3644857 -0.7072981 0.6057058
vn -0.2859 -0.7076744 0.6461101
vn -0.246928 -0.709657 0.6598588
vn -0.2597285 -0.7072446 0.6575303
vn -0.1791728 -0.7098953 0.6811357
vn -0.2085145 -0.7072164 0.6755492
vn -0.2376252 -0.707201 0.6658836
vn -0.1091834 -0.709924 0.6957635
vn -0.142645 -0.7078075 0.6918533
vn -0.1721483 -0.7071925 0.6857431
vn -0.03899258 -0.7070897 0.706048
vn -0.05944888 -0.708165 0.7035397
vn -0.03729121 -0.7098504 0.7033646
vn -0.07746223 -0.7085441 0.7014021
vn -0.1075163 -0.7071232 0.6988684
vn -0.01304548 -0.708198 0.7058933
vn 0.03421543 -0.709719 0.7036535
vn 0.0106299 -0.7082813 0.7058503
vn 0.102093 -0.7071406 0.6996636
vn 0.08746028 -0.7079606 0.7008156
vn 0.1063287 -0.7100318 0.6960956
vn 0.06469288 -0.7078937 0.70335
vn 0.03454729 -0.7069365 0.7064327
vn 0.1991101 -0.7083061 0.6772427
vn 0.1706445 -0.7071674 0.6861448
vn 0.1765125 -0.709825 0.6819031
vn 0.1375212 -0.7077155 0.6929838
vn 0.114678 -0.7072064 0.6976446
vn 0.2183775 -0.7085426 0.671028
vn 0.2434262 -0.7084516 0.66245
vn 0.2441029 -0.7107183 0.6597675
vn 0.286353 -0.7070441 0.6465992
vn 0.2570016 -0.7156752 0.6494299
vn 0.2812119 -0.7068484 0.6490648
vn 0.2814192 -0.707576 0.6481816
vn 0.2838986 -0.7070064 0.6477218
vn -0.2753268 -0.6518193 -0.7066306
vn -0.2771394 -0.6507345 -0.7069217
vn -0.2434082 -0.6624372 -0.7084698
vn -0.2780013 -0.6494253 -0.7077869
vn -0.2827153 -0.6471053 -0.7080444
vn -0.2868699 -0.646374 -0.7070405
vn -0.2514357 -0.6492403 -0.7178212
vn -0.2414312 -0.6601429 -0.7112821
vn -0.2088744 -0.6753585 -0.7072922
vn -0.1763512 -0.6821882 -0.7095911
vn -0.1674756 -0.6867471 -0.7073404
vn -0.1313496 -0.6940765 -0.7078171
vn -0.1065125 -0.6963367 -0.7097678
vn -0.1038922 -0.69942 -0.7071196
vn -0.01024463 -0.7058317 -0.7083055
vn -0.03593589 -0.706207 -0.7070928
vn -0.03398311 -0.703856 -0.7095294
vn -0.06078186 -0.7030848 -0.7085035
vn -0.0814756 -0.7009112 -0.7085798
vn 0.01627528 -0.705868 -0.7081564
vn 0.03702809 -0.7036986 -0.7095332
vn 0.04109343 -0.7059296 -0.7070889
vn 0.1092838 -0.6959627 -0.7097133
vn 0.07693233 -0.7017929 -0.7082147
vn 0.05907746 -0.7036527 -0.7080839
vn 0.1802397 -0.6838514 -0.7070084
vn 0.1605306 -0.6877303 -0.7079951
vn 0.1790683 -0.6812339 -0.7098273
vn 0.1453515 -0.6909031 -0.7081849
vn 0.112054 -0.6981333 -0.7071449
vn 0.2140727 -0.6737481 -0.7072739
vn 0.2472046 -0.659869 -0.7095511
vn 0.2427309 -0.6641814 -0.7070678
vn 0.311068 -0.632266 -0.7095606
vn 0.2899883 -0.6440195 -0.7079164
vn 0.2653682 -0.6547534 -0.7077271
vn 0.3712735 -0.5991472 -0.7093509
vn 0.3397845 -0.6198043 -0.7073819
vn 0.3137174 -0.6337101 -0.7071018
vn 0.4326545 -0.5591984 -0.7071826
vn 0.4116328 -0.574245 -0.707673
vn 0.4254358 -0.5619554 -0.7093734
vn 0.3932789 -0.5867817 -0.7078269
vn 0.369737 -0.6028209 -0.7070372
vn 0.4592266 -0.5374491 -0.7072902
vn 0.4791979 -0.516932 -0.7093312
vn 0.4835069 -0.5160962 -0.7070119
vn 0.5283912 -0.4664289 -0.7093989
vn 0.5167989 -0.4810173 -0.7081958
vn 0.4993135 -0.4985378 -0.7086225
vn 0.5767994 -0.4089565 -0.7071471
vn 0.5630834 -0.4261585 -0.7080438
vn 0.5733384 -0.4088843 -0.7099976
vn 0.5497655 -0.4426731 -0.7083774
vn 0.5351843 -0.4620606 -0.7071617
vn 0.5902838 -0.3872929 -0.7082157
vn 0.6063431 -0.3614419 -0.7083133
vn 0.6030287 -0.367494 -0.7080286
vn 0.616535 -0.3470961 -0.7066887
vn 0.6251301 -0.3279454 -0.7082826
vn 0.6328555 -0.3152512 -0.7071849
vn 0.648512 -0.2751232 -0.7097459
vn 0.6462955 -0.2866573 -0.7071985
vn 0.6763222 -0.2065344 -0.7070587
vn 0.6720402 -0.2191232 -0.7073521
vn 0.6727813 -0.2080876 -0.7099752
vn 0.6646432 -0.2394619 -0.7077482
vn 0.6552286 -0.2657355 -0.7071494
vn 0.6905925 -0.1392909 -0.7097042
vn 0.6860636 -0.1676043 -0.7079728
vn 0.6803911 -0.1891459 -0.7080196
vn 0.7037063 -0.06927991 -0.7071052
vn 0.7012336 -0.08608662 -0.707715
vn 0.7009265 -0.0699698 -0.709793
vn 0.6984987 -0.1019774 -0.7083079
vn 0.694523 -0.1320471 -0.7072491
vn 0.7056412 -0.04013936 -0.7074315
vn 0.7046763 0.0001683338 -0.7095288
vn 0.7070774 -0.009068726 -0.707078
vn 0.7068674 0.009171782 -0.7072867
vn 0.7051504 0.02595789 -0.7085824
vn 0.7042414 0.04766134 -0.708359
vn 0.70108 0.06973952 -0.7096642
vn 0.7033294 0.07264199 -0.7071428
vn 0.6905112 0.1393943 -0.709763
vn 0.6964912 0.1132925 -0.7085654
vn 0.6993525 0.0944059 -0.708515
vn 0.6706028 0.222653 -0.7076139
vn 0.6775696 0.2018604 -0.7072141
vn 0.6727865 0.207947 -0.7100115
vn 0.6844621 0.1755517 -0.7075969
vn 0.6927314 0.1420596 -0.7070659
vn 0.6622961 0.2456738 -0.7078193
vn 0.6485122 0.2757473 -0.7095036
vn 0.6520439 0.2739405 -0.706962
vn 0.6405436 0.2959328 -0.7086096
vn 0.6260468 0.3288368 -0.7070586
vn 0.6287116 0.3209245 -0.7083284
vn 0.6074621 0.3614581 -0.7073456
vn 0.6125248 0.3534773 -0.7070128
vn 0.5736747 0.4089278 -0.7097009
vn 0.5870074 0.3914084 -0.7086762
vn 0.5975598 0.3743179 -0.7090898
vn 0.5329038 0.4647473 -0.7071234
vn 0.5463323 0.4464116 -0.7086873
vn 0.5284739 0.4658961 -0.7096874
vn 0.5590199 0.430548 -0.7086079
vn 0.5747705 0.411857 -0.7071158
vn 0.5138527 0.4846025 -0.7078953
vn 0.4788285 0.5168645 -0.7096297
vn 0.4945219 0.5043918 -0.7078397
vn 0.4079808 0.5765126 -0.7079442
vn 0.428168 0.5629197 -0.7069609
vn 0.4252352 0.5622746 -0.7092406
vn 0.4540851 0.5418239 -0.7072719
vn 0.4774982 0.5216333 -0.7070319
vn 0.3886585 0.5899187 -0.7077715
vn 0.3715828 0.5991523 -0.7091847
vn 0.3644853 0.6057075 -0.707297
vn 0.3423394 0.6173567 -0.7082899
vn 0.3111819 0.6319547 -0.7097881
vn 0.3273759 0.6260164 -0.7077631
vn 0.2376233 0.66588 -0.7072051
vn 0.2597258 0.6575258 -0.7072499
vn 0.2469303 0.6598579 -0.7096571
vn 0.2858998 0.6461092 -0.7076752
vn 0.3106932 0.6351519 -0.7071434
vn 0.2085155 0.6755494 -0.7072157
vn 0.1791735 0.6811352 -0.7098955
vn 0.1721468 0.6857424 -0.7071936
vn 0.1426437 0.6918522 -0.7078087
vn 0.1091823 0.6957637 -0.7099239
vn 0.1075172 0.698869 -0.7071224
vn 0.07746201 0.7014002 -0.7085459
vn 0.03728906 0.7033643 -0.7098509
vn 0.05944847 0.703536 -0.7081687
vn -0.03454643 0.7064316 -0.7069378
vn -0.0106283 0.7058501 -0.7082813
vn -0.0342161 0.7036532 -0.7097193
vn 0.01304459 0.7058952 -0.7081962
vn 0.03899093 0.70605 -0.7070878
vn -0.06469306 0.7033486 -0.7078951
vn -0.1063299 0.6961096 -0.7100179
vn -0.08902544 0.7007456 -0.7078347
vn -0.1991117 0.6772418 -0.7083064
vn -0.1706453 0.6861442 -0.7071678
vn -0.1765119 0.6819033 -0.7098249
vn -0.13752 0.692984 -0.7077156
vn -0.1110445 0.6982986 -0.7071409
vn -0.2183778 0.6710269 -0.7085437
vn -0.2434253 0.6624501 -0.7084519
vn -0.244104 0.6597664 -0.7107191
vn -0.2861592 0.6466866 -0.7070427
vn -0.2570037 0.6494314 -0.7156731
vn -0.2810251 0.6491471 -0.7068472
vn -0.2812719 0.6482162 -0.7076029
vn -0.2838474 0.6477463 -0.7070044
vn -0.08018655 0.7016801 0.7079655
vn -0.09665532 0.7004495 0.7071267
vn -0.09907903 0.6971408 0.710055
vn -0.2832851 0.6474332 0.7075167
vn -0.2948872 0.6424189 0.7073469
vn -0.2832714 0.6471093 0.7078183
vn -0.2585028 0.6576275 0.7076033
vn -0.2371802 0.6636829 0.7094156
vn -0.2341325 0.6671784 0.7071456
vn -0.1694599 0.6837032 0.7098121
vn -0.1960244 0.6778088 0.7086253
vn -0.2131682 0.6725097 0.7087243
vn -0.1113859 0.6979449 0.7074363
vn -0.1322386 0.6938382 0.7078852
vn -0.1657453 0.6873803 0.7071328
vn -0.05747464 0.7039566 0.7079137
vn -0.02690456 0.70401 0.7096803
vn -0.01814975 0.7066529 0.7073274
vn 0.01854543 0.7061232 0.7078462
vn 0.04470212 0.7029646 0.7098186
vn 0.04585318 0.7056386 0.7070866
vn 0.1163089 0.6947196 0.7098146
vn 0.08106459 0.7011511 0.7083895
vn 0.06434967 0.7033596 0.7079155
vn 0.1815788 0.683477 0.7070277
vn 0.1638439 0.6865394 0.7083917
vn 0.1861607 0.6792534 0.7099007
vn 0.1475485 0.6905247 0.7080995
vn 0.1126643 0.6980073 0.7071723
vn 0.2153854 0.6734151 0.7071925
vn 0.2536055 0.6573303 0.7096487
vn 0.2445542 0.6633981 0.7071748
vn 0.3177772 0.6288409 0.7096314
vn 0.2921185 0.6433493 0.7076501
vn 0.26616 0.6549791 0.7072209
vn 0.3779909 0.5952926 0.7090484
vn 0.3415226 0.6185352 0.7076556
vn 0.3169771 0.6320437 0.7071395
vn 0.4320267 0.5598956 0.7070148
vn 0.4100338 0.5740497 0.708759
vn 0.4323269 0.5566851 0.7093624
vn 0.3933866 0.5861732 0.7082711
vn 0.3691956 0.6028121 0.7073275
vn 0.4589744 0.5375735 0.7073594
vn 0.48575 0.5102355 0.709723
vn 0.4814024 0.5178531 0.7071633
vn 0.5467377 0.4475158 0.7076775
vn 0.537449 0.4595183 0.7071008
vn 0.5347838 0.4583985 0.709843
vn 0.5191698 0.4790982 0.7077624
vn 0.4990197 0.5003607 0.7075439
vn 0.5905225 0.3876569 0.7078173
vn 0.5796265 0.4050161 0.7071034
vn 0.5787676 0.4010484 0.7100623
vn 0.5640081 0.4242068 0.7084796
vn 0.5532387 0.437589 0.7088318
vn 0.6003068 0.3708853 0.708573
vn 0.616817 0.3396476 0.7100537
vn 0.6108781 0.3549724 0.7076883
vn 0.6540405 0.2686404 0.7071516
vn 0.6428455 0.2926894 0.7078719
vn 0.6484414 0.2750738 0.7098296
vn 0.6322606 0.3143391 0.7081226
vn 0.6212012 0.3378578 0.7070794
vn 0.6646429 0.2394636 0.7077478
vn 0.6728078 0.2080878 0.7099501
vn 0.6727443 0.217182 0.7072814
vn 0.6904733 0.139337 0.709811
vn 0.6858087 0.1708865 0.7074351
vn 0.6784792 0.1984576 0.7073052
vn 0.7037067 0.06927521 0.7071052
vn 0.7002351 0.09084674 0.7081085
vn 0.7009114 0.0699249 0.7098125
vn 0.6970322 0.1104968 0.7084749
vn 0.6938326 0.1366831 0.7070461
vn 0.7056412 0.04013513 0.7074317
vn 0.7047784 -0.0002013765 0.7094275
vn 0.7070774 0.009067939 0.707078
vn -0.2818919 -0.6482357 0.7073383
vn -0.2876568 -0.6459363 0.7071208
vn -0.2649529 -0.6554765 0.7072133
vn -0.1005943 -0.6988493 0.70816
vn -0.1393436 -0.6929194 0.7074221
vn -0.1222755 -0.6964583 0.707103
vn -0.2519495 -0.6598741 0.7078754
vn -0.2410693 -0.6648399 0.7070173
vn -0.2155737 -0.6732556 0.707287
vn -0.2134982 -0.6742724 0.7069479
vn -0.1777607 -0.6841681 0.7073296
vn -0.1749862 -0.6853847 0.7068433
vn -0.1411745 -0.6930521 0.706929
vn -0.03945456 -0.7060919 0.7070202
vn -0.02312566 -0.7064915 0.7073436
vn -0.06600522 -0.7032516 0.7078704
vn -0.05945126 -0.7047269 0.7069834
vn -0.08739524 -0.7007332 0.7080501
vn -0.1058935 -0.6991446 0.7070951
vn -0.01578048 -0.7063363 0.7077004
vn 0.01163618 -0.7063612 0.7077558
vn 0.02959652 -0.705257 0.7083337
vn 0.03975374 -0.7052744 0.7078189
vn 0.07773479 -0.7038974 0.7060353
vn 0.06584679 -0.7029581 0.7081767
vn 0.1145406 -0.6979619 0.7069154
vn 0.1046084 -0.699246 0.707186
vn 0.1400818 -0.6929521 0.7072443
vn 0.1553129 -0.6889613 0.7079621
vn 0.1574177 -0.6892051 0.7072596
vn 0.1750796 -0.6855748 0.706636
vn 0.1916023 -0.6793346 0.7083735
vn 0.2084841 -0.6756026 0.7071742
vn 0.2464872 -0.6600248 0.7096558
vn 0.2370362 -0.6661395 0.7071577
vn 0.2482715 -0.6620923 0.7071033
vn 0.3338418 -0.6227176 0.7076528
vn 0.3425278 -0.6181077 0.7075434
vn 0.3690271 -0.6028828 0.7073551
vn 0.3644309 -0.6049423 0.7079796
vn 0.3991776 -0.5836374 0.7071242
vn 0.2606061 -0.6571072 0.707315
vn 0.2858359 -0.6460856 0.7077225
vn 0.3002468 -0.6388162 0.7083542
vn 0.3106577 -0.6352326 0.7070866
vn 0.3269834 -0.6269827 0.7070886
vn 0.3876625 -0.5909244 0.7074787
vn 0.4100264 -0.5764267 0.7068315
vn 0.4302818 -0.5612535 0.7070022
vn 0.428722 -0.5613758 0.7078522
vn 0.4608409 -0.5373041 0.7063497
vn 0.4528101 -0.5418807 0.7080454
vn 0.4882834 -0.511035 0.7074054
vn 0.477586 -0.5215494 0.7070345
vn 0.4945669 -0.5043706 0.7078233
vn 0.5139884 -0.4846828 0.7077417
vn 0.5270147 -0.4676412 0.7096246
vn 0.5501233 -0.4388661 0.7104653
vn 0.5653899 -0.4220243 0.7086817
vn 0.5443349 -0.4476155 0.7094644
vn 0.5330265 -0.464438 0.7072341
vn 0.6016831 -0.3700658 0.7078338
vn 0.6091111 -0.3571458 0.7081175
vn 0.5875491 -0.3919407 0.7079325
vn 0.5606046 -0.4288182 0.7084048
vn 0.5748787 -0.4118819 0.7070134
vn 0.5888827 -0.3907154 0.7075016
vn 0.6109783 -0.355823 0.7071744
vn 0.6198071 -0.340891 0.7068468
vn 0.6291156 -0.3213029 0.7077979
vn 0.632304 -0.3159777 0.7073541
vn 0.6475339 -0.2828655 0.7075923
vn 0.6441966 -0.2907352 0.7074487
vn 0.6538036 -0.270146 0.7067969
vn 0.6620507 -0.2473642 0.7074602
vn 0.6631295 -0.2448058 0.7073396
vn 0.6744041 -0.2095166 0.7080126
vn 0.6719606 -0.2193254 0.7073651
vn 0.6799445 -0.1942282 0.707072
vn 0.6863365 -0.1708424 0.7069336
vn 0.6853226 -0.1730022 0.7073918
vn 0.6946213 -0.134131 0.7067603
vn 0.6906943 -0.1509541 0.7072159
vn 0.6950086 -0.1276433 0.7075805
vn 0.7008379 -0.09462077 0.7070171
vn 0.6992922 -0.1001422 0.7077867
vn 0.7038769 -0.05758259 0.7079841
vn 0.7033278 -0.07265005 0.7071435
vn 0.7050548 -0.0450452 0.7077209
vn 0.7064985 -0.01682696 0.7075144
vn 0.2882687 -0.7110142 0.6413735
vn 0.2810598 -0.7077866 0.6481076
vn 0.2731146 -0.7096599 0.6494545
vn -0.2860115 -0.647759 0.7061203
vn -0.2862641 -0.6476603 0.7061084
vn -0.2786705 -0.6460931 0.7105677
vn -0.2857939 -0.6455405 0.7082368
vn -0.2665159 -0.6492538 0.7123473
vn -0.2359512 -0.6617399 0.711637
vn -0.265557 -0.6612588 0.7015812
vn -0.2329098 -0.6690934 0.7057387
vn -0.2301063 -0.6676157 0.7080541
vn -0.1433222 -0.6912626 0.7082477
vn -0.1710374 -0.6898304 0.7034774
vn -0.1951789 -0.6964261 0.6905765
vn 0.06973423 -0.7149026 0.6957381
vn 0.001513588 -0.7125765 0.7015927
vn -0.03425008 -0.7076777 0.7057047
vn -0.07759201 -0.7076458 0.7022942
vn -0.1206203 -0.6970491 0.7068051
vn 0.122351 -0.7375319 0.6641363
vn 0.102902 -0.7217249 0.6844884
vn 0.05805347 -0.7126225 0.6991416
vn 0.1326454 -0.7230762 0.6779131
vn 0.1608994 -0.7142111 0.6811856
vn 0.1716444 -0.7124229 0.6804349
vn 0.2707866 -0.7085222 0.6516678
vn 0.2523798 -0.7179118 0.6487734
vn 0.2243351 -0.7093882 0.6681632
vn 0.22608 -0.7125537 0.664195
vn 0.2000424 -0.7271751 0.6566579
vn 0.2731534 -0.7057793 0.6536536
vn 0.288077 -0.7059752 0.6470014
vn 0.2722121 -0.7066406 0.6531153
vn 0.2236582 -0.707435 0.6704572
vn 0.2079693 -0.7061834 0.6767967
vn 0.2476667 -0.7031304 0.6665349
vn 0.259132 -0.7010461 0.6643681
vn 0.177322 -0.7068328 0.6847951
vn 0.1549026 -0.7083261 0.6886793
vn 0.1504534 -0.708492 0.6894946
vn 0.05894547 -0.707253 0.7044989
vn 0.09800151 -0.7041772 0.7032284
vn 0.1275567 -0.7039933 0.6986578
vn -0.04463963 -0.6990796 0.7136491
vn -0.02071221 -0.698441 0.7153678
vn 0.03118586 -0.7023328 0.7111654
vn -0.1515652 -0.6828188 0.7146934
vn -0.1024283 -0.6882908 0.7181672
vn -0.06776322 -0.6942203 0.7165656
vn -0.2488698 -0.6589074 0.7098625
vn -0.2142978 -0.6668614 0.7137033
vn -0.1664285 -0.6793419 0.7147
vn 0.2797536 -0.7079807 -0.6484607
vn 0.2669072 -0.7107727 -0.650817
vn 0.2764649 -0.7088572 -0.6489134
vn -0.2680331 -0.6477323 -0.7131627
vn -0.2381181 -0.6640872 -0.7087227
vn -0.2562768 -0.6560199 -0.7099015
vn -0.241375 -0.6646874 -0.7070564
vn -0.0976851 -0.6944581 -0.7128714
vn -0.1055354 -0.6957933 -0.7104464
vn -0.1277442 -0.6816759 -0.720416
vn -0.1772285 -0.6821406 -0.7094183
vn -0.1371041 -0.6784627 -0.7217277
vn -0.1796081 -0.679899 -0.7109699
vn -0.2009016 -0.6615695 -0.722471
vn 0.06832304 -0.7036847 -0.7072198
vn 0.0609869 -0.7055207 -0.7060602
vn 0.03094608 -0.6924767 -0.7207763
vn -0.01979946 -0.7017956 -0.7121031
vn 0.01000012 -0.698131 -0.7159001
vn -0.03428801 -0.6994562 -0.7138523
vn -0.06237864 -0.6910895 -0.7200724
vn 0.1116596 -0.6968877 -0.7084346
vn 0.1530424 -0.7037466 -0.6937714
vn 0.1415488 -0.7055146 -0.6944156
vn 0.2288695 -0.7043002 -0.671997
vn 0.2301255 -0.706843 -0.6688911
vn 0.202627 -0.7000341 -0.6847588
vn 0.1752199 -0.7034877 -0.6887692
vn 0.2757936 -0.6887372 -0.6705066
vn 0.2545279 -0.7112613 -0.6552273
vn 0.2291866 -0.7096624 -0.6662228
vn 0.2371327 -0.7074419 -0.6658033
vn 0.1608288 -0.7081056 -0.6875467
vn 0.1817449 -0.7108231 -0.6794845
vn 0.1576275 -0.710391 -0.6859288
vn 0.1996606 -0.7117938 -0.6734131
vn 0.2184714 -0.708366 -0.6711839
vn 0.1229847 -0.7116082 -0.6917286
vn 0.07658295 -0.7109382 -0.6990723
vn 0.07704069 -0.7098204 -0.7001569
vn 0.0294073 -0.7128293 -0.7007208
vn -0.007972733 -0.7099487 -0.7042083
vn -0.002991146 -0.7091416 -0.7050598
vn -0.1220743 -0.7007141 -0.7029207
vn -0.08315182 -0.7029521 -0.7063597
vn -0.09137674 -0.7022262 -0.7060656
vn -0.05681425 -0.7100458 -0.7018597
vn -0.03340299 -0.7098921 -0.703518
vn -0.1598074 -0.69072 -0.7052429
vn -0.1682088 -0.6875335 -0.7064018
vn -0.2074817 -0.6782714 -0.7049107
vn -0.2333777 -0.6684964 -0.7061498
vn -0.2370739 -0.6678829 -0.7054987
vn -0.2724405 -0.6544921 -0.7052774
vn -0.261697 -0.6586451 -0.7054795
vn 0.2859363 0.706116 -0.6477967
vn 0.2852579 0.7057886 -0.6484523
vn 0.2779787 0.7107024 -0.646243
vn 0.2857231 0.7082243 -0.6455854
vn 0.2658141 0.7122997 -0.6495937
vn 0.2353734 0.7116562 -0.6619251
vn 0.2642615 0.7020821 -0.6612462
vn 0.2320131 0.7060868 -0.6690376
vn 0.2282756 0.7085472 -0.6677209
vn 0.1423127 0.7087795 -0.690926
vn 0.1686541 0.704313 -0.6895643
vn 0.1929289 0.6901984 -0.6974272
vn -0.06942234 0.6962277 -0.7144561
vn -0.001535914 0.7023751 -0.7118055
vn 0.03346356 0.7061746 -0.7072465
vn 0.07691213 0.7027991 -0.7072185
vn 0.1185144 0.7072109 -0.6969986
vn -0.1211369 0.6657562 -0.7362707
vn -0.1019917 0.6855705 -0.7208264
vn -0.05722829 0.6997961 -0.7120467
vn -0.1312052 0.6787125 -0.7225889
vn -0.1594827 0.6815723 -0.71416
vn -0.1696916 0.6811851 -0.7121738
vn -0.2224647 0.6681619 -0.7099783
vn -0.2198422 0.6669613 -0.7119215
vn -0.1981899 0.6574721 -0.7269465
vn -0.2879399 0.641403 -0.7111208
vn -0.2772063 0.6499662 -0.707602
vn -0.2723623 0.6499439 -0.7095009
vn -0.2521886 0.6478378 -0.7188234
vn -0.2434381 0.6545026 -0.7157963
vn -0.2721433 0.6537507 -0.7060794
vn -0.2874068 0.6471824 -0.7060823
vn -0.2679715 0.655203 -0.7063289
vn -0.2471451 0.6647826 -0.7049705
vn -0.2220876 0.6705682 -0.7078243
vn -0.205441 0.6772344 -0.7065037
vn -0.17519 0.6848287 -0.7073317
vn -0.1535581 0.6885768 -0.7087185
vn -0.1495216 0.6891375 -0.7090365
vn -0.05875696 0.7043762 -0.7073909
vn -0.03065315 0.7109739 -0.7025499
vn -0.09742367 0.7024804 -0.7050034
vn -0.1279297 0.6974626 -0.7051099
vn 0.02046499 0.7150326 -0.6987914
vn 0.04419512 0.7133873 -0.699375
vn 0.06672104 0.7161835 -0.6947154
vn 0.1503654 0.7148206 -0.6829507
vn 0.1167845 0.7202746 -0.6837879
vn 0.09397557 0.7232241 -0.6841897
vn 0.247892 0.7096822 -0.65947
vn 0.2129054 0.7135133 -0.6675103
vn 0.1702299 0.7147413 -0.6783558
vn -0.2907588 0.6439103 0.7076996
vn -0.2890683 0.6441105 0.7082098
vn -0.2738132 0.6487625 0.7100236
vn -0.2731487 0.6483372 0.7106677
vn -0.2520323 0.6542636 0.713035
vn -0.2461331 0.6563379 0.7131894
vn -0.2270664 0.6625152 0.7138029
vn -0.2330961 0.6595961 0.7145622
vn -0.2110251 0.6663443 0.7151598
vn -0.2100794 0.6665663 0.7152314
vn -0.1821065 0.6729342 0.7169356
vn -0.163349 0.6750517 0.7194598
vn -0.09921727 0.6894995 0.7174584
vn -0.1286445 0.6777585 0.7239434
vn -0.07933111 0.6977646 0.7119207
vn -0.1282008 0.6901835 0.7121877
vn -0.05663454 0.6996195 0.7122675
vn -0.02975864 0.7027817 0.7107829
vn -0.0161881 0.7053618 0.7086626
vn 0.007414401 0.7075915 0.7065828
vn 0.01808504 0.7092838 0.704691
vn 0.05254147 0.7122933 0.6999127
vn 0.06278785 0.7140434 0.6972802
vn 0.09438282 0.7155589 0.692147
vn 0.1145703 0.7148457 0.6898327
vn 0.130059 0.7167699 0.6850735
vn 0.174532 0.7166747 0.6752154
vn 0.1458909 0.7148343 0.6839062
vn 0.1840903 0.7165845 0.6727685
vn 0.2165863 0.7153161 0.6643893
vn 0.2163267 0.7149828 0.6648326
vn 0.2405383 0.7141129 0.6574071
vn 0.2423448 0.7142372 0.6566081
vn 0.2587799 0.7124117 0.6523056
vn 0.2728963 0.7107959 0.648303
vn 0.2796586 0.7097588 0.6465552
vn 0.2924589 0.7083129 0.6424645
vn 0.2904266 0.7076889 0.6440719
f 1//1 2//2 3//3
f 3//3 2//2 4//4
f 3//3 4//4 5//5
f 6//6 7//7 4//4
f 4//4 7//7 8//8
f 4//4 8//8 9//9
f 9//9 10//10 4//4
f 4//4 10//10 11//11
f 4//4 11//11 5//5
f 12//12 13//13 14//14
f 14//14 13//13 15//15
f 14//14 15//15 16//16
f 17//17 18//18 12//12
f 12//12 18//18 19//19
f 12//12 19//19 20//20
f 17//17 12//12 14//14
f 17//17 14//14 4//4
f 4//4 14//14 21//21
f 4//4 21//21 6//6
f 20//20 22//22 12//12
f 12//12 22//22 23//23
f 12//12 23//23 24//24
f 25//22 26//22 27//25
f 28//22 15//15 29//22
f 29//22 15//15 30//22
f 31//26 32//27 33//28
f 33//28 32//27 34//29
f 33//28 34//29 35//30
f 35//30 36//31 33//28
f 33//28 36//31 27//25
f 33//28 27//25 37//22
f 37//22 27//25 26//22
f 38//32 39//33 33//28
f 33//28 39//33 40//34
f 33//28 40//34 31//26
f 30//22 15//15 33//28
f 33//28 15//15 41//35
f 33//28 41//35 38//32
f 42//36 43//37 44//38
f 44//38 43//37 45//39
f 44//38 45//39 46//40
f 46//40 47//41 44//38
f 44//38 47//41 48//42
f 44//38 48//42 49//43
f 50//44 51//45 49//43
f 49//43 51//45 52//46
f 49//43 52//46 44//38
f 28//22 53//47 15//15
f 15//15 53//47 54//48
f 15//15 54//48 55//49
f 55//49 56//50 15//15
f 15//15 56//50 57//51
f 15//15 57//51 58//52
f 25//22 27//25 44//38
f 44//38 27//25 59//53
f 44//38 59//53 42//36
f 50//44 60//54 51//45
f 51//45 60//54 61//55
f 51//45 61//55 62//56
f 62//56 61//55 63//57
f 58//52 64//58 15//15
f 15//15 64//58 65//59
f 15//15 65//59 16//16
f 66//60 67//61 68//62
f 69//63 70//64 68//62
f 68//62 70//64 71//65
f 68//62 71//65 72//66
f 73//67 74//68 68//62
f 68//62 74//68 75//69
f 75//69 76//70 68//62
f 68//62 76//70 77//71
f 68//62 77//71 78//72
f 79//73 80//74 68//62
f 68//62 80//74 81//75
f 68//62 81//75 82//76
f 82//76 83//77 68//62
f 68//62 83//77 84//78
f 68//62 84//78 85//79
f 86//80 87//81 88//82
f 78//72 89//83 68//62
f 68//62 89//83 90//84
f 68//62 90//84 66//60
f 67//61 91//85 68//62
f 68//62 91//85 92//86
f 68//62 92//86 79//73
f 93//87 94//88 86//80
f 86//80 94//88 95//89
f 86//80 95//89 87//81
f 72//66 96//90 68//62
f 68//62 96//90 97//91
f 68//62 97//91 98//92
f 98//92 99//93 68//62
f 68//62 99//93 100//94
f 68//62 100//94 73//67
f 85//79 101//95 68//62
f 68//62 101//95 102//96
f 68//62 102//96 86//80
f 86//80 102//96 103//97
f 86//80 103//97 93//87
f 104//98 105//99 106//100
f 88//82 107//101 86//80
f 86//80 107//101 108//102
f 86//80 108//102 109//103
f 109//103 108//102 104//98
f 109//103 104//98 110//104
f 110//104 104//98 106//100
f 111//105 112//106 113//107
f 111//105 113//107 114//108
f 115//109 116//110 117//111
f 117//111 116//110 118//112
f 117//111 118//112 119//113
f 119//113 118//112 120//114
f 119//113 120//114 121//115
f 121//115 120//114 122//116
f 121//115 122//116 123//117
f 123//117 122//116 124//118
f 123//117 124//118 125//119
f 125//119 124//118 126//120
f 125//119 126//120 127//121
f 127//121 126//120 128//122
f 127//121 128//122 129//123
f 129//123 128//122 130//124
f 129//123 130//124 131//125
f 131//125 130//124 132//126
f 131//125 132//126 133//127
f 133//127 132//126 134//128
f 133//127 134//128 135//129
f 135//129 134//128 136//130
f 135//129 136//130 137//131
f 137//131 136//130 138//132
f 137//131 138//132 139//133
f 139//133 138//132 114//108
f 139//133 114//108 140//134
f 140//134 114//108 113//107
f 141//135 142//136 143//137
f 143//137 142//136 144//138
f 143//137 144//138 145//139
f 145//139 144//138 146//140
f 145//139 146//140 147//141
f 147//141 146//140 148//142
f 147//141 148//142 149//143
f 149//143 148//142 150//144
f 149//143 150//144 115//109
f 115//109 150//144 151//145
f 115//109 151//145 116//110
f 152//146 153//147 154//148
f 154//148 153//147 155//149
f 155//149 153//147 156//150
f 155//149 156//150 157//151
f 157//151 156//150 158//152
f 157//151 158//152 159//153
f 159//153 158//152 160//154
f 159//153 160//154 161//155
f 161//155 160//154 162//156
f 161//155 162//156 163//157
f 163//157 162//156 164//158
f 163//157 164//158 165//159
f 165//159 164//158 166//160
f 165//159 166//160 167//161
f 167//161 166//160 168//162
f 167//161 168//162 169//163
f 169//163 168//162 170//164
f 169//163 170//164 141//135
f 141//135 170//164 171//165
f 141//135 171//165 142//136
f 172//166 173//167 174//168
f 174//168 173//167 175//169
f 174//168 175//169 176//170
f 176//170 175//169 177//171
f 176//170 177//171 178//172
f 178//172 177//171 179//173
f 178//172 179//173 180//174
f 180//174 179//173 181//175
f 180//174 181//175 182//176
f 182//176 181//175 183//177
f 182//176 183//177 184//178
f 184//178 183//177 152//146
f 184//178 152//146 185//179
f 185//179 152//146 154//148
f 186//180 187//181 188//182
f 188//182 187//181 189//183
f 189//183 187//181 190//184
f 189//183 190//184 191//185
f 191//185 190//184 192//186
f 191//185 192//186 193//187
f 193//187 192//186 194//188
f 193//187 194//188 195//189
f 195//189 194//188 196//190
f 195//189 196//190 197//191
f 197//191 196//190 198//192
f 197//191 198//192 172//166
f 172//166 198//192 199//193
f 172//166 199//193 173//167
f 188//182 200//194 186//180
f 186//180 200//194 201//195
f 186//180 201//195 202//196
f 202//196 201//195 203//197
f 202//196 203//197 204//198
f 204//198 203//197 205//199
f 204//198 205//199 206//200
f 206//200 205//199 207//201
f 207//201 205//199 208//202
f 207//201 208//202 209//203
f 209//203 208//202 210//204
f 209//203 210//204 211//205
f 211//205 210//204 212//206
f 211//205 212//206 213//207
f 213//207 212//206 214//208
f 213//207 214//208 215//209
f 215//209 214//208 216//210
f 215//209 216//210 217//211
f 217//211 216//210 218//212
f 217//211 218//212 219//213
f 219//213 218//212 220//214
f 219//213 220//214 221//215
f 221//215 220//214 222//216
f 221//215 222//216 223//217
f 224//218 225//219 226//220
f 226//220 225//219 227//221
f 226//220 227//221 228//222
f 228//222 227//221 229//223
f 228//222 229//223 230//224
f 230//224 229//223 231//225
f 230//224 231//225 232//226
f 232//226 231//225 233//227
f 232//226 233//227 234//228
f 234//228 233//227 235//229
f 234//228 235//229 236//230
f 237//231 238//232 239//233
f 239//233 238//232 240//234
f 240//234 238//232 241//235
f 240//234 241//235 242//236
f 242//236 241//235 243//237
f 242//236 243//237 244//238
f 244//238 243//237 245//239
f 244//238 245//239 246//240
f 246//240 245//239 247//241
f 246//240 247//241 248//242
f 248//242 247//241 249//243
f 248//242 249//243 250//244
f 250//244 249//243 251//245
f 250//244 251//245 224//218
f 224//218 251//245 252//246
f 224//218 252//246 225//219
f 253//247 254//248 255//249
f 255//249 254//248 256//250
f 255//249 256//250 257//251
f 257//251 256//250 258//252
f 257//251 258//252 259//253
f 259//253 258//252 260//254
f 259//253 260//254 261//255
f 261//255 260//254 262//256
f 261//255 262//256 263//257
f 263//257 262//256 237//231
f 263//257 237//231 264//258
f 264//258 237//231 239//233
f 265//259 266//260 267//261
f 267//261 266//260 268//262
f 267//261 268//262 269//263
f 269//263 268//262 270//264
f 269//263 270//264 271//265
f 271//265 270//264 272//266
f 271//265 272//266 273//267
f 273//267 272//266 274//268
f 273//267 274//268 253//247
f 253//247 274//268 275//269
f 253//247 275//269 254//248
f 276//270 277//271 278//272
f 276//270 278//272 279//273
f 279//273 278//272 280//274
f 279//273 280//274 281//275
f 281//275 280//274 282//276
f 281//275 282//276 283//277
f 283//277 282//276 284//278
f 283//277 284//278 285//279
f 285//279 284//278 286//280
f 285//279 286//280 287//281
f 287//281 286//280 288//282
f 287//281 288//282 289//283
f 289//283 288//282 290//284
f 289//283 290//284 291//285
f 291//285 290//284 292//286
f 291//285 292//286 293//287
f 293//287 292//286 294//288
f 293//287 294//288 295//289
f 295//289 294//288 296//290
f 295//289 296//290 265//259
f 265//259 296//290 297//291
f 265//259 297//291 266//260
f 277//271 276//270 298//292
f 298//292 276//270 299//293
f 298//292 299//293 300//294
f 300//294 299//293 301//295
f 300//294 301//295 302//296
f 302//296 301//295 303//297
f 302//296 303//297 304//298
f 304//298 303//297 305//299
f 304//298 305//299 306//300
f 306//300 305//299 307//301
f 306//300 307//301 308//302
f 308//302 307//301 309//303
f 309//303 307//301 310//304
f 309//303 310//304 311//305
f 311//305 310//304 312//306
f 311//305 312//306 313//307
f 313//307 312//306 314//308
f 313//307 314//308 315//309
f 315//309 314//308 316//310
f 315//309 316//310 317//311
f 316//310 318//312 317//311
f 317//311 318//312 319//313
f 317//311 319//313 320//314
f 320//314 319//313 321//315
f 320//314 321//315 322//316
f 322//316 321//315 323//317
f 322//316 323//317 324//318
f 324//318 323//317 325//319
f 324//318 325//319 326//320
f 326//320 325//319 327//321
f 326//320 327//321 328//322
f 328//322 327//321 329//323
f 328//322 329//323 330//324
f 330//324 329//323 331//325
f 330//324 331//325 332//326
f 332//326 331//325 333//327
f 332//326 333//327 334//328
f 334//328 333//327 112//106
f 334//328 112//106 111//105
f 335//329 336//330 337//331
f 223//217 222//216 338//332
f 338//332 222//216 339//333
f 338//332 339//333 340//334
f 340//334 339//333 341//335
f 340//334 341//335 342//336
f 342//336 341//335 343//337
f 344//338 345//339 346//340
f 346//340 345//339 347//341
f 346//340 347//341 343//337
f 343//337 347//341 348//342
f 343//337 348//342 342//336
f 344//338 346//340 337//331
f 337//331 346//340 349//343
f 337//331 349//343 335//329
f 350//344 351//345 352//346
f 352//346 351//345 353//347
f 352//346 353//347 336//330
f 336//330 353//347 354//348
f 336//330 354//348 337//331
f 355//349 356//350 350//344
f 350//344 356//350 357//351
f 350//344 357//351 351//345
f 358//352 359//353 355//349
f 355//349 359//353 360//354
f 355//349 360//354 356//350
f 358//352 361//355 359//353
f 359//353 361//355 362//356
f 359//353 362//356 363//357
f 363//357 362//356 364//358
f 363//357 364//358 365//359
f 365//359 364//358 366//360
f 365//359 366//360 367//361
f 367//361 366//360 368//362
f 367//361 368//362 1//1
f 1//1 368//362 369//363
f 1//1 369//363 2//2
f 370//364 371//365 372//366
f 373//367 374//368 375//369
f 70//64 69//63 376//370
f 377//371 378//372 379//373
f 376//370 380//374 70//64
f 70//64 380//374 377//371
f 70//64 377//371 381//375
f 381//375 377//371 379//373
f 378//372 382//376 379//373
f 379//373 382//376 383//377
f 379//373 383//377 384//378
f 384//378 383//377 385//379
f 383//377 386//380 385//379
f 385//379 386//380 387//381
f 385//379 387//381 388//382
f 388//382 387//381 389//383
f 388//382 389//383 390//384
f 390//384 389//383 391//385
f 375//369 374//368 389//383
f 389//383 374//368 392//386
f 389//383 392//386 391//385
f 375//369 393//387 373//367
f 373//367 393//387 394//388
f 373//367 394//388 395//389
f 394//388 396//390 395//389
f 395//389 396//390 397//391
f 395//389 397//391 398//392
f 372//366 371//365 397//391
f 397//391 371//365 399//393
f 397//391 399//393 398//392
f 370//364 372//366 400//394
f 400//394 372//366 401//395
f 400//394 401//395 402//396
f 401//395 403//397 402//396
f 402//396 403//397 404//398
f 402//396 404//398 405//399
f 405//399 404//398 236//230
f 405//399 236//230 235//229
f 406//400 407//401 408//402
f 408//402 407//401 409//403
f 408//402 409//403 410//404
f 410//404 409//403 411//405
f 410//404 411//405 412//406
f 412//406 411//405 413//407
f 412//406 413//407 414//408
f 414//408 413//407 415//409
f 414//408 415//409 416//410
f 406//400 417//411 407//401
f 407//401 417//411 418//412
f 407//401 418//412 419//413
f 419//413 418//412 420//414
f 419//413 420//414 421//415
f 421//415 420//414 422//416
f 421//415 422//416 423//417
f 423//417 422//416 424//418
f 423//417 424//418 425//419
f 425//419 424//418 426//420
f 425//419 426//420 427//421
f 427//421 426//420 428//422
f 427//421 428//422 429//423
f 429//423 428//422 430//424
f 429//423 430//424 431//425
f 431//425 430//424 432//426
f 431//425 432//426 433//427
f 433//427 432//426 434//428
f 433//427 434//428 435//429
f 435//429 434//428 436//430
f 436//430 434//428 437//431
f 436//430 437//431 438//432
f 438//432 437//431 439//433
f 438//432 439//433 440//434
f 440//434 439//433 441//435
f 440//434 441//435 442//436
f 442//436 441//435 443//437
f 442//436 443//437 444//438
f 444//438 443//437 445//439
f 444//438 445//439 446//440
f 446//440 445//439 447//441
f 447//441 445//439 448//442
f 447//441 448//442 449//443
f 449//443 448//442 450//444
f 449//443 450//444 451//445
f 451//445 450//444 452//446
f 451//445 452//446 453//447
f 453//447 452//446 454//448
f 453//447 454//448 455//449
f 455//449 454//448 456//450
f 455//449 456//450 457//451
f 457//451 456//450 458//452
f 457//451 458//452 459//453
f 459//453 458//452 460//454
f 459//453 460//454 461//455
f 461//455 460//454 462//456
f 461//455 462//456 463//457
f 463//457 462//456 464//458
f 463//457 464//458 465//459
f 464//458 466//460 465//459
f 465//459 466//460 467//461
f 465//459 467//461 468//462
f 468//462 467//461 469//463
f 468//462 469//463 470//464
f 470//464 469//463 471//465
f 470//464 471//465 472//466
f 472//466 471//465 473//467
f 472//466 473//467 474//468
f 474//468 473//467 475//469
f 474//468 475//469 476//470
f 476//470 475//469 477//471
f 476//470 477//471 478//472
f 478//472 477//471 479//473
f 478//472 479//473 480//474
f 480//474 479//473 481//475
f 481//475 479//473 482//476
f 481//475 482//476 483//477
f 483//477 482//476 484//478
f 483//477 484//478 485//479
f 485//479 484//478 486//480
f 485//479 486//480 487//481
f 487//481 486//480 488//482
f 487//481 488//482 489//483
f 489//483 488//482 490//484
f 489//483 490//484 491//485
f 491//485 490//484 492//486
f 491//485 492//486 493//487
f 493//487 492//486 494//488
f 493//487 494//488 495//489
f 495//489 494//488 496//490
f 495//489 496//490 497//491
f 497//491 496//490 498//492
f 497//491 498//492 499//493
f 499//493 498//492 500//494
f 499//493 500//494 501//495
f 500//494 502//496 501//495
f 501//495 502//496 503//497
f 501//495 503//497 504//498
f 504//498 503//497 505//499
f 504//498 505//499 506//500
f 506//500 505//499 507//501
f 506//500 507//501 508//502
f 508//502 507//501 509//503
f 508//502 509//503 510//504
f 510//504 509//503 511//505
f 510//504 511//505 512//506
f 512//506 511//505 513//507
f 512//506 513//507 514//508
f 514//508 513//507 515//509
f 514//508 515//509 516//510
f 516//510 515//509 517//511
f 516//510 517//511 518//512
f 519//513 520//514 521//515
f 519//513 521//515 522//516
f 522//516 521//515 523//517
f 522//516 523//517 524//518
f 524//518 523//517 525//519
f 524//518 525//519 526//520
f 525//519 527//521 526//520
f 526//520 527//521 528//522
f 526//520 528//522 529//523
f 529//523 528//522 530//524
f 529//523 530//524 531//525
f 531//525 530//524 532//526
f 531//525 532//526 533//527
f 533//527 532//526 534//528
f 534//528 532//526 535//529
f 534//528 535//529 536//530
f 536//530 535//529 537//531
f 536//530 537//531 538//532
f 538//532 537//531 539//533
f 538//532 539//533 540//534
f 540//534 539//533 541//535
f 540//534 541//535 542//536
f 542//536 541//535 543//537
f 542//536 543//537 544//538
f 544//538 543//537 545//539
f 544//538 545//539 546//540
f 546//540 545//539 547//541
f 546//540 547//541 548//542
f 547//541 549//543 548//542
f 548//542 549//543 550//544
f 548//542 550//544 551//545
f 551//545 550//544 552//546
f 551//545 552//546 553//547
f 553//547 552//546 554//548
f 553//547 554//548 555//549
f 555//549 554//548 556//550
f 555//549 556//550 557//551
f 557//551 556//550 558//552
f 557//551 558//552 559//553
f 559//553 558//552 560//554
f 559//553 560//554 561//555
f 561//555 560//554 562//556
f 563//557 564//558 565//559
f 565//559 564//558 566//560
f 565//559 566//560 567//561
f 567//561 566//560 568//562
f 567//561 568//562 569//563
f 569//563 568//562 570//564
f 569//563 570//564 562//556
f 562//556 570//564 571//565
f 562//556 571//565 561//555
f 572//566 573//567 563//557
f 563//557 573//567 574//568
f 563//557 574//568 564//558
f 575//569 576//570 577//571
f 577//571 576//570 578//572
f 577//571 578//572 572//566
f 572//566 578//572 579//573
f 572//566 579//573 573//567
f 580//574 581//575 582//576
f 582//576 581//575 583//577
f 582//576 583//577 584//578
f 584//578 583//577 585//579
f 584//578 585//579 575//569
f 575//569 585//579 586//580
f 575//569 586//580 576//570
f 582//576 587//581 580//574
f 580//574 587//581 588//582
f 580//574 588//582 589//583
f 589//583 588//582 590//584
f 589//583 590//584 591//585
f 591//585 590//584 592//586
f 591//585 592//586 593//587
f 593//587 592//586 594//588
f 593//587 594//588 595//589
f 595//589 594//588 596//590
f 596//590 594//588 597//591
f 596//590 597//591 598//592
f 598//592 597//591 599//593
f 598//592 599//593 600//594
f 600//594 599//593 601//595
f 600//594 601//595 602//596
f 602//596 601//595 603//597
f 602//596 603//597 604//598
f 604//598 603//597 605//599
f 604//598 605//599 606//600
f 606//600 605//599 607//601
f 606//600 607//601 608//602
f 609//603 610//604 607//601
f 607//601 610//604 611//605
f 607//601 611//605 608//602
f 607//601 612//606 609//603
f 609//603 612//606 613//607
f 609//603 613//607 614//608
f 614//608 613//607 615//609
f 614//608 615//609 616//610
f 616//610 615//609 617//611
f 616//610 617//611 618//612
f 618//612 617//611 619//613
f 618//612 619//613 620//614
f 620//614 619//613 621//615
f 620//614 621//615 622//616
f 622//616 621//615 623//617
f 622//616 623//617 624//618
f 624//618 623//617 625//619
f 624//618 625//619 626//620
f 625//619 627//621 626//620
f 626//620 627//621 628//622
f 626//620 628//622 629//623
f 629//623 628//622 630//624
f 629//623 630//624 631//625
f 631//625 630//624 632//626
f 631//625 632//626 633//627
f 633//627 632//626 416//410
f 633//627 416//410 415//409
f 634//628 635//629 636//630
f 636//630 635//629 637//631
f 636//630 637//631 638//632
f 639//633 640//634 641//633
f 641//633 640//634 642//635
f 643//636 637//631 640//634
f 640//634 637//631 644//637
f 645//638 646//639 640//634
f 640//634 646//639 647//640
f 648//641 649//633 650//642
f 647//640 651//643 640//634
f 640//634 651//643 650//642
f 640//634 650//642 652//633
f 652//633 650//642 649//633
f 653//644 654//645 640//634
f 640//634 654//645 655//646
f 643//636 656//647 637//631
f 637//631 656//647 657//648
f 637//631 657//648 658//649
f 658//649 659//650 637//631
f 637//631 659//650 660//651
f 637//631 660//651 638//632
f 644//637 661//652 640//634
f 640//634 661//652 662//653
f 640//634 662//653 663//654
f 663//654 664//655 640//634
f 640//634 664//655 665//656
f 640//634 665//656 666//657
f 655//646 667//658 640//634
f 640//634 667//658 668//659
f 640//634 668//659 642//635
f 650//642 669//660 648//641
f 648//641 669//660 670//661
f 648//641 670//661 671//662
f 666//657 672//663 640//634
f 640//634 672//663 673//664
f 640//634 673//664 653//644
f 639//633 674//665 640//634
f 640//634 674//665 675//666
f 640//634 675//666 676//667
f 677//633 640//634 678//633
f 678//633 640//634 679//668
f 677//633 680//669 640//634
f 640//634 680//669 681//670
f 640//634 681//670 645//638
f 676//667 682//671 640//634
f 640//634 682//671 683//672
f 640//634 683//672 679//668
f 671//662 684//673 648//641
f 648//641 684//673 685//674
f 648//641 685//674 686//675
f 687//633 688//633 685//674
f 685//674 688//633 689//633
f 685//674 689//633 686//675
f 690//676 691//677 692//678
f 692//678 691//677 693//679
f 694//680 695//681 696//682
f 697//683 698//684 692//678
f 692//678 698//684 699//685
f 692//678 699//685 700//686
f 701//687 702//688 691//677
f 703//689 704//690 696//682
f 696//682 704//690 705//691
f 696//682 705//691 706//692
f 707//693 708//694 696//682
f 696//682 708//694 709//695
f 696//682 709//695 710//696
f 695//681 711//697 696//682
f 696//682 711//697 712//698
f 696//682 712//698 703//689
f 706//692 713//699 696//682
f 696//682 713//699 714//700
f 696//682 714//700 715//690
f 707//693 696//682 691//677
f 691//677 696//682 716//701
f 691//677 716//701 717//702
f 702//688 718//703 691//677
f 691//677 718//703 719//704
f 691//677 719//704 720//705
f 700//686 721//706 692//678
f 692//678 721//706 722//707
f 692//678 722//707 723//708
f 723//708 724//709 692//678
f 692//678 724//709 725//710
f 692//678 725//710 690//676
f 710//696 726//711 696//682
f 696//682 726//711 727//712
f 696//682 727//712 694//680
f 717//702 728//713 691//677
f 691//677 728//713 729//714
f 691//677 729//714 701//687
f 720//705 730//715 691//677
f 691//677 730//715 731//716
f 691//677 731//716 732//717
f 732//717 733//718 691//677
f 691//677 733//718 734//719
f 691//677 734//719 693//679
f 520//514 519//513 735//720
f 520//514 735//720 736//721
f 736//721 735//720 737//722
f 736//721 737//722 738//723
f 738//723 737//722 739//724
f 739//724 737//722 740//725
f 739//724 740//725 741//726
f 740//725 742//727 741//726
f 741//726 742//727 743//728
f 741//726 743//728 744//729
f 744//729 743//728 745//730
f 744//729 745//730 746//731
f 745//730 747//732 746//731
f 746//731 747//732 748//733
f 746//731 748//733 749//734
f 750//735 751//736 752//737
f 752//737 751//736 753//738
f 752//737 753//738 754//739
f 749//734 748//733 755//740
f 755//740 748//733 756//741
f 755//740 756//741 757//742
f 757//742 756//741 758//743
f 757//742 758//743 752//737
f 752//737 758//743 759//744
f 752//737 759//744 750//735
f 754//739 753//738 760//745
f 760//745 753//738 761//746
f 760//745 761//746 762//747
f 762//747 761//746 763//748
f 763//748 761//746 764//749
f 763//748 764//749 765//750
f 765//750 764//749 766//751
f 765//750 766//751 767//752
f 697//683 768//753 698//684
f 698//684 768//753 769//754
f 698//684 769//754 767//752
f 767//752 769//754 770//755
f 767//752 770//755 765//750
f 518//512 517//511 771//756
f 771//756 517//511 772//757
f 771//756 772//757 773//758
f 774//759 775//760 776//761
f 773//758 772//757 776//761
f 776//761 772//757 777//762
f 776//761 777//762 774//759
f 775//760 774//759 778//763
f 778//763 774//759 779//764
f 778//763 779//764 780//765
f 781//766 782//767 780//765
f 780//765 782//767 783//768
f 780//765 783//768 778//763
f 784//769 785//770 786//771
f 786//771 785//770 782//767
f 786//771 782//767 787//772
f 787//772 782//767 781//766
f 784//769 786//771 788//773
f 788//773 786//771 789//774
f 788//773 789//774 790//775
f 790//775 789//774 791//776
f 790//775 791//776 792//777
f 792//777 791//776 793//778
f 793//778 791//776 794//779
f 793//778 794//779 795//780
f 795//780 794//779 796//781
f 795//780 796//781 797//782
f 796//781 798//783 797//782
f 797//782 798//783 799//784
f 797//782 799//784 800//785
f 800//785 799//784 801//786
f 800//785 801//786 802//787
f 802//787 801//786 803//788
f 803//788 801//786 804//789
f 803//788 804//789 634//628
f 634//628 804//789 805//790
f 634//628 805//790 635//629
f 40//791 39//792 534//793
f 604//794 606//795 62//796
f 62//796 606//795 51//797
f 30//798 631//799 29//800
f 29//800 631//799 633//801
f 29//800 633//801 415//802
f 25//803 620//804 26//805
f 26//805 620//804 622//806
f 26//805 622//806 37//807
f 37//807 622//806 624//808
f 37//807 624//808 33//809
f 33//809 624//808 626//810
f 33//809 626//810 30//798
f 30//798 626//810 629//811
f 30//798 629//811 631//799
f 44//812 616//813 25//803
f 25//803 616//813 618//814
f 25//803 618//814 620//804
f 52//815 609//816 44//812
f 44//812 609//816 614//817
f 44//812 614//817 616//813
f 606//795 608//818 51//797
f 51//797 608//818 611//819
f 51//797 611//819 52//815
f 52//815 611//819 610//820
f 52//815 610//820 609//816
f 63//821 600//822 62//796
f 62//796 600//822 602//823
f 62//796 602//823 604//794
f 61//824 591//825 593//826
f 593//826 595//827 61//824
f 61//824 595//827 596//828
f 61//824 596//828 63//821
f 63//821 596//828 598//829
f 63//821 598//829 600//822
f 591//825 61//824 589//830
f 589//830 61//824 60//831
f 589//830 60//831 580//832
f 580//832 60//831 50//833
f 580//832 50//833 581//834
f 581//834 50//833 583//835
f 583//835 50//833 49//836
f 583//835 49//836 585//837
f 585//837 49//836 48//838
f 585//837 48//838 586//839
f 586//839 48//838 576//840
f 576//840 48//838 47//841
f 576//840 47//841 578//842
f 578//842 47//841 579//843
f 579//843 47//841 46//844
f 579//843 46//844 573//845
f 573//845 46//844 45//846
f 573//845 45//846 574//847
f 571//848 570//849 42//850
f 42//850 570//849 568//851
f 42//850 568//851 43//852
f 43//852 568//851 566//853
f 43//852 566//853 45//846
f 45//846 566//853 564//854
f 45//846 564//854 574//847
f 27//855 557//856 59//857
f 59//857 557//856 559//858
f 59//857 559//858 42//850
f 42//850 559//858 561//859
f 42//850 561//859 571//848
f 36//860 553//861 27//855
f 27//855 553//861 555//862
f 27//855 555//862 557//856
f 32//863 544//864 34//865
f 34//865 544//864 546//866
f 34//865 546//866 35//867
f 35//867 546//866 548//868
f 35//867 548//868 36//860
f 36//860 548//868 551//869
f 36//860 551//869 553//861
f 534//793 536//870 40//791
f 40//791 536//870 538//871
f 40//791 538//871 31//872
f 31//872 538//871 540//873
f 31//872 540//873 32//863
f 32//863 540//873 542//874
f 32//863 542//874 544//864
f 38//875 531//876 39//792
f 39//792 531//876 533//877
f 39//792 533//877 534//793
f 522//878 524//879 41//880
f 41//880 524//879 526//881
f 41//880 526//881 38//875
f 38//875 526//881 529//882
f 38//875 529//882 531//876
f 41//880 15//883 522//878
f 522//878 15//883 13//884
f 522//878 13//884 519//885
f 519//885 13//884 12//886
f 12//886 24//887 519//885
f 519//885 24//887 23//888
f 519//885 23//888 22//889
f 22//889 20//890 519//885
f 519//885 20//890 19//891
f 519//885 19//891 18//892
f 18//892 17//893 519//885
f 519//885 17//893 4//894
f 518//895 3//896 516//897
f 516//897 3//896 5//898
f 516//897 5//898 514//899
f 506//900 508//901 11//902
f 11//902 508//901 510//903
f 11//902 510//903 5//898
f 5//898 510//903 512//904
f 5//898 512//904 514//899
f 506//900 11//902 504//905
f 504//905 11//902 10//906
f 504//905 10//906 501//907
f 501//907 10//906 499//908
f 499//908 10//906 9//909
f 499//908 9//909 497//910
f 489//911 491//912 8//913
f 8//913 491//912 493//914
f 8//913 493//914 9//909
f 9//909 493//914 495//915
f 9//909 495//915 497//910
f 7//916 485//917 8//913
f 8//913 485//917 487//918
f 8//913 487//918 489//911
f 478//919 480//920 6//921
f 6//921 480//920 481//922
f 6//921 481//922 7//916
f 7//916 481//922 483//923
f 7//916 483//923 485//917
f 478//919 6//921 476//924
f 476//924 6//921 21//925
f 476//924 21//925 474//926
f 14//927 470//928 21//925
f 21//925 470//928 472//929
f 21//925 472//929 474//926
f 16//930 465//931 14//927
f 14//927 465//931 468//932
f 14//927 468//932 470//928
f 457//933 459//934 65//935
f 65//935 459//934 461//936
f 65//935 461//936 16//930
f 16//930 461//936 463//937
f 16//930 463//937 465//931
f 457//933 65//935 455//938
f 455//938 65//935 64//939
f 455//938 64//939 453//940
f 58//941 449//942 64//939
f 64//939 449//942 451//943
f 64//939 451//943 453//940
f 444//944 446//945 58//941
f 58//941 446//945 447//946
f 58//941 447//946 449//942
f 444//944 58//941 442//947
f 442//947 58//941 57//948
f 442//947 57//948 440//949
f 433//950 435//951 56//952
f 56//952 435//951 436//953
f 56//952 436//953 57//948
f 57//948 436//953 438//954
f 57//948 438//954 440//949
f 433//950 56//952 431//955
f 431//955 56//952 55//956
f 431//955 55//956 429//957
f 421//958 423//959 54//960
f 54//960 423//959 425//961
f 54//960 425//961 55//956
f 55//956 425//961 427//962
f 55//956 427//962 429//957
f 421//958 54//960 419//963
f 419//963 54//960 53//964
f 419//963 53//964 407//965
f 407//965 53//964 409//966
f 409//966 53//964 28//967
f 409//966 28//967 411//968
f 411//968 28//967 413//969
f 413//969 28//967 29//800
f 413//969 29//800 415//802
f 806//970 68//971 86//972
f 521//973 520//974 806//970
f 521//973 806//970 523//975
f 523//975 806//970 525//976
f 525//976 806//970 86//972
f 525//976 86//972 527//977
f 527//977 86//972 528//978
f 528//978 86//972 109//979
f 528//978 109//979 530//980
f 530//980 109//979 532//981
f 532//981 109//979 110//982
f 532//981 110//982 535//983
f 543//984 541//985 106//986
f 106//986 541//985 539//987
f 106//986 539//987 110//982
f 110//982 539//987 537//988
f 110//982 537//988 535//983
f 543//984 106//986 545//989
f 545//989 106//986 105//990
f 545//989 105//990 547//991
f 104//992 550//993 105//990
f 105//990 550//993 549//994
f 105//990 549//994 547//991
f 558//995 556//996 108//997
f 108//997 556//996 554//998
f 108//997 554//998 104//992
f 104//992 554//998 552//999
f 104//992 552//999 550//993
f 558//995 108//997 560//1000
f 560//1000 108//997 107//1001
f 560//1000 107//1001 562//1002
f 88//1003 567//1004 107//1001
f 107//1001 567//1004 569//1005
f 107//1001 569//1005 562//1002
f 87//1006 563//1007 88//1003
f 88//1003 563//1007 565//1008
f 88//1003 565//1008 567//1004
f 584//1009 575//1010 95//1011
f 95//1011 575//1010 577//1012
f 95//1011 577//1012 87//1006
f 87//1006 577//1012 572//1013
f 87//1006 572//1013 563//1007
f 584//1009 95//1011 582//1014
f 582//1014 95//1011 94//1015
f 582//1014 94//1015 587//1016
f 93//1017 590//1018 94//1015
f 94//1015 590//1018 588//1019
f 94//1015 588//1019 587//1016
f 599//1020 597//1021 103//1022
f 103//1022 597//1021 594//1023
f 103//1022 594//1023 93//1017
f 93//1017 594//1023 592//1024
f 93//1017 592//1024 590//1018
f 599//1020 103//1022 601//1025
f 601//1025 103//1022 102//1026
f 601//1025 102//1026 603//1027
f 603//1027 102//1026 605//1028
f 605//1028 102//1026 101//1029
f 605//1028 101//1029 607//1030
f 607//1030 101//1029 85//1031
f 607//1030 85//1031 612//1032
f 619//1033 617//1034 84//1035
f 84//1035 617//1034 615//1036
f 84//1035 615//1036 85//1031
f 85//1031 615//1036 613//1037
f 85//1031 613//1037 612//1032
f 83//1038 623//1039 84//1035
f 84//1035 623//1039 621//1040
f 84//1035 621//1040 619//1033
f 630//1041 628//1042 82//1043
f 82//1043 628//1042 627//1044
f 82//1043 627//1044 83//1038
f 83//1038 627//1044 625//1045
f 83//1038 625//1045 623//1039
f 630//1041 82//1043 632//1046
f 632//1046 82//1043 81//1047
f 632//1046 81//1047 416//1048
f 414//1049 416//1048 81//1047
f 414//1049 81//1047 412//1050
f 412//1050 81//1047 80//1051
f 412//1050 80//1051 410//1052
f 418//1053 417//1054 79//1055
f 79//1055 417//1054 406//1056
f 79//1055 406//1056 80//1051
f 80//1051 406//1056 408//1057
f 80//1051 408//1057 410//1052
f 418//1053 79//1055 420//1058
f 420//1058 79//1055 92//1059
f 420//1058 92//1059 422//1060
f 91//1061 426//1062 92//1059
f 92//1059 426//1062 424//1063
f 92//1059 424//1063 422//1060
f 437//1064 434//1065 66//1066
f 66//1066 434//1065 432//1067
f 66//1066 432//1067 67//1068
f 67//1068 432//1067 430//1069
f 67//1068 430//1069 91//1061
f 91//1061 430//1069 428//1070
f 91//1061 428//1070 426//1062
f 437//1064 66//1066 439//1071
f 439//1071 66//1066 90//1072
f 439//1071 90//1072 441//1073
f 441//1073 90//1072 443//1074
f 443//1074 90//1072 89//1075
f 443//1074 89//1075 445//1076
f 454//1077 452//1078 78//1079
f 78//1079 452//1078 450//1080
f 78//1079 450//1080 89//1075
f 89//1075 450//1080 448//1081
f 89//1075 448//1081 445//1076
f 454//1077 78//1079 456//1082
f 456//1082 78//1079 77//1083
f 456//1082 77//1083 458//1084
f 76//1085 462//1086 77//1083
f 77//1083 462//1086 460//1087
f 77//1083 460//1087 458//1084
f 469//1088 467//1089 75//1090
f 75//1090 467//1089 466//1091
f 75//1090 466//1091 76//1085
f 76//1085 466//1091 464//1092
f 76//1085 464//1092 462//1086
f 469//1088 75//1090 471//1093
f 471//1093 75//1090 74//1094
f 471//1093 74//1094 473//1095
f 73//1096 477//1097 74//1094
f 74//1094 477//1097 475//1098
f 74//1094 475//1098 473//1095
f 100//1099 482//1100 73//1096
f 73//1096 482//1100 479//1101
f 73//1096 479//1101 477//1097
f 490//1102 488//1103 99//1104
f 99//1104 488//1103 486//1105
f 99//1104 486//1105 100//1099
f 100//1099 486//1105 484//1106
f 100//1099 484//1106 482//1100
f 490//1102 99//1104 492//1107
f 492//1107 99//1104 98//1108
f 492//1107 98//1108 494//1109
f 502//1110 500//1111 97//1112
f 97//1112 500//1111 498//1113
f 97//1112 498//1113 98//1108
f 98//1108 498//1113 496//1114
f 98//1108 496//1114 494//1109
f 509//1115 507//1116 96//1117
f 96//1117 507//1116 505//1118
f 96//1117 505//1118 97//1112
f 97//1112 505//1118 503//1119
f 97//1112 503//1119 502//1110
f 509//1115 96//1117 511//1120
f 511//1120 96//1117 72//1121
f 511//1120 72//1121 513//1122
f 517//1123 515//1124 807//1125
f 807//1125 515//1124 513//1122
f 807//1125 513//1122 808//1126
f 808//1126 513//1122 72//1121
f 808//1126 72//1121 71//1127
f 809//1128 692//1129 693//1130
f 809//1128 693//1130 810//1131
f 234//1132 236//1133 810//1131
f 234//1132 810//1131 232//1134
f 232//1134 810//1131 230//1135
f 230//1135 810//1131 693//1130
f 230//1135 693//1130 228//1136
f 228//1136 693//1130 734//1137
f 228//1136 734//1137 226//1138
f 226//1138 734//1137 224//1139
f 224//1139 734//1137 733//1140
f 224//1139 733//1140 250//1141
f 242//1142 244//1143 732//1144
f 732//1144 244//1143 246//1145
f 732//1144 246//1145 733//1140
f 733//1140 246//1145 248//1146
f 733//1140 248//1146 250//1141
f 242//1142 732//1144 240//1147
f 240//1147 732//1144 731//1148
f 240//1147 731//1148 239//1149
f 730//1150 263//1151 731//1148
f 731//1148 263//1151 264//1152
f 731//1148 264//1152 239//1149
f 255//1153 257//1154 720//1155
f 720//1155 257//1154 259//1156
f 720//1155 259//1156 730//1150
f 730//1150 259//1156 261//1157
f 730//1150 261//1157 263//1151
f 255//1153 720//1155 253//1158
f 253//1158 720//1155 719//1159
f 253//1158 719//1159 273//1160
f 718//1161 269//1162 719//1159
f 719//1159 269//1162 271//1163
f 719//1159 271//1163 273//1160
f 702//1164 265//1165 718//1161
f 718//1161 265//1165 267//1166
f 718//1161 267//1166 269//1162
f 289//1167 291//1168 701//1169
f 701//1169 291//1168 293//1170
f 701//1169 293//1170 702//1164
f 702//1164 293//1170 295//1171
f 702//1164 295//1171 265//1165
f 289//1167 701//1169 287//1172
f 287//1172 701//1169 729//1173
f 287//1172 729//1173 285//1174
f 728//1175 281//1176 729//1173
f 729//1173 281//1176 283//1177
f 729//1173 283//1177 285//1174
f 301//1178 299//1179 717//1180
f 717//1180 299//1179 276//1181
f 717//1180 276//1181 728//1175
f 728//1175 276//1181 279//1182
f 728//1175 279//1182 281//1176
f 301//1178 717//1180 303//1183
f 303//1183 717//1180 716//1184
f 303//1183 716//1184 305//1185
f 305//1185 716//1184 307//1186
f 307//1186 716//1184 696//1187
f 307//1186 696//1187 310//1188
f 310//1188 696//1187 715//1189
f 310//1188 715//1189 312//1190
f 319//1191 318//1192 714//1193
f 714//1193 318//1192 316//1194
f 714//1193 316//1194 715//1189
f 715//1189 316//1194 314//1195
f 715//1189 314//1195 312//1190
f 713//1196 323//1197 714//1193
f 714//1193 323//1197 321//1198
f 714//1193 321//1198 319//1191
f 331//1199 329//1200 706//1201
f 706//1201 329//1200 327//1202
f 706//1201 327//1202 713//1196
f 713//1196 327//1202 325//1203
f 713//1196 325//1203 323//1197
f 331//1199 706//1201 333//1204
f 333//1204 706//1201 705//1205
f 333//1204 705//1205 112//1206
f 113//1207 112//1206 705//1205
f 113//1207 705//1205 140//1208
f 140//1208 705//1205 139//1209
f 139//1209 705//1205 704//1210
f 139//1209 704//1210 137//1211
f 703//1212 133//1213 704//1210
f 704//1210 133//1213 135//1214
f 704//1210 135//1214 137//1211
f 125//1215 127//1216 712//1217
f 712//1217 127//1216 129//1218
f 712//1217 129//1218 703//1212
f 703//1212 129//1218 131//1219
f 703//1212 131//1219 133//1213
f 125//1215 712//1217 123//1220
f 123//1220 712//1217 711//1221
f 123//1220 711//1221 121//1222
f 121//1222 711//1221 119//1223
f 119//1223 711//1221 695//1224
f 119//1223 695//1224 117//1225
f 117//1225 695//1224 694//1226
f 117//1225 694//1226 115//1227
f 727//1228 147//1229 694//1226
f 694//1226 147//1229 149//1230
f 694//1226 149//1230 115//1227
f 169//1231 141//1232 726//1233
f 726//1233 141//1232 143//1234
f 726//1233 143//1234 727//1228
f 727//1228 143//1234 145//1235
f 727//1228 145//1235 147//1229
f 169//1231 726//1233 167//1236
f 167//1236 726//1233 710//1237
f 167//1236 710//1237 165//1238
f 157//1239 159//1240 709//1241
f 709//1241 159//1240 161//1242
f 709//1241 161//1242 710//1237
f 710//1237 161//1242 163//1243
f 710//1237 163//1243 165//1238
f 157//1239 709//1241 155//1244
f 155//1244 709//1241 708//1245
f 155//1244 708//1245 154//1246
f 154//1246 708//1245 185//1247
f 185//1247 708//1245 707//1248
f 185//1247 707//1248 184//1249
f 176//1250 178//1251 691//1252
f 691//1252 178//1251 180//1253
f 691//1252 180//1253 707//1248
f 707//1248 180//1253 182//1254
f 707//1248 182//1254 184//1249
f 176//1250 691//1252 174//1255
f 174//1255 691//1252 690//1256
f 174//1255 690//1256 172//1257
f 172//1257 690//1256 197//1258
f 197//1258 690//1256 725//1259
f 197//1258 725//1259 195//1260
f 195//1260 725//1259 193//1261
f 193//1261 725//1259 724//1262
f 193//1261 724//1262 191//1263
f 201//1264 200//1265 723//1266
f 723//1266 200//1265 188//1267
f 723//1266 188//1267 724//1262
f 724//1262 188//1267 189//1268
f 724//1262 189//1268 191//1263
f 201//1264 723//1266 203//1269
f 203//1269 723//1266 722//1270
f 203//1269 722//1270 205//1271
f 214//1272 212//1273 721//1274
f 721//1274 212//1273 210//1275
f 721//1274 210//1275 722//1270
f 722//1270 210//1275 208//1276
f 722//1270 208//1276 205//1271
f 214//1272 721//1274 216//1277
f 216//1277 721//1274 700//1278
f 216//1277 700//1278 218//1279
f 222//1280 220//1281 811//1282
f 811//1282 220//1281 218//1279
f 811//1282 218//1279 812//1283
f 812//1283 218//1279 700//1278
f 812//1283 700//1278 699//1284
f 204//1285 206//1286 659//1287
f 221//1288 223//1289 636//1290
f 221//1288 636//1290 219//1291
f 219//1291 636//1290 638//1292
f 219//1291 638//1292 217//1293
f 660//1294 213//1295 638//1292
f 638//1292 213//1295 215//1296
f 638//1292 215//1296 217//1293
f 206//1286 207//1297 659//1287
f 659//1287 207//1297 209//1298
f 659//1287 209//1298 660//1294
f 660//1294 209//1298 211//1299
f 660//1294 211//1299 213//1295
f 204//1285 659//1287 202//1300
f 202//1300 659//1287 658//1301
f 202//1300 658//1301 186//1302
f 186//1302 658//1301 187//1303
f 187//1303 658//1301 657//1304
f 187//1303 657//1304 190//1305
f 656//1306 194//1307 657//1304
f 657//1304 194//1307 192//1308
f 657//1304 192//1308 190//1305
f 173//1309 199//1310 643//1311
f 643//1311 199//1310 198//1312
f 643//1311 198//1312 656//1306
f 656//1306 198//1312 196//1313
f 656//1306 196//1313 194//1307
f 173//1309 643//1311 175//1314
f 175//1314 643//1311 640//1315
f 175//1314 640//1315 177//1316
f 652//1317 181//1318 640//1315
f 640//1315 181//1318 179//1319
f 640//1315 179//1319 177//1316
f 649//1320 152//1321 652//1317
f 652//1317 152//1321 183//1322
f 652//1317 183//1322 181//1318
f 160//1323 158//1324 648//1325
f 648//1325 158//1324 156//1326
f 648//1325 156//1326 649//1320
f 649//1320 156//1326 153//1327
f 649//1320 153//1327 152//1321
f 160//1323 648//1325 162//1328
f 162//1328 648//1325 686//1329
f 162//1328 686//1329 164//1330
f 171//1331 170//1332 689//1333
f 689//1333 170//1332 168//1334
f 689//1333 168//1334 686//1329
f 686//1329 168//1334 166//1335
f 686//1329 166//1335 164//1330
f 148//1336 146//1337 688//1338
f 688//1338 146//1337 144//1339
f 688//1338 144//1339 689//1333
f 689//1333 144//1339 142//1340
f 689//1333 142//1340 171//1331
f 148//1336 688//1338 150//1341
f 150//1341 688//1338 687//1342
f 150//1341 687//1342 151//1343
f 122//1344 120//1345 685//1346
f 685//1346 120//1345 118//1347
f 685//1346 118//1347 687//1342
f 687//1342 118//1347 116//1348
f 687//1342 116//1348 151//1343
f 122//1344 685//1346 124//1349
f 124//1349 685//1346 684//1350
f 124//1349 684//1350 126//1351
f 671//1352 130//1353 684//1350
f 684//1350 130//1353 128//1354
f 684//1350 128//1354 126//1351
f 138//1355 136//1356 670//1357
f 670//1357 136//1356 134//1358
f 670//1357 134//1358 671//1352
f 671//1352 134//1358 132//1359
f 671//1352 132//1359 130//1353
f 138//1355 670//1357 114//1360
f 114//1360 670//1357 669//1361
f 114//1360 669//1361 111//1362
f 637//1363 235//1364 233//1365
f 664//1366 663//1367 252//1368
f 637//1363 233//1365 644//1369
f 644//1369 233//1365 231//1370
f 644//1369 231//1370 661//1371
f 661//1371 231//1370 229//1372
f 661//1371 229//1372 662//1373
f 662//1373 229//1372 227//1374
f 662//1373 227//1374 663//1367
f 663//1367 227//1374 225//1375
f 663//1367 225//1375 252//1368
f 245//1376 666//1377 247//1378
f 247//1378 666//1377 665//1379
f 247//1378 665//1379 249//1380
f 249//1380 665//1379 664//1366
f 249//1380 664//1366 251//1381
f 251//1381 664//1366 252//1368
f 245//1376 243//1382 666//1377
f 666//1377 243//1382 241//1383
f 666//1377 241//1383 672//1384
f 672//1384 241//1383 238//1385
f 672//1384 238//1385 673//1386
f 673//1386 238//1385 237//1387
f 673//1386 237//1387 653//1388
f 237//1387 262//1389 653//1388
f 653//1388 262//1389 260//1390
f 653//1388 260//1390 654//1391
f 260//1390 258//1392 654//1391
f 654//1391 258//1392 256//1393
f 654//1391 256//1393 655//1394
f 655//1394 256//1393 254//1395
f 655//1394 254//1395 667//1396
f 667//1396 254//1395 275//1397
f 667//1396 275//1397 274//1398
f 642//1399 297//1400 641//1401
f 641//1401 297//1400 296//1402
f 641//1401 296//1402 639//1403
f 274//1398 272//1404 667//1396
f 667//1396 272//1404 270//1405
f 667//1396 270//1405 668//1406
f 668//1406 270//1405 268//1407
f 668//1406 268//1407 642//1399
f 642//1399 268//1407 266//1408
f 642//1399 266//1408 297//1400
f 296//1402 294//1409 639//1403
f 639//1403 294//1409 292//1410
f 639//1403 292//1410 674//1411
f 674//1411 292//1410 290//1412
f 674//1411 290//1412 675//1413
f 675//1413 290//1412 288//1414
f 675//1413 288//1414 676//1415
f 676//1415 288//1414 286//1416
f 286//1416 284//1417 676//1415
f 676//1415 284//1417 282//1418
f 676//1415 282//1418 682//1419
f 277//1420 683//1421 278//1422
f 278//1422 683//1421 682//1419
f 278//1422 682//1419 280//1423
f 280//1423 682//1419 282//1418
f 304//1424 678//1425 679//1426
f 277//1420 298//1427 683//1421
f 683//1421 298//1427 300//1428
f 683//1421 300//1428 679//1426
f 679//1426 300//1428 302//1429
f 679//1426 302//1429 304//1424
f 304//1424 306//1430 678//1425
f 678//1425 306//1430 308//1431
f 678//1425 308//1431 677//1432
f 677//1432 308//1431 309//1433
f 677//1432 309//1433 680//1434
f 309//1433 311//1435 680//1434
f 680//1434 311//1435 313//1436
f 680//1434 313//1436 681//1437
f 681//1437 313//1436 315//1438
f 681//1437 315//1438 645//1439
f 315//1438 317//1440 645//1439
f 645//1439 317//1440 320//1441
f 645//1439 320//1441 646//1442
f 646//1442 320//1441 322//1443
f 646//1442 322//1443 647//1444
f 322//1443 324//1445 647//1444
f 647//1444 324//1445 326//1446
f 647//1444 326//1446 651//1447
f 651//1447 326//1446 328//1448
f 651//1447 328//1448 650//1449
f 328//1448 330//1450 650//1449
f 650//1449 330//1450 332//1451
f 650//1449 332//1451 669//1361
f 669//1361 332//1451 334//1452
f 669//1361 334//1452 111//1362
f 70//1453 381//1454 813//1455
f 235//1364 814//1456 405//1457
f 637//1363 635//1458 815//1459
f 815//1459 635//1458 805//1460
f 815//1459 805//1460 816//1461
f 405//1457 814//1456 402//1462
f 402//1462 814//1456 817//1463
f 402//1462 817//1463 400//1464
f 818//1465 371//1466 817//1463
f 817//1463 371//1466 370//1467
f 817//1463 370//1467 400//1464
f 819//1468 395//1469 820//1470
f 820//1470 395//1469 398//1471
f 820//1470 398//1471 818//1465
f 818//1465 398//1471 399//1472
f 818//1465 399//1472 371//1466
f 392//1473 374//1474 819//1468
f 819//1468 374//1474 373//1475
f 819//1468 373//1475 395//1469
f 392//1473 819//1468 391//1476
f 391//1476 819//1468 821//1477
f 391//1476 821//1477 390//1478
f 381//1454 379//1479 813//1455
f 813//1455 379//1479 384//1480
f 813//1455 384//1480 822//1481
f 822//1481 384//1480 385//1482
f 822//1481 385//1482 821//1477
f 821//1477 385//1482 388//1483
f 821//1477 388//1483 390//1478
f 823//1484 807//1125 808//1126
f 517//1123 807//1125 772//1485
f 772//1485 807//1125 823//1484
f 772//1485 823//1484 777//1486
f 824//1487 780//1488 779//1489
f 824//1487 779//1489 823//1484
f 823//1484 779//1489 774//1490
f 823//1484 774//1490 777//1486
f 780//1488 824//1487 781//1491
f 781//1491 824//1487 825//1492
f 781//1491 825//1492 787//1493
f 826//1494 789//1495 825//1492
f 825//1492 789//1495 786//1496
f 825//1492 786//1496 787//1493
f 827//1497 794//1498 826//1494
f 826//1494 794//1498 791//1499
f 826//1494 791//1499 789//1495
f 828//1500 798//1501 827//1497
f 827//1497 798//1501 796//1502
f 827//1497 796//1502 794//1498
f 805//1460 804//1503 816//1461
f 816//1461 804//1503 801//1504
f 816//1461 801//1504 828//1500
f 828//1500 801//1504 799//1505
f 828//1500 799//1505 798//1501
f 71//1127 70//1453 808//1126
f 808//1126 70//1453 813//1455
f 808//1126 813//1455 823//1484
f 823//1484 813//1455 822//1481
f 823//1484 822//1481 824//1487
f 824//1487 822//1481 821//1477
f 824//1487 821//1477 825//1492
f 825//1492 821//1477 819//1468
f 825//1492 819//1468 826//1494
f 826//1494 819//1468 820//1470
f 826//1494 820//1470 827//1497
f 827//1497 820//1470 818//1465
f 827//1497 818//1465 828//1500
f 828//1500 818//1465 817//1463
f 828//1500 817//1463 816//1461
f 816//1461 817//1463 814//1456
f 816//1461 814//1456 815//1459
f 815//1459 814//1456 235//1364
f 815//1459 235//1364 637//1363
f 68//971 829//1506 69//1507
f 520//974 830//1508 806//970
f 692//1129 809//1128 697//1509
f 697//1509 809//1128 831//1510
f 697//1509 831//1510 768//1511
f 768//1511 831//1510 769//1512
f 832//1513 760//1514 762//1515
f 832//1513 762//1515 833//1516
f 762//1515 763//1517 833//1516
f 833//1516 763//1517 765//1518
f 833//1516 765//1518 831//1510
f 831//1510 765//1518 770//1519
f 831//1510 770//1519 769//1512
f 834//1520 749//1521 755//1522
f 834//1520 755//1522 835//1523
f 755//1522 757//1524 835//1523
f 835//1523 757//1524 752//1525
f 835//1523 752//1525 832//1513
f 832//1513 752//1525 754//1526
f 832//1513 754//1526 760//1514
f 749//1521 834//1520 746//1527
f 746//1527 834//1520 836//1528
f 746//1527 836//1528 744//1529
f 837//1530 738//1531 739//1532
f 837//1530 739//1532 836//1528
f 836//1528 739//1532 741//1533
f 836//1528 741//1533 744//1529
f 830//1508 520//974 837//1530
f 837//1530 520//974 736//1534
f 837//1530 736//1534 738//1531
f 69//1507 829//1506 376//1535
f 376//1535 829//1506 838//1536
f 376//1535 838//1536 380//1537
f 383//1538 382//1539 839//1540
f 839//1540 382//1539 378//1541
f 839//1540 378//1541 838//1536
f 838//1536 378//1541 377//1542
f 838//1536 377//1542 380//1537
f 383//1538 839//1540 386//1543
f 386//1543 839//1540 840//1544
f 386//1543 840//1544 387//1545
f 387//1545 840//1544 389//1546
f 389//1546 840//1544 841//1547
f 389//1546 841//1547 375//1548
f 397//1549 396//1550 842//1551
f 842//1551 396//1550 394//1552
f 842//1551 394//1552 841//1547
f 841//1547 394//1552 393//1553
f 841//1547 393//1553 375//1548
f 397//1549 842//1551 372//1554
f 372//1554 842//1551 843//1555
f 372//1554 843//1555 401//1556
f 401//1556 843//1555 844//1557
f 401//1556 844//1557 403//1558
f 403//1558 844//1557 845//1559
f 403//1558 845//1559 404//1560
f 404//1560 845//1559 810//1131
f 404//1560 810//1131 236//1133
f 68//971 806//970 829//1506
f 829//1506 806//970 830//1508
f 829//1506 830//1508 838//1536
f 838//1536 830//1508 837//1530
f 838//1536 837//1530 839//1540
f 839//1540 837//1530 836//1528
f 839//1540 836//1528 840//1544
f 840//1544 836//1528 834//1520
f 840//1544 834//1520 841//1547
f 841//1547 834//1520 835//1523
f 841//1547 835//1523 842//1551
f 842//1551 835//1523 832//1513
f 842//1551 832//1513 843//1555
f 843//1555 832//1513 833//1516
f 843//1555 833//1516 844//1557
f 844//1557 833//1516 831//1510
f 844//1557 831//1510 845//1559
f 845//1559 831//1510 809//1128
f 845//1559 809//1128 810//1131
f 519//885 846//1561 735//1562
f 4//894 2//1563 847//1564
f 847//1564 2//1563 369//1565
f 847//1564 369//1565 848//1566
f 735//1562 846//1561 737//1567
f 737//1567 846//1561 849//1568
f 737//1567 849//1568 740//1569
f 850//1570 743//1571 849//1568
f 849//1568 743//1571 742//1572
f 849//1568 742//1572 740//1569
f 851//1573 748//1574 852//1575
f 852//1575 748//1574 747//1576
f 852//1575 747//1576 850//1570
f 850//1570 747//1576 745//1577
f 850//1570 745//1577 743//1571
f 759//1578 758//1579 851//1573
f 851//1573 758//1579 756//1580
f 851//1573 756//1580 748//1574
f 759//1578 851//1573 750//1581
f 750//1581 851//1573 853//1582
f 750//1581 853//1582 751//1583
f 854//1584 761//1585 853//1582
f 853//1582 761//1585 753//1586
f 853//1582 753//1586 751//1583
f 698//1587 767//1588 855//1589
f 855//1589 767//1588 766//1590
f 855//1589 766//1590 854//1584
f 854//1584 766//1590 764//1591
f 854//1584 764//1591 761//1585
f 856//1592 811//1282 812//1283
f 222//1280 811//1282 339//1593
f 339//1593 811//1282 856//1592
f 339//1593 856//1592 341//1594
f 341//1594 856//1592 343//1595
f 343//1595 856//1592 857//1596
f 343//1595 857//1596 346//1597
f 346//1597 857//1596 349//1598
f 349//1598 857//1596 858//1599
f 349//1598 858//1599 335//1600
f 859//1601 350//1602 352//1603
f 859//1601 352//1603 858//1599
f 858//1599 352//1603 336//1604
f 858//1599 336//1604 335//1600
f 350//1602 859//1601 355//1605
f 355//1605 859//1601 860//1606
f 355//1605 860//1606 358//1607
f 861//1608 362//1609 860//1606
f 860//1606 362//1609 361//1610
f 860//1606 361//1610 358//1607
f 369//1565 368//1611 848//1566
f 848//1566 368//1611 366//1612
f 848//1566 366//1612 861//1608
f 861//1608 366//1612 364//1613
f 861//1608 364//1613 362//1609
f 699//1284 698//1587 812//1283
f 812//1283 698//1587 855//1589
f 812//1283 855//1589 856//1592
f 856//1592 855//1589 854//1584
f 856//1592 854//1584 857//1596
f 857//1596 854//1584 853//1582
f 857//1596 853//1582 858//1599
f 858//1599 853//1582 851//1573
f 858//1599 851//1573 859//1601
f 859//1601 851//1573 852//1575
f 859//1601 852//1575 860//1606
f 860//1606 852//1575 850//1570
f 860//1606 850//1570 861//1608
f 861//1608 850//1570 849//1568
f 861//1608 849//1568 848//1566
f 848//1566 849//1568 846//1561
f 848//1566 846//1561 847//1564
f 847//1564 846//1561 519//885
f 847//1564 519//885 4//894
f 636//1290 223//1289 634//1614
f 634//1614 223//1289 338//1615
f 634//1614 338//1615 803//1616
f 803//1616 338//1615 340//1617
f 803//1616 340//1617 802//1618
f 340//1617 342//1619 802//1618
f 802//1618 342//1619 348//1620
f 802//1618 348//1620 800//1621
f 800//1621 348//1620 347//1622
f 800//1621 347//1622 797//1623
f 797//1623 347//1622 345//1624
f 797//1623 345//1624 795//1625
f 792//1626 793//1627 337//1628
f 337//1628 793//1627 795//1625
f 337//1628 795//1625 344//1629
f 344//1629 795//1625 345//1624
f 792//1626 337//1628 790//1630
f 790//1630 337//1628 354//1631
f 790//1630 354//1631 788//1632
f 788//1632 354//1631 353//1633
f 788//1632 353//1633 784//1634
f 784//1634 353//1633 351//1635
f 784//1634 351//1635 785//1636
f 785//1636 351//1635 357//1637
f 785//1636 357//1637 782//1638
f 357//1637 356//1639 782//1638
f 782//1638 356//1639 360//1640
f 782//1638 360//1640 783//1641
f 783//1641 360//1640 778//1642
f 778//1642 360//1640 359//1643
f 778//1642 359//1643 775//1644
f 775//1644 359//1643 363//1645
f 775//1644 363//1645 776//1646
f 776//1646 363//1645 365//1647
f 776//1646 365//1647 773//1648
f 365//1647 367//1649 773//1648
f 773//1648 367//1649 1//1650
f 773//1648 1//1650 771//1651
f 771//1651 1//1650 3//896
f 771//1651 3//896 518//895
