# G1 exterior visual; derived from pinned Unitree/TWIST2 CAD.
v 0.0242144559 -0.017811697 0.00998975243
v 0.0250304397 -0.0176535454 0.00850559119
v 0.0225499105 -0.0178145058 0.0109252241
v 0.0205219947 -0.0177699607 0.0105934115
v 0.0192722101 -0.0179383401 0.00858922116
v 0.0189641397 -0.0176505391 0.0086848354
v 0.0195373967 -0.0177699644 0.0063127852
v 0.0210928768 -0.0177699663 0.00515599269
v 0.0232649818 -0.0178229846 0.005295482
v 0.02467026 -0.0178113505 0.00662476895
v 0.0189978052 0.0177641567 0.00847322214
v 0.0192252193 0.018001968 0.0071524079
v 0.0199617092 0.0177641585 0.00574544678
v 0.0215277392 0.0179719534 0.00506795011
v 0.0232623629 0.0179700647 0.00538382307
v 0.0244288482 0.0179434214 0.00628065364
v 0.0249949824 0.0178964324 0.00853637327
v 0.023512084 0.0179639161 0.0105445003
v 0.0217218231 0.0177641641 0.0110264225
v 0.0200758707 0.0180390943 0.0102267293
v -0.0262117293 -0.011455182 -0.00794751383
v -0.0261203367 -0.0138597675 -0.00161169702
v -0.0263928715 -0.0134185404 0.0034908033
v -0.0262173805 -0.0112721883 0.00820315909
v -0.0262010433 0.00569529179 0.012818831
v -0.0263943281 0.0127216671 0.00580381649
v -0.0261261277 0.0127833849 -0.00587795582
v -0.0262673981 0.00771503942 -0.0117569463
v -0.0261327978 0.00379293971 -0.0135043981
v -0.026217375 -0.00137308915 -0.0139184389
v -0.0261462871 -0.00213188096 0.0138797034
v -0.0263896938 -0.00609979266 0.0124955969
v -0.0263905637 0.0135736 -0.00329985074
v -0.0264422093 0.0139819998 -0.000503234391
v -0.0264730696 -0.00531515898 -0.0127394916
v -0.0264082849 -0.00911856815 0.0104797389
v -0.0264235437 -0.0098492261 -0.00974463578
v -0.0261877161 0.0138130933 0.00268266024
v -0.0261996556 -0.00461401371 -0.0132069858
v -0.0264092013 0.000980897225 -0.0138796959
v -0.02647499 0.00465929508 -0.0130200349
v -0.0264867339 0.0118293641 -0.00722061563
v -0.0262154415 0.0109373434 -0.00882609282
v -0.0264142491 0.0110207256 0.0085856095
v -0.0263988972 0.00858754758 0.0110354461
v -0.0264631025 -0.0017223903 0.0136869755
v -0.0264092144 -0.0124155516 0.00614532596
v -0.0263883658 -0.0138257053 0.000822317495
v -0.0264818911 -0.013102578 -0.004136289
v -0.0261193272 -0.0130256116 -0.0050350409
v -0.0262021702 -0.0077956263 -0.0115874344
v -0.0264056288 0.00259841955 0.0137180807
v -0.0188013297 -0.00829070155 -0.011274023
v -0.0188104715 -0.0116338311 -0.00776131637
v -0.0188013688 -0.0139426719 -0.000852394442
v -0.018707281 -0.0133658377 0.00397297367
v -0.0188095998 -0.0112229884 0.00834649336
v -0.0186407473 -0.00764579093 0.0116601521
v -0.018591024 -0.00445689866 0.0131457197
v -0.0188105199 -0.000809504942 0.0140107255
v -0.018815944 0.00289960997 0.0136971958
v -0.0185891949 0.00509986188 0.012954453
v -0.0185785834 0.00807681214 0.0113936719
v -0.0188013166 0.0102517772 0.00964823458
v -0.018576093 0.0122291902 0.00672370289
v -0.0186061505 0.0135674067 0.00346710742
v -0.0185680483 0.0139612136 0.000539829896
v -0.0188092869 0.0139543796 -0.0016059872
v -0.0186094511 0.0132125849 -0.0046131881
v -0.018586982 0.0119452216 -0.00721919816
v -0.0188159365 0.0105074542 -0.00930473581
v -0.0188013539 0.00780457305 -0.0117033599
v -0.0188113507 0.00336813089 -0.0136439269
v -0.0185961854 -0.00037298497 -0.0138993096
v -0.0188068394 -0.00273648556 -0.0136988359
v -0.0185835958 -0.0050013368 -0.0129412971
v -0.0185322315 -0.00936650205 -0.0100731449
v -0.0185724758 -0.0129863471 -0.00481156446
v -0.0185182653 -0.0136805587 0.000448202481
v -0.0185206775 -0.0111220358 0.0079948632
v -0.0185322482 -0.000391458248 0.0137907211
v -0.0185322389 0.00834596436 -0.011035813
v -0.018531885 0.00348116178 -0.0133274319
v -0.0261832736 -0.00345729594 -0.0049685454
v -0.026184272 -0.00546944281 -0.00254511205
v -0.0261829719 -0.00599956419 0.000565627241
v -0.0261908863 -0.00510583306 0.00317017315
v -0.0263908636 -0.00356159289 0.00495316181
v -0.0262975954 -0.00139925501 0.0059162504
v -0.0264126435 0.000114945244 0.00614922261
v -0.0263912175 0.00228985678 0.00573599339
v -0.0261977855 0.00429025013 0.00437489757
v -0.026190782 0.00573004503 0.00215788558
v -0.0264081638 0.00618249644 0.000600439846
v -0.0261855088 0.00577537669 -0.0021146459
v -0.026395509 0.00420470489 -0.00454612169
v -0.0261889361 0.00184500159 -0.00582673447
v -0.0262991432 -0.000846606039 -0.00602773484
v -0.0264689177 -0.00450696796 -0.0044986275
v -0.0264709685 -0.00620201509 -0.00118324696
v -0.0264663398 -0.00581120886 0.00258349511
v -0.0264689177 0.00518177915 0.00386356888
v -0.0264684986 0.00606148923 -0.00213980395
v -0.0264772996 -3.15768775e-05 -0.0066080126
v -0.0186827257 -0.00565349776 -0.00207954622
v -0.0186829809 0.00306844269 0.00533244945
v -0.0185839739 0.00506414194 0.00353863789
v -0.0186030287 0.00484700454 -0.0038206717
v -0.0188361667 0.00292631239 -0.00536384108
v -0.0186841842 -0.000126614861 -0.00611175178
v -0.0185802747 -0.00290579326 -0.00537754688
v -0.0186821651 -0.00458153384 -0.00392733561
v -0.0185005181 -0.00574263791 -0.00318762776
v -0.0188199114 -0.00173878123 -0.00578055577
v -0.018537689 0.00219420553 -0.00593063468
v -0.0185343847 0.00629364839 -0.00107425696
v -0.0187724791 0.00588882994 -0.00168346963
v -0.0186283514 0.00607806584 0.00119977607
v -0.0186415836 2.12132773e-06 0.00611232081
v -0.0185331125 -0.00306655117 0.00547967991
v -0.0188058559 -0.00258612889 0.00549383648
v -0.0185363553 -0.00622929353 0.00037362476
v -0.0186974406 -0.00475073839 0.00372497272
v -0.0187023338 -0.00553376926 0.00232252036
v -0.0188564602 -0.00599653041 0.000483410055
v -0.0185319111 0.00155955856 0.00612312835
v 0.0621820576 -0.0259025283 -0.0146922963
v 0.0655405447 -0.0255968757 -0.0104181673
v 0.00717020361 -0.0243873876 -0.00681833411
v 0.00765598472 -0.0244420841 -0.0146984598
v -0.0359772854 0.0232812744 -0.0149197197
v -0.0336052403 0.0236111395 -0.00681826146
v -0.0404559001 0.0219726861 -0.014879521
v -0.0429860651 0.0209353063 -0.0068180724
v -0.0465968996 0.019067537 -0.014943203
v 0.00723414449 0.0245824028 -0.0146932779
v 0.00705364486 0.0245742537 -0.00681831315
v 0.00760713872 0.0249374844 -0.0150002763
v 0.0686716884 0.0256379321 -0.0149028068
v 0.0656517521 0.0257980078 -0.0104567669
v -0.0427078642 0.0228562262 -0.00681828568
v 0.00585444458 0.0254842639 -0.00681851525
v -0.033152543 0.0251545291 -0.00682126312
v -0.0487955548 0.0193777569 -0.00681818556
v -0.0492507219 0.0164803211 -0.00681832712
v 0.0246125404 0.0272081457 -0.00681094499
v 0.0298215784 0.0274149831 -0.00685362983
v -0.0560222343 0.000413847301 -0.00681833923
v -0.0537494645 0.010392067 -0.00681832479
v -0.0529740267 0.015463776 -0.00681104977
v -0.0579743795 0.00104378804 -0.00682027871
v -0.055862803 0.0107616866 -0.00682167057
v 0.112016574 -0.0055898251 -0.014970067
v 0.109539635 -0.00495578861 -0.0148949157
v 0.112162091 0.00538300723 -0.0149430046
v 0.112687923 -0.00018228023 -0.0149488626
v 0.110114217 0.000355763535 -0.0148850344
v -0.0537871718 0.0153555637 -0.0149377603
v 0.109413005 0.00568201672 -0.0148888305
v 0.0377771892 0.0305752736 -0.0149442283
v 0.0363132469 0.0282655042 -0.0149951009
v 0.103032954 -0.0187274627 -0.0149552897
v 0.103794605 -0.0147135928 -0.0148842009
v 0.107165083 -0.0148400962 -0.0149599789
v 0.107208498 -0.0104403086 -0.0149161471
v 0.107424945 0.0102142496 -0.0148675414
v 0.110371046 0.0103847347 -0.0148773436
v -0.0286448002 -0.02635682 -0.014870001
v -0.0351332612 -0.0258071162 -0.0149325235
v -0.0375017785 -0.0229916889 -0.015003901
v -0.0399393365 -0.0247364622 -0.0149085494
v -0.0444791615 -0.019987477 -0.0149239376
v -0.0458214022 -0.0222829729 -0.0149066458
v 0.104594044 0.0141152991 -0.0148850707
v 0.103390634 0.0187549964 -0.0149131464
v -0.0505223982 0.0191006865 -0.0149204293
v -0.0441521369 0.0233782474 -0.0149259269
v -0.0332884789 0.0261271857 -0.0150042083
v -0.0298055131 0.0238869935 -0.0149007244
v 0.00777246105 0.0273780972 -0.0148963099
v 0.086423412 -0.0235109329 -0.0149993813
v 0.0886421427 -0.0253510755 -0.0149400784
v 0.0961516351 -0.0230262019 -0.0148398951
v 0.0972556472 -0.0197299328 -0.0150011489
v 0.0841463059 0.0262109004 -0.0150005175
v 0.0886549577 0.02313908 -0.0149994884
v 0.0983497202 0.0193575732 -0.0150005082
v 0.0956919566 0.0233569033 -0.0148976631
v 0.00632744003 -0.0270880517 -0.0149002457
v 0.0295321364 -0.0299008284 -0.0149290189
v -0.056277018 -0.0109411674 -0.0149133252
v -0.055011332 -0.00694323657 -0.0149014397
v -0.0526964515 -0.0121433446 -0.0149100069
v -0.0538651794 -0.0150318611 -0.0149030183
v -0.0503100306 -0.0190313216 -0.0148878191
v -0.0486283302 -0.0171022266 -0.0148984129
v -0.0302035585 -0.0236533452 -0.0148792714
v 0.00763491075 -0.0247420557 -0.0150000686
v 0.0760260299 -0.0272428524 -0.0149354711
v 0.030454535 -0.0274051968 -0.0148841459
v 0.0403056592 -0.0303212218 -0.0148658445
v 0.0403723679 -0.02773441 -0.0149239674
v -0.0524862222 0.0127023356 -0.0149046415
v -0.0566297397 0.0102594029 -0.0148958489
v -0.0548609197 0.0076516238 -0.0149136325
v -0.0581213161 0.0055896081 -0.0149045484
v -0.0561110824 2.51503971e-05 -0.0148861967
v -0.0586054996 -0.000981079997 -0.0149637284
v 0.0643888935 -0.00070174929 0.00474876678
v 0.107255556 -0.00833348278 -0.0125701074
v 0.0893183723 -0.00470687123 -0.00631661201
v 0.0860767365 -0.0199223533 -0.00903853402
v 0.0743614808 -0.0179978386 -0.00348465005
v 0.0837691873 -0.0153639875 -0.00604662765
v 0.0372487716 -0.0115043996 0.0196231902
v 0.0446268991 -0.00727216667 0.0160018262
v 0.045674976 -0.0137452623 0.0130490903
v 0.0390932299 -0.0163158458 0.0154407471
v 0.0531248488 -0.0183374472 0.00608796254
v 0.0907848999 -0.0219392795 -0.0117938761
v 0.0827767104 -0.0237263404 -0.0112077827
v 0.0962121561 -0.0198050085 -0.0120268399
v 0.10058824 -0.0172117446 -0.0122336345
v 0.0858989581 -0.00950715784 -0.00550606893
v 0.0781049058 0.004342495 -0.00182761252
v 0.0507041402 -3.44300061e-05 0.0125251757
v 0.0390469804 -0.0029335625 0.0208349396
v 0.0709562153 -0.00818983931 0.00111689325
v 0.0739615038 -0.0200855248 -0.00482235244
v 0.0531959571 -0.00895230658 0.0102978908
v 0.0533841439 -0.0186861213 0.00547281327
v 0.0647082552 -0.0160930734 0.00186166994
v 0.0614967272 -0.0100838654 0.00544877024
v 0.0761289746 0.0205575526 -0.0058265361
v 0.0794162676 0.0159000903 -0.00443292037
v 0.0652910173 0.014964507 0.00216806447
v 0.0864580423 0.0130391214 -0.00634864904
v 0.103877701 0.0146559207 -0.0124264937
v 0.0923391953 0.00580707891 -0.00739238877
v 0.0957952961 0.0201845076 -0.012020478
v 0.0996333584 0.0180714037 -0.0121818325
v 0.0826726481 0.0239197686 -0.0112025943
v 0.0621970445 0.0184484683 0.00177571981
v 0.0371311605 0.0118400399 0.0195373539
v 0.0447460413 0.0168350991 0.0119731473
v 0.0396160111 0.0179884415 0.0140547361
v 0.0386662968 0.00605423609 0.0205836166
v 0.0448861606 0.00725917611 0.0158675909
v 0.107436135 0.0100632478 -0.0125570102
v 0.053095255 0.00866295863 0.010434296
v 0.0563245304 0.0136313569 0.00716701709
v 0.0666165277 0.00754555175 0.00317606749
v 0.0900910124 0.0223515406 -0.0117554525
v 0.0353970714 0.0279277489 -0.0146767441
v 0.0995465741 0.0181609858 -0.0147031983
v 0.0943190679 0.0209000055 -0.0146960868
v 0.0874362513 0.0230718385 -0.0146899978
v 0.0860285312 -0.0231655426 -0.014685899
v 0.101191707 -0.0168135781 -0.0146966241
v 0.0948153138 -0.0205273461 -0.0146983033
v -0.0487238802 0.0170748737 -0.0147238374
v 0.107748121 0.0145879006 -0.0147010069
v 0.0856363252 0.0262967627 -0.014693616
v 0.0614243336 0.0289924238 -0.0146995289
v 0.0306335073 0.0303876158 -0.0147094717
v -0.030062424 0.0266108029 -0.0146891251
v -0.0379293859 0.0256486852 -0.0147059029
v 0.110161297 -0.0106346002 -0.0147000728
v -0.0581386834 -0.00561790355 -0.0147256665
v 0.086650461 0.0269718301 -0.0115061263
v 0.0414140224 0.0317182057 -0.0114654219
v 0.0620257072 0.0300780609 -0.0114774583
v 0.0741956234 0.0288254917 -0.011436861
v 0.113230266 0.00229972438 -0.011546839
v 0.112036236 0.00876787025 -0.0115024736
v 0.10984882 0.0133699365 -0.0114646284
v 0.108193122 0.0156186176 -0.0115012703
v 0.104262359 0.0193841364 -0.0114591839
v 0.0969218388 0.023601016 -0.0114918817
v 0.0326955058 0.0318064354 -0.0114598582
v 0.0138718924 0.0295970757 -0.0114380186
v 0.0963381603 -0.0236477014 -0.0115051614
v 0.0868896469 -0.0267071836 -0.0115178861
v 0.107986465 -0.0156741329 -0.0116352169
v 0.108496539 -0.0149312094 -0.0113924956
v 0.104900196 -0.0185910333 -0.011458179
v 0.101427361 -0.0210364349 -0.0115101766
v 0.111042053 -0.0110482313 -0.0115481187
v 0.112764612 -0.00578535581 -0.0115059335
v 0.0396043099 -0.031634789 -0.0114602996
v 0.0607857965 -0.0300070941 -0.0114419637
v 0.079262659 -0.027988866 -0.0114577459
v 0.00469929632 0.0287802778 -0.0114622302
v 0.0302480254 -0.0314213298 -0.0114925252
v -0.0340535082 0.0289027393 -0.0114409132
v -0.0565460473 0.0176543817 -0.0114564598
v -0.0600807369 0.0117325243 -0.0114724608
v -0.0404432975 0.0279048271 -0.0114360387
v -0.0456937551 0.0260853358 -0.0114475153
v -0.0509680882 0.0229981486 -0.0115040429
v -0.0619210452 0.00536916917 -0.0114562577
v 0.00790824089 -0.0286690611 -0.0115002804
v -0.0624171458 -0.000902177126 -0.0114352051
v -0.0603893921 -0.0109095471 -0.0114312647
v -0.0565261617 -0.0174678396 -0.0114679895
v -0.051492326 -0.0224460717 -0.0114726638
v -0.0453761779 -0.0260491669 -0.0114298332
v -0.0404192396 -0.0277006086 -0.0114210751
v -0.0350242183 -0.0286044385 -0.0114744045
v -0.0276297219 -0.0286849756 -0.01145232
v -0.0615644641 -0.00689664809 -0.0114153558
v 0.0350169167 0.0129572479 0.0210163854
v 0.0366316326 0.00671216892 0.022431558
v 0.0373059213 -0.00321363821 0.0229218062
v 0.0370573215 -0.000274673599 0.0224891957
v 0.0352394171 0.0131177446 0.0214747656
v 0.0366392545 0.0174107365 0.0171757508
v 0.0352524295 -0.0129441125 0.0214953702
v 0.0365966074 -0.00646645809 0.0221815258
v 0.0369187593 0.0178949591 0.0174535569
v 0.0350260064 -0.0127718318 0.0210090093
v 0.0385778621 0.0175094455 0.0143662626
v 0.0369325764 -0.0176957101 0.0174332
v 0.0366120376 -0.0171975214 0.0172261409
v 0.0361590907 0.0189761519 0.0132762799
v 0.0360552631 0.0190146044 0.0161268339
v 0.0360100828 0.0191902854 0.0163001698
v 0.0313838609 0.0209221654 0.0138752712
v 0.0200501736 0.0243835598 0.00949330255
v 0.0249842796 0.0231448039 0.0110777803
v 0.0148241771 0.0251965486 0.00848007295
v 0.00878925063 0.0252964124 0.00845680106
v 0.00840707961 0.0255136862 0.00810437184
v 0.00842392072 0.0272439104 0.00549747935
v 0.00836950541 0.0274760704 0.00412433315
v 0.00771450298 0.0274945106 0.00382217765
v 0.00732759852 0.0274677444 0.00413709134
v 0.00729449606 0.0271872692 0.00557390368
v 0.0073298323 0.0253919363 0.00818176661
v 0.00703664916 0.0253098216 0.00851802155
v -0.011525996 0.0245461836 0.00974552054
v -0.017806014 0.0225433744 0.0116530061
v -0.0228477269 0.0181771703 0.0155831426
v -0.0251547117 0.011488894 0.0202744287
v -0.0210567843 0.0202582181 0.0137176765
v -0.0244697072 0.0146179562 0.0184345264
v -0.025466552 0.00838186312 0.0212154631
v -0.025601685 0.000128247644 0.0215224084
v -0.0254825559 -0.00804405473 0.0212330092
v -0.025236031 -0.0107247895 0.0204731431
v -0.0175008215 -0.0224941708 0.0115202451
v -0.0227760673 -0.0181752257 0.0154406289
v -0.0207684264 -0.020311825 0.013497266
v -0.0247051828 -0.0138211725 0.0188952591
v -0.0110678962 -0.0244385526 0.00965981279
v 0.00721829757 -0.0251303986 0.00844774302
v 0.00727822958 -0.0270044412 0.00556576811
v 0.00737490319 -0.0272401031 0.00403530151
v 0.00794183556 -0.0273150913 0.00383767183
v 0.0083459802 -0.0272790883 0.00409618532
v 0.00842503645 -0.0270445049 0.00549539411
v 0.00870747305 -0.025152171 0.00842431933
v 0.00838029943 -0.025241727 0.00806363951
v 0.0150085771 -0.0249797571 0.00851193909
v 0.0203490406 -0.0241238531 0.00957309734
v 0.0307410825 -0.0210044067 0.0135906702
v 0.0360565409 -0.0188223124 0.0161334686
v 0.0360134616 -0.0190070495 0.0163049363
v 0.0245378818 -0.0230881106 0.0109128179
v 0.0363016203 -0.0187523328 0.0132360402
v 0.00855771825 -0.0231251214 0.00856421981
v 0.00725742336 -0.0230906047 0.00858521648
v 0.00849221833 0.0233145859 0.00851355866
v 0.00718993833 0.0232882705 0.0086209327
v -0.0427663289 -0.00590100652 0.0184440743
v -0.0599062108 0.00487282267 -0.00465318281
v -0.0612010062 -0.00201618113 -0.00761526776
v -0.0586956218 0.00199085963 -0.00118145649
v -0.0548868813 -0.00359690958 0.00567222945
v -0.055570893 0.00494389143 0.00430170167
v -0.04767837 0.00535954675 0.0143885724
v -0.0511618368 -0.00379285961 0.0108030066
v -0.051383663 0.00368339289 0.0104383063
v -0.0475636162 -0.00582789071 0.0144252144
v -0.0584618859 -0.00498832623 -0.001356369
v -0.0598387644 0.0104517089 -0.00862621423
v 0.0385759324 0.0192709398 0.0169259291
v 0.0393877625 0.019259857 0.0167574063
v 0.0390945189 0.0189955346 0.0168345142
v 0.0330739655 0.0227124933 0.0134350043
v 0.0376613103 0.020674888 0.0156224417
v 0.047320623 0.0191456303 0.0121734357
v 0.05289419 0.0194976032 0.00899819378
v 0.0528576449 0.0197534412 0.00912430231
v 0.0533219241 0.0190597549 0.00905143004
v 0.0536556169 0.019091621 0.0091828946
v 0.0532096736 0.0186246 0.00934127346
v 0.0532941446 0.0184804779 0.00974769797
v 0.0458067693 0.0180012658 0.0141689731
v 0.0395312905 0.0179011021 0.0179175884
v 0.0375758111 0.0132613499 0.0220947452
v 0.0396484546 0.00211128267 0.0236224197
v 0.0387172364 0.00925717037 0.0229754038
v 0.00736072473 0.0244784318 0.00420109928
v 0.00735691329 0.0231260601 0.00630671345
v 0.0593792833 0.02067044 0.00509726955
v 0.0491290987 0.027741624 -0.00400774786
v 0.0566719621 0.0231289137 0.00266956142
v 0.0744529739 0.0241530631 -0.00473094406
v 0.0768834725 0.0228007883 -0.00433527399
v 0.0211450327 0.0263395365 0.00755384844
v 0.0271820594 0.024893973 0.0101209283
v 0.0351509415 0.0305500589 -0.00750790117
v 0.0166571103 0.0271562357 0.00586512079
v 0.110028304 0.000918016769 -0.0125468066
v 0.109001726 0.00656892499 -0.0125448061
v -0.0551507175 0.00145764323 -0.000365159911
v -0.0463704355 0.00254742405 0.0119746104
v -0.0438525006 0.000304994319 0.0143516548
v -0.0512362346 0.00238636578 0.00614210498
v -0.0411855876 0.00412730174 0.0164394993
v -0.0463880152 -0.00224800338 0.0119478758
v -0.0255574249 -0.00214903103 0.0191724673
v -0.0348518901 -0.00150857819 0.0179408398
v -0.0372830704 0.0257993527 -0.0135523193
v -0.0293682795 0.0266501382 -0.0133814532
v 0.00455472525 0.0272846725 -0.0129626654
v 0.028285468 0.0300844032 -0.0128548648
v 0.0375260189 0.0306440908 -0.0128352717
v 0.0595511422 0.0291372743 -0.0128635801
v 0.0831566453 0.0266333502 -0.0126523478
v 0.0914118513 0.0249545239 -0.0124022691
v 0.100537375 0.0209525879 -0.0125706103
v 0.107572511 0.0148275532 -0.0127545493
v 0.110678576 0.00989872962 -0.0126561243
v 0.112425201 0.00455557834 -0.012381915
v 0.112800501 -0.000244566647 -0.0122356955
v 0.00837815553 0.0232334379 0.0061443774
v -0.0451177582 0.00775440643 0.0127518913
v -0.0407205336 0.00864511915 0.0161705688
v -0.0502015427 0.00766851194 0.0066211978
v -0.0548021011 0.00692171557 -0.00112192053
v -0.0474633351 0.0141273588 0.00591390627
v -0.0497513749 0.011142686 0.00538758142
v -0.0529420786 0.011480391 -0.000669623318
v -0.0424028598 0.0139794648 0.0117599443
v -0.0391264111 0.0132127563 0.0149156041
v -0.0444960669 0.0107333921 0.0122819673
v -0.0490744524 0.0156934485 0.00117209135
v -0.0403272696 0.0208786651 0.00146792037
v -0.0455819741 0.0172715858 0.00339549081
v -0.0342112742 0.020223083 0.00724192476
v -0.02914281 0.0194865204 0.0102263978
v -0.0241154656 0.0217239689 0.00803058222
v -0.0265130661 0.0230541229 0.00413295021
v -0.0147943031 0.0234925747 0.00605720561
v 0.00301569328 0.0242179148 0.00497632381
v -0.0345878862 0.022905875 0.000732850982
v 0.00781022152 0.0245536864 0.00386031508
v -0.034360867 0.00685269246 0.0178337693
v -0.0253994111 0.00781128788 0.018891044
v 0.0323122293 0.0207671262 0.0108640408
v 0.0267116409 0.0218505338 0.00894372631
v 0.0249844417 0.022885073 0.00770717114
v 0.0161769222 0.0233274773 0.00630584918
v 0.04480673 0.0180381741 0.0107975379
v 0.0362640917 0.0116876941 0.019320095
v 0.0376148634 0.00566597469 0.0202491935
v 0.037920326 -0.00359142642 0.0204569064
v 0.0533142835 0.0191402454 0.00512386952
v 0.0684393048 0.0211791974 -0.00378643116
v 0.0532847717 0.0186219793 0.00585258147
v 0.0286140833 0.0213113409 0.0119302375
v 0.0171088353 0.0232880805 0.0086528454
v 0.00837061834 0.0245431196 0.00423725322
v 0.0153431343 0.0244334303 0.00483362284
v -0.0336759128 0.0107909385 0.017086722
v -0.0246853717 0.0111273862 0.0180239435
v -0.00591903552 0.0230160262 0.00693773385
v -0.0255281553 0.0154944044 0.0143558905
v -0.021587098 0.0189662278 0.0110477135
v -0.0193620566 0.0204479434 0.00979329832
v -0.0155085698 0.0214445107 0.00836744998
v -0.0145314876 0.0220553353 0.0081038177
v -0.0328367688 0.0133339483 0.0157277491
v -0.0141752055 0.0216673892 0.0106074046
v -0.00736857718 0.0228161737 0.00953024346
v -0.00768402731 0.0226259828 0.00712014874
v -0.0214480106 0.0173301622 0.0142314993
v -0.0232823193 0.0144715533 0.0162315145
v -0.0174291022 0.020383101 0.0117419902
v -0.0442526452 0.023404656 -0.0136027448
v -0.0500849523 0.019582158 -0.0136639159
v -0.0553775989 0.0133285373 -0.013741035
v -0.0582442507 0.0054899063 -0.0137484493
v -0.0587397367 -0.00268143485 -0.013763262
v -0.0116922017 0.0265448038 0.0065024253
v 0.0240747817 0.0299817622 -0.00547180744
v 0.0111931581 0.0285761934 -0.00256849523
v 0.00160357833 0.028092159 -0.00278289127
v -0.0578112565 0.0148297912 -0.00897836778
v -0.054592222 0.0192378797 -0.00952332281
v -0.0299986508 0.0285987165 -0.0087335147
v -0.0506990142 0.0225167479 -0.00880801864
v 0.0718044937 0.0175911151 0.00100734981
v 0.0564420521 0.0159058273 0.00936055277
v 0.0659143329 0.00532828318 0.00679324195
v 0.0826991573 0.0211772416 -0.00525535224
v 0.0845080242 0.0160696544 -0.00364581309
v 0.0942785665 0.0110015068 -0.00599765358
v 0.0757842958 0.00307267928 0.00206058333
v 0.0861563459 0.000714456022 -0.00223798351
v 0.0988668948 0.00261075911 -0.00691135088
v 0.056987904 0.000153550107 0.0118299462
v 0.0480712764 -0.00306217698 0.0174426083
v 0.0477098823 0.0083657112 0.01706318
v 0.0447176285 0.0144615183 0.0168396197
v 0.0661812723 0.0136155719 0.00508989347
v 0.0783884972 0.00916052051 0.00037300674
v 0.0545830876 0.01001848 0.0124036837
v 0.0391109213 0.0277882516 -0.0092844218
v 0.0528398342 0.0194713082 0.00481573027
v -0.0338126905 0.00783259608 0.0204448458
v -0.033119712 0.0137129538 0.0187769067
v -0.0422174446 0.0100262715 0.0180874206
v -0.0407149047 0.0139549868 0.017145671
v -0.0389362536 0.0161653366 0.015958637
v -0.0272790287 0.0198490694 0.0139534175
v -0.0291824862 0.022770064 0.0106219007
v -0.0185808353 0.0258616172 0.00745493965
v -0.0537109338 0.0118915346 0.00453594513
v -0.0567831956 0.0119431699 -0.00172150577
v -0.0522749089 0.0181991458 -0.00114384794
v -0.0455501266 0.0233974401 -0.00227020029
v -0.0387798063 0.0250490662 0.000742515607
v -0.0326609686 0.0264856517 0.000598963583
v -0.0212124269 0.0276496038 -0.00140306703
v -0.046215225 0.0109898904 0.0146750184
v -0.0487214737 0.0124014467 0.0111644659
v -0.0501818918 0.0161166955 0.00563477585
v -0.0466730073 0.0187511593 0.00624838891
v -0.0427519158 0.0223346427 0.00346550532
v -0.0274200495 0.0251550134 0.00662695291
v -0.0324242711 0.0236969925 0.00791435502
v -0.0390876606 0.0210945494 0.00874137785
v -0.0511016697 0.00922099035 0.00976596493
v -0.0458073206 0.0153126782 0.0120957782
v -0.0417875983 0.0177148338 0.0124150589
v 0.0386443585 -0.0190332774 0.0169443674
v 0.039381694 -0.0190395992 0.0167733282
v 0.0390662514 -0.0188057367 0.0168347731
v 0.0327756181 -0.0226245001 0.0132748401
v 0.0376159288 -0.0205599051 0.0155025963
v 0.0470116623 -0.0189710818 0.012433555
v 0.0529085658 -0.0192891881 0.00897563994
v 0.0530289672 -0.0195144117 0.00903369766
v 0.0536117256 -0.0188022368 0.00925257336
v 0.0533303544 -0.0188369714 0.00905889645
v 0.0531976745 -0.0183518901 0.00970369484
v 0.0533223823 -0.0185673498 0.00925974268
v 0.0460327752 -0.017820945 0.0140149165
v 0.0395701341 -0.0176834576 0.0179354995
v 0.0376224108 -0.0132905552 0.0219327621
v 0.0380718373 -0.0113956612 0.0225484166
v 0.0392778367 -0.00570713822 0.0234198142
v -0.0139303571 -0.0262883697 0.00651367288
v 0.00739802793 -0.0243167747 0.00403140299
v 0.00735619804 -0.0231680963 0.00625319174
v 0.0214754883 -0.0260101818 0.00775310025
v 0.0149766086 -0.0270854719 0.0055692899
v 0.0385725461 -0.0172856264 0.0143908039
v 0.107275143 -0.0101525951 -0.012559711
v 0.109421089 -0.00503083551 -0.01254695
v -0.050946679 -0.0018294116 0.00656947028
v 0.11224851 -0.00522973901 -0.0124242818
v 0.106884137 -0.0154279703 -0.0127397664
v 0.11025282 -0.0105709508 -0.0126888808
v 0.100556128 -0.0207535569 -0.012571888
v 0.0901135579 -0.025175482 -0.0124363247
v 0.0758459792 -0.0273730066 -0.0127458554
v 0.0386182703 -0.0304710716 -0.0128562981
v 0.0285165701 -0.0299272556 -0.0128678968
v 0.00791542511 -0.0273062028 -0.0129211619
v 0.00835926272 -0.0230083466 0.00619940553
v 0.10399542 -0.0143720629 -0.0123769566
v -0.0411897339 -0.00678741047 0.0162783358
v -0.0485204346 -0.00735146971 0.00888703391
v -0.0522819571 -0.00660490943 0.00371930469
v -0.0562300012 -0.00993343443 -0.00681979069
v -0.0556148887 -0.00614762586 -0.00270214374
v -0.044254154 -0.0073699588 0.0135955298
v -0.0391718261 -0.0127163474 0.0151206665
v -0.044538267 -0.0104371654 0.012308212
v -0.0512173064 -0.0112989498 0.00292716036
v -0.0504513793 -0.014652052 2.06222358e-05
v -0.0516302735 -0.0167291574 -0.00681773247
v -0.0434877686 -0.0132166026 0.0113115339
v -0.0468634218 -0.0143203335 0.00623012055
v -0.0478656814 -0.01702963 0.000203898584
v -0.0159542654 -0.0232379157 0.00611370336
v 0.000810081779 -0.0239022784 0.00517435046
v -0.0237661712 -0.0218726322 0.00757902535
v -0.0285428502 -0.0205037743 0.00889850501
v -0.0351440869 -0.0188718196 0.00861660298
v -0.0404018089 -0.0207042545 0.00134482852
v -0.0452482849 -0.0215208288 -0.00681838859
v -0.0349231511 -0.0248440746 -0.00681915227
v -0.0345962755 -0.0225582458 0.00116327987
v -0.0258990061 -0.0235640071 0.00174964312
v 0.00517496839 -0.0246230066 0.00034154029
v -0.0176788755 -0.0244478527 -0.000881074695
v -0.0444984622 -0.0173831526 0.00390030211
v -0.0412907377 -0.0147562139 0.0112768067
v 0.00566025125 -0.0252838247 -0.00681834295
v -0.0339408666 -0.00780287944 0.0178331453
v -0.0254569761 -0.00703792879 0.0189530347
v 0.0329952277 -0.0200004131 0.011669849
v 0.0300275497 -0.0214801356 0.00961286575
v 0.0190706234 -0.0229247734 0.00675685611
v 0.0160613135 -0.0242589861 0.00487267692
v 0.0393350199 -0.017712906 0.0140001979
v 0.0362689905 -0.0115958694 0.0192729253
v 0.0687794536 -0.0212149099 -0.00416903431
v 0.0293204561 -0.0209884718 0.0121728349
v 0.0167224687 -0.0231202655 0.008574876
v 0.0137049146 -0.0231716856 0.0061180396
v 0.0083343843 -0.0243344046 0.00410002843
v -0.0251199901 -0.00923210289 0.0185667612
v -0.0336821564 -0.0121910246 0.0163294766
v -0.0276836343 -0.011191438 0.0174445044
v -0.0180903934 -0.0209184363 0.00913130771
v -0.019823594 -0.019729089 0.0100031095
v -0.0242941752 -0.0167874657 0.0130677707
v -0.0261096954 -0.0187588818 0.0111216353
v -0.00882488023 -0.0226563793 0.00718103768
v -0.0151032293 -0.0213046316 0.0083072558
v -0.00727267284 -0.0224703494 0.00707969116
v -0.00900090113 -0.0224781074 0.00969878957
v -0.0160233937 -0.0208715741 0.0111628557
v -0.024298409 -0.0119779315 0.0175388753
v -0.0227316208 -0.0153231118 0.0155604538
v -0.0196383297 -0.0187822524 0.012875231
v 0.0268234666 -0.0297860987 -0.00493161334
v 0.0406982824 -0.0291689951 -0.00542117795
v 0.0108932024 -0.0283516925 -0.00270578358
v 0.0318137035 -0.027413236 0.00179992558
v 0.00173462927 -0.027861679 -0.00210754457
v -0.0339469798 -0.0283134021 -0.00916521437
v -0.0506736636 -0.0224295612 -0.00923806801
v -0.054505039 -0.0191842243 -0.00966936164
v -0.0577046648 -0.0149218999 -0.00922404602
v 0.0925759226 -0.0134773506 -0.00593656674
v 0.0961632952 -0.00684231566 -0.00620560348
v 0.0843559131 -0.00961695891 -0.00211259932
v 0.0823088363 -0.0156308655 -0.00268334919
v 0.0769844353 -0.0220690221 -0.0039319885
v 0.0837263465 -0.0203881767 -0.00528593455
v 0.063500531 -0.0172516908 0.00501147797
v 0.0485233851 -0.0145397978 0.0143136298
v 0.0461994037 -0.00982956961 0.0175194144
v 0.0655778125 -0.00601306837 0.00685444893
v 0.0750650391 -0.00725272205 0.00216411427
v 0.0547805876 -0.00911235064 0.0124049382
v 0.066882506 -0.0135301286 0.00473152567
v 0.0400733165 -0.0275632907 -0.00937123224
v 0.0289683044 -0.0272078048 -0.00682096928
v 0.0529230013 -0.019273676 0.00479590287
v -0.0336676352 -0.00825286191 0.0203812514
v -0.019768009 -0.0252808873 0.00796169974
v -0.0287822783 -0.0226224326 0.0106215402
v -0.0275149364 -0.0194296893 0.014158126
v -0.0329002179 -0.0136759141 0.0186787918
v -0.0410230272 -0.013813341 0.0170218349
v -0.0420566946 -0.0102850432 0.0180451442
v -0.0394002199 -0.0161264781 0.0156685133
v -0.0480652489 -0.0157103967 0.00896032341
v -0.0466939248 -0.0111671956 0.0140279653
v -0.033152476 -0.0265596099 -0.000564463844
v -0.0404961891 -0.0242760889 0.000877338927
v -0.0492876321 -0.0206974149 -0.00164937775
v -0.0533936471 -0.016723318 -0.00126835715
v -0.0549834594 -0.0134229874 0.000307041395
v -0.0570563637 -0.0104518309 -0.00121391821
v -0.029411396 -0.0244900435 0.00711572729
v -0.0366767608 -0.0220143013 0.00846562535
v -0.0459284298 -0.0184102673 0.00749202026
v -0.052529186 -0.0102182049 0.00728548272
v -0.0513851382 -0.0126505317 0.00734695792
v -0.0427364819 0.00591648184 0.0184782743
v -0.0379331484 -0.0254754685 -0.0135317575
v -0.0442065857 -0.0232210625 -0.0135979876
v -0.0491658077 -0.0201155953 -0.0136666531
v -0.0534619763 -0.0158274043 -0.013698848
v -0.0566151962 -0.0104260491 -0.013754026
v -0.0307770371 -0.0263365395 -0.0134365279
v -0.0446771197 -0.0197394658 -0.00681832992
v -0.0492601767 -0.0162735935 -0.00681833085
v -0.0541534871 -0.00930846948 -0.00681834156
v 0.0562441237 -0.0229774769 0.00279081683
v 0.0586217232 -0.0207094159 0.00520251552
v 0.0733505338 -0.0244962759 -0.0049772393
v 0.0506607331 -0.0263486896 -0.00200772495
v 0.0468626842 0.0252655596 -0.00499320077
v 0.0469165035 -0.0250232816 -0.00490760943
v -0.038192112 -0.0225138534 -0.0147278095
v -0.0384558514 -0.0224079955 -0.00681839231
v -0.030462021 -0.0235580243 -0.0068183355
v 0.0992081761 -0.0357879549 -0.0283475947
v 0.0829747245 -0.0366287716 -0.0285113528
v 0.10134197 0.035384994 -0.0285145417
v 0.0160140451 0.0298314095 -0.0283792578
v 0.0255640727 -0.0312608518 -0.0284027625
v 0.0140074082 -0.0296272747 -0.0283315033
v 0.0313763693 0.0323677622 -0.0285195988
v 0.0365204662 -0.0340142101 -0.0284016486
v -0.0367218181 0.0296682864 -0.0285105761
v -0.035339836 -0.0297987815 -0.0284043495
v 0.0434469394 -0.0365635604 -0.0283787958
v 0.0437054038 0.0367106572 -0.0283586923
v 0.0784851015 0.0370883644 -0.0283287261
v 0.00343333534 -0.0286831893 -0.0285117608
v 0.00202319166 0.0287712477 -0.0285169873
v -0.0650096089 -0.00554329017 -0.0283274185
v -0.0621428229 -0.0133435577 -0.0283767097
v -0.0655140504 -0.000715039962 -0.0283891
v 0.116400227 0.0325304344 -0.0283466764
v 0.115750961 -0.0325202607 -0.0284414664
v 0.124701396 0.0288328119 -0.0285122283
v 0.127870157 -0.0271139573 -0.0285164732
v -0.044782687 -0.0282277856 -0.0284190197
v -0.0519306473 -0.0245657973 -0.0285148565
v -0.0589686595 -0.0183407478 -0.0284134597
v -0.055558648 0.0221002419 -0.0284450371
v -0.0599667877 0.0172333419 -0.0283897761
v -0.0493821353 0.0264893435 -0.0282742549
v -0.0446410701 0.0283926036 -0.0284120794
v 0.142069355 0.00388107356 -0.0285161231
v 0.133809105 0.0226923861 -0.0283967126
v -0.0650148466 0.00531108957 -0.0283449981
v 0.141857401 -0.0067279553 -0.028249871
v 0.140590057 -0.0116732437 -0.0282542873
v 0.139336616 0.0148369372 -0.0283709764
v 0.138114959 -0.0171770453 -0.0282587595
v 0.134716913 -0.0216562878 -0.0282914583
v -0.0321920887 0.0264224522 -0.0149965929
v -0.0393288098 -0.0251171738 -0.0150060924
v -0.0399882644 0.0250841901 -0.0150015857
v -0.0457501784 -0.0224013403 -0.0150000686
v -0.0308404062 -0.0264369603 -0.014999019
v 0.00731422845 0.0274047684 -0.0149928033
v 0.00358186406 -0.0271346346 -0.0150000714
v 0.0271487478 -0.0297565293 -0.0150036309
v 0.0291787554 0.0301326644 -0.0150000602
v 0.0398023911 -0.0304760262 -0.0150048062
v 0.0435210951 0.030419372 -0.0150050921
v -0.0588075072 -0.00119509094 -0.0150109967
v -0.0570734255 -0.00920188986 -0.0150000555
v -0.0473492481 0.0215214621 -0.01500005
v 0.0874991938 0.0258862749 -0.0150012318
v 0.086415939 -0.0260251183 -0.0150012532
v 0.0957312733 0.023273509 -0.0150000537
v 0.0958434492 -0.0231238641 -0.0150000667
v 0.104696609 0.0178346038 -0.014999453
v -0.0543378927 -0.0145563465 -0.0150000546
v -0.0505752601 -0.0189289078 -0.015000063
v -0.0519843511 0.0176378451 -0.0150000472
v -0.0556893945 0.0123980697 -0.015000049
v -0.0579660907 0.00640378566 -0.0150000565
v 0.102101594 -0.0196138676 -0.0150000537
v 0.108231574 -0.0139339985 -0.0149982795
v 0.112018295 -0.00596483378 -0.0150000695
v 0.112790674 5.01667382e-05 -0.01500005
v 0.112144127 0.00557204708 -0.0150000611
v 0.10988453 0.011287096 -0.0150000583
v -0.0600518361 0.0118057365 -0.0115931295
v -0.0616473146 0.0064829723 -0.0115761971
v -0.0624755472 -1.19647093e-05 -0.0115783289
v -0.0620911978 -0.00416342681 -0.0115752984
v -0.0604245178 -0.0106353713 -0.0115769608
v -0.0492102914 -0.024049459 -0.0116001349
v -0.0539663844 -0.0203559324 -0.0115998788
v -0.0578269809 -0.0157239195 -0.0115917604
v -0.0326764174 -0.0287799258 -0.0116272792
v -0.0437911376 -0.0267098639 -0.0116067892
v -0.0371884555 -0.0285967272 -0.0117260059
v -0.0640647262 -0.0045292289 -0.0199712068
v -0.0620393902 -0.0114307282 -0.0198378395
v -0.0396741629 -0.0295445826 -0.0281970855
v -0.0449434035 -0.027608905 -0.0198896248
v -0.0493846647 -0.0264199525 -0.0281968452
v -0.0503817685 -0.024958048 -0.0198744573
v -0.0551837273 -0.0212883558 -0.0198614057
v -0.0547119118 -0.0229003243 -0.0282014646
v -0.0591302924 -0.0167224817 -0.0198495872
v -0.0645944178 -8.70104941e-06 -0.0207998324
v -0.0325313509 -0.0293636881 -0.017313391
v 0.00161301752 0.0287837796 -0.0117605869
v 0.0068162228 0.0284987446 -0.0117002167
v -0.0330698378 0.0288660228 -0.0116253505
v -0.0379168279 0.0283846799 -0.0116339168
v -0.0438244529 0.026868213 -0.0116039356
v -0.0510011464 0.0229026731 -0.0115891388
v -0.0565861203 0.0176047049 -0.011593855
v -0.0629723296 0.0120157311 -0.0281779692
v -0.0619515963 0.0117426487 -0.0198377855
v -0.0637218431 0.00601633079 -0.0198292956
v -0.0590223186 0.0169804431 -0.0198494177
v -0.0550730228 0.0214947108 -0.0198611692
v -0.0502851456 0.0251209997 -0.0198741984
v -0.0448719896 0.0277381949 -0.0198893417
v -0.0377546474 0.0299598202 -0.0281778276
v -0.0390510671 0.0292097274 -0.0199148059
v -0.0333235152 0.0295152478 -0.0182053223
v 0.0992185175 -0.0337993391 -0.0208805129
v 0.110839359 -0.0320161991 -0.0208330117
v 0.118625104 -0.0315703824 -0.0273631476
v 0.140080079 -0.0130304322 -0.0275727026
v 0.109115526 -0.0343290567 -0.0280520208
v 0.124053232 -0.0294295847 -0.0281550027
v 0.13013351 -0.0258016326 -0.0281244442
v 0.142378226 -0.000189156461 -0.028180467
v 0.00243692007 -0.0290918909 -0.0281315874
v 3.97027034e-05 0.0290435441 -0.0282207318
v 0.141916126 0.00643994613 -0.0281952396
v 0.14086923 0.0109882178 -0.0282143261
v 0.137450919 0.0182767268 -0.0281911306
v 0.130309865 0.0257700197 -0.0281777475
v 0.123638496 0.0297613125 -0.0281479172
v 0.10945408 0.034381263 -0.0281503722
v 0.0973175392 0.0361638814 -0.0280537177
v 0.0993139893 0.0338953733 -0.0209254585
v 0.117852829 0.0302765612 -0.0208202414
v 0.11865066 -0.0298339818 -0.0207293835
v 0.124197245 -0.0276955217 -0.0207839087
v 0.129678085 -0.0247415025 -0.0207855385
v 0.134646669 -0.0206226315 -0.0207530521
v 0.137866318 -0.016631607 -0.020824451
v 0.14026013 -0.0118373111 -0.0206601173
v 0.141727567 -0.0070814034 -0.0208600536
v 0.142341167 -0.000769502425 -0.0207246374
v 0.118422687 -0.0258523505 -0.0182133801
v 0.111002304 -0.0281068292 -0.0181722175
v 0.099868454 -0.0305221193 -0.0181370433
v 0.127018228 -0.0217364766 -0.0181742478
v 0.139323413 -5.50038603e-05 -0.0182452071
v 0.136513203 -0.0124122445 -0.0182502624
v 0.132679686 -0.0168162026 -0.0180605818
v 0.00771732908 -0.0284689143 -0.0117001869
v 0.00705232238 -0.0287265889 -0.0117535349
v 0.0116507681 0.0292718783 -0.0117543722
v 0.0258062091 0.0315330662 -0.028180819
v 0.0465150066 0.0370776244 -0.0281379409
v 0.1095419 -0.0139953298 -0.011513141
v 0.112784296 -0.00691702403 -0.0115013756
v 0.108691216 -0.0132766915 -0.0127836633
v 0.111966319 -0.00649541477 -0.0124924723
v 0.112813137 -0.000381456019 -0.0122191999
v 0.105283476 -0.0186425745 -0.0115209017
v 0.103405274 -0.0186956115 -0.0126920082
v 0.0974060744 -0.0224603098 -0.0124333687
v 0.0875892118 -0.0258401055 -0.0125340018
v 0.0966788232 -0.0236591492 -0.0115451422
v 0.0751892328 -0.0285800472 -0.0115749137
v 0.0868805498 -0.0268181656 -0.0115634566
v 0.0636127889 -0.0286651943 -0.0127927754
v 0.0569022447 -0.0304332208 -0.0115898093
v 0.0354124159 -0.0317037217 -0.0116505139
v 0.0388376601 -0.0304646138 -0.0128131304
v 0.0300902668 -0.0301354174 -0.012893023
v 0.0462336875 -0.0370151736 -0.0281646941
v 0.0880410448 -0.0367056802 -0.0281066522
v 0.0842700079 -0.0365739278 -0.0263667796
v 0.0452968478 -0.0357094444 -0.0228744913
v 0.0291982926 0.0301453751 -0.0128901694
v 0.113317683 0.000399555109 -0.0115458351
v 0.112267904 0.00537125813 -0.0124466652
v 0.11305964 0.00477150595 -0.0115048913
v 0.111403525 0.0108438572 -0.0115174986
v 0.109505847 0.0120890411 -0.0127329808
v 0.107241832 0.0169409253 -0.0115192635
v 0.086221464 0.0270849708 -0.0115697142
v 0.0709962323 0.0280949399 -0.0127628548
v 0.0890564099 0.0255371258 -0.012469071
v 0.0973186344 0.0234968588 -0.0115667628
v 0.0968123451 0.0228465311 -0.0124287857
v 0.101823702 0.0211464111 -0.0115244444
v 0.103924245 0.0184808169 -0.0126993442
v 0.0575961024 0.0304924157 -0.0115948552
v 0.0388144925 0.0305972379 -0.0128297256
v 0.0433990285 0.031529963 -0.011603957
v 0.0313093588 0.0316409655 -0.0116550839
v 0.14180553 0.0066871657 -0.020729525
v 0.138669983 0.00590625172 -0.0181923546
v 0.136575088 0.0121738734 -0.0182151571
v 0.140288651 0.0119091719 -0.0207470879
v 0.137747318 0.0169378258 -0.0207594186
v 0.132594123 0.0173318312 -0.018160386
v 0.134336293 0.0210035164 -0.0207822248
v 0.129883096 0.024668416 -0.0207514632
v 0.124162741 0.0277696494 -0.0207029115
v 0.110483415 0.032123819 -0.0208328571
v 0.0439037569 0.0361630321 -0.0242565982
v 0.0869826674 0.0365134589 -0.0265032109
v 0.044692006 -0.0314394422 -0.0116536533
v 0.0904771835 -0.0315453634 -0.0176508147
v 0.0851617828 -0.0345481224 -0.0204890557
v 0.0705508739 -0.0349166468 -0.0203767214
v 0.0524260849 -0.0348877124 -0.020189954
v 0.0684069842 -0.0335579738 -0.0180399958
v 0.138644561 -0.00548652047 -0.0181560069
v 0.0366926417 0.0342509523 -0.0282133743
v 0.0135377012 0.0296749435 -0.0233891103
v 0.0220702793 0.0306300763 -0.0117364489
v 0.0301239546 0.0320714451 -0.0151881929
v 0.0364872925 0.0336969458 -0.0179832634
v 0.0404411107 0.035407044 -0.0234154426
v 0.12683472 0.0218700636 -0.018155098
v 0.110600449 0.028136421 -0.0180580188
v 0.119018577 0.0253794752 -0.0179962404
v 0.0986758769 0.0307409354 -0.0180449877
v 0.0842289478 0.0327474959 -0.0181165989
v 0.0685223937 0.0336216129 -0.0179951396
v 0.0548565239 0.0350945517 -0.020416107
v 0.0837189481 0.0350098237 -0.0208721571
v 0.0412468836 0.0344679952 -0.0191634744
v 0.104123622 -0.0246482324 -0.0141929416
v 0.0773274153 0.0285191983 -0.011617518
v 0.0278296694 -0.0312961824 -0.0117397485
v 0.0235000011 -0.0309227239 -0.021256661
v 0.0400804542 -0.0337084942 -0.0173968878
v 0.0367419422 -0.0338102207 -0.0188360699
v 0.0414935276 -0.035628058 -0.0235273428
v 0.0322135799 -0.0323767178 -0.0150779514
v -0.0587451458 0.00125692168 -0.0137684047
v -0.0574514195 0.00876587816 -0.0137554798
v -0.0532985255 0.0161728319 -0.0137083614
v -0.0492159203 0.0202427972 -0.0136632789
v -0.0426731482 0.0241301749 -0.0135745518
v -0.032837756 0.0264289882 -0.0134833716
v 0.00577354524 0.0273024216 -0.0129190544
v -0.0397908315 -0.0249955803 -0.0135990595
v 0.00798457582 -0.0273540709 -0.0128921513
v -0.030881511 -0.0264099166 -0.0134270852
v -0.0481865779 -0.0210064016 -0.0136562502
v -0.0536126681 -0.0156449545 -0.0137151713
v -0.0565289743 -0.0106511805 -0.0137525378
v -0.0583548918 -0.00477252062 -0.0137397293
v 0.0196017995 0.0297042001 -0.033784952
v -0.00930968951 0.0287936479 -0.033857055
v 0.00154351164 0.0286236685 -0.0337861888
v 0.00845037028 -0.0285443906 -0.0337783024
v 0.030341953 -0.0317565314 -0.0338106565
v 0.0449045934 0.0366412699 -0.0285287369
v 0.0282736681 -0.0312434901 -0.0285274368
v 0.0447255522 -0.0365262702 -0.0285262261
v 0.0361311994 0.0335648321 -0.0285293031
v 0.0207161121 0.0299513508 -0.0285308901
v 0.119271129 0.0311573632 -0.0285254791
v 0.104664721 -0.0348593146 -0.0285258517
v 0.00773649383 -0.0285723545 -0.0285311565
v 0.00268325885 0.028519541 -0.0285302065
v 0.0811461061 0.0369663462 -0.0286223926
v 0.0902742893 -0.0366264805 -0.0286937244
v 0.106480666 0.0346607305 -0.0285266452
v 0.126134247 0.028028965 -0.0285255201
v -0.0356960259 0.0294685569 -0.0285328515
v 0.128316611 -0.0266806018 -0.028524261
v -0.0430173464 0.0285904389 -0.02853195
v 0.117894992 -0.0316009894 -0.028528126
v -0.0651706532 0.00146396761 -0.0285324659
v 0.136127323 -0.0195177328 -0.0285231378
v 0.140435666 -0.0108719133 -0.0285233073
v -0.0525156036 0.0244606603 -0.0286961179
v -0.0586058386 0.0183613487 -0.0285317395
v -0.0630228147 0.0108368108 -0.0285326298
v -0.0571759716 -0.0204195157 -0.0287683289
v -0.0498781614 -0.0257110167 -0.0285372511
v -0.0391273014 -0.0292950328 -0.0285331495
v -0.0650046095 -0.00543857925 -0.0289215837
v -0.0615877658 -0.0138878683 -0.028527651
v 0.141870096 -0.00168033538 -0.028522905
v 0.141501009 0.00613823812 -0.0285247266
v 0.138528779 0.0157851856 -0.0285197329
v 0.133181453 0.0233056266 -0.0287856292
v -0.0117537389 -0.028394198 -0.0353343301
v -0.0117316758 0.0285632592 -0.0353054665
v -0.0361975096 0.0290139634 -0.0354021974
v -0.0355723985 -0.0289200693 -0.0354024805
v -0.0441930853 -0.0278159156 -0.0354028866
v -0.0537259541 -0.0227202084 -0.0354057588
v -0.0599695221 -0.0158645157 -0.035404399
v -0.0640603751 -0.00668745628 -0.0354060531
v -0.0636086166 0.0082393866 -0.0354103819
v -0.0519166999 0.0240241066 -0.0354037583
v -0.045384746 0.0274545755 -0.0354050063
v -0.0648700222 0.00104477466 -0.0354046933
v -0.0585275739 0.0180829037 -0.0354007892
v 0.04402408 -0.0361375101 -0.0354207978
v 0.0439784527 0.0363092571 -0.035415303
v 0.0886951387 0.0367203094 -0.0353969745
v 0.141132206 -0.00560682826 -0.0353951119
v 0.0799542889 -0.0367407687 -0.0353975035
v 0.128900647 0.0261222553 -0.0353951976
v 0.138941824 -0.0136124752 -0.0353942551
v 0.128921211 -0.0260358136 -0.0353953652
v 0.120767534 0.0306822993 -0.0353957228
v 0.104279913 -0.0349762514 -0.0353971794
v 0.10934978 0.0340783857 -0.035396006
v 0.134982169 -0.020443948 -0.0353953056
v 0.119217046 -0.0312213432 -0.0353950672
v 0.140943214 0.00711889053 -0.0353950262
v 0.134219453 0.0214119703 -0.0353953019
v 0.138182297 0.0153774656 -0.0353947543
v 0.0458905622 0.0372312814 -0.0290086269
v 0.0975032598 0.0362730101 -0.0289734509
v 0.0422473364 0.0362998135 -0.0290152393
v 0.109087363 0.0345951952 -0.0289798304
v 0.116736762 0.0325786099 -0.0289865714
v 0.0312342662 0.0327274613 -0.0290733632
v 0.142284349 0.00336005143 -0.0290190689
v 0.140814409 0.0114436569 -0.0290125012
v 0.13712047 0.0188704021 -0.0290106554
v 0.123275548 0.0300397724 -0.0289793983
v 0.1281313 0.0273874197 -0.0289483294
v 0.00525892014 0.0291206818 -0.0290087648
v 0.0166142099 0.0299524087 -0.0290390234
v 0.137180507 -0.0186477434 -0.0290040448
v 0.129050806 -0.0266822632 -0.0289804712
v 0.119163468 -0.0317215212 -0.0289560743
v 0.133810669 -0.0227308776 -0.0289802644
v 0.139962137 -0.0135494694 -0.0290390737
v 0.141970709 -0.00613638712 -0.0290123504
v -0.0121162618 0.0292532817 -0.0290280469
v 0.106018983 -0.0351360068 -0.028961407
v -0.0343802795 0.0299793873 -0.0290252138
v 0.0768200457 -0.0372033603 -0.0289505813
v -0.0656306297 -0.00125987618 -0.0289896317
v -0.0650536641 0.00593784358 -0.0289979279
v -0.0616446249 0.0147700934 -0.0290092323
v -0.05750449 0.0203776713 -0.0289986711
v -0.0477507897 0.0273903068 -0.0290094689
v -0.0406397209 0.0295812376 -0.0290269479
v 0.0463612452 -0.0371388309 -0.0290163253
v -0.0373519808 -0.0298820157 -0.0290250983
v -0.0459868573 -0.0280556958 -0.0290152095
v -0.0519318432 -0.0249598604 -0.0290145185
v -0.0601868443 -0.0169534646 -0.0290065389
v -0.0637497306 -0.0101227006 -0.028999446
v 0.0434712656 -0.036680907 -0.0290320832
v -0.0132237719 -0.0291675013 -0.0290340055
v 0.0203927178 -0.0303082019 -0.0290367547
v 0.0362783447 -0.0340341143 -0.0290305465
v 0.00532750366 -0.0290301219 -0.0290250611
v 0.0423390865 -0.0357920527 -0.0338747613
v 0.0429466218 -0.0363783352 -0.0347584598
v 0.0422661491 -0.0362154767 -0.03343568
v 0.00348512642 -0.0290334113 -0.0333561972
v -0.0087385457 -0.0292091239 -0.0333944522
v -0.0115854209 -0.0292652063 -0.0345862173
v -0.00973163266 -0.0287382044 -0.0338942893
v 0.0987742096 -0.0365786664 -0.0345494077
v 0.108705319 -0.0351358168 -0.0345450379
v 0.117725171 -0.0327365324 -0.0345645584
v 0.124066606 -0.0300959479 -0.0345273837
v 0.131812856 -0.0250796247 -0.0345757455
v 0.137018427 -0.0192208868 -0.0345656313
v 0.139537022 -0.0146422489 -0.0345843621
v 0.141154557 -0.00997498911 -0.0345769636
v 0.142176479 -0.00447558844 -0.0345757157
v 0.142345607 0.00227335095 -0.0345933847
v 0.0792070255 -0.0377284773 -0.0345451683
v 0.0461108051 -0.0374746546 -0.0345763713
v -0.0641983002 -0.00925323274 -0.0346601643
v -0.0617271401 -0.0147551103 -0.0346941799
v -0.0582365505 -0.0197502449 -0.0347065367
v -0.0510082953 -0.025719272 -0.0346827768
v -0.0427276194 -0.0291785318 -0.0346322395
v -0.0348436609 -0.0299001224 -0.0346035734
v -0.0658748224 0.00109093403 -0.0346262045
v -0.0655102655 -0.00410662778 -0.0346389674
v 0.0299759991 -0.0323648825 -0.0333679244
v 0.0157720689 -0.0297195558 -0.0333684869
v 0.0400728993 0.0347969756 -0.0337677635
v 0.0429776497 0.0365023836 -0.034732189
v 0.0424978025 0.0360469446 -0.0340221561
v 0.0424965546 0.0364132635 -0.0335753374
v 0.0077991276 0.0292097609 -0.0333594643
v -0.00859553833 0.0293007381 -0.0333861113
v -0.0115354974 0.0293660425 -0.0345606245
v 0.141492933 0.00874349568 -0.0345785804
v 0.139654979 0.0145032434 -0.0345945805
v 0.136605129 0.0198831167 -0.0345797278
v 0.133205578 0.0237990227 -0.0345530212
v 0.127785221 0.0281266365 -0.0345685408
v 0.118914455 0.0323957466 -0.034546908
v 0.106789559 0.0356640071 -0.0345712155
v 0.0893943235 0.0374066196 -0.0345230959
v 0.0754853785 0.0379088633 -0.0345541649
v 0.045427531 0.0374792702 -0.0345906131
v -0.0375360958 0.0299552549 -0.0346345045
v -0.0594039224 0.0185479112 -0.0347070992
v -0.0532156341 0.0243265126 -0.034675356
v -0.0464617088 0.0281116348 -0.0346148536
v -0.0643140674 0.0093611693 -0.0346607007
v 0.0213308223 0.0305910669 -0.0333763883
v 0.0355079956 0.0338826403 -0.0334103666
vn 0.05542497 -0.9983452 0.01533126
vn 0.05206914 -0.9986432 0.0007379692
vn 0.2487084 -0.9679958 0.03359012
vn -0.07699657 -0.9883806 0.1310547
vn -0.6482837 -0.7454466 0.1550405
vn -0.4080374 -0.909296 0.08176986
vn -0.698353 -0.7032189 -0.1333656
vn 0.006964859 -0.9990426 0.04318928
vn 0.007014617 -0.9996241 -0.02650526
vn -0.02772463 -0.9975886 -0.06362692
vn -0.05992097 -0.9949461 -0.08057106
vn -0.2464154 0.9261492 -0.2855292
vn -0.09739019 0.9947733 -0.03068145
vn -0.03141239 0.9982583 -0.04993517
vn -0.01148775 0.9381055 0.346159
vn 0.01826111 0.9990764 0.03889555
vn -0.03612305 0.9976671 0.05792596
vn -0.3916222 0.9149661 0.09730982
vn 0.01404572 0.9998888 -0.005010567
vn 0.02717388 0.9996142 0.005740111
vn 0.03062839 0.9995193 0.004774801
vn -0.8521472 0.00393683 0.5232873
vn -0.7777727 -0.002927029 0.6285389
vn -0.6724386 0.003837001 0.7401431
vn -0.494211 -0.005082691 0.8693271
vn -0.09883289 0.003587944 0.9950976
vn 0.1770274 -0.005384155 0.9841912
vn 0.5703815 0.005111577 0.821364
vn 0.7051402 -0.001677057 0.7090658
vn 0.9809735 0.005806147 0.1940549
vn 0.9875926 0.0008490279 0.1570359
vn 0.87305 -0.0006063202 -0.4876303
vn 0.8334274 0.003182887 -0.55262
vn 0.4015889 -0.002809454 -0.9158157
vn 0.4045252 0.002286759 -0.914524
vn -0.1019694 0.00249596 -0.9947845
vn -0.2803 -0.004615165 -0.9599013
vn -0.6823836 0.002900066 -0.7309886
vn -0.8314894 -0.004510853 -0.5555224
vn -0.9470178 0.001478646 -0.3211774
vn -0.9724087 -0.002905562 -0.2332655
vn -0.9854968 -7.711221e-05 -0.1696938
vn -0.3298389 -0.1650799 0.9294918
vn -0.5694182 -0.05449735 0.8202396
vn -0.6860292 -0.2017579 0.6990405
vn -0.8193167 -0.247953 -0.5169521
vn -0.4564704 -0.4987855 -0.736782
vn -0.9978607 -0.0479277 -0.04446531
vn -0.03406532 0.07634494 -0.9964994
vn -0.3299353 0.3580313 -0.8734736
vn -0.3037425 0.2478942 -0.9199397
vn -0.01885511 0.7727786 -0.6343957
vn -0.330381 0.8090358 -0.4861167
vn -0.3463312 0.8563524 -0.3830341
vn -0.02603713 0.1579733 0.9871
vn -0.8251043 -0.545911 -0.145548
vn -0.8951449 -0.3825665 -0.2288198
vn -0.3291402 -0.8733569 -0.3590467
vn -0.3706492 -0.2859029 -0.8836734
vn -0.9007931 -0.06975353 -0.4286098
vn -0.9991527 -0.008888173 -0.04018549
vn -0.009778409 0.5398771 -0.8416871
vn -0.9998316 0.007606032 -0.01670216
vn -0.9990904 0.03296433 -0.02704613
vn -0.9735304 0.1438902 -0.1775791
vn -0.8954036 0.3074109 -0.3221038
vn -0.7086391 0.6509477 -0.2722093
vn -0.99967 0.02555777 0.002547284
vn -0.9995822 0.02844766 0.005123797
vn -0.8931115 0.4397635 0.09465781
vn -0.9997206 0.01588124 0.01751176
vn -0.9112006 0.1692593 0.375586
vn -0.9996838 0.00719943 0.02409156
vn -0.999418 -0.02923799 0.01757265
vn -0.8687534 -0.3940856 0.2999403
vn -0.9997513 -0.01411268 0.01726218
vn -0.3941019 -0.912279 -0.1114935
vn -0.998731 -0.05032239 0.002058753
vn 0.8519068 -0.2805379 -0.4422142
vn 0.9986174 -0.0130092 -0.05093304
vn 0.9972932 -0.04451364 -0.05852178
vn 0.01489817 -0.600958 -0.7991417
vn 0.1758369 -0.7133179 -0.6784238
vn 0.01350476 -0.826134 -0.5633118
vn 0.9074649 -0.3493344 -0.2333946
vn 0.9985567 -0.04970479 -0.02034482
vn 0.4413293 -0.8945552 -0.07070711
vn 0.8324066 -0.5518209 0.05092053
vn 0.01681167 -0.9602527 0.2786253
vn 0.9715888 -0.2229855 0.07932623
vn 0.9063978 -0.3529271 0.2321325
vn 0.7185654 -0.5430037 0.4345236
vn 0.7422297 -0.4739309 0.4737979
vn 0.7195819 -0.1189454 0.6841446
vn 0.8822895 0.01242564 0.4705433
vn 0.3546732 -0.07771175 0.9317552
vn 0.4542686 0.1698414 0.874525
vn 0.9990988 0.01087178 0.04103113
vn 0.9012482 0.323574 0.2881868
vn 0.9995458 0.02226417 0.02031368
vn 0.999805 0.01706211 0.009939848
vn 0.802477 0.5895332 -0.09209424
vn 0.9994395 0.03347219 0.0004304846
vn 0.9994131 0.03369972 -0.006149872
vn 0.4414115 0.6669418 -0.6002871
vn 0.9993738 0.02965815 -0.01929628
vn 0.854944 0.3367918 -0.3945149
vn 0.4149204 0.4674799 -0.7805789
vn 0.9075633 0.1266432 -0.4003626
vn 0.7095517 0.1643246 -0.6852254
vn 0.7308248 0.08823616 -0.6768379
vn 0.7933949 -0.1213081 -0.5964972
vn 0.9993684 -0.01341538 -0.0329085
vn -0.871648 0.3772704 0.3128846
vn -0.1123393 0.8847688 0.4522875
vn -0.8641622 0.4960017 0.08488846
vn -0.07288715 0.9920244 -0.102835
vn -0.8641027 0.4752551 -0.165708
vn -0.1777733 0.7973588 -0.5767284
vn -0.3896428 0.6740888 -0.6275212
vn -0.006933295 0.5985337 -0.8010676
vn -0.01902589 -0.3696905 -0.9289601
vn -0.2177383 -0.5345667 -0.8165956
vn -0.09473486 -0.6347988 -0.7668479
vn -0.8638929 -0.4211608 -0.2762477
vn 0.05317167 -0.9340215 -0.3532374
vn 0.09728545 -0.9520234 -0.2901501
vn 0.009146412 -0.9972239 -0.07389728
vn -0.7122412 -0.7003856 0.04660988
vn -0.7025191 -0.6750499 0.2253321
vn -0.6951746 -0.6632178 0.2772623
vn -0.6546176 -0.6079736 0.4492702
vn 0.2135937 -0.35017 0.912008
vn 0.02747924 -0.6721022 0.7399483
vn 0.4247607 -0.4028071 0.8107557
vn -0.9495363 0.01548542 0.3132745
vn -0.9438511 0.02805097 0.3291782
vn -0.8806778 0.1315085 0.4550957
vn -0.8580291 0.1599323 0.4880653
vn -0.07784136 0.4249336 0.9018714
vn 0.9181625 0.1274803 -0.3751354
vn -0.9587605 0.03854374 0.2815896
vn 0.003971745 0.4907537 0.8712894
vn 0.3869689 0.6606178 0.6433033
vn 0.9917262 0.1125157 0.0618014
vn 0.8690493 -0.4946035 -0.01097937
vn 0.9795275 -0.2013082 0.0008403403
vn 0.9996201 -0.02634401 0.00810631
vn -0.8925266 -0.2761854 -0.3565359
vn -0.9503984 0.2651186 -0.1626497
vn -0.9338315 0.3085372 -0.1810068
vn -0.8935857 0.393262 -0.2164471
vn 0.9278026 0.3730682 -0.001576268
vn 0.5155967 0.8254184 0.2298792
vn 0.2957321 0.9524366 -0.07353329
vn -0.03056864 -0.006206179 0.9995134
vn -0.1925948 0.2569637 0.9470358
vn 0.8245527 -0.09556565 0.5576558
vn -0.03074698 -0.530227 0.847298
vn -0.04319774 -0.6225548 0.781383
vn -0.003208647 -0.7826874 0.6224067
vn 0.141849 -0.926894 0.3474857
vn 0.3171813 -0.8423256 0.4357563
vn 0.9992263 -0.0271424 -0.02846232
vn 0.950094 -0.06478663 -0.3051625
vn 0.9907253 -0.03797041 -0.1304675
vn 0.6908885 0.4097791 -0.5956125
vn 0.2123619 0.3655689 -0.906235
vn -0.001816915 -0.006683914 -0.999976
vn 0.7502718 0.4404695 -0.4930303
vn -0.9521241 0.2601627 -0.1605464
vn 0.02836358 0.92967 -0.3673001
vn 0.9998796 0.01251676 0.00917347
vn 0.9999604 -0.008618427 -0.002222921
vn 0.9999529 0.004831551 -0.008416832
vn 0.9999979 -0.001954325 0.0007237922
vn 0.9998885 -0.004138725 0.01434702
vn 0.999961 0.005417071 -0.006975551
vn 0.9999925 -0.0009266961 0.003774016
vn 0.9999999 0.000314724 -8.258885e-05
vn -0.9999902 -0.004400673 0.0004521692
vn -0.99999 0.004419091 0.0005920426
vn -0.9999974 -0.001671545 -0.001576886
vn -0.9999821 -0.004318457 0.004140149
vn -0.9999863 -0.001797844 0.004915795
vn -0.9999983 0.000922338 0.001619012
vn -0.9999731 0.006221425 0.003883736
vn -0.9999764 0.003357786 0.005994626
vn -0.9999861 -0.004863949 0.002082753
vn -0.9999472 0.01003991 -0.002166254
vn -0.9999824 -0.0008432979 0.005881051
vn -0.9999512 -0.009800424 -0.001202451
vn -0.9999631 0.006132124 0.006017215
vn -0.9999874 -0.003847294 -0.003229555
vn -0.9999921 0.00206513 -0.003376294
vn -0.9999745 -0.001318689 -0.007015464
vn -0.01513137 -0.03059735 -0.9994172
vn 0.002707231 0.275728 -0.9612319
vn -0.01252659 0.7716845 -0.6358821
vn 0.008079286 0.9970711 -0.07605168
vn 0.01328165 0.9116704 0.4107077
vn 0.01884953 0.5850217 0.8107986
vn 0.01484767 0.1559485 0.9876536
vn 0.01023119 -0.9370294 0.3491005
vn -0.01214078 -0.9838049 -0.1788306
vn -0.007101749 -0.8134145 -0.5816411
vn -0.01084964 -0.4714062 -0.8818495
vn 0.007515771 0.8808001 0.4734286
vn -0.003029434 0.9033061 0.4289859
vn -0.01437069 0.7902897 0.6125649
vn 0.0009785527 0.7347763 0.6783088
vn -0.01290629 0.6178057 0.7862248
vn 0.009951156 0.5496826 0.8353143
vn 0.01159374 0.9413988 -0.3370963
vn -0.0093454 0.9752817 -0.2207673
vn 0.001522115 0.9927568 -0.1201316
vn -0.009769107 0.9989935 -0.04377914
vn 0.008572093 0.9980037 0.06257072
vn -0.001390904 0.981216 0.1929073
vn 0.01361808 0.9654377 0.2602779
vn 0.01438831 0.8626644 -0.505572
vn 0.004204101 0.2372729 -0.9714339
vn 0.01047457 -0.006302739 -0.9999253
vn -0.003030294 -0.09323549 -0.9956395
vn -0.005079568 -0.8147411 -0.5798027
vn -0.003783894 -0.7101663 -0.7040238
vn 0.0121348 -0.3888473 -0.9212223
vn 0.0120027 -0.2013824 -0.9794392
vn 0.01503504 -0.9453284 -0.3257733
vn -0.009026043 -0.9682796 0.2497063
vn -0.004048989 -0.9961269 0.08783302
vn 0.01085664 -0.8025594 0.5964733
vn -0.006033103 -0.8079998 0.5891519
vn -0.005223175 -0.9062768 0.4226524
vn 0.01362665 -0.3320309 0.9431701
vn -0.01134119 -0.4445924 0.8956612
vn 0.01015004 -0.5548837 0.831866
vn -0.008793228 -0.6467846 0.7626221
vn -0.001705303 0.4065629 0.9136211
vn 0.01423327 0.3915178 0.9200604
vn 0.2061657 -0.9783016 -0.0205307
vn 0.1435885 -0.989413 -0.02107484
vn 0.3377123 -0.9410939 -0.01710954
vn 0.434201 -0.9003882 -0.02776193
vn 0.5904454 -0.8033257 -0.07773055
vn -0.0001881812 0.00188165 0.9999982
vn 0.0001850706 8.421113e-05 1
vn 3.530517e-05 0.0001598152 1
vn 0.0004590264 -0.0001069099 0.9999999
vn 0.001656357 -0.0005747322 0.9999985
vn -0.0003834619 0.002057299 0.9999978
vn -0.0001419961 3.499113e-05 1
vn -0.0002150383 -0.0007975996 0.9999996
vn 0.01104559 -0.07642406 0.9970142
vn 0.01126061 -0.07785708 0.996901
vn -0.001024148 2.165658e-05 0.9999995
vn -0.001095982 -0.0006052029 0.9999992
vn -0.001589565 -0.0002962097 0.9999987
vn 0.001793922 -0.001475815 0.9999973
vn -0.0009275874 0.0001310914 0.9999996
vn -0.01852229 -0.0009567096 -0.999828
vn -0.02510418 0.002412209 -0.9996819
vn -0.02377795 0.0008796895 -0.9997169
vn -0.02011968 -0.003836777 -0.9997902
vn 0.0009630734 0.008449825 -0.9999638
vn -0.01602894 0.01751053 -0.9997182
vn -0.005422984 0.004694182 -0.9999743
vn -0.02214733 0.01072166 -0.9996972
vn -0.01075075 0.002222773 -0.9999398
vn -0.0268063 0.01087471 -0.9995815
vn -0.005070306 -0.001703684 -0.9999857
vn 0.006821571 0.01368089 -0.9998832
vn 0.004013429 -0.002905548 -0.9999878
vn 0.003473223 -0.02242362 -0.9997426
vn 0.04220707 0.2741263 -0.960767
vn -0.01670425 -0.02504611 -0.9995467
vn -0.00769438 -0.006558944 -0.9999489
vn -0.004999239 -0.00407438 -0.9999792
vn 0.000623015 -0.005869141 -0.9999826
vn 0.02263077 0.01063143 -0.9996874
vn -0.004551695 0.02594762 -0.9996529
vn 0.003062411 -0.007778045 -0.9999651
vn -0.004238587 0.009562378 -0.9999453
vn 0.001510187 -0.0250035 -0.9996862
vn 0.002251046 -0.002809366 -0.9999936
vn 0.001734281 -0.03148687 -0.9995027
vn -0.07109249 0.5828471 -0.8094659
vn 0.000406641 -0.04803964 -0.9988454
vn 0.03560646 -0.3631632 -0.9310449
vn -0.002348927 0.04725676 -0.99888
vn 0.02828911 -0.05829205 -0.9978988
vn 0.01778774 -0.04341561 -0.9988987
vn -0.004915141 -0.03879817 -0.9992349
vn 0.0505214 0.421381 -0.9054754
vn 0.01102263 0.01766102 -0.9997832
vn 0.01976133 0.03236179 -0.9992809
vn 0.0170422 0.04301314 -0.9989291
vn -0.004867584 -0.03894995 -0.9992293
vn -0.00491535 -0.03744918 -0.9992865
vn 0.006246796 0.01352014 -0.999889
vn 0.008896906 -0.02758794 -0.9995798
vn 0.004712761 -0.02537847 -0.9996668
vn -0.01559079 -0.3108793 -0.9503216
vn 0.0007255026 0.03288903 -0.9994587
vn -0.00895541 -0.002009172 -0.9999579
vn 0.001673947 0.00244306 -0.9999956
vn 0.0004989213 -0.001502745 -0.9999987
vn 0.000766597 -0.002729658 -0.9999959
vn -0.003062364 -0.002341916 -0.9999926
vn -0.003831437 -0.002747352 -0.9999889
vn 0.01276422 0.01349438 -0.9998275
vn 0.0001579935 -0.01768903 -0.9998435
vn -0.002306425 -0.02227085 -0.9997493
vn 0.005754055 0.01252948 -0.999905
vn -0.001536027 -0.01927307 -0.9998131
vn 0.002761466 -0.007920674 -0.9999649
vn -0.003046074 0.001143517 -0.9999948
vn -0.003705939 0.001851293 -0.9999914
vn 0.002547082 -0.0003268113 -0.9999967
vn 0.02338486 0.00350269 -0.9997204
vn 0.01306504 9.21339e-06 -0.9999146
vn -0.2858336 0.5011041 -0.8168194
vn -0.3355126 0.4706764 -0.8160239
vn -0.3413817 0.309911 -0.8873633
vn -0.06449255 0.3783658 -0.9234067
vn -0.5676064 0.08566449 -0.8188311
vn -0.5504742 0.1928101 -0.8122822
vn -0.4754773 0.373652 -0.796433
vn -0.1598002 0.6302786 -0.7597452
vn -0.381428 0.5880809 -0.7132134
vn -0.2312619 0.5104139 -0.8282485
vn -0.195829 0.9078571 -0.3707379
vn -0.2651438 0.423536 -0.8662078
vn -0.28894 0.2337441 -0.9283735
vn -0.3569957 0.1616037 -0.9200208
vn -0.1273801 0.02951857 -0.9914146
vn -0.3464192 0.03745397 -0.9373319
vn -0.3324839 -0.06364386 -0.940959
vn -0.2565916 -0.07393571 -0.9636878
vn -0.4224948 0.08462481 -0.9024062
vn -0.3965192 -0.04092649 -0.9171137
vn -0.5372279 0.001646732 -0.8434355
vn -0.2740471 0.6216611 -0.7337818
vn -0.4919445 0.1657444 -0.8547043
vn -0.3030925 0.7584627 -0.5769482
vn -0.4010931 0.3731759 -0.8365788
vn -0.4583519 0.1769683 -0.8709739
vn -0.4586223 0.01252347 -0.8885431
vn -0.2833121 -0.5801891 -0.7636195
vn -0.3391079 -0.3645192 -0.8672552
vn -0.4071556 -0.323775 -0.8540457
vn -0.3440785 -0.2052233 -0.9162387
vn -0.2854934 -0.2036673 -0.9364898
vn -0.2591178 -0.4036125 -0.8774707
vn -0.277562 -0.3223487 -0.9050142
vn -0.3510313 -0.5606711 -0.7499499
vn -0.2916572 -0.5797192 -0.7608296
vn -0.4175193 -0.5476475 -0.725093
vn -0.04549695 -0.4229619 -0.9050046
vn -0.5648397 -0.170556 -0.8073827
vn -0.5497826 -0.1556725 -0.8206736
vn -0.4595598 -0.3125959 -0.8313174
vn -0.4345419 -0.1260533 -0.8917869
vn -0.5086946 -0.1456973 -0.8485293
vn -0.1813881 -0.9223458 -0.3411403
vn -0.2413128 -0.5488143 -0.8003567
vn 0.07158628 -0.7796424 -0.62212
vn 0.0344396 -0.6740978 -0.7378389
vn -0.175516 -0.9259654 -0.3343385
vn -0.1002561 -0.9945964 -0.02695852
vn -0.1693453 -0.5841653 -0.7937714
vn -0.2608145 -0.4703434 -0.8430616
vn -0.5646231 -0.7776616 -0.2764835
vn -0.2377186 -0.4514613 -0.8600423
vn -0.3619015 -0.9277859 -0.09077715
vn -0.1758483 -0.5550092 -0.813045
vn -0.7327098 -0.6777642 -0.06141783
vn -0.07651389 0.843763 0.5312342
vn -0.0294871 0.9991811 -0.027708
vn -0.08503861 0.9582335 0.2730513
vn -0.1364307 0.5757229 -0.8061823
vn -0.07144994 0.6243358 -0.7778815
vn -0.1034397 0.6010303 -0.7925041
vn -0.7017663 0.7117051 -0.03162232
vn -0.5784944 0.746419 0.3289425
vn -0.5919858 0.7910921 0.154033
vn -0.2466682 0.4239147 -0.8714649
vn -0.3249268 0.9308085 -0.1673854
vn -0.1666938 0.5513486 -0.817452
vn 0.5192828 -0.4761555 0.7096629
vn 0.05182881 0.7062604 -0.7060525
vn 0.08567677 0.7034234 -0.7055884
vn 0.051952 0.7062515 -0.7060523
vn 0.2118512 0.1725596 -0.9619471
vn 0.1360446 0.5600715 -0.8171976
vn 0.03599891 0.3934734 -0.918631
vn -0.0401222 0.3625827 -0.9310876
vn -0.05452487 0.9073418 -0.4168428
vn -0.2572839 0.9663145 0.006426932
vn -0.09630075 0.3540887 -0.9302405
vn 0.3129222 -0.1651379 -0.9353123
vn -0.3273267 -0.08128729 -0.9414083
vn 0.7387394 -0.6655714 -0.106202
vn 0.6918031 -0.4597775 0.5567882
vn 0.2959812 -0.3288071 0.8968171
vn 0.6996226 -0.3452632 -0.6255571
vn -0.797269 0.02848482 0.6029516
vn -0.9223639 -0.1865535 -0.3382937
vn -0.995703 -0.03699577 -0.0848923
vn -0.9073593 0.2158217 0.3607216
vn -0.8758217 -0.1205499 0.4673373
vn -0.9081043 0.1823977 0.3769318
vn -0.8245531 0.5506166 -0.1301287
vn -0.6040704 0.784772 -0.1386788
vn -0.9130764 -0.2052384 0.352376
vn -0.9174951 -0.1726672 0.3583137
vn -0.9741349 0.1836588 0.1316454
vn -0.1025048 0.9930513 -0.0578102
vn -0.4917474 0.7914243 -0.3630868
vn -0.7801384 -0.59328 -0.1985018
vn -0.8236704 -0.5620954 -0.0749383
vn -0.6020593 -0.6812964 -0.416365
vn -0.5971591 -0.6867496 -0.4144587
vn -0.3429764 -0.931837 0.1185205
vn -0.2707539 -0.9000469 0.3414789
vn -0.3559155 -0.697111 0.6223829
vn 0.3829483 0.7633109 0.5202953
vn -0.002367571 0.9311522 0.3646231
vn 0.110452 0.8342934 0.5401435
vn -0.3739721 -0.7621443 0.5284706
vn -0.03690579 -0.9275346 0.3719106
vn -0.1147861 -0.8232353 0.5559746
vn -0.5169281 0.6755239 0.5257878
vn -0.3599856 0.6776153 0.6412861
vn -0.2655818 0.8915191 0.3669606
vn -0.7243572 -0.1005873 0.6820475
vn -0.9837541 0.04113285 0.1747456
vn -0.9646557 -0.0249956 0.2623254
vn -0.636414 0.1172188 0.762389
vn -0.1005382 0.05080825 0.993635
vn -0.3563186 0.08006535 0.9309278
vn 0.739675 0.09003776 0.6669138
vn 0.9874138 -0.03338973 0.1545936
vn 0.965968 0.02536044 0.2574153
vn -0.4468515 0.06320005 0.892373
vn -0.4494323 -0.07168454 0.8904336
vn -0.161154 0.1415254 0.9767292
vn -0.1588286 -0.1624498 0.9738499
vn -0.1162648 -0.001422415 0.9932172
vn -0.9237257 0.1459865 0.354145
vn -0.9440985 -0.06939672 0.3222764
vn -0.9048805 0.04026957 0.4237566
vn -0.8465398 -0.08069175 0.5261741
vn -0.8579596 0.1187743 0.499798
vn -0.7664394 -0.07562667 0.6378489
vn -0.6917582 0.0720246 0.7185284
vn -0.7790127 0.05672814 0.6244367
vn -0.6930782 -0.09695658 0.7143124
vn -0.9040225 -0.1435249 0.4026709
vn -0.9573953 -0.02022215 0.2880718
vn -0.9478251 0.1578511 0.2769667
vn -0.9062033 0.3195921 0.2768689
vn -0.8974551 0.3829373 0.2189367
vn -0.9243493 -0.2169628 0.3138557
vn 0.2036711 0.05913428 0.9772518
vn 0.2862656 -0.03650641 0.9574546
vn 0.4240448 -0.2137171 0.8800631
vn 0.2381088 0.7653836 0.5979065
vn 0.09939207 0.7777807 0.6206273
vn 0.04293203 0.6791527 0.7327403
vn -0.0458752 0.7439223 0.6666898
vn 0.4831934 -0.3258378 0.8126217
vn 0.4895246 -0.1521813 0.8586073
vn 0.482832 -0.3307264 0.8108597
vn -0.4184536 -0.4179608 0.8063532
vn -0.3392706 -0.2202308 0.9145457
vn -0.3695024 -0.2916058 0.8822891
vn -0.4291001 -0.4479311 0.7843665
vn -0.5546613 0.6882299 0.4676435
vn -0.4438219 0.6373988 0.6298769
vn -0.3458861 0.5803038 0.7372992
vn -0.6036493 0.7035775 0.3749484
vn -0.02577369 0.9993423 0.02551064
vn 0.1221395 0.9431656 0.3090643
vn -0.001064448 0.9934776 0.1140218
vn 0.9995202 -0.01176349 0.02865107
vn 0.9998536 0.01454945 0.009002675
vn 0.9996124 0.01161933 0.02529803
vn 0.999755 0.0177186 0.01326897
vn -0.1727455 -0.6064874 0.7761005
vn -0.1738906 -0.5893129 0.7889692
vn 0.09207297 0.8844355 0.4574892
vn 0.1135492 0.9027056 0.4150051
vn 0.1835415 0.8389401 0.5123398
vn 0.06671047 0.920855 0.3841557
vn 0.1338072 0.8314984 0.5391715
vn 0.2167479 0.7502747 0.6245864
vn 0.2088062 0.6789224 0.7038922
vn 0.3136011 0.7184268 0.6209005
vn 0.4232728 0.4812721 0.7676049
vn 0.3089028 0.6469083 0.6972007
vn -0.02351505 0.8234594 0.5668877
vn 0.04780748 0.9448487 0.3239992
vn -0.004208217 0.8649068 0.5019149
vn 0.278951 0.6008406 0.7491174
vn 0.0144402 0.00297707 -0.9998913
vn 0.006931975 0.000602385 -0.9999758
vn 0.8197854 -0.05720207 -0.5698068
vn 0.7249066 -0.04115783 -0.6876165
vn 0.7267668 0.04851379 -0.6851689
vn 0.6499 -0.0003089091 -0.7600197
vn -0.1889647 0.9818382 -0.01691311
vn -0.04864461 0.9988072 -0.004225019
vn -0.03949772 0.9223399 -0.3843553
vn -0.09967567 0.9885496 -0.1132899
vn -0.1058062 0.9311497 -0.348949
vn -0.07226212 0.9958202 0.05586008
vn 0.01401048 0.9996949 -0.0203424
vn 0.02439768 0.9992724 -0.0293163
vn 0.0776957 0.996976 -0.00147275
vn 0.187468 0.9818689 0.02809293
vn 0.09974153 0.9947409 0.02328185
vn 0.1265031 0.9919169 -0.009884585
vn 0.2884798 0.9544898 -0.07568794
vn 0.3990316 0.9164318 0.03043816
vn 0.5238094 0.8468912 -0.09164569
vn 0.635942 0.7711137 0.03100801
vn 0.7647337 0.6443356 0.003727776
vn 0.783551 0.6213004 -0.005804103
vn 0.8918664 0.4517051 -0.02317047
vn 0.9089057 0.416295 -0.02426459
vn 0.9726604 0.2295175 -0.03540459
vn 0.9493224 0.1705476 -0.2640084
vn 0.9987072 -0.01925417 -0.04704339
vn 0.9833906 -0.05384435 -0.173331
vn -0.9459574 -0.320802 -0.04744036
vn -0.9648527 -0.2570715 -0.05453021
vn -0.9982866 -0.03911654 -0.04351808
vn -0.9993617 0.0036283 -0.03553867
vn -0.8644099 -0.5013936 -0.03741823
vn -0.8639879 -0.5028179 -0.02643904
vn -0.6929901 -0.719668 -0.04292683
vn -0.5573747 -0.830197 -0.0103114
vn -0.4317839 -0.901913 -0.01074844
vn -0.3824439 -0.9238948 -0.01245406
vn -0.2854235 -0.9583995 -0.001982599
vn -0.1116956 -0.9578277 -0.2647457
vn 0.9327222 -0.02629196 -0.359636
vn 0.885164 -0.2101915 -0.4150952
vn 0.8915539 -0.02712897 -0.4521014
vn 0.4476742 -0.04617296 -0.8930038
vn 0.7008144 -0.164455 -0.694128
vn 0.4256829 -0.2270889 -0.8759136
vn 0.8005138 -0.2037926 -0.563601
vn 0.872813 -0.3547038 -0.3352353
vn 0.8150369 -0.4177346 -0.401513
vn 0.775732 -0.3827949 -0.5017051
vn 0.6523075 -0.5772938 -0.4911487
vn 0.4908898 -0.6537505 -0.5758798
vn 0.6586833 -0.3687437 -0.6558692
vn 0.3231525 -0.5729406 -0.7532008
vn 0.6669446 -0.6423573 -0.3775736
vn 0.7384158 -0.5913997 -0.3240191
vn 0.2500529 -0.84578 -0.4713063
vn 0.1223814 -0.7765471 -0.6180595
vn 0.1208334 -0.9388726 -0.3223624
vn 0.08711616 -0.8407617 -0.5343505
vn 0.03432086 -0.9224273 -0.3846427
vn 0.3718255 -0.8791563 -0.2980436
vn 0.4862934 -0.7708336 -0.4115025
vn 0.5589916 -0.7676464 -0.3134444
vn 0.3556119 -0.8549722 -0.3775746
vn 0.2072452 -0.9268624 -0.3130103
vn 0.1419788 -0.9644071 -0.2230721
vn -0.0001725693 -0.9311494 -0.3646378
vn 0.05031006 -0.9934286 -0.1028021
vn 0.06349103 -0.9912193 -0.115988
vn 0.1692749 -0.1130815 -0.9790601
vn 0.1189111 -0.1583123 -0.9802027
vn 0.1273239 0.01021939 -0.9918085
vn 0.1816931 0.01017398 -0.9833027
vn -0.02836981 -0.8411198 -0.5401042
vn -0.1733547 -0.9747331 -0.1408671
vn 0.1132349 -0.6795738 -0.7248152
vn -0.003475462 -0.8522025 -0.5232005
vn 0.007567991 -0.9350324 -0.3544814
vn -0.3727686 -0.6388357 -0.6730026
vn 0.2877771 -0.3913077 -0.8741067
vn 0.1079977 -0.684853 -0.7206337
vn 0.3205474 -0.05108165 -0.9458541
vn 0.3140493 -0.04323677 -0.9484216
vn 0.3109937 0.0134758 -0.9503164
vn 0.2935573 0.04823178 -0.954724
vn -0.2961296 -0.7315531 -0.6141151
vn -0.3832892 -0.8385086 -0.3872889
vn -0.1956449 -0.7913239 -0.579249
vn -0.1668489 -0.9847848 -0.04858401
vn -0.04947504 -0.9879212 -0.1468467
vn -0.09447363 -0.9954063 0.01552837
vn 0.01755517 -0.9547273 -0.2969639
vn -0.003630409 -0.9994013 0.03440729
vn 0.04816967 -0.9486543 -0.3126253
vn 0.01008536 -0.9049102 -0.425483
vn 0.1465218 -0.3528359 -0.9241419
vn 0.1345307 -0.4703133 -0.8721851
vn -0.02321975 -0.6030695 -0.7973506
vn -0.03981094 -0.8260403 -0.5622033
vn -0.1533015 0.2386142 -0.9589379
vn 0.1829342 -0.793117 -0.5809479
vn -0.0761883 -0.6160911 -0.7839816
vn -0.2176953 -0.4192666 -0.8813764
vn -0.1451599 -0.1831535 -0.9723083
vn -0.3631086 0.1868615 -0.912817
vn -0.3912293 0.2426752 -0.8877209
vn 0.001669729 -0.9506944 -0.310125
vn 0.02394841 -0.8108196 -0.5848059
vn 0.1540602 -0.6848179 -0.7122428
vn 0.09804372 -0.6032199 -0.7915259
vn 0.2289976 -0.972856 -0.03333615
vn 0.260803 -0.9636156 -0.05853838
vn 0.1048284 -0.9927306 0.05913562
vn 0.1048067 -0.9923925 0.06459603
vn 0.3420707 -0.796087 -0.4992327
vn 0.3318588 -0.6024452 -0.7258992
vn 0.342898 -0.9230418 -0.1743981
vn 0.03706001 -0.9966771 0.07253496
vn 0.03704727 -0.9966686 0.07265739
vn -0.1135993 0.5969253 -0.7942137
vn -0.1611906 0.568756 -0.806557
vn -0.05108866 0.6146424 -0.7871497
vn -0.01179329 0.6384388 -0.7695823
vn -0.04613093 0.9371474 -0.3458708
vn -0.08919236 0.9747494 -0.2047151
vn -0.2371804 0.5266179 -0.8163449
vn -0.2355205 0.5214191 -0.8201538
vn -0.3335265 0.4492446 -0.8288181
vn -0.358897 0.417049 -0.8350228
vn -0.4275691 0.3434162 -0.8362117
vn -0.4651141 0.2732689 -0.8420172
vn -0.4760137 0.1787904 -0.861072
vn -0.5182057 0.09525607 -0.8499348
vn -0.527934 0.1227551 -0.8403671
vn -0.5336024 -0.05575235 -0.8438958
vn -0.5367035 -0.005266913 -0.8437545
vn 0.7379667 0.3331527 -0.5868683
vn 0.5851502 0.4954927 -0.6419395
vn 0.6494593 0.3965718 -0.6487939
vn 0.04286973 0.7260087 -0.686348
vn 0.007433124 0.7579502 -0.65227
vn -0.04096038 0.7084098 -0.7046118
vn 0.0840864 0.7252274 -0.6833556
vn 0.06459638 0.7649949 -0.6407887
vn 0.07585299 0.7568873 -0.6491287
vn 0.1199458 0.7828672 -0.6105178
vn 0.1646185 0.7220997 -0.6719172
vn 0.2733273 0.8347911 -0.4779287
vn 0.2956417 0.6899813 -0.660698
vn 0.4426447 0.7539005 -0.4854891
vn 0.4533304 0.560038 -0.6934326
vn 0.5874767 0.520626 -0.6195318
vn 0.7521273 0.2415739 -0.6131447
vn 0.8088557 0.0461407 -0.5861942
vn -0.01807609 0.9383137 0.3453124
vn -0.0169435 0.8363677 0.5479069
vn -0.0540117 0.9811265 0.1856705
vn -0.07212382 0.9915921 0.1074401
vn -0.01619157 0.963372 0.2676795
vn -0.009186155 0.9128291 0.4082385
vn -0.02552418 0.9267538 0.3748009
vn 0.06300082 0.977809 0.1998007
vn -0.05236278 0.9865797 0.1546572
vn -0.02180126 0.9870759 0.1587637
vn -0.02737576 0.9944348 0.101735
vn -0.7683204 0.6024946 0.2160647
vn -0.8245867 0.5088376 0.247267
vn -0.7069516 0.6740285 0.2142544
vn -0.5805301 0.792056 0.1887645
vn -0.03005114 0.9874125 0.1552855
vn -0.09706227 0.9770221 0.1897544
vn -0.5684451 0.7849487 0.2464258
vn -0.3927061 0.8829592 0.2572252
vn 0.4478269 0.429628 0.7841371
vn 0.4448156 0.4457994 0.7767895
vn 0.4443078 0.3666467 0.817411
vn 0.3025242 0.5054431 0.8080881
vn 0.2571313 0.4916137 0.8319852
vn 0.3418916 0.3052154 0.8887934
vn 0.2828968 0.3029025 0.9100657
vn 0.3075508 0.08408458 0.9478092
vn 0.2928837 0.1794675 0.9391542
vn 0.3280195 0.1465965 0.9332269
vn 0.3185541 0.02534667 0.9475658
vn 0.3074201 0.01698128 0.9514224
vn 0.07427653 0.4299532 0.8997906
vn 0.5493923 0.2458948 0.7985636
vn 0.5411192 0.1708447 0.8234088
vn 0.4873971 0.3713816 0.7902656
vn 0.2484482 0.5810848 0.7749928
vn 0.3675717 0.4142541 0.8326371
vn 0.4355477 0.2274299 0.8709615
vn 0.08866291 0.08145957 0.9927251
vn 0.39777 0.1253662 0.9088798
vn 0.579209 0.04643743 0.8138554
vn 0.5593528 -0.0518586 0.827306
vn 0.5032763 0.002785348 0.8641211
vn 0.4975188 0.1848964 0.847519
vn 0.4573026 0.07564443 0.8860882
vn 0.3656447 0.006915599 0.9307289
vn 0.4174853 0.02670721 0.9082911
vn -0.3169163 0.04924194 0.9471744
vn -0.3125207 0.07259098 0.9471332
vn -0.2706725 0.4166501 0.8678359
vn -0.3211436 0.0226168 0.9467604
vn -0.2890024 -0.02249191 0.9570641
vn 0.9955002 -0.06005156 0.07330212
vn 0.9977944 -0.05173446 0.04159173
vn 0.9998748 0.007419696 0.01397236
vn 0.999623 -0.007752106 0.02633977
vn 0.9771032 -0.1091595 0.1826298
vn 0.9550145 -0.11759 0.2722498
vn 0.8895907 -0.09118714 0.4475637
vn 0.8603799 -0.1824946 0.4758594
vn 0.6879357 0.06180317 0.7231355
vn 0.7279111 0.127933 0.6736309
vn 0.5297372 0.08217218 0.8441719
vn 0.4028715 0.1031472 0.9094257
vn 0.3664513 0.09075323 0.9260007
vn 0.2551836 0.067701 0.9645195
vn 0.1440359 0.1294447 0.9810697
vn 0.07498338 0.05775797 0.9955106
vn 0.06079832 0.05337127 0.9967222
vn 0.06045497 0.05532 0.9966367
vn -0.8513045 -0.2136577 -0.4791982
vn -0.8654019 -0.2186096 -0.4508763
vn -0.9284157 -0.131324 -0.3475606
vn -0.8918851 0.1041915 -0.4400966
vn -0.8175772 -0.1659526 -0.5513866
vn -0.8046795 -0.1915099 -0.561974
vn 0.6301029 0.02360149 0.7761529
vn 0.6040912 0.02919406 0.7963803
vn 0.6265895 0.02436736 0.7789685
vn 0.6006913 0.02991211 0.7989212
vn -0.4392589 0.02862846 0.8979043
vn -0.5582001 -0.007408771 0.8296733
vn -0.5373878 -0.0008607505 0.8433348
vn -0.4178222 0.03479445 0.9078623
vn -0.03912579 0.9990601 0.01865701
vn -0.004736939 0.9997356 0.02250065
vn -0.1495553 0.6890591 0.7091056
vn -0.07000771 0.9975439 -0.002255514
vn -0.999719 0.009619472 0.02166747
vn -0.9992073 0.001152333 0.03979171
vn -0.9998621 0.009463812 0.01364367
vn -0.999751 -0.00583161 0.02153792
vn -0.9983587 -0.0295203 0.04907648
vn -0.9997368 -0.003580928 0.02265761
vn 0.04408291 -0.9812922 -0.1874091
vn 0.03291132 -0.9883755 -0.1484278
vn -0.06184402 -0.9841846 -0.1659994
vn -0.9981112 0.06134909 0.003198614
vn -0.99747 0.07106365 0.001861512
vn -0.9743775 0.2240853 -0.01935119
vn -0.7144706 -0.6995458 -0.01294621
vn -0.3025058 -0.9531456 -0.001916249
vn -0.210757 -0.9212977 -0.3267904
vn -0.9713969 0.2365236 -0.02108826
vn -0.001701916 -0.9989632 -0.04549256
vn 0.01116623 -0.999892 -0.009556426
vn -0.1099619 0.4769874 0.8720042
vn -0.4195013 0.2445929 0.8741813
vn -0.3526941 0.4882715 0.7982467
vn -0.2448885 0.6853856 0.6857669
vn -0.05836483 0.6914814 0.7200327
vn -0.1274058 0.8050861 0.5793135
vn -0.0453991 0.76387 0.6437714
vn -0.06651861 0.9016875 0.4272411
vn -0.01708665 0.6814267 0.7316869
vn -0.09819891 0.1747864 0.9796972
vn -0.06207662 0.3948799 0.9166332
vn -0.0313567 0.590162 0.8066757
vn -0.02998711 0.6558169 0.7543242
vn -0.6720079 0.6551407 0.3452478
vn -0.4403475 0.84262 0.3099768
vn -0.2800569 0.9033616 0.3248168
vn -0.251631 0.9358479 0.2467195
vn -0.1410241 0.9509336 0.275386
vn -0.04133768 0.9819633 0.1844972
vn -0.6429778 0.297023 0.7059439
vn -0.8467178 0.3770412 0.3753784
vn -0.8053015 0.3684846 0.4644445
vn -0.6724076 0.5799657 0.4599
vn -0.5077033 0.7442992 0.433885
vn -0.3857714 0.8320644 0.3985591
vn -0.3758338 0.7451858 0.5508604
vn -0.2121816 0.8640814 0.4564454
vn -0.3065198 0.8207143 0.4821553
vn -0.7770452 0.2121742 0.5926068
vn -0.7102808 0.4122127 0.5705979
vn -0.5654721 0.5861905 0.5801913
vn -0.1120619 0.9154654 0.3864779
vn -0.01679661 0.8277854 0.5607932
vn -0.03603832 0.8327506 0.5524742
vn -0.01305821 0.791926 0.6104775
vn -0.0672712 0.7052709 0.705739
vn -0.1437288 0.5870264 0.7967069
vn -0.2468526 0.4447564 0.860962
vn -0.2286381 0.4925007 0.8397426
vn -0.476996 -0.6929858 0.5405972
vn -0.3711309 -0.3314494 0.8674119
vn -0.4714548 -0.6514752 0.5943992
vn -0.05109956 0.02336068 0.9984203
vn -0.1823616 -0.09233733 0.9788861
vn -0.2679346 -0.03884408 0.9626537
vn 0.3961399 -0.2494827 0.8836467
vn 0.2877898 0.1392284 0.9475191
vn 0.2261001 0.04936369 0.9728525
vn 0.04745289 -0.6879503 0.7242048
vn 0.1022246 -0.7833132 0.6131645
vn -0.0444482 -0.7539685 0.6554052
vn 0.4940627 0.04110217 0.8684541
vn 0.4702187 0.4474563 0.7607084
vn 0.4592498 -0.3290182 0.8251281
vn -0.3656471 0.1283786 0.9218575
vn -0.5711606 0.2247372 0.7894738
vn -0.5340517 0.2071031 0.8196933
vn -0.2871359 0.092274 0.9534351
vn -0.7930353 -0.5792283 0.1886527
vn -0.4272276 -0.54822 0.7189794
vn -0.5234829 -0.6612424 0.5373306
vn -0.7567035 -0.645921 0.100925
vn 0.9988986 -0.02858433 0.03720923
vn 0.9988298 -0.02205902 0.04303917
vn 0.9989399 -0.02491131 0.03871213
vn 0.9988334 -0.02213447 0.04291684
vn 0.9986752 -0.01673437 0.04866064
vn 0.9979042 -0.007807941 0.06423602
vn -0.1697411 0.6686449 0.7239488
vn -0.1700359 0.665371 0.7268901
vn -0.03267748 -0.006885387 -0.9994423
vn 0.01303782 -0.001537838 -0.9999138
vn 0.8113587 0.04203562 -0.5830351
vn 0.9315013 -0.1799066 -0.3161314
vn 0.9691837 -0.2412536 -0.04979425
vn 0.8816437 -0.4712085 -0.02582514
vn 0.8361677 -0.422277 -0.3500082
vn 0.6743202 -0.6301302 -0.3850042
vn 0.7660685 -0.639084 -0.0686345
vn 0.6271181 -0.7780907 -0.03602696
vn 0.4870487 -0.8005977 -0.3490371
vn 0.3993097 -0.9131663 0.08172583
vn 0.2596366 -0.9644443 -0.0493571
vn 0.1973795 -0.9791842 -0.04732507
vn 0.1210676 -0.9915127 -0.04738449
vn 0.1177412 -0.9918631 -0.04842112
vn 0.04924114 -0.998206 -0.03406021
vn -0.005536697 -0.9972947 -0.07329836
vn -0.07628255 -0.9955368 -0.05556377
vn -0.09671441 -0.9935904 -0.0585173
vn -0.05273579 -0.9962699 -0.06830349
vn -0.07779337 -0.9200831 -0.3839208
vn -0.01693265 -0.03012511 -0.9994028
vn 0.4468799 0.1504852 -0.8818462
vn 0.8476456 0.1764212 -0.5003724
vn 0.9057922 0.177407 -0.3847953
vn 0.7664131 0.1901916 -0.6135455
vn 0.6756276 0.1489961 -0.7220302
vn 0.8743867 0.3490671 -0.3370464
vn 0.323912 0.5343486 -0.7807385
vn 0.6591069 0.3552512 -0.6628535
vn 0.790821 0.4024843 -0.4610949
vn 0.7229367 0.5887011 -0.3616541
vn 0.6960402 0.6537796 -0.296817
vn 0.5739966 0.5767037 -0.5813267
vn 0.6285104 0.5949098 -0.5010559
vn 0.007957842 0.9373822 -0.3482119
vn 0.02613153 0.9895687 -0.1416716
vn 0.04079615 0.9163248 -0.3983521
vn 0.09411895 0.9597931 -0.2644596
vn 0.0815278 0.866852 -0.4918545
vn 0.1432343 0.833662 -0.5333775
vn 0.2641523 0.8235905 -0.5019186
vn 0.5658858 0.7443746 -0.3545133
vn 0.3491503 0.8643759 -0.361868
vn 0.4417937 0.8455417 -0.2997959
vn 0.1861282 0.9516476 -0.2443831
vn 0.2129179 0.918254 -0.3338797
vn 0.04305534 0.9932348 -0.1078465
vn 0.04870022 0.9948365 -0.08904267
vn 0.4590601 0.7845981 -0.416737
vn 0.3949482 0.7475583 -0.5340156
vn 0.1195383 0.1175136 -0.9858505
vn 0.1683125 0.1839703 -0.9684141
vn -0.1796222 0.9278622 -0.3268143
vn -0.03354155 0.864526 -0.5014676
vn 0.06367101 0.7637025 -0.6424208
vn 0.01101486 0.9019519 -0.4316959
vn 0.08146997 0.7116894 -0.6977542
vn 0.2650861 0.4379735 -0.8590161
vn -0.2509342 0.6735017 -0.6952895
vn -0.1942405 0.8032763 -0.5630433
vn -0.1515479 0.9771808 -0.1488313
vn -0.35969 0.8950846 0.2635272
vn -0.1247305 0.9914634 -0.03798185
vn -0.06292278 0.9980143 -0.002835603
vn 0.01771192 0.9283974 -0.3711664
vn 0.02461232 0.960387 -0.2775806
vn -0.0006584569 0.99878 0.04937604
vn 0.04721575 0.9612031 -0.2717708
vn 0.1130432 0.5121078 -0.8514498
vn 0.1225151 0.4860915 -0.8652775
vn 0.1186414 0.2985752 -0.9469831
vn -0.06270869 -0.02036764 -0.997824
vn -0.05881812 -0.05232474 -0.9968965
vn -0.09816714 0.3026113 -0.9480451
vn -0.2023424 0.3698274 -0.9067994
vn -0.6025578 -0.788705 -0.1219367
vn -0.02081972 0.8807797 -0.4730682
vn 0.01629873 0.9779744 -0.2080873
vn 0.007614513 0.8530592 -0.5217585
vn 0.0592804 0.7135893 -0.6980516
vn 0.05885257 0.8016216 -0.5949278
vn 0.1833184 0.7171969 -0.6723264
vn 0.2302813 0.9719959 -0.04684527
vn 0.2863266 0.9512326 -0.1147757
vn 0.1345326 0.9888986 0.0630919
vn 0.07424945 0.9960564 0.04856665
vn -0.2697027 -0.7187664 -0.6408084
vn -0.09992756 0.3206392 -0.9419156
vn 0.1393846 0.4971801 -0.8563783
vn 0.3008468 0.6960534 -0.6519209
vn 0.3507537 0.9000742 -0.2585306
vn 0.3513672 0.8589845 -0.3724067
vn 0.04523019 0.9986615 -0.02508837
vn 0.04585832 0.9984595 -0.03123351
vn 0.08983822 -0.7779869 -0.6218243
vn 0.1137545 -0.7446063 -0.6577396
vn 0.06099741 -0.7022191 -0.7093431
vn -0.04936158 -0.7189144 -0.6933437
vn -0.04903918 -0.7125257 -0.6999302
vn -0.07709338 -0.7221515 -0.6874255
vn 0.008654024 -0.7582732 -0.6518794
vn 0.03273798 -0.7562106 -0.6535087
vn 0.1360848 -0.7070791 -0.6939165
vn 0.2589786 -0.8242102 -0.5035948
vn 0.2775903 -0.6724069 -0.6861579
vn 0.4477311 -0.7016024 -0.5543384
vn 0.4480556 -0.5288266 -0.720825
vn 0.804248 -0.1808724 -0.5661011
vn -0.01566938 -0.8434124 0.5370381
vn -0.02796444 -0.9396801 0.3409095
vn -0.01297048 -0.9397014 0.34175
vn 0.004421608 -0.8382928 0.5452024
vn -0.004925452 -0.9134493 0.4069228
vn -0.003459238 -0.966588 0.2563118
vn 0.1081161 -0.9267213 0.359859
vn 0.0637647 -0.9314518 0.3582341
vn -0.04387085 -0.9774949 0.206347
vn -0.07127031 -0.9917979 0.1061014
vn -0.06273914 -0.9953542 0.07303344
vn -0.04116878 -0.9869382 0.1557497
vn -0.03782927 -0.9888859 0.1437834
vn -0.05607181 -0.9897291 0.1314998
vn 0.08505086 -0.9365343 0.3401028
vn 0.003036239 -0.8554183 0.5179288
vn -0.02948853 -0.9951881 0.09344015
vn -0.2469972 -0.9388666 0.2398372
vn -0.1059504 -0.9792343 0.1728426
vn -0.08630762 -0.9806269 0.175846
vn -0.5560274 -0.7924467 0.2507226
vn -0.5944334 -0.7777051 0.2045086
vn -0.3962361 -0.8796514 0.2630786
vn -0.7702866 -0.6008436 0.2136482
vn -0.7028385 -0.6764921 0.2199467
vn -0.8281276 -0.5073372 0.2383564
vn -0.8928223 -0.3451084 0.2894281
vn -0.01105747 -0.9923408 0.123034
vn 0.3330118 -0.1773368 0.9260966
vn 0.3273891 -0.08095308 0.9414154
vn 0.3622037 -0.136211 0.9220927
vn 0.1447441 -0.05529433 0.9879229
vn 0.3011973 -0.06049663 0.9516409
vn 0.2541573 -0.513007 0.8198951
vn 0.2724706 -0.4364828 0.8574628
vn 0.3595867 -0.2832887 0.8890697
vn 0.2742854 -0.6193934 0.7356082
vn 0.2073551 -0.7030408 0.6802481
vn 0.3945039 -0.5477447 0.7377957
vn 0.3975029 -0.3975552 0.8270074
vn 0.4505415 -0.4214639 0.7870073
vn 0.4038379 -0.4849059 0.7757456
vn 0.3106242 -0.6736665 0.6705864
vn 0.4755564 -0.3501492 0.8069955
vn 0.09473021 -0.484752 0.8695066
vn 0.2505265 -0.5833297 0.7726337
vn 0.5381949 -0.2274015 0.8115632
vn 0.542496 -0.3161763 0.778287
vn 0.5662539 -0.143554 0.8116334
vn 0.4609796 -0.08701382 0.8831344
vn 0.4101389 -0.1014113 0.9063673
vn 0.4973707 -0.174827 0.8497399
vn 0.4178751 -0.2370273 0.8770396
vn 0.3182392 -0.4310398 0.8443509
vn -0.2629848 -0.4190213 0.8690571
vn -0.2859851 -0.1253426 0.9500009
vn -0.3080714 -0.0563423 0.9496934
vn 0.9960349 0.0659556 0.05970189
vn 0.9968024 0.06837168 0.04135515
vn 0.3620233 -0.1262074 0.9235858
vn 0.3187577 -0.08482727 0.9440328
vn 0.534619 -0.08684879 0.8406187
vn 0.5299359 -0.0295115 0.847524
vn 0.686819 -0.05727993 0.7245679
vn 0.9332062 0.1060749 0.3433284
vn 0.9802121 0.1392917 0.1406481
vn 0.9756885 0.101732 0.1941203
vn 0.8122688 -0.007639023 0.5832333
vn 0.9108461 0.0623511 0.4080093
vn 0.09324525 -0.1179688 0.9886298
vn 0.1456144 -0.142026 0.979094
vn 0.06350543 -0.06969683 0.9955448
vn 0.06341001 -0.06831856 0.9956464
vn -0.9210459 0.2401524 -0.3065962
vn -0.8512517 0.195981 -0.4867875
vn -0.8635249 0.1889237 -0.4675816
vn -0.8167797 0.1532206 -0.5562323
vn -0.8100557 0.1568324 -0.5649896
vn -0.5386419 -0.003220561 0.8425288
vn -0.1216231 -0.07112344 0.9900249
vn -0.1251499 -0.01139164 0.9920724
vn -0.02387178 -0.0687715 0.9973468
vn 0.3290088 -0.001343314 0.9443259
vn -0.01386707 -0.999759 0.01702082
vn -0.01625296 -0.9966285 0.08042034
vn -0.005486779 -0.9999545 0.007811247
vn 0.003257248 -0.9999681 0.007288872
vn -0.1526714 -0.6943844 0.7032224
vn -0.04698611 -0.9988909 -0.003044536
vn -0.04346355 -0.9990202 0.008340231
vn -0.999731 -0.01347375 0.01887693
vn -0.9983616 -0.004005574 0.05707976
vn -0.9994066 -0.01845629 0.02908147
vn -0.999128 0.02080434 0.03619897
vn 0.03447611 0.9896329 -0.1394207
vn -0.05504271 0.9814352 -0.1837259
vn -0.7864093 0.6177057 -0.0004234007
vn -0.7397128 0.6727467 0.01539146
vn -0.7824852 0.6226683 0.0009636375
vn -0.8362801 -0.548291 0.00355688
vn -0.7992318 -0.6009907 0.006213181
vn -0.9997171 -0.01782763 -0.0157453
vn -0.7327799 0.6802374 0.01762222
vn 0.01143522 0.9999163 0.006053727
vn 0.02338686 0.9995587 -0.01831365
vn -0.1465764 0.905902 -0.3973123
vn 0.05614576 0.998415 0.003899555
vn -0.07387195 -0.8870977 0.455632
vn -0.04348664 -0.7589982 0.649639
vn -0.06122929 -0.6887156 0.7224416
vn -0.125142 -0.7991204 0.5880018
vn -0.2790537 -0.6949393 0.662713
vn -0.1088297 -0.4928865 0.8632606
vn -0.09812884 -0.1600464 0.9822199
vn -0.0698351 -0.3605467 0.9301232
vn -0.4165513 -0.256134 0.8722846
vn -0.3708785 -0.5020133 0.7813013
vn -0.03398041 -0.562279 0.8262491
vn -0.02894797 -0.6590157 0.7515718
vn -0.01828165 -0.685258 0.728071
vn -0.613867 -0.5938575 0.5200968
vn -0.1526704 -0.9506475 0.2701132
vn -0.3293449 -0.8815575 0.3382137
vn -0.5454261 -0.76932 0.3326515
vn -0.7073435 -0.6154206 0.3477396
vn -0.8728742 -0.3108642 0.3761038
vn -0.7964323 -0.4566424 0.3964507
vn -0.4810681 -0.7492471 0.4551949
vn -0.6597697 -0.3310735 0.6746067
vn -0.8020684 -0.2634523 0.5359843
vn -0.7461754 -0.4353058 0.5037174
vn -0.1535683 -0.9033407 0.4004903
vn -0.2754133 -0.835328 0.4757883
vn -0.02260936 -0.7998095 0.5998278
vn -0.03861693 -0.7056701 0.7074873
vn -0.1627728 -0.62949 0.7597681
vn -0.2332055 -0.4598934 0.8568041
vn -0.2145842 -0.5071297 0.8347294
vn -0.2862181 0.06616822 0.955877
vn -0.286011 0.07836164 0.9550169
vn -0.1761165 0.0934898 0.9799197
vn -0.4557253 0.7589119 0.4651528
vn -0.001261297 -0.06894567 0.9976196
vn -0.002908435 -0.06247951 0.998042
vn -0.05995634 0.02148435 0.9979699
vn -0.277173 -0.04706125 0.9596668
vn 0.02408955 -0.999693 -0.005799209
vn 0.07355368 -0.9972908 0.0009395003
vn 0.07308438 -0.9973255 0.0006428402
vn 0.7040267 -0.707804 -0.05796484
vn 0.7077377 -0.70645 -0.005964923
vn 0.9018342 -0.4311898 -0.02775591
vn 0.8251941 -0.5639305 -0.03220413
vn 0.957716 -0.2874024 -0.01341166
vn 0.9996173 -0.007979775 -0.02648868
vn 0.9997167 0.01150042 -0.02083606
vn -0.449554 0.8920495 -0.04635653
vn -0.4446033 0.8940175 -0.05532189
vn -0.6326579 0.7711758 -0.07093602
vn -0.6968506 0.7167089 -0.0269741
vn -0.7717856 0.6340482 0.04826899
vn -0.8461614 0.4837314 -0.2236401
vn -0.9333838 0.3561887 0.04386825
vn -0.9779491 0.1915581 -0.08319212
vn -0.997659 0.03920219 -0.05603289
vn -0.9808634 -0.09103908 -0.1721016
vn -0.9809883 0.1785216 -0.07610485
vn -0.3550456 -0.9347181 0.01563871
vn -0.2296187 -0.9631746 -0.1398926
vn -0.5025884 -0.8643711 -0.01635632
vn -0.3684277 -0.9086086 -0.1967017
vn -0.6048794 -0.7895266 -0.1037726
vn -0.6860839 -0.7270017 -0.02752165
vn -0.7753727 -0.6188967 -0.1255551
vn -0.8272119 -0.5547172 -0.08949488
vn -0.8931735 -0.445101 -0.0642342
vn -0.919687 -0.3855008 -0.07459889
vn -0.9601697 -0.2498511 0.1250939
vn -0.1301755 -0.9905162 -0.04395499
vn -0.03283507 -0.9988579 -0.03471039
vn -0.04898588 -0.88231 -0.4681126
vn -0.1251734 -0.5882347 -0.7989441
vn -0.1603525 -0.579074 -0.79935
vn -0.2401504 -0.5251795 -0.8164033
vn -0.2469031 -0.5232088 -0.8156539
vn -0.3415939 -0.4413794 -0.8297576
vn -0.3369792 -0.448383 -0.8278874
vn -0.5159677 -0.1261684 -0.8472655
vn -0.4938651 -0.1979916 -0.8466974
vn -0.4885603 -0.2184591 -0.8447392
vn -0.4353181 -0.3320783 -0.8367928
vn -0.4252633 -0.3429192 -0.8375903
vn -0.001730534 -0.646738 -0.7627103
vn -0.06173062 -0.6078075 -0.7916813
vn 0.5004675 0.8657081 -0.00904403
vn 0.479023 0.8772493 -0.03115506
vn 0.7114264 0.702217 -0.02763675
vn 0.6699778 0.7420025 -0.02370344
vn 0.8461174 0.5329105 -0.009570207
vn 0.9229369 0.3836521 -0.0315993
vn 0.9653088 0.2597696 -0.02643415
vn 0.1890361 -0.7754177 0.6024887
vn 0.1261223 -0.8206493 0.5573399
vn 0.1098578 -0.8750091 0.4714767
vn 0.1250791 -0.8973306 0.4232645
vn 0.1834245 -0.8477346 0.4976961
vn -0.1198888 0.9601043 -0.2526388
vn 0.07510272 0.9971215 -0.01040399
vn 0.07287055 0.9973369 -0.00297926
vn 0.07716043 0.9970163 -0.002163548
vn -0.2051356 0.9787285 -0.003158902
vn -0.2893023 0.9569752 0.02241968
vn -0.3991455 0.9168696 -0.005726792
vn -0.458761 0.8885554 -0.002782934
vn -0.5635016 0.8261026 -0.004517929
vn -0.7183748 0.6946335 -0.03770763
vn -0.8560497 0.5157689 -0.03407726
vn -0.866455 0.4978141 -0.03790504
vn -0.9683368 0.2465097 -0.03945633
vn -0.9666713 0.2524584 -0.04256092
vn 0.04737994 -0.9988071 -0.01181448
vn -0.1135674 -0.9090367 -0.4009424
vn -0.1157729 0.9075729 -0.4036186
vn 0.2905095 0.9036586 -0.3146513
vn 0.2734829 0.9618695 -0.003754055
vn -5.871162e-05 -0.0004188805 0.9999999
vn -4.792257e-05 -0.0003585591 0.9999999
vn 2.269275e-05 -6.392405e-05 1
vn 7.655052e-05 -0.0001454357 1
vn 2.967556e-06 -1.490925e-05 1
vn 9.813633e-05 -0.0001752926 1
vn -1.989795e-05 -0.0005661607 0.9999999
vn 4.361048e-05 -2.125566e-05 1
vn 0.0001208719 0.0001347571 1
vn 0.0002082095 0.0002302252 1
vn -0.0006139678 -8.708431e-05 0.9999998
vn -0.0006680682 -9.970227e-05 0.9999998
vn 0.01812587 0.7082725 -0.7057064
vn 0.08009776 0.9967477 -0.008851562
vn 0.08328142 0.9964812 -0.009456916
vn 0.006229711 -0.01237437 -0.999904
vn 0.002984951 -0.002911878 -0.9999913
vn 0.07761683 0.5406112 -0.8376844
vn -0.0006332228 0.005007118 -0.9999872
vn -0.003321343 -0.001268517 -0.9999937
vn 0.003518469 -0.01081474 -0.9999353
vn -0.01465302 0.3133855 -0.949513
vn -1.220468e-05 0.002003384 -0.999998
vn -0.00124706 -0.02899509 -0.9995788
vn 0.001542589 -0.001657314 -0.9999974
vn 0.006147538 0.03168698 -0.9994789
vn -0.003316234 0.004493288 -0.9999844
vn -0.01234839 -0.3267598 -0.9450268
vn -0.003417907 -0.01767428 -0.999838
vn -0.002129614 0.432011 -0.9018659
vn -0.004932105 -0.001239104 -0.9999871
vn -0.008930006 0.002165503 -0.9999578
vn 0.003439914 -0.007258058 -0.9999677
vn 0.005669117 0.02506228 -0.9996697
vn 0.001750846 -0.02697607 -0.9996345
vn 0.2250215 0.3978257 -0.889438
vn 0.04053037 -0.05125201 -0.997863
vn -0.004917185 -0.03242679 -0.9994619
vn -0.2955349 -0.4494691 -0.8429928
vn -0.02040805 -0.008380069 -0.9997566
vn -0.002657044 -0.004109367 -0.999988
vn -0.01332188 0.0008974705 -0.9999108
vn -0.1005229 0.1795354 -0.9786021
vn -0.02466009 0.05822792 -0.9979987
vn -0.01984324 0.009987876 -0.9997532
vn 0.0435216 0.038181 -0.9983226
vn 0.02804767 -0.009979933 -0.9995568
vn 0.01561316 -0.006220408 -0.9998588
vn 0.009088737 -0.002802403 -0.9999547
vn 0.06264075 0.03422152 -0.9974492
vn 0.01130717 -0.002212086 -0.9999336
vn 0.0367499 -0.01287383 -0.9992416
vn -0.0001332527 -7.322107e-05 1
vn -0.000358465 -7.029036e-05 0.9999999
vn -0.0003313886 -0.0001413167 0.9999999
vn 0.000582043 -3.867865e-05 0.9999998
vn -0.0004014064 -8.531898e-05 0.9999998
vn 0.0001374787 -8.429866e-05 1
vn 8.138803e-05 -0.0001388338 1
vn 0.0001360291 -9.279012e-05 1
vn 0.0003284874 -4.519722e-05 0.9999999
vn 2.924724e-05 -2.695499e-05 1
vn 0.0001293435 -3.204992e-06 1
vn -0.001173488 0.0005318513 0.9999992
vn -0.0003992062 0.0002437802 0.9999999
vn 0.000624453 -0.0007536035 0.9999995
vn -0.000108532 4.696291e-06 1
vn -9.829199e-05 6.058582e-07 1
vn -0.0001146503 1.294951e-06 1
vn -8.295808e-05 -5.187066e-06 1
vn -2.576193e-05 8.222123e-06 1
vn 3.590737e-05 2.550716e-05 1
vn 2.572524e-05 2.83957e-05 1
vn 0 -1.918111e-06 1
vn 3.334939e-06 -2.18684e-06 1
vn 0.002223619 -0.001561864 0.9999963
vn -7.08671e-05 -1.11312e-05 1
vn -0.0001703068 1.79933e-05 1
vn 0.0002799013 6.011058e-05 1
vn 5.706536e-05 -7.321121e-06 1
vn 0.0001126643 1.886023e-05 1
vn 0.0002321725 9.11089e-05 0.9999999
vn -0.02811246 -0.1607104 0.9866012
vn -0.0001279745 -0.2024185 0.9792991
vn -0.01685555 -0.1608359 0.9868371
vn 0.003389711 -0.2111152 0.9774553
vn -0.9693855 -0.215208 0.1182256
vn -0.8922553 -0.441652 0.09393604
vn -0.9116786 -0.3778127 0.1615545
vn -0.1547201 -0.9854006 0.07104488
vn -0.1463373 -0.9842189 0.09949155
vn -0.3343689 -0.9358999 0.1108548
vn -0.306089 -0.9499056 0.06315599
vn -0.5206321 -0.8431182 0.1345135
vn -0.4111337 -0.7998479 -0.4372784
vn -0.6807008 -0.718316 0.1437654
vn -0.6445664 -0.7606806 0.07680595
vn -0.8118234 -0.564585 0.1489519
vn -0.787693 -0.6091636 0.09197516
vn -0.9677987 -0.1732423 0.1826272
vn -0.9927115 -0.01384143 0.1197167
vn -0.9849611 0.01257088 0.1723183
vn -0.9594203 -0.1639678 0.2294066
vn -0.9735864 0.01325504 0.2279339
vn -0.9106213 -0.350603 0.2187383
vn -0.8145688 -0.544103 0.2010713
vn -0.6789724 -0.7106997 0.1841264
vn -0.51758 -0.8391536 0.1671288
vn -0.349004 -0.9251046 0.1495923
vn -0.02787698 -0.998259 0.05198065
vn -0.01955447 -0.9972198 0.07190443
vn -0.007281582 -0.9958468 0.09075317
vn 0.004411791 0.2836367 0.9589217
vn -0.006100275 0.1115733 0.9937375
vn 0.004083085 0.2779868 0.9605762
vn -0.9749674 0.1853241 0.1228559
vn -0.9076465 0.3858191 0.1652921
vn -0.9117415 0.3930613 0.1192904
vn -0.9624542 0.2034743 0.1796666
vn -0.8084435 0.5694525 0.1488051
vn -0.8055229 0.5836179 0.1025819
vn -0.6751227 0.7251324 0.1356188
vn -0.5199953 0.8446761 0.1269924
vn -0.4793955 0.8745088 0.07358253
vn -0.666363 0.7408941 0.08388237
vn -0.3355245 0.9359562 0.1068142
vn -0.2956664 0.9530658 0.06516899
vn -0.1702929 0.9812277 0.09051266
vn -0.1108977 0.9923279 0.05465573
vn -0.1644211 0.9794409 0.116881
vn -0.02921836 0.9967894 0.07454667
vn -0.04689039 0.9938948 0.09987272
vn -0.3483681 0.925011 0.1516384
vn -0.5747835 0.7955528 0.1916231
vn -0.7640848 0.6123468 0.2029922
vn -0.8940066 0.3960174 0.2095767
vn -0.9515043 0.2093462 0.2254187
vn 0.09543976 -0.8433137 0.5288793
vn 0.1085289 -0.9606485 0.2556871
vn 0.1889925 -0.9495613 0.2502304
vn 0.1855089 -0.8074407 0.5600231
vn 0.3354444 -0.9382856 0.08424553
vn 0.3161242 -0.9202774 0.2305538
vn 0.4349293 -0.8818243 0.1822703
vn 0.425052 -0.8852951 0.1886358
vn 0.5770544 -0.8026627 0.1508008
vn 0.5636222 -0.8138735 0.141209
vn 0.7225807 -0.6821525 0.1120046
vn 0.7169046 -0.6907041 0.09473942
vn 0.8466942 -0.5282092 0.06406222
vn 0.8426502 -0.5345782 0.06455069
vn 0.9834458 -0.1804372 0.01663951
vn 0.9796513 -0.2005626 0.007618936
vn 0.9332091 -0.3580348 0.03052728
vn 0.9256504 -0.3779064 -0.01892311
vn 0.9998913 -0.01212165 0.00838886
vn 0.9999938 0.0008336899 0.003416336
vn 0.108672 -0.5734762 -0.8119824
vn 0.2054434 -0.4724337 -0.8570877
vn 0.5108289 -0.8553941 -0.08576022
vn 0.4179591 -0.492874 -0.7631418
vn 0.5132565 -0.03177854 -0.8576466
vn 0.008104946 -0.6915836 -0.7222509
vn 0.01830554 -0.7045314 -0.7094367
vn -0.06775086 -0.4157037 -0.9069731
vn -0.2885233 -0.3114623 -0.905398
vn -0.08650098 0.6006918 -0.7947874
vn -0.2335711 0.09526093 -0.967662
vn 0.0142996 0.7819842 -0.6231341
vn 0.9946617 0.06916241 -0.07658085
vn 0.9897186 0.142882 0.006457955
vn 0.6000701 0.1348117 -0.788506
vn 0.3461799 0.09807792 -0.9330274
vn 0.3277206 0.2276018 -0.9169496
vn 0.24197 0.3440027 -0.9072556
vn 0.2633383 0.5983652 -0.7567114
vn 0.1874721 0.9043164 -0.3834922
vn 0.08698899 0.9598054 -0.2668456
vn 0.1076106 0.8464312 0.5215116
vn 0.1813733 0.8072895 0.5615935
vn 0.2873063 0.929922 0.2295655
vn 0.3036745 0.9262702 0.2231708
vn 0.4131838 0.8892856 0.196087
vn 0.4197276 0.8837621 0.2068653
vn 0.562046 0.8108913 0.1629712
vn 0.5790612 0.8025112 0.1437495
vn 0.7119248 0.6934028 0.111156
vn 0.7077432 0.6986375 0.1049059
vn 0.8373398 0.5419517 0.07176781
vn 0.8201167 0.5679459 0.06961355
vn 0.9008542 0.4318501 0.04435407
vn 0.9317162 0.3602371 0.046198
vn 0.9522988 0.3042941 0.02306503
vn 0.9855849 0.1679674 0.02023403
vn 0.1944954 -0.4876214 0.8511151
vn 0.1599519 -0.571479 0.804877
vn 0.1247671 -0.6531335 0.7468935
vn 0.1657417 -0.5200009 0.8379312
vn 0.2297593 -0.4901133 0.8408327
vn 0.2635333 -0.3922328 0.881308
vn 0.3077928 -0.4541062 0.8360928
vn 0.6314589 -0.02262865 0.7750791
vn 0.4651756 -0.002117528 0.8852159
vn 0.617042 -0.1187219 0.777923
vn 0.4503778 -0.08158067 0.8891032
vn 0.5634881 -0.2177514 0.7969099
vn 0.4058657 -0.2114343 0.8891392
vn 0.4838772 -0.337447 0.8074605
vn 0.3889579 -0.3921916 0.8336052
vn 0.3257502 -0.2928143 0.8989697
vn -0.02001546 -0.1562001 0.9875226
vn -0.01475654 -0.999372 0.03221599
vn -0.05726094 -0.9981796 0.01894086
vn -0.05213442 0.390395 0.9191701
vn -0.1588929 0.9469363 -0.2794007
vn -0.1081713 0.9941307 0.001798469
vn -0.1807667 0.9754978 -0.1254089
vn -0.01476716 0.999737 0.01754208
vn -0.01962982 0.9995162 0.02412191
vn 0.04356036 0.6657785 -0.7448769
vn -0.00518875 0.5443475 -0.8388438
vn -0.6260081 0.4202828 0.6568685
vn -0.7187367 0.1994027 0.6660752
vn -0.7791398 0.5051711 0.3711379
vn -0.8841637 0.2528831 0.3928164
vn -0.9443139 0.0314626 0.3275385
vn -0.7898099 -0.01976816 0.6130331
vn -0.4666129 0.5336614 0.7053211
vn -0.5614322 0.7398114 0.3707734
vn -0.4258046 0.8321207 0.3553388
vn -0.279921 0.6793494 0.6783277
vn -0.2050257 0.7533679 0.6248209
vn -0.1524943 0.749613 0.6440697
vn -0.08501766 0.6550127 0.7508197
vn -0.07360834 0.732848 0.6763989
vn -0.04398322 0.6707143 0.7404106
vn 0.01462942 0.6840127 0.7293235
vn -0.04457777 0.746322 0.6640906
vn 0.08387341 0.7763792 0.6246604
vn 0.04591012 0.7233222 0.6889828
vn 0.05214508 0.7234854 0.6883675
vn -0.003737121 -0.4471091 -0.8944715
vn -0.05556614 -0.9775038 0.2034669
vn 0.008657224 -0.9569166 -0.2902337
vn 0.06696192 -0.9662111 -0.2489019
vn 0.04431248 -0.7208049 -0.6917202
vn 0.9473552 -0.2679802 0.1752272
vn 0.2770565 -0.9553106 0.1030593
vn 0.0295693 -0.9768787 0.2117399
vn 0.01286918 -0.9159822 0.4010124
vn 0.01380134 -0.933092 0.3593728
vn -0.03074981 -0.9608809 0.2752495
vn 0.06377883 -0.8750263 0.4798552
vn -0.9207777 -0.2046693 0.3320827
vn -0.7933029 -0.1057491 0.5995729
vn -0.6545227 -0.2771102 0.7034273
vn -0.6474295 -0.4072604 0.6441847
vn -0.4974296 -0.4528746 0.739911
vn -0.4793021 -0.6090615 0.6319125
vn -0.119478 -0.6597788 0.7419008
vn -0.09688387 -0.8122274 0.5752392
vn -0.2637693 -0.9047572 0.3344251
vn -0.3007225 -0.6726914 0.6760564
vn -0.38843 -0.82931 0.4017053
vn -0.3577604 -0.6018767 0.7139691
vn -0.05445379 -0.6677573 0.7423846
vn -0.04680988 -0.702794 0.7098517
vn -0.01194724 -0.7594427 0.6504645
vn 0.03727046 -0.6774961 0.7345816
vn 0.08684327 -0.915766 0.3922128
vn 0.06307972 -0.7354582 0.6746275
vn 0.6030173 0.1238688 0.7880525
vn 0.4465617 0.09333794 0.8898711
vn 0.5609047 0.2105286 0.8006644
vn 0.4093433 0.1991278 0.8903853
vn 0.4750571 0.3323699 0.8147705
vn 0.331383 0.3047654 0.8929184
vn 0.390557 0.4050068 0.8267011
vn 0.3098678 0.4486355 0.8382769
vn 0.2604081 0.3960313 0.8805379
vn 0.2278855 0.4900549 0.8413764
vn 0.197308 0.4728031 0.8587939
vn 0.1506079 0.5205209 0.8404614
vn 0.1654652 0.5812514 0.7967234
vn 0.1245309 0.6589889 0.741772
vn 0.008751327 0.9675704 0.25245
vn -0.04473338 0.9786687 0.2005156
vn -0.08894308 0.9713569 0.2203515
vn 0.01587385 0.9377317 0.3469972
vn 0.03977353 0.8907042 0.4528399
vn 0.04799645 0.9789545 0.1983546
vn 0.003260785 -0.1026842 0.9947087
vn 0.03479451 -0.848766 0.5276226
vn 0.1131887 -0.7675964 0.6308597
vn 0.1316987 -0.7258465 0.6751314
vn 0.0694964 -0.8022708 0.5929012
vn 0.02642555 -0.9239993 0.3814799
vn 0.04721562 -0.8839647 0.4651635
vn -0.1267207 0.4972973 -0.8582757
vn -0.331461 0.9425356 -0.04195458
vn -0.3113366 0.9502994 0.0006220369
vn -0.2086525 0.9724618 0.1038378
vn -0.07411244 0.9972358 0.00530687
vn -0.08483212 0.9961792 0.02075298
vn -0.1433071 0.9892045 0.03061841
vn -0.04610911 0.3459361 0.9371244
vn -0.04608433 0.3457599 0.9371907
vn -0.1030466 0.9715561 0.2132136
vn -0.1710541 0.9805151 0.09659475
vn -0.1739864 0.9732524 0.1500285
vn -0.2424557 0.9615068 0.1293057
vn 0.07464463 0.7743104 0.6283881
vn 0.03804235 0.8565997 0.5145773
vn -0.05154063 0.952632 0.2997262
vn 0.2496632 -0.003458176 0.9683266
vn 0.2525881 -0.07562964 0.9646136
vn 0.2533793 -0.1962331 0.9472548
vn 0.234508 -0.3766661 0.8961744
vn 0.198233 -0.530774 0.8240041
vn 0.2070721 -0.5699798 0.7951378
vn 0.01173159 0.1058944 0.9943082
vn 0.1891345 0.5963429 0.7801303
vn 0.2316553 0.4086772 0.8827903
vn 0.2486886 0.2922546 0.9234399
vn 0.2496335 0.1311974 0.9594114
vn 0.251306 0.04265255 0.9669674
vn 0.1333402 0.7396703 0.6596275
vn 0.04856879 0.8801231 0.4722545
vn 0.01441343 0.9241124 0.3818486
vn 0.07813542 0.8044228 0.5888963
vn -0.02001735 -0.1562135 0.9875204
vn -0.1468553 -0.985762 0.08189528
vn -0.1676611 -0.9857227 0.01551144
vn -0.1025586 -0.9946375 0.01334035
vn -0.201585 -0.9793989 -0.01188409
vn -0.03087621 -0.951275 0.3067938
vn -0.03902027 -0.9490744 0.3126263
vn -0.2329251 -0.9684367 0.08874862
vn -0.1802564 -0.9689395 0.1693041
vn -0.1697702 -0.9718995 0.1630627
vn -0.2854032 -0.9582174 0.01909012
vn -0.1654183 -0.977964 0.1273706
vn 0.4106202 -0.3129592 0.8564155
vn 0.4610789 -0.2175225 0.8602849
vn 0.482275 -0.1719357 0.8589814
vn 0.5094275 -0.1013737 0.8545215
vn 0.5068495 -0.03006704 0.86151
vn 0.509839 -0.002175196 0.860267
vn 0.4057406 -0.3322693 0.8514527
vn 0.3212035 -0.4366706 0.8403256
vn 0.3285605 -0.4354156 0.8381296
vn 0.2086363 -0.5102859 0.8343136
vn 0.2041515 -0.5078081 0.8369308
vn 0.1077833 -0.5350847 0.8378944
vn 0.03896687 -0.588708 0.8074059
vn 0.02795752 -0.6043754 0.796209
vn 0.04524563 -0.9311755 0.3617525
vn 0.05340065 0.5885103 0.8067243
vn 0.02469876 0.5944756 0.8037343
vn 0.1435694 0.5784792 0.8029631
vn 0.2020804 0.5042019 0.8396094
vn 0.2789763 0.4675051 0.8388155
vn 0.3020861 0.4450097 0.8430365
vn 0.3492837 0.3235897 0.8793694
vn 0.4188264 0.2683017 0.8675244
vn 0.4201816 0.3608522 0.8326063
vn 0.4792532 0.1859484 0.8577526
vn 0.4753538 0.228902 0.8494955
vn 0.5023534 0.09831128 0.8590552
vn 0.5095242 0.0816781 0.8565709
vn 0.09850606 0.9903978 -0.09699897
vn 0.1109537 0.9936536 0.01848888
vn 0.03586879 0.9989659 0.02793758
vn 0.0859907 0.9961846 -0.01489242
vn 0.08787292 0.9960251 -0.0145706
vn 0.2656602 0.9640344 -0.007890154
vn 0.32287 0.9461325 0.02425698
vn -0.7964082 0.6047482 0.003695154
vn -0.9642109 0.2628697 0.03459648
vn -0.9999812 -0.003474332 0.005047708
vn -0.5742347 0.8184769 0.01871366
vn -0.3753945 0.9268646 0.0009734568
vn -0.1802345 0.9834352 0.01925242
vn -0.2348751 0.9716537 0.0268833
vn -0.0313238 0.9994913 -0.005990484
vn -0.09342056 0.9773765 0.1897572
vn 0.06867241 0.9948418 0.07465902
vn -0.003103521 0.9999735 -0.006572468
vn 0.0837514 -0.9963933 0.01364663
vn 0.09175946 -0.9956107 0.01842553
vn 0.008257434 -0.9961661 0.08709241
vn -0.06450069 -0.9967343 -0.04858439
vn -0.1016092 -0.9745343 0.1998962
vn -0.197239 -0.9803219 -0.008098003
vn -0.3848037 -0.9229658 0.007756086
vn -0.6772027 -0.7357864 -0.003850389
vn -0.611306 -0.7911876 0.01808693
vn -0.8793288 -0.475484 0.02637755
vn -0.8438182 -0.535678 0.03193749
vn -0.9697114 -0.2433456 0.02103977
vn 0.07873596 -0.9961748 0.03790111
vn 0.1187463 -0.9923425 0.03399382
vn 0.2553295 -0.9577749 -0.1321894
vn 0.4083304 -0.9044271 0.1236047
vn 0.6251824 -0.775322 0.08956955
vn 0.7994521 -0.5933611 0.09380305
vn 0.7220237 -0.6918106 -0.008927397
vn 0.968865 -0.1310826 0.2100427
vn 0.9957745 0.04694785 -0.07892478
vn 0.9270848 -0.3287229 0.1801526
vn 0.9810073 -0.1471772 -0.1263473
vn 0.8697904 -0.4812278 -0.1090161
vn 0.5287277 -0.8481244 -0.03364496
vn 0.4124176 0.8931552 -0.1794031
vn 0.5715042 0.812559 0.1145896
vn 0.6921476 0.7173527 -0.0796043
vn 0.8427195 0.5383458 0.002796794
vn 0.7808782 0.6223842 0.05354555
vn 0.9645544 0.2003649 0.1717231
vn 0.9021263 0.424768 0.07576498
vn 0.9457873 0.3247837 0.001352141
vn 0.3484665 -0.1122297 -0.9305781
vn 0.2854338 0.2377421 -0.9284429
vn 0.002166439 0.000332815 -0.9999976
vn 0.003505162 0.0002855229 -0.9999939
vn -0.0001914922 0.0006215433 -0.9999998
vn -0.003991445 -0.0002792635 -0.999992
vn -0.1011577 0.4578965 0.8832315
vn -0.0001119514 3.525261e-05 1
vn -0.07854325 -0.4562604 0.8863731
vn -9.12935e-05 3.984101e-05 1
vn -6.069602e-05 2.014051e-05 1
vn -9.526731e-05 5.093458e-06 1
vn -1.112741e-05 -1.114492e-05 1
vn 0.06900682 0.461091 0.8846655
vn 0.0001399987 0.01224756 0.999925
vn -0.005550095 -0.001094003 0.999984
vn -0.004065401 -0.008892219 0.9999522
vn 0.1961143 0.3544142 0.9142919
vn 0.1462705 0.3825641 0.9122772
vn -0.007605257 -0.02195705 0.9997301
vn -0.02217484 0.4157815 0.9091941
vn -0.1528675 0.4998019 0.8525431
vn 0.1040223 -0.3736072 0.9217359
vn 0.227802 -0.393412 0.8906926
vn 0.4013307 -0.316914 0.8593597
vn -0.05768594 0.0242106 0.9980412
vn -0.5162196 0.03669542 0.8556698
vn -0.0283953 0.03954456 0.9988142
vn -0.3703534 0.2856805 0.8838693
vn -0.07313041 -0.05645454 0.9957233
vn -0.2342942 -0.436636 0.8685939
vn -0.2797377 -0.06368072 0.9579622
vn -0.4709629 -0.2578808 0.843618
vn 0.5124235 -0.1448412 0.8464296
vn 0.5244192 -0.01816289 0.8512665
vn 0.4993758 0.08843639 0.8618601
vn 0.06354048 0.03713847 0.997288
vn 0.1346866 0.1364532 0.981448
vn 0.2311118 0.3207367 -0.9185398
vn 0.2636701 -0.2980086 -0.9174252
vn -0.005834144 0.3465498 -0.9380134
vn -0.0181518 -0.3545 -0.9348797
vn -0.1394537 -0.3808825 -0.9140466
vn -0.2699515 -0.3329896 -0.9034623
vn -0.2944848 -0.1957199 -0.9353997
vn -0.2609767 0.2110945 -0.9419822
vn -0.1830022 0.2936323 -0.9382379
vn -0.1065564 0.3531543 -0.9294771
vn -0.368045 -0.09450874 -0.9249924
vn -0.3447121 0.0174339 -0.9385465
vn -0.3348504 0.09190172 -0.9377789
vn -0.2538546 -0.3390972 -0.9058537
vn -0.2771911 0.3462886 -0.8962417
vn 0.01374339 -0.361547 -0.9322526
vn 0.02471418 0.4309135 -0.9020547
vn 0.3958609 0.06429489 -0.9160569
vn 0.3805816 -0.05826733 -0.9229098
vn 0.05926659 -0.394146 -0.9171349
vn 0.337974 -0.1369133 -0.9311435
vn 0.1047458 0.379047 -0.91943
vn 0.1703073 0.3766777 -0.9105544
vn 0.2266804 0.2966461 -0.9276945
vn 0.319483 -0.2702989 -0.908223
vn 0.2222256 -0.3351001 -0.9156002
vn 0.1442178 -0.3606497 -0.9214841
vn 0.2949499 0.2587943 -0.919799
vn 0.3300995 0.172151 -0.9281154
vn 0.0777295 0.8371454 0.5414292
vn -0.08896564 0.9019536 0.4225694
vn -0.2845445 0.8658774 0.4114497
vn 0.2004828 0.8574229 0.4739543
vn 0.2500539 0.8312008 0.4965665
vn -0.1976354 0.8330072 0.5167583
vn -0.1031922 0.5732031 0.8128896
vn -0.1877494 0.5744143 0.7967423
vn 0.9085083 0.06792691 0.4123089
vn 0.8363115 0.262374 0.4813969
vn 0.8726267 0.4339783 0.2240214
vn 0.8309415 0.554187 0.04912237
vn 0.4136223 0.3241833 0.8507771
vn 0.3724071 0.7975945 0.474506
vn 0.4938584 0.7153361 0.4943663
vn -0.04810198 0.7400963 0.6707783
vn -0.0004630257 0.6286904 0.7776555
vn -0.0693353 0.822469 0.5645683
vn 0.3184772 -0.8095185 0.493206
vn 0.523837 -0.7524792 0.3992116
vn 0.6129413 -0.612827 0.4987444
vn 0.7790884 -0.4915096 0.3891524
vn 0.8296909 -0.3446175 0.439149
vn 0.8776851 -0.1360058 0.4595339
vn 0.02370432 0.9697069 0.2431189
vn 0.09082022 -0.6904774 0.7176299
vn 0.1692582 -0.8603024 0.4808654
vn 0.003963205 0.9207854 0.3900494
vn 0.002248997 -0.4523379 0.8918438
vn 0.06326579 -0.9929623 0.1001162
vn -0.8696281 -0.05315433 0.4908376
vn -0.846211 0.1881483 0.4985249
vn -0.8989809 0.3473294 0.2668251
vn -0.7692351 0.4314321 0.4713213
vn -0.6331375 0.6235348 0.4586297
vn -0.3719724 0.784437 0.4962813
vn -0.1463695 0.8910252 0.4297093
vn -0.0535289 -0.8968502 0.4390835
vn -0.04450937 -0.9085991 0.4152909
vn -0.1655272 -0.879015 0.4471391
vn -0.2943645 -0.8118384 0.50425
vn -0.5204598 -0.732448 0.4389094
vn -0.7307313 -0.5089535 0.4549705
vn -0.932362 -0.3587641 0.04460274
vn -0.4170312 -0.1266839 0.9000201
vn -0.2644231 -0.8792884 0.396147
vn 0.01351638 -0.8761595 0.4818319
vn -0.1175274 -0.4925778 0.862296
vn -0.1133264 -0.4817295 0.8689613
vn -0.2772417 -0.8657342 0.416703
vn -0.04534708 -0.6141338 0.7878981
vn -0.0005955679 -0.7319757 0.6813304
vn -0.1270716 -0.9767659 0.1725721
vn -0.05016368 -0.5986049 0.7994722
vn -0.006783203 -7.999891e-05 -0.999977
vn -0.8676996 -0.2779113 -0.412144
vn -0.8554494 -0.1313825 -0.500944
vn -0.7081265 -0.04093667 -0.7048978
vn 0.0120905 -0.7158016 -0.698199
vn -0.02592476 -0.4891616 -0.8718078
vn 0.0103885 -0.7117425 -0.7023637
vn 0.01208389 -0.715694 -0.6983093
vn 0.2573543 -0.5759723 -0.7759025
vn 0.3840363 -0.1560534 -0.9100348
vn 0.04594848 -0.5881811 -0.8074229
vn 0.1381662 -0.5536536 -0.821205
vn 0.1701509 -0.5956362 -0.7850263
vn 0.2726542 -0.5137348 -0.8134717
vn 0.3888856 -0.437942 -0.8105398
vn 0.5209566 -0.3272988 -0.7883398
vn 0.5741411 -0.2747483 -0.7712817
vn 0.5724583 -0.1555776 -0.8050386
vn 0.6461661 -0.04463284 -0.7618906
vn 0.539096 0.01282283 -0.8421468
vn 0.009876302 -0.657558 -0.7533392
vn -0.1061931 -0.900129 -0.4224816
vn -0.5232468 -0.2118325 -0.8254331
vn -0.4919066 -0.2422769 -0.8362594
vn -0.6488106 -0.5963554 -0.4726574
vn -0.4494122 -0.7560544 -0.4758261
vn -0.1063878 -0.5807475 -0.8071022
vn -0.007417963 -0.6355518 -0.7720225
vn -0.6126064 0.03240212 -0.7897237
vn -0.5675346 -0.06937254 -0.8204218
vn -0.2299595 -0.6739953 -0.702032
vn -0.1405284 -0.5294208 -0.8366393
vn -0.2326142 -0.6804906 -0.6948547
vn -0.1285287 -0.5318425 -0.8370329
vn -0.1415876 -0.9626434 -0.2308046
vn -0.1014263 -0.5447885 -0.8324171
vn -0.02756774 -0.4779274 -0.8779667
vn -0.3074645 -0.924692 -0.2245224
vn -0.06162207 -0.0004654083 -0.9980994
vn -0.763735 0.3743597 -0.5258934
vn -0.5901041 0.5811059 -0.5604401
vn -0.7340053 0.06428703 -0.6760942
vn -0.1601783 0.3635346 -0.9177066
vn -0.05172284 0.8803999 -0.471403
vn 0.003278007 0.5698081 -0.8217712
vn 0.08509899 0.6079888 -0.7893718
vn 0.230942 0.6140211 -0.7547476
vn 0.6265295 0.1702307 -0.7605802
vn 0.5660591 0.2201816 -0.7944162
vn 0.5010126 0.3407847 -0.79552
vn 0.4239043 0.4629201 -0.7784665
vn 0.3076102 0.513076 -0.8013295
vn 0.1800134 0.5860485 -0.7900268
vn 0.08651301 0.5682783 -0.8182758
vn 0.05905034 0.7615855 -0.6453686
vn -0.003766339 0.5510966 -0.834433
vn -0.1298191 0.9069393 -0.4007595
vn -0.06832477 0.578176 -0.8130463
vn -0.2376478 0.5626599 -0.7917938
vn -0.4595032 0.3469389 -0.8176125
vn -0.3517534 0.4515336 -0.8199921
vn -0.5342584 0.2123569 -0.8182129
vn -0.1034117 -0.001812268 -0.994637
vn -0.06305563 0.5238422 -0.8494782
vn -0.137943 0.6234657 -0.7695858
vn -0.2052714 0.8155135 -0.5411113
vn -0.3464306 0.9047218 -0.24792
vn -0.03393569 -0.9994008 0.006815757
vn -0.01169293 -0.9999152 0.00573361
vn -0.1045987 -0.9944541 -0.01096022
vn -0.1656905 -0.9859262 0.02227311
vn -0.2357311 -0.9717818 -0.008420072
vn -0.9857588 -0.1653219 0.03079283
vn -0.9765473 -0.2121079 0.03695349
vn -0.9982176 0.05278316 0.02784531
vn -0.9467036 -0.321079 0.02570283
vn -0.8715963 -0.4895609 0.02549361
vn -0.6993678 -0.713375 0.04450713
vn -0.2374133 -0.9713653 0.00918623
vn -0.01610249 -0.9998624 -0.003994945
vn -0.2945461 -0.9550884 0.03238114
vn -0.3235909 -0.9461722 -0.006853223
vn 0.01382163 -0.9949629 0.09928611
vn 0.02703644 -0.994929 0.09687834
vn 0.09843862 -0.9893068 0.1076185
vn 0.01951073 -0.9995551 0.02255984
vn 0.009167843 -0.9998223 0.01646964
vn 0.02110701 -0.9995086 0.02317179
vn -0.2416144 0.970368 0.002892021
vn -0.1717758 0.9848471 -0.02386133
vn -0.1174424 0.9930647 0.005461198
vn -0.0511616 0.9986894 0.001453359
vn -0.02035301 0.9997622 0.007819186
vn -0.07918418 0.9968082 -0.01015796
vn -0.3645862 0.9310631 0.01409122
vn -0.566186 0.8234664 0.03656118
vn -0.5821918 0.8124099 0.03229345
vn -0.7897089 0.6133186 0.01415061
vn -0.942666 0.3325508 0.02812087
vn -0.2942 0.955553 -0.0191
vn -0.345554 0.938318 -0.01232364
vn 0.04767249 0.9900261 0.1325735
vn 0.01384159 0.9902359 0.1387134
vn 0.03454703 0.9916066 0.124591
vn 0.1784718 0.9790612 0.09791303
vn 0.009556592 0.9997675 0.01932893
vn 0.01832956 0.9995834 0.02229672
vn 0.456021 -0.8850017 0.09389865
vn 0.9573685 -0.2835499 0.055181
vn 0.9165492 -0.3991705 0.02450441
vn 0.9984497 0.05345001 0.01553385
vn 0.9959409 -0.0894363 0.0101366
vn 0.8180337 -0.5745949 0.02572449
vn 0.6473848 -0.7608783 0.04424033
vn 0.3082605 -0.9468138 0.09229931
vn 0.2126494 -0.9719947 0.1000328
vn 0.3409979 0.936888 0.07720955
vn 0.5350928 0.8423583 0.06409526
vn 0.6896927 0.7213218 0.06339461
vn 0.980956 0.1924521 0.02622299
vn 0.9107872 0.4125857 0.01547913
vn 0.8074014 0.5889536 0.03516347
vn 0.6929029 0.7183598 0.06200443
f 1//1 10//2 2//3
f 4//4 6//5 5//6
f 5//6 6//5 7//7
f 5//6 3//8 4//4
f 10//2 1//1 5//6
f 5//6 1//1 3//8
f 5//6 9//9 10//2
f 5//6 8//10 9//9
f 5//6 7//11 8//10
f 13//12 12//13 14//14
f 19//15 18//16 20//17
f 11//18 20//17 12//13
f 14//14 12//13 20//17
f 15//19 14//14 20//17
f 20//17 16//20 15//19
f 18//16 17//21 20//17
f 20//17 17//21 16//20
f 11//22 6//23 20//24
f 20//24 6//23 4//25
f 20//24 4//25 19//26
f 19//26 4//25 3//27
f 19//26 3//27 18//28
f 18//28 3//27 1//29
f 18//28 1//29 17//30
f 1//29 2//31 17//30
f 17//30 2//31 10//32
f 17//30 10//32 16//33
f 16//33 10//32 9//34
f 16//33 9//34 15//35
f 15//35 9//34 14//36
f 14//36 9//34 8//37
f 14//36 8//37 13//38
f 13//38 8//37 7//39
f 13//38 7//39 12//40
f 12//40 7//39 6//41
f 12//40 6//41 11//42
f 31//43 46//44 32//45
f 35//46 51//47 37//48
f 40//49 41//50 29//51
f 43//52 42//53 27//54
f 52//55 46//44 31//43
f 49//56 21//57 50//58
f 39//59 51//47 35//46
f 35//46 30//60 39//59
f 40//61 30//60 35//46
f 29//51 41//50 28//62
f 41//63 42//64 28//65
f 43//66 28//65 42//64
f 42//53 33//67 27//54
f 34//68 26//69 38//70
f 52//71 25//72 45//73
f 47//74 24//75 36//76
f 49//56 22//77 48//78
f 50//58 22//77 49//56
f 37//48 21//57 49//56
f 53//79 76//80 77//81
f 53//82 77//83 54//84
f 54//85 77//81 78//86
f 55//87 78//86 79//88
f 55//87 79//88 56//89
f 56//90 80//91 57//92
f 57//92 80//91 58//93
f 59//94 81//95 60//96
f 60//96 81//95 61//97
f 61//97 81//95 62//98
f 64//99 63//100 65//101
f 68//102 67//103 69//104
f 71//105 70//106 82//107
f 71//105 82//107 72//108
f 72//108 82//107 83//109
f 72//108 83//109 73//110
f 73//110 83//109 74//111
f 75//112 74//113 76//80
f 56//90 79//88 80//91
f 84//114 99//114 85//114
f 85//115 99//115 100//115
f 85//116 100//116 86//116
f 86//117 100//117 101//117
f 86//118 101//118 87//118
f 87//119 101//120 88//121
f 91//122 102//123 92//124
f 92//125 102//125 93//125
f 93//126 102//127 94//128
f 94//129 103//130 95//131
f 95//131 103//130 96//132
f 97//133 96//134 104//135
f 97//136 104//137 98//138
f 98//138 104//137 84//139
f 84//140 104//140 99//140
f 89//141 88//141 90//141
f 115//142 110//142 111//142
f 111//143 112//144 113//145
f 117//146 116//147 118//148
f 107//149 126//149 106//149
f 123//150 122//151 124//152
f 122//153 113//145 105//154
f 122//153 105//154 125//155
f 110//156 114//157 111//143
f 110//158 115//158 109//158
f 109//159 115//160 108//161
f 117//162 108//161 116//163
f 119//164 106//165 126//166
f 120//167 121//168 119//169
f 123//170 121//168 120//167
f 120//171 122//151 123//150
f 122//153 125//155 124//172
f 105//154 113//145 112//144
f 120//173 119//164 59//174
f 126//166 81//95 119//164
f 119//164 81//95 59//174
f 107//175 63//100 126//166
f 126//166 63//100 62//98
f 126//166 62//98 81//95
f 63//100 107//175 65//101
f 65//101 107//175 66//176
f 66//176 107//175 118//148
f 79//88 78//86 122//153
f 122//153 78//86 113//145
f 66//176 118//148 67//103
f 67//103 118//148 116//147
f 113//145 78//86 77//81
f 120//173 59//174 58//177
f 111//178 74//113 115//179
f 111//178 76//80 74//113
f 113//145 77//81 111//178
f 111//178 77//81 76//80
f 79//88 122//153 80//91
f 120//173 80//91 122//153
f 58//177 80//91 120//173
f 67//103 116//147 69//104
f 108//180 82//107 70//106
f 115//179 82//107 108//180
f 115//179 83//109 82//107
f 74//113 83//109 115//179
f 108//180 70//106 116//147
f 116//147 70//106 69//104
f 96//181 42//64 41//63
f 96//181 41//63 104//182
f 104//182 41//63 40//61
f 104//182 40//61 35//46
f 104//182 35//46 99//183
f 99//183 35//46 37//48
f 99//183 37//48 49//56
f 99//183 49//56 100//184
f 91//185 45//73 102//186
f 102//186 45//73 44//187
f 102//186 44//187 26//69
f 102//186 26//69 94//188
f 94//188 26//69 34//68
f 94//188 34//68 103//189
f 103//189 34//68 33//190
f 103//189 33//190 42//64
f 103//189 42//64 96//181
f 100//184 49//56 48//78
f 100//184 48//78 101//191
f 101//191 48//78 23//192
f 101//191 23//192 47//74
f 101//191 47//74 36//76
f 101//191 36//76 88//193
f 88//193 36//76 32//194
f 88//193 32//194 90//195
f 90//195 32//194 46//196
f 90//195 46//196 52//71
f 90//195 52//71 91//185
f 91//185 52//71 45//73
f 90//197 119//169 89//198
f 89//198 119//169 121//168
f 89//198 121//168 88//121
f 88//121 121//168 123//199
f 88//121 123//199 87//119
f 87//119 123//199 124//172
f 87//119 124//172 86//200
f 86//200 124//172 125//155
f 86//200 125//155 85//201
f 85//201 125//155 105//154
f 105//154 112//144 85//201
f 85//201 112//144 84//202
f 84//202 112//144 111//143
f 84//202 111//143 114//157
f 84//202 114//157 98//203
f 98//203 114//157 110//156
f 98//203 110//156 97//133
f 97//133 110//156 109//159
f 97//133 109//159 96//134
f 96//134 109//159 108//161
f 96//134 108//161 95//204
f 95//204 108//161 117//162
f 95//204 117//162 94//128
f 94//128 117//162 118//205
f 94//128 118//205 93//126
f 93//126 118//205 107//206
f 93//126 107//206 92//124
f 92//124 107//206 106//207
f 92//124 106//207 91//122
f 91//122 106//207 90//197
f 90//197 106//207 119//169
f 65//208 26//209 44//210
f 65//208 44//210 64//211
f 64//211 44//210 45//212
f 64//211 45//212 63//213
f 69//214 33//215 68//216
f 68//216 33//215 34//217
f 68//216 34//217 67//218
f 67//218 34//217 38//219
f 67//218 38//219 66//220
f 66//220 38//219 26//209
f 66//220 26//209 65//208
f 71//105 43//52 70//221
f 70//221 43//52 27//54
f 70//221 27//54 69//214
f 69//214 27//54 33//215
f 73//222 29//51 28//62
f 73//222 28//62 72//108
f 72//108 28//62 71//105
f 71//105 28//62 43//52
f 74//223 30//224 40//49
f 74//223 40//49 73//222
f 73//222 40//49 29//51
f 54//84 21//225 37//226
f 54//84 37//226 53//82
f 53//82 37//226 51//47
f 53//82 51//47 76//227
f 76//227 51//47 39//59
f 76//227 39//59 75//228
f 75//228 39//59 30//224
f 75//228 30//224 74//223
f 78//229 50//58 54//84
f 54//84 50//58 21//225
f 56//89 23//230 48//231
f 56//89 48//231 55//87
f 55//87 48//231 22//77
f 55//87 22//77 78//229
f 78//229 22//77 50//58
f 57//232 24//233 47//234
f 57//232 47//234 56//89
f 56//89 47//234 23//230
f 60//96 31//43 59//235
f 59//235 31//43 32//236
f 59//235 32//236 58//237
f 58//237 32//236 36//238
f 58//237 36//238 57//232
f 57//232 36//238 24//233
f 61//97 52//55 60//96
f 60//96 52//55 31//43
f 63//213 45//212 25//239
f 63//213 25//239 62//240
f 62//240 25//239 61//97
f 61//97 25//239 52//55
f 131//241 132//242 133//243
f 133//243 132//242 134//244
f 133//243 134//244 135//245
f 143//246 141//247 134//248
f 134//248 141//247 144//249
f 134//248 144//249 145//250
f 143//246 134//248 132//251
f 142//252 137//253 146//254
f 146//254 137//253 147//255
f 148//256 149//257 152//258
f 145//250 144//249 150//259
f 145//250 150//259 149//257
f 151//260 148//256 152//258
f 150//259 152//258 149//257
f 137//253 142//252 143//246
f 137//253 143//246 132//251
f 155//261 156//262 157//263
f 157//263 159//264 155//261
f 162//265 163//266 164//267
f 164//267 163//266 165//268
f 153//269 154//270 156//262
f 156//262 154//270 157//263
f 159//264 166//271 155//261
f 155//261 166//271 167//272
f 168//273 169//274 170//275
f 170//275 169//274 171//276
f 170//275 171//276 172//277
f 172//277 171//276 173//278
f 164//267 165//268 153//269
f 153//269 165//268 154//270
f 167//272 166//271 174//279
f 167//272 174//279 175//280
f 135//281 158//282 176//283
f 135//281 176//283 133//284
f 133//284 176//283 177//285
f 133//284 177//285 131//286
f 131//286 177//285 178//287
f 131//286 178//287 179//288
f 179//288 178//287 138//289
f 138//289 178//287 180//290
f 183//291 184//292 162//265
f 162//265 184//292 163//266
f 139//293 185//294 186//295
f 174//279 187//296 175//280
f 175//280 187//296 188//297
f 188//297 187//296 186//295
f 188//297 186//295 185//294
f 189//298 198//299 190//300
f 182//301 181//302 184//292
f 182//301 184//292 183//291
f 161//303 160//304 139//293
f 160//304 161//303 180//290
f 180//290 161//303 138//289
f 191//305 192//306 193//307
f 191//305 193//307 194//308
f 194//308 193//307 195//309
f 195//309 193//307 196//310
f 195//309 196//310 173//278
f 173//278 196//310 172//277
f 170//275 197//311 168//273
f 168//273 197//311 189//298
f 189//298 197//311 198//299
f 181//302 199//312 202//313
f 199//312 181//302 182//301
f 185//294 139//293 160//304
f 198//299 200//314 190//300
f 190//300 200//314 201//315
f 201//315 200//314 202//313
f 201//315 202//313 199//312
f 135//281 203//316 158//282
f 158//282 203//316 204//317
f 204//317 203//316 205//318
f 204//317 205//318 206//319
f 206//319 205//318 207//320
f 206//319 207//320 208//321
f 208//321 207//320 191//305
f 191//305 207//320 192//306
f 212//322 213//323 214//324
f 215//325 227//326 216//327
f 217//328 218//329 215//325
f 218//329 217//328 219//330
f 212//322 220//331 221//332
f 220//331 212//322 214//324
f 220//331 214//324 222//333
f 222//333 214//324 223//334
f 223//334 214//324 224//335
f 210//336 224//335 211//337
f 210//336 211//337 239//338
f 210//336 239//338 249//339
f 228//340 225//341 211//337
f 227//326 226//342 216//327
f 223//334 224//335 210//336
f 214//324 228//340 224//335
f 224//335 228//340 211//337
f 213//323 212//322 229//343
f 229//343 212//322 221//332
f 215//325 216//327 217//328
f 217//328 216//327 230//344
f 229//343 231//345 213//323
f 213//323 231//345 232//346
f 213//323 232//346 233//347
f 233//347 230//344 209//348
f 231//345 219//330 232//346
f 232//346 219//330 217//328
f 232//346 217//328 233//347
f 233//347 217//328 230//344
f 230//344 216//327 226//342
f 230//344 226//342 209//348
f 214//324 213//323 233//347
f 214//324 233//347 228//340
f 228//340 233//347 209//348
f 228//340 209//348 225//341
f 234//349 235//350 236//351
f 237//352 238//353 239//338
f 237//352 240//354 241//355
f 237//352 241//355 238//353
f 236//351 243//356 234//349
f 246//357 245//358 244//359
f 247//360 244//359 248//361
f 227//326 247//360 226//342
f 226//342 247//360 248//361
f 239//338 211//337 225//341
f 239//338 238//353 249//339
f 251//362 245//358 243//356
f 243//356 236//351 251//362
f 236//351 235//350 252//363
f 252//363 235//350 237//352
f 252//363 237//352 225//341
f 225//341 237//352 239//338
f 209//348 250//364 252//363
f 252//363 250//364 251//362
f 209//348 226//342 250//364
f 250//364 226//342 248//361
f 250//364 248//361 244//359
f 250//364 244//359 251//362
f 251//362 244//359 245//358
f 242//365 253//366 234//349
f 234//349 253//366 235//350
f 235//350 253//366 240//354
f 235//350 240//354 237//352
f 251//362 236//351 252//363
f 252//363 225//341 209//348
f 161//303 139//293 254//367
f 161//303 254//367 138//289
f 138//289 254//367 136//368
f 257//369 139//370 186//371
f 187//372 255//373 256//374
f 187//375 256//375 186//375
f 186//371 256//376 257//369
f 174//377 255//373 187//372
f 138//289 136//368 179//288
f 181//378 202//379 127//380
f 181//381 127//382 258//383
f 163//384 184//385 259//386
f 259//387 184//387 260//387
f 260//388 184//388 181//388
f 260//389 181//381 258//383
f 135//390 261//390 203//390
f 130//391 200//392 198//393
f 175//280 262//394 167//272
f 185//294 263//395 188//297
f 263//395 185//294 264//396
f 264//396 185//294 160//304
f 180//290 265//397 160//304
f 180//290 178//287 266//398
f 266//398 178//287 267//399
f 267//400 178//287 177//285
f 153//269 268//401 164//267
f 269//402 208//321 191//305
f 284//403 285//404 286//405
f 285//404 284//403 288//406
f 314//407 313//408 315//409
f 312//410 313//411 316//412
f 317//413 312//410 320//414
f 320//414 312//410 316//412
f 321//415 318//416 319//417
f 318//416 314//407 319//417
f 319//417 314//407 315//409
f 246//418 322//419 320//414
f 320//414 322//419 317//413
f 323//420 318//416 324//421
f 324//421 318//416 321//415
f 323//420 324//421 571//422
f 323//420 571//422 621//423
f 328//424 326//425 327//426
f 339//427 338//428 340//429
f 363//430 361//431 362//432
f 366//433 368//434 367//435
f 362//436 371//437 363//438
f 333//439 373//440 332//441
f 340//442 374//443 339//444
f 689//445 375//446 523//447
f 523//447 375//446 668//448
f 523//447 668//448 348//449
f 376//450 377//451 378//452
f 379//453 380//454 378//452
f 382//455 381//456 383//457
f 382//455 383//457 379//453
f 379//453 383//457 380//454
f 381//456 382//455 384//458
f 381//456 384//458 689//445
f 689//445 384//458 375//446
f 385//459 379//453 378//452
f 385//459 378//452 377//451
f 303//460 377//451 376//450
f 303//460 376//450 301//461
f 386//462 297//463 301//461
f 386//462 301//461 376//450
f 311//464 377//451 303//460
f 387//465 389//466 388//467
f 388//468 391//469 387//470
f 387//470 391//469 390//471
f 394//472 389//466 392//473
f 394//472 388//467 389//466
f 392//473 393//474 394//472
f 393//475 395//476 396//477
f 393//475 396//477 394//478
f 397//479 396//480 395//481
f 398//482 396//480 397//479
f 399//483 398//484 397//485
f 374//443 405//486 339//444
f 339//444 405//486 404//487
f 337//488 338//489 404//487
f 404//487 338//489 339//444
f 389//490 327//426 326//425
f 387//491 327//426 389//490
f 272//492 407//493 408//494
f 271//495 407//493 272//492
f 272//492 408//494 273//496
f 273//496 408//494 409//497
f 273//496 409//497 270//498
f 394//499 396//500 406//501
f 412//502 413//503 411//504
f 271//495 413//503 407//493
f 390//471 391//469 408//494
f 408//494 391//469 388//468
f 408//494 388//468 394//499
f 409//497 406//501 410//505
f 410//505 270//498 409//497
f 406//501 409//497 408//494
f 406//501 408//494 394//499
f 408//494 407//493 390//471
f 390//471 407//493 412//502
f 412//502 407//493 413//503
f 249//339 416//506 415//507
f 420//508 418//509 422//510
f 422//510 418//509 419//511
f 267//399 425//512 266//398
f 266//398 425//512 426//513
f 427//514 180//515 266//398
f 427//514 266//398 426//513
f 428//516 265//517 180//515
f 180//515 427//514 428//516
f 265//517 428//516 429//518
f 265//517 429//518 160//519
f 160//519 429//518 430//520
f 263//521 264//522 430//520
f 430//520 264//522 160//519
f 430//520 431//523 263//521
f 263//521 431//523 432//524
f 263//521 432//524 188//525
f 188//525 432//524 433//526
f 188//525 433//526 175//527
f 175//527 433//526 434//528
f 175//527 434//528 262//529
f 262//529 434//528 167//530
f 167//530 434//528 435//531
f 167//530 435//531 155//532
f 435//531 436//533 155//532
f 155//532 436//533 156//534
f 156//534 436//533 437//535
f 416//536 159//537 415//538
f 415//538 159//537 157//539
f 249//540 166//541 416//536
f 416//536 166//541 159//537
f 238//542 174//377 249//540
f 249//540 174//377 166//541
f 241//543 255//373 238//542
f 238//542 255//373 174//377
f 255//373 241//543 240//544
f 255//373 240//544 256//545
f 256//545 240//544 253//546
f 256//545 253//546 257//369
f 253//546 242//365 257//369
f 257//369 242//365 139//370
f 139//370 242//365 140//547
f 151//548 442//549 417//550
f 421//551 419//511 418//509
f 439//552 440//553 421//551
f 439//552 421//551 418//509
f 417//550 442//549 420//508
f 420//508 442//549 441//554
f 442//549 151//548 152//555
f 418//509 420//508 441//554
f 418//509 441//554 439//552
f 442//549 152//555 445//556
f 442//549 445//556 441//554
f 441//554 445//556 444//557
f 439//552 441//554 444//557
f 443//558 446//559 448//560
f 448//560 446//559 447//561
f 448//560 447//561 440//553
f 444//557 443//558 448//560
f 444//557 448//560 439//552
f 439//552 448//560 440//553
f 443//558 444//557 449//562
f 449//562 444//557 445//556
f 449//562 445//556 150//563
f 150//563 445//556 152//555
f 452//564 453//565 447//561
f 455//566 454//567 452//564
f 452//564 454//567 453//565
f 455//566 456//568 454//567
f 141//569 451//570 144//571
f 144//571 451//570 449//562
f 144//571 449//562 150//563
f 447//561 446//559 452//564
f 450//572 451//570 141//569
f 451//570 443//558 449//562
f 458//573 450//572 141//569
f 458//573 141//569 143//574
f 455//566 458//573 143//574
f 457//575 143//574 142//576
f 446//559 443//558 451//570
f 446//559 451//570 452//564
f 452//564 451//570 450//572
f 452//564 450//572 458//573
f 452//564 458//573 455//566
f 456//568 455//566 143//574
f 456//568 143//574 457//575
f 459//577 457//575 142//576
f 460//578 461//579 423//580
f 460//578 423//580 424//581
f 424//581 421//551 460//578
f 460//578 421//551 440//553
f 462//582 325//583 463//584
f 462//582 463//584 464//585
f 464//585 463//584 465//586
f 245//358 246//357 466//587
f 467//588 322//589 244//359
f 244//359 322//589 246//357
f 247//590 468//591 244//359
f 244//359 468//591 467//588
f 227//592 469//593 247//590
f 247//590 469//593 468//591
f 472//594 470//595 243//356
f 243//356 470//595 471//596
f 466//587 472//594 245//358
f 245//358 472//594 243//356
f 243//356 471//596 234//349
f 234//349 471//596 242//365
f 325//583 326//425 328//424
f 325//583 328//424 463//597
f 463//597 328//424 473//598
f 473//598 474//599 463//597
f 463//597 474//599 465//586
f 465//586 474//599 438//600
f 438//600 474//599 373//601
f 438//600 475//602 476//603
f 438//600 476//603 465//586
f 465//586 476//603 464//585
f 477//604 478//605 461//579
f 440//553 447//561 477//604
f 440//553 477//604 460//578
f 460//578 477//604 461//579
f 479//606 405//607 488//608
f 481//609 482//610 483//611
f 484//612 483//613 482//614
f 404//615 405//607 457//575
f 457//575 405//607 479//606
f 484//616 456//568 479//606
f 484//616 482//610 454//567
f 454//567 482//610 481//609
f 454//567 481//609 453//565
f 453//565 481//609 480//617
f 456//568 484//616 454//567
f 453//565 485//618 447//561
f 477//604 447//561 485//618
f 485//618 478//605 477//604
f 453//565 480//617 485//618
f 485//618 480//617 478//605
f 486//619 483//620 488//621
f 488//621 487//622 486//619
f 483//613 484//612 488//608
f 488//608 484//612 479//606
f 480//617 489//623 490//624
f 480//617 490//624 478//605
f 480//617 481//609 489//623
f 489//623 481//609 491//625
f 483//620 491//625 481//609
f 491//625 483//620 486//619
f 488//621 405//626 374//627
f 488//621 374//627 487//622
f 425//628 298//629 295//630
f 295//630 426//631 425//628
f 293//632 427//514 295//630
f 295//630 427//514 426//631
f 427//514 293//632 428//516
f 428//516 293//632 281//633
f 298//629 425//628 299//634
f 299//634 425//628 492//635
f 299//634 492//635 300//636
f 300//636 492//635 493//637
f 300//636 493//637 296//638
f 296//638 493//637 494//639
f 296//638 494//639 297//640
f 297//640 494//639 301//641
f 494//639 495//642 301//641
f 301//641 495//642 496//643
f 301//641 496//643 303//644
f 435//645 434//646 276//647
f 271//648 429//649 280//650
f 280//650 429//649 428//516
f 280//650 428//516 281//633
f 273//651 430//652 272//653
f 272//653 430//652 271//648
f 271//648 430//652 429//649
f 273//651 431//654 430//652
f 273//651 270//655 431//654
f 431//654 270//655 432//656
f 432//656 270//655 279//657
f 432//656 279//657 433//658
f 278//659 433//658 279//657
f 433//658 278//659 434//646
f 434//646 278//659 277//660
f 276//647 434//646 277//660
f 435//645 276//647 275//661
f 435//645 275//661 436//533
f 436//533 275//661 274//662
f 436//533 274//662 437//535
f 497//663 341//664 340//429
f 497//663 340//429 338//428
f 498//665 281//633 499//666
f 413//503 271//495 280//667
f 413//503 414//668 411//504
f 498//665 334//669 414//668
f 336//670 335//671 499//666
f 499//666 337//672 336//670
f 499//666 335//671 498//665
f 498//665 335//671 334//669
f 498//665 413//503 280//667
f 498//665 280//667 281//633
f 414//668 413//503 498//665
f 293//632 500//673 499//666
f 293//632 499//666 281//633
f 337//672 499//666 500//673
f 296//674 501//675 502//676
f 502//676 300//677 296//674
f 503//678 293//632 295//679
f 300//677 504//680 299//681
f 502//676 504//680 300//677
f 296//674 297//463 501//675
f 501//675 297//463 386//462
f 398//682 399//683 506//684
f 270//498 410//505 508//685
f 279//686 508//685 509//687
f 279//686 509//687 278//688
f 275//689 276//690 510//691
f 513//692 274//693 275//689
f 401//694 403//695 516//696
f 401//694 516//696 517//697
f 401//694 517//697 400//698
f 517//697 399//683 400//698
f 396//500 398//682 506//684
f 406//501 505//699 410//505
f 508//685 410//505 505//699
f 509//687 505//699 518//700
f 505//699 509//687 508//685
f 508//685 279//686 270//498
f 276//690 277//701 278//688
f 276//690 278//688 510//691
f 510//691 278//688 509//687
f 510//691 509//687 519//702
f 519//702 509//687 518//700
f 518//700 505//699 506//684
f 506//684 505//699 406//501
f 506//684 406//501 396//500
f 402//703 515//704 516//696
f 516//696 515//704 514//705
f 516//696 514//705 520//706
f 520//706 514//705 507//707
f 513//692 275//689 510//691
f 513//692 510//691 512//708
f 512//708 510//691 519//702
f 512//708 519//702 511//709
f 511//709 519//702 507//707
f 516//696 520//706 517//697
f 517//697 520//706 506//684
f 517//697 506//684 399//683
f 403//695 402//703 516//696
f 507//707 519//702 518//700
f 507//707 518//700 520//706
f 520//706 518//700 506//684
f 313//710 403//711 316//712
f 316//712 403//711 401//694
f 403//711 313//710 402//713
f 402//713 313//710 314//714
f 461//715 347//716 423//717
f 423//717 347//716 348//718
f 344//719 478//720 346//721
f 346//721 478//720 490//722
f 346//721 490//722 489//723
f 346//721 489//723 343//724
f 489//723 345//725 343//724
f 489//723 491//726 345//725
f 345//725 491//726 342//727
f 342//727 491//726 486//728
f 341//729 487//730 340//731
f 340//731 487//730 374//732
f 341//729 342//727 486//728
f 486//728 487//730 341//729
f 478//720 344//719 461//715
f 461//715 344//719 347//716
f 312//733 467//734 313//408
f 313//408 467//734 468//735
f 469//736 315//409 468//735
f 468//735 315//409 313//408
f 322//737 467//734 312//733
f 312//733 317//738 322//737
f 337//739 404//740 336//741
f 336//741 404//740 459//742
f 336//743 459//744 475//745
f 336//743 475//745 335//746
f 399//483 466//747 246//418
f 399//483 246//418 400//748
f 400//748 246//418 320//414
f 401//694 400//698 320//749
f 401//694 320//749 316//712
f 472//750 466//747 397//485
f 466//747 399//483 397//485
f 334//751 335//752 475//753
f 438//754 373//755 333//756
f 438//754 333//756 475//753
f 475//753 333//756 334//751
f 475//602 459//577 146//757
f 459//577 404//615 457//575
f 475//602 146//757 476//603
f 476//603 146//757 147//758
f 476//603 147//758 521//759
f 476//603 521//759 464//585
f 459//577 142//576 146//757
f 470//760 472//761 395//762
f 470//595 395//763 393//764
f 470//595 393//764 522//765
f 472//761 397//766 395//762
f 393//764 392//767 522//765
f 389//768 325//583 522//765
f 389//768 522//765 392//767
f 325//583 389//768 326//425
f 523//447 524//769 525//770
f 525//770 524//769 526//771
f 526//771 524//769 527//772
f 527//772 524//769 528//773
f 527//772 528//773 529//774
f 342//775 530//776 529//774
f 341//664 497//663 530//776
f 341//664 530//776 342//775
f 345//777 342//775 528//773
f 528//773 342//775 529//774
f 523//447 347//778 524//769
f 524//769 347//778 344//779
f 524//769 344//779 346//780
f 524//769 346//780 528//773
f 528//773 346//780 343//781
f 528//773 343//781 345//777
f 533//782 502//676 501//675
f 533//782 504//680 502//676
f 504//680 533//782 534//783
f 504//680 534//783 299//681
f 535//784 298//785 534//783
f 534//783 298//785 299//681
f 536//786 295//679 298//785
f 536//786 298//785 535//784
f 500//673 293//632 503//678
f 503//678 537//787 500//673
f 500//673 537//787 497//663
f 500//673 497//663 337//672
f 538//788 525//770 526//771
f 501//675 386//462 532//789
f 501//675 532//789 533//782
f 533//782 532//789 531//790
f 533//782 531//790 540//791
f 533//782 541//792 534//783
f 534//783 541//792 542//793
f 534//783 542//793 535//784
f 548//794 544//795 545//796
f 546//797 538//788 539//798
f 547//799 539//798 538//788
f 531//790 546//797 539//798
f 531//790 539//798 547//799
f 540//791 531//790 547//799
f 540//791 547//799 541//792
f 541//792 547//799 548//794
f 541//792 548//794 545//796
f 543//800 536//786 544//795
f 544//795 536//786 535//784
f 544//795 535//784 545//796
f 545//796 535//784 542//793
f 545//796 542//793 541//792
f 540//791 541//792 533//782
f 537//787 530//776 497//663
f 538//788 526//771 547//799
f 547//799 526//771 527//772
f 547//799 527//772 548//794
f 548//794 527//772 529//774
f 548//794 529//774 544//795
f 544//795 529//774 530//776
f 544//795 530//776 543//800
f 543//800 530//776 537//787
f 543//800 537//787 536//786
f 536//786 537//787 503//678
f 536//786 503//678 295//679
f 414//668 334//669 332//801
f 333//802 332//801 334//669
f 332//801 331//803 414//668
f 414//668 331//803 411//504
f 411//504 331//803 329//804
f 411//504 329//804 412//502
f 329//804 330//805 412//502
f 412//502 330//805 390//471
f 390//471 330//805 328//806
f 328//806 327//807 390//471
f 390//471 327//807 387//470
f 328//808 330//809 473//810
f 332//441 373//440 331//811
f 331//811 373//440 474//812
f 331//811 474//812 329//813
f 329//813 474//812 473//810
f 329//813 473//810 330//809
f 338//428 337//672 497//663
f 550//814 551//815 549//816
f 550//814 549//817 553//818
f 553//818 549//817 552//819
f 550//814 554//820 551//815
f 555//821 554//820 556//822
f 550//814 556//822 554//820
f 556//823 557//824 558//825
f 555//826 556//823 558//825
f 560//827 558//828 557//829
f 557//829 559//830 560//827
f 568//831 372//832 356//833
f 568//831 356//833 567//834
f 356//833 357//835 567//834
f 567//834 357//835 358//836
f 367//435 368//434 551//837
f 368//434 549//838 551//837
f 572//839 210//336 573//840
f 573//840 210//336 415//507
f 415//507 210//336 249//339
f 420//508 422//510 574//841
f 420//508 574//841 417//550
f 575//842 153//843 437//535
f 437//535 153//843 156//534
f 153//843 575//842 268//844
f 268//844 575//842 577//845
f 576//846 164//847 577//845
f 577//845 164//847 268//844
f 164//847 576//846 162//848
f 162//848 576//846 578//849
f 162//848 578//849 183//850
f 183//850 578//849 579//851
f 183//850 579//851 182//852
f 182//852 579//851 199//853
f 579//851 580//854 199//853
f 199//853 580//854 201//855
f 581//856 201//855 580//854
f 201//855 581//856 190//857
f 190//857 581//856 582//858
f 190//857 582//858 189//859
f 189//859 582//858 583//860
f 210//336 572//839 223//334
f 572//839 585//861 223//334
f 421//551 586//862 419//511
f 419//511 586//862 422//510
f 574//841 588//863 417//550
f 590//864 151//548 417//550
f 590//864 417//550 588//863
f 574//841 587//865 588//863
f 586//862 591//866 422//510
f 422//510 591//866 574//841
f 574//841 591//866 587//865
f 589//867 151//548 590//864
f 592//868 593//869 586//862
f 593//869 587//865 591//866
f 593//869 591//866 586//862
f 590//864 588//863 594//870
f 590//864 594//870 589//867
f 589//867 594//870 595//871
f 589//867 595//871 596//872
f 597//873 598//874 594//870
f 594//870 598//874 595//871
f 592//868 597//873 593//869
f 593//869 597//873 594//870
f 593//869 594//870 587//865
f 587//865 594//870 588//863
f 601//875 611//876 600//877
f 600//877 611//876 609//878
f 609//878 602//879 600//877
f 592//868 603//880 604//881
f 599//882 596//872 595//871
f 605//883 606//884 599//882
f 599//882 606//884 596//872
f 606//884 605//883 607//885
f 607//885 605//883 608//886
f 607//885 608//886 609//878
f 610//887 614//888 611//876
f 611//876 614//888 607//885
f 611//876 607//885 609//878
f 595//871 598//874 599//882
f 599//882 598//874 612//889
f 599//882 612//889 605//883
f 604//881 613//890 592//868
f 592//868 613//890 597//873
f 598//874 597//873 613//890
f 598//874 613//890 612//889
f 612//889 613//890 605//883
f 605//883 613//890 604//881
f 605//883 604//881 608//886
f 608//886 604//881 603//880
f 608//886 603//880 609//878
f 609//878 603//880 602//879
f 610//887 611//876 601//875
f 616//891 615//892 423//580
f 423//580 615//892 424//581
f 615//892 586//862 424//581
f 424//581 586//862 421//551
f 617//893 618//894 619//895
f 619//895 618//894 620//896
f 571//897 622//898 218//329
f 218//329 622//898 215//325
f 469//593 227//592 215//325
f 469//593 215//325 622//898
f 621//899 571//897 218//329
f 229//343 221//332 623//900
f 623//900 231//345 229//343
f 621//899 218//329 219//330
f 367//435 370//901 624//902
f 624//902 370//901 617//893
f 624//902 617//893 619//903
f 624//902 619//903 625//904
f 619//903 626//905 625//904
f 625//904 626//905 584//906
f 625//904 584//906 371//907
f 619//895 620//896 626//905
f 626//905 620//896 584//906
f 584//906 620//896 627//908
f 629//909 592//868 615//892
f 629//909 615//892 630//910
f 630//910 615//892 628//911
f 592//868 586//862 615//892
f 628//911 615//892 616//891
f 637//912 568//913 635//914
f 636//915 631//915 632//915
f 632//916 631//916 633//916
f 568//917 567//918 601//875
f 568//917 601//875 635//919
f 635//919 601//875 600//877
f 634//920 603//880 592//868
f 631//921 635//919 600//877
f 602//879 634//920 600//877
f 600//877 634//920 631//921
f 634//920 633//922 631//921
f 602//879 603//880 634//920
f 592//868 629//909 634//920
f 634//920 629//909 630//910
f 634//920 630//910 633//922
f 636//923 639//924 638//925
f 637//926 636//923 638//925
f 631//927 636//927 635//927
f 635//914 636//928 637//912
f 630//910 628//911 640//929
f 630//910 640//929 641//930
f 630//910 641//930 633//922
f 632//931 639//924 636//923
f 632//931 642//932 639//924
f 632//931 633//922 642//932
f 642//932 633//922 641//930
f 372//933 637//926 638//925
f 568//934 637//926 372//933
f 580//935 292//936 291//937
f 302//938 583//860 294//939
f 294//939 583//860 582//940
f 294//939 582//940 581//941
f 294//939 581//941 290//942
f 290//942 581//941 291//937
f 291//937 581//941 580//935
f 292//936 580//935 283//943
f 283//943 580//935 579//944
f 283//943 579//944 282//945
f 579//944 578//849 282//945
f 282//945 578//849 287//946
f 287//946 578//849 286//947
f 286//947 578//849 284//403
f 284//403 578//849 576//846
f 284//403 576//846 288//406
f 288//406 576//846 577//845
f 288//406 577//845 289//948
f 437//535 274//662 575//842
f 577//845 575//842 289//948
f 289//948 575//842 274//662
f 355//949 566//950 357//951
f 355//949 357//951 356//952
f 570//953 361//431 643//954
f 644//955 643//954 290//956
f 643//954 294//957 290//956
f 645//958 302//959 294//957
f 360//960 643//954 361//431
f 358//961 566//950 645//958
f 358//961 645//958 359//962
f 358//961 357//951 566//950
f 644//955 646//963 643//954
f 570//953 643//954 646//963
f 570//953 646//963 569//964
f 294//957 643//954 645//958
f 645//958 360//960 359//962
f 645//958 643//954 360//960
f 302//959 645//958 647//965
f 566//950 647//965 645//958
f 308//966 309//967 648//968
f 649//969 306//970 307//971
f 305//972 306//970 650//973
f 650//973 306//970 649//969
f 651//974 305//972 650//973
f 651//974 304//975 305//972
f 648//968 309//967 310//976
f 647//965 310//976 302//959
f 652//977 653//978 654//979
f 288//980 289//981 285//404
f 282//982 287//983 655//984
f 656//985 283//986 282//982
f 559//987 658//988 561//989
f 658//988 559//987 557//990
f 656//985 658//988 700//991
f 700//991 658//988 557//990
f 659//992 563//993 562//994
f 659//992 562//994 561//989
f 660//995 564//996 563//993
f 660//995 565//997 564//996
f 507//707 514//705 661//998
f 507//707 661//998 511//709
f 511//709 661//998 662//999
f 511//709 662//999 512//708
f 512//708 653//978 513//692
f 513//692 653//978 289//981
f 513//692 289//981 274//693
f 660//995 563//993 659//992
f 660//995 659//992 663//1000
f 663//1000 659//992 658//988
f 663//1000 658//988 664//1001
f 658//988 659//992 561//989
f 662//999 654//979 512//708
f 512//708 654//979 653//978
f 286//405 285//404 652//977
f 652//977 285//404 653//978
f 653//978 285//404 289//981
f 656//985 282//982 657//1002
f 657//1002 282//982 655//984
f 655//984 652//977 654//979
f 655//984 654//979 662//999
f 655//984 287//983 286//405
f 655//984 286//405 652//977
f 663//1000 661//998 514//705
f 663//1000 514//705 515//704
f 656//985 657//1002 658//988
f 658//988 657//1002 655//984
f 658//988 655//984 664//1001
f 664//1001 655//984 662//999
f 664//1001 662//999 661//998
f 664//1001 661//998 663//1000
f 660//995 663//1000 515//704
f 660//995 515//704 565//997
f 565//997 515//704 402//703
f 318//1003 563//993 564//1004
f 564//1004 565//1005 318//1003
f 318//1003 565//1005 314//714
f 402//713 314//714 565//1005
f 349//1006 616//1007 423//717
f 349//1006 423//717 348//718
f 351//1008 639//1009 353//1010
f 639//1009 642//1011 353//1010
f 353//1010 642//1011 352//1012
f 640//1013 628//1014 350//1015
f 352//1012 642//1011 641//1016
f 352//1012 641//1016 354//1017
f 354//1017 641//1016 640//1013
f 354//1017 640//1013 350//1015
f 638//1018 355//1019 372//1020
f 372//1020 355//1019 356//1021
f 355//1019 638//1018 639//1009
f 355//1019 639//1009 351//1008
f 616//1007 349//1006 628//1014
f 628//1014 349//1006 350//1015
f 315//409 469//736 319//1022
f 622//1023 321//1024 469//736
f 469//736 321//1024 319//1022
f 321//1024 622//1023 324//1025
f 324//1025 622//1023 571//1026
f 360//1027 627//1028 359//1029
f 359//1029 627//1028 567//1030
f 359//1029 567//1030 358//1031
f 621//1032 561//1033 562//1034
f 562//1034 323//1035 621//1032
f 323//1036 562//994 563//993
f 323//1036 563//993 318//1003
f 219//1037 559//1038 621//1032
f 621//1032 559//1038 561//1033
f 627//1039 360//1040 361//1041
f 371//437 584//1042 363//438
f 363//438 584//1042 627//1039
f 627//1039 361//1041 363//438
f 601//875 567//918 610//887
f 610//887 627//908 666//1043
f 666//1043 627//908 620//896
f 666//1043 614//888 610//887
f 666//1043 620//896 665//1044
f 627//908 610//887 567//918
f 667//1045 555//1046 231//1047
f 231//1048 560//827 219//1049
f 558//1050 560//827 231//1048
f 558//1051 231//1047 555//1046
f 219//1049 560//827 559//830
f 370//901 551//1052 554//1053
f 370//901 554//1053 667//1054
f 667//1054 554//1053 555//1055
f 367//435 551//1052 370//901
f 669//1056 355//949 351//1057
f 669//1056 566//950 355//949
f 671//1058 670//1059 351//1057
f 351//1057 670//1059 669//1056
f 670//1059 671//1058 675//1060
f 675//1060 671//1058 672//1061
f 349//1062 668//448 350//1063
f 674//1064 673//1065 668//448
f 668//448 673//1065 672//1061
f 668//448 672//1061 350//1063
f 350//1063 672//1061 354//1066
f 673//1065 675//1060 672//1061
f 354//1066 672//1061 671//1058
f 354//1066 671//1058 352//1067
f 351//1057 353//1068 671//1058
f 671//1058 353//1068 352//1067
f 675//1060 673//1065 676//1069
f 647//965 566//950 648//968
f 648//968 678//1070 308//966
f 308//966 678//1070 679//1071
f 308//966 679//1071 307//971
f 307//971 679//1071 680//1072
f 307//971 680//1072 649//969
f 651//974 650//973 681//1073
f 681//1073 650//973 680//1072
f 680//1072 650//973 649//969
f 683//1074 304//975 651//974
f 651//974 682//1075 683//1074
f 675//1060 676//1069 686//1076
f 677//1077 687//1078 688//1079
f 677//1077 688//1079 676//1069
f 673//1065 677//1077 676//1069
f 678//1070 684//1080 679//1071
f 679//1071 684//1080 685//1081
f 679//1071 685//1081 686//1076
f 686//1076 685//1081 675//1060
f 682//1075 651//974 681//1073
f 682//1075 681//1073 688//1079
f 682//1075 688//1079 683//1074
f 683//1074 688//1079 687//1078
f 676//1069 688//1079 681//1073
f 676//1069 681//1073 686//1076
f 686//1076 681//1073 680//1072
f 686//1076 680//1072 679//1071
f 310//976 647//965 648//968
f 678//1070 648//968 566//950
f 678//1070 566//950 684//1080
f 684//1080 566//950 669//1056
f 684//1080 669//1056 670//1059
f 684//1080 670//1059 685//1081
f 685//1081 670//1059 675//1060
f 677//1077 673//1065 674//1064
f 362//432 361//431 570//953
f 362//432 570//953 364//1082
f 570//953 569//964 364//1082
f 364//1082 569//964 365//1083
f 365//1083 569//964 369//1084
f 369//1084 569//964 552//819
f 369//1084 552//819 366//1085
f 366//1085 552//819 368//1086
f 368//1086 552//819 549//817
f 369//1087 624//1088 625//1089
f 624//902 369//1090 366//433
f 624//902 366//433 367//435
f 371//1091 362//1092 625//1089
f 625//1089 362//1092 364//1093
f 625//1089 364//1093 365//1094
f 625//1089 365//1094 369//1087
f 525//770 689//445 523//447
f 347//778 523//447 348//449
f 674//1064 668//448 375//446
f 348//449 668//448 349//1062
f 674//1064 375//446 677//1077
f 687//1078 677//1077 384//458
f 385//459 311//464 304//975
f 311//464 385//459 377//451
f 384//458 382//455 687//1078
f 687//1078 382//455 379//453
f 687//1078 379//453 385//459
f 687//1078 385//459 683//1074
f 683//1074 385//459 304//975
f 677//1077 375//446 384//458
f 380//454 531//790 376//450
f 376//450 531//790 532//789
f 376//450 532//789 386//462
f 546//797 531//790 380//454
f 538//788 546//797 381//456
f 381//456 689//445 538//788
f 538//788 689//445 525//770
f 383//457 381//456 546//797
f 546//797 380//454 383//457
f 376//450 378//452 380//454
f 254//1095 147//758 136//1096
f 254//1095 139//370 140//547
f 140//547 521//759 254//1095
f 254//1095 521//759 147//758
f 147//758 137//1097 136//1096
f 135//245 134//244 261//1098
f 261//1098 134//244 145//1099
f 261//1098 145//1099 149//1100
f 261//1098 149//1100 203//1101
f 203//1101 149//1100 205//1102
f 205//1102 149//1100 148//1103
f 205//1102 148//1103 207//1104
f 425//512 267//399 492//1105
f 492//1105 267//399 177//1106
f 492//1105 177//1106 493//1107
f 493//1107 177//1106 176//1108
f 158//1109 494//1110 176//1108
f 176//1108 494//1110 493//1107
f 204//1111 494//1110 158//1109
f 206//1112 208//1113 496//1114
f 496//1114 495//1115 206//1112
f 206//1112 495//1115 204//1111
f 204//1111 495//1115 494//1110
f 171//1116 690//1117 173//1118
f 173//1118 690//1117 691//1119
f 173//1118 691//1119 692//1120
f 173//1118 692//1120 195//1121
f 195//1121 692//1120 693//1122
f 195//1121 693//1122 194//1123
f 194//1123 693//1122 191//1124
f 191//1124 693//1122 694//1125
f 694//1125 496//1114 269//1126
f 191//1124 694//1125 269//1126
f 496//1114 208//1113 269//1126
f 169//1127 690//1117 171//1116
f 168//1128 695//1129 169//1127
f 169//1127 695//1129 690//1117
f 189//859 695//1129 168//1128
f 189//859 583//860 695//1129
f 690//1130 308//1131 307//1132
f 690//1130 307//1132 691//1133
f 306//1134 692//1135 307//1132
f 307//1132 692//1135 691//1133
f 303//644 496//643 311//1136
f 311//1136 496//643 304//1137
f 304//1137 496//643 694//1138
f 304//1137 694//1138 305//1139
f 305//1139 694//1138 693//1140
f 305//1139 693//1140 306//1134
f 306//1134 693//1140 692//1135
f 695//1129 310//1141 309//1142
f 695//1129 309//1142 690//1130
f 690//1130 309//1142 308//1131
f 310//1141 695//1129 302//938
f 302//938 695//1129 583//860
f 696//1143 172//1144 697//1145
f 697//1145 172//1144 196//1146
f 697//1145 196//1146 193//1147
f 697//1145 193//1147 698//1148
f 698//1148 193//1147 192//1149
f 698//1148 192//1149 207//1104
f 698//1148 207//1104 148//1103
f 701//1150 292//1151 283//986
f 701//1150 283//986 656//985
f 701//1150 291//1152 292//1151
f 700//991 557//990 556//822
f 702//1153 699//1154 552//819
f 644//955 702//1153 646//963
f 646//963 702//1153 552//819
f 700//991 556//822 550//814
f 700//991 550//814 699//1154
f 699//1154 550//814 553//818
f 699//1154 553//818 552//819
f 646//963 552//819 569//964
f 644//955 290//956 702//1153
f 702//1153 290//956 291//1152
f 702//1153 291//1152 699//1154
f 699//1154 291//1152 701//1150
f 699//1154 701//1150 700//991
f 700//991 701//1150 656//985
f 128//1155 127//380 665//1044
f 665//1044 127//380 202//379
f 665//1044 202//379 666//1043
f 666//1043 202//379 200//1156
f 666//1043 200//1156 129//1157
f 129//1157 200//1156 130//1158
f 127//380 128//1155 221//332
f 127//380 221//332 258//1159
f 221//332 220//1160 258//1159
f 258//1159 220//1160 260//1161
f 260//1161 220//1160 222//1162
f 260//1161 222//1162 259//386
f 259//386 222//1162 223//1163
f 259//386 223//1163 585//1164
f 259//386 585//1164 163//384
f 163//384 585//1164 165//1165
f 165//1165 585//1164 572//1166
f 165//1165 572//1166 154//1167
f 572//1166 573//1168 154//1167
f 154//1167 573//1168 157//539
f 157//539 573//1168 415//538
f 136//1096 137//1097 132//242
f 136//1096 132//242 179//1169
f 179//1169 132//242 131//241
f 479//606 456//568 457//575
f 140//547 703//1170 521//759
f 470//595 522//765 471//596
f 471//596 522//765 140//547
f 242//365 471//596 140//547
f 462//582 522//765 325//583
f 140//547 522//765 703//1170
f 703//1170 522//765 462//582
f 703//1170 462//582 464//585
f 703//1170 464//585 521//759
f 128//1155 623//900 221//332
f 667//1054 231//345 128//1155
f 128//1155 231//345 623//900
f 618//894 665//1044 620//896
f 665//1044 704//1171 128//1155
f 618//894 617//893 370//901
f 618//894 370//901 667//1054
f 667//1054 128//1155 704//1171
f 667//1054 704//1171 618//894
f 618//894 704//1171 665//1044
f 172//1144 696//1143 705//1172
f 705//1172 696//1143 706//1173
f 172//1144 705//1172 170//275
f 607//1174 706//1175 606//1176
f 129//1177 614//1178 666//1179
f 607//1174 707//1180 706//1175
f 614//1178 129//1177 607//1174
f 607//1174 129//1177 707//1180
f 606//1176 706//1175 696//1181
f 606//1176 696//1181 596//1182
f 596//1182 696//1181 697//1183
f 596//1182 697//1183 698//1184
f 596//1182 698//1184 589//1185
f 148//256 151//260 698//1184
f 698//1184 151//260 589//1185
f 197//1186 130//391 198//393
f 197//311 170//275 705//1172
f 129//1157 130//1158 197//1187
f 129//1157 197//1187 707//1188
f 707//1188 197//1187 705//1172
f 707//1188 705//1172 706//1173
f 708//1189 709//1190 710//1191
f 711//1192 712//1193 713//1194
f 711//1192 713//1194 722//1195
f 714//1196 718//1197 715//1198
f 712//1193 711//1192 714//1196
f 712//1193 714//1196 715//1198
f 719//1199 720//1200 709//1190
f 709//1190 720//1200 710//1191
f 718//1197 714//1196 709//1190
f 709//1190 714//1196 719//1199
f 713//1194 721//1201 722//1195
f 717//1202 716//1203 721//1201
f 721//1201 716//1203 722//1195
f 723//1204 716//1203 724//1205
f 716//1203 723//1204 725//1206
f 708//1189 710//1191 726//1207
f 708//1189 726//1207 727//1208
f 727//1208 726//1207 728//1209
f 727//1208 728//1209 729//1210
f 716//1203 717//1202 730//1211
f 716//1203 730//1211 731//1212
f 716//1203 731//1212 732//1213
f 733//1214 716//1203 734//1215
f 735//1216 736//1217 733//1214
f 733//1214 736//1217 716//1203
f 716//1203 732//1213 724//1205
f 716//1203 725//1206 739//1218
f 716//1203 739//1218 734//1215
f 738//1219 737//1220 728//1209
f 728//1209 737//1220 740//1221
f 728//1209 740//1221 741//1222
f 737//1220 738//1219 742//1223
f 741//1222 743//1224 728//1209
f 728//1209 743//1224 744//1225
f 728//1209 744//1225 729//1210
f 746//1226 745//1227 747//1228
f 746//1226 747//1228 748//1229
f 746//1226 749//1230 745//1227
f 745//1227 749//1230 750//1231
f 750//1231 749//1230 751//1232
f 750//1231 751//1232 752//1233
f 750//1231 752//1233 753//1234
f 753//1234 752//1233 754//1235
f 753//1234 754//1235 755//1236
f 747//1228 756//1237 757//1238
f 756//1237 747//1228 758//1239
f 755//1236 754//1235 759//1240
f 759//1240 754//1235 760//1241
f 759//1240 760//1241 761//1242
f 761//1242 760//1241 762//1243
f 761//1242 762//1243 763//1244
f 757//1238 764//1245 747//1228
f 747//1228 764//1245 765//1246
f 747//1228 765//1246 748//1229
f 766//1247 767//1248 758//1239
f 758//1239 767//1248 768//1249
f 758//1239 768//1249 756//1237
f 762//1243 769//1250 763//1244
f 763//1244 769//1250 770//1251
f 763//1244 770//1251 771//1252
f 771//1252 772//1253 763//1244
f 763//1244 772//1253 773//1254
f 763//1244 773//1254 774//1255
f 784//1256 785//1256 783//1256
f 849//1257 848//1258 783//1259
f 723//1260 724//1261 787//1262
f 788//1263 785//1264 789//1265
f 788//1263 789//1265 730//1266
f 791//1267 790//1268 789//1265
f 789//1265 790//1268 730//1266
f 792//1269 793//1270 791//1267
f 793//1270 790//1268 791//1267
f 794//1271 732//1272 792//1269
f 792//1269 732//1272 793//1270
f 787//1262 724//1261 794//1271
f 794//1271 724//1261 732//1272
f 723//1260 786//1273 725//1274
f 725//1274 786//1273 795//1275
f 786//1273 778//1276 795//1275
f 795//1275 778//1276 777//1277
f 723//1260 787//1262 786//1273
f 786//1273 787//1262 779//1278
f 786//1273 779//1278 778//1276
f 794//1271 782//1279 787//1262
f 787//1262 782//1279 779//1278
f 782//1279 794//1271 781//1280
f 781//1280 794//1271 792//1269
f 791//1267 780//1281 792//1269
f 792//1269 780//1281 781//1280
f 780//1281 791//1267 784//1282
f 784//1282 791//1267 789//1265
f 788//1263 717//1283 785//1264
f 785//1264 717//1283 796//1284
f 785//1264 796//1284 783//1285
f 789//1265 785//1264 784//1282
f 799//1286 798//1287 797//1288
f 795//1275 739//1289 725//1274
f 805//1290 804//1291 806//1292
f 806//1292 804//1291 739//1289
f 804//1291 805//1290 807//1293
f 804//1291 807//1293 734//1294
f 808//1295 734//1294 807//1293
f 809//1296 735//1297 733//1298
f 809//1296 733//1298 808//1295
f 808//1295 733//1298 734//1294
f 735//1297 809//1296 810//1299
f 735//1297 810//1299 736//1300
f 812//1301 811//1302 810//1299
f 810//1299 811//1302 736//1300
f 812//1301 800//1303 813//1304
f 812//1301 813//1304 811//1302
f 813//1304 800//1303 799//1305
f 810//1299 801//1306 812//1301
f 812//1301 801//1306 800//1303
f 801//1306 810//1299 809//1296
f 801//1306 809//1296 802//1307
f 808//1295 803//1308 802//1307
f 808//1295 802//1307 809//1296
f 807//1293 803//1308 808//1295
f 805//1290 775//1309 807//1293
f 807//1293 775//1309 803//1308
f 777//1277 776//1310 806//1292
f 806//1292 776//1310 805//1290
f 805//1290 776//1310 775//1309
f 806//1292 739//1289 795//1275
f 806//1292 795//1275 777//1277
f 814//1311 708//1312 818//1313
f 814//1311 818//1313 815//1314
f 815//1314 818//1313 816//1315
f 815//1314 816//1315 833//1316
f 833//1316 816//1315 819//1317
f 833//1316 819//1317 834//1318
f 834//1318 819//1317 820//1319
f 834//1318 820//1319 835//1320
f 835//1320 820//1319 744//1321
f 835//1320 744//1321 836//1322
f 836//1322 744//1321 743//1323
f 836//1322 743//1323 837//1324
f 740//1325 839//1326 838//1327
f 740//1325 838//1327 817//1328
f 817//1328 838//1327 837//1324
f 817//1328 837//1324 743//1323
f 839//1326 740//1325 840//1329
f 840//1329 740//1325 821//1330
f 818//1331 708//1189 727//1208
f 819//1332 727//1208 729//1210
f 729//1333 820//1319 819//1317
f 820//1334 729//1210 744//1225
f 737//1220 821//1335 740//1221
f 721//1201 822//1336 717//1337
f 717//1202 788//1338 730//1211
f 731//1212 730//1211 790//1268
f 790//1268 793//1270 731//1212
f 731//1212 793//1339 732//1213
f 736//1217 811//1340 716//1203
f 804//1341 734//1215 739//1218
f 716//1203 811//1340 823//1342
f 716//1203 823//1342 722//1195
f 821//1330 737//1343 824//1344
f 824//1345 737//1220 825//1346
f 742//1223 825//1346 737//1220
f 738//1219 826//1347 742//1223
f 827//1348 738//1219 728//1209
f 827//1348 728//1209 828//1349
f 828//1349 728//1209 726//1207
f 710//1191 829//1350 726//1207
f 829//1350 710//1191 830//1351
f 831//1352 829//1350 830//1351
f 831//1352 901//1353 829//1350
f 829//1350 901//1353 726//1354
f 901//1353 832//1355 726//1354
f 726//1354 832//1355 828//1356
f 828//1356 832//1355 900//1357
f 828//1356 900//1357 899//1358
f 828//1356 899//1358 827//1359
f 827//1359 899//1358 898//1360
f 827//1359 898//1360 738//1361
f 738//1361 898//1360 896//1362
f 738//1361 896//1362 826//1363
f 826//1363 896//1362 742//1364
f 742//1364 896//1362 895//1365
f 742//1364 895//1365 825//1366
f 825//1366 895//1365 892//1367
f 825//1366 892//1367 824//1344
f 824//1344 892//1367 821//1330
f 821//1330 892//1367 840//1329
f 841//1368 842//1369 815//1314
f 815//1314 842//1369 843//1370
f 815//1314 843//1370 814//1311
f 815//1314 833//1371 841//1368
f 841//1368 833//1371 834//1372
f 841//1368 834//1372 844//1373
f 844//1373 834//1372 835//1374
f 840//1375 845//1376 839//1377
f 839//1377 845//1376 910//1378
f 839//1377 910//1378 838//1379
f 838//1379 910//1378 846//1380
f 838//1379 846//1380 837//1381
f 837//1381 846//1380 836//1382
f 836//1382 846//1380 847//1383
f 836//1382 847//1383 844//1373
f 836//1382 844//1373 835//1374
f 849//1257 928//1384 848//1258
f 822//1385 796//1284 717//1283
f 783//1285 796//1284 822//1385
f 783//1285 822//1385 849//1386
f 721//1201 713//1194 822//1336
f 797//1288 798//1287 850//1387
f 722//1195 823//1342 711//1192
f 714//1388 711//1389 851//1390
f 811//1302 813//1304 823//1391
f 797//1392 823//1391 813//1304
f 797//1392 813//1304 799//1305
f 720//1393 830//1351 710//1191
f 719//1199 852//1394 720//1200
f 853//1395 854//1396 855//1397
f 855//1397 854//1396 856//1398
f 856//1398 854//1396 857//1399
f 857//1399 854//1396 875//1400
f 853//1395 855//1397 858//1401
f 858//1401 855//1397 859//1402
f 859//1402 860//1403 862//1404
f 858//1401 859//1402 862//1404
f 861//1405 864//1406 862//1404
f 861//1405 862//1404 860//1403
f 863//1407 864//1406 861//1405
f 865//1408 866//1409 863//1407
f 865//1408 863//1407 861//1405
f 866//1409 865//1408 867//1410
f 867//1410 865//1408 868//1411
f 867//1410 868//1411 869//1412
f 867//1410 869//1412 848//1413
f 848//1413 869//1412 942//1414
f 870//1415 718//1197 709//1190
f 870//1416 709//1417 871//1418
f 871//1418 709//1417 708//1419
f 817//1328 741//1420 740//1325
f 743//1323 741//1420 817//1328
f 818//1313 727//1421 816//1315
f 816//1315 727//1421 819//1317
f 871//1418 708//1312 814//1311
f 814//1311 872//1422 871//1418
f 907//1423 908//1424 873//1425
f 870//1416 872//1422 873//1425
f 873//1425 872//1422 907//1423
f 907//1423 872//1422 906//1426
f 906//1426 872//1422 814//1311
f 875//1400 876//1427 857//1399
f 876//1427 875//1400 877//1428
f 877//1428 878//1429 876//1427
f 876//1427 878//1429 879//1430
f 880//1431 887//1432 879//1430
f 880//1431 879//1430 878//1429
f 881//1433 882//1434 883//1435
f 881//1433 883//1435 884//1436
f 884//1436 883//1435 885//1437
f 884//1436 885//1437 886//1438
f 886//1438 885//1437 887//1432
f 886//1438 887//1432 880//1431
f 888//1439 882//1434 881//1433
f 890//1440 889//1441 888//1439
f 888//1439 889//1441 882//1434
f 890//1440 891//1442 889//1441
f 889//1441 891//1442 874//1443
f 874//1443 891//1442 798//1444
f 892//1445 893//1446 845//1376
f 892//1445 845//1376 840//1375
f 895//1447 894//1448 892//1445
f 892//1445 894//1448 893//1446
f 895//1447 896//1449 894//1448
f 894//1448 896//1449 897//1450
f 897//1450 896//1449 898//1451
f 897//1450 898//1451 899//1452
f 897//1450 899//1452 917//1453
f 917//1453 899//1452 900//1454
f 917//1453 900//1454 919//1455
f 919//1455 900//1454 832//1456
f 919//1455 832//1456 901//1353
f 919//1455 901//1353 918//1457
f 831//1352 920//1458 901//1353
f 901//1353 920//1458 918//1457
f 720//1459 852//1460 902//1461
f 902//1461 923//1462 924//1463
f 902//1461 924//1463 720//1459
f 720//1459 924//1463 903//1464
f 924//1463 831//1352 903//1464
f 903//1464 831//1352 830//1351
f 867//1465 904//1465 866//1465
f 909//1466 908//1424 907//1423
f 909//1466 907//1423 906//1426
f 905//1467 906//1426 843//1370
f 843//1370 906//1426 814//1311
f 864//1468 905//1467 843//1370
f 909//1466 906//1426 863//1469
f 904//1470 908//1424 866//1471
f 866//1471 908//1424 909//1466
f 866//1471 909//1466 863//1469
f 905//1467 864//1468 863//1469
f 905//1467 863//1469 906//1426
f 714//1472 851//1472 911//1472
f 714//1473 911//1474 719//1475
f 823//1391 797//1392 912//1476
f 912//1476 797//1392 850//1477
f 913//1478 851//1390 711//1389
f 913//1478 711//1389 912//1476
f 912//1476 711//1389 823//1391
f 913//1478 912//1476 850//1477
f 850//1387 798//1287 913//1479
f 913//1479 798//1287 891//1480
f 903//1464 830//1351 720//1459
f 891//1481 914//1482 913//1478
f 913//1478 914//1482 851//1390
f 915//1483 911//1474 851//1390
f 915//1483 851//1390 914//1482
f 915//1483 914//1482 891//1481
f 719//1475 911//1474 916//1484
f 915//1483 916//1484 911//1474
f 921//1485 924//1463 922//1486
f 922//1486 924//1463 923//1462
f 920//1458 831//1352 921//1485
f 921//1485 831//1352 924//1463
f 923//1462 902//1461 925//1487
f 925//1487 915//1483 891//1481
f 916//1484 915//1483 925//1487
f 916//1484 902//1461 719//1475
f 925//1487 902//1461 916//1484
f 902//1461 852//1460 719//1475
f 845//1376 875//1488 910//1378
f 910//1378 875//1488 854//1489
f 853//1490 847//1383 854//1489
f 854//1489 847//1383 846//1380
f 854//1489 846//1380 910//1378
f 853//1490 844//1373 847//1383
f 853//1490 858//1491 844//1373
f 844//1373 858//1491 841//1368
f 926//1492 842//1369 841//1368
f 841//1368 858//1491 926//1492
f 926//1492 858//1491 862//1493
f 926//1492 843//1370 842//1369
f 862//1493 864//1468 926//1492
f 926//1492 864//1468 843//1370
f 881//1494 927//1494 888//1494
f 918//1457 920//1458 884//1495
f 886//1496 919//1455 884//1495
f 884//1495 919//1455 918//1457
f 919//1455 886//1496 880//1497
f 919//1455 880//1497 917//1453
f 917//1453 880//1497 897//1450
f 897//1450 880//1497 878//1498
f 897//1450 878//1498 894//1448
f 894//1448 878//1498 877//1499
f 894//1448 877//1499 893//1446
f 875//1488 845//1376 877//1499
f 877//1499 845//1376 893//1446
f 884//1495 920//1458 881//1500
f 920//1458 921//1485 881//1500
f 923//1462 888//1501 922//1486
f 923//1462 890//1502 888//1501
f 922//1486 888//1501 927//1503
f 927//1503 881//1500 921//1485
f 927//1503 921//1485 922//1486
f 890//1502 925//1487 891//1481
f 923//1462 925//1487 890//1502
f 928//1384 867//1504 848//1258
f 928//1505 849//1386 929//1506
f 929//1506 849//1386 713//1507
f 929//1506 713//1507 712//1508
f 713//1507 849//1386 822//1385
f 867//1509 930//1510 904//1470
f 904//1470 930//1510 908//1424
f 930//1510 873//1425 908//1424
f 718//1511 932//1512 931//1513
f 718//1511 931//1513 715//1514
f 712//1508 715//1514 929//1506
f 929//1506 715//1514 931//1513
f 928//1505 929//1506 933//1515
f 933//1515 929//1506 931//1513
f 871//1418 872//1422 870//1416
f 867//1509 928//1505 930//1510
f 930//1510 928//1505 933//1515
f 930//1510 933//1515 931//1513
f 932//1512 873//1425 930//1510
f 873//1425 932//1512 870//1416
f 870//1416 932//1512 718//1511
f 931//1513 932//1512 930//1510
f 803//1516 775//1517 935//1518
f 935//1518 775//1517 776//1519
f 935//1518 776//1519 934//1520
f 934//1520 776//1519 777//1521
f 803//1516 935//1518 936//1522
f 803//1516 936//1522 802//1523
f 936//1522 937//1524 802//1523
f 802//1523 937//1524 801//1525
f 801//1525 937//1524 938//1526
f 801//1525 938//1526 800//1527
f 800//1527 938//1526 939//1528
f 800//1527 939//1528 799//1529
f 940//1530 798//1444 939//1528
f 939//1528 798//1444 799//1529
f 798//1444 940//1530 874//1443
f 783//1531 943//1532 941//1533
f 783//1531 941//1533 784//1534
f 942//1414 943//1532 848//1413
f 848//1413 943//1532 783//1531
f 784//1534 941//1533 780//1535
f 780//1535 941//1533 944//1536
f 780//1535 944//1536 781//1537
f 781//1537 944//1536 782//1538
f 944//1536 945//1539 782//1538
f 782//1538 945//1539 779//1540
f 945//1539 946//1541 779//1540
f 779//1540 946//1541 947//1542
f 779//1540 947//1542 778//1543
f 778//1543 947//1542 777//1521
f 777//1521 947//1542 934//1520
f 942//1544 752//1545 751//1546
f 749//1547 943//1548 751//1546
f 751//1546 943//1548 942//1544
f 943//1548 749//1547 746//1549
f 943//1548 746//1549 941//1550
f 859//1402 855//1397 770//1551
f 771//1552 856//1398 772//1553
f 772//1553 856//1398 857//1399
f 770//1551 855//1397 771//1552
f 771//1552 855//1397 856//1398
f 859//1402 770//1551 769//1554
f 762//1555 860//1403 769//1554
f 769//1554 860//1403 859//1402
f 760//1556 861//1557 762//1555
f 762//1555 861//1557 860//1403
f 754//1558 865//1559 760//1556
f 760//1556 865//1559 861//1557
f 752//1545 869//1560 754//1558
f 869//1560 868//1561 754//1558
f 754//1558 868//1561 865//1559
f 752//1545 942//1544 869//1560
f 753//1562 874//1443 750//1563
f 874//1443 753//1562 889//1564
f 889//1564 753//1562 755//1565
f 755//1565 882//1566 889//1564
f 759//1567 883//1435 882//1566
f 759//1567 882//1566 755//1565
f 761//1568 885//1437 759//1567
f 759//1567 885//1437 883//1435
f 763//1569 887//1570 761//1568
f 761//1568 887//1570 885//1437
f 774//1571 879//1572 763//1569
f 763//1569 879//1572 887//1570
f 773//1573 876//1427 774//1571
f 774//1571 876//1427 879//1572
f 772//1553 857//1399 773//1573
f 773//1573 857//1399 876//1427
f 745//1574 939//1575 747//1576
f 747//1576 939//1575 938//1577
f 939//1575 745//1574 750//1563
f 939//1575 750//1563 940//1530
f 940//1530 750//1563 874//1443
f 937//1578 936//1579 766//1580
f 934//1581 756//1582 935//1583
f 935//1583 756//1582 768//1584
f 767//1585 935//1583 768//1584
f 766//1580 936//1579 767//1585
f 767//1585 936//1579 935//1583
f 938//1577 937//1578 758//1586
f 758//1586 937//1578 766//1580
f 938//1577 758//1586 747//1576
f 748//1587 944//1588 746//1549
f 746//1549 944//1588 941//1550
f 765//1589 944//1588 748//1587
f 764//1590 945//1591 765//1589
f 765//1589 945//1591 944//1588
f 947//1592 946//1593 757//1594
f 757//1594 946//1593 764//1590
f 764//1590 946//1593 945//1591
f 947//1592 757//1594 756//1582
f 947//1592 756//1582 934//1581
f 1060//1595 949//1596 951//1597
f 951//1597 949//1596 950//1598
f 951//1597 950//1598 948//1599
f 951//1597 948//1599 952//1600
f 953//1601 954//1602 955//1603
f 956//1604 957//1605 954//1602
f 954//1602 953//1601 956//1604
f 954//1602 957//1605 960//1606
f 960//1606 957//1605 961//1607
f 964//1608 962//1609 959//1610
f 959//1610 962//1609 963//1611
f 953//1601 955//1603 962//1609
f 962//1609 955//1603 963//1611
f 959//1610 965//1612 958//1613
f 959//1610 958//1613 964//1608
f 961//1607 978//1614 960//1606
f 961//1607 966//1615 978//1614
f 966//1615 968//1616 978//1614
f 959//1610 969//1617 965//1612
f 969//1617 967//1618 965//1612
f 967//1618 971//1619 965//1612
f 978//1614 975//1620 970//1621
f 973//1622 974//1623 978//1614
f 974//1623 975//1620 978//1614
f 970//1621 976//1624 977//1625
f 970//1621 977//1625 978//1614
f 968//1616 973//1622 978//1614
f 979//1626 980//1627 970//1621
f 970//1621 980//1627 976//1624
f 965//1612 971//1619 972//1628
f 965//1612 972//1628 981//1629
f 965//1612 981//1629 982//1630
f 983//1631 984//1632 965//1612
f 965//1612 982//1630 983//1631
f 986//1633 985//1634 987//1635
f 987//1635 985//1634 988//1636
f 987//1635 988//1636 989//1637
f 989//1637 990//1638 987//1635
f 987//1635 990//1638 991//1639
f 997//1640 994//1641 987//1635
f 987//1635 994//1641 995//1642
f 987//1635 991//1639 992//1643
f 992//1643 996//1644 987//1635
f 987//1635 996//1644 993//1645
f 993//1645 997//1640 987//1635
f 998//1646 999//1647 1002//1648
f 1002//1648 999//1647 1000//1649
f 1011//1650 1001//1651 1000//1649
f 1007//1652 1002//1648 1000//1649
f 1001//1651 1004//1653 1000//1649
f 1000//1649 1008//1654 1006//1655
f 1000//1649 1006//1655 1003//1656
f 1000//1649 1009//1657 1005//1658
f 1004//1653 1009//1657 1000//1649
f 1000//1649 1005//1658 1010//1659
f 1000//1649 1010//1659 1007//1652
f 1000//1649 1003//1656 1012//1660
f 1013//1661 1011//1650 1000//1649
f 1000//1649 1012//1660 1013//1661
f 964//1608 1015//1662 962//1609
f 953//1601 962//1609 1014//1663
f 953//1601 1014//1663 1016//1664
f 1015//1662 964//1608 1017//1665
f 1017//1665 964//1608 1018//1666
f 1018//1666 964//1608 958//1613
f 1019//1667 957//1668 956//1669
f 1019//1667 956//1669 1016//1664
f 1016//1664 956//1669 953//1601
f 981//1629 1020//1670 982//1630
f 982//1630 1020//1670 1021//1671
f 982//1630 1021//1671 983//1631
f 983//1672 1021//1671 1022//1673
f 983//1631 1022//1674 984//1632
f 965//1612 1023//1675 958//1613
f 1023//1675 965//1612 1024//1676
f 965//1612 984//1632 1024//1676
f 1018//1666 958//1613 1023//1675
f 1025//1677 961//1678 1026//1679
f 1026//1679 961//1678 957//1668
f 1026//1679 957//1668 1019//1667
f 969//1617 1029//1680 967//1618
f 967//1618 1029//1680 1028//1681
f 971//1619 967//1618 1030//1682
f 1030//1682 967//1618 1028//1681
f 1027//1683 971//1619 1030//1682
f 972//1628 971//1619 1031//1684
f 1031//1684 971//1619 1027//1683
f 1032//1685 972//1628 1031//1684
f 972//1628 1032//1685 981//1629
f 981//1629 1032//1685 1020//1670
f 961//1678 1025//1677 1033//1686
f 959//1687 1034//1688 1029//1680
f 959//1687 1029//1680 969//1617
f 961//1678 1033//1686 1035//1689
f 961//1678 1035//1689 966//1615
f 1036//1690 963//1611 955//1603
f 959//1687 963//1691 1034//1688
f 1037//1692 970//1621 1038//1693
f 1038//1693 970//1621 975//1620
f 1038//1693 975//1694 1039//1695
f 1039//1695 975//1620 974//1623
f 1039//1695 974//1623 1040//1696
f 1040//1696 974//1623 973//1622
f 1041//1697 973//1622 968//1616
f 1041//1697 968//1616 1042//1698
f 1042//1698 968//1616 966//1615
f 966//1615 1035//1689 1042//1698
f 955//1603 1043//1699 1036//1690
f 1044//1700 978//1701 1045//1702
f 1046//1703 1045//1702 977//1625
f 977//1625 1045//1702 978//1614
f 977//1625 976//1624 1046//1703
f 980//1627 1047//1704 976//1624
f 980//1627 1048//1705 1047//1704
f 979//1626 1048//1706 980//1627
f 970//1621 1037//1692 979//1626
f 955//1603 1049//1707 1043//1699
f 1050//1708 978//1701 1044//1700
f 954//1709 1051//1710 1052//1711
f 954//1709 1052//1711 955//1603
f 1049//1707 955//1603 1052//1711
f 978//1701 1050//1708 960//1712
f 960//1712 1050//1708 1053//1713
f 1051//1714 954//1714 960//1714
f 1051//1715 960//1712 1053//1713
f 952//1600 948//1599 1054//1716
f 1056//1717 1054//1718 1055//1719
f 1058//1720 951//1721 1057//1722
f 1058//1720 1060//1723 951//1721
f 1059//1724 985//1634 1060//1595
f 1059//1724 1060//1595 1058//1725
f 998//1646 1055//1719 999//1647
f 1061//1726 1007//1652 1062//1727
f 1062//1727 1007//1652 1063//1728
f 1063//1728 1007//1652 1010//1659
f 1063//1728 1010//1659 1064//1729
f 1064//1729 1010//1659 1005//1658
f 1064//1729 1005//1658 1065//1730
f 1065//1730 1005//1658 1009//1657
f 1065//1730 1009//1657 1066//1731
f 1066//1731 1009//1657 1004//1653
f 1066//1731 1004//1653 1067//1732
f 1067//1732 1004//1653 1068//1733
f 1068//1733 1004//1653 1001//1651
f 1068//1733 1001//1651 1069//1734
f 1069//1734 1001//1651 1070//1735
f 1007//1652 1061//1726 1002//1648
f 1002//1648 1061//1726 1071//1736
f 1002//1648 1071//1736 1072//1737
f 1002//1648 1072//1737 998//1646
f 1073//1738 992//1643 1074//1739
f 1074//1739 992//1643 991//1639
f 1074//1739 991//1639 1075//1740
f 1075//1740 991//1639 990//1638
f 1075//1740 990//1638 1076//1741
f 1076//1741 990//1638 989//1637
f 1076//1741 989//1637 1077//1742
f 985//1634 1059//1724 1078//1743
f 985//1634 1078//1743 988//1636
f 988//1636 1078//1743 1077//1742
f 988//1636 1077//1742 989//1637
f 1079//1744 996//1644 1080//1745
f 1080//1745 996//1644 992//1643
f 992//1643 1073//1738 1080//1745
f 1056//1746 952//1747 1054//1748
f 1081//1749 952//1747 1056//1746
f 1082//1750 951//1750 952//1750
f 1082//1751 952//1747 1081//1749
f 951//1721 1082//1752 1057//1722
f 998//1646 1072//1737 1055//1753
f 1054//1716 948//1599 1083//1754
f 1085//1755 1086//1756 1084//1757
f 1086//1756 1085//1755 1083//1758
f 1087//1759 950//1760 1088//1761
f 1088//1761 950//1760 949//1596
f 949//1596 986//1633 1089//1762
f 1088//1761 949//1596 1089//1762
f 999//1647 1055//1719 1084//1757
f 1070//1735 1001//1651 1011//1650
f 1070//1735 1011//1650 1090//1763
f 1090//1763 1011//1650 1091//1764
f 1013//1661 1091//1764 1011//1650
f 1091//1764 1013//1661 1092//1765
f 1012//1660 1092//1765 1013//1661
f 1092//1765 1012//1660 1093//1766
f 1093//1766 1012//1660 1003//1656
f 1093//1766 1003//1656 1094//1767
f 1003//1656 1006//1655 1094//1767
f 1094//1767 1006//1655 1095//1768
f 1095//1768 1006//1655 1096//1769
f 1096//1769 1006//1655 1008//1654
f 1000//1649 1096//1769 1008//1654
f 1096//1769 1000//1649 1097//1770
f 1097//1770 1000//1649 1098//1771
f 999//1647 1098//1771 1000//1649
f 1098//1771 999//1647 1099//1772
f 1089//1762 986//1633 987//1635
f 1089//1762 987//1635 1100//1773
f 995//1642 1100//1773 987//1635
f 995//1642 1103//1774 1100//1773
f 994//1641 997//1640 1101//1775
f 1101//1775 1102//1776 994//1641
f 994//1641 1102//1776 995//1642
f 995//1642 1102//1776 1103//1774
f 993//1645 1104//1777 997//1640
f 997//1640 1104//1777 1101//1775
f 1104//1777 993//1645 1079//1744
f 1079//1744 993//1645 996//1644
f 1054//1718 1085//1755 1055//1719
f 1055//1719 1085//1755 1084//1757
f 1054//1716 1083//1754 1085//1778
f 1060//1595 985//1634 986//1633
f 949//1596 1060//1595 986//1633
f 948//1779 1105//1780 1106//1781
f 948//1779 1106//1781 1083//1758
f 1083//1758 1106//1781 1086//1756
f 950//1760 1087//1759 948//1779
f 1087//1759 1105//1780 948//1779
f 999//1647 1084//1782 1099//1772
f 1053//1783 1057//1784 1082//1785
f 1053//1783 1082//1785 1051//1786
f 1051//1786 1082//1785 1081//1787
f 1037//1692 1080//1788 979//1789
f 1080//1788 1037//1692 1079//1790
f 1073//1791 1048//1705 1080//1788
f 1080//1788 1048//1705 979//1789
f 1047//1704 1048//1705 1074//1792
f 1074//1792 1048//1705 1073//1791
f 1076//1741 1046//1703 1075//1740
f 1075//1740 1046//1703 976//1793
f 1047//1704 1074//1792 1075//1740
f 1047//1704 1075//1740 976//1793
f 1045//1702 1046//1703 1076//1741
f 1045//1702 1076//1741 1077//1794
f 1045//1702 1077//1794 1044//1700
f 1078//1795 1044//1700 1077//1794
f 1081//1787 1052//1796 1051//1786
f 1052//1796 1081//1787 1056//1797
f 1052//1796 1056//1797 1049//1707
f 963//1691 1036//1798 1071//1799
f 963//1691 1061//1800 1034//1688
f 963//1691 1071//1799 1061//1800
f 1036//1798 1043//1699 1071//1799
f 1071//1799 1043//1699 1072//1737
f 1059//1801 1058//1802 1050//1803
f 1057//1784 1053//1783 1058//1802
f 1050//1803 1058//1802 1053//1783
f 1044//1700 1078//1795 1059//1801
f 1044//1700 1059//1801 1050//1803
f 1043//1699 1049//1707 1072//1737
f 1049//1707 1056//1797 1072//1737
f 1072//1737 1056//1797 1055//1753
f 1019//1804 1105//1805 1026//1806
f 1026//1806 1105//1805 1087//1807
f 1026//1806 1087//1807 1025//1808
f 1100//1809 1042//1698 1035//1689
f 1103//1810 1041//1697 1042//1698
f 1103//1810 1042//1698 1100//1809
f 1041//1697 1103//1810 973//1811
f 973//1811 1103//1810 1102//1812
f 973//1811 1102//1812 1040//1696
f 1040//1696 1102//1812 1101//1813
f 1040//1696 1101//1813 1039//1695
f 1039//1695 1101//1813 1104//1814
f 1039//1695 1104//1814 1038//1693
f 1079//1790 1038//1693 1104//1814
f 1038//1693 1079//1790 1037//1692
f 1105//1805 1019//1804 1106//1815
f 1106//1815 1016//1664 1086//1816
f 1019//1804 1016//1664 1106//1815
f 1015//1662 1097//1817 1098//1818
f 1015//1662 1098//1818 962//1819
f 1098//1818 1014//1663 962//1819
f 1097//1817 1015//1662 1096//1820
f 1033//1686 1088//1821 1089//1822
f 1025//1808 1087//1807 1088//1821
f 1025//1808 1088//1821 1033//1686
f 1100//1809 1035//1689 1033//1686
f 1100//1809 1033//1686 1089//1822
f 1014//1663 1099//1772 1016//1664
f 1086//1816 1016//1664 1099//1772
f 1086//1816 1099//1772 1084//1782
f 1099//1772 1014//1663 1098//1818
f 1029//1680 1064//1823 1028//1681
f 1068//1824 1032//1685 1067//1825
f 1067//1825 1032//1685 1031//1684
f 1070//1826 1020//1670 1032//1685
f 1070//1826 1032//1685 1069//1827
f 1032//1685 1068//1824 1069//1827
f 1031//1684 1027//1683 1067//1825
f 1067//1825 1027//1683 1066//1828
f 1030//1682 1065//1829 1066//1828
f 1030//1682 1066//1828 1027//1683
f 1028//1681 1065//1829 1030//1682
f 1065//1829 1028//1681 1064//1823
f 1063//1830 1064//1823 1029//1680
f 1029//1680 1062//1831 1063//1830
f 1029//1680 1034//1688 1062//1831
f 1062//1831 1034//1688 1061//1800
f 1017//1665 1096//1820 1015//1662
f 1023//1675 1095//1832 1018//1666
f 1018//1666 1095//1832 1017//1665
f 1017//1665 1095//1832 1096//1820
f 1024//1676 1094//1833 1023//1675
f 1023//1675 1094//1833 1095//1832
f 1094//1833 1024//1676 1093//1834
f 1090//1835 1091//1836 1021//1671
f 1090//1835 1021//1671 1070//1826
f 1021//1671 1020//1670 1070//1826
f 1021//1671 1091//1836 1022//1673
f 1022//1673 1091//1836 1092//1837
f 1093//1834 984//1838 1092//1837
f 1092//1837 984//1838 1022//1673
f 1093//1834 1024//1676 984//1838
