# G1 exterior visual; derived from pinned Unitree/TWIST2 CAD.
v 0.0616179854 -0.0650814697 0.278426468
v 0.0655853674 -0.0660464689 0.279325515
v 0.0629584193 -0.0592071377 0.278382719
v 0.066937983 -0.0600398928 0.279338628
v 0.0702662021 -0.0569034666 0.266763449
v 0.0662505701 -0.0563553236 0.265624642
v 0.0662241653 -0.0559463054 0.266257972
v 0.0699318945 -0.0562402159 0.269279569
v 0.0655935705 -0.0548830815 0.270610213
v 0.0648679733 -0.0538843647 0.274759322
v 0.0681499541 -0.0537177585 0.279354781
v 0.0641582906 -0.053020969 0.278325915
v 0.0702256486 -0.0575635694 0.266194612
v 0.0661502481 -0.0570349731 0.265355855
v 0.070121713 -0.0581407472 0.266073465
v 0.0651054457 -0.0613809042 0.265378445
v 0.0691261515 -0.0622871928 0.266067445
v 0.0689872056 -0.0627617091 0.266165465
v 0.0649470538 -0.0618689023 0.265562445
v 0.0688548535 -0.063069351 0.266475141
v 0.0647878274 -0.0621325448 0.26610595
v 0.0687555373 -0.0631308854 0.266978681
v 0.0640533343 -0.060761068 0.271934092
v 0.0683918893 -0.0623593479 0.27008608
v 0.0678608716 -0.061394874 0.273937106
v 0.0691130459 -0.0477154963 0.279368669
v 0.0651148111 -0.0471257642 0.278307319
v 0.0622125305 -0.0660156831 0.274522603
v 0.0661843568 -0.0670625418 0.275279075
v 0.0628496408 -0.0672532097 0.269348681
v 0.0668150261 -0.0683879033 0.270025998
v 0.0631692111 -0.0680903122 0.265832394
v 0.0671797246 -0.0694213733 0.265837759
v 0.0632947907 -0.0682308674 0.264732718
v 0.0673359111 -0.0693685338 0.264903426
v 0.0634503663 -0.0680680424 0.264034837
v 0.0675303042 -0.0690590218 0.26424256
v 0.063669771 -0.0676508844 0.263424188
v 0.0680639967 -0.067691423 0.263550252
v 0.0677565783 -0.0685291514 0.263810724
v 0.0639481097 -0.0669220835 0.263040662
v 0.0642787069 -0.0658940375 0.262924761
v 0.0656967312 -0.0606997423 0.262884408
v 0.0696950629 -0.0617184453 0.263542265
v 0.0707899705 -0.0571585074 0.263551861
v 0.0667051524 -0.0565482453 0.262858063
v 0.0673905984 -0.0533781834 0.262846291
v 0.071452558 -0.054056339 0.263566375
v 0.0675721094 -0.05227134 0.263078839
v 0.0716594383 -0.0526039898 0.2640315
v 0.0676503703 -0.0513228886 0.26366663
v 0.0716830119 -0.0516750999 0.26487124
v 0.0676342323 -0.0506551191 0.264466137
v 0.071599938 -0.0510749705 0.265952408
v 0.0674908906 -0.0502160229 0.265623391
v 0.070401907 -0.0492700711 0.2731466
v 0.0664119571 -0.0486494675 0.272058517
v 0.0691356212 -0.0549942106 0.27424705
v 0.0607876815 0.0686597005 0.278457493
v 0.0647397339 0.0697085559 0.279315114
v 0.0655180812 0.0690028965 0.276470244
v 0.0615563132 0.0679444373 0.27567187
v 0.062921159 0.0597438328 0.278373927
v 0.0667041093 0.0615611076 0.279339701
v 0.0682737157 0.0533196516 0.279339641
v 0.0642353371 0.0528746508 0.278329194
v 0.0644324496 0.0519789048 0.27813831
v 0.0685645938 0.0521693937 0.27894038
v 0.0647270903 0.0510485061 0.277592689
v 0.0688513145 0.0514363423 0.278289467
v 0.0651505888 0.0502620786 0.276454955
v 0.0691754892 0.050892543 0.277376354
v 0.0668623969 0.0486708544 0.270248353
v 0.0708985329 0.049333334 0.271097034
v 0.0721904337 0.0480689965 0.26589486
v 0.0679492727 0.0475832075 0.265922844
v 0.0682146996 0.0473720767 0.264727682
v 0.0724455714 0.0485363714 0.264131099
v 0.0683868527 0.0480968542 0.263188273
v 0.0683660507 0.0475524813 0.263788193
v 0.0723645166 0.0481244735 0.264920056
v 0.0682947636 0.0490248129 0.262835771
v 0.0722722113 0.050148759 0.263566405
v 0.0723970905 0.0492669344 0.263714999
v 0.0664718524 0.0579171479 0.262860298
v 0.0703940094 0.0592617206 0.263545573
v 0.0647078231 0.0647024363 0.262911648
v 0.06868577 0.065817818 0.263533503
v 0.0640796125 0.0654122159 0.26570797
v 0.0680323839 0.0665217414 0.26637128
v 0.0669482425 0.0533779152 0.265634984
v 0.0709886923 0.0541851707 0.2663908
v 0.0689932704 0.0629355386 0.266378134
v 0.0661990568 0.0568902977 0.265656143
v 0.0661218539 0.0542315803 0.268938929
v 0.0701330751 0.0550439842 0.269780636
v 0.0658964142 0.054783497 0.269501537
v 0.0698852837 0.05567706 0.270372301
v 0.0697464868 0.0562688224 0.270498335
v 0.0642869398 0.061842259 0.269729257
v 0.0657512024 0.0553461574 0.269680142
v 0.0630822107 0.0664379224 0.26976639
v 0.06705302 0.0675334856 0.270472616
v 0.0682271048 0.063028954 0.27048552
v 0.0623904355 0.0671509132 0.272560507
v 0.0663493276 0.0682348683 0.273315519
v 0.0652073547 0.0551106781 0.272468746
v 0.0692185238 0.0558970384 0.273345441
v 0.0641230941 0.0601804703 0.272505879
v 0.0681172162 0.0610866956 0.273332328
v 0.0645300522 0.0557683855 0.274905562
v 0.0685600266 0.0565024763 0.275735289
v 0.0684110597 0.0568087511 0.2761195
v 0.0642088503 0.0566358976 0.275565892
v 0.0682043284 0.0574393421 0.276488304
v 0.0627144799 0.0634023845 0.27562952
v 0.0666925684 0.0643522292 0.276483715
v 0.065624617 0.0525030978 0.272882551
v 0.0695642382 0.0534779504 0.273922771
v 0.0739764422 -0.0367776342 0.264519483
v 0.0699783936 -0.0361562669 0.263425291
v 0.074160412 -0.0362421349 0.26389727
v 0.0701253191 -0.0356342532 0.262978435
v 0.0698986948 -0.0363355316 0.263761967
v 0.0715549514 -0.0402141623 0.273679584
v 0.0675171763 -0.039732106 0.272708148
v 0.0730087534 -0.0382069536 0.26835382
v 0.0734134093 -0.042733036 0.263572484
v 0.069345735 -0.0421550088 0.262790591
v 0.0727592781 -0.0417543426 0.267492652
v 0.0685208291 -0.0409554578 0.267708838
v 0.0724627823 -0.0487387627 0.263566554
v 0.0684131682 -0.048032701 0.262813002
v 0.069511801 -0.0447915532 0.279373735
v 0.0655082166 -0.0442589074 0.278287828
v 0.0712411404 -0.0468350947 0.271186233
v 0.06721659 -0.046206288 0.270302892
v 0.0702817738 -0.0390065834 0.279093057
v 0.0662622005 -0.0386158191 0.278020382
v 0.0701221004 -0.0398071893 0.279354244
v 0.0661081299 -0.0394205935 0.278258204
v 0.0705052093 -0.0384679697 0.278488934
v 0.0664773285 -0.0380652472 0.277452528
v 0.0731634721 -0.0349936225 0.269281328
v 0.0691032037 -0.034585584 0.268359035
v 0.0720552653 -0.0365144759 0.273321182
v 0.0680159181 -0.0360965915 0.272337258
v 0.0708298981 -0.0324785449 0.27938211
v 0.0668206289 -0.0321429223 0.278254986
v 0.0717481151 -0.0333890207 0.275724381
v 0.068009004 -0.0333248526 0.273482829
v 0.0712662861 -0.026482977 0.279384404
v 0.0672535971 -0.0262316838 0.278247565
v 0.0747974515 -0.0304121356 0.263581276
v 0.0707026199 -0.0300693866 0.262760997
v 0.073062703 -0.0282740742 0.272170663
v 0.0690378249 -0.0280119088 0.271082819
v 0.074299857 -0.0354940668 0.263606369
v 0.0702720806 -0.0346829817 0.262772083
v 0.0697921589 -0.0223512743 0.285075188
v 0.0658145547 -0.0221530627 0.283811569
v 0.0711773559 -0.0235321969 0.280307651
v 0.0672078803 -0.023354115 0.279012054
v 0.0730473474 -0.0253334362 0.273047656
v 0.0690168291 -0.0251134709 0.27194652
v 0.0750124604 -0.0276832189 0.263587743
v 0.0709266439 -0.0273921378 0.262759209
v 0.0700406507 -0.0163573902 0.285076797
v 0.06605912 -0.0162255876 0.283816606
v 0.0711616501 -0.0234263297 0.262768179
v 0.075250268 -0.022947222 0.26378274
v 0.0752343088 -0.0239607226 0.263590306
v 0.0711446553 -0.0223540459 0.263128489
v 0.0751598924 -0.0218899399 0.264481723
v 0.0710492283 -0.021557318 0.263781965
v 0.0749649554 -0.0212131292 0.265567124
v 0.0708467439 -0.0209512245 0.264931083
v 0.0744205043 -0.0205315035 0.26824069
v 0.0686390102 -0.0185147971 0.274675578
v 0.0724850297 -0.0184874628 0.276482403
v 0.072358951 0.019624982 0.27675736
v 0.0683315024 0.0192674026 0.275685966
v 0.0725340024 0.0141491769 0.276772588
v 0.0684986636 0.0140488986 0.275690585
v 0.0683578476 0.0197471138 0.275515497
v 0.0724422261 0.020083908 0.276376456
v 0.0692647174 0.0189114828 0.27213788
v 0.0732421353 0.0193873774 0.273393989
v 0.0691034049 0.0194528028 0.272698104
v 0.0730901584 0.0196842272 0.273950636
v 0.0684934705 0.0200102292 0.274986088
v 0.0725785568 0.0201517418 0.275870532
v 0.0693353564 0.0183784254 0.271957248
v 0.0694838017 0.0131304963 0.271944284
v 0.0735410526 0.0132136382 0.272954375
v 0.0733765364 0.0186803304 0.27297613
v 0.0714421421 0.0179217942 0.262710005
v 0.070538193 0.0155640198 0.267250508
v 0.0755552948 0.0180641841 0.263549
v 0.0711413249 0.0244046357 0.262715191
v 0.0752292573 0.0246421341 0.263546199
v 0.0698651597 0.0205431879 0.26942718
v 0.0739299953 0.0207192376 0.270384908
v 0.0738260522 0.0227974746 0.270399898
v 0.0697602779 0.0225503873 0.269440472
v 0.0696213469 0.0237068329 0.26977098
v 0.0737036243 0.0237779319 0.27067253
v 0.0693771988 0.0246367306 0.270575643
v 0.0734967217 0.0246934816 0.271329045
v 0.0718369335 0.0265568327 0.277382374
v 0.0677950233 0.0263166595 0.276355326
v 0.0675278902 0.0261892453 0.277351499
v 0.0716143101 0.0265091266 0.278205901
v 0.073170498 0.0253697168 0.272520483
v 0.0690951347 0.0251569394 0.271617621
v 0.0673643053 0.0252445694 0.278136164
v 0.0713989884 0.0258211549 0.279125214
v 0.0674044639 0.0257332455 0.277891368
v 0.0673879758 0.0244466122 0.278243959
v 0.071384415 0.0250269473 0.279377043
v 0.0677191168 0.01661494 0.278247565
v 0.0717375875 0.0167441908 0.279384404
v 0.0678929985 0.00875436701 0.278253853
v 0.0719155446 0.00880836882 0.279382348
v 0.0714934319 0.0262998417 0.278688312
v 0.0697257295 0.00705417711 0.271454215
v 0.0729702339 0.00785382465 0.275527894
v 0.0745006278 0.00631245458 0.26930964
v 0.0716517568 0.00487842644 0.262752742
v 0.0757458583 0.0048946985 0.263586164
v 0.0757120624 0.0108805979 0.263593078
v 0.0716193467 0.0108210314 0.262756795
v 0.0697351024 0.012869277 0.270963341
v 0.0738251656 0.0129266083 0.271842599
v 0.0717824697 -0.0151071353 0.279380441
v 0.0677586794 -0.014991533 0.278248489
v 0.0685475692 -0.0157278832 0.275307864
v 0.0725797489 -0.0158501025 0.276381671
v 0.0719537064 0.0059982189 0.279383749
v 0.0679384843 0.00598232076 0.278256565
v 0.0719650388 -0.00359059847 0.279380888
v 0.0679253861 -0.00630989857 0.278256655
v 0.0727732927 0.00525450194 0.276380986
v 0.0687336698 0.00524541223 0.275314003
v 0.0727794766 -0.00229826127 0.276379049
v 0.0687502772 -0.0022909597 0.275317401
v 0.0768229514 -0.00687385164 0.25790289
v 0.0727110282 -0.00684455596 0.257162333
v 0.0750586316 -0.00463537732 0.266941339
v 0.0709847435 -0.00462554023 0.266022384
v 0.0726389363 -0.0127779078 0.257163703
v 0.0767482892 -0.0128625017 0.257903874
v 0.0727455094 -0.00828575715 0.276379675
v 0.0686970949 -0.00823623501 0.275311708
v 0.0742940977 -0.00984476134 0.270080805
v 0.0700065866 -0.00954902824 0.270087153
v 0.0756791756 -0.011450937 0.263596237
v 0.0715887025 -0.0113841286 0.262749672
v -0.0712709352 0.0414093584 0.279120564
v -0.0672782212 0.0412610844 0.278850853
v -0.0712051913 0.0419920273 0.279732317
v -0.0675996616 0.0395204052 0.274299383
v -0.0718724877 0.037672352 0.269183636
v -0.0678720921 0.0375366323 0.269049495
v -0.0716750324 0.0361899696 0.275136739
v -0.0676769689 0.0360222235 0.275131464
v -0.0714107081 0.0349759869 0.280026317
v -0.0674213991 0.0348713808 0.279753625
v -0.071576871 0.0285638347 0.280035168
v -0.0675632209 0.0284951366 0.279750913
v -0.0679901689 0.0304950178 0.271713912
v -0.072166577 0.0327727385 0.263074219
v -0.0681661963 0.0326620452 0.263010591
v -0.0720709786 0.0313706994 0.268716216
v -0.0719411597 0.0392804481 0.26361528
v -0.0679522157 0.0389862619 0.26341632
v -0.071975179 0.0385587886 0.263191164
v -0.0679990128 0.037934944 0.263025165
v -0.0720141605 0.0375428274 0.263072371
v -0.0719255134 0.0395977497 0.26414457
v -0.0679267794 0.0394409709 0.264072001
v -0.0714819878 0.0432568677 0.273903847
v -0.0674890503 0.0430808999 0.273720413
v -0.0716481581 0.0459646545 0.263058037
v -0.0676546469 0.0457524136 0.263006896
v -0.0676224306 0.0445581079 0.267795622
v -0.0716017559 0.0443972871 0.269329548
v -0.0672339946 0.0521033704 0.263006151
v -0.0712210238 0.0524231903 0.263042659
v -0.0709142983 0.0481576398 0.280002683
v -0.0669232458 0.0479491428 0.279750973
v -0.0712155402 0.0503469631 0.271267414
v -0.0671477765 0.0493502207 0.274107665
v -0.0672513023 0.0508450903 0.268092424
v -0.0671590567 0.0428655781 0.279744595
v -0.0711568147 0.0428174324 0.279992491
v -0.0672111809 0.0418967269 0.279522806
v -0.0673546419 0.0454400405 0.274330318
v -0.0702476054 0.057753291 0.279978156
v -0.0662572682 0.0573882572 0.27974394
v -0.070393905 0.0593353175 0.273705453
v -0.06641417 0.0588131472 0.27401194
v -0.0663583428 0.0606225617 0.266745538
v -0.0703327507 0.0610835925 0.266812652
v -0.0702990443 0.0614005737 0.266203761
v -0.0663196743 0.0610024035 0.266077042
v -0.0702131391 0.0621502288 0.265746236
v -0.0662340969 0.06172451 0.265710533
v -0.0655338243 0.0666540116 0.265697628
v -0.0694952905 0.0672150776 0.265708268
v -0.0694069192 0.0677310005 0.265931219
v -0.0654403716 0.0671950281 0.266058922
v -0.0693675578 0.0679695457 0.266544491
v -0.0695441216 0.0660199746 0.274245918
v -0.0654305518 0.0672738552 0.266727895
v -0.0655214116 0.0640474111 0.27973181
v -0.0694885999 0.0645773336 0.279958963
v -0.0655863732 0.0651873276 0.275158077
v -0.0707431957 0.0512967929 0.279993832
v -0.0667547137 0.0510415025 0.279751599
v -0.06847509 0.071101211 0.279944271
v -0.0645403489 0.0703463033 0.279711694
v -0.0684065223 0.0725524426 0.274227142
v -0.0644915402 0.0717652589 0.273989171
v -0.0679988563 0.0747198835 0.265777558
v -0.0641509145 0.0736405328 0.266359091
v -0.0640901625 0.0738469288 0.265223116
v -0.0679732934 0.0747995079 0.264800578
v -0.0640994981 0.0737967268 0.264521599
v -0.0680176318 0.0746047199 0.264041692
v -0.0641520247 0.0735701248 0.263917893
v -0.0681548491 0.0740204155 0.263379872
v -0.0642501861 0.07315135 0.26345098
v -0.0643726066 0.0726216361 0.263157398
v -0.0683416575 0.0732189715 0.263061464
v -0.0645875707 0.0716717616 0.262998581
v -0.0661817044 0.0622456856 0.263002545
v -0.0706608519 0.0584345497 0.263026178
v -0.0700409412 0.0635748953 0.263008863
v -0.0654486269 0.0671757534 0.262998074
v -0.0694871992 0.0672815889 0.262995601
v -0.0686889663 0.0716243759 0.26297459
v -0.0666895658 0.0579240695 0.263017029
v -0.0707649738 0.0573856793 0.26319927
v -0.0668156669 0.0566849671 0.263267338
v -0.0708418563 0.0566046499 0.263539553
v -0.066901058 0.0557844415 0.263812959
v -0.070917882 0.0557715036 0.264194191
v -0.0669581369 0.0551226027 0.264496654
v -0.0709829107 0.0549970269 0.265421033
v -0.0670023635 0.0545779839 0.265571713
v -0.0709775537 0.0534116179 0.271577448
v -0.0669921488 0.0529924892 0.271909654
v -0.0651124269 0.068468295 0.273934007
v -0.0690438747 0.0692778975 0.273599952
v -0.0697618425 -0.0643420964 0.27350086
v -0.0663511157 -0.0591063797 0.273385763
v -0.0703302994 -0.059525907 0.273517996
v -0.068306312 -0.0729001611 0.273469388
v -0.0643652752 -0.0720451251 0.273368031
v -0.0650007501 -0.0688720196 0.27337411
v -0.0658269227 -0.0635708943 0.273382664
v -0.0684961677 -0.0721394494 0.270413041
v -0.0645833015 -0.0713140145 0.270364612
v -0.0665659532 -0.0580887981 0.26927036
v -0.0706851557 -0.0576921552 0.2660653
v -0.066704452 -0.0572838672 0.266023576
v -0.0704925209 -0.0588541627 0.270019233
v -0.0705397502 -0.0585214756 0.269421428
v -0.066520676 -0.0583961457 0.26988095
v -0.0664324164 -0.0591455251 0.270355523
v -0.0704018548 -0.0596451387 0.270450592
v -0.0658333823 -0.0640558004 0.270373046
v -0.0693863481 -0.0673854128 0.270433068
v -0.0651661232 -0.0682868809 0.270368904
v -0.0687428266 -0.0710421577 0.26601699
v -0.0648573041 -0.0702563077 0.266011983
v -0.0696452782 -0.0660686567 0.266038626
v -0.0661427677 -0.0621523857 0.266021609
v -0.0688885897 -0.0702838674 0.262982875
v -0.0649733245 -0.0695165023 0.262995005
v -0.0676353127 -0.0745099783 0.279936731
v -0.0637439862 -0.0735799149 0.279696465
v -0.0644681677 -0.0702709481 0.279709101
v -0.0688815936 -0.0684098452 0.2799505
v -0.0655468926 -0.063691102 0.279731095
v -0.069787696 -0.061801672 0.279964745
v -0.0702880025 -0.0568833351 0.279966205
v -0.0663176775 -0.0564354435 0.279721588
v -0.070403263 -0.0557210632 0.279649347
v -0.0664220303 -0.055407498 0.279420435
v -0.0665278211 -0.0545501448 0.278797686
v -0.0705153346 -0.0548253022 0.278966218
v -0.070631817 -0.054141216 0.277883321
v -0.0666485131 -0.0538336039 0.277665436
v -0.0712594241 -0.0511810109 0.265898585
v -0.0672556758 -0.0510304868 0.266404301
v -0.0672881231 -0.050791543 0.264859617
v -0.0712755769 -0.0511078537 0.264884442
v -0.0712733194 -0.0512595326 0.26423943
v -0.0672783926 -0.0510891937 0.263929427
v -0.0712550655 -0.0516168326 0.263690799
v -0.0672434643 -0.0516521446 0.263356388
v -0.0712059289 -0.0522687882 0.263251215
v -0.06718757 -0.0523439385 0.263100117
v -0.0711200386 -0.0533309095 0.263042927
v -0.067121692 -0.0532683134 0.263009131
v -0.0706333593 -0.0583785176 0.263021857
v -0.0660517588 -0.0629908293 0.263002217
v -0.0696989596 -0.0657263249 0.263001353
v -0.067975007 -0.0737445801 0.276869357
v -0.0640951321 -0.0728581399 0.2766985
v -0.0690647662 -0.0681877807 0.276887596
v -0.0652902499 -0.0664189085 0.276717067
v -0.0660206079 -0.0609741472 0.276723742
v -0.0661949292 -0.0597134903 0.275802195
v -0.0701789632 -0.060098432 0.275837839
v -0.0661109388 -0.0602139644 0.276478678
v -0.0701126456 -0.0604538135 0.276477993
v -0.0700118914 -0.0612425245 0.276895493
v -0.066617161 -0.056395717 0.273739159
v -0.0705993623 -0.0568143502 0.2737782
v -0.0716557577 0.0258046295 0.27943632
v -0.0676600561 0.025725916 0.279230297
v -0.0720484331 0.0278027542 0.271357775
v -0.0680780709 0.0278935768 0.270525604
v -0.0722428039 0.0298578516 0.263077885
v -0.0682464391 0.0297641624 0.26301083
v -0.0710840672 0.0241420809 0.286165118
v -0.0671048015 0.0241046492 0.285759956
v -0.0711273924 0.0177448951 0.286172926
v -0.0671499297 0.017725911 0.285749346
v -0.0677893832 0.0195104238 0.278569788
v -0.0715570524 0.0188694727 0.281605959
v -0.0720813945 0.0209316965 0.273242354
v -0.0683218986 0.0258416254 0.263014019
v -0.0723234564 0.0257765446 0.263086617
v -0.0683346912 0.0249722321 0.263150632
v -0.072337009 0.0247291233 0.263322949
v -0.0683425441 0.0241652969 0.263508171
v -0.0723420978 0.0237312447 0.263963312
v -0.0683407038 0.0235150624 0.264071375
v -0.068330802 0.0229541194 0.264932305
v -0.0723273233 0.0229637846 0.265151203
v -0.0682435706 0.0219744053 0.26867193
v -0.0719605684 0.00913250353 0.276812226
v -0.0719090849 0.0172088407 0.276812553
v -0.0679680258 0.00911697652 0.276565284
v -0.0679166839 0.0171744488 0.276568532
v -0.071707584 0.0164133683 0.280045837
v -0.0677180961 0.0163846742 0.279738337
v -0.0717522725 -0.00611168658 0.280047059
v -0.0677659735 -0.00610087998 0.279731959
v -0.0719710216 -0.00531858765 0.276811838
v -0.0679787025 -0.00530860387 0.276564121
v -0.0719777346 0.0027446032 0.276811451
v -0.0679871216 0.00274205068 0.276563853
v -0.0725741163 0.00762763107 0.256991953
v -0.0685741603 0.0076116873 0.25697878
v -0.0724598467 0.00539860968 0.266032755
v -0.0684735775 0.00549639715 0.265482724
v -0.0725662336 0.0140223373 0.256994069
v -0.0685396791 0.0139888274 0.256979287
v -0.072288394 0.0107689453 0.270165831
v -0.0683628693 0.0112053044 0.268172771
v -0.0716439411 -0.0280277692 0.278717041
v -0.0676511973 -0.0279480927 0.278487056
v -0.0716042817 -0.0277130939 0.279387742
v -0.0676047131 -0.0274949018 0.279290229
v -0.0715832412 -0.0271479394 0.27982676
v -0.067597501 -0.0264267586 0.279736847
v -0.0715876445 -0.0261498038 0.280032516
v -0.0717521906 -0.00911276136 0.280044615
v -0.0677589402 -0.00908985455 0.279734641
v -0.0717009529 -0.0280594081 0.27784279
v -0.0677098706 -0.0279953852 0.277610034
v -0.0720381141 -0.0264731515 0.271941602
v -0.0680657178 -0.0261028577 0.271345347
v -0.0680118352 -0.0266854335 0.27236563
v -0.07199426 -0.0268415622 0.272834539
v -0.0721715763 -0.0218293946 0.270373434
v -0.0681740493 -0.021775784 0.270216852
v -0.0721433312 -0.02397478 0.270383477
v -0.0681449026 -0.0239720885 0.27023074
v -0.0721203387 -0.0248885509 0.270597219
v -0.0681126937 -0.0251722019 0.270581692
v -0.0720904246 -0.0256728623 0.271022499
v -0.0683318004 -0.0259477962 0.262967706
v -0.0723130554 -0.0260270294 0.263036311
v -0.0724459216 -0.0189949349 0.263042271
v -0.0684482455 -0.0189384464 0.262968153
v -0.0721330345 -0.0138200084 0.273127526
v -0.0681374893 -0.0137939956 0.272940159
v -0.0718870237 -0.0212466568 0.276478827
v -0.0680200905 -0.0206764452 0.274002522
v -0.072031118 -0.0206168815 0.273912519
v -0.0680539086 -0.0203599613 0.273414403
v -0.0720586181 -0.0202173982 0.273453355
v -0.0680843815 -0.0196235124 0.272966653
v -0.0720802471 -0.0196224768 0.273153454
v -0.067894496 -0.0211926159 0.276231289
v -0.0718557313 -0.0209852215 0.277011603
v -0.0678630173 -0.0209421311 0.276771873
v -0.0718989596 -0.0148142194 0.277234167
v -0.0679106489 -0.0147836413 0.276981622
v -0.0678572357 -0.0204652641 0.27697736
v -0.0718481913 -0.0205384586 0.277223915
v -0.0724860132 -0.0113251274 0.263084739
v -0.0684868097 -0.0113006588 0.263007998
v -0.0722804517 -0.0130555863 0.270096451
v -0.0683008879 -0.0128829088 0.26935792
v -0.0725173354 -0.00493451487 0.263084859
v -0.0685181618 -0.0049255169 0.263007134
v -0.0722899958 -0.00676775724 0.270518124
v -0.0682814941 -0.00682506943 0.270639718
v -0.0707371905 -0.0514072254 0.27999866
v -0.0670769438 -0.0446870029 0.279753089
v -0.071432054 -0.0342390314 0.280023605
v -0.067444481 -0.033904247 0.279748559
v -0.0714537129 -0.0333576761 0.279878616
v -0.067499049 -0.032585267 0.279331923
v -0.0714954808 -0.0325860456 0.279535085
v -0.0715726316 -0.0316884592 0.278681129
v -0.0675655231 -0.0317639299 0.278616518
v -0.0716617629 -0.0311697125 0.277485102
v -0.0676475912 -0.0311767887 0.277592212
v -0.0667198077 -0.0511449091 0.279751092
v -0.0709256828 -0.050655067 0.276939601
v -0.0669417232 -0.050400015 0.27673775
v -0.0715303943 -0.0376988798 0.276665926
v -0.0675612763 -0.0373205431 0.276181966
v -0.0675254315 -0.0377717242 0.276559591
v -0.0715045929 -0.0384333916 0.276960671
v -0.0675083175 -0.0383461118 0.276737899
v -0.0677293763 -0.0364975221 0.273393512
v -0.0676016286 -0.037047144 0.275600731
v -0.0717249736 -0.0366223343 0.27357468
v -0.0715829805 -0.0372228473 0.275995284
v -0.0671582446 -0.0495706722 0.27338782
v -0.0711607039 -0.0498222075 0.273552865
v -0.0712995455 -0.0490711853 0.270502955
v -0.0673077703 -0.048824355 0.270373583
v -0.067921415 -0.0354751945 0.269277006
v -0.0680464208 -0.0346657149 0.266026467
v -0.0720398799 -0.0347863287 0.266119778
v -0.0718772858 -0.0360407531 0.27017495
v -0.0678931624 -0.0357572287 0.269848406
v -0.0719160214 -0.0356088765 0.269448251
v -0.0678534955 -0.036510922 0.270356655
v -0.0718427449 -0.0368199497 0.270511597
v -0.0714703202 -0.0479853563 0.266101539
v -0.0674758926 -0.0477463007 0.266020834
v -0.0715609044 -0.0472320244 0.263056397
v -0.0675642416 -0.0469999984 0.263005555
v -0.0682059079 -0.0283775907 0.266391873
v -0.0722021759 -0.0284591317 0.266495705
v -0.0682253093 -0.0281576384 0.265189588
v -0.0722253472 -0.0282394011 0.265198946
v -0.0682424232 -0.0282690041 0.264294535
v -0.0722416341 -0.0283841733 0.264298886
v -0.0682461783 -0.0286317542 0.263698757
v -0.0722444877 -0.0287201758 0.263774037
v -0.0682426691 -0.0291010141 0.263315767
v -0.0722400174 -0.0292658638 0.263347238
v -0.0682270229 -0.0299609657 0.263054848
v -0.0722253695 -0.0300502405 0.263127655
v -0.0682030991 -0.0310411043 0.263010949
v -0.0679088235 -0.0400317423 0.263009667
v -0.0722108558 -0.0311492104 0.263075948
v 0.0650620237 0.047763098 0.278298587
v 0.0690761358 0.0483574159 0.279369205
v 0.0698906556 0.0476503409 0.276521176
v 0.0658773556 0.0470572226 0.275519818
v 0.0670000911 0.0309724249 0.278044522
v 0.0710234791 0.0312236473 0.279145062
v 0.066881232 0.0318307057 0.278245091
v 0.0708889961 0.0321276709 0.279368609
v 0.0672189593 0.0300705638 0.27750957
v 0.071258381 0.0303064212 0.278556079
v 0.0675883144 0.0292987786 0.276390672
v 0.0716396794 0.0295619592 0.277389348
v 0.0702949762 0.0266926922 0.266063929
v 0.0731626526 0.0281675123 0.271803409
v 0.0746123642 0.0267147031 0.265871823
v 0.0706046596 0.0264413822 0.2646586
v 0.0748549402 0.0268617533 0.264658302
v 0.0707605407 0.0265759695 0.263873488
v 0.0749553889 0.027432926 0.263981968
v 0.0708653554 0.027061386 0.263206184
v 0.0708855912 0.0277955476 0.262853146
v 0.0749658942 0.0283940695 0.263602585
v 0.0708107501 0.0291823465 0.262755513
v 0.0743355677 0.0356981605 0.263581187
v 0.0698969364 0.0383189805 0.262777746
v 0.0732090771 0.0444543809 0.263572723
v 0.0691470131 0.0438498408 0.262795538
v 0.0703816861 0.0376835167 0.279377639
v 0.0660582781 0.0402447246 0.278273761
v 0.0684920326 0.0445507206 0.265590578
v 0.0725449249 0.0451590382 0.266415417
v 0.0694085658 0.0376410745 0.265568346
v 0.0699479803 0.0324652717 0.265558332
v 0.0740177557 0.0328356512 0.266426414
v 0.0734717399 0.0381187573 0.266421527
v 0.0691395402 0.0333038867 0.268842876
v 0.0731999427 0.0336751603 0.269758999
v 0.0730030164 0.0342560485 0.270369798
v 0.068937704 0.0339285731 0.269459903
v 0.0729062334 0.0349445269 0.270530641
v 0.0688503683 0.0345907025 0.269592881
v 0.0721148401 0.0418574028 0.270525783
v 0.0681076497 0.0410756767 0.269611001
v 0.0674803779 0.0455669351 0.269628614
v 0.0715125129 0.0461689122 0.270518303
v 0.0667446926 0.0462722406 0.272419184
v 0.0707703605 0.046875447 0.273362935
v 0.0677023679 0.0391177125 0.272391468
v 0.0682241395 0.0341729522 0.272379547
v 0.0722697675 0.0345552191 0.273376942
v 0.071836926 0.0386846177 0.273372263
v 0.0713705197 0.0357842185 0.276398093
v 0.0673481598 0.0353966653 0.275336653
v 0.0672530159 0.0359895267 0.275476694
v 0.0675718412 0.034785632 0.274738163
v 0.0715918913 0.0351688378 0.275775552
v 0.0712753832 0.0363952257 0.276532084
v 0.0668202788 0.04004208 0.275488853
v 0.0708101019 0.0407734141 0.276531368
vn -0.2080047 0.05473463 0.9765952
vn -0.2140853 0.05223272 0.9754174
vn -0.2177685 0.05071423 0.974682
vn -0.2237177 0.04825659 0.9734585
vn -0.2531193 -0.8982709 0.3592212
vn -0.2411308 -0.948617 0.2048942
vn -0.2330522 -0.952369 0.196672
vn -0.2284783 -0.9537213 0.1954827
vn -0.2227892 -0.9558286 0.1917203
vn -0.2206897 -0.956204 0.1922759
vn -0.2159232 -0.9579565 0.1889349
vn -0.2829283 -0.8216963 0.4947392
vn -0.2599139 -0.6009766 0.7558252
vn -0.2623993 -0.39762 0.8792297
vn -0.2023004 -0.1419594 0.96898
vn -0.1914173 -0.05802014 0.9797924
vn -0.1131282 0.2048348 0.9722369
vn -0.137894 0.1342407 0.9813076
vn -0.03359247 0.483668 0.8746067
vn 0.05251585 0.6611669 0.7483986
vn 0.1358658 0.8768353 0.4611943
vn 0.2312528 0.9620592 0.1447906
vn 0.244504 0.9693891 -0.02241535
vn 0.262439 0.9456682 -0.1919309
vn 0.2613438 0.9437344 -0.2026446
vn 0.2563202 0.9469944 -0.1936532
vn 0.2496912 0.949153 -0.1917367
vn 0.2457566 0.9492806 -0.1961381
vn -0.2460452 0.03943537 0.9684557
vn -0.2434032 0.03681122 0.9692264
vn -0.2476156 0.04099661 0.9679906
vn -0.250296 0.04366376 0.9671843
vn -0.2781028 -0.9417214 0.1892604
vn -0.2715893 -0.9445302 0.1846674
vn -0.2809366 -0.9408268 0.1895243
vn -0.2877406 -0.9379079 0.1937374
vn -0.2971469 -0.9346788 0.1951391
vn -0.3029325 -0.9319806 0.1991082
vn -0.3093705 -0.9394203 0.1475783
vn -0.2924757 -0.9547616 0.05374175
vn -0.2851024 -0.9536371 -0.09639956
vn -0.2314242 -0.9297237 -0.2864555
vn -0.2082549 -0.8732837 -0.4404606
vn -0.1269141 -0.7596142 -0.6378707
vn -0.08913927 -0.6411071 -0.7622571
vn -0.0008872203 -0.472638 -0.8812562
vn 0.1017305 -0.1810263 -0.9782026
vn 0.04204205 -0.306917 -0.9508072
vn 0.1209521 -0.08931703 -0.9886319
vn 0.1523286 -0.04186464 -0.9874428
vn 0.1526087 -0.03875807 -0.9875264
vn 0.1618934 -0.03718011 -0.9861076
vn 0.1611886 -0.04211846 -0.9860244
vn 0.1827262 0.06496328 -0.9810153
vn 0.2039907 0.1134236 -0.97238
vn 0.2236959 0.3369865 -0.9145492
vn 0.2587571 0.4659954 -0.8461047
vn 0.248109 0.6313374 -0.7347482
vn 0.2675125 0.7588499 -0.5937878
vn 0.2401468 0.8442621 -0.479115
vn 0.2377197 0.9142665 -0.3280337
vn 0.2153398 0.9417741 -0.2582444
vn 0.203455 0.9588969 -0.1977945
vn 0.2026499 0.9594638 -0.1958627
vn 0.1972322 0.9603648 -0.1969745
vn 0.1946362 0.9603475 -0.1996234
vn -0.9628593 0.1801527 -0.2011144
vn -0.9635349 0.1920546 -0.1863213
vn -0.9632318 0.198331 -0.1812438
vn -0.9611085 0.2174031 -0.1703129
vn -0.9604387 0.2202343 -0.1704537
vn -0.9630499 0.2067017 -0.1726535
vn -0.9568772 0.2423694 -0.1601345
vn -0.9564974 0.2434485 -0.1607656
vn -0.9528785 0.2561704 -0.1624788
vn -0.9538638 0.2573728 -0.1546065
vn -0.9502636 0.2711638 -0.1531964
vn -0.9517943 0.2683274 -0.1486203
vn -0.969133 0.2050484 -0.1368809
vn -0.9521708 0.255138 -0.1681531
vn -0.9465303 0.2857119 -0.1498305
vn -0.9476271 0.2819088 -0.1501009
vn -0.9488244 0.2779647 -0.1498927
vn -0.9632882 0.1990268 -0.1801778
vn -0.9654243 0.1901663 -0.1783049
vn -0.9626786 0.1966351 -0.1859691
vn -0.9525992 0.2370986 -0.1906283
vn -0.9519747 0.2395917 -0.1906304
vn -0.9520853 0.2243682 -0.2078279
vn -0.952748 0.2158073 -0.2137722
vn -0.959149 0.1591216 -0.2339093
vn -0.9591203 0.1548725 -0.2368601
vn -0.9614283 0.167682 -0.2180327
vn -0.96031 0.1685829 -0.2222261
vn -0.9635124 0.1834298 -0.194929
vn 0.9569061 -0.2422151 0.1601951
vn 0.9571289 -0.2404751 0.1614806
vn 0.9542146 -0.2562401 0.1543232
vn 0.9488888 -0.2761486 0.1528133
vn 0.9532762 -0.2602211 0.153458
vn 0.9525137 -0.2576663 0.1622519
vn 0.9614791 -0.2145941 0.171777
vn 0.9604537 -0.2220466 0.1679999
vn 0.970353 -0.1700454 0.1717546
vn 0.9623891 -0.2090942 0.1734556
vn 0.9612468 -0.1730099 0.2146441
vn 0.9632949 -0.1876622 0.191953
vn 0.963728 -0.1865393 0.1908703
vn 0.9591593 -0.1611329 0.2324858
vn 0.9613745 -0.1674035 0.2184841
vn 0.9590919 -0.1544397 0.2372572
vn 0.962818 -0.1960486 0.1858667
vn 0.9669352 -0.1840917 0.1764839
vn 0.9630855 -0.1993881 0.1808609
vn 0.9520509 -0.25484 0.1692793
vn 0.9565765 -0.2525031 0.145615
vn 0.9499007 -0.2746573 0.1491712
vn 0.9478472 -0.2812923 0.1498671
vn 0.9440516 -0.2938675 0.1496947
vn 0.9519407 -0.2251764 0.2076163
vn 0.9519063 -0.2343675 0.1973483
vn 0.9523047 -0.2149207 0.2166212
vn 0.9530851 -0.2374845 0.1876962
vn 0.9503123 -0.2504153 0.1849296
vn -0.189096 0.9387774 -0.2879926
vn -0.1911575 0.9367242 -0.2932688
vn -0.1897987 0.9380821 -0.2897902
vn -0.1877502 0.9400958 -0.2845518
vn -0.2254664 -0.04777043 0.9730791
vn -0.224041 -0.04870951 0.9733618
vn -0.2021706 -0.2051901 0.9576138
vn -0.2248942 -0.1464464 0.9633151
vn -0.1738192 -0.3938723 0.9025804
vn -0.1155166 -0.5272735 0.8418068
vn -0.0772221 -0.6945393 0.7152985
vn -0.02357635 -0.7766848 0.6294481
vn 0.03809693 -0.9065123 0.420457
vn 0.05548418 -0.9170874 0.3948065
vn 0.1016471 -0.9588197 0.2652029
vn 0.1023108 -0.9595114 0.2624316
vn 0.143399 -0.981969 0.123181
vn 0.112083 -0.9648476 0.2377111
vn 0.1521615 -0.9881548 0.01992691
vn 0.2155717 -0.9491853 -0.2292946
vn 0.2165967 -0.8825012 -0.4174655
vn 0.2309993 -0.5409606 -0.8087034
vn 0.2560829 -0.6969392 -0.6698487
vn 0.1978122 -0.1444426 -0.9695394
vn 0.1909943 -0.04385487 -0.980611
vn 0.2337394 -0.305844 -0.9229438
vn 0.1601868 0.03991275 -0.9862794
vn 0.1565723 0.03788851 -0.9869395
vn 0.1485491 0.04011814 -0.988091
vn 0.1445467 0.0358387 -0.9888487
vn -0.2047449 -0.05493887 0.9772723
vn -0.1974179 -0.05641201 0.978695
vn -0.215954 0.9344444 -0.2831565
vn -0.2170604 0.9334179 -0.2856849
vn -0.2163393 0.9340879 -0.284037
vn -0.2152361 0.9351051 -0.2815169
vn -0.1597895 -0.04204196 0.9862555
vn -0.1545663 -0.03952707 0.9871915
vn -0.1560492 -0.04255629 0.9868321
vn -0.169938 -0.04090624 0.9846054
vn -0.1737277 -0.04036263 0.9839662
vn -0.1753296 -0.04332279 0.9835562
vn -0.06695698 0.8510116 -0.5208609
vn -0.06969354 0.8609158 -0.5039511
vn 0.06706931 0.5382817 -0.8400919
vn 0.07720932 0.4771319 -0.8754336
vn 0.1614709 0.189609 -0.9684913
vn 0.1645188 0.1412444 -0.9762089
vn 0.1754749 0.04419423 -0.9834914
vn 0.1614339 0.05027953 -0.9856019
vn 0.1680437 0.04693852 -0.9846614
vn 0.1765359 0.04058392 -0.9834571
vn -0.1361151 0.9510922 -0.2773017
vn -0.137474 0.9501413 -0.2798793
vn -0.2012472 0.9360368 -0.2886776
vn -0.205411 0.9362726 -0.2849559
vn -0.2039788 0.9361947 -0.2862376
vn -0.2081057 0.9364099 -0.2825395
vn -0.2037424 -0.05073584 0.977709
vn -0.1995562 -0.04553565 0.9788278
vn -0.1922625 -0.0454765 0.9802893
vn -0.193296 -0.04200219 0.980241
vn -0.1800187 -0.04900148 0.982442
vn -0.1736494 -0.05086893 0.9834929
vn -0.1182277 0.9514894 -0.2840601
vn -0.02147061 0.8294775 -0.5581273
vn -0.06974047 0.8850883 -0.4601683
vn 0.04111226 0.6621247 -0.7482651
vn 0.1535634 0.3488813 -0.9244999
vn 0.154281 0.298616 -0.9418205
vn 0.2003661 0.0533407 -0.9782679
vn 0.195657 0.04762858 -0.9795151
vn 0.1906059 0.05096825 -0.9803426
vn 0.1859997 0.04413314 -0.9815581
vn -0.1264182 0.9527499 -0.2761994
vn -0.9601027 -0.1952178 -0.2002317
vn -0.9616908 -0.1851383 -0.2021746
vn -0.9608896 -0.1727782 -0.2164226
vn -0.9640185 -0.1764071 -0.1988692
vn -0.9660434 -0.1878861 -0.177367
vn -0.9527468 -0.243552 -0.1815378
vn -0.954567 -0.2301657 -0.1892769
vn -0.956421 -0.2198311 -0.1921796
vn -0.9591917 -0.1918669 -0.2076977
vn -0.9531409 -0.2484707 -0.1725832
vn -0.9568131 -0.1791571 -0.2289354
vn -0.9538724 -0.2061117 -0.2182783
vn -0.9554658 -0.1850538 -0.2298699
vn -0.9570752 -0.1712128 -0.2338658
vn -0.9496572 -0.2236546 -0.2193852
vn -0.9490132 -0.23446 -0.2107184
vn -0.9497913 -0.2403128 -0.2003647
vn -0.9573722 -0.1686484 -0.2345125
vn -0.9585207 -0.1631713 -0.2336945
vn -0.9578099 -0.1685236 -0.2328091
vn -0.9656211 -0.1742328 -0.1929218
vn -0.966939 -0.1779466 -0.1826584
vn -0.9681537 -0.1672133 -0.1863277
vn -0.9679779 -0.1679575 -0.1865721
vn -0.969196 -0.1603658 -0.1869273
vn -0.959592 -0.2237844 -0.1705978
vn -0.9605348 -0.2173725 -0.1735572
vn -0.9563863 -0.2445776 -0.159709
vn -0.9568447 -0.2476089 -0.1521112
vn -0.9638656 -0.171611 -0.2037464
vn 0.9632551 0.1792272 0.2000429
vn 0.9616351 0.1851853 0.2023969
vn 0.9606605 0.1733553 0.2169778
vn 0.9655267 0.1891203 0.1788626
vn 0.9593039 0.1918029 0.2072385
vn 0.960174 0.1949636 0.2001378
vn 0.9671559 0.1781219 0.1813341
vn 0.9590887 0.2218228 0.1759072
vn 0.956358 0.2449075 0.1593731
vn 0.9551772 0.2532323 0.1533289
vn 0.9540007 0.2559145 0.1561745
vn 0.9661657 0.1722838 0.191943
vn 0.9704238 0.1582371 0.1823147
vn 0.9682213 0.168587 0.1847318
vn 0.9683105 0.1684605 0.1843792
vn 0.9568984 0.1714815 0.234392
vn 0.9584856 0.1635117 0.2336007
vn 0.9572394 0.1685812 0.2351021
vn 0.9579225 0.1674163 0.2331444
vn 0.9568596 0.1792289 0.2286845
vn 0.9565665 0.1764883 0.2320183
vn 0.9552276 0.1847906 0.2310689
vn 0.9541212 0.2108724 0.2125692
vn 0.9471739 0.2312792 0.222197
vn 0.9501207 0.2318594 0.2085952
vn 0.951697 0.2300761 0.2033175
vn 0.9564077 0.220192 0.1918333
vn 0.9527121 0.2488212 0.174436
vn 0.9523354 0.2439273 0.1831851
vn 0.9541356 0.2314995 0.1898241
vn 0.9639615 0.1718938 0.2030531
vn 0.009645419 -0.8641747 -0.5030995
vn -0.01976825 -0.9093603 -0.4155394
vn 0.03327515 -0.7836137 -0.6203566
vn 0.1056301 -0.5900622 -0.800418
vn 0.1158822 -0.4621544 -0.8791954
vn -0.02514112 -0.9331675 -0.3585613
vn -0.02609257 -0.9327371 -0.3596118
vn -0.02894182 -0.9326696 -0.359569
vn 0.1770788 0.9614269 -0.2104788
vn 0.1740316 0.9624458 -0.2083534
vn 0.1726056 0.9628947 -0.2074638
vn 0.1695996 0.9637991 -0.2057359
vn 0.1670924 0.9644674 -0.2046528
vn 0.1641427 0.9652693 -0.2032544
vn 0.1782922 -0.02724765 -0.9836002
vn 0.1805315 -0.02943636 -0.9831287
vn 0.1818563 -0.03073198 -0.9828448
vn 0.1841358 -0.03296253 -0.9823478
vn -0.1954654 -0.9601771 0.1996324
vn -0.2044318 -0.9580314 0.2009564
vn -0.201611 -0.9581559 0.2032001
vn -0.1827051 -0.962279 0.2015885
vn -0.1855752 -0.9622172 0.1992483
vn -0.1926129 -0.9602618 0.201984
vn -0.1563217 0.5691624 0.8072284
vn -0.1698033 0.5415329 0.8233522
vn -0.2389441 0.1907132 0.9521209
vn -0.2428313 0.175959 0.9539766
vn -0.2583313 0.03679584 0.9653554
vn -0.256918 0.0377672 0.965695
vn -0.04299703 0.8603452 0.5078949
vn -0.05362959 0.8500313 0.5239949
vn 0.0131811 0.9345996 0.3554572
vn 0.01145096 0.9342782 0.3563611
vn 0.01061314 0.9343103 0.3563027
vn 0.007917647 0.933916 0.3574046
vn -0.1390463 -0.9685819 0.2061921
vn -0.1393462 -0.9686541 0.2056497
vn -0.1405469 -0.9681383 0.2072554
vn -0.1416256 -0.9679633 0.2073388
vn -0.1434687 -0.9674931 0.2082637
vn -0.1443188 -0.9675824 0.2072592
vn -0.2713906 0.0193867 0.962274
vn -0.2704528 0.01997444 0.962526
vn -0.2699127 0.02031281 0.9626705
vn -0.2689622 0.02090812 0.9629238
vn 0.1243226 0.9684552 -0.2159594
vn 0.1234948 0.9686013 -0.2157789
vn 0.1211688 0.9694717 -0.2131729
vn 0.1208136 0.9695176 -0.2131657
vn 0.1204223 0.9700438 -0.2109823
vn 0.1205303 0.9700251 -0.2110067
vn 0.1755465 -0.2060695 -0.9626623
vn 0.1768016 -0.121682 -0.9766957
vn 0.1962937 -0.02225789 -0.9802925
vn 0.1947165 -0.02052724 -0.9806448
vn -0.9637325 0.07026427 -0.2574538
vn -0.9685518 0.07683847 -0.2366503
vn -0.9637344 0.07029521 -0.2574387
vn -0.9665562 0.07660919 -0.244745
vn -0.9709651 0.1031955 -0.2158179
vn -0.973528 0.1070113 -0.2019699
vn -0.9674078 0.1115781 -0.2273154
vn -0.9643558 0.1188521 -0.2364151
vn -0.9615238 0.1254942 -0.2443833
vn -0.9613609 0.1142104 -0.2504818
vn -0.9615149 0.1123092 -0.2507502
vn -0.9613589 0.1137917 -0.2506802
vn -0.9678885 0.152806 -0.1996056
vn -0.9693665 0.1495384 -0.1948512
vn -0.968089 0.1405786 -0.2074639
vn -0.9668486 0.1377352 -0.2150185
vn -0.9745594 0.09501346 -0.2029936
vn -0.9768643 0.1124768 -0.1818932
vn -0.977587 0.1414498 -0.1559349
vn -0.9740375 0.08473895 -0.2099295
vn 0.9738485 -0.09896004 0.2045142
vn 0.9738237 -0.08688772 0.2100427
vn 0.9714606 -0.09598508 0.2169129
vn 0.9728727 -0.09511966 0.2108815
vn 0.9745861 -0.1046293 0.1980773
vn 0.9685066 -0.1394165 0.2062957
vn 0.9643119 -0.1186858 0.2366773
vn 0.9664084 -0.138764 0.2163317
vn 0.9689634 -0.1535678 0.193718
vn 0.969113 -0.150326 0.1955047
vn 0.9616047 -0.1258155 0.2438993
vn 0.9705258 -0.1084808 0.2152011
vn 0.9665786 -0.1086349 0.2322157
vn 0.9612817 -0.1136004 0.2510626
vn 0.9614353 -0.1121423 0.2511301
vn 0.9613237 -0.1136378 0.2508849
vn 0.9682311 -0.07756111 0.2377239
vn 0.9637384 -0.07024308 0.2574376
vn 0.9636613 -0.06924516 0.2579964
vn 0.9654629 -0.07472048 0.2495963
vn -0.1143138 -0.9715459 0.207439
vn -0.113414 -0.9713712 0.208747
vn -0.112925 -0.9710603 0.2104513
vn -0.1122418 -0.9709395 0.2113728
vn -0.1120125 -0.9701471 0.2150996
vn -0.1118833 -0.970111 0.2153293
vn -0.1128802 -0.9695974 0.2171153
vn -0.1130732 -0.9696056 0.2169786
vn -0.3013752 0.01223838 0.953427
vn -0.3017041 0.01201465 0.9533259
vn -0.3018928 0.01188626 0.9532678
vn -0.3022249 0.01166024 0.9531654
vn 0.199735 0.1512873 -0.9681003
vn 0.1972534 -0.0103013 -0.9802984
vn 0.198089 -0.009520003 -0.9801378
vn 0.2073154 0.07991319 -0.9750047
vn 0.2151279 0.372165 -0.9028915
vn 0.1917498 0.4857795 -0.8527897
vn 0.1839993 0.7191641 -0.6700352
vn 0.1572177 0.776246 -0.6105118
vn 0.1251132 0.9211838 -0.3684659
vn 0.1094632 0.9367017 -0.3325776
vn 0.09390291 0.9702451 -0.2231742
vn 0.09500909 0.9714863 -0.2172274
vn 0.09461683 0.9717751 -0.2161038
vn 0.09853599 0.9716699 -0.2148214
vn 0.1002082 0.9714587 -0.2150033
vn -0.976842 0.05627149 -0.2064294
vn -0.9739582 0.05819714 -0.2191317
vn -0.9746233 0.06039643 -0.2155496
vn -0.9746393 0.05366788 -0.2172512
vn -0.9798355 0.04270656 -0.1951883
vn -0.9653422 0.04219669 -0.2575538
vn -0.9606277 0.04126337 -0.2747577
vn -0.9583893 0.03638575 -0.2831361
vn -0.9568865 0.0397252 -0.2877329
vn -0.9705131 0.04862058 -0.2360937
vn 0.9746363 -0.06003797 0.2155913
vn 0.974613 -0.06358823 0.2146766
vn 0.9734097 -0.05598924 0.2221231
vn 0.9725016 -0.05814052 0.2255223
vn 0.975102 -0.05777154 0.2140993
vn 0.9744627 -0.05822133 0.2168701
vn 0.9701694 -0.04961967 0.2372956
vn 0.9579974 -0.03723314 0.2843497
vn 0.9568489 -0.0397455 0.2878548
vn 0.9603252 -0.04225037 0.2756636
vn 0.96412 -0.04245151 0.2620505
vn 0.2309887 -0.6669728 -0.7083725
vn 0.2488452 -0.3390019 -0.9072782
vn 0.2675944 -0.161711 -0.9498646
vn 0.2578646 0.006610475 -0.9661584
vn 0.2587862 0.007434985 -0.9659061
vn 0.144476 -0.8790523 -0.4543057
vn 0.07425512 -0.9932027 -0.08963585
vn -0.1717012 -0.5497111 0.8175184
vn -0.1478021 -0.7339358 0.6629425
vn -0.07307791 -0.883086 0.4634853
vn -0.05215235 -0.9391515 0.339521
vn 0.02073799 -0.9977369 0.06396107
vn -0.2280741 -0.1731771 0.958119
vn -0.2413913 -0.009225059 0.9703841
vn -0.2423661 -0.01006724 0.9701326
vn -0.2287603 -0.2765046 0.9333885
vn 0.1257396 -0.8921749 -0.4338359
vn 0.1263396 -0.891976 -0.4340706
vn 0.1242137 -0.8919683 -0.4346995
vn 0.1222629 -0.8914152 -0.4363837
vn 0.1202845 -0.8906283 -0.4385349
vn 0.19921 0.009818534 -0.9799076
vn 0.1995154 0.0100417 -0.9798432
vn 0.1989805 0.009650754 -0.979956
vn 0.1986783 0.009430001 -0.9800194
vn -0.147141 0.8693779 0.4717328
vn -0.1464955 0.8692246 0.4722156
vn -0.1479295 0.8695641 0.4711424
vn -0.1485607 0.8697127 0.4706693
vn 0.2285422 0.01845236 -0.973359
vn 0.228563 0.01840681 -0.9733551
vn 0.2172802 0.1546101 -0.9637868
vn 0.2178964 0.1557139 -0.9634699
vn 0.1699832 0.4889606 -0.8555836
vn 0.1857037 0.445154 -0.8759863
vn 0.1197673 0.7540104 -0.6458515
vn 0.08992124 0.800146 -0.5930266
vn 0.03707951 0.9329231 -0.3581613
vn 0.02551832 0.9413934 -0.3363439
vn -0.03356988 0.9943168 -0.1010302
vn -0.04720876 0.9962816 -0.07207087
vn -0.1667956 0.9162435 0.3642486
vn -0.1107053 0.9731805 0.201653
vn -0.2828799 0.2907156 0.9140369
vn -0.2554799 0.5005381 0.8271587
vn -0.2528017 0.6217885 0.7412627
vn -0.2792638 0.05100702 0.9588587
vn -0.2734932 0.1414186 0.9514212
vn -0.27189 -0.008036253 0.9622948
vn -0.2716603 -0.008156963 0.9623587
vn -0.2706439 -0.005979534 0.9626609
vn -0.2700086 -0.006304867 0.9628373
vn -0.1941753 0.8178681 0.5416529
vn -0.04971964 -0.9721931 0.2288418
vn -0.05125955 -0.9720218 0.2292293
vn -0.04795231 -0.9720013 0.2300307
vn -0.04708058 -0.9724323 0.2283829
vn -0.04627872 -0.9717621 0.2313799
vn -0.04446448 -0.9717365 0.231843
vn -0.04323027 -0.9719108 0.2313451
vn 0.2001618 0.002261341 -0.9797603
vn 0.1997465 0.001953084 -0.9798456
vn 0.1998979 0.002065428 -0.9798145
vn 0.1994809 0.001755896 -0.9799001
vn 0.03456045 0.9715908 -0.2341302
vn 0.03381635 0.9714788 -0.2347028
vn 0.03606611 0.971779 -0.2331195
vn 0.03672862 0.9719154 -0.2324468
vn 0.03724167 0.972016 -0.2319436
vn 0.03783157 0.9721755 -0.2311784
vn -0.9742303 -0.03323889 -0.2230928
vn -0.9722561 -0.02692814 -0.232364
vn -0.9713301 -0.03508096 -0.2351324
vn -0.9723153 -0.04163798 -0.2299329
vn -0.9762079 -0.04232353 -0.2126661
vn -0.9763148 -0.04513391 -0.2115945
vn -0.9693713 -0.04602296 -0.2412496
vn -0.9701083 -0.04893455 -0.2376871
vn -0.9705171 -0.04914617 -0.2359685
vn -0.9643648 -0.05041265 -0.2597288
vn -0.9682477 -0.04745153 -0.245448
vn -0.9655395 -0.04801325 -0.2557892
vn -0.966518 -0.05733993 -0.2501104
vn -0.9650514 -0.05382267 -0.256474
vn -0.963793 -0.05047462 -0.2618306
vn -0.9633566 -0.04963543 -0.263591
vn -0.9623662 -0.04280463 -0.2683637
vn -0.9623029 -0.03903244 -0.2691648
vn -0.9630821 -0.03110799 -0.2674045
vn -0.9646308 -0.02111242 -0.2627579
vn -0.9652654 -0.01583643 -0.2607908
vn -0.9762181 -0.009340722 -0.2165892
vn -0.9721763 -0.01431533 -0.2338127
vn -0.971692 -0.01831719 -0.2355399
vn -0.9766279 -0.005176349 -0.2148749
vn -0.9695438 -0.04358791 -0.2410081
vn -0.9686448 -0.05205233 -0.2429359
vn 0.9752945 0.03904322 0.2174311
vn 0.9726229 0.03306983 0.2300239
vn 0.9743293 0.02843274 0.2233249
vn 0.9659474 0.04883728 0.2540872
vn 0.9685859 0.04908866 0.2437862
vn 0.9689369 0.04863318 0.2424794
vn 0.9698597 0.0443022 0.2396026
vn 0.962472 0.04055056 0.2683344
vn 0.9630526 0.0313339 0.2674846
vn 0.964604 0.02147402 0.2628271
vn 0.9632289 0.05271594 0.2634599
vn 0.963112 0.04504634 0.2653038
vn 0.9645434 0.01700592 0.2633758
vn 0.9684904 0.01348431 0.2486855
vn 0.9716181 0.01412976 0.2361322
vn 0.9764963 0.01044357 0.2152811
vn 0.9748985 0.01048755 0.2224028
vn 0.9773978 0.005273893 0.2113421
vn 0.9609454 0.0651536 0.2689593
vn 0.9648375 0.05288957 0.2574709
vn 0.9633864 0.05034531 0.2633477
vn 0.963471 0.05004522 0.2630954
vn 0.9682345 0.04773825 0.2454448
vn 0.97279 0.05914741 0.2240114
vn 0.969325 0.04718074 0.2412114
vn 0.9723985 0.03612643 0.2305127
vn 0.975809 0.04845572 0.2131874
vn -0.08830821 -0.9718825 0.2182796
vn -0.08959267 -0.9715474 0.219246
vn -0.08868982 -0.9717832 0.2185668
vn -0.08741528 -0.972114 0.2176076
vn -0.2702699 -0.000606608 0.9627844
vn -0.269756 -0.0003710808 0.9629286
vn -0.2693359 0.001417196 0.9630453
vn -0.2699795 0.003013116 0.9628614
vn -0.2707099 0.004281939 0.9626514
vn -0.2706894 0.004292602 0.9626572
vn 0.05730807 0.9726133 -0.2252536
vn 0.05884304 0.972255 -0.2264015
vn 0.05838709 0.9723619 -0.2260606
vn 0.05993877 0.9719971 -0.2272206
vn 0.2547881 0.0004563924 -0.9669969
vn 0.2549739 0.0003504823 -0.9669479
vn 0.2551803 0.0002328867 -0.9668934
vn 0.2553662 0.0001269281 -0.9668444
vn 0.04855691 0.9716998 -0.2311747
vn 0.05019801 0.9715316 -0.2315305
vn 0.05342084 0.9717321 -0.2299631
vn 0.0553118 0.9715407 -0.230324
vn 0.05996311 0.9716412 -0.2287308
vn 0.06211473 0.9714294 -0.229056
vn 0.177221 -0.002380626 -0.9841682
vn 0.1772316 -0.002375035 -0.9841663
vn 0.1772278 -0.002377058 -0.984167
vn 0.1772384 -0.002371498 -0.9841651
vn -0.0707783 -0.9721946 0.2232222
vn -0.06932497 -0.9719576 0.2247053
vn -0.06742796 -0.9717687 0.2260947
vn -0.06615863 -0.9715428 0.227437
vn -0.06382345 -0.9714062 0.2286847
vn -0.06295581 -0.9712779 0.2294688
vn -0.06222297 -0.9711897 0.2300413
vn -0.06154699 -0.9710705 0.2307248
vn 0.2571591 -0.005890556 -0.9663511
vn 0.2564666 -0.005473935 -0.9665377
vn 0.2557018 -0.005013953 -0.9667427
vn 0.2550028 -0.004593617 -0.9669294
vn -0.9817201 0.008697016 -0.1901315
vn -0.9802831 0.01050578 -0.1973184
vn -0.9765109 0.007788073 -0.2153272
vn -0.9730383 0.007400227 -0.2305248
vn -0.9821685 0.01189084 -0.1876265
vn -0.9655088 -0.002245157 -0.260361
vn -0.966139 0.004426661 -0.2579843
vn -0.9648961 -0.001378849 -0.2626282
vn -0.9658895 0.01033282 -0.2587482
vn -0.9685448 -0.00752695 -0.2487251
vn -0.9644399 0.0193833 -0.2635906
vn -0.9643582 0.01923759 -0.2638997
vn 0.9646984 -0.00484612 0.2633125
vn 0.9641422 -0.01969234 0.2646545
vn 0.9661747 -0.01022676 0.2576858
vn 0.9649042 -0.02107516 0.2617546
vn 0.9647545 0.0007243236 0.2631506
vn 0.9648187 0.000815057 0.2629151
vn 0.9672423 -0.002631221 0.2538413
vn 0.9761471 -0.007237843 0.2169899
vn 0.9736143 -0.005401799 0.228136
vn 0.9804004 -0.01007865 0.1967578
vn 0.9817094 -0.008753178 0.1901844
vn 0.982189 -0.01221196 0.1874986
vn 0.002730982 -0.8459608 0.5332382
vn 0.004440316 -0.8470808 0.5314456
vn 0.0417316 -0.4994686 0.8653263
vn 0.03162416 -0.5333588 0.8452978
vn -0.01667961 -0.9350045 0.3542436
vn -0.0190797 -0.9351432 0.3537558
vn -0.01983934 -0.9349188 0.3543067
vn 0.04116109 0.97 0.2395948
vn 0.04101326 0.9699781 0.239709
vn 0.04097434 0.9698679 0.2401607
vn 0.04095485 0.9698717 0.2401491
vn 0.04175089 0.9702135 0.2386268
vn 0.04143868 0.9701597 0.2388995
vn 0.06817803 -0.0003899274 0.9976731
vn 0.06975113 -0.001421873 0.9975634
vn 0.06905034 -0.0009621379 0.9976127
vn 0.07062455 -0.001994902 0.9975009
vn -0.03358043 -0.9702775 -0.2396534
vn -0.03327478 -0.9703181 -0.2395319
vn -0.03228791 -0.9702949 -0.2397606
vn -0.03066859 -0.9701489 -0.2405624
vn -0.03087335 -0.9701102 -0.2406926
vn -0.03146403 -0.9701728 -0.2403642
vn 0.01063234 0.706737 -0.7073964
vn 0.02311052 0.6141264 -0.7888693
vn -0.01205445 0.3189645 -0.94769
vn -0.0009702889 0.1731986 -0.9848865
vn -0.01698097 0.05367946 -0.9984139
vn -0.01412946 0.001910957 -0.9998983
vn -0.01580151 0.003264827 -0.9998698
vn 0.02674456 0.8996324 -0.4358282
vn 0.03099455 0.8860052 -0.4626383
vn 0.02506621 0.9356787 -0.3519618
vn 0.02626322 0.9354664 -0.3524384
vn -0.05434412 -0.968884 -0.2414757
vn -0.05458361 -0.9689196 -0.2412792
vn -0.05397664 -0.9690004 -0.2410907
vn -0.05375316 -0.9691767 -0.2404313
vn -0.05363571 -0.9692006 -0.2403612
vn -0.0536674 -0.9690847 -0.2408206
vn -0.01276938 0.0007282499 -0.9999183
vn -0.01152788 -0.000164189 -0.9999336
vn -0.01051983 -0.0008888026 -0.9999443
vn -0.009299503 -0.001765992 -0.9999551
vn 0.06575902 0.9684313 0.2404509
vn 0.067247 0.9685105 0.2397191
vn 0.07082496 0.9680298 0.2406286
vn 0.07103305 0.968619 0.2381836
vn 0.07404899 0.9674921 0.2418178
vn 0.07738742 0.9673197 0.2414617
vn 0.07980718 0.9675763 0.2396392
vn 0.06272575 -0.004161722 0.9980221
vn 0.06239095 -0.004397802 0.998042
vn 0.0630114 -0.1120941 0.9916977
vn 0.05418495 -0.1543733 0.9865257
vn 0.9991132 -0.03467878 -0.02387621
vn 0.9992252 -0.03241898 -0.02231377
vn 0.9991215 -0.04052394 -0.01066924
vn 0.9983473 -0.02551092 -0.05149543
vn 0.9987394 -0.02635296 -0.04272323
vn 0.9990385 -0.03381595 -0.02790162
vn 0.9991408 -0.03097819 -0.02753215
vn 0.9979659 -0.0427203 -0.04731893
vn 0.9982079 -0.03883923 -0.04552413
vn 0.9977186 -0.04985508 -0.04552095
vn 0.9980103 -0.05646354 -0.02805924
vn 0.9980194 -0.02125459 -0.05920711
vn 0.99791 -0.02217227 -0.06069712
vn 0.9971713 -0.04977788 -0.05631754
vn 0.997478 -0.04299103 -0.0564746
vn 0.9974803 -0.04266891 -0.05667886
vn 0.9974795 -0.04289465 -0.05652088
vn 0.9979295 -0.05992517 -0.02335954
vn 0.997955 -0.0614455 -0.01761709
vn 0.99773 -0.06608438 -0.01295348
vn 0.997683 -0.05505738 -0.03996681
vn -0.9992653 0.03254114 0.02024634
vn -0.9991062 0.03658739 0.02117521
vn -0.9992296 0.03766763 0.01101919
vn -0.9989446 0.04588729 0.002007753
vn -0.9989139 0.03474626 0.03104332
vn -0.9979809 0.04268016 0.04703882
vn -0.9973939 0.04509175 0.05632126
vn -0.9983455 0.02142338 0.05335961
vn -0.9985456 0.02288042 0.04881858
vn -0.9990345 0.02654978 0.0350019
vn -0.999206 0.03145733 0.02445082
vn -0.9978381 0.02594054 0.06038241
vn -0.9974787 0.04309422 0.05638274
vn -0.9973569 0.05039914 0.05233726
vn -0.9973764 0.04457255 0.05704015
vn -0.9978521 0.06264649 0.01914257
vn -0.9977978 0.05775077 0.0326227
vn -0.9976678 0.06601968 0.01733136
vn -0.9980339 0.05499609 0.0300616
vn 0.102435 0.9650999 0.2410172
vn 0.1045392 0.9652234 0.2396152
vn 0.1084039 0.964561 0.2405632
vn 0.1082204 0.9650026 0.2388686
vn 0.1090618 0.9219569 0.3716194
vn 0.1135881 0.9273028 0.3566613
vn 0.09751627 0.7246079 0.6822273
vn 0.08351776 0.6832505 0.725392
vn 0.04321951 0.2671361 0.9626892
vn 0.03297679 0.2266289 0.9734228
vn -0.04725735 -0.2748113 0.9603361
vn -0.0247301 -0.1931977 0.9808481
vn -0.1033685 -0.707753 0.6988568
vn -0.1513897 -0.8362899 0.5269728
vn -0.15587 -0.985916 0.06061396
vn -0.1686141 -0.9831554 -0.07053224
vn -0.1481509 -0.9590665 -0.2413352
vn -0.1419569 -0.9609622 -0.2374861
vn -0.1439212 -0.9602956 -0.2389961
vn -0.1454496 -0.9598534 -0.2398458
vn 0.06048501 -0.002218934 0.9981666
vn 0.05970558 -0.00262256 0.9982126
vn 0.05906586 -0.002953812 0.9982497
vn 0.0582741 -0.00336377 0.9982949
vn 0.1966132 0.9497768 0.2434486
vn 0.1999186 0.9496902 0.2410834
vn 0.2037109 0.9476562 0.2458651
vn 0.2085152 0.9472045 0.2435674
vn 0.2268517 0.9594836 0.1671212
vn 0.2331567 0.9479817 0.2167221
vn 0.2430258 0.9683167 0.05745687
vn 0.2310832 0.9690753 -0.08656497
vn 0.2395517 0.9459728 -0.2185188
vn 0.2048774 0.8552157 -0.4760582
vn 0.2037972 0.8220215 -0.5317398
vn 0.1283396 0.5538135 -0.8226905
vn 0.1473005 0.5973763 -0.7883173
vn 0.08262831 0.3115105 -0.9466434
vn 0.0425225 0.2061636 -0.9775931
vn 0.02405242 0.0747025 -0.9969158
vn 0.004188233 0.02145264 -0.9997611
vn -0.00231968 -0.001987216 -0.9999954
vn -0.01272653 -0.08115185 -0.9966205
vn -0.00163702 -0.002420472 -0.9999957
vn 0.001315329 -0.002619957 -0.9999957
vn 0.0004992468 -0.004234144 -0.9999909
vn -0.01085867 -0.09822328 -0.9951051
vn -0.03753338 -0.2771937 -0.9600806
vn -0.03443226 -0.3600234 -0.9323077
vn -0.06261016 -0.5080459 -0.8590515
vn -0.05759487 -0.6188173 -0.7834207
vn -0.08439285 -0.7357903 -0.6719304
vn -0.07357819 -0.8098725 -0.5819731
vn -0.09361368 -0.9146514 -0.3932548
vn -0.08307143 -0.9337621 -0.34812
vn -0.08355463 -0.9665468 -0.2424994
vn -0.08084427 -0.9671789 -0.2408922
vn -0.07645423 -0.9681181 -0.2385416
vn -0.0779724 -0.9678376 -0.2391877
vn 0.05631349 -0.006497568 0.998392
vn 0.05685906 -0.006265636 0.9983626
vn 0.05732253 -0.006068597 0.9983373
vn 0.05788789 -0.005828231 0.9983061
vn 0.9773028 -0.2118271 -0.002890724
vn 0.9819454 -0.1879083 -0.02176675
vn 0.9790186 -0.2037462 -0.003200731
vn 0.975704 -0.218757 -0.01212887
vn 0.9754705 -0.2199844 -0.008009646
vn 0.9748811 -0.2227171 -0.001980847
vn 0.9742582 -0.225423 0.00232457
vn 0.972957 -0.2308421 0.008156429
vn 0.9829065 -0.1839717 -0.007012754
vn 0.9857126 -0.1684311 0.001201348
vn 0.9925009 -0.1222225 -0.001907867
vn 0.9874734 -0.1577819 -0.001085267
vn 0.9913133 -0.1314656 -0.003814183
vn 0.9918064 -0.1276374 -0.005377587
vn 0.9934757 -0.113945 -0.004759185
vn 0.9941226 -0.1076 -0.01193046
vn 0.9945027 -0.103813 -0.01368638
vn 0.9943023 -0.1058906 -0.01225213
vn 0.9949169 -0.09922146 -0.01718514
vn 0.9958032 -0.09136456 -0.005329777
vn 0.994774 -0.1013639 -0.01224653
vn 0.9955324 -0.08735189 -0.03584499
vn 0.9956545 -0.08574378 -0.0363348
vn 0.9956558 -0.07946579 -0.04852613
vn 0.9958518 -0.07810574 -0.04667567
vn 0.9867061 -0.1538486 -0.05235861
vn 0.987187 -0.1545481 -0.03970787
vn 0.9852262 -0.1650333 -0.04575362
vn 0.9852737 -0.1687815 -0.02735948
vn -0.9942012 0.1067944 0.01259884
vn -0.9941459 0.1076263 0.009513114
vn -0.9949442 0.09895232 0.01716173
vn -0.994834 0.1009266 0.01091517
vn -0.9932351 0.116022 0.004793733
vn -0.9920273 0.1259655 0.003800551
vn -0.9903698 0.1381152 0.009581602
vn -0.9878017 0.1557149 0.000871475
vn -0.9869437 0.1610566 0.001713584
vn -0.9874557 0.1578712 0.002828348
vn -0.9831531 0.1826495 0.007010596
vn -0.9801547 0.1981639 0.005269213
vn -0.9763666 0.2160794 0.00423073
vn -0.97624 0.2166557 0.003978406
vn -0.9725022 0.232826 -0.005603096
vn -0.9734889 0.2287288 -0.0015276
vn -0.9740982 0.2261138 0.002310118
vn -0.9816617 0.1894381 0.02129189
vn -0.984755 0.1722322 0.02436422
vn -0.985493 0.1641842 0.04297883
vn -0.987121 0.156102 0.03499103
vn -0.9869751 0.1534389 0.04833735
vn -0.9958686 0.07870367 0.04529329
vn -0.9961566 0.07656451 0.04254419
vn -0.9956278 0.08700718 0.03398713
vn -0.9957194 0.08544805 0.03523545
vn -0.9945018 0.103765 0.0141077
vn -0.9951535 0.09791299 0.00908183
vn 0.03045557 0.001511868 0.9995349
vn 0.03155467 0.001416205 0.999501
vn 0.033182 0.0003594192 0.9994493
vn 0.02660168 0.002426902 0.9996431
vn 0.02505279 0.003098951 0.9996814
vn 0.02563831 0.002607462 0.9996678
vn 0.02910353 0.002236011 0.9995739
vn 0.1984097 -0.9484617 -0.247091
vn 0.1971913 -0.9491625 -0.2453697
vn 0.1980797 -0.948652 -0.2466248
vn 0.1992805 -0.9479576 -0.2483213
vn 0.09146072 -0.9318728 -0.351067
vn 0.09613018 -0.9652506 -0.2430025
vn 0.09643862 -0.9651242 -0.2433818
vn 0.08658276 -0.9246501 -0.3708445
vn 0.05955499 -0.7019438 -0.7097381
vn 0.06173754 -0.7381798 -0.6717731
vn 0.005263504 -0.2775728 -0.9606902
vn 0.009258083 -0.2456057 -0.9693255
vn -0.01783104 -0.001801451 -0.9998394
vn -0.01571748 9.646289e-05 -0.9998765
vn -0.01436198 -0.0003417151 -0.9998968
vn -0.01218295 -0.000927482 -0.9999254
vn -0.01376097 0.0004356059 -0.9999052
vn 0.00209192 -0.003970766 0.9999899
vn 0.003465768 -0.002412837 0.9999911
vn 0.005167995 -0.001671492 0.9999852
vn 0.007443404 -0.00108006 0.9999717
vn 0.00909529 -0.0005303764 0.9999585
vn 0.01040052 0.0007957794 0.9999456
vn 0.1918079 -0.9499399 -0.2466251
vn 0.1899416 -0.9509579 -0.2441337
vn 0.1892652 -0.951324 -0.2432309
vn 0.1873967 -0.9523278 -0.2407368
vn 0.05904188 0.009494958 0.9982104
vn 0.05944978 0.009195529 0.998189
vn 0.05841647 0.008422105 0.9982567
vn 0.05774532 0.007131408 0.9983059
vn 0.05793282 0.006095088 0.9983019
vn 0.05750642 0.005612598 0.9983293
vn 0.0450947 0.135858 0.9897015
vn 0.04666567 0.1470989 0.9880204
vn 0.01176065 0.4439376 0.8959805
vn 0.01675787 0.4419279 0.896894
vn -0.01857037 0.728008 0.685317
vn -0.02234944 0.7373989 0.6750876
vn -0.04962445 0.9168553 0.3961235
vn -0.04923829 0.9173746 0.3949677
vn -0.06175013 0.9772685 0.2028132
vn -0.07080438 0.9845718 0.160016
vn -0.0644053 0.9947862 -0.07907277
vn -0.07931937 0.9936931 -0.07926245
vn -0.07819355 0.9168071 -0.3916001
vn -0.06082876 0.8535814 -0.5173961
vn -0.07128884 0.709769 -0.7008181
vn -0.04285725 0.5400698 -0.8405282
vn -0.04866133 0.3790766 -0.9240849
vn -0.02096017 0.2229217 -0.9746109
vn -0.01984834 0.09447496 -0.9953293
vn -0.008200298 0.04745067 -0.9988399
vn -0.004538917 0.001447443 -0.9999887
vn -0.001786939 0.001558312 -0.9999973
vn -0.0002863723 0.002346575 -0.9999972
vn 0.0009630625 0.00288254 -0.9999954
vn 0.002219102 0.004449963 -0.9999876
vn 0.2043591 -0.9442191 -0.2582396
vn 0.2077126 -0.9444523 -0.2546864
vn 0.2068251 -0.9443929 -0.2556279
vn 0.2102032 -0.9446113 -0.2520402
vn -0.04282781 -0.004882806 -0.9990705
vn -0.04292367 -0.004755545 -0.999067
vn -0.04280802 -0.005094895 -0.9990703
vn 0.07219289 -0.9007753 -0.4282429
vn 0.08698583 -0.9255497 -0.3684985
vn 0.09188334 -0.9646865 -0.246855
vn 0.09363936 -0.9651665 -0.244306
vn 0.01679173 -0.5820203 -0.8130009
vn 0.05479575 -0.6969984 -0.714976
vn -0.03221999 -0.1537507 -0.9875842
vn -0.009485516 -0.2390579 -0.970959
vn -0.04282455 -0.00511959 -0.9990695
vn 0.9898756 0.1330291 -0.04949305
vn 0.9926002 0.1043896 -0.06202932
vn 0.9932524 0.1010039 -0.05699071
vn 0.9941973 0.09424676 -0.05185939
vn 0.9940351 0.09818401 -0.04747649
vn 0.9861197 0.1584088 -0.04974565
vn 0.9749039 0.2135963 -0.06276209
vn 0.9787255 0.1990432 -0.04978101
vn 0.9812386 0.186648 -0.04830323
vn 0.9955522 0.08702529 -0.03608753
vn 0.9955028 0.08277641 -0.04606668
vn 0.994931 0.08752913 -0.04950672
vn 0.9950128 0.08673429 -0.04926238
vn 0.9950358 0.09926514 -0.007096579
vn 0.9962847 0.08401272 -0.01893967
vn 0.9960411 0.08680645 -0.01914793
vn 0.9964958 0.0823346 -0.01473409
vn 0.9974852 0.0700968 -0.0104833
vn 0.997102 0.06758768 0.03492213
vn 0.9970164 0.07593185 -0.01388797
vn 0.990233 0.1393198 -0.005348346
vn 0.9912244 0.1320156 -0.006781919
vn 0.9869215 0.1611803 -0.002581821
vn 0.9866168 0.163043 0.002040188
vn 0.9937919 0.1080222 -0.0266239
vn 0.9948508 0.09798127 -0.02591533
vn 0.9958198 0.08861069 -0.02216011
vn 0.9899361 0.1394597 -0.02403257
vn 0.9840881 0.1762601 -0.02242778
vn 0.9851611 0.1703372 -0.02104531
vn 0.9810222 0.1928214 -0.02038237
vn 0.9802536 0.19636 -0.02336049
vn 0.9905238 0.1350003 -0.02524963
vn 0.993807 0.1065289 -0.03161467
vn -0.9939882 -0.09810464 0.04860924
vn -0.9956204 -0.08644371 0.03560234
vn -0.9937959 -0.1066257 0.03163535
vn -0.9903309 -0.1371472 0.02086298
vn -0.9864605 -0.1609571 0.03144082
vn -0.9836818 -0.1779156 0.02675988
vn -0.9827915 -0.1840892 0.01523051
vn -0.9936631 -0.109854 0.02378561
vn -0.9949694 -0.09921091 0.01389654
vn -0.9956039 -0.09103207 0.02204589
vn -0.9948347 -0.0983566 0.02509927
vn -0.9936893 -0.1119268 0.007347205
vn -0.9882696 -0.1527037 0.002174998
vn -0.9888461 -0.1489394 0.0006902476
vn -0.9841451 -0.1773625 0.0009596013
vn -0.9839283 -0.178545 0.002646737
vn -0.996344 -0.08398677 0.01564316
vn -0.9964987 -0.08281896 0.01145945
vn -0.9960139 -0.08775408 0.0159827
vn -0.9963719 -0.08289009 0.01929336
vn -0.9977177 -0.06658047 0.01124398
vn -0.9973721 -0.07121974 0.01329132
vn -0.9954844 -0.08295386 0.04614535
vn -0.9944083 -0.09293978 0.05014285
vn -0.9950865 -0.08590053 0.04923271
vn -0.9949021 -0.08772191 0.04974581
vn -0.99151 -0.1200402 0.04998265
vn -0.9954469 -0.06845998 0.06632247
vn -0.9922985 -0.1123315 0.05220411
vn -0.9848142 -0.1665647 0.04896137
vn -0.9856082 -0.1623303 0.04717418
vn -0.9787174 -0.1978295 0.05454901
vn -0.9780619 -0.1999547 0.05842061
vn 0.03173131 0.9706908 0.2382278
vn 0.03095643 0.9706036 0.2386845
vn 0.02862037 0.9703553 0.2399822
vn 0.02794724 0.9702893 0.240328
vn 0.02719769 0.9702236 0.2406792
vn 0.02678656 0.9701806 0.2408983
vn 0.03327215 0.9709231 0.2370682
vn 0.03265488 0.970841 0.23749
vn 0.1012962 0.0005280109 0.9948562
vn 0.1042514 -0.001357532 0.99455
vn 0.1029299 -0.0005142793 0.9946885
vn 0.1058893 -0.002402878 0.994375
vn -0.03004185 -0.9706568 -0.2385851
vn -0.02862118 -0.9708424 -0.2380041
vn -0.02614302 -0.970847 -0.2382701
vn -0.02582377 -0.9711524 -0.2370575
vn -0.02414721 -0.9703475 -0.2405052
vn -0.0168034 -0.0004898517 -0.9998588
vn -0.0165048 -0.07660924 -0.9969246
vn -0.01746651 -0.001143534 -0.9998468
vn -0.02270526 -0.1092459 -0.9937554
vn -0.01635845 -0.2811885 -0.9595131
vn -0.03200973 -0.3838935 -0.9228224
vn -0.01712484 -0.5354527 -0.8443916
vn -0.03365118 -0.7065849 -0.7068277
vn -0.02327054 -0.7570979 -0.6528868
vn -0.02394621 -0.9130765 -0.4070846
vn -0.02660988 -0.9172422 -0.3974399
vn -0.02254167 -0.9692831 -0.2449125
vn 0.9976539 -0.01298342 -0.06721709
vn 0.9991135 -0.01680558 -0.03859654
vn 0.999097 -0.01555247 -0.03953934
vn 0.999442 -0.01981942 -0.02688225
vn 0.9994434 -0.01947933 -0.02708075
vn 0.9996962 -0.01743593 -0.01742403
vn 0.9995457 -0.01916499 -0.02326138
vn 0.9990525 -0.03029241 -0.03124772
vn 0.9993359 -0.02252404 -0.02864168
vn 0.9974021 -0.01211933 -0.07100861
vn 0.9959801 -0.008918262 -0.08912936
vn 0.9958805 -0.006894172 -0.09041276
vn -0.9986617 0.01369287 0.04987334
vn -0.9975603 0.01220126 0.06873512
vn -0.9990864 0.0178099 0.03884754
vn -0.9994128 0.02105589 0.02703356
vn -0.99937 0.01998287 0.0293305
vn -0.9995052 0.01964112 0.02456785
vn -0.9996748 0.01719048 0.01884078
vn -0.9993991 0.02026085 0.02812446
vn -0.9954214 0.006856055 0.09533786
vn -0.9958062 0.01077268 0.09085092
vn -0.9965372 0.008618454 0.08269949
vn -0.06171819 0.0004339785 -0.9980935
vn -0.06121496 0.0006863913 -0.9981244
vn -0.06150979 0.0005385151 -0.9981064
vn -0.06100592 0.000791246 -0.9981371
vn 0.02288284 0.9711194 0.2374943
vn 0.02402344 0.970804 0.2386685
vn 0.02433893 0.9707162 0.2389932
vn 0.02549391 0.9703932 0.2401814
vn 0.07881026 -0.0001022675 0.9968897
vn 0.07859103 -0.000140696 0.9969069
vn 0.07706708 -0.0004078041 0.9970258
vn 0.07684656 -0.0004464518 0.9970428
vn -0.01229311 -0.9713603 -0.2372929
vn -0.01461638 -0.9707448 -0.2396681
vn -0.01411412 -0.9708789 -0.2391549
vn -0.01646233 -0.9702479 -0.2415535
vn -0.06192397 -9.959866e-05 -0.9980809
vn -0.06193602 -9.846115e-05 -0.9980801
vn -0.06192897 -9.912685e-05 -0.9980806
vn -0.06194103 -9.798825e-05 -0.9980798
vn -0.004656985 -0.9709283 -0.2393256
vn -0.00589834 -0.9707979 -0.2398264
vn -0.008652612 -0.9708245 -0.2396348
vn -0.009988986 -0.9706551 -0.2402684
vn -0.01554555 -0.9705124 -0.2405492
vn -0.01415747 -0.9706327 -0.2401494
vn -0.003671171 0.0003354082 -0.9999932
vn -0.003530861 0.0002506896 -0.9999938
vn -0.00341811 0.0001826111 -0.9999942
vn -0.003276738 9.725193e-05 -0.9999946
vn 0.01850886 0.9710461 0.2381736
vn 0.01712041 0.9708535 0.2390613
vn 0.01483847 0.9706866 0.2398905
vn 0.01343827 0.9706442 0.2401443
vn 0.008962963 0.9704388 0.2411807
vn 0.009964519 0.9705176 0.2408239
vn 0.9976156 0.000223102 -0.06901467
vn 0.9977697 0.001040659 -0.06674277
vn 0.9978272 -0.001659479 -0.06586411
vn 0.9979235 -0.00633333 -0.06409829
vn 0.9977843 -0.005459649 -0.06630804
vn 0.9980504 -0.003254449 -0.06232923
vn 0.9995824 -0.004601208 -0.02852913
vn 0.9994338 -0.004744605 -0.03331194
vn 0.999854 -0.007561269 -0.01532375
vn 0.9998986 -0.005404637 -0.01317113
vn -0.9978591 0.0020053 0.0653706
vn -0.9977353 -0.0008281763 0.06725737
vn -0.9975975 -8.659891e-05 0.06927708
vn -0.9978023 0.005416166 0.06604024
vn -0.9979452 0.006356891 0.06375723
vn -0.9980817 0.002087926 0.06187669
vn -0.9995119 0.005903906 0.03067886
vn -0.9992258 0.001649255 0.03930839
vn -0.9998312 0.005901782 0.01740017
vn -0.9999155 0.0012261 0.01294103
vn 0.03111519 -0.9718903 0.2333689
vn 0.04134844 -0.9606369 0.2747125
vn 0.04992833 -0.7832146 0.6197435
vn 0.07723976 -0.6665867 0.741415
vn 0.06015352 -0.4184432 0.9062487
vn 0.08171557 -0.1913181 0.9781207
vn 0.06693412 -0.09582101 0.9931456
vn 0.07686836 0.0007257671 0.9970409
vn 0.07737051 0.0008474262 0.997002
vn 0.01379918 -0.9953454 -0.09537916
vn 0.01002162 -0.9947519 -0.101824
vn -0.01632661 -0.8516067 -0.5239272
vn -0.002340536 -0.7647583 -0.644313
vn 0.006793409 -0.9291238 -0.3697065
vn -0.0007880374 -0.9513068 -0.3082447
vn -0.03908342 -0.005192461 -0.9992224
vn -0.03844226 -0.006313441 -0.9992409
vn -0.03813873 -0.1168677 -0.9924149
vn -0.03210964 -0.1426251 -0.9892558
vn -0.03607828 -0.3537063 -0.9346605
vn -0.01671187 -0.4660387 -0.8846065
vn -0.03057651 -0.6248739 -0.7801266
vn 0.03113806 -0.8665856 0.4980559
vn 0.0296292 -0.8669653 0.4974869
vn 0.02730888 -0.8675445 0.4966093
vn 0.02581572 -0.8679143 0.4960428
vn -0.01855234 0.0004970394 -0.9998277
vn -0.01811305 0.0002611512 -0.9998358
vn -0.01765475 1.506285e-05 -0.9998441
vn -0.01721251 -0.0002223991 -0.9998519
vn -0.02588114 0.8889571 -0.4572583
vn -0.0272409 0.8887234 -0.4576339
vn -0.02235517 0.8895552 -0.4562804
vn -0.02101934 0.8897786 -0.4559083
vn -0.01592095 0.9939766 -0.10843
vn -0.01973456 0.9946724 -0.1011802
vn 0.003206587 0.9371932 0.348796
vn 0.02067988 0.8880467 0.459288
vn 0.01618439 0.7255711 0.6879569
vn 0.03733397 0.6127927 0.7893614
vn 0.03886199 0.2702346 0.9620099
vn 0.04549685 0.2326747 0.9714898
vn 0.04676854 0.004918596 0.9988937
vn 0.04681339 0.004889486 0.9988918
vn -0.05017538 0.7031183 -0.7093005
vn -0.05426876 0.6978706 -0.7141649
vn -0.06259516 0.0005785628 -0.9980388
vn -0.06317285 0.0001545911 -0.9980025
vn -0.06438326 0.2015561 -0.9773586
vn -0.06191452 0.2201805 -0.9734922
vn 0.00133942 -0.9708601 -0.2396437
vn 2.50738e-05 -0.9706968 -0.2403073
vn -0.001806227 -0.9707826 -0.2399539
vn -0.003349084 -0.9705464 -0.2408913
vn -0.006165111 -0.9705541 -0.2408041
vn -0.007854646 -0.9703618 -0.241529
vn -0.01942815 -7.66028e-05 -0.9998112
vn -0.01933755 -0.0001311626 -0.999813
vn -0.01926441 -0.0001752047 -0.9998144
vn -0.01917358 -0.000229898 -0.9998161
vn 0.01292401 0.9711027 0.238312
vn 0.0113679 0.9709436 0.2390382
vn 0.007388837 0.9707825 0.2398471
vn 0.005981637 0.9705968 0.2406371
vn 0.002511506 0.9704141 0.2414338
vn 0.003745499 0.9705725 0.2407803
vn 0.9986947 0.01335768 -0.04929902
vn 0.9988438 0.01158918 -0.04665543
vn 0.9982389 0.01536558 -0.05729773
vn 0.9988062 0.01233595 -0.04726489
vn 0.9987988 0.01371729 -0.04704015
vn 0.9979758 0.01453875 -0.06191042
vn 0.9993206 0.008942659 -0.03575473
vn 0.9991838 0.01027025 -0.03906759
vn 0.9993675 0.01275766 -0.03319677
vn 0.9988002 0.0180525 -0.04552148
vn 0.9991912 0.01042722 -0.03883477
vn 0.9985828 0.01982123 -0.04939045
vn 0.9993719 0.0166059 -0.03130394
vn 0.99769 0.01371675 -0.0665327
vn 0.9978894 0.01524632 -0.06312059
vn 0.9980071 0.01609186 -0.06101711
vn 0.9979058 0.01419485 -0.06310742
vn 0.9974129 0.01057138 -0.07110481
vn 0.9981119 0.003086139 -0.06134443
vn 0.9977673 0.006991406 -0.06641942
vn 0.9991447 0.003874075 -0.04116813
vn 0.9992026 0.005617479 -0.0395295
vn 0.9995681 0.004064805 -0.029105
vn 0.9995947 0.004911459 -0.02804386
vn -0.999123 -0.01262582 0.03992345
vn -0.9985382 -0.02467942 0.04808657
vn -0.9988776 -0.01551768 0.04475194
vn -0.9990805 -0.01089303 0.04146595
vn -0.9993133 -0.007658222 0.03625131
vn -0.998238 -0.01524982 0.05734459
vn -0.9987546 -0.01349537 0.04803334
vn -0.9987257 -0.01267451 0.04885058
vn -0.998013 -0.0150088 0.06119497
vn -0.9988859 -0.01096728 0.04589875
vn -0.998822 -0.01204604 0.0470067
vn -0.9987763 -0.01305586 0.04770117
vn -0.9993902 -0.01404549 0.03196866
vn -0.9993685 -0.01890662 0.03008777
vn -0.9979675 -0.00560367 0.06348002
vn -0.9974304 -0.01071137 0.07083708
vn -0.9982738 -0.004362111 0.05856961
vn -0.9978952 -0.01560371 0.06294261
vn -0.9977918 -0.01378413 0.06497182
vn -0.9977464 -0.01410998 0.06559705
vn -0.9977397 -0.01406112 0.06570999
vn -0.9978096 -0.01479246 0.06447628
vn -0.999575 -0.004254941 0.02884226
vn -0.9995932 -0.004897834 0.02809553
vn -0.9990622 -0.003809324 0.04313079
vn -0.9991504 -0.004267829 0.04098875
vn 0.06252565 0.002414926 0.9980404
vn 0.0646092 0.001688763 0.9979092
vn 0.06142849 0.08025464 0.9948798
vn 0.06992013 0.1501109 0.9861937
vn 0.05305227 0.2887787 0.9559249
vn 0.04918023 0.497995 0.8657842
vn 0.04194795 0.5600524 0.8273945
vn 0.01525496 0.8169004 0.576577
vn 0.02478381 0.7692944 0.6384135
vn 0.007234882 0.9293136 0.3692205
vn -0.007761848 0.9483294 0.3171923
vn 0.06131248 0.003081857 0.9981138
vn 0.0498127 -0.9691558 -0.2413621
vn 0.04893074 -0.968958 -0.2423347
vn 0.04916891 -0.9690117 -0.242072
vn 0.0482855 -0.9688122 -0.2430459
vn -0.05045882 -0.002359034 -0.9987233
vn -0.05152106 -0.002062876 -0.9986698
vn -0.05122905 -0.1502562 -0.9873189
vn -0.04497601 -0.1877784 -0.9811811
vn -0.01392792 -0.6168288 -0.7869741
vn -0.01600898 -0.7929761 -0.6090423
vn -0.03933417 -0.4786415 -0.877129
vn 0.01929824 -0.9699243 -0.2426407
vn 0.008823362 -0.9429787 -0.3327359
vn 0.01900012 -0.9700737 -0.242066
vn 0.01252133 -0.9099477 -0.4145339
vn 0.04524985 0.001541762 0.9989746
vn 0.04447982 0.001269397 0.9990095
vn 0.0419538 0.0003759852 0.9991195
vn 0.04120075 0.0001096623 0.9991509
vn 0.05211895 -0.969121 -0.2410149
vn 0.05140677 -0.9689592 -0.2418171
vn 0.05159958 -0.9690031 -0.2415999
vn 0.05088464 -0.9688398 -0.2424051
vn 0.01667156 -0.9388221 -0.3439987
vn 0.02087031 -0.9256213 -0.3778751
vn 0.02279583 -0.9701051 -0.2416122
vn 0.02368525 -0.9703183 -0.2406691
vn -0.007443412 -0.7566262 -0.6538052
vn 0.005258961 -0.6609377 -0.7504224
vn -0.03239118 -0.288586 -0.956906
vn -0.02271992 -0.1980451 -0.9799296
vn -0.03221947 -0.002801911 -0.9994769
vn -0.03353047 -0.002442182 -0.9994347
vn 0.02077455 0.0002933912 0.9997842
vn 0.02016518 0.0004493662 0.9997966
vn 0.02277918 -0.0002197294 0.9997405
vn 0.02337786 -0.0003729777 0.9997267
vn 0.05318305 -0.9689923 -0.2412995
vn 0.05314333 -0.968982 -0.2413492
vn 0.0531541 -0.9689848 -0.2413357
vn 0.05311418 -0.9689746 -0.2413857
vn -0.01353291 0.9774876 0.2105588
vn -0.01626401 0.9786254 0.2050064
vn -0.0186093 0.9994065 0.02899068
vn -0.02396439 0.9996975 0.005535663
vn -0.02392529 0.9441941 -0.3285197
vn -0.02908816 0.9335189 -0.357346
vn -0.02742401 0.7530376 -0.6574057
vn -0.03046264 0.7399532 -0.6719682
vn -0.02471668 0.4711057 -0.8817304
vn -0.02774386 0.450022 -0.8925864
vn -0.01895936 0.1655357 -0.9860215
vn -0.02152228 0.158686 -0.9870946
vn -0.01728173 0.02276987 -0.9995914
vn -0.01674508 0.0199098 -0.9996616
vn -0.01271183 -3.876393e-05 -0.9999191
vn -0.01315694 0.0001863046 -0.9999135
vn -0.01412821 0.0003971873 -0.9999001
vn 0.9982163 0.02470395 -0.05434968
vn 0.997644 0.02816944 -0.06255305
vn 0.9978847 0.02774581 -0.05879038
vn 0.9978963 0.02630155 -0.05925524
vn 0.9979447 0.0258692 -0.05862748
vn 0.9984898 0.02097372 -0.05077657
vn 0.9976705 0.0309187 -0.06080787
vn 0.9976541 0.04635353 -0.05037472
vn 0.9987311 0.04249101 -0.02703106
vn 0.9986335 0.04776064 -0.02121672
vn 0.9986342 0.04939204 -0.01703526
vn 0.9993854 0.02248829 -0.02688788
vn 0.9985818 0.02927214 -0.04446782
vn 0.9986488 0.03175214 -0.04113852
vn 0.9986744 0.02014142 -0.04736957
vn 0.9981952 0.0261544 -0.05405943
vn 0.9990401 0.02559229 -0.03555077
vn 0.9992684 0.03093418 -0.02248808
vn 0.9994876 0.02661584 -0.0177784
vn 0.9996905 0.01943167 -0.01553584
vn 0.9994659 0.02429375 -0.0218571
vn 0.9996278 0.0227581 -0.01504795
vn 0.9995378 0.02343602 -0.01936232
vn 0.999505 0.02376061 -0.02061959
vn 0.9982661 0.04409231 -0.03899494
vn 0.998278 0.04418913 -0.03858021
vn 0.9966882 0.05513623 -0.05977122
vn 0.9970498 0.05293515 -0.05558408
vn -0.998421 -0.02123665 0.05200553
vn -0.9983298 -0.02184701 0.05348174
vn -0.9981017 -0.02426248 0.05660851
vn -0.9977648 -0.02739296 0.06095076
vn -0.9977003 -0.02774545 0.0618397
vn -0.9982631 -0.02448576 0.05358257
vn -0.997129 -0.03401567 0.06765128
vn -0.9974246 -0.04613857 0.05491266
vn -0.9980835 -0.02672669 0.05581266
vn -0.9993517 -0.02231073 0.02825315
vn -0.9988925 -0.02416642 0.04037101
vn -0.9985853 -0.02908414 0.04451423
vn -0.9986034 -0.03431267 0.04017387
vn -0.9984212 -0.04429246 0.03454446
vn -0.9983928 -0.04402259 0.03569162
vn -0.9990174 -0.0248253 0.03671375
vn -0.9992442 -0.03511575 0.01666854
vn -0.9994658 -0.02783182 0.01713302
vn -0.9998096 -0.0168907 0.009778137
vn -0.9996513 -0.01210074 -0.02346924
vn -0.9997078 -0.01730246 0.01688376
vn -0.999584 -0.02022045 0.02056894
vn -0.9996869 -0.01864908 0.01668417
vn -0.9990124 -0.04076269 0.0176859
vn -0.9989891 -0.04039533 0.01972338
vn -0.997635 -0.0473405 0.04983141
vn -0.07414195 0.9620914 -0.2624558
vn -0.075576 0.9609295 -0.2662755
vn -0.07462949 0.9616985 -0.2637545
vn -0.07321204 0.9628351 -0.2599783
vn -0.218993 -0.3971157 0.8912582
vn -0.2126713 -0.4188866 0.8827825
vn -0.2552405 -0.1410109 0.9565397
vn -0.2567382 -0.1482662 0.9550406
vn -0.1446887 -0.6994948 0.6998373
vn -0.1284923 -0.7234299 0.6783354
vn -0.04393739 -0.9157588 0.3993185
vn -0.03424729 -0.9222091 0.385172
vn 0.01237296 -0.9762236 0.2164124
vn 0.01062179 -0.9697472 0.2438799
vn 0.05525472 -0.9957798 0.07327773
vn 0.05832105 -0.9982434 0.01042658
vn 0.1470506 -0.9149575 -0.3758046
vn 0.1340675 -0.9217875 -0.363777
vn 0.1921167 -0.6386189 -0.7451558
vn 0.2087599 -0.580799 -0.7868239
vn 0.2023021 -0.2519074 -0.9463701
vn 0.1945276 -0.01467949 -0.9807872
vn 0.2127551 -0.1754147 -0.9612309
vn 0.1929996 0.0207949 -0.9809785
vn 0.1896505 0.02390208 -0.9815607
vn 0.18699 0.02629841 -0.9820097
vn 0.1838235 0.02808336 -0.9825581
vn -0.2647957 -0.02919524 0.9638625
vn -0.2624399 -0.03164482 0.9644293
vn -0.2564065 -0.03504733 0.9659334
vn -0.2524662 -0.03664646 0.9669114
vn -0.09220574 0.9608118 -0.2614171
vn -0.09144637 0.9613576 -0.2596712
vn -0.09193948 0.9610036 -0.2608049
vn -0.09270427 0.9604512 -0.2625631
vn -0.1976969 -0.02792807 0.9798653
vn -0.1951556 -0.02904151 0.9803423
vn -0.2023163 -0.02420338 0.9790211
vn -0.2065067 -0.02341488 0.978165
vn -0.2050774 -0.0219838 0.9784989
vn -0.2028571 -0.02295283 0.9789393
vn 0.02655324 0.8784299 -0.477133
vn -0.2863337 0.8553794 -0.4316702
vn 0.1448444 0.5135388 -0.8457529
vn 0.1557819 0.4868392 -0.859488
vn 0.2094554 0.1370498 -0.9681661
vn 0.2125123 0.1219344 -0.9695207
vn 0.2165696 0.02894165 -0.9758381
vn 0.216766 0.03068358 -0.9757413
vn 0.2137089 0.03084503 -0.9764103
vn 0.2114158 0.0278397 -0.9769996
vn -0.03425452 0.9671136 -0.2520281
vn -0.03509698 0.9665806 -0.253949
vn -0.0837687 0.9613251 -0.2623678
vn -0.08488933 0.960467 -0.2651359
vn -0.08415224 0.9610325 -0.2633153
vn -0.08304093 0.9618771 -0.2605698
vn -0.2267687 -0.03221488 0.9734157
vn -0.2233367 -0.03366848 0.9741597
vn -0.2325175 -0.02832504 0.9721797
vn -0.2368369 -0.02733272 0.9711649
vn -0.2351607 -0.02554857 0.9716207
vn -0.2333029 -0.02590682 0.972059
vn 0.1721427 0.5040428 -0.8463497
vn 0.1745013 0.5046092 -0.8455288
vn 0.2386476 0.1438722 -0.9603896
vn 0.04401546 0.8709386 -0.4894166
vn 0.04119509 0.8747803 -0.4827654
vn 0.2378368 0.1357766 -0.9617683
vn 0.2479193 0.03245459 -0.9682369
vn 0.2456958 0.0307795 -0.9688582
vn 0.2406669 0.0327694 -0.9700544
vn 0.237746 0.03034873 -0.9708531
vn -0.02679464 0.9662964 -0.2560333
vn -0.02752408 0.9656326 -0.2584492
vn -0.959518 -0.09400854 -0.2654952
vn -0.962999 -0.08005606 -0.2573401
vn -0.9598907 -0.1138465 -0.2562205
vn -0.9597069 -0.09113763 -0.2658131
vn -0.9630087 -0.08310893 -0.2563341
vn -0.9603392 -0.113982 -0.2544731
vn -0.9600669 -0.1263934 -0.2495919
vn -0.9598285 -0.1266958 -0.2503545
vn -0.9621348 -0.08097044 -0.2602697
vn -0.9654401 -0.07568644 -0.2493933
vn -0.9633121 -0.07818161 -0.2567438
vn -0.9753143 -0.08946975 -0.2018839
vn -0.9733068 -0.07311146 -0.2175512
vn -0.9684007 -0.07347526 -0.2383306
vn -0.9760097 -0.07953227 -0.2026811
vn -0.9774358 -0.06729645 -0.2002259
vn -0.9762894 -0.06937722 -0.2050504
vn -0.9759644 -0.07201126 -0.2056891
vn -0.9766211 -0.06812929 -0.2038865
vn -0.974279 -0.1110535 -0.1960808
vn -0.9735358 -0.1151604 -0.1973982
vn -0.9717416 -0.1301975 -0.1968932
vn -0.9720169 -0.1311646 -0.1948825
vn -0.968914 -0.09320584 -0.2291688
vn -0.9695281 -0.08473379 -0.2298592
vn -0.9677772 -0.09778105 -0.2320479
vn -0.9694275 -0.08630277 -0.2296998
vn -0.5685706 0.7525985 -0.3321489
vn -0.9664695 -0.1285057 -0.2223132
vn -0.9656762 -0.1296606 -0.2250724
vn -0.9675665 -0.1154698 -0.2246816
vn -0.9650544 -0.1262993 -0.2296049
vn 0.9643386 0.07845126 0.2527772
vn 0.9677271 0.07802623 0.2396169
vn 0.9632109 0.08227222 0.2558437
vn 0.5622398 -0.758734 0.3289517
vn 0.9696508 0.08945737 0.2275407
vn 0.9697857 0.08735622 0.2277823
vn 0.9682323 0.09844755 0.2298572
vn 0.9693227 0.09417145 0.2270357
vn 0.9678712 0.1127002 0.2247755
vn 0.9657578 0.123869 0.2279653
vn 0.9654825 0.1315976 0.2247788
vn 0.966398 0.1353913 0.2185042
vn 0.9736978 0.1208202 0.1931713
vn 0.974135 0.1039917 0.200616
vn 0.9728639 0.1259941 0.1940657
vn 0.9725341 0.1253039 0.1961539
vn 0.9741938 0.07691598 0.2122038
vn 0.9755935 0.07571858 0.2061166
vn 0.9741341 0.08225727 0.2104674
vn 0.974983 0.07444719 0.2094416
vn 0.9750873 0.0755512 0.2085588
vn 0.9706526 0.0797942 0.2268619
vn 0.9619556 0.08308814 0.2602645
vn 0.9614023 0.07754003 0.2639946
vn 0.9610104 0.07532387 0.2660552
vn 0.9614301 0.08704279 0.2609132
vn 0.9597921 0.1007307 0.2620162
vn 0.9612442 0.09588937 0.2584858
vn 0.9576795 0.114798 0.2639536
vn 0.9598559 0.1256111 0.250796
vn 0.9614334 0.1289016 0.2429611
f 1//1 2//2 3//3
f 3//3 2//2 4//4
f 7//5 8//6 9//7
f 9//7 8//6 58//8
f 9//7 58//8 10//9
f 10//9 58//8 11//10
f 10//9 11//10 12//11
f 7//5 5//12 8//6
f 6//13 5//12 7//5
f 6//13 13//14 5//12
f 13//14 6//13 14//15
f 13//14 14//15 15//16
f 16//17 17//18 15//16
f 16//17 15//16 14//15
f 17//18 16//17 18//19
f 18//19 16//17 19//20
f 20//21 18//19 19//20
f 20//21 19//20 21//22
f 22//23 20//21 21//22
f 22//23 21//22 23//24
f 22//23 23//24 24//25
f 24//25 23//24 25//26
f 25//26 23//24 3//27
f 25//26 3//27 4//28
f 12//29 11//30 26//31
f 12//29 26//31 27//32
f 2//33 1//34 28//35
f 2//33 28//35 29//36
f 29//36 28//35 30//37
f 29//36 30//37 31//38
f 31//38 30//37 32//39
f 31//38 32//39 33//40
f 32//39 34//41 33//40
f 33//40 34//41 35//42
f 35//42 34//41 36//43
f 36//43 37//44 35//42
f 36//43 38//45 37//44
f 37//44 38//45 40//46
f 39//47 40//46 41//48
f 41//48 40//46 38//45
f 39//47 41//48 42//49
f 39//47 42//49 43//50
f 39//47 43//50 44//51
f 44//51 43//50 45//52
f 45//52 43//50 46//53
f 45//52 46//53 47//54
f 45//52 47//54 48//55
f 48//55 47//54 49//56
f 48//55 49//56 50//57
f 50//57 49//56 51//58
f 50//57 51//58 52//59
f 52//59 51//58 53//60
f 52//59 53//60 54//61
f 54//61 53//60 55//62
f 54//61 55//62 56//63
f 56//63 55//62 57//64
f 56//63 57//64 27//65
f 56//63 27//65 26//66
f 9//67 53//68 7//69
f 46//70 14//71 6//72
f 46//70 6//72 7//69
f 43//73 16//74 46//70
f 46//70 16//74 14//71
f 21//75 19//76 42//77
f 42//77 19//76 43//73
f 43//73 19//76 16//74
f 34//78 32//79 30//80
f 42//77 41//81 30//80
f 30//80 41//81 38//82
f 38//82 36//83 30//80
f 30//80 36//83 34//78
f 53//68 47//84 7//69
f 7//69 47//84 46//70
f 53//68 51//85 49//86
f 53//68 49//86 47//84
f 42//77 30//80 21//75
f 21//75 30//80 23//87
f 23//87 30//80 28//88
f 23//87 28//88 1//89
f 23//87 1//89 3//90
f 12//91 27//92 57//93
f 12//91 57//93 10//94
f 10//94 57//93 9//67
f 9//67 57//93 55//95
f 9//67 55//95 53//68
f 44//96 17//97 18//98
f 44//96 18//98 39//99
f 18//98 20//100 39//99
f 39//99 20//100 22//101
f 45//102 15//103 44//96
f 44//96 15//103 17//97
f 5//104 13//105 45//102
f 45//102 13//105 15//103
f 58//106 8//107 54//108
f 11//109 58//106 56//110
f 11//109 56//110 26//111
f 54//108 50//112 52//113
f 5//104 45//102 8//107
f 8//107 45//102 48//114
f 8//107 48//114 54//108
f 54//108 48//114 50//112
f 31//115 33//116 35//117
f 37//118 40//119 31//115
f 35//117 37//118 31//115
f 40//119 39//99 31//115
f 2//120 25//121 4//122
f 2//120 29//123 25//121
f 25//121 29//123 31//115
f 25//121 31//115 24//124
f 24//124 31//115 22//101
f 22//101 31//115 39//99
f 58//106 54//108 56//110
f 61//125 62//126 59//127
f 61//125 59//127 60//128
f 64//129 63//130 65//131
f 65//131 63//130 66//132
f 66//132 67//133 65//131
f 65//131 67//133 68//134
f 68//134 67//133 69//135
f 69//135 70//136 68//134
f 70//136 69//135 71//137
f 70//136 71//137 72//138
f 72//138 71//137 73//139
f 72//138 73//139 74//140
f 74//140 73//139 75//141
f 73//139 76//142 75//141
f 75//141 76//142 77//143
f 75//141 77//143 81//144
f 81//144 77//143 80//145
f 79//146 78//147 80//145
f 80//145 78//147 81//144
f 82//148 83//149 84//150
f 82//148 84//150 79//146
f 79//146 84//150 78//147
f 83//149 82//148 85//151
f 83//149 85//151 86//152
f 86//152 85//151 87//153
f 86//152 87//153 88//154
f 63//130 64//129 60//155
f 63//130 60//155 59//156
f 88//157 87//158 89//159
f 88//157 89//159 90//160
f 93//161 90//162 89//163
f 93//161 89//163 94//164
f 93//161 94//164 92//165
f 92//165 94//164 91//166
f 96//167 95//168 97//169
f 96//167 97//169 98//170
f 98//170 97//169 101//171
f 98//170 101//171 99//172
f 100//173 99//172 101//171
f 102//174 103//175 100//173
f 100//173 103//175 104//176
f 100//173 104//176 99//172
f 95//168 96//167 92//177
f 95//168 92//177 91//178
f 105//179 106//180 102//181
f 102//181 106//180 103//182
f 107//183 108//184 109//185
f 108//184 110//186 109//185
f 109//185 110//186 106//187
f 109//185 106//187 105//188
f 107//189 111//190 112//191
f 112//191 111//190 113//192
f 113//192 111//190 114//193
f 113//192 114//193 115//194
f 115//194 114//193 116//195
f 115//194 116//195 117//196
f 117//196 116//195 62//197
f 117//196 62//197 61//198
f 107//189 112//191 108//199
f 101//200 97//201 118//202
f 118//202 97//201 95//203
f 95//203 91//204 118//202
f 105//205 100//206 109//207
f 109//207 100//206 101//200
f 109//207 101//200 107//208
f 102//209 100//206 105//205
f 101//200 118//202 107//208
f 107//208 118//202 111//210
f 63//211 114//212 66//213
f 66//213 114//212 111//210
f 114//212 63//211 116//214
f 116//214 63//211 59//215
f 116//214 59//215 62//216
f 66//213 111//210 118//202
f 69//217 67//218 118//202
f 118//202 71//219 69//217
f 118//202 67//218 66//213
f 76//220 82//221 79//222
f 79//222 80//223 76//220
f 80//223 77//224 76//220
f 82//221 91//204 85//225
f 85//225 91//204 94//226
f 94//226 89//227 85//225
f 85//225 89//227 87//228
f 82//221 76//220 91//204
f 91//204 76//220 73//229
f 91//204 73//229 118//202
f 118//202 73//229 71//219
f 96//230 98//231 119//232
f 92//233 96//230 119//232
f 108//234 98//231 99//235
f 92//233 83//236 86//237
f 86//237 93//238 92//233
f 93//238 86//237 88//239
f 93//238 88//239 90//240
f 75//241 81//242 78//243
f 78//243 84//244 75//241
f 75//241 84//244 83//236
f 65//245 68//246 119//232
f 119//232 68//246 70//247
f 70//247 72//248 119//232
f 112//249 65//245 119//232
f 112//249 113//250 65//245
f 65//245 113//250 115//251
f 65//245 115//251 64//252
f 115//251 117//253 64//252
f 64//252 117//253 61//254
f 64//252 61//254 60//255
f 119//232 98//231 108//234
f 119//232 108//234 112//249
f 108//234 99//235 110//256
f 103//257 106//258 104//259
f 104//259 106//258 110//256
f 104//259 110//256 99//235
f 119//232 72//248 74//260
f 119//232 74//260 75//241
f 119//232 75//241 92//233
f 92//233 75//241 83//236
f 120//261 124//262 121//263
f 120//261 121//263 122//264
f 122//264 121//263 123//265
f 125//266 126//267 127//268
f 127//268 126//267 124//262
f 127//268 124//262 120//261
f 128//269 129//270 130//271
f 130//271 129//270 131//272
f 130//271 131//272 125//273
f 125//273 131//272 126//274
f 132//275 133//276 128//277
f 128//277 133//276 129//278
f 137//279 133//280 132//281
f 134//282 135//283 136//284
f 136//284 135//283 137//279
f 136//284 137//279 132//281
f 138//285 139//286 140//287
f 140//287 139//286 141//288
f 140//287 141//288 134//289
f 141//288 135//290 134//289
f 142//291 143//292 138//285
f 138//285 143//292 139//286
f 144//293 145//294 146//295
f 146//295 145//294 147//296
f 146//295 147//296 142//291
f 142//291 147//296 143//292
f 148//297 149//298 150//299
f 150//299 149//298 151//300
f 150//299 151//300 144//301
f 144//301 151//300 145//302
f 152//303 153//304 148//305
f 148//305 153//304 149//306
f 154//307 155//308 156//309
f 156//309 155//308 157//310
f 156//309 157//310 152//311
f 152//311 157//310 153//312
f 122//264 123//265 158//313
f 158//313 123//265 159//314
f 158//313 159//314 154//315
f 154//315 159//314 155//316
f 153//317 157//318 149//319
f 149//319 157//318 151//320
f 151//320 157//318 145//321
f 145//321 124//322 147//323
f 126//324 135//325 141//326
f 141//326 139//327 126//324
f 139//327 143//328 126//324
f 129//329 133//330 131//331
f 131//331 133//330 137//332
f 137//332 135//325 126//324
f 137//332 126//324 131//331
f 126//324 143//328 147//323
f 126//324 147//323 124//322
f 159//333 123//334 124//322
f 124//322 123//334 121//335
f 157//318 155//336 145//321
f 145//321 155//336 159//333
f 145//321 159//333 124//322
f 120//337 154//338 144//339
f 158//340 120//337 122//341
f 120//337 158//340 154//338
f 130//342 125//343 136//344
f 132//345 128//346 136//344
f 136//344 128//346 130//342
f 136//344 125//343 134//347
f 120//337 144//339 127//348
f 127//348 146//349 125//343
f 125//343 146//349 142//350
f 125//343 142//350 138//351
f 125//343 140//352 134//347
f 125//343 138//351 140//352
f 127//348 144//339 146//349
f 156//353 152//354 148//355
f 154//338 156//353 144//339
f 144//339 156//353 150//356
f 150//356 156//353 148//355
f 160//357 161//358 162//359
f 162//359 161//358 163//360
f 162//359 163//360 164//361
f 164//361 163//360 165//362
f 164//361 165//362 166//363
f 166//363 165//362 167//364
f 168//365 169//366 160//367
f 160//367 169//366 161//368
f 170//369 166//370 167//371
f 170//369 172//372 166//370
f 170//369 171//373 172//372
f 171//373 170//369 173//374
f 173//374 174//375 171//373
f 173//374 175//376 174//375
f 174//375 175//376 176//377
f 176//377 175//376 177//378
f 176//377 177//378 178//379
f 178//379 177//378 179//380
f 178//379 179//380 180//381
f 180//381 179//380 168//382
f 179//380 169//383 168//382
f 173//384 170//385 167//386
f 177//387 175//388 173//384
f 177//387 173//384 167//386
f 179//389 163//390 169//391
f 169//391 163//390 161//392
f 165//393 163//390 179//389
f 167//386 165//393 177//387
f 177//387 165//393 179//389
f 174//394 176//395 178//396
f 172//397 171//398 166//399
f 166//399 171//398 174//394
f 166//399 174//394 164//400
f 164//400 174//394 178//396
f 168//401 160//402 162//403
f 178//396 180//404 164//400
f 164//400 180//404 162//403
f 162//403 180//404 168//401
f 185//405 181//406 182//407
f 182//407 181//406 183//408
f 182//407 183//408 184//409
f 181//406 185//405 186//410
f 186//410 185//405 191//411
f 187//412 188//413 189//414
f 188//413 190//415 189//414
f 192//416 191//411 189//414
f 192//416 189//414 190//415
f 191//411 192//416 186//410
f 193//417 194//418 195//419
f 193//417 195//419 196//420
f 193//417 196//420 187//412
f 196//420 188//413 187//412
f 195//421 194//422 198//423
f 195//421 198//423 199//424
f 199//424 198//423 197//425
f 199//426 197//427 200//428
f 199//426 200//428 201//429
f 201//430 200//431 202//432
f 201//430 202//432 203//433
f 203//434 202//435 204//436
f 204//436 202//435 205//437
f 204//436 205//437 206//438
f 204//436 206//438 207//439
f 207//439 206//438 209//440
f 209//440 206//438 208//441
f 214//442 215//443 210//444
f 210//444 215//443 211//445
f 212//446 213//447 211//445
f 211//445 213//447 210//444
f 209//440 208//441 214//442
f 214//442 208//441 215//443
f 216//448 217//449 218//450
f 219//451 220//452 216//448
f 216//448 220//452 217//449
f 220//452 219//451 221//453
f 220//452 221//453 222//454
f 222//454 221//453 223//455
f 222//454 223//455 224//456
f 218//450 217//449 225//457
f 218//450 225//457 212//446
f 212//446 225//457 213//447
f 224//458 223//459 226//460
f 224//458 226//460 227//461
f 227//461 226//460 228//462
f 228//462 226//460 229//463
f 228//462 229//463 230//464
f 231//465 230//466 232//467
f 232//467 230//466 229//468
f 231//469 232//470 233//471
f 231//469 233//471 234//472
f 234//472 233//471 184//473
f 234//472 184//473 183//474
f 198//475 194//476 193//477
f 193//477 202//478 198//475
f 198//475 202//478 197//479
f 200//480 197//479 202//478
f 202//478 208//481 206//482
f 206//482 205//483 202//478
f 211//484 215//485 191//486
f 191//486 215//485 208//481
f 191//486 208//481 202//478
f 191//486 219//487 216//488
f 191//486 216//488 218//489
f 191//486 218//489 212//490
f 212//490 211//484 191//486
f 191//486 185//491 219//487
f 185//491 182//492 219//487
f 219//487 182//492 221//493
f 182//492 184//494 221//493
f 221//493 184//494 223//495
f 232//496 226//497 233//498
f 226//497 223//495 184//494
f 226//497 232//496 229//499
f 226//497 184//494 233//498
f 193//477 187//500 202//478
f 202//478 187//500 189//501
f 202//478 189//501 191//486
f 199//502 196//503 195//504
f 192//505 190//506 204//507
f 204//507 190//506 188//508
f 204//507 188//508 196//503
f 181//509 222//510 183//511
f 222//510 181//509 220//512
f 181//509 186//513 220//512
f 183//511 222//510 224//514
f 183//511 224//514 227//515
f 183//511 227//515 234//516
f 231//517 228//518 230//519
f 227//515 228//518 234//516
f 234//516 228//518 231//517
f 220//512 186//513 192//505
f 217//520 210//521 213//522
f 217//520 213//522 225//523
f 210//521 217//520 220//512
f 210//521 220//512 192//505
f 210//521 192//505 214//524
f 207//525 209//526 204//507
f 204//507 209//526 192//505
f 192//505 209//526 214//524
f 203//527 199//502 201//528
f 199//502 203//527 196//503
f 196//503 203//527 204//507
f 235//529 236//530 237//531
f 235//529 237//531 238//532
f 239//533 240//534 241//535
f 241//535 240//534 242//536
f 241//535 242//536 235//537
f 235//537 242//536 236//538
f 243//539 244//540 239//541
f 239//541 244//540 240//542
f 245//543 246//544 243//545
f 243//545 246//544 244//546
f 247//547 248//548 249//549
f 249//549 248//548 250//550
f 249//549 250//550 245//551
f 250//550 246//552 245//551
f 251//553 248//554 252//555
f 252//555 248//554 247//556
f 253//557 254//558 255//559
f 255//559 254//558 256//560
f 255//559 256//560 257//561
f 257//561 256//560 258//562
f 257//561 258//562 252//563
f 258//562 251//564 252//563
f 238//565 237//566 253//567
f 253//567 237//566 254//568
f 248//569 258//570 250//571
f 250//571 258//570 256//572
f 251//573 258//570 248//569
f 244//574 246//575 240//576
f 240//576 246//575 242//577
f 254//578 237//579 236//580
f 250//571 256//572 246//575
f 246//575 256//572 242//577
f 242//577 256//572 254//578
f 242//577 254//578 236//580
f 241//581 235//582 253//583
f 253//583 235//582 238//584
f 243//585 239//586 245//587
f 245//587 239//586 241//581
f 245//587 241//581 253//583
f 245//587 253//583 249//588
f 253//583 255//589 249//588
f 249//588 255//589 257//590
f 249//588 257//590 247//591
f 247//591 257//590 252//592
f 259//593 260//594 297//595
f 259//593 297//595 261//596
f 259//593 262//597 260//594
f 262//597 259//593 263//598
f 262//597 263//598 264//599
f 265//600 266//601 264//602
f 265//600 264//602 263//603
f 267//604 268//605 265//600
f 265//600 268//605 266//601
f 267//606 269//607 268//608
f 268//608 269//607 270//609
f 270//610 269//611 271//612
f 272//613 273//614 274//615
f 274//615 273//614 271//612
f 271//612 269//611 274//615
f 275//616 276//617 277//618
f 277//618 276//617 278//619
f 277//618 278//619 279//620
f 279//620 278//619 272//621
f 272//621 278//619 273//622
f 280//623 281//624 275//616
f 275//616 281//624 276//617
f 282//625 283//626 280//623
f 280//623 283//626 281//624
f 284//627 285//628 286//629
f 283//630 282//631 286//629
f 286//629 282//631 287//632
f 286//629 287//632 284//627
f 285//633 284//634 288//635
f 288//635 284//634 289//636
f 290//637 291//638 292//639
f 292//639 291//638 293//640
f 292//639 293//640 294//641
f 292//639 294//641 289//642
f 289//642 294//641 288//643
f 291//644 290//645 295//646
f 295//646 290//645 296//647
f 295//646 296//647 297//595
f 297//595 296//647 261//596
f 281//648 278//649 276//650
f 266//651 271//652 264//653
f 264//653 271//652 281//648
f 281//648 271//652 273//654
f 281//648 273//654 278//649
f 264//653 281//648 283//655
f 264//653 283//655 262//656
f 283//655 298//657 262//656
f 283//655 286//658 298//657
f 271//652 266//651 270//659
f 270//659 266//651 268//660
f 298//657 291//661 295//662
f 298//657 295//662 297//663
f 298//657 297//663 260//664
f 298//657 260//664 262//656
f 294//665 285//666 288//667
f 286//658 285//666 294//665
f 286//658 294//665 298//657
f 298//657 294//665 293//668
f 298//657 293//668 291//661
f 279//669 280//670 277//671
f 280//670 275//672 277//671
f 263//673 282//674 280//670
f 263//673 259//675 282//674
f 269//676 265//677 274//678
f 274//678 265//677 263//673
f 274//678 263//673 280//670
f 274//678 280//670 272//679
f 272//679 280//670 279//669
f 269//676 267//680 265//677
f 296//681 290//682 282//674
f 282//674 259//675 261//683
f 282//674 261//683 296//681
f 284//684 292//685 289//686
f 282//674 290//682 292//685
f 282//674 292//685 287//687
f 287//687 292//685 284//684
f 299//688 300//689 301//690
f 301//690 300//689 302//691
f 301//690 302//691 303//692
f 301//690 303//692 304//693
f 304//693 303//692 305//694
f 305//694 303//692 306//695
f 305//694 306//695 307//696
f 307//696 306//695 308//697
f 307//696 308//697 309//698
f 307//696 309//698 310//699
f 309//698 311//700 310//699
f 309//698 312//701 311//700
f 311//700 312//701 313//702
f 313//702 312//701 315//703
f 315//703 314//704 313//702
f 316//705 317//706 318//707
f 318//707 317//706 314//704
f 318//707 314//704 315//703
f 319//708 320//709 299//710
f 299//710 320//709 300//711
f 321//712 322//713 323//714
f 323//714 322//713 324//715
f 323//714 324//715 325//716
f 325//716 324//715 326//717
f 325//716 326//717 327//718
f 325//716 327//718 328//719
f 328//719 327//718 329//720
f 328//719 329//720 330//721
f 330//721 329//720 331//722
f 330//721 331//722 332//723
f 332//723 331//722 333//724
f 333//724 334//725 332//723
f 332//723 334//725 335//726
f 334//725 336//727 335//726
f 335//726 336//727 342//728
f 337//729 338//730 339//731
f 337//729 339//731 340//732
f 340//732 339//731 341//733
f 340//732 341//733 342//728
f 340//732 342//728 336//727
f 343//734 338//730 337//729
f 338//730 343//734 344//735
f 344//735 343//734 345//736
f 344//735 345//736 346//737
f 346//737 345//736 347//738
f 346//737 347//738 348//739
f 348//739 347//738 349//740
f 348//739 349//740 350//741
f 350//741 349//740 351//742
f 350//741 351//742 352//743
f 351//742 353//744 352//743
f 320//745 319//746 353//744
f 353//744 319//746 352//743
f 317//747 316//748 321//749
f 321//749 316//748 322//750
f 326//751 324//752 336//753
f 336//753 334//754 333//755
f 336//753 333//755 331//756
f 336//753 331//756 329//757
f 336//753 329//757 327//758
f 336//753 327//758 326//751
f 315//759 340//760 336//753
f 315//759 312//761 340//760
f 312//761 309//762 340//760
f 340//760 309//762 337//763
f 337//763 309//762 308//764
f 337//763 308//764 306//765
f 337//763 306//765 343//766
f 306//765 345//767 343//766
f 303//768 345//767 306//765
f 351//769 349//770 347//771
f 345//767 303//768 351//769
f 345//767 351//769 347//771
f 302//772 353//773 351//769
f 320//774 353//773 302//772
f 300//775 320//774 302//772
f 351//769 303//768 302//772
f 316//776 318//777 322//778
f 322//778 318//777 354//779
f 354//779 318//777 315//759
f 324//752 322//778 354//779
f 324//752 354//779 315//759
f 324//752 315//759 336//753
f 304//780 338//781 350//782
f 338//781 344//783 350//782
f 338//781 304//780 305//784
f 338//781 305//784 307//785
f 338//781 307//785 339//786
f 307//785 310//787 341//788
f 339//786 307//785 341//788
f 311//789 313//790 341//788
f 311//789 341//788 310//787
f 342//791 325//792 335//793
f 335//793 325//792 328//794
f 335//793 328//794 330//795
f 335//793 330//795 332//796
f 342//791 323//797 325//792
f 323//797 355//798 321//799
f 321//799 355//798 314//800
f 317//801 321//799 314//800
f 355//798 313//790 314//800
f 319//802 299//803 301//804
f 319//802 301//804 352//805
f 301//804 304//780 350//782
f 301//804 350//782 352//805
f 344//783 346//806 350//782
f 350//782 346//806 348//807
f 355//798 323//797 342//791
f 355//798 342//791 313//790
f 313//790 342//791 341//788
f 356//808 357//809 358//810
f 359//811 360//812 361//813
f 359//811 361//813 362//814
f 359//811 362//814 356//808
f 356//808 362//814 357//809
f 363//815 364//816 360//817
f 363//815 360//817 359//818
f 365//819 366//820 367//821
f 365//819 369//822 366//820
f 368//823 369//822 365//819
f 365//819 370//824 368//823
f 368//823 370//824 371//825
f 368//823 371//825 372//826
f 372//826 371//825 373//827
f 372//826 373//827 374//828
f 374//828 373//827 375//829
f 364//830 363//831 375//829
f 375//829 363//831 374//828
f 376//832 377//833 378//834
f 378//834 377//833 379//835
f 378//834 379//835 366//836
f 366//836 379//835 367//837
f 376//838 380//839 377//840
f 377//840 380//839 381//841
f 382//842 383//843 384//844
f 382//842 384//844 385//845
f 385//845 384//844 386//846
f 385//845 386//846 387//847
f 387//847 386//846 388//848
f 388//848 386//846 389//849
f 388//848 389//849 390//850
f 390//850 389//849 391//851
f 390//850 391//851 392//852
f 390//850 392//852 393//853
f 393//853 392//852 394//854
f 394//854 392//852 395//855
f 397//856 394//854 395//855
f 397//856 396//857 394//854
f 396//857 397//856 398//858
f 396//857 398//858 399//859
f 399//859 398//858 400//860
f 400//860 398//858 401//861
f 400//860 401//861 402//862
f 402//862 401//861 403//863
f 402//862 403//863 404//864
f 404//864 403//863 405//865
f 404//864 405//865 406//866
f 406//866 405//865 407//867
f 407//867 408//868 406//866
f 408//868 407//867 409//869
f 408//868 409//869 410//870
f 381//871 380//872 410//870
f 381//871 410//870 409//869
f 411//873 412//874 382//875
f 382//875 412//874 383//876
f 413//877 414//878 412//879
f 416//880 417//881 357//882
f 357//882 417//881 358//883
f 418//884 419//885 416//880
f 416//880 419//885 417//881
f 415//886 420//887 418//884
f 418//884 420//887 419//885
f 414//878 413//877 415//886
f 415//886 413//877 420//887
f 412//879 411//888 413//877
f 386//889 415//890 418//891
f 386//889 418//891 389//892
f 389//892 418//891 416//893
f 415//890 386//889 414//894
f 383//895 412//896 384//897
f 384//897 412//896 414//894
f 384//897 414//894 386//889
f 421//898 395//899 392//900
f 421//898 392//900 391//901
f 421//898 391//901 389//892
f 367//902 397//903 421//898
f 421//898 397//903 395//899
f 367//902 407//904 403//905
f 367//902 403//905 397//903
f 403//905 398//906 397//903
f 403//905 407//904 405//907
f 403//905 401//908 398//906
f 407//904 367//902 409//909
f 409//909 367//902 379//910
f 409//909 379//910 377//911
f 409//909 377//911 381//912
f 421//898 371//913 370//914
f 421//898 370//914 365//915
f 421//898 365//915 367//902
f 373//916 361//917 375//918
f 375//918 361//917 364//919
f 364//919 361//917 360//920
f 373//916 362//921 361//917
f 389//892 416//893 421//898
f 421//898 416//893 357//922
f 421//898 357//922 371//913
f 371//913 357//922 362//921
f 371//913 362//921 373//916
f 417//923 422//924 358//925
f 356//926 374//927 359//928
f 359//928 374//927 363//929
f 372//930 374//927 356//926
f 422//924 366//931 369//932
f 369//932 368//933 422//924
f 422//924 368//933 372//930
f 422//924 372//930 358//925
f 366//931 408//934 378//935
f 378//935 408//934 410//936
f 378//935 410//936 380//937
f 378//935 380//937 376//938
f 402//939 404//940 406//941
f 396//942 399//943 402//939
f 399//943 400//944 402//939
f 366//931 396//942 402//939
f 402//939 406//941 366//931
f 408//934 366//931 406//941
f 394//945 396//942 422//924
f 422//924 396//942 366//931
f 372//930 356//926 358//925
f 388//946 390//947 422//924
f 422//924 390//947 393//948
f 422//924 393//948 394//945
f 417//923 387//949 388//946
f 417//923 388//946 422//924
f 417//923 419//950 387//949
f 387//949 419//950 420//951
f 387//949 420//951 385//952
f 385//952 420//951 413//953
f 385//952 413//953 411//954
f 385//952 411//954 382//955
f 423//956 424//957 425//958
f 425//958 424//957 426//959
f 425//958 426//959 427//960
f 426//959 428//961 427//960
f 429//962 430//963 423//956
f 423//956 430//963 424//957
f 429//964 431//965 430//966
f 430//966 431//965 432//967
f 432//968 431//969 433//970
f 433//970 431//969 434//971
f 433//970 434//971 435//972
f 428//973 436//974 427//975
f 427//975 436//974 437//976
f 437//976 436//974 438//977
f 437//976 438//977 439//978
f 439//978 438//977 440//979
f 439//978 440//979 441//980
f 441//980 440//979 442//981
f 441//980 442//981 443//982
f 441//980 443//982 444//983
f 445//984 444//983 443//982
f 433//970 435//972 445//984
f 445//984 435//972 444//983
f 424//985 445//986 426//987
f 440//988 428//989 445//986
f 445//986 428//989 426//987
f 440//988 438//990 436//991
f 440//988 436//991 428//989
f 445//986 443//992 442//993
f 445//986 442//993 440//988
f 433//994 445//986 424//985
f 433//994 424//985 430//995
f 433//994 430//995 432//996
f 435//997 423//998 425//999
f 425//999 441//1000 444//1001
f 425//999 444//1001 435//997
f 441//1000 437//1002 439//1003
f 427//1004 437//1002 441//1000
f 427//1004 441//1000 425//999
f 431//1005 429//1006 434//1007
f 434//1007 429//1006 423//998
f 434//1007 423//998 435//997
f 446//1008 447//1009 448//1010
f 448//1010 447//1009 449//1011
f 447//1012 450//1013 449//1014
f 449//1014 450//1013 451//1015
f 452//1016 453//1017 450//1018
f 450//1018 453//1017 451//1019
f 454//1020 455//1021 452//1022
f 452//1022 455//1021 453//1023
f 454//1024 456//1025 455//1026
f 455//1026 456//1025 457//1027
f 458//1028 459//1029 460//1030
f 460//1030 459//1029 461//1031
f 457//1032 456//1033 461//1031
f 461//1031 456//1033 460//1030
f 462//1034 463//1035 458//1036
f 458//1036 463//1035 459//1037
f 446//1038 448//1039 464//1040
f 464//1040 448//1039 465//1041
f 463//1042 462//1043 465//1041
f 465//1041 462//1043 464//1040
f 453//1044 455//1045 457//1046
f 449//1047 451//1048 448//1049
f 457//1046 451//1048 453//1044
f 457//1046 448//1049 451//1048
f 457//1046 461//1050 465//1051
f 448//1049 457//1046 465//1051
f 465//1051 461//1050 463//1052
f 463//1052 461//1050 459//1053
f 456//1054 454//1055 452//1056
f 450//1057 456//1054 452//1056
f 450//1057 447//1058 446//1059
f 450//1057 446//1059 456//1054
f 460//1060 464//1061 462//1062
f 464//1061 460//1060 446//1059
f 446//1059 460//1060 456//1054
f 462//1062 458//1063 460//1060
f 466//1064 467//1065 468//1066
f 468//1066 467//1065 469//1067
f 468//1066 469//1067 470//1068
f 470//1068 469//1067 471//1069
f 470//1068 471//1069 472//1070
f 472//1070 471//1069 473//1071
f 473//1071 471//1069 474//1072
f 467//1065 466//1064 476//1073
f 476//1073 466//1064 475//1074
f 477//1075 478//1076 479//1077
f 477//1075 479//1077 480//1078
f 479//1077 476//1073 480//1078
f 480//1078 476//1073 475//1074
f 481//1079 482//1080 483//1081
f 483//1081 482//1080 484//1082
f 483//1081 484//1082 485//1083
f 485//1083 484//1082 486//1084
f 485//1083 486//1084 487//1085
f 487//1085 486//1084 478//1076
f 487//1085 478//1076 477//1075
f 482//1086 481//1087 488//1088
f 488//1088 481//1087 489//1089
f 490//1090 491//1091 489//1092
f 489//1092 491//1091 488//1093
f 492//1094 493//1095 491//1096
f 491//1096 490//1097 492//1094
f 494//1098 501//1099 495//1100
f 494//1098 495//1100 496//1101
f 495//1100 497//1102 496//1101
f 496//1101 497//1102 498//1103
f 498//1103 497//1102 499//1104
f 498//1103 499//1104 500//1105
f 500//1105 499//1104 493//1106
f 500//1105 493//1106 492//1107
f 502//1108 503//1109 494//1098
f 494//1098 503//1109 501//1099
f 504//1110 505//1111 506//1112
f 504//1110 506//1112 507//1113
f 507//1113 506//1112 503//1109
f 507//1113 503//1109 502//1108
f 508//1114 509//1115 510//1116
f 510//1116 509//1115 511//1117
f 510//1116 511//1117 504//1118
f 504//1118 511//1117 505//1119
f 512//1120 513//1121 508//1122
f 508//1122 513//1121 509//1123
f 473//1124 474//1125 514//1126
f 514//1126 474//1125 515//1127
f 513//1128 512//1129 515//1127
f 515//1127 512//1129 514//1126
f 479//1130 478//1131 501//1132
f 501//1132 478//1131 486//1133
f 501//1132 486//1133 484//1134
f 501//1132 476//1135 479//1130
f 493//1136 499//1137 491//1138
f 499//1137 497//1139 482//1140
f 482//1140 497//1139 495//1141
f 499//1137 482//1140 491//1138
f 501//1132 484//1134 495//1141
f 495//1141 484//1134 482//1140
f 482//1140 488//1142 491//1138
f 467//1143 501//1132 469//1144
f 501//1132 467//1143 476//1135
f 471//1145 469//1144 501//1132
f 471//1145 501//1132 503//1146
f 471//1145 503//1146 506//1147
f 471//1145 506//1147 474//1148
f 474//1148 506//1147 505//1149
f 515//1150 511//1151 513//1152
f 513//1152 511//1151 509//1153
f 511//1151 515//1150 505//1149
f 505//1149 515//1150 474//1148
f 481//1154 496//1155 498//1156
f 498//1156 500//1157 481//1154
f 500//1157 492//1158 481//1154
f 496//1155 481//1154 494//1159
f 494//1159 481//1154 483//1160
f 494//1159 480//1161 475//1162
f 477//1163 480//1161 494//1159
f 487//1164 477//1163 494//1159
f 483//1160 485//1165 494//1159
f 494//1159 485//1165 487//1164
f 481//1154 490//1166 489//1167
f 492//1158 490//1166 481//1154
f 504//1168 507//1169 473//1170
f 473//1170 507//1169 472//1171
f 472//1171 507//1169 502//1172
f 466//1173 468//1174 494//1159
f 494//1159 468//1174 470//1175
f 494//1159 470//1175 472//1171
f 494//1159 472//1171 502//1172
f 494//1159 475//1162 466//1173
f 512//1176 508//1177 510//1178
f 512//1176 510//1178 514//1179
f 514//1179 510//1178 473//1170
f 473//1170 510//1178 504//1168
f 516//1180 517//1181 518//1182
f 518//1182 517//1181 519//1183
f 518//1182 519//1183 520//1184
f 520//1184 519//1183 521//1185
f 520//1184 521//1185 522//1186
f 522//1186 521//1185 523//1187
f 521//1185 524//1188 523//1187
f 523//1187 524//1188 526//1189
f 526//1189 525//1190 523//1187
f 517//1181 516//1180 527//1191
f 528//1192 529//1193 516//1194
f 516//1194 529//1193 527//1195
f 529//1196 528//1197 534//1198
f 534//1198 528//1197 533//1199
f 530//1200 531//1201 532//1202
f 530//1200 532//1202 533//1199
f 533//1199 532//1202 534//1198
f 535//1203 536//1204 537//1205
f 537//1205 536//1204 538//1206
f 536//1204 531//1201 538//1206
f 538//1206 531//1201 530//1200
f 535//1207 537//1208 539//1209
f 539//1209 537//1208 540//1210
f 541//1211 542//1212 540//1213
f 540//1213 542//1212 539//1214
f 543//1215 548//1216 544//1217
f 544//1217 548//1216 545//1218
f 547//1219 546//1220 548//1216
f 547//1219 548//1216 543//1215
f 546//1220 547//1219 549//1221
f 546//1220 549//1221 550//1222
f 542//1223 541//1224 549//1221
f 549//1221 541//1224 550//1222
f 551//1225 552//1226 544//1227
f 551//1225 544//1227 545//1228
f 553//1229 554//1230 551//1231
f 551//1231 554//1230 552//1232
f 525//1190 526//1189 555//1233
f 525//1190 555//1233 556//1234
f 556//1234 555//1233 557//1235
f 556//1234 557//1235 558//1236
f 558//1236 557//1235 559//1237
f 558//1236 559//1237 560//1238
f 560//1238 559//1237 561//1239
f 560//1238 561//1239 562//1240
f 562//1240 561//1239 563//1241
f 562//1240 563//1241 564//1242
f 564//1242 563//1241 565//1243
f 564//1242 565//1243 566//1244
f 566//1244 565//1243 569//1245
f 569//1245 565//1243 567//1246
f 554//1247 553//1248 568//1249
f 568//1249 553//1248 569//1245
f 568//1249 569//1245 567//1246
f 526//1250 524//1251 531//1252
f 531//1252 524//1251 521//1253
f 521//1253 519//1254 531//1252
f 531//1252 519//1254 532//1255
f 532//1255 519//1254 534//1256
f 534//1256 519//1254 517//1257
f 568//1258 552//1259 554//1260
f 555//1261 526//1250 535//1262
f 535//1262 549//1263 555//1261
f 555//1261 549//1263 547//1264
f 531//1252 536//1265 526//1250
f 526//1250 536//1265 535//1262
f 555//1261 547//1264 543//1266
f 555//1261 543//1266 544//1267
f 555//1261 567//1268 557//1269
f 567//1268 559//1270 557//1269
f 567//1268 565//1271 563//1272
f 567//1268 563//1272 561//1273
f 567//1268 561//1273 559//1270
f 552//1259 568//1258 544//1267
f 544//1267 568//1258 567//1268
f 544//1267 567//1268 555//1261
f 539//1274 542//1275 549//1263
f 539//1274 549//1263 535//1262
f 527//1276 529//1277 517//1257
f 517//1257 529//1277 534//1256
f 530//1278 518//1279 520//1280
f 520//1280 522//1281 530//1278
f 530//1278 522//1281 523//1282
f 530//1278 523//1282 525//1283
f 518//1279 530//1278 533//1284
f 518//1279 533//1284 516//1285
f 525//1283 538//1286 530//1278
f 556//1287 546//1288 537//1289
f 556//1287 537//1289 525//1283
f 525//1283 537//1289 538//1286
f 546//1288 550//1290 537//1289
f 541//1291 540//1292 550//1290
f 550//1290 540//1292 537//1289
f 556//1287 548//1293 546//1288
f 548//1293 556//1287 545//1294
f 569//1295 564//1296 566//1297
f 569//1295 558//1298 560//1299
f 569//1295 560//1299 562//1300
f 569//1295 562//1300 564//1296
f 569//1295 556//1287 558//1298
f 556//1287 569//1295 545//1294
f 545//1294 569//1295 551//1301
f 551//1301 569//1295 553//1302
f 516//1285 533//1284 528//1303
f 572//1304 573//1305 570//1306
f 572//1304 570//1306 571//1307
f 574//1308 575//1309 576//1310
f 576//1310 575//1309 577//1311
f 578//1312 579//1313 575//1309
f 578//1312 575//1309 574//1308
f 580//1314 581//1315 579//1313
f 580//1314 579//1313 578//1312
f 581//1315 580//1314 582//1316
f 581//1315 582//1316 583//1317
f 583//1317 582//1316 584//1318
f 584//1318 582//1316 585//1319
f 584//1318 585//1319 586//1320
f 586//1320 585//1319 587//1321
f 586//1320 587//1321 589//1322
f 586//1320 589//1322 588//1323
f 590//1324 588//1323 589//1322
f 592//1325 591//1326 590//1324
f 590//1324 591//1326 588//1323
f 591//1326 592//1325 593//1327
f 592//1325 594//1328 593//1327
f 593//1327 594//1328 595//1329
f 595//1329 594//1328 596//1330
f 576//1310 577//1311 597//1331
f 576//1310 597//1331 598//1332
f 598//1332 597//1331 571//1333
f 598//1332 571//1333 570//1334
f 599//1335 600//1336 595//1337
f 599//1335 595//1337 596//1338
f 600//1339 599//1340 601//1341
f 602//1342 603//1343 601//1341
f 601//1341 603//1343 604//1344
f 601//1341 604//1344 600//1339
f 606//1345 605//1346 607//1347
f 605//1346 608//1348 607//1347
f 607//1347 608//1348 609//1349
f 608//1348 610//1350 609//1349
f 609//1349 610//1350 611//1351
f 610//1350 612//1352 611//1351
f 611//1351 612//1352 613//1353
f 611//1351 613//1353 614//1354
f 603//1355 602//1356 606//1345
f 606//1345 602//1356 605//1346
f 614//1357 613//1358 615//1359
f 614//1357 615//1359 616//1360
f 616//1361 615//1362 617//1363
f 618//1364 619//1365 617//1363
f 617//1363 619//1365 620//1366
f 617//1363 620//1366 616//1361
f 621//1367 622//1368 623//1369
f 622//1368 621//1367 624//1370
f 624//1370 621//1367 625//1371
f 623//1369 626//1372 621//1367
f 626//1372 623//1369 627//1373
f 626//1372 627//1373 628//1374
f 628//1374 627//1373 573//1375
f 628//1374 573//1375 572//1376
f 624//1370 625//1371 619//1377
f 624//1370 619//1377 618//1378
f 623//1379 576//1380 598//1381
f 623//1379 622//1382 576//1380
f 576//1380 622//1382 624//1383
f 598//1381 627//1384 623//1379
f 570//1385 573//1386 598//1381
f 598//1381 573//1386 627//1384
f 578//1387 624//1383 580//1388
f 574//1389 624//1383 578//1387
f 576//1380 624//1383 574//1389
f 602//1390 582//1391 618//1392
f 618//1392 582//1391 580//1388
f 618//1392 580//1388 624//1383
f 592//1393 590//1394 587//1395
f 590//1394 589//1396 587//1395
f 592//1393 587//1395 585//1397
f 592//1393 585//1397 582//1391
f 582//1391 602//1390 592//1393
f 592//1393 602//1390 601//1398
f 592//1393 601//1398 594//1399
f 594//1399 601//1398 599//1400
f 596//1401 594//1399 599//1400
f 610//1402 608//1403 618//1404
f 618//1404 608//1403 605//1405
f 618//1406 605//1346 602//1356
f 615//1407 613//1408 617//1409
f 618//1404 617//1409 610//1402
f 610//1402 617//1409 612//1410
f 612//1410 617//1409 613//1408
f 581//1411 619//1412 625//1413
f 603//1414 606//1414 619//1414
f 606//1415 607//1416 619//1417
f 607//1416 609//1418 619//1417
f 619//1417 609//1418 620//1419
f 620//1419 609//1418 611//1420
f 620//1419 611//1420 616//1421
f 611//1420 614//1422 616//1421
f 604//1423 593//1424 600//1425
f 600//1425 593//1424 595//1426
f 584//1427 586//1428 603//1429
f 586//1428 588//1430 603//1429
f 588//1430 591//1431 603//1429
f 604//1423 603//1429 593//1424
f 593//1424 603//1429 591//1431
f 581//1411 583//1432 619//1412
f 619//1412 583//1432 584//1427
f 619//1412 584//1427 603//1429
f 577//1433 575//1434 581//1411
f 575//1434 579//1435 581//1411
f 581//1411 625//1413 577//1433
f 621//1436 597//1437 577//1433
f 621//1436 577//1433 625//1413
f 597//1437 621//1436 626//1438
f 626//1438 628//1439 597//1437
f 597//1437 628//1439 571//1440
f 571//1440 628//1439 572//1441
