# G1 exterior visual; derived from pinned Unitree/TWIST2 CAD.
v 0.00848899875 0.0474250317 -0.0345420204
v 0.00805769674 0.0477382205 -0.0276828669
v 0.00761964591 0.0473428704 -0.0262913238
v 0.0079771392 0.0472833142 -0.00303524756
v 0.00840096455 0.0466805175 -0.0248532277
v 0.00752432365 0.0505426042 -0.0342414081
v 0.00764526939 0.0503359213 -0.0278513804
v 0.00399072841 0.0478263199 -0.0258860067
v 0.0118689658 0.0464730747 -0.0254451297
v 0.0156185813 0.0453819372 -0.0345425718
v 0.0170635879 0.0448266305 -0.025372427
v 0.0108229928 0.0428275988 -0.0229927655
v 0.0130554959 0.0419050492 -0.022739755
v 0.0178328007 0.0395459384 -0.0224076342
v 0.0162007399 0.0408277288 -0.0231947117
v 0.0129204495 0.0419404767 0.00108014629
v 0.0106414594 0.042947866 0.000671003421
v 0.017691426 0.0395316556 0.00146302104
v 0.0220086332 0.0381311104 -0.0231893808
v 0.0257785972 0.0357436091 -0.0231273584
v 0.0219047368 0.0380843617 0.000986902392
v 0.0256891828 0.0357476696 0.000772898027
v 0.0214528143 0.0429703854 -0.0343766585
v 0.0230394099 0.0421038345 -0.0253737513
v 0.0265516173 0.0412760861 -0.035176523
v 0.026076315 0.0402642079 -0.0344085135
v 0.0283815451 0.0386499986 -0.0253436659
v 0.0297188163 0.0384832509 -0.0351867862
v 0.03320482 0.0278167389 0.00156833476
v 0.0326862857 0.0351944901 -0.0256233122
v 0.0310260579 0.0366387926 -0.0341887027
v 0.0360732563 0.0316821523 -0.0340497792
v 0.029846929 0.0323869213 -0.0231770016
v 0.0329840481 0.0281040389 -0.0227594301
v 0.0357842632 0.0317531154 -0.0253062285
v 0.0300829783 0.0321076848 0.00080417667
v 0.0387805663 0.0281931683 -0.025350498
v 0.0238096863 0.0351615399 0.00246225204
v 0.0362288207 0.0248362292 -0.0230767857
v 0.0367415659 0.0241221637 0.000844459457
v 0.0424546041 0.00907953177 -0.0229465123
v 0.043388743 0.00673262542 -0.0230822973
v 0.0466253124 0.0112335095 -0.0252861474
v 0.0435701944 0.00529743219 0.0009666736
v 0.0429542102 0.0215208083 -0.0343815759
v 0.0455592573 0.0151940035 -0.0341758318
v 0.0416187495 0.0156458598 -0.0234176107
v 0.0411700495 0.0156693067 -0.0225418638
v 0.0451558605 0.0161660835 -0.0253249072
v 0.0418975651 0.0113939159 0.00115253031
v 0.0411023423 0.0157382991 0.000787800993
v 0.0398693159 0.0268183835 -0.0344398916
v 0.0409560576 0.025017824 -0.0253945179
v 0.0383196659 0.021717079 -0.0231510419
v 0.0429369584 0.0212877356 -0.0253356081
v 0.0385701358 0.0212072562 0.00073631556
v 0.00596948247 0.0140421111 0.002446661
v 0.009431988 0.0118977865 0.00246363692
v 0.00893535651 0.0119008729 0.000360367325
v 0.0124117658 0.00791636202 0.000391620648
v 0.0123148635 0.00869981572 0.00240538642
v 0.0147193447 0.00426856522 0.00246749818
v 0.0408491604 0.0116811553 0.00249692728
v 0.0123998746 0.0406978279 0.00249762228
v 0.0301010907 0.0300548617 0.00246899482
v 0.0378833935 0.0191669688 0.00247159787
v 0.0344058834 0.0249350984 0.00245097419
v 0.0360443108 0.0335029475 -0.0351672433
v 0.0443806648 0.0199578088 -0.0351233073
v 0.0468840152 0.0104001788 -0.034615688
v 0.0470497347 0.0140334684 -0.0351631269
v 0.0399399325 0.0278734267 -0.0351585373
v 0.0487146415 0.0419774391 -0.0367693678
v 0.04799629 0.0440542623 -0.0356254727
v 0.0279902592 0.0635075942 -0.06999439
v 0.0366091989 0.0614181124 -0.0571359508
v 0.0384839177 0.0472259969 -0.0526829511
v 0.0390401408 0.0466691144 -0.0362574458
v 0.0370807648 0.0459425114 -0.035234198
v 0.034397345 0.0542728603 -0.0524963923
v 0.0362997651 0.0523367152 -0.0531715751
v 0.0385923125 0.0478098579 -0.0543672442
v 0.0370520912 0.0489403494 -0.0518846624
v 0.0345260948 0.0541358143 -0.0361794122
v 0.0361144915 0.0525446162 -0.0364490859
v 0.0370203406 0.0489916392 -0.0362711512
v 0.0308844037 0.0616900325 -0.070262827
v 0.0403139256 0.0465463512 -0.052088093
v 0.0449439585 0.0468953513 -0.0538295545
v 0.0455213189 0.0462907553 -0.0515270196
v 0.0462273806 0.0478565432 -0.0550027192
v 0.0464832671 0.0456571802 -0.0361840613
v 0.0455627292 0.0446357206 -0.0352067091
v 0.0443045422 0.0464529172 -0.0361915007
v 0.0460508578 0.057230141 -0.0571164601
v 0.0385866649 0.0523366444 -0.0551302657
v 0.0395059064 0.0595875494 -0.0553502142
v 0.0438377783 0.0566205382 -0.0552666858
v 0.0477214493 0.053346511 -0.0560210198
v 0.0434136242 0.0593861602 -0.0569606274
v 0.0397177562 0.0608960427 -0.057825163
v 0.0487483665 0.0417127647 -0.0573320799
v 0.0482512452 0.0439784415 -0.0530977845
v 0.0483346432 0.0468073338 -0.0561404265
v 0.0484637208 0.0535990484 -0.0575852208
v 0.0340428986 0.0570480898 -0.0550127514
v 0.00802160241 0.0514372438 -0.0351362899
v 0.00959070493 0.0643797591 -0.0642496049
v 0.00950315129 0.0613985397 -0.0573526882
v 0.00810982753 0.0493039265 -0.0351869762
v 0.0186745469 0.0450206548 -0.0351459384
v 0.0335402787 0.0556898229 -0.0541637726
v 0.0343855582 0.0529600531 -0.0352073684
v 0.0158153102 0.0615849644 -0.0606523454
v 0.0144030508 0.0643794164 -0.0658653677
v 0.0131559633 0.0635908097 -0.062051449
v 0.024812704 0.0644484311 -0.0718779117
v 0.0275520664 0.063838318 -0.0726921484
v 0.0250212103 0.0615280904 -0.0653925464
v 0.0198506452 0.0635162517 -0.064613089
v -0.0401174352 0.0264372826 -0.0343693756
v -0.0344342068 0.0265222434 -0.0228386242
v -0.0367976017 0.0308308136 -0.0341225304
v -0.0333149694 0.0345754474 -0.0339468606
v -0.033947397 0.0356290676 -0.0351856127
v -0.0336524397 0.0341895036 -0.0255599283
v -0.0304789953 0.0370293744 -0.0342928655
v -0.0306693204 0.0368590839 -0.0253766477
v -0.0367698632 0.0307334941 -0.0253503118
v -0.0323583782 0.0289750844 -0.022887025
v -0.0301469304 0.0320446528 -0.0221620612
v -0.0294761453 0.0333082825 -0.0233951416
v -0.0300407577 0.0321240686 0.000867489609
v -0.0278507937 0.0391410366 -0.0345649458
v -0.0257410947 0.0357143432 -0.0223207977
v -0.0250542928 0.036615476 -0.0233354215
v -0.0266208164 0.035052672 0.000273330545
v -0.0222941171 0.0379443318 0.000813606777
v -0.0234162901 0.0419384837 -0.034283746
v -0.0218783151 0.0427224524 -0.0253047552
v -0.0206433609 0.0433128215 -0.0344931073
v -0.0267742611 0.0397525057 -0.0253257658
v -0.0219034422 0.0381655023 -0.0231682006
v -0.0182545669 0.0393798761 -0.0223492365
v -0.0172998644 0.0447481759 -0.0257296301
v -0.0163917784 0.0451251566 -0.0345393084
v -0.0117486343 0.046542339 -0.0346536189
v -0.00832822081 0.0475467071 -0.0344259925
v -0.00822514482 0.0475321934 -0.0275500584
v -0.0156702865 0.0405639783 -0.0228171553
v -0.0133241192 0.0418230481 -0.0231099296
v -0.0126588196 0.0462522693 -0.0253706891
v -0.0107469298 0.0428845547 -0.0230352692
v -0.0179293081 0.0394437164 0.00170878065
v -0.013044646 0.0418986119 0.000989511609
v -0.0107156336 0.0428653769 0.000611573167
v -0.00809041783 0.0470975824 -0.00284381351
v -0.00795667712 0.0472709723 -0.0251801014
v -0.00430119643 0.0477968529 -0.0030280496
v 0.00258232397 0.0479428209 -0.00303700869
v -0.00818707049 0.0516546592 -0.0351115428
v -0.00772046158 0.0503354482 -0.0279281884
v -0.00773379533 0.0504855327 -0.0343291201
v -6.96999705e-05 0.0512305349 -0.0343696326
v 1.47679357e-05 0.0511199348 -0.0284274258
v -0.00135192357 0.0480035208 -0.0273489933
v -0.0326474831 0.0285546202 0.00146352104
v -0.0301975701 0.0299269333 0.00246338383
v -0.0257820636 0.0339301005 0.00244174851
v -0.0164332408 0.0390851386 0.00248363544
v -0.00620692596 0.0421595797 0.00239937077
v 0.00299982214 0.0424753465 0.00245982269
v 0.00472647836 0.0138106495 1.30824847e-05
v -0.0471710525 0.00899287127 -0.0347069316
v -0.0468913279 0.0104056569 -0.0253896788
v -0.0424854904 0.00891065784 -0.02293461
v -0.0422229283 0.0095996717 0.00151155237
v -0.0436858572 0.00495841168 0.000731255801
v -0.047381606 0.0137678795 -0.0352531001
v -0.0457475446 0.0146505628 -0.0345357917
v -0.0430329256 0.0212710779 -0.0253919289
v -0.0436228141 0.0216120426 -0.0351377167
v -0.0451078676 0.0162721872 -0.0253535006
v -0.0416653417 0.0155622223 -0.0234499723
v -0.0411982685 0.0155633232 -0.0227691028
v -0.0389829576 0.020417843 0.000876286125
v -0.043105457 0.0211468115 -0.0342467278
v -0.0395411067 0.0271545853 -0.0253369436
v -0.03802789 0.0234275348 -0.0235295519
v -0.038498573 0.0213599466 -0.0228284746
v -0.0366952308 0.0242057703 -0.0222656056
v -0.0367891453 0.0240340084 0.000988152111
v -0.04107536 0.0157558527 0.00085077429
v -0.0384463184 0.0181838591 0.00245029153
v -0.0346571207 0.0244435146 0.00249868026
v -0.0138594573 0.0045962627 6.53696843e-05
v -0.0135607235 0.00682067545 0.00245318259
v -0.011472729 0.00960014854 0.000538415101
v -0.0106002204 0.0109259719 0.00243019219
v -0.0057065906 0.0136220111 0.000113170288
v -0.00711366069 0.0133799119 0.00241136597
v -0.0010758331 0.0151052792 0.00190550345
v -0.000146366598 0.0155138643 0.00248832162
v -0.0453643538 0.0191691983 -0.0351775475
v -0.0404714979 0.0273310747 -0.0351609066
v -0.0469644256 0.0440564081 -0.035206873
v -0.0379179083 0.0303982794 -0.0351450108
v -0.0196415596 0.0445515476 -0.0351439156
v -0.0210022088 0.0644062385 -0.0692853257
v -0.016988039 0.0638862625 -0.0660783499
v -0.0127474666 0.0615766458 -0.0598880313
v -0.0192648396 0.0616692416 -0.0622754879
v -0.0132791884 0.0472025536 -0.0351888612
v -0.00916627422 0.0532694384 -0.0352249555
v -0.0166129321 0.0635262579 -0.0631048158
v -0.0100662149 0.0638957843 -0.0636731982
v -0.0131457644 0.0644388348 -0.0653809533
v 0.0372585729 0.0605286025 -0.055834379
v 0.0324459374 0.0549986474 -0.0520966053
v -0.0103345513 0.0635563061 -0.0613258705
v -0.00497561553 0.0615761951 -0.0586797893
v 0.0011194133 0.0634988621 -0.0600352287
v -0.00535056554 0.0644520149 -0.0634725243
v 0.00451859459 0.0617030971 -0.0587706864
v 0.00493821641 0.0642110482 -0.0630398616
v -0.0487298183 0.0419972502 -0.0368742794
v -0.0481970683 0.0436889827 -0.0358915739
v -0.048245497 0.0467866734 -0.0559110828
v -0.047385063 0.0450281836 -0.0526629575
v -0.0477568433 0.054900486 -0.0569327734
v -0.0449302793 0.0464381166 -0.0522226952
v -0.0462153964 0.0476742908 -0.0550045632
v -0.0397242643 0.0476491377 -0.0545166172
v -0.0395573489 0.0466630198 -0.0524626747
v -0.0466064215 0.0456078462 -0.0363624245
v -0.0443773568 0.0464396589 -0.0361979343
v -0.0368512906 0.0461713001 -0.03522145
v -0.0460180789 0.0572963431 -0.0570650585
v -0.0470156372 0.0526750386 -0.0555121191
v -0.0408894718 0.0595616214 -0.0553382523
v -0.0381233543 0.0523470342 -0.0551111102
v -0.0353639536 0.0571571179 -0.0550528504
v -0.0432404466 0.059521053 -0.0574287772
v -0.0396941341 0.0609040558 -0.057864517
v -0.0414857939 0.0592530034 -0.0556423776
v -0.0365766212 0.0609146096 -0.056197729
v -0.0274635777 0.0404999256 -0.0351811349
v -0.0376798734 0.0480588973 -0.05368343
v -0.0390893817 0.0466731787 -0.0361358337
v -0.0368020795 0.0501422249 -0.0525172278
v -0.0359975174 0.0527303144 -0.0530040935
v -0.0334650241 0.0560091808 -0.0544036441
v -0.0347836539 0.0540423617 -0.0525703616
v -0.0324625522 0.0550001338 -0.0520939939
v -0.0324301906 0.0554026477 -0.0535745732
v -0.0369996242 0.0490343682 -0.0362079889
v -0.0360870212 0.0525776297 -0.0362866819
v -0.0344525799 0.0541885905 -0.0363260768
v -0.032411661 0.0549569242 -0.0362541899
v -0.0341877677 0.0530298837 -0.0352124311
v -0.0312287025 0.0543642193 -0.0356482342
v -0.0272623654 0.0617441311 -0.0673291385
v 0.0322201066 0.0549834222 -0.0361308344
v -0.02569828 0.0638925582 -0.0714943111
v -0.0234411843 0.0635231584 -0.0666872859
v -0.023754444 0.0615161397 -0.0635949522
v -0.0364709981 0.0614558458 -0.0574488752
v 0.0386151746 -0.0211525261 -0.0229127109
v 0.0432071351 -0.0210478641 -0.0346378759
v 0.0424760394 -0.0223264806 -0.0253758635
v 0.0413900539 -0.0165943317 -0.023466168
v 0.0389471427 -0.0205358732 0.000733451336
v 0.0455810912 -0.0151295243 -0.0343613215
v 0.0411170311 -0.0157655235 -0.022742467
v 0.042216178 -0.009887347 -0.0226923674
v 0.0449848026 -0.0166356936 -0.025328666
v 0.0468225665 -0.0106909694 -0.0254025254
v 0.0476726368 -0.00449471734 -0.0252814591
v 0.0411263816 -0.0156605579 0.00082253007
v 0.041868858 -0.011535706 0.00140422268
v 0.0437377989 -0.00553587731 -0.0232191775
v 0.0439593866 0.00224727765 -0.0224706344
v 0.0448295474 -0.00179624115 -0.0236745887
v 0.0436533652 -0.00506093353 0.000869915646
v 0.0439869203 2.26624234e-05 0.000332963275
v 0.0479748547 0.00293257786 -0.0340676606
v 0.0479516387 0.00310720503 -0.0253690984
v 0.00410337886 -0.0158890672 0.00249995873
v 0.00464124419 -0.0138198286 1.28243382e-05
v 0.00136991031 -0.015212534 0.002401412
v 0.008136563 -0.0128492033 0.00241528871
v 0.00894315634 -0.0118807834 0.000452408276
v 0.0123243369 -0.00760107674 4.98207519e-05
v 0.0110470159 -0.0114773195 0.00249864184
v 0.011605992 -0.00973540079 0.00235830434
v 0.0143876867 -0.00515155448 0.00245762826
v 0.0137276389 0.00496330066 1.22032252e-05
v 0.0140957907 -0.00444474025 0.000199410861
v 0.0149812074 -0.000336399564 0.00141312624
v 0.0396241471 -0.0150978807 0.00249758107
v 0.042704694 -0.00244497624 0.00236481009
v 0.00781138148 -0.0505216941 -0.0345369987
v 0.00842699129 -0.0475335084 -0.0345199853
v 0.00821491424 -0.0475006104 -0.0278287046
v 0.00757979788 -0.0473787375 -0.0263679028
v 0.00844050385 -0.0466477722 -0.0248486381
v 0.00797291566 -0.0472597666 -0.00301371631
v 0.00585765904 -0.0420883 0.00248573511
v 0.0157760419 -0.0453621447 -0.0343400985
v 0.0171843469 -0.0447861403 -0.0253992435
v 0.0107459491 -0.042880401 -0.0229026843
v 0.0118517652 -0.0464871675 -0.025426669
v 0.0134949349 -0.0417028442 -0.0229509175
v 0.0172887407 -0.0397899076 -0.0228485502
v 0.0216208734 -0.0383057632 -0.0231846422
v 0.0107594728 -0.0428395681 0.000619005121
v 0.012857927 -0.0420026258 0.000834495877
v 0.0175957326 -0.039581228 0.00143374898
v 0.0221126918 -0.0426407866 -0.0344057195
v 0.0225145817 -0.0423817672 -0.0253863651
v 0.0268142205 -0.0398240313 -0.0344427824
v 0.0270563308 -0.0395800695 -0.0253464356
v 0.0222941712 -0.0379531533 0.000901549356
v 0.024994174 -0.0362686627 -0.0231408086
v 0.0294466093 -0.0334447473 -0.0234895069
v 0.0300678257 -0.0321527943 -0.022223914
v 0.0263820514 -0.0352214389 0.000729786698
v 0.0306662954 -0.0369343571 -0.0344532505
v 0.0358251818 -0.0319490172 -0.0339433737
v 0.0387324877 -0.0289148856 -0.0350990109
v 0.0402212963 -0.0262697972 -0.0344216861
v 0.030440202 -0.0370430723 -0.0255289059
v 0.0335966237 -0.0342368633 -0.0253974851
v 0.0325712711 -0.0292412229 -0.0231051277
v 0.0335171558 -0.0274663419 -0.022257302
v 0.0369086824 -0.0305346008 -0.025364954
v 0.0398425013 -0.026732631 -0.0253770556
v 0.0300322603 -0.0321474746 0.000852549041
v 0.0366431326 -0.0243594926 -0.0231143776
v 0.0365958177 -0.0242274627 0.000995737733
v 0.0147223407 -0.0399289951 0.00245403568
v 0.0230468344 -0.0356010832 0.00247697928
v 0.0297304448 -0.0303673055 0.00246460107
v 0.0322220027 -0.029069975 0.00150188385
v 0.0359243862 -0.0227286723 0.00246407348
v 0.0425127372 -0.0245436691 -0.0351818427
v 0.0469732843 -0.01000001 -0.034605816
v 0.048747953 -8.76442391e-06 -0.0368337557
v 0.0477544069 -0.00504216412 -0.0345934369
v 0.0481675826 0.00730547542 -0.0356939845
v 0.0273692515 -0.0617099218 -0.0673865899
v 0.0363481753 -0.0614633709 -0.0575322695
v 0.0344381519 -0.0528493971 -0.0352054611
v 0.0288203638 -0.0400430933 -0.035196837
v 0.0370460786 -0.0609104708 -0.0561832041
v 0.0347073302 -0.0545788594 -0.0536369085
v 0.0357427187 -0.0531338118 -0.0519096144
v 0.0375304185 -0.0531691164 -0.0549257547
v 0.0368351601 -0.0499447808 -0.0522294641
v 0.0379243344 -0.0476499535 -0.0531484671
v 0.0393629894 -0.0481448919 -0.0549208708
v 0.0345002934 -0.054162614 -0.03631863
v 0.0361530744 -0.0525072254 -0.0363604091
v 0.0370028056 -0.0490067899 -0.0361488648
v 0.0376398563 -0.0455726311 -0.0352498405
v 0.0332697518 -0.0362235308 -0.0351812392
v 0.0376301371 -0.0318386592 -0.0351862572
v 0.0404188074 -0.0606874526 -0.0570490621
v 0.0436710007 -0.0592541695 -0.0577943623
v 0.0461206287 -0.0571652129 -0.0571187809
v 0.0423780046 -0.0581611358 -0.0552774407
v 0.0466342755 -0.0544007383 -0.0556351654
v 0.0464011207 -0.0487815253 -0.0551715605
v 0.0487266369 -0.0521446019 -0.0570789427
v 0.0480675213 -0.046409592 -0.0557742193
v 0.0403268747 -0.0465618111 -0.0520984903
v 0.0461019762 -0.0468523651 -0.0540123209
v 0.0454513691 -0.0463263765 -0.0516376719
v 0.0479627661 -0.0443191715 -0.0520838313
v 0.0384019017 -0.0472350605 -0.0362551287
v 0.0403306074 -0.0465272292 -0.0362729058
v 0.0448124148 -0.0464113504 -0.0366429985
v 0.0467082784 -0.0454799719 -0.0360251404
v 0.0469854176 -0.0438693687 -0.0352123268
v 0.0470677167 -0.0152493846 -0.0351987779
v 0.0480729602 -0.0543812923 -0.0581845269
v 0.0487479679 -0.0423453748 -0.0568211414
v 0.048168879 -0.0437802337 -0.0358740352
v 0.0487405472 -0.0418362394 -0.0368206315
v 0.0482109822 -0.0128754191 -0.0357549265
v 0.00724835275 -0.0644458979 -0.0637168884
v 0.0112852342 -0.061645411 -0.0596245453
v 0.0104889525 -0.0482409522 -0.0351867154
v 0.0194446854 -0.0643905401 -0.0681765974
v 0.0142512918 -0.0643589795 -0.0657546148
v 0.010640149 -0.0638689399 -0.0636644959
v 0.014011018 -0.0635371283 -0.0621563941
v 0.0175041128 -0.0616039485 -0.0614329614
v 0.0323512442 -0.0549694896 -0.036088068
v 0.0175487995 -0.0453903526 -0.035109885
v 0.0242821574 -0.0639684945 -0.0705215931
v 0.0235939845 -0.063543722 -0.066754736
v 0.0221432075 -0.0616144016 -0.0637769625
v 0.0327130146 -0.0549998805 -0.0521089286
v 0.0239305589 -0.0429426655 -0.0351750329
v -0.0480402038 0.00269668968 -0.0355394557
v -0.0479094237 0.00303459261 -0.0253366828
v -0.0435172841 -0.0221773963 -0.0351468846
v -0.0424904004 -0.0222885311 -0.034211047
v -0.04505964 -0.0164083131 -0.0253452677
v -0.0422966182 -0.0226608235 -0.0253517944
v -0.041584529 -0.0157340541 -0.0234132465
v -0.0384222381 -0.021498736 -0.0229652319
v -0.0402274095 -0.0178350285 -0.0226462986
v -0.038738478 -0.0208661202 0.000762946205
v -0.0450883433 -0.016515255 -0.0347466432
v -0.0468945391 -0.0102325296 -0.03458336
v -0.0469284654 -0.0102338018 -0.0253911912
v -0.0423973538 -0.00925293192 -0.0229591224
v -0.0412980765 -0.0150576979 -0.0221235603
v -0.0411229394 -0.0156879164 0.000776122964
v -0.0422253385 -0.00957534835 0.0014708495
v -0.0477005243 -0.00438139308 -0.0252816603
v -0.0441528857 0.00443754857 -0.0233603548
v -0.0438833721 0.00415062392 -0.0224415455
v -0.0437776521 -0.00486957841 -0.0231479965
v -0.0436352231 -0.00518423505 0.0007836062
v -0.0439597368 -0.000383988896 0.00102502562
v -0.0367504954 -0.0241182391 0.000929612317
v -0.0403273441 -0.0143054556 0.0023131643
v -0.0417319648 -0.00763593381 0.00249664555
v -0.0419194847 0.00734477956 0.00248287874
v -0.0354930907 -0.02354162 0.00244117971
v -0.0152726658 -0.00120024697 0.0024963927
v -0.0131601086 -0.00936018582 0.00249963743
v -0.0118385889 -0.00898574106 0.000443005294
v -0.0097560836 -0.0116160177 0.00241793855
v -0.0152682737 0.00115460728 0.00239646877
v -0.0130126458 -0.0078685917 0.0023541518
v -0.0138040436 -0.00466455054 5.18022534e-05
v -0.00748143252 -0.0124788545 8.79616564e-05
v -0.00446881494 -0.0140861645 0.000263836875
v -0.00551911769 -0.0142282518 0.00246530469
v -0.000351406779 -0.0150117036 0.00147628749
v -0.0386560336 -0.0284576844 -0.0347734652
v -0.0407516509 -0.0254182741 -0.0347569436
v -0.0297218151 -0.0377428569 -0.0346591845
v -0.0364807509 -0.0312174149 -0.0340762213
v -0.0331506431 -0.0347391181 -0.0339061841
v -0.0328597613 -0.034960933 -0.0254347008
v -0.0280129891 -0.0389649831 -0.0253649391
v -0.0377264991 -0.0296213124 -0.025342945
v -0.0337978601 -0.02718422 -0.0228417944
v -0.030013483 -0.0333617106 -0.0236774888
v -0.0298238024 -0.0324159153 -0.0226175971
v -0.0268175695 -0.0349242538 0.000720927434
v -0.0301658902 -0.031993784 0.000884456153
v -0.0366766937 -0.0243278276 -0.0231364705
v -0.0331041962 -0.0279500317 0.00152269902
v -0.026868429 -0.0398182981 -0.0345104821
v -0.0223721378 -0.0425089784 -0.0253281873
v -0.0223932285 -0.0425338894 -0.0342981443
v -0.0219374113 -0.0381395593 -0.0231588874
v -0.0178392399 -0.0395513177 -0.0224188864
v -0.0247967038 -0.0363896936 -0.0229616202
v -0.0223108176 -0.0379297435 0.000849695585
v -0.0175364055 -0.0447420254 -0.034717802
v -0.0118215848 -0.0465044491 -0.0254532062
v -0.00947218295 -0.0471271947 -0.0343007259
v -0.0150573282 -0.0409080647 -0.0229774117
v -0.0160987172 -0.0451388769 -0.0253263582
v -0.0105656842 -0.0431667343 -0.0232290942
v -0.0118427472 -0.042455826 -0.0230591651
v -0.0129162865 -0.041930411 0.000920114981
v -0.0178771205 -0.039466273 0.00156528899
v -0.0106750624 -0.0429004245 0.000606620859
v -0.00810574554 -0.0489767008 -0.0348884948
v -0.00814429019 -0.0476865284 -0.0276241768
v -0.0075496831 -0.0505338162 -0.0343014114
v -0.00764108915 -0.0503351651 -0.0279030763
v 2.39916135e-05 -0.0512251705 -0.034353599
v -6.95272911e-06 -0.0511271916 -0.0284301657
v 0.00792224519 -0.0513671562 -0.0350525789
v -0.00458322698 -0.0477792099 -0.0258729029
v 0.001973056 -0.0480020232 -0.0273681358
v 0.00772070605 -0.0503445677 -0.0278668255
v -0.00284822797 -0.0478828587 -0.00297796214
v 0.00245043961 -0.0479489788 -0.00304188114
v -0.0080278879 -0.0471476912 -0.0251300838
v -0.00797888264 -0.0472860076 -0.00302179134
v -0.0295602567 -0.0305694789 0.00245792745
v -0.0168257896 -0.0391654894 0.00243014703
v -0.0243723467 -0.0347020328 0.00248168083
v -0.00342902262 -0.0424365439 0.00249576126
v -0.0486852229 -8.94701498e-06 -0.0366853774
v -0.0480009317 -0.00335174799 -0.0354648381
v -0.0473404117 -0.0138385613 -0.0352401547
v -0.0211197659 -0.0644169152 -0.0693589449
v -0.0173740294 -0.0635541901 -0.0634541661
v -0.00813004002 -0.0517572127 -0.0351745225
v 0.0071756877 -0.0532859229 -0.0352310129
v -0.0235363692 -0.0433460213 -0.0351816341
v -0.0140788974 -0.0639304072 -0.0647775456
v -0.0164389219 -0.0615711287 -0.0609525181
v -0.0065242066 -0.0644369498 -0.0635883063
v -0.00685536163 -0.0616091713 -0.0588593557
v 0.0335236005 -0.0570195578 -0.0550023876
v 0.0323077813 -0.0556937754 -0.0541041568
v -0.0131856063 -0.0467702858 -0.0351522677
v -0.00585846789 -0.0639317706 -0.0627512783
v -0.00846714806 -0.0635163784 -0.0608094037
v 0.00435250858 -0.0615642667 -0.0586083382
v 0.00399629585 -0.0634786785 -0.0602887534
v 0.0378591083 -0.0597002581 -0.0553742014
v -0.0477428436 -0.0549874716 -0.05828036
v -0.0487131253 -0.0523044169 -0.0571564473
v -0.0483890176 -0.0465685874 -0.0562732108
v -0.0487473905 -0.0425643474 -0.0556127466
v -0.048152633 -0.0438643545 -0.0358286686
v -0.0487491637 -0.0418701768 -0.036845766
v -0.0436761901 -0.0592009462 -0.0569795892
v -0.0411068089 -0.0605113544 -0.0573278964
v -0.0462554321 -0.057012707 -0.0569691882
v -0.0389691517 -0.0596578233 -0.0553755052
v -0.0462468304 -0.0541820452 -0.0553310104
v -0.0466731712 -0.0486553051 -0.0551677607
v -0.0397731401 -0.0475621037 -0.0544210114
v -0.0383365601 -0.0496821143 -0.0550657474
v -0.0471334904 -0.0453182124 -0.0521761291
v -0.0464591272 -0.0469712503 -0.0542983972
v -0.0450235605 -0.0464312881 -0.0526969433
v -0.0404060446 -0.0465410613 -0.0520782918
v -0.0381169841 -0.0474871472 -0.0526956245
v -0.0464911684 -0.0456441306 -0.0362862609
v -0.0444344245 -0.0464346036 -0.036338266
v -0.0389343463 -0.0468662456 -0.0362718515
v -0.0470324978 -0.043924652 -0.0352102891
v -0.037258558 -0.0456262156 -0.0352190174
v -0.037682604 -0.0313792676 -0.0351861119
v -0.0301850587 -0.0615538806 -0.0693674684
v -0.036198698 -0.0614668317 -0.0575994141
v -0.0374195278 -0.060718894 -0.0559835024
v -0.0369137749 -0.0495149083 -0.0521690361
v -0.0372194834 -0.0528563187 -0.0545644872
v -0.0363124758 -0.0522915125 -0.0526438542
v -0.0344728455 -0.0543119237 -0.0532239936
v -0.036087241 -0.0525801033 -0.0362859331
v -0.0332303159 -0.0564232469 -0.0547497347
v -0.032343477 -0.0554097593 -0.0535798855
v -0.0324570239 -0.0550069101 -0.0521130785
v -0.0323665068 -0.0549778007 -0.0362694971
v -0.0344508775 -0.0541953519 -0.036314223
v -0.0370348394 -0.0489402935 -0.0362034217
v -0.034245722 -0.0529527254 -0.0352088287
v -0.0312299859 -0.0543668047 -0.0356462039
v -0.0338557959 -0.0357014351 -0.0351654328
v -0.0283130333 -0.0398033187 -0.0351766646
v -0.0247063171 -0.0635066703 -0.0674994215
v -0.0232086945 -0.0615530387 -0.0642420128
v 0.00202858355 0.060354922 -0.0878303722
v 0.00277269445 0.0594900548 -0.0887450203
v 0.00668576825 0.0598336384 -0.0894226208
v 0.00685188966 0.0644358322 -0.0885402188
v 0.00666858023 0.0641575083 -0.0891702697
v 0.0202817675 0.0644471645 -0.0688479543
v 0.0137336459 0.0594613627 -0.103566036
v 0.0145703144 0.0602794215 -0.106288619
v 0.0146419127 0.0640921444 -0.106374547
v 0.0127087105 0.0595218167 -0.0961355492
v 0.0149063487 0.0597940721 -0.101626545
v 0.0133541357 0.0606046543 -0.0959022269
v 0.0148632126 0.0642377958 -0.0999383032
v 0.00942413509 0.0595727414 -0.091721341
v 0.0107647451 0.0600383915 -0.0923002735
v 0.0121275149 0.0643691197 -0.0934310704
v 0.0149839893 0.0644307137 -0.0979297683
v 0.0307301767 0.0644320622 -0.0776122957
v 0.0353441536 0.0644518062 -0.0849193633
v 0.0384013727 0.0641559511 -0.0920342579
v 0.0326332152 0.0639179423 -0.079028137
v 0.0343619622 0.0635268018 -0.0769734606
v 0.0363746546 0.0638703927 -0.0843910053
v 0.0381653644 0.0635071471 -0.0831398144
v 0.0370780565 0.0614599027 -0.077300474
v 0.0476757735 0.0545340255 -0.102750704
v 0.0466773324 0.0573049895 -0.1018681
v 0.0477388129 0.0546399318 -0.101270691
v 0.0462153517 0.0572084561 -0.0810504928
v 0.0454462506 0.0618501939 -0.103958003
v 0.0470150076 0.0587941296 -0.104194492
v 0.0394811518 0.0644481406 -0.102412038
v 0.0403919667 0.0637759939 -0.100993462
v 0.0412944146 0.0624480955 -0.102668531
v 0.041828379 0.0607315823 -0.10345418
v 0.0427600853 0.0635399744 -0.100504257
v 0.0422212183 0.0592880026 -0.103264093
v 0.0430063456 0.06131972 -0.0925948247
v 0.0429633521 0.0634630173 -0.104082674
v 0.044117026 0.061005149 -0.100489162
v 0.0443262905 0.0576591454 -0.103471376
v 0.0468054004 0.0574230887 -0.0936604217
v 0.0412156209 0.0635480955 -0.0910454243
v 0.0437838919 0.0592273138 -0.0801116377
v 0.0401585735 0.0608196296 -0.0778096989
v 0.0406769626 0.0615498386 -0.0851996168
v 0.0466746055 0.052100189 -0.101640828
v 0.0487268902 0.0517844707 -0.093527779
v 0.0482176282 0.054506503 -0.0934816003
v 0.048066128 0.054436218 -0.0770370811
v 0.0481718406 0.0526722148 -0.100018919
v 0.0397996791 0.0187780652 -0.106890552
v 0.0400539227 0.0186059922 -0.102620259
v 0.0409187675 0.0220281798 -0.101579271
v 0.0409377851 0.0201355927 -0.107326701
v 0.0436211377 0.0192427952 -0.104249537
v 0.0405461118 0.0216745008 -0.103431702
v 0.0477315038 0.0194237512 -0.101457462
v 0.0396585092 0.0213590395 -0.109274305
v 0.0474457182 0.0207574498 -0.104823209
v 0.0450876094 0.021550836 -0.103407271
v 0.0451543704 0.0220192168 -0.101867989
v 0.0476364717 0.022930501 -0.102758721
v 0.0468559191 0.055630073 -0.107882902
v 0.0466748364 0.0219642259 -0.101638883
v 0.00712146703 0.0193160046 -0.145725191
v 0.00289416965 0.0213587042 -0.142823741
v 0.00903554447 0.0198764615 -0.143163964
v 0.0095586013 0.0208347775 -0.146546111
v 0.00466797641 0.0551760122 -0.147247732
v 0.00998521876 0.0546641238 -0.146382898
v 0.0124337999 0.019365171 -0.144736186
v 0.0129423002 0.02074809 -0.141000792
v 0.0145634264 0.0193961263 -0.142246023
v 0.0234961901 0.0196223855 -0.140103176
v 0.0166749023 0.0203311611 -0.13995558
v 0.019684786 0.0194157492 -0.140077963
v 0.0191402622 0.019314982 -0.137854934
v 0.0187122803 0.0207272768 -0.138638407
v 0.0169089176 0.0205088239 -0.144179121
v 0.00972314831 0.0210241247 -0.141828045
v 0.0157989077 0.0545784943 -0.144687101
v 0.0214424357 0.0189909264 -0.136454642
v 0.0235231314 0.0196104161 -0.137313515
v 0.0212497711 0.0207262579 -0.137389362
v 0.0244111698 0.0193959642 -0.134418368
v 0.0296155792 0.0194454994 -0.134965062
v 0.0279441625 0.0194822084 -0.134398922
v 0.0245917346 0.0206506364 -0.135166213
v 0.0274772663 0.0196434408 -0.131802008
v 0.0214687884 0.02091497 -0.142036438
v 0.0256669857 0.0555835068 -0.139416412
v 0.0270197783 0.0210145917 -0.132842556
v 0.0270228609 0.0205683894 -0.138437405
v 0.0319985263 0.0194123853 -0.130214825
v 0.029257698 0.0193284359 -0.129976228
v 0.0308435876 0.021036027 -0.128915459
v 0.0348919034 0.0195671245 -0.125692874
v 0.0334471539 0.0195521321 -0.124747761
v 0.034022402 0.020898534 -0.124732286
v 0.0357241333 0.0187843759 -0.120747209
v 0.0362229869 0.0197666325 -0.123213507
v 0.0365922414 0.0200878941 -0.120905176
v 0.039123524 0.0194465239 -0.119112633
v 0.0373569243 0.0208855271 -0.118004762
v 0.0318558738 0.0204998348 -0.134124607
v 0.0362452008 0.0212821234 -0.12923409
v 0.035858795 0.019460246 -0.128339916
v 0.0393765643 0.0204392895 -0.124685802
v 0.0348571204 0.0562916696 -0.130885884
v 0.0388219096 0.0200084709 -0.112580419
v 0.0426713303 0.0194333401 -0.116715409
v 0.0405898392 0.0192890391 -0.116231859
v 0.0392047875 0.0203398056 -0.113962755
v 0.0416319594 0.0192262884 -0.110916011
v 0.0470406637 0.0195628069 -0.10411346
v 0.0416492671 0.0203301068 -0.120738007
v 0.0441104695 0.020642681 -0.115962744
v 0.0462995656 0.0207116995 -0.110145859
v 0.0304325428 0.0568464547 -0.135508031
v 0.0261616223 0.0607074089 -0.138262212
v 0.0252485946 0.0644110516 -0.132898942
v 0.0282166954 0.0633635074 -0.134261683
v 0.0386606455 0.0570528693 -0.125849724
v 0.0317358449 0.0613006987 -0.133181751
v 0.0304301064 0.064398326 -0.127629101
v 0.0337177031 0.0644259229 -0.123284392
v 0.0352981128 0.0629985556 -0.127324745
v 0.0380984731 0.0599655248 -0.126047164
v 0.0386165418 0.0632436648 -0.121194206
v 0.0363166742 0.0643956959 -0.118002355
v 0.0387675688 0.0644398183 -0.110771537
v 0.0418790765 0.0555987842 -0.12047632
v 0.0450966805 0.0536289737 -0.1137923
v 0.0448364019 0.0583336093 -0.113676988
v 0.0413233005 0.0605479106 -0.120206721
v 0.0421634614 0.0631127283 -0.113270409
v 0.0443154052 0.0611055829 -0.1124864
v 0.0403132923 0.0638836026 -0.104391523
v 0.00244947989 0.0633054748 -0.145064026
v 0.00838203728 0.060363099 -0.146071732
v 0.00903464109 0.0644491091 -0.141041577
v 0.00719639193 0.0594988838 -0.114851221
v 0.00529142143 0.0597170219 -0.116608188
v 0.00810608361 0.0600774065 -0.115178011
v 0.00975526869 0.0644372702 -0.114992604
v 0.00525146816 0.0643477589 -0.117115892
v 0.0154133989 0.0591965541 -0.144419208
v 0.0119372103 0.0623636954 -0.144447222
v 0.0164391361 0.0644244999 -0.138499096
v 0.0187703855 0.062941879 -0.141337767
v 0.0124484878 0.059513893 -0.109589115
v 0.0114371432 0.0601290949 -0.112307519
v 0.0118487878 0.0641620681 -0.112181723
v 0.0145380553 0.064441219 -0.10819149
v 0.0217576064 0.0578981861 -0.141828135
v 0.0207177475 0.0644304007 -0.13626948
v 0.0227660183 0.0631690919 -0.138764024
v -0.0469386466 0.0534639433 -0.101680733
v -0.0487117842 0.0523236021 -0.0571194738
v -0.0481644347 0.0547554195 -0.0940888077
v -0.0472411513 0.0557917953 -0.106250823
v -0.0476383679 0.0543435179 -0.102506727
v -0.0470672473 0.0569885038 -0.10351444
v -0.0463982336 0.0578308888 -0.101047434
v -0.0472895354 0.0558925048 -0.0803887248
v -0.0444198847 0.0617520846 -0.11042431
v -0.0451586619 0.0621897578 -0.10403318
v -0.0403193943 0.0637326092 -0.104633868
v -0.046593301 0.0599167794 -0.103962705
v -0.0434603207 0.0582332388 -0.103453673
v -0.0448497944 0.0595424399 -0.101417974
v -0.0454004221 0.0596174635 -0.0991593078
v -0.0409182534 0.0583665967 -0.102710001
v -0.0436955728 0.0614459105 -0.10083735
v -0.0418067239 0.060660962 -0.103415973
v -0.0425753705 0.0635145679 -0.1039619
v -0.0428448766 0.0634011552 -0.100665048
v -0.041639138 0.0627789423 -0.102714293
v -0.0405165553 0.0637335181 -0.100585125
v -0.0410803482 0.0635398999 -0.0903969482
v -0.0394972488 0.0644024909 -0.102697462
v -0.03888366 0.0643348917 -0.094625324
v -0.0450358763 0.0583101772 -0.0816951245
v -0.0429433808 0.0615062416 -0.0932198912
v -0.0399454013 0.0615331121 -0.0829105005
v -0.0421074703 0.0601287261 -0.078852579
v -0.0369060896 0.0615313575 -0.0773200244
v -0.0371250436 0.0635167062 -0.0811644271
v -0.0374728255 0.0639517307 -0.0873603746
v -0.0359794088 0.0644514337 -0.0862068087
v -0.0338194892 0.0639201552 -0.0806398541
v -0.0328887664 0.0644248277 -0.0805566907
v -0.031325914 0.0634879097 -0.073184453
v -0.0295934808 0.0638992488 -0.0752789527
v -0.0268004499 0.0644363612 -0.0735950246
v -0.0340198204 0.0615859702 -0.073471643
v -0.0137619749 0.059476845 -0.101623617
v -0.0135020856 0.0605540499 -0.109174907
v -0.0146001969 0.0644015223 -0.10698165
v -0.0128414379 0.0594783463 -0.108964384
v -0.0150592653 0.059922114 -0.102497734
v -0.0148583101 0.0642122254 -0.0996283069
v -0.015346854 0.0644516423 -0.095861949
v -0.0133522823 0.059861023 -0.0962478146
v -0.0117917266 0.0595092848 -0.0937617049
v -0.0126422709 0.0642743111 -0.0943396464
v -0.0094815772 0.0599254407 -0.0912241042
v -0.0088124387 0.0643770546 -0.0903326496
v -0.00663868478 0.0594689623 -0.0905077159
v -0.00469004456 0.0598709993 -0.0885324702
v -0.00293481979 0.0643793643 -0.0877434909
v 0.00131522829 0.0640746355 -0.0876249894
v -0.0487454049 0.0425076745 -0.0547492988
v -0.0481118821 0.0519980453 -0.101028278
v -0.0466908514 0.0221498907 -0.101642266
v -0.0400949158 0.0198971387 -0.102741547
v -0.0408395492 0.0221790485 -0.101605035
v -0.043010667 0.01938981 -0.104181342
v -0.0412493274 0.019959731 -0.107422464
v -0.0467544943 0.019458035 -0.104274131
v -0.0454779528 0.0218140557 -0.101555631
v -0.0403099209 0.0215299651 -0.103637338
v -0.0466013327 0.0205564089 -0.108834825
v -0.0474759042 0.0212307312 -0.104866087
v -0.0395873263 0.0211516246 -0.109623693
v -0.0476423204 0.0227753557 -0.102730706
v -0.044587601 0.0214700792 -0.103487819
v -0.0370976776 0.0196179282 -0.126842424
v -0.0403989069 0.0192838702 -0.115119956
v -0.0379415639 0.0205476377 -0.117185682
v -0.0384534933 0.0194954313 -0.113751598
v -0.042231977 0.0193679184 -0.117439926
v -0.0415533967 0.0193406995 -0.110010602
v -0.0396932177 0.020573793 -0.124146409
v -0.0447711162 0.020734584 -0.114460297
v -0.0430888496 0.0197602976 -0.11714486
v -0.0419208892 0.0213550646 -0.120402209
v -0.0392536409 0.0204907469 -0.113639578
v -0.039387662 0.0569977127 -0.124665134
v -0.0415700004 0.0585623235 -0.120998032
v -0.0311585143 0.0194383953 -0.127776399
v -0.028543137 0.0204115007 -0.13076286
v -0.0337090194 0.0196897611 -0.131352261
v -0.03503865 0.0195390172 -0.125466436
v -0.0310466848 0.0194718651 -0.130937561
v -0.0318097547 0.0208958313 -0.127869114
v -0.0299073774 0.0206085071 -0.12973538
v -0.0289004631 0.0198969487 -0.132242858
v -0.0393644162 0.019363746 -0.118394203
v -0.0370403565 0.0201462358 -0.119715914
v -0.036694508 0.0194687191 -0.118622251
v -0.0359849706 0.0199802406 -0.122124553
v -0.0342729688 0.0207571443 -0.124288462
v -0.0352054648 0.0189880524 -0.121694334
v -0.0361799113 0.0212837532 -0.129294276
v -0.0325945951 0.0213414673 -0.133387223
v -0.0321956351 0.0552805997 -0.133814871
v -0.0278831068 0.0193845462 -0.13404505
v -0.0266858935 0.0194210708 -0.137321755
v -0.0251168869 0.0202799346 -0.134760186
v -0.0235884804 0.0190365966 -0.135034338
v -0.0220839884 0.0195794385 -0.140947372
v -0.0215915572 0.0199967362 -0.137867644
v -0.0213961117 0.0208366588 -0.137105897
v -0.019536512 0.0192449726 -0.140516013
v -0.0194407981 0.019241577 -0.137719378
v -0.0264533702 0.020610312 -0.133423299
v -0.0294685289 0.0204833113 -0.136370465
v -0.0255901329 0.0213083886 -0.139453664
v -0.0202834122 0.0210713688 -0.14270854
v -0.0251420718 0.0556002595 -0.139758646
v -0.0091622211 0.0193865616 -0.145585746
v -0.0164026823 0.0193169378 -0.143037096
v -0.0188613571 0.0206912663 -0.138605118
v -0.0167330895 0.0200033747 -0.140407547
v -0.0166139212 0.0200240109 -0.139213771
v -0.0133657856 0.0195494015 -0.140412733
v -0.0102107776 0.0194623843 -0.143338948
v -0.0129642729 0.0205464698 -0.141150191
v -0.0146516403 0.0205361396 -0.145051956
v -0.00920572411 0.0209473632 -0.14656423
v -0.0156385675 0.054956492 -0.144754082
v -0.00282332371 0.0194380451 -0.144519001
v 0.00289958087 0.019390991 -0.144676805
v -0.00914923381 0.0203346722 -0.142556921
v -0.00342630339 0.0193381011 -0.142588019
v 0.000684644678 0.0203072857 -0.147456825
v -0.00295980345 0.0214070994 -0.142854884
v -0.0028862555 0.0208419412 -0.147373021
v -0.0214126892 0.0549687631 -0.142067745
v -0.0215937048 0.0604758896 -0.141266927
v -0.0212792717 0.0644511953 -0.13570717
v -0.0151144275 0.0602269843 -0.14434652
v -0.00931098778 0.0571992397 -0.146508053
v -0.0172782 0.0644249991 -0.1381329
v -0.0154768834 0.0633101985 -0.142265394
v -0.0135389445 0.0644423589 -0.139907092
v -0.00995676313 0.0641324371 -0.141589567
v -0.011012624 0.0597350188 -0.112665512
v -0.0119168637 0.0643887073 -0.112094767
v -0.00273311371 0.0534523465 -0.147409141
v -0.00228714035 0.0587723106 -0.147153154
v -0.00593693415 0.0634099394 -0.144630924
v -0.00745203486 0.0623290353 -0.145435974
v 0.00257341657 0.0618193597 -0.146319747
v -0.00388809806 0.0644336641 -0.142300054
v 0.00995469093 0.0636383668 -0.143252447
v -0.00849823095 0.060044542 -0.114919446
v -0.00856198184 0.0642528087 -0.115148231
v -0.000406640786 0.0644313022 -0.117815845
v -0.00440150779 0.0605066679 -0.117043525
v -0.00549063226 0.0643680468 -0.116838813
v 0.00100679498 0.0603356771 -0.117610939
v -0.00531666726 0.0594562143 -0.116121426
v -0.0452001579 0.0558358915 -0.113508075
v -0.0447725058 0.0596935973 -0.113175035
v -0.0407520309 0.0620935336 -0.119359374
v -0.0415878147 0.0634403899 -0.112798452
v -0.0394606777 0.0639521927 -0.111478463
v -0.0287512839 0.0560474433 -0.137004599
v -0.0363158397 0.0567859709 -0.129117817
v -0.0295142066 0.0596882999 -0.135936335
v -0.0364626236 0.0633157417 -0.124836914
v -0.0355091318 0.0603017993 -0.1293668
v -0.0357103571 0.0618391335 -0.128188536
v -0.0287538562 0.0633403882 -0.13386181
v -0.0313785784 0.0644126162 -0.126658544
v -0.0370534174 0.0644246936 -0.116338052
v -0.0349407792 0.0644133613 -0.121552795
v -0.0285385065 0.0620031804 -0.135580242
v -0.0222313348 0.0631326213 -0.139192939
v -0.0257968325 0.0644226 -0.132429332
v 0.0396907479 -0.021197971 -0.108698256
v 0.0412663296 -0.0198897664 -0.107311554
v 0.0467963293 -0.0194107741 -0.104153931
v 0.0403068848 -0.0215161368 -0.103652589
v 0.040808104 -0.0221249238 -0.101592563
v 0.0448068865 -0.0214424655 -0.103479423
v 0.0448858552 -0.022104077 -0.101866201
v 0.0397208855 -0.0190876573 -0.107019693
v 0.0400410406 -0.0198213663 -0.102738388
v 0.0431155637 -0.0193518363 -0.104189917
v 0.047191035 -0.0192454699 -0.101516806
v 0.0013961232 -0.059735138 -0.0879694447
v 0.00146751595 -0.0644485503 -0.0875211284
v 0.00431187777 -0.0640430525 -0.0882763639
v 0.0062021194 -0.0602152012 -0.0890899897
v 0.00822026469 -0.059469752 -0.0915005878
v 0.00926123559 -0.0641184524 -0.0907033607
v 0.00809554011 -0.0644426048 -0.0892621055
v 0.00960145146 -0.059954945 -0.0913243741
v 0.0135459639 -0.0599205866 -0.108755469
v 0.0150594525 -0.0599171408 -0.102763489
v 0.0149867628 -0.064076446 -0.104354508
v 0.0116435671 -0.0597819909 -0.0935355797
v 0.013150949 -0.0594704188 -0.0972227827
v 0.0147359436 -0.0644182339 -0.0988041013
v 0.0134529835 -0.0606129207 -0.0961034298
v 0.0131656304 -0.0643760785 -0.094983153
v 0.0251714997 -0.0644515827 -0.072263062
v 0.0293797068 -0.0642411187 -0.0759551153
v 0.0347114019 -0.0643738061 -0.0835234821
v 0.0389120057 -0.0644187555 -0.0939981714
v 0.0374899209 -0.063881427 -0.0870233178
v 0.032155104 -0.0643855706 -0.0794768408
v 0.0362920538 -0.0635317639 -0.0797027051
v 0.0380238406 -0.0617355183 -0.0794455856
v 0.0305242091 -0.0635316968 -0.0725008994
v 0.0336248428 -0.0615846142 -0.072922267
v 0.0403453931 -0.0637401789 -0.104712963
v 0.0434110574 -0.0633795038 -0.104224063
v 0.0394202657 -0.0643516779 -0.102553874
v 0.0405162014 -0.063701801 -0.100723922
v 0.0396569222 -0.0638792738 -0.0942723826
v 0.0412849523 -0.0621599667 -0.102702312
v 0.041107446 -0.063549675 -0.0904434696
v 0.0426643305 -0.0635184124 -0.100791626
v 0.0417889468 -0.0606770888 -0.103448689
v 0.0437728092 -0.0614885055 -0.100475319
v 0.0421946459 -0.0592823923 -0.103288785
v 0.0461001918 -0.0610280856 -0.103974827
v 0.044979576 -0.0599071495 -0.100701496
v 0.0441058837 -0.0576808192 -0.103482857
v 0.0460986905 -0.0586962551 -0.10007976
v 0.0470492765 -0.0578839667 -0.103999294
v 0.0424605757 -0.0611749776 -0.0895444676
v 0.0462745391 -0.0571544804 -0.0810468048
v 0.0397957601 -0.0609212406 -0.0764799863
v 0.043802537 -0.0592022352 -0.0784695372
v 0.0470697209 -0.0548478626 -0.10704542
v 0.0467296839 -0.0571774617 -0.102359287
v 0.0477558039 -0.0541281402 -0.101271398
v 0.0476440378 -0.0534358248 -0.102710761
v 0.0477487184 -0.0550215691 -0.0775481239
v 0.0463031828 -0.0205910876 -0.110111713
v 0.0474818274 -0.021193672 -0.10459929
v 0.0476421081 -0.0229341239 -0.102767557
v 0.047828339 -0.0555580407 -0.0949204415
v 0.0466715991 -0.0514024682 -0.101644307
v 0.0486251302 -0.0528546944 -0.0951594114
v 0.0481684655 -0.0521004573 -0.10005188
v 0.0487492234 -0.0517582931 -0.0895183459
v 0.0466747917 -0.0219667219 -0.101638444
v 0.0479332991 -0.0207246765 -0.101166226
v 0.00059619121 -0.021308383 -0.142842889
v 0.0051714601 -0.0212136619 -0.14719303
v 0.0084025329 -0.0193604473 -0.145471975
v 0.0091349585 -0.0200247057 -0.142008021
v 0.00536519475 -0.0179649796 -0.142343313
v 0.0088327704 -0.0202773791 -0.142493218
v 0.00369310006 0.0193349123 -0.142540827
v 0.00851962529 0.0185589939 -0.14176178
v 0.0157572422 -0.0196219441 -0.144020319
v 0.0102905398 -0.0194296781 -0.1434021
v 0.0128520355 -0.0204273276 -0.141195118
v 0.0165293124 -0.0204616729 -0.139730096
v 0.0189359691 -0.0204895642 -0.138535678
v 0.0102220681 -0.0195113439 -0.141377226
v 0.0133706108 -0.0195959881 -0.140510917
v 0.0170950554 -0.0193749424 -0.141247347
v 0.015561793 -0.0189017002 -0.139571175
v 0.0183018334 -0.0189906452 -0.138217926
v 0.0165076964 0.01928786 -0.139131352
v 0.0197138842 -0.019374026 -0.140024692
v 0.0103743533 0.01936814 -0.141336814
v 0.0138886655 0.0193089414 -0.140219525
v 0.0206630528 -0.0196704846 -0.141817585
v 0.0210848749 -0.0205115862 -0.137618527
v 0.027554797 -0.0199362636 -0.137533709
v 0.0266395267 -0.0193952508 -0.137317061
v 0.0209898502 -0.0189489964 -0.13674517
v 0.0248283949 -0.0199561324 -0.135534242
v 0.02387264 -0.0189054087 -0.134773776
v 0.0264102966 -0.0201403387 -0.133642316
v 0.0260785725 -0.0191986617 -0.132997915
v 0.0285142455 -0.0194156244 -0.130795121
v 0.0313860252 -0.0209206026 -0.128339857
v 0.0342187956 -0.0207606182 -0.124374427
v 0.037790183 -0.0196724832 -0.126121014
v 0.0326391757 -0.0193972122 -0.131573409
v 0.0309126563 -0.0201370195 -0.128698573
v 0.0323339142 -0.0187725872 -0.126299277
v 0.0320481062 0.0189679693 -0.126680568
v 0.0339736417 -0.019964112 -0.125068188
v 0.0399145484 -0.0191855766 -0.120336771
v 0.0349688195 -0.0187103767 -0.122174576
v 0.035976544 -0.0199509896 -0.122144841
v 0.0365040004 -0.0199430156 -0.119091257
v 0.0375200398 -0.0189605709 -0.116607152
v 0.0379210301 0.0192045141 -0.115477644
v 0.0395932868 -0.0207233299 -0.124342531
v 0.0390057676 -0.0202728938 -0.114139885
v 0.0397009514 -0.0202890076 -0.113112547
v 0.0382837355 -0.0198206306 -0.114925086
v 0.0417024866 -0.0192726608 -0.117482811
v 0.0387659296 -0.0185104869 -0.112568505
v 0.039350491 -0.0193917919 -0.110038005
v 0.0415239669 -0.0193532221 -0.109771796
v 0.0392556861 0.0194066335 -0.110420227
v 0.0263657924 -0.059926305 -0.138345495
v 0.0290700532 -0.0561536402 -0.136725307
v 0.0315035582 -0.0644246787 -0.126383767
v 0.0269491021 -0.0212442018 -0.138508365
v 0.0306258854 -0.0613028705 -0.134258717
v 0.0331175812 -0.0569922812 -0.132847875
v 0.0344117992 -0.0631726384 -0.127940953
v 0.035936892 -0.0604143254 -0.128847301
v 0.040144328 -0.0633219853 -0.11772655
v 0.0399572551 -0.0610738583 -0.122436732
v 0.0347658768 -0.0640875921 -0.122681171
v 0.0364042483 -0.0644493252 -0.117573783
v 0.0389435105 -0.0643666461 -0.110034488
v 0.0382008776 -0.0564558916 -0.12655887
v 0.0322151966 -0.0203673616 -0.13377893
v 0.0362414867 -0.0212512445 -0.129222795
v 0.0439415947 -0.0615417622 -0.112917081
v 0.0418636426 -0.0564316809 -0.120483108
v 0.0449928828 -0.0567889884 -0.113988362
v 0.0460850969 -0.0587603822 -0.109139539
v 0.0421071686 -0.020256428 -0.120001204
v 0.0441720001 -0.0203191284 -0.115800753
v 0.00666662212 -0.0644189119 -0.141742215
v 0.00969466567 -0.0618570447 -0.145318642
v 0.00692598708 -0.0595751218 -0.146542192
v 0.0123387333 -0.0632807091 -0.143363446
v 0.0102690319 -0.0644453466 -0.140822694
v -0.000603315129 -0.060367398 -0.117655516
v 0.00507845776 -0.0597736761 -0.116664298
v 0.00883903448 -0.0643745214 -0.115012191
v 0.00861447118 -0.0599894375 -0.114824757
v 0.00623394223 -0.0594511926 -0.114542834
v 0.011499865 -0.0601994656 -0.112276681
v 0.0096495999 -0.0205307957 -0.146430388
v 0.0154073425 -0.056432277 -0.144820437
v 0.0189827923 -0.0597421825 -0.142802134
v 0.01843917 -0.0629210696 -0.141542524
v 0.0164367892 -0.0644278005 -0.138555422
v 0.0228269678 -0.0631167889 -0.138909101
v 0.0124157239 -0.064343445 -0.111356489
v 0.0122543024 -0.0594548509 -0.109459162
v 0.0140946759 -0.0644144788 -0.108442031
v 0.00904273987 -0.0540532954 -0.146600723
v 0.0141289756 -0.021252647 -0.14525871
v 0.0205540843 -0.0213632695 -0.142574236
v 0.0208524577 -0.0644316599 -0.136101693
v 0.0216019545 -0.0554996692 -0.141963199
v 0.0255280714 -0.0644503087 -0.132522821
v 0.0279287715 -0.0633438453 -0.134632394
v 0.0255905036 -0.0557044111 -0.139455214
v -0.0466247872 -0.0221117698 -0.101659171
v -0.0455258191 -0.021890359 -0.101568677
v -0.0487485826 0.0518234149 -0.0893153772
v -0.0479833223 0.0199227333 -0.101203829
v -0.0409536026 -0.0201232135 -0.107447051
v -0.0397269912 -0.0211854372 -0.108617686
v -0.0476279408 -0.0222081486 -0.103360422
v -0.046725858 -0.0195357986 -0.104143508
v -0.0448119044 -0.0215719491 -0.10343916
v -0.0405474082 -0.0216811635 -0.103416182
v -0.0408467278 -0.0220323671 -0.101580061
v -0.0436356701 -0.0192417782 -0.104255788
v -0.0397659987 -0.0188006461 -0.107097447
v -0.0400551781 -0.0186163206 -0.102614649
v -0.0397816747 0.019799225 -0.107263915
v -0.047959093 -0.0536869653 -0.101162188
v -0.0466839336 -0.0521795526 -0.101639614
v -0.0487278439 -0.0519123748 -0.0930906832
v -0.0480142981 -0.0198758021 -0.101246841
v -0.0486243516 0.0519513376 -0.0953599736
v -0.0468291491 -0.0565807 -0.107925437
v -0.0475453213 -0.0563573614 -0.103999026
v -0.0439324453 -0.0630167797 -0.105499804
v -0.0422964543 -0.0635423809 -0.104003675
v -0.0392449275 -0.064450331 -0.108023457
v -0.0464689694 -0.0576088838 -0.101512268
v -0.0462274663 -0.0608145557 -0.103955328
v -0.0436211526 -0.0615742579 -0.100861646
v -0.0435811467 -0.0582993142 -0.10344667
v -0.0450157262 -0.0599229001 -0.100934066
v -0.0418545455 -0.0607108027 -0.103421502
v -0.0428824686 -0.0613706894 -0.092200391
v -0.0408914201 -0.0582985952 -0.102735303
v -0.0412915982 -0.0624055713 -0.102616698
v -0.0427698344 -0.063535355 -0.10067568
v -0.0403904542 -0.0638205633 -0.100880302
v -0.0397456214 -0.0641047508 -0.102861963
v -0.0390325524 -0.0644388422 -0.0959032997
v -0.0472356305 -0.0560060143 -0.0805486292
v -0.0460270233 -0.058496248 -0.0926080123
v -0.041512616 -0.063554056 -0.0924366713
v -0.0409878604 -0.0613670163 -0.0854957029
v -0.0447550192 -0.0585536845 -0.0809098855
v -0.0380234048 -0.0643174499 -0.0914578363
v -0.0414164029 -0.0604150519 -0.0767361969
v -0.038638562 -0.0615642555 -0.0804172978
v -0.0391931608 -0.0635043904 -0.0851526633
v -0.036550682 -0.0614987761 -0.0765985698
v -0.047640726 -0.0550263785 -0.102681316
v -0.0481733009 -0.0547352843 -0.0940966085
v -0.0467831939 -0.0203478783 -0.108191445
v -0.0363491625 -0.0642502233 -0.086324282
v -0.0343360379 -0.0643985942 -0.0833646283
v -0.0348550305 -0.0634997413 -0.0775229186
v -0.0318786316 -0.0644425377 -0.0793197751
v -0.0281036794 -0.0644428805 -0.0750865266
v -0.0306607224 -0.0634945706 -0.0725980699
v -0.0282678027 -0.0638571084 -0.073858358
v -0.0134012783 -0.060556598 -0.109388433
v -0.013726172 -0.0594627634 -0.101621486
v -0.0125152729 -0.059497565 -0.109409012
v -0.0147292614 -0.0644422099 -0.0990327522
v -0.0149062648 -0.0641286671 -0.105113551
v -0.0150346477 -0.0598549098 -0.102685355
v -0.0125412904 -0.06437134 -0.0940541327
v -0.0134191345 -0.0606966801 -0.0958928317
v -0.0128008751 -0.0595476106 -0.0962795466
v -0.00980774499 -0.0599700622 -0.0914377868
v -0.00748283695 -0.0644515604 -0.0873157158
v -0.0147677213 -0.0644514784 -0.0660657957
v -0.00884473231 -0.0642963946 -0.0904146433
v -0.00897153188 -0.0595264323 -0.0919845849
v -0.00478123454 -0.0642087013 -0.0882477164
v -0.00476784725 -0.0603756793 -0.0885056853
v -0.00377923856 -0.0594964102 -0.0890315399
v -0.0441822894 -0.0195138492 -0.113993175
v -0.0417613238 -0.0202579983 -0.12067914
v -0.0384349078 -0.0209262781 -0.113798909
v -0.0406926274 -0.0192730427 -0.116356365
v -0.0380964689 -0.0196025725 -0.114875279
v -0.0416458957 -0.0192047302 -0.110336602
v -0.0398949608 -0.0198860243 -0.113651067
v -0.039271526 -0.0195063408 -0.110459276
v -0.0393154509 0.0193776786 -0.110114105
v -0.0325201713 -0.0198735613 -0.13293688
v -0.0370807163 -0.0193989072 -0.126436964
v -0.0318407267 -0.0207927581 -0.127837256
v -0.0314874873 -0.0192778595 -0.13231872
v -0.0346538536 -0.0189699642 -0.122728229
v -0.0349208526 -0.0195172541 -0.126242012
v -0.032151524 -0.0189328901 -0.12653394
v -0.0294237994 -0.0190158859 -0.129781812
v -0.0385482647 -0.0195013899 -0.119864501
v -0.0369121544 -0.0195262283 -0.118158355
v -0.0375043973 0.0188359488 -0.116592497
v -0.0355427377 -0.0199303031 -0.123347946
v -0.0358307213 -0.0195951276 -0.120553799
v -0.0332813933 0.0192655418 -0.124899268
v -0.0259504505 -0.0193591565 -0.137779638
v -0.0214487035 -0.0206852928 -0.137144387
v -0.0191778429 -0.0203593224 -0.138649821
v -0.0251151435 -0.0205419622 -0.134601101
v -0.0238568019 -0.0195500813 -0.137319952
v -0.02339161 -0.0184064675 -0.135183454
v -0.0201163385 -0.0186992846 -0.137280956
v -0.0191241279 -0.019586999 -0.137968436
v -0.0266912654 -0.0196929015 -0.132523671
v -0.0273586698 0.0204674248 -0.131896332
v -0.0170767419 -0.0200972538 -0.139539823
v -0.0166054796 -0.0206069965 -0.139803663
v -0.00943859853 -0.0201468281 -0.142607629
v -0.0120088952 -0.0192943551 -0.144344777
v -0.0182380993 -0.0192968585 -0.14219299
v -0.0152858552 -0.0185425673 -0.139661297
v -0.0134201506 -0.0194403511 -0.140836284
v -0.0108106136 -0.019763926 -0.141413108
v -0.00952367298 0.0193880238 -0.141573086
v -0.00679539703 -0.0193788502 -0.146018893
v -0.00185807073 -0.0196312461 -0.142881066
v 0.000699033611 -0.0191871785 -0.145672709
v -0.00156286592 -0.0193115771 -0.144767836
v -0.00910023879 -0.01853613 -0.141691715
v -0.00552529516 -0.0198451094 -0.142323241
v 0.000659891171 -0.0192264579 -0.142722592
v -0.0197861921 -0.0644374415 -0.136785761
v -0.0200667754 -0.0633211583 -0.140047401
v -0.0215970483 -0.0623138361 -0.140294731
v -0.0149308871 -0.0595942661 -0.144510344
v -0.0159464534 -0.0556545332 -0.144627541
v -0.0217011198 -0.0541041978 -0.141920149
v -0.0217247549 -0.0212785099 -0.141899362
v -0.013834063 -0.0621242896 -0.143938407
v -0.00879590958 -0.063392505 -0.144154131
v -0.00315745268 -0.0625515729 -0.145878375
v -0.0153234461 -0.0644509494 -0.139070466
v -0.0107060708 -0.0644068271 -0.140888527
v -0.00574376155 -0.0643672198 -0.141905338
v -0.00604700809 -0.0643698722 -0.116678812
v -0.0147714317 -0.0644281134 -0.106774934
v -0.0121691069 -0.0643800795 -0.111737639
v -0.0112003461 -0.0596971512 -0.112436637
v -0.0089038806 -0.0641420931 -0.114916027
v -0.0098120831 -0.0545834564 -0.146422848
v -0.0141840428 -0.0203119796 -0.145217314
v -0.00932954531 -0.0209117644 -0.146532133
v -0.018061921 -0.0202993806 -0.143670157
v -0.0053805057 -0.0598568954 -0.146746904
v 0.00248494302 -0.0634201318 -0.144893125
v 0.00261176028 -0.0559907034 -0.147388533
v 0.0044313157 -0.0638654605 -0.143283576
v -0.00494281808 -0.0595773645 -0.116585836
v 0.00426421175 -0.06439583 -0.117308863
v -0.000287019619 -0.0643452853 -0.117786765
v -0.00820728578 -0.0597542524 -0.115072206
v -0.00493947137 -0.0536849797 -0.147224069
v -0.00179531006 -0.02039662 -0.147447214
v -0.0442294925 -0.0571017191 -0.115678489
v -0.0411916897 -0.0619412996 -0.118738279
v -0.0383967832 -0.0633328632 -0.121298112
v -0.0415988676 -0.058570195 -0.120922171
v -0.0448823459 -0.0607313663 -0.111361749
v -0.0418947041 -0.0632044896 -0.113263041
v -0.039033208 -0.0640421584 -0.112005688
v -0.0456723832 -0.0553852879 -0.112058878
v -0.044658415 -0.0205599666 -0.114709824
v -0.0321587659 -0.0562274531 -0.133846804
v -0.0291632693 -0.061015591 -0.135765254
v -0.0274590626 -0.0556093119 -0.138091087
v -0.0372743197 -0.0616307892 -0.126087472
v -0.0387614854 -0.0576478429 -0.125650898
v -0.0337285474 -0.0631133392 -0.129108727
v -0.035447754 -0.0586306565 -0.130135357
v -0.03331789 -0.0644020587 -0.124162264
v -0.0300552435 -0.0644238815 -0.127923504
v -0.0366267376 -0.0644515455 -0.116860718
v -0.0357924663 -0.0638539642 -0.121945925
v -0.037689887 -0.0208075736 -0.12727505
v -0.0326722823 -0.0212875344 -0.133326992
v -0.0274264533 -0.0632694215 -0.135131866
v -0.0227811188 -0.0591656938 -0.140953243
v -0.0249684323 -0.0644024983 -0.133132339
v -0.028986495 -0.0207220521 -0.136814833
v -0.0251569767 -0.0204951912 -0.139734268
vn 0.481113 0.8766054 0.009659735
vn 0.5006488 0.7333779 0.4598995
vn 0.4434336 0.8963068 -0.0009419101
vn 0.120262 0.317307 0.9406664
vn 0.3181281 0.6669729 0.673752
vn 0.165638 0.2311453 0.9587157
vn 0.6020762 0.7396924 0.300598
vn 0.2571608 0.3568737 0.8980587
vn 0.1928095 0.9556567 0.2225867
vn 0.06538372 0.9976187 0.02194873
vn 0.6053238 0.7959763 0.002195947
vn 0.5472433 0.4562522 0.7016828
vn 0.4854889 0.5521592 0.6778059
vn 0.526323 0.5290897 0.6656187
vn 0.3819488 0.7534816 0.5351453
vn 0.3020764 0.397999 0.8662255
vn 0.2259752 0.4243926 0.8768273
vn 0.5852069 0.8108533 0.007059404
vn 0.5864813 0.8099566 0.003175233
vn 0.4232292 0.9060195 0.002350043
vn 0.4024963 0.2828564 0.8706256
vn 0.3930178 0.291861 0.8719829
vn 0.3644517 0.3388588 0.8673809
vn 0.1261242 0.39063 0.9118667
vn 0.3090115 0.5804593 0.7533783
vn 0.275396 0.5503603 0.7882008
vn 0.2342189 0.3394894 0.9109822
vn 0.4451922 0.1155188 0.8879523
vn 0.6854261 0.728108 0.007053019
vn 0.7499471 0.6614964 0.001383293
vn 0.4961579 0.4754982 0.7264494
vn 0.5637259 0.4383234 0.7000612
vn -0.001490349 0.9997659 0.02158594
vn 0.09572034 0.9950988 0.02482251
vn -0.005411472 0.9997953 0.01949698
vn 0.9810236 0.1906468 0.03530692
vn 0.9618821 0.2304158 0.1472803
vn 0.9360485 0.2728075 0.2222367
vn 0.9848318 0.1683588 0.04196917
vn 0.9753584 0.214523 0.05153503
vn 0.8635905 0.02374828 0.5036343
vn 0.2185258 0.9653192 0.1428475
vn 0.05127405 0.998678 0.003619059
vn -0.03442376 0.9993368 0.01187247
vn 0.3457752 0.3711365 0.8617988
vn 0.373519 0.3208295 0.8703746
vn 0.7244353 0.6893421 0.0008959763
vn 0.7334344 0.6797596 0.0008516814
vn 0.7619331 0.6476523 0.002111053
vn 0.2317036 0.6877284 0.6879993
vn 0.1355062 0.6880639 0.7128857
vn 0.5822319 0.8130202 0.002039721
vn 0.7968768 0.6039971 0.01322461
vn 0.827941 0.5608147 0.0008257615
vn 0.6454399 0.4000169 0.6506873
vn 0.6245954 0.4137493 0.6623383
vn 0.2442707 0.860508 0.4470545
vn 0.2881319 0.8900324 0.3533021
vn 0.2486286 0.755285 0.6064062
vn 0.5186006 0.8123466 0.2667327
vn 0.5482383 0.7425922 0.3846968
vn 0.2715521 0.6284176 0.728938
vn 0.1723491 0.4475977 0.8774691
vn 0.3891319 0.9211798 0.001995401
vn 0.3831795 0.9135366 0.136471
vn 0.4286666 0.9034628 1.922543e-05
vn 0.5867519 0.8097668 -0.0001646619
vn -0.00163237 0.01637995 0.9998646
vn -0.1322938 0.349512 0.927545
vn 0.0490444 0.7003793 0.7120839
vn 0.1056035 0.6990168 0.7072648
vn 0.03331584 0.709868 0.7035463
vn -0.01722466 -0.02276542 0.9995924
vn -0.03879138 -0.02741966 0.998871
vn -0.1564466 -0.157006 0.9751275
vn -0.800489 -0.568543 0.1896738
vn -0.9033339 -0.3172854 0.2886482
vn -0.9164665 -0.2723642 0.2930987
vn -0.9266945 0.03301851 -0.3743623
vn -0.9889116 0.01054912 0.1481307
vn -0.9234018 0.3420938 0.1740712
vn -0.6014344 -0.7774015 0.1841837
vn -0.6444272 -0.7495953 0.1510646
vn 0.9744904 0.2241554 0.01107853
vn 0.9105925 0.1516216 0.3844896
vn 0.9467068 0.3220794 0.003345663
vn 0.8782676 0.4781693 -0.0003263653
vn 0.8847699 0.3031572 0.3539462
vn 0.9251922 0.3132972 0.2141592
vn -0.002318498 -0.008513061 0.9999611
vn -0.002955511 0.005432561 0.9999809
vn 0.923587 0.2192725 0.3144943
vn 0.9004078 0.1396738 0.4120159
vn 0.831802 0.2368313 0.5020123
vn 0.7239459 0.39658 0.5644702
vn -0.3672942 -0.9001101 0.2343005
vn 0.01836657 -0.8870696 0.4612704
vn -0.2562698 -0.9152482 0.3108803
vn 0.1464437 -0.8978236 0.4152914
vn 0.6615967 0.2245255 0.7154566
vn 0.436069 0.2125785 0.8744451
vn 0.4228764 0.2576507 0.8687874
vn 0.7449185 0.4189921 0.5191743
vn 0.4492027 0.1650068 0.8780602
vn 0.9013077 0.4329881 0.01287496
vn 0.9394823 0.3424627 0.009609085
vn 0.896734 0.4425609 0.002800736
vn 0.6639915 0.2546721 0.7030343
vn 0.5080175 0.06668615 0.8587614
vn 0.6870048 0.3166113 0.6540502
vn 0.9980476 0.06201917 0.007386306
vn 0.9986292 0.02565852 0.04562172
vn 0.3788549 -0.1492684 0.9133389
vn 0.9915267 0.0960064 0.08750827
vn 0.968981 0.150055 0.196365
vn 0.9677458 0.2510893 0.02054798
vn 0.4564672 0.1110303 0.8827854
vn 0.4666398 0.07489681 0.8812706
vn 0.4730608 0.02617249 0.8806409
vn 0.786293 0.6178538 -3.560844e-05
vn 0.7749865 0.6319635 0.004251545
vn 0.7668424 0.6418353 0.0006207492
vn 0.9657097 0.00451873 0.2595851
vn 0.01907169 0.01273794 0.999737
vn -0.0009269117 0.003016004 0.9999951
vn 0.6103687 0.3774418 0.6964106
vn 0.6002077 0.4290181 0.6750512
vn 0.6405274 0.3574926 0.6796497
vn 0.6602681 0.3311189 0.6740966
vn 0.6872534 0.3789712 0.6197287
vn 0.866746 0.0628071 0.4947793
vn 0.9659039 0.111302 0.2337555
vn 0.9767998 0.002597542 0.2141382
vn 0.2969914 0.3079026 0.9038762
vn 0.649488 0.2226718 0.7270368
vn 0.8862628 0.1784663 0.4274203
vn 0.9323043 0.2950616 0.2091585
vn 0.9992845 0.03113453 0.02147391
vn 0.1672055 0.9679901 0.1871825
vn 0.604917 0.7821391 0.1494452
vn 0.2821983 0.6690516 0.6875566
vn 0.9953408 0.09003563 -0.03449934
vn 0.9113191 0.3911455 0.1284629
vn 0.3573835 0.4136697 0.8373496
vn 0.3831695 0.8988704 0.212634
vn 0.007695573 0.9999673 0.002518511
vn 0.09345916 0.9527621 0.2889804
vn 0.1954117 -0.9594082 0.2033472
vn 0.5962091 0.2599854 0.7595672
vn 0.1226048 0.1556264 0.9801778
vn 0.2951595 0.8444363 0.4469991
vn 0.04151069 0.01153747 0.9990714
vn 0.1655491 0.9688796 0.1840267
vn -0.09859996 0.8884965 0.4481652
vn 0.4545713 0.5597185 0.6928782
vn 0.3601193 0.9192974 0.1587653
vn 0.1682899 0.87471 0.4544899
vn 0.5658693 0.8244202 0.01110679
vn 0.139781 0.2868503 0.9477226
vn 0.2372117 0.551457 0.7997661
vn 0.6036327 0.2699674 0.7501634
vn 0.8849885 0.4656023 0.003124885
vn 0.8924515 0.4306331 0.1344824
vn 0.865158 0.5014837 0.003972663
vn 0.7799332 0.4982528 0.3787457
vn 0.1624785 0.4994914 0.8509459
vn 0.2660527 0.285636 0.9206672
vn 0.4746795 0.7848444 0.3983701
vn 0.2671123 0.9425467 0.2006407
vn 0.09597094 0.7067928 0.7008805
vn 0.6872026 0.6204675 0.3778526
vn 0.7359935 0.6755658 0.04386701
vn 0.1117423 0.9299473 0.3503021
vn 0.5005633 0.7278332 0.4687166
vn 0.3266321 0.8717521 0.3651844
vn 0.3824719 0.7172003 0.5825281
vn 0.5320683 0.8466954 0.003214041
vn 0.1727226 0.9849643 0.003521418
vn 0.9972291 -0.07435788 -0.002219795
vn 0.5553743 0.8107252 0.1851597
vn 0.3178422 0.9466819 0.05262987
vn 0.2635981 0.1667352 0.9501134
vn 0.1215904 0.8567904 0.5011247
vn 0.2434828 0.8498966 0.4673242
vn 0.05993634 0.9865097 0.1523355
vn 0.07430653 0.9902624 0.1177232
vn 0.2025459 0.9587715 0.19933
vn 0.1766221 0.9513897 0.2523139
vn -0.02451124 0.5301609 0.8475427
vn 0.0449734 0.4557263 0.8889831
vn 0.04896893 0.108828 0.9928537
vn -0.09776313 0.1585484 0.9824992
vn 0.08854122 0.2420562 0.9662138
vn 0.02206565 0.9712318 0.2371117
vn 0.0287438 0.9871546 0.157161
vn -0.0109745 0.9793737 0.2017593
vn 0.004622229 0.8340151 0.5517222
vn -0.1044611 0.8751193 0.4724979
vn -0.07244299 0.1344438 0.9882696
vn -0.08155485 0.5311418 0.8433489
vn -0.007569951 0.225531 0.9742065
vn 0.001392101 0.02392273 0.9997129
vn -0.3419921 0.3637871 0.8664297
vn -0.2702443 0.3900696 0.880235
vn -0.3280343 0.372597 0.8680812
vn -0.5751196 0.802196 0.160372
vn -0.4598381 0.7952839 0.3950599
vn -0.634769 0.690267 0.3472746
vn -0.7588894 0.1324812 0.6376015
vn -0.9765658 0.1895932 0.1018515
vn -0.8982148 0.1682941 0.4060631
vn -0.09660072 0.995045 0.02353202
vn -0.0978629 0.9949562 0.02202116
vn -0.04402092 0.5801725 0.8133032
vn -0.04830432 0.5425274 0.8386482
vn 0.01163394 0.901902 0.4317839
vn -0.5678479 0.4081072 0.7148407
vn -0.7756374 0.5023541 0.3821347
vn -0.6610385 0.5010272 0.5585694
vn -0.1972709 0.9775916 0.0734769
vn -0.1349583 0.9881696 0.07285061
vn 0.02659512 0.1266711 0.9915882
vn -0.004139662 0.5656164 0.8246581
vn -0.004936278 0.1638426 0.9864742
vn -0.3461458 0.4992869 0.7942894
vn -0.3002964 0.4635765 0.833618
vn -0.4531813 0.8635047 0.2213286
vn -0.3970609 0.8337688 0.3836302
vn -0.6339154 0.7733463 0.00932092
vn -0.5771008 0.8166217 0.009143157
vn -0.6393483 0.7689165 0.001038002
vn -0.5546679 0.8320168 0.009563909
vn -0.3935893 0.7669978 0.5067561
vn 0.1265685 -0.151524 -0.9803167
vn -0.2593139 0.829102 0.4953243
vn -0.002107397 0.001351092 0.9999968
vn -0.1831763 0.636065 0.7495784
vn -0.06468904 0.4216611 0.904443
vn -0.1722112 0.6873196 0.7056451
vn -0.1025651 0.9947125 0.00523406
vn -0.4406275 0.8240256 0.3561309
vn -0.2903195 0.3907975 0.873494
vn -0.280189 0.5654919 0.7757016
vn -0.580828 0.7709324 0.2613468
vn 0.001551301 -0.004459343 0.9999889
vn -0.8258139 0.5638447 0.01051018
vn -0.739581 0.6220464 0.257057
vn -0.2348753 0.5921307 0.7708533
vn -0.26313 0.6075053 0.7494664
vn -0.3411717 0.9399999 0.001434122
vn -0.3429721 0.8991935 0.2717003
vn -0.08172309 0.2280825 0.970206
vn -0.1543535 0.381156 0.9115345
vn -0.2866256 0.958041 0.001832832
vn -0.27977 0.9600609 0.00344111
vn -0.3663578 0.9221409 0.1242499
vn -0.4423483 0.8965916 0.02124914
vn -0.429233 0.9017558 0.050947
vn -0.1865085 0.4763348 0.8592553
vn -0.188774 0.484989 0.8539028
vn -0.1443312 0.5072532 0.8496251
vn -0.4199063 0.9075674 0.000402545
vn -0.6674498 0.7446547 0.0003664838
vn -0.4263862 0.9045388 0.002108398
vn -0.3885931 0.9214091 0.0007842988
vn -0.7902149 0.6126882 0.01317587
vn -0.7355261 0.6769329 0.02762449
vn -0.7735059 0.6337888 -0.0007056834
vn -0.6525293 0.6673135 0.359024
vn -0.4907784 0.5191002 0.6997652
vn -0.05112644 0.7049911 0.7073709
vn -0.4013104 0.5430059 0.7376276
vn -0.7052737 0.7088974 0.007306419
vn -0.7674387 0.6410514 0.009538538
vn -0.3645051 0.323828 0.8730817
vn -0.3842999 0.2718248 0.8822839
vn -0.5763044 0.3443523 0.7411443
vn -0.7558897 0.6475567 0.09644309
vn -0.6678992 0.6602001 0.3435791
vn -0.3580633 0.3540156 0.8639812
vn -0.3583942 0.3413246 0.8689368
vn -0.5737731 0.420352 0.7029144
vn -0.5474267 0.458693 0.6999462
vn -0.5862246 0.3771244 0.7170203
vn -0.6538748 0.2984723 0.6952424
vn -0.6344565 0.3375315 0.6953685
vn -0.4460777 0.08017008 0.8913964
vn 0.01603708 0.009614823 0.9998252
vn -0.6527378 0.2266595 0.7228823
vn -0.9369882 0.149002 0.315993
vn -0.6039894 -0.006476028 0.796966
vn -0.392895 0.1899968 0.8997415
vn -0.8581653 0.4061781 0.3139613
vn -0.8128671 0.2646956 0.5188287
vn -0.8961951 0.4436414 0.004076864
vn -0.9552495 0.2957899 0.002559736
vn -0.8853254 0.4649678 0.001996898
vn -0.9098318 0.2979935 0.2888009
vn 0.4766126 -0.8536927 0.209879
vn 0.02757127 -0.03019645 0.9991636
vn 0.02649129 -0.02392504 0.9993627
vn 0.7609009 -0.6289544 0.1595188
vn 0.3447122 -0.9137685 0.2149434
vn -0.002339958 -0.01371672 0.9999032
vn 0.004099754 0.002229742 0.9999891
vn -0.4505263 0.1568094 0.8788838
vn -0.8424276 0.2043688 0.498547
vn -0.6270459 0.2058376 0.751295
vn -0.4598619 0.10783 0.8814191
vn -0.4740861 0.04875743 0.8791274
vn -0.9770777 0.2127387 0.007836699
vn -0.9393265 0.3429901 0.004864188
vn 0.03847367 0.02764666 0.9988771
vn -0.0009753479 -0.003749289 0.9999924
vn 0.02567516 0.01989558 0.9994723
vn -0.01922381 0.03500494 0.9992022
vn -0.1413552 0.07267242 0.9872879
vn -0.891384 0.2293167 0.3909583
vn -0.9806868 0.1254392 0.1500618
vn 0.8793086 -0.4236794 0.2175135
vn 0.9249913 -0.2674766 0.2699027
vn 0.8886606 -0.04856274 0.4559869
vn 0.9319055 0.2747792 0.2367459
vn -0.9330415 0.1582368 0.3231016
vn -0.7535139 0.638914 0.154938
vn -0.848476 0.4323955 0.30516
vn -0.4261988 0.2097709 0.879972
vn -0.9589924 0.02873851 0.2819713
vn -0.9983716 0.05598473 0.01094309
vn -0.9362481 0.1184652 0.3307649
vn -0.4498753 0.04950076 0.8917186
vn -0.9931577 0.1034102 0.05425918
vn -0.9948686 -0.08478959 0.05520162
vn -0.9698201 -0.09451924 0.2247552
vn -0.3154728 0.2999254 0.9002898
vn -0.00112884 0.002310074 0.9999967
vn -0.2683711 0.3230357 0.9075378
vn 6.844332e-06 0.00809232 0.9999672
vn -0.2828782 0.8557482 0.4332148
vn -0.07911222 0.9874649 0.1365808
vn -0.2008437 0.9484152 0.2452966
vn -0.0939753 0.9255952 0.3666634
vn -0.03748352 0.9973208 0.06281867
vn -0.1062519 0.9708935 0.2146541
vn -0.2433942 0.7783007 0.5787981
vn -0.1710087 0.8823715 0.4383793
vn -0.1264246 0.9542575 0.270942
vn -0.04612077 0.07706045 0.9959591
vn -0.1624722 0.1918622 0.9678801
vn 0.00913847 0.9800363 0.1986089
vn 0.0003818745 0.9927582 0.1201287
vn -0.1058524 0.9456887 0.3073567
vn -0.07135893 0.6983136 0.712226
vn -0.1192701 0.9343489 0.3358075
vn -0.08849686 0.7860186 0.6118358
vn -0.3150591 0.9489399 -0.01584027
vn -0.4725713 0.8393685 0.2685831
vn -0.7088214 0.7005018 0.08288272
vn -0.260343 0.8844961 -0.3871541
vn -0.3320528 0.9046903 -0.2669762
vn -0.4123471 0.8838046 0.2210412
vn -0.4311872 0.9016133 0.03422049
vn -0.2555776 0.9141606 0.3146274
vn 0.0002024755 0.004334648 0.9999906
vn -0.1191725 0.1417872 0.9826975
vn -0.003900927 0.000979944 0.9999918
vn -0.3345857 0.2039385 0.9200335
vn -0.9280449 0.2857753 0.238883
vn -0.7796625 0.5496023 0.3001061
vn -0.6630833 0.6616014 0.3501489
vn -0.2076009 0.9705536 0.1221784
vn -0.6183016 0.7749189 0.1311635
vn -0.5368645 0.8436495 0.005662255
vn -0.09864045 0.8695151 0.4839562
vn -0.8686866 0.4953238 0.006151746
vn -0.7665718 0.6048309 0.2157483
vn -0.3560928 0.7883852 0.501644
vn -0.7243068 0.5075568 0.4666538
vn -0.2587658 0.9357588 0.2395738
vn -0.2835313 0.9393859 0.1927801
vn -0.1836786 0.861468 0.4734291
vn -0.5173813 0.7821083 0.3473086
vn -0.2564226 0.9229093 0.2872036
vn -0.4201538 0.7652407 0.4877268
vn -0.2915911 0.9273136 0.234657
vn -0.8180597 0.5748122 0.01921911
vn -0.8830221 0.469326 0.002256797
vn -0.3500572 0.873296 0.3388422
vn -0.6962424 0.1443526 0.7031421
vn -0.440177 0.1659585 0.882441
vn -0.5223982 0.3265025 0.7877158
vn -0.2460041 0.05550567 0.9676782
vn -0.5270208 0.2399555 0.8152732
vn -0.3693731 0.5986791 0.7107368
vn -0.1345883 0.6158273 0.7763007
vn -0.9852222 0.1712796 -0.0006908733
vn -0.9407073 0.3386449 -0.01973342
vn -0.9955655 0.09378935 -0.007269592
vn -0.7971025 0.3479685 0.4935033
vn -0.9729921 0.1018375 0.2071605
vn 0.2494667 0.2264898 0.9415246
vn 0.6121478 -0.3785913 0.6942216
vn 0.6303768 -0.3058586 0.7134954
vn 0.6662369 -0.2708432 0.6948181
vn 0.6258351 -0.1522526 0.7649507
vn 0.5072545 -0.0153953 0.8616588
vn 0.9255608 -0.1505864 0.3473627
vn 0.9828621 -0.1843064 0.003644244
vn -0.008953445 0.02740993 0.9995841
vn 0.0004715225 -0.003052905 0.9999952
vn 0.543207 -0.04359114 0.8384665
vn 0.4791346 -0.04452483 0.8766114
vn 0.4972186 -0.06439202 0.8652325
vn 0.8564512 -0.2186353 0.4676431
vn 0.4806699 -0.1114554 0.8697896
vn 0.9727208 -0.05284311 0.2258801
vn 0.9760883 -0.2171296 0.01030918
vn 0.978595 -0.2057948 0.0005754191
vn -0.04077239 0.0489454 0.9979689
vn -0.006488608 0.005460976 0.999964
vn -0.9235604 0.2735868 0.2686751
vn -0.8147505 0.5236131 0.24902
vn -0.2931283 0.1698642 0.9408624
vn 0.5976777 -0.4082436 0.6900135
vn 0.4526696 -0.1598509 0.8772331
vn 0.5823063 -0.2347423 0.7783414
vn 0.4263284 -0.2228875 0.8766785
vn 0.7915146 -0.6111503 0.0002916278
vn 0.748302 -0.6320328 0.2014414
vn 0.6802832 -0.5098339 0.5265778
vn 0.8806188 -0.4738182 0.002637019
vn 0.8667632 -0.4985287 -0.0138062
vn -0.7520387 0.6056094 0.2601444
vn -0.6023898 0.7737553 0.1960337
vn -0.4885074 0.8546165 0.1760431
vn 0.9169897 -0.2713956 0.2923601
vn 0.6845439 -0.3383225 0.645707
vn 0.551841 -0.08884675 0.8292031
vn 0.4736101 -0.1673606 0.8646871
vn 0.4403719 -0.07352515 0.8947998
vn 0.9963274 -0.08451935 0.01371776
vn 0.7564908 -0.5435862 0.3636425
vn 0.2320782 -0.122644 0.9649342
vn 0.4622063 -0.2253243 0.8576679
vn 0.936852 -0.3495286 0.01174922
vn 0.8872975 -0.4610695 0.01087523
vn 0.9002367 -0.4353896 0.003124076
vn 0.8522847 -0.5223029 -0.0284724
vn -0.2920883 0.9318833 0.2151234
vn -0.007524689 0.004005979 0.9999637
vn -0.03601104 -0.4010206 0.9153609
vn 0.3475626 -0.8717756 0.3452646
vn 0.6791124 -0.7340329 0.001435612
vn 0.4229747 -0.9061414 0.0004247552
vn 0.3705052 -0.8532031 0.3671108
vn 0.3880459 -0.921634 0.003345505
vn 0.5701201 -0.8215606 0.00109857
vn 0.6003593 -0.7997285 0.001728396
vn 0.1892671 -0.485757 0.853357
vn 0.1865371 -0.465463 0.8651868
vn 0.2052334 -0.4427539 0.8728392
vn 0.1009282 -0.6939766 0.7128885
vn 0.03938259 -0.7044404 0.7086698
vn 0.1422175 -0.8061365 0.5743849
vn 0.2371206 -0.8525578 0.4657456
vn 0.3001626 -0.9040756 0.3042199
vn 0.36016 -0.9328567 0.007955995
vn 0.254645 -0.5622328 0.7867973
vn 0.1996344 -0.9767769 0.07779976
vn 0.1742066 -0.9775308 0.1186837
vn 0.1712651 -0.6852034 0.7079297
vn 0.27675 -0.7157249 0.6412076
vn 0.3313231 -0.6549582 0.6791574
vn 0.1483616 -0.3695993 0.9172705
vn 0.4951918 -0.5166679 0.6984549
vn 0.4725019 -0.5462236 0.6916514
vn 0.5170722 -0.4353633 0.7369499
vn 0.2764044 -0.4337925 0.857569
vn 0.1433512 -0.1971539 0.9698355
vn 0.3406429 -0.4121992 0.8450173
vn 0.5635474 -0.8260528 0.007145464
vn 0.5587167 -0.8293447 0.004803851
vn 0.6441548 -0.7648951 -3.341299e-05
vn 0.001007983 -0.001465028 0.9999985
vn 0.0002691664 -0.0009070854 0.9999996
vn 0.190469 -0.2318267 0.9539276
vn 0.6967471 -0.6056535 0.3843531
vn 0.2479607 -0.1593733 0.9555709
vn 0.4377314 -0.3046495 0.8459195
vn 0.2853638 -0.4050286 0.8686307
vn 0.3316352 -0.3942011 0.8571019
vn 0.4549392 -0.5421298 0.7064882
vn 0.4897513 -0.7061448 0.5113738
vn 0.6320162 -0.7749273 0.006571511
vn 0.33935 -0.3533081 0.8717883
vn 0.6043544 -0.4782001 0.6372444
vn 0.7280797 -0.6697816 0.1459194
vn -0.04105692 -0.7104566 0.7025424
vn 0.3440176 -0.6002393 0.7220559
vn 0.3948345 -0.5866361 0.7070811
vn 0.4344412 -0.562817 0.7032054
vn 0.9833043 -0.179732 0.02844595
vn 0.9807527 -0.1939937 0.02214918
vn 0.9846559 -0.1715384 0.03205142
vn 0.003572392 -0.9998128 0.01901808
vn 0.0905809 -0.9955047 0.0276663
vn 0.09428392 -0.995274 0.02324165
vn 0.001883563 -0.9998069 0.01955875
vn 0.368058 -0.3021224 0.8793494
vn 0.7717844 -0.6358371 0.007739376
vn 0.7045395 -0.7096371 0.006262427
vn 0.7803687 -0.6253195 0.0003331556
vn 0.7392839 -0.6733871 0.003043849
vn 0.440287 -0.8978489 0.003834939
vn 0.4690934 -0.8831198 0.007126492
vn 0.2331624 -0.4241329 0.8750695
vn 0.2249165 -0.4300008 0.8743637
vn 0.4566308 -0.8896553 0.001359474
vn 0.6014748 -0.7988884 0.002278308
vn 0.24807 -0.5597957 0.7906264
vn 0.1374366 -0.2386653 0.9613273
vn 0.7571662 -0.03501273 0.6522833
vn 0.9689636 -0.09448957 0.2284321
vn 0.9980778 -0.04610334 0.04141586
vn 0.8414674 -0.5308435 0.1006869
vn 0.8309111 -0.2095421 0.5154405
vn 0.07627066 -0.9809722 0.1785397
vn 0.3116712 -0.9210498 0.2335128
vn 0.2961803 -0.9530993 0.06228149
vn 0.905773 -0.1720686 0.3872565
vn 0.8888071 -0.4338232 0.1477135
vn 0.988004 -0.1470923 -0.0470309
vn 0.8743075 -0.4853608 0.003378738
vn 0.7940401 -0.3531782 0.4947377
vn 0.4710484 -0.7361498 0.486001
vn 0.2574849 -0.9519518 0.1657987
vn 0.08296917 -0.763945 0.6399251
vn 0.06824939 -0.2981572 0.9520737
vn 0.04018014 -0.03134032 0.9987009
vn 0.267933 -0.4241402 0.8650532
vn 0.7337857 -0.4492393 0.5096496
vn 0.7502782 -0.6245367 0.2168792
vn 0.9207506 -0.314312 0.2311412
vn 0.6686431 -0.6594771 0.3435204
vn 0.7127007 -0.2605886 0.651269
vn 0.003005646 -0.9998451 0.0173446
vn 0.01081886 -0.9998266 0.01515713
vn 0.5479367 -0.8354971 0.04135305
vn 0.515511 -0.8223122 0.2409376
vn 0.7423595 -0.669295 0.03076533
vn 0.6827096 -0.6287238 0.372309
vn 0.3029546 -0.8839195 0.3562369
vn 0.9000487 -0.4357887 -0.0007796733
vn 0.8747245 -0.484586 0.005772254
vn 0.08522572 -0.4036568 0.9109324
vn 0.08586707 -0.7909768 0.6057908
vn 0.1079474 -0.5543929 0.8252248
vn 0.2907029 -0.1974054 0.9362281
vn 0.5136057 -0.2664247 0.8156145
vn 0.2038869 -0.9603209 0.1902999
vn 0.3867451 -0.7151408 0.5822386
vn 0.3346396 -0.9324619 0.136129
vn 0.2698655 -0.2283818 0.935422
vn 0.1979561 -0.980199 0.004827492
vn 0.2439176 -0.9697836 0.0048983
vn 0.2919607 -0.312977 0.9037723
vn 0.3990862 -0.5818257 0.708667
vn 0.5736664 -0.2917067 0.7653848
vn 0.6431015 -0.2891231 0.7091038
vn 0.1175894 -0.1626659 0.9796492
vn 0.3265539 -0.3749678 0.8676184
vn 0.6300894 -0.7764375 0.01150276
vn 0.1657205 -0.506455 0.8461915
vn 0.07207514 -0.6459584 0.7599624
vn 0.1319507 -0.1912787 0.9726261
vn 0.01011509 -0.253525 0.9672759
vn -0.0272036 -0.5225462 0.8521768
vn -0.1349282 -0.6118321 0.7793945
vn 0.06656218 -0.4411908 0.8949414
vn 0.1955464 -0.9481343 0.2506051
vn 0.06695136 -0.9896584 0.1268609
vn 0.2167608 -0.947494 0.2350959
vn 0.2851101 -0.8624753 0.4181489
vn 0.002776053 -0.9997404 0.02261839
vn 0.04344473 -0.990258 0.1322934
vn 0.0004539691 -0.9999449 -0.01049143
vn 0.06511781 -0.9764414 0.2057226
vn 0.03232207 -0.8390276 0.5431281
vn 0.07937344 -0.946566 0.31259
vn 0.1402059 -0.8629027 0.4855318
vn 0.2275539 -0.2998622 0.9264458
vn -0.01634242 -0.04216866 0.9989769
vn -0.1011901 -0.409696 0.9065924
vn -0.0004008965 -0.994759 0.1022469
vn 0.005447241 -0.9976389 -0.06846153
vn 0.04679636 -0.6638634 0.7463883
vn 0.1392567 -0.7070951 0.6932704
vn -0.1207253 -0.9594308 0.2547904
vn -0.9966948 -0.07935109 0.01740291
vn -0.831318 -0.4436241 0.3348254
vn -0.3400912 -0.1590204 0.9268498
vn -0.7358372 -0.4704553 0.4870477
vn -0.880636 -0.4736421 0.01197427
vn -0.4214766 -0.07420309 0.9037983
vn -0.4933588 -0.169245 0.8532018
vn -0.3541307 -0.2358562 0.9049659
vn -0.4478504 -0.2622997 0.8547683
vn -0.446901 -0.2378346 0.8623887
vn -0.4100699 -0.290356 0.8646017
vn -0.928407 -0.1574561 0.3365533
vn -0.8995003 -0.2147405 0.3805073
vn -0.9387847 -0.3444957 0.002444708
vn -0.9377185 -0.3473291 0.006813763
vn 0.04546975 0.03395891 0.9983884
vn 0.6135259 0.7487198 0.2510075
vn 0.7710157 0.6078203 0.1899718
vn 0.8598509 0.4718292 0.1950227
vn 0.2205573 0.07306294 0.9726336
vn -0.896241 -0.3091822 0.3180541
vn -0.7895521 -0.6136832 0.0006448372
vn -0.6598168 -0.5734916 0.48554
vn -0.7681482 -0.6402717 -0.0006871307
vn -0.9702827 -0.2409729 0.02199053
vn -0.9874941 -0.1574485 0.008095414
vn -0.999952 -0.008714864 0.004489633
vn 0.02424922 0.01296778 0.9996219
vn -0.9769465 -0.2134137 0.005494376
vn -0.456338 -0.1004505 0.8841183
vn -0.4565456 -0.1636352 0.8745226
vn -0.459571 -0.1053191 0.8818744
vn -0.455127 -0.1627386 0.8754288
vn -0.8859777 -0.3077023 0.3469333
vn -0.8904605 -0.4264179 0.1588959
vn -0.9542941 -0.2580296 0.1508093
vn -0.4831486 -0.06699251 0.8729716
vn -0.472983 -0.04230204 0.8800554
vn -0.8816937 -0.471815 0.00260483
vn 0.02641743 0.04259674 0.9987431
vn -0.8740845 -0.4855505 0.01473118
vn -0.7834337 -0.6214664 0.003324352
vn -0.1103991 0.9567651 0.2690958
vn 0.05611609 0.950848 0.3045307
vn 0.3637805 0.9108272 0.1950837
vn 0.2606235 0.9316606 0.2531479
vn 0.5221962 0.8175874 0.2426148
vn -0.4255419 -0.8631666 0.2717674
vn -0.549963 -0.7112229 0.4378388
vn -0.5853301 -0.8107914 0.002427399
vn -0.3591242 -0.781771 0.5097685
vn -0.3344909 -0.8560721 0.3940259
vn -0.3783661 -0.9136539 0.1485789
vn -0.1474825 -0.5094296 0.8477797
vn -0.1579818 -0.5057048 0.8481182
vn -0.1710557 -0.4599425 0.8713167
vn -0.3418083 -0.939685 0.01261719
vn -0.352091 -0.9359569 0.004089491
vn -0.2796972 -0.9593965 0.0364354
vn -0.7940456 -0.05533191 0.6053345
vn -0.8916785 -0.4497126 0.05165346
vn -0.977354 -0.210231 0.02412782
vn -0.4610665 -0.8823209 0.094485
vn -0.7432884 -0.66897 0.001196578
vn -0.6892086 -0.6544198 0.3110083
vn -0.6082565 -0.7937336 0.003324304
vn -0.4251799 -0.4644657 0.7768485
vn -0.3401063 -0.3525917 0.8717836
vn -0.2479263 -0.3594433 0.8996294
vn -0.3781981 -0.3071948 0.8732683
vn -0.04597127 -0.5657562 0.8232902
vn -0.04093337 -0.6025039 0.7970656
vn 0.0174757 -0.8922608 0.451182
vn -0.09681247 -0.9950178 0.02381286
vn -0.4627231 -0.8864196 0.01214711
vn -0.005603254 -0.1240262 0.9922631
vn 0.05095207 -0.1022554 0.9934524
vn -0.01756222 -0.2492235 0.9682868
vn -0.688449 -0.7252066 0.01065574
vn -0.626536 -0.7792886 0.01272303
vn -0.5874695 -0.8091922 0.009357043
vn -0.4796701 -0.5474184 0.6857474
vn -0.2399239 -0.2796862 0.9296301
vn -0.3321224 -0.4546919 0.8264079
vn -0.7576046 -0.6526791 0.006729957
vn -0.6862023 -0.7273688 0.007816341
vn -0.5799394 -0.4316024 0.6909339
vn -0.2987052 -0.1950084 0.9342093
vn -0.5501097 -0.8338119 0.04622779
vn -0.06356184 -0.9979736 0.002926706
vn -0.1219523 -0.9925305 0.003299934
vn -0.07524887 -0.9968186 0.02627345
vn -0.2398769 -0.4727952 0.8478937
vn -0.1315139 -0.3477971 0.9283003
vn -0.131142 -0.1855055 0.9738529
vn -0.1674166 -0.9770918 0.1313898
vn -0.1539726 -0.6499332 0.7442306
vn -0.1150339 -0.697172 0.7076144
vn -0.5134278 -0.7219763 0.463834
vn -0.4268391 -0.9041548 0.01767889
vn -0.4384844 -0.8987327 0.003292173
vn -0.5289615 -0.4460742 0.721954
vn -0.5073786 -0.5229555 0.6848975
vn -0.2191755 -0.4239092 0.878785
vn -0.1947703 -0.420554 0.8861145
vn -0.1755966 -0.427513 0.8867911
vn -0.3753738 -0.8498333 0.3699702
vn -0.4664982 -0.884515 0.003553084
vn -0.5543181 -0.8322918 0.004666633
vn -0.4938359 -0.5415738 0.6803116
vn -0.4443182 -0.5754136 0.6866444
vn -0.4179001 -0.5923796 0.6888003
vn -0.36057 -0.5993059 0.714718
vn -0.9184439 0.0003255372 0.3955512
vn -0.9583504 -0.03554778 0.2833738
vn -0.7766401 -0.3816615 0.5011634
vn -0.2767028 -0.2707976 0.922011
vn -0.384501 -0.05820136 0.921288
vn -0.3881189 -0.2544291 0.8857931
vn -0.6934843 -0.04521969 0.7190512
vn -0.4170708 -0.1736458 0.8921317
vn -0.2689336 -0.314676 0.9103042
vn -0.1742635 -0.4511997 0.8752435
vn -0.07107696 -0.9447318 0.3200465
vn -0.09423387 -0.9506317 0.2956676
vn -0.3564668 -0.7111811 0.6059313
vn -0.1847945 -0.8752007 0.4470735
vn -0.2310945 -0.7078945 0.6674433
vn -0.08381347 -0.9890772 0.1212507
vn -0.3014133 -0.8625103 0.4064801
vn -0.07566366 -0.9776469 0.1961675
vn -0.08792705 -0.8630946 0.4973295
vn -0.06752972 -0.9160161 0.3954166
vn -0.06828381 -0.6805552 0.7295079
vn -0.2426165 -0.5683513 0.7862024
vn -0.0997295 -0.5039166 0.8579755
vn -0.7147122 -0.6786572 0.1691472
vn -0.1976416 -0.9454591 0.2589303
vn -0.2186572 -0.9757777 -0.006854698
vn -0.1852922 -0.9691502 0.1625253
vn -0.3389771 -0.8218687 0.4578497
vn -0.02399844 -0.4561728 0.8895676
vn -0.3876919 -0.1931207 0.901332
vn -0.04796515 -0.3390467 0.939546
vn -0.4902733 -0.7013217 0.5174745
vn -0.6651938 -0.3335008 0.6680527
vn -0.4867206 -0.2755623 0.8289564
vn -0.4069881 -0.2191648 0.8867511
vn -0.6714917 -0.6048835 0.428036
vn -0.330499 -0.5042126 0.7978346
vn -0.9083979 -0.1826576 0.3760976
vn -0.8811625 -0.4599441 0.1095622
vn -0.09397095 -0.7721553 0.6284469
vn -0.627369 -0.7770275 0.05134515
vn -0.5551357 -0.8317559 0.00252934
vn -0.3761437 -0.9257546 0.0386571
vn -0.3171714 -0.8980357 0.3048509
vn -0.193734 -0.2458667 0.9497455
vn -0.1334573 -0.2420187 0.9610495
vn -0.3645692 -0.4847189 0.7950704
vn -0.1088116 -0.1458703 0.9833016
vn -0.1732741 -0.490802 0.8538673
vn -0.007883236 -0.9999633 0.003368216
vn -0.004357139 -0.9999806 0.004456318
vn -0.1993226 -0.9507151 0.2375105
vn -0.191965 -0.9628964 0.1896837
vn -0.6447822 -0.7175994 0.2632623
vn -0.8815136 -0.4721579 -0.0007932063
vn -0.4428163 -0.8965381 -0.01155307
vn -0.3539762 -0.588313 0.7270411
vn -0.5667936 -0.2556756 0.7831826
vn -0.5378003 -0.8430573 0.005019835
vn -0.1950156 -0.9746931 0.1092807
vn -0.1766742 -0.9842654 0.002822988
vn -0.8670887 -0.4981016 0.007213221
vn -0.5469522 -0.7787135 0.3073247
vn -0.9159611 -0.3505757 0.1952233
vn -0.8414428 -0.4778361 0.2522829
vn -0.1361098 -0.8494145 0.5098717
vn -0.5503009 -0.2432863 0.7987369
vn -0.3891538 -0.8923335 0.2286924
vn -0.4712329 -0.7143006 0.5174111
vn -0.3452933 -0.8749145 0.3395544
vn -0.9955419 -0.08704533 -0.03632265
vn -0.8148221 -0.5792229 0.02378476
vn -0.9407082 -0.3385215 -0.02171024
vn 0.2845529 0.9306352 0.2301037
vn 0.3696866 0.92915 0.003462973
vn 0.1820493 0.9829069 -0.02742539
vn 0.2222115 0.9688009 0.1097585
vn 0.4762009 0.8493231 0.2277786
vn 0.3765507 0.8748381 0.3047423
vn 0.2607897 0.9558699 0.1352822
vn 0.2845378 0.9389808 0.19327
vn 0.6017411 0.7710015 0.2084813
vn 0.5543246 0.83024 0.05852954
vn -0.3835307 0.902633 0.1953408
vn -0.7876115 0.0522332 0.6139542
vn -0.962787 0.04510872 0.2664701
vn -0.9891464 -0.02149109 0.1453532
vn -0.1099085 0.991785 0.06544048
vn -0.2346006 0.9707981 0.05013616
vn -0.481155 0.869279 0.1133308
vn -0.8154624 0.06529553 0.5751153
vn -0.8749004 0.1448807 0.4621245
vn 0.1979987 0.8323632 0.5176563
vn 0.8394849 0.5432931 0.009879558
vn 0.7902809 0.5436743 -0.2826205
vn -0.1878536 0.9501128 0.2489916
vn 0.7485699 0.6523034 0.1189256
vn -0.09137159 0.3719726 -0.9237357
vn -0.07429694 0.9008022 -0.4278264
vn 0.06501081 0.9542898 -0.2917269
vn -0.04233327 -0.815106 -0.577763
vn -0.4534938 0.02584742 -0.8908846
vn -0.0776297 0.06081153 -0.9951259
vn -0.3663817 0.5796596 -0.7278456
vn -0.07854561 0.9862231 -0.1455832
vn -0.2105215 0.9153971 -0.3431164
vn -0.1214325 0.9205348 -0.3713082
vn -0.4550395 0.8621426 -0.2228211
vn -0.6430867 0.4526529 -0.6176931
vn -0.2934047 0.8827776 -0.3669025
vn -0.01543983 0.9998203 -0.01099819
vn 0.5622349 0.813878 0.1466102
vn 0.2147353 0.9755353 0.04711229
vn 0.4257644 0.89756 -0.1145023
vn 0.9633457 -0.1958369 -0.1833386
vn 0.8859369 -0.3759245 -0.2716551
vn 0.9707788 0.093975 -0.2208103
vn 0.9319893 0.02586842 -0.3615618
vn 0.9038778 0.4277729 0.003917458
vn 0.950272 0.3107066 -0.02108545
vn 0.9823481 0.06715397 -0.1745924
vn 0.9929018 0.1141429 -0.03342825
vn 0.9228496 -0.384981 -0.01175892
vn 0.9956555 -0.02080623 -0.09075855
vn 0.3172548 0.0003557758 -0.9483403
vn 0.1686237 -0.0007535584 -0.9856802
vn 0.3286327 -5.839922e-05 -0.9444578
vn 0.7478453 0.6512066 -0.1290634
vn 0.9519765 0.2883308 -0.1029858
vn 0.8307116 0.497442 -0.2499394
vn 0.1239733 0.1110093 0.9860566
vn 0.1913909 0.06258844 0.9795163
vn 0.1441388 0.118265 0.982465
vn 0.8578973 0.5136759 0.01221448
vn 0.07645598 0.1933034 0.9781556
vn 0.08494344 0.167671 0.9821767
vn 0.3804035 0.9222966 -0.06828049
vn 0.5342036 0.8260833 -0.1794791
vn 0.616277 0.4080745 -0.6735562
vn 0.4720003 0.6028473 -0.6432658
vn 0.9404665 0.002250262 -0.3398788
vn 0.6072128 0.6651623 -0.4345707
vn 0.3817674 0.8390445 -0.3876313
vn 0.7302723 0.2814479 -0.6224865
vn 0.6826676 -0.1177234 0.721184
vn -0.7911067 0.01687276 -0.6114454
vn -0.8724029 0.2675859 -0.4090367
vn 0.9226379 0.1859806 -0.3378616
vn -0.0011706 0.9999992 0.0005413811
vn -0.06485161 0.9973963 -0.0315432
vn -0.9965063 -0.07145897 0.04323028
vn -0.9851099 0.1687012 0.03314063
vn -0.9805836 0.1797817 -0.07832169
vn -0.9957893 0.05010922 -0.07676402
vn -0.1553815 0.9841752 -0.08518171
vn 0.8037175 0.07794542 0.5898836
vn -0.6456497 -0.7223128 0.2477916
vn 0.7438688 -4.645639e-05 0.6683256
vn 0.7583687 -0.001055421 0.651825
vn 0.759128 -0.001108957 0.6509404
vn -0.009497824 -0.3374677 0.9412892
vn -0.01079413 -0.3367351 0.9415376
vn -0.005640141 -0.3396434 0.9405373
vn -0.01814591 -0.9767372 0.2136707
vn 0.005782769 -0.9642373 0.2649775
vn 0.01776766 -0.9567539 0.2903556
vn 0.5290331 -0.8393022 -0.1252826
vn 0.450511 -0.5923061 -0.667992
vn 0.1360202 -0.5222009 0.8419054
vn 0.9448907 -0.1503208 -0.2908353
vn 0.9377796 -0.05721615 -0.3424845
vn 0.9681382 -0.2420757 -0.06409393
vn 0.9879673 -0.1516268 -0.03049381
vn 0.7765199 -0.555421 0.2975304
vn -0.1963843 -0.976354 0.09036671
vn -0.1647147 -0.9857626 -0.03378033
vn 0.06502466 -0.7824453 -0.6193151
vn 0.9781141 -2.467947e-06 -0.2080694
vn 0.2959124 -0.01670048 -0.9550691
vn 0.2280176 -0.006247225 -0.9736369
vn 0.04571004 -0.03058662 -0.9984863
vn -0.5496368 -0.823275 0.1418366
vn -0.2470943 -0.9603645 0.1290134
vn 0.4162236 -0.8523564 -0.3166173
vn 0.4134781 -0.8909149 -0.1878998
vn -0.1235714 -0.9922962 0.008854581
vn 0.9392461 -0.0395525 -0.3409582
vn 0.9689322 -0.001381602 -0.2473229
vn 0.9398037 0.03125216 -0.3402827
vn 0.1673012 -0.8517392 0.4965388
vn -0.3847176 -0.9225243 -0.03067832
vn 0.7764992 -0.4524479 -0.4385658
vn 0.7718593 -0.413952 -0.4825732
vn 0.8640714 -0.3466597 -0.3649761
vn 0.9839932 -0.02885415 -0.1758542
vn 0.9458998 0.2054573 -0.2511188
vn 0.210397 -0.02697407 -0.9772438
vn 0.2792054 -0.08905881 -0.9560925
vn 0.2745085 0.1440819 -0.9507289
vn 0.3677504 0.1524614 -0.9173414
vn 0.881885 0.05664359 -0.4680495
vn -0.20258 -0.9716513 -0.1218817
vn -0.05329837 -0.9939778 0.09574705
vn -0.1196502 -0.9907776 0.06358833
vn 0.01769783 -0.4973849 -0.8673494
vn -0.0959317 -0.3096995 -0.9459827
vn -0.05600838 0.02100104 -0.9982094
vn -0.8945057 -0.3077943 0.3242255
vn -0.006257283 -0.7276162 -0.6859559
vn 0.2836899 -0.3066765 -0.9085536
vn 0.3336768 -0.1290037 -0.933819
vn 0.4264484 -0.2935608 -0.8555489
vn 0.4205413 -0.6029685 -0.6779189
vn 0.4731489 0.1627566 -0.8658178
vn 0.5835106 0.04911844 -0.8106187
vn 0.4661329 -0.2429181 -0.850712
vn -0.3847889 -0.7616485 0.5213723
vn -0.3844732 -0.7465342 0.5430167
vn -0.3846974 -0.7558004 0.5298808
vn 0.5725668 -0.3533187 -0.7398198
vn -0.8862634 -0.3990368 -0.2351737
vn 0.6757502 -0.08398099 -0.7323312
vn 0.6217858 -0.23886 -0.7458742
vn 0.6345444 -0.3535397 -0.6872867
vn -0.03312086 -0.9994178 0.008184482
vn -0.001347803 -0.999989 -0.004485901
vn -0.01811589 -0.9998343 -0.001781948
vn 0.399088 -0.2167717 -0.8909203
vn 0.5985088 -0.4719703 -0.6473262
vn 0.2993228 -0.8292456 -0.4719722
vn 0.4639888 -0.1431786 -0.8741935
vn 0.1498567 -0.4559194 -0.8773143
vn -0.1381056 -0.9822565 0.1268825
vn 0.05325946 -0.9940107 -0.09542569
vn -0.222906 -0.8061973 0.54805
vn -0.224993 -0.8118178 0.5388229
vn -0.2200048 -0.7983436 0.560576
vn -0.2169853 -0.7901222 0.5732577
vn 0.4463037 -0.4113947 -0.7947121
vn 0.09059956 -0.9204705 -0.3801656
vn 0.1912991 -0.3144614 -0.9297949
vn 0.1276572 -0.7757233 -0.6180267
vn 0.4536018 0.1839552 -0.8720126
vn 0.348681 -0.3988871 -0.8481218
vn 0.2885815 -0.1662299 -0.9429148
vn 0.7578442 0.07422295 -0.6481999
vn 0.7678176 -0.2000294 -0.6086414
vn 0.6622699 -0.3695261 -0.6518045
vn 0.833522 -0.1222773 -0.5387853
vn 0.9156845 -0.2241809 -0.3335637
vn 0.8457479 0.2320925 -0.4804618
vn 0.5335295 -0.2372829 0.8118147
vn 0.5088794 -0.6492097 -0.5653038
vn 0.08815409 -0.5834181 0.8073736
vn 0.003913543 -0.9998245 -0.01831954
vn -0.05110731 -0.9986932 0.0001988016
vn 0.01414241 -0.9829407 -0.1833778
vn 0.0299293 -0.9982379 0.05123788
vn 0.1371709 -0.9713092 0.1942745
vn 0.6827355 -0.2319342 -0.6928772
vn 0.7909739 -0.3320382 -0.513917
vn 0.8279925 -0.5580567 -0.05478221
vn 0.8274348 -0.5583335 -0.06012864
vn -0.2033014 -0.9751787 0.0877206
vn 0.9031903 -0.2954471 -0.3113813
vn 0.3968633 0.7967979 -0.4556453
vn 0.6521921 0.4113059 -0.6367676
vn 0.5577688 0.3525117 -0.7514183
vn 0.3548224 0.7535322 -0.553435
vn 0.6750695 0.0868848 -0.7326202
vn 0.1172303 0.9831043 -0.1405809
vn 0.8314953 0.06809898 -0.551342
vn 0.5355199 0.7983992 -0.2752763
vn 0.8264782 0.3788486 -0.4164225
vn 0.7911062 0.2943832 -0.5361805
vn 0.1667069 0.983914 -0.06420325
vn 0.5472686 0.731084 -0.4074473
vn 0.146298 0.9815324 -0.1232525
vn 0.1574853 0.9819263 -0.1049723
vn 0.2215817 0.05166828 -0.973772
vn 0.09280739 0.06737906 -0.9934016
vn 0.3406441 0.2220009 -0.9136067
vn 0.1722611 0.2695131 -0.9474644
vn -0.04693799 0.192444 -0.9801848
vn -0.04623157 0.9963234 0.0721266
vn -0.009791405 0.9998688 0.01290494
vn -0.09976244 0.98033 0.1702954
vn -0.570644 0.0203182 0.8209462
vn -0.3566373 0.03916878 0.9334215
vn 0.05086446 0.435873 -0.8985696
vn 0.2309434 0.5761391 -0.7840465
vn 0.02503944 0.8514592 -0.5238227
vn -0.1036869 0.9824052 -0.1553356
vn 0.03571756 0.9841479 -0.1737159
vn -0.006928437 0.9751784 -0.2213122
vn 0.1075149 0.8768505 -0.468587
vn 0.002768686 0.9999778 0.006068873
vn 0.0880506 0.976684 -0.1957944
vn 0.317324 0.6844177 -0.6564131
vn 0.351452 0.03504309 -0.9355499
vn -0.05343064 0.973196 0.2236846
vn -0.3658413 0.8219008 0.4366226
vn -0.03240576 0.4762465 0.8787145
vn -0.3443102 0.09938526 0.9335808
vn 0.03670281 0.0348194 0.9987195
vn 0.1047519 0.9803512 -0.1671484
vn -0.3294965 0.884543 0.3301752
vn -0.7731496 -0.3262206 0.5438932
vn -0.002458607 0.9999917 -0.003237714
vn -0.5869297 0.7920943 0.1676309
vn -0.5754086 0.7904041 0.2101577
vn -0.4328417 0.8682892 0.2423262
vn -0.6346465 0.7711781 0.05008171
vn -0.7894479 0.6127988 -0.03535035
vn -0.2858824 0.9515814 0.1129784
vn -0.194589 0.9807813 0.0142504
vn -0.1640604 0.9843368 -0.06453928
vn -0.3043399 0.9525295 -0.008043187
vn -0.2584186 0.9570147 0.1316918
vn -0.7605166 0.6389009 0.1158452
vn -0.9005935 0.4239324 0.09598251
vn -0.3663507 0.9293004 -0.04677681
vn -0.4552703 0.8780886 -0.1472729
vn -0.3850774 0.9224491 0.02833828
vn -0.1342942 0.9784684 -0.1567312
vn 0.05667853 0.8780501 0.4752006
vn -0.2043109 0.9704978 0.1280272
vn -0.8262681 -0.1171549 0.5509589
vn -0.838346 0.5451347 0.002042291
vn -0.7529953 0.3017631 -0.5847539
vn -0.6978295 0.3582698 -0.620223
vn -0.7365878 0.3194277 -0.5961581
vn -0.7833533 -0.4388071 -0.4402341
vn -0.1782498 0.1328797 0.9749717
vn -0.159079 0.1320333 0.9783972
vn -0.2848845 0.1794183 0.9416209
vn 0.09795919 0.8661142 -0.4901533
vn -0.1181412 0.1151139 0.986302
vn -0.09204376 0.1273129 0.9875826
vn -0.739722 0.5389233 -0.4029555
vn -0.8793927 0.4542706 -0.1425011
vn -0.6116179 0.4063756 -0.6788095
vn 0.002613595 0.9999965 -0.0002976359
vn 0.4633772 0.8644555 0.1949313
vn 0.8750926 0.2858999 0.3904794
vn 0.8330341 0.5532198 -0.001471795
vn 0.04437946 0.9987497 -0.02301332
vn -0.9257983 0.3530243 -0.1351721
vn -0.9797847 0.1169153 -0.1623351
vn -0.9771755 0.208019 0.04308428
vn -0.8930532 0.3280512 -0.3079587
vn -0.9844929 0.1691405 -0.04653143
vn -0.4439945 0.8869596 -0.1271674
vn -0.7593575 0.6238253 -0.1849819
vn -0.6879601 0.7178241 -0.106956
vn -0.3032629 0.9324619 0.1963328
vn -0.2619192 0.9462041 0.1899901
vn -0.2142691 0.9504862 0.2250882
vn -0.1919707 -0.08228119 -0.9779453
vn -0.1538308 -0.02446231 -0.9877943
vn -0.4785113 -0.004718615 -0.8780687
vn 0.9780505 0.03587816 -0.2052559
vn 0.9632223 0.0397355 0.2657518
vn 0.9098462 0.07558852 -0.4080029
vn -0.9924066 0.09331527 -0.08013381
vn -0.9938158 0.09407386 -0.05899375
vn 0.1822738 0.1002122 -0.9781277
vn 0.3089768 0.07053235 -0.9484506
vn 0.1208441 0.9679816 -0.2200188
vn 0.2373 0.8985752 -0.3691222
vn 0.01593708 0.9998248 -0.009808857
vn 0.06869419 0.9965158 -0.04729867
vn 0.3601623 0.9281639 -0.09378009
vn 0.1955477 0.9802327 -0.03008208
vn 0.8305666 0.04474651 -0.5551188
vn -0.7657676 -0.005269683 0.6430958
vn -0.7651905 -0.005234249 0.6437826
vn -0.7545211 -0.004585085 0.6562598
vn 0.1539503 0.9750473 -0.1599444
vn 0.5769353 0.04970897 -0.8152758
vn 0.784736 0.05912703 -0.6170036
vn 0.6428164 0.05635897 -0.7639441
vn -0.238044 0.9477985 0.2121626
vn -0.9360697 0.06025619 -0.3466161
vn -0.8859517 -0.3928878 -0.2464324
vn -0.996664 0.003416046 -0.08154247
vn 0.03879332 -0.9581656 0.2835731
vn 0.2906407 -0.9038089 0.3140978
vn 0.02413539 -0.9504769 0.3098566
vn -0.02945285 -0.3361565 0.9413455
vn 0.01184532 -0.3081542 0.9512627
vn -0.002520993 -0.3179882 0.9480913
vn -0.5565385 -0.6931634 0.4580276
vn -0.7635315 -0.3736953 0.5266607
vn -0.7027819 -0.494634 0.511307
vn -0.9750228 -0.1589655 -0.1551146
vn -0.5198773 -0.849515 -0.0897328
vn -0.07967136 -0.9671098 -0.2415597
vn -0.04070681 -0.8654467 -0.4993445
vn -0.07957472 -0.9669376 -0.24228
vn -0.9832913 -0.1107673 -0.1444607
vn -0.9800876 -0.07054191 -0.1856125
vn -0.9927074 -0.02084899 -0.1187326
vn 0.04890201 -0.2591708 0.9645927
vn -0.7023863 -0.6286498 -0.3338456
vn 0.2704671 -0.9589873 0.08479887
vn 0.5723869 -0.8081184 0.1389887
vn 0.5881541 -0.7882299 0.1810207
vn -0.1101854 -0.9938141 0.01388442
vn -0.9875509 0.1538171 -0.03291662
vn -0.9678292 -0.03632844 -0.2489716
vn 0.2014186 -0.978709 0.03948566
vn -0.2751319 -0.9476393 -0.162118
vn -0.9565418 0.1442361 -0.253424
vn -0.9312389 -0.1353792 -0.3383289
vn -0.9420614 0.05381996 -0.3310947
vn -0.0247399 0.05489963 -0.9981853
vn -0.1398748 0.02270836 -0.9899088
vn -0.8757022 -0.1310934 -0.4647153
vn -0.7929131 -0.3617354 -0.4903432
vn -0.8609352 0.1983066 -0.4684711
vn -0.7182475 -0.4476615 -0.5326535
vn 0.001834188 -0.9536088 -0.3010427
vn 0.6198479 -0.7705181 0.1486284
vn -0.7753401 -0.1930664 -0.6013095
vn -0.4772419 -0.7779665 -0.4086666
vn -0.78485 0.07213506 -0.615473
vn -0.8292615 0.09034896 -0.5515094
vn 0.1197649 -0.9916243 -0.04834751
vn 0.3318432 -0.8964438 0.293715
vn 0.2730777 -0.9304342 -0.2443786
vn 0.1713871 -0.9757385 0.1362383
vn -0.002034223 -0.9999237 0.01217856
vn 0.006132761 -0.134766 -0.9908584
vn -0.05458781 -0.03741664 -0.9978076
vn 0.004205067 -0.1288555 -0.9916544
vn -0.009534858 -0.6855622 0.7279516
vn 0.008562908 -0.6566325 0.7541621
vn -0.002821033 -0.6749749 0.7378354
vn 0.942251 -0.1756703 0.2851367
vn -0.07784177 -0.9035345 -0.4213857
vn -0.1815534 -0.2651933 -0.9469482
vn 0.3663742 -0.9271886 0.0780468
vn -0.03245544 -0.9984158 0.04596063
vn 0.1908062 -0.9739553 0.1224915
vn 0.001264044 -0.9991702 0.04071084
vn -0.5983319 -0.6700068 -0.4394199
vn -0.7437293 -0.3968226 -0.5379579
vn -0.8239464 -0.3064115 -0.4766806
vn 0.6672087 -0.6902164 0.2800606
vn -0.9033657 -0.08842261 -0.4196567
vn -0.8610091 0.001510892 -0.5085873
vn -0.6547735 -0.717557 -0.2374524
vn -0.6762407 -0.696907 -0.2387864
vn 0.1854477 -0.9803663 0.06701433
vn -0.07198799 -0.996639 0.03909611
vn -0.607806 -0.6697648 -0.4265992
vn -0.6021597 -0.6329299 -0.4866246
vn -0.5803946 -0.5919381 -0.5592418
vn 0.299266 -0.8984276 0.3213528
vn 0.3477197 -0.8622552 0.3682486
vn 0.3612375 -0.8808807 0.3058702
vn -0.2664352 -0.6127551 0.7440051
vn -0.5629017 -0.2273721 -0.7946342
vn -0.3369352 -0.8197672 -0.4630943
vn -0.1899773 -0.9247541 -0.3297552
vn -0.6072875 -0.6725295 -0.4229728
vn 0.2049758 -0.9620157 0.1803073
vn -0.04386146 -0.9916785 0.1210369
vn -0.04223959 -0.9927613 0.1124318
vn -0.3318957 -0.9432608 0.0102129
vn 0.77289 -0.5154585 0.3700588
vn -0.5691468 -0.5686939 -0.5938511
vn -0.7107099 -0.06273723 -0.7006822
vn -0.6688265 -0.001398089 -0.7434173
vn -0.7389483 0.0454699 -0.6722261
vn -0.3335455 -0.5385808 0.773743
vn -0.7214759 -0.1478062 -0.6764805
vn -0.60261 -0.392857 -0.6946399
vn 0.3830922 -0.8152403 0.4343082
vn 0.300905 -0.8187637 0.4889603
vn 0.08491937 -0.7599178 0.6444483
vn -0.8723504 -0.3433927 -0.3479748
vn -0.929648 -0.1447124 -0.3388405
vn -0.01127772 -0.851633 -0.5240172
vn -0.7544873 -0.1775929 -0.6318305
vn -0.07397569 -0.9963611 -0.0423335
vn 0.01634168 -0.8798831 -0.4749092
vn 0.6102901 -0.6496885 0.4532669
vn 0.5529619 -0.6947646 0.4599296
vn -0.4005077 -0.06878895 -0.9137076
vn -0.3149149 -0.1334279 -0.9396943
vn -0.3868923 0.179264 -0.9045324
vn -0.2263609 0.2113755 -0.9508318
vn -0.1709574 -0.9184185 -0.3567646
vn -0.01453613 -0.9756088 0.2190349
vn -0.2733977 -0.9608986 0.04390212
vn -0.2135612 -0.9761828 0.03819188
vn -0.1314011 -0.9765968 0.1702721
vn 0.03918209 -0.9346717 0.3533462
vn -0.03490591 -0.9123313 0.4079621
vn -0.3091775 -0.9475999 0.08039768
vn -0.2353966 -0.04670744 -0.9707764
vn -0.3012336 -0.3888811 -0.870649
vn -0.8256314 -0.1098798 -0.553407
vn -0.9266232 -0.0002166859 -0.3759913
vn -0.3526295 0.04915919 -0.9344708
vn -0.4403518 -0.2278762 -0.8684255
vn -0.3272882 0.3109528 -0.8922952
vn -0.198142 0.123369 -0.9723784
vn -0.2411197 0.7577636 -0.6063461
vn -0.4589248 0.3138453 -0.8311974
vn -0.1106161 0.9719061 -0.2077563
vn -0.3512696 0.7416477 -0.5714616
vn -0.06384665 0.9798613 -0.1891969
vn -0.1552022 0.5113279 -0.845255
vn -0.06566408 0.8146293 -0.5762527
vn -0.09136144 0.9307988 -0.3539302
vn 0.7851582 0.04102362 0.6179351
vn 0.7457693 0.1098995 0.657077
vn 0.5703601 0.0578851 0.8193526
vn 0.1515785 -0.96598 0.2095397
vn -0.4710545 0.05357512 -0.8804756
vn -0.004101237 0.9999608 0.007837907
vn 0.503879 0.4449578 0.7403502
vn 0.2433365 0.3004078 0.9222485
vn 0.3610443 0.05247283 0.9310712
vn 0.1455313 0.9761472 0.1611124
vn -0.4052077 0.811333 -0.4213614
vn -0.7180157 0.04569642 -0.6945252
vn -0.56139 0.06752954 -0.8247915
vn -0.6384164 0.05048436 -0.7680337
vn -0.5558777 0.510015 -0.6564181
vn -0.6447275 0.2334039 -0.7279073
vn -0.892921 -0.2887372 -0.3454317
vn -0.6770612 0.5264782 -0.514207
vn -0.7424237 0.2583498 -0.618112
vn -0.7099581 0.6145163 -0.3439903
vn -0.5046497 0.803849 -0.3148897
vn -0.1250476 0.9814609 -0.1452501
vn -0.1528556 0.9801426 -0.1263157
vn -0.1797384 0.9798245 -0.08739689
vn -0.01586151 0.9505427 0.3101887
vn -0.3601468 0.8621774 0.3562926
vn -0.02679836 0.9568642 0.2892971
vn 0.5597908 0.464274 0.6863555
vn 0.6215162 0.342676 0.704479
vn 0.7055748 0.095897 0.7021168
vn 0.9737292 0.1571164 -0.1648207
vn 0.9789383 -0.06628217 -0.1930971
vn 0.8823601 0.3914364 -0.2611862
vn 0.1716748 0.6117564 -0.7721928
vn 0.4745472 0.8728046 0.1140915
vn -0.2549588 0.9625492 0.0921688
vn -0.2519293 0.9670243 0.03735564
vn -0.5574374 0.8185126 0.138927
vn 0.5537899 0.8262348 -0.1032118
vn 0.2191055 0.9719052 -0.08598258
vn -0.5730924 0.7940353 0.2026649
vn -0.04154448 0.2912013 0.9557593
vn -0.01898687 0.3079118 0.9512255
vn -0.02786037 0.3013694 0.9531003
vn -0.004165734 0.3187495 0.9478298
vn 0.9943426 0.01675346 -0.1048912
vn 0.9851292 0.09710216 -0.1417446
vn 0.9668061 0.04210604 -0.2520177
vn 0.9316347 0.1462012 -0.3326888
vn -0.009249485 0.04821393 -0.9987942
vn -0.002016277 -0.05197775 -0.9986462
vn 0.7589914 0.001190476 0.6510996
vn 0.7403727 -0.000101981 0.6721966
vn 0.7599527 0.001258335 0.6499773
vn 0.006929424 0.2509381 -0.9679784
vn 0.1757564 0.3466232 -0.9213914
vn 0.02238682 0.7685961 -0.6393425
vn -0.004676595 -0.9999889 0.0006642452
vn 0.1516964 -0.9860191 -0.0689517
vn 0.8397659 -0.5249445 -0.13866
vn 0.7805066 -0.5709224 -0.2546706
vn 0.9389612 -0.264552 -0.2199183
vn 0.1824698 -0.9826549 -0.03307794
vn 0.4073527 -0.9131692 -0.01362939
vn 0.3447754 -0.9354046 0.07840918
vn 0.3746074 -0.9151033 0.1491823
vn 0.7604074 -0.6488434 -0.02797731
vn 0.3817812 -0.9120436 -0.1497318
vn 0.5438076 -0.8278019 0.137903
vn 0.4057811 -0.912302 0.05519738
vn -0.006518824 -0.7847376 0.6197938
vn 0.384144 -0.9166632 0.1102816
vn 0.3672353 -0.6121195 -0.7003199
vn 0.3456718 -0.8190526 -0.4578907
vn 0.6347057 0.1643317 0.7550787
vn 0.732116 -0.280982 -0.6205282
vn 0.6989162 -0.5550607 -0.4510251
vn 0.8008239 -0.5290145 -0.2807575
vn 0.635006 -0.4237129 -0.645937
vn 0.4839527 -0.6562641 -0.5788845
vn 0.1567277 -0.05158408 0.9862938
vn 0.1258731 -0.1060273 0.9863642
vn 0.1354105 -0.1151171 0.9840794
vn 0.7986376 -0.5785501 -0.165704
vn 0.2543918 -0.9615838 0.103157
vn 0.8618881 -0.4906282 0.1281899
vn 0.6983784 -0.6986772 0.1552994
vn 0.2138728 -0.9554577 0.2033688
vn 0.1214617 -0.9872926 0.1024708
vn -0.6557745 -0.05868008 -0.7526729
vn -0.6726497 -0.1448215 -0.7256508
vn -0.399443 -0.04500499 -0.9156526
vn -0.1356635 -0.9619191 -0.2372913
vn -0.2668626 -0.8920942 -0.3646264
vn -0.1949003 -0.8790771 -0.4350141
vn -0.1900747 -0.9136938 -0.3592145
vn -0.03918251 -0.9879135 -0.1499722
vn -0.2539847 -0.01946164 -0.9670124
vn -0.07509567 -0.0876563 -0.9933162
vn -0.2825074 -0.03751053 -0.9585314
vn -0.05983729 -0.1264067 -0.9901721
vn 0.980638 -0.04368483 -0.190895
vn 0.9929622 -0.1021549 -0.0599198
vn 0.3281341 0.0002491124 -0.9446311
vn 0.3255758 0.0001531152 -0.945516
vn 0.4718227 -0.8496883 0.2354
vn 0.924491 -0.1282494 -0.3589823
vn 0.9175462 -0.3975835 -0.006029977
vn 0.9954597 0.07566238 -0.05775088
vn 0.9180286 0.3804543 0.1117055
vn 0.3424979 -0.8696541 0.3555232
vn 0.4531739 -0.8488755 0.2721101
vn 0.3503606 -0.821305 -0.4502284
vn 0.1547148 -0.9858859 0.06397246
vn 0.9726595 -0.2241953 -0.06057919
vn -0.767819 -0.05108173 0.6386271
vn -0.8094143 -0.04563428 0.5854623
vn -0.922322 -0.08287224 0.3774313
vn -0.2596833 -0.9510953 0.1672788
vn -0.3665264 -0.8705887 0.3282283
vn -0.4080425 -0.8999962 0.1533231
vn -0.9305364 -0.08884146 0.3552593
vn -0.9908501 -0.04090195 0.1286202
vn -0.9970284 -0.07650931 -0.008977007
vn -0.2048222 -0.9786292 0.01824266
vn -0.9399683 -0.1848059 -0.286891
vn -0.8628471 -0.0831041 -0.4985865
vn -0.892783 -0.2598278 -0.3680055
vn -0.820777 -0.4954951 -0.2842706
vn -0.04630733 -0.9987994 -0.01597798
vn -0.480103 0.8766177 0.03228562
vn -0.7208176 -0.2616217 -0.6418537
vn -0.192623 -0.9653763 -0.175912
vn -0.7802223 -0.1206364 -0.613759
vn 0.6522008 0.3314808 -0.6817291
vn 0.7144852 0.09507967 -0.6931599
vn 0.6235822 0.5790659 -0.5251933
vn 0.4574145 0.6979589 -0.5510221
vn -0.2945656 0.9237317 -0.2448483
vn 0.1265552 0.9870884 -0.0981838
vn -0.253786 0.9609203 -0.1105662
vn 0.1778936 0.9395979 0.2924202
vn 0.7783283 0.4723843 -0.4135917
vn 0.5493563 0.7342571 -0.3988408
vn 0.4983506 0.8459097 -0.1899565
vn 0.8187843 0.2281529 -0.5268192
vn 0.8847643 0.3062419 -0.3512948
vn 0.7997428 0.5148868 -0.308712
vn 0.7448859 0.4976239 -0.444427
vn 0.1408293 0.9707019 -0.1946918
vn -0.09970257 0.9754652 0.1962835
vn -0.1278687 0.9624745 0.2393586
vn 0.4679718 0.2553663 -0.8460439
vn 0.3607585 0.4716492 -0.804612
vn 0.3087536 0.7609614 -0.5706216
vn 0.5115108 0.5806949 -0.6333643
vn -0.3753568 0.7368773 0.5622448
vn -0.2239817 0.8318236 0.5078402
vn 0.4163568 0.3805392 -0.8257342
vn 0.5804571 0.1612255 -0.7981704
vn 0.4556472 0.1689231 -0.8739855
vn 0.3462583 0.3529071 -0.8692305
vn 0.775591 0.1847696 -0.6035884
vn 0.6417576 0.4311221 -0.6342562
vn 0.2095455 0.9617081 -0.1766581
vn -0.05556213 0.9924159 0.1096515
vn 0.3190452 0.1734301 -0.9317361
vn 0.1877953 0.3851027 -0.9035645
vn -0.7797563 -0.3453147 0.5222432
vn 0.01704436 0.9603415 -0.2783052
vn 0.7394859 -0.05760234 -0.6707031
vn 0.7732226 0.1738423 -0.6098407
vn -0.02187198 0.445621 -0.8949545
vn 0.09725043 0.2082201 -0.9732352
vn 0.0440657 -0.08586229 -0.9953321
vn 0.6055339 0.603364 0.5189224
vn 0.8139374 0.3303302 -0.4778994
vn 0.7629983 0.2352546 -0.6020705
vn -0.8030869 0.231167 0.5491932
vn 0.7224163 0.5776981 -0.3799733
vn 0.89622 0.1279118 -0.4247684
vn 0.9112708 0.0007421742 -0.4118068
vn -0.2350697 0.9653741 0.1131158
vn -0.4947239 0.8681503 -0.03953831
vn -0.1743398 0.981277 0.08185948
vn -0.2616222 0.9510688 0.1643836
vn 0.05465348 0.9486566 -0.3115504
vn -0.437075 0.8991685 0.0214856
vn 0.03444856 0.9949825 -0.09393124
vn 0.3254787 0.9442741 0.04909027
vn 0.1268988 0.5130651 -0.8489175
vn -0.1896183 0.7932273 0.5786497
vn -0.09315084 0.8255593 0.556574
vn -0.110073 0.8278482 0.5500466
vn 0.07089687 0.7982286 0.5981678
vn 0.3891991 0.3310248 -0.8596202
vn 0.05287448 0.9917959 -0.1163834
vn 0.1184605 0.07694469 -0.9899731
vn 0.05913372 -0.0369898 -0.9975644
vn 0.00532055 0.0133943 -0.9998962
vn 0.3522902 0.5178776 -0.7795476
vn 0.3662244 0.820006 0.4398522
vn 0.06176723 0.9796419 -0.1910148
vn 0.1039137 0.9685907 0.225907
vn 0.04473878 0.9959919 0.07745083
vn -0.9994269 0.03132148 -0.01284348
vn 0.420665 0.6704625 -0.6111637
vn 0.65332 -0.06683036 -0.7541264
vn 0.5618825 -0.2758006 -0.7798859
vn 0.5644007 -0.06006661 -0.8233128
vn 0.1151027 -0.9846281 -0.1313734
vn 0.1035215 -0.9805772 -0.1665889
vn 0.3969374 -0.7967529 -0.4556594
vn 0.7834141 -0.4340377 -0.44483
vn 0.5048992 -0.7740101 -0.3820801
vn 0.7468469 -0.3266145 -0.5792605
vn 0.7267693 -0.08469551 -0.68164
vn 0.6327261 -0.410353 -0.6567099
vn 0.1620875 -0.9793031 -0.1212143
vn 0.2882974 -0.9425445 -0.1688031
vn 0.5110244 -0.8296875 -0.2246611
vn 0.8790028 -0.0809745 -0.4698907
vn 0.822044 -0.0673399 -0.5654282
vn 0.4858038 -0.06428343 -0.8717008
vn 0.198415 -0.03610997 -0.9794527
vn -0.07953963 -0.9893676 0.1217589
vn -0.05408749 -0.9760845 0.2105556
vn -0.2051641 -0.949096 0.2390072
vn -0.5629957 -0.06405131 0.823974
vn -0.5799909 -0.04316663 0.8134784
vn 0.3313615 -0.09913846 -0.9382809
vn 0.0006373748 -0.9999898 0.004462526
vn 0.001902523 -0.9999793 0.006142171
vn -0.3340645 -0.07744273 0.9393634
vn 0.04861383 -0.05758345 0.9971563
vn -0.2771183 -0.06727499 0.9584777
vn -0.01412014 -0.9998935 -0.003700927
vn -0.007730455 -0.9999666 -0.002693658
vn 0.08645798 -0.9763864 -0.1979768
vn 0.3051234 -0.6946055 -0.6514774
vn 0.3682097 -0.7150097 -0.5942917
vn 0.03341061 -0.8098699 -0.5856574
vn 0.1931147 -0.4755133 -0.8582504
vn 0.188496 -0.7968355 -0.5740405
vn -0.03820566 -0.5990258 -0.7998177
vn 0.1293949 -0.2368567 -0.9628893
vn -0.1194717 -0.2458405 -0.9619195
vn 0.02938222 -0.9736797 -0.2260188
vn 0.0299875 -0.9399099 -0.340103
vn 0.4168099 -0.2602498 -0.8709417
vn -0.002982636 0.0002420442 -0.9999955
vn -0.03800448 -0.0538693 -0.9978245
vn -0.9693384 0.2406187 -0.0498583
vn -0.7474232 0.5908712 0.3036937
vn 0.003177157 0.3293039 0.9442186
vn 0.003152123 0.3293153 0.9442147
vn 0.003340781 0.3292292 0.9442441
vn -0.9807199 0.01927725 -0.1944655
vn -0.9827136 0.0878204 -0.1629768
vn 0.1265071 0.7172404 0.6852461
vn 0.1976532 0.9758307 0.09320724
vn 0.5623915 0.8125784 0.1530755
vn 0.142539 0.9897478 -0.009057705
vn -0.4849081 0.8551533 -0.1832401
vn -0.6767515 0.734022 -0.05673745
vn 0.02569401 0.9817678 0.1883395
vn 0.3212782 0.9050497 0.278685
vn 0.2951964 0.9168615 0.2687456
vn 0.6167654 0.7025499 0.3549984
vn -0.8818421 0.4232983 -0.2077812
vn -0.9920515 0.07046714 0.1042501
vn -0.8586668 0.01059083 0.5124248
vn -0.9752516 -0.1862411 0.1191574
vn -0.7390551 0.00189199 0.6736423
vn -0.9854859 -0.1615209 -0.05223512
vn 0.6879528 0.722844 0.0649422
vn -0.346452 -0.002862068 -0.9380633
vn -0.3476148 -0.002915185 -0.9376329
vn -0.9957681 -0.001016084 -0.09189557
vn -0.112528 -0.9901599 0.08319151
vn -0.8510796 -0.4636081 -0.2464365
vn -0.5391955 -0.8416401 0.03017043
vn -0.8544115 -0.5119461 -0.08883725
vn -0.3041904 -0.951671 0.0423126
vn -0.4987013 -0.8528175 -0.1549172
vn -0.9652919 -0.1417052 -0.2193884
vn -0.15531 -0.03624123 0.9872007
vn -0.1344074 -0.08583469 0.9872016
vn -0.1673858 -0.08797133 0.9819587
vn -0.7856824 -0.6175321 0.0368419
vn -0.8047861 -0.5935518 0.003952604
vn -0.8356543 -0.5459297 0.06035465
vn -0.1148593 -0.1828264 0.9764128
vn -0.1582027 -0.1482866 0.9762085
vn -0.7047989 -0.3637118 -0.6090748
vn -0.6138477 -0.4389387 -0.6561431
vn -0.3532073 -0.8385664 -0.4147904
vn -0.251905 -0.1704164 0.9526291
vn -0.8026524 0.4361971 -0.406794
vn -0.6403049 -0.2978499 0.7080219
vn -0.6774614 -0.2466465 0.692973
vn -0.8124842 0.006944309 0.5829418
vn -0.0366687 -0.999244 0.01291856
vn -0.5597613 -0.8280288 -0.03217974
vn -0.05114492 -0.9986558 -0.008423051
vn -0.7425067 -0.6564144 0.1334314
vn -0.904341 -0.4162633 0.09429906
vn -0.8212429 -0.5363239 0.1947223
vn -0.6207601 -0.761232 0.1875708
vn -0.5255395 -0.8236753 0.2129959
vn -0.9338005 -0.2824061 0.2196897
vn -0.4804372 -0.7538761 -0.4481639
vn -0.3924386 -0.8785497 -0.2722912
vn -0.500469 -0.7115538 -0.4931754
vn -0.9039001 -0.4268163 0.02814931
vn -0.9742028 -0.2212595 -0.04442005
vn -0.7199785 0.4387359 -0.5377191
vn 0.1113907 -0.894703 -0.4325489
vn -0.4679553 -0.8512963 0.2373025
vn -0.119369 -0.9915291 0.05119648
vn 0.002440733 -0.9999921 0.003133711
vn -0.4267534 -0.8520671 0.3030896
vn -0.1260819 -0.9909816 0.04537224
vn 0.3026057 -0.07369729 -0.9502623
vn 0.3040716 -0.3741736 -0.8760905
vn 0.1486271 -0.9704841 -0.189922
vn 0.5482693 -0.5382964 -0.6400294
vn 0.5704212 -0.06663144 -0.8186452
vn 0.4666615 -0.8544992 -0.228163
vn 0.02003406 -0.9990135 -0.03963307
vn 0.009262766 -0.9999502 -0.003695927
vn 0.1097162 -0.9891459 -0.09773742
vn 0.8653823 -0.3211484 0.3846779
vn 0.9859963 0.1518385 0.06896492
vn 0.9552268 -0.1790514 0.2355471
vn 0.1746398 -0.9843294 -0.02442645
vn 0.4207785 -0.888486 0.1831347
vn 0.002533861 -0.9999886 -0.004056027
vn 0.9734275 -0.03461219 -0.2263646
vn 0.815392 -0.5788136 0.01052438
vn 0.8595194 -0.2865869 -0.4231953
vn 0.8168705 -0.04406184 -0.5751358
vn -0.896865 0.002038374 -0.4422997
vn -0.6032923 0.7879645 -0.1230867
vn -0.3300252 0.9362181 -0.1207437
vn -0.6997432 0.7082101 -0.09379774
vn -0.6726382 0.7233206 -0.1560937
vn 0.01261246 0.9962367 -0.08575246
vn 0.1254098 0.9918769 0.02127433
vn 0.007181315 0.9999448 0.007670784
vn 0.1382296 0.9892946 0.04678306
vn -0.3483821 0.9073586 -0.235224
vn -0.9494517 0.0006007783 -0.3139124
vn -0.2841186 0.4690266 -0.836236
vn -0.3556505 -0.06120783 -0.9326127
vn -0.3623798 0.4468853 -0.8179085
vn 0.04379452 0.9932593 0.1073224
vn -0.0238448 0.9745036 -0.2231015
vn 0.0470421 0.9533009 0.298336
vn 0.002469536 0.957679 0.287828
vn 0.1062179 0.9441134 0.312038
vn -0.4513469 0.391137 -0.8020585
vn -0.384783 0.4046676 -0.8295698
vn -0.4289114 0.6142272 -0.6623896
vn -0.1280987 0.8301013 0.5426995
vn 0.02490294 0.985414 0.1683416
vn -0.2428836 0.911036 -0.333198
vn -0.2938055 0.4327101 -0.8523147
vn -0.314319 0.2638033 -0.9119273
vn 0.2172927 0.9737934 0.06715893
vn 0.1235996 0.976384 0.1771936
vn -0.6683043 0.2180296 -0.711219
vn -0.5601047 0.4106014 -0.7195063
vn -0.4281977 0.8657984 0.2589206
vn -0.1923063 0.9797779 0.05525935
vn -0.1630188 0.9795683 -0.1177746
vn 0.49714 0.809337 0.3127708
vn 0.1227286 0.9825637 0.1396651
vn -0.2181088 0.9666822 -0.133993
vn -0.5702314 0.6248262 -0.5333182
vn -0.7756788 0.2871321 -0.56203
vn -0.608237 0.3361366 -0.7190689
vn -0.5092789 0.4029495 -0.7604386
vn -0.6126451 -0.05980619 -0.7880921
vn 0.07342381 0.9916199 -0.1062963
vn -0.09466824 0.9013497 -0.4226187
vn -0.05935486 0.9901515 0.1267952
vn 0.23564 0.9585701 -0.1600538
vn 0.5542287 0.8069174 -0.2042419
vn 0.3620661 0.9321518 0.001101213
vn 0.02094449 0.9996887 0.01356509
vn -0.7771163 0.4603067 -0.4291945
vn -0.8878702 0.2854489 -0.3608399
vn -0.1823483 0.2602842 -0.9481568
vn -0.09375081 -0.03094441 -0.9951146
vn -0.4841982 0.109133 -0.8681256
vn -0.1963355 0.9500529 -0.2425941
vn 0.4767416 0.8574189 0.1937792
vn 0.1065071 0.9587941 0.2633823
vn -0.6776927 0.2086141 -0.7051332
vn -0.4734719 0.1213788 -0.8724056
vn -0.4852453 0.3184742 -0.8143165
vn -0.4831206 -0.1143981 -0.8680481
vn 0.3032743 0.851815 0.4271251
vn 0.1959223 0.9801229 0.03120235
vn -0.09570809 0.07557706 -0.9925362
vn -0.2657473 -0.5516409 -0.790614
vn -0.3260724 -0.2299969 -0.9169396
vn -0.4239827 -0.5351136 -0.7306792
vn -0.4991498 -0.2072764 -0.8413597
vn -0.07628656 -0.9790237 -0.1889259
vn -0.2619802 -0.8194081 -0.50984
vn -0.1259345 -0.7869819 -0.6039867
vn -0.2190179 -0.05295909 -0.9742826
vn -0.1764602 -0.9825025 -0.05958775
vn -0.1271853 -0.9805056 -0.1497759
vn -0.1074429 -0.9806784 -0.1634809
vn -0.06270444 -0.9767378 -0.2050644
vn -0.0127132 -0.9738267 -0.2269359
vn 0.01267657 -0.9962464 0.08562944
vn 0.06270617 -0.9937136 0.09274242
vn 0.1107911 -0.9854436 0.128943
vn 0.7485361 -0.1287947 0.6504658
vn 0.6108315 -0.05449684 0.7898828
vn 0.55333 -0.08585648 0.8285255
vn 0.005668933 0.9986506 0.05162464
vn 0.364054 -0.06513264 0.9290976
vn 0.03468962 -0.03020144 0.9989417
vn -0.4877374 -0.0280896 -0.8725384
vn 0.002288701 -0.9979895 0.06333819
vn 0.3169728 -0.0913448 0.9440256
vn 0.7979482 -0.03896221 0.6014655
vn 0.3014859 0.8764811 0.3753495
vn -0.701388 -0.06084456 -0.7101781
vn -0.7252639 0.1230699 -0.6773817
vn -0.753634 -0.1934962 -0.628168
vn -0.316152 -0.9447309 -0.08678444
vn -0.4753415 -0.8391963 -0.2641971
vn -0.7513227 -0.5643591 -0.3420714
vn -0.7294056 -0.4764844 -0.4908462
vn -0.8654048 -0.1928566 -0.4624726
vn -0.9153905 -0.1292527 -0.3812529
vn -0.2936184 -0.9411802 -0.1672364
vn -0.5192273 -0.7324421 -0.4403767
vn -0.207811 -0.9704999 -0.1222483
vn -0.3933718 -0.7917128 -0.4673858
vn -0.6130496 -0.3698303 -0.6981373
vn -0.8275099 -0.1096472 -0.5506405
vn -0.9463927 -0.07007 -0.315327
vn -0.1315819 -0.9834141 -0.1248318
vn 0.3582977 0.9335672 0.008660601
vn 0.3842792 0.8886127 0.2503932
vn 0.2876908 0.4043773 0.8681664
vn 0.4413233 0.5736609 0.690034
vn 0.001424407 0.002353438 0.9999962
vn 0.0477236 0.7158039 0.6966686
vn 0.05054056 0.6921185 0.7200122
vn 0.09990027 0.9945367 0.03027753
vn -0.04676749 0.3794354 0.9240354
vn 0.03735938 0.07059477 0.9968053
vn 0.3534521 0.3852858 0.8524239
vn 0.7537499 0.6568695 0.01958162
vn 0.8554478 0.5177919 0.01003154
vn -0.2945734 -0.2497743 0.9224095
vn -0.8469281 -0.5080323 0.1568951
vn -0.002479195 -0.005345279 0.9999826
vn -0.0001641832 -0.001872221 0.9999983
vn 0.0006038344 0.003029183 0.9999953
vn -0.0008832956 0.00317002 0.9999946
vn 0.3838391 0.5606863 0.7336882
vn 0.04681445 0.8745514 0.4826679
vn -0.9828541 0.183927 0.01299094
vn -0.9837072 0.1791409 0.01512474
vn -0.009323196 0.158875 0.9872547
vn -0.1811659 0.9834307 0.006549187
vn -0.8486199 0.5290016 0.001271319
vn -0.8439541 0.5364146 -0.0008893367
vn -0.2415551 0.4041331 0.8822287
vn -0.003562744 0.009334541 0.9999501
vn -0.5325244 0.5105814 0.6750736
vn -0.1762856 0.4820633 0.8582181
vn -0.5760333 0.817425 0.0014253
vn -0.1215952 0.7004015 0.7033152
vn -0.7970266 0.6039439 0.0004239127
vn -0.390806 0.3018771 0.8695636
vn -0.03765377 0.01506946 0.9991772
vn 0.6363927 -0.7381768 0.223829
vn 0.2012766 -0.1869035 0.9615377
vn -0.4724025 0.02375701 0.8810627
vn -0.003001808 0.002541788 0.9999923
vn -0.7071599 0.529972 0.4680326
vn -0.1629642 0.884201 0.4377568
vn -0.8835058 0.4684197 -0.0007396094
vn -0.1770148 0.9842029 0.003253575
vn -0.5043894 0.04692998 0.8622001
vn -0.4373176 0.3628101 0.8228743
vn -0.2027701 0.1906433 0.9604892
vn -0.3035315 0.2963109 0.9055763
vn -0.5215166 0.2590674 0.8129604
vn 0.9753332 -0.2207349 -0.001041518
vn 0.6347141 -0.09186204 0.7672675
vn 0.9571523 -0.2895804 0.001654587
vn -0.1113741 0.01541426 0.993659
vn -0.03794051 0.02526131 0.9989606
vn 0.9480159 -0.3182207 0.001070685
vn 0.001217341 -0.0002873881 0.9999992
vn -0.0989961 0.1565557 0.9826953
vn 0.4014109 -0.2797436 0.8721312
vn -0.2117876 0.2560465 0.9431788
vn 0.05165046 0.3451939 0.9371091
vn 0.7263826 -0.6872805 -0.003708008
vn 0.002311007 -0.000388157 0.9999973
vn 0.1127085 -0.7018539 0.7033476
vn 0.8250461 -0.5650371 0.005639267
vn 0.05550842 -0.9984552 0.002482456
vn 0.03836467 -0.9992167 0.009707581
vn 0.07568005 -0.02651212 0.9967796
vn 0.9792398 -0.2018438 0.01867173
vn 0.3210451 -0.4007478 0.8580976
vn 0.4230729 -0.9060945 0.001438335
vn 0.4453778 -0.7040125 0.5531772
vn 0.3374873 -0.7064371 0.6221327
vn 0.5356683 -0.8443882 0.008247873
vn 0.1708912 -0.9852732 0.005727696
vn 0.5855282 -0.8106451 0.003356674
vn 0.1013632 -0.5803094 0.8080634
vn 0.2747077 -0.7246517 0.6319934
vn 0.0301208 0.9915349 0.1262981
vn 0.02281864 0.1509096 0.9882842
vn -0.6385053 -0.32618 0.6970779
vn -0.6223022 -0.4026626 0.6712695
vn -0.9763134 -0.2163305 -0.003633247
vn 0.8989313 0.07672273 0.431319
vn 0.2312913 0.1915533 0.9538405
vn -0.8503684 -0.5261855 0.001595136
vn -0.9413912 -0.3373036 -0.002976406
vn -0.1011389 -0.9944369 0.0294297
vn -0.00242142 -0.1369696 0.9905723
vn -0.7889917 -0.6141688 0.01699196
vn -0.00228872 -0.5692168 0.8221843
vn -0.843555 -0.5370408 -0.001490282
vn 0.001752497 0.006566023 0.9999769
vn -0.8079855 -0.5891614 0.00694399
vn -0.243233 -0.5366271 0.8080031
vn -0.1999928 -0.5951093 0.7783623
vn -0.0003171214 0.002489811 0.9999968
vn -0.004687168 -0.999983 0.003481501
vn -0.5649315 -0.8251166 0.005912178
vn -0.526211 -0.2637513 0.8084165
vn -0.9344312 -0.1377978 0.3284054
vn 0.07387958 -0.155855 0.9850132
vn 0.865083 0.489324 0.1104236
vn -0.2174939 0.8360972 0.5036246
vn 0.9958743 -0.001215056 -0.09073598
vn 0.7424814 4.879372e-05 0.6698666
vn 0.240335 0.04834613 0.9694853
vn 0.05157112 0.7815156 0.6217506
vn 0.4629231 0.8863835 -0.005140866
vn -0.2637296 0.9645779 -0.006005463
vn 0.4567188 -0.6334771 0.6245916
vn -0.01471082 -0.1704424 -0.9852578
vn -0.02774523 -0.980836 0.1928492
vn -0.01418969 -0.3348122 0.942178
vn -0.7192718 -0.6937616 0.03664627
vn 0.9801735 -0.1028207 -0.169375
vn -0.5567334 -0.7901895 0.2562196
vn -0.4870872 -0.8229953 0.2922752
vn -0.3882859 -0.8926553 0.2289119
vn -0.1233314 -0.8387351 -0.5303894
vn -0.1157809 -0.9598283 -0.2555864
vn -0.1237532 -0.9620538 -0.2431821
vn 0.6604882 -0.7508305 0.00297212
vn 0.8946107 -0.4390091 -0.08332156
vn 0.02618406 -0.9990746 0.03412145
vn -0.01001381 -0.9994377 0.03200008
vn 0.4301471 -0.8641001 0.2613513
vn -0.4147271 -0.8335143 0.3650418
vn 0.3375179 -0.938561 0.07200598
vn -0.9036457 -0.405684 -0.1372771
vn 0.5967471 -0.001007342 -0.8024288
vn -0.3843038 -0.741246 0.5503316
vn 0.3695372 -0.895042 0.2496838
vn -0.2080082 -0.4816488 -0.8513208
vn -0.37625 -0.727571 0.5736519
vn 0.5391411 -0.8369393 0.09412351
vn -0.81695 -0.1566156 0.5550354
vn -0.7305567 -0.6271054 -0.2702328
vn -0.5727401 -0.7204116 0.3911214
vn 0.3740857 -0.5714535 -0.7304115
vn 0.6481859 -0.3521155 -0.6751812
vn -0.6188035 -0.6834848 0.387209
vn -0.18884 -0.8985884 -0.3960788
vn -0.801545 0.2442409 -0.5457765
vn -0.1083858 0.1585531 0.9813834
vn -0.1817476 0.3860725 -0.904387
vn -0.07261454 0.162393 0.9840507
vn -0.3140614 0.9212682 -0.2294133
vn -0.2635636 0.964299 -0.02571976
vn 0.6145881 0.7882922 0.02961229
vn 0.6858169 0.7265158 0.04277883
vn -0.481349 -0.00488565 -0.8765154
vn 0.246575 -0.5519205 -0.7966082
vn -0.7541828 -0.004564681 0.6566486
vn 0.03748579 -0.2903567 0.956184
vn 0.3005955 -0.9054384 0.2997058
vn 0.5490535 -0.7417992 0.3850639
vn -0.2306805 -0.9170349 -0.3253204
vn -0.8320869 -0.1614311 0.5306331
vn 0.6634783 -0.7415611 0.09941772
vn -0.9933935 -0.1025769 0.0514528
vn -0.9708925 0.003549275 0.2394895
vn -0.01060843 -0.0005631308 -0.9999436
vn -0.9936448 0.0006501009 -0.1125597
vn -0.7741954 -0.5995557 -0.2028658
vn -0.9419692 -0.2145892 -0.2581583
vn -0.9643601 0.0003555813 -0.2645932
vn -0.47469 -0.4656698 0.7468742
vn 0.01576735 -0.6447704 0.7642137
vn -0.1241946 -0.6909781 -0.7121271
vn 0.4334956 -0.865894 0.2496181
vn 0.4702285 -0.7685424 0.4338523
vn 0.9212047 -0.3877603 -0.03199859
vn 0.2664233 -0.925677 0.2685901
vn -0.5878273 -0.04112482 -0.8079405
vn -0.5057358 -0.3103705 -0.8049232
vn -0.591975 -0.4668849 -0.6569507
vn -0.712195 -0.3566991 -0.6046023
vn 0.199087 -0.813971 0.5457249
vn -0.3459492 -0.3846044 -0.8558029
vn 0.5342878 -0.631095 -0.5623661
vn -0.2695429 -0.5001241 -0.8229353
vn 0.7293603 -0.6101255 -0.3094839
vn 0.005010412 0.9999872 0.0006595167
vn -0.1863706 0.9057665 0.3805956
vn 0.4047061 0.6803399 0.6110244
vn -0.62018 0.7146688 0.3234584
vn -0.6807361 0.7273048 0.08732757
vn 0.9874457 0.08945409 -0.130189
vn -0.1092517 0.5788302 0.8080963
vn 0.9905947 0.1183384 0.06868873
vn 0.9659055 0.01201554 0.2586157
vn 0.1052996 -0.1742109 0.9790621
vn 0.1007092 -0.2180665 0.9707238
vn 0.1697337 -0.04357421 0.9845262
vn 0.01034208 -0.974544 -0.223958
vn 0.7387248 -0.0002144486 0.6740072
vn 0.9053611 -0.3933524 0.1599845
vn 0.006243933 -0.9179441 0.3966606
vn 0.002901263 -0.9999899 -0.00344269
vn -0.007911935 -0.9999684 0.0008578826
vn 0.9961853 -9.94289e-05 -0.08726341
vn -0.4040972 0.9010563 0.1574896
vn 0.4493119 0.8615032 0.2364978
vn 0.917026 0.0008209079 -0.3988265
vn -0.1478132 0.9739152 0.1721644
vn 0.4135427 0.7498941 -0.5163732
vn 0.04773621 0.9600494 0.2757288
vn 0.7161329 0.3328362 -0.6134931
vn -0.2477746 0.9594446 0.1344391
vn -0.5346826 0.8253084 0.1816054
vn 0.7706956 0.622792 -0.1347524
vn 0.09629959 0.5960165 -0.7971766
vn -0.1796539 0.6895205 -0.7016309
vn 0.04465885 0.1311744 -0.9903529
vn -0.01178736 -0.826592 0.5626782
vn 0.05677509 -0.9811897 -0.1845088
vn 0.5574533 0.7917268 0.2498292
vn 0.002966484 0.3294 0.9441859
vn -0.326291 0.5043232 -0.7994952
vn 0.02409559 0.9811768 0.1916023
vn -0.6275023 0.4064316 0.6641192
vn -0.2021493 0.9772719 0.06383715
vn -0.1490747 0.08896675 -0.9848155
vn -0.9652576 -0.2497234 -0.07691542
vn -0.2055353 -0.9783862 -0.02271058
vn -0.5588779 -0.5136552 -0.6510098
vn 0.1286019 -0.8647929 -0.4853809
vn -0.2879476 -0.2832922 -0.9147851
vn -0.4141382 -0.6134293 -0.6724537
vn -0.1490833 -0.959713 -0.2381703
vn -0.4426191 -0.5092502 0.7380736
vn -0.5188093 -0.8536297 -0.0464019
vn -0.7420741 -0.6538426 -0.1477016
vn -0.2122373 -0.976752 0.03017845
vn -0.1157529 -0.9925315 0.03850311
vn 0.9030287 0.4295604 -0.004136323
vn 0.7053288 0.7022272 -0.09689311
vn -0.2968704 0.2017478 -0.9333625
vn -0.20007 0.539634 -0.8177819
vn -0.1172455 0.8965659 -0.4271102
vn -0.2275623 0.5170313 -0.825163
vn 0.4321446 0.4998563 0.7505963
vn -0.7311192 0.4503033 -0.5125344
vn -0.7889295 0.5965136 -0.1475189
vn 0.3990735 0.7694144 -0.4987402
vn -0.6769623 0.07204771 -0.7324829
vn 0.05374447 0.05596294 -0.9969853
vn 0.003318243 -0.9999927 -0.001892183
f 24//1 26//2 23//3
f 111//4 23//5 25//6
f 25//6 23//5 26//2
f 26//2 31//7 28//8
f 25//6 26//2 28//8
f 3//9 8//10 4//11
f 29//12 36//13 65//14
f 19//15 27//16 24//17
f 24//1 27//18 26//2
f 20//19 19//15 21//20
f 39//21 37//22 35//23
f 64//24 21//25 18//26
f 36//13 38//27 65//14
f 64//24 63//28 38//27
f 30//29 32//30 31//7
f 68//31 31//7 32//32
f 28//8 31//7 68//31
f 165//33 6//34 164//35
f 7//36 110//37 6//38
f 2//39 1//40 110//37
f 6//38 110//37 107//41
f 3//9 2//42 8//10
f 160//43 8//10 166//44
f 160//43 4//11 8//10
f 27//18 30//29 31//7
f 35//23 33//45 34//46
f 35//23 34//46 39//21
f 33//47 36//48 34//49
f 64//24 18//26 16//50
f 64//24 16//50 17//51
f 22//52 36//48 20//19
f 37//53 52//54 32//30
f 32//32 52//55 72//56
f 9//57 10//58 1//59
f 1//59 10//58 111//4
f 5//60 12//61 15//62
f 9//57 5//60 11//63
f 18//64 13//65 16//66
f 16//66 12//61 17//67
f 172//68 170//69 64//24
f 17//51 172//70 64//24
f 172//70 4//71 160//72
f 173//73 297//74 59//75
f 61//76 297//77 62//78
f 62//79 299//80 296//81
f 59//82 61//76 58//83
f 43//84 70//85 46//86
f 56//87 51//88 48//89
f 63//28 61//90 62//91
f 51//88 50//92 48//89
f 50//92 44//93 41//94
f 72//56 52//55 45//95
f 57//96 59//82 58//83
f 57//96 203//97 173//98
f 202//99 173//98 203//97
f 48//89 41//94 47//100
f 55//101 53//102 54//103
f 47//100 49//104 55//101
f 47//100 55//101 54//103
f 55//105 49//106 45//107
f 54//103 56//87 48//89
f 46//108 70//85 71//109
f 69//110 46//108 71//109
f 45//95 46//108 69//110
f 287//111 286//112 70//85
f 62//91 300//113 63//28
f 282//114 283//115 42//116
f 43//117 42//118 287//119
f 40//120 56//87 39//121
f 40//120 34//49 29//122
f 44//93 42//116 41//94
f 44//93 285//123 282//114
f 67//124 63//28 66//125
f 40//126 67//127 56//128
f 50//92 63//28 44//93
f 56//128 66//129 51//88
f 72//56 68//31 32//32
f 74//130 71//109 350//131
f 73//132 350//131 348//133
f 113//134 111//4 25//6
f 99//135 104//136 105//137
f 104//136 102//138 105//137
f 219//139 80//140 112//141
f 105//137 102//138 607//142
f 74//130 73//132 103//143
f 103//143 73//132 102//138
f 104//136 91//144 103//143
f 103//143 102//138 104//136
f 584//145 119//146 76//147
f 119//148 584//148 87//148
f 86//149 79//150 78//151
f 69//152 71//109 74//130
f 88//153 89//154 82//155
f 90//156 89//154 88//153
f 90//156 103//143 91//144
f 94//157 92//158 90//156
f 92//158 103//143 90//156
f 94//157 78//151 79//150
f 94//157 79//150 93//159
f 92//160 93//159 74//130
f 85//161 113//134 86//149
f 86//149 113//134 79//150
f 86//162 78//151 83//163
f 85//164 86//162 81//165
f 97//166 98//167 100//168
f 101//169 76//147 100//168
f 100//168 76//147 218//170
f 95//171 588//172 100//168
f 95//171 105//137 588//172
f 76//147 119//146 114//173
f 87//174 75//175 119//176
f 80//140 85//164 81//165
f 84//177 219//139 263//178
f 607//142 348//133 962//179
f 102//138 348//133 607//142
f 83//163 77//180 82//155
f 76//147 604//181 584//145
f 99//135 91//144 104//136
f 95//171 98//167 99//135
f 99//135 98//167 91//144
f 96//182 91//144 98//167
f 91//144 82//155 89//154
f 97//166 96//182 98//167
f 81//165 96//182 112//141
f 116//183 120//184 115//185
f 120//184 565//186 115//185
f 119//176 120//184 114//173
f 118//187 117//188 565//186
f 261//189 113//134 263//190
f 111//4 110//191 1//59
f 240//192 106//193 97//166
f 225//194 108//195 223//196
f 108//195 565//186 223//196
f 222//197 225//194 220//198
f 242//199 252//200 106//193
f 116//183 108//195 225//194
f 261//189 214//201 113//134
f 214//201 107//202 113//134
f 132//203 142//204 128//205
f 135//206 136//207 132//208
f 161//209 148//210 163//211
f 164//35 163//212 162//213
f 161//214 163//215 164//216
f 165//33 164//35 162//213
f 205//217 121//218 207//219
f 166//44 149//220 158//221
f 7//222 165//223 162//224
f 247//225 134//226 139//227
f 247//225 139//227 141//228
f 128//229 134//230 127//231
f 142//232 140//233 134//230
f 132//234 136//234 143//234
f 158//221 149//220 152//235
f 170//69 195//236 64//24
f 155//237 171//238 156//239
f 166//44 158//221 159//240
f 138//241 169//242 154//243
f 138//241 137//244 169//242
f 195//236 203//245 64//24
f 188//246 123//247 121//218
f 141//228 139//227 140//233
f 141//228 146//248 208//249
f 146//250 141//228 145//251
f 213//252 146//248 147//253
f 152//235 147//254 146//250
f 152//235 148//255 147//254
f 144//256 150//257 143//258
f 145//251 140//233 152//235
f 152//235 146//250 145//251
f 151//259 153//260 152//235
f 152//235 153//260 158//261
f 155//262 153//263 151//264
f 138//241 154//265 144//256
f 130//266 122//267 167//268
f 121//218 123//247 207//219
f 207//219 123//247 124//269
f 207//219 124//269 125//270
f 154//265 155//262 150//257
f 171//238 172//70 159//271
f 247//225 127//272 134//226
f 125//270 124//269 127//272
f 124//269 126//273 128//229
f 129//274 123//247 188//246
f 129//275 188//276 189//277
f 131//278 133//279 137//244
f 131//278 130//266 133//279
f 133//279 130//266 167//268
f 126//280 130//281 128//205
f 131//278 132//208 130//266
f 195//282 167//283 192//284
f 194//285 192//284 186//286
f 432//287 434//288 195//236
f 194//285 186//286 193//289
f 432//287 194//285 193//289
f 178//290 428//291 432//287
f 182//292 187//293 121//218
f 187//293 180//294 181//295
f 193//296 186//297 185//298
f 201//299 202//99 203//97
f 200//300 196//301 173//73
f 201//299 198//302 200//303
f 195//236 201//304 203//245
f 195//236 199//305 201//304
f 183//306 176//307 184//308
f 175//309 424//310 176//307
f 180//294 175//311 183//312
f 195//236 438//313 197//314
f 173//73 440//315 289//316
f 180//294 187//293 182//292
f 204//317 180//294 182//292
f 177//318 425//319 178//290
f 198//302 197//320 196//321
f 196//321 438//322 440//323
f 176//307 424//324 425//319
f 191//325 122//267 189//277
f 191//325 189//277 190//326
f 189//277 181//327 184//308
f 190//326 189//277 185//298
f 190//326 185//298 186//297
f 175//311 406//328 407//329
f 406//328 174//330 179//331
f 180//294 179//331 174//330
f 204//317 179//331 180//294
f 773//332 518//333 520//334
f 205//217 182//292 121//218
f 406//328 179//331 206//335
f 206//335 182//292 205//336
f 260//337 208//338 213//252
f 265//339 209//340 264//341
f 211//342 266//343 267//344
f 212//345 215//346 265//339
f 265//339 210//347 209//340
f 161//348 213//252 148//349
f 214//201 161//348 107//202
f 109//350 221//351 267//344
f 220//198 225//194 223//196
f 220//198 223//196 216//352
f 221//353 222//197 220//198
f 223//196 217//354 216//352
f 221//353 220//198 211//342
f 240//192 218//170 246//355
f 220//198 216//352 215//346
f 216//352 217//354 210//347
f 211//342 220//198 215//346
f 215//346 210//347 265//339
f 209//340 210//347 217//354
f 217//354 223//196 209//340
f 245//356 267//344 243//357
f 245//356 243//357 238//358
f 238//359 240//360 245//356
f 747//361 746//362 244//363
f 206//335 125//364 237//365
f 237//365 247//366 260//337
f 237//365 125//364 247//366
f 241//367 250//368 251//369
f 251//369 252//370 241//367
f 254//371 253//372 258//373
f 252//200 253//372 255//374
f 251//369 250//368 257//375
f 253//372 257//375 258//373
f 229//376 232//377 228//378
f 229//376 231//379 232//377
f 234//380 232//377 231//379
f 236//381 234//380 231//379
f 235//382 206//335 236//381
f 244//363 746//362 243//357
f 236//381 237//365 249//383
f 266//343 262//384 756//385
f 238//358 725//386 230//387
f 262//384 265//339 753//388
f 719//389 239//390 230//391
f 239//390 232//392 240//192
f 239//390 240//192 230//391
f 256//393 237//365 260//337
f 258//394 260//337 259//395
f 259//395 260//337 261//189
f 756//385 747//361 267//344
f 267//344 747//361 244//363
f 725//386 719//396 230//387
f 720//397 1072//398 719//396
f 229//376 773//332 227//399
f 773//332 226//400 227//399
f 229//376 228//378 773//332
f 228//401 719//401 773//401
f 226//400 406//328 227//399
f 773//332 520//334 226//400
f 345//402 272//403 279//404
f 300//113 345//402 279//404
f 300//113 279//404 280//405
f 301//406 280//405 284//407
f 300//113 301//406 63//28
f 285//123 284//407 281//408
f 300//113 288//409 345//410
f 283//411 278//412 287//119
f 281//413 278//412 283//411
f 275//414 277//415 281//413
f 281//413 277//415 278//412
f 349//416 277//417 347//418
f 294//419 300//113 296//420
f 298//421 296//81 299//80
f 296//81 298//421 293//422
f 295//423 294//419 296//420
f 345//402 340//424 272//403
f 276//425 271//426 270//427
f 340//428 335//429 339//430
f 272//431 340//428 339//430
f 272//431 339//430 268//432
f 295//433 292//434 291//435
f 274//436 268//437 271//426
f 347//438 273//439 385//440
f 278//441 277//417 349//416
f 331//442 346//443 269//444
f 276//445 270//446 269//447
f 287//111 278//441 349//416
f 268//432 339//430 271//448
f 291//435 292//434 289//449
f 443//450 494//451 288//409
f 317//452 311//453 313//454
f 318//455 313//454 314//456
f 316//457 307//458 311//453
f 313//459 310//460 314//461
f 308//462 494//451 488//463
f 318//455 317//452 313//454
f 306//464 312//465 310//460
f 312//465 309//466 310//467
f 311//468 306//464 313//459
f 304//469 309//466 312//465
f 306//464 305//470 312//465
f 305//470 304//469 312//465
f 308//462 316//471 341//472
f 309//466 303//473 400//474
f 343//475 338//476 344//477
f 321//478 354//479 328//480
f 322//481 321//482 328//483
f 288//409 341//484 342//485
f 345//402 344//477 340//424
f 328//480 366//486 329//487
f 329//487 366//486 367//488
f 329//487 367//488 330//489
f 331//442 329//487 330//489
f 322//490 332//491 325//492
f 324//493 322//490 325//492
f 322//481 328//483 332//494
f 325//492 333//495 334//496
f 326//497 325//492 334//496
f 494//451 487//498 488//463
f 323//499 341//472 318//455
f 343//475 342//500 327//501
f 486//502 303//503 304//504
f 481//505 302//506 486//507
f 482//508 481//505 486//507
f 334//496 333//495 336//509
f 336//510 333//511 329//487
f 331//442 336//510 329//487
f 339//430 335//429 334//496
f 344//512 338//513 335//429
f 335//429 338//513 326//497
f 318//455 314//456 323//514
f 322//481 320//515 321//482
f 315//516 320//517 322//490
f 320//515 310//467 319//518
f 338//513 327//519 326//497
f 319//520 405//521 321//478
f 314//461 310//460 320//517
f 385//440 269//444 346//443
f 349//416 347//438 390//522
f 348//133 390//522 389//523
f 387//524 379//525 375//526
f 352//527 929//528 948//529
f 374//530 386//531 962//179
f 962//179 386//531 960//532
f 386//531 954//533 960//532
f 389//523 388//534 387//524
f 356//535 404//536 508//537
f 356//535 508//537 507//538
f 358//539 507//538 371//540
f 356//535 507//538 358//541
f 357//542 356//535 358//541
f 359//543 357//542 358//541
f 359//543 358//541 360//544
f 361//545 360//544 358//541
f 403//546 351//547 352//527
f 948//529 949//548 369//549
f 949//548 947//550 370//551
f 352//527 948//529 368//552
f 364//553 363//554 359//543
f 360//544 364//553 359//543
f 371//540 514//555 355//556
f 371//540 368//552 369//549
f 370//551 371//540 369//549
f 954//533 370//551 947//550
f 361//557 358//539 371//540
f 373//558 361//557 371//540
f 371//540 372//559 373//558
f 374//530 372//559 370//551
f 373//558 372//559 375//526
f 376//560 360//544 361//557
f 361//557 373//558 377//561
f 376//560 377//561 378//562
f 384//563 388//534 390//522
f 381//564 376//560 378//562
f 377//561 373//558 375//526
f 379//525 378//562 377//561
f 381//564 360//544 376//560
f 381//564 378//562 382//565
f 346//443 384//563 385//440
f 353//566 362//567 363//568
f 367//488 366//486 384//563
f 353//566 363//568 364//569
f 405//521 353//566 354//479
f 353//566 364//569 365//570
f 353//566 365//570 366//486
f 365//570 364//569 380//571
f 379//525 383//572 378//562
f 366//486 365//570 384//563
f 384//563 365//570 383//573
f 365//570 382//574 383//573
f 393//575 501//576 353//566
f 555//577 551//578 399//579
f 501//576 399//579 353//566
f 401//580 394//581 920//582
f 394//581 401//580 402//583
f 398//584 403//546 352//527
f 395//585 905//586 394//581
f 395//585 391//587 905//586
f 513//588 396//589 397//590
f 394//581 905//586 920//582
f 393//575 483//591 501//576
f 483//591 500//592 501//576
f 508//537 548//593 507//538
f 352//527 506//594 512//595
f 513//588 391//587 396//589
f 512//596 513//588 392//597
f 1139//598 905//586 391//587
f 406//328 423//599 407//329
f 409//600 408//601 446//602
f 409//600 446//602 411//603
f 431//604 430//605 433//606
f 413//607 411//608 458//609
f 431//604 433//606 494//451
f 432//287 428//291 431//604
f 428//291 427//610 431//604
f 431//604 422//611 430//605
f 416//612 411//603 410//613
f 431//604 494//451 435//614
f 437//615 436//616 439//617
f 434//288 431//604 435//614
f 439//618 434//288 435//614
f 439//617 436//616 440//323
f 430//605 422//611 421//619
f 429//620 453//621 459//622
f 422//611 427//610 419//623
f 419//623 427//610 426//624
f 425//319 426//624 428//625
f 437//626 494//451 443//450
f 418//627 416//612 410//613
f 418//628 412//629 419//630
f 412//629 410//631 411//608
f 412//632 414//633 420//634
f 426//635 423//636 419//630
f 424//310 423//636 426//635
f 421//619 414//633 415//637
f 420//634 421//619 422//611
f 440//315 441//638 289//316
f 413//639 458//640 415//637
f 290//641 444//642 443//643
f 443//643 442//644 441//645
f 419//623 420//634 422//611
f 414//633 412//632 413//639
f 473//646 472//647 476//648
f 470//649 473//646 474//650
f 464//651 470//649 474//650
f 468//652 489//653 472//647
f 472//647 471//654 468//652
f 473//646 470//649 472//647
f 470//649 471//654 472//647
f 471//655 467//656 468//657
f 477//658 500//658 479//658
f 477//659 480//660 478//661
f 457//662 455//663 456//664
f 455//663 457//662 459//622
f 454//665 450//666 451//667
f 453//621 454//665 455//663
f 452//668 450//666 454//665
f 479//669 500//670 481//671
f 482//508 479//672 481//505
f 471//655 461//673 467//656
f 478//674 486//675 485//676
f 449//677 447//678 451//679
f 449//680 556//681 447//682
f 448//683 449//677 450//684
f 448//685 539//686 449//680
f 449//680 539//686 556//681
f 468//657 467//656 469//687
f 487//688 490//689 484//690
f 469//691 509//692 477//693
f 468//657 478//661 489//694
f 494//451 476//695 490//696
f 489//694 478//661 484//690
f 489//694 484//690 490//689
f 465//697 463//698 466//699
f 433//606 459//700 491//701
f 456//664 465//697 466//699
f 465//697 461//702 463//703
f 455//663 454//665 465//697
f 454//665 451//667 461//702
f 492//704 474//650 476//695
f 475//705 466//699 464//651
f 462//706 467//656 461//673
f 461//673 451//679 460//707
f 491//701 457//708 456//709
f 491//701 456//709 493//710
f 492//704 466//711 475//705
f 495//712 496//713 406//328
f 226//400 520//334 495//712
f 496//713 495//712 519//714
f 537//715 539//686 408//601
f 519//714 537//715 497//716
f 446//602 539//686 445//717
f 496//713 497//716 417//718
f 417//718 497//716 416//719
f 554//720 500//592 509//692
f 548//593 524//721 507//538
f 1139//598 505//722 503//723
f 559//724 499//725 504//726
f 499//725 498//727 503//723
f 498//727 1139//598 503//723
f 513//588 505//722 391//587
f 499//725 558//728 498//727
f 355//556 541//729 352//527
f 1139//598 391//587 505//722
f 511//730 510//731 513//588
f 510//731 505//722 513//588
f 506//732 513//588 512//596
f 537//715 534//733 535//734
f 529//735 531//736 535//737
f 532//738 531//736 527//739
f 530//740 526//741 527//742
f 530//743 517//744 526//741
f 526//741 528//745 527//742
f 525//746 523//747 521//748
f 517//744 525//746 526//741
f 525//746 516//749 523//747
f 515//750 523//747 516//749
f 524//721 521//748 542//751
f 523//747 1112//752 521//753
f 1112//752 1114//754 522//755
f 557//756 502//757 460//758
f 557//756 554//720 502//757
f 538//759 535//734 536//760
f 541//729 540//761 559//762
f 558//728 1127//763 498//727
f 1127//763 1125//764 498//727
f 556//681 557//756 447//682
f 539//686 537//715 538//759
f 533//765 553//766 536//767
f 533//765 527//739 528//745
f 554//720 551//578 555//577
f 554//720 552//768 551//578
f 538//759 553//769 554//720
f 552//770 550//771 551//772
f 547//773 546//774 552//770
f 543//775 545//776 553//766
f 546//774 548//593 549//777
f 544//778 546//774 545//776
f 544//778 524//721 548//593
f 533//765 543//775 553//766
f 533//765 528//745 543//775
f 528//745 545//776 543//775
f 540//761 541//729 1117//779
f 520//334 518//333 519//714
f 518//333 529//735 519//714
f 540//780 1126//781 558//728
f 1087//782 516//749 518//333
f 516//749 1108//783 515//750
f 1087//782 1119//784 516//749
f 577//785 117//188 118//187
f 591//786 691//787 578//788
f 584//145 583//789 581//790
f 583//789 582//791 581//790
f 580//792 577//785 118//187
f 117//188 578//788 565//186
f 584//145 581//790 75//175
f 605//793 604//181 603//794
f 584//145 605//793 583//789
f 568//795 714//795 713//795
f 713//796 567//797 568//798
f 711//799 566//800 567//801
f 713//796 712//802 711//803
f 566//800 711//799 874//804
f 588//172 601//805 599//806
f 711//799 702//807 874//804
f 603//794 588//172 597//808
f 560//809 561//810 770//811
f 563//812 772//812 771//812
f 564//813 560//809 772//814
f 560//809 562//815 561//810
f 563//816 564//817 772//818
f 561//810 569//819 874//804
f 574//820 573//821 562//815
f 564//813 574//820 562//815
f 563//816 575//822 564//817
f 565//186 563//816 223//196
f 605//793 597//808 602//823
f 602//823 579//824 583//789
f 592//825 591//786 579//824
f 579//824 591//786 578//788
f 619//826 678//827 623//828
f 623//828 678//827 693//829
f 609//830 607//142 608//831
f 609//830 608//831 601//805
f 608//831 610//832 587//833
f 587//833 606//834 585//835
f 587//836 624//837 606//838
f 589//839 590//840 697//841
f 596//842 600//843 589//844
f 601//805 586//845 599//806
f 589//844 598//846 594//847
f 598//848 589//839 696//849
f 596//850 599//806 600//851
f 610//832 617//852 587//833
f 593//853 595//854 594//855
f 593//856 594//856 598//856
f 578//788 575//822 565//186
f 590//840 587//833 585//835
f 601//805 608//831 587//833
f 575//857 571//858 574//820
f 697//841 590//840 694//859
f 590//840 623//828 694//859
f 696//849 589//839 697//841
f 569//819 566//800 874//804
f 571//858 569//819 574//820
f 569//819 573//821 574//820
f 578//788 714//860 576//861
f 714//862 568//798 576//863
f 572//864 567//797 570//865
f 576//861 572//866 575//822
f 572//864 571//858 575//857
f 619//867 621//867 675//867
f 621//868 620//868 675//868
f 585//869 624//870 622//871
f 620//872 615//873 675//874
f 613//875 620//876 621//877
f 675//878 678//827 619//826
f 614//879 611//879 618//879
f 618//880 1019//880 674//880
f 613//881 612//882 616//883
f 611//884 614//885 616//883
f 615//886 674//887 675//878
f 624//888 621//888 622//888
f 610//832 964//889 617//852
f 964//890 903//891 617//892
f 615//886 614//893 674//887
f 663//894 667//895 671//896
f 672//897 663//894 671//896
f 1010//898 670//899 1009//900
f 673//901 1010//901 672//901
f 674//887 673//902 672//897
f 674//887 672//897 671//896
f 674//887 671//896 675//878
f 676//903 671//896 668//904
f 671//896 677//905 678//827
f 675//878 671//896 678//827
f 670//899 1019//906 1016//907
f 972//908 985//909 978//910
f 985//909 981//911 978//910
f 677//905 676//903 692//912
f 985//913 627//914 631//915
f 847//916 849//917 861//918
f 844//919 971//919 626//919
f 972//920 971//920 627//920
f 632//921 986//922 985//909
f 983//923 986//922 635//924
f 715//925 651//926 650//927
f 652//928 648//929 647//930
f 651//926 653//931 650//927
f 636//932 637//932 638//932
f 649//933 645//934 652//935
f 647//936 643//937 646//938
f 645//934 642//939 648//940
f 643//937 634//941 646//938
f 642//939 637//942 644//943
f 633//944 634//941 636//945
f 635//946 633//947 636//948
f 638//949 635//946 636//948
f 637//942 983//923 638//950
f 625//951 628//952 631//953
f 642//939 982//954 637//942
f 628//952 639//955 631//953
f 640//956 985//909 972//908
f 669//957 666//958 665//959
f 658//960 660//961 1006//962
f 666//958 668//904 667//895
f 666//958 667//895 665//959
f 659//963 658//963 657//963
f 667//895 646//964 665//959
f 656//965 655//965 654//965
f 654//966 647//936 646//938
f 649//967 647//936 654//966
f 655//968 649//967 654//966
f 657//969 654//966 667//895
f 658//970 1003//970 657//970
f 1003//971 658//960 1006//962
f 660//961 658//960 659//972
f 660//961 661//973 662//974
f 663//894 661//975 667//895
f 660//961 662//974 664//976
f 665//959 646//964 653//931
f 682//977 684//978 680//979
f 682//977 680//979 717//980
f 680//979 679//981 651//926
f 681//982 682//977 717//980
f 683//983 668//904 666//958
f 696//849 689//984 691//787
f 697//841 694//859 695//985
f 696//849 697//841 695//985
f 696//849 695//985 689//984
f 688//986 695//985 683//983
f 683//983 692//912 668//904
f 691//787 689//984 690//987
f 689//984 695//985 687//988
f 683//983 666//958 669//957
f 679//981 669//957 665//959
f 694//859 623//828 693//829
f 684//978 679//981 680//979
f 685//989 687//988 682//977
f 687//988 684//978 682//977
f 686//990 687//988 685//989
f 688//986 669//957 684//978
f 688//986 683//983 669//957
f 578//788 690//987 686//990
f 691//787 690//987 578//788
f 686//990 689//984 687//988
f 694//859 693//829 692//912
f 693//829 677//905 692//912
f 630//991 628//952 629//992
f 629//992 847//916 861//918
f 707//993 630//991 700//994
f 629//992 861//918 862//995
f 705//996 706//997 713//998
f 713//796 704//999 712//802
f 706//1000 704//999 713//796
f 865//1001 629//992 862//995
f 708//1002 865//1001 699//1003
f 865//1001 700//994 629//992
f 700//994 630//991 629//992
f 852//1004 701//1005 866//1006
f 701//1005 867//1007 866//1006
f 870//1008 701//1005 852//1004
f 709//1009 867//1007 701//1005
f 709//1009 710//1010 867//1007
f 715//925 639//955 641//1011
f 703//1012 702//807 704//1013
f 710//1010 707//993 708//1002
f 710//1010 715//925 707//993
f 706//1000 873//1014 703//1015
f 706//1000 870//1016 873//1014
f 874//804 702//807 703//1012
f 703//1012 873//1014 874//804
f 701//1005 716//1017 709//1009
f 717//980 680//979 710//1010
f 680//979 715//925 710//1010
f 702//807 712//1018 704//1013
f 702//807 711//799 712//1018
f 705//1019 713//1019 714//1019
f 578//788 681//982 716//1017
f 223//196 563//816 771//1020
f 740//1021 745//1022 748//1023
f 743//1024 732//1025 725//386
f 749//1026 742//1027 740//1021
f 742//1027 888//1028 741//1029
f 742//1027 750//1030 888//1028
f 740//1021 744//1031 745//1022
f 737//1032 744//1031 740//1021
f 745//1022 744//1031 743//1024
f 744//1031 732//1025 743//1024
f 732//1025 720//397 725//386
f 739//1033 741//1029 738//1034
f 741//1029 728//1035 738//1034
f 739//1033 738//1034 737//1036
f 738//1037 728//1035 736//1038
f 738//1039 736//1039 735//1039
f 737//1032 734//1040 744//1031
f 735//1041 734//1042 737//1043
f 735//1044 733//1044 734//1044
f 735//1045 730//1046 733//1047
f 733//1048 730//1048 731//1048
f 727//1049 729//1050 730//1046
f 731//1051 724//1052 732//1025
f 730//1053 724//1052 731//1051
f 759//1054 852//1004 750//1030
f 760//1055 758//1056 761//1057
f 759//1054 750//1030 763//1058
f 729//1059 721//1060 723//1061
f 876//1062 721//1060 729//1059
f 723//1061 721//1060 722//1063
f 878//1064 726//1065 727//1066
f 726//1065 729//1059 727//1066
f 748//1023 749//1026 740//1021
f 751//1067 750//1030 749//1026
f 752//1068 750//1030 751//1067
f 753//388 751//1067 748//1023
f 755//1069 223//196 752//1068
f 756//385 753//388 748//1023
f 775//1070 1073//1071 774//1072
f 762//1073 761//1057 759//1074
f 762//1073 764//1075 761//1057
f 720//397 774//1076 1089//1077
f 722//1063 774//1076 720//397
f 720//397 1089//1077 1072//398
f 771//1078 772//814 770//1079
f 770//811 769//1080 767//1081
f 223//196 771//1020 768//1082
f 874//804 760//1055 765//1083
f 764//1084 757//1085 761//1057
f 764//1084 765//1083 757//1085
f 766//1086 764//1075 762//1073
f 718//1087 722//1088 775//1089
f 768//1082 766//1090 763//1058
f 768//1091 765//1092 766//1086
f 768//1091 767//1093 765//1092
f 264//341 755//1069 754//1094
f 264//341 754//1094 753//388
f 721//1060 875//1095 783//1096
f 721//1060 786//1097 722//1063
f 777//1098 787//1099 782//1100
f 780//1101 778//1102 787//1103
f 786//1104 784//1105 781//1106
f 784//1107 783//1096 780//1108
f 779//1109 785//1110 1084//1111
f 785//1112 1153//1113 1084//1114
f 793//1115 1153//1115 785//1115
f 796//1116 780//1108 783//1096
f 778//1117 779//1118 782//1119
f 779//1109 1084//1111 776//1120
f 1084//1114 1082//1121 776//1122
f 778//1117 793//1123 779//1118
f 778//1117 780//1108 792//1124
f 776//1122 1080//1125 777//1126
f 776//1122 1082//1121 1083//1127
f 1071//1128 1088//1129 1073//1071
f 773//332 1072//398 518//333
f 797//1130 794//1131 796//1116
f 800//1132 794//1131 797//1130
f 788//1133 792//1124 794//1131
f 1153//1134 793//1134 798//1134
f 793//1135 789//1135 798//1135
f 815//1136 803//1137 788//1133
f 881//1138 794//1131 799//1139
f 793//1123 792//1124 789//1140
f 789//1140 790//1141 791//1142
f 789//1140 809//1143 790//1141
f 809//1143 792//1124 788//1144
f 789//1140 792//1124 809//1143
f 626//1145 846//1146 848//1147
f 626//1148 848//1149 844//1150
f 848//1151 846//1151 843//1151
f 832//1152 841//1153 847//916
f 845//1154 832//1152 846//1155
f 838//1156 832//1152 845//1154
f 846//1155 832//1152 843//1157
f 812//1158 813//1159 814//1160
f 812//1161 804//1161 813//1161
f 811//1162 814//1160 1158//1163
f 810//1164 812//1158 811//1165
f 812//1166 788//1144 804//1167
f 827//1168 820//1169 821//1170
f 802//1171 808//1172 1177//1173
f 823//1174 826//1174 824//1174
f 829//1175 822//1176 819//1177
f 821//1170 1177//1178 827//1168
f 808//1172 818//1179 1177//1173
f 823//1180 825//1181 826//1182
f 821//1183 823//1183 824//1183
f 820//1169 823//1184 821//1170
f 802//1185 1177//1186 1161//1187
f 804//1188 1167//1188 813//1188
f 816//1189 828//1190 803//1137
f 828//1190 819//1177 803//1137
f 805//1191 802//1171 807//1192
f 809//1143 811//1193 790//1141
f 790//1194 811//1162 1164//1195
f 811//1196 809//1196 810//1196
f 805//1191 808//1172 802//1171
f 802//1185 1161//1187 801//1197
f 805//1198 803//1137 819//1177
f 804//1199 806//1199 1167//1199
f 804//1200 805//1191 806//1201
f 836//1202 837//1203 1183//1204
f 837//1203 1191//1205 1183//1204
f 825//1181 833//1206 835//1207
f 834//1208 835//1207 836//1209
f 835//1207 833//1206 837//1210
f 838//1156 833//1211 832//1152
f 833//1211 838//1156 839//1212
f 839//1212 838//1156 1186//1213
f 837//1203 1186//1214 1191//1205
f 832//1152 833//1206 840//1215
f 804//1167 803//1137 805//1198
f 804//1167 788//1144 803//1137
f 1167//1216 1158//1163 814//1160
f 811//1162 1163//1217 1164//1195
f 822//1176 833//1206 825//1181
f 842//1218 840//1215 830//1219
f 841//1153 840//1215 842//1218
f 853//1220 854//1221 842//1218
f 856//1222 853//1220 851//1223
f 855//1224 856//1222 891//1225
f 857//1226 856//1222 855//1224
f 864//1227 853//1220 856//1222
f 863//1228 864//1227 856//1222
f 858//1229 856//1222 857//1226
f 857//1226 855//1224 852//1004
f 866//1006 863//1228 858//1229
f 866//1006 858//1229 857//1226
f 860//1230 758//1056 859//1231
f 858//1229 863//1228 856//1222
f 699//1003 865//1001 863//1228
f 860//1230 859//1231 869//1232
f 860//1233 869//1233 872//1233
f 865//1001 864//1227 863//1228
f 855//1224 891//1225 852//1004
f 856//1222 851//1223 891//1225
f 853//1220 850//1234 851//1223
f 870//1008 852//1004 872//1235
f 869//1232 868//1236 871//1237
f 871//1237 868//1236 874//804
f 874//804 873//1014 871//1237
f 872//1238 871//1237 870//1016
f 861//918 841//1153 854//1221
f 859//1239 874//804 868//1236
f 869//1232 859//1231 868//1236
f 852//1004 891//1225 886//1240
f 817//1241 815//1136 881//1138
f 831//1242 829//1175 880//1243
f 891//1225 890//1244 886//1240
f 882//1245 831//1242 880//1243
f 890//1244 851//1223 882//1245
f 875//1095 795//1246 783//1096
f 794//1131 800//1132 799//1139
f 882//1245 880//1243 817//1241
f 885//1247 884//1248 800//1132
f 800//1132 881//1138 799//1139
f 797//1130 795//1246 875//1095
f 885//1247 800//1132 877//1249
f 888//1028 883//1250 878//1064
f 892//1251 852//1004 886//1240
f 878//1064 877//1249 726//1065
f 882//1245 881//1138 884//1248
f 882//1245 817//1241 881//1138
f 890//1244 882//1245 885//1247
f 885//1247 882//1245 884//1248
f 886//1240 885//1247 883//1250
f 887//1252 886//1240 883//1250
f 886//1240 890//1244 885//1247
f 887//1252 892//1251 886//1240
f 750//1030 852//1004 889//1253
f 889//1253 887//1252 883//1250
f 897//1254 898//1255 896//1256
f 899//1257 956//1258 895//1259
f 956//1260 950//1261 955//1262
f 900//1263 894//1263 893//1263
f 894//1264 900//1264 901//1264
f 902//1265 1018//1266 894//1267
f 902//1265 895//1268 1015//1269
f 902//1265 894//1267 896//1270
f 896//1271 898//1272 902//1273
f 902//1273 898//1272 895//1274
f 900//1275 1017//1276 1019//906
f 901//1277 900//1275 611//884
f 897//1278 901//1277 612//882
f 617//892 897//1279 613//1280
f 963//1281 953//1282 957//1283
f 899//1284 963//1285 957//1286
f 903//891 964//890 899//1284
f 348//133 387//524 962//179
f 962//179 960//532 607//142
f 917//1287 1031//1288 920//582
f 941//1289 1036//1290 1039//1291
f 1032//1292 932//1293 923//1294
f 932//1293 930//1295 935//1296
f 933//1297 932//1293 935//1296
f 936//1298 934//1299 933//1297
f 935//1300 930//1295 931//1301
f 933//1297 935//1302 937//1303
f 938//1304 935//1304 931//1304
f 937//1303 935//1302 938//1305
f 942//1306 939//1307 940//1308
f 942//1306 940//1308 943//1309
f 943//1310 940//1311 941//1312
f 939//1307 942//1306 944//1313
f 924//1314 923//1294 934//1299
f 924//1314 934//1299 936//1298
f 936//1298 937//1315 939//1307
f 946//1316 936//1298 939//1307
f 921//1317 920//582 925//1318
f 911//1319 909//1320 907//1321
f 908//1322 911//1323 907//1324
f 909//1325 910//1325 906//1325
f 904//1326 908//1322 907//1324
f 910//1327 905//1328 906//1329
f 907//1321 906//1329 904//1330
f 961//1331 952//1332 964//889
f 963//1285 952//1333 959//1334
f 944//1313 947//550 939//1307
f 927//1335 936//1298 946//1316
f 949//548 946//1316 947//550
f 950//1261 1039//1291 1038//1336
f 961//1331 960//532 952//1332
f 960//532 958//1337 952//1332
f 952//1332 953//1338 959//1339
f 401//580 920//582 921//1317
f 928//1340 926//1341 929//528
f 401//580 921//1317 928//1340
f 951//1342 944//1313 943//1309
f 922//1343 924//1314 926//1341
f 950//1261 945//1344 1039//1291
f 925//1318 922//1343 926//1341
f 925//1318 920//582 922//1343
f 922//1343 920//582 923//1294
f 1031//1288 1032//1292 923//1294
f 953//1338 950//1261 956//1260
f 1052//1345 1059//1346 912//1347
f 1060//1348 1052//1349 912//1350
f 912//1347 1059//1346 1061//1351
f 912//1347 914//1352 913//1353
f 1060//1348 912//1350 913//1354
f 913//1353 917//1355 919//1356
f 918//1357 916//1358 913//1353
f 1060//1348 913//1354 916//1359
f 914//1360 1061//1360 917//1360
f 913//1353 914//1352 917//1355
f 909//1320 919//1356 910//1361
f 908//1322 915//1362 911//1323
f 915//1363 909//1320 911//1319
f 915//1362 908//1322 916//1359
f 918//1357 919//1356 915//1363
f 918//1357 915//1363 916//1358
f 995//1364 996//1365 994//1366
f 995//1364 994//1366 992//1367
f 1009//1368 1005//1369 1008//1370
f 1015//1269 1005//1369 1014//1371
f 1015//1269 1040//1372 999//1373
f 1005//1369 1015//1269 999//1373
f 895//1268 955//1262 1041//1374
f 1040//1372 1011//1375 999//1373
f 1009//900 1016//907 1014//1376
f 1016//907 1013//1377 1012//1378
f 990//1379 984//1380 992//1381
f 991//1382 992//1367 988//1383
f 984//1380 990//1379 987//1384
f 990//1379 989//1385 987//1384
f 988//1386 984//1380 977//1387
f 982//954 991//1382 977//1388
f 989//1385 1023//1389 987//1384
f 987//1384 1023//1389 1064//1390
f 987//1384 1064//1390 973//1391
f 999//1373 1035//1392 1034//1393
f 1000//1394 989//1385 990//1379
f 1000//1394 990//1379 996//1395
f 1000//1394 1034//1393 989//1385
f 973//1391 1063//1396 1053//1397
f 1018//1398 1012//1398 1013//1398
f 1017//1399 1018//1399 1013//1399
f 1015//1269 1041//1374 1040//1372
f 895//1268 1041//1374 1015//1269
f 1017//1276 1016//907 1019//906
f 655//1400 1002//1401 996//1365
f 1225//1402 966//1403 1218//1404
f 1000//1405 1001//1405 997//1405
f 1004//1406 997//1407 1002//1401
f 1000//1394 999//1373 1034//1393
f 1005//1369 999//1373 1000//1394
f 1002//1401 1006//962 1004//1406
f 1007//1408 1004//1408 998//1408
f 1007//1409 998//1410 1006//962
f 1008//1411 1006//962 660//961
f 1007//1412 1005//1369 1000//1394
f 660//961 1009//900 1008//1411
f 655//1400 1003//971 1002//1401
f 968//1413 974//1414 970//1415
f 967//1416 973//1391 1053//1397
f 974//1414 967//1416 970//1415
f 978//1417 974//1414 968//1413
f 974//1414 973//1418 967//1416
f 975//1419 974//1419 978//1419
f 981//911 979//1420 978//910
f 980//1421 974//1421 975//1421
f 976//1422 980//1423 979//1424
f 981//911 982//954 976//1425
f 983//923 982//954 981//911
f 980//1426 987//1384 973//1418
f 977//1387 980//1423 976//1422
f 972//908 978//910 969//1427
f 971//1428 969//1427 1193//1429
f 978//910 968//1430 969//1427
f 1053//1397 966//1403 1225//1402
f 967//1416 1053//1397 1225//1402
f 965//1431 1189//1432 1190//1433
f 1189//1432 967//1416 1225//1402
f 967//1416 1189//1432 1193//1434
f 1193//1435 1189//1435 965//1435
f 970//1415 967//1416 1193//1434
f 969//1427 968//1430 970//1436
f 1021//1437 1020//1438 1069//1439
f 1067//1440 1065//1441 1068//1442
f 1029//1443 1026//1444 1027//1445
f 1025//1446 1027//1445 1024//1447
f 1068//1442 1024//1447 1026//1444
f 1022//1448 1068//1442 1026//1444
f 1021//1437 1024//1447 1020//1438
f 1022//1448 1026//1444 1030//1449
f 1022//1448 1030//1449 1031//1288
f 1030//1449 1026//1444 1028//1450
f 1032//1292 1028//1450 931//1301
f 1038//1336 1036//1290 1029//1443
f 1036//1290 1028//1450 1029//1443
f 1040//1372 1037//1451 1011//1375
f 1011//1375 1037//1451 1033//1452
f 1069//1439 1066//1453 1064//1390
f 1040//1372 1038//1336 1037//1451
f 1035//1392 1033//1452 1025//1446
f 1034//1393 1025//1446 1021//1437
f 1053//1397 1063//1396 1062//1454
f 1051//1455 1048//1456 1050//1457
f 1050//1458 1049//1459 1052//1345
f 1064//1390 1066//1453 1054//1460
f 1221//1461 1067//1440 1049//1462
f 1048//1463 1047//1464 1221//1465
f 1062//1454 1218//1404 966//1403
f 1060//1348 1050//1457 1052//1349
f 1052//1345 1049//1459 1059//1346
f 1059//1466 1067//1440 1061//1467
f 1057//1468 1056//1469 1058//1470
f 1054//1460 1062//1454 1063//1396
f 1217//1471 1043//1472 1045//1473
f 1043//1472 1203//1474 1044//1475
f 1056//1469 1045//1473 1043//1472
f 1218//1404 1044//1475 1216//1476
f 1042//1477 1219//1478 1045//1473
f 1054//1460 1055//1479 1043//1472
f 1057//1468 1058//1470 1065//1441
f 1065//1441 1058//1470 1068//1442
f 1080//1480 1071//1128 781//1481
f 1080//1125 1083//1127 1079//1482
f 1082//1121 1074//1483 1079//1482
f 1081//1484 1078//1485 1079//1486
f 1152//1487 1075//1488 1082//1121
f 1152//1489 1150//1489 1075//1489
f 1081//1490 1074//1491 1150//1492
f 1081//1490 1150//1492 1145//1493
f 1081//1490 1145//1493 1077//1494
f 1080//1495 1078//1496 1071//1497
f 1071//1497 1078//1496 1077//1498
f 1120//1499 1076//1500 1077//1494
f 1070//1501 1118//1502 1086//1503
f 1091//1504 1118//1502 1076//1500
f 1075//1505 1150//1492 1074//1491
f 1120//1499 1091//1504 1076//1500
f 1086//1506 1085//1507 1088//1129
f 1088//1508 1087//782 1089//1077
f 1087//782 518//333 1072//398
f 498//727 1124//1509 1139//598
f 1125//764 1124//1509 498//727
f 1230//1510 1092//1511 1096//1512
f 1093//1513 1092//1511 1231//1514
f 1091//1504 1090//1515 1096//1512
f 1091//1516 1096//1517 1098//1518
f 1109//1519 1099//1520 1097//1521
f 1096//1512 1092//1511 1093//1513
f 1096//1517 1093//1522 1100//1523
f 1097//1524 1100//1525 1104//1526
f 1098//1518 1100//1523 1102//1527
f 1102//1528 1100//1528 1097//1528
f 1093//1529 1103//1530 1100//1531
f 1107//1532 1106//1533 1094//1534
f 1108//783 1109//1519 1112//752
f 1101//1535 1104//1536 1110//1537
f 1101//1535 1111//1538 1112//752
f 1101//1535 1116//1539 1111//1538
f 1105//1540 1107//1540 1113//1540
f 1111//1538 1114//754 1112//752
f 1095//1541 1091//1542 1098//1543
f 1095//1544 1109//1519 1119//784
f 1118//1502 1095//1544 1085//1545
f 1086//1546 1118//1546 1085//1546
f 1144//1547 908//1322 904//1326
f 1124//1509 1125//764 1127//763
f 1117//779 1114//754 1115//1548
f 1122//1549 1131//1550 1124//1509
f 1115//1548 1116//1539 1123//1551
f 1116//1539 1122//1549 1123//1551
f 1116//1539 1121//1552 1122//1549
f 1121//1552 1131//1550 1122//1549
f 905//1328 1142//1553 1143//1554
f 1141//1555 1144//1547 1137//1556
f 1137//1556 1142//1553 1140//1557
f 1144//1547 1136//1558 1060//1348
f 1138//1559 1134//1560 1140//1561
f 1107//1532 1094//1534 1131//1550
f 1128//1562 1132//1563 1208//1564
f 1129//1565 1130//1566 1060//1348
f 1094//1534 1208//1567 1131//1550
f 1131//1568 1132//1563 1133//1569
f 1135//1570 1131//1568 1133//1569
f 1129//1565 1136//1558 1133//1569
f 1136//1558 1129//1565 1060//1348
f 1124//1509 1134//1560 1138//1559
f 1135//1570 1136//1558 1137//1556
f 1137//1556 1140//1557 1134//1571
f 1124//1509 1138//1559 1139//598
f 1085//1545 1119//784 1087//782
f 811//1162 1166//1572 1163//1217
f 811//1162 1158//1163 1166//1572
f 1158//1573 1159//1574 1165//1575
f 1158//1573 1165//1575 1166//1576
f 1166//1577 1162//1578 1163//1579
f 1162//1578 1165//1580 1155//1581
f 1163//1217 1149//1582 1164//1195
f 1213//1583 1198//1584 1215//1585
f 1163//1579 1162//1578 1149//1586
f 1181//1587 1213//1583 1215//1585
f 1170//1588 1178//1589 1182//1590
f 1175//1591 1178//1592 1170//1593
f 1179//1594 1184//1595 1182//1596
f 1183//1204 1184//1597 1179//1598
f 1185//1599 1180//1600 1181//1587
f 1160//1601 1161//1187 1156//1602
f 1156//1603 1161//1604 1157//1605
f 1156//1606 1157//1605 1159//1607
f 1084//1114 1153//1113 1082//1121
f 1160//1608 1159//1574 1158//1573
f 1154//1609 1246//1610 1155//1581
f 1251//1611 1252//1612 1237//1613
f 1188//1614 1187//1615 1192//1616
f 1152//1617 1147//1618 1151//1619
f 1151//1619 1149//1586 1148//1620
f 1189//1432 1225//1402 1187//1615
f 965//1431 1190//1433 1188//1614
f 1150//1492 1148//1620 1145//1493
f 1148//1620 1155//1581 1145//1493
f 1155//1581 1146//1621 1145//1493
f 1145//1493 1234//1622 1120//1499
f 1187//1615 1214//1623 1213//1583
f 1214//1623 1225//1402 1224//1624
f 1215//1585 1200//1625 1252//1612
f 1182//1596 1215//1585 1252//1612
f 1168//1626 1154//1609 1157//1605
f 1171//1627 1172//1628 1168//1626
f 1173//1629 1174//1630 1169//1631
f 1174//1630 1173//1629 826//1632
f 1169//1633 1170//1588 1182//1590
f 1174//1630 1175//1591 1169//1631
f 1146//1621 1234//1622 1145//1493
f 1176//1634 1171//1627 1168//1626
f 1186//1214 1192//1635 1191//1205
f 1193//1429 1192//1635 846//1146
f 1216//1476 1201//1636 1197//1637
f 1197//1637 1201//1636 1196//1638
f 1197//1637 1196//1638 1249//1639
f 1204//1640 1195//1641 1202//1642
f 1198//1584 1212//1643 1197//1637
f 1244//1644 1250//1645 1194//1646
f 1204//1640 1202//1642 1205//1647
f 1213//1583 1212//1643 1198//1584
f 1205//1647 1202//1642 1206//1648
f 1130//1566 1220//1649 1060//1348
f 1210//1650 1223//1651 1130//1566
f 1210//1652 1211//1653 1223//1654
f 1207//1655 1221//1655 1222//1655
f 1047//1464 1207//1656 1222//1657
f 1200//1625 1215//1585 1199//1658
f 1203//1474 1202//1642 1201//1636
f 1207//1659 1244//1644 1221//1461
f 1221//1461 1204//1640 1067//1440
f 1223//1654 1207//1656 1220//1660
f 1224//1624 1216//1476 1212//1643
f 1051//1455 1220//1649 1048//1456
f 1205//1647 1206//1648 1042//1477
f 1094//1534 1244//1644 1208//1567
f 1128//1562 1209//1661 1210//1652
f 1130//1566 1128//1562 1210//1652
f 1209//1662 1207//1662 1211//1662
f 1210//1652 1209//1661 1211//1653
f 1251//1611 1237//1613 1235//1663
f 1247//1664 1235//1663 1241//1665
f 1232//1666 1231//1514 1228//1667
f 1227//1668 1231//1514 1230//1510
f 1227//1668 1238//1669 1228//1667
f 1229//1670 1238//1669 1227//1668
f 1231//1514 1227//1668 1228//1667
f 1226//1671 1229//1670 1230//1510
f 1232//1666 1244//1644 1094//1534
f 1232//1666 1228//1667 1244//1644
f 1245//1672 1240//1673 1242//1674
f 1242//1674 1244//1644 1245//1672
f 1248//1675 1240//1673 1236//1676
f 1239//1677 1229//1670 1146//1621
f 1226//1671 1230//1510 1233//1678
f 1199//1658 1249//1639 1237//1613
f 1243//1679 1250//1645 1244//1644
f 1250//1645 1248//1675 1195//1641
f 1237//1613 1249//1639 1236//1676
f 1236//1676 1196//1638 1248//1675
f 1234//1622 1146//1621 1226//1671
f 1235//1663 1236//1676 1241//1665
f 1241//1665 1236//1676 1240//1673
f 1239//1677 1241//1665 1238//1669
f 1238//1669 1240//1673 1228//1667
f 24//1 23//3 11//1680
f 26//2 27//18 31//7
f 14//1681 19//15 15//62
f 15//62 24//17 11//63
f 19//15 24//17 15//62
f 9//57 2//42 3//9
f 5//60 9//57 3//9
f 65//14 67//127 29//12
f 14//1681 21//20 19//15
f 18//64 21//20 14//1681
f 22//52 20//19 21//20
f 3//9 4//11 5//60
f 19//15 20//1682 27//16
f 39//21 53//102 37//22
f 64//24 38//27 21//25
f 36//13 22//1683 38//27
f 65//1684 38//27 63//28
f 22//1683 21//25 38//27
f 107//1685 164//216 6//1686
f 165//33 7//1687 6//34
f 7//36 2//39 110//37
f 20//1682 33//45 27//16
f 8//10 2//42 166//44
f 7//222 166//1688 2//1689
f 30//1690 27//16 33//45
f 35//23 30//1690 33//45
f 35//1691 32//30 30//29
f 35//1691 37//53 32//30
f 20//19 36//48 33//47
f 36//48 29//122 34//49
f 52//54 37//53 53//1692
f 23//5 111//4 10//58
f 10//58 11//1680 23//3
f 9//57 1//59 2//42
f 13//65 15//62 12//61
f 11//63 5//60 15//62
f 9//57 11//1680 10//58
f 15//62 13//65 14//1681
f 18//64 14//1681 13//65
f 5//60 17//67 12//61
f 4//11 17//67 5//60
f 16//66 13//65 12//61
f 17//51 4//71 172//70
f 59//75 297//74 60//1693
f 297//77 298//421 299//80
f 61//76 60//1694 297//77
f 62//78 297//77 299//80
f 300//113 62//91 296//420
f 59//82 60//1694 61//76
f 58//1695 64//24 57//1696
f 43//84 287//111 70//85
f 48//89 50//92 41//94
f 63//28 58//1695 61//90
f 64//24 58//1695 63//28
f 52//54 53//1692 45//107
f 64//24 203//245 57//1696
f 57//96 173//98 59//82
f 202//99 200//303 173//98
f 46//86 49//106 43//84
f 47//100 41//94 43//117
f 49//104 47//100 43//117
f 53//102 39//21 54//103
f 54//103 48//89 47//100
f 53//1692 55//105 45//107
f 45//107 49//106 46//86
f 43//117 41//94 42//118
f 287//119 42//118 283//411
f 39//121 56//87 54//103
f 40//120 39//121 34//49
f 42//116 44//93 282//114
f 67//124 65//1684 63//28
f 40//126 29//12 67//127
f 66//129 56//128 67//127
f 63//28 301//406 44//93
f 285//123 44//93 301//406
f 51//88 66//129 63//28
f 50//92 51//88 63//28
f 72//56 45//95 69//110
f 93//159 68//1697 72//1698
f 73//132 74//130 350//131
f 70//85 286//112 350//131
f 71//109 70//85 350//131
f 79//150 113//134 28//8
f 113//134 25//6 28//8
f 80//140 81//165 112//141
f 609//830 105//137 607//142
f 73//132 348//133 102//138
f 85//161 84//1699 113//134
f 28//8 68//1697 93//159
f 93//159 72//1698 69//152
f 93//159 69//152 74//130
f 88//153 82//155 77//180
f 90//156 91//144 89//154
f 78//151 88//153 77//180
f 94//157 88//153 78//151
f 88//153 94//157 90//156
f 92//158 74//130 103//143
f 93//159 79//150 28//8
f 92//160 94//157 93//159
f 84//1699 263//190 113//134
f 83//163 78//151 77//180
f 81//165 86//162 83//163
f 95//171 100//168 98//167
f 100//168 218//170 97//166
f 588//172 105//137 609//830
f 106//193 96//182 97//166
f 109//350 76//147 114//173
f 76//147 246//355 218//170
f 80//140 84//177 85//164
f 219//139 84//177 80//140
f 106//193 112//141 96//182
f 81//165 82//155 96//182
f 83//163 82//155 81//165
f 101//169 100//168 604//181
f 76//147 101//169 604//181
f 603//794 100//168 588//172
f 100//168 603//794 604//181
f 95//171 99//135 105//137
f 96//182 82//155 91//144
f 116//183 114//173 120//184
f 108//195 116//183 115//185
f 246//355 76//147 109//350
f 120//184 119//176 75//175
f 120//184 75//175 565//186
f 565//186 75//175 118//187
f 259//395 261//189 263//190
f 106//193 252//200 112//141
f 255//374 112//141 252//200
f 240//192 242//199 106//193
f 240//192 97//166 218//170
f 219//139 112//141 255//374
f 109//350 224//1700 221//351
f 222//197 116//183 225//194
f 114//173 222//197 224//1700
f 115//185 565//186 108//195
f 263//178 219//139 254//371
f 113//134 110//191 111//4
f 116//183 222//197 114//173
f 109//350 114//173 224//1700
f 113//134 107//202 110//191
f 137//244 135//206 131//278
f 135//206 143//258 136//207
f 135//206 138//241 143//258
f 131//278 135//206 132//208
f 138//241 135//206 137//244
f 163//211 148//210 162//1701
f 149//1702 162//1701 148//210
f 107//1685 161//214 164//216
f 7//222 162//224 149//1703
f 7//222 149//1703 166//1688
f 159//271 172//70 160//72
f 157//1704 159//240 158//221
f 134//230 140//233 139//227
f 157//1705 158//1706 153//263
f 128//229 142//232 134//230
f 132//203 143//1707 142//204
f 143//1707 140//233 142//204
f 138//241 144//256 143//258
f 169//242 195//236 170//69
f 170//69 155//237 154//243
f 155//237 170//69 171//238
f 160//43 166//44 159//240
f 154//243 169//242 170//69
f 169//242 168//1708 195//236
f 133//279 169//242 137//244
f 133//279 168//1709 169//242
f 152//235 149//220 148//255
f 145//251 141//228 140//233
f 140//233 143//1707 150//1710
f 140//233 150//1710 151//259
f 151//259 152//235 140//233
f 144//256 154//265 150//257
f 155//262 156//1711 153//263
f 156//239 171//238 157//1712
f 167//268 122//267 192//1713
f 123//247 126//273 124//269
f 151//264 150//257 155//262
f 157//1705 153//263 156//1711
f 171//238 159//271 157//1712
f 171//238 170//69 172//68
f 124//269 128//229 127//231
f 195//282 168//1709 167//283
f 129//275 189//277 122//1714
f 167//283 168//1709 133//279
f 126//273 123//247 129//274
f 129//275 122//1714 130//281
f 126//280 129//275 130//281
f 130//281 132//203 128//205
f 194//285 195//282 192//284
f 194//1715 432//287 195//236
f 192//1713 190//326 186//297
f 191//325 192//1713 122//267
f 191//325 190//326 192//1713
f 432//287 193//289 177//318
f 177//318 178//290 432//287
f 187//293 181//295 121//218
f 193//296 185//298 177//318
f 202//99 201//299 200//303
f 201//299 199//1716 198//302
f 200//300 198//1717 196//301
f 185//298 176//307 177//318
f 184//308 181//327 183//306
f 185//298 184//308 176//307
f 183//306 175//309 176//307
f 195//236 197//314 199//305
f 198//302 199//1716 197//320
f 173//73 196//301 440//315
f 181//295 180//294 183//312
f 180//294 174//330 175//311
f 178//290 425//319 428//625
f 177//318 176//307 425//319
f 196//321 197//320 438//322
f 195//236 434//288 438//313
f 424//310 175//309 407//1718
f 188//246 121//218 181//295
f 189//277 184//308 185//298
f 188//276 181//327 189//277
f 175//311 174//330 406//328
f 182//292 206//335 204//317
f 206//335 179//331 204//317
f 247//225 141//228 208//249
f 208//338 260//337 247//366
f 755//1069 264//341 209//340
f 211//342 212//345 266//343
f 221//351 211//342 267//344
f 161//348 214//201 213//252
f 246//355 109//350 267//344
f 221//353 224//1700 222//197
f 208//249 146//248 213//252
f 214//201 260//337 213//252
f 261//189 260//337 214//201
f 254//371 219//139 255//374
f 215//346 216//352 210//347
f 212//345 211//342 215//346
f 213//252 147//253 148//349
f 206//335 207//1719 125//364
f 244//363 243//357 267//344
f 240//360 246//355 245//356
f 245//356 246//355 267//344
f 125//270 127//272 247//225
f 238//358 243//357 743//1024
f 238//358 743//1024 725//386
f 227//399 406//328 206//335
f 234//380 249//383 248//1720
f 233//1721 234//380 248//1720
f 241//367 248//1720 250//368
f 242//199 241//367 252//200
f 252//370 251//369 253//372
f 254//371 255//374 253//372
f 256//1722 248//1720 249//383
f 256//1722 250//368 248//1720
f 257//375 250//368 256//1722
f 251//369 257//375 253//372
f 258//373 259//1723 254//371
f 206//335 205//336 207//1719
f 234//380 233//1721 232//377
f 227//399 235//382 229//376
f 229//376 235//382 231//379
f 235//382 236//381 231//379
f 236//381 249//383 234//380
f 235//382 227//399 206//335
f 236//381 206//335 237//365
f 262//384 212//345 265//339
f 266//343 212//345 262//384
f 267//344 266//343 756//385
f 753//388 265//339 264//341
f 239//390 719//389 228//1724
f 232//392 239//390 228//1724
f 238//1725 230//391 240//192
f 240//192 232//392 241//367
f 241//367 232//392 233//1726
f 259//1723 263//178 254//371
f 241//367 233//1726 248//1720
f 242//199 240//192 241//367
f 743//1024 243//357 746//362
f 256//393 249//1727 237//365
f 257//1728 256//393 260//337
f 258//394 257//1728 260//337
f 753//388 756//385 262//384
f 725//386 720//397 719//396
f 719//396 1072//398 773//332
f 226//400 495//712 406//328
f 280//405 301//406 300//113
f 301//406 284//407 285//123
f 284//407 280//1729 275//414
f 282//114 285//123 281//408
f 281//408 284//407 275//414
f 283//411 282//1730 281//413
f 275//414 280//1729 279//1731
f 274//436 279//1731 272//431
f 298//1732 297//74 293//1733
f 295//433 296//81 293//422
f 295//433 293//422 292//434
f 275//414 279//1731 274//436
f 274//436 272//431 268//432
f 277//417 276//445 273//1734
f 277//415 275//414 271//426
f 277//415 271//426 276//425
f 275//414 274//436 271//426
f 288//409 343//1735 345//410
f 291//1736 288//409 294//419
f 295//423 291//1736 294//419
f 347//418 277//417 273//1734
f 273//439 269//444 385//440
f 273//1734 276//445 269//447
f 286//112 287//111 349//416
f 269//447 270//446 331//442
f 339//430 337//1737 270//427
f 271//426 339//430 270//427
f 300//113 294//419 288//409
f 297//74 289//316 293//1733
f 293//1733 289//316 292//1738
f 291//1736 290//1739 288//409
f 290//641 291//435 289//449
f 444//642 290//641 289//449
f 320//517 315//516 314//461
f 307//458 306//1740 311//453
f 317//452 316//457 311//453
f 313//459 306//464 310//460
f 288//409 494//451 308//1741
f 288//409 342//485 343//1735
f 308//462 307//1742 316//471
f 341//472 316//471 317//452
f 318//455 341//472 317//452
f 309//466 304//469 303//473
f 270//446 337//1743 331//442
f 288//409 308//1741 341//484
f 344//477 345//402 343//475
f 335//429 340//428 344//512
f 329//487 333//511 328//483
f 325//492 332//491 333//495
f 308//462 488//463 307//1742
f 307//458 488//1744 305//470
f 306//1740 307//458 305//470
f 323//499 342//500 341//472
f 342//500 323//499 327//501
f 343//475 327//501 338//476
f 305//470 485//1745 304//469
f 488//1744 485//1745 305//470
f 304//1746 485//676 486//675
f 303//503 486//502 302//1747
f 333//511 332//494 328//483
f 335//429 326//497 334//496
f 302//1748 481//671 483//591
f 331//442 337//1743 336//510
f 327//519 323//514 324//493
f 327//519 324//493 326//497
f 324//493 323//514 315//1749
f 337//1737 339//430 334//496
f 334//496 336//509 337//1737
f 325//492 326//497 324//493
f 322//490 324//493 315//516
f 323//514 314//456 315//1749
f 319//520 309//466 400//474
f 319//518 310//467 309//466
f 321//482 320//515 319//518
f 330//489 367//488 384//563
f 346//443 331//442 330//489
f 346//443 330//489 384//563
f 348//133 389//523 387//524
f 385//440 384//563 390//522
f 350//131 286//112 349//416
f 348//133 350//131 349//416
f 349//416 390//522 348//133
f 390//522 347//438 385//440
f 379//525 377//561 375//526
f 962//179 387//524 374//530
f 351//1750 928//1340 929//528
f 375//526 372//559 374//530
f 387//524 375//526 374//530
f 383//572 379//525 388//534
f 387//524 388//534 379//525
f 371//540 507//538 514//555
f 357//542 404//536 356//535
f 384//563 383//573 388//534
f 352//527 351//547 929//528
f 351//1750 403//1751 402//583
f 368//552 948//529 369//549
f 362//1752 399//1753 404//536
f 362//1752 404//536 357//542
f 363//554 362//1752 357//542
f 359//543 363//554 357//542
f 353//566 399//579 362//567
f 370//551 369//549 949//548
f 368//552 355//556 352//527
f 371//540 355//556 368//552
f 928//1340 351//1750 402//583
f 928//1340 402//583 401//580
f 954//533 386//531 370//551
f 372//559 371//540 370//551
f 386//531 374//530 370//551
f 376//560 361//557 377//561
f 390//522 388//534 389//523
f 380//1754 360//544 381//564
f 354//479 321//478 405//521
f 380//1754 364//553 360//544
f 366//486 354//479 353//566
f 382//565 378//562 383//572
f 366//486 328//480 354//479
f 365//570 381//1755 382//574
f 365//570 380//571 381//1755
f 551//772 404//536 399//1753
f 319//520 400//474 405//521
f 405//521 400//474 353//566
f 501//576 555//577 399//579
f 393//575 353//566 400//474
f 400//474 303//473 393//575
f 512//595 398//584 352//527
f 403//1751 398//1756 402//583
f 404//536 550//771 508//537
f 514//555 542//751 355//556
f 402//583 398//1756 397//590
f 397//590 395//585 402//583
f 402//583 395//585 394//581
f 512//1757 392//1757 398//1757
f 398//1756 392//597 397//590
f 397//590 396//589 395//585
f 396//589 391//587 395//585
f 392//597 513//588 397//590
f 393//575 303//473 302//1748
f 393//575 302//1748 483//591
f 550//771 549//777 508//537
f 406//328 496//713 423//599
f 416//719 408//601 409//600
f 416//612 409//600 411//603
f 441//638 442//1758 289//316
f 444//642 289//449 442//644
f 290//1739 443//450 288//409
f 413//607 412//629 411//608
f 415//637 414//633 413//639
f 433//606 415//1759 429//1760
f 430//605 415//1759 433//606
f 434//288 432//287 431//604
f 431//604 427//610 422//611
f 417//1761 416//612 418//627
f 430//605 421//619 415//1759
f 437//626 435//614 494//451
f 437//626 439//618 435//614
f 434//1762 439//617 440//323
f 438//322 434//1762 440//323
f 415//637 458//640 429//620
f 173//73 289//316 297//74
f 428//625 426//624 427//610
f 437//615 441//645 436//616
f 437//615 443//643 441//645
f 412//629 418//628 410//631
f 419//623 412//632 420//634
f 419//630 423//636 418//628
f 424//324 426//624 425//319
f 424//310 407//1718 423//636
f 418//627 423//599 496//713
f 496//713 417//1761 418//627
f 420//634 414//633 421//619
f 440//315 436//1763 441//638
f 429//620 458//640 453//621
f 443//643 444//642 442//644
f 474//650 473//646 476//648
f 476//648 472//647 490//1764
f 475//705 464//651 474//650
f 458//609 411//608 452//668
f 453//621 458//609 452//668
f 477//659 479//1765 480//660
f 470//649 461//702 471//654
f 455//663 459//622 453//621
f 454//665 453//621 452//668
f 482//508 480//1766 479//672
f 464//651 463//698 470//649
f 463//703 461//702 470//649
f 481//671 500//670 483//591
f 478//674 480//1767 486//675
f 484//690 478//661 485//1745
f 452//1768 448//683 450//684
f 450//684 449//677 451//679
f 448//685 445//717 539//686
f 486//675 480//1767 482//1769
f 485//1745 487//688 484//690
f 488//1744 487//688 485//1745
f 469//687 477//659 478//661
f 468//657 469//687 478//661
f 490//1764 472//647 489//1770
f 494//451 493//1771 492//704
f 492//704 476//695 494//451
f 487//498 494//451 490//696
f 456//664 455//663 465//697
f 491//701 459//700 457//708
f 429//1760 459//700 433//606
f 452//1768 445//1772 448//683
f 411//603 446//602 452//1768
f 465//697 454//665 461//702
f 475//705 474//650 492//704
f 464//651 466//699 463//698
f 446//602 445//1772 452//1768
f 447//682 557//756 460//758
f 451//679 447//678 460//707
f 462//1773 460//758 502//757
f 461//673 460//707 462//706
f 462//1773 502//757 467//1774
f 493//710 456//709 466//711
f 493//710 466//711 492//704
f 494//451 491//1775 493//1771
f 494//451 433//606 491//1775
f 495//712 520//334 519//714
f 496//713 519//714 497//716
f 497//716 537//715 408//601
f 408//601 539//686 446//602
f 416//719 497//716 408//601
f 469//691 467//1774 509//692
f 467//1774 502//757 509//692
f 509//692 502//757 554//720
f 549//777 548//593 508//537
f 507//538 524//721 514//555
f 504//726 511//730 506//732
f 511//730 499//725 503//723
f 504//726 499//725 511//730
f 509//692 500//592 477//693
f 506//594 541//729 504//1776
f 559//724 558//728 499//725
f 352//527 541//729 506//594
f 551//772 550//771 404//536
f 501//576 554//720 555//577
f 500//592 554//720 501//576
f 510//731 511//730 503//723
f 510//731 503//723 505//722
f 514//555 524//721 542//751
f 513//588 506//732 511//730
f 537//715 519//714 534//733
f 536//767 532//738 533//765
f 535//737 532//738 536//767
f 535//737 531//736 532//738
f 534//1777 529//735 535//737
f 519//714 529//735 534//1777
f 532//738 527//739 533//765
f 531//736 530//743 527//739
f 529//735 530//743 531//736
f 529//735 517//744 530//743
f 528//745 525//746 524//721
f 528//745 526//741 525//746
f 517//744 516//749 525//746
f 515//750 1108//783 523//747
f 542//751 521//748 522//755
f 525//746 521//748 524//721
f 1117//779 522//755 1114//754
f 521//753 1112//752 522//755
f 1112//752 523//747 1108//783
f 537//715 535//734 538//759
f 355//556 542//751 541//729
f 504//1776 541//729 559//762
f 559//724 540//780 558//728
f 556//681 539//686 538//759
f 557//756 538//759 554//720
f 557//756 556//681 538//759
f 538//759 536//760 553//769
f 541//729 522//755 1117//779
f 554//720 547//1778 552//768
f 554//720 553//769 547//1778
f 553//766 545//776 547//773
f 550//771 552//770 546//774
f 546//774 549//777 550//771
f 547//773 545//776 546//774
f 544//778 548//593 546//774
f 545//776 528//745 544//778
f 528//745 524//721 544//778
f 522//755 541//729 542//751
f 558//728 1126//781 1127//763
f 518//333 517//1779 529//735
f 518//1780 516//1780 517//1780
f 516//749 1119//784 1108//783
f 578//788 582//791 579//824
f 577//785 580//792 578//788
f 578//788 580//792 582//791
f 580//792 581//790 582//791
f 118//187 581//790 580//792
f 75//175 581//790 118//187
f 75//175 87//174 584//145
f 577//785 578//788 117//188
f 605//793 602//823 583//789
f 597//808 605//793 603//794
f 584//145 604//181 605//793
f 713//796 711//803 567//797
f 597//808 588//172 599//806
f 769//1080 561//810 874//804
f 564//813 562//815 560//809
f 562//815 573//821 561//810
f 561//810 573//821 569//819
f 564//813 575//857 574//820
f 595//1781 602//823 597//808
f 592//825 602//823 595//854
f 579//824 602//823 592//825
f 582//791 583//789 579//824
f 590//1782 600//1782 586//1782
f 585//835 622//1783 619//826
f 585//835 619//826 623//828
f 608//831 607//142 610//832
f 585//869 606//1784 624//870
f 589//844 600//843 590//1785
f 600//851 599//806 586//845
f 594//847 596//842 589//844
f 595//1781 597//808 599//806
f 594//855 595//854 599//806
f 594//855 599//806 596//850
f 624//837 587//836 617//892
f 592//825 595//854 593//853
f 593//1786 598//1786 698//1786
f 592//825 593//853 591//786
f 591//786 593//853 698//1787
f 691//787 591//786 698//1787
f 578//788 576//861 575//822
f 590//840 585//835 623//828
f 590//840 586//845 587//833
f 586//845 601//805 587//833
f 588//172 609//830 601//805
f 598//848 696//849 698//1787
f 565//186 575//822 563//816
f 576//863 568//798 572//864
f 572//864 568//798 567//797
f 572//864 570//865 571//858
f 571//858 570//865 569//819
f 569//819 570//1788 566//800
f 570//1788 567//801 566//800
f 622//1789 621//1789 619//1789
f 613//1280 621//1790 617//892
f 613//875 616//1791 620//876
f 620//872 616//1792 615//873
f 618//1793 674//887 614//893
f 618//1794 611//884 1019//906
f 615//886 616//1795 614//893
f 612//882 611//884 616//883
f 624//837 617//892 621//1790
f 607//142 960//532 610//832
f 610//832 960//532 961//1331
f 613//881 897//1278 612//882
f 612//882 901//1277 611//884
f 1019//906 611//884 900//1275
f 663//894 664//1796 662//1797
f 672//897 664//1796 663//894
f 672//1798 1010//1798 664//1798
f 674//887 670//1799 673//902
f 1019//1800 670//1799 674//887
f 668//904 671//896 667//895
f 671//896 676//903 677//905
f 673//1801 670//1801 1010//1801
f 1009//900 670//899 1016//907
f 693//829 678//827 677//905
f 985//909 986//922 981//911
f 983//923 981//911 986//922
f 692//912 676//903 668//904
f 629//992 628//952 847//916
f 631//915 627//914 625//951
f 627//1802 640//1802 972//1802
f 625//951 847//916 628//952
f 627//914 971//1803 625//951
f 971//1803 844//1804 625//951
f 971//1428 972//908 969//1427
f 632//1805 985//1805 631//1805
f 633//944 632//1806 631//953
f 633//944 631//953 634//941
f 635//1807 986//1807 633//1807
f 652//1808 647//1808 649//1808
f 652//935 645//934 648//940
f 634//941 653//931 646//964
f 650//927 653//931 634//941
f 634//941 639//955 650//927
f 645//934 649//933 995//1364
f 645//934 995//1364 993//1809
f 647//930 648//929 643//1810
f 648//1811 642//1811 643//1811
f 642//939 644//943 643//1812
f 643//937 636//945 634//941
f 645//934 993//1809 642//939
f 643//1813 644//1813 636//1813
f 644//1814 637//1814 636//1814
f 995//1364 649//933 996//1365
f 637//942 982//954 983//923
f 638//950 983//923 635//924
f 642//939 991//1382 982//954
f 640//1815 627//1815 985//1815
f 632//1816 633//1816 986//1816
f 631//953 639//955 634//941
f 649//933 655//1400 996//1365
f 641//1011 639//955 628//952
f 679//981 665//959 653//931
f 660//961 1010//898 1009//900
f 654//966 646//938 667//895
f 657//1817 656//1817 654//1817
f 657//1818 1003//971 656//1819
f 661//1820 659//1820 657//1820
f 661//1821 660//1821 659//1821
f 661//975 657//969 667//895
f 663//894 662//1797 661//975
f 660//961 664//976 1010//898
f 656//1819 1003//971 655//1400
f 578//788 685//989 681//982
f 698//1787 696//849 691//787
f 695//985 694//859 692//912
f 683//983 695//985 692//912
f 687//988 695//985 688//986
f 679//981 653//931 651//926
f 685//989 682//977 681//982
f 684//978 669//957 679//981
f 684//978 687//988 688//986
f 686//990 685//989 578//788
f 686//990 690//987 689//984
f 641//1011 628//952 630//991
f 630//991 707//993 641//1011
f 708//1002 707//993 700//994
f 708//1002 700//994 865//1001
f 699//1003 867//1007 708//1002
f 867//1007 699//1003 863//1228
f 706//997 705//996 701//1005
f 867//1007 710//1010 708//1002
f 706//1000 703//1015 704//999
f 870//1008 706//997 701//1005
f 715//925 650//927 639//955
f 707//993 715//925 641//1011
f 578//788 716//1017 701//1005
f 717//980 710//1010 709//1009
f 709//1009 716//1017 717//980
f 715//925 680//979 651//926
f 681//982 717//980 716//1017
f 705//996 714//860 701//1005
f 714//860 578//788 701//1005
f 745//1022 743//1024 746//362
f 746//362 747//361 745//1022
f 742//1027 739//1033 740//1021
f 750//1030 742//1027 749//1026
f 750//1030 752//1068 223//196
f 744//1031 734//1040 732//1025
f 732//1025 724//1052 720//397
f 742//1027 741//1029 739//1033
f 737//1036 740//1021 739//1033
f 738//1822 735//1041 737//1043
f 736//1038 878//1064 727//1066
f 727//1049 735//1045 736//1823
f 734//1824 733//1824 731//1824
f 735//1045 727//1049 730//1046
f 734//1040 731//1051 732//1025
f 730//1046 729//1050 723//1825
f 759//1074 761//1057 758//1056
f 760//1055 761//1057 757//1085
f 724//1826 730//1826 723//1826
f 741//1029 879//1827 728//1035
f 728//1035 879//1827 878//1064
f 736//1038 728//1035 878//1064
f 726//1065 876//1062 729//1059
f 721//1060 876//1062 875//1095
f 747//361 748//1023 745//1022
f 756//385 748//1023 747//361
f 751//1067 749//1026 748//1023
f 752//1068 751//1067 754//1094
f 754//1094 751//1067 753//388
f 755//1069 752//1068 754//1094
f 724//1052 722//1063 720//397
f 724//1052 723//1061 722//1063
f 763//1058 762//1828 759//1829
f 718//1830 775//1070 774//1072
f 722//1831 718//1831 774//1831
f 772//814 560//809 770//1079
f 770//811 561//810 769//1080
f 769//1080 874//804 765//1083
f 768//1091 771//1078 770//1079
f 768//1091 770//1079 767//1093
f 767//1081 769//1080 765//1083
f 763//1058 766//1090 762//1828
f 765//1083 760//1055 757//1085
f 223//196 768//1082 763//1058
f 764//1075 766//1086 765//1092
f 722//1088 786//1832 775//1089
f 755//1069 209//340 223//196
f 721//1060 783//1096 784//1107
f 223//196 763//1058 750//1030
f 786//1097 721//1060 784//1107
f 787//1103 778//1102 782//1833
f 777//1098 781//1834 787//1099
f 781//1834 780//1835 787//1099
f 775//1836 786//1836 781//1836
f 784//1105 780//1837 781//1106
f 785//1838 779//1118 793//1123
f 796//1116 792//1124 780//1108
f 777//1126 782//1839 776//1122
f 776//1122 782//1839 779//1840
f 777//1841 1080//1480 781//1481
f 778//1117 792//1124 793//1123
f 776//1122 1083//1127 1080//1125
f 781//1481 1071//1128 1073//1071
f 1072//398 1089//1077 1087//782
f 775//1070 781//1481 1073//1071
f 1089//1077 774//1076 1073//1842
f 1073//1842 1088//1508 1089//1077
f 795//1246 797//1130 796//1116
f 796//1116 794//1131 792//1124
f 1153//1113 798//1843 791//1844
f 1153//1113 791//1844 1152//1487
f 1164//1195 1147//1845 791//1844
f 796//1116 783//1096 795//1246
f 798//1846 789//1846 791//1846
f 815//1136 788//1133 794//1131
f 881//1138 815//1136 794//1131
f 814//1160 813//1159 1167//1216
f 844//1150 848//1149 843//1847
f 847//916 625//951 832//1152
f 841//1153 849//917 847//916
f 846//1146 1192//1635 1186//1214
f 1186//1848 845//1848 846//1848
f 844//1804 843//1157 832//1152
f 811//1165 812//1158 814//1160
f 626//1145 971//1428 846//1146
f 810//1849 809//1143 812//1166
f 809//1143 788//1144 812//1166
f 1177//1173 818//1179 827//1850
f 825//1851 834//1851 826//1851
f 829//1175 830//1219 822//1176
f 829//1175 819//1177 828//1190
f 827//1850 818//1179 820//1852
f 823//1180 822//1176 825//1181
f 821//1853 824//1854 826//1632
f 823//1180 819//1177 822//1176
f 820//1852 819//1177 823//1180
f 820//1852 818//1179 819//1177
f 815//1136 816//1189 803//1137
f 806//1201 805//1191 807//1192
f 807//1855 801//1197 806//1856
f 791//1844 790//1194 1164//1195
f 805//1191 818//1179 808//1172
f 821//1853 826//1632 1173//1629
f 801//1197 807//1855 802//1185
f 805//1198 819//1177 818//1179
f 816//1189 817//1241 828//1190
f 1167//1216 806//1856 801//1197
f 834//1857 825//1181 835//1207
f 826//1632 834//1858 836//1202
f 836//1202 1183//1204 826//1632
f 836//1209 835//1207 837//1210
f 837//1859 833//1859 839//1859
f 837//1203 839//1860 1186//1214
f 841//1153 832//1152 840//1215
f 1164//1195 1149//1582 1147//1845
f 971//1428 1193//1429 846//1146
f 801//1197 1160//1601 1167//1216
f 822//1176 840//1215 833//1206
f 830//1219 840//1215 822//1176
f 844//1804 832//1152 625//951
f 838//1156 845//1154 1186//1861
f 853//1220 864//1227 854//1221
f 853//1220 842//1218 850//1234
f 852//1004 866//1006 857//1226
f 850//1234 842//1218 830//1219
f 854//1221 841//1153 842//1218
f 866//1006 867//1007 863//1228
f 759//1054 860//1862 852//1004
f 860//1230 759//1074 758//1056
f 760//1055 859//1231 758//1056
f 860//1862 872//1235 852//1004
f 864//1227 865//1001 862//995
f 864//1227 862//995 854//1221
f 872//1238 869//1232 871//1237
f 870//1016 871//1237 873//1014
f 862//995 861//918 854//1221
f 859//1239 760//1055 874//804
f 861//918 849//917 841//1153
f 850//1234 830//1219 831//1242
f 880//1243 828//1190 817//1241
f 817//1241 816//1189 815//1136
f 880//1243 829//1175 828//1190
f 831//1242 830//1219 829//1175
f 800//1132 797//1130 875//1095
f 882//1245 851//1223 831//1242
f 890//1244 891//1225 851//1223
f 831//1242 851//1223 850//1234
f 800//1132 884//1248 881//1138
f 876//1062 800//1132 875//1095
f 877//1249 800//1132 876//1062
f 883//1250 877//1249 878//1064
f 883//1250 885//1247 877//1249
f 877//1249 876//1062 726//1065
f 852//1004 892//1251 887//1252
f 878//1064 879//1827 888//1028
f 741//1029 888//1028 879//1827
f 750//1030 889//1253 888//1028
f 852//1004 887//1252 889//1253
f 888//1028 889//1253 883//1250
f 897//1254 899//1863 898//1255
f 956//1258 899//1257 957//1864
f 955//1262 895//1268 956//1260
f 899//1863 895//1865 898//1255
f 894//1267 1018//1266 893//1866
f 1017//1276 900//1275 893//1867
f 1017//1868 893//1868 1018//1868
f 902//1265 1015//1269 1018//1266
f 901//1277 896//1869 894//1870
f 897//1278 896//1869 901//1277
f 897//1279 903//891 899//1284
f 897//1279 617//892 903//891
f 899//1284 964//890 963//1285
f 964//889 610//832 961//1331
f 931//1301 930//1295 1032//1292
f 931//1301 1028//1450 1036//1290
f 941//1289 931//1301 1036//1290
f 917//1287 1061//1467 1031//1288
f 930//1295 932//1293 1032//1292
f 933//1297 923//1294 932//1293
f 933//1297 934//1299 923//1294
f 937//1303 936//1298 933//1297
f 939//1307 937//1303 938//1305
f 940//1308 939//1307 938//1305
f 941//1312 938//1871 931//1872
f 941//1312 940//1311 938//1871
f 944//1313 942//1306 943//1309
f 945//1873 943//1310 941//1312
f 945//1344 941//1289 1039//1291
f 947//550 946//1316 939//1307
f 908//1322 1060//1348 916//1359
f 907//1321 909//1320 906//1329
f 905//1328 904//1330 906//1329
f 905//586 1138//1559 1142//1874
f 963//1285 964//890 952//1333
f 963//1281 959//1875 953//1282
f 936//1298 926//1341 924//1314
f 936//1298 927//1335 926//1341
f 946//1316 948//529 927//1335
f 949//548 948//529 946//1316
f 960//532 954//533 958//1337
f 951//1876 952//1332 958//1337
f 929//528 927//1335 948//529
f 927//1335 929//528 926//1341
f 926//1341 928//1340 921//1317
f 951//1877 943//1877 945//1877
f 950//1261 952//1332 945//1344
f 952//1332 951//1876 945//1344
f 958//1337 944//1313 951//1876
f 950//1261 953//1338 952//1332
f 926//1341 921//1317 925//1318
f 923//1294 924//1314 922//1343
f 923//1294 920//582 1031//1288
f 958//1337 947//550 944//1313
f 958//1337 954//533 947//550
f 912//1347 1061//1351 914//1352
f 918//1357 913//1353 919//1356
f 909//1320 915//1363 919//1356
f 920//582 910//1878 919//1879
f 905//586 910//1878 920//582
f 920//582 919//1879 917//1287
f 956//1260 957//1880 953//1338
f 996//1395 990//1379 994//1881
f 1009//1882 1014//1371 1005//1369
f 1041//1883 955//1262 1038//1336
f 999//1373 1011//1375 1035//1392
f 1014//1376 1016//907 1012//1378
f 1012//1884 1015//1269 1014//1371
f 1017//1276 1013//1377 1016//907
f 995//1364 992//1367 993//1885
f 994//1881 990//1379 992//1381
f 993//1885 992//1367 991//1382
f 992//1381 984//1380 988//1386
f 991//1382 642//939 993//1809
f 991//1382 988//1383 977//1388
f 1011//1375 1033//1452 1035//1392
f 989//1385 1034//1393 1023//1389
f 996//1395 1001//1886 1000//1394
f 996//1365 1002//1401 1001//1887
f 1063//1396 1064//1390 1054//1460
f 1018//1266 1015//1269 1012//1884
f 1002//1401 997//1407 1001//1887
f 1004//1888 1000//1394 997//1889
f 1004//1406 1006//962 998//1410
f 1007//1412 1000//1394 1004//1888
f 1008//1890 1007//1409 1006//962
f 1008//1370 1005//1369 1007//1412
f 1006//962 1002//1401 1003//971
f 973//1391 1064//1390 1063//1396
f 979//1420 975//1891 978//910
f 980//1426 973//1418 974//1414
f 979//1420 980//1892 975//1891
f 981//911 976//1425 979//1420
f 984//1380 987//1384 980//1426
f 977//1387 984//1380 980//1423
f 982//954 977//1388 976//1425
f 969//1427 970//1893 1193//1429
f 1031//1288 1067//1440 1022//1448
f 1024//1447 1068//1442 1058//1470
f 1024//1447 1058//1470 1020//1438
f 1020//1438 1058//1470 1056//1469
f 1038//1336 1039//1291 1036//1290
f 1027//1445 1026//1444 1024//1447
f 1022//1448 1067//1440 1068//1442
f 1021//1437 1025//1446 1024//1447
f 1028//1450 1031//1288 1030//1449
f 1028//1450 1032//1292 1031//1288
f 1026//1444 1029//1443 1028//1450
f 1037//1451 1038//1336 1029//1443
f 1033//1452 1037//1451 1029//1443
f 1033//1452 1029//1443 1027//1445
f 1038//1336 955//1262 950//1261
f 1023//1389 1069//1439 1064//1390
f 1069//1439 1023//1389 1021//1437
f 1033//1452 1027//1445 1025//1446
f 1040//1372 1041//1883 1038//1336
f 1035//1392 1025//1446 1034//1393
f 1023//1389 1034//1393 1021//1437
f 1054//1460 1066//1453 1055//1479
f 1062//1454 1044//1475 1218//1404
f 1050//1458 1048//1463 1049//1459
f 1049//1459 1048//1463 1221//1465
f 1047//1464 1222//1657 1221//1465
f 1048//1456 1220//1649 1047//1894
f 966//1403 1053//1397 1062//1454
f 1060//1348 1051//1455 1050//1457
f 1059//1466 1049//1462 1067//1440
f 1067//1440 1057//1468 1065//1441
f 1067//1440 1046//1895 1057//1468
f 1055//1479 1056//1469 1043//1472
f 1061//1467 1067//1440 1031//1288
f 1044//1475 1062//1454 1054//1460
f 1067//1440 1204//1640 1046//1895
f 1219//1478 1217//1471 1045//1473
f 1204//1640 1042//1477 1046//1895
f 1204//1640 1205//1647 1042//1477
f 1042//1477 1206//1648 1219//1478
f 1057//1468 1046//1895 1056//1469
f 1056//1469 1046//1895 1045//1473
f 1217//1471 1203//1474 1043//1472
f 1216//1476 1044//1475 1203//1474
f 1046//1895 1042//1477 1045//1473
f 1044//1475 1054//1460 1043//1472
f 1066//1453 1069//1439 1055//1479
f 1055//1479 1020//1438 1056//1469
f 1069//1439 1020//1438 1055//1479
f 1083//1127 1082//1121 1079//1482
f 1081//1490 1079//1896 1074//1491
f 1081//1484 1077//1897 1078//1485
f 1082//1898 1075//1898 1074//1898
f 1077//1494 1145//1493 1120//1499
f 1080//1495 1079//1899 1078//1496
f 1071//1900 1077//1900 1076//1900
f 1071//1901 1076//1901 1070//1901
f 1070//1501 1076//1500 1118//1502
f 1070//1902 1086//1506 1088//1129
f 1088//1129 1071//1128 1070//1902
f 1096//1512 1090//1515 1230//1510
f 1092//1511 1230//1510 1231//1514
f 1093//1513 1231//1514 1232//1666
f 1106//1903 1232//1903 1094//1903
f 1093//1513 1232//1666 1106//1904
f 1099//1520 1109//1519 1095//1544
f 1099//1905 1095//1541 1098//1543
f 1097//1521 1104//1536 1101//1535
f 1098//1518 1096//1517 1100//1523
f 1102//1906 1099//1906 1098//1906
f 1099//1907 1102//1907 1097//1907
f 1104//1526 1100//1525 1103//1908
f 1105//1909 1104//1526 1103//1908
f 1106//1910 1103//1530 1093//1529
f 1105//1911 1103//1912 1106//1533
f 1105//1911 1106//1533 1107//1532
f 1109//1519 1097//1521 1101//1535
f 1112//752 1109//1519 1101//1535
f 1101//1535 1110//1537 1116//1539
f 1105//1909 1110//1913 1104//1526
f 1110//1913 1105//1909 1113//1914
f 1113//1914 1116//1539 1110//1913
f 1114//754 1111//1538 1115//1548
f 1111//1538 1116//1539 1115//1548
f 1095//1544 1118//1502 1091//1504
f 1119//784 1085//1545 1095//1544
f 1108//783 1119//784 1109//1519
f 1139//598 1138//1559 905//586
f 1120//1499 1090//1515 1091//1504
f 1127//763 1126//781 1124//1509
f 540//780 1123//1551 1126//781
f 1124//1509 1126//781 1123//1551
f 1117//779 1123//1551 540//780
f 1124//1509 1123//1551 1122//1549
f 1115//1548 1123//1551 1117//779
f 1121//1552 1113//1914 1131//1550
f 1113//1914 1107//1532 1131//1550
f 1121//1552 1116//1539 1113//1914
f 908//1322 1144//1547 1060//1348
f 904//1330 1143//1554 1144//1547
f 1143//1554 904//1330 905//1328
f 1143//1554 1137//1556 1144//1547
f 1138//1559 1140//1561 1142//1874
f 1137//1556 1143//1554 1142//1553
f 1144//1547 1141//1555 1136//1558
f 1128//1562 1133//1569 1132//1563
f 1130//1566 1133//1569 1128//1562
f 1129//1565 1133//1569 1130//1566
f 1087//782 1088//1508 1085//1545
f 1132//1563 1131//1568 1208//1915
f 1135//1570 1134//1571 1131//1568
f 1135//1570 1133//1569 1136//1558
f 1124//1509 1131//1550 1134//1560
f 1137//1556 1134//1571 1135//1570
f 1141//1555 1137//1556 1136//1558
f 1158//1163 1167//1216 1160//1601
f 1162//1578 1166//1577 1165//1580
f 1165//1580 1159//1607 1155//1581
f 1157//1605 1161//1604 1176//1634
f 801//1197 1161//1187 1160//1601
f 1213//1583 1214//1623 1212//1643
f 1181//1587 1187//1615 1213//1583
f 1183//1204 1178//1592 1175//1591
f 1174//1630 1183//1204 1175//1591
f 826//1632 1183//1204 1174//1630
f 1178//1916 1179//1916 1182//1916
f 1178//1592 1183//1204 1179//1598
f 1182//1596 1181//1587 1215//1585
f 1184//1595 1181//1587 1182//1596
f 1184//1595 1185//1599 1181//1587
f 1183//1204 1191//1205 1184//1597
f 1184//1597 1191//1205 1185//1917
f 1181//1587 1180//1600 1187//1615
f 791//1844 1147//1845 1152//1487
f 1159//1918 1160//1601 1156//1602
f 1159//1607 1157//1605 1155//1581
f 1155//1581 1157//1605 1154//1609
f 1154//1609 1247//1664 1246//1610
f 1154//1609 1251//1611 1247//1664
f 1247//1664 1241//1665 1246//1610
f 1193//1919 1188//1614 1192//1616
f 1188//1614 1190//1433 1187//1615
f 1191//1205 1192//1635 1180//1920
f 1180//1600 1192//1616 1187//1615
f 1185//1917 1191//1205 1180//1920
f 1149//1921 1151//1921 1147//1921
f 1190//1433 1189//1432 1187//1615
f 1153//1113 1152//1487 1082//1121
f 1150//1492 1152//1617 1151//1619
f 1150//1492 1151//1619 1148//1620
f 1148//1620 1149//1586 1162//1578
f 1155//1581 1246//1610 1146//1621
f 1148//1620 1162//1578 1155//1581
f 1187//1615 1225//1402 1214//1623
f 1246//1610 1239//1677 1146//1621
f 1251//1611 1168//1626 1252//1612
f 1252//1612 1200//1625 1199//1658
f 1168//1626 1251//1611 1154//1609
f 1168//1626 1182//1596 1252//1612
f 1172//1628 1182//1590 1168//1626
f 1171//1922 1173//1629 1172//1923
f 1172//1628 1169//1633 1182//1590
f 1173//1924 1169//1924 1172//1924
f 1169//1631 1175//1591 1170//1593
f 1157//1605 1176//1634 1168//1626
f 1176//1925 1173//1629 1171//1922
f 1188//1926 1193//1926 965//1926
f 1177//1186 1176//1925 1161//1187
f 1176//1925 1177//1186 1173//1629
f 821//1853 1173//1629 1177//1186
f 1201//1636 1216//1476 1203//1474
f 1198//1584 1197//1637 1249//1639
f 1204//1640 1194//1646 1195//1641
f 1201//1636 1195//1641 1196//1638
f 1202//1642 1195//1641 1201//1636
f 1212//1643 1216//1476 1197//1637
f 1250//1645 1195//1641 1194//1646
f 1199//1658 1198//1584 1249//1639
f 1215//1585 1198//1584 1199//1658
f 1244//1644 1194//1646 1204//1640
f 1060//1348 1220//1649 1051//1455
f 1130//1566 1223//1651 1220//1649
f 1220//1660 1207//1656 1047//1464
f 1221//1461 1244//1644 1204//1640
f 1223//1654 1211//1653 1207//1656
f 1224//1624 1218//1404 1216//1476
f 1225//1402 1218//1404 1224//1624
f 1212//1643 1214//1623 1224//1624
f 1202//1642 1203//1474 1217//1471
f 1206//1648 1202//1642 1219//1478
f 1219//1478 1202//1642 1217//1471
f 1209//1927 1208//1567 1244//1644
f 1128//1562 1208//1564 1209//1661
f 1207//1659 1209//1927 1244//1644
f 1246//1610 1241//1665 1239//1677
f 1251//1611 1235//1663 1247//1664
f 1227//1668 1230//1510 1229//1670
f 1229//1670 1239//1677 1238//1669
f 1237//1613 1252//1612 1199//1658
f 1245//1672 1228//1667 1240//1673
f 1245//1672 1244//1644 1228//1667
f 1243//1679 1240//1673 1250//1645
f 1250//1645 1240//1673 1248//1675
f 1233//1678 1230//1510 1090//1515
f 1234//1622 1233//1678 1120//1499
f 1226//1671 1146//1621 1229//1670
f 1242//1674 1243//1679 1244//1644
f 1120//1499 1233//1678 1090//1515
f 1226//1671 1233//1678 1234//1622
f 1248//1675 1196//1638 1195//1641
f 1249//1639 1196//1638 1236//1676
f 1242//1674 1240//1673 1243//1679
f 1241//1665 1240//1673 1238//1669
f 1235//1663 1237//1613 1236//1676
