# G1 exterior visual; derived from pinned Unitree/TWIST2 CAD.
v 0.0233058389 0.0655164942 -0.0591308959
v 0.0224224925 0.0652637258 -0.0583021678
v 0.0269005429 0.0649842843 -0.0606244504
v 0.0254517142 0.065697059 -0.0600166395
v 0.02738568 0.065356262 -0.061131712
v 0.0287058931 0.0663220659 -0.061171189
v 0.0285543203 0.0649115071 -0.0622301437
v 0.0301683582 0.067034319 -0.0598010756
v 0.0299528111 0.0622350723 -0.0638241395
v 0.029790936 0.06386213 -0.0627018213
v 0.0299994666 0.0646267831 -0.061705634
v 0.0277071111 0.0669984668 -0.0593843423
v 0.0297449231 0.0636126846 -0.063685827
v 0.0302781463 0.0664025843 -0.0619416386
v 0.0342992023 0.0634821951 -0.0551933348
v 0.039180506 0.0630000681 -0.0638730675
v 0.0338189416 0.0639854297 -0.0619570799
v 0.0357972533 0.065805316 -0.0622621179
v 0.0341189913 0.0657875165 -0.0524799265
v 0.0414296165 0.0640461892 -0.0635091439
v 0.0387476049 0.0625515804 -0.0558504164
v 0.0422139652 0.0619883128 -0.0638609827
v 0.0384201966 0.0630350336 -0.0628622621
v 0.0373774581 0.0657230541 -0.0612107441
v 0.0484057292 0.0561669394 -0.0709753558
v 0.0482409969 0.0565867312 -0.0684498027
v 0.0478809178 0.0578197762 -0.0672057942
v 0.0471045524 0.0588435009 -0.0668594688
v 0.0466592573 0.0598855577 -0.0666706637
v 0.0479470082 0.0586273484 -0.0680082366
v 0.0417135842 0.06453605 -0.0626718178
v 0.0438510291 0.0608366057 -0.0566649772
v 0.0428181402 0.0626285523 -0.0643555447
v 0.0448068343 0.0630478337 -0.063996397
v 0.0450578965 0.0608398728 -0.0650996491
v 0.0459749661 0.060247492 -0.0639345124
v 0.045550894 0.0611273237 -0.0656024963
v 0.0443109199 0.063499786 -0.0628777817
v 0.0470615625 0.0588633977 -0.0575306676
v 0.045923546 0.0621467754 -0.0571072549
v 0.0478976257 0.058974538 -0.0653033927
v 0.0467308946 0.0615740418 -0.0652506873
v 0.0471312627 0.0619031712 -0.0639283806
v 0.0544346347 0.0388244912 -0.084958896
v 0.0557365753 0.040273279 -0.0775891989
v 0.0559670888 0.037652351 -0.0697488338
v 0.0547299087 0.0410802476 -0.0603661016
v 0.0490260571 0.0478086583 -0.0859186053
v 0.0504490472 0.0470519662 -0.0870424807
v 0.0505750813 0.0487748086 -0.088189207
v 0.0506176129 0.0482429489 -0.0837792382
v 0.0529062822 0.0456352904 -0.0795505196
v 0.0532906801 0.0465171523 -0.0766426772
v 0.0532580391 0.048763819 -0.0785770044
v 0.0562413819 0.0447314829 -0.0772787258
v 0.0543989465 0.0448581167 -0.0821731314
v 0.0538428873 0.0475505367 -0.0738105625
v 0.0531297922 0.0507627428 -0.0707646012
v 0.0551381037 0.0421234109 -0.0679903626
v 0.0545290597 0.0459639207 -0.0734208375
v 0.0535497069 0.0484710708 -0.064718999
v 0.0566377454 0.0451235846 -0.0683037117
v 0.0555880442 0.0482168458 -0.072056815
v 0.0527428463 0.047849644 -0.0554569997
v 0.0553078391 0.0468643717 -0.0580309443
v 0.0487652123 0.0492218062 -0.0845705196
v 0.0489907116 0.0505730547 -0.0844416991
v 0.0489623398 0.0489018671 -0.0831887722
v 0.0490385294 0.0502624214 -0.0795642734
v 0.0487636514 0.0510737896 -0.0795964897
v 0.0489525609 0.051628612 -0.0761739537
v 0.0488567911 0.0522926487 -0.0795936584
v 0.0489383899 0.0541035347 -0.0749860406
v 0.0505082048 0.049496457 -0.080680877
v 0.050119523 0.0501746424 -0.08560583
v 0.0505505465 0.0507882722 -0.0772626847
v 0.0498687401 0.0512851067 -0.0828271434
v 0.0501225255 0.0524358191 -0.0795703083
v 0.0498010889 0.0536296219 -0.0764422715
v 0.0509044454 0.0515372306 -0.0804446265
v 0.0490231439 0.0531801544 -0.0727451816
v 0.0487482846 0.0534543023 -0.0740879327
v 0.0487021506 0.0547135174 -0.0716728866
v 0.0489542447 0.0550586358 -0.0700457841
v 0.0503369831 0.0518997498 -0.0747522414
v 0.0503081679 0.0537348799 -0.0712713152
v 0.0499986708 0.0554654039 -0.0722530484
v 0.0495575815 0.0569731183 -0.0672106743
v 0.0489903651 0.0581780449 -0.0685320199
v 0.049744308 0.0593225732 -0.0664920434
v 0.051712133 0.0538338944 -0.0691769347
v 0.0519361869 0.055703938 -0.0692106411
v 0.0501319803 0.0567131415 -0.0663754642
v 0.0512678511 0.0516882688 -0.0733555928
v 0.0508967899 0.0541089326 -0.0740503818
v 0.0518244691 0.0539275929 -0.0673375279
v 0.0544910841 0.0502473749 -0.0728872865
v 0.0534194857 0.0533631146 -0.0694728941
v 0.0493229292 0.0568598136 -0.0592726395
v 0.0514980257 0.0532466806 -0.0599683709
v 0.0516076088 0.0568122007 -0.0668631569
v 0.0508445352 0.0575741157 -0.060265325
v 0.0532701537 0.0532090403 -0.0622706749
v 0.0530023873 0.0524328202 -0.0558537245
v 0.0545437224 0.050333932 -0.0633348301
v 0.0493018813 0.0600582212 -0.0645898953
v 0.0582130365 0.0381802879 -0.0809766948
v 0.0582291186 0.0340931937 -0.0582126677
v 0.0582009442 0.0394506119 -0.0708674267
v 0.0570966676 0.0436764546 -0.0758321956
v 0.0571082272 0.0424705371 -0.0634528846
v 0.00792819634 0.0481135845 -0.0282508172
v 0.00818718318 0.0474335514 -0.0328972451
v 0.00911341887 0.047144834 -0.0283925124
v 0.00120066095 0.0487639345 -0.0279994663
v 0.00451802649 0.0483931229 -0.0277982391
v 0.00712691015 0.0483786911 -0.0277734995
v 0.00105059845 0.0510872528 -0.0289776884
v 0.00660802657 0.0515709668 -0.0332504287
v 0.00682961149 0.0506015904 -0.0325449295
v 0.00691722613 0.0501903705 -0.0280979276
v 0.00921105966 0.0611057952 -0.0332598202
v 0.00789486524 0.0497618988 -0.0296263788
v 0.00794228632 0.05040076 -0.0331853963
v 0.00213090563 0.050116688 -0.0278901272
v 0.00348641165 0.0498905592 -0.0277655609
v 0.0161637366 0.0590870529 -0.0277701654
v 0.0146970255 0.0649642795 -0.0505152009
v 0.0034160146 0.0645801499 -0.0456769578
v 0.012469192 0.0670286566 -0.0512833111
v 0.0113204997 0.0636600554 -0.0399742536
v 0.0107595678 0.0660146624 -0.0378099307
v 0.00887598842 0.0623311251 -0.0334805138
v 0.0148280328 0.0675089955 -0.0509367213
v 0.0114276623 0.0669906139 -0.0448234044
v 0.00876750052 0.0476233736 -0.0332249887
v 0.0128640877 0.0462754481 -0.0284350161
v 0.0147001464 0.0457177125 -0.0328909718
v 0.0145108728 0.0462936573 -0.0332461596
v 0.0180975199 0.0444984362 -0.0283499323
v 0.0185933374 0.0443028249 -0.0329004787
v 0.0190568529 0.0447072126 -0.0332421549
v 0.0139050847 0.0465450548 -0.0278007966
v 0.0168544184 0.0454258919 -0.027783921
v 0.0130280573 0.065112032 -0.0512514226
v 0.0149120679 0.0651295483 -0.0523511134
v 0.0159356035 0.0653422698 -0.0538412109
v 0.0150467847 0.0672775954 -0.0521432497
v 0.016115563 0.0656824633 -0.0558445863
v 0.0162067302 0.0671690479 -0.0545706004
v 0.0178587846 0.0652591586 -0.0557464994
v 0.0218103398 0.0642041937 -0.0472699963
v 0.0150944963 0.0639309958 -0.0307290405
v 0.0207567494 0.0621758066 -0.0340588428
v 0.013930385 0.0647799447 -0.0317040049
v 0.0223290678 0.0609897077 -0.033386521
v 0.0164560936 0.0601588748 -0.0280476231
v 0.0162571669 0.0675607398 -0.0528366156
v 0.0212605037 0.0668295845 -0.0470965654
v 0.029047586 0.0382485799 -0.0328195244
v 0.0277477968 0.0392128788 -0.0283264033
v 0.0284269042 0.0391300507 -0.0277919788
v 0.0209596027 0.0432064533 -0.0327917375
v 0.0240429584 0.0421598405 -0.0332317054
v 0.0229675397 0.0421741866 -0.0283254851
v 0.0255512111 0.0407005325 -0.0328922048
v 0.0285829231 0.0391466431 -0.0332363024
v 0.035889104 0.0567704178 -0.0277669355
v 0.0210930668 0.0436884984 -0.0277874302
v 0.0247070845 0.0415912159 -0.0277885459
v 0.019851299 0.0653494969 -0.0572602712
v 0.021285262 0.0666341335 -0.0571691953
v 0.0277838856 0.0644834191 -0.0550570525
v 0.0286749341 0.0660946816 -0.0465082005
v 0.0276024025 0.0636115372 -0.0463661216
v 0.0212541297 0.0632384419 -0.0401092656
v 0.0205539968 0.0656765923 -0.0383820944
v 0.0276329368 0.0616852306 -0.0344632082
v 0.029309433 0.0600275733 -0.033282645
v 0.021278061 0.0645051301 -0.0320926942
v 0.0306605399 0.0630133897 -0.0310376287
v 0.029103037 0.0610784031 -0.0336508304
v 0.0272519086 0.064492099 -0.0347995348
v 0.0281937085 0.0592075847 -0.0280176867
v 0.0224038679 0.067233257 -0.0566632822
v 0.0231545195 0.0674813241 -0.0557650104
v 0.0348613784 0.0626394302 -0.0476242155
v 0.0394620001 0.0644161254 -0.0513231568
v 0.0345265046 0.0617607236 -0.0407905392
v 0.033571694 0.064442873 -0.0400737971
v 0.0376723818 0.0602639839 -0.0370659605
v 0.0392979272 0.0614857674 -0.0473437458
v 0.0380498283 0.0632945374 -0.0397376046
v 0.0320321731 0.0632645115 -0.0318541415
v 0.0341445506 0.060638424 -0.0344082601
v 0.0358304977 0.0598792061 -0.0337654352
v 0.0378523916 0.0609614439 -0.0309167597
v 0.0377967916 0.0584922619 -0.033401303
v 0.0371947587 0.0619806349 -0.0319553018
v 0.0354476757 0.0578194335 -0.0280793849
v 0.0476110131 0.0569313057 -0.0500907861
v 0.0423200279 0.0570368357 -0.0342556983
v 0.0450050272 0.0572279468 -0.0415882356
v 0.0463507846 0.0521572717 -0.0344647914
v 0.046725478 0.0553629585 -0.041888684
v 0.0410935581 0.0591064245 -0.030897731
v 0.0402289405 0.0570324734 -0.0333381519
v 0.0442366675 0.0551201217 -0.0342792533
v 0.043489024 0.0578863919 -0.0320167057
v 0.0446235426 0.0532442518 -0.0335069671
v 0.0445915684 0.0554060787 -0.0309676267
v 0.0458674617 0.0544747524 -0.0319634043
v 0.0408196189 0.0537429936 -0.0279728882
v 0.0472924821 0.0609666891 -0.0554355457
v 0.0415535979 0.0604938678 -0.0461707748
v 0.043389149 0.0628625751 -0.0509387292
v 0.0444539562 0.0591909327 -0.0478695817
v 0.0423251539 0.0589314476 -0.0405625775
v 0.0416665114 0.0620572157 -0.0409096442
v 0.0428117849 0.0604939945 -0.0371959358
v 0.0459469594 0.0603181683 -0.0456795841
v 0.0463171303 0.0589147657 -0.0416833945
v 0.0404921547 0.0604525954 -0.0320754722
v 0.039900437 0.0586663298 -0.034327399
v 0.0449842289 0.0581225194 -0.0358850025
v 0.0499899499 0.0540763326 -0.0527202487
v 0.0507164076 0.0564443655 -0.0537946112
v 0.0525558703 0.0517037958 -0.0505591556
v 0.0490007475 0.0503098816 -0.0403995626
v 0.0487194881 0.0533721931 -0.0448020697
v 0.0485672504 0.0524879098 -0.0361274816
v 0.0475009121 0.0558519848 -0.0380245559
v 0.0494549498 0.0563514978 -0.0463058129
v 0.0517070629 0.05133323 -0.0455383956
v 0.0487158336 0.059131436 -0.052821584
v 0.0313510001 0.0364172943 -0.0329789184
v 0.0317045636 0.0360698998 -0.0283866972
v 0.0318877622 0.0368068404 -0.0332393572
v 0.0333314463 0.0345953256 -0.0328304619
v 0.0359177366 0.0328703448 -0.0332482606
v 0.0319100507 0.0365557447 -0.0277803615
v 0.0354876369 0.0330190398 -0.0278277285
v 0.0443690419 0.0407800004 -0.0277686976
v 0.0376116075 0.0575199723 -0.0332575887
v 0.0489569604 0.0404764339 -0.0332865231
v 0.0476055406 0.0455913246 -0.0332948491
v 0.0487057418 0.0448968075 -0.0310772732
v 0.0476796404 0.0489068143 -0.0341841169
v 0.0424407274 0.0489216484 -0.0277802143
v 0.0439159311 0.0474904589 -0.0280730724
v 0.0462181084 0.0497867987 -0.0332960971
v 0.0466427915 0.0498260446 -0.0305537879
v 0.0477817208 0.0497470424 -0.03164915
v 0.0502538681 0.0362959243 -0.0335979313
v 0.050653208 0.0405656472 -0.0366462655
v 0.0495203473 0.0416361056 -0.0311919581
v 0.0515357777 0.0461811572 -0.0457144864
v 0.0533677265 0.0414959267 -0.0505059622
v 0.054449141 0.0460687056 -0.0503017306
v 0.0565519035 0.0417841561 -0.0561731942
v 0.0538989976 0.0429180525 -0.0437321812
v 0.0492155589 0.0434377007 -0.0339993984
v 0.0495838597 0.0467166603 -0.0379578248
v 0.0504800789 0.044121895 -0.0343037695
v 0.0501631312 0.0486328974 -0.036648605
v 0.052643422 0.0425300933 -0.0390907414
v 0.0507906079 0.0505458303 -0.0486424416
v 0.0509398505 0.0507356524 -0.0414438061
v 0.037968155 0.0293786768 -0.0327749811
v 0.0360274017 0.0317877308 -0.0329071879
v 0.038191881 0.0298579745 -0.0332455598
v 0.0355994143 0.0322660804 -0.0283791311
v 0.0473222546 0.00827929191 -0.0328615941
v 0.0469215736 0.0101754023 -0.0285289306
v 0.0481651947 0.00793704577 -0.0332343355
v 0.0470466092 0.0107866712 -0.0279755909
v 0.0443095118 0.018584488 -0.0329441763
v 0.0453795008 0.0172811467 -0.0332451425
v 0.0460345931 0.0138105201 -0.0329694189
v 0.0442315303 0.0187751912 -0.0282526296
v 0.0469939709 0.010687355 -0.0331700034
v 0.0458883196 0.0141802337 -0.0283584576
v 0.0445982553 0.0190625936 -0.0278047323
v 0.0461980961 0.0148583679 -0.0278142523
v 0.0465380438 0.0182433687 -0.0278056134
v 0.040306326 0.0272165462 -0.0332428403
v 0.0403172523 0.0261338018 -0.0328853317
v 0.0393244401 0.027563991 -0.0284139626
v 0.0426637605 0.0232030749 -0.0332460403
v 0.042556759 0.0222759675 -0.0328499191
v 0.0396979898 0.0276521612 -0.0278572347
v 0.0420744568 0.0239609368 -0.0278070606
v 0.038384866 0.0307552498 -0.0277689639
v 0.0419863425 0.0233365428 -0.0283194669
v 0.0470236614 0.027719669 -0.0281466469
v 0.0455770567 0.0388898253 -0.0279669333
v 0.0551223122 0.00817772001 -0.0461216569
v 0.0567413755 0.0111326072 -0.0426340252
v 0.05021156 0.0235248301 -0.0332689136
v 0.0508365668 0.0131948879 -0.0305545833
v 0.0513436608 0.0230377503 -0.0334432088
v 0.0522707477 0.00917552132 -0.0342647284
v 0.0550470278 0.013354321 -0.0380430929
v 0.04822262 0.0104815904 -0.0285904929
v 0.0558341742 0.0187187344 -0.0521662608
v 0.0538687967 0.0179533195 -0.0412544459
v 0.0551595017 0.0235325824 -0.0395549461
v 0.0520039573 0.0207185131 -0.0343420133
v 0.0515533537 0.020421559 -0.0315464921
v 0.0536830612 0.01359923 -0.03501077
v 0.0560316108 0.0271730423 -0.0573434457
v 0.0546747707 0.0295483209 -0.0490320958
v 0.0538033992 0.0284351632 -0.0438025631
v 0.0541803986 0.0331484079 -0.0391395986
v 0.0567214862 0.0212441534 -0.0439745747
v 0.0567751192 0.0300667528 -0.0469076224
v 0.0505075045 0.0297856294 -0.030830875
v 0.0509267785 0.0344177596 -0.0343021899
v 0.0525579192 0.0282668117 -0.038131699
v 0.0509212017 0.0326191522 -0.0316474661
v 0.0530688316 0.0260856356 -0.0348745659
v 0.0550231002 0.0344141424 -0.0546894781
v 0.0569709577 0.0362304002 -0.0521553829
v 0.0525423735 0.0397068523 -0.0441482849
v 0.0557115115 0.0360082649 -0.0458636023
v 0.0495567583 0.035292279 -0.0332709625
v 0.0519621484 0.0355195217 -0.0388751812
v 0.0521848835 0.0363456309 -0.0351249613
v 0.0583422296 0.0131724328 -0.0488679856
v 0.0597618259 0.0115808873 -0.0563232005
v 0.0593947619 0.0212350003 -0.0570322871
v 0.0585428849 0.0293886457 -0.0560525358
v 0.0580517426 0.0222680103 -0.0495412648
v 0.0578860864 0.00826230831 -0.0833418593
v 0.057910461 0.00862006191 -0.0730883479
v 0.0567323975 0.00919611007 -0.0568274073
v 0.0575048849 0.0189361647 -0.0864153504
v 0.0577076152 0.0189560223 -0.0785489678
v 0.0575356483 0.0187909603 -0.070307903
v 0.0570223927 0.017902635 -0.0619014502
v 0.0571582206 0.0279065482 -0.0835007727
v 0.056568794 0.0297616441 -0.0648680329
v 0.0569981933 0.030517159 -0.0755072981
v 0.0567602739 0.0324580632 -0.0838397294
v 0.0569112934 0.0296654217 -0.0706066713
v 0.0610850416 0.0123985102 -0.0713492185
v 0.0607055463 0.00835867599 -0.0639604852
v 0.0608502999 0.017304793 -0.0858924091
v 0.0612559579 0.0120875509 -0.077496022
v 0.060394235 0.0170620903 -0.0638647527
v 0.0606019348 0.0235365126 -0.0776235759
v 0.0595551319 0.0324515961 -0.0774560571
v 0.0604467317 0.0235689357 -0.0707121193
v 0.0595725514 0.0316257738 -0.0707464814
v 0.0597424731 0.0265179109 -0.0639939457
v 0.0588121675 0.0366015919 -0.0801012591
v 0.0586434342 0.035192322 -0.0638181493
v -0.0566896386 0.0372360758 -0.0797345266
v -0.0556218997 0.0372173786 -0.0795588568
v -0.0554013178 0.0375520289 -0.0703180432
v -0.0556901284 0.0398110263 -0.0633763373
v -0.0532486811 0.0476968512 -0.0788980722
v -0.0526238717 0.0427761152 -0.0836733505
v -0.0500374548 0.047168687 -0.0862730816
v -0.0488325022 0.0474913642 -0.0874448046
v -0.055735454 0.042968858 -0.0769438073
v -0.0544114597 0.0427034236 -0.0828346163
v -0.0545758381 0.0475202166 -0.0745693818
v -0.0545703135 0.043249391 -0.0755037516
v -0.0526569225 0.0458759256 -0.0777499676
v -0.050097771 0.048459217 -0.083179459
v -0.0489779525 0.0483586416 -0.0846755207
v -0.0548629425 0.0473314039 -0.0728377551
v -0.0541703217 0.0431137793 -0.0655889437
v -0.0532238483 0.0487622321 -0.0719655901
v -0.0544154979 0.0474860556 -0.0650405064
v -0.0542593896 0.044294849 -0.056745477
v -0.0531381369 0.0493878052 -0.057142891
v -0.0531448089 0.0424171537 -0.0546333194
v -0.0531259216 0.0464947708 -0.0622577108
v -0.0497410148 0.0504498966 -0.0849255845
v -0.0487476364 0.049309019 -0.085149847
v -0.0489431843 0.0499822348 -0.0856981277
v -0.0506882891 0.0499994494 -0.0848991349
v -0.0502254106 0.0511973239 -0.0757480413
v -0.0502287559 0.0523837805 -0.0797062814
v -0.0506112128 0.0539191961 -0.0748454109
v -0.0499982126 0.0496100672 -0.0803291649
v -0.0491847731 0.0537973791 -0.076088503
v -0.0490063727 0.0496409573 -0.0813191384
v -0.0488558076 0.0510658361 -0.0780152306
v -0.04892499 0.0509750172 -0.0830032751
v -0.0489751883 0.0524373874 -0.0793760344
v -0.0487567931 0.0526290424 -0.0763091743
v -0.0529900715 0.0528917424 -0.0711874664
v -0.0534917116 0.052238822 -0.0698954612
v -0.0519872941 0.0560003705 -0.0680469498
v -0.0523131043 0.0514742061 -0.0702032223
v -0.0514439084 0.0527874827 -0.0751678571
v -0.0501290262 0.0528240167 -0.0723980442
v -0.0509746484 0.0546099283 -0.0681831017
v -0.0508628339 0.0558759868 -0.0705883503
v -0.0491087735 0.0548916422 -0.0735743269
v -0.0497172512 0.0563012324 -0.0708620548
v -0.0490776151 0.0523880757 -0.0741779432
v -0.0487389565 0.0551500469 -0.070193179
v -0.048615206 0.0548162758 -0.071657896
v -0.0483792126 0.0561931431 -0.0708108693
v -0.0479577482 0.0585339777 -0.0681093782
v -0.0526808128 0.0524520613 -0.0610102564
v -0.0520069934 0.0507864393 -0.0635944679
v -0.0517389961 0.0564953312 -0.0665283054
v -0.0510209091 0.0504504219 -0.0543030053
v -0.0495090559 0.0579622462 -0.0570135862
v -0.0494032614 0.0540481284 -0.0539463237
v -0.0495158769 0.0567730404 -0.0667980388
v -0.0479593053 0.0582777075 -0.0647535548
v -0.0497978218 0.0591141619 -0.0668048486
v -0.0478962474 0.0600312836 -0.0665633678
v -0.0498357713 0.0595161766 -0.0654500499
v -0.0485759079 0.0593958125 -0.0579360686
v -0.0474876612 0.0615509264 -0.0649261028
v -0.0476472154 0.0580645204 -0.0669682547
v -0.0470956229 0.0589007549 -0.0671762154
v -0.0472452417 0.0617771111 -0.0631186739
v -0.0462378301 0.060034547 -0.0659720525
v -0.0460950471 0.0596634373 -0.0631898716
v -0.0459286943 0.0607211851 -0.0659524724
v -0.0453312397 0.0617673546 -0.0651739836
v -0.0448818728 0.0611579008 -0.0647148937
v -0.0432468019 0.0611832961 -0.062508747
v -0.0443119332 0.06325721 -0.0638280138
v -0.0443423465 0.0634941086 -0.0628733411
v -0.0431847945 0.0619920231 -0.0639338866
v -0.0428470634 0.0626477823 -0.0643906817
v -0.041299168 0.0644791722 -0.0628117248
v -0.041927509 0.0644044876 -0.0618701838
v -0.0404346362 0.0623644739 -0.0636921749
v -0.0411766879 0.0636864156 -0.0636717826
v -0.037807636 0.0630625933 -0.0623291507
v -0.036598891 0.0658892766 -0.0615777671
v -0.0360295959 0.0632150695 -0.0629235655
v -0.0354706571 0.0656052604 -0.0624419227
v -0.0320338607 0.0639036894 -0.0624761879
v -0.0300432369 0.0623636097 -0.0637358949
v -0.030741252 0.0668871924 -0.0603343658
v -0.0297509022 0.0639905706 -0.0635133982
v -0.0305988602 0.0666548461 -0.0614009798
v -0.0326178186 0.0640996918 -0.0617438294
v -0.0292862169 0.0641490221 -0.0625200346
v -0.0296778586 0.0657509193 -0.0623136647
v -0.0272991136 0.0672281608 -0.0576048419
v -0.0277051218 0.0649081171 -0.0619851016
v -0.0254432335 0.0654328987 -0.0602501407
v -0.0246211514 0.0667698011 -0.0584340207
v -0.0264809243 0.065001972 -0.0609908402
v -0.0202947631 0.0652623996 -0.0572208464
v -0.0210260395 0.0654252917 -0.057931684
v -0.0229975265 0.067332916 -0.0564728305
v -0.0261381194 0.0399637334 -0.0328006297
v -0.0264996327 0.0397407301 -0.0283189286
v -0.0231620874 0.041786816 -0.0327755772
v -0.0230060294 0.0418260545 -0.0285965428
v -0.0203718301 0.043274045 -0.0329363234
v -0.014345075 0.0461845733 -0.0332416221
v -0.0192541685 0.0437008403 -0.028402973
v -0.0238540862 0.0422278903 -0.0277824774
v -0.0215730369 0.0428300798 -0.0280424263
v -0.0198572278 0.0664952993 -0.0566740632
v -0.0234270431 0.0648496449 -0.0550044253
v -0.0224554241 0.0641719177 -0.0476060845
v -0.0161886569 0.0668797046 -0.0549268536
v -0.022098273 0.0631964505 -0.0403685942
v -0.0219213292 0.0655687749 -0.0383380391
v -0.0218383204 0.0665045455 -0.0448919088
v -0.0200977549 0.0624923967 -0.0355703719
v -0.0238460191 0.0617680959 -0.0339614041
v -0.0191459339 0.0646672919 -0.0322663337
v -0.0104359472 0.0608370751 -0.033265654
v -0.0191365164 0.0641420111 -0.0311341733
v -0.0194755755 0.0592802726 -0.0277802516
v -0.0148323337 0.060638275 -0.0283142682
v -0.0224430673 0.0674679428 -0.054359559
v -0.0170861036 0.0675515458 -0.0539966524
v -0.0161237195 0.0449017175 -0.0327907018
v -0.0120403562 0.0462107956 -0.032782048
v -0.0121479221 0.0461940393 -0.0284260493
v -0.00842503831 0.0476347543 -0.0332475454
v -0.0171418153 0.0451313928 -0.0278051794
v -0.0145701198 0.0456736349 -0.0280459635
v -0.0127717433 0.0465672612 -0.0277809873
v -0.00825046003 0.0478856638 -0.0277762022
v -0.0157666896 0.0651671961 -0.0535063744
v -0.0175948478 0.065575771 -0.0565029792
v -0.0158536732 0.0656236187 -0.0554239564
v -0.0143964207 0.0657685846 -0.0520583056
v -0.0152880875 0.067309536 -0.0527713858
v -0.0140439691 0.0650220215 -0.051424697
v -0.0129661541 0.0670862421 -0.0513786711
v -0.0098051345 0.0651391745 -0.0512964278
v -0.0110611161 0.0646608323 -0.0473550744
v -0.0111441249 0.0660612136 -0.0382475778
v -0.0115467999 0.064095065 -0.0308136456
v -0.010980024 0.0627219304 -0.0346819088
v -0.00958070718 0.0623226166 -0.0335082673
v -0.00870333891 0.0650031716 -0.0320473239
v -0.0144282011 0.0674950406 -0.0508817881
v -0.0112725869 0.0669468567 -0.0446450524
v -0.00640180195 0.0473336577 -0.0327509008
v -0.00721876509 0.0471948124 -0.0285300165
v -0.000493137399 0.0479194075 -0.0328857861
v -0.000711523113 0.0477203988 -0.0306545179
v -0.00133861508 0.0482713915 -0.0332488976
v -0.000837996893 0.0478630736 -0.0283618532
v -0.000914700679 0.0484052785 -0.0277718771
v -0.00029109887 0.0515923612 -0.033245191
v 0.000322643114 0.0670542195 -0.0513167381
v -0.000192452266 0.0651946887 -0.0510180295
v 0.000859367894 0.0659157559 -0.0512982421
v 3.05326903e-05 0.0650804043 -0.0501334295
v -0.0108965868 0.0635653883 -0.0393421017
v -0.000417774747 0.0638410971 -0.0404055677
v -2.20202255e-05 0.0669477284 -0.0433375984
v 0.000973271031 0.0663477555 -0.039174635
v -0.000323634682 0.0621072762 -0.033276394
v 0.00419275276 0.0628652424 -0.0347693898
v -0.0020012015 0.0646014139 -0.0310871787
v 0.000166576996 0.0607188269 -0.0281695183
v 1.42812405e-05 0.059766192 -0.027776638
v -0.000732816174 0.0677490681 -0.0508303195
v -0.0002397723 0.0486036167 -0.02939412
v 8.30519493e-05 0.0489853695 -0.0281177629
v 0.00272302586 0.04893931 -0.0280997194
v -0.000218932109 0.0500064418 -0.0324740261
v -2.97891966e-05 0.050456129 -0.0291708857
v 0.00103788718 0.0511612557 -0.0328994729
v 0.000238465786 0.0638412014 -0.0408307053
v 0.000513630628 0.0651635826 -0.0322010405
v -0.0509473495 0.0554224327 -0.0570472255
v -0.0488694571 0.0508538783 -0.0440919437
v -0.049319312 0.0536244139 -0.0440365337
v -0.0475683436 0.0556600168 -0.0408253558
v -0.0479204655 0.056360919 -0.0542095974
v -0.0444623195 0.0572605245 -0.0432080962
v -0.046970699 0.0544668585 -0.0439448059
v -0.0466792621 0.0572793931 -0.0417604335
v -0.0411139615 0.0573960729 -0.0340018794
v -0.0458042026 0.0546198301 -0.0319832787
v -0.0441151187 0.0573903732 -0.032438565
v -0.0442293957 0.0541877523 -0.0340078287
v -0.0437900089 0.0565731637 -0.0310262237
v -0.044209823 0.0511392392 -0.0332636833
v -0.0426977351 0.0557690933 -0.0335700065
v -0.0417970456 0.0587127246 -0.0310458168
v -0.0407639816 0.0557594448 -0.0332575291
v -0.0414772406 0.0532040969 -0.0281452704
v -0.0386109762 0.0558471158 -0.0279489961
v -0.0461676456 0.0583429039 -0.054827746
v -0.0446149148 0.0595187098 -0.0414840169
v -0.0426065587 0.0615715086 -0.0438900962
v -0.04195581 0.0591825023 -0.0431042351
v -0.0433900207 0.0601248853 -0.054033529
v -0.040580295 0.0627123043 -0.0438706018
v -0.040682748 0.0604326427 -0.0464317724
v -0.0391026922 0.0614425391 -0.0488215648
v -0.0377384871 0.0645747855 -0.0500959605
v -0.0422624759 0.0600357614 -0.0353331119
v -0.0389525108 0.0621287003 -0.036167033
v -0.0379415154 0.0603513122 -0.0391468778
v -0.0415567718 0.0595868267 -0.0319075249
v -0.0389840715 0.0602772236 -0.0308272466
v -0.0387934297 0.0587283373 -0.0338162258
v -0.0381975323 0.0615561903 -0.0318678692
v -0.0359571427 0.0573693849 -0.0279673543
v -0.035802763 0.0627241805 -0.0521083698
v -0.0322774984 0.0628688633 -0.0465684198
v -0.0339099653 0.065535672 -0.0497168154
v -0.029653633 0.066597037 -0.0530744083
v -0.0309624691 0.0638459027 -0.054225456
v -0.0284652282 0.0634061098 -0.0461597182
v -0.0277246926 0.0659108013 -0.0444463491
v -0.0345261283 0.0617636666 -0.04149203
v -0.036381714 0.0636625141 -0.0398969054
v -0.0327305868 0.0646149665 -0.0403953493
v -0.0370502025 0.0594717972 -0.0340652466
v -0.0357163735 0.0583844893 -0.0332587287
v -0.0351928733 0.061914783 -0.0309699997
v -0.0339325368 0.0607301332 -0.0348624401
v -0.0326244682 0.0631568804 -0.0319037475
v -0.0342962481 0.0601849034 -0.0337576829
v -0.0299351644 0.0596075319 -0.0332977287
v -0.0293509662 0.0594006814 -0.0282648876
v -0.0283014812 0.0631829947 -0.0309751704
v -0.026975451 0.0617199987 -0.0345249735
v -0.02797544 0.0610853136 -0.0334951691
v -0.0274053719 0.0639778152 -0.032173425
v -0.0542377159 0.0367730483 -0.0481529608
v -0.0534740314 0.0362515338 -0.0498886406
v -0.0512341782 0.0409972742 -0.0363337137
v -0.0507120378 0.0410110392 -0.0399253629
v -0.0504359938 0.0375947468 -0.0317196809
v -0.0493139587 0.0403725244 -0.033954341
v -0.0530316606 0.0447198562 -0.0488361008
v -0.0517971404 0.0425619707 -0.0465071015
v -0.05204501 0.0474009439 -0.0548046827
v -0.0503787771 0.0481055155 -0.0464276224
v -0.0521378778 0.0432783626 -0.0424129926
v -0.0506618731 0.0493695177 -0.0424944386
v -0.0499918871 0.0470545441 -0.0367299132
v -0.0496474244 0.0457163714 -0.0400752351
v -0.0495827571 0.0432195663 -0.031793613
v -0.0481600501 0.0491537601 -0.0320280716
v -0.0481059738 0.045268476 -0.033857964
v -0.0473390482 0.0481653139 -0.0342224538
v -0.0467870943 0.0512547269 -0.0310426056
v -0.0515993796 0.051270742 -0.0508376807
v -0.0482686833 0.0510419868 -0.0347850658
v -0.0476665199 0.0415226519 -0.0332968086
v -0.0452017486 0.0437564217 -0.028282024
v -0.0487877913 0.043752972 -0.0309236348
v -0.0464690775 0.0463389531 -0.0333042517
v -0.0425413474 0.0497123487 -0.0277909711
v -0.0315847509 0.0579166189 -0.0277706981
v -0.0462447666 0.0511851385 -0.0347962193
v -0.0461768359 0.0495887958 -0.0335389189
v -0.0317866541 0.0366318934 -0.0332395881
v -0.031256929 0.0361362323 -0.0329092033
v -0.0305169914 0.0368031301 -0.028220132
v -0.029352013 0.0376761444 -0.0328285247
v -0.0283416621 0.0391900465 -0.0277864598
v -0.0266088452 0.0403487422 -0.0332420394
v -0.0210289247 0.0437037051 -0.0332458243
v -0.0554825217 0.00943394098 -0.0520770364
v -0.0545964874 0.00691591483 -0.0419473797
v -0.0534441844 0.00932702608 -0.0370348804
v -0.0540524274 0.00629312545 -0.0436597504
v -0.0528390184 0.00889972225 -0.0384744145
v -0.0518180393 0.0134406174 -0.0349077508
v -0.0513473377 0.0162405651 -0.0310211871
v -0.0499131158 0.0156463906 -0.0333021395
v -0.0483899415 0.00937126949 -0.0287203919
v -0.0559871122 0.0194356088 -0.0512727313
v -0.0554439947 0.0217878334 -0.0545018688
v -0.0547105148 0.0198078696 -0.0491393283
v -0.054426074 0.0239402857 -0.0431576408
v -0.0531189628 0.0182048269 -0.0406824164
v -0.0532105602 0.0202276334 -0.0370869562
v -0.051461041 0.027968809 -0.0319350809
v -0.0473175123 0.0252711475 -0.0282576028
v -0.0555039644 0.030300444 -0.0603041165
v -0.0559269153 0.0269343387 -0.0535022393
v -0.0550806373 0.0272972509 -0.0480405204
v -0.0540909879 0.0296457615 -0.0492263213
v -0.0525787435 0.0314461887 -0.0372030661
v -0.0520825535 0.0279294495 -0.0385160595
v -0.0533795878 0.0251267795 -0.0435217395
v -0.0527358316 0.0341287591 -0.0442659259
v -0.0508271046 0.0282398593 -0.0339933112
v -0.0503673106 0.0318174958 -0.030841494
v -0.0500455089 0.0294753816 -0.0332777053
v -0.0554643832 0.0370626822 -0.0570075996
v -0.0546568036 0.0350810401 -0.057062272
v -0.0532456115 0.0364588909 -0.0426051691
v -0.0506585538 0.0355105884 -0.0359366201
v -0.0501696616 0.0333076417 -0.0338466056
v -0.0462274328 0.0351434648 -0.0280879159
v -0.0489282385 0.0378243886 -0.033377938
v -0.0471265018 0.00807601307 -0.0327318273
v -0.0473088063 0.0072553684 -0.0284277294
v -0.0471402965 0.0106967362 -0.0279233307
v -0.0458517261 0.0153015126 -0.0332308859
v -0.0459849052 0.0130110625 -0.0327817798
v -0.0466105789 0.0107334228 -0.0282957442
v -0.0448809713 0.0164850224 -0.0328605734
v -0.0450251587 0.0159493163 -0.0283408277
v -0.043605689 0.0195885934 -0.0283683594
v -0.0461925454 0.0141667984 -0.0278253071
v -0.0439181663 0.0203906558 -0.0277829841
v -0.0434032157 0.0200038981 -0.0327565297
v -0.0439775325 0.0204198342 -0.0332491174
v -0.041904252 0.0230051391 -0.0328244492
v -0.0424376316 0.0220412482 -0.0282710921
v -0.0414270759 0.0250234175 -0.033241488
v -0.0406238213 0.0251829289 -0.0282768477
v -0.0392413959 0.0272143092 -0.0327963531
v -0.0383732393 0.0295911096 -0.033240173
v -0.0454052649 0.0362960398 -0.0278264992
v -0.043781884 0.0443537049 -0.0277721863
v -0.0413983911 0.024869008 -0.0278148651
v -0.0390030146 0.0285755433 -0.0277811736
v -0.037812721 0.0292358808 -0.0282520056
v -0.0367540419 0.0305339508 -0.0327304788
v -0.0352875739 0.0322140642 -0.0282531604
v -0.0351631083 0.0328344144 -0.033187449
v -0.0339861773 0.0335523002 -0.0327765457
v -0.0331289992 0.0344247073 -0.0282383226
v -0.0362870581 0.0322026908 -0.027777683
v -0.0329855494 0.0355815105 -0.0277764034
v -0.0578200705 0.0220722798 -0.0794043839
v -0.0577539578 0.0198396519 -0.0710454509
v -0.0572807677 0.0197755899 -0.062725082
v -0.0574542023 0.0289079715 -0.0793027505
v -0.0573427938 0.0281551499 -0.0708009973
v -0.0571676828 0.014006285 -0.0721401274
v -0.0570665225 0.0204929821 -0.0792911798
v -0.0564445816 0.0204656255 -0.0630574226
v -0.0566975512 0.0259234272 -0.083045736
v -0.0563244186 0.0314760804 -0.0771978721
v -0.0565174632 0.0262042247 -0.0689265653
v -0.0565614924 0.027853027 -0.0593683124
v -0.0570238009 0.0279878601 -0.0648111999
v -0.0540144965 0.0369034149 -0.0875657126
v -0.0568760112 0.0343879014 -0.0846223906
v -0.0559783094 0.0343663357 -0.0816803351
v -0.0564329661 0.0375259072 -0.069544889
v -0.0559404865 0.0324801393 -0.0683285594
v 0.0421314836 0.0369410962 -0.120144591
v 0.0434500948 0.0380901545 -0.117613263
v 0.045868054 0.0352244191 -0.117069654
v 0.0442588329 0.0368372314 -0.11612004
v 0.0445330739 0.0382754505 -0.117511667
v 0.0447389483 0.0369534567 -0.114771537
v 0.0463818163 0.0367504507 -0.114051186
v 0.0461235009 0.0378400944 -0.111872733
v 0.0459342375 0.0385241434 -0.111455813
v 0.0476679094 0.0404590517 -0.11098735
v 0.047684826 0.0382742807 -0.110112466
v 0.0448542982 0.0390681215 -0.114668339
v 0.046125751 0.0401060767 -0.110968947
v 0.0463449955 0.0393310487 -0.114323869
v 0.0471964069 0.0398564488 -0.106844448
v 0.0463123582 0.0403353386 -0.111778103
v 0.0473709665 0.0411387049 -0.105490752
v 0.0475666299 0.0426525958 -0.105142511
v 0.0471341051 0.0418243483 -0.107952863
v 0.0480991118 0.0418366529 -0.101727843
v 0.0483644679 0.0436133072 -0.0988094285
v 0.0482523106 0.0442103148 -0.101762928
v 0.0484605432 0.0448469706 -0.0989847183
v 0.0482758619 0.0282516778 -0.11915715
v 0.0487604104 0.0305594914 -0.11897023
v 0.0473665409 0.036402192 -0.113307253
v 0.0551128127 0.0248131845 -0.113608487
v 0.0561166294 0.0260994304 -0.110078178
v 0.057024613 0.0277558919 -0.105344139
v 0.0567069538 0.0290909093 -0.0911383256
v 0.0465690233 0.0380077958 -0.11592523
v 0.0488002226 0.038907934 -0.107001893
v 0.0518513992 0.0291197523 -0.111068286
v 0.0513401143 0.0333260857 -0.107098497
v 0.048592817 0.041723758 -0.107095778
v 0.0521920174 0.0351088084 -0.101870358
v 0.0498161688 0.0446322858 -0.0990036428
v 0.0545216389 0.0322718956 -0.0971098468
v 0.0574842915 0.0293945614 -0.101245373
v 0.0541884676 0.039456632 -0.0934669971
v 0.0488781333 0.0404670984 -0.104289949
v 0.0485463552 0.0428944193 -0.104725517
v 0.0496067144 0.0417023823 -0.100341767
v 0.048851233 0.0436177775 -0.0969476029
v 0.0486663841 0.0454512052 -0.0943598002
v 0.0489782989 0.0454671904 -0.0983437076
v 0.0488881357 0.0464538448 -0.0952245146
v 0.0493947677 0.0430397689 -0.102914095
v 0.050032232 0.0433761813 -0.0962712839
v 0.0497521013 0.0464408062 -0.0951805115
v 0.0490982868 0.0455111712 -0.0918208361
v 0.0490019321 0.0465817079 -0.0891765207
v 0.0490553416 0.0476351231 -0.0924976617
v 0.0487521216 0.0474525467 -0.0892103761
v 0.05024793 0.0446182936 -0.0930736735
v 0.0504715033 0.0459006205 -0.0896516591
v 0.0497487783 0.0483439304 -0.0906297117
v 0.0511751473 0.0414210781 -0.0955071226
v 0.0504051559 0.046146106 -0.0943687037
v 0.0489947088 0.0487651452 -0.0892335251
v 0.0584945753 0.028321797 -0.0986305475
v 0.059097115 0.030575294 -0.0913812295
v 0.0582069457 0.0319844708 -0.0935433358
v 0.0586224571 0.0343513899 -0.0863686278
v 0.0555876531 0.0135913966 -0.108325303
v 0.0569835864 0.00876007415 -0.111384109
v 0.0569415949 0.00946554542 -0.0973180085
v 0.0538050719 0.0172385909 -0.118343718
v 0.0545583591 0.0201494768 -0.114291228
v 0.0548248664 0.019809721 -0.117662445
v 0.0559460148 0.0222950764 -0.11368046
v 0.056877628 0.0200914554 -0.0956774428
v 0.0522631258 0.0236372333 -0.116073355
v 0.0546642393 0.0227518845 -0.116376564
v 0.0545331612 0.0254573245 -0.107862689
v 0.0555953979 0.0240892433 -0.105816826
v 0.0575664192 0.0254413299 -0.106026456
v 0.056320373 0.0265134797 -0.0983270481
v 0.0592947602 0.00834899209 -0.10171596
v 0.0604795106 0.00826556887 -0.0939906985
v 0.0611477457 0.00808466878 -0.0868974328
v 0.0582718998 0.016845813 -0.105326809
v 0.0599676892 0.016468836 -0.0957696885
v 0.0593813621 0.0248836912 -0.095162034
v 0.0600931495 0.0264761448 -0.085846059
v 0.033814624 0.0097126672 -0.142251775
v 0.0363305621 0.00860947277 -0.138118222
v 0.0379568599 0.0048044445 -0.139653251
v 0.0326306969 0.0143374717 -0.142340988
v 0.0319819115 0.0165059548 -0.140820742
v 0.0313574448 0.0216185004 -0.13966687
v 0.0350585096 0.0168423466 -0.138774276
v 0.0328889228 0.0208953563 -0.140506297
v 0.0344707184 0.0222207382 -0.137396619
v 0.0361443125 0.0216637906 -0.137823209
v 0.0387833677 0.0170398001 -0.135977954
v 0.0371871442 0.0156920906 -0.138777077
v 0.0303838719 0.0296629313 -0.138809487
v 0.0317390822 0.0276005473 -0.136934057
v 0.0300799236 0.0292906649 -0.136132136
v 0.0378158465 0.0225821808 -0.134712666
v 0.0358014219 0.0292584375 -0.132920265
v 0.0365755707 0.0321013816 -0.13274917
v 0.0386784598 0.030324135 -0.129699245
v 0.0327740274 0.0318692289 -0.134478152
v 0.034409143 0.0308308657 -0.135261148
v 0.0325877853 0.0308535267 -0.136532873
v 0.0327141285 0.0316428915 -0.133394688
v 0.0325902887 0.0303959735 -0.13348487
v 0.033747308 0.0324185789 -0.132288337
v 0.035027694 0.0313919783 -0.130816743
v 0.0348002203 0.0322853774 -0.13334623
v 0.0359026641 0.0333053581 -0.129766569
v 0.0357710086 0.0332636796 -0.130706087
v 0.0375896059 0.0323443636 -0.127915099
v 0.0373010151 0.0336608849 -0.127863988
v 0.038034305 0.0324682966 -0.12697053
v 0.0375465564 0.0331608616 -0.130803436
v 0.0380042046 0.0344279073 -0.12758702
v 0.0398641899 0.0355040804 -0.124494925
v 0.0378332101 0.00988910068 -0.139315605
v 0.0415066518 0.00501311338 -0.136624187
v 0.0439185463 0.0115092965 -0.133550927
v 0.043920055 0.017091848 -0.131389722
v 0.0410390683 0.0112489341 -0.136375293
v 0.0403164662 0.0188642349 -0.135233328
v 0.0437175818 0.0189182386 -0.131889194
v 0.0414023735 0.0200008415 -0.132742554
v 0.0454951338 0.0171739422 -0.129693404
v 0.044485677 0.020586554 -0.129431099
v 0.0480082892 0.0157624893 -0.128141716
v 0.0399668738 0.0247912295 -0.133176714
v 0.03947559 0.0328319594 -0.129492745
v 0.0413568877 0.02575396 -0.129870921
v 0.045535326 0.0291435588 -0.124615483
v 0.0461613275 0.02562044 -0.124345951
v 0.0466644317 0.0222347304 -0.127335459
v 0.0470336303 0.0210163966 -0.126233861
v 0.049161803 0.0228777491 -0.12394774
v 0.0436938442 0.0336425789 -0.121595494
v 0.0413632579 0.0319901332 -0.125760674
v 0.0398986898 0.0339552201 -0.124212123
v 0.0391775928 0.0347236842 -0.125020161
v 0.0401668288 0.0345440954 -0.12715748
v 0.0419777595 0.0345411934 -0.125497758
v 0.0410893448 0.0354265124 -0.12187849
v 0.0415674224 0.0366129093 -0.121612266
v 0.0425222628 0.0351583175 -0.12005496
v 0.0420327112 0.0361526571 -0.123142391
v 0.0445293747 0.0355777964 -0.121294126
v 0.0446773283 0.0374804772 -0.119111732
v 0.0475536175 0.00981334504 -0.12976566
v 0.052155856 0.0111249145 -0.123854235
v 0.0517719314 0.016872244 -0.121720992
v 0.0479154885 0.0174331255 -0.126879424
v 0.0495103188 0.0189410355 -0.125360265
v 0.050539501 0.0201095901 -0.121981695
v 0.0535461903 0.0194901731 -0.1200535
v 0.05348216 0.0164791886 -0.121157259
v 0.0521174558 0.022567369 -0.120282218
v 0.00406754669 0.00852795411 -0.15003626
v 0.00413448177 0.00773701444 -0.151728332
v 0.00828100368 0.00884877983 -0.149646208
v 0.00478289882 0.0153409243 -0.149408996
v 0.00348991062 0.015354801 -0.151104018
v 0.00828087796 0.0131118167 -0.15100956
v 0.00845832936 0.0200353246 -0.150024161
v 0.00873682182 0.0152991461 -0.149083555
v 0.00488529168 0.0252472106 -0.147262633
v 0.00728196697 0.0260024182 -0.148860216
v 0.00919908844 0.0271532163 -0.146784455
v 0.00974106137 0.0246773567 -0.146646976
v 0.00857788324 0.026343178 -0.146642715
v 0.00975986011 0.0266180411 -0.148019224
v 0.00776425609 0.0233254619 -0.147668213
v 0.0123597225 0.00833866931 -0.148994714
v 0.0131447343 0.0071889367 -0.150746897
v 0.016400421 0.00864534173 -0.148014709
v 0.0190194361 0.00912902318 -0.149245515
v 0.0139010027 0.0134808766 -0.150099248
v 0.0123641379 0.0157747753 -0.148487851
v 0.0155605711 0.0186270662 -0.148949817
v 0.0174563006 0.0152170965 -0.147372171
v 0.0179539546 0.0196901709 -0.146344975
v 0.0194030385 0.0139038572 -0.148596555
v 0.0128401322 0.0260732248 -0.147858515
v 0.0153711261 0.027378723 -0.146399885
v 0.0126068704 0.0274095796 -0.145832762
v 0.0113218911 0.0239094496 -0.14696759
v 0.0159596596 0.0242295824 -0.145768687
v 0.0139902029 0.0251965746 -0.14541851
v 0.0165787116 0.0256676003 -0.14451611
v 0.016349379 0.0278350171 -0.144688815
v 0.0186729599 0.0243381616 -0.146616861
v 0.0175756644 0.0275912639 -0.143942788
v 0.0198760424 0.0274135191 -0.145154938
v 0.0194075275 0.0243625529 -0.144601628
v 0.0204853937 0.0283225253 -0.143913999
v 0.0198330078 0.0259051826 -0.143217191
v 0.0198555924 0.0275735874 -0.142835945
v 0.0202471614 0.00945041981 -0.146774292
v 0.0239226483 0.00872027874 -0.145324811
v 0.0260357372 0.00806388818 -0.146713287
v 0.0299363509 0.00913070608 -0.144668102
v 0.0212702397 0.0196174774 -0.146882609
v 0.0244137477 0.0159404539 -0.14483428
v 0.0255349893 0.0146698207 -0.146155655
v 0.0247527752 0.0212513283 -0.145003334
v 0.0257478431 0.0194757022 -0.14340812
v 0.028183328 0.016290525 -0.142984599
v 0.0250713117 0.0281057376 -0.142620921
v 0.0290710554 0.0206587054 -0.142944813
v 0.0203360207 0.0285732877 -0.142963231
v 0.0225444324 0.0252893306 -0.143042535
v 0.022480417 0.0288286731 -0.141499445
v 0.0232613795 0.0266362969 -0.141298801
v 0.0238791388 0.0279942024 -0.140682846
v 0.0252416972 0.0268951431 -0.140567034
v 0.0268942732 0.0260570403 -0.140628994
v 0.0286404584 0.0290389583 -0.137231246
v 0.0253423546 0.0289180391 -0.141885102
v 0.0252707023 0.0293666981 -0.139760941
v 0.0252659563 0.0296705812 -0.140470251
v 0.0272082593 0.0301933102 -0.138546094
v 0.0293123368 0.0301110987 -0.138874382
v 0.0291499887 0.0308596063 -0.136774749
v -0.0508555658 0.0268979166 -0.118371792
v -0.0493611172 0.0331421345 -0.114686005
v -0.0472328402 0.0333216414 -0.118821166
v -0.0553813688 0.0273755938 -0.105574198
v -0.0529491566 0.0310155787 -0.103260942
v -0.0514272749 0.0322726741 -0.110519685
v -0.0512233339 0.0311428923 -0.108647794
v -0.049160324 0.0321900286 -0.112567276
v -0.0562465936 0.0292722043 -0.0987205505
v -0.0569075532 0.0316674486 -0.0893968716
v -0.0561438277 0.0292700976 -0.0904991701
v -0.0530176014 0.0337570123 -0.103449412
v -0.0485458262 0.0416881256 -0.107235923
v -0.047927618 0.0389674008 -0.107610576
v -0.0544878356 0.0355949439 -0.0948984921
v -0.0545109436 0.0310336668 -0.0964704007
v -0.0495339073 0.0424893461 -0.0976184309
v -0.0521594398 0.0375108793 -0.0956287086
v -0.0487562865 0.0410256907 -0.102430947
v -0.0565238893 0.0318364352 -0.0921343714
v -0.0492471345 0.0426976308 -0.10384544
v -0.0498414189 0.0445752628 -0.0989923179
v -0.0499814823 0.0460366718 -0.0956106186
v -0.0490966067 0.045433972 -0.0983585119
v -0.0481105819 0.0431324802 -0.104624838
v -0.0481378809 0.0441085212 -0.101950601
v -0.0486110263 0.0437306091 -0.0976618677
v -0.0484118313 0.0447969213 -0.099157542
v -0.048766572 0.0462139919 -0.095473744
v -0.0504783057 0.0464239568 -0.0935886428
v -0.0499085262 0.0445268415 -0.0924480706
v -0.0492298938 0.0467707217 -0.094907552
v -0.0494411327 0.0476846024 -0.0924463496
v -0.0485878401 0.0450321622 -0.0960180014
v -0.0491259918 0.0455772951 -0.0921879634
v -0.0488121659 0.0462450646 -0.0914313719
v -0.0488653481 0.0473952666 -0.0923797637
v -0.0503340811 0.048532296 -0.0893824473
v -0.0490263291 0.0487542562 -0.0893562958
v -0.0462723374 0.0379550718 -0.116434254
v -0.0454278663 0.0356320553 -0.116517827
v -0.0443064682 0.0374035724 -0.119441696
v -0.0435358696 0.0363526754 -0.117436223
v -0.044605121 0.0366223827 -0.115617231
v -0.0444488041 0.0375902317 -0.115322344
v -0.0425300673 0.0357093327 -0.119433239
v -0.0434861518 0.0381284766 -0.117569908
v -0.0422256924 0.0371399783 -0.119957045
v -0.0474081188 0.0396011025 -0.11253576
v -0.0467355885 0.0368473083 -0.112801358
v -0.0460530445 0.0388216004 -0.110958509
v -0.0455482714 0.0374869443 -0.112975031
v -0.0459343605 0.0389834642 -0.115183502
v -0.047665678 0.0410633124 -0.104746923
v -0.0473669879 0.0417750292 -0.108072013
v -0.0475704148 0.0424393713 -0.105290011
v -0.0470278561 0.0395087637 -0.107603662
v -0.0453894883 0.0396912768 -0.113665298
v -0.0465545878 0.0404434241 -0.1116376
v -0.0462085456 0.0399938077 -0.110783212
v -0.0469283499 0.0417148806 -0.107724525
v -0.0445761234 0.0386873633 -0.115144119
v -0.048324205 0.0425031967 -0.099716343
v -0.0575214662 0.0226206444 -0.087891221
v -0.0571503565 0.0213329419 -0.0940765813
v -0.0551850758 0.00807143282 -0.112435266
v -0.0537594296 0.0160077866 -0.120408051
v -0.0544194728 0.00923468079 -0.112451784
v -0.0566027276 0.00974320434 -0.101953708
v -0.0537324585 0.0200280752 -0.118926145
v -0.0547423549 0.0218432173 -0.114080824
v -0.0540110134 0.0203784928 -0.113914184
v -0.0533993468 0.0189299006 -0.116745688
v -0.0564489439 0.0199308153 -0.10187491
v -0.05557267 0.0177401975 -0.103163332
v -0.056584321 0.0209671091 -0.0914365798
v -0.0537695363 0.0233974736 -0.1160485
v -0.0516627841 0.0243393239 -0.115311526
v -0.0513691083 0.020952791 -0.118943758
v -0.0491978824 0.0267298426 -0.117882177
v -0.0551404841 0.024090929 -0.110776983
v -0.0546607971 0.0254127141 -0.111170411
v -0.0546980835 0.0230994355 -0.108435899
v -0.0562560186 0.0263558682 -0.101409137
v -0.0556189679 0.0262212586 -0.0994552895
v -0.023588594 0.00723631773 -0.146168813
v -0.0235855654 0.0065176771 -0.147647768
v -0.0198976155 0.00839228742 -0.147362366
v -0.022822503 0.0147206979 -0.147133037
v -0.0213427059 0.0207318719 -0.146514177
v -0.0206649341 0.0148184858 -0.146256283
v -0.0186130889 0.014775062 -0.148584023
v -0.0235273987 0.0205316748 -0.143829748
v -0.0234507862 0.0277637374 -0.143535942
v -0.0182842575 0.027581675 -0.145488381
v -0.0197730809 0.0266776159 -0.145476073
v -0.0196340252 0.0280779786 -0.144291386
v -0.025267357 0.0282253772 -0.139792249
v -0.023842996 0.026984565 -0.140926674
v -0.0203734282 0.0249703433 -0.143801048
v -0.022481693 0.0276998226 -0.141437992
v -0.0230255518 0.0289374366 -0.142323077
v -0.0196443889 0.0274641886 -0.142953917
v -0.0192908011 0.028069729 -0.143457144
v -0.0253541656 0.0296384245 -0.14048472
v -0.0241632443 0.0290977098 -0.140527442
v -0.0204140376 0.028682299 -0.142721459
v -0.0162611473 0.0101906983 -0.148271933
v -0.0158330072 0.00978682935 -0.149890646
v -0.0117905997 0.00776349241 -0.150897741
v -0.00789754372 0.00755747641 -0.151454166
v -0.0172185171 0.0210670065 -0.147847354
v -0.0171754733 0.0204977766 -0.146241084
v -0.0127732093 0.0170990154 -0.149727017
v -0.0120708672 0.0174773838 -0.148088962
v -0.0161522049 0.0243805554 -0.145471036
v -0.0150115024 0.0265935846 -0.147087425
v -0.016282035 0.0262962375 -0.144488707
v -0.0161236357 0.0277328547 -0.144636318
v -0.0108957868 0.0273802895 -0.146427631
v -0.0108832028 0.0257586073 -0.148345411
v -0.0140776485 0.0247671623 -0.145572662
v -0.0124501679 0.0265477505 -0.145728692
v -0.0109677771 0.0238638129 -0.146916628
v -0.0106055606 0.0272213724 -0.147031978
v -0.00834499858 0.0266236439 -0.14821586
v -0.00697378861 0.0254610144 -0.14910607
v -0.00932716019 0.0250087455 -0.14658004
v -0.0186706986 0.0260135308 -0.143652901
v -0.00997550227 0.00938003976 -0.149577215
v -0.00223643193 0.0033621646 -0.150500342
v -0.00289995503 0.0131317955 -0.14976649
v -0.000629278424 0.00469088834 -0.150366575
v -0.00244740164 0.0106708948 -0.151607648
v -0.00812018663 0.0158404876 -0.150654197
v -0.00769075612 0.0193254314 -0.148447424
v -0.00355047104 0.0196334757 -0.148698732
v -0.00447404478 0.0179597586 -0.15069446
v 3.58258185e-05 0.0165806431 -0.151020795
v -0.00516743818 0.0238940008 -0.147728562
v -0.00576483272 0.0253266897 -0.147179782
v -0.00951308291 0.0267954562 -0.14668934
v 6.38968559e-05 0.0238085706 -0.149835601
v 0.000641367515 0.0265582353 -0.147586003
v -0.000183165845 0.0248526577 -0.147455141
v 0.00250900327 0.0263199601 -0.148901299
v 0.00385231827 0.0266998895 -0.148200825
v 0.000553231221 0.00300471508 -0.150728524
v 0.00241250265 0.0234621856 -0.14801544
v 0.00171867933 0.025353333 -0.149485976
v -0.0517523587 0.0222918298 -0.12085975
v -0.048718635 0.0253443699 -0.123389356
v -0.0484749414 0.0218106937 -0.122997805
v -0.039651446 0.0244913828 -0.134138718
v -0.0464795865 0.0228185914 -0.127947375
v -0.0453936569 0.0241052993 -0.125603586
v -0.0452402085 0.0269196555 -0.126933888
v -0.0430044085 0.0255330447 -0.130388558
v -0.040389102 0.0309474375 -0.126941815
v -0.0404958129 0.0221694242 -0.132057086
v -0.0377620459 0.0306847356 -0.129837498
v -0.0369879864 0.0317777097 -0.132557645
v -0.0463306122 0.0300467256 -0.119793549
v -0.042568814 0.0348688141 -0.124534734
v -0.0397494286 0.0334242545 -0.128761441
v -0.0410076007 0.0326329209 -0.124953151
v -0.0412439294 0.0352830291 -0.125153542
v -0.0384588428 0.0322139412 -0.127002686
v -0.0386100002 0.0332889929 -0.12599656
v -0.0445303358 0.0362502262 -0.120700523
v -0.0428855307 0.0361045673 -0.122697361
v -0.0428590477 0.0329179876 -0.122493848
v -0.0420001522 0.0344680101 -0.121632829
v -0.0419636331 0.0368437245 -0.12115933
v -0.0410469323 0.0349298269 -0.122058012
v -0.0396585353 0.035187766 -0.124570772
v -0.0406191498 0.0360926017 -0.123024829
v -0.0398880951 0.0341355056 -0.124071613
v -0.0296896007 0.0224065538 -0.142104611
v -0.0370802246 0.0208435189 -0.137675986
v -0.0360517092 0.0249093082 -0.136913791
v -0.0341692418 0.0222611148 -0.137196854
v -0.0326380283 0.0286471061 -0.135290682
v -0.0342667662 0.0310803056 -0.135243163
v -0.0327231884 0.0243035536 -0.139534414
v -0.030834768 0.0278090928 -0.137011528
v -0.0309688579 0.0299622621 -0.13823323
v -0.0284039117 0.0267127641 -0.139126807
v -0.0357124805 0.029446112 -0.132421613
v -0.0330177508 0.0318588875 -0.134220988
v -0.0319616944 0.0301165134 -0.134151727
v -0.0299353693 0.0309082232 -0.137267336
v -0.0300697256 0.0311155915 -0.135946617
v -0.0375198647 0.0325967036 -0.127732098
v -0.0363561325 0.0323770121 -0.132466912
v -0.0388619825 0.0339467004 -0.128758028
v -0.0373953208 0.033960674 -0.127943635
v -0.0383519121 0.034766864 -0.126561388
v -0.0361001417 0.0335567109 -0.129452258
v -0.0354001895 0.0316564143 -0.130369857
v -0.0359284766 0.0332055613 -0.130938813
v -0.0345497541 0.0325340852 -0.13279976
v -0.0336114652 0.0323909745 -0.132391229
v -0.0346730761 0.0322390422 -0.131040722
v -0.032789126 0.0314496271 -0.133255258
v -0.0254914016 0.0214112047 -0.144568682
v -0.0269551706 0.0289206989 -0.141222641
v -0.0283541661 0.0290166289 -0.137453184
v -0.0250011254 0.0258716382 -0.141351655
v -0.0286418088 0.0302309487 -0.138925746
v -0.0290955249 0.0303440299 -0.136834934
v -0.0263722967 0.0298837349 -0.138983369
v -0.0497189648 0.0114417663 -0.127310574
v -0.0491707698 0.00228471542 -0.127018705
v -0.0487182848 0.0117701702 -0.126674786
v -0.0530107915 0.0139427511 -0.122374035
v -0.0522837304 0.0106107313 -0.122037165
v -0.0505785868 0.0167975556 -0.125174895
v -0.0477351286 0.0170046091 -0.128767386
v -0.0509381816 0.020096682 -0.123484828
v -0.0502568446 0.0179218259 -0.122734293
v -0.0404756777 0.00657377345 -0.137406573
v -0.0445642918 0.0100195277 -0.133344531
v -0.0454361774 0.013058926 -0.130318418
v -0.0437799245 0.00520350551 -0.132891357
v -0.0432990864 0.01197589 -0.132649094
v -0.0419908911 0.0142556196 -0.135288179
v -0.0408638678 0.019111447 -0.135133147
v -0.0392978638 0.0138028413 -0.135905847
v -0.0490360782 0.014241836 -0.125801191
v -0.0466443673 0.0191523675 -0.126964614
v -0.0439405143 0.0194885116 -0.132134408
v -0.0435469262 0.0211676434 -0.129543379
v -0.0415687375 0.0170875564 -0.133062378
v -0.0308757145 0.00594059099 -0.144191131
v -0.0305170901 0.0149610201 -0.143459469
v -0.0394041464 0.00645924639 -0.136845097
v -0.0371942297 0.00987221207 -0.139754698
v -0.0365988649 0.011880503 -0.138360858
v -0.0339215919 0.0127343573 -0.141695261
v -0.0340869203 0.00607908424 -0.142228186
v -0.0343496501 0.00720017822 -0.140518397
v -0.0309789311 0.00705388188 -0.142610371
v -0.0266990401 0.0147939026 -0.14545159
v -0.0374979638 0.0165895075 -0.138526395
v -0.0377367586 0.0208386742 -0.135080963
v -0.0350579843 0.01692128 -0.13835001
v -0.0337062292 0.0187769178 -0.140681669
v -0.0301916357 0.0140313134 -0.142123893
v -0.0312755629 0.0199967027 -0.139951393
v -0.0276283659 0.0199429654 -0.142049432
v -0.027238654 0.00653824955 -0.146064535
v -0.0274895914 0.00527967233 -0.144564673
v -0.0255019572 0.0125917774 -0.144736111
v 0.0364644602 -0.0313069522 -0.032896962
v 0.0385859087 -0.0287184007 -0.0330830812
v 0.0367834419 -0.0308867209 -0.0282388721
v 0.039540492 -0.0279513113 -0.0277886614
v 0.039545577 -0.0272429287 -0.028406512
v 0.0413779281 -0.0256017186 -0.0332532227
v 0.0470057465 -0.0266710278 -0.0280860458
v 0.0409489684 -0.0251584426 -0.0329723842
v 0.0419438444 -0.0234206375 -0.0282140914
v 0.0436027274 -0.0202391874 -0.0328730457
v 0.0501511656 -0.0235491749 -0.0332698748
v 0.0444434509 -0.0192737821 -0.0332360081
v 0.0441739075 -0.0188315902 -0.0283758324
v 0.0466356985 -0.0133934598 -0.0332368948
v 0.0416640453 -0.0245384183 -0.0278178304
v 0.0460746065 -0.0192582589 -0.02777672
v 0.0444172435 -0.0193562713 -0.0278221127
v 0.0458061136 -0.0145184062 -0.032908868
v 0.0469716936 -0.010007699 -0.0284797605
v 0.0471043773 -0.00964445341 -0.0331385881
v 0.0457536317 -0.0146310739 -0.0282283518
v 0.0463087372 -0.0146133145 -0.0278146174
v 0.0470642373 -0.0106959492 -0.0279407352
v 0.0478524305 -0.00435938267 -0.0328687988
v 0.0478938818 -0.00389671302 -0.0287090819
v 0.0479885451 0.00275374786 -0.0328775086
v 0.0479775667 0.00331788789 -0.0287867542
v 0.0543970838 -0.0297613796 -0.0475249104
v 0.0571817793 -0.0299649369 -0.0488086157
v 0.0529907942 -0.0285168998 -0.0399881154
v 0.0567269027 -0.026980212 -0.0455172844
v 0.0544569567 -0.0296548195 -0.038961567
v 0.0507359505 -0.0309026856 -0.0311315432
v 0.0519475453 -0.0220827777 -0.0343620479
v 0.0531137846 -0.0254269 -0.0348894261
v 0.0547744036 -0.0177713279 -0.0455795415
v 0.0531165339 -0.0151884481 -0.0376093127
v 0.0550062805 -0.0216775611 -0.0387892276
v 0.0573899001 -0.0141466688 -0.0450967625
v 0.0509119183 -0.0176408049 -0.0306748617
v 0.0515828356 -0.0200717784 -0.0315639861
v 0.0513858087 -0.022793917 -0.0334758982
v 0.0536411554 -0.01330336 -0.0349096842
v 0.0550734103 -0.00833131373 -0.0458764657
v 0.0555287413 -0.0122450814 -0.0391662084
v 0.0483050272 -0.00936069898 -0.0286512803
v 0.0481531955 -0.00798729435 -0.0332360044
v 0.0513165817 -0.00900046807 -0.0333643742
v 0.051791653 -0.00633484591 -0.0314509608
v 0.0523268841 -0.00347389095 -0.0342522711
v 0.0550767034 -0.0015748241 -0.0456236601
v 0.0566815585 0.000190424893 -0.0560690723
v 0.0536128096 0.00573673984 -0.0389526859
v 0.0568881072 8.68865482e-06 -0.0427199304
v 0.0516652577 0.00916493777 -0.0313036069
v 0.0544473752 0.000663286017 -0.0362920873
v 0.0584363975 -0.030125374 -0.0558487028
v 0.058333423 -0.021295717 -0.0507207401
v 0.0588098876 -0.0109228417 -0.0508312024
v 0.0599863939 0.000427954015 -0.0566564798
v 0.0584711283 4.65269077e-05 -0.0486001
v 0.0568519607 -0.0309057161 -0.086073406
v 0.057071995 -0.0296996236 -0.0797090679
v 0.0563716292 -0.0324664563 -0.0660117194
v 0.0567933172 -0.028406838 -0.0666280687
v 0.0558531433 -0.027284652 -0.0559255295
v 0.057686504 -0.019452516 -0.0769630671
v 0.0575077422 -0.0187704377 -0.0868343785
v 0.0573741198 -0.0187648367 -0.0669738948
v 0.0564161204 -0.0186954886 -0.0564748608
v 0.0579660945 -0.00542286923 -0.0740097836
v 0.0576049984 -0.00897860248 -0.0663285926
v 0.0566631556 -0.00847682916 -0.0562537536
v 0.0579214133 -0.00653925305 -0.0829412267
v 0.0575981773 0.00565138366 -0.0657412633
v 0.0591255575 -0.03393187 -0.0835553631
v 0.0600906797 -0.0263348948 -0.086200878
v 0.0597214513 -0.0312410705 -0.0775573254
v 0.0600997433 -0.0272069313 -0.0705035627
v 0.0596932434 -0.0266656354 -0.063573584
v 0.0608743355 -0.0171444975 -0.0855193213
v 0.0608453266 -0.0206273813 -0.0776421502
v 0.0608115979 -0.0183294918 -0.0707629248
v 0.060399022 -0.0169220082 -0.0638433546
v 0.059226919 -0.0235850494 -0.0570699386
v 0.0611326769 -0.00837792363 -0.086830914
v 0.0613372438 -0.00847456325 -0.0778281763
v 0.0607071035 -0.00833132304 -0.0639793798
v 0.0611706823 -0.00825736672 -0.0709051341
v 0.0598386452 -0.0120118745 -0.0570488349
v 0.0610065088 0.000700322911 -0.0898806304
v 0.0614320002 0.00046696447 -0.0806105062
v 0.0612375215 -9.21323226e-05 -0.0698309988
v 0.0230271909 -0.0654219016 -0.0590120032
v 0.022325905 -0.0652417988 -0.0582817234
v 0.0253586341 -0.0654387698 -0.0601382218
v 0.0268873386 -0.0649405122 -0.06060379
v 0.0281287786 -0.0655922517 -0.0614861846
v 0.0286797341 -0.0646398589 -0.062110927
v 0.0294664707 -0.0641411841 -0.0624783374
v 0.030791048 -0.0668855384 -0.0604013763
v 0.0296825543 -0.0657833517 -0.0622836053
v 0.0298194587 -0.06360396 -0.0637230724
v 0.0283648148 -0.0641551986 -0.0524974205
v 0.0299648568 -0.0622471496 -0.0638011247
v 0.0304733291 -0.0666380972 -0.0613322817
v 0.0359604098 -0.0655167624 -0.0625028387
v 0.0365301557 -0.0658876002 -0.0617083572
v 0.0343036577 -0.0658640042 -0.0539333783
v 0.0430715829 -0.0633623153 -0.0638497844
v 0.0320756324 -0.0642340183 -0.0620316677
v 0.0344427414 -0.063273631 -0.0536130071
v 0.0374445319 -0.0630337 -0.0630163923
v 0.0387406945 -0.0629390627 -0.0625187457
v 0.0422570296 -0.061961323 -0.0638673604
v 0.0409703478 -0.0647341982 -0.0619157255
v 0.0471121706 -0.0589536875 -0.0671214536
v 0.0479823202 -0.0585570484 -0.0681017265
v 0.0413144343 -0.0643556342 -0.0632311478
v 0.0428162813 -0.0626233742 -0.0643576011
v 0.0453843735 -0.0621013492 -0.0648472905
v 0.0448561832 -0.0609308556 -0.0649631247
v 0.0454887189 -0.059888199 -0.0598690212
v 0.0447911695 -0.0632602423 -0.0634340271
v 0.0457420573 -0.0610523634 -0.0656913444
v 0.0464782119 -0.0595958866 -0.0661145002
v 0.0466811694 -0.0617445521 -0.0581010692
v 0.0473640412 -0.0617302656 -0.0643484071
v 0.0474315435 -0.0592642426 -0.0650688857
v 0.0483888611 -0.056162592 -0.0709382966
v 0.04795257 -0.0575863905 -0.067494072
v 0.0494988039 -0.0598162711 -0.0659228116
v 0.0483729467 -0.060303282 -0.0660994127
v 0.0489406213 -0.0596571751 -0.0576480106
v 0.0508062989 -0.0576056018 -0.0601565428
v 0.0489980578 -0.0487757884 -0.0891403705
v 0.0499395691 -0.0488431156 -0.0890852958
v 0.0491343364 -0.0524005964 -0.0798692033
v 0.0490509905 -0.051101841 -0.0830672607
v 0.0489659011 -0.0499148592 -0.0859310478
v 0.048756294 -0.0510687344 -0.0796254799
v 0.0490489379 -0.0514806435 -0.0761995539
v 0.0487512648 -0.0490412787 -0.084831804
v 0.0490306281 -0.0502565652 -0.0794643834
v 0.0490954258 -0.0483750068 -0.0842771381
v 0.0497752614 -0.0504849963 -0.0847918466
v 0.0504239053 -0.049262885 -0.0813243017
v 0.0507848151 -0.0517099649 -0.0803583413
v 0.0507263541 -0.0498291552 -0.0852551609
v 0.0514709316 -0.0500442609 -0.0761217624
v 0.052761592 -0.0508628301 -0.076013729
v 0.0489389077 -0.0548270307 -0.0735290423
v 0.0488676801 -0.0551803596 -0.0698135868
v 0.0489643477 -0.0535492525 -0.0763330311
v 0.0486965068 -0.0547169372 -0.0716553107
v 0.0487760566 -0.0528191403 -0.0752980709
v 0.0489876606 -0.0531038567 -0.0728361607
v 0.0500054322 -0.0564605035 -0.0704952553
v 0.0497729518 -0.0541022643 -0.0751743913
v 0.0498409867 -0.0564580187 -0.0676031187
v 0.0502982177 -0.0523407459 -0.0736547858
v 0.0516622812 -0.0543940663 -0.0678754076
v 0.050752122 -0.0541485511 -0.0740955546
v 0.0518221855 -0.0537548251 -0.0690189227
v 0.051481761 -0.0521750413 -0.0719090477
v 0.0505879484 -0.0508692637 -0.0769237205
v 0.0533816405 -0.0499781929 -0.07117787
v 0.051882714 -0.0557997823 -0.0691009611
v 0.0535322428 -0.0479669273 -0.0643175542
v 0.0519926548 -0.0561575145 -0.0676821694
v 0.054096885 -0.0518517382 -0.0703756884
v 0.054601863 -0.049880784 -0.0732717812
v 0.0543827452 -0.0464592539 -0.0734466016
v 0.0556441359 -0.047875192 -0.0666120052
v 0.0493163913 -0.0575613342 -0.0658026561
v 0.052094426 -0.0510545522 -0.060447678
v 0.0530899465 -0.0538070723 -0.064434059
v 0.0527863987 -0.0532198101 -0.0569930486
v 0.0544147305 -0.0499925092 -0.059969902
v 0.0559649765 -0.0450690202 -0.0586945228
v 0.0504239984 -0.0470416918 -0.0870480612
v 0.0524725541 -0.0427024961 -0.0871609971
v 0.0536494963 -0.0444446355 -0.0853203088
v 0.0583691075 -0.0360686928 -0.0837970823
v 0.05121525 -0.0481490977 -0.0816149935
v 0.0545139275 -0.0451355167 -0.0813748986
v 0.0533068515 -0.0453137606 -0.0784562975
v 0.0556691773 -0.0404999666 -0.0774421841
v 0.0561639741 -0.0374881811 -0.0794770867
v 0.0565768518 -0.0452868231 -0.0753145218
v 0.055053629 -0.0424345993 -0.0685997382
v 0.0560559928 -0.0373801738 -0.0711971149
v 0.0576307066 -0.0417889841 -0.0704209656
v 0.0549578667 -0.0399800576 -0.0613305345
v 0.057899043 -0.0389980227 -0.0634797513
v 0.0575635135 -0.036735449 -0.0563167073
v 0.0554144382 -0.0352749899 -0.0862459689
v 0.0569862239 -0.0303586256 -0.0745232031
v 0.0554001629 -0.0325672068 -0.0561568141
v 0.0574100763 -0.0421914496 -0.0775122046
v 0.058874663 -0.0359930433 -0.0704628751
v 0.0585047603 -0.0380026512 -0.0793930888
v 0.0588222481 -0.0339505635 -0.0635824203
v 0.0124758631 -0.0670082644 -0.0512834936
v 0.0108006103 -0.0670370683 -0.0451996811
v 0.0129266437 -0.0650659725 -0.0512498468
v 0.0117254769 -0.064613685 -0.0472306162
v 0.0103134001 -0.066117458 -0.0384524986
v 0.0119290734 -0.0636310503 -0.0401901752
v 0.0118253408 -0.0643628016 -0.0310311429
v 0.0151230814 -0.0648248717 -0.0319800451
v 0.00657279324 -0.0623644553 -0.0334871113
v 0.0141251283 -0.0605724603 -0.028247403
v 0.00676348247 -0.0614067204 -0.0332680009
v 0.0162535571 -0.0596165136 -0.02785266
v 0.00206329953 -0.0510425046 -0.028757751
v 0.00801178347 -0.0513300784 -0.0332486741
v 0.00696655875 -0.0506419279 -0.0329767838
v 0.00768624526 -0.0500829108 -0.0291756317
v 0.00799920689 -0.0480448157 -0.0282930825
v 0.00788808521 -0.049902238 -0.0327780321
v 0.00821022037 -0.0476006754 -0.0330861621
v 0.00195646705 -0.0486448184 -0.0278805289
v 0.00669489475 -0.0498500764 -0.0278837532
v 0.009293749 -0.0471085124 -0.0327483416
v 0.00715292944 -0.0483737215 -0.0277709644
v 0.00935118645 -0.0471470468 -0.028014889
v 0.0137453368 -0.0675345212 -0.0508280843
v 0.0144034196 -0.0672506616 -0.0517862104
v 0.0160885118 -0.0670574233 -0.054552298
v 0.0164660309 -0.0675812215 -0.0529965945
v 0.0207409039 -0.066610001 -0.0452076159
v 0.0149984471 -0.0649876595 -0.0518496372
v 0.0159615092 -0.0656709373 -0.055411417
v 0.0148582431 -0.0657561943 -0.0524258912
v 0.0159650762 -0.065184772 -0.0538108349
v 0.0171626322 -0.0656898767 -0.0563337728
v 0.0201763455 -0.0667893663 -0.0565302782
v 0.0205060169 -0.0656534508 -0.0383071192
v 0.0174705926 -0.0625460073 -0.0353078134
v 0.0177185591 -0.0620973334 -0.0338780358
v 0.0107591683 -0.0471467786 -0.0332425497
v 0.0155443037 -0.0463424101 -0.0332521014
v 0.0145261809 -0.0457879044 -0.0283346213
v 0.0147599969 -0.0457682684 -0.033049453
v 0.0181159414 -0.044508066 -0.0330540724
v 0.0202961061 -0.0435654409 -0.0282060634
v 0.0222172607 -0.0434002616 -0.0332536213
v 0.0205914509 -0.043435812 -0.0329296999
v 0.0142174205 -0.0463069268 -0.027799245
v 0.0203959793 -0.0439970382 -0.0277710352
v 0.0229606684 -0.0669511557 -0.0574883223
v 0.0219925158 -0.067512393 -0.0551798232
v 0.0271697827 -0.067265518 -0.0575614162
v 0.0270231534 -0.0666432008 -0.0501579568
v 0.0203996431 -0.0656281337 -0.0576327145
v 0.0194972325 -0.0652301461 -0.0567797199
v 0.0232394692 -0.0641149208 -0.0476028472
v 0.0275993962 -0.0653354377 -0.0401990674
v 0.0262624435 -0.0630056635 -0.0411871597
v 0.0260728598 -0.0634152517 -0.0309283566
v 0.0274010058 -0.0603709184 -0.0332650952
v 0.0289376751 -0.0594322495 -0.0282282885
v 0.0279577654 -0.0638540834 -0.0318929814
v 0.0272026863 -0.0616374277 -0.0343665406
v 0.0288222693 -0.0611099377 -0.0336280651
v 0.031565208 -0.0581518784 -0.0278482679
v 0.0247275401 -0.041201897 -0.0329293571
v 0.0260247663 -0.0403708816 -0.0283825044
v 0.0279016756 -0.0391321741 -0.0328707956
v 0.0307677668 -0.0369207673 -0.03295983
v 0.0265519824 -0.0405405276 -0.0277852286
v 0.0328866504 -0.0612521395 -0.0363501683
v 0.0331285931 -0.0623442866 -0.030932609
v 0.0325514898 -0.0362131223 -0.0332430266
v 0.0294248573 -0.0379791334 -0.0282435771
v 0.03234604 -0.0362457857 -0.0277916584
v 0.0332374461 -0.0346843749 -0.0328329206
v 0.0360193513 -0.0328337476 -0.0332526714
v 0.0336056985 -0.0343689322 -0.0283702929
v 0.0350029022 -0.0335556529 -0.0277807973
v 0.0447942466 -0.0444166176 -0.0281092077
v 0.0479261279 -0.0474007055 -0.0309629124
v 0.0486280359 -0.0466410965 -0.0347057991
v 0.0489361212 -0.0406100564 -0.0332878977
v 0.0453072414 -0.0362967178 -0.0278084464
v 0.046125453 -0.0366084836 -0.0281315856
v 0.0530093983 -0.0497418493 -0.0489472337
v 0.0532015748 -0.0451787971 -0.0434132107
v 0.0525057428 -0.0461705886 -0.052510038
v 0.0526472069 -0.0413474664 -0.0466300994
v 0.0538216382 -0.0422139317 -0.0552255772
v 0.0543221943 -0.0462883227 -0.0499282628
v 0.0544769578 -0.0363807455 -0.0528078824
v 0.0557453074 -0.0421717055 -0.051824607
v 0.0564699024 -0.035487514 -0.0488656573
v 0.0509139672 -0.0458085202 -0.0433450751
v 0.0510340035 -0.0408617556 -0.0385574587
v 0.0522092953 -0.0440854318 -0.0389754772
v 0.0542536676 -0.0410454907 -0.043628592
v 0.0493092164 -0.0437562279 -0.0316048637
v 0.0491839759 -0.0436127372 -0.0339764245
v 0.0494682416 -0.0392668955 -0.0308298301
v 0.0495257899 -0.0355082117 -0.0332714021
v 0.0515545346 -0.0416823924 -0.0355806462
v 0.0507995449 -0.0355660245 -0.0343002379
v 0.0502357706 -0.0367999636 -0.0336728729
v 0.0504931994 -0.0361646339 -0.0315765589
v 0.053211946 -0.0339259692 -0.0436299071
v 0.0549774319 -0.0350179113 -0.0425297134
v 0.0529921167 -0.034408953 -0.0364425108
v 0.0338113122 -0.0625425652 -0.0458447337
v 0.0337531567 -0.0651355684 -0.045686774
v 0.0380165353 -0.0619110614 -0.0499056689
v 0.038579274 -0.0638126433 -0.0441667475
v 0.032583721 -0.0643807948 -0.0386662222
v 0.0370996147 -0.060963314 -0.0408104099
v 0.032611344 -0.0632826984 -0.0325648524
v 0.0340284109 -0.0597459152 -0.0334196016
v 0.0356804766 -0.0579948276 -0.028268246
v 0.036566522 -0.062227536 -0.0320020877
v 0.0377351604 -0.0609573796 -0.0308800396
v 0.0357860252 -0.0600857772 -0.0341004506
v 0.0375149213 -0.0575868003 -0.0332670324
v 0.0378201492 -0.0585049726 -0.0334146135
v 0.0405054465 -0.0602559485 -0.0316653885
v 0.0394189842 -0.0588973686 -0.034449365
v 0.0280400403 -0.0396500565 -0.0332500935
v 0.0475278944 -0.0455920734 -0.0332602225
v 0.0380125977 -0.0557012558 -0.027768027
v 0.0404629223 -0.0542098396 -0.0280071218
v 0.0416793488 -0.0640341118 -0.0550967567
v 0.0398961194 -0.060747046 -0.0461603515
v 0.0434500016 -0.06261307 -0.0495575778
v 0.0428900309 -0.0586658157 -0.0431657471
v 0.0450561382 -0.0610282645 -0.0459760316
v 0.0479232557 -0.0578407086 -0.0594173037
v 0.0477551632 -0.0597478002 -0.0507962331
v 0.041021008 -0.0622873344 -0.0406227522
v 0.0460939221 -0.0589648932 -0.0412861966
v 0.0421478376 -0.0610048883 -0.0375275277
v 0.0403493047 -0.0581458956 -0.0299934056
v 0.0418183841 -0.0574380606 -0.0344796851
v 0.0435070544 -0.0578142256 -0.0319510289
v 0.0438506007 -0.0562942177 -0.0309139155
v 0.0437956005 -0.0592821725 -0.035877537
v 0.0468463786 -0.0558192879 -0.0361607671
v 0.0492404401 -0.0561712794 -0.0588254407
v 0.0457483232 -0.0560073704 -0.0426175185
v 0.0482678376 -0.0558445863 -0.0405899175
v 0.0468140654 -0.0538840108 -0.0403049253
v 0.0483839847 -0.050721474 -0.039740745
v 0.04029084 -0.0570511147 -0.033356633
v 0.0458307192 -0.0499771833 -0.0332997032
v 0.0432991236 -0.0561378747 -0.0343622975
v 0.0453298092 -0.0531171896 -0.0337684676
v 0.045855131 -0.0532120839 -0.0310262199
v 0.0458242819 -0.0547639988 -0.0322097652
v 0.0468771309 -0.0504487455 -0.034018293
v 0.0477473363 -0.0498134457 -0.0316334702
v 0.0491662212 -0.0505994931 -0.0355746597
v 0.0426136591 -0.0482215844 -0.0277671758
v 0.0428183489 -0.050435245 -0.0280890372
v 0.0504857637 -0.0567961745 -0.0535561703
v 0.0490210205 -0.0571105406 -0.0466157608
v 0.0503560975 -0.0545696989 -0.0592410974
v 0.0504245758 -0.0516122691 -0.0515118241
v 0.0513481572 -0.0490394309 -0.0509968475
v 0.0513141751 -0.053103365 -0.0471848175
v 0.0507128835 -0.0509472527 -0.0409596823
v -0.0558984801 -0.0270369779 -0.0533414632
v -0.0535279065 -0.0350228287 -0.0492798872
v -0.0538007393 -0.0307209529 -0.0423966944
v -0.0534441918 -0.0251845345 -0.0438563749
v -0.0507585146 -0.0291222762 -0.0340362974
v -0.0502558351 -0.030235339 -0.0334722325
v -0.0473666675 -0.0261312872 -0.0283031426
v -0.0554134957 -0.0213953555 -0.0481492504
v -0.0555065423 -0.021777818 -0.0550198667
v -0.0546830371 -0.0223643687 -0.0495621562
v -0.0531592406 -0.0204808414 -0.0369015709
v -0.0546184294 -0.0141987409 -0.0425899401
v -0.0539555289 -0.0116573954 -0.0436315648
v -0.0520375147 -0.0186843518 -0.0361897014
v -0.0509870537 -0.0250561517 -0.0310011823
v -0.0520141907 -0.0139086386 -0.0319377035
v -0.0512139425 -0.0184595678 -0.033874806
v -0.0499556921 -0.0136872455 -0.0332963504
v -0.0557427369 -0.0095465444 -0.0483394749
v -0.0558777712 -0.00599004608 -0.0545751937
v -0.0550712422 -0.0048115747 -0.0490965955
v -0.0528202318 -0.005045522 -0.0381480455
v -0.0534260608 -0.00795568246 -0.0368865989
v -0.0514379032 -0.00883156247 -0.0309951566
v -0.0519201867 -0.00527451932 -0.0347714052
v -0.0514813215 0.00198479602 -0.0336265191
v -0.0484591797 -0.00765422639 -0.0287577417
v -0.0558062196 0.00544650108 -0.0483547039
v -0.0567824654 0.00672586542 -0.0552861169
v -0.0521598235 0.00921627972 -0.0321625397
v -0.0403003804 -0.0268389806 -0.0332473181
v -0.046392858 -0.025189925 -0.0278314147
v -0.04134693 -0.0250544418 -0.0277824178
v -0.0428962372 -0.0225257035 -0.0332440473
v -0.0435495526 -0.0197085477 -0.0328016467
v -0.0423377678 -0.0218933504 -0.0308362506
v -0.0410704128 -0.0243370775 -0.0328097641
v -0.0415370017 -0.0235290341 -0.0283849984
v -0.0439618826 -0.020123193 -0.0277899038
v -0.0434443988 -0.0199997537 -0.0282718241
v -0.039312277 -0.0270655472 -0.0283527952
v -0.045762863 -0.0154026104 -0.0332304649
v -0.0478162579 -0.00798242446 -0.0332050361
v -0.0457549281 -0.0138311936 -0.032788869
v -0.0466960408 -0.0101629067 -0.0284158401
v -0.0471422598 -0.00772708189 -0.032373596
v -0.0472028293 -0.01059906 -0.0279715899
v -0.0463268273 -0.0137006501 -0.0278349221
v -0.0456561074 -0.0140972994 -0.02846618
v -0.0474933088 -0.00610879343 -0.0328456573
v -0.0478486754 3.23592467e-05 -0.0286303107
v -0.0480851233 0.00700081652 -0.0332150906
v -0.0477899201 0.0015565512 -0.0328378864
v -0.0473761111 -0.00670574978 -0.0284450408
v -0.0367333777 -0.0314744674 -0.0332229286
v -0.0389308594 -0.0276734233 -0.0328444839
v -0.0361523107 -0.0312447585 -0.0327791423
v -0.0372023284 -0.0298109222 -0.0306294747
v -0.0344479568 -0.0334481411 -0.0331132971
v -0.0320264958 -0.0354659706 -0.0328354649
v -0.0367815495 -0.0304661039 -0.0282481648
v -0.0344378203 -0.0330586396 -0.0282735322
v -0.0574682131 -0.0287282076 -0.0793948993
v -0.0574014559 -0.0212188661 -0.0909514725
v -0.0577988252 -0.0222765133 -0.0770282075
v -0.0579734035 -0.0137483692 -0.0824408606
v -0.0576659478 -0.0192981288 -0.068106547
v -0.0580884442 -0.00954998378 -0.074089475
v -0.0577393025 -0.00838850439 -0.065745905
v -0.0581304766 0.00736990897 -0.0774183646
v -0.0579852946 0.00780761801 -0.0847640261
v -0.0580557585 0.0065994272 -0.0719648153
v -0.0574915595 0.00795880891 -0.0620844141
v -0.056097053 -0.0323986635 -0.0843383148
v -0.0563552342 -0.0308238808 -0.0743510947
v -0.0566926822 -0.0259291735 -0.0830952525
v -0.0573379174 -0.0283123013 -0.0709946454
v -0.0561080948 -0.0260025151 -0.0629392788
v -0.0570376962 -0.0279172715 -0.0649717227
v -0.0565744229 -0.0276488401 -0.0593810491
v -0.0555510372 -0.0330002941 -0.0637212843
v -0.057213109 -0.0126756914 -0.0827947855
v -0.0570096485 -0.0214493591 -0.0777517483
v -0.056518916 -0.0188551787 -0.0632893592
v -0.0569431931 -0.0208365321 -0.072323747
v -0.0566973239 -0.0200705808 -0.056788262
v -0.0573116578 -0.00949534215 -0.074159205
v -0.0568090752 -0.00813456532 -0.0634645373
v -0.0569971837 -0.00992257521 -0.0572809763
v -0.0570245162 0.00610928517 -0.0894512236
v -0.057291422 0.00603052042 -0.0838757083
v -0.0574079491 0.00578002073 -0.0778058693
v -0.0573106371 0.000109720226 -0.0718129352
v -0.0570023395 0.00575062213 -0.0657350048
v -0.0565772094 0.00487588625 -0.0605733357
v -0.0494666696 -0.0593915209 -0.0666993335
v -0.0482238494 -0.058866173 -0.0677058175
v -0.0483012088 -0.0572967865 -0.0695982799
v -0.050246641 -0.0589049831 -0.0657795519
v -0.0508186184 -0.0562903434 -0.0588529781
v -0.0485503897 -0.0607749783 -0.0647720695
v -0.0482729152 -0.0598281175 -0.0584390052
v -0.0490307324 -0.0573649667 -0.0662629083
v -0.0498127751 -0.0488992929 -0.0889803767
v -0.0489941761 -0.0487449653 -0.0890847743
v -0.0487597361 -0.0476135649 -0.0896639675
v -0.0536848716 -0.0470322557 -0.0782581121
v -0.0508398823 -0.0510715544 -0.0815674365
v -0.0503866374 -0.0521447435 -0.0801388249
v -0.050682757 -0.0495567732 -0.0859631896
v -0.0490528718 -0.0511250421 -0.0829742104
v -0.0498009659 -0.0503796674 -0.0850522593
v -0.0501168035 -0.0508445576 -0.0768244341
v -0.0500873551 -0.0491746292 -0.0811525956
v -0.0489967354 -0.052379746 -0.079439804
v -0.0489401147 -0.0501078852 -0.0853551999
v -0.0487439483 -0.0510098077 -0.0806848481
v -0.0488494374 -0.0497674234 -0.0812074095
v -0.0490144603 -0.0509225391 -0.0778527483
v -0.0488798097 -0.0486852676 -0.0841587558
v -0.0540166609 -0.0498049259 -0.0729250833
v -0.0532178767 -0.0530650616 -0.0689359009
v -0.0518285967 -0.0563388839 -0.0669085011
v -0.0519873425 -0.0554099269 -0.0693069175
v -0.0522472672 -0.0518590249 -0.0744544119
v -0.0521890819 -0.0517615713 -0.0699382871
v -0.0532892644 -0.0485135168 -0.0720428377
v -0.0507098101 -0.0550539382 -0.0722362325
v -0.0503147766 -0.0534051806 -0.0767022818
v -0.0493630394 -0.0539357066 -0.0713246241
v -0.0508582704 -0.0545923896 -0.0683996826
v -0.0498688407 -0.0561596975 -0.0710061267
v -0.0491123274 -0.054945644 -0.0734083429
v -0.0501859784 -0.0523303375 -0.0732356384
v -0.0483798496 -0.0562761761 -0.0706972107
v -0.0482033975 -0.0565241724 -0.0686296374
v -0.0490163304 -0.0538091585 -0.0757111683
v -0.0486058258 -0.0548161753 -0.0716329217
v -0.048749201 -0.0526521057 -0.0762226433
v -0.0490642264 -0.0523843206 -0.0741027594
v -0.0529322438 -0.0512210578 -0.0598808564
v -0.0543397143 -0.0478264056 -0.0650998205
v -0.0524521358 -0.0481085889 -0.0502120592
v -0.0526319891 -0.0493020155 -0.065131627
v -0.0509303957 -0.053856194 -0.0648886263
v -0.0498925261 -0.0530505329 -0.0540773906
v -0.0514698662 -0.0492484458 -0.0545009747
v -0.0519883484 -0.0447841212 -0.0825531557
v -0.0500884429 -0.0471079387 -0.0863137469
v -0.0490116291 -0.047298342 -0.0873414949
v -0.0562684834 -0.0399806388 -0.0780510157
v -0.0556258708 -0.0427941307 -0.0777367204
v -0.0539570004 -0.0428080112 -0.0845944807
v -0.0556673296 -0.0369274393 -0.0797016174
v -0.0545739196 -0.0431439839 -0.0755702108
v -0.0537365377 -0.0390317291 -0.0849002749
v -0.0519643463 -0.0479998291 -0.076220423
v -0.0560873747 -0.0398609005 -0.0695241764
v -0.0549712665 -0.0468276143 -0.0729627088
v -0.055449754 -0.0375384092 -0.0720151737
v -0.0548439361 -0.038079679 -0.0632110164
v -0.0542062335 -0.0434421375 -0.0673814341
v -0.0553891882 -0.0399623774 -0.0603977591
v -0.0542172976 -0.0445334241 -0.0568076856
v -0.0529839694 -0.0438612737 -0.055365026
v -0.0543698855 -0.0347150713 -0.054657001
v -0.0568588898 -0.0345628522 -0.0843586475
v -0.056833256 -0.034937378 -0.0726939142
v -0.0562403128 -0.0348134786 -0.0623108707
v -0.0471229367 -0.0588199571 -0.0673063248
v -0.0468336679 -0.0620739944 -0.0634529516
v -0.0474561341 -0.0604327284 -0.0661959723
v -0.0460508615 -0.0623021796 -0.064545311
v -0.0473483466 -0.0589129589 -0.0654975027
v -0.0460926145 -0.060230203 -0.066075325
v -0.0468037315 -0.058794409 -0.0620830618
v -0.0446094722 -0.0633673072 -0.0635676011
v -0.0411466919 -0.0624236427 -0.0441545583
v -0.0453098565 -0.0615237467 -0.0652703047
v -0.0445112363 -0.0613607429 -0.0644498691
v -0.0444520935 -0.0605738424 -0.0627511069
v -0.0459966138 -0.0583217889 -0.0539541915
v -0.0412475318 -0.0636528954 -0.0537799336
v -0.0427867845 -0.0626583025 -0.0643583611
v -0.0431684218 -0.0603341796 -0.0552101992
v -0.0428107381 -0.0620649755 -0.0638024658
v -0.042158708 -0.0616132244 -0.0627808943
v -0.0408287458 -0.064774476 -0.06238278
v -0.0410500579 -0.0638641417 -0.0635541156
v -0.038815327 -0.0631224886 -0.0637226105
v -0.040268153 -0.0623613968 -0.0636849776
v -0.0377523713 -0.063046217 -0.0629181936
v -0.026941359 -0.066929765 -0.0591749959
v -0.0366550237 -0.065834634 -0.0614349134
v -0.0354768857 -0.0656355545 -0.0623941794
v -0.0345394723 -0.0630513057 -0.0529287532
v -0.030486783 -0.0666170344 -0.0614421852
v -0.0320424177 -0.0660240874 -0.0515437573
v -0.0293971673 -0.0640029386 -0.0625461489
v -0.0301472358 -0.0669373423 -0.0598949045
v -0.0335670114 -0.0638864934 -0.0617145486
v -0.0300263949 -0.0623537861 -0.0637356639
v -0.0297120772 -0.0656533763 -0.0623584762
v -0.029734211 -0.0639946759 -0.0634783506
v -0.0278659612 -0.0646943748 -0.0620909743
v -0.0277466159 -0.0643673986 -0.054979153
v -0.026781546 -0.0672339946 -0.057501398
v -0.0247494895 -0.0659498572 -0.05934944
v -0.0267432462 -0.0649549663 -0.0612252019
v -0.0243761744 -0.0650541335 -0.0592783242
v -0.0233036615 -0.0654066652 -0.0589680187
v -0.0214411598 -0.0671683922 -0.0563479811
v -0.02289523 -0.0674536377 -0.0550899655
v -0.0219260771 -0.0664514378 -0.0448351167
v -0.0199103821 -0.0663335249 -0.0568056926
v -0.0197640825 -0.0653852373 -0.0572315603
v -0.0228334256 -0.064087376 -0.0474896878
v -0.0218344387 -0.0651844069 -0.0579966493
v -0.0217974428 -0.0655029863 -0.0381328054
v -0.0214087032 -0.0627157092 -0.0372576825
v -0.0265040528 -0.0640048981 -0.0321761519
v -0.025642246 -0.0608390644 -0.0332989208
v -0.024464095 -0.0633698329 -0.03082655
v -0.0195356067 -0.0645558387 -0.032008145
v -0.0207474157 -0.0619260781 -0.0339029059
v -0.00853629317 -0.0608112998 -0.0332628936
v -0.0101528196 -0.0472295173 -0.0332536437
v -0.0158806983 -0.0455161706 -0.0277884491
v -0.0191499945 -0.0443106852 -0.0332373269
v -0.0250251405 -0.0407547317 -0.0330345817
v -0.0225409251 -0.0420758463 -0.0327837095
v -0.0222219341 -0.0422616675 -0.028274497
v -0.015951125 -0.0456315167 -0.0332431644
v -0.0198492277 -0.0434053838 -0.0327391922
v -0.0190141331 -0.0437894128 -0.0282803625
v -0.0254057888 -0.0404123925 -0.0282925609
v -0.0200999044 -0.0439592004 -0.0277872104
v -0.0162716322 -0.0675195605 -0.052815102
v -0.0158252623 -0.0672018602 -0.0540890433
v -0.0150064873 -0.0674699694 -0.0509101637
v -0.014697779 -0.067306906 -0.0519738235
v -0.0110831792 -0.0669121295 -0.0446158387
v -0.0124288937 -0.0670680851 -0.0513738357
v -0.0159813371 -0.0653574094 -0.0556163006
v -0.0165376458 -0.06587708 -0.0559977703
v -0.0158124957 -0.0651450679 -0.0538627729
v -0.0149454186 -0.0649710521 -0.051861167
v -0.0112718316 -0.0647055134 -0.0480351672
v -0.0144127775 -0.0658273399 -0.0520703048
v -0.0120840194 -0.0650341958 -0.0513167419
v -0.0110964216 -0.0635445416 -0.0395232886
v -0.0120151294 -0.060330078 -0.0280771591
v -0.0103285257 -0.0627214313 -0.0347755179
v -0.0107030878 -0.064364329 -0.0310416277
v -0.00813899655 -0.0623107031 -0.0335109755
v -0.00843527447 -0.0649656355 -0.0320383869
v -0.0127516566 -0.0467019007 -0.0277744345
v -0.0161391851 -0.0448735394 -0.032745678
v -0.013268807 -0.0458107032 -0.028424738
v -0.012304198 -0.0461164415 -0.032798253
v -0.00677338801 -0.0477582179 -0.0279092304
v 0.00133135077 -0.0676880851 -0.0508570857
v -0.000140966542 -0.0670607463 -0.0513353534
v 7.00971286e-05 -0.0669548288 -0.0436346754
v -0.00736869453 -0.0651189983 -0.0512738526
v 0.000137303316 -0.0657345206 -0.0513369888
v -0.000290370168 -0.0651750714 -0.0511680953
v -0.010973705 -0.0660591051 -0.0385266095
v 0.000823623443 -0.0663357228 -0.0392802432
v -0.000221274531 -0.0638001934 -0.0403732471
v -4.26285624e-05 -0.0602446236 -0.0278984252
v 0.00270645856 -0.0628324151 -0.034778256
v 0.000748367747 -0.065147303 -0.0322163142
v 0.00117985695 -0.0644833446 -0.0310006607
v -0.000368710287 -0.0621313974 -0.0332752503
v -0.000355578493 -0.0595890991 -0.0277687218
v -0.00689433701 -0.0481216535 -0.0332510583
v -0.000305852358 -0.0515688471 -0.0332488306
v -0.001321755 -0.0482481197 -0.0332423709
v -0.000513859151 -0.0478169844 -0.0328462981
v -0.00053937285 -0.0488019399 -0.0277822521
v -7.6797638e-05 -0.0490946323 -0.0282765049
v -0.0073045087 -0.0471725017 -0.0285061002
v -0.00710405828 -0.0471999459 -0.0327192843
v -0.000822275062 -0.0477934144 -0.0283391997
v -0.000717733172 -0.0481755808 -0.0278758891
v 0.000935778255 -0.051139839 -0.0329356566
v 0.000801512331 -0.0510168187 -0.0297535919
v -0.000219310808 -0.0500057489 -0.032474447
v -3.88321459e-05 -0.0504438989 -0.0292503759
v -0.0001806582 -0.0487314835 -0.0290126614
v 0.00228347164 -0.0489629693 -0.027773438
v 0.00181592838 -0.0501966737 -0.0279078968
v -0.0507822596 -0.0487243868 -0.0422450751
v -0.0494969413 -0.0487380438 -0.0366252474
v -0.0489406437 -0.0476152152 -0.0394983217
v -0.0484375544 -0.0483690649 -0.0322144404
v -0.0550015941 -0.0379775614 -0.0543833375
v -0.0534325801 -0.0401685275 -0.0463226028
v -0.051984787 -0.0419189781 -0.0469210371
v -0.0519716442 -0.0382870957 -0.0378477275
v -0.0521305427 -0.0432960577 -0.0424399897
v -0.0525023974 -0.034517128 -0.0433907025
v -0.050448373 -0.0418250971 -0.0394503549
v -0.0507797562 -0.0429354049 -0.0360882655
v -0.0501052253 -0.0402942337 -0.0318376124
v -0.0488464348 -0.0442699827 -0.0310579948
v -0.0481140502 -0.0453606658 -0.0339102447
v -0.049395673 -0.0398287475 -0.0339699835
v -0.0489647761 -0.0383768417 -0.0333987325
v -0.054833468 -0.0317024626 -0.0485742204
v -0.0525899529 -0.0314383656 -0.0372474715
v -0.0505927429 -0.0358622372 -0.0359202325
v -0.0518916845 -0.0295639243 -0.0383319594
v -0.0512627847 -0.0305527393 -0.0319373049
v -0.0501513407 -0.0347264893 -0.0309425108
v -0.0486959629 -0.0316232815 -0.0332642049
v -0.0470725819 -0.0485961176 -0.0339611657
v -0.0437355079 -0.0462422632 -0.0277939811
v -0.0458636321 -0.04759942 -0.0332589634
v -0.0476160571 -0.0413226709 -0.033260528
v -0.045763012 -0.0400528274 -0.028196441
v -0.0448306054 -0.0391206965 -0.0277775023
v -0.038706772 -0.0289674122 -0.0277766846
v -0.0283942092 -0.0391463861 -0.0332394093
v -0.0324596725 -0.0359484591 -0.0332364738
v -0.0291640665 -0.0378062278 -0.0328029767
v -0.0285198204 -0.0382768251 -0.0283607505
v -0.0338661931 -0.0346554928 -0.0277701095
v -0.0318824872 -0.0355136245 -0.0282872207
v -0.0237490479 -0.0421893373 -0.0332499184
v -0.0246835016 -0.0415531248 -0.0277810153
v -0.0288877655 -0.0386576168 -0.0278246254
v -0.0479739606 -0.0566823743 -0.0454758182
v -0.0502383299 -0.0545706302 -0.0509289131
v -0.051242847 -0.0515835397 -0.0496245213
v -0.050230056 -0.0486736819 -0.0465237051
v -0.0485686325 -0.0554879941 -0.0544934422
v -0.0482457988 -0.0527384467 -0.0374987349
v -0.0477559641 -0.0528607331 -0.0436234996
v -0.0437522493 -0.0604741536 -0.0425079577
v -0.0449475385 -0.0575672984 -0.046375256
v -0.0418437943 -0.059984412 -0.0473037101
v -0.0369809791 -0.064861007 -0.050799273
v -0.0394848548 -0.0618068613 -0.0540429763
v -0.0465599857 -0.0576519892 -0.0424442925
v -0.0443840064 -0.0569466054 -0.0323468596
v -0.0424991548 -0.0589827672 -0.0323308036
v -0.0429535769 -0.0574673116 -0.0393457748
v -0.0399904773 -0.061555244 -0.0359140374
v -0.0371648371 -0.0631930754 -0.0386137478
v -0.040265616 -0.0594182946 -0.0397800952
v -0.0402683467 -0.0599591732 -0.0311241783
v -0.040596962 -0.0578734055 -0.0345072038
v -0.0387505703 -0.0582684167 -0.033530537
v -0.0460953563 -0.054338716 -0.0322538465
v -0.0462870896 -0.0554529876 -0.0441827886
v -0.0473108068 -0.0498879291 -0.0311061274
v -0.0455675535 -0.0534130894 -0.0308954939
v -0.0435230434 -0.0569208451 -0.0310713723
v -0.0451731607 -0.0529268235 -0.0344187133
v -0.0460977927 -0.0508608595 -0.0339047164
v -0.0436824746 -0.0548217222 -0.0339155495
v -0.0439620577 -0.0536543988 -0.0335611068
v -0.0423166789 -0.0511099175 -0.027972823
v -0.0419600084 -0.0564814769 -0.0338172615
v -0.0399642661 -0.0545531549 -0.0279430114
v -0.0423815474 -0.0542665832 -0.0333183482
v -0.0369791649 -0.0615421236 -0.0446123593
v -0.0332169943 -0.0624152906 -0.0444065928
v -0.0285995752 -0.0658706427 -0.0452343263
v -0.0369662754 -0.0596285909 -0.0342417844
v -0.0343991332 -0.0644867718 -0.0424678959
v -0.0330598056 -0.0631089136 -0.0322208367
v -0.0293039307 -0.0646952167 -0.0376996584
v -0.0278161019 -0.0634607449 -0.046299722
v -0.0305920877 -0.0614594556 -0.0357979573
v -0.0384055749 -0.0614493228 -0.0319720432
v -0.0356611609 -0.0584263802 -0.0332718454
v -0.0351021998 -0.0618324094 -0.0308923759
v -0.0342574827 -0.0604308434 -0.0342912413
v -0.0368394516 -0.0569962002 -0.0279647131
v -0.0339187346 -0.0597454682 -0.0334084705
v -0.0320282057 -0.0583147518 -0.0278800875
v -0.0294918288 -0.0631887019 -0.0312173907
v -0.0249773636 -0.0597146451 -0.0281763393
v -0.034024056 -0.0572124422 -0.027767349
v -0.0278638136 -0.0613748431 -0.0339349955
v 0.0518564321 -0.0199734047 -0.11987076
v 0.0536441579 -0.0200593825 -0.119671188
v 0.054523252 -0.0200857744 -0.114459276
v 0.0537094027 -0.0173197649 -0.118401632
v 0.0554309674 -0.0219952352 -0.115330309
v 0.055658631 -0.0241757073 -0.10533829
v 0.0567903481 -0.0169818364 -0.111349449
v 0.0569196939 -0.019335378 -0.0952304006
v 0.0543238893 -0.00274811755 -0.116880178
v 0.0545063205 -0.016527256 -0.118917026
v 0.0557367839 -0.0183491204 -0.106509708
v 0.0558128171 -0.00337968627 -0.10747128
v 0.0567512959 -0.00513788825 -0.112355582
v 0.0572727956 -0.0101629077 -0.0937235057
v 0.0567774735 -0.00694245938 -0.0992745459
v 0.0538497716 0.00247154338 -0.11841879
v 0.055088561 0.00571523653 -0.117480084
v 0.0581452623 -0.000659400248 -0.107307322
v 0.0573593341 0.006569291 -0.0931562781
v 0.0586456358 -0.0170121659 -0.10337504
v 0.0599957705 -0.0163096022 -0.0956207961
v 0.0584617741 -0.00913923699 -0.105623864
v 0.0601979718 -0.00841168687 -0.0963678584
v 0.059964668 0.000224000687 -0.098483704
v 0.0434524342 -0.0381076038 -0.117613912
v 0.0446578376 -0.0387479328 -0.115050174
v 0.0442961901 -0.0380125046 -0.118098646
v 0.0460194275 -0.039061442 -0.114942417
v 0.0464466326 -0.0378854163 -0.116257027
v 0.0453103371 -0.0395742618 -0.11383304
v 0.0460762233 -0.0399392806 -0.111097746
v 0.0460813046 -0.0388373397 -0.110963389
v 0.0470421389 -0.0417179428 -0.108049698
v 0.0472117066 -0.0418759696 -0.106324725
v 0.0465103947 -0.0403156765 -0.111923777
v 0.0468071252 -0.0396270081 -0.11323715
v 0.0471276417 -0.0398411267 -0.106988199
v 0.0481900461 -0.0441698469 -0.101853691
v 0.048400484 -0.044775445 -0.0990920365
v 0.0475827307 -0.0426666737 -0.105102591
v 0.0481759049 -0.0419544615 -0.101329185
v 0.0480495617 -0.0405752435 -0.104362085
v 0.0422045812 -0.0370917283 -0.120084636
v 0.0436320752 -0.036446318 -0.117207073
v 0.0445839204 -0.0376890749 -0.11495512
v 0.0446598157 -0.0365507677 -0.115337007
v 0.0424139015 -0.0350017734 -0.120402746
v 0.044277817 -0.0368319266 -0.120352075
v 0.045791164 -0.0351752974 -0.117188126
v 0.0444255732 -0.0360499844 -0.121053971
v 0.0449921153 -0.0337477736 -0.119704902
v 0.0499594621 -0.0294933002 -0.114901803
v 0.0465073772 -0.0380926318 -0.110950835
v 0.0464822575 -0.0369570516 -0.113455266
v 0.047939077 -0.0384276509 -0.109373778
v 0.0470683239 -0.0360489599 -0.11419104
v 0.0494325235 -0.0266509783 -0.118537128
v 0.049220033 -0.0476794057 -0.0925494656
v 0.0505290888 -0.0468139127 -0.0926015377
v 0.047789827 -0.0415972807 -0.108301237
v 0.0485787876 -0.0411809832 -0.107878894
v 0.0488172993 -0.0394403301 -0.10586448
v 0.0489775427 -0.0454542562 -0.098370254
v 0.0485932864 -0.0450015664 -0.0955225006
v 0.0484940559 -0.0430003703 -0.104582958
v 0.0484961644 -0.043046046 -0.0987368599
v 0.0490243845 -0.04440419 -0.0947126225
v 0.0492757373 -0.0407478437 -0.103145733
v 0.0497845486 -0.0446353815 -0.0989580452
v 0.0494940802 -0.0430814363 -0.102567643
v 0.0500108749 -0.0432352535 -0.096502386
v 0.049576886 -0.0418728702 -0.0998972133
v 0.0509017892 -0.0412178002 -0.0967652723
v 0.0571553707 -0.0281534046 -0.104317337
v 0.053589534 -0.0364979617 -0.101061486
v 0.0488802008 -0.0464181677 -0.0952803791
v 0.0487368181 -0.0474722572 -0.0891197175
v 0.0487408154 -0.0462394953 -0.0924065933
v 0.0490001515 -0.046569638 -0.089095369
v 0.049044095 -0.0454646014 -0.0918820947
v 0.0497278385 -0.0463866778 -0.095247969
v 0.0504436344 -0.0458094105 -0.0898732319
v 0.0502597056 -0.0444413275 -0.0933422372
v 0.0545179509 -0.0389513224 -0.0932278782
v 0.0549541079 -0.0236118678 -0.115143023
v 0.0500365049 -0.0280576944 -0.119130321
v 0.0481866375 -0.0394306146 -0.111194037
v 0.0489106029 -0.0378133617 -0.108130261
v 0.0561922714 -0.0263566989 -0.109587908
v 0.0542968176 -0.0261287447 -0.107680678
v 0.0545299612 -0.0333454534 -0.0949031487
v 0.0539359413 -0.0307616405 -0.102071762
v 0.0578668267 -0.0304407943 -0.0980468094
v 0.0566218384 -0.0282603409 -0.0934281647
v 0.0585682131 -0.0319061168 -0.0920501351
v 0.0527348816 -0.0230593663 -0.115575247
v 0.0527930111 -0.0270631015 -0.110990599
v 0.0584787279 -0.0274894498 -0.0998228416
v 0.0591377169 -0.0299316756 -0.0919328555
v 0.0572877377 -0.0252249762 -0.107242368
v 0.0595428571 -0.0251183696 -0.0935260952
v 0.0295369998 -0.0310419239 -0.136421353
v 0.0275108386 -0.0286548473 -0.141022176
v 0.0283266734 -0.0288936943 -0.137494445
v 0.0291674491 -0.0291585363 -0.13677384
v 0.0259046573 -0.00924288947 -0.146669015
v 0.0278571825 -0.00929333549 -0.143394783
v 0.0304084793 -0.0298378617 -0.1386915
v 0.032745868 -0.0311958753 -0.136000127
v 0.0327558629 -0.0318111777 -0.134404197
v 0.034114752 -0.0304833688 -0.135673255
v 0.0341287479 -0.0285424162 -0.134649202
v 0.0364421532 -0.0317033827 -0.133084223
v 0.0327138901 -0.0314911306 -0.133362234
v 0.0322757401 -0.0303107351 -0.13376078
v 0.0342927091 -0.0324682109 -0.131608233
v 0.0346161537 -0.0325420313 -0.132813573
v 0.034353599 -0.0311009884 -0.131621882
v 0.0357321985 -0.0332210325 -0.130836725
v 0.0366375335 -0.0336855985 -0.128763512
v 0.0362374596 -0.0322513804 -0.132773727
v 0.0363517702 -0.031958133 -0.129313976
v 0.0381720439 -0.0338727683 -0.12910971
v 0.037716046 -0.0299769025 -0.13078776
v 0.0382038131 -0.0345810801 -0.127177566
v 0.0389667414 -0.0348569378 -0.125364244
v 0.037745405 -0.0325559042 -0.127424136
v 0.0323350057 -0.0234195981 -0.139960021
v 0.030821098 -0.0273802858 -0.137583345
v 0.0288004223 -0.0218228269 -0.142728031
v 0.0313029923 -0.0215881784 -0.139707893
v 0.0344801955 -0.0224669706 -0.137281135
v 0.0350581333 -0.0171728265 -0.138696104
v 0.0332594998 -0.0162146874 -0.14155665
v 0.0364773721 -0.0218761358 -0.137489066
v 0.0381415077 -0.0225878786 -0.134439662
v 0.0390953347 -0.0246015601 -0.134041503
v 0.0293751638 -0.0150582716 -0.144115955
v 0.0303487163 -0.00765688717 -0.144587487
v 0.0292185396 -0.0167423934 -0.142341956
v 0.0312976539 -0.0109613501 -0.141406506
v 0.0341788046 -0.0078292368 -0.142243847
v 0.0348148905 -0.00459967693 -0.139226958
v 0.0388272479 -0.0172329862 -0.135863468
v 0.0381430984 -0.00486773392 -0.136715397
v 0.0373404399 -0.0153304832 -0.138736159
v 0.0377757438 -0.00984287728 -0.139362887
v 0.0305887181 0.00361913629 -0.144618869
v 0.034346085 0.00267726998 -0.14239198
v 0.0313029066 0.0044867252 -0.141555473
v 0.0386308804 -0.00315649481 -0.139219642
v 0.0405617617 -0.0347882062 -0.126504183
v 0.0396744162 -0.0335637592 -0.128761485
v 0.0383339375 -0.032384187 -0.12690267
v 0.0401340872 -0.0355207436 -0.124332108
v 0.0416157208 -0.0319153816 -0.125503227
v 0.0421928503 -0.0347107351 -0.125076324
v 0.0461990647 -0.0275471006 -0.124840677
v 0.0409469157 -0.0361851975 -0.122424811
v 0.0400185622 -0.0340631492 -0.123974063
v 0.0422751382 -0.03618709 -0.122934744
v 0.041389931 -0.0352898724 -0.121510096
v 0.0432173125 -0.0336037055 -0.121985778
v 0.0457125679 -0.0254228693 -0.125018984
v 0.0400537774 -0.0196507536 -0.135179237
v 0.0410399251 -0.0230597351 -0.131661162
v 0.0435550734 -0.0236535482 -0.128758565
v 0.0423509255 -0.0247221328 -0.130790696
v 0.044324059 -0.018848896 -0.131303668
v 0.0470496044 -0.0203773938 -0.126566097
v 0.0448876135 -0.0177055188 -0.130224854
v 0.0455167368 -0.0231373273 -0.128147855
v 0.0490597337 -0.0221293271 -0.122742839
v 0.0418538898 -0.0176245216 -0.133185297
v 0.0421743616 -0.0141476048 -0.134763926
v 0.0412297547 -0.0100150155 -0.136383012
v 0.0453826748 -0.00967650115 -0.132289931
v 0.0412701219 -0.00875726622 -0.13398318
v 0.0442033187 -0.00550009497 -0.131200954
v 0.0475277305 -0.0173684545 -0.127281159
v 0.0469929501 -1.26729847e-05 -0.128187299
v 0.0415366516 -0.00499532651 -0.136599675
v 0.0445078276 0.00202193088 -0.133836553
v 0.0447199829 -0.0049939123 -0.133448482
v 0.0412655473 0.0048000617 -0.134073406
v 0.0487210006 -0.00391134387 -0.128931671
v 0.0484487228 0.00300010224 -0.129304603
v 0.0509478711 -0.0227132123 -0.121740825
v 0.049529545 -0.0184976198 -0.125511333
v 0.0508800521 -0.0176299103 -0.122815236
v 0.0485444255 -0.0144903883 -0.127783626
v 0.0533441193 -0.0166314952 -0.121334925
v 0.0521269403 -0.0105128149 -0.123952664
v 0.0496249795 -0.00223499397 -0.124879234
v 0.0519398823 -0.00709229894 -0.121497788
v 0.0537437797 -0.0133212702 -0.121108077
v 0.0525283329 -0.000833635451 -0.123797335
v 0.0535974614 0.010689999 -0.121543698
v 0.00637899712 -0.0236144774 -0.147763968
v 0.00386973028 -0.0254300982 -0.149329975
v 0.00492444681 -0.0252532084 -0.147265807
v 0.00323494733 -0.0175448172 -0.150807723
v 0.00880053267 -0.0267811529 -0.14667803
v 0.00758869993 -0.0256227367 -0.148984015
v 0.00917864311 -0.024904035 -0.14661549
v 0.00890650041 -0.0151791973 -0.14907299
v 0.00964346994 -0.0272335354 -0.1466337
v 0.00851189252 -0.0183970612 -0.150284126
v 0.00283953082 -0.00676881103 -0.15184699
v 0.00648838561 -0.00932745449 -0.149831906
v 0.0083107641 -0.0130108213 -0.151014552
v 0.00867432356 -0.00677468581 -0.151429206
v 0.00470543187 4.45357437e-05 -0.151903421
v 0.00404646527 0.00197590725 -0.150223002
v 0.011292615 -0.000183323995 -0.149361193
v 0.00930287875 0.00509885885 -0.151431039
v 0.0124769239 -0.0265288278 -0.14571172
v 0.0112486901 -0.0238838661 -0.146966636
v 0.012853968 -0.0156917032 -0.148412123
v 0.0156364646 -0.0274547171 -0.146166012
v 0.0126722567 -0.0274891928 -0.145906135
v 0.0141188428 -0.0248827618 -0.145518914
v 0.0154502848 -0.0267097596 -0.146920845
v 0.0146676665 -0.0235725157 -0.148030668
v 0.0145348255 -0.0183107611 -0.149235651
v 0.0162731223 -0.0277515315 -0.144588783
v 0.015416014 -0.024088772 -0.145935997
v 0.0162946954 -0.0263209753 -0.144466862
v 0.017189825 -0.0252424534 -0.144598991
v 0.0194727108 -0.0280751456 -0.144339904
v 0.0180326104 -0.0200340319 -0.146250248
v 0.0195940193 -0.0278883893 -0.143081471
v 0.0210633781 -0.0273295268 -0.142224699
v 0.0124029964 -0.00850274973 -0.148959905
v 0.0130280256 -0.00634541037 -0.150814682
v 0.016334584 -0.00986987259 -0.147972167
v 0.0145527786 -0.0136328181 -0.149946272
v 0.0187984835 -0.00833822321 -0.1493714
v 0.0183468182 -0.015587531 -0.147014052
v 0.0195726398 -0.0139473137 -0.148522094
v 0.0180376489 0.00159225694 -0.149775386
v 0.0190000143 -4.78963375e-05 -0.147345603
v 0.020129744 -0.0285294 -0.14331907
v 0.0208111815 -0.0287731532 -0.142520562
v 0.0247477107 -0.028792873 -0.142249033
v 0.0247771796 -0.0292027257 -0.140113503
v 0.0250940342 -0.0295877345 -0.140512273
v 0.0287738089 -0.030184906 -0.138872057
v 0.0274755061 -0.0301989876 -0.138232321
v 0.0214120764 -0.0275279731 -0.144526199
v 0.0202832948 -0.020246705 -0.147124931
v 0.0202209465 -0.0246395785 -0.14422445
v 0.024713628 -0.0203935765 -0.145283476
v 0.0216142926 -0.0262023713 -0.142320126
v 0.0236731004 -0.0253875405 -0.142487854
v 0.0237676017 -0.0278472975 -0.140784815
v 0.0241366755 -0.0266558863 -0.140897781
v 0.0260833185 -0.0194668286 -0.143255785
v 0.0270107966 -0.026154561 -0.140493855
v 0.020246651 -0.00984048285 -0.14673382
v 0.0243562777 -0.0141422851 -0.14673537
v 0.0241258368 -0.00378950126 -0.145313099
v 0.0242299009 -0.0160520673 -0.144870624
v 0.0220770277 7.75600199e-07 -0.148557529
v 0.0265753213 -0.00196520262 -0.146699011
v 0.027758183 0.00415279903 -0.143566385
v -0.0576445647 -0.00848372839 -0.090841502
v -0.0573818237 0.00773491058 -0.0942725018
v -0.0544043779 -0.0208248645 -0.116171971
v -0.0537239127 -0.0194566958 -0.119177349
v -0.0537258238 -0.0191275813 -0.115873635
v -0.0549395792 -0.0228342023 -0.112693816
v -0.0564486049 -0.0194024462 -0.101993755
v -0.0544444956 -0.0226520542 -0.109881967
v -0.0553694777 -0.019095296 -0.104487725
v -0.0565851852 -0.0203835126 -0.0917034075
v -0.0543884002 -0.00966500212 -0.117084824
v -0.0532099977 -0.0162438191 -0.118894503
v -0.0542448275 -0.0066859182 -0.113700777
v -0.0552833192 -0.00919129979 -0.111691833
v -0.0561609343 -0.00871217344 -0.105535619
v -0.0553737618 -0.0065132333 -0.106062859
v -0.0567936189 -0.00872162916 -0.100229487
v -0.0564404912 -0.00944545586 -0.0965228677
v -0.0570141859 -0.00935086142 -0.0886979848
v -0.053106904 0.0143027147 -0.119867124
v -0.0558851175 0.00676543918 -0.102047093
v -0.0566204898 0.00596057065 -0.0948613584
v -0.0505119003 -0.0477068052 -0.0905917436
v -0.049000293 -0.0474170409 -0.0927543864
v -0.0475222133 -0.0417054147 -0.108218186
v -0.0476537384 -0.0399891585 -0.111536704
v -0.0490844399 -0.0415695347 -0.105935313
v -0.0503518097 -0.0450251177 -0.0964682549
v -0.0491133071 -0.0454022139 -0.0983135998
v -0.0496298969 -0.0446705967 -0.0991565958
v -0.0494381636 -0.0427664146 -0.0973716453
v -0.0511651076 -0.0397651568 -0.0958836973
v -0.0485922024 -0.0442405418 -0.10134317
v -0.0484783463 -0.0447932594 -0.0987017751
v -0.0486373119 -0.0428744033 -0.104672991
v -0.0485337786 -0.0437285155 -0.097924836
v -0.0483167917 -0.0424049273 -0.0998237059
v -0.0488358326 -0.0411535725 -0.101982281
v -0.0540077984 -0.0359241888 -0.0962981731
v -0.0496907122 -0.0467369556 -0.0945437029
v -0.0491940938 -0.0449082479 -0.0931849107
v -0.0499736853 -0.0457939133 -0.0895956159
v -0.0488088317 -0.0462780669 -0.0953821391
v -0.0487309881 -0.0463018566 -0.0914636776
v -0.0487528965 -0.0449779592 -0.0950885415
v -0.0537182614 -0.0232319534 -0.116327062
v -0.048960302 -0.0332317092 -0.115550175
v -0.0552469604 -0.0288108531 -0.103617571
v -0.0522924438 -0.0342093483 -0.105196834
v -0.050875973 -0.0323516913 -0.111870304
v -0.0517010912 -0.0288598984 -0.11017517
v -0.0561177395 -0.0291452687 -0.0994167253
v -0.0564171076 -0.0327758826 -0.09074191
v -0.0569239706 -0.031112181 -0.0901123732
v -0.0561091006 -0.0291497204 -0.0910470858
v -0.053927958 -0.031706851 -0.097992599
v -0.0507283099 -0.0244282801 -0.120901234
v -0.05085117 -0.0274531115 -0.11387632
v -0.051275678 -0.0212920625 -0.118829183
v -0.0482886098 -0.0257988125 -0.120137706
v -0.0560852997 -0.0267915819 -0.102719299
v -0.0547330379 -0.0255587865 -0.110699959
v -0.0520756058 -0.0327342786 -0.103677534
v -0.0556279384 -0.0261078756 -0.0995151401
v -0.0549711771 -0.0240627397 -0.105880171
v -0.0462864265 -0.0379017331 -0.116415612
v -0.0452697575 -0.0393503197 -0.114294365
v -0.0436304584 -0.0381640233 -0.117463052
v -0.0466070026 -0.0404704474 -0.111413561
v -0.0477064624 -0.04104333 -0.104563043
v -0.0479969829 -0.0392307304 -0.107051522
v -0.046949558 -0.0416850336 -0.107682936
v -0.0461211912 -0.0392906219 -0.114454955
v -0.0462465808 -0.0394837148 -0.110440195
v -0.0469486564 -0.0394242853 -0.107992798
v -0.0459827147 -0.0399104841 -0.111286163
v -0.0447726212 -0.0379519798 -0.114504792
v -0.0476744734 -0.042612046 -0.105079837
v -0.0480341762 -0.0438205339 -0.101454094
v -0.0465322845 -0.0349789895 -0.115060657
v -0.0445912182 -0.0368561633 -0.120054401
v -0.0452950411 -0.0356579535 -0.116549984
v -0.0438290387 -0.0370497257 -0.116627119
v -0.0445320681 -0.0366729125 -0.115363359
v -0.0429848991 -0.0358254872 -0.118540853
v -0.0440287963 -0.0342626236 -0.119773686
v -0.0420703664 -0.0369784236 -0.120440133
v -0.0471011996 -0.0373508446 -0.111413367
v -0.0457718223 -0.0376082547 -0.112469181
v -0.0262976009 -0.0299368333 -0.13920854
v -0.0263808649 -0.0297024194 -0.140170902
v -0.0221941564 -0.0284736771 -0.143276826
v -0.0203008223 -0.028527014 -0.142992452
v -0.0238368884 -0.0290386863 -0.140736505
v -0.0254406687 -0.0211218242 -0.14466776
v -0.0207126252 -0.0274150949 -0.14481236
v -0.0213875789 -0.0209326465 -0.146454692
v -0.0197190978 -0.0203781426 -0.145370781
v -0.0254744198 -0.0282449797 -0.139660284
v -0.0223954488 -0.0277145486 -0.141477823
v -0.024540158 -0.0268081538 -0.140769526
v -0.0225316361 -0.0262592025 -0.141881719
v -0.0202828627 -0.0247408561 -0.14390792
v -0.0187299661 -0.026079122 -0.14350988
v -0.0263343882 -0.0157995746 -0.145422488
v -0.0242278744 -0.0184215531 -0.144081622
v -0.0226432942 -0.0143867563 -0.147233188
v -0.0240641218 -0.0118754096 -0.145435899
v -0.0207425728 -0.0144213056 -0.146291912
v -0.0201388858 -0.0066057113 -0.147450939
v -0.0237357821 -0.00249475637 -0.146392703
v -0.0235421769 -0.00655207643 -0.147663936
v -0.02344664 -1.96964393e-05 -0.147909895
v -0.0194935855 -0.00607420783 -0.149125323
v -0.019862432 0.00158806238 -0.147761688
v -0.0194558688 0.00477933278 -0.149224162
v -0.019382624 -0.0279901549 -0.144557178
v -0.0162545089 -0.026750315 -0.1466683
v -0.0173521843 -0.0203873981 -0.147951171
v -0.0162511077 -0.0277735628 -0.144711688
v -0.0128735565 -0.0270877909 -0.146966696
v -0.0160990506 -0.0263601132 -0.144543827
v -0.0158470348 -0.0194950216 -0.146803215
v -0.0133046582 -0.0274759922 -0.145593584
v -0.0151152918 -0.0238143727 -0.145916671
v -0.012280168 -0.0233348161 -0.148601502
v -0.0101712747 -0.0249613021 -0.146466523
v -0.0134032397 -0.0246249456 -0.145769298
v -0.00980442297 -0.0213492084 -0.147736982
v -0.0105738528 -0.027234396 -0.146683127
v -0.0090208929 -0.0258719884 -0.148622856
v -0.0109377056 -0.0238809064 -0.146900326
v -0.00863038749 -0.0176620502 -0.1503447
v -0.0196123086 -0.0279526282 -0.143092945
v -0.0186921749 -0.0142019829 -0.148639649
v -0.0159613676 -0.0125338016 -0.148044288
v -0.0130709847 -0.0168118421 -0.149692535
v -0.0122559415 -0.0139253605 -0.148662284
v -0.0122158593 -0.00678530755 -0.149389133
v -0.0148047097 -0.00888105761 -0.150231689
v -0.0159528274 -0.00133325974 -0.148872495
v -0.0147068603 0.00115465967 -0.150539532
v -0.0125211291 0.00256873178 -0.14957343
v -0.0107415337 -0.00761686731 -0.151085585
v -0.00853237323 -0.00186465145 -0.151575342
v -0.0077136145 -0.0265862979 -0.148289263
v -0.00945897959 -0.0268414542 -0.14668493
v -0.00619181199 -0.0252842847 -0.147128075
v -0.00350441225 -0.0197733622 -0.148677722
v -0.0038650902 -0.0254960414 -0.149355873
v -0.00233943481 -0.0235839542 -0.147959471
v 0.000273209997 -0.026553629 -0.147589207
v 0.00873695128 -0.0266785827 -0.148090065
v -0.000226330914 -0.0248680934 -0.147453576
v 3.9458464e-05 -0.0238532368 -0.149816662
v -0.00801387895 -0.00771275302 -0.149912775
v -0.0067076101 -0.0126319136 -0.14960292
v -0.00456347875 -0.0169216841 -0.150813207
v -0.00408740668 -0.00952893961 -0.151612192
v 6.85303021e-05 -0.0165792145 -0.151025042
v -0.000189886996 -0.0138279265 -0.149667293
v 0.00163238973 -0.0119026201 -0.151520938
v -0.00106632616 -0.00660350639 -0.150315925
v -0.00784568954 8.67820199e-05 -0.150223374
v -0.003241895 0.00118246838 -0.15199542
v -0.00139983033 -0.00243074028 -0.150548324
v 0.000100647128 0.000703044701 -0.150405437
v 0.00594042335 -0.0263524223 -0.148726031
v 0.00427031517 -0.0172616243 -0.149120927
v -0.000128294676 -0.00361052994 -0.150213897
v 0.00090319349 -0.00188414706 -0.150360629
v -0.0504982769 -0.0162352771 -0.125410557
v -0.0500515737 -0.0141647672 -0.124412276
v -0.0494918935 -0.00955722854 -0.127811447
v -0.0528890043 -0.0147444522 -0.122394316
v -0.0536349304 -0.0124829179 -0.121229365
v -0.052979555 -0.0121854963 -0.120549604
v -0.0501832329 -0.00864151679 -0.125254199
v -0.0527525917 -0.00537905376 -0.123747356
v -0.0493193269 0.00348033011 -0.128394336
v -0.0529578067 0.00503905769 -0.123430513
v -0.0525492802 -0.00337904296 -0.122347414
v -0.0525682084 0.00429076189 -0.122292385
v -0.0402497016 -0.0099922074 -0.1373173
v -0.0410377868 -0.00679392181 -0.13540265
v -0.0409496278 -0.0176846143 -0.135427982
v -0.0376824476 -0.0140361553 -0.138874322
v -0.0380487218 -0.0119411601 -0.137238145
v -0.0375543311 -0.00619170535 -0.139777675
v -0.046250049 -0.00850477815 -0.131697342
v -0.0475146584 -0.0158219393 -0.129248366
v -0.0452545099 -0.0078911623 -0.131212384
v -0.0472739451 -0.0140843363 -0.127963871
v -0.0432826094 -0.0138984201 -0.134095326
v -0.0433392525 -0.0138642713 -0.132270694
v -0.0436968915 -0.00623945892 -0.134453744
v -0.040746741 -0.00222904561 -0.137329683
v -0.0400974937 0.0016308045 -0.136478499
v -0.0374153219 0.00156130153 -0.140073583
v -0.0465846211 0.00185014668 -0.130104437
v -0.0448841453 0.00202395301 -0.133454129
v -0.0435731336 -0.00184843375 -0.133255199
v -0.0303033646 -0.00983509235 -0.144212961
v -0.035086073 -0.0115212025 -0.139511526
v -0.0341487341 -0.00850234181 -0.142047659
v -0.0309257731 -0.012242401 -0.142005444
v -0.0314008594 -0.001127686 -0.14407739
v -0.0377189144 -0.00526231574 -0.138230786
v -0.0350110456 -0.00118148164 -0.14038597
v -0.0298345312 -0.00508345477 -0.143402532
v -0.0304438733 4.88515834e-05 -0.143219754
v -0.0271315295 -0.00956992339 -0.145873636
v -0.0271484163 -0.0119295269 -0.14404957
v -0.0274805985 -0.00146521244 -0.146122694
v -0.0484555326 -0.0250016879 -0.124003567
v -0.0506505966 -0.0206607189 -0.123574533
v -0.0492485687 -0.0187464207 -0.123751588
v -0.0424090847 -0.0348260887 -0.124723367
v -0.0396686085 -0.0335815027 -0.128753006
v -0.0402844623 -0.0307609662 -0.127147481
v -0.0396201424 -0.0346496776 -0.126940638
v -0.0410764031 -0.0324866585 -0.124991372
v -0.0380708277 -0.0344099328 -0.127361372
v -0.0386488736 -0.0332504511 -0.125962853
v -0.0382331945 -0.0322442204 -0.126969829
v -0.0420495272 -0.0361308493 -0.123016663
v -0.0415089801 -0.034979295 -0.121518597
v -0.0403701924 -0.03568976 -0.123784833
v -0.0408138894 -0.0358863026 -0.122362748
v -0.0400195681 -0.0341001563 -0.123891748
v -0.0403406136 -0.0221546814 -0.134545848
v -0.038338311 -0.0182127263 -0.135521531
v -0.0471262075 -0.0197211448 -0.128574714
v -0.0457189381 -0.0254088603 -0.127359286
v -0.0441137142 -0.020343814 -0.131664068
v -0.0427396968 -0.0256024376 -0.130592093
v -0.0452932976 -0.0187918786 -0.128705427
v -0.043170087 -0.0229747426 -0.128881305
v -0.0399380028 -0.0240696352 -0.131546751
v -0.0414006151 -0.018767871 -0.132665813
v -0.0461644121 -0.0225644037 -0.125649571
v -0.0336472951 -0.0307266675 -0.135918811
v -0.0335122757 -0.0320646763 -0.133959085
v -0.0311971363 -0.0305504575 -0.13747178
v -0.0297722202 -0.0309167299 -0.136787832
v -0.0286130887 -0.0292185787 -0.140093341
v -0.0285532568 -0.0289754551 -0.137309924
v -0.0290833265 -0.0303009208 -0.138556451
v -0.0299787857 -0.0308368616 -0.135962278
v -0.0385250151 -0.0347058848 -0.126111016
v -0.0369257517 -0.0319847614 -0.132376254
v -0.0374909751 -0.0325220712 -0.127798751
v -0.0378768258 -0.0309760515 -0.129399657
v -0.0359216854 -0.03323102 -0.130699292
v -0.0367363766 -0.032978043 -0.1312996
v -0.0361037552 -0.0298599862 -0.13176842
v -0.0359982252 -0.0333282575 -0.129586205
v -0.0354947671 -0.0318131484 -0.130169436
v -0.0340657756 -0.0309504718 -0.131926686
v -0.032487195 -0.0285555422 -0.135450318
v -0.0332327113 -0.0321082547 -0.133231044
v -0.0335789435 -0.0321415029 -0.132407457
v -0.0317122824 -0.030045297 -0.134351209
v -0.038808804 -0.0276559554 -0.133234695
v -0.0362009481 -0.0246766396 -0.13687709
v -0.0370049216 -0.0200735126 -0.137977332
v -0.0321951173 -0.0233183242 -0.138133138
v -0.0336653888 -0.0176502727 -0.140998676
v -0.0328035839 -0.0183478538 -0.139488548
v -0.0329711363 -0.0243280735 -0.139354542
v -0.0301062446 -0.0174454004 -0.143159389
v -0.0290426277 -0.0237763599 -0.141986623
v -0.0369257294 -0.0237222053 -0.134407312
v -0.0277361423 -0.0300200377 -0.137845635
v -0.0243804697 -0.0280057918 -0.142970771
v -0.028444821 -0.0268834867 -0.138981804
v -0.0253643803 -0.0256744679 -0.141238153
v -0.0275097322 -0.0193361267 -0.142265111
vn -0.9593281 -0.2598769 0.1102434
vn -0.9955384 -0.09320726 -0.0146829
vn -0.9889855 -0.1400732 -0.04782414
vn -0.9188327 -0.3409826 0.198689
vn -0.9779703 -0.1904578 0.08543932
vn -0.9989017 -0.04229115 0.02017244
vn -0.9519339 -0.2824742 0.1184492
vn -0.9553918 -0.2759349 0.1052916
vn -0.2753195 -0.8894465 0.3648069
vn -0.2938921 -0.8843248 0.3627633
vn -0.2267781 -0.9076115 0.3532887
vn -0.2176315 -0.9120586 0.3475424
vn -0.2289837 -0.9064708 0.3547917
vn -0.8859367 -0.4165525 0.2039609
vn -0.8803099 -0.4184383 0.223526
vn -0.8671191 -0.4570686 0.1979717
vn -0.8708706 -0.4522754 0.1924352
vn 0.7217177 0.6330305 -0.2799927
vn 0.8434923 0.4663754 -0.2664859
vn 0.9106114 0.3727665 -0.1784152
vn 0.8046795 0.5221077 -0.2826561
vn 0.8538934 0.4501227 -0.2612577
vn 0.9328234 0.3433347 -0.1093694
vn 0.9126824 0.3627672 -0.1881776
vn -0.8932896 -0.4206977 0.1582626
vn -0.8654204 -0.4196494 0.2737551
vn -0.9521431 -0.2868631 0.1055135
vn -0.8604028 -0.4350961 0.2653269
vn 0.9218742 0.3829137 -0.059372
vn 0.9536545 0.2991295 0.03262849
vn -0.9564564 -0.2617546 -0.1291349
vn -0.9609399 -0.2670128 -0.07279292
vn -0.9806103 -0.1687401 -0.09965039
vn -0.981006 -0.1859718 -0.05515034
vn 0.9450822 0.309417 0.1052647
vn 0.9659872 0.2476432 0.07444301
vn -0.9811981 0.1792089 -0.07165591
vn -0.9990817 -0.04125535 0.01156942
vn -0.9845678 0.1630789 -0.06349416
vn -0.06713005 0.9305074 -0.3600687
vn 0.2719536 0.8950775 -0.3533802
vn -0.1227267 0.9298696 -0.346815
vn -0.9740773 -0.2070988 0.09101315
vn -0.944651 -0.3089913 0.1102677
vn -0.9933971 -0.1057281 0.04453805
vn -0.9988726 -0.0429134 0.02029414
vn -0.9982237 0.05954919 0.001842244
vn -0.3547138 -0.7192016 -0.597434
vn -0.2080666 -0.9370098 -0.2805725
vn -0.1196186 -0.9809399 -0.1531288
vn -0.3375007 0.7150095 -0.6122538
vn -0.40225 0.3086638 -0.861929
vn -0.294033 0.6505321 -0.7002519
vn -0.5404174 -0.2934473 -0.7885668
vn -0.4243355 0.4984821 -0.7559463
vn -0.203175 -0.9770421 0.06409692
vn -0.6627056 -0.1391448 -0.7358397
vn -0.2290671 -0.967637 0.1058632
vn -0.6965801 -0.06581132 -0.7144544
vn -0.379867 0.5612013 -0.7353598
vn -0.3961878 0.510374 -0.763252
vn -0.229089 -0.906116 0.3556289
vn -0.2158219 -0.9117798 0.3493973
vn -0.2156334 -0.9116881 0.3497529
vn -0.5648244 -0.7601853 0.3210787
vn 0.2412995 0.9053152 -0.3495408
vn -0.09934925 0.9319167 -0.3487993
vn -0.1249363 0.9100273 -0.3952735
vn 0.09606098 0.9299474 -0.3549227
vn -0.8510194 -0.487972 0.1940346
vn 0.3190883 0.8856677 -0.3373061
vn 0.6973524 0.6611122 -0.2768219
vn 0.15308 0.9319339 -0.3287334
vn -0.9828084 -0.1809306 -0.03676599
vn -0.9777159 -0.2098041 0.007344366
vn -0.9607584 -0.2606291 0.09495079
vn -0.9218566 -0.3700975 0.1149265
vn -0.952984 -0.2980794 0.0544987
vn -0.2259974 -0.8968775 0.380179
vn -0.4258522 -0.8290033 0.3624961
vn -0.1964254 -0.8597601 0.4714124
vn -0.4394005 -0.7597723 0.4792423
vn 0.263869 0.8530537 -0.4501917
vn -0.09045547 0.8098553 -0.5796139
vn -0.312942 -0.7509939 0.5814425
vn -0.5375045 -0.7393386 0.4055457
vn -0.7230411 -0.600075 0.3422303
vn 0.6066021 0.7152892 -0.3469799
vn -0.7688639 -0.5847627 0.2586525
vn -0.8951913 -0.4455828 -0.009417576
vn -0.7703767 -0.6332223 0.07449302
vn -0.01458333 0.1535047 -0.9880403
vn -0.2532358 -0.3788085 -0.8901549
vn -0.01280847 0.0908255 -0.9957845
vn -0.03680195 -0.5848166 0.8103303
vn -0.01224596 -0.7131519 0.7009026
vn -0.1497053 -0.9264334 0.3454123
vn -0.06487627 -0.6927066 0.7182955
vn 0.1940378 0.9767512 0.09113967
vn 0.2161586 0.9745864 -0.05879413
vn 0.07091535 0.9909582 -0.1138986
vn 0.09708223 0.8615606 -0.4982853
vn 0.06099997 0.6706286 -0.7392809
vn -0.08297897 0.3778771 -0.9221299
vn -0.1063375 0.7872608 -0.6073819
vn -0.1418926 -0.9606749 0.238684
vn -0.1847891 -0.9794936 -0.08028265
vn -0.09040608 -0.7807707 0.6182426
vn -0.3302404 -0.8222349 0.4635417
vn -0.9914011 -0.1080896 0.07375949
vn -0.9780194 0.2083936 -0.007095095
vn -0.9529786 0.301361 -0.03183338
vn 0.6055277 0.7326838 -0.3106616
vn 0.1191728 0.7908454 -0.6003011
vn 0.7294164 0.6218997 -0.2849428
vn 0.874615 0.4744741 -0.09961452
vn 0.8315988 0.5055122 -0.2300018
vn 0.8383621 0.5420853 -0.05738059
vn 0.9318157 0.3586325 0.0556976
vn 0.836122 0.5428988 0.07849201
vn 0.9042829 0.4225563 0.06098073
vn 0.9110124 0.3971954 0.1108698
vn -0.5869563 -0.796544 0.1449137
vn -0.7875139 -0.6074767 -0.1038939
vn -0.6286564 -0.7700043 -0.1090159
vn 0.5427276 0.8309054 -0.1226498
vn 0.2387795 0.7797332 -0.5787924
vn 0.7178456 0.6955791 -0.02945132
vn -0.1067878 0.6450661 -0.7566281
vn -0.04005689 0.7175696 -0.695334
vn -0.546505 -0.8374358 -0.005797069
vn -0.5892133 -0.7426888 0.318184
vn -0.4547951 -0.7375712 0.4991494
vn 0.249726 0.8296345 -0.4993429
vn 0.4154798 0.9078965 -0.05568133
vn -0.439663 -0.8930359 -0.09583049
vn -0.5255004 -0.8506964 0.01285222
vn 0.5261173 0.8458413 0.08805086
vn 0.4499729 0.8849538 0.1199216
vn -0.6686171 -0.1330902 -0.7315997
vn -0.6008498 -0.2690037 -0.7527393
vn -0.3802852 -0.3307299 -0.8637134
vn 0.2641197 0.9353623 -0.2352408
vn 0.006669873 0.5511557 -0.8343757
vn -0.34948 -0.935033 -0.05980845
vn -0.2705694 -0.959397 -0.07968378
vn -0.9269449 -0.2030935 -0.3154775
vn -0.7892496 -0.2820771 -0.5454517
vn -0.7543324 -0.1958922 -0.626585
vn -0.9280983 -0.2460669 -0.2794364
vn -0.9545277 -0.2978492 -0.01275315
vn 0.9719849 0.2266853 -0.0621201
vn 0.9895836 0.1394491 0.03575455
vn 0.9884968 0.1511907 -0.00391511
vn 0.9645156 0.2273941 0.1341705
vn 0.9820803 0.1456097 0.1196493
vn 0.9834272 0.1629622 0.07946294
vn 0.9761534 0.2157949 0.02360299
vn -0.1241492 0.9390202 -0.3206683
vn 0.01152274 0.998324 -0.05671325
vn 0.1288547 0.9848317 0.1162023
vn -0.4974135 -0.6905872 0.5250421
vn -0.5496544 -0.7911112 0.2683714
vn -0.2695048 -0.3132966 0.910611
vn -0.6138888 0.1337591 -0.7779775
vn -0.06648738 -0.9904574 -0.1207216
vn -0.1200303 -0.9890249 -0.08615395
vn -0.1168636 -0.9850833 -0.126308
vn -0.06646282 -0.9852269 -0.157831
vn -0.04229133 -0.992388 -0.1156614
vn -0.2661017 -0.731982 0.62721
vn -0.246991 -0.9097427 0.3337119
vn -0.357795 -0.8811787 0.3090417
vn -0.330529 -0.8610767 0.3863903
vn -0.2367118 -0.6837777 0.6902286
vn -0.1727383 -0.649568 0.7404208
vn -0.3026951 -0.9530851 0.00211114
vn -0.3836519 -0.9234754 -0.002104762
vn -0.1777055 -0.5557336 -0.8121458
vn -0.1000176 -0.2574178 -0.9611101
vn -0.1870575 -0.5000274 -0.8455661
vn -0.321837 -0.9466424 0.01700697
vn -0.3699242 -0.3407131 -0.8643325
vn -0.08293548 -0.2851337 -0.9548929
vn 0.003266892 0.5745281 -0.8184783
vn -0.07163384 0.2582951 -0.9634066
vn 0.004534157 0.5817123 -0.813382
vn -0.005586884 0.7699529 0.6380763
vn 0.03342344 0.9047654 0.4245969
vn 0.003221204 0.948398 0.3170658
vn -0.0002694328 0.4952777 0.8687347
vn 0.03743953 0.690617 0.722251
vn -0.0009773822 -0.9557709 -0.2941108
vn -0.02293041 -0.9502982 -0.3104956
vn -0.006387515 -0.8837227 -0.4679674
vn -0.005206358 -0.9890146 -0.1477261
vn -0.0286348 -0.9866564 -0.1602784
vn 0.06458467 0.9858741 0.1545353
vn 0.06663764 0.9913567 0.1130103
vn -0.4180723 -0.6776344 0.6050017
vn 0.1230647 0.2056543 0.970856
vn -0.002681894 0.003002803 0.9999919
vn -5.992453e-05 -0.001499169 0.9999989
vn -0.3155365 -0.649151 0.6921269
vn -0.4634726 -0.8306626 0.3085332
vn 0.0005457085 -0.004484339 0.9999897
vn -0.5279477 -0.8492759 -0.001342649
vn -0.6040819 -0.7969149 -0.003413968
vn -0.2918224 -0.4993467 -0.8157772
vn -0.1993311 -0.282485 -0.9383333
vn -0.3604161 -0.5475394 -0.7551827
vn -0.3000878 -0.5959907 -0.7448102
vn -0.444454 -0.8957972 -0.002839121
vn -0.043995 0.9989297 -0.01427421
vn 0.0283632 0.9922619 0.1208789
vn -0.002137311 0.9946847 0.1029456
vn -0.1255149 0.9878862 -0.09125137
vn -0.8193725 0.4011771 -0.4094943
vn -0.4715734 0.7611837 -0.4452168
vn -0.4362917 0.5742049 -0.6927758
vn -0.05840458 -0.9811463 -0.1842305
vn 0.06682777 0.9191779 0.3881314
vn 0.02833757 0.9865913 0.1607315
vn -0.2040738 -0.3369509 -0.9191397
vn -0.01747578 -0.09985515 -0.9948484
vn 0.006830977 0.1256864 0.9920465
vn -0.03147975 -0.0778534 0.9964677
vn 2.619845e-05 -0.005375366 0.9999856
vn -0.6696512 -0.01654105 -0.7424915
vn -0.6765916 0.1128478 -0.72766
vn -0.2340063 -0.02070306 -0.9720146
vn -0.4533104 -0.7843804 -0.4233876
vn -0.4118095 -0.8284575 -0.3795669
vn -0.09523598 -0.9829426 -0.1573339
vn -0.05368823 -0.9938833 -0.09650699
vn -0.08028465 -0.9894832 -0.1203218
vn -0.2190652 -0.9518401 -0.2145014
vn -0.005996567 -0.9917712 -0.1278825
vn -0.0402653 -0.393733 -0.9183425
vn -0.05639713 -0.2061075 -0.9769028
vn 0.001681106 0.9881058 0.153766
vn -0.0036415 -0.1779456 -0.9840336
vn 0.00297591 0.2950187 -0.9554868
vn 0.01924505 -0.3864152 -0.9221241
vn 0.008855539 -0.02744748 0.999584
vn -0.05893591 -0.06234402 0.9963131
vn 0.2576566 -0.1386773 -0.9562331
vn -0.4043655 -0.2634183 -0.8758421
vn -0.01277013 -0.09985868 -0.9949196
vn -0.7319816 -0.4184071 -0.5377159
vn -0.3454988 -0.2427016 -0.9064913
vn -0.0168848 -0.7542674 -0.6563502
vn 0.1444499 -0.9760441 -0.1627027
vn -0.2346648 -0.9603196 -0.1507269
vn 0.02491186 -0.3490637 0.9367679
vn -0.9692173 -0.1740916 -0.1740977
vn 0.1113867 0.7540393 0.6473159
vn -0.1785932 -0.9838114 -0.01481858
vn -0.2223264 -0.9715516 -0.0815994
vn -0.4603691 -0.8835356 -0.08616941
vn -0.995975 -0.08497203 -0.02852363
vn -0.9964435 -0.07698896 -0.03424809
vn 0.2585405 -0.9658908 0.01454723
vn 0.02306049 -0.5558358 -0.8309722
vn -0.007947109 -0.05742548 -0.9983181
vn -0.05349252 -0.02523933 -0.9982492
vn 0.03398417 -0.1284515 -0.9911333
vn 0.0006003185 -0.01832996 -0.9998318
vn -0.5491787 -0.5845372 -0.5972596
vn 0.001486745 0.486526 0.8736648
vn 0.002308463 0.4810935 0.8766662
vn 0.001435985 0.486861 0.8734783
vn 0.1121472 0.976521 0.183929
vn -0.0762593 -0.1243722 -0.9893008
vn -0.08182958 -0.9225029 -0.3772165
vn -0.1112235 -0.6595195 -0.7434133
vn -0.1664173 -0.8833843 -0.4381067
vn 0.1919925 0.9701031 0.1484553
vn 0.1867398 0.9060758 0.3796775
vn 0.05037826 0.395334 0.9171548
vn 0.02423065 0.4279719 0.9034671
vn -0.1421764 0.9222582 -0.3594799
vn -0.1966734 -0.9735911 -0.1159304
vn -0.2010122 -0.9668669 -0.1573608
vn 0.2950478 0.949984 0.1023576
vn 0.307533 0.2424765 0.9201242
vn 0.1717953 0.4485528 0.87709
vn -0.3182115 -0.9249471 -0.2078803
vn -0.2967083 -0.9467314 -0.1251549
vn -0.7449364 -0.6461771 -0.1659066
vn -0.8715801 -0.4652777 -0.1544826
vn -0.8627785 -0.4616786 -0.206073
vn -0.2061608 -0.6809368 -0.7027253
vn 0.85548 0.5020047 0.1270638
vn -0.7885204 -0.5685782 -0.2344237
vn -0.7615342 -0.4209909 -0.4927803
vn -0.6630672 -0.7147119 -0.2225506
vn -0.6350365 -0.5456626 -0.5467914
vn -0.5239046 -0.6349796 -0.5677366
vn -0.4054446 -0.2870818 -0.8678702
vn 0.6218508 0.4147589 0.6642866
vn 0.7777343 0.4272111 0.4611074
vn 0.651517 0.6098452 0.4512367
vn -0.900292 -0.3651654 -0.2369146
vn -0.3467934 -0.165191 -0.9232802
vn 0.7974137 0.2829793 0.5329673
vn 0.8171135 0.5086558 0.2712834
vn 0.707037 0.6437882 0.2926353
vn -0.7853763 -0.2939325 -0.5447823
vn 0.8675194 0.3843589 0.3157188
vn 0.1710076 0.07395349 0.9824904
vn 0.2878807 0.6683562 0.6858751
vn -0.9233332 -0.340846 -0.1768615
vn 0.2965347 0.8678939 0.3985315
vn 0.302056 0.9393707 0.1623106
vn -0.3758371 -0.7497118 -0.5446822
vn 0.5598908 0.7940416 0.2366859
vn 0.4812071 0.7804626 0.3991464
vn 0.4514813 0.5736541 0.6834366
vn 0.4458486 0.8785384 0.1714334
vn -0.4994061 -0.8409442 -0.2083419
vn 0.708987 0.6707807 0.2176943
vn 0.8331347 0.5195336 0.1896612
vn -0.5629644 -0.8116067 -0.1560951
vn -0.406828 -0.9006619 -0.1526404
vn 0.62403 0.7636581 0.1655678
vn 0.9297979 0.2037465 0.3065341
vn 0.9446426 0.2266373 0.2372465
vn 0.9041457 0.3489043 0.2465489
vn -0.9290333 -0.2687166 -0.2543393
vn -0.949567 -0.2458645 -0.1946107
vn -0.9459311 -0.1760058 -0.2724631
vn 0.9451873 0.2763101 0.1739937
vn 0.9078702 0.3646913 0.2068133
vn 0.9593512 0.1557868 0.2353203
vn 0.9706043 0.1650055 0.1752155
vn 0.7675188 0.1363234 0.6263632
vn 0.4057005 0.05788374 0.9121714
vn 0.7083374 0.05098929 0.70403
vn -0.7948185 -0.1946802 -0.5747722
vn -0.4207527 -0.05730186 -0.9053638
vn -0.3231849 -0.1032043 -0.9406915
vn -0.6705656 -0.1032329 -0.7346324
vn -0.2849183 0.007319944 -0.9585238
vn 0.7470351 0.177962 0.6405217
vn 0.9007162 0.2058646 0.3825313
vn -0.9726002 -0.1744884 -0.1536309
vn -0.984135 -0.1202791 -0.1304281
vn -0.9677296 -0.1587953 -0.1956616
vn 0.910563 0.1261462 0.3936525
vn 0.938507 0.1130652 0.3262223
vn 0.9041791 0.2841902 0.3188984
vn 0.6138389 0.239362 0.7522684
vn -0.9661192 -0.1238759 -0.2264256
vn -0.840773 -0.07682116 -0.5359098
vn 0.911594 0.3803501 0.1559814
vn 0.4287073 0.1357748 0.8931826
vn 0.1282744 0.02839522 0.9913321
vn -0.6597502 -0.7513794 -0.01259802
vn -0.6483197 -0.7613295 -0.007677388
vn -0.1168665 -0.157369 -0.9806005
vn -0.2354854 -0.3269406 -0.9152358
vn -0.3900107 -0.4016512 -0.828594
vn -0.1819621 -0.1586966 -0.9704149
vn -0.6977153 -0.7163498 -0.006028069
vn -0.7162059 -0.6262907 0.3079107
vn -0.5110665 -0.5774018 0.6367246
vn -0.3671708 -0.360825 0.8573161
vn -0.02967232 -0.02738266 0.9991845
vn -0.9823192 -0.08870855 -0.1648629
vn -0.005377529 -0.004411991 0.9999758
vn 0.226172 0.003959879 0.9740793
vn -0.6917272 -0.3960619 0.6038613
vn -0.8454499 -0.3649782 0.3898789
vn -0.6402834 -0.2909147 0.710919
vn -0.7812493 -0.559213 0.2773631
vn -0.6888878 -0.4830087 0.5404962
vn -0.7529922 -0.6580274 -0.001657233
vn -0.7916299 -0.6109828 -0.004716119
vn -0.4068986 -0.3231583 -0.8544016
vn -0.2859031 -0.2407405 -0.9275255
vn -0.5318961 -0.4377989 -0.7248577
vn 0.8062286 0.03207558 0.5907339
vn 0.6595545 0.01760386 0.7514505
vn 0.7830967 0.004132516 0.6218863
vn -0.9708185 -0.008634833 -0.2396599
vn -0.8546594 -0.01040039 -0.5190848
vn -0.9151846 -0.03731648 -0.4013035
vn -0.1013997 -0.02655963 -0.9944911
vn -0.4241682 -0.1036539 -0.8996317
vn -0.2193587 -0.08332443 -0.9720796
vn -0.9879165 -0.0427957 -0.1489618
vn -0.9834895 -0.01567712 -0.1802852
vn -0.9758563 -0.03862737 -0.2149705
vn -0.2617107 -0.1456457 -0.9540938
vn -0.515165 -0.2304156 -0.8255385
vn -0.8390836 -0.44992 0.3057953
vn -0.9223725 -0.3862873 -0.00334761
vn -0.4693932 -0.2820126 -0.836743
vn -0.226862 -0.1484838 -0.9625416
vn -0.566423 -0.2676541 -0.7794396
vn -0.8388731 -0.5443271 3.24176e-05
vn 0.4484905 0.03034924 0.8932722
vn 0.4471782 -0.009889157 0.8943902
vn 0.0004839624 6.302282e-05 0.9999999
vn 0.102426 -0.01282495 0.994658
vn -0.6883547 -0.2356381 0.6860338
vn -0.8968171 -0.2686388 0.3515001
vn -0.8640658 -0.2180828 0.453685
vn -0.2137287 -0.03809816 -0.9761499
vn -0.4585854 -0.132123 -0.8787736
vn -0.7420211 -0.1908903 -0.6426239
vn -0.9580755 -0.2865124 -0.001452132
vn -0.9599981 -0.1958028 0.2001621
vn -0.9850122 -0.1724373 -0.004059908
vn -0.9976909 -0.06751769 0.007360844
vn -0.1761062 -0.1023765 0.979033
vn -0.8829249 -0.001666295 -0.4695112
vn 0.9670019 0.1069225 0.2312466
vn 0.9592599 0.05894593 0.2763074
vn 0.9768241 0.06752764 0.2031124
vn -0.5723427 -0.05085896 -0.8184358
vn 0.8328222 0.08479689 0.547007
vn 0.9281305 0.02717541 0.3712617
vn 0.8930505 0.02306474 0.449365
vn 0.9076677 0.00159618 0.4196865
vn -0.4261465 0.008990357 -0.9046095
vn -0.8476232 0.002291955 -0.5305938
vn -0.1099715 0.02657497 -0.9935794
vn 0.9521437 0.0005072256 0.3056503
vn 0.9543185 0.02184209 0.2979918
vn -0.9824208 0.003599055 -0.186645
vn -0.9923913 0.0007189448 -0.1231225
vn 0.9757116 0.03146325 0.2167876
vn 0.9834665 0.1088867 0.1446972
vn 0.9026954 0.06121617 0.4259032
vn 0.9385721 0.06364365 0.3391634
vn 0.9881284 0.06571096 0.1388677
vn 0.9884676 0.03065097 0.1482976
vn 0.9749054 0.001464088 0.2226151
vn 0.9896975 0.001263947 0.1431687
vn -0.9772714 -0.08115824 -0.1958416
vn -0.9661485 -0.07768618 -0.2460119
vn 0.9999225 0.001440925 -0.01236673
vn 0.9960527 0.006047845 -0.08855732
vn 0.9978389 0.02286397 -0.06160313
vn 0.9993781 0.03505694 0.003807372
vn 0.998563 0.001082236 0.05357924
vn 0.9983923 0.03592387 0.04384499
vn 0.995796 0.01950166 0.089498
vn -0.9928494 -0.09021693 -0.07817228
vn -0.9904868 -0.07343174 -0.116377
vn 0.9965279 0.06025355 -0.05745944
vn 0.9948048 0.05103623 0.08808374
vn -0.9973527 -0.06731305 0.02750651
vn -0.9762291 -0.1868246 0.1098781
vn -0.9994864 -0.01191309 0.02974764
vn -0.9995254 0.009584218 0.02927533
vn -0.9997694 0.008842077 -0.01956613
vn 0.9962587 0.08641474 -0.001091402
vn 0.995772 0.08099066 0.04334269
vn 0.9914062 0.09761301 0.08709399
vn -0.9975618 -0.008300203 -0.06929445
vn -0.9996141 -0.01421244 -0.02386805
vn 0.9663237 0.2245732 -0.1256403
vn 0.9918356 0.113099 -0.05891256
vn -0.9926242 -0.01568591 -0.1202135
vn -0.9981326 -0.04231541 -0.04405364
vn -0.9951919 -0.04020287 -0.08931246
vn -0.9954927 -0.08374145 -0.0445178
vn -0.9991906 -0.04020825 0.001251034
vn -0.9981722 -0.03833037 0.04672212
vn -0.997166 -0.007905203 0.07481528
vn -0.9956977 -0.03607722 0.08534916
vn -0.8426388 0.4784103 -0.2471508
vn -0.964943 0.2603288 -0.03337526
vn -0.9406973 0.336843 -0.04031466
vn -0.972728 0.2198442 0.07395053
vn -0.7840734 0.5583376 -0.2710869
vn -0.9072505 0.3745785 -0.1912782
vn 0.06620143 0.9289713 -0.3641836
vn -0.356936 0.8744855 -0.3284384
vn -0.1843094 0.9230934 -0.337533
vn 0.9952711 0.08905859 -0.0387832
vn 0.9996396 -0.009321984 -0.02517797
vn 0.9993783 0.02531084 0.02454388
vn -0.1016725 0.9298123 -0.3537115
vn 0.9978558 -0.06362754 0.01533609
vn 0.9998528 0.01692632 0.002788111
vn 0.4312036 -0.8440356 0.3188533
vn 0.4588041 -0.8277357 0.3230366
vn 0.3688828 -0.8645383 0.3413197
vn 0.9772875 -0.1896097 0.09464243
vn 0.6680043 -0.6864272 0.2873808
vn 0.4148788 -0.8442498 0.33929
vn 0.998845 0.03513778 -0.03277181
vn -0.6855696 0.6711031 -0.2821611
vn -0.5132641 0.7837679 -0.3496683
vn 0.6431791 -0.6970195 0.3169931
vn 0.8650005 -0.4379767 0.2448481
vn -0.9029502 0.3537261 -0.2440468
vn 0.2288038 0.9193018 -0.3202079
vn -0.09456177 0.9338932 -0.344821
vn -0.5703888 0.7632689 -0.3034424
vn -0.8502049 0.5076552 -0.1394197
vn 0.8863378 -0.441806 0.1386104
vn -0.181378 0.8314515 -0.5251576
vn -0.5947978 0.6971442 -0.4002569
vn 0.7811629 -0.5529543 0.2898726
vn 0.9971915 0.07428575 0.009522662
vn 0.783256 -0.552489 0.285072
vn 0.5932271 -0.7012632 0.3953626
vn 0.9839534 0.06998046 -0.1641298
vn 0.9846007 -0.1713539 -0.03462979
vn 0.9736525 -0.2267356 -0.02432586
vn -0.9416278 0.3193596 0.1065199
vn 0.9407502 -0.3254561 -0.09522334
vn 0.9565473 -0.2583017 -0.1352684
vn 0.9657905 -0.2419106 -0.09342501
vn -0.8893913 0.4562867 0.0280271
vn 0.8074947 -0.56547 0.1679167
vn 0.8694696 -0.4704809 -0.1505662
vn 0.719168 -0.6759694 0.1608187
vn 0.05666046 0.9750798 -0.2144973
vn 0.2383646 0.810223 -0.5354635
vn 0.03665279 0.8854582 -0.4632713
vn -0.05643177 0.9975953 -0.04023696
vn -0.07990433 0.9922149 -0.09552447
vn 0.4988467 0.2334436 -0.8346592
vn 0.1982388 0.6635237 -0.7214137
vn 0.1720403 0.7476508 -0.6414207
vn 0.390347 0.6191028 -0.6814258
vn 0.3922196 0.6740302 -0.625977
vn 0.08863206 0.4147653 -0.9056015
vn 0.1568534 -0.9783312 0.1351479
vn 0.1265489 -0.7295563 0.6721109
vn 0.1566487 -0.7658011 0.6237065
vn -0.5791472 0.7219728 -0.3786076
vn -0.05235033 0.7300351 -0.6814016
vn -0.7535531 0.6554096 -0.05095202
vn -0.7338151 0.6619069 0.1529529
vn -0.8226808 0.5469291 0.1551285
vn -0.4308024 0.8336882 -0.3455045
vn -0.5950286 0.8017271 0.05634364
vn -0.9590641 0.2630925 -0.1047779
vn -0.9134533 0.3497252 -0.2080755
vn 0.9516739 -0.2862388 0.1112842
vn 0.9692422 -0.2251608 0.0993591
vn 0.9020435 -0.3778976 0.2085926
vn -0.9757264 0.19507 -0.09952747
vn -0.9887241 0.1474673 -0.02603887
vn 0.512773 -0.8082675 0.289426
vn 0.8266816 -0.5387135 0.1624358
vn 0.9517883 -0.2950726 0.08385243
vn 0.724649 -0.6393175 0.2572101
vn 0.8421088 -0.4918945 0.2211163
vn -0.7666506 0.5792719 -0.2769313
vn -0.9090158 0.3622509 -0.2060693
vn 0.9879482 -0.1474978 -0.04693348
vn 0.9922829 -0.1088766 -0.05933589
vn 0.9953605 -0.0957519 -0.009443753
vn 0.983942 -0.02089132 -0.1772616
vn 0.9070246 -0.1072866 -0.4071805
vn -0.05979414 0.750788 -0.6578314
vn 0.07023045 -0.8147708 0.5755138
vn 0.08720384 -0.8549662 0.5113007
vn 0.04432699 -0.6026778 0.7967526
vn -0.1909833 0.9628609 -0.1908515
vn 0.2713489 -0.9536697 -0.1299381
vn -0.1951499 0.8922762 -0.4071361
vn 0.9697493 0.08811409 -0.2276448
vn 0.7132008 -0.7001629 -0.0334132
vn 0.7013308 -0.7096053 0.06778938
vn 0.7982728 -0.5728298 -0.1860817
vn 0.7016348 -0.5329547 -0.4729353
vn 0.3624166 0.6293238 -0.6874632
vn 0.2241089 0.6986091 -0.6795003
vn 0.6060169 -0.778779 -0.1620084
vn -0.1033331 0.7025705 -0.7040717
vn 0.6296161 -0.5461348 -0.5525581
vn 0.6951945 -0.2307336 -0.6807839
vn -0.2446021 0.8337824 -0.4949513
vn 0.9250332 -0.3332095 0.182442
vn 0.396532 -0.7432764 -0.5387974
vn 0.3033675 -0.6124382 -0.7299915
vn 0.02692483 0.5678675 -0.8226795
vn 0.03162699 0.4901805 -0.871047
vn -0.9905424 0.1288375 0.04718614
vn -0.9859646 0.1474901 0.07823395
vn 0.9787568 -0.1916014 -0.07296621
vn 0.3343404 -0.9354259 -0.1148688
vn 0.2162356 -0.9751104 0.04900863
vn 0.9231412 -0.3618017 0.1300374
vn -0.9743978 0.1900997 0.1200455
vn -0.9565194 0.2632796 0.1255169
vn 0.9729278 -0.1901057 -0.1314207
vn 0.9850712 -0.1276776 -0.1154695
vn -0.9446909 0.2922011 -0.1489216
vn 0.0155139 -0.09352685 -0.9954959
vn 0.1268282 -0.3154911 -0.9404148
vn -0.0001633239 -0.001539651 -0.9999987
vn 0.06977977 -0.3141178 0.9468161
vn 0.5265472 -0.7227832 0.4475852
vn 0.3088597 -0.679943 0.6650438
vn 0.1285512 -0.9080648 0.3986139
vn 0.09428463 -0.9954832 -0.01111304
vn 0.1021669 -0.9924814 0.0673988
vn 0.1053732 -0.916716 -0.3853934
vn 0.2250661 -0.9156763 0.3329897
vn 0.1128502 -0.5866461 -0.8019422
vn 0.1559172 -0.626109 -0.7639878
vn 0.2499521 -0.9682551 0.002448629
vn -0.02905168 0.9923932 0.1196325
vn 0.04138009 0.9982979 -0.04109753
vn -0.0496669 0.9983125 0.03009015
vn 0.03964481 0.5821604 -0.8121069
vn 0.2733312 0.9342332 -0.2291255
vn 0.5546014 -0.1833459 -0.8116659
vn 0.6639481 -0.1477965 -0.7330273
vn 0.6213422 -0.00304597 -0.7835334
vn 0.1319287 0.9646758 -0.2280248
vn 0.5093686 0.6640127 -0.5473853
vn -0.001011398 0.9921143 0.1253325
vn -0.02350597 0.934913 0.3540976
vn -0.02947584 0.9871232 0.1572228
vn -0.05579755 0.9526493 0.2989079
vn -0.05039536 0.7751157 0.6298063
vn -0.01846544 0.6833626 0.7298456
vn 0.03223862 -0.9616249 -0.272467
vn 0.05805517 -0.9710353 -0.2317757
vn 0.02665638 -0.9872853 -0.1567073
vn 0.02650033 -0.1759659 -0.9840395
vn 0.03908885 -0.8122271 -0.5820302
vn 0.01554022 -0.9383051 -0.3454593
vn -0.02081501 0.504823 0.8629718
vn 0.07473218 -0.9852919 -0.1536719
vn 0.02703729 -0.9916482 -0.1261065
vn 0.07276566 -0.9902239 -0.1190032
vn 0.04660881 -0.9923308 -0.1144867
vn -0.07397137 0.9847594 0.157408
vn -0.06815325 0.9903127 0.1209791
vn 0.8098787 -0.5862285 -0.02079976
vn 0.9078128 -0.4192425 0.01056622
vn 0.9805162 -0.1856013 -0.06434412
vn 0.7246584 0.008026689 -0.6890616
vn 0.3171029 0.5201609 -0.7930186
vn 0.3035315 0.6066956 -0.7347034
vn 0.08300978 -0.9908307 -0.1066016
vn 0.08901481 -0.9853241 -0.1456458
vn 0.0909467 -0.9918431 -0.08930852
vn -0.01843486 0.2447558 0.9694095
vn -0.04823688 0.2263033 0.9728618
vn 0.1212446 -0.3896784 0.9129351
vn 0.7288024 -0.646916 0.2243807
vn 0.8514411 -0.5223108 0.04732282
vn 0.414482 -0.1205994 -0.9020313
vn 0.6951253 0.007830379 -0.718846
vn 0.5087683 -0.2083087 -0.8353217
vn 0.4216237 -0.3286076 -0.8451334
vn 0.0800593 -0.2136693 -0.97362
vn 0.08857341 -0.2778102 -0.9565439
vn 0.212566 -0.6276739 0.7488934
vn 0.305147 -0.713937 0.6302215
vn 0.2646316 -0.8458452 0.4631587
vn 0.3143031 -0.7217816 0.6166401
vn 0.2072799 -0.5610654 -0.8013992
vn 0.3362837 -0.941557 0.01958969
vn 0.08964951 -0.203855 -0.9748877
vn 0.4043483 -0.9141838 0.02775868
vn 0.41742 -0.908655 -0.01032668
vn -0.1433782 0.9858083 0.08731924
vn -0.07159466 0.494946 0.8659692
vn -0.09007648 0.7403777 0.6661286
vn -0.104417 0.936252 0.3354538
vn 0.03405394 -0.1431127 -0.9891204
vn 0.08440048 -0.5968752 -0.7978826
vn 0.1133034 -0.9455153 -0.3052262
vn 0.1255185 -0.9839437 -0.1268856
vn -0.119912 0.9847956 0.1256927
vn 0.550155 0.1675673 -0.8180774
vn 0.4869723 0.3878482 -0.7825802
vn -0.001726431 0.1974814 0.9803051
vn 0.009682242 -0.03496866 -0.9993415
vn -0.001252718 -0.9918747 -0.1272116
vn -0.0009501497 -0.9926932 -0.1206619
vn 0.3876264 -0.8030435 0.4526223
vn 0.4977884 -0.8617123 0.09827863
vn 0.2240629 -0.4272561 0.875927
vn 0.3687738 -0.5437139 0.7539105
vn 0.210376 -0.4147183 0.8852969
vn 0.5543357 -0.8322313 0.01014918
vn 0.4966432 -0.8678926 -0.01039725
vn 0.3215721 -0.5454014 -0.774034
vn 0.1753484 -0.258485 -0.9499676
vn 0.5500492 -0.8351254 -0.003382728
vn -0.5062781 0.5650457 0.6514644
vn -0.5457344 0.741159 0.3909696
vn -0.5934714 0.4639429 0.6576844
vn -0.716247 0.6101521 0.3386807
vn -0.5883423 0.7836992 0.1991708
vn -0.6728635 0.7187592 0.1750427
vn -0.1470811 0.3604807 0.9210977
vn 0.09501723 -0.3263873 -0.9404483
vn 0.2218505 -0.901104 -0.3725506
vn -0.2025192 0.7190619 0.6647826
vn 0.6819955 -0.7042692 -0.1971979
vn 0.7748246 -0.6141046 -0.150074
vn 0.6417777 -0.7552029 -0.1333794
vn -0.1814844 0.8990267 0.3985154
vn -0.1837555 0.9720417 0.1461813
vn -0.283105 0.9475039 0.1486191
vn -0.357239 0.8398072 0.4087838
vn -0.4028486 0.8980514 0.1766827
vn -0.4182499 0.8977091 0.1385118
vn 0.1558408 -0.3341439 -0.9295491
vn 0.1032785 -0.1689142 -0.9802049
vn 0.2290699 -0.3619799 -0.9036025
vn -0.3371164 0.6251049 0.703986
vn 0.5228649 -0.8335074 -0.1785432
vn 0.5843498 -0.7808864 -0.2207981
vn 0.2134729 -0.937759 -0.2739293
vn 0.3988134 -0.9083225 0.1260875
vn 0.1330372 -0.4799929 -0.8671262
vn -0.7753298 0.6034303 0.1863747
vn 0.21913 -0.9640871 -0.1500604
vn -0.3004003 0.9477546 0.1073356
vn -0.3268856 0.9450236 0.008728201
vn 0.4928568 -0.8622584 -0.1166306
vn 0.4260039 -0.8936284 -0.1412404
vn 0.4205676 -0.8741004 -0.243046
vn -0.4236242 0.9036558 -0.06283792
vn -0.5421054 0.8265296 0.1515608
vn 0.2346317 -0.967703 -0.09218878
vn 0.1787474 -0.976847 -0.1175555
vn -0.2073713 0.9728504 0.1027577
vn 0.3594322 -0.9152011 -0.1822511
vn 0.1581077 -0.9838119 -0.08435715
vn 0.1452853 -0.9861451 -0.08006249
vn -0.8928645 0.4263729 0.1449103
vn -0.9317989 0.3248463 0.1619435
vn -0.8915472 0.412665 0.1866847
vn -0.2248707 0.28401 0.9320792
vn -0.2960631 0.1209282 0.9474824
vn -0.9348279 0.2966508 0.1951799
vn 0.8158402 -0.5394272 -0.208382
vn 0.8337448 -0.4144292 -0.3648535
vn 0.8977355 -0.3863328 -0.2117023
vn 0.6844987 -0.4468166 -0.576035
vn -0.8449749 0.4936661 0.2056971
vn -0.7875242 0.4421065 0.4293571
vn 0.2058432 -0.2053939 -0.9567873
vn 0.5334612 -0.2409671 -0.8107736
vn 0.8017656 -0.2721415 -0.5320818
vn -0.7098504 0.2938786 0.6401154
vn -0.3841331 0.2632648 0.8849482
vn 0.1611145 -0.1044342 -0.9813947
vn 0.6980811 -0.6771859 -0.2325983
vn 0.2572101 -0.09315708 -0.9618548
vn -0.1898979 0.04221972 0.9808956
vn 0.1797119 -0.1970232 0.9637871
vn 0.936889 -0.2938813 -0.1894011
vn 0.9274522 -0.34572 -0.1425137
vn 0.9624567 -0.1997799 -0.1837526
vn 0.9770052 -0.1399126 -0.1608884
vn -0.9650225 0.2074571 0.1602909
vn -0.9790845 0.1247126 0.1607493
vn -0.9732089 0.1185427 0.1970078
vn -0.9618604 0.1927899 0.1940534
vn 0.9569505 -0.1877347 -0.2213625
vn 0.9726252 -0.1236926 -0.1967237
vn 0.9369 -0.2653694 -0.2275904
vn -0.9574263 0.1638453 0.2376754
vn -0.8641987 0.1124774 0.4904175
vn -0.8799382 0.1841013 0.4379674
vn -0.7126403 0.06553492 0.6984618
vn -0.6923054 0.1573575 0.7042385
vn -0.9404374 0.2437919 0.2369452
vn -0.8639236 0.2666074 0.4272662
vn -0.4690034 0.05164193 0.8816853
vn 0.9350737 -0.2513316 -0.2499391
vn 0.7742547 -0.1669534 -0.6104557
vn 0.3761463 -0.3834548 0.8434905
vn 0.3794421 -0.4809607 0.7903799
vn 0.1377685 -0.1649195 -0.9766378
vn 0.336788 -0.4606355 -0.8212118
vn 0.2739559 -0.3133011 -0.9092803
vn -0.985603 0.1235152 0.115458
vn -0.9014743 0.3592532 0.2414147
vn 0.3974597 -0.06740803 -0.9151405
vn 0.8124983 -0.1061487 -0.573218
vn 0.952958 -0.1263143 -0.2755283
vn -0.9684728 0.08694402 0.2334548
vn -0.4879011 0.1087994 0.8660919
vn 0.2282101 -0.05316532 -0.9721591
vn 0.398165 -0.1278423 -0.9083617
vn 0.4063575 -0.03385163 -0.9130869
vn 0.6316973 -0.7752134 0.001671414
vn 0.6591579 -0.7519622 0.007976942
vn 0.6000472 -0.7999646 0.000143514
vn 0.5400232 -0.5045238 -0.6736696
vn 0.52266 -0.4816402 -0.7034552
vn -0.2137168 0.03068571 0.9764135
vn 0.1958164 -0.2576468 0.9461892
vn 0.001341813 -8.971223e-05 0.9999992
vn 0.3353758 -0.5031225 -0.7964866
vn -0.9891111 0.06631066 0.1313857
vn -0.9890722 0.03290047 0.1437144
vn -0.9836934 0.07205243 0.1647898
vn -0.9923028 0.0699181 0.1022086
vn -0.9792715 0.05121456 0.1959704
vn 0.9781626 -0.06403054 -0.1977322
vn 0.9684493 -0.07502825 -0.2376484
vn 0.9742305 -0.03851449 -0.2222426
vn 0.8528184 -0.04382024 -0.5203658
vn 0.9304403 -0.0287753 -0.3653122
vn 0.8446414 -0.5353259 0.002654217
vn 0.822864 -0.5681525 0.009877952
vn 0.7895195 -0.6137075 0.00470182
vn 0.7622725 -0.6472141 -0.007396394
vn 0.7164044 -0.6976737 0.003998265
vn 0.7452693 -0.6665411 0.01722093
vn 0.5039932 -0.4696275 -0.724873
vn 0.987545 -0.1568392 0.01251001
vn 0.9999596 -0.001010723 0.00891701
vn 0.9940243 -0.004537264 -0.109065
vn 0.9913362 -0.130223 0.01715989
vn -0.5327305 -0.02868804 0.8457986
vn -0.1956512 -0.00123363 0.9806728
vn -0.307191 -0.02538058 0.9513094
vn -0.4978605 -0.01452932 0.8671354
vn 0.9705036 -0.2410414 0.004665501
vn 0.9609022 -0.2768111 -0.006522825
vn 0.2931833 -0.1002372 -0.9507871
vn 0.6513984 -0.1801653 -0.737035
vn 0.5023569 -0.0569533 -0.8627825
vn 0.2069464 -0.1814903 0.9613711
vn 0.5067098 -0.3792304 0.7742284
vn 0.4005785 -0.3764587 0.8353537
vn -0.467095 0.02518871 0.8838482
vn -0.7578943 0.02170488 0.6520162
vn 0.2071338 -0.01145545 -0.9782456
vn 0.6658458 -0.004399097 -0.7460763
vn 0.9383528 -0.3453889 -0.01416284
vn 0.9442013 -0.3293512 -0.003437526
vn 0.989225 -0.01813063 -0.1452762
vn 0.9915434 0.01331914 -0.1290907
vn 0.9947008 -0.009991223 -0.1023259
vn 0.9102396 -0.4140713 -0.002932216
vn 0.9858726 0.008828085 -0.1672641
vn 0.9171718 -0.3984018 0.008483006
vn 0.9801558 -0.01105347 -0.19792
vn 0.9703552 -0.0138669 -0.2412852
vn 0.9717457 0.007170156 -0.235921
vn 0.5750575 -0.1612124 0.8020719
vn 0.5757142 -0.1461029 0.8044918
vn 0.5776882 -0.1653659 0.7993313
vn -0.971086 0.01306449 0.2383725
vn -0.979158 0.009543268 0.2028757
vn -0.9706196 -0.007719343 0.2404953
vn 0.9357661 0.01187476 -0.3524215
vn -0.9105856 0.008808993 0.4132265
vn -0.7367741 -0.005035514 0.6761202
vn -0.4870073 0.02604272 0.8730096
vn 0.6208779 -0.1885933 0.7608832
vn 0.6814243 -0.2484011 0.688446
vn 0.6181644 -0.2978631 0.7274272
vn 0.6437362 -0.2714052 0.7155018
vn 0.264356 -0.1233568 -0.9565035
vn 0.5565351 -0.2053026 -0.8050587
vn 0.2389219 -0.1465902 -0.9599103
vn 0.8731267 -0.4874422 0.007053618
vn 0.5152184 -0.2872559 -0.8074862
vn 0.8875681 -0.4606311 0.006459734
vn 0.9833751 -0.08606424 -0.1598949
vn 0.2319578 -0.1697291 -0.9578035
vn 0.4871598 -0.3258691 -0.8102375
vn -0.1088243 0.00392528 0.9940532
vn 0.6093732 -0.3366975 0.7178433
vn 0.5826097 -0.3461135 0.7353717
vn 0.5773383 -0.3689782 0.7283787
vn 0.5141835 -0.3641667 0.7765295
vn -0.9694173 0.03542068 0.2428484
vn 0.9846517 -0.04236717 -0.1693106
vn -0.9865643 0.006515248 0.1632437
vn 0.9954331 -0.04398225 -0.08472581
vn 0.9900763 -0.05289189 -0.1301971
vn -0.9959131 0.03458584 0.0834328
vn -0.9923705 0.00983139 0.1228985
vn 0.9990723 -0.04263486 0.00606733
vn 0.9994008 -0.009666899 0.0332356
vn 0.9970111 -0.03921808 0.06656519
vn 0.9981132 -0.009222421 0.06070424
vn 0.9907067 -0.08994862 -0.1020268
vn 0.9965402 -0.06671111 -0.04956975
vn 0.9978338 -0.01118812 -0.06482777
vn 0.9994028 0.001268367 -0.03453159
vn 0.999042 -0.02763981 -0.03393102
vn -0.9974498 0.07123591 -0.004389837
vn -0.9968679 0.06965148 0.03745778
vn -0.9868657 0.1367103 -0.08606041
vn -0.9978654 0.04053956 -0.05119607
vn -0.9993537 0.009553663 0.03465264
vn -0.9978057 -0.01110733 0.06527295
vn -0.9965733 0.01215373 0.08181658
vn -0.9991634 0.008868873 -0.03992256
vn -0.999229 0.03849178 -0.007735584
vn -0.9987407 0.03371279 0.0371534
vn -0.9999586 0.00872858 -0.002577332
vn 0.9974585 -0.06618365 0.02638662
vn -0.9949193 0.07191969 0.07044984
vn -0.8686503 -0.0778574 0.4892697
vn -0.8621799 -0.01607111 0.5063472
vn -0.6500704 -0.5260412 0.5483513
vn -0.7875818 -0.4644579 0.4049614
vn -0.06801562 0.9546368 -0.2899008
vn 0.1739771 0.8892546 -0.4230345
vn 0.06069243 0.9607919 -0.2705467
vn 0.3873309 0.7781866 -0.4943687
vn -0.1301486 0.9375477 -0.3225921
vn 0.02759696 0.9318408 -0.3618163
vn -0.7381275 -0.503457 0.449109
vn -0.6362785 -0.6051187 0.4785198
vn 0.7067066 0.5416988 -0.4551134
vn 0.7095909 0.473959 -0.5213862
vn -0.7815111 -0.4011585 0.4778204
vn -0.7010176 -0.58617 0.4061761
vn 0.7637742 0.4107844 -0.4979008
vn -0.5487552 -0.6929045 0.4677083
vn -0.9093619 -0.2141559 0.3566485
vn -0.5135279 -0.7494474 0.4178729
vn 0.9573578 0.2266292 -0.1791797
vn 0.8958282 0.3967927 -0.2001181
vn 0.8842606 0.3970583 -0.2458207
vn 0.8835356 0.3789082 -0.2753061
vn -0.7334023 -0.3900911 0.5567315
vn -0.7913603 -0.3265499 0.5168307
vn -0.8299647 -0.3799244 0.4084312
vn 0.7590404 0.3489491 -0.5496292
vn 0.7294801 0.3758929 -0.5714572
vn 0.987818 0.09553201 -0.1228384
vn 0.832671 0.3266192 -0.4471901
vn 0.956749 0.1776341 -0.2303853
vn -0.9725236 0.2182413 0.08104625
vn -0.9840625 -0.09489105 0.1503886
vn -0.9772993 0.2104058 0.02480725
vn -0.9855963 0.08546244 0.145932
vn -0.9860629 -0.06699404 0.1522879
vn -0.9834366 0.01493606 0.1806362
vn -0.9630763 -0.1144667 0.243683
vn 0.2895257 0.8559631 -0.4283715
vn 0.5317576 0.7423352 -0.4076424
vn -0.391625 -0.8280584 0.4011846
vn 0.9350533 0.1636423 -0.3144782
vn 0.8720096 0.3584555 -0.3333301
vn -0.9560462 0.2532274 0.1478231
vn -0.8569341 -0.3941967 0.3320734
vn -0.8665752 -0.3968164 0.3026287
vn -0.7062246 -0.6083436 0.3621669
vn 0.8339371 0.3800968 -0.4000942
vn -0.9375678 0.317926 0.1410303
vn -0.7378521 0.6746361 0.02098714
vn 0.07091462 0.9223453 -0.3798031
vn -0.9722078 0.223735 -0.06895525
vn -0.894331 -0.02152942 0.4468877
vn -0.9315089 0.03040709 0.3624454
vn -0.1048865 0.952431 -0.2861363
vn 0.7739517 0.5717293 -0.272258
vn 0.8586304 0.4604051 -0.2253463
vn 0.6097657 0.7057521 -0.3606935
vn 0.4247164 0.8251637 -0.3724527
vn -0.7226775 -0.6432666 0.2528744
vn -0.8915905 -0.3937164 0.2237267
vn -0.6686439 -0.6698577 0.3228093
vn 0.03189106 0.9367591 -0.3485188
vn -0.6257712 -0.7411412 0.2431467
vn -0.6742921 -0.6594839 0.3322818
vn -0.9567769 -0.2539493 0.1417314
vn -0.9839805 0.1692085 -0.05613221
vn 0.6986105 0.640757 -0.3183927
vn 0.3982871 0.7710138 -0.4968954
vn 0.132433 0.87697 -0.4619363
vn 0.3844357 0.8531126 -0.3527153
vn 0.2952833 0.8674002 -0.4005305
vn -0.6844732 -0.6486852 0.3327221
vn -0.7833171 0.6188308 -0.05884513
vn 0.01624383 0.9119223 -0.4100415
vn -0.3797927 -0.8540108 0.3555602
vn -0.5777224 -0.7262422 0.372571
vn 0.5812062 0.730242 -0.3590905
vn 0.2483942 0.9050926 -0.3451199
vn -0.9719383 -0.1888425 0.1402658
vn -0.9168404 -0.3474882 0.1966105
vn -0.8949859 -0.3567145 0.2678713
vn -0.888602 -0.3836415 0.2514074
vn -0.7000439 0.7129467 0.04056402
vn 0.9872473 0.001243631 -0.1591896
vn 0.9719673 0.0006923356 -0.2351154
vn 0.9814591 0.02249435 -0.1903471
vn 0.9931195 0.01825356 -0.1156742
vn 0.9896675 0.05734787 -0.1314131
vn 0.9085509 0.1344079 -0.3955629
vn -0.9637007 -0.195866 0.1814317
vn -0.9407341 -0.2023835 0.2721401
vn -0.9905123 -0.01597505 0.1364924
vn 0.9768574 0.04568309 -0.2089564
vn 0.8066694 0.2382087 -0.5408707
vn 0.847332 0.1154109 -0.5183712
vn -0.9103264 -0.1445344 0.3878345
vn -0.9945323 -0.01342161 0.103563
vn 0.9632455 0.01630493 -0.2681277
vn 0.9467857 0.004621796 -0.3218312
vn 0.9010746 0.02469878 -0.4329601
vn -0.9905626 0.002578315 0.1370369
vn -0.9720718 0.004150613 0.2346469
vn -0.8242506 -0.1276211 0.5516554
vn -0.9125208 -0.00189493 0.4090259
vn -0.6459339 -0.2874172 0.7072204
vn -0.6993512 -0.1421318 0.7005044
vn -0.7314352 -0.1358374 0.6682444
vn -0.6206016 -0.1452231 0.7705608
vn 0.7119885 0.1209294 -0.6916996
vn 0.6692272 0.1240892 -0.7326232
vn 0.6580635 0.2284352 -0.7174746
vn 0.6154891 0.1009905 -0.7816483
vn 0.61005 0.1812373 -0.7713574
vn -0.5963415 -0.01264807 0.8026312
vn -0.6708255 -0.004857556 0.7415993
vn 0.599674 0.2762967 -0.7510334
vn 0.67746 0.04399508 -0.7342427
vn 0.7206952 0.01828103 -0.693011
vn 0.6276253 -0.0233704 -0.7781647
vn 0.6162404 0.04259646 -0.7864052
vn -0.7556735 0.5904197 0.2834824
vn -0.8222734 0.2012709 0.5323124
vn -0.8410025 0.1790624 0.5105405
vn -0.8006629 0.07115649 0.5948744
vn -0.1194973 0.9772666 -0.1751297
vn 0.2387323 0.8327451 -0.4995421
vn -0.1269558 0.9760141 -0.1768582
vn -0.6176046 -0.5262215 0.5845131
vn -0.621595 -0.3951763 0.6763545
vn -0.532663 -0.5636569 0.6313168
vn -0.4949068 -0.5534499 0.6698958
vn 0.4534907 0.6346756 -0.6257261
vn 0.1149508 0.8891566 -0.44293
vn 0.5242271 0.4966929 -0.691724
vn -0.1508082 0.9603617 -0.2344408
vn 0.3389467 0.7034802 -0.6246846
vn -0.582312 -0.3777911 0.7198519
vn -0.1731684 0.9683248 -0.1798883
vn -0.5858216 0.7991895 0.13457
vn -0.6725243 0.7310016 0.1155325
vn -0.7212232 0.02154984 0.6923674
vn -0.7468346 0.01890867 0.6647409
vn -0.05953601 0.9492322 -0.3088911
vn 0.1640379 0.8270406 -0.5376761
vn -0.6380126 -0.05305408 0.768196
vn -0.6020492 -0.02366821 0.7981082
vn -0.5367827 -0.4224476 0.7303439
vn -0.006658434 0.9591367 -0.2828647
vn 0.4443305 0.4917887 -0.7488086
vn 0.3728831 0.4478968 -0.8126172
vn 0.6577516 0.3144231 -0.6844712
vn -0.4610196 -0.5031781 0.7309396
vn -0.5974635 -0.3257238 0.7327629
vn 0.6998501 0.231132 -0.6758607
vn 0.7466195 0.166878 -0.6439807
vn -0.7584639 -0.0004569726 0.651715
vn 0.7573199 0.08520925 -0.6474611
vn -0.7717435 -0.1513153 0.6176696
vn -0.5652769 -0.1451454 0.8120312
vn -0.5532581 -0.3026353 0.7760911
vn 0.5430059 0.2573607 -0.7993186
vn -0.4978214 -0.2847453 0.8192033
vn -0.6610815 -0.3772833 0.6485589
vn -0.6953514 -0.3147435 0.6460829
vn 0.6163602 0.4775419 -0.6261421
vn 0.717754 0.2984945 -0.6290709
vn -0.5531801 -0.5930654 0.5850343
vn -0.5758734 -0.6210028 0.5317193
vn 0.4831808 0.02306859 -0.8752167
vn 0.3995724 0.06723411 -0.9142327
vn 0.4808474 0.0886554 -0.8723107
vn -0.5238926 -0.008816942 0.8517387
vn -0.572304 0.01034476 0.8199763
vn 0.5532432 0.01835709 -0.8328174
vn 0.5531378 0.09265359 -0.8279215
vn -0.8028108 0.002921241 0.5962268
vn 0.8129629 0.06683532 -0.5784673
vn 0.7497124 0.2329661 -0.6194013
vn 0.8583979 -0.001705961 -0.5129816
vn -0.2520491 -0.9080047 0.334662
vn 0.7424895 0.3240948 -0.5862352
vn 0.4103194 0.1525507 -0.899092
vn 0.5285143 0.162632 -0.8332006
vn -0.5129802 -0.1339154 0.8478903
vn -0.461932 -0.008754143 0.8868721
vn -0.814678 0.1953488 0.5460208
vn -0.8372682 -0.1259521 0.5320883
vn -0.6854517 -0.3917905 0.6137232
vn -0.05235294 0.939401 -0.3387992
vn 0.2978625 0.8136196 -0.4993007
vn -0.006362578 0.9337661 -0.3578274
vn 0.6123853 0.5571705 -0.5608432
vn 0.7776253 0.02507226 -0.6282278
vn -0.8389072 0.007566665 0.5442219
vn 0.4798629 0.2435415 -0.8428636
vn -0.4121389 -0.2455881 0.8773984
vn -0.9008057 0.2905907 0.3226548
vn -0.05482039 -0.06002349 0.9966905
vn -0.09224385 -0.0007378154 0.9957361
vn -0.1239588 -0.04978148 0.9910378
vn -0.1841302 0.002911714 0.9828976
vn 0.1105269 0.1027325 -0.9885493
vn 0.1236765 0.02887484 -0.9919024
vn 0.04394019 0.05393201 -0.9975774
vn -0.08774832 -0.1746591 0.9807112
vn -0.01979723 -0.2721645 0.9620471
vn -0.1217224 -0.3014317 0.9456863
vn -0.01344423 0.05417229 0.9984411
vn -0.2543115 0.3221925 0.9118759
vn -0.04848762 -0.1353475 0.9896111
vn -0.1153641 -0.1293035 0.9848714
vn -0.1659084 -0.3636487 0.9166427
vn -0.2255001 0.1364601 0.9646389
vn -0.002128292 0.9413685 -0.3373733
vn 0.08737338 0.5033775 -0.8596376
vn 0.01250117 0.7147427 -0.6992757
vn 0.004801517 0.9306783 -0.365807
vn 0.07574624 0.7650879 -0.6394553
vn 0.04508605 0.1234946 -0.9913206
vn -0.0006209893 0.1376343 -0.9904829
vn 0.01324636 0.3550387 -0.9347578
vn 0.01549908 -0.1589009 0.9871729
vn 0.0164221 0.8952491 -0.4452633
vn 0.19117 0.7559462 -0.6260985
vn -0.5083581 0.8240237 0.2501142
vn -0.48615 0.8034781 0.3436292
vn -0.5052937 0.8282083 0.2423824
vn -0.5850816 0.03693181 0.810133
vn -0.4611358 -0.1085459 0.8806655
vn -0.4443871 0.822367 0.3552924
vn -0.3902801 0.8453515 0.3647774
vn -0.05434704 0.9829728 -0.1755304
vn -0.1026162 0.9625081 -0.251094
vn 0.02813219 0.8727599 -0.4873384
vn -0.4173058 -0.4488764 0.7901682
vn -0.3641462 -0.6191612 0.6957276
vn -0.388252 -0.584488 0.7124845
vn -0.3068969 -0.5096397 0.803792
vn -0.3013889 -0.4992958 0.8123229
vn -0.2769564 -0.5677798 0.7751911
vn -0.4649273 0.04668102 0.8841173
vn 0.2334149 0.5765649 -0.7830009
vn -0.3259353 -0.4323573 0.8407338
vn -0.2962791 -0.4195724 0.858008
vn -0.5125675 0.3463618 0.7856896
vn -0.3805301 -0.07054029 0.9220743
vn 0.4108647 0.2440913 -0.8784131
vn 0.3444763 0.2079846 -0.9154663
vn 0.3156573 0.266807 -0.9105902
vn -0.2871744 -0.2129313 0.9339117
vn -0.3846018 -0.1267908 0.9143334
vn -0.4628466 -0.1302214 0.8768212
vn 0.2914562 0.07154088 -0.9539052
vn 0.3086632 0.130955 -0.9421135
vn -0.3365161 -0.03266304 0.941111
vn -0.4049899 -0.02263875 0.9140408
vn -0.2756952 -0.1196098 0.9537745
vn 0.4186222 -0.01384907 -0.9080549
vn 0.3371613 -0.0004124178 -0.9414468
vn -0.312662 0.001153647 0.9498637
vn -0.4041255 0.01031778 0.9146453
vn -0.2111144 0.7721691 0.5993211
vn -0.2025122 0.7826461 0.5886033
vn -0.2747767 0.6844378 0.6753094
vn -0.2988338 -0.3436468 0.8902838
vn 0.03993066 0.9455094 -0.3231371
vn 0.1118453 0.8037677 -0.5843356
vn -0.2271877 -0.4239186 0.8767433
vn 0.1938419 0.4053037 -0.8933948
vn -0.0271002 0.9822655 -0.1855262
vn -0.2322594 -0.3341186 0.913466
vn -0.1680673 -0.4219248 0.8909169
vn -0.257419 0.03632689 0.9656168
vn 0.1251741 0.1786151 -0.9759242
vn -0.1873715 -0.1377953 0.9725761
vn 0.2426376 0.1852592 -0.9522637
vn 0.1991078 0.1143805 -0.9732796
vn 0.1868247 0.04703541 -0.9812666
vn -0.198401 -0.03916259 0.9793383
vn -0.2644609 -0.03154058 0.9638805
vn 0.2513001 0.008802797 -0.9678692
vn 0.1838918 -0.03841418 -0.9821956
vn 0.9047047 -0.3247622 0.2757514
vn 0.8737708 -0.4100183 0.2615524
vn 0.9945105 -0.01516184 0.1035325
vn 0.9911277 0.05399556 0.1214514
vn 0.9814216 0.01905607 0.1909149
vn 0.982133 -0.005429182 0.1881096
vn 0.4357265 0.7764668 -0.4552381
vn 0.3882903 0.7774457 -0.4947816
vn 0.5753816 0.7535548 -0.3179482
vn 0.774728 -0.560647 0.2923549
vn 0.7105157 -0.6076027 0.3549457
vn 0.716981 -0.5893322 0.3723248
vn 0.9386653 0.04446385 0.341951
vn 0.897424 -0.09214715 0.4314384
vn 0.8945614 0.03138289 0.445842
vn 0.3043908 0.9258375 -0.223989
vn -0.01299027 0.9482958 -0.3171222
vn -0.1060559 0.9653863 -0.2382884
vn 0.9753084 0.01746851 0.2201555
vn 0.969967 -0.01632485 0.2426882
vn 0.9406962 0.3091206 0.1397681
vn -0.6353575 0.6465656 -0.4222249
vn -0.2170725 0.8787544 -0.4250531
vn -0.6853684 0.5667259 -0.4572657
vn 0.4686396 -0.7840915 0.4069122
vn 0.6250747 -0.6517587 0.4295256
vn -0.2993439 0.8418891 -0.4490165
vn 0.6933747 -0.5704099 0.4403
vn 0.832165 -0.4026834 0.3812446
vn -0.05374479 0.9237522 -0.3792009
vn 0.9922563 0.1206806 -0.02938319
vn 0.9981068 0.06142479 0.003144131
vn 0.4642794 0.8304623 -0.3078589
vn 0.5726553 0.7728192 -0.2735257
vn 0.9955941 0.09031741 0.02520207
vn 0.9061452 0.007263628 0.4229043
vn 0.7763278 -0.3863252 0.4980643
vn 0.8788547 -0.005819819 0.4770539
vn 0.9663495 0.249712 -0.06174557
vn 0.5639243 -0.6426877 0.5185962
vn 0.5825114 -0.6397656 0.5013786
vn 0.6641924 -0.5902959 0.4586928
vn 0.674136 -0.5057774 0.5382656
vn -0.9588516 0.2359725 -0.1578621
vn -0.9961694 0.03615693 -0.07961936
vn -0.3376215 0.8097212 -0.4799617
vn -0.6736037 0.536689 -0.5081563
vn 0.6750492 -0.5728539 0.4649163
vn 0.8284757 -0.4730191 0.2998017
vn 0.8690909 -0.4352057 0.2351109
vn -0.7959672 0.4100931 -0.4452638
vn -0.8356966 0.4032055 -0.372876
vn 0.9695237 -0.1932966 0.1505332
vn 0.9553362 -0.2098529 0.2080737
vn 0.8980888 -0.3672841 0.2419482
vn 0.7699829 -0.4081536 0.4904457
vn 0.7985894 -0.4019721 0.4479658
vn -0.9279321 0.3057482 -0.2132137
vn -0.9875134 0.09545011 -0.1253263
vn 0.9057112 -0.3693694 0.207975
vn 0.7699074 -0.3575387 0.5285913
vn 0.8680867 -0.3896689 0.3075445
vn 0.8378311 -0.3881527 0.3838964
vn -0.07192199 0.8697072 -0.4882997
vn -0.4035571 0.7820292 -0.4749442
vn -0.4978056 0.790334 -0.3571576
vn -0.8050277 0.4129421 -0.4259216
vn -0.8955768 0.3480811 -0.2770951
vn -0.8617418 0.4034479 -0.3076212
vn -0.8873046 0.3844733 -0.2546975
vn -0.6559337 0.6798071 -0.3280447
vn 0.7426622 0.6680324 -0.04675065
vn 0.6696241 0.7424799 -0.01809295
vn -0.6702965 0.6458437 -0.3654976
vn -0.4036118 0.8475897 -0.3445129
vn -0.7354132 0.6021007 -0.3108734
vn 0.9226109 -0.3379302 0.1859901
vn 0.9762864 -0.1885833 0.1063067
vn -0.8775675 0.3334537 -0.3445056
vn -0.8064331 0.3497399 -0.4768099
vn -0.9014969 0.2121613 -0.3772149
vn 0.9961531 -0.00853341 0.08721349
vn -0.9931645 0.01007651 -0.1162879
vn -0.9966342 0.008832274 -0.08149964
vn 0.9929912 -0.008356773 0.1178922
vn 0.9928675 -0.02723233 0.1160716
vn 0.9880853 -0.008460941 0.1536737
vn 0.9435651 -0.206789 0.2586951
vn -0.9881168 0.005868891 -0.153593
vn -0.993188 0.02497882 -0.1138146
vn 0.8954906 -0.2474353 0.3699626
vn 0.9191612 -0.1196712 0.3752619
vn -0.969306 0.124282 -0.212132
vn -0.9295532 0.1004439 -0.354742
vn 0.8134301 -0.3517383 0.4632618
vn 0.7996916 -0.268104 0.5372277
vn -0.9680189 0.1544648 -0.1976866
vn -0.9976569 -0.009327975 -0.06777695
vn -0.9852459 -0.004324305 -0.1710904
vn -0.9885514 -0.008143653 -0.1506647
vn -0.9914063 -0.008191625 -0.1305626
vn -0.9945776 -0.008506175 -0.1036484
vn 0.9913174 0.008195412 0.1312349
vn 0.9868588 0.006048411 0.1614716
vn 0.04340205 -0.04092278 0.9982193
vn -0.042572 0.03896083 0.9983335
vn -0.08677991 -0.1003178 0.9911638
vn -0.0213505 -0.1106438 0.9936308
vn 0.0348087 -0.1166327 0.992565
vn -0.3594573 0.1363671 -0.9231439
vn -0.4314726 0.05933525 -0.9001727
vn -0.4234181 0.1440569 -0.8944075
vn 0.4050805 -0.1460992 0.9025325
vn 0.369034 -0.07441849 0.9264317
vn 0.3242058 -0.1678223 0.9309813
vn -0.3504654 0.2142517 -0.9117402
vn -0.2931657 0.03812933 -0.955301
vn -0.3651571 0.06399212 -0.928744
vn 0.3052245 -0.08713019 0.9482861
vn 0.388288 -0.2474663 0.8876896
vn 0.2837351 -0.2187607 0.9336156
vn -0.03291846 0.07831362 -0.9963852
vn -0.4170245 0.2335089 -0.8783872
vn -0.3237574 0.3553794 -0.8768618
vn 0.3239322 -0.3892604 0.8622901
vn 0.03584086 -0.1781686 0.983347
vn -0.08806308 0.3781137 -0.9215611
vn -0.0369498 0.8348097 -0.5492973
vn -0.01007706 0.9877855 0.1554939
vn 0.2543866 0.9657969 0.05023655
vn 0.1017809 0.09711089 -0.9900556
vn -0.06321061 0.1487336 -0.986855
vn 0.1177285 -0.1804443 0.9765142
vn 0.07534215 -0.2789764 0.9573378
vn 0.4465403 -0.2518469 0.8585889
vn 0.3544937 -0.4322494 0.8291529
vn 0.3718489 -0.4155799 0.8300733
vn 0.4841865 -0.1378502 0.8640375
vn 0.002802836 0.9304479 -0.3664136
vn -0.3210769 0.5185022 -0.7925055
vn -0.05522942 0.9313709 -0.3598583
vn 0.3134125 -0.3768534 0.8716388
vn 0.4832612 0.07606763 0.8721653
vn 0.2346183 0.08849412 0.9680511
vn 0.1885398 -0.2068879 0.9600261
vn 0.1079501 -0.1879281 0.9762325
vn -0.1185634 0.1259653 -0.9849241
vn 0.6005127 0.002433649 0.7996114
vn 0.4841114 -0.2470032 0.8394197
vn 0.5290703 0.04015031 0.8476277
vn 0.2522362 0.8646076 -0.4345464
vn 0.1824712 0.9827777 -0.02919295
vn 0.4136938 0.9005923 0.133383
vn 0.184328 0.4740305 -0.8609985
vn -0.3042428 0.607317 -0.7338954
vn 0.1057364 0.9551067 -0.2767511
vn -0.009577837 0.9954389 -0.09491833
vn 0.5148296 0.1461416 0.8447444
vn 0.4593707 0.3935282 0.7963128
vn 0.4322459 -0.05251113 0.9002255
vn 0.3758648 0.02676335 0.9262879
vn 0.2724816 0.07460915 0.9592639
vn 0.1863129 -0.3682001 0.9108875
vn 0.1922656 -0.1710518 0.9663204
vn -0.1758755 0.3681428 -0.9129834
vn -0.1989793 0.1530293 -0.9679821
vn -0.1032143 0.05676802 -0.9930379
vn -0.1727566 0.060318 -0.9831159
vn -0.03451427 0.04214564 0.9985152
vn 0.1316145 -0.09191301 0.9870307
vn 0.0986474 9.81979e-05 0.9951224
vn -0.03561967 0.007690776 -0.9993358
vn -0.117025 -0.01283042 -0.993046
vn 0.1795946 -0.02740135 0.983359
vn 0.3739906 0.07912952 0.9240507
vn 0.3371508 -0.178716 0.9243321
vn 0.02001081 0.9809313 -0.1933216
vn 0.254043 0.9625165 -0.09499539
vn 0.2441431 -0.3638215 0.8989038
vn 0.2863778 0.234423 0.928996
vn 0.1032742 0.9739792 -0.2017401
vn 0.106331 0.9368695 -0.3331205
vn 0.2092168 -0.4251638 0.8806044
vn -0.1985126 0.5050282 -0.8399638
vn -0.2777935 0.2074087 -0.9379832
vn -0.1394176 0.7607335 -0.6339142
vn 0.2415602 -0.107365 0.964428
vn -0.2406308 0.08343207 -0.9670243
vn -0.2898369 0.1328144 -0.9478158
vn -0.2228212 0.0002317643 -0.9748593
vn 0.2342963 0.01654834 0.9720243
vn 0.2997693 -0.02161358 0.9537668
vn -0.5877843 0.2542478 -0.7680285
vn -0.6435347 0.2239276 -0.7319286
vn -0.6294906 0.3263605 -0.7051457
vn 0.8568249 0.09675315 0.5064483
vn 0.857273 0.06347199 0.5109347
vn 0.8516076 0.05881566 0.5208697
vn 0.9028091 0.0594167 0.4259171
vn 0.8713346 0.1202824 0.4757186
vn 0.9166122 0.3412205 0.2083042
vn -0.2044111 0.8665896 -0.4552346
vn -0.6175465 0.5517888 -0.5605047
vn 0.7248936 -0.3807316 0.5740842
vn -0.7659147 0.3811244 -0.5178019
vn -0.1775901 0.8687809 -0.462257
vn -0.5597747 0.5689062 -0.602493
vn 0.716539 -0.29527 0.6319711
vn 0.6093656 -0.5022188 0.613555
vn 0.541899 -0.5959957 0.592566
vn 0.5520961 -0.5528814 0.624109
vn 0.5759743 -0.5642235 0.5915281
vn 0.7385079 -0.2763534 0.6150081
vn -0.484893 0.1490993 -0.8617705
vn -0.4787167 0.2612868 -0.8381882
vn 0.4743152 -0.4821369 0.7365929
vn 0.4555765 -0.4196011 0.7851019
vn 0.5442968 -0.300683 0.7831544
vn -0.04548798 0.9278904 -0.370068
vn -0.4062065 0.5923949 -0.6957475
vn 0.4713647 0.8819308 0.003681839
vn 0.1559742 0.9413231 -0.2993039
vn -0.5766557 0.3271194 -0.7486395
vn -0.534785 0.2105985 -0.8183235
vn -0.5959961 0.165309 -0.7857872
vn -0.693752 0.229849 -0.6825523
vn -0.7485204 0.1726764 -0.6402344
vn -0.7320603 0.3076257 -0.6078274
vn -0.6759287 0.3558331 -0.6453707
vn -0.715582 0.3936196 -0.5770667
vn 0.6439 -0.3345288 0.6881012
vn 0.6931478 -0.3138944 0.6488578
vn 0.6656681 -0.224609 0.7116437
vn 0.2905731 0.9528952 -0.0869363
vn 0.1849846 0.9634529 -0.1937503
vn 0.6500584 0.7426675 0.1608383
vn 0.6855983 0.009433505 0.7279189
vn 0.7576058 0.0367581 0.6516765
vn 0.5791436 -0.376284 0.7231895
vn 0.7569202 0.2104734 0.6186864
vn 0.7351552 0.2809824 0.6169245
vn -0.008872721 0.9227871 -0.3852081
vn -0.4070192 0.6445335 -0.647234
vn 0.6065068 -0.3905796 0.6925295
vn 0.229454 0.9540341 -0.1927945
vn 0.2096055 0.9455324 -0.2490663
vn -0.5283519 0.509699 -0.6790075
vn -0.261852 0.6510712 -0.7124183
vn 0.5276924 -0.5069322 0.6815867
vn 0.4685068 -0.5285533 0.7079073
vn 0.7626237 -0.01784312 0.6465964
vn 0.7325458 -0.3198816 0.6008765
vn -0.7970065 0.2592223 -0.545513
vn 0.8425857 0.04675878 0.5365286
vn 0.7978131 0.02060224 0.6025527
vn 0.667318 0.02258078 0.7444305
vn 0.6031719 -0.2938295 0.7415173
vn 0.5535737 -0.314698 0.7710521
vn 0.5076123 -0.2634663 0.8203141
vn -0.5280023 0.3046481 -0.7927188
vn 0.726576 -0.144165 0.6717915
vn 0.7476385 -0.01423828 0.6639534
vn 0.7072131 -0.04978842 0.7052451
vn 0.70317 0.01510417 0.7108613
vn 0.6869807 -0.1184288 0.7169603
vn 0.6458988 -0.01202059 0.7633284
vn 0.634728 -0.06318808 0.7701477
vn 0.7766092 -0.08923827 0.6236302
vn -0.7156568 0.07167137 -0.6947652
vn -0.7760066 0.01749377 -0.6304821
vn -0.7811674 0.0769049 -0.6195669
vn -0.6511847 0.04683356 -0.7574728
vn -0.5979505 0.009000841 -0.8014825
vn -0.6572797 -0.01406712 -0.7535155
vn -0.7181317 0.01120507 -0.6958171
vn -0.8951047 0.01849692 -0.4454722
vn -0.9467831 -0.03849385 -0.319562
vn -0.8712852 -0.02151711 -0.4903051
vn 0.9052559 -0.02166848 0.424314
vn 0.8468369 -0.08335035 0.5252809
vn 0.7836298 -0.0174267 0.6209835
vn -0.4355101 -0.01424474 -0.9000712
vn -0.5057822 -0.01102386 -0.8625908
vn -0.3611361 -0.000830077 -0.9325126
vn 0.7794713 -0.1712833 0.6025667
vn 0.4860451 -0.1650949 0.858198
vn -0.5424818 0.1150095 -0.8321576
vn 0.5542033 -0.07327792 0.8291496
vn 0.4931855 -0.07821301 0.866401
vn -0.4900171 0.05268868 -0.870119
vn -0.5476934 0.04896367 -0.8352452
vn 0.5802618 -0.1331642 0.8034697
vn -0.5981655 0.08371142 -0.7969884
vn 0.6298198 -0.1638593 0.759261
vn 0.5619451 -0.2141586 0.7989705
vn 0.4831707 -0.00316515 0.8755205
vn 0.5644497 0.01241789 0.825374
vn -0.7968372 0.166678 -0.5807486
vn -0.8637591 0.09606165 -0.4946639
vn -0.9672022 0.02704404 -0.2525635
vn 0.6832452 -0.0183534 0.7299582
vn 0.7870359 -0.003291615 0.6168984
vn 0.5359102 0.0129245 0.8441761
vn -0.1189823 0.03127226 -0.9924038
vn -0.9963101 0.08572731 -0.004149192
vn -0.9968443 0.07873885 0.01007887
vn -0.6808435 0.01766869 -0.7322158
vn -0.963792 0.1866753 0.1904138
vn -0.9805855 0.1957244 -0.01200244
vn -0.1030605 0.01075477 -0.994617
vn -0.9816254 0.08607838 -0.1702998
vn -0.9720224 0.125149 -0.1987721
vn -0.9701636 0.07969379 -0.2289794
vn 0.9195559 -0.1141738 0.376007
vn 0.9506619 -0.1370887 0.2782957
vn 0.9377095 -0.08880464 0.3358786
vn 0.9630103 -0.08402339 0.2560296
vn 0.9671254 -0.1542035 0.2022122
vn 0.9724278 -0.1103165 0.2054615
vn -0.8558016 0.07411774 -0.511967
vn -0.6815417 0.07169209 -0.728259
vn -0.3153453 -0.001927952 -0.948975
vn 0.8369308 -0.103478 0.5374376
vn 0.7643539 -0.06705208 0.6413012
vn 0.1101676 0.000283696 0.993913
vn 0.4281581 -0.02679626 0.9033065
vn 0.479422 0.001706694 0.8775828
vn -0.2267035 0.1103252 0.9676951
vn -0.9052561 0.1797682 0.3849608
vn -0.8501191 0.2891016 0.4401338
vn -0.3938504 0.1814559 0.9010858
vn -0.2098397 0.05670381 -0.9760902
vn -0.5901836 0.2082801 -0.7799376
vn 0.9635156 -0.03566526 0.2652652
vn 0.980014 -0.02615313 0.1972018
vn 0.9896273 -0.03327196 0.1397529
vn -0.450693 0.3250856 -0.8313814
vn -0.175888 0.1538018 -0.9723212
vn -0.3714148 0.3865427 -0.8441776
vn -0.3305539 0.2439334 -0.9117185
vn -0.5725467 0.5044879 0.6462834
vn -0.7369301 0.6098892 0.2914946
vn -0.5606382 0.5533692 0.6160091
vn -0.6633834 0.495733 0.5605098
vn -0.9826383 0.01472474 -0.1849462
vn 0.900471 -0.06024639 0.4307232
vn 0.89421 -0.02211581 0.4471011
vn 0.9349055 -0.02330511 0.3541306
vn -0.8042582 0.5941879 -0.01046627
vn -0.7967704 0.5411021 0.2690083
vn 0.9826196 -0.1149619 0.1457475
vn 0.9750248 -0.1755211 0.1360845
vn 0.9855447 -0.1477242 0.08294115
vn -0.8331609 0.4559048 0.3130395
vn -0.8776761 0.362827 0.3131153
vn -0.003909276 0.002266035 0.9999898
vn 0.1673446 -0.05674435 0.9842641
vn -0.6839494 0.3947599 0.6134964
vn -0.003930918 0.002674086 -0.9999887
vn -0.1740924 0.1166667 -0.9777939
vn -0.9085112 0.4178584 -0.001394265
vn -0.6448842 0.3066284 -0.7000738
vn -0.3542549 0.2312537 -0.9061044
vn -0.6008508 0.2354932 -0.7638857
vn -0.8549325 0.5187342 -0.00226411
vn -0.9822075 0.04067104 -0.1833425
vn -0.9897764 0.07157101 -0.1233702
vn 0.9356605 -0.05285661 0.3489206
vn 0.9787793 -0.06309202 0.1949628
vn 0.9877247 -0.07464138 0.1372168
vn 0.8238478 -0.03384547 0.5657996
vn -0.9179869 0.03873432 -0.3947147
vn -0.8609198 0.04906565 -0.5063691
vn -0.9916666 0.04226164 -0.1217019
vn 0.1967942 -0.02484633 0.9801299
vn 0.4788135 -0.06016103 0.8758529
vn -0.5301589 -0.00463328 0.8478857
vn -0.5356427 -0.004811831 0.844431
vn -0.9983422 0.03798465 0.04324339
vn -0.999109 0.04165795 -0.006774213
vn -0.9976614 0.01648812 -0.06633063
vn -0.9971752 0.0421434 -0.06217454
vn 0.9946105 -0.05163468 0.08990937
vn 0.9917222 -0.09405681 0.08740891
vn 0.9935492 -0.1055448 0.04147668
vn 0.9978641 -0.02486446 -0.06040652
vn 0.9996978 -0.02447315 0.002305523
vn 0.9968241 -0.05756021 -0.05503301
vn 0.9957516 -0.01984307 0.0899163
vn 0.997237 -0.05673776 0.04795072
vn 0.9973765 -0.07238568 -0.0006859709
vn 0.9987068 -0.02429057 0.04466252
vn 0.9902022 -0.1395238 -0.005725803
vn -0.9949117 0.07451046 -0.06781444
vn 0.9839008 -0.1760979 0.03047257
vn 0.9706116 -0.2244577 -0.08678547
vn 0.9922774 -0.1091798 -0.05886689
vn 0.9737127 -0.1938412 -0.1196205
vn 0.96429 -0.2527243 -0.07921697
vn 0.9057378 -0.3766322 -0.1943892
vn 0.9156218 -0.361289 -0.1763718
vn -0.9964697 0.08354439 0.008268666
vn -0.9956509 0.09015657 -0.02347144
vn -0.9812518 0.1726753 0.08560427
vn -0.9923343 0.01541524 -0.1226168
vn -0.9736174 0.1910585 0.1247627
vn -0.9911024 0.1106304 -0.07400588
vn -0.9868982 0.1088722 -0.1190743
vn -0.9885765 0.1451268 -0.04067731
vn -0.9703493 0.2193709 0.1014827
vn -0.9280391 0.3235481 0.1845534
vn 0.9308587 -0.3548476 0.08709364
vn 0.9049854 -0.4117314 0.1071383
vn 0.9030167 -0.4272696 0.04473782
vn 0.8373253 -0.5395674 -0.08805335
vn 0.6474608 -0.7281485 -0.2249319
vn 0.7174993 -0.6256385 -0.306221
vn -0.8497357 0.5232911 0.06415242
vn -0.716965 0.6935878 0.06998032
vn -0.7933114 0.5896983 -0.1513702
vn -0.5686004 0.7261203 0.3865784
vn 0.8854835 -0.454627 -0.09608939
vn 0.8224949 -0.508953 -0.2539075
vn 0.9050946 -0.3973331 -0.1514269
vn 0.5832859 -0.7269043 -0.3624744
vn 0.7796117 -0.5615788 -0.2771909
vn -0.9049137 0.4036858 0.1347925
vn -0.7210641 0.5918489 0.3602518
vn -0.7772828 0.5652763 0.2762137
vn 0.3115204 -0.8068925 -0.5018761
vn -0.5137155 0.7927068 0.3281955
vn -0.4078674 0.821308 0.3988699
vn -0.08250097 -0.892612 -0.4432127
vn 0.153863 -0.9068226 -0.3924272
vn -0.9549649 0.2737951 0.1143601
vn -0.9978905 0.05880493 0.02750546
vn -0.9955615 0.09095174 0.02418985
vn -0.9772346 0.2111241 0.02095462
vn -0.9340693 0.3429956 0.09934059
vn -0.9982333 0.03101283 -0.05067973
vn -0.9873006 -0.1342768 -0.08489574
vn -0.9602641 0.2759893 0.04150552
vn -0.7888514 0.5931935 0.1607323
vn -0.2272512 0.7964306 0.5604063
vn 0.5861475 -0.7518065 -0.3020235
vn 0.840115 -0.4692493 -0.2720513
vn 0.6707331 -0.6873372 -0.2787199
vn -0.8113588 0.516592 0.2735501
vn -0.4971291 0.8081974 0.3157208
vn 0.1585459 -0.9201151 -0.3581221
vn 0.2335654 -0.9086328 -0.3461698
vn -0.1022431 -0.9222575 -0.3728102
vn -0.1607458 -0.9296504 -0.3315282
vn -0.9234711 0.3601792 0.132182
vn -0.9947023 0.09490018 0.03951313
vn -0.946492 0.3006273 0.1173715
vn -0.9995998 0.02393643 0.01507671
vn -0.9740428 -0.2132532 -0.07591853
vn -0.9993199 0.03625981 0.006701861
vn -0.9773231 -0.191068 -0.09128346
vn -0.9841857 -0.1668102 -0.05960504
vn -0.9647431 -0.247444 -0.08967879
vn -0.9542576 0.2778979 0.1102961
vn 0.312438 -0.8841789 -0.3472898
vn -0.05599879 -0.9417789 -0.3315368
vn -0.9810042 0.16896 -0.09530607
vn -0.9035218 0.3767391 0.204245
vn -0.8982101 0.3842573 0.2134592
vn -0.8876392 0.4125928 0.2046067
vn -0.87959 0.4145557 0.2333775
vn 0.8368665 -0.542597 0.07240851
vn 0.7337281 -0.6729003 0.09406518
vn -0.6146896 0.7840818 0.08586217
vn -0.6901598 0.7084357 -0.1476429
vn 0.02777067 -0.7527652 -0.6577031
vn 0.2780681 -0.7829027 -0.5565442
vn 0.05485639 -0.6568793 -0.7519975
vn -0.8304068 0.5108732 0.2223357
vn -0.5796022 0.7554858 0.3054545
vn 0.7204098 -0.6330683 -0.2832565
vn 0.8580176 -0.4538788 -0.2404159
vn 0.92125 -0.3545674 -0.1599383
vn -0.9347258 0.3311434 0.1289643
vn -0.979634 0.1930092 -0.05535805
vn -0.9605555 0.2639314 -0.08759803
vn -0.958021 0.265584 0.1079851
vn 0.9424435 -0.3323173 0.03695118
vn -0.9713424 0.1993904 -0.1293728
vn 0.03570597 -0.9971399 -0.06661262
vn -0.2286067 -0.8287472 -0.5108004
vn -0.05802237 -0.8758827 -0.4790228
vn 0.9553179 -0.2763158 0.1049631
vn -0.4737436 -0.6111562 -0.6340782
vn -0.3171414 -0.681121 -0.6599209
vn -0.2661273 0.8111405 -0.5207949
vn -0.3962876 0.5609745 -0.7268176
vn -0.1871755 0.8967937 -0.400907
vn -0.4378491 0.3318209 -0.8355734
vn -0.4744554 -0.4887082 -0.7321587
vn -0.2664482 -0.648482 -0.7130754
vn -0.9076529 0.1728419 -0.3824811
vn -0.835554 0.27407 -0.4761672
vn -0.7911925 0.6080047 -0.0659151
vn 0.363234 -0.8967129 -0.2529169
vn 0.519619 -0.8318133 -0.1951476
vn -0.4923628 0.8680613 -0.06362812
vn 0.5733422 -0.8148336 0.08558621
vn -0.6543926 0.1782376 -0.7348481
vn -0.5612696 0.3215061 -0.7626337
vn -0.4705832 0.2662097 -0.8412395
vn -0.5380607 0.8321003 -0.134535
vn -0.3969853 0.9076823 -0.1360718
vn -0.4577222 0.2460079 -0.8543831
vn 0.09924188 -0.6020963 -0.7922317
vn -0.03604123 -0.5836459 -0.811208
vn 0.1180204 -0.7228199 -0.6808836
vn -0.8260751 -0.4839058 -0.2888514
vn -0.2960877 0.9482377 -0.1147933
vn -0.3491952 0.9365764 -0.02979222
vn -0.2234917 0.9720773 0.07153553
vn 0.2748415 -0.9586642 -0.07365522
vn 0.04627265 -0.7506351 -0.6590948
vn 0.1437909 -0.8132351 -0.5638908
vn 0.9739341 -0.2125808 0.07913146
vn 0.9669457 -0.2538196 0.02432257
vn 0.8591903 -0.4577542 -0.2285892
vn 0.07672487 -0.9896905 -0.1209386
vn -0.5570347 -0.3132201 -0.7691589
vn -0.2423427 0.7704822 0.5895991
vn -0.4316581 0.8662763 0.2514692
vn -0.2552696 0.8013319 0.5410218
vn 0.1855434 -0.9526989 -0.2407037
vn -0.1113281 -0.3546653 -0.9283418
vn -0.1309417 0.9898025 -0.05608351
vn -0.1223913 0.9199086 0.3725434
vn -0.1197564 0.9912614 0.05531161
vn -0.2090929 0.9737829 -0.08959374
vn -0.06211259 0.6255128 0.7777376
vn -0.09308317 0.8423115 0.5308926
vn -0.9183184 0.3468249 0.1907978
vn 0.0654048 -0.9848871 0.1603736
vn 0.06448236 -0.99059 0.1207209
vn 0.1145718 -0.9826798 0.1456488
vn -0.04854842 0.972312 -0.2285878
vn -0.1008007 0.9830863 -0.1529066
vn -0.03125288 0.9869918 -0.1577034
vn -0.028518 0.9914566 -0.1272815
vn -0.1270991 0.9873 -0.09531256
vn -0.08019958 0.9927534 -0.08949159
vn -0.07176027 0.9899145 -0.1221458
vn -0.2676789 -0.7542915 -0.5994934
vn -0.4421372 -0.5294467 -0.7240173
vn -0.3572566 0.6426413 -0.6777757
vn -0.141909 -0.2163385 -0.9659501
vn -0.327943 -0.560549 -0.7604197
vn -0.716241 -0.4030879 -0.5696657
vn 0.004919063 0.3191182 -0.9477022
vn -0.04008314 0.7641094 -0.6438401
vn -0.01556817 0.1189532 -0.9927778
vn 0.06582657 -0.7334586 0.6765392
vn 0.04639061 -0.9253001 0.3763874
vn 0.1165381 -0.9144017 0.3876706
vn -0.4512318 -0.5080833 -0.7336493
vn 0.1147161 -0.9881682 0.101803
vn -0.02376191 -0.994341 -0.1035447
vn -0.3052407 0.6446915 0.7008573
vn -0.2488047 0.7598834 0.6005609
vn -0.1066169 0.4077474 0.9068489
vn -0.1080445 0.3912279 0.9139295
vn -0.007678981 0.03207035 0.9994561
vn -0.09372839 0.1808071 -0.9790422
vn -0.1202313 0.2804374 -0.9523126
vn -0.1809659 0.4861089 -0.8549558
vn -0.303524 0.9527377 -0.01280891
vn -0.398095 0.8335364 0.3830631
vn -0.3702399 0.9288697 -0.01111613
vn -0.302137 0.9532393 -0.006924073
vn -0.4007155 0.9161974 -0.003077549
vn -0.2782041 0.9252914 -0.2577564
vn -0.148406 0.8497632 -0.5058441
vn -0.403887 0.9062024 -0.1251904
vn 0.1691696 -0.2467521 0.9541986
vn -0.01866432 0.01282048 -0.9997436
vn -0.04347263 0.102092 -0.9938247
vn -0.06952729 0.04712139 -0.9964665
vn -0.01566068 0.0875924 -0.9960333
vn -0.003543965 -0.1015536 0.9948238
vn 0.01823805 -0.2517513 0.9676201
vn 0.0211958 -0.5106977 0.859499
vn 0.01737326 -0.7559739 0.6543713
vn -0.02272942 0.9592467 -0.2816544
vn 0.001851782 0.9606001 -0.2779281
vn 0.02528965 -0.9874155 0.1561127
vn -0.07563467 0.9893099 -0.1246808
vn -0.2281895 0.9293426 -0.2902618
vn -0.1466968 0.9708878 -0.1893591
vn -0.2433022 0.9100703 -0.3355235
vn -0.5394887 -0.478647 -0.6927113
vn -0.2584898 -0.8562714 -0.4471936
vn -0.473766 0.5820018 -0.6609234
vn -0.7154446 0.2342988 -0.658212
vn -0.2415509 0.6099685 -0.7547129
vn -0.9090482 0.1502203 -0.3886711
vn -0.6056562 -0.03148723 -0.7951033
vn -0.2071756 -0.008758518 -0.9782646
vn -0.9455081 0.03698171 -0.3234916
vn 0.02316735 -0.9929463 0.1162801
vn 0.03794316 -0.9942588 0.1000495
vn -0.09875023 -0.9886903 -0.1128713
vn -0.2087311 -0.8359113 -0.5076256
vn -0.3649789 -0.8101459 -0.4587528
vn -0.0777317 -0.3563285 -0.9311218
vn -0.06775942 0.8832846 -0.4639148
vn -0.5264292 0.8377397 -0.1451361
vn -0.4915034 0.8258336 -0.2764474
vn -0.3767291 0.1862035 -0.9074157
vn -0.875437 0.2565545 -0.4096217
vn -0.3229642 0.2040564 -0.924151
vn 0.2244636 0.002248623 -0.9744799
vn 0.002247168 0.3210806 0.9470493
vn -0.01152051 0.1429435 0.9896638
vn -0.0034456 -0.9925955 0.1214183
vn -0.988351 0.1271323 -0.08366333
vn -0.953896 0.09976459 -0.283071
vn -0.1689195 0.9183834 -0.3578245
vn 0.06224578 0.9120331 -0.4053653
vn 0.2415026 0.3788135 -0.8934075
vn -0.08075821 0.7216991 -0.6874799
vn -0.8963813 0.06679105 -0.4382231
vn -0.0367214 0.3184697 -0.9472215
vn -0.04342948 0.30936 -0.9499527
vn 0.02969551 0.1275969 -0.9913815
vn 0.06497777 -0.4826711 0.8733879
vn 0.05671566 -0.2682847 0.9616687
vn 0.2855507 0.9582431 0.01520249
vn 0.3235953 0.9348562 -0.1460479
vn 0.001223239 0.1407067 -0.9900506
vn 0.003625092 -0.3182544 -0.9479984
vn 0.00916052 0.2954076 -0.9553275
vn 0.001847702 -0.7529814 0.6580393
vn -0.001172547 -0.9452999 0.3262002
vn -0.2909226 0.4576046 -0.8402155
vn -0.5058855 0.8094263 0.2981759
vn -0.5209119 0.8536078 -0.002090146
vn -0.1748236 0.2505961 -0.9521756
vn -0.3593846 0.4869988 -0.796037
vn 0.2576068 -0.3698235 -0.8926753
vn -0.001914123 -0.002123128 0.9999959
vn -0.4456177 0.6725578 0.5908391
vn -0.5678191 0.7510189 0.3369749
vn 0.005257407 -0.6013446 -0.7989725
vn 0.2021118 -0.9758583 0.0827735
vn 0.188716 -0.9750718 0.1167101
vn -0.296031 0.387002 -0.8732669
vn -0.2106193 0.9696028 -0.1245392
vn -0.1821663 0.9611882 -0.207202
vn 0.431402 -0.1017178 0.8964071
vn 0.9127538 -0.1786123 0.3673938
vn 0.7003363 -0.1085943 0.7055044
vn 0.4094494 -0.1877218 0.8928112
vn -0.3535162 0.1283071 -0.926587
vn -0.7445104 0.3349419 -0.5775104
vn -0.2627439 0.1196427 -0.9574191
vn -0.3258808 0.06884289 -0.942901
vn 0.9489028 -0.1942809 0.2486733
vn -0.1504966 0.1857809 -0.9709976
vn 0.6758078 -0.331251 0.6584502
vn 0.6957669 -0.1936699 0.6916649
vn -0.9537318 0.2613589 -0.1486174
vn -0.9299315 0.3455642 -0.1257488
vn 0.9605302 -0.2232167 0.166
vn 0.9442367 -0.2804381 0.1725445
vn -0.6989943 0.7151166 -0.003917956
vn -0.6296927 0.77684 0.002576634
vn -0.940091 0.2764144 -0.1995594
vn -0.8901168 0.400469 -0.2175242
vn -0.8508754 0.2784832 -0.4454865
vn -0.9294567 0.3288461 -0.1672435
vn -0.4408131 0.5272601 0.7264163
vn -0.9795184 0.1401781 -0.1445469
vn 0.9254326 -0.3376748 0.1719014
vn -0.964905 0.1919315 -0.1792224
vn -0.9541906 0.1890999 -0.2318652
vn 0.9254435 -0.2291042 0.3017709
vn 0.8840923 -0.3319466 0.3289261
vn 0.9008481 -0.3523199 0.2536603
vn 0.8196824 -0.177883 0.5444983
vn -0.7922678 0.2053687 -0.5745742
vn 0.7981513 -0.2817459 0.5325165
vn 0.9354498 -0.2618168 0.2374568
vn 0.802433 -0.5178272 0.2965743
vn 0.8284295 -0.5034771 0.2453884
vn -0.8916355 0.4194508 -0.1704326
vn 0.8109548 -0.5556241 0.1833966
vn 0.8914945 -0.4137523 0.1845169
vn 0.7011507 -0.699336 0.138985
vn 0.8414901 -0.5243062 0.1303736
vn 0.2959898 -0.9457236 0.1341526
vn 0.3531222 -0.931734 0.08471379
vn 0.4563437 -0.8811712 0.1236442
vn 0.5760008 -0.8002717 0.166698
vn 0.4117916 -0.8944334 0.1744035
vn 0.6946177 -0.6843199 0.2218387
vn 0.5082642 -0.8329549 0.2187547
vn 0.651423 -0.7105241 0.2660893
vn 0.173233 -0.4572039 0.8723273
vn 0.2851092 -0.6664646 0.6888671
vn 0.3821093 -0.4951081 0.7802951
vn 0.2844229 -0.8745112 0.3928533
vn 0.4680972 -0.728548 0.5001028
vn 0.5837441 -0.4461164 0.6783974
vn 0.6413649 -0.6099074 0.4654719
vn -0.5586601 0.8130913 -0.1636504
vn -0.7230393 0.6665282 -0.181533
vn -0.6044158 0.6060896 -0.5170464
vn -0.2111188 0.3530981 -0.9114553
vn -0.5178622 0.7152625 -0.4692743
vn -0.3593825 0.8067548 -0.469032
vn 0.7783399 -0.4558989 0.4316747
vn -0.8173981 0.5356203 -0.2120643
vn -0.2794692 0.2143076 -0.9359323
vn 0.3264422 -0.259186 0.9089874
vn -0.8667583 0.4783759 -0.1410196
vn -0.02104323 0.1696373 -0.9852819
vn -0.3019384 0.94063 -0.1550758
vn -0.2507561 0.7914718 -0.5573991
vn 0.155257 -0.741027 0.6532797
vn -0.1148624 0.4198642 -0.9002892
vn 0.1831315 -0.9369631 0.2975953
vn 0.1862105 -0.9699432 0.156639
vn -0.8977985 -0.07401994 0.4341415
vn -0.7207123 -0.08020583 0.6885788
vn -0.7503184 -0.0358176 0.6601056
vn 0.9598442 0.03944543 -0.2777465
vn 0.8772205 0.04859867 -0.4776218
vn 0.9680319 0.08441906 -0.236194
vn 0.3307306 0.02714317 -0.9433348
vn 0.1968174 0.01037204 -0.9803853
vn 0.08980487 0.0255892 -0.9956306
vn 0.5358853 0.05784489 -0.8423069
vn 0.04215838 -0.00110835 -0.9991103
vn -0.5109251 -0.03498836 0.8589129
vn -0.4896084 -0.07768217 0.8684752
vn -0.2282059 -0.01084802 0.9735525
vn 0.8809658 0.4731373 0.006355993
vn 0.9094902 0.4157251 -0.0005881176
vn 0.8232593 0.3864225 0.4158387
vn 0.229252 0.122843 -0.9655843
vn 0.4764193 0.2867724 -0.8311356
vn 0.2194207 0.1462658 -0.964604
vn 0.6285697 0.2591507 -0.7333083
vn 0.8633362 0.5046162 -0.0036199
vn 0.8217031 0.5699087 -0.00284547
vn 0.8127102 0.5825551 -0.01147841
vn 0.9904179 0.05287898 -0.1275778
vn 0.9959469 0.03701677 -0.08197216
vn 0.9966738 0.01648723 -0.07980839
vn -0.9700321 -0.04140776 0.2394225
vn -0.9678993 -0.08524711 0.2364399
vn 0.9796676 0.02372254 -0.1992201
vn 0.9781761 0.06731071 -0.1965732
vn -0.9796186 -0.0232771 0.1995132
vn -0.9769327 -0.08169982 0.1973012
vn 0.9937077 0.07249448 -0.08537938
vn -0.9885262 -0.06853969 0.1346044
vn -0.9828924 -0.09134071 0.1599357
vn -0.9848889 -0.04216214 0.1679772
vn -0.9930027 -0.03542895 0.1126518
vn -0.9923681 -0.06938861 0.1019349
vn -0.8995041 -0.02191276 0.4363624
vn 0.191042 0.06793622 -0.9792281
vn 0.800881 0.5988236 0.0002019404
vn 0.7528269 0.6580131 -0.01644353
vn 0.9460882 0.1784742 -0.2703037
vn 0.9530155 0.1296074 -0.2737944
vn 0.9850287 0.05622391 -0.1629637
vn 0.9392614 0.03554152 -0.3413573
vn -0.9936517 -0.01451309 0.1115595
vn -0.9866959 -0.01174077 0.1621522
vn 0.4484305 0.3338213 -0.8291402
vn 0.2302295 0.1978536 -0.9528107
vn -0.01555182 0.0006034306 0.9998789
vn -0.1930795 -0.02296958 0.9809142
vn -0.001426851 0.0007028262 0.9999987
vn 0.4077901 0.4175657 0.8120012
vn 0.520075 0.4410542 0.7314323
vn 0.5111815 0.3990242 0.7612313
vn 0.4531096 0.4115035 0.7907948
vn 0.7733623 0.633821 0.01347537
vn 0.577339 0.3960957 0.7139943
vn 0.449206 0.4118742 -0.7928264
vn 0.3704626 0.3844349 -0.8455574
vn 0.3861248 0.3805361 -0.8402975
vn 0.1814926 0.1903413 -0.9647956
vn 0.5920913 0.1231992 0.796398
vn 0.5970997 0.1439017 0.7891542
vn 0.5875608 0.1306659 0.7985604
vn -0.3046481 0.03406345 0.9518557
vn 0.9723682 0.1231577 -0.1983238
vn -0.5029863 0.001076756 0.8642938
vn 0.935227 0.1473697 -0.3219202
vn 0.7480966 0.1110372 -0.6542339
vn 0.8877926 0.0706474 -0.4547894
vn 0.8834717 0.026702 -0.4677228
vn 0.9909793 0.1300607 0.03231448
vn 0.727288 0.2585733 0.635761
vn 0.6205111 0.287995 0.7294004
vn 0.7377164 0.2483997 0.6277516
vn 0.9787675 0.124352 -0.1629443
vn 0.9840574 0.1210558 -0.130294
vn 0.5948882 0.2172322 -0.7738981
vn 0.6763083 0.1975941 -0.7096221
vn 0.9520245 0.3060092 -0.002796776
vn -0.98264 -0.1311495 0.1312196
vn 0.9565908 0.2914115 0.003673463
vn 0.01389907 0.002420329 -0.9999005
vn 0.5842144 0.3624415 0.7261747
vn 0.8158965 0.4502518 0.3627483
vn -0.995272 -0.06748369 0.06985308
vn -0.9905838 -0.1068183 0.08563587
vn -0.9938922 -0.1064055 0.02926107
vn 0.9908852 0.107515 -0.08116143
vn 0.9953071 0.09370087 -0.02416605
vn 0.9996431 0.01644664 -0.02105246
vn 0.9999642 -0.008450344 -0.0003728685
vn 0.999447 0.02148041 0.02538256
vn 0.9969263 0.03933045 0.06775758
vn 0.9975587 0.06486244 0.02587341
vn 0.974758 0.1935471 0.1112939
vn 0.9982554 0.04603149 -0.03697834
vn -0.997923 -0.03396428 0.05473648
vn 0.9767263 0.1944043 0.09062475
vn 0.998924 0.04636888 0.0009020367
vn -0.9855441 -0.1426227 -0.09144115
vn -0.9409413 -0.2977529 -0.1611602
vn -0.9766647 -0.1952834 -0.08939005
vn -0.9972386 -0.03676469 -0.064525
vn -0.997576 -0.06892407 -0.009567627
vn -0.9991932 -0.04013501 0.001410093
vn -0.9968593 -0.0692473 0.03842376
vn -0.9994624 -0.01912448 -0.02662995
vn -0.9998087 -0.01114844 0.01607305
vn 0.9346556 0.1135931 -0.3369207
vn 0.004914257 -0.1486002 -0.9888852
vn 0.09906141 -0.4200487 -0.9020786
vn -0.03191751 -0.6426613 -0.7654853
vn 0.1500941 0.9699461 0.1915104
vn 0.1125391 0.7266995 0.6776747
vn 0.1509716 0.9805115 0.125717
vn 0.1488433 0.9389374 0.3102295
vn 0.029985 0.6048795 0.7957522
vn 0.002714102 0.7502519 0.6611465
vn -0.06797791 -0.7820394 -0.6195105
vn -0.1905669 -0.9715602 -0.1405523
vn 0.04176028 -0.8826657 -0.4681426
vn -0.07634091 -0.9937941 -0.08090317
vn 0.9842992 0.1539753 -0.08629388
vn 0.9885644 0.1459677 -0.03786651
vn 0.01769415 -0.7420405 -0.6701216
vn -0.001133357 -0.7821125 -0.6231363
vn 0.2579285 -0.6313422 -0.7313549
vn -0.5646331 -0.8253038 0.007942388
vn -0.6334532 -0.7668142 -0.1036001
vn -0.2885435 -0.8157434 -0.5013035
vn -0.4929239 -0.7534035 -0.4352117
vn -0.04362544 -0.672993 -0.7383611
vn -0.9874154 -0.1500396 0.0499884
vn -0.9829717 -0.1791485 -0.04089521
vn -0.9129972 -0.3516697 -0.2067958
vn -0.9425237 -0.2987379 -0.1496822
vn 0.1501485 -0.5043136 -0.8503665
vn 0.7197501 0.6942118 0.005452336
vn 0.7034903 0.7082546 -0.05896474
vn 0.8534597 0.5150939 0.07927646
vn -0.4607041 -0.8847819 0.07009082
vn -0.444316 -0.8851489 0.1381836
vn 0.5583796 0.6700955 -0.4890646
vn 0.6915916 0.1584553 -0.7046937
vn 0.7166067 -0.0004197535 -0.6974773
vn -0.04484659 -0.6292263 -0.7759272
vn -0.001801701 -0.6423536 -0.7664063
vn 0.6527357 0.7456892 -0.1337301
vn 0.4738525 0.873746 -0.1096899
vn 0.6553168 0.7407163 -0.1479839
vn 0.4710078 0.8413548 -0.2650918
vn 0.3319206 0.9036843 -0.2705245
vn -0.05631694 -0.7003607 -0.7115641
vn -0.2487441 -0.936026 -0.2489611
vn 0.02855993 -0.1287816 -0.9912616
vn 0.2445314 0.7427477 -0.6233219
vn 0.3086325 0.6393248 -0.7042795
vn 0.3496352 0.6962604 -0.6268785
vn -0.7869554 -0.6145122 -0.05546148
vn -0.7334186 -0.6626386 0.1516813
vn -0.8745828 -0.4640285 0.14065
vn -0.22543 -0.9052266 -0.3602027
vn -0.703472 -0.6574636 -0.2699421
vn -0.840139 -0.4945455 -0.2226911
vn -0.8831618 -0.4079995 -0.2314343
vn -0.7609255 -0.594045 -0.2609653
vn -0.804704 -0.5235008 -0.2799972
vn -0.7418287 -0.6285039 -0.2338226
vn -0.1662198 -0.9205449 -0.353508
vn 0.009012409 -0.940207 -0.3404844
vn 0.1653367 -0.9199426 -0.3554848
vn 0.9712881 0.2202295 0.0899903
vn 0.9997017 -0.01080046 0.02190731
vn 0.9970147 -0.06461893 -0.04226211
vn 0.1257781 -0.9272265 -0.3527476
vn 0.9991906 0.0161633 -0.03683672
vn 0.3810216 0.8618236 0.3347872
vn 0.6759685 0.684705 0.2724803
vn 0.6358526 0.7149544 0.290743
vn 0.9997417 -0.01764088 -0.01432467
vn 0.9791423 -0.1996339 -0.03776994
vn 0.9973243 -0.07307944 -0.001922906
vn -0.9685152 -0.246849 -0.03231051
vn -0.8992569 -0.3952548 -0.1873785
vn -0.9331155 -0.3576349 -0.03731782
vn -0.9721656 -0.2217025 0.07577603
vn -0.7919143 -0.55506 -0.2545196
vn -0.8820636 -0.4708021 -0.01758564
vn -0.5327674 -0.7349999 -0.4194449
vn -0.4174813 -0.8450415 -0.3340872
vn 0.7840164 0.5907927 0.1904787
vn 0.6430424 0.6521295 0.4015267
vn 0.6075945 0.6891666 0.3948143
vn 0.8448352 0.4695597 0.2564511
vn 0.9154266 0.3755646 0.1447253
vn -0.1175335 -0.8228346 -0.5559937
vn -0.1657062 -0.8954314 -0.413212
vn 0.1706994 -0.9046869 -0.3903886
vn -0.04175832 -0.9980613 -0.04615152
vn 0.06154724 -0.7991363 -0.5979909
vn 0.948348 0.3158964 0.02907753
vn 0.7436606 0.4747202 0.4707542
vn 0.8369036 0.5259898 0.1514172
vn 0.008075841 -0.9390434 -0.3437037
vn 0.03585666 -0.9081379 -0.4171329
vn 0.9974189 0.04230439 0.05801568
vn 0.9819716 -0.07147662 -0.1749938
vn 0.4036387 0.8221775 0.4013727
vn 0.2063006 -0.6470798 -0.7339808
vn 0.3989101 -0.5130072 -0.760062
vn 0.3985229 -0.5658328 -0.7218121
vn 0.129969 0.9876685 -0.08728687
vn 0.1385777 0.9896198 -0.03806368
vn 0.4314036 -0.5271124 -0.7321498
vn -0.9467363 -0.299874 0.1173277
vn 0.885514 0.440091 0.1489456
vn 0.8984916 0.4276482 -0.09914608
vn 0.8069223 0.5725955 -0.1449513
vn 0.7079472 0.6909485 0.1462905
vn 0.9785772 0.1010224 -0.1793911
vn -0.8384162 -0.4814106 -0.2555428
vn 0.8896221 0.4050406 0.2109847
vn 0.7844595 0.5728526 0.2376201
vn 0.8988099 0.3804356 0.2177372
vn 0.9692936 0.234738 0.07326687
vn 0.9543198 0.272875 0.1217088
vn 0.4973391 0.805433 0.322384
vn 0.7124997 0.6455589 0.2749506
vn 0.9716854 0.2140065 0.1001436
vn 0.9498276 0.292384 0.1110819
vn 0.9190511 0.3393566 0.2004547
vn 0.4710033 0.8200521 0.32507
vn 0.4315268 0.05951518 -0.9001347
vn 0.4340027 -0.04079915 -0.8999873
vn 0.9777303 0.199609 -0.06480439
vn -0.9838839 -0.1530792 0.09240762
vn -0.9724056 -0.1997747 0.1204888
vn 0.3074299 0.7112477 -0.6321499
vn 0.03791951 0.7963974 -0.6035837
vn 0.02928972 0.9625778 -0.2694183
vn 0.07109499 0.979655 -0.1876747
vn -0.01738556 -0.4186506 0.907981
vn -0.06484711 -0.7213953 0.6894807
vn -0.02386151 -0.7578726 0.6519661
vn -0.05654877 -0.9185061 0.3913422
vn -0.07330866 -0.984398 0.1599574
vn -0.02906268 -0.9871903 0.1568776
vn 0.0151432 0.08773141 -0.9960291
vn 0.0300981 0.1709176 -0.9848255
vn -0.04626191 -0.1276682 0.9907374
vn -0.06964101 -0.3737794 0.9248995
vn 0.07376157 0.309088 -0.9481686
vn 0.03627494 0.2491619 -0.9677822
vn -0.0005410352 0.0004450756 0.9999998
vn 0.2941959 -0.6321869 -0.7167905
vn 0.3378671 -0.4284673 -0.8380105
vn 0.07973789 0.9921594 -0.0962378
vn 0.09879014 0.9918078 -0.08098058
vn 0.3480855 0.4561326 -0.8190113
vn 0.2080415 0.07672123 -0.9751064
vn 0.09938814 0.2967734 -0.9497618
vn 0.2143052 0.5748732 -0.7896797
vn 0.1323704 0.3192752 -0.9383717
vn 0.3078128 0.6300378 -0.7129542
vn 0.2754909 0.9612593 -0.009243021
vn 0.3356397 0.9419882 -0.002112795
vn 0.3845665 0.9230923 -0.00306144
vn -0.1358193 -0.9778411 0.1593103
vn -0.1299966 -0.9839758 0.122035
vn -0.07086065 -0.9896721 0.1246108
vn 0.1515337 0.9673374 -0.2032138
vn 0.1226118 0.9845916 -0.1246826
vn 0.1720143 0.6343044 -0.7537036
vn 0.1526417 0.9882721 -0.004331974
vn 0.2491158 0.9683897 -0.01275336
vn 0.1603508 0.9870585 0.001809398
vn -0.110993 -0.7654852 0.6338083
vn -0.09425615 -0.9399399 0.3280684
vn 0.03108789 0.3555969 -0.9341223
vn 0.103944 0.83872 -0.5345507
vn -0.04380857 -0.46457 0.8844521
vn 0.2469909 0.6532188 0.7157518
vn 0.2202538 0.6544486 0.7233155
vn 0.2432993 0.6206458 0.7453886
vn 0.1822668 0.6530208 0.7350801
vn 0.08145951 0.7480022 0.6586782
vn 0.1226607 0.7537569 0.6456044
vn -0.02630181 -0.9923699 0.1204587
vn 0.02875813 0.9875741 -0.1545006
vn 0.02861602 0.9920123 -0.122853
vn 0.02341539 -0.9997258 0.0004670353
vn 0.1021306 -0.4484048 -0.8879766
vn -0.001375165 0.0620166 -0.9980742
vn 0.00155151 0.9886465 -0.1502521
vn -0.001956955 -0.4020824 0.9156014
vn -0.0180054 -0.9407652 0.3385804
vn -0.002100025 -0.9882297 0.1529629
vn 0.01250719 0.9419068 -0.3356415
vn 0.225612 0.3418864 -0.912257
vn 0.1381164 0.2197255 -0.9657353
vn 0.3530238 0.4631435 -0.8129405
vn 0.140135 0.2083277 -0.9679679
vn -0.003639139 0.9033977 -0.4287883
vn 0.5938129 0.8045965 -0.003275479
vn 0.4779234 0.8783084 -0.01278834
vn 0.503975 0.8600832 -0.07915835
vn 0.4670554 0.884228 0.0002354136
vn 0.5458571 0.8370079 0.03818095
vn 0.2688933 0.5248845 -0.8075845
vn 0.4076534 0.9131165 0.006075384
vn 0.4274867 0.5659152 0.7049788
vn 0.3723195 0.5672993 0.7345405
vn 0.4269098 0.5727428 0.6997955
vn 0.3264216 0.5566117 0.7639583
vn 0.3154215 0.5989687 0.7360339
vn 0.2659066 0.5811139 0.7691557
vn 0.1560335 -0.9138509 -0.3748734
vn -0.0235459 -0.9993564 -0.02706481
vn 0.1251107 0.3252067 -0.9373302
vn 0.09744729 0.5197273 -0.8487565
vn 0.09452916 0.995522 7.364286e-05
vn 0.2566069 0.3316351 -0.9078387
vn 0.1656341 0.963951 -0.2082397
vn 0.05025062 0.7731622 0.6322144
vn 0.854268 0.4481012 0.2634985
vn 0.7787315 0.3038054 0.5488892
vn 0.841854 0.4772029 0.2521095
vn 0.1830492 0.3392222 -0.9227249
vn 0.1367796 0.04403987 -0.9896221
vn 0.2449184 0.1156982 -0.9626157
vn 0.265151 -0.113513 -0.9575018
vn 0.8502491 0.1771542 -0.4956742
vn 0.5847875 -0.6781963 -0.4450543
vn 0.9211243 0.1126808 -0.3726031
vn 0.4524818 -0.6220108 -0.6390327
vn 0.8920959 -0.2409962 -0.3822117
vn 0.05257079 0.9926001 -0.1094585
vn 0.07314502 0.9900202 -0.1204568
vn 0.07646605 0.9897262 -0.1208088
vn 0.3775691 0.2600602 -0.8887127
vn 0.3787987 0.2488273 -0.8914014
vn 0.1278244 -0.9852293 -0.1139475
vn 0.09906538 -0.9908726 -0.09141878
vn 0.7622459 0.5086941 -0.4002642
vn 0.9197488 0.3898407 0.04567805
vn 0.9808444 0.1821503 -0.06903294
vn 0.531718 0.08955887 -0.8421729
vn -0.0003011145 0.0137617 0.9999053
vn 0.8597277 0.4934781 0.13171
vn -0.07400352 0.826184 -0.558519
vn -0.2760058 0.8459629 0.4562539
vn -0.9552076 -0.2514414 0.1560625
vn 0.4027244 0.1479096 -0.9032916
vn 0.6956791 0.3258593 -0.6401923
vn -0.3086264 -0.09174923 0.9467481
vn -0.7287639 -0.2659346 0.6310166
vn -0.3293529 -0.1732089 0.9281839
vn -0.8881279 -0.2687607 0.3728223
vn -0.9305844 -0.284614 0.2302336
vn -0.8900079 -0.4005936 0.2177402
vn 0.9532581 0.2025989 -0.2241713
vn 0.9637576 0.1971622 -0.1797171
vn -0.9247006 -0.3421129 0.1669957
vn -0.9376512 -0.285931 0.1976204
vn 0.4156349 0.4959427 0.7624228
vn 0.9695216 0.2078108 -0.1297782
vn 0.9292392 0.3154339 -0.1923956
vn 0.9417149 0.3062569 -0.1392115
vn -0.960864 -0.1959692 0.1957968
vn 0.9218144 0.3126581 -0.2291353
vn -0.8801277 -0.1386503 0.4540391
vn -0.755155 -0.1713404 0.6327586
vn 0.6634573 0.7481071 -0.01265642
vn 0.6100781 0.7923245 -0.005151096
vn 0.6740501 0.7386357 -0.008591946
vn -0.0002178319 0.0002371102 0.9999999
vn 0.5264029 0.1408085 -0.8384945
vn 0.2200369 0.05395129 -0.9739985
vn 0.383931 0.1085497 -0.916959
vn 0.5238718 0.02296634 -0.8514875
vn -0.9510534 -0.1946368 0.2400289
vn -0.9650363 -0.1316326 0.2266668
vn -0.8091773 -0.4426731 0.3863582
vn 0.8661681 0.4522374 -0.2126828
vn -0.7600603 -0.6205227 0.1930283
vn -0.7399365 -0.5782624 0.3436664
vn -0.6419852 -0.3371484 0.6886116
vn 0.1263376 0.4794492 -0.8684281
vn 0.2131601 0.8820373 -0.4202058
vn 0.2872951 0.8056422 -0.5180756
vn 0.09358947 0.2183935 -0.9713626
vn -0.1973085 -0.9184554 0.3427959
vn -0.2180822 -0.9668012 0.1331754
vn 0.6626708 0.728074 -0.1754302
vn 0.4736727 0.8685788 -0.1456195
vn -0.1878036 -0.3530012 0.9165806
vn -0.263165 -0.2370145 0.9351836
vn -0.8281322 -0.5304957 0.1810286
vn 0.8896524 0.4309152 -0.1510979
vn -0.5774395 -0.4862947 0.6558058
vn -0.6126263 -0.7091312 0.3490299
vn -0.4338809 -0.6723465 0.5997478
vn -0.8887953 -0.4268852 0.1667693
vn 0.2684891 0.5193858 -0.8112657
vn 0.5050264 0.7821817 -0.3648838
vn 0.4989815 0.5572166 -0.6637221
vn 0.1541294 0.1488589 -0.9767729
vn 0.6024733 0.5166292 -0.6083751
vn 0.4350619 0.2745901 -0.8575089
vn 0.6395676 0.739624 -0.2095465
vn 0.7791348 0.5927105 -0.2040666
vn 0.7809843 0.4837022 -0.3950895
vn -0.4660939 -0.8655683 0.1831612
vn -0.3075024 -0.9387712 0.1554053
vn -0.2790591 -0.9543172 0.1067927
vn 0.2974232 0.9446445 -0.1385147
vn 0.1884329 0.9728922 -0.1340662
vn 0.211154 0.9732676 -0.09035625
vn -0.1729492 -0.9805813 0.09246023
vn 0.4564345 0.8707654 -0.1828525
vn -0.3625057 -0.8443166 0.3946125
vn -0.2044633 -0.7241179 0.6586714
vn -0.6146142 -0.7705893 0.1686463
vn 0.3295671 0.9390392 -0.09793253
vn -0.3803828 -0.9177633 0.1141031
vn -0.8360888 0.3793554 0.3962891
vn -0.8118879 0.3412607 0.4736868
vn -0.7921188 0.3991125 0.4617975
vn 0.8276358 -0.3618453 -0.4290534
vn 0.7604653 -0.4034238 -0.5088631
vn 0.7511567 -0.341474 -0.5649418
vn -0.9384985 0.2022955 0.2798163
vn -0.8629463 0.3884411 0.3231672
vn 0.9759177 -0.02271491 -0.2169528
vn 0.9899619 -0.05499858 -0.1301944
vn 0.9896845 -0.02615221 -0.1408571
vn 0.9801567 -0.05013326 -0.1917796
vn 0.9653411 -0.03906427 -0.2580513
vn 0.9518898 -0.1827992 -0.2459477
vn 0.9895345 -0.09449425 -0.1090518
vn 0.9625655 -0.1990327 -0.1839934
vn 0.8974105 -0.03563064 -0.4397553
vn -0.9967871 0.01495087 0.07868853
vn 0.9131329 -0.1805624 -0.3654936
vn -0.9914066 0.02667188 0.1280687
vn -0.9643897 0.1964088 0.1771328
vn -0.9955128 0.03611317 0.08746522
vn 0.9284958 -0.06438287 -0.365719
vn 0.824606 -0.2438208 -0.5104669
vn 0.8354004 -0.1384183 -0.5319272
vn -0.9942922 0.009061725 0.1063065
vn 0.8684122 -0.3669112 -0.3335215
vn 0.886268 -0.3781012 -0.2675231
vn -0.5616432 0.7177616 0.4115522
vn -0.5751266 0.7137855 0.3996745
vn -0.825486 0.452382 0.3375252
vn 0.759603 -0.5233038 -0.3862077
vn 0.6776643 -0.5724843 -0.4615548
vn -0.8201583 0.4048923 0.404231
vn -0.8940433 0.3599242 0.2667233
vn -0.6348606 0.6819081 0.3632539
vn 0.8930779 -0.3917065 -0.2213098
vn -0.9046199 0.3615327 0.2257364
vn -0.8863701 0.399877 0.2333374
vn 0.8462309 -0.4655876 -0.2590782
vn -0.6596384 0.5472619 0.5151521
vn 0.7268342 -0.3689186 -0.5793197
vn -0.6801413 0.6644318 0.3097389
vn -0.1731278 -0.9370956 -0.3031147
vn 0.1043014 -0.9233434 -0.3695377
vn 0.2231873 -0.8670201 -0.4454923
vn -0.9188163 0.2090133 0.3347985
vn -0.923502 -0.2298175 0.3071285
vn -0.9279116 -0.3538054 0.1174807
vn 0.03338064 -0.905525 -0.4229778
vn 0.4515654 -0.77999 -0.4332484
vn 0.3127902 -0.8668297 -0.3882893
vn -0.656877 -0.7539958 -0.00169176
vn -0.9073576 -0.4183696 0.04085606
vn -0.9755206 -0.1326104 0.1754252
vn -0.9728777 -0.1608399 0.1662515
vn 0.04225453 -0.9439972 -0.3272366
vn 0.3386662 -0.8534978 -0.3960387
vn -0.9940775 0.04647247 0.09823497
vn -0.9889617 -0.07873634 0.1255207
vn -0.9966502 0.04055738 0.07101659
vn -0.9850871 0.07702051 0.1538545
vn -0.9387895 0.254652 0.2320056
vn -0.409731 0.8339441 0.3696723
vn -0.348691 0.8339488 0.4277194
vn -0.8990682 0.3961648 0.1863597
vn -0.9952314 0.05904245 0.07764365
vn -0.9455787 0.3000074 0.1260022
vn -0.9993686 -0.008801582 0.03442314
vn -0.9524457 -0.2939696 -0.08018143
vn -0.972885 -0.2247396 -0.05465225
vn 0.7035719 -0.6378725 -0.3132177
vn 0.7119538 -0.6011291 -0.3629954
vn 0.6509959 -0.664822 -0.3663551
vn 0.3981486 -0.847211 -0.3517262
vn -0.6638224 0.6725484 0.327137
vn -0.3873717 0.8479071 0.3619346
vn -0.8174223 0.1572015 0.5541736
vn -0.8719354 0.09984092 0.4793334
vn -0.6537868 0.5249032 0.5450135
vn 0.3714713 -0.7801674 -0.5033368
vn 0.1322298 -0.8908454 -0.4346374
vn 0.04833967 -0.9324148 -0.3581423
vn -0.1225263 -0.9438582 -0.3067881
vn 0.1729807 -0.8858361 -0.4305486
vn -0.9158527 0.07690442 0.3940805
vn -0.8980129 0.0004005728 0.439969
vn -0.9264758 -0.1229829 0.3556935
vn -0.8975314 0.1488861 0.4150546
vn -0.4472661 0.8109515 0.3772408
vn -0.1289508 -0.9304415 -0.3430018
vn 0.3289303 -0.855482 -0.3999442
vn -0.816331 -0.5772918 -0.01838135
vn -0.4614936 0.7775756 0.427083
vn -0.6270633 0.6241894 0.4660248
vn -0.3977152 0.8268387 0.3976939
vn -0.545619 0.6616411 0.5143257
vn 0.4907354 -0.7219369 -0.4878379
vn 0.692007 -0.4976439 -0.5229501
vn 0.436352 -0.8303144 -0.3466625
vn -0.8125963 0.4362314 0.3865092
vn -0.9559252 0.07126886 0.2848293
vn -0.24016 0.8812587 0.4070703
vn -0.3814593 0.8013883 0.4607229
vn -0.6652858 0.5888152 0.4590114
vn 0.6445808 -0.3130475 -0.6975076
vn 0.6827996 -0.3233536 -0.6551543
vn 0.5149026 -0.4996594 -0.6965744
vn -0.6204098 0.1498558 0.7698278
vn -0.6039806 0.3206769 0.7296394
vn -0.6458172 0.3440025 0.6816029
vn -0.6853699 0.3659338 0.6295717
vn -0.5704918 0.5649438 0.5961357
vn 0.6548126 -0.2443309 -0.7152084
vn -0.7282909 0.3920808 0.5620188
vn -0.7148281 0.1621468 0.6802419
vn -0.7377558 0.3163411 0.5963596
vn 0.7140552 -0.3118308 -0.6268067
vn 0.7057572 -0.2295075 -0.6702485
vn 0.7481503 -0.2295026 -0.622575
vn -0.7700526 0.3632296 0.5244837
vn 0.6717461 -0.1020659 -0.7337164
vn 0.6142491 -0.1776983 -0.7688441
vn 0.6167524 -0.1032709 -0.7803534
vn 0.6856636 -0.1611176 -0.7098637
vn -0.6645859 0.1626251 0.7293001
vn -0.6727741 0.01449801 0.7397059
vn 0.7541997 -0.1377046 -0.6420438
vn 0.7348284 -0.09744894 -0.671216
vn -0.766672 0.1337616 0.6279505
vn -0.626455 0.009373403 0.7794013
vn 0.6763382 -0.04294915 -0.735338
vn 0.7791231 -0.03178104 -0.6260648
vn 0.7262735 -0.04284493 -0.6860693
vn -0.7148041 0.3422391 0.6098587
vn 0.6200095 -0.5519303 -0.5576389
vn -0.1185087 -0.9365717 -0.3298321
vn 0.239401 -0.8585925 -0.4533278
vn -0.8244179 -0.002517947 0.5659759
vn -0.8512784 -0.1878214 0.4899472
vn 0.5238352 -0.5959792 -0.6086094
vn -0.5301148 0.5567443 0.639542
vn -0.3612975 0.7040012 0.6114298
vn -0.1323989 -0.9609003 -0.2431898
vn -0.004463853 0.9512957 -0.3082475
vn 0.2708992 -0.6992516 -0.6615595
vn -0.7797619 0.02989529 0.625362
vn -0.716406 0.2270884 0.6596919
vn 0.5529877 -0.07468501 -0.8298354
vn 0.4858465 -0.0684689 -0.8713582
vn -0.4616114 0.02306135 0.8867824
vn -0.5221164 0.02683419 0.8524521
vn 0.4010417 -0.08199728 -0.9123825
vn -0.5628733 0.1490846 0.8129867
vn 0.5446778 -0.1865506 -0.8176338
vn 0.4763252 -0.1619179 -0.8642319
vn 0.4776962 -0.2614843 -0.8387088
vn -0.4160528 0.2437814 0.876054
vn -0.4985491 0.2859808 0.8183299
vn -0.4795043 0.1415568 0.866047
vn 0.5399352 -0.4396138 -0.7177811
vn 0.6004341 -0.2738898 -0.7513077
vn -0.5524824 0.3115368 0.7731158
vn 0.5417734 -0.2857563 -0.7904586
vn -0.4780499 0.5359755 0.6958438
vn -0.4504847 0.5007771 0.7391115
vn -0.3610174 0.6839561 0.6339325
vn -0.3771186 0.6507151 0.6590536
vn 0.40473 -0.5628837 -0.7206634
vn 0.4129986 -0.4798735 -0.7740501
vn -0.4049629 0.4478562 0.7971386
vn -0.5260384 0.3260812 0.7854646
vn -0.7657264 0.02469826 0.642692
vn -0.8697342 -0.139219 0.4734771
vn 0.07691056 -0.9059818 -0.4162712
vn -0.1963831 -0.9600886 -0.1991572
vn -0.04301154 -0.9561221 -0.289794
vn -0.3799914 0.6965003 0.6086821
vn -0.4169007 0.7096117 0.5680186
vn -0.2055311 -0.9551572 -0.2131471
vn -0.439593 -0.8978705 -0.02422028
vn -0.05491234 -0.9467435 -0.3172719
vn -0.2511884 -0.9636356 -0.09116352
vn 0.2467449 -0.7953257 -0.5536912
vn -0.7377691 0.02950888 0.674408
vn -0.7167122 -0.01751916 0.697149
vn -0.7422338 0.04676322 0.6685075
vn -0.5829968 -0.7829572 0.2170085
vn -0.7028182 -0.01879111 0.7111212
vn -0.6830664 0.00134694 0.730355
vn -0.3747247 -0.890399 0.2584009
vn -0.02434949 -0.944473 -0.3276858
vn -0.6693726 0.00378306 0.7429174
vn 0.08106942 -0.8773863 -0.472886
vn -0.09956478 -0.9696273 -0.223405
vn -0.8118297 0.1670656 0.5594832
vn -0.6137278 -0.04317728 0.7883362
vn 0.8151901 -0.05991923 -0.5760857
vn -0.3397027 0.03581725 0.9398506
vn -0.385772 0.1274638 0.9137467
vn 0.3863085 -0.1425089 -0.9112942
vn 0.2862973 -0.06248045 -0.9561015
vn 0.4110069 -0.234753 -0.8808884
vn 0.327309 -0.2177617 -0.9194829
vn -0.2882445 0.2171877 0.9326009
vn 0.307185 -0.1327923 -0.9423395
vn -0.4486196 0.1581222 0.8796237
vn -0.5744511 -0.02626006 0.8181176
vn -0.2680616 0.4399587 0.857076
vn -0.3301629 0.5119889 0.7930068
vn 0.2896221 -0.5238328 -0.8010731
vn -0.4483516 0.08502122 0.8898046
vn -0.4831363 -0.07738089 0.872119
vn -0.2927684 0.4601735 0.8381689
vn -0.3270354 0.4959763 0.8043976
vn 0.2290307 -0.7609105 -0.6070915
vn 0.04170829 -0.9134064 -0.4049062
vn 0.05533386 -0.9309039 -0.3610487
vn -0.4514943 -0.1403521 0.8811663
vn -0.2542306 0.4877306 0.835156
vn -0.7016664 -0.6730666 0.2337646
vn -0.682326 -0.6746324 0.2816067
vn -0.650952 -0.6736991 0.3498441
vn -0.7245432 -0.6681873 0.1690057
vn -0.6797466 -0.7174087 0.1525432
vn -0.7068855 -0.6983166 0.1125461
vn -0.5242521 -0.7815861 0.338058
vn -0.8158801 -0.569838 -0.09810334
vn -0.2637863 0.04104316 0.9637076
vn 0.2098264 -0.1151596 -0.9709331
vn -0.1936118 0.03869337 0.9803149
vn 0.1110883 -0.04418464 -0.9928278
vn -0.09136894 0.05617006 0.9942316
vn 0.2252648 -0.1787796 -0.9577545
vn -0.1948533 0.1351919 0.9714708
vn 0.1097953 -0.10078 -0.9888318
vn 0.1216332 -0.1637588 -0.9789732
vn -0.3266752 0.1360078 0.9352995
vn -0.06934716 -0.9896428 -0.1256906
vn -0.1114232 -0.9813915 0.1563822
vn 0.2408407 -0.2407755 -0.940225
vn 0.2186517 -0.4847304 -0.8468931
vn 0.07933157 -0.8698965 -0.4868127
vn -0.2125574 0.4389365 0.8730144
vn -0.2245307 0.4392906 0.8698331
vn -0.2871131 -0.03488092 0.9572614
vn -0.3044305 -0.2480938 0.9196584
vn -0.364516 -0.08755559 0.9270718
vn -0.1751071 0.41189 0.8942506
vn -0.1864235 -0.0275008 0.9820846
vn 0.02355834 -0.8396757 -0.542577
vn -0.2233828 -0.3105888 0.9239236
vn -0.139817 -0.9521388 -0.2718137
vn -0.01227471 -0.9633912 -0.2678184
vn -0.102629 0.2992127 0.9486511
vn -0.1658573 0.2802946 0.9454768
vn 0.05626711 0.0009561543 -0.9984152
vn 0.02974696 -0.04510136 -0.9985394
vn -0.1273906 0.0565082 0.9902416
vn -0.2671681 0.1873042 0.9452716
vn 0.1257879 -0.3701669 -0.9204096
vn 0.04981687 -0.1473567 -0.987828
vn -0.001010599 0.1190826 0.9928839
vn -0.04384788 0.1560898 0.9867692
vn -0.272136 -0.9605381 -0.05751932
vn -0.08149934 0.2051769 0.9753258
vn 0.03561442 -0.7031553 -0.7101437
vn 0.03925966 -0.3598118 -0.9321985
vn -0.004820669 -0.04958513 0.9987583
vn -0.006438625 -0.994638 0.1032165
vn 0.02898907 0.2848656 0.958129
vn 0.002773788 0.1497549 0.9887192
vn 0.0005639655 -0.2119918 -0.9772713
vn -0.04587162 -0.4343949 -0.8995537
vn -0.9026191 -0.1924478 -0.3850228
vn -0.7996842 -0.3780738 -0.466439
vn -0.8731228 -0.3352588 -0.3539183
vn 0.9211284 0.07334807 0.3822861
vn 0.8385124 0.3912206 0.3792669
vn 0.8099691 0.3609782 0.4622173
vn 0.9334127 0.2046648 0.2947085
vn 0.9983427 0.01230909 0.05621641
vn 0.9955494 0.01318197 0.09331403
vn 0.9919939 0.02969298 0.1227451
vn 0.9712745 0.1886085 0.1450949
vn -0.993486 -0.02564822 -0.11103
vn -0.962247 -0.1574694 -0.2220002
vn -0.9620382 -0.1311413 -0.2393415
vn -0.9070522 -0.3327568 -0.2579328
vn 0.9609622 0.2046978 0.1861465
vn 0.9462901 0.224246 0.2329138
vn 0.9150425 0.157182 0.3714714
vn -0.9746331 -0.1613131 -0.1551399
vn 0.7272456 0.5689625 0.3839214
vn 0.7603632 0.5797912 0.2927286
vn 0.6958802 0.6257371 0.3524256
vn 0.9671202 0.2241601 0.120128
vn 0.9973027 -0.07051139 0.02038131
vn 0.9928403 -0.03767014 0.113354
vn 0.76107 0.597073 0.2535275
vn 0.9369417 0.2527846 0.2413301
vn -0.8583887 -0.4034863 -0.3168085
vn -0.9021306 -0.3648331 -0.2303413
vn 0.8366229 0.4688191 0.2833212
vn 0.9908324 0.02137471 0.1333954
vn 0.9842995 -0.01263244 0.176054
vn 0.5096484 -0.8130423 -0.2814618
vn -0.3680387 -0.8595455 -0.3545829
vn 0.1494845 -0.9489149 -0.2778754
vn 0.2583209 -0.8665488 -0.4270403
vn 0.1182623 -0.9393563 -0.3219064
vn 0.9773864 -0.05850386 0.2032069
vn 0.9240041 -0.2668085 0.2739151
vn 0.9226475 -0.06283931 0.3804902
vn -0.03286434 -0.9811386 -0.1904916
vn -0.2946919 -0.869338 -0.3967471
vn -0.0242899 -0.9519045 -0.3054305
vn -0.8837189 -0.3804723 -0.2725469
vn -0.6553982 -0.6422685 -0.3974221
vn -0.8229485 -0.4716314 -0.3167325
vn -0.8243423 -0.4045478 -0.3959809
vn 0.8660523 0.3875991 0.3157853
vn 0.6911691 0.5945039 0.410914
vn -0.5274424 -0.7009271 -0.48011
vn -0.7007491 -0.547262 -0.4576626
vn -0.1279996 -0.908465 -0.3978785
vn -0.1433089 -0.8953341 -0.42171
vn 0.7279269 0.5468309 0.4136404
vn 0.8743043 0.2198324 0.4327421
vn 0.6799774 0.5703843 0.460752
vn 0.9183081 -0.1075849 0.3809668
vn 0.9018952 -0.04291846 0.4298174
vn -0.9453563 -0.275763 -0.1739429
vn -0.9054617 -0.3644895 -0.2174545
vn 0.5160497 0.6858769 0.5130941
vn 0.6565154 0.5572123 0.508431
vn 0.8817845 -0.001845859 0.471649
vn 0.7288948 0.389848 0.5627885
vn 0.7941414 0.4281442 0.4313143
vn 0.9648886 0.03735799 0.2599891
vn 0.9031084 0.1775952 0.390967
vn 0.5216947 0.7343323 0.4342703
vn 0.9156767 0.3488675 0.1995692
vn 0.4783902 0.7673736 0.4269431
vn 0.9758957 -0.02470983 0.2168341
vn 0.5150245 -0.6899201 0.5086844
vn -0.3100473 -0.8614752 -0.4021582
vn 0.2765409 -0.9249803 -0.2606461
vn -0.07520517 -0.930491 -0.3585119
vn -0.02505141 -0.9376366 -0.3467134
vn 0.1156678 -0.9232491 -0.3663769
vn 0.2081741 -0.9241672 -0.3202791
vn 0.8289105 0.4791216 0.2887039
vn -0.7095646 -0.6360144 -0.3033212
vn -0.5586088 -0.7366245 -0.3812357
vn 0.7780896 0.3938235 0.4893667
vn -0.5208682 -0.7764611 -0.3546893
vn 0.8895023 0.378519 0.2559471
vn 0.05163674 0.1804069 0.9822357
vn -0.01379542 -0.904857 -0.4254919
vn -0.3492824 -0.5225284 -0.7777955
vn -0.09175695 -0.8633271 -0.4962328
vn 0.2035743 -0.9737414 -0.1019078
vn -0.04946213 -0.9001822 -0.4326956
vn -0.3502942 -0.2191238 -0.9106474
vn -0.2788061 -0.5618892 -0.7788117
vn -0.4163722 -0.235285 -0.8782228
vn 0.01797467 -0.08955684 -0.9958195
vn -0.009130917 -0.1309208 -0.9913508
vn -0.01099224 0.04922084 0.9987274
vn 0.4508472 0.4336172 0.7802005
vn 0.4976134 0.199879 0.8440553
vn 0.3657694 0.4477361 0.815932
vn 0.3359467 0.4099802 0.8479717
vn 0.393593 0.2221179 0.8920472
vn 0.4521345 0.2458977 0.8573847
vn 0.3401273 0.4425566 0.8297331
vn 0.4789922 0.06905577 0.8750987
vn 0.3881544 0.4197805 0.8204392
vn 0.3267881 0.2316624 0.9162652
vn 0.5267186 -0.08407578 0.8458716
vn 0.4599127 -0.3419802 0.8194693
vn 0.1793429 0.06457707 0.9816648
vn 0.09681051 0.0688484 0.9929187
vn 0.0850395 0.1199088 0.9891361
vn -0.06228328 -0.1349575 -0.988892
vn -0.05683773 -0.07088328 -0.995864
vn -0.1306609 -0.1475212 -0.9803904
vn -0.1480185 -0.06214936 -0.9870299
vn 0.182513 0.1488464 0.9718713
vn 0.1506066 0.2097214 0.9660924
vn -0.05949578 -0.9234685 -0.3790333
vn 0.4626395 -0.1145556 0.8791142
vn 0.3825315 0.3504558 0.8548979
vn -0.3572421 -0.1345979 -0.9242626
vn -0.4218026 -0.1572909 -0.8929402
vn 0.3246526 0.1612874 0.9319802
vn 0.3036604 0.07307937 0.9499735
vn 0.3775787 0.1264036 0.9173093
vn -0.2803883 -0.1989815 -0.9390361
vn 0.4322442 0.1342711 0.8917041
vn 0.2293946 0.3356724 0.9136204
vn -0.2223563 -0.5127627 -0.8292358
vn -0.06558723 -0.8298178 -0.5541667
vn 0.3215273 0.1280098 0.9382076
vn 0.2519251 0.2029126 0.9462348
vn 0.06337826 -0.9922883 -0.1065224
vn 0.01955645 -0.9650512 -0.2613306
vn 0.1008945 0.1678753 0.9806315
vn 0.3730494 -0.1488912 0.9157869
vn 0.3120852 -0.07524838 0.9470695
vn -0.2080279 -0.222699 -0.9524335
vn -0.2038089 -0.1450352 -0.968208
vn -0.02742648 -0.8413887 -0.5397341
vn -0.1573312 -0.4652331 -0.8710942
vn 0.1972395 0.3610073 0.911466
vn 0.2824698 -0.7990215 0.5308251
vn 0.2917322 -0.8255145 0.4831337
vn 0.2678861 -0.9473864 0.1752026
vn 0.2250021 0.248069 0.9422504
vn 0.198722 -0.01616802 0.9799225
vn -0.04974203 -0.8389092 -0.5419935
vn 0.2028824 0.4346455 0.877452
vn 0.4653273 -0.8799667 0.09554619
vn -0.2886624 -0.04335329 -0.9564489
vn -0.2227765 -0.07180732 -0.9722214
vn -0.2901876 -0.1284982 -0.9483033
vn 0.2470569 0.1283916 0.9604575
vn -0.7372082 -0.05462188 -0.6734541
vn 0.7315083 0.0675229 0.678481
vn 0.661732 0.06685424 0.7467539
vn 0.6036624 0.05205584 0.7955387
vn 0.6157822 0.1394015 0.7754866
vn -0.6459936 -0.07805469 -0.7593415
vn -0.6014397 -0.04389064 -0.7977117
vn -0.5989239 -0.1322888 -0.7898037
vn -0.6896411 -0.1222368 -0.71376
vn -0.6964959 -0.03996717 -0.7164469
vn 0.4756975 0.05919709 0.8776147
vn 0.5598891 0.1292267 0.8184281
vn 0.4952289 0.1435505 0.8568206
vn 0.9022133 0.01616852 0.430987
vn 0.5288892 0.2366267 0.8150362
vn -0.5455804 -0.07355934 -0.834824
vn -0.4844744 -0.09108591 -0.8700505
vn -0.5340416 -0.189426 -0.8239645
vn 0.6889103 0.156843 0.7076743
vn 0.6068482 0.2408018 0.7574627
vn 0.6596126 0.2654336 0.7031758
vn -0.3678306 -0.05910254 -0.9280127
vn -0.4273166 -0.08370567 -0.9002188
vn 0.7537319 0.1591253 0.6376263
vn -0.8591164 -0.1210238 -0.4972647
vn -0.7818974 -0.06150686 -0.6203655
vn -0.7934788 -0.157252 -0.5879312
vn 0.7969002 0.1669025 0.5805976
vn 0.7963105 0.06963437 0.6008666
vn 0.781751 0.288867 0.5526493
vn -0.7473814 -0.1415065 -0.6491509
vn -0.6951993 -0.2468448 -0.6751041
vn -0.7416074 -0.246358 -0.6239601
vn 0.7190191 0.2680361 0.641224
vn -0.648038 -0.1862119 -0.738493
vn -0.4804421 -0.183522 -0.85761
vn 0.5255886 0.522562 0.6713312
vn 0.4004521 0.6597922 0.6358556
vn 0.4805854 0.5184935 0.7072498
vn 0.6900714 -0.07717109 0.7196153
vn 0.7796823 -0.07230162 0.6219872
vn 0.8231124 -0.3752178 0.4262599
vn 0.3852476 0.6691936 0.6354244
vn 0.2196634 -0.9708321 -0.09608887
vn 0.01060769 -0.9372974 -0.3483691
vn 0.007957088 -0.9841509 -0.1771543
vn 0.7618057 0.004366876 0.6477909
vn 0.742763 0.03367403 0.6687071
vn -0.4444628 -0.5936716 -0.6708255
vn -0.164088 -0.8671519 -0.4702369
vn 0.1752276 -0.9624282 -0.2074303
vn 0.08786013 -0.9762308 -0.198126
vn 0.2720156 -0.9622328 0.01075158
vn 0.620944 0.03659243 0.7830003
vn 0.6486391 -0.1147025 0.7524031
vn -0.4762118 -0.2789394 -0.8339155
vn 0.5325512 0.3389103 0.775583
vn 0.5277023 0.3165547 0.7882407
vn 0.5960509 0.3405624 0.7271454
vn -0.5307781 -0.3034969 -0.7913055
vn -0.5793313 -0.3243257 -0.7477888
vn -0.3679698 -0.5693655 -0.7351335
vn 0.6444538 0.3581409 0.6755846
vn 0.4208929 0.6629829 0.6191146
vn 0.5517069 0.5639072 0.6145145
vn 0.08457501 -0.9548951 -0.2846445
vn 0.7351672 0.3302413 0.592005
vn 0.8396326 -0.03727209 0.5418745
vn 0.8964386 -0.1816873 0.4042123
vn -0.08118265 -0.9193279 -0.3850266
vn -0.01820133 -0.9134994 -0.4064327
vn -0.2234988 -0.8184436 -0.5293378
vn 0.1260747 -0.9916498 -0.0271241
vn -0.5855604 -0.2355119 -0.775663
vn -0.6349937 -0.2870684 -0.7171991
vn -0.7204918 -0.3619253 -0.5915248
vn 0.7382036 0.3627237 0.5687591
vn -0.7945405 -0.2754995 -0.541115
vn -0.7591483 -0.3730994 -0.5333769
vn 0.6956546 0.30705 0.6494498
vn 0.9111165 -0.1971595 0.3619321
vn 0.1218653 -0.9496412 -0.28867
vn 0.1320218 -0.9618926 -0.2394428
vn 0.7524096 0.3154726 0.578236
vn 0.8836586 -0.2689556 0.3831584
vn 0.5891118 0.5531389 0.589054
vn 0.7733154 -0.6144391 0.1563579
vn -0.5822034 -0.5989913 -0.5497715
vn -0.4913554 -0.6446786 -0.5856273
vn 0.6149833 0.4975603 0.6117427
vn 0.2268104 -0.9738328 0.01437593
vn 0.1232311 -0.9738594 -0.1908191
vn 0.4810196 -0.8529152 0.2028691
vn 0.6832836 0.3525127 0.6394203
vn -0.9947286 0.03968727 -0.09455173
vn -0.9893543 -0.1427904 0.02808789
vn -0.9533103 -0.2672811 0.1405714
vn -0.7495126 0.6015942 0.2762523
vn -0.1664335 -0.7561498 0.6328802
vn -0.9838495 -0.1570806 0.08582565
vn -0.907496 -0.4069293 -0.104209
vn 0.6395029 0.7610383 0.1088888
vn 0.7531838 0.6440735 0.133729
vn -0.01084398 0.6361989 -0.7714489
vn -0.0001965393 -0.001279015 0.9999992
vn -0.001895507 -0.0006177624 0.999998
vn -0.4695007 -0.5597962 -0.6827864
vn -0.3044212 0.4010618 -0.8639891
vn -0.03115778 -0.1854175 -0.9821657
vn -0.0001156843 -0.001583302 -0.9999987
vn -0.2948665 0.9285985 -0.2252964
vn -0.1645377 0.9627677 -0.2144895
vn -0.03101104 -0.5125505 -0.8580969
vn -0.9403165 -0.3113571 -0.137338
vn -0.9424005 -0.1933244 -0.2729597
vn -0.01885696 -0.9876593 -0.155478
vn -0.07778955 -0.9862733 -0.1456492
vn -0.6252241 -0.776458 0.07878906
vn -0.1822936 -0.3216504 -0.9291448
vn -0.2134683 -0.305812 -0.9278526
vn 0.5315567 -0.006378545 0.8469986
vn -0.8881595 -0.4595157 -0.004253021
vn -0.9990108 -0.04433484 0.003433037
vn 0.4548312 -0.03993333 0.889682
vn 0.258503 0.8983583 -0.3551458
vn 0.9735973 0.2100883 -0.08928207
vn -0.1440557 0.8778039 -0.456846
vn 0.9175708 0.365615 -0.1561712
vn 0.08782875 0.8180712 -0.5683709
vn 0.2250977 -0.8734657 -0.4317276
vn 0.4506158 -0.8900617 -0.06881531
vn 0.009207754 0.1255935 -0.9920391
vn 0.09175714 0.06683303 -0.9935361
vn 0.7030859 -0.5696255 -0.4256724
vn 0.2679199 0.5988568 -0.7547115
vn 0.333494 -0.1234921 -0.934629
vn 0.0504919 0.5775092 -0.8148212
vn 0.6236216 -0.1218539 -0.7721708
vn 0.9785613 -0.1847938 0.09093411
vn 0.2254186 -0.736006 -0.6383429
vn 0.03006319 0.006588722 -0.9995263
vn 0.9519051 -0.2881313 -0.1041971
vn 0.0932359 -0.4319588 -0.8970611
vn 0.9651949 -0.07753357 -0.249775
vn 0.6809263 -0.2596939 -0.6847616
vn 0.9728562 0.0338157 -0.2289266
vn 0.7653606 0.2917899 -0.5736565
vn 0.9781294 -0.187945 -0.08910345
vn 0.1735349 -0.9560773 -0.2362244
vn 0.1722127 -0.9565007 -0.2354766
vn 0.002389287 0.4805582 0.8769597
vn -0.2169448 -0.9188244 0.3296918
vn -0.0029846 -0.5083358 -0.8611538
vn 0.01467405 0.3489262 0.9370353
vn 0.1721771 -0.388689 -0.9051386
vn 0.1495211 -0.9835554 -0.1013023
vn -0.001131844 -0.003975381 0.9999914
vn 0.01805 -0.9932255 -0.1147925
vn 0.4253365 -0.8812169 -0.2062659
vn 0.0001657065 -0.0005192027 0.9999999
vn -0.893939 0.05615115 0.4446575
vn 0.6945171 -0.7194744 0.001615292
vn 0.007804201 -0.00115004 -0.9999689
vn 0.5486679 -0.1171189 -0.8277963
vn 0.4806037 -0.03465095 -0.8762529
vn -0.01771425 0.0005614017 0.9998429
vn 0.5289053 -0.235355 -0.8153939
vn 0.1891013 -0.1133485 -0.9753936
vn -0.4413712 -0.7932455 0.4194675
vn 0.1039506 0.9232553 -0.3698567
vn 0.0297034 0.9532638 -0.3006756
vn 0.9584312 -0.008552983 -0.2851955
vn -0.7180096 0.008212841 0.6959848
vn -0.7357929 -0.3367978 0.5875168
vn -0.4964599 0.07164236 0.8650982
vn 0.2210972 0.3692141 0.9026611
vn -0.2312337 0.9311579 -0.2819151
vn -0.286141 0.666712 0.6881995
vn 0.6224527 0.7372437 -0.2627248
vn 0.671017 0.7326581 0.1137899
vn 0.7398158 0.6706939 0.05331321
vn 0.9640259 0.06761087 0.257066
vn -0.1444264 0.9000253 -0.4112121
vn 0.213153 0.944474 -0.2500692
vn 0.7631385 -0.4435445 0.4699872
vn 0.3322523 0.9058935 -0.2626124
vn -0.3564902 0.8279393 -0.4329333
vn 0.02013314 0.9423265 -0.334089
vn 0.5844384 0.7641092 -0.2730732
vn -0.3834169 0.8003743 -0.4608606
vn 0.05538815 0.9617448 -0.268289
vn -0.03857545 0.9295982 -0.3665504
vn -0.1867176 0.8825609 -0.4315353
vn -0.5238705 0.7875516 -0.3245337
vn 0.4675272 -0.6798222 0.5650311
vn 0.01503469 0.9259168 -0.3774281
vn 0.1501103 0.9559888 -0.2520956
vn 0.5374657 -0.6610484 0.5235892
vn 0.06764561 0.9435261 -0.3243185
vn 0.7842158 0.6158956 0.07535427
vn 0.1936651 0.9610208 -0.1973138
vn 0.1445623 0.9500359 -0.2766469
vn -0.6684238 0.1270312 -0.7328525
vn -0.9522617 0.3052796 -0.001429853
vn -0.7516265 0.659586 -0.002010552
vn -0.69561 0.7183891 0.006621708
vn 0.03325128 0.01307385 0.9993615
vn -0.07320724 0.05339567 0.9958864
vn -0.1812281 0.0280987 -0.9830396
vn -0.001061099 0.0003781104 0.9999993
vn -0.1948013 0.9042844 0.3798977
vn -0.1704159 0.8400409 0.5150628
vn -0.004570923 -0.8374723 -0.5464606
vn -0.1806236 0.9173074 0.3548552
vn -0.1948586 0.917944 0.345556
vn -0.1745856 -0.9245602 -0.3386864
vn -0.2544556 0.8947576 0.3669622
vn -0.2792494 0.8887938 0.3634079
vn -0.9676812 0.09015072 -0.2355119
vn -0.008294732 -0.05391295 -0.9985112
vn -0.005027565 -0.01546711 -0.9998678
vn -0.05893232 0.9915634 -0.1154512
vn -0.437851 0.8990435 -0.002704398
vn -0.09797271 0.2095508 -0.9728771
vn -0.1033136 0.2025811 -0.9738004
vn -0.1449084 0.8561647 -0.4959674
vn -0.02983732 0.2285617 -0.9730721
vn -0.9968129 -0.07568666 0.02521078
vn -0.05099222 0.9906273 -0.1267177
vn -0.9241585 0.2622089 -0.2778083
vn -0.2349173 0.957531 -0.1671768
vn 0.0006358775 0.9922702 -0.124095
vn -0.6264863 0.7794222 0.003988504
vn -0.3452406 0.93765 -0.04026631
vn 0.009436171 0.5627119 -0.8265992
vn 0.0004125403 0.02195679 -0.9997588
vn 0.0006126981 -0.9948748 0.1011125
vn 0.0002208408 0.002812025 0.9999961
vn -0.001777657 0.0005202015 0.9999983
vn -0.5511717 -0.04934605 -0.8329315
vn -0.8172675 0.5210743 -0.24608
vn -0.2838765 0.6649883 -0.6908
vn 0.1626461 0.2090633 -0.9642815
vn -0.001071393 0.0005659115 0.9999993
vn 0.7276819 0.685533 0.02287978
vn 0.9770625 0.2102347 0.03391697
vn 0.03812237 0.00169832 -0.9992716
vn -0.1355047 0.001081161 0.9907761
vn 0.01181029 -0.9404726 -0.3396643
vn 0.9585813 -0.2669902 -0.09918784
vn 0.9912111 -0.1229197 -0.04890158
vn 0.998959 -0.04086717 -0.02026801
vn 0.4216312 0.8517078 0.3111607
vn 0.9543348 0.2855976 -0.08763136
vn 0.9615325 -0.04444295 -0.2710719
vn 0.9618071 -0.02579221 -0.2725102
vn 0.9608238 -0.2619105 -0.09066691
vn 0.4440786 0.8828728 -0.1527407
vn -0.005327831 -0.00468232 0.9999749
vn 0.01166512 0.9935496 -0.1127967
vn 0.0332876 0.9936197 -0.1077586
vn 0.000902133 0.0005507682 0.9999994
vn 0.001324923 8.255621e-05 0.9999991
vn 0.09531677 0.9954461 0.001318455
vn 0.05001916 0.7759721 0.6287808
vn 0.00483873 0.1491961 0.9887957
vn 0.7451831 0.5541399 -0.3709868
vn 0.8611816 -0.1964556 -0.4687977
vn 0.08107403 0.9885182 -0.1275096
vn 0.07397474 0.4394186 -0.8952314
vn 0.9512458 0.2864072 -0.1144658
vn 0.9583046 0.08248179 -0.2735857
vn -0.9729695 -0.1548167 0.1713539
vn 0.1343393 0.1803782 -0.9743801
vn 0.823671 -0.02149674 -0.5666604
vn 0.9056627 0.3466633 -0.2441304
vn 0.9325574 0.2582822 -0.252244
vn -0.9055435 0.141609 0.3999223
vn -0.05478315 -0.9574944 -0.2832016
vn -0.589299 -0.8058689 0.05746359
vn -0.3677486 0.8625228 0.3475852
vn -0.3077056 0.8830857 0.3542272
vn -0.3401954 0.8749256 0.3446335
vn -0.1139849 -0.9491758 -0.2933815
vn -0.8883853 0.01076474 0.4589723
vn 0.3902693 -0.8535767 -0.3451038
vn -0.7619681 -0.6476145 0.0001324786
vn -0.893386 -0.06075652 0.445163
vn -0.4095671 0.722239 0.5573379
vn -0.7643065 0.07121639 0.6409084
vn -0.2910127 0.1224829 0.9488465
vn 0.02539961 -0.9196878 -0.391828
vn 0.008089812 -0.9820237 -0.1885843
vn 0.01484744 -0.9584516 -0.2848685
vn -0.1174146 0.1251517 0.9851654
vn 0.979399 -0.1971203 -0.04382971
vn 0.9845529 -0.03634883 0.1712731
vn 0.9631813 0.1044613 0.2477289
vn 0.6769965 -0.7161608 -0.1696744
vn 0.1237409 -0.9429187 -0.3091804
vn 0.9451361 -0.3261009 -0.0193855
vn 0.4361449 -0.7798555 -0.4490021
vn 0.6462427 -0.7535287 0.1206856
vn 0.6695141 0.002368476 0.7427956
vn 0.7608706 -0.02071282 0.648573
vn -0.6219662 -0.3741948 -0.6878491
vn -0.5085566 -0.5645542 -0.6501144
vn 0.6056571 0.5915515 0.5322089
vn -0.6743912 -0.3572634 -0.6461883
f 45//1 343//2 46//3
f 44//4 344//5 45//1
f 45//1 344//5 343//2
f 770//6 768//7 48//8
f 768//9 772//10 49//11
f 48//12 49//11 51//13
f 772//14 52//15 49//16
f 49//16 52//15 51//17
f 50//18 56//19 780//20
f 54//21 55//22 56//19
f 55//22 110//23 107//24
f 58//25 57//26 60//27
f 53//28 60//27 57//26
f 63//29 62//30 110//23
f 64//31 61//32 47//33
f 59//34 46//3 47//33
f 65//35 111//36 62//30
f 776//37 770//6 66//38
f 776//37 66//38 67//39
f 67//40 773//41 776//42
f 66//38 48//8 68//43
f 66//38 68//43 69//44
f 67//39 66//38 70//45
f 70//45 69//44 71//46
f 67//39 70//45 72//47
f 1//48 3//49 2//50
f 6//51 4//52 172//53
f 4//52 3//54 1//55
f 2//50 3//49 11//56
f 5//57 3//54 4//52
f 11//56 3//49 7//58
f 5//57 7//59 3//54
f 6//51 7//60 5//61
f 68//62 51//13 74//63
f 69//64 74//63 76//65
f 78//66 67//40 72//67
f 73//68 79//69 72//67
f 51//17 52//15 74//70
f 75//71 50//18 773//41
f 74//70 53//28 76//65
f 75//71 80//72 50//18
f 80//72 75//71 77//73
f 78//66 80//72 77//73
f 80//72 56//19 50//18
f 54//21 56//19 80//72
f 73//74 81//75 83//76
f 83//76 81//75 84//77
f 73//74 83//76 25//78
f 71//79 76//65 85//80
f 81//81 85//80 86//82
f 87//83 73//68 25//84
f 26//85 86//82 88//86
f 85//80 76//65 94//87
f 86//82 85//80 94//87
f 78//66 95//88 80//72
f 87//83 95//88 79//69
f 91//89 96//90 93//91
f 16//92 22//93 9//94
f 9//95 22//96 23//97
f 10//98 9//95 23//97
f 19//99 24//100 8//101
f 24//100 18//102 8//101
f 88//86 91//89 93//91
f 20//103 13//104 14//105
f 11//56 17//106 15//107
f 11//108 10//98 17//106
f 6//51 14//105 7//60
f 11//56 7//58 13//109
f 13//110 10//111 11//112
f 90//113 87//83 89//114
f 80//72 95//88 54//21
f 58//25 60//27 61//32
f 92//115 98//116 97//117
f 101//118 98//116 92//115
f 98//116 105//119 63//29
f 97//117 55//22 54//21
f 97//117 63//29 110//23
f 102//120 103//121 101//118
f 105//119 103//121 104//122
f 105//119 65//35 62//30
f 88//86 93//91 41//123
f 41//123 93//91 99//124
f 99//124 39//125 41//123
f 43//126 90//113 42//127
f 90//113 89//114 42//127
f 90//113 101//118 92//115
f 106//128 102//120 101//118
f 29//129 89//114 30//130
f 36//131 41//123 39//125
f 28//132 27//133 41//123
f 43//126 34//134 38//135
f 32//136 36//131 39//125
f 36//131 35//137 28//132
f 40//138 38//135 216//139
f 37//140 35//141 33//142
f 38//135 34//134 31//143
f 33//142 35//141 22//93
f 34//134 33//144 20//103
f 33//142 22//93 16//92
f 23//97 22//145 21//146
f 31//143 20//103 18//102
f 30//147 28//148 29//149
f 30//147 27//150 28//148
f 25//78 26//151 27//150
f 107//24 356//152 780//20
f 356//152 354//153 352//154
f 260//155 108//156 357//157
f 110//23 109//158 356//152
f 107//24 110//23 356//152
f 8//101 12//159 186//160
f 111//36 260//155 357//157
f 19//99 8//101 174//161
f 162//162 161//163 241//164
f 1//55 2//165 172//53
f 8//101 186//160 174//161
f 152//166 173//167 175//168
f 176//169 128//170 152//166
f 144//171 137//172 140//173
f 114//174 143//175 117//176
f 140//173 138//177 141//178
f 138//179 142//180 141//181
f 137//172 113//182 138//177
f 113//183 139//184 138//179
f 134//185 130//186 530//187
f 527//188 155//189 538//190
f 527//188 528//191 153//192
f 526//193 133//194 525//195
f 522//196 131//197 526//193
f 177//198 174//161 159//199
f 170//200 161//163 162//162
f 168//201 144//202 169//203
f 169//204 165//205 170//200
f 168//201 143//206 144//202
f 161//163 166//207 160//208
f 164//209 167//210 166//211
f 164//209 166//211 163//212
f 165//205 163//213 166//207
f 142//180 163//212 141//181
f 142//180 164//209 163//212
f 159//199 134//214 135//215
f 135//215 134//214 530//216
f 159//199 158//217 134//214
f 148//218 150//219 149//220
f 154//221 131//197 176//169
f 155//189 180//222 132//223
f 140//173 169//204 144//171
f 139//184 136//224 122//225
f 154//221 526//193 131//197
f 133//194 526//193 154//221
f 127//226 126//227 117//228
f 148//229 146//230 145//231
f 146//232 147//233 151//234
f 146//235 171//236 152//166
f 151//234 149//237 171//236
f 131//197 129//238 128//170
f 132//223 159//199 135//215
f 156//239 179//240 122//225
f 132//223 135//215 524//241
f 130//186 519//242 517//243
f 518//244 519//242 145//231
f 127//226 515//245 126//227
f 126//227 116//246 117//228
f 125//247 121//248 116//249
f 112//250 117//251 121//248
f 125//252 118//253 121//254
f 126//227 533//255 116//246
f 123//256 112//250 121//248
f 181//257 155//189 153//192
f 120//258 124//259 123//260
f 124//261 113//262 123//256
f 124//259 120//258 536//263
f 536//264 119//265 124//266
f 122//225 516//267 525//268
f 118//253 120//258 121//254
f 118//253 536//263 120//258
f 117//251 112//250 114//269
f 533//270 115//271 116//272
f 180//222 183//273 177//198
f 179//240 244//274 122//225
f 178//275 176//169 175//168
f 182//276 178//275 195//277
f 178//275 182//276 156//239
f 183//273 190//278 174//161
f 181//257 194//279 180//222
f 127//226 184//280 157//281
f 157//281 184//280 153//192
f 184//280 127//226 168//201
f 186//160 185//282 150//219
f 186//160 150//219 158//217
f 186//160 12//159 185//282
f 175//168 187//283 189//284
f 190//278 188//285 19//99
f 168//201 213//286 200//287
f 191//288 189//284 192//289
f 168//201 200//287 184//280
f 21//146 187//283 15//107
f 201//290 226//291 230//292
f 178//275 189//284 195//277
f 181//257 184//280 200//287
f 195//277 196//293 179//240
f 227//294 104//122 102//120
f 205//295 230//292 204//296
f 201//290 205//295 203//297
f 208//298 202//299 203//297
f 208//298 210//300 202//299
f 203//297 205//295 208//298
f 211//301 212//302 209//303
f 230//292 229//304 204//296
f 204//296 251//305 210//300
f 204//296 210//300 208//298
f 211//301 253//306 212//302
f 205//295 204//296 208//298
f 232//307 225//308 209//303
f 204//296 229//304 248//309
f 248//309 251//305 204//296
f 212//302 231//310 232//307
f 213//286 168//201 249//311
f 181//257 200//287 197//312
f 230//292 267//313 229//304
f 199//314 193//315 194//279
f 224//316 195//277 191//288
f 220//317 223//318 225//308
f 211//301 209//303 206//319
f 220//317 219//320 223//318
f 202//299 224//316 218//321
f 222//322 232//307 233//323
f 219//320 193//315 199//314
f 31//143 24//100 188//285
f 32//136 21//146 22//145
f 217//324 215//325 32//136
f 206//319 223//318 197//312
f 191//288 215//325 224//316
f 201//290 217//324 39//125
f 197//312 200//287 206//319
f 222//322 225//308 232//307
f 221//326 216//139 219//320
f 222//322 221//326 220//317
f 219//320 220//317 221//326
f 218//321 215//325 217//324
f 218//321 203//297 202//299
f 188//285 193//315 216//139
f 266//327 261//328 268//329
f 263//330 257//331 255//332
f 65//35 259//333 260//155
f 261//328 259//333 234//334
f 266//327 325//335 261//328
f 261//328 325//335 323//336
f 260//155 261//328 323//336
f 256//337 296//338 317//339
f 262//340 245//341 246//342
f 263//330 262//340 248//309
f 262//340 255//332 254//343
f 245//341 262//340 326//344
f 247//345 256//337 264//346
f 64//31 47//33 258//347
f 322//348 324//349 258//347
f 264//346 256//337 328//350
f 328//350 314//351 266//327
f 265//352 266//327 268//329
f 231//310 265//352 268//329
f 257//331 64//31 258//347
f 253//306 252//353 247//345
f 229//304 263//330 248//309
f 268//329 261//328 234//334
f 327//354 318//355 255//332
f 267//313 263//330 229//304
f 248//309 246//342 251//305
f 104//122 228//356 65//35
f 250//357 243//358 296//338
f 168//201 243//358 249//311
f 252//353 250//357 247//345
f 247//345 250//357 296//338
f 237//359 160//208 236//360
f 167//210 238//361 236//362
f 236//362 238//361 239//363
f 239//363 238//361 240//364
f 237//359 239//365 272//366
f 237//367 242//368 241//164
f 241//164 242//368 293//369
f 244//274 238//361 167//210
f 241//164 243//358 168//201
f 322//348 312//370 324//349
f 243//358 292//371 285//372
f 292//373 280//374 283//375
f 288//376 292//373 291//377
f 272//366 270//378 269//379
f 270//380 271//381 269//382
f 309//383 300//384 1251//385
f 1249//386 302//387 308//388
f 299//389 281//390 278//391
f 305//392 297//393 306//394
f 306//394 297//393 1249//386
f 289//395 299//389 278//391
f 277//396 289//395 278//391
f 294//397 277//398 280//374
f 287//399 286//400 289//395
f 287//399 289//395 290//401
f 288//376 287//402 294//397
f 269//382 271//381 286//400
f 269//382 286//400 287//399
f 295//403 285//372 276//404
f 285//372 283//405 284//406
f 284//407 282//408 276//409
f 280//374 284//407 283//375
f 281//390 275//410 273//411
f 278//391 281//390 279//412
f 279//413 274//414 282//408
f 279//413 273//415 274//414
f 281//390 273//411 279//412
f 278//391 279//412 277//396
f 277//398 282//408 280//374
f 273//415 1223//416 274//414
f 269//379 287//402 288//376
f 326//344 289//395 286//400
f 272//366 269//379 288//376
f 242//368 272//366 291//377
f 293//369 242//368 291//417
f 296//338 243//358 285//372
f 275//410 1222//418 273//411
f 316//419 314//351 315//420
f 316//419 315//420 333//421
f 317//339 295//403 300//384
f 318//355 308//388 301//422
f 317//339 309//383 320//423
f 303//424 310//425 1252//426
f 1251//385 1252//426 310//425
f 301//422 302//387 1244//427
f 1249//386 1246//428 302//387
f 299//389 1244//427 1207//429
f 303//424 1250//430 298//431
f 297//393 1247//432 1249//386
f 1248//433 1247//432 297//393
f 315//420 329//434 333//421
f 332//435 316//419 333//421
f 310//425 303//424 321//436
f 321//436 303//424 307//437
f 321//436 307//437 314//351
f 331//438 329//434 330//439
f 329//434 298//431 1257//440
f 298//431 1250//430 1257//440
f 330//439 329//434 1256//441
f 327//354 313//442 319//443
f 312//370 313//442 324//349
f 325//335 314//351 316//419
f 326//344 318//355 299//389
f 254//343 318//355 326//344
f 328//350 320//423 321//436
f 1288//444 1287//445 797//446
f 349//447 1288//444 797//446
f 349//447 1289//448 1288//444
f 346//449 1289//448 349//447
f 347//450 1289//448 346//449
f 347//450 1256//441 1289//448
f 342//451 322//348 47//33
f 342//451 311//452 322//348
f 349//447 797//446 348//453
f 350//454 330//439 347//450
f 331//438 330//439 350//454
f 341//455 343//2 344//5
f 746//456 341//455 344//5
f 334//457 1270//458 1267//459
f 351//460 349//447 348//453
f 353//461 349//447 351//460
f 355//462 350//454 353//461
f 331//438 350//454 355//462
f 1267//459 1271//463 335//464
f 334//457 1267//459 335//464
f 780//20 356//152 778//465
f 352//154 801//466 356//152
f 352//154 354//153 351//460
f 355//462 353//461 354//153
f 357//157 332//435 355//462
f 336//467 1271//463 1248//433
f 339//468 340//469 342//451
f 311//452 342//451 340//469
f 343//2 339//468 345//470
f 338//471 339//468 343//2
f 341//455 338//471 343//2
f 337//472 1973//473 334//457
f 334//457 335//464 338//471
f 337//472 334//457 338//471
f 339//468 1271//463 340//469
f 341//455 337//472 338//471
f 341//455 788//474 337//472
f 395//475 373//476 396//477
f 396//477 373//476 376//478
f 395//475 399//479 368//480
f 393//481 386//482 389//483
f 393//484 391//485 392//486
f 386//482 393//481 381//487
f 392//486 390//488 382//489
f 391//490 388//491 390//492
f 382//489 390//488 372//493
f 390//492 371//494 372//495
f 382//489 372//493 365//496
f 386//482 381//487 384//497
f 386//482 399//479 387//498
f 386//482 384//497 399//479
f 385//499 370//500 371//494
f 384//497 368//480 399//479
f 384//497 362//501 368//480
f 381//487 383//502 981//503
f 381//487 980//504 384//497
f 395//475 396//477 397//505
f 398//506 370//500 385//499
f 387//498 399//479 395//475
f 404//507 387//498 402//508
f 405//509 385//499 391//490
f 394//510 405//509 391//485
f 406//511 400//512 405//509
f 403//513 405//509 394//510
f 407//514 406//511 405//509
f 408//515 406//511 407//514
f 410//516 396//477 376//478
f 397//505 396//477 410//516
f 411//517 605//518 380//519
f 412//520 397//505 410//516
f 401//521 411//517 398//506
f 415//522 401//521 416//523
f 459//524 455//525 448//526
f 452//527 448//526 446//528
f 454//529 457//529 456//529
f 448//526 455//525 451//530
f 455//525 454//531 456//532
f 451//530 453//533 447//534
f 449//535 450//536 453//537
f 402//508 397//505 418//538
f 404//507 402//508 418//538
f 418//538 419//539 404//507
f 418//538 412//520 420//540
f 421//541 420//540 414//542
f 420//540 422//543 418//538
f 422//543 420//540 425//544
f 362//501 366//545 368//480
f 367//546 366//545 362//501
f 369//547 359//548 363//549
f 367//546 713//550 366//545
f 713//550 358//551 366//545
f 365//552 977//553 978//554
f 364//555 363//549 973//556
f 972//557 957//558 367//546
f 360//559 716//560 708//561
f 408//515 423//562 406//511
f 447//563 450//563 445//563
f 448//526 451//530 443//564
f 444//565 442//566 445//567
f 446//528 448//526 441//568
f 442//566 438//569 445//567
f 449//535 442//566 444//565
f 441//568 443//564 436//570
f 409//571 423//562 408//515
f 417//572 416//523 423//573
f 421//541 425//544 420//540
f 423//573 424//574 426//575
f 419//539 424//576 409//577
f 427//578 417//572 426//575
f 429//579 419//539 422//543
f 427//578 426//575 430//580
f 426//575 428//581 430//580
f 425//544 432//582 422//543
f 363//549 359//548 712//583
f 434//584 430//580 435//585
f 432//582 435//586 429//579
f 370//500 369//547 363//549
f 436//570 439//587 432//582
f 372//495 364//555 365//552
f 366//545 358//551 715//588
f 435//585 438//569 434//584
f 366//545 715//588 373//476
f 373//476 361//589 376//478
f 360//559 359//548 369//547
f 369//547 374//590 360//559
f 565//591 438//569 440//592
f 374//590 369//547 375//593
f 376//478 361//589 377//594
f 376//478 377//594 378//595
f 379//596 662//597 374//590
f 957//558 962//598 713//550
f 479//599 513//600 488//601
f 492//602 514//603 515//604
f 510//605 512//606 514//607
f 510//605 509//608 512//606
f 487//609 509//608 510//605
f 488//610 509//608 486//611
f 486//612 509//608 487//609
f 508//613 507//614 483//615
f 507//614 499//616 497//617
f 499//618 496//619 497//620
f 507//614 497//617 484//621
f 484//621 497//617 472//622
f 523//623 530//216 508//613
f 506//624 502//625 478//626
f 480//627 503//628 527//188
f 480//627 506//624 478//626
f 504//629 476//630 521//631
f 505//632 479//599 477//633
f 477//633 504//629 505//634
f 480//627 482//635 503//628
f 473//636 501//637 521//631
f 501//637 471//638 498//639
f 474//640 502//625 475//641
f 471//638 501//637 473//636
f 118//253 535//642 536//263
f 535//642 531//643 511//644
f 497//620 496//619 493//645
f 472//622 494//646 469//647
f 457//648 493//649 470//650
f 471//638 470//650 498//639
f 470//650 493//649 498//639
f 481//651 492//602 515//245
f 623//652 491//653 481//651
f 514//603 531//643 532//654
f 512//655 511//644 531//643
f 530//187 517//243 499//616
f 530//216 507//614 508//613
f 115//656 531//657 535//658
f 115//656 118//659 125//247
f 515//245 533//255 126//227
f 586//660 488//601 465//661
f 489//662 466//663 490//664
f 467//665 466//663 489//662
f 465//661 486//611 485//666
f 485//667 486//612 487//609
f 632//668 465//661 485//666
f 466//669 464//670 485//667
f 483//615 484//621 459//524
f 484//621 472//622 469//647
f 459//524 484//621 455//525
f 484//621 469//647 455//525
f 455//525 469//647 454//531
f 483//615 459//524 452//527
f 578//671 483//615 452//527
f 452//527 459//524 448//526
f 592//672 482//635 593//673
f 480//627 596//674 593//673
f 593//673 482//635 480//627
f 479//599 591//675 595//676
f 479//599 586//660 591//675
f 477//633 595//676 594//677
f 473//636 580//678 471//638
f 474//640 581//679 596//674
f 594//677 580//678 473//636
f 469//647 457//680 458//681
f 580//678 470//650 471//638
f 529//682 482//635 481//651
f 538//190 524//241 502//625
f 526//193 525//195 505//634
f 526//193 521//631 522//196
f 469//647 458//681 454//531
f 481//651 515//245 529//682
f 515//604 514//603 532//654
f 518//244 500//683 519//242
f 517//243 519//242 500//683
f 501//637 518//684 520//685
f 502//625 523//623 508//613
f 129//238 501//637 520//685
f 521//631 129//238 522//196
f 506//624 538//190 502//625
f 468//686 463//687 466//669
f 467//688 461//689 468//690
f 461//691 463//687 468//686
f 463//687 464//670 466//669
f 586//660 465//661 632//668
f 463//687 462//692 464//670
f 527//188 482//635 528//191
f 526//193 505//634 504//629
f 504//629 521//631 526//193
f 462//693 631//694 632//668
f 463//687 460//695 462//692
f 554//696 570//697 551//698
f 551//698 570//697 549//699
f 549//699 567//700 559//701
f 574//702 623//652 592//672
f 595//676 591//675 590//703
f 590//704 594//677 595//676
f 587//705 592//672 593//673
f 544//706 543//707 558//708
f 558//708 543//707 417//572
f 591//675 586//660 590//703
f 589//709 584//710 583//711
f 570//697 573//712 567//700
f 567//700 568//713 563//714
f 567//700 573//712 568//713
f 572//715 555//716 547//717
f 571//718 573//712 570//697
f 544//706 561//719 547//720
f 588//721 590//704 585//722
f 590//703 586//660 585//723
f 585//723 586//660 572//715
f 573//712 571//718 587//705
f 559//701 421//541 546//724
f 594//677 582//725 580//678
f 546//724 421//541 414//542
f 566//726 437//727 563//714
f 562//728 565//591 564//729
f 565//591 562//728 431//730
f 437//727 433//731 560//732
f 560//732 433//731 425//544
f 562//728 561//719 558//708
f 558//708 431//730 562//728
f 582//725 575//733 576//734
f 583//711 577//735 566//726
f 582//725 565//591 575//733
f 569//736 565//591 582//725
f 563//714 568//713 583//711
f 576//734 579//737 580//678
f 577//735 578//671 441//568
f 579//737 575//733 449//535
f 565//591 440//592 575//733
f 470//650 579//737 453//738
f 580//678 579//737 470//650
f 539//739 616//740 541//741
f 557//742 623//652 574//702
f 557//742 622//743 623//652
f 543//707 415//522 416//523
f 608//744 541//741 616//740
f 545//745 624//746 540//747
f 544//706 550//748 545//745
f 549//699 546//724 542//749
f 549//699 542//749 548//750
f 547//717 555//716 553//751
f 624//746 625//752 614//753
f 615//754 622//743 556//755
f 552//756 625//752 550//748
f 555//716 552//756 553//751
f 553//751 552//756 550//748
f 553//757 550//748 544//706
f 552//756 621//758 625//752
f 688//759 698//760 623//652
f 606//761 605//518 413//762
f 604//763 598//764 379//596
f 410//516 378//595 616//740
f 378//595 603//765 616//740
f 604//763 379//596 605//518
f 597//766 663//767 607//768
f 608//744 603//765 607//768
f 600//769 657//770 598//764
f 610//771 604//763 606//761
f 599//772 601//773 611//774
f 601//773 659//775 620//776
f 609//777 599//772 612//778
f 612//778 599//772 611//774
f 620//776 659//775 666//779
f 613//780 602//781 610//771
f 615//754 611//774 620//776
f 379//596 598//764 662//597
f 698//760 696//782 628//783
f 626//784 629//785 627//786
f 377//594 597//766 603//765
f 661//787 597//766 377//594
f 617//788 609//777 612//778
f 667//789 665//790 602//781
f 600//769 664//791 657//770
f 599//772 663//767 654//792
f 620//776 666//779 619//793
f 618//794 667//789 602//781
f 618//794 602//781 613//795
f 621//758 618//794 613//795
f 621//758 613//795 614//753
f 552//756 660//796 618//794
f 552//756 618//794 621//758
f 628//797 627//798 629//799
f 694//800 626//784 695//801
f 619//793 687//802 688//759
f 688//759 622//743 619//793
f 623//652 630//803 467//804
f 628//797 629//799 460//695
f 629//785 626//784 631//694
f 555//716 632//668 631//694
f 629//785 631//694 460//805
f 651//806 642//807 652//808
f 710//809 642//807 651//806
f 652//808 642//807 645//810
f 656//811 655//812 646//813
f 658//814 638//815 655//812
f 684//816 685//817 691//818
f 691//818 685//817 692//819
f 691//818 692//819 695//820
f 693//821 691//818 695//820
f 695//801 692//822 694//800
f 668//823 1617//824 1619//825
f 669//826 1617//824 668//823
f 641//827 1617//828 669//829
f 670//830 641//827 669//829
f 673//831 668//823 672//832
f 671//833 672//834 1618//835
f 697//836 691//837 693//838
f 698//760 693//838 696//782
f 649//839 639//840 641//827
f 640//841 1592//842 658//814
f 674//843 673//831 672//832
f 675//844 673//831 674//843
f 633//845 1586//846 1661//847
f 675//844 674//843 679//848
f 1587//849 1586//846 633//845
f 676//850 675//844 679//848
f 633//845 636//851 1587//849
f 637//852 1588//853 636//851
f 670//854 669//855 673//856
f 635//857 634//858 1589//859
f 637//852 1591//860 1588//853
f 1596//861 1590//862 639//840
f 1592//842 1591//860 638//815
f 641//827 639//840 1593//863
f 659//775 649//839 666//779
f 677//864 673//856 675//865
f 665//790 658//814 664//791
f 678//866 675//865 676//867
f 664//791 658//814 655//812
f 680//868 674//869 671//833
f 660//796 683//870 680//868
f 676//850 679//848 681//871
f 681//872 680//868 683//870
f 682//873 681//871 684//816
f 598//764 657//770 653//874
f 685//817 684//816 681//871
f 683//870 686//875 685//876
f 597//766 652//808 663//767
f 670//830 677//877 687//802
f 670//830 666//779 649//839
f 653//874 662//597 598//764
f 678//866 676//867 682//878
f 689//879 678//866 682//878
f 661//787 651//806 597//766
f 684//880 689//879 682//878
f 690//881 684//880 691//837
f 646//813 638//815 637//852
f 647//882 635//857 1596//861
f 646//813 636//851 644//883
f 646//813 637//852 636//851
f 645//810 634//858 647//882
f 636//851 633//845 644//883
f 645//810 1594//884 634//858
f 706//885 643//886 1661//847
f 701//887 1595//888 642//807
f 642//807 1595//888 1594//884
f 705//889 1657//890 1018//891
f 1657//890 1656//892 1018//891
f 650//893 709//894 716//560
f 662//597 650//893 716//560
f 1660//895 1659//896 704//897
f 358//551 702//898 715//588
f 715//588 702//898 703//899
f 358//551 713//550 702//898
f 713//550 952//900 702//898
f 952//900 1006//901 702//898
f 962//598 952//900 713//550
f 1638//902 1635//903 1639//904
f 1006//901 1637//905 699//906
f 700//907 1636//908 1638//902
f 1638//902 1639//904 700//907
f 700//907 1639//904 701//887
f 707//909 708//561 705//889
f 706//885 704//897 709//894
f 708//561 709//894 705//889
f 711//910 701//887 710//809
f 702//898 1006//901 699//906
f 711//910 703//899 701//887
f 717//911 862//912 864//913
f 717//911 864//913 720//914
f 717//915 865//916 863//917
f 717//915 867//918 865//916
f 718//919 721//920 717//915
f 722//921 720//914 719//922
f 747//923 866//924 867//918
f 740//925 742//926 719//922
f 866//924 747//923 741//927
f 722//921 724//928 725//929
f 727//930 724//928 742//926
f 778//465 777//931 779//932
f 755//933 777//931 745//934
f 852//935 873//936 740//925
f 740//925 789//937 742//926
f 741//927 876//938 851//939
f 778//465 801//466 800//940
f 741//927 790//941 876//938
f 777//931 800//940 793//942
f 738//943 737//944 739//945
f 734//946 736//947 737//944
f 733//948 731//949 736//947
f 745//934 777//931 793//942
f 730//950 726//951 747//923
f 731//952 724//928 727//930
f 793//942 787//953 744//954
f 746//456 788//474 341//455
f 730//950 747//923 867//918
f 735//955 733//948 734//946
f 742//926 749//956 750//957
f 744//954 747//923 726//951
f 748//958 742//926 750//957
f 744//954 743//959 747//923
f 735//955 729//960 733//948
f 732//961 729//960 735//955
f 776//42 773//41 769//962
f 769//963 770//6 776//37
f 718//964 722//921 728//965
f 728//966 721//920 718//919
f 775//967 756//968 753//969
f 773//41 775//967 766//970
f 771//971 774//972 772//14
f 765//973 774//972 771//971
f 769//962 766//970 763//974
f 767//975 771//971 772//10
f 760//976 765//973 771//971
f 769//963 761//977 770//6
f 763//978 761//977 769//963
f 761//977 767//975 768//7
f 761//977 771//971 767//975
f 756//968 779//932 753//969
f 753//969 755//933 764//979
f 762//980 775//967 753//969
f 739//981 753//969 738//982
f 738//982 764//979 758//983
f 760//976 759//984 765//973
f 759//984 774//972 765//973
f 762//985 761//977 763//978
f 761//977 737//944 760//976
f 738//982 758//983 734//986
f 737//944 736//947 760//976
f 736//987 759//984 760//976
f 736//987 757//988 759//984
f 736//987 731//952 757//988
f 764//979 751//989 758//983
f 734//986 751//989 735//990
f 735//990 751//989 726//951
f 757//988 731//952 748//958
f 756//968 780//20 779//932
f 794//991 746//456 754//992
f 755//933 745//934 751//989
f 791//993 754//992 752//994
f 726//951 745//934 744//954
f 751//989 745//934 726//951
f 730//950 721//920 728//966
f 725//929 724//928 731//949
f 729//960 732//961 728//995
f 1978//996 1972//997 795//998
f 796//999 1978//996 795//998
f 797//446 1978//996 796//999
f 797//446 1287//445 1978//996
f 799//1000 796//999 795//998
f 743//959 787//953 790//941
f 790//941 787//953 786//1001
f 348//453 797//446 799//1000
f 792//1002 785//1003 781//1004
f 793//942 799//1000 798//1005
f 800//940 799//1000 793//942
f 790//941 786//1001 874//1006
f 874//1006 786//1001 875//1007
f 784//1008 785//1003 789//937
f 801//466 799//1000 800//940
f 788//474 783//1009 1973//473
f 781//1004 783//1009 788//474
f 782//1010 1971//1011 786//1001
f 875//1007 786//1001 2152//1012
f 783//1009 781//1004 1966//1013
f 784//1008 1963//1014 785//1003
f 870//1015 1970//1016 784//1008
f 1970//1016 1963//1014 784//1008
f 844//1017 840//1018 845//1019
f 812//1020 840//1018 844//1017
f 839//1021 841//1022 842//1023
f 841//1022 837//1024 813//1025
f 812//1020 803//1026 2139//1027
f 842//1023 813//1025 811//1028
f 838//1029 2137//1030 2105//1031
f 838//1029 804//1032 837//1024
f 835//1033 832//1034 836//1035
f 832//1034 835//1033 829//1036
f 829//1037 834//1038 830//1039
f 831//1040 827//1041 820//1042
f 827//1041 818//1043 820//1042
f 832//1034 827//1041 831//1040
f 830//1039 819//1044 828//1045
f 828//1045 819//1044 822//1046
f 829//1037 830//1039 826//1047
f 828//1045 822//1046 823//1048
f 825//1049 818//1043 827//1041
f 826//1047 828//1045 821//1050
f 821//1050 824//1051 826//1052
f 824//1053 825//1049 826//1054
f 824//1051 821//1050 942//1055
f 821//1050 823//1048 941//1056
f 942//1057 936//1058 816//1059
f 942//1055 941//1056 940//1060
f 941//1056 814//1061 927//1062
f 819//1044 848//1063 822//1046
f 815//1064 817//1065 818//1043
f 843//1066 847//1067 839//1021
f 840//1018 2135//1068 845//1019
f 847//1067 868//1069 839//1021
f 845//1019 2135//1068 871//1070
f 817//1065 808//1071 812//1020
f 810//1072 808//1071 817//1065
f 811//1028 814//1061 822//1046
f 811//1028 809//1073 814//1061
f 810//1072 807//1074 808//1071
f 815//1064 807//1074 810//1072
f 848//1063 842//1023 811//1028
f 817//1065 812//1020 844//1017
f 850//1075 817//1065 844//1017
f 850//1075 844//1017 846//1076
f 850//1075 846//1076 852//935
f 849//1077 853//1078 848//1063
f 857//1079 850//1075 852//935
f 853//1078 849//1077 851//939
f 853//1078 847//1067 843//1066
f 856//1080 857//1079 852//935
f 2102//1081 919//1082 920//1083
f 803//1026 2104//1084 2097//1085
f 2103//1086 920//1083 802//1087
f 871//1070 2135//1068 2148//1088
f 847//1067 869//1089 868//1069
f 872//1090 875//1007 847//1067
f 2152//1012 2151//1091 869//1089
f 872//1090 847//1067 853//1078
f 831//1040 857//1079 833//1092
f 849//1077 819//1044 834//1038
f 851//939 876//938 855//1093
f 876//938 872//1090 855//1093
f 876//938 874//1006 872//1090
f 837//1024 2103//1086 802//1087
f 923//1094 805//1095 920//1083
f 806//1096 2220//1097 2104//1084
f 859//1098 833//1099 858//1100
f 836//1101 860//1102 835//1103
f 833//1092 857//1079 858//1100
f 860//1102 849//1077 834//1038
f 860//1102 861//1104 849//1077
f 820//1042 850//1075 857//1079
f 869//1089 2151//1091 2141//1105
f 870//1015 2148//1088 2149//1106
f 869//1089 2141//1105 868//1069
f 802//1087 920//1083 805//1095
f 809//1073 805//1095 928//1107
f 806//1096 803//1026 808//1071
f 807//1074 925//1108 806//1096
f 808//1071 803//1026 812//1020
f 811//1028 813//1025 809//1073
f 813//1025 805//1095 809//1073
f 867//918 861//1104 865//916
f 861//1104 866//924 851//939
f 865//916 861//1104 860//1102
f 864//913 857//1079 856//1080
f 863//917 865//916 836//1101
f 862//912 858//1100 864//913
f 836//1035 862//912 863//1109
f 859//1098 858//1100 836//1035
f 877//1110 2168//1111 879//1112
f 2168//1111 2169//1113 879//1112
f 882//1114 2170//1115 878//1116
f 885//1117 1091//1118 891//1119
f 1086//1120 885//1117 887//1121
f 880//1122 884//1123 891//1119
f 885//1117 891//1119 888//1124
f 889//1125 885//1117 888//1124
f 1089//1126 886//1127 1088//1128
f 887//1129 890//1130 1089//1126
f 881//1131 1081//1132 1092//1133
f 1087//1134 1091//1118 885//1117
f 1088//1128 886//1127 1092//1133
f 940//1060 941//1056 939//1135
f 941//1056 927//1062 937//1136
f 940//1137 938//1138 942//1139
f 939//1135 941//1056 937//1136
f 938//1140 933//1141 936//1058
f 939//1142 938//1138 940//1137
f 938//1138 939//1142 931//1143
f 931//1144 937//1136 929//1145
f 929//1145 937//1136 914//1146
f 807//1074 935//1147 925//1108
f 936//1148 933//1149 935//1147
f 935//1147 930//1150 925//1108
f 932//1151 930//1150 934//1152
f 930//1150 935//1147 934//1152
f 933//1141 916//1153 932//1151
f 914//1146 927//1062 912//1154
f 916//1153 915//1155 932//1151
f 930//1150 913//1156 925//1108
f 916//1153 929//1157 911//1158
f 915//1155 913//1156 930//1150
f 927//1062 924//1159 912//1154
f 924//1159 921//1160 910//1161
f 924//1159 910//1161 912//1154
f 900//1162 925//1108 913//1156
f 922//1163 926//1164 925//1108
f 926//1164 922//1163 2220//1097
f 928//1107 923//1094 924//1159
f 920//1083 919//1082 923//1094
f 923//1094 895//1165 901//1166
f 923//1094 901//1166 921//1160
f 917//1167 918//1168 922//1163
f 900//1162 899//1169 922//1163
f 2102//1081 2219//1170 919//1082
f 2219//1170 2218//1171 919//1082
f 919//1082 2218//1171 895//1165
f 918//1168 2196//1172 2216//1173
f 911//1174 914//1175 909//1176
f 911//1158 915//1155 916//1153
f 908//1177 913//1156 915//1155
f 909//1178 912//1154 903//1179
f 906//1180 900//1162 913//1156
f 903//1179 912//1154 902//1181
f 909//1178 903//1179 904//1182
f 908//1177 907//1183 906//1180
f 903//1179 902//1181 890//1130
f 888//1124 905//1184 906//1180
f 904//1185 889//1125 907//1183
f 889//1125 888//1124 907//1183
f 902//1181 883//1186 886//1127
f 888//1124 891//1119 905//1184
f 905//1184 891//1119 897//1187
f 898//1188 901//1166 896//1189
f 897//1187 899//1169 900//1162
f 896//1189 895//1165 893//1190
f 892//1191 894//1192 899//1169
f 883//1186 896//1189 882//1114
f 896//1189 893//1190 882//1114
f 2195//1193 2189//1194 893//1190
f 969//1195 1005//1196 970//1197
f 968//1198 1005//1196 998//1199
f 998//1199 1005//1196 996//1200
f 998//1201 955//1202 967//1203
f 1005//1196 961//1204 996//1205
f 961//1204 956//1206 996//1205
f 1000//1207 987//1208 1004//1209
f 1003//1210 997//1211 998//1212
f 1003//1213 996//1200 999//1214
f 1003//1213 999//1214 1002//1215
f 991//1216 995//1217 982//1218
f 999//1219 956//1206 993//1220
f 995//1217 984//1221 982//1218
f 956//1206 992//1222 993//1220
f 956//1206 950//1223 992//1222
f 980//504 975//1224 972//557
f 981//503 975//1224 980//504
f 981//1225 365//496 979//1226
f 975//1224 979//1227 974//1228
f 979//1226 978//554 971//1229
f 989//1230 985//1231 988//1232
f 971//1229 977//553 976//1233
f 985//1231 1115//1234 988//1235
f 983//1236 1114//1237 1115//1234
f 951//1238 1007//1239 952//900
f 952//900 1007//1239 1006//901
f 984//1221 1113//1240 1112//1241
f 986//1242 983//1236 985//1231
f 973//556 959//1243 976//1244
f 1112//1241 945//1245 982//1218
f 982//1218 945//1245 944//1246
f 1027//1247 1025//1248 947//1249
f 1105//1250 950//1223 1022//1251
f 946//1252 1026//1253 951//1238
f 363//549 960//1254 973//556
f 1022//1251 1095//1255 1105//1250
f 950//1223 949//1256 1020//1257
f 971//1258 966//1259 965//1260
f 944//1246 945//1245 943//1261
f 944//1246 1024//1262 948//1263
f 954//1264 948//1263 946//1252
f 948//1263 954//1264 955//1265
f 944//1246 948//1263 991//1216
f 946//1252 951//1238 954//1264
f 954//1264 951//1238 957//558
f 959//1243 960//1254 947//1249
f 966//1266 976//1233 970//1267
f 976//1244 969//1195 970//1197
f 964//1268 968//1269 963//1270
f 969//1195 959//1243 1005//1196
f 958//1271 953//1272 1027//1247
f 712//583 958//1271 960//1254
f 959//1243 947//1249 961//1204
f 966//1259 964//1268 965//1260
f 963//1270 954//1264 964//1268
f 955//1265 954//1264 963//1270
f 943//1261 1019//1273 944//1246
f 1093//1274 1012//1275 1019//1273
f 1018//891 1656//892 2242//1276
f 1011//1277 2222//1278 1007//1239
f 2242//1276 2241//1279 1017//1280
f 1017//1280 2241//1279 1010//1281
f 1017//1280 1010//1281 1014//1282
f 1008//1283 1011//1277 1016//1284
f 1015//1285 1014//1282 2240//1286
f 1013//1287 1009//1288 1008//1283
f 1020//1257 1015//1285 1021//1289
f 1015//1285 1163//1290 1021//1289
f 1022//1251 1020//1257 1021//1289
f 1023//1291 1013//1287 1016//1284
f 1025//1248 1017//1280 1014//1282
f 1019//1273 1013//1287 1024//1262
f 1024//1262 1013//1287 1023//1291
f 1026//1253 1016//1284 1007//1239
f 1018//891 1017//1280 1027//1247
f 1637//905 2222//1278 2221//1292
f 1006//901 2222//1278 1637//905
f 2231//1293 2234//1294 1008//1283
f 2235//1295 2237//1296 1011//1277
f 1008//1283 2234//1294 2235//1295
f 1008//1283 2235//1295 1011//1277
f 2241//1279 2236//1297 1010//1281
f 2236//1297 2233//1298 1010//1281
f 1073//1299 2387//1300 1090//1301
f 1075//1302 1073//1299 1090//1301
f 877//1110 1075//1302 2168//1111
f 1074//1303 1075//1302 877//1110
f 880//1122 1074//1303 877//1110
f 1031//1304 1194//1305 1186//1306
f 1196//1307 1028//1308 1033//1309
f 1032//1310 1031//1304 1186//1306
f 1031//1304 2336//1311 1029//1312
f 1028//1308 1030//1313 1033//1309
f 1035//1314 1033//1309 1055//1315
f 881//1131 1076//1316 1081//1132
f 1148//1317 1032//1310 1186//1306
f 1032//1310 1148//1317 1038//1318
f 1035//1314 1055//1315 1042//1319
f 1079//1320 1074//1303 1091//1118
f 1088//1128 1069//1321 1068//1322
f 1086//1323 1068//1322 1084//1324
f 1085//1325 1080//1326 1069//1321
f 1078//1327 1079//1320 1082//1328
f 1193//1329 1035//1314 1042//1319
f 1041//1330 1151//1331 1042//1319
f 1043//1332 1041//1330 1042//1319
f 1039//1333 1036//1334 1044//1335
f 1043//1332 1071//1336 1045//1337
f 1084//1338 1070//1339 1083//1340
f 1069//1321 1080//1326 1077//1341
f 1154//1342 1040//1343 1048//1344
f 1047//1345 1154//1346 1048//1347
f 1048//1348 1149//1349 1047//1345
f 1049//1350 1044//1335 1048//1351
f 1049//1352 1045//1337 1046//1353
f 1049//1352 1043//1332 1045//1337
f 1195//1354 2331//1355 1028//1308
f 1070//1339 1082//1328 1083//1340
f 1084//1338 1065//1356 1070//1339
f 1066//1357 1057//1358 1078//1327
f 1063//1359 1069//1321 1056//1360
f 1080//1326 1053//1361 1077//1341
f 1078//1327 1074//1303 1079//1320
f 1077//1341 1053//1361 1052//1362
f 1073//1299 2386//1363 2387//1300
f 1074//1303 1073//1299 1075//1302
f 1072//1364 2384//1365 1073//1299
f 2385//1366 2365//1367 1053//1361
f 1072//1364 2363//1368 2384//1365
f 1061//1369 1045//1337 1060//1370
f 1061//1371 1039//1333 1046//1372
f 1071//1336 1042//1319 1058//1373
f 1062//1374 1065//1356 1084//1338
f 1062//1375 1084//1324 1067//1376
f 1065//1356 1064//1377 1070//1339
f 1064//1377 1066//1357 1070//1339
f 1068//1322 1063//1359 1059//1378
f 1064//1377 1058//1373 1066//1357
f 1058//1373 1055//1315 1066//1357
f 1063//1359 1056//1360 1054//1379
f 1055//1315 1057//1358 1066//1357
f 1062//1374 1060//1370 1065//1356
f 1061//1371 1037//1380 1039//1333
f 1071//1336 1058//1373 1060//1370
f 1059//1378 1054//1379 1038//1318
f 1057//1358 1050//1381 1072//1364
f 1051//1382 2336//1311 1034//1383
f 1054//1379 1034//1383 1032//1310
f 1052//1362 2365//1367 2362//1384
f 1072//1364 1050//1381 2363//1368
f 1050//1381 2361//1385 2363//1368
f 1051//1382 2362//1384 2336//1311
f 2335//1386 2361//1385 1050//1381
f 1122//1387 1170//1388 1096//1389
f 1119//1390 1120//1391 1118//1392
f 990//1393 1117//1394 1116//1395
f 1113//1240 1109//1396 1106//1397
f 1113//1240 1106//1397 1112//1241
f 1114//1237 1105//1250 1098//1398
f 1098//1398 1105//1250 1095//1255
f 1094//1399 945//1245 1112//1241
f 1109//1396 1138//1400 1107//1401
f 1111//1402 1101//1403 1110//1404
f 1110//1404 1101//1403 1103//1405
f 1109//1396 1107//1401 1106//1397
f 1114//1237 1101//1403 1108//1406
f 1098//1398 1095//1255 1173//1407
f 1148//1317 1178//1408 1121//1409
f 1128//1410 1130//1411 1150//1412
f 1130//1411 1193//1329 1151//1331
f 1036//1334 1148//1317 1121//1409
f 1130//1411 1151//1331 1040//1343
f 1152//1413 1149//1349 1129//1414
f 1153//1415 1152//1413 1134//1416
f 1123//1417 1122//1387 1096//1389
f 1122//1387 1190//1418 1187//1419
f 1174//1420 1161//1421 1097//1422
f 1100//1423 1174//1420 1097//1422
f 1099//1424 1100//1423 1097//1422
f 1102//1425 1175//1426 1176//1427
f 1100//1423 1096//1389 1174//1420
f 1135//1428 1132//1429 1147//1430
f 1135//1431 1147//1432 1133//1433
f 1145//1434 1146//1435 1147//1432
f 1147//1432 1146//1435 1133//1433
f 1144//1436 1132//1429 1126//1437
f 1146//1435 1142//1438 1133//1433
f 1145//1439 1144//1436 1143//1440
f 1144//1436 1104//1441 1137//1442
f 1142//1438 1131//1443 1125//1444
f 1141//1445 1136//1446 1142//1438
f 1141//1445 1142//1438 1146//1435
f 1097//1422 1161//1421 1162//1447
f 1140//1448 1136//1446 1139//1449
f 1110//1404 1103//1405 1136//1446
f 1126//1437 1096//1389 1104//1441
f 1153//1450 1133//1433 1150//1412
f 1133//1433 1128//1410 1150//1412
f 1162//1447 1093//1274 1094//1399
f 1135//1428 1134//1416 1132//1429
f 1133//1433 1125//1444 1128//1410
f 1134//1416 1129//1414 1126//1437
f 1126//1437 1129//1414 1123//1417
f 1094//1399 1093//1274 943//1261
f 1094//1399 943//1261 945//1245
f 1175//1426 1103//1405 1101//1403
f 1131//1443 1188//1451 1125//1444
f 1103//1405 1102//1425 1131//1443
f 1124//1452 1192//1453 1130//1411
f 1125//1444 1124//1452 1128//1410
f 1127//1454 1190//1418 1122//1387
f 1166//1455 2420//1456 1167//1457
f 1167//1457 2420//1456 2422//1458
f 1168//1459 1166//1455 1167//1457
f 1167//1457 2418//1460 1179//1461
f 1166//1455 1157//1462 2420//1456
f 1165//1463 2400//1464 1155//1465
f 1164//1466 2419//1467 2417//1468
f 1164//1466 2417//1468 2421//1469
f 2401//1470 2396//1471 1009//1288
f 2400//1464 2399//1472 2401//1470
f 2240//1286 2403//1473 1159//1474
f 1157//1462 1159//1474 1156//1475
f 1194//1305 2434//1476 2427//1477
f 2333//1478 2434//1476 1194//1305
f 1172//1479 1157//1462 1166//1455
f 1192//1453 1191//1480 1193//1329
f 1190//1418 1178//1408 1182//1481
f 1191//1480 1184//1482 1185//1483
f 1182//1481 1177//1484 1183//1485
f 1181//1486 1184//1482 1191//1480
f 1182//1481 1180//1487 1187//1419
f 1188//1451 1171//1488 1189//1489
f 1171//1488 1181//1486 1189//1489
f 1185//1483 1184//1482 2431//1490
f 1183//1485 2419//1467 1180//1487
f 1179//1461 2418//1460 2429//1491
f 1161//1421 1155//1465 1160//1492
f 1173//1407 1172//1479 1166//1455
f 1158//1493 1009//1288 1012//1275
f 1158//1493 1155//1465 2401//1470
f 1160//1492 1158//1493 1162//1447
f 2240//1286 1159//1474 1172//1479
f 1172//1479 1159//1474 1157//1462
f 1176//1427 1166//1455 1168//1459
f 1168//1459 1179//1461 1171//1488
f 1185//1483 1195//1354 1196//1307
f 1185//1483 2431//1490 1195//1354
f 1249//386 1233//1494 1246//428
f 1236//1495 1245//1496 1251//385
f 1242//1497 1236//1495 300//384
f 1207//429 1243//1498 275//410
f 1223//416 1220//1499 1221//1500
f 1222//418 1243//1498 1220//1501
f 1220//1499 1215//1502 1221//1500
f 1220//1499 1216//1503 1215//1502
f 1220//1501 1243//1498 1216//1504
f 1224//1505 1505//1506 1226//1507
f 1507//1508 1506//1509 1228//1510
f 1228//1510 1506//1509 1227//1511
f 1506//1509 1492//1512 1225//1513
f 1502//1514 1503//1515 1500//1516
f 1504//1517 1507//1508 1229//1518
f 1212//1519 1203//1520 1219//1521
f 1215//1502 1218//1522 1219//1523
f 1218//1522 1217//1524 1213//1525
f 1213//1525 1212//1519 1218//1522
f 1216//1503 1217//1524 1215//1502
f 1216//1504 1210//1526 1214//1527
f 1250//430 1235//1528 1257//440
f 1257//440 1235//1528 1255//1529
f 1255//1529 1286//1530 1256//441
f 1197//1531 1475//1532 1474//1533
f 1198//1534 1475//1532 1197//1531
f 1477//1535 1199//1536 1476//1537
f 1200//1538 1199//1536 1477//1535
f 1249//386 1247//432 1233//1494
f 1247//432 1240//1539 1233//1494
f 1231//1540 1229//1518 1507//1508
f 1252//426 1245//1496 1239//1541
f 1239//1541 1241//1542 1252//426
f 1198//1543 1199//1536 1201//1544
f 1253//1545 1392//1546 1399//1547
f 1219//1521 1203//1520 1242//1497
f 1205//1548 1213//1525 1209//1549
f 1200//1550 1558//1551 1212//1519
f 1213//1525 1205//1548 1211//1552
f 1211//1552 1201//1544 1200//1538
f 1208//1553 1207//429 1202//1554
f 1205//1548 1209//1549 1206//1555
f 1206//1556 1202//1554 1204//1557
f 1208//1558 1202//1554 1206//1556
f 1204//1559 1201//1544 1205//1548
f 1204//1557 1202//1554 1198//1534
f 1232//1560 1262//1561 1224//1505
f 1224//1505 1226//1507 1232//1560
f 1235//1528 1234//1562 1227//1511
f 1203//1520 1229//1518 1236//1495
f 1502//1514 1500//1516 1207//429
f 1255//1529 1254//1563 1286//1530
f 1254//1563 1281//1564 1286//1530
f 1255//1529 1235//1528 1254//1563
f 1239//1541 1237//1565 1231//1540
f 1230//1566 1238//1567 1244//427
f 1236//1495 1237//1565 1245//1496
f 1216//1504 1207//429 1210//1526
f 1207//429 1208//1553 1210//1526
f 1225//1513 1253//1545 1254//1563
f 1240//1539 1266//1568 1232//1560
f 1237//1565 1236//1495 1229//1518
f 1230//1566 1502//1514 1238//1567
f 1233//1494 1226//1507 1230//1566
f 1482//1569 1483//1570 1203//1520
f 1207//429 1500//1516 1202//1554
f 1202//1554 1500//1516 1475//1532
f 1198//1534 1202//1554 1475//1532
f 1234//1562 1231//1540 1228//1510
f 1223//1571 1242//1497 304//1572
f 1270//458 1264//1573 1263//1574
f 1268//1575 1267//459 1265//1576
f 1280//1577 1276//1578 1275//1579
f 1280//1577 1281//1564 1276//1578
f 1282//1580 1283//1581 1277//1582
f 1284//1583 1280//1577 1279//1584
f 1279//1584 1278//1585 1283//1581
f 1285//1586 1279//1584 1283//1581
f 1285//1586 1284//1583 1279//1584
f 1279//1584 1275//1579 1278//1585
f 1275//1579 1274//1587 1278//1585
f 1266//1568 1261//1588 1262//1561
f 1276//1578 1399//1547 1275//1579
f 1275//1579 1399//1547 1397//1589
f 1274//1587 1272//1590 1273//1591
f 1273//1591 1272//1590 2053//1592
f 1272//1590 1398//1593 1380//1594
f 1272//1590 1380//1594 2049//1595
f 1263//1574 1259//1596 1394//1597
f 1265//1576 1394//1597 1261//1588
f 1267//459 1268//1575 1271//463
f 1264//1573 1258//1598 1263//1574
f 1258//1598 1259//1596 1263//1574
f 1271//463 1269//1599 1248//433
f 2048//1600 1258//1598 1264//1573
f 1287//445 1288//444 1282//1580
f 1289//448 1285//1586 1283//1581
f 1289//448 1283//1581 1288//444
f 1256//441 1284//1583 1289//448
f 1261//1588 1260//1601 1395//1602
f 1261//1588 1394//1597 1260//1601
f 1260//1601 1394//1597 1388//1603
f 1259//1596 1385//1604 1394//1597
f 1259//1596 1258//1598 1385//1604
f 2048//1600 1393//1605 1258//1598
f 1375//1606 1374//1607 1373//1608
f 1366//1609 1328//1610 1364//1611
f 1358//1612 1371//1613 1544//1614
f 1358//1612 1356//1615 1371//1613
f 1367//1616 1368//1617 1386//1618
f 1367//1616 1364//1611 1368//1617
f 1359//1619 1347//1620 1368//1617
f 1363//1621 1361//1622 1360//1623
f 1359//1619 1364//1611 1354//1624
f 1363//1621 1362//1625 1361//1622
f 1361//1622 1357//1626 1360//1623
f 1354//1624 1348//1627 1355//1628
f 1338//1629 1352//1630 1353//1631
f 1353//1631 1351//1632 1349//1633
f 1353//1631 1348//1634 1351//1632
f 1352//1630 1350//1635 1348//1634
f 1351//1632 1348//1634 1326//1636
f 1327//1637 1356//1615 1349//1638
f 1349//1633 1326//1636 1327//1637
f 1347//1620 1344//1639 1382//1640
f 1344//1639 1345//1641 1382//1640
f 1362//1625 1346//1642 1343//1643
f 1344//1639 1342//1644 1345//1641
f 1355//1628 1344//1639 1359//1619
f 1334//1645 1335//1646 1342//1644
f 1350//1647 1334//1645 1355//1628
f 1341//1648 1339//1649 1340//1650
f 1340//1650 1337//1651 1338//1629
f 1339//1649 1335//1652 1337//1651
f 2031//1653 1332//1654 1339//1649
f 1339//1649 1336//1655 1335//1652
f 1337//1651 1334//1656 1352//1630
f 2033//1657 2031//1653 1341//1648
f 1337//1651 1335//1652 1334//1656
f 1352//1630 1334//1656 1350//1635
f 1342//1644 1333//1658 1345//1641
f 1342//1644 1332//1659 1333//1658
f 1339//1649 1332//1654 1336//1655
f 1260//1601 1388//1603 1390//1660
f 1378//1661 2037//1662 2036//1663
f 1378//1661 2036//1663 1383//1664
f 1331//1665 1328//1610 1366//1609
f 1331//1665 1330//1666 1328//1610
f 1371//1613 1325//1667 1533//1668
f 1325//1667 1356//1615 1327//1637
f 1314//1669 1329//1670 1321//1671
f 1385//1604 1388//1603 1394//1597
f 1343//1643 1381//1672 1377//1673
f 1383//1664 2036//1663 1377//1673
f 1345//1641 2013//1674 1379//1675
f 1383//1664 1381//1672 1346//1642
f 1382//1640 1379//1675 1380//1594
f 1396//1676 1382//1640 1380//1594
f 1369//1677 1383//1664 1346//1642
f 1369//1677 1346//1642 1363//1621
f 1368//1617 1347//1620 1386//1618
f 1387//1678 1369//1677 1365//1679
f 1384//1680 1369//1677 1387//1678
f 1370//1681 1367//1616 1386//1618
f 1385//1604 1384//1680 1388//1603
f 1388//1603 1384//1680 1387//1678
f 1390//1660 1365//1679 1488//1682
f 1390//1660 1387//1678 1365//1679
f 1450//1683 1448//1684 1302//1685
f 1376//1686 1375//1606 1370//1681
f 1448//1684 1290//1687 1292//1688
f 1291//1689 1292//1690 1290//1691
f 1293//1692 1292//1690 1291//1689
f 1302//1685 1292//1688 1294//1693
f 1302//1685 1294//1693 1298//1694
f 1327//1637 1314//1695 1313//1696
f 1327//1637 1313//1696 1322//1697
f 1320//1698 1329//1670 1324//1699
f 1325//1667 1322//1697 1318//1700
f 1320//1698 1324//1699 1323//1701
f 1322//1697 1321//1702 1318//1703
f 1318//1703 1321//1702 1316//1704
f 1319//1705 1318//1700 1529//1706
f 1318//1703 1316//1704 1311//1707
f 1306//1708 1316//1709 1317//1710
f 1311//1711 1316//1711 1306//1711
f 1510//1712 1311//1713 1310//1714
f 1312//1715 1303//1716 1315//1717
f 1391//1718 1397//1589 1399//1547
f 1399//1547 1392//1546 1391//1718
f 1397//1589 1391//1718 1389//1719
f 1397//1589 1398//1593 1274//1587
f 1398//1593 1397//1589 1389//1719
f 1380//1594 2038//1720 2049//1595
f 1392//1546 1376//1686 1391//1718
f 1450//1683 1302//1685 1297//1721
f 1295//1722 1298//1694 1294//1693
f 1296//1723 1299//1724 1295//1725
f 1304//1726 1298//1694 1303//1716
f 1297//1721 1302//1685 1304//1726
f 1299//1727 1303//1716 1298//1694
f 1315//1717 1299//1727 1306//1708
f 1293//1728 1307//1729 1295//1730
f 1307//1729 1293//1728 1308//1731
f 1308//1731 1310//1714 1307//1729
f 1301//1732 1307//1729 1309//1733
f 1304//1726 1303//1716 1312//1715
f 1393//1605 2045//1734 1378//1661
f 1435//1735 1428//1736 1455//1737
f 1436//1738 1456//1739 1405//1740
f 1456//1739 1403//1741 1405//1740
f 1300//1742 1291//1743 1454//1744
f 1434//1745 1452//1746 1448//1684
f 1456//1739 1300//1742 1454//1744
f 1291//1747 1452//1747 1453//1747
f 1453//1748 1434//1745 1433//1749
f 1453//1750 1452//1746 1434//1745
f 1458//1751 1437//1752 1410//1753
f 1457//1754 1407//1755 1460//1756
f 1291//1757 1290//1687 1448//1684
f 1451//1758 1449//1759 1450//1683
f 1449//1759 1448//1684 1450//1683
f 1449//1759 1434//1745 1448//1684
f 1447//1760 1440//1761 1446//1762
f 1423//1763 1422//1764 1446//1762
f 1444//1765 1442//1766 1445//1767
f 1440//1768 1443//1769 1442//1770
f 1440//1768 1442//1770 1441//1771
f 1423//1772 1441//1771 1421//1773
f 1421//1773 1438//1774 1418//1775
f 1422//1764 1526//1776 1446//1762
f 1438//1777 1439//1778 1458//1751
f 1418//1779 1438//1777 1413//1780
f 1842//1781 1411//1782 1526//1776
f 1409//1783 1406//1784 1457//1754
f 1437//1752 1436//1738 1408//1785
f 1838//1786 1436//1738 1405//1740
f 1404//1787 1428//1736 1435//1735
f 1453//1788 1430//1789 1432//1790
f 1453//1788 1433//1791 1430//1789
f 1430//1792 1433//1749 1426//1793
f 1429//1794 1431//1795 1402//1796
f 1432//1797 1431//1795 1429//1794
f 1431//1795 1425//1798 1402//1799
f 1431//1795 1426//1800 1425//1798
f 1401//1801 1424//1802 1428//1736
f 1449//1759 1426//1793 1434//1745
f 1427//1803 1426//1793 1449//1759
f 1424//1804 1425//1805 1427//1803
f 1424//1804 1400//1806 1425//1805
f 1461//1807 1436//1738 1437//1752
f 1423//1772 1416//1808 1422//1809
f 1422//1810 1416//1811 1420//1812
f 1422//1810 1420//1812 1419//1813
f 1419//1814 1858//1815 1422//1764
f 1404//1787 1830//1816 1401//1801
f 1423//1772 1418//1775 1416//1808
f 1418//1817 1417//1818 1416//1811
f 1420//1819 1412//1820 1859//1821
f 1420//1812 1859//1821 1419//1813
f 1462//1822 1461//1807 1458//1751
f 1418//1817 1413//1823 1417//1818
f 1413//1780 1414//1824 1417//1825
f 1413//1780 1410//1753 1844//1826
f 1411//1782 1459//1827 1463//1828
f 1412//1820 1853//1829 1854//1830
f 1402//1799 1400//1806 1832//1831
f 1832//1831 1400//1806 1829//1832
f 1833//1833 1402//1799 1832//1831
f 1830//1816 1424//1802 1401//1801
f 1840//1834 1839//1835 1406//1784
f 1409//1783 1840//1834 1406//1784
f 1439//1778 1444//1765 1458//1751
f 1464//1836 1444//1765 1445//1767
f 1465//1837 1464//1838 1443//1769
f 1524//1839 1444//1765 1464//1836
f 1466//1840 1524//1839 1464//1836
f 1467//1841 1466//1841 1464//1841
f 1446//1762 1526//1776 1447//1842
f 1468//1843 1443//1769 1447//1760
f 1468//1843 1465//1837 1443//1769
f 1464//1838 1465//1837 1472//1844
f 1828//1845 1829//1832 1400//1806
f 1451//1758 1305//1846 1509//1847
f 1467//1848 1524//1839 1466//1840
f 1455//1737 1451//1758 1509//1847
f 1456//1739 1508//1849 1300//1742
f 1447//1842 1526//1776 1558//1551
f 1461//1807 1469//1850 1456//1739
f 1482//1569 1478//1851 1483//1570
f 1507//1508 1501//1852 1506//1509
f 1507//1508 1504//1517 1501//1852
f 1483//1570 1478//1851 1499//1853
f 1558//1551 1478//1851 1482//1569
f 1558//1551 1559//1854 1478//1851
f 1525//1855 1555//1856 1550//1857
f 1481//1858 1525//1855 1475//1532
f 1501//1852 1496//1859 1506//1509
f 1471//1860 1525//1855 1524//1839
f 1559//1854 1553//1861 1479//1862
f 1365//1679 1486//1863 1488//1682
f 1365//1679 1372//1864 1486//1863
f 1491//1865 1489//1866 1376//1686
f 1492//1512 1496//1859 1491//1865
f 1491//1865 1376//1686 1392//1546
f 1471//1860 1524//1839 1467//1848
f 1471//1860 1467//1848 1474//1533
f 1476//1867 1467//1868 1472//1844
f 1493//1869 1548//1870 1480//1871
f 1493//1869 1564//1872 1548//1870
f 1473//1873 1476//1537 1472//1844
f 1477//1535 1476//1537 1473//1873
f 1224//1505 1490//1874 1505//1506
f 1484//1875 1375//1606 1376//1686
f 1505//1506 1487//1876 1494//1877
f 1495//1878 1557//1879 1566//1880
f 1504//1517 1499//1853 1497//1881
f 1503//1515 1481//1858 1500//1516
f 1502//1514 1498//1882 1503//1515
f 1502//1514 1494//1877 1498//1882
f 1494//1877 1480//1871 1498//1882
f 1494//1877 1493//1869 1480//1871
f 1498//1882 1525//1855 1481//1858
f 1497//1881 1479//1862 1556//1883
f 1525//1855 1480//1871 1555//1856
f 1495//1878 1485//1884 1496//1859
f 1485//1884 1489//1866 1491//1865
f 1489//1866 1485//1884 1484//1875
f 1485//1884 1495//1878 1566//1880
f 1485//1884 1566//1880 1484//1875
f 1557//1879 1543//1885 1546//1886
f 1564//1872 1563//1887 1548//1870
f 1546//1886 1561//1888 1565//1889
f 1508//1849 1308//1731 1300//1742
f 1561//1888 1534//1890 1560//1891
f 1560//1891 1534//1890 1330//1666
f 1509//1847 1305//1846 1511//1892
f 1305//1846 1304//1726 1528//1893
f 1510//1712 1310//1714 1308//1731
f 1374//1607 1565//1889 1560//1891
f 1304//1726 1312//1715 1528//1893
f 1323//1701 1528//1893 1320//1698
f 1528//1893 1323//1701 1530//1894
f 1530//1894 1323//1701 1532//1895
f 1535//1896 1511//1892 1530//1894
f 1532//1895 1535//1896 1530//1894
f 1536//1897 1537//1898 1532//1895
f 1542//1899 1537//1898 1536//1897
f 1516//1900 1518//1901 1538//1902
f 1537//1898 1517//1903 1535//1896
f 1522//1904 1517//1903 1537//1898
f 1518//1901 1522//1904 1538//1902
f 1522//1904 1537//1898 1542//1899
f 1538//1902 1522//1904 1541//1905
f 1540//1906 1522//1904 1542//1899
f 1543//1885 1542//1899 1536//1897
f 1533//1668 1531//1907 1545//1908
f 1545//1908 1531//1907 1551//1909
f 1543//1885 1536//1897 1546//1886
f 1549//1910 1539//1911 1523//1912
f 1549//1910 1551//1909 1539//1911
f 1554//1913 1541//1905 1540//1906
f 1545//1908 1551//1909 1547//1914
f 1553//1861 1541//1905 1554//1913
f 1550//1857 1555//1856 1552//1915
f 1374//1607 1560//1891 1331//1665
f 1553//1861 1556//1883 1479//1862
f 1558//1551 1527//1916 1559//1854
f 1372//1864 1563//1887 1564//1872
f 1559//1854 1527//1916 1541//1905
f 1526//1776 1463//1828 1516//1900
f 1372//1864 1562//1917 1563//1887
f 1525//1855 1520//1918 1524//1839
f 1547//1914 1562//1917 1544//1614
f 1563//1887 1562//1917 1547//1914
f 1523//1912 1513//1919 1519//1920
f 1518//1901 1517//1903 1522//1904
f 1469//1850 1513//1919 1508//1849
f 1516//1900 1470//1921 1518//1901
f 1515//1922 1462//1822 1458//1751
f 1519//1920 1469//1850 1462//1822
f 1470//1921 1460//1756 1517//1903
f 1460//1756 1514//1923 1517//1903
f 1460//1756 1512//1924 1514//1923
f 1510//1712 1308//1731 1513//1919
f 1511//1892 1512//1924 1509//1847
f 1881//1925 1882//1926 1581//1927
f 1580//1928 1571//1929 1880//1930
f 1583//1931 1584//1932 1571//1929
f 1584//1932 1883//1933 1572//1934
f 1618//1935 1584//1932 640//841
f 1573//1936 1888//1937 1598//1938
f 1602//1939 1601//1940 1606//1941
f 1600//1942 1603//1943 1597//1944
f 1603//1943 1600//1942 1601//1945
f 1602//1939 1603//1946 1601//1940
f 1603//1946 1607//1947 1622//1948
f 1575//1949 1650//1950 1654//1951
f 1577//1952 1878//1953 1881//1925
f 1579//1954 1580//1928 1570//1955
f 1578//1956 1569//1957 1577//1952
f 1650//1950 1575//1949 1644//1958
f 1567//1959 1877//1960 1574//1961
f 1652//1962 1646//1963 1567//1959
f 1596//861 1589//859 1582//1964
f 636//851 1588//853 1579//1954
f 1572//1934 1883//1933 1875//1965
f 1622//1948 1624//1966 1623//1967
f 1571//1929 1875//1968 1879//1969
f 1586//846 1576//1970 1575//1949
f 1587//849 1579//1954 1576//1970
f 1578//1956 1577//1952 1589//859
f 1590//862 1582//1964 1581//1927
f 1591//860 1580//1928 1588//853
f 1591//860 1583//1971 1580//1928
f 1592//842 1584//1932 1583//1931
f 1590//862 1573//1936 1593//863
f 1595//888 1655//1972 1594//884
f 1655//1972 1585//1973 1594//884
f 1622//1974 1621//1975 1597//1944
f 1605//1976 1598//1938 1889//1977
f 1605//1976 1889//1977 1599//1978
f 1895//1979 1627//1980 1890//1981
f 1895//1979 1628//1982 1627//1980
f 1627//1983 1624//1966 1607//1947
f 1571//1929 1879//1969 1880//1930
f 1890//1981 1627//1980 1607//1984
f 1623//1985 1626//1986 1625//1987
f 1625//1987 1892//1988 1621//1975
f 1624//1966 1627//1983 1623//1967
f 1623//1985 1621//1975 1622//1974
f 1620//1989 1613//1990 1611//1991
f 1617//828 1593//863 1620//1992
f 1880//1930 1869//1993 1570//1955
f 1593//863 1613//1994 1620//1992
f 1612//1995 1609//1996 1616//1997
f 1617//824 1616//1997 1619//825
f 1616//1997 1609//1996 1618//1998
f 1617//824 1620//1999 1612//1995
f 1617//824 1612//1995 1616//1997
f 1615//2000 1605//2001 1606//1941
f 1614//2002 1605//2001 1615//2000
f 1576//1970 1568//2003 1732//2004
f 1613//1990 1615//2000 1611//1991
f 1601//1945 1608//2005 1610//2006
f 1615//2007 1606//1941 1601//1940
f 1601//1945 1600//1942 1608//2005
f 1567//1959 1864//2008 1877//1960
f 1615//2007 1601//1940 1610//2009
f 1600//1942 1883//1933 1608//2010
f 1599//2011 1606//1941 1605//2001
f 1604//2012 1602//1939 1606//1941
f 1599//2011 1607//1984 1604//2012
f 1610//2006 1608//2005 1609//1996
f 1890//1981 1607//1984 1599//2011
f 1646//1963 1645//2013 1735//2014
f 1645//2013 1734//2015 1735//2014
f 1644//1958 1647//2016 1641//2017
f 1659//896 1653//2018 1658//2019
f 1654//1951 1653//2018 1659//896
f 1657//890 1658//2019 1648//2020
f 1658//2019 1653//2018 1648//2020
f 2230//2021 1642//2022 2275//2023
f 1644//1958 1641//2017 1651//2024
f 1645//2013 1646//1963 1652//1962
f 1633//2025 1645//2013 1652//1962
f 1644//1958 1732//2004 1647//2016
f 1642//2022 1641//2017 1640//2026
f 1654//1951 1651//2024 1653//2018
f 1651//2024 1649//2027 1653//2018
f 2274//2028 2273//2029 1733//2030
f 1630//2031 2274//2028 1629//2032
f 1631//2033 1629//2032 1643//2034
f 1643//2034 1645//2013 1633//2025
f 2221//1292 1630//2031 1632//2035
f 1634//2036 1632//2035 1631//2033
f 1635//903 1652//1962 1655//1972
f 1637//905 1634//2036 1636//908
f 1638//902 1634//2036 1635//903
f 1636//908 1634//2036 1638//902
f 1639//904 1635//903 1655//1972
f 1765//2037 1770//2037 1768//2037
f 1768//2038 1770//2039 1755//2040
f 1771//2041 1765//2042 1767//2043
f 1758//2044 1765//2042 1768//2045
f 1768//2045 1757//2046 1758//2044
f 1770//2039 1761//2047 1755//2040
f 1760//2048 1763//2049 1766//2050
f 1760//2048 1761//2047 1763//2049
f 1732//2004 1727//2051 1647//2016
f 1647//2016 1727//2051 1726//2052
f 1641//2017 1647//2016 1726//2052
f 1663//2053 1664//2054 1736//2055
f 1737//2056 1667//2057 1739//2058
f 1662//2059 1738//2060 1739//2058
f 1735//2014 1734//2015 1724//2061
f 1734//2015 1717//2062 1724//2061
f 1733//2030 1719//2063 1718//2064
f 1662//2059 1663//2053 1738//2060
f 1738//2060 1736//2055 1741//2065
f 1740//2066 1741//2067 1736//2068
f 1737//2056 1743//2069 1744//2070
f 1746//2071 1745//2072 1741//2073
f 1750//2074 1739//2058 1745//2075
f 1748//2076 1751//2077 1742//2078
f 1747//2079 1753//2080 1746//2071
f 1751//2077 1753//2080 1747//2079
f 1743//2081 1755//2040 1754//2082
f 1756//2083 1755//2040 1750//2074
f 1757//2084 1750//2085 1752//2086
f 1662//2059 1664//2054 1663//2053
f 1665//2087 1662//2059 1667//2057
f 1665//2087 1668//2088 1666//2089
f 1670//2090 1676//2091 2243//2092
f 1673//2093 1674//2094 1691//2095
f 1691//2095 1674//2094 1675//2096
f 1678//2097 1675//2096 1674//2094
f 1678//2097 1676//2091 1670//2090
f 1677//2098 1678//2097 1682//2099
f 1685//2100 1705//2101 1683//2102
f 1678//2097 1671//2103 1682//2099
f 1685//2100 1683//2102 1684//2104
f 1685//2105 1680//2106 1679//2107
f 1686//2108 1671//2109 1672//2110
f 1725//2111 1687//2112 1688//2113
f 1725//2111 1688//2113 1708//2114
f 1688//2113 1690//2115 1689//2116
f 1687//2112 1691//2095 1690//2115
f 1690//2115 1694//2117 1662//2059
f 1694//2117 1691//2095 1695//2118
f 1697//2119 1696//2120 1700//2121
f 1700//2121 1723//2122 1693//2123
f 1698//2124 1694//2117 1699//2125
f 1766//2050 1759//2126 1773//2127
f 1664//2054 1698//2124 1701//2128
f 1698//2124 1699//2125 1701//2128
f 1696//2120 1701//2129 1704//2130
f 1702//2131 1696//2120 1697//2119
f 1695//2118 1681//2132 1703//2133
f 1706//2134 1699//2135 1705//2101
f 1696//2120 1704//2130 1706//2136
f 1706//2134 1705//2101 1685//2100
f 1706//2136 1679//2107 1700//2121
f 1769//2137 1774//2138 1763//2049
f 1771//2139 1769//2137 1770//2039
f 1772//2140 1775//2141 1767//2043
f 1769//2137 1771//2139 1775//2142
f 1689//2116 1666//2089 1707//2143
f 1688//2113 1689//2116 1707//2143
f 1689//2116 1690//2115 1665//2087
f 1692//2144 1711//2145 1697//2119
f 1904//2146 1669//2147 1711//2145
f 1669//2147 1742//2078 1740//2066
f 1740//2066 1702//2131 1669//2147
f 1740//2066 1736//2068 1702//2131
f 1702//2131 1664//2148 1701//2129
f 2248//2149 2243//2092 1676//2091
f 1714//2150 2262//2151 2252//2152
f 1716//2153 1672//2110 2264//2154
f 1716//2155 2262//2151 1715//2156
f 1718//2064 1719//2063 1673//2093
f 1720//2157 1721//2158 1722//2159
f 1719//2063 2248//2149 1673//2093
f 1721//2158 1714//2150 1722//2159
f 1686//2160 1715//2156 1680//2106
f 1777//2161 1774//2138 1776//2162
f 1775//2142 1776//2162 1774//2138
f 1721//2158 1728//2163 1693//2123
f 1727//2051 1728//2163 1726//2052
f 1693//2123 1723//2122 1721//2158
f 1724//2061 1708//2114 1729//2164
f 1730//2165 1708//2114 1707//2143
f 1784//2166 1777//2161 1776//2162
f 1791//2167 1819//2168 1786//2169
f 1818//2170 1789//2171 1820//2172
f 1790//2173 1785//2174 1834//2175
f 1792//2176 1821//2177 1791//2167
f 1953//2178 1950//2179 1842//1781
f 1792//2176 1793//2180 1843//2181
f 1953//2178 1842//1781 1794//2182
f 1777//2161 1781//2183 1774//2138
f 1782//2184 1781//2183 1777//2161
f 1784//2185 1776//2186 1772//2140
f 1784//2166 1782//2187 1777//2161
f 1793//2180 1886//2188 1799//2189
f 1824//2190 1795//2191 1800//2192
f 1825//2193 1824//2194 1801//2195
f 1941//2196 1937//2197 1780//2198
f 1943//2199 1786//2169 1942//2200
f 1826//2201 1799//2189 1824//2190
f 1826//2201 1793//2180 1799//2189
f 1850//2202 1826//2203 1825//2193
f 1849//2204 1850//2202 1825//2193
f 1951//2205 1787//2206 1790//2173
f 1790//2173 1941//2196 1785//2174
f 1788//2207 1791//2167 1954//2208
f 1950//2179 1952//2209 1818//2170
f 1794//2210 1825//2211 1801//2212
f 1823//2213 1827//2214 1849//2215
f 1789//2171 1790//2173 1820//2172
f 1834//2175 1780//2198 1808//2216
f 1817//2217 1814//2218 1786//2169
f 1806//2219 1809//2220 1828//1845
f 1832//1831 1809//2220 1831//2221
f 1836//2222 1814//2218 1817//2217
f 1818//2170 1820//2172 1837//2223
f 1822//2224 1835//2225 1839//1835
f 1819//2168 1838//1786 1817//2217
f 1821//2226 1838//1786 1819//2168
f 1796//2227 1891//2228 1893//2229
f 1840//1834 1822//2224 1839//1835
f 1838//1786 1836//2222 1817//2217
f 1795//2191 1886//2188 1897//2230
f 1841//2231 1838//1786 1821//2226
f 1796//2227 1897//2230 1891//2228
f 1894//2232 1797//2233 1796//2234
f 1798//2235 1797//2233 1802//2236
f 1797//2237 1795//2191 1897//2230
f 1799//2189 1886//2188 1795//2191
f 1800//2192 1795//2191 1797//2237
f 1801//2195 1800//2238 1798//2235
f 1899//2239 1802//2240 1894//2241
f 1898//2242 1802//2240 1899//2239
f 1898//2242 1798//2243 1802//2240
f 1803//2244 1798//2243 1898//2242
f 1842//1781 1818//2170 1837//2223
f 1773//2127 1778//2245 1779//2246
f 1773//2127 1759//2126 1778//2245
f 1845//2247 1844//1826 1843//2181
f 1850//2248 1793//2180 1826//2201
f 1849//2204 1846//2249 1850//2202
f 1846//2250 1843//2181 1850//2248
f 1827//2251 1823//2251 1847//2251
f 1827//2214 1851//2252 1849//2215
f 1852//2253 1847//2254 1848//2255
f 1813//2256 1816//2257 1815//2258
f 1809//2220 1807//2259 1815//2258
f 1815//2260 1805//2261 1812//2262
f 1811//2263 1810//2264 1805//2261
f 1814//2218 1813//2265 1783//2266
f 1813//2265 1812//2267 1784//2185
f 1810//2268 1811//2269 1782//2187
f 1811//2263 1781//2183 1782//2184
f 1813//2265 1784//2185 1783//2266
f 1810//2268 1782//2187 1784//2166
f 1780//2198 1806//2219 1808//2216
f 1806//2219 1805//2261 1807//2270
f 1779//2246 1805//2261 1804//2271
f 1779//2246 1778//2245 1805//2261
f 1856//2272 1854//1830 1853//1829
f 1857//2273 1856//2272 1846//2274
f 1412//1820 1854//1830 1856//2272
f 1857//2275 1859//1821 1856//2272
f 1859//1821 1412//1820 1856//2272
f 1419//1813 1859//1821 1857//2275
f 1419//1814 1847//2276 1858//1815
f 1852//2253 1857//2273 1851//2277
f 1848//2278 1847//2278 1419//2278
f 1848//2279 1419//2279 1857//2279
f 1707//2143 1709//2280 1730//2165
f 1864//2008 1729//2164 1730//2165
f 1884//2281 1886//2188 1928//2282
f 1885//2283 1924//2284 1931//2285
f 1863//2286 1861//2287 1905//2288
f 1879//1969 1870//2289 1869//1993
f 1869//1993 1870//2289 1866//2290
f 1709//2280 1902//2291 1860//2292
f 1897//2230 1886//2188 1891//2228
f 1895//1979 1899//2239 1896//2293
f 1731//2294 1903//2295 1713//2296
f 1866//2290 1903//2295 1731//2294
f 1709//2280 1860//2292 1868//2297
f 1868//2297 1860//2292 1861//2287
f 1870//2289 1862//2298 1903//2295
f 1895//1979 1896//2293 1628//1982
f 1882//1926 1872//2299 1873//2300
f 1869//1993 1866//2290 1568//2003
f 1893//2229 1892//1988 1626//1986
f 1896//2301 1893//2302 1626//2303
f 1889//1977 1953//2178 1895//2304
f 1875//2305 1887//2306 1874//2307
f 1876//2308 1887//2306 1875//2305
f 1874//2307 1886//2188 1884//2281
f 1887//2306 1886//2188 1874//2307
f 1889//1977 1888//1937 1885//2283
f 1871//2309 1863//2286 1872//2299
f 1873//2300 1863//2286 1924//2284
f 1953//2178 1889//1977 1885//2283
f 1883//1933 1887//2306 1876//2308
f 1568//2003 1731//2294 1732//2004
f 1880//1930 1879//1969 1869//1993
f 1878//1953 1867//2310 1881//1925
f 1924//2284 1863//2286 1922//2311
f 1862//2298 1928//2282 1906//2312
f 1863//2286 1905//2288 1922//2311
f 1922//2311 1912//2313 1913//2314
f 1922//2311 1925//2315 1924//2284
f 1949//2316 1947//2317 1938//2318
f 1945//2319 1949//2316 1938//2318
f 1941//2196 1940//2320 1939//2321
f 1949//2316 1954//2208 1947//2317
f 1951//2205 1940//2320 1787//2206
f 1952//2209 1950//2179 1789//2171
f 1945//2319 1788//2207 1949//2316
f 1908//2322 1909//2323 1748//2076
f 1953//2178 1948//2324 1950//2179
f 1953//2178 1933//2325 1948//2324
f 1900//2326 1912//2313 1922//2311
f 1906//2312 1904//2146 1712//2327
f 1904//2146 1748//2076 1742//2078
f 1926//2328 1914//2329 1919//2330
f 1885//2283 1931//2285 1953//2178
f 1707//2143 1902//2291 1709//2280
f 1953//2178 1931//2285 1933//2325
f 1666//2089 1901//2331 1902//2291
f 1921//2332 1920//2333 1932//2334
f 1886//2188 1945//2319 1934//2335
f 1934//2335 1921//2332 1932//2334
f 1934//2335 1932//2334 1929//2336
f 1901//2331 1900//2326 1905//2288
f 1902//2291 1905//2288 1860//2292
f 1860//2292 1905//2288 1861//2287
f 1934//2335 1929//2336 1930//2337
f 1925//2315 1926//2328 1933//2325
f 1929//2336 1915//2338 1923//2339
f 1930//2337 1927//2340 1928//2282
f 1912//2313 1914//2329 1913//2314
f 1916//2341 1744//2070 1917//2342
f 1744//2070 1910//2343 1917//2342
f 1910//2343 1754//2082 1760//2048
f 1935//2344 1936//2345 1762//2346
f 1764//2347 1760//2048 1766//2050
f 1772//2140 1767//2043 1762//2346
f 1766//2050 1773//2127 1764//2347
f 1918//2348 1935//2344 1909//2323
f 1937//2197 1939//2321 1764//2347
f 1939//2321 1937//2197 1941//2196
f 1916//2341 1917//2342 1944//2349
f 1938//2318 1918//2348 1920//2333
f 1921//2332 1938//2318 1920//2333
f 1919//2330 1944//2349 1946//2350
f 1940//2320 1941//2196 1787//2206
f 1937//2197 1773//2127 1779//2246
f 1764//2347 1773//2127 1937//2197
f 1922//2311 1926//2328 1925//2315
f 1945//2319 1938//2318 1921//2332
f 1948//2324 1919//2330 1946//2350
f 1915//2338 1909//2323 1908//2322
f 1912//2313 1907//2351 1914//2329
f 1911//2352 1751//2077 1909//2323
f 1749//2353 1754//2082 1910//2343
f 2050//2354 1955//2355 2011//2356
f 2039//2357 2040//2358 2142//2359
f 1957//2360 2050//2354 2051//2361
f 1972//997 1978//996 1976//2362
f 1282//1580 1975//2363 1977//2364
f 1977//2364 1975//2363 1976//2362
f 1976//2362 1975//2363 1974//2365
f 1976//2362 1974//2365 1961//2366
f 1961//2366 1974//2365 2054//2367
f 1975//2363 1273//1591 2055//2368
f 2055//2368 2052//2369 1975//2363
f 1971//1011 2150//2370 2152//1012
f 1973//473 1968//2371 1270//458
f 1961//2366 2054//2367 1959//2372
f 1965//2373 1960//2374 1962//2375
f 1962//2375 2048//1600 1264//1573
f 1964//2376 1956//2377 2146//2378
f 1964//2376 2146//2378 2150//2370
f 1957//2360 1960//2374 1965//2373
f 1957//2360 1965//2373 1966//1013
f 1966//1013 1963//1014 1957//2360
f 1964//2376 1961//2366 1959//2372
f 1966//1013 1965//2373 1969//2379
f 1962//2375 1264//1573 1968//2371
f 1960//2374 2048//1600 1962//2375
f 2054//2367 2043//2380 1959//2372
f 2054//2367 2028//2381 2043//2380
f 2009//2382 2016//2383 2042//2384
f 2041//2385 1983//2386 2039//2357
f 2051//2361 2006//2387 2042//2384
f 2044//2388 2042//2384 2022//2389
f 2038//1720 2047//2390 2049//1595
f 2049//1595 2052//2369 2053//1592
f 2046//2391 2027//2392 2045//1734
f 2052//2369 2047//2390 2028//2381
f 2052//2369 2028//2381 2054//2367
f 2047//2390 2029//2393 2028//2381
f 2045//1734 2048//1600 2046//2391
f 2048//1600 2045//1734 1393//1605
f 2011//2356 2005//2394 2006//2387
f 2040//2358 2112//2395 2142//2359
f 1378//1661 2025//2396 2037//1662
f 1980//2397 1981//2398 1982//2399
f 1986//2400 1984//2401 1985//2402
f 1984//2403 1990//2404 1989//2405
f 1985//2402 1989//2406 1987//2407
f 1985//2402 1987//2407 1988//2408
f 1982//2399 1984//2403 1980//2397
f 1988//2408 1987//2407 1994//2409
f 1987//2410 1989//2405 2014//2411
f 2041//2385 1990//2404 1983//2386
f 2020//2412 1992//2413 1993//2414
f 1995//2415 1994//2409 2020//2412
f 1996//2416 1988//2408 1995//2415
f 2016//2383 1991//2417 1996//2418
f 2021//2419 2018//2420 2034//2421
f 2034//2421 2032//2422 2033//1657
f 2032//2422 2031//1653 2033//1657
f 2032//2422 2012//2423 2031//1653
f 2032//2422 2030//2424 2012//2423
f 2031//1653 2012//2423 1332//1654
f 2029//2393 2024//2425 2028//2381
f 2024//2425 2015//2426 2028//2381
f 2023//2427 2013//1674 2035//2428
f 2022//2389 2026//2429 2027//2392
f 2027//2392 2026//2429 2025//2396
f 1995//2430 2026//2429 2022//2389
f 2116//2431 1997//2432 2001//2433
f 2023//2427 2017//2434 1993//2435
f 2030//2436 2017//2434 2035//2428
f 1997//2437 2115//2438 1981//2398
f 1999//2439 1979//2440 1980//2441
f 1996//2418 1995//2430 2022//2389
f 2000//2442 1979//2440 1999//2439
f 2026//2429 1995//2430 2020//2443
f 1994//2444 2014//2411 2019//2445
f 2020//2412 2018//2420 2021//2419
f 2018//2420 2017//2446 2030//2424
f 1998//2447 2003//2448 2001//2433
f 2000//2449 2003//2448 1998//2447
f 2001//2433 2005//2394 2117//2450
f 2015//2426 2024//2425 2014//2411
f 2002//2451 2004//2452 1983//2386
f 2002//2451 1982//2399 1981//2398
f 1990//2404 2015//2426 1989//2405
f 1332//1659 2012//2453 1333//1658
f 2007//2454 1999//2439 1986//2400
f 2007//2454 1986//2400 1991//2455
f 2007//2456 2008//2457 2000//2449
f 2000//2449 2008//2457 2010//2458
f 2007//2456 1991//2417 2009//2382
f 2008//2457 2009//2382 2010//2458
f 2091//2459 2122//2460 2067//2461
f 2098//2462 2090//2463 2120//2464
f 2121//2465 2120//2464 2110//2466
f 2119//2467 2122//2460 2091//2459
f 2118//2468 2121//2465 2110//2466
f 2120//2464 2121//2465 2125//2469
f 2124//2470 2121//2465 2118//2468
f 2126//2471 2122//2460 2123//2472
f 2125//2469 2121//2465 2124//2470
f 2143//2473 2126//2471 2123//2472
f 2127//2474 2118//2468 2005//2394
f 2130//2475 2100//2476 2101//2477
f 2130//2475 2129//2478 2100//2476
f 2120//2464 2128//2479 2098//2462
f 2132//2480 2128//2479 2125//2469
f 2129//2478 2123//2472 2119//2467
f 2145//2481 2123//2472 2129//2478
f 2145//2481 2129//2478 2131//2482
f 2134//2483 2125//2469 2124//2470
f 2105//1031 2130//2475 2101//2477
f 2099//2484 2132//2480 2139//1027
f 2137//1030 2136//2485 2105//1031
f 2136//2485 2131//2482 2130//2475
f 2140//2486 2131//2482 2138//2487
f 2141//1105 2140//2486 2137//1030
f 2005//2394 2118//2468 2110//2466
f 2001//2433 2117//2450 2114//2488
f 2002//2451 2115//2438 2111//2489
f 2114//2488 2116//2431 2001//2433
f 2115//2438 2109//2490 2106//2491
f 2114//2488 2080//2492 2109//2493
f 2122//2460 2112//2395 2107//2494
f 2110//2466 2120//2464 2078//2495
f 2108//2496 2114//2488 2110//2466
f 2080//2497 2106//2491 2109//2490
f 2110//2498 2081//2498 2108//2498
f 2067//2461 2107//2494 2075//2499
f 2081//2500 2080//2492 2108//2501
f 2105//1031 2096//2502 2103//1086
f 2096//2502 2093//2503 2103//1086
f 2112//2395 2040//2358 2004//2452
f 2061//2504 2095//2505 2104//1084
f 1955//2355 2127//2474 2011//2356
f 2220//1097 2061//2504 2104//1084
f 2102//1081 2103//1086 2093//2503
f 2219//1170 2093//2503 2060//2506
f 2087//2507 2090//2463 2098//2462
f 2099//2484 2097//1085 2098//2462
f 2097//1085 2087//2507 2098//2462
f 2093//2503 2096//2502 2088//2508
f 2093//2503 2088//2508 2092//2509
f 2088//2508 2084//2510 2092//2509
f 2212//2511 2085//2512 2094//2513
f 2061//2504 2094//2513 2095//2505
f 2090//2463 2078//2495 2120//2464
f 2067//2461 2065//2514 2089//2515
f 2087//2507 2086//2516 2090//2463
f 2088//2508 2089//2515 2082//2517
f 2086//2516 2066//2518 2090//2463
f 2083//2519 2066//2518 2086//2516
f 2069//2520 2066//2518 2083//2519
f 2069//2520 2083//2519 2059//2521
f 2082//2517 2062//2522 2057//2523
f 2212//2511 2213//2524 2085//2512
f 2058//2525 2059//2521 2083//2519
f 2058//2525 2083//2519 2213//2524
f 2081//2500 2074//2526 2079//2527
f 2107//2494 2077//2528 2075//2499
f 2074//2529 2077//2528 2079//2530
f 2072//2531 2076//2532 2078//2495
f 2072//2531 2078//2495 2066//2518
f 2073//2533 2075//2499 2077//2528
f 2070//2534 2071//2535 2073//2533
f 2071//2535 2064//2536 2063//2537
f 2072//2538 2068//2539 2070//2540
f 2068//2541 2064//2536 2070//2534
f 2069//2542 2056//2543 2068//2539
f 2056//2544 2064//2536 2068//2541
f 2065//2514 2067//2461 2063//2537
f 2056//2545 2063//2537 2064//2536
f 1956//2377 2142//2359 2143//2473
f 2059//2546 2056//2543 2069//2542
f 2063//2537 2056//2545 2202//2547
f 2202//2547 2062//2522 2063//2537
f 2202//2547 2056//2545 2203//2548
f 2124//2470 2127//2474 2144//2549
f 2143//2473 2142//2359 2126//2471
f 2059//2546 2203//2550 2056//2543
f 2148//1088 2135//1068 2134//2483
f 2134//2483 2124//2470 2144//2549
f 2134//2483 2144//2549 2148//1088
f 2151//1091 2150//2370 2147//2551
f 2151//1091 2147//2551 2140//2486
f 2147//2551 2131//2482 2140//2486
f 2144//2549 2127//2474 1955//2355
f 2146//2378 2143//2473 2145//2481
f 2146//2378 2145//2481 2147//2551
f 2150//2370 2146//2378 2147//2551
f 2214//2552 2217//2553 2216//1173
f 2060//2506 2215//2554 2192//2555
f 2215//2554 2207//2556 2205//2557
f 2217//2553 2185//2558 2212//2511
f 2192//2555 2215//2554 2194//2559
f 2194//2559 2215//2554 2205//2557
f 2210//2560 2200//2561 2058//2525
f 2211//2562 2213//2524 2209//2563
f 2207//2556 2057//2523 2204//2564
f 2217//2553 2212//2511 2094//2513
f 2217//2553 2094//2513 2061//2504
f 2211//2562 2187//2565 2210//2560
f 2210//2560 2198//2566 2200//2561
f 2218//1171 2060//2506 2192//2555
f 2206//2567 2209//2563 2212//2511
f 2206//2567 2208//2568 2209//2563
f 2199//2569 2197//2570 2184//2571
f 2184//2571 2204//2564 2199//2569
f 2187//2565 2186//2572 2198//2566
f 2183//2573 2208//2568 2206//2567
f 2183//2573 2187//2565 2208//2568
f 2186//2574 2197//2575 2198//2576
f 2186//2574 2184//2577 2197//2575
f 2205//2557 2207//2556 2204//2564
f 2200//2578 2201//2579 2203//2580
f 2200//2578 2199//2581 2201//2579
f 2196//1172 2190//2582 2214//2552
f 2192//2555 2191//2583 2189//1194
f 2169//1113 2188//2584 2190//2582
f 2189//1194 2166//2585 2170//1115
f 2164//2586 2188//2584 2169//1113
f 2205//2557 2179//2587 2194//2559
f 2188//2584 2173//2588 2190//2582
f 2189//1194 2191//2583 2165//2589
f 2191//2583 2179//2587 2162//2590
f 2191//2583 2162//2590 2165//2589
f 2183//2573 2182//2591 2187//2565
f 2182//2591 2186//2572 2187//2565
f 2180//2592 2184//2571 2186//2593
f 2178//2594 2205//2557 2177//2595
f 2204//2564 2174//2596 2177//2595
f 2205//2557 2178//2594 2179//2587
f 2185//2558 2181//2597 2206//2567
f 2181//2597 2183//2573 2206//2567
f 2180//2592 2174//2596 2184//2571
f 2176//2598 2182//2591 2183//2573
f 2171//2599 2175//2600 2180//2601
f 2172//2602 2181//2597 2185//2558
f 2172//2602 2176//2598 2181//2597
f 2176//2598 2157//2603 2171//2599
f 2373//2604 2177//2595 2174//2596
f 2171//2599 2161//2605 2175//2600
f 2161//2606 2174//2596 2175//2607
f 2153//2608 2172//2602 2173//2588
f 2153//2608 2159//2609 2172//2602
f 2170//1115 2166//2585 2167//2610
f 2166//2585 2163//2611 2167//2610
f 2166//2585 2165//2589 2163//2611
f 2390//2612 2164//2586 2168//1111
f 2387//1300 2391//2613 2168//1111
f 2216//1173 2061//2504 2220//1097
f 2162//2590 2158//2614 2156//2615
f 2164//2586 2381//2616 2389//2617
f 2157//2618 2373//2604 2161//2606
f 2153//2608 2155//2619 2159//2609
f 2158//2614 2388//2620 2154//2621
f 2158//2614 2154//2621 2156//2615
f 2155//2619 2372//2622 2157//2603
f 2372//2623 2373//2604 2157//2618
f 2371//2624 2153//2608 2389//2617
f 2153//2608 2374//2625 2155//2619
f 2375//2626 2154//2621 2370//2627
f 2154//2621 2388//2620 2370//2627
f 2224//2628 2277//2629 2266//2630
f 2233//1298 2397//2631 2240//1286
f 2278//2632 2279//2633 2225//2634
f 2239//2635 2230//2021 2238//2636
f 2238//2636 2229//2637 2236//1297
f 2230//2021 2229//2637 2238//2636
f 2229//2637 2230//2021 2284//2638
f 2235//1295 2227//2639 2237//1296
f 2233//1298 2229//2637 2225//2634
f 2234//1294 2231//1293 2226//2640
f 2235//1295 2234//1294 2227//2639
f 2234//1294 2226//2640 2227//2639
f 2223//2641 2266//2630 2282//2642
f 2223//2641 2282//2642 2226//2640
f 2225//2634 2285//2643 2228//2644
f 2228//2644 2278//2632 2225//2634
f 2232//2645 2225//2634 2279//2633
f 2227//2639 2281//2646 1630//2031
f 2233//1298 2232//2645 2397//2631
f 2229//2637 2284//2638 2285//2643
f 2241//1279 2242//1276 2238//2636
f 2242//1276 1656//892 2238//2636
f 2291//2647 2258//2648 2290//2649
f 2265//2650 2263//2651 2254//2652
f 2261//2653 2264//2154 2265//2650
f 2265//2650 2254//2652 2256//2654
f 2270//2655 2268//2656 2282//2642
f 2257//2657 2299//2658 2290//2659
f 2256//2654 2254//2652 2299//2658
f 2299//2660 2255//2661 2298//2662
f 2254//2663 2253//2664 2299//2660
f 2294//2665 2287//2666 2297//2667
f 2296//2668 2293//2669 2287//2670
f 2269//2671 2246//2672 2247//2673
f 2270//2655 2267//2674 2246//2672
f 2271//2675 2291//2647 2308//2676
f 2301//2677 2293//2669 2286//2678
f 2288//2679 2301//2677 2446//2680
f 2288//2679 2287//2670 2301//2677
f 2304//2681 2303//2682 2302//2683
f 2303//2682 2288//2684 2305//2685
f 2272//2686 2269//2671 2259//2687
f 2305//2688 2306//2689 2302//2683
f 2259//2687 2269//2671 2248//2149
f 2305//2685 2307//2690 2447//2691
f 2267//2674 2286//2678 2246//2672
f 2308//2676 2300//2692 2278//2632
f 2295//2693 2294//2665 2309//2694
f 2295//2695 2308//2676 2291//2647
f 2308//2676 2302//2683 2300//2692
f 2275//2023 2276//2696 2284//2638
f 2293//2669 2246//2672 2286//2678
f 2309//2697 2302//2683 2308//2676
f 2290//2659 2292//2698 2295//2693
f 2295//2693 2292//2698 2294//2665
f 2294//2699 2289//2699 2296//2699
f 2289//2700 2246//2672 2293//2669
f 2297//2667 2288//2684 2303//2682
f 2292//2701 2245//2702 2289//2700
f 2230//2021 2275//2023 2284//2638
f 2309//2694 2297//2667 2304//2681
f 2245//2702 2246//2672 2289//2700
f 2244//2703 2260//2704 2263//2705
f 2262//2151 2261//2653 2251//2706
f 2260//2707 2243//2092 2248//2149
f 2281//2646 2272//2686 2274//2028
f 2282//2642 2267//2674 2270//2655
f 2251//2706 2257//2657 2258//2648
f 2251//2706 2256//2654 2257//2657
f 2254//2663 2250//2708 2253//2664
f 2300//2692 2280//2709 2279//2633
f 2248//2149 2255//2661 2250//2708
f 2278//2632 2300//2692 2279//2633
f 2250//2708 2249//2710 2260//2707
f 2246//2672 2245//2702 2255//2661
f 2243//2092 2260//2707 1670//2090
f 2252//2152 2258//2648 2283//2711
f 2283//2711 2258//2648 2271//2675
f 2274//2028 2272//2686 2273//2029
f 2273//2029 2259//2687 1719//2063
f 1722//2159 2276//2696 2275//2023
f 1722//2159 2252//2152 2276//2696
f 2389//2617 2369//2712 2371//2624
f 2311//2713 2495//2714 2312//2715
f 2314//2716 2312//2715 2313//2717
f 2317//2718 2316//2719 2315//2720
f 2382//2721 2156//2615 2380//2722
f 2383//2723 2381//2616 2164//2586
f 2386//1363 2390//2612 2391//2613
f 2387//1300 2386//1363 2391//2613
f 2390//2612 2383//2723 2164//2586
f 2167//2610 2163//2611 2385//1366
f 2496//2724 2319//2725 2321//2726
f 2323//2727 2326//2728 2498//2729
f 2312//2715 2495//2714 2316//2719
f 2322//2730 2321//2726 2320//2731
f 2323//2727 2497//2732 2322//2730
f 2326//2728 2323//2727 2318//2733
f 2320//2731 2314//2734 2313//2735
f 2359//2736 2376//2737 2384//1365
f 2377//2738 2381//2616 2383//2723
f 2382//2721 2378//2739 2379//2740
f 2382//2721 2380//2722 2378//2739
f 2378//2739 2353//2741 2379//2740
f 2379//2740 2353//2741 2364//2742
f 2358//2743 2349//2744 2377//2738
f 2313//2717 2316//2719 2337//2745
f 2320//2731 2313//2735 2354//2746
f 2320//2731 2354//2746 2324//2747
f 2324//2747 2323//2727 2322//2730
f 2327//2748 2317//2718 2325//2749
f 2329//2750 2326//2728 2318//2733
f 2330//2751 2328//2752 2329//2750
f 2339//2753 2317//2718 2327//2748
f 2331//1355 2433//2754 2328//2752
f 2331//1355 2328//2752 2330//2751
f 2335//1386 2331//1355 2330//2751
f 2345//2755 2318//2733 2323//2727
f 2338//2756 2341//2757 2337//2745
f 2323//2727 2324//2747 2342//2758
f 2318//2733 2345//2755 2343//2759
f 2340//2760 2337//2745 2344//2761
f 2323//2727 2342//2758 2345//2755
f 2365//1367 2379//2740 2364//2742
f 2376//2737 2377//2738 2386//1363
f 2371//2624 2368//2762 2374//2625
f 2385//1366 2163//2611 2379//2740
f 2163//2611 2382//2721 2379//2740
f 2342//2758 2340//2763 2344//2764
f 2339//2753 2346//2765 2338//2756
f 2357//2766 2346//2765 2339//2753
f 2344//2761 2341//2757 2350//2767
f 2341//2757 2338//2756 2351//2768
f 2346//2765 2351//2768 2338//2756
f 2349//2744 2343//2759 2352//2769
f 2344//2770 2350//2771 2367//2772
f 2347//2773 2344//2764 2367//2774
f 2357//2766 2353//2741 2346//2765
f 2350//2767 2351//2768 2366//2775
f 2352//2769 2348//2776 2347//2773
f 2354//2777 2337//2745 2340//2760
f 2342//2758 2354//2746 2340//2763
f 2334//2778 2360//2779 2355//2780
f 2355//2780 2357//2766 2339//2753
f 2356//2781 2349//2744 2358//2743
f 2356//2781 2358//2743 2359//2736
f 2360//2779 2353//2741 2357//2766
f 2372//2623 2366//2775 2373//2604
f 2369//2712 2349//2744 2371//2624
f 2352//2769 2368//2762 2349//2744
f 2330//2751 2356//2781 2361//1385
f 2336//1311 2360//2779 2334//2778
f 2361//1385 2356//2781 2359//2736
f 2363//1368 2361//1385 2359//2736
f 2347//2773 2367//2774 2368//2762
f 2350//2771 2366//2775 2367//2772
f 2421//1469 2410//2782 2400//1464
f 2422//1458 2412//2783 2405//2784
f 1156//1475 2412//2783 2420//1456
f 2418//1460 2405//2784 2428//2785
f 2405//2784 2408//2786 2428//2785
f 2404//2787 2409//2788 2407//2789
f 2404//2787 2414//2790 2416//2791
f 2430//2792 2424//2793 2426//2794
f 2429//1491 2430//2792 2431//1490
f 2428//2785 2424//2793 2429//1491
f 2403//1473 2402//2795 1156//1475
f 2428//2785 2408//2786 2424//2793
f 2426//2794 2489//2796 2498//2729
f 2430//2792 2426//2794 2433//2754
f 2425//2797 2423//2798 2488//2799
f 2415//2800 2452//2801 2408//2786
f 2415//2800 2460//2802 2452//2801
f 2332//2803 2432//2804 2434//1476
f 2412//2783 2413//2805 2415//2800
f 2427//1477 2432//2804 2423//2798
f 2396//1471 2395//2806 2224//2628
f 2328//2752 2433//2754 2326//2728
f 2394//2807 2392//2808 2395//2806
f 2399//1472 2394//2807 2395//2806
f 2433//2754 2426//2794 2498//2729
f 2397//2631 2232//2645 2393//2809
f 2397//2631 2393//2809 2398//2810
f 2393//2809 2437//2811 2413//2805
f 2403//1473 2397//2631 2402//2795
f 2410//2782 2414//2790 2411//2812
f 2411//2812 2455//2813 2453//2814
f 2424//2793 2489//2796 2426//2794
f 2398//2810 2413//2805 2412//2783
f 2437//2811 2457//2815 2413//2805
f 2407//2789 2414//2790 2404//2787
f 2407//2789 2406//2816 2414//2790
f 2423//2798 2325//2749 2491//2817
f 2488//2799 2407//2789 2425//2797
f 2424//2793 2452//2801 2489//2796
f 2476//2818 2479//2819 2480//2820
f 2483//2821 2482//2822 2481//2823
f 2483//2824 2480//2820 2479//2819
f 2481//2825 2463//2826 2469//2827
f 2478//2828 2482//2822 2479//2829
f 2462//2830 2463//2826 2475//2831
f 2477//2832 2474//2833 2482//2834
f 2482//2834 2475//2831 2481//2825
f 2319//2725 2494//2835 2310//2836
f 2315//2720 2492//2837 2491//2817
f 2496//2724 2480//2820 2467//2838
f 2487//2839 2493//2840 2480//2820
f 2489//2796 2452//2801 2487//2839
f 2490//2841 2462//2830 2485//2842
f 2487//2839 2480//2820 2496//2724
f 2492//2837 2466//2843 2490//2841
f 2493//2840 2459//2844 2476//2818
f 2481//2825 2475//2831 2463//2826
f 2478//2845 2476//2818 2473//2846
f 2443//2847 2475//2831 2477//2832
f 2477//2832 2475//2831 2474//2833
f 2472//2848 2470//2849 2443//2850
f 2441//2851 2475//2831 2443//2847
f 2466//2843 2468//2852 2464//2853
f 2465//2854 2464//2853 2468//2852
f 2469//2827 2464//2853 2465//2854
f 2463//2826 2462//2830 2464//2853
f 2406//2816 2486//2855 2451//2856
f 2279//2633 2437//2811 2232//2645
f 2455//2813 2454//2857 2453//2814
f 2461//2858 2457//2815 2437//2811
f 2436//2859 2454//2857 2435//2860
f 2436//2859 2435//2860 2277//2629
f 2444//2861 2448//2862 2470//2849
f 2448//2863 2441//2851 2470//2864
f 2450//2865 2447//2691 2449//2866
f 2450//2865 2442//2867 2447//2691
f 2450//2865 2449//2866 2448//2862
f 2446//2680 2441//2851 2448//2863
f 2449//2866 2307//2868 2448//2862
f 2446//2680 2438//2869 2439//2870
f 2306//2689 2442//2867 2461//2858
f 2444//2861 2440//2871 2442//2867
f 2470//2864 2441//2851 2443//2847
f 2461//2858 2442//2867 2440//2871
f 2466//2843 2311//2713 2468//2852
f 2311//2713 2466//2843 2495//2714
f 2494//2872 2468//2852 2310//2873
f 2310//2873 2468//2852 2311//2713
f 2469//2874 2465//2854 2494//2872
f 2454//2857 2439//2870 2438//2869
f 2461//2858 2458//2875 2457//2815
f 46//3 343//2 345//470
f 47//33 46//3 342//451
f 49//11 48//12 768//9
f 772//14 774//972 52//15
f 774//972 754//992 44//4
f 775//967 50//18 780//20
f 774//972 44//4 52//15
f 52//15 44//4 53//28
f 53//28 44//4 45//1
f 56//19 107//24 780//20
f 56//19 55//22 107//24
f 53//28 45//1 60//27
f 60//27 45//1 59//34
f 61//32 60//27 59//34
f 59//34 45//1 46//3
f 55//22 97//117 110//23
f 47//33 61//32 59//34
f 65//35 260//155 111//36
f 66//38 770//6 48//8
f 70//45 66//38 69//44
f 72//47 70//45 71//46
f 51//13 68//62 48//12
f 4//52 6//51 5//61
f 173//167 2//50 11//56
f 75//71 773//41 67//40
f 74//63 69//64 68//62
f 67//40 77//73 75//71
f 76//65 71//79 69//64
f 78//66 77//73 67//40
f 79//69 78//66 72//67
f 74//70 52//15 53//28
f 73//2876 72//47 71//46
f 82//2877 73//2876 71//46
f 82//2877 71//46 81//2878
f 73//2879 82//2879 81//2879
f 25//78 83//76 84//77
f 84//77 26//151 25//78
f 88//86 27//133 26//85
f 81//81 71//79 85//80
f 87//83 79//69 73//68
f 86//82 84//2880 81//81
f 26//85 84//2880 86//82
f 25//84 89//114 87//83
f 79//69 95//88 78//66
f 86//82 94//87 91//89
f 21//146 17//106 23//97
f 17//106 10//98 23//97
f 13//104 20//103 16//92
f 8//101 18//102 14//105
f 18//102 20//103 14//105
f 88//86 86//82 91//89
f 13//104 16//92 9//94
f 12//159 8//101 14//105
f 12//159 14//105 6//51
f 14//105 13//104 7//60
f 13//110 9//2881 10//111
f 95//88 87//83 92//115
f 90//113 92//115 87//83
f 94//87 76//65 53//28
f 94//87 53//28 57//26
f 94//87 57//26 58//25
f 91//89 94//87 58//25
f 96//90 91//89 58//25
f 95//88 97//117 54//21
f 95//88 92//115 97//117
f 98//116 63//29 97//117
f 63//29 105//119 62//30
f 100//2882 99//124 96//90
f 99//124 93//91 96//90
f 61//32 96//90 58//25
f 100//2882 61//32 64//31
f 96//90 61//32 100//2882
f 102//120 104//122 103//121
f 101//118 103//121 98//116
f 104//122 65//35 105//119
f 98//116 103//121 105//119
f 89//114 25//84 30//130
f 41//123 27//133 88//86
f 90//113 43//126 106//128
f 43//126 214//2883 106//128
f 106//128 235//2884 102//120
f 90//113 106//128 101//118
f 214//2883 43//126 40//138
f 34//134 43//126 42//127
f 29//129 42//127 89//114
f 36//131 28//132 41//123
f 38//135 40//138 43//126
f 42//127 29//129 37//2885
f 29//149 28//148 35//141
f 29//149 35//141 37//140
f 42//127 37//2885 33//144
f 36//131 32//136 35//137
f 34//134 42//127 33//144
f 35//137 32//136 22//145
f 31//143 34//134 20//103
f 20//103 33//144 16//92
f 24//100 31//143 18//102
f 30//147 25//78 27//150
f 109//158 357//157 354//153
f 109//158 354//153 356//152
f 110//23 62//30 109//158
f 109//158 111//36 357//157
f 62//30 111//36 109//158
f 173//167 15//107 175//168
f 168//201 170//2886 162//2887
f 167//210 236//362 160//2888
f 172//53 4//52 1//55
f 172//53 2//165 171//2889
f 143//175 137//172 144//171
f 173//167 171//236 2//50
f 152//166 171//236 173//167
f 159//199 174//161 186//160
f 114//174 137//172 143//175
f 163//213 140//173 141//178
f 138//179 139//184 142//180
f 140//173 137//172 138//177
f 113//183 136//224 139//184
f 137//172 114//174 113//182
f 523//623 135//215 530//216
f 530//187 130//186 517//243
f 157//281 529//682 127//226
f 529//682 157//281 528//191
f 155//189 527//188 153//192
f 538//190 132//223 524//241
f 525//268 133//2890 122//225
f 176//169 152//166 175//168
f 183//273 174//161 177//198
f 127//226 117//228 168//201
f 168//201 169//203 170//2886
f 165//205 161//163 170//200
f 169//204 140//173 165//205
f 140//173 163//213 165//205
f 168//201 117//228 143//206
f 244//274 167//210 164//2891
f 160//2888 166//211 167//210
f 244//274 164//2891 142//180
f 161//163 165//205 166//207
f 244//274 142//180 122//225
f 134//214 158//217 148//2892
f 158//217 150//219 148//2892
f 134//214 148//2892 130//2893
f 177//198 132//223 180//222
f 154//2894 156//239 122//225
f 122//225 136//224 124//266
f 133//2890 154//2894 122//225
f 122//225 142//180 139//184
f 130//186 148//229 145//231
f 148//229 149//2895 147//2896
f 148//229 147//2896 146//230
f 128//170 145//2897 146//235
f 151//234 147//233 149//237
f 146//235 151//234 171//236
f 128//170 146//235 152//166
f 172//53 171//2889 149//220
f 150//219 172//53 149//220
f 132//223 177//198 159//199
f 176//169 131//197 128//170
f 538//190 155//189 132//223
f 153//192 528//191 157//281
f 524//241 135//215 523//623
f 522//196 537//2898 131//197
f 131//197 537//2898 129//238
f 130//186 145//231 519//242
f 518//684 145//2897 128//170
f 129//238 520//685 128//170
f 128//170 520//685 518//684
f 127//226 529//682 515//245
f 116//249 121//248 117//251
f 125//247 116//249 115//656
f 122//225 124//266 119//265
f 123//260 121//254 120//258
f 181//257 180//222 155//189
f 124//266 136//224 113//183
f 123//256 113//262 112//250
f 122//225 119//265 516//267
f 536//264 516//267 119//265
f 114//174 112//2899 113//182
f 154//2894 178//275 156//239
f 176//169 178//275 154//221
f 181//257 153//192 184//280
f 194//279 190//278 183//273
f 156//239 182//276 179//240
f 178//275 175//168 189//284
f 180//222 194//279 183//273
f 12//159 6//51 172//53
f 185//282 172//53 150//219
f 159//199 186//160 158//217
f 185//282 12//159 172//53
f 174//161 190//278 19//99
f 15//107 173//167 11//56
f 187//283 175//168 15//107
f 192//289 189//284 187//283
f 193//315 188//285 190//278
f 21//146 15//107 17//106
f 188//285 24//100 19//99
f 182//276 195//277 179//240
f 230//292 226//291 267//313
f 99//124 100//2882 226//291
f 226//291 201//290 99//124
f 100//2882 64//31 267//313
f 179//240 196//293 244//274
f 100//2882 267//313 226//291
f 227//294 233//323 228//356
f 227//294 228//356 104//122
f 205//295 201//290 230//292
f 207//2900 202//299 210//300
f 211//301 206//319 213//286
f 244//274 207//2900 251//305
f 207//2900 210//300 251//305
f 211//301 213//286 250//357
f 252//353 211//301 250//357
f 232//307 209//303 212//302
f 253//306 211//301 252//353
f 206//319 200//287 213//286
f 181//257 197//312 199//314
f 181//257 199//314 194//279
f 193//315 190//278 194//279
f 196//293 198//2901 244//274
f 232//307 268//329 233//323
f 232//307 231//310 268//329
f 224//316 196//293 195//277
f 196//293 224//316 198//2901
f 191//288 195//277 189//284
f 197//312 223//318 199//314
f 225//308 222//322 220//317
f 209//303 225//308 223//318
f 268//329 234//334 233//323
f 233//323 234//334 228//356
f 249//311 250//357 213//286
f 206//319 209//303 223//318
f 231//310 212//302 253//306
f 106//128 214//2883 235//2884
f 235//2884 214//2883 221//326
f 235//2884 233//323 227//294
f 235//2884 227//294 102//120
f 235//2884 222//322 233//323
f 235//2884 221//326 222//322
f 218//321 224//316 215//325
f 224//316 202//299 207//2900
f 223//318 219//320 199//314
f 187//283 21//146 192//289
f 32//136 192//289 21//146
f 32//136 215//325 192//289
f 216//139 31//143 188//285
f 216//139 38//135 31//143
f 224//316 207//2900 244//274
f 198//2901 224//316 244//274
f 201//290 203//297 217//324
f 203//297 218//321 217//324
f 39//125 217//324 32//136
f 216//139 214//2883 40//138
f 221//326 214//2883 216//139
f 201//290 39//125 99//124
f 215//325 191//288 192//289
f 219//320 216//139 193//315
f 257//331 258//347 324//349
f 257//331 263//330 267//313
f 257//331 324//349 255//332
f 255//332 324//349 327//354
f 259//333 261//328 260//155
f 247//345 296//338 256//337
f 246//342 248//309 262//340
f 326//344 262//340 254//343
f 262//340 263//330 255//332
f 258//347 47//33 322//348
f 253//306 247//345 264//346
f 265//352 264//346 266//327
f 266//327 264//346 328//350
f 231//310 253//306 265//352
f 253//306 264//346 265//352
f 228//356 234//334 259//333
f 328//350 256//337 320//423
f 320//423 256//337 317//339
f 254//343 255//332 318//355
f 317//339 296//338 295//403
f 244//274 251//305 246//342
f 228//356 259//333 65//35
f 250//357 249//311 243//358
f 325//335 266//327 314//351
f 267//313 64//31 257//331
f 244//274 245//341 326//344
f 244//274 246//342 245//341
f 239//365 237//359 236//360
f 161//163 160//208 237//359
f 161//163 237//367 241//164
f 237//367 272//366 242//368
f 243//358 241//164 293//369
f 244//274 240//364 238//361
f 241//164 168//201 162//2887
f 323//336 325//335 316//419
f 260//155 323//336 108//156
f 244//274 326//344 271//381
f 244//274 271//381 240//364
f 285//372 292//371 283//405
f 243//358 293//369 292//371
f 292//373 294//397 280//374
f 293//369 291//417 292//371
f 288//376 294//397 292//373
f 270//380 239//363 240//364
f 239//365 270//378 272//366
f 270//380 240//364 271//381
f 304//2902 295//403 276//404
f 309//383 1251//385 310//425
f 308//388 306//394 1249//386
f 301//422 308//388 302//387
f 299//389 275//410 281//390
f 307//437 298//431 315//420
f 307//437 303//424 298//431
f 305//392 340//469 336//467
f 305//392 336//467 297//393
f 289//395 326//344 299//389
f 277//396 290//401 289//395
f 294//397 290//2903 277//398
f 294//397 287//402 290//2903
f 285//372 284//406 276//404
f 282//408 274//414 276//409
f 280//374 282//408 284//407
f 277//398 279//413 282//408
f 274//414 1223//416 276//409
f 273//415 1222//2904 1223//416
f 326//344 286//400 271//381
f 323//336 316//419 332//435
f 272//366 288//376 291//377
f 108//156 323//336 332//435
f 311//452 340//469 305//392
f 295//403 296//338 285//372
f 312//370 311//452 305//392
f 319//443 313//442 306//394
f 305//392 306//394 313//442
f 312//370 305//392 313//442
f 314//351 307//437 315//420
f 295//403 304//2902 300//384
f 299//389 318//355 301//422
f 309//383 317//339 300//384
f 319//443 306//394 308//388
f 320//423 309//383 321//436
f 304//2902 276//404 1223//2905
f 1251//385 1245//1496 1252//426
f 1244//427 302//387 1246//428
f 299//389 301//422 1244//427
f 300//384 304//2902 1242//1497
f 299//389 1207//429 275//410
f 303//424 1252//426 1250//430
f 336//467 1248//433 297//393
f 332//435 333//421 331//438
f 315//420 298//431 329//434
f 318//355 319//443 308//388
f 321//436 309//383 310//425
f 331//438 333//421 329//434
f 312//370 322//348 311//452
f 324//349 313//442 327//354
f 327//354 319//443 318//355
f 314//351 328//350 321//436
f 1256//441 329//434 1257//440
f 347//450 330//439 1256//441
f 46//3 345//470 342//451
f 353//461 350//454 346//449
f 346//449 350//454 347//450
f 344//5 44//4 746//456
f 334//457 1973//473 1270//458
f 801//466 351//460 348//453
f 352//154 351//460 801//466
f 353//461 346//449 349//447
f 351//460 354//153 353//461
f 355//462 332//435 331//438
f 778//465 356//152 801//466
f 357//157 355//462 354//153
f 108//156 332//435 357//157
f 345//470 339//468 342//451
f 339//468 335//464 1271//463
f 338//471 335//464 339//468
f 340//469 1271//463 336//467
f 395//475 368//480 373//476
f 393//484 394//510 391//485
f 393//481 392//2906 381//487
f 392//486 391//485 390//488
f 392//2906 383//502 381//487
f 383//2907 392//486 382//489
f 391//490 385//499 388//491
f 390//492 388//491 371//494
f 371//494 364//555 372//495
f 387//498 389//483 386//482
f 388//491 385//499 371//494
f 384//497 980//504 362//501
f 980//504 972//557 362//501
f 981//1225 383//2907 382//489
f 981//1225 382//489 365//496
f 381//487 981//503 980//504
f 398//506 380//519 375//593
f 402//508 395//475 397//505
f 398//506 375//593 370//500
f 385//499 400//512 398//506
f 400//512 401//521 398//506
f 402//508 387//498 395//475
f 403//2908 389//483 387//498
f 404//507 403//2908 387//498
f 400//512 385//499 405//509
f 393//484 389//2909 394//510
f 389//2909 403//513 394//510
f 403//513 407//514 405//509
f 406//511 401//521 400//512
f 403//513 408//515 407//514
f 404//507 408//2910 403//2908
f 416//523 401//521 406//511
f 409//577 408//2910 404//507
f 410//516 376//478 378//595
f 398//506 411//517 380//519
f 539//739 412//520 410//516
f 539//739 410//516 616//740
f 411//517 413//762 605//518
f 401//521 413//762 411//517
f 414//542 412//520 539//739
f 415//522 413//762 401//521
f 454//2911 458//2911 457//2911
f 455//525 456//532 451//530
f 451//530 456//532 453//533
f 447//2912 453//2912 450//2912
f 419//539 409//577 404//507
f 418//538 397//505 412//520
f 420//540 412//520 414//542
f 418//538 422//543 419//539
f 367//546 957//558 713//550
f 365//552 364//555 977//553
f 977//553 364//555 973//556
f 363//549 712//583 960//1254
f 360//559 662//597 716//560
f 661//787 361//589 715//588
f 359//548 360//559 708//561
f 423//573 416//523 406//511
f 543//707 416//523 417//572
f 449//535 444//565 450//536
f 444//565 445//567 450//536
f 443//564 451//530 447//534
f 441//568 448//526 443//564
f 447//534 445//2913 439//587
f 439//587 445//2913 438//2914
f 449//535 440//592 442//566
f 443//564 447//534 439//587
f 566//726 441//568 437//727
f 436//570 443//564 439//587
f 442//566 440//592 438//569
f 409//2915 424//574 423//573
f 426//575 417//572 423//573
f 419//539 426//2916 424//576
f 427//578 558//708 417//572
f 419//2917 428//581 426//575
f 429//579 428//2918 419//539
f 430//580 431//730 427//578
f 428//581 429//2919 430//580
f 422//543 432//582 429//579
f 425//544 433//731 432//582
f 558//708 427//578 431//730
f 431//730 430//580 434//584
f 429//2919 435//585 430//580
f 362//501 972//557 367//546
f 433//731 436//570 432//582
f 433//731 437//727 436//570
f 363//549 371//494 370//500
f 371//494 363//549 364//555
f 432//582 439//587 435//586
f 438//569 431//730 434//584
f 435//586 439//587 438//2914
f 373//476 715//588 361//589
f 368//480 366//545 373//476
f 370//500 375//593 369//547
f 437//727 441//568 436//570
f 359//548 708//561 714//2920
f 360//559 374//590 662//597
f 374//590 380//519 379//596
f 375//593 380//519 374//590
f 516//267 511//2921 513//600
f 525//268 516//267 479//599
f 479//599 516//267 513//600
f 492//602 510//605 514//603
f 492//602 491//653 510//605
f 491//653 487//609 510//605
f 512//606 509//608 511//2921
f 511//2921 488//610 513//600
f 511//2921 509//608 488//610
f 475//641 508//613 483//615
f 483//615 507//614 484//621
f 480//627 527//188 506//624
f 477//633 476//630 504//629
f 478//626 502//625 474//640
f 502//625 508//613 475//641
f 521//631 476//630 473//636
f 499//616 500//683 498//2922
f 536//263 535//642 534//2923
f 516//267 536//264 534//2924
f 534//2923 535//642 511//644
f 516//2925 534//2923 511//644
f 499//618 498//2926 496//619
f 472//622 497//2927 495//2928
f 495//2928 497//2927 493//2929
f 496//619 498//2926 493//645
f 494//646 472//622 495//2928
f 493//649 494//2930 495//2931
f 469//647 494//646 457//680
f 457//648 494//2930 493//649
f 481//651 491//653 492//602
f 533//270 532//2932 115//271
f 514//603 512//655 531//643
f 507//614 530//187 499//616
f 531//2933 115//2933 532//2933
f 115//656 535//658 118//659
f 515//2934 532//2934 533//2934
f 479//599 488//601 586//660
f 491//653 490//664 487//609
f 487//609 490//664 485//667
f 490//664 491//653 489//662
f 485//667 490//664 466//669
f 467//2935 468//2935 466//2935
f 486//611 465//661 488//610
f 485//666 464//2936 632//668
f 482//635 592//672 481//651
f 623//652 481//651 592//672
f 478//626 596//674 480//627
f 477//633 594//677 476//630
f 477//633 479//599 595//676
f 594//677 473//636 476//630
f 596//674 478//626 474//640
f 581//679 474//640 475//641
f 475//641 483//615 578//671
f 475//641 578//671 581//679
f 470//650 456//2937 457//648
f 470//650 453//738 456//2937
f 529//682 528//191 482//635
f 527//188 538//190 506//624
f 537//2898 522//196 129//238
f 505//632 525//268 479//599
f 623//652 489//2938 491//653
f 501//637 498//639 500//2939
f 501//637 500//2939 518//684
f 499//616 517//243 500//683
f 129//238 521//631 501//637
f 502//625 524//241 523//623
f 527//188 503//628 482//635
f 623//652 467//804 489//2938
f 467//688 630//803 461//689
f 632//668 464//2936 462//693
f 462//693 460//805 631//694
f 463//687 461//691 460//695
f 567//700 549//699 570//697
f 578//671 452//527 446//528
f 589//709 596//674 584//710
f 590//704 588//721 594//677
f 587//705 593//673 589//709
f 587//705 574//702 592//672
f 544//706 545//745 543//707
f 543//707 545//745 415//522
f 561//719 564//729 569//736
f 560//732 567//700 563//714
f 554//696 571//718 570//697
f 547//720 561//719 572//2940
f 561//719 569//736 572//2940
f 571//718 554//696 557//742
f 559//701 567//700 560//732
f 587//705 589//709 573//712
f 573//712 589//709 583//711
f 587//705 571//718 574//702
f 588//721 569//736 582//725
f 573//712 583//711 568//713
f 585//722 572//2940 588//721
f 588//721 572//2940 569//736
f 546//724 549//699 559//701
f 571//718 557//742 574//702
f 572//715 586//660 555//716
f 577//735 584//710 581//679
f 594//677 588//721 582//725
f 582//725 576//734 580//678
f 414//542 542//749 546//724
f 431//730 438//569 565//591
f 561//719 562//728 564//729
f 560//732 563//714 437//727
f 544//706 558//708 561//719
f 560//732 425//544 559//701
f 583//711 584//710 577//735
f 563//714 583//711 566//726
f 569//736 564//729 565//591
f 581//679 578//671 577//735
f 578//671 446//528 441//568
f 453//738 579//737 449//535
f 559//701 425//544 421//541
f 542//749 541//741 617//788
f 541//741 608//744 617//788
f 575//733 579//737 576//734
f 575//733 440//592 449//535
f 566//726 577//735 441//568
f 596//674 581//679 584//710
f 415//522 540//747 413//762
f 542//749 539//739 541//741
f 542//749 414//542 539//739
f 593//673 596//674 589//709
f 545//745 540//747 415//522
f 548//750 617//788 612//778
f 615//754 548//750 612//778
f 548//750 542//749 617//788
f 622//743 557//742 556//755
f 554//696 556//755 557//742
f 624//746 550//748 625//752
f 545//745 550//748 624//746
f 615//754 551//698 548//750
f 551//698 549//699 548//750
f 554//696 551//698 556//755
f 551//698 615//754 556//755
f 544//706 547//720 553//757
f 555//716 631//694 626//784
f 622//743 615//754 619//793
f 614//753 625//752 621//758
f 540//747 624//746 614//753
f 606//761 540//747 610//771
f 609//777 617//788 608//744
f 616//740 603//765 608//744
f 623//652 698//760 630//803
f 413//762 540//747 606//761
f 622//743 688//759 623//652
f 605//518 379//596 380//519
f 606//761 604//763 605//518
f 603//765 597//766 607//768
f 599//772 607//768 663//767
f 600//769 598//764 604//763
f 607//768 609//777 608//744
f 604//763 610//771 600//769
f 609//777 607//768 599//772
f 602//781 664//791 600//769
f 620//776 611//774 601//773
f 610//771 602//781 600//769
f 614//753 613//780 610//771
f 615//754 612//778 611//774
f 378//595 377//594 603//765
f 630//803 698//760 628//783
f 688//759 697//836 698//760
f 688//759 690//2941 697//836
f 540//747 614//753 610//771
f 602//781 665//790 664//791
f 601//773 648//2942 659//775
f 601//773 599//772 654//792
f 618//794 660//796 667//789
f 615//754 620//776 619//793
f 552//756 555//716 660//796
f 627//798 628//797 696//2943
f 627//786 695//801 626//784
f 555//716 626//784 694//2944
f 661//787 377//594 361//589
f 619//793 666//779 687//802
f 630//803 628//783 461//689
f 555//716 586//660 632//668
f 628//797 460//695 461//691
f 650//893 643//886 706//885
f 643//886 653//874 644//883
f 710//809 701//887 642//807
f 656//811 646//813 644//883
f 653//874 656//811 644//883
f 653//874 657//770 656//811
f 654//792 645//810 647//882
f 648//2942 654//792 647//882
f 655//812 638//815 646//813
f 1596//861 648//2942 647//882
f 639//840 659//775 648//2942
f 660//796 640//841 658//814
f 659//775 639//840 649//839
f 686//875 692//822 685//876
f 555//716 694//2944 686//875
f 686//875 694//800 692//822
f 695//820 696//2943 693//821
f 627//798 696//2943 695//820
f 1618//835 668//2945 1619//2946
f 697//836 690//881 691//837
f 641//827 1593//863 1617//828
f 640//841 671//833 1618//1935
f 1618//835 672//834 668//2945
f 668//823 673//831 669//826
f 698//760 697//836 693//838
f 688//759 678//2947 690//2941
f 658//814 1592//842 638//815
f 648//2942 1596//861 639//840
f 671//833 674//869 672//834
f 649//839 641//827 670//830
f 635//857 1589//859 1596//861
f 637//852 638//815 1591//860
f 1596//861 1582//1964 1590//862
f 677//864 670//854 673//856
f 1593//863 639//840 1590//862
f 640//841 1584//1932 1592//842
f 665//790 667//789 660//796
f 675//865 678//866 677//864
f 658//814 665//790 660//796
f 660//796 671//833 640//841
f 660//796 680//868 671//833
f 601//773 654//792 648//2942
f 680//868 679//2948 674//869
f 657//770 664//791 655//812
f 680//868 681//872 679//2948
f 681//871 682//873 676//850
f 657//770 655//812 656//811
f 683//870 685//876 681//872
f 663//767 645//810 654//792
f 663//767 652//808 645//810
f 670//830 687//802 666//779
f 687//802 677//877 678//2947
f 662//597 653//874 643//886
f 650//893 662//597 643//886
f 688//759 687//802 678//2947
f 597//766 651//806 652//808
f 661//787 710//809 651//806
f 684//880 690//881 689//879
f 678//2949 689//2949 690//2949
f 635//857 647//882 634//858
f 660//796 686//875 683//870
f 660//796 555//716 686//875
f 645//810 642//807 1594//884
f 644//883 633//845 643//886
f 1661//847 643//886 633//845
f 701//887 1639//904 1595//888
f 706//885 1661//847 1660//895
f 704//897 706//885 1660//895
f 705//889 704//897 1658//2019
f 1657//890 705//889 1658//2019
f 715//588 703//899 711//910
f 661//787 711//910 710//809
f 715//588 711//910 661//787
f 1658//2019 704//897 1659//896
f 708//561 716//560 709//894
f 712//583 359//548 714//2920
f 712//583 714//2920 953//1272
f 714//2920 708//561 707//909
f 714//2920 707//909 953//1272
f 699//906 1637//905 1636//908
f 699//906 1636//908 700//907
f 1018//891 707//909 705//889
f 953//1272 707//909 1018//891
f 705//889 709//894 704//897
f 709//894 650//893 706//885
f 703//899 699//906 700//907
f 703//899 700//907 701//887
f 703//899 702//898 699//906
f 718//964 717//911 720//914
f 864//913 856//1080 719//922
f 717//915 721//920 867//918
f 722//921 718//964 720//914
f 720//914 864//913 719//922
f 719//922 856//1080 740//925
f 722//921 719//922 723//2950
f 723//2950 719//922 742//926
f 724//928 722//921 723//2950
f 724//928 723//2950 742//926
f 780//20 778//465 779//932
f 755//933 779//932 777//931
f 740//925 873//936 789//937
f 778//465 800//940 777//931
f 738//943 734//946 737//944
f 734//946 733//948 736//947
f 732//2951 735//990 726//951
f 749//956 785//1003 791//993
f 732//2951 726//951 730//950
f 744//954 745//934 793//942
f 747//923 743//959 741//927
f 743//959 790//941 741//927
f 748//958 727//930 742//926
f 742//926 789//937 749//956
f 733//948 729//960 731//949
f 729//960 725//929 731//949
f 729//960 728//965 725//929
f 50//18 775//967 773//41
f 775//967 780//20 756//968
f 728//965 722//921 725//929
f 769//962 773//41 766//970
f 772//10 768//9 767//975
f 770//6 761//977 768//7
f 761//977 760//976 771//971
f 753//969 779//932 755//933
f 764//979 755//933 751//989
f 763//974 766//970 762//2952
f 762//980 766//970 775//967
f 762//980 753//969 739//981
f 753//969 764//979 738//982
f 759//984 752//994 774//972
f 759//984 748//958 752//994
f 759//984 757//988 748//958
f 762//985 739//945 761//977
f 761//977 739//945 737//944
f 734//986 758//983 751//989
f 748//958 731//952 727//930
f 44//4 754//992 746//456
f 754//992 792//1002 794//991
f 754//992 791//993 792//1002
f 774//972 752//994 754//992
f 752//994 750//957 791//993
f 748//958 750//957 752//994
f 791//993 750//957 749//956
f 730//950 867//918 721//920
f 728//966 732//2951 730//950
f 782//1010 795//998 1972//997
f 798//1005 795//998 782//1010
f 787//953 798//1005 782//1010
f 746//456 794//991 788//474
f 798//1005 799//1000 795//998
f 794//991 792//1002 788//474
f 793//942 798//1005 787//953
f 799//1000 797//446 796//999
f 743//959 744//954 787//953
f 792//1002 781//1004 788//474
f 791//993 785//1003 792//1002
f 749//956 789//937 785//1003
f 1970//1016 870//1015 2149//1106
f 876//938 790//941 874//1006
f 789//937 873//936 784//1008
f 782//1010 1967//2953 1971//1011
f 1966//1013 781//1004 1963//1014
f 801//466 348//453 799//1000
f 1967//2953 782//1010 1972//997
f 337//472 788//474 1973//473
f 786//1001 787//953 782//1010
f 785//1003 1963//1014 781//1004
f 2152//1012 786//1001 1971//1011
f 783//1009 1966//1013 1969//2379
f 784//1008 873//936 870//1015
f 1973//473 783//1009 1969//2379
f 840//1018 812//1020 2139//1027
f 843//1066 839//1021 842//1023
f 842//1023 841//1022 813//1025
f 839//1021 868//1069 2137//1030
f 2137//1030 868//1069 2141//1105
f 2135//1068 840//1018 2133//2954
f 2133//2954 840//1018 2139//1027
f 839//1021 2137//1030 838//1029
f 841//1022 839//1021 838//1029
f 841//1022 838//1029 837//1024
f 838//1029 2105//1031 804//1032
f 2139//1027 803//1026 2099//2484
f 829//1037 835//1103 834//1038
f 832//1034 831//1040 833//1099
f 832//1034 829//1036 827//1041
f 830//1039 834//1038 819//1044
f 826//1047 830//1039 828//1045
f 829//1036 826//1054 827//1041
f 827//1041 826//1054 825//1049
f 828//1045 823//1048 821//1050
f 825//1049 816//1059 818//1043
f 816//1059 815//1064 818//1043
f 824//1053 942//1057 825//1049
f 825//1049 942//1057 816//1059
f 823//1048 822//1046 814//1061
f 941//1056 823//1048 814//1061
f 942//1055 821//1050 941//1056
f 820//1042 818//1043 850//1075
f 850//1075 818//1043 817//1065
f 846//1076 844//1017 845//1019
f 871//1070 846//1076 845//1019
f 822//1046 848//1063 811//1028
f 817//1065 815//1064 810//1072
f 848//1063 843//1066 842//1023
f 848//1063 853//1078 843//1066
f 854//2955 846//1076 871//1070
f 852//935 846//1076 854//2955
f 855//1093 872//1090 853//1078
f 851//939 855//1093 853//1078
f 920//1083 2103//1086 2102//1081
f 2103//1086 837//1024 804//1032
f 871//1070 2148//1088 870//1015
f 873//936 871//1070 870//1015
f 875//1007 869//1089 847//1067
f 872//1090 874//1006 875//1007
f 869//1089 875//1007 2152//1012
f 854//2955 871//1070 873//936
f 873//936 852//935 854//2955
f 831//1040 820//1042 857//1079
f 804//1032 2105//1031 2103//1086
f 803//1026 2097//1085 2099//2484
f 928//1107 805//1095 923//1094
f 806//1096 926//1164 2220//1097
f 860//1102 834//1038 835//1103
f 859//1098 832//1034 833//1099
f 836//1035 832//1034 859//1098
f 819//1044 849//1077 848//1063
f 2140//2486 2141//1105 2151//1091
f 816//1059 936//1148 815//1064
f 814//1061 809//1073 928//1107
f 815//1064 935//1147 807//1074
f 806//1096 925//1108 926//1164
f 806//1096 2104//1084 803//1026
f 936//1148 935//1147 815//1064
f 814//1061 928//1107 927//1062
f 813//1025 837//1024 805//1095
f 866//924 741//927 851//939
f 802//1087 805//1095 837//1024
f 808//1071 807//1074 806//1096
f 856//1080 852//935 740//925
f 867//918 866//924 861//1104
f 861//1104 851//939 849//1077
f 864//913 858//1100 857//1079
f 717//911 863//1109 862//912
f 865//916 860//1102 836//1101
f 862//912 836//1035 858//1100
f 2385//1366 878//1116 2167//2610
f 878//1116 2170//1115 2167//2610
f 1076//1316 881//1131 878//1116
f 881//1131 882//1114 878//1116
f 880//1122 877//1110 879//1112
f 883//1186 882//1114 881//1131
f 884//1123 880//1122 879//1112
f 881//1131 1092//1133 883//1186
f 886//1127 883//1186 1092//1133
f 1086//1323 887//1129 1089//1126
f 891//1119 1091//1118 880//1122
f 1089//1126 890//1130 886//1127
f 887//1121 885//1117 889//1125
f 1086//1120 1087//1134 885//1117
f 942//1057 938//1140 936//1058
f 931//1144 939//1135 937//1136
f 938//1140 931//2956 933//1141
f 914//1146 937//1136 927//1062
f 929//1157 916//1153 931//2956
f 933//2957 934//2957 935//2957
f 927//1062 928//1107 924//1159
f 933//1141 932//1151 934//1152
f 933//1141 931//2956 916//1153
f 932//1151 915//1155 930//1150
f 911//2958 929//1145 914//1146
f 925//1108 900//1162 922//1163
f 2220//1097 922//1163 918//1168
f 921//1160 924//1159 923//1094
f 895//1165 923//1094 919//1082
f 898//1188 921//1160 901//1166
f 922//1163 899//1169 917//1167
f 2220//1097 918//1168 2216//1173
f 918//1168 917//1167 2196//1172
f 895//1165 2218//1171 2195//1193
f 911//1158 908//1177 915//1155
f 908//1177 906//1180 913//1156
f 909//1178 914//1146 912//1154
f 898//1188 910//1161 921//1160
f 902//1181 912//1154 910//1161
f 909//1176 904//2959 911//1174
f 911//1158 904//1185 908//1177
f 910//1161 898//1188 902//1181
f 900//1162 906//1180 905//1184
f 904//1185 907//1183 908//1177
f 907//1183 888//1124 906//1180
f 905//1184 897//1187 900//1162
f 887//1121 889//1125 904//1185
f 887//1129 904//1182 903//1179
f 887//1129 903//1179 890//1130
f 890//1130 902//1181 886//1127
f 902//1181 898//1188 883//1186
f 897//1187 891//1119 884//1123
f 899//1169 894//1192 917//1167
f 901//1166 895//1165 896//1189
f 897//1187 892//1191 899//1169
f 883//1186 898//1188 896//1189
f 892//1191 897//1187 879//1112
f 897//1187 884//1123 879//1112
f 882//1114 893//1190 2170//1115
f 894//1192 2196//1172 917//1167
f 893//1190 895//1165 2195//1193
f 2196//1172 894//1192 2169//1113
f 892//1191 2169//1113 894//1192
f 2170//1115 893//1190 2189//1194
f 892//1191 879//1112 2169//1113
f 968//1198 970//1197 1005//1196
f 967//1203 968//2960 998//1201
f 1005//1196 959//1243 961//1204
f 1002//1215 1000//2961 1001//2962
f 1000//1207 1002//1215 993//2963
f 1000//2964 1004//2965 995//1217
f 1000//1207 993//2963 994//2966
f 1000//1207 994//2966 987//1208
f 1003//1213 998//1199 996//1200
f 1003//1210 1001//2967 997//1211
f 1001//2962 1003//1213 1002//1215
f 996//1205 956//1206 999//1219
f 1002//1215 999//1214 993//2963
f 1001//2968 1000//2964 991//1216
f 991//1216 1000//2964 995//1217
f 998//1212 997//1211 955//1265
f 997//1211 1001//2968 955//1265
f 955//1265 1001//2968 991//1216
f 1004//2965 989//2969 995//1217
f 989//1230 1004//1209 987//1208
f 995//1217 989//2969 984//1221
f 987//1208 994//2966 986//1242
f 994//2966 992//1222 983//1236
f 986//1242 994//2966 983//1236
f 994//2966 993//1220 992//1222
f 992//1222 950//1223 983//1236
f 982//1218 944//1246 991//1216
f 953//1272 1018//891 1027//1247
f 975//1224 981//503 979//1227
f 979//1226 365//496 978//554
f 974//1228 979//1227 971//2970
f 974//2971 971//1258 965//1260
f 989//1230 987//1208 985//1231
f 989//2969 990//2972 984//1221
f 990//1393 989//1230 988//1232
f 990//2972 1116//2973 984//1221
f 971//1229 978//554 977//553
f 985//1231 983//1236 1115//1234
f 951//1238 1026//1253 1007//1239
f 987//1208 986//1242 985//1231
f 983//1236 1105//1250 1114//1237
f 976//1244 977//553 973//556
f 969//1195 976//1244 959//1243
f 975//1224 974//2971 972//557
f 972//557 974//2971 965//1260
f 982//1218 984//1221 1112//1241
f 947//1249 958//1271 1027//1247
f 1105//1250 983//1236 950//1223
f 959//1243 973//556 960//1254
f 965//1260 964//1268 972//557
f 946//1252 1023//1291 1026//1253
f 1022//1251 950//1223 1020//1257
f 1020//1257 949//1256 1014//1282
f 948//1263 1024//1262 946//1252
f 950//1223 956//1206 949//1256
f 947//1249 960//1254 958//1271
f 949//1256 961//1204 947//1249
f 944//1246 1019//1273 1024//1262
f 962//598 951//1238 952//900
f 949//1256 947//1249 1025//1248
f 966//1266 971//1229 976//1233
f 966//1259 970//2974 964//1268
f 957//558 951//1238 962//598
f 970//2974 968//1269 964//1268
f 968//1269 967//2975 963//1270
f 958//1271 712//583 953//1272
f 967//2975 955//1265 963//1270
f 956//1206 961//1204 949//1256
f 946//1252 1024//1262 1023//1291
f 972//557 964//1268 957//558
f 957//558 964//1268 954//1264
f 943//1261 1093//1274 1019//1273
f 955//1265 991//1216 948//1263
f 1093//1274 1162//1447 1012//1275
f 1019//1273 1012//1275 1013//1287
f 1012//1275 1009//1288 1013//1287
f 1018//891 2242//1276 1017//1280
f 1007//1239 1016//1284 1011//1277
f 1016//1284 1013//1287 1008//1283
f 1163//1290 1015//1285 2240//1286
f 1014//1282 1010//1281 2240//1286
f 1014//1282 949//1256 1025//1248
f 1020//1257 1014//1282 1015//1285
f 1026//1253 1023//1291 1016//1284
f 1025//1248 1027//1247 1017//1280
f 1006//901 1007//1239 2222//1278
f 2396//1471 2231//1293 1008//1283
f 1009//1288 2396//1471 1008//1283
f 2240//1286 1010//1281 2233//1298
f 1011//1277 2237//1296 2222//1278
f 1029//1312 2336//1311 2333//1478
f 1028//1308 2331//1355 2335//1386
f 1030//1313 1028//1308 2335//1386
f 2168//1111 1090//1301 2387//1300
f 2168//1111 1075//1302 1090//1301
f 1076//1316 878//1116 2385//1366
f 1194//1305 1031//1304 1029//1312
f 1035//1314 1196//1307 1033//1309
f 1031//1304 1034//1383 2336//1311
f 1032//1310 1034//1383 1031//1304
f 880//1122 1091//1118 1074//1303
f 1085//1325 1092//1133 1080//1326
f 1080//1326 1092//1133 1081//1132
f 1087//1134 1082//1328 1091//1118
f 1193//1329 1191//1480 1196//1307
f 1035//1314 1193//1329 1196//1307
f 1036//1334 1038//1318 1148//1317
f 1036//1334 1037//1380 1038//1318
f 1038//1318 1054//1379 1032//1310
f 1086//1120 1083//1340 1087//1134
f 1086//1323 1089//1126 1068//1322
f 1089//1126 1088//1128 1068//1322
f 1088//1128 1092//1133 1069//1321
f 1069//1321 1092//1133 1085//1325
f 1087//1134 1083//1340 1082//1328
f 1091//1118 1082//1328 1079//1320
f 1086//1120 1084//1338 1083//1340
f 1121//1409 1149//1349 1036//1334
f 1040//1343 1151//1331 1041//1330
f 1151//1331 1193//1329 1042//1319
f 1040//1343 1041//1330 1043//1332
f 1043//1332 1042//1319 1071//1336
f 1039//1333 1037//1380 1036//1334
f 1068//1322 1069//1321 1063//1359
f 1067//1376 1084//1324 1068//1322
f 1149//1349 1044//1335 1036//1334
f 1048//1351 1044//1335 1149//1349
f 1048//1344 1040//1343 1043//1332
f 1049//1352 1048//1344 1043//1332
f 1049//1350 1039//1333 1044//1335
f 1049//1350 1046//1372 1039//1333
f 1070//1339 1066//1357 1082//1328
f 1082//1328 1066//1357 1078//1327
f 1080//1326 1081//1132 1076//1316
f 1080//1326 1076//1316 1053//1361
f 1074//1303 1078//1327 1072//1364
f 1074//1303 1072//1364 1073//1299
f 1076//1316 2385//1366 1053//1361
f 1073//1299 2384//1365 2386//1363
f 1061//1369 1046//1353 1045//1337
f 1060//1370 1045//1337 1071//1336
f 1056//1360 1069//1321 1077//1341
f 1067//1376 1068//1322 1059//1378
f 1062//1374 1061//1369 1060//1370
f 1065//1356 1060//1370 1064//1377
f 1059//1378 1063//1359 1054//1379
f 1061//1371 1062//1375 1037//1380
f 1062//1375 1067//1376 1037//1380
f 1037//1380 1067//1376 1059//1378
f 1060//1370 1058//1373 1064//1377
f 1037//1380 1059//1378 1038//1318
f 1042//1319 1055//1315 1058//1373
f 1078//1327 1057//1358 1072//1364
f 1077//1341 1052//1362 1056//1360
f 1056//1360 1052//1362 1051//1382
f 1057//1358 1055//1315 1050//1381
f 1034//1383 1056//1360 1051//1382
f 1034//1383 1054//1379 1056//1360
f 1055//1315 1033//1309 1050//1381
f 1050//1381 1033//1309 1030//1313
f 1052//1362 1053//1361 2365//1367
f 1051//1382 1052//1362 2362//1384
f 1030//1313 2335//1386 1050//1381
f 1118//1392 1120//1391 1111//1402
f 1170//1388 1122//1387 1187//1419
f 1120//2976 1108//1406 1111//1402
f 1119//1390 1116//1395 1117//1394
f 1119//2977 1118//2978 1109//1396
f 1119//1390 1117//1394 1120//1391
f 1117//2979 1115//1234 1108//1406
f 1120//2976 1117//2979 1108//1406
f 990//1393 988//1232 1117//1394
f 1116//2973 1119//2977 1113//1240
f 1113//1240 1119//2977 1109//1396
f 1117//2979 988//1235 1115//1234
f 1108//1406 1115//1234 1114//1237
f 984//1221 1116//2973 1113//1240
f 1101//1403 1114//1237 1098//1398
f 1112//1241 1106//1397 1099//1424
f 1112//1241 1099//1424 1094//1399
f 1118//2978 1140//2980 1109//1396
f 1109//1396 1140//2980 1138//1400
f 1111//1402 1108//1406 1101//1403
f 1107//1401 1104//1441 1100//1423
f 1107//1401 1100//1423 1106//1397
f 1106//1397 1100//1423 1099//1424
f 1173//1407 1095//1255 1163//1290
f 1104//1441 1096//1389 1100//1423
f 1130//1411 1192//1453 1193//1329
f 1150//1412 1130//1411 1040//1343
f 1047//1345 1149//1349 1152//1413
f 1154//1346 1047//1345 1152//1413
f 1153//1450 1150//1412 1154//1342
f 1153//1415 1154//1346 1152//1413
f 1154//1342 1150//1412 1040//1343
f 1096//1389 1126//1437 1123//1417
f 1124//1452 1188//1451 1189//1489
f 1123//1417 1127//1454 1122//1387
f 1124//1452 1189//1489 1192//1453
f 1099//1424 1097//1422 1094//1399
f 1175//1426 1098//1398 1173//1407
f 1096//1389 1170//1388 1174//1420
f 1101//1403 1098//1398 1175//1426
f 1188//1451 1102//1425 1176//1427
f 1103//1405 1175//1426 1102//1425
f 1145//1439 1132//1429 1144//1436
f 1132//1429 1145//2981 1147//1430
f 1142//1438 1125//1444 1133//1433
f 1146//1435 1145//1434 1143//1440
f 1144//1436 1126//1437 1104//1441
f 1143//1440 1141//2982 1146//1435
f 1143//1440 1144//1436 1137//1442
f 1142//1438 1136//1446 1103//1405
f 1142//1438 1103//1405 1131//1443
f 1139//2983 1141//2982 1138//1400
f 1139//1449 1136//1446 1141//1445
f 1141//2982 1143//1440 1138//1400
f 1138//1400 1143//1440 1137//1442
f 1162//1447 1161//1421 1160//1492
f 1140//1448 1118//1392 1111//1402
f 1140//2980 1139//2983 1138//1400
f 1140//1448 1111//1402 1136//1446
f 1136//1446 1111//1402 1110//1404
f 1138//1400 1137//1442 1107//1401
f 1107//1401 1137//1442 1104//1441
f 1134//1416 1135//1428 1153//1415
f 1153//1450 1135//1431 1133//1433
f 1134//1416 1152//1413 1129//1414
f 1095//1255 1021//1289 1163//1290
f 1132//1429 1134//1416 1126//1437
f 1094//1399 1097//1422 1162//1447
f 1095//1255 1022//1251 1021//1289
f 1131//1443 1102//1425 1188//1451
f 1129//1414 1149//1349 1127//1454
f 1149//1349 1121//1409 1127//1454
f 1128//1410 1124//1452 1130//1411
f 1127//1454 1121//1409 1190//1418
f 1121//1409 1178//1408 1190//1418
f 1123//1417 1129//1414 1127//1454
f 1125//1444 1188//1451 1124//1452
f 1167//1457 2422//1458 2418//1460
f 2420//1456 1157//1462 1156//1475
f 1168//1459 1167//1457 1179//1461
f 1165//1463 2421//1469 2400//1464
f 1164//1466 1180//1487 2419//1467
f 1165//1463 1164//1466 2421//1469
f 1155//1465 2400//1464 2401//1470
f 1158//1493 2401//1470 1009//1288
f 1159//1474 2403//1473 1156//1475
f 1195//1354 2431//1490 2331//1355
f 1029//1312 2333//1478 1194//1305
f 1165//1463 1169//2984 1164//1466
f 1170//1388 1187//1419 1169//2984
f 1169//2984 1180//1487 1164//1466
f 1171//1488 1179//1461 1181//1486
f 1161//1421 1165//1463 1155//1465
f 1173//1407 1163//1290 1172//1479
f 1192//1453 1189//1489 1191//1480
f 1182//1481 1178//1408 1177//1484
f 1189//1489 1181//1486 1191//1480
f 1187//1419 1190//1418 1182//1481
f 1188//1451 1176//1427 1171//1488
f 1169//2984 1187//1419 1180//1487
f 1186//1306 1194//1305 1178//1408
f 1177//1484 2427//1477 1183//1485
f 2431//1490 1184//1482 2429//1491
f 2419//1467 1183//1485 2427//1477
f 1180//1487 1182//1481 1183//1485
f 1181//1486 1179//1461 1184//1482
f 1184//1482 1179//1461 2429//1491
f 1191//1480 1185//1483 1196//1307
f 1178//1408 1194//1305 1177//1484
f 1194//1305 2427//1477 1177//1484
f 1161//1421 1169//2984 1165//1463
f 1161//1421 1174//1420 1169//2984
f 1012//1275 1162//1447 1158//1493
f 1160//1492 1155//1465 1158//1493
f 1176//1427 1175//1426 1166//1455
f 1175//1426 1173//1407 1166//1455
f 1178//1408 1148//1317 1186//1306
f 1163//1290 2240//1286 1172//1479
f 1174//1420 1170//1388 1169//2984
f 1176//1427 1168//1459 1171//1488
f 1196//1307 1195//1354 1028//1308
f 275//410 1243//1498 1222//418
f 1395//1602 1490//1874 1224//1505
f 1224//1505 1262//1561 1395//1602
f 1219//1523 1221//1500 1215//1502
f 1223//416 1222//2904 1220//1499
f 1225//1513 1227//1511 1506//1509
f 1229//1518 1203//1520 1499//1853
f 1229//1518 1499//1853 1504//1517
f 1230//1566 1226//1507 1502//1514
f 1218//1522 1212//1519 1219//1521
f 1215//1502 1217//1524 1218//1522
f 1213//1525 1217//1524 1209//1549
f 1216//1503 1214//2985 1217//1524
f 1217//1524 1214//2985 1209//1549
f 1214//2985 1206//1555 1209//1549
f 1210//1526 1208//1558 1214//1527
f 1206//1556 1214//1527 1208//1558
f 1257//440 1255//1529 1256//441
f 1197//2986 1474//2987 1476//1867
f 1199//1536 1197//2986 1476//1867
f 1199//1536 1198//1543 1197//2986
f 1250//430 1241//1542 1235//1528
f 1250//430 1252//426 1241//1542
f 1247//432 1248//433 1240//1539
f 1240//1539 1248//433 1269//1599
f 1228//1510 1231//1540 1507//1508
f 1221//2988 1219//1521 1242//1497
f 1223//1571 1221//2988 1242//1497
f 1201//1544 1199//1536 1200//1538
f 1253//1545 1225//1513 1492//1512
f 1212//1519 1482//1569 1203//1520
f 1212//1519 1558//1551 1482//1569
f 1213//1525 1211//2989 1212//1519
f 1211//2989 1200//1550 1212//1519
f 1205//1548 1201//1544 1211//1552
f 1206//1555 1204//1559 1205//1548
f 1204//1559 1198//1543 1201//1544
f 1266//1568 1262//1561 1232//1560
f 1233//1494 1232//1560 1226//1507
f 1227//1511 1234//1562 1228//1510
f 1241//1542 1239//1541 1234//1562
f 1234//1562 1239//1541 1231//1540
f 1245//1496 1237//1565 1239//1541
f 1246//428 1230//1566 1244//427
f 1246//428 1233//1494 1230//1566
f 1244//427 1238//2990 1207//429
f 1236//1495 1242//1497 1203//1520
f 1216//1504 1243//1498 1207//429
f 1235//1528 1241//1542 1234//1562
f 1254//1563 1235//1528 1227//1511
f 1254//1563 1227//1511 1225//1513
f 1281//1564 1254//1563 1253//1545
f 1233//1494 1240//1539 1232//1560
f 1240//1539 1269//1599 1266//1568
f 1238//2990 1502//1514 1207//429
f 1237//1565 1229//1518 1231//1540
f 1200//1550 1477//2991 1558//1551
f 1251//385 300//384 1236//1495
f 1267//459 1270//458 1263//1574
f 1265//1576 1267//459 1263//1574
f 1266//1568 1268//1575 1265//1576
f 1269//1599 1268//1575 1266//1568
f 1968//2371 1264//1573 1270//458
f 1280//1577 1275//1579 1279//1584
f 1281//1564 1253//1545 1276//1578
f 1283//1581 1278//1585 1277//1582
f 1286//1530 1281//1564 1280//1577
f 1265//1576 1261//1588 1266//1568
f 1277//1582 1278//1585 1273//1591
f 1273//1591 1278//1585 1274//1587
f 1276//1578 1253//1545 1399//1547
f 1275//1579 1397//1589 1274//1587
f 2053//1592 1272//1590 2049//1595
f 1265//1576 1263//1574 1394//1597
f 1271//463 1268//1575 1269//1599
f 1282//1580 1288//444 1283//1581
f 1284//1583 1286//1530 1280//1577
f 1256//441 1286//1530 1284//1583
f 1289//448 1284//1583 1285//1586
f 1262//1561 1261//1588 1395//1602
f 1370//1681 1375//1606 1373//1608
f 1370//1681 1373//1608 1367//1616
f 1367//1616 1373//1608 1366//1609
f 1372//1864 1365//1679 1358//1612
f 1373//1608 1374//1607 1331//1665
f 1373//1608 1331//1665 1366//1609
f 1372//1864 1358//1612 1562//1917
f 1562//1917 1358//1612 1544//1614
f 1544//1614 1371//1613 1533//1668
f 1369//1677 1363//1621 1365//1679
f 1359//1619 1368//1617 1364//1611
f 1367//1616 1366//1609 1364//1611
f 1363//1621 1346//1642 1362//1625
f 1365//1679 1363//1621 1358//1612
f 1358//1612 1363//1621 1360//1623
f 1344//1639 1347//1620 1359//1619
f 1357//1626 1361//1622 1362//1625
f 1356//1615 1360//1623 1357//1626
f 1356//1615 1358//1612 1360//1623
f 1364//1611 1328//1610 1354//1624
f 1354//1624 1355//1628 1359//1619
f 1338//2992 1353//2993 1357//1626
f 1338//2992 1357//1626 1362//1625
f 1353//2993 1349//1638 1356//1615
f 1353//2993 1356//1615 1357//1626
f 1355//1628 1348//1627 1350//1647
f 1354//1624 1326//2994 1348//1627
f 1353//1631 1352//1630 1348//1634
f 1349//1633 1351//1632 1326//1636
f 1343//1643 1346//1642 1381//1672
f 1334//1645 1342//1644 1344//1639
f 1355//1628 1334//1645 1344//1639
f 1341//2995 1340//2996 1343//1643
f 1340//2996 1338//2992 1362//1625
f 1340//2996 1362//1625 1343//1643
f 1342//1644 1335//1646 1336//2997
f 1340//1650 1339//1649 1337//1651
f 1341//1648 2031//1653 1339//1649
f 1338//1629 1337//1651 1352//1630
f 2013//1674 1345//1641 1333//1658
f 1342//1644 1336//2997 1332//1659
f 2033//2998 1377//1673 2036//2999
f 2033//2998 1341//2995 1377//1673
f 1395//1602 1260//1601 1390//1660
f 1328//1610 1324//1699 1329//1670
f 1325//1667 1371//1613 1356//1615
f 1328//1610 1330//1666 1323//1701
f 1328//1610 1323//1701 1324//1699
f 1379//1675 2013//1674 2038//1720
f 1329//1670 1354//1624 1328//1610
f 1329//1670 1314//1669 1354//1624
f 1314//1669 1326//2994 1354//1624
f 1380//1594 1379//1675 2038//1720
f 1341//2995 1343//1643 1377//1673
f 1381//1672 1383//1664 1377//1673
f 1382//1640 1345//1641 1379//1675
f 1384//1680 1378//1661 1383//1664
f 1386//1618 1347//1620 1382//1640
f 1385//1604 1378//1661 1384//1680
f 1396//1676 1386//1618 1382//1640
f 1383//1664 1369//1677 1384//1680
f 1389//1719 1370//1681 1386//1618
f 1388//1603 1387//1678 1390//1660
f 1389//1719 1376//1686 1370//1681
f 1302//1685 1448//1684 1292//1688
f 1292//1690 1293//1692 1294//1693
f 1293//1692 1295//1722 1294//1693
f 1327//1637 1326//1636 1314//1695
f 1319//1705 1533//1668 1325//1667
f 1322//1697 1325//1667 1327//1637
f 1313//1696 1314//1695 1321//1702
f 1320//1698 1317//1710 1329//1670
f 1329//1670 1317//1710 1321//1671
f 1318//1700 1319//1705 1325//1667
f 1322//1697 1313//1696 1321//1702
f 1316//1709 1321//1671 1317//1710
f 1320//1698 1306//1708 1317//1710
f 1528//1893 1312//1715 1320//1698
f 1320//1698 1312//1715 1315//1717
f 1320//1698 1315//1717 1306//1708
f 1529//1706 1318//1700 1311//1713
f 1309//1733 1310//1714 1311//1713
f 1272//1590 1274//1587 1398//1593
f 1391//1718 1376//1686 1389//1719
f 1398//1593 1389//1719 1396//1676
f 1389//1719 1386//1618 1396//1676
f 1398//1593 1396//1676 1380//1594
f 1295//1722 1299//1727 1298//1694
f 1296//3000 1301//3000 1299//3000
f 1300//1742 1308//1731 1293//1728
f 1304//1726 1302//1685 1298//1694
f 1305//1846 1450//1683 1297//1721
f 1296//1723 1307//1729 1301//1732
f 1307//1729 1296//1723 1295//1725
f 1299//1727 1315//1717 1303//1716
f 1301//3001 1306//1708 1299//1727
f 1305//1846 1297//1721 1304//1726
f 1307//1729 1310//1714 1309//1733
f 1301//3001 1311//3002 1306//1708
f 1301//1732 1309//1733 1311//1713
f 1258//1598 1393//1605 1385//1604
f 1385//1604 1393//1605 1378//1661
f 1455//1737 1428//1736 1451//1758
f 1456//1739 1454//1744 1403//1741
f 1291//1743 1300//1742 1293//1728
f 1429//3003 1454//1744 1291//1743
f 1457//1754 1406//1784 1407//1755
f 1291//1757 1448//1684 1452//1746
f 1428//1736 1449//1759 1451//1758
f 1428//1736 1427//1803 1449//1759
f 1443//1769 1440//1761 1447//1760
f 1446//1762 1440//1761 1423//1763
f 1443//1769 1445//3004 1442//1770
f 1444//1765 1439//1778 1442//1766
f 1441//3005 1442//1766 1439//1778
f 1421//3006 1441//3005 1439//1778
f 1423//1772 1440//1768 1441//1771
f 1421//1773 1439//3007 1438//1774
f 1422//1764 1842//1781 1526//1776
f 1413//1780 1438//1777 1458//1751
f 1413//1780 1458//1751 1410//1753
f 1435//1735 1407//1755 1404//1787
f 1410//1753 1437//1752 1408//3008
f 1408//1785 1436//1738 1838//1786
f 1404//1787 1401//1801 1428//1736
f 1453//1788 1429//3003 1291//1743
f 1434//1745 1426//1793 1433//1749
f 1403//1741 1454//1744 1429//3003
f 1429//3003 1453//1788 1432//1790
f 1431//1795 1432//1797 1426//1800
f 1432//1797 1430//3009 1426//1800
f 1402//3010 1403//1741 1429//3003
f 1402//1799 1425//1798 1400//1806
f 1428//1736 1424//1802 1427//1803
f 1427//1803 1425//1805 1426//1793
f 1424//1804 1828//1845 1400//1806
f 1458//1751 1461//1807 1437//1752
f 1460//1756 1407//1755 1435//1735
f 1405//1740 1403//1741 1836//2222
f 1423//1772 1421//1773 1418//1775
f 1422//1764 1858//1815 1842//1781
f 1416//1811 1415//3011 1420//1812
f 1420//1819 1415//3012 1412//1820
f 1461//1807 1456//1739 1436//1738
f 1836//2222 1403//1741 1833//3013
f 1404//1787 1835//2225 1830//1816
f 1435//1735 1455//1737 1460//1756
f 1416//1811 1417//1818 1415//3011
f 1415//3012 1417//3014 1414//3015
f 1412//1820 1415//3012 1414//3015
f 1412//1820 1414//3015 1853//1829
f 1853//3016 1414//1824 1413//1780
f 1409//1783 1457//1754 1459//1827
f 1411//1782 1409//1783 1459//1827
f 1844//1826 1410//1753 1841//3017
f 1526//1776 1411//1782 1463//1828
f 1853//3016 1413//1780 1844//1826
f 1403//1741 1402//3010 1833//3013
f 1411//1782 1837//2223 1409//1783
f 1842//1781 1837//2223 1411//1782
f 1830//1816 1828//3018 1424//1802
f 1404//1787 1839//1835 1835//2225
f 1407//1755 1839//1835 1404//1787
f 1406//1784 1839//1835 1407//1755
f 1836//2222 1838//1786 1405//1740
f 1841//2231 1408//1785 1838//1786
f 1409//1783 1837//2223 1840//1834
f 1410//1753 1408//3008 1841//3017
f 1443//1769 1464//1838 1445//3004
f 1472//1844 1467//1868 1464//1838
f 1468//1843 1472//1844 1465//1837
f 1451//1758 1450//1683 1305//1846
f 1468//1843 1473//1873 1472//1844
f 1512//1924 1455//1737 1509//1847
f 1469//1850 1508//1849 1456//1739
f 1468//3019 1447//1842 1558//1551
f 1524//1839 1458//1751 1444//1765
f 1462//1822 1469//1850 1461//1807
f 1512//1924 1460//1756 1455//1737
f 1487//1876 1488//1682 1486//1863
f 1502//1514 1505//1506 1494//1877
f 1203//1520 1483//1570 1499//1853
f 1500//1516 1481//1858 1475//1532
f 1506//1509 1496//1859 1492//1512
f 1480//1871 1548//1870 1555//1856
f 1479//1862 1478//1851 1559//1854
f 1376//1686 1489//1866 1484//1875
f 1564//1872 1486//1863 1372//1864
f 1476//1867 1474//2987 1467//1868
f 1471//1860 1475//1532 1525//1855
f 1474//1533 1475//1532 1471//1860
f 1392//1546 1492//1512 1491//1865
f 1493//1869 1486//1863 1564//1872
f 1473//3020 1468//3019 1558//1551
f 1477//2991 1473//3020 1558//1551
f 1490//1874 1488//1682 1487//1876
f 1490//1874 1390//1660 1488//1682
f 1490//1874 1395//1602 1390//1660
f 1501//1852 1504//1517 1497//1881
f 1495//1878 1501//1852 1557//1879
f 1503//1515 1498//1882 1481//1858
f 1499//1853 1479//1862 1497//1881
f 1502//1514 1226//1507 1505//1506
f 1501//1852 1497//1881 1556//1883
f 1501//1852 1556//1883 1557//1879
f 1499//1853 1478//1851 1479//1862
f 1498//1882 1480//1871 1525//1855
f 1496//1859 1485//1884 1491//1865
f 1501//1852 1495//1878 1496//1859
f 1487//1876 1486//1863 1493//1869
f 1487//1876 1493//1869 1494//1877
f 1253//1545 1492//1512 1392//1546
f 1505//1506 1490//1874 1487//1876
f 1484//1875 1566//1880 1565//1889
f 1566//1880 1546//1886 1565//1889
f 1566//1880 1557//1879 1546//1886
f 1548//1870 1563//1887 1547//1914
f 1546//1886 1536//1897 1561//1888
f 1561//1888 1536//1897 1534//1890
f 1331//1665 1560//1891 1330//1666
f 1484//1875 1565//1889 1374//1607
f 1375//1606 1484//1875 1374//1607
f 1511//1892 1305//1846 1528//1893
f 1510//1712 1529//1706 1311//1713
f 1530//1894 1511//1892 1528//1893
f 1531//1907 1319//1705 1529//1706
f 1534//1890 1532//1895 1323//1701
f 1529//1706 1510//1712 1513//1919
f 1523//1912 1529//1706 1513//1919
f 1523//1912 1531//1907 1529//1706
f 1537//1898 1535//1896 1532//1895
f 1536//1897 1532//1895 1534//1890
f 1517//1903 1511//1892 1535//1896
f 1523//1912 1539//1911 1531//1907
f 1540//1906 1541//1905 1522//1904
f 1545//1908 1544//1614 1533//1668
f 1539//1911 1551//1909 1531//1907
f 1533//1668 1319//1705 1531//1907
f 1547//1914 1544//1614 1545//1908
f 1520//3021 1523//3021 1521//3021
f 1520//1918 1549//1910 1523//1912
f 1550//1857 1549//1910 1520//1918
f 1527//1916 1538//1902 1541//1905
f 1552//1915 1551//1909 1549//1910
f 1525//1855 1550//1857 1520//1918
f 1552//3022 1547//1914 1551//1909
f 1559//1854 1541//1905 1553//1861
f 1550//1857 1552//1915 1549//1910
f 1540//1906 1542//1899 1543//1885
f 1554//1913 1540//1906 1543//1885
f 1552//3022 1548//1870 1547//1914
f 1555//1856 1548//1870 1552//3022
f 1543//1885 1557//1879 1554//1913
f 1557//1879 1556//1883 1554//1913
f 1556//1883 1553//1861 1554//1913
f 1526//1776 1516//1900 1538//1902
f 1527//1916 1526//1776 1538//1902
f 1527//1916 1558//1551 1526//1776
f 1330//1666 1534//1890 1323//1701
f 1565//1889 1561//1888 1560//1891
f 1524//1839 1520//1918 1458//1751
f 1463//1828 1459//1827 1516//1900
f 1521//3023 1523//1912 1519//1920
f 1520//1918 1521//3024 1519//1920
f 1519//1920 1513//1919 1469//1850
f 1511//1892 1517//1903 1512//1924
f 1520//1918 1519//1920 1515//1922
f 1517//1903 1518//1901 1470//1921
f 1517//1903 1514//1923 1512//1924
f 1516//1900 1459//1827 1470//1921
f 1520//1918 1515//1922 1458//1751
f 1515//1922 1519//1920 1462//1822
f 1459//1827 1457//1754 1470//1921
f 1460//1756 1470//1921 1457//1754
f 1508//1849 1513//1919 1308//1731
f 1581//1927 1582//1964 1881//1925
f 1580//1928 1583//1971 1571//1929
f 1571//1929 1584//1932 1572//1934
f 1888//1937 1573//1936 1882//1926
f 1883//1933 1597//1944 1887//2306
f 1889//1977 1598//1938 1888//1937
f 1890//3025 1599//1978 1889//1977
f 1883//1933 1600//1942 1597//1944
f 1602//1939 1604//2012 1603//1946
f 1597//1944 1603//1943 1622//1974
f 1603//1946 1604//2012 1607//1947
f 1582//1964 1577//1952 1881//1925
f 1655//1972 1652//1962 1585//1973
f 1585//1973 1652//1962 1574//1961
f 1586//846 1575//1949 1654//1951
f 1577//1952 1569//1957 1878//1953
f 1570//1955 1580//1928 1880//1930
f 1576//1970 1579//1954 1570//1955
f 1578//1956 1574//1961 1569//1957
f 1574//1961 1877//1960 1569//1957
f 1575//1949 1576//1970 1732//2004
f 1644//1958 1575//1949 1732//2004
f 1652//1962 1567//1959 1574//1961
f 1587//849 636//851 1579//1954
f 634//858 1594//884 1578//1956
f 1589//859 634//858 1578//1956
f 1594//884 1585//1973 1578//1956
f 1622//1948 1607//1947 1624//1966
f 1573//1936 1581//1927 1882//1926
f 1571//1929 1572//1934 1875//1968
f 1587//849 1576//1970 1586//846
f 1578//1956 1585//1973 1574//1961
f 1579//1954 1588//853 1580//1928
f 1582//1964 1589//859 1577//1952
f 1591//860 1592//842 1583//1971
f 1590//862 1581//1927 1573//1936
f 1586//846 1654//1951 1661//847
f 1639//904 1655//1972 1595//888
f 1628//3026 1626//2303 1627//1983
f 1627//1983 1626//2303 1623//1967
f 1621//1975 1623//1985 1625//1987
f 1621//1975 1892//1988 1887//2306
f 1597//1944 1621//1975 1887//2306
f 1620//1999 1611//3027 1610//2009
f 1612//1995 1620//1999 1610//2009
f 1612//1995 1610//2006 1609//1996
f 1619//825 1616//1997 1618//1998
f 1576//1970 1570//1955 1869//1993
f 1576//1970 1869//1993 1568//2003
f 1618//1935 1609//3028 1584//1932
f 1605//1976 1614//3029 1598//1938
f 1613//1990 1614//2002 1615//2000
f 1614//3029 1613//1994 1598//1938
f 1613//1994 1593//863 1573//1936
f 1598//1938 1613//1994 1573//1936
f 1615//2007 1610//2009 1611//3027
f 1567//1959 1646//1963 1864//2008
f 1864//2008 1646//1963 1735//2014
f 1599//2011 1604//2012 1606//1941
f 1609//3028 1608//2010 1584//1932
f 1584//1932 1608//2010 1883//1933
f 1645//2013 1643//2034 1734//2015
f 1660//895 1661//847 1654//1951
f 1659//896 1660//895 1654//1951
f 1656//892 1657//890 2239//2635
f 1657//890 1648//2020 2239//2635
f 1648//2020 1649//2027 1642//2022
f 1648//2020 1642//2022 2230//2021
f 1649//2027 1641//2017 1642//2022
f 1649//2027 1651//2024 1641//2017
f 1651//2024 1650//1950 1644//1958
f 1643//2034 1629//2032 1734//2015
f 2275//2023 1642//2022 1640//2026
f 1640//2026 1641//2017 1720//2157
f 1654//1951 1650//1950 1651//2024
f 1629//2032 1733//2030 1734//2015
f 1629//2032 2274//2028 1733//2030
f 1653//2018 1649//2027 1648//2020
f 2239//2635 1648//2020 2230//2021
f 1632//2035 1629//2032 1631//2033
f 1632//2035 1630//2031 1629//2032
f 1633//2025 1631//2033 1643//2034
f 1633//2025 1634//2036 1631//2033
f 1635//903 1634//2036 1633//2025
f 1635//903 1633//2025 1652//1962
f 1637//905 1632//2035 1634//2036
f 1637//905 2221//1292 1632//2035
f 1759//2126 1766//2050 1763//2049
f 1770//2039 1769//2137 1761//2047
f 1763//2049 1761//2047 1769//2137
f 1756//2083 1768//2038 1755//2040
f 1757//2084 1768//2038 1756//2083
f 1767//2043 1765//2042 1758//2044
f 1762//2346 1767//2043 1758//2044
f 1755//2040 1761//2047 1754//2082
f 1760//2048 1754//2082 1761//2047
f 1735//2014 1724//2061 1729//2164
f 1720//2157 1726//2052 1721//2158
f 1641//2017 1726//2052 1720//2157
f 1640//2026 1720//2157 1722//2159
f 1733//2030 1717//2062 1734//2015
f 1717//2062 1733//2030 1718//2064
f 1733//2030 2273//2029 1719//2063
f 1662//2059 1739//2058 1667//2057
f 1668//2088 1667//2057 1737//2056
f 1738//2060 1663//2053 1736//2055
f 1742//2078 1741//2067 1740//2066
f 1737//2056 1739//2058 1743//2069
f 1739//2058 1738//2060 1745//2075
f 1741//2065 1745//2075 1738//2060
f 1742//2078 1746//2071 1741//2067
f 1742//2078 1747//2079 1746//2071
f 1743//2081 1739//2058 1750//2074
f 1746//2071 1750//2085 1745//2072
f 1742//2078 1751//2077 1747//2079
f 1749//2353 1743//2069 1754//2082
f 1746//2071 1752//2086 1750//2085
f 1753//2080 1752//2086 1746//2071
f 1750//2074 1755//2040 1743//2081
f 1753//2080 1757//2084 1752//2086
f 1757//2084 1756//2083 1750//2085
f 1662//2059 1698//2124 1664//2054
f 1668//2088 1665//2087 1667//2057
f 1673//2093 1676//2091 1674//2094
f 1674//2094 1676//2091 1678//2097
f 1681//2132 1695//2118 1675//3030
f 1681//2132 1678//2097 1677//2098
f 1675//3030 1678//2097 1681//2132
f 1683//2102 1681//3031 1677//3032
f 1683//2102 1705//2101 1681//3031
f 1678//2097 1670//2090 1671//2103
f 1684//2104 1677//3032 1682//3033
f 1684//2104 1683//2102 1677//3032
f 1685//2105 1684//3034 1680//2106
f 1686//2108 1682//3033 1671//2109
f 1686//2108 1684//2104 1682//3033
f 1684//3034 1686//2160 1680//2106
f 1688//2113 1687//2112 1690//2115
f 1687//2112 1673//2093 1691//2095
f 1690//2115 1691//2095 1694//2117
f 1693//2123 1692//2144 1700//2121
f 1693//2123 1710//3035 1692//2144
f 1675//2096 1695//2118 1691//2095
f 1692//2144 1697//2119 1700//2121
f 1723//2122 1700//2121 1679//2107
f 1698//2124 1662//2059 1694//2117
f 1699//2125 1694//2117 1695//2118
f 1699//2125 1695//2118 1703//2133
f 1704//3036 1701//3037 1699//2135
f 1696//2120 1702//2131 1701//2129
f 1705//2101 1699//2135 1703//3038
f 1706//2134 1704//3036 1699//2135
f 1696//2120 1706//2136 1700//2121
f 1705//2101 1703//3038 1681//3031
f 1706//2136 1685//2105 1679//2107
f 1759//2126 1763//2049 1774//2138
f 1767//2043 1775//2141 1771//2041
f 1765//3039 1771//3039 1770//3039
f 1769//2137 1775//2142 1774//2138
f 1707//2143 1708//2114 1688//2113
f 1665//2087 1690//2115 1662//2059
f 1689//2116 1665//2087 1666//2089
f 1710//3035 1711//2145 1692//2144
f 1710//3035 1713//2296 1711//2145
f 1713//2296 1712//2327 1711//2145
f 1697//2119 1711//2145 1669//2147
f 1711//2145 1712//2327 1904//2146
f 1669//2147 1702//2131 1697//2119
f 1742//2078 1669//2147 1904//2146
f 1702//2131 1736//2068 1664//2148
f 1719//2063 2259//2687 2248//2149
f 1714//2150 1715//2156 2262//2151
f 1716//2155 2264//2154 2262//2151
f 1687//2112 1718//2064 1673//2093
f 1673//2093 2248//2149 1676//2091
f 1721//2158 1723//2122 1714//2150
f 1723//2122 1679//2107 1680//2106
f 1714//2150 1680//2106 1715//2156
f 1714//2150 1723//2122 1680//2106
f 1716//2153 1686//2108 1672//2110
f 1686//2160 1716//2155 1715//2156
f 1772//2140 1776//2186 1775//2141
f 1718//2064 1687//2112 1725//2111
f 1724//2061 1725//2111 1708//2114
f 1717//2062 1718//2064 1725//2111
f 1725//2111 1724//2061 1717//2062
f 1726//2052 1728//2163 1721//2158
f 1728//2163 1710//3035 1693//2123
f 1729//2164 1708//2114 1730//2165
f 1728//2163 1731//2294 1710//3035
f 1728//2163 1727//2051 1731//2294
f 1727//2051 1732//2004 1731//2294
f 1710//3035 1731//2294 1713//2296
f 1786//2169 1819//2168 1817//2217
f 1790//2173 1822//2224 1820//2172
f 1791//2167 1821//2226 1819//2168
f 1822//2224 1790//2173 1834//2175
f 1842//1781 1950//2179 1818//2170
f 1793//2180 1792//2176 1788//2207
f 1823//3040 1794//2182 1842//1781
f 1780//2198 1937//2197 1779//2246
f 1783//2266 1772//2140 1942//2200
f 1783//2266 1784//2185 1772//2140
f 1759//2126 1774//2138 1781//2183
f 1759//2126 1781//2183 1778//2245
f 1800//2238 1801//2195 1824//2194
f 1795//2191 1824//2190 1799//2189
f 1785//2174 1941//2196 1780//2198
f 1786//2169 1783//2266 1942//2200
f 1825//2193 1826//2203 1824//2194
f 1803//2244 1794//2210 1801//2212
f 1954//2208 1786//2169 1943//2199
f 1787//2206 1941//2196 1790//2173
f 1789//2171 1951//2205 1790//2173
f 1954//2208 1791//2167 1786//2169
f 1788//2207 1792//2176 1791//2167
f 1823//2213 1825//2211 1794//2210
f 1945//2319 1886//2188 1788//2207
f 1886//2188 1793//2180 1788//2207
f 1823//2213 1849//2215 1825//2211
f 1818//2170 1952//2209 1789//2171
f 1783//2266 1786//2169 1814//2218
f 1828//1845 1809//2220 1829//1832
f 1830//1816 1808//2216 1806//2219
f 1830//1816 1806//2219 1828//3018
f 1816//2257 1831//2221 1809//2220
f 1831//3041 1814//2218 1833//3013
f 1831//2221 1833//1833 1832//1831
f 1832//1831 1829//1832 1809//2220
f 1814//2218 1831//3041 1816//3042
f 1835//2225 1834//2175 1808//2216
f 1835//2225 1808//2216 1830//1816
f 1836//2222 1833//3013 1814//2218
f 1822//2224 1834//2175 1835//2225
f 1792//2176 1841//3017 1821//2177
f 1840//1834 1820//2172 1822//2224
f 1837//2223 1820//2172 1840//1834
f 1802//2236 1797//2233 1894//2232
f 1796//2227 1797//2237 1897//2230
f 1798//2235 1800//2238 1797//2233
f 1803//3043 1898//3044 1953//2178
f 1794//2182 1803//3043 1953//2178
f 1801//2212 1798//2243 1803//2244
f 1843//2181 1844//1826 1792//2176
f 1844//1826 1841//3017 1792//2176
f 1845//2247 1846//2250 1844//1826
f 1847//2276 1823//3040 1842//1781
f 1793//2180 1850//2248 1843//2181
f 1846//2250 1845//2247 1843//2181
f 1849//2204 1851//3045 1846//2249
f 1827//2214 1852//3046 1851//2252
f 1852//3047 1827//3047 1847//3047
f 1834//2175 1785//2174 1780//2198
f 1815//2258 1816//2257 1809//2220
f 1814//2218 1816//3042 1813//2265
f 1812//2262 1813//3048 1815//2260
f 1812//2262 1805//2261 1810//2264
f 1815//2260 1807//3049 1805//2261
f 1784//2185 1812//2267 1810//3050
f 1811//2263 1805//2261 1778//2245
f 1778//2245 1781//2183 1811//2263
f 1806//2219 1807//2270 1809//2220
f 1806//2219 1804//2271 1805//2261
f 1780//2198 1779//2246 1806//2219
f 1806//2219 1779//2246 1804//2271
f 1855//3051 1853//3016 1844//1826
f 1855//3052 1856//2272 1853//1829
f 1846//2274 1855//3052 1844//3053
f 1846//2274 1856//2272 1855//3052
f 1858//1815 1847//2276 1842//1781
f 1851//2277 1857//2273 1846//2274
f 1852//2253 1848//2255 1857//2273
f 1865//3054 1730//2165 1709//2280
f 1865//3054 1864//2008 1730//2165
f 1931//2285 1924//2284 1925//2315
f 1898//3044 1895//2304 1953//2178
f 1899//3055 1895//3055 1898//3055
f 1893//2302 1894//2232 1796//2234
f 1875//2305 1883//3056 1876//2308
f 1894//2241 1896//2293 1899//2239
f 1731//2294 1568//2003 1866//2290
f 1867//2310 1865//3054 1868//2297
f 1868//2297 1865//3054 1709//2280
f 1867//2310 1868//2297 1871//2309
f 1866//2290 1870//2289 1903//2295
f 1895//2304 1890//3025 1889//1977
f 1884//3057 1928//2282 1862//2298
f 1882//1926 1881//1925 1872//2299
f 1896//2301 1894//2232 1893//2302
f 1892//1988 1893//2229 1891//2228
f 1885//2283 1873//2300 1924//2284
f 1888//1937 1882//1926 1873//2300
f 1888//1937 1873//2300 1885//2283
f 1871//2309 1868//2297 1861//2287
f 1867//2310 1871//2309 1872//2299
f 1871//2309 1861//2287 1863//2286
f 1870//2289 1879//1969 1875//1968
f 1862//2298 1874//3058 1884//3057
f 1873//2300 1872//2299 1863//2286
f 1862//2298 1870//2289 1874//3058
f 1870//2289 1875//1968 1874//3058
f 1626//2303 1628//3026 1896//2301
f 1862//2298 1906//2312 1903//2295
f 1569//1957 1867//2310 1878//1953
f 1867//2310 1569//1957 1865//3054
f 1569//1957 1877//1960 1865//3054
f 1877//1960 1864//2008 1865//3054
f 1892//1988 1886//2188 1887//2306
f 1625//1987 1626//1986 1892//1988
f 1864//2008 1735//2014 1729//2164
f 1892//1988 1891//2228 1886//2188
f 1881//1925 1867//2310 1872//2299
f 1906//2312 1928//2282 1927//2340
f 1950//2179 1948//2324 1946//2350
f 1951//2205 1946//2350 1940//2320
f 1947//2317 1943//2199 1936//2345
f 1947//2317 1954//2208 1943//2199
f 1789//2171 1946//2350 1951//2205
f 1789//2171 1950//2179 1946//2350
f 1920//2333 1918//2348 1915//2338
f 1908//2322 1923//2339 1915//2338
f 1949//2316 1788//2207 1954//2208
f 1900//2326 1666//2089 1668//2088
f 1909//2323 1751//2077 1748//2076
f 1744//2070 1743//2069 1749//2353
f 1907//2351 1737//2056 1744//2070
f 1904//2146 1923//2339 1748//2076
f 1748//2076 1923//2339 1908//2322
f 1906//2312 1923//2339 1904//2146
f 1919//2330 1914//2329 1944//2349
f 1914//2329 1916//2341 1944//2349
f 1914//2329 1907//2351 1916//2341
f 1916//2341 1907//2351 1744//2070
f 1902//2291 1707//2143 1666//2089
f 1931//2285 1925//2315 1933//2325
f 1901//2331 1666//2089 1900//2326
f 1713//2296 1903//2295 1712//2327
f 1948//2324 1933//2325 1919//2330
f 1903//2295 1906//2312 1712//2327
f 1934//2335 1945//2319 1921//2332
f 1933//2325 1926//2328 1919//2330
f 1902//2291 1901//2331 1905//2288
f 1915//2338 1932//2334 1920//2333
f 1930//2337 1886//2188 1934//2335
f 1929//2336 1932//2334 1915//2338
f 1905//2288 1900//2326 1922//2311
f 1928//2282 1886//2188 1930//2337
f 1927//2340 1930//2337 1929//2336
f 1913//2314 1914//2329 1926//2328
f 1911//2352 1758//2044 1757//2084
f 1911//2352 1762//2346 1758//2044
f 1935//2344 1762//2346 1911//2352
f 1764//2347 1910//2343 1760//2048
f 1762//2346 1942//2200 1772//2140
f 1936//2345 1942//2200 1762//2346
f 1918//2348 1938//2318 1935//2344
f 1917//2342 1910//2343 1939//2321
f 1940//2320 1917//2342 1939//2321
f 1935//2344 1947//2317 1936//2345
f 1764//2347 1939//2321 1910//2343
f 1943//2199 1942//2200 1936//2345
f 1906//2312 1927//2340 1923//2339
f 1923//2339 1927//2340 1929//2336
f 1922//2311 1913//2314 1926//2328
f 1907//2351 1668//2088 1737//2056
f 1915//2338 1918//2348 1909//2323
f 1940//2320 1944//2349 1917//2342
f 1944//2349 1940//2320 1946//2350
f 1912//2313 1668//2088 1907//2351
f 1938//2318 1947//2317 1935//2344
f 1900//2326 1668//2088 1912//2313
f 1909//2323 1935//2344 1911//2352
f 1910//2343 1744//2070 1749//2353
f 1753//2080 1911//2352 1757//2084
f 1751//2077 1911//2352 1753//2080
f 1978//996 1287//445 1977//2364
f 1957//2360 1955//2355 2050//2354
f 1287//445 1282//1580 1977//2364
f 1956//2377 2039//2357 2142//2359
f 1958//3059 1955//2355 1957//2360
f 1959//2372 2039//2357 1956//2377
f 2044//2388 1957//2360 2051//2361
f 1978//996 1977//2364 1976//2362
f 1957//2360 2044//2388 1960//2374
f 1975//2363 1282//1580 1277//1582
f 1975//2363 1277//1582 1273//1591
f 1976//2362 1961//2366 1967//2953
f 1974//2365 1975//2363 2052//2369
f 2054//2367 1974//2365 2052//2369
f 1969//2379 1968//2371 1973//473
f 1972//997 1976//2362 1967//2953
f 1967//2953 1961//2366 1964//2376
f 1959//2372 2043//2380 2039//2357
f 1971//1011 1967//2953 1964//2376
f 2150//2370 1971//1011 1964//2376
f 1970//1016 2149//1106 1958//3059
f 1958//3059 2144//2549 1955//2355
f 2149//1106 2144//2549 1958//3059
f 1957//2360 1963//1014 1958//3059
f 1963//1014 1970//1016 1958//3059
f 1964//2376 1959//2372 1956//2377
f 1968//2371 1965//2373 1962//2375
f 1969//2379 1965//2373 1968//2371
f 2046//2391 2048//1600 1960//2374
f 1960//2374 2044//2388 2046//2391
f 2042//2384 2006//2387 2010//2458
f 2028//2381 2015//2426 2041//2385
f 2043//2380 2041//2385 2039//2357
f 2043//2380 2028//2381 2041//2385
f 2042//2384 2016//2383 2022//2389
f 2027//2392 2046//2391 2022//2389
f 2046//2391 2044//2388 2022//2389
f 2052//2369 2049//1595 2047//2390
f 2052//2369 2055//2368 2053//1592
f 1273//1591 2053//1592 2055//2368
f 2047//2390 2038//1720 2029//2393
f 2045//1734 2027//2392 1378//1661
f 2050//2354 2011//2356 2006//2387
f 2044//2388 2051//2361 2042//2384
f 2051//2361 2050//2354 2006//2387
f 2039//2357 1983//2386 2040//2358
f 1983//2386 2004//2452 2040//2358
f 1378//1661 2027//2392 2025//2396
f 2012//2453 2035//2428 2013//1674
f 1980//2397 1979//3060 1981//2398
f 1986//2400 1980//2441 1984//2401
f 1985//2402 1984//3061 1989//2406
f 1991//2455 1985//2402 1988//2408
f 1982//2399 1990//2404 1984//2403
f 1991//2455 1986//2400 1985//2402
f 1982//2399 1983//2386 1990//2404
f 1991//2417 2016//2383 2009//2382
f 2020//2412 1994//2409 1992//2413
f 1995//2415 1988//2408 1994//2409
f 1996//2416 1991//2455 1988//2408
f 2021//3062 2034//3063 2037//3064
f 2021//3062 2037//3064 2025//2396
f 2034//3063 2033//2998 2036//2999
f 2034//3063 2036//2999 2037//3064
f 2012//2453 2030//2436 2035//2428
f 2034//2421 2018//2420 2032//2422
f 2018//2420 2030//2424 2032//2422
f 2038//1720 2013//1674 2029//2393
f 2029//2393 2013//1674 2024//2425
f 2013//1674 2023//2427 2024//2425
f 2020//2443 2021//3062 2025//2396
f 2020//2443 2025//2396 2026//2429
f 1997//2437 2113//3065 2115//2438
f 2019//2445 2014//2411 2024//2425
f 1998//3066 1997//2432 1979//2440
f 1992//3067 2024//2425 2023//2427
f 1998//3066 2001//2433 1997//2432
f 1992//3067 2019//2445 2024//2425
f 2023//2427 2035//2428 2017//2434
f 1993//2435 1992//3067 2023//2427
f 2016//2383 1996//2418 2022//2389
f 1979//3060 1997//2437 1981//2398
f 2000//2442 1998//3066 1979//2440
f 2020//2412 1993//2414 2018//2420
f 1992//3067 1994//2444 2019//2445
f 2018//2420 1993//3068 2017//2446
f 1981//2398 2115//2438 2002//2451
f 2001//2433 2003//2448 2005//2394
f 2002//2451 1983//2386 1982//2399
f 2000//2449 2010//2458 2003//2448
f 1990//2404 2041//2385 2015//2426
f 2014//2411 1989//2405 2015//2426
f 1994//2444 1987//2410 2014//2411
f 1333//1658 2012//2453 2013//1674
f 2003//2448 2010//2458 2006//2387
f 2011//2356 2127//2474 2005//2394
f 2005//2394 2003//2448 2006//2387
f 1986//2400 1999//2439 1980//2441
f 2007//2454 2000//2442 1999//2439
f 2008//2457 2007//2456 2009//2382
f 2042//2384 2010//2458 2009//2382
f 2091//2459 2089//2515 2119//2467
f 2123//2472 2122//2460 2119//2467
f 2112//2395 2122//2460 2126//2471
f 2127//2474 2124//2470 2118//2468
f 2100//2476 2129//2478 2119//2467
f 2099//2484 2098//2462 2132//2480
f 2132//2480 2098//2462 2128//2479
f 2132//2480 2125//2469 2133//2954
f 2128//2479 2120//2464 2125//2469
f 2129//2478 2130//2475 2131//2482
f 2134//2483 2133//2954 2125//2469
f 2135//1068 2133//2954 2134//2483
f 2145//2481 2143//2473 2123//2472
f 2105//1031 2136//2485 2130//2475
f 2136//2485 2138//2487 2131//2482
f 2136//2485 2137//1030 2138//2487
f 2139//1027 2132//2480 2133//2954
f 2137//1030 2140//2486 2138//2487
f 2111//2489 2112//2395 2004//2452
f 2117//2450 2005//2394 2110//2466
f 2002//2451 2111//2489 2004//2452
f 2110//2466 2114//2488 2117//2450
f 2115//2438 2106//2491 2111//2489
f 2114//2488 2113//3069 2116//2431
f 2116//2431 2113//3069 1997//2432
f 2113//3065 2109//2490 2115//2438
f 2114//2488 2109//2493 2113//3069
f 2114//2488 2108//2501 2080//2492
f 2107//2494 2112//2395 2111//2489
f 2106//2491 2107//2494 2111//2489
f 2067//2461 2122//2460 2107//2494
f 2077//2528 2107//2494 2106//2491
f 2080//2497 2079//2530 2106//2491
f 2110//2466 2078//2495 2081//3070
f 2077//2528 2106//2491 2079//2530
f 2105//1031 2101//2477 2096//2502
f 2097//1085 2104//1084 2095//2505
f 2219//1170 2102//1081 2093//2503
f 2088//2508 2101//2477 2100//2476
f 2100//2476 2119//2467 2089//2515
f 2096//2502 2101//2477 2088//2508
f 2088//2508 2100//2476 2089//2515
f 2097//1085 2095//2505 2087//2507
f 2087//2507 2085//2512 2086//2516
f 2095//2505 2094//2513 2087//2507
f 2094//2513 2085//2512 2087//2507
f 2084//2510 2207//2556 2092//2509
f 2060//2506 2093//2503 2092//2509
f 2066//2518 2078//2495 2090//2463
f 2089//2515 2091//2459 2067//2461
f 2089//2515 2065//2514 2082//2517
f 2082//2517 2065//2514 2062//2522
f 2084//2510 2088//2508 2082//2517
f 2083//2519 2086//2516 2085//2512
f 2085//2512 2213//2524 2083//2519
f 2057//2523 2084//2510 2082//2517
f 2081//3070 2078//2495 2076//2532
f 2076//3071 2074//2526 2081//2500
f 2081//2500 2079//2527 2080//2492
f 2074//2529 2073//2533 2077//2528
f 2073//2533 2071//2535 2075//2499
f 2076//3071 2070//2540 2074//2526
f 2076//3071 2072//2538 2070//2540
f 2067//2461 2075//2499 2071//2535
f 2071//2535 2063//2537 2067//2461
f 2074//2529 2070//2534 2073//2533
f 2069//2520 2072//2531 2066//2518
f 2070//2534 2064//2536 2071//2535
f 2072//2538 2069//2542 2068//2539
f 2063//2537 2062//2522 2065//2514
f 2057//2523 2062//2522 2202//2547
f 2126//2471 2142//2359 2112//2395
f 2059//2546 2058//2525 2203//2550
f 2131//2482 2147//2551 2145//2481
f 2152//1012 2150//2370 2151//1091
f 2146//2378 1956//2377 2143//2473
f 2149//1106 2148//1088 2144//2549
f 2214//2552 2193//3072 2217//2553
f 2217//2553 2193//3072 2185//2558
f 2212//2511 2209//2563 2213//2524
f 2207//2556 2084//2510 2057//2523
f 2213//2524 2210//2560 2058//2525
f 2215//2554 2092//2509 2207//2556
f 2213//2524 2211//2562 2210//2560
f 2215//2554 2060//2506 2092//2509
f 2204//2564 2057//2523 2199//2569
f 2216//1173 2217//2553 2061//2504
f 2208//2568 2187//2565 2211//2562
f 2208//2568 2211//2562 2209//2563
f 2210//2560 2187//2565 2198//2566
f 2195//1193 2218//1171 2192//2555
f 2216//1173 2196//1172 2214//2552
f 2218//1171 2219//1170 2060//2506
f 2185//2558 2206//2567 2212//2511
f 2204//2564 2177//2595 2205//2557
f 2184//2571 2174//2596 2204//2564
f 2058//2525 2200//2561 2203//2550
f 2202//2547 2199//2569 2057//2523
f 2203//2548 2201//3073 2202//2547
f 2199//2569 2202//2547 2201//3073
f 2200//3074 2198//3075 2199//2569
f 2198//3075 2197//2570 2199//2569
f 2195//1193 2192//2555 2189//1194
f 2169//1113 2190//2582 2196//1172
f 2192//2555 2194//2559 2191//2583
f 2214//2552 2190//2582 2193//3072
f 2191//2583 2194//2559 2179//2587
f 2190//2582 2173//2588 2193//3072
f 2193//3072 2173//2588 2185//2558
f 2188//2584 2164//2586 2173//2588
f 2164//2586 2160//3076 2173//2588
f 2166//2585 2189//1194 2165//2589
f 2160//3076 2153//2608 2173//2588
f 2182//2591 2180//2601 2186//2572
f 2176//2598 2171//2599 2182//2591
f 2176//2598 2183//2573 2181//2597
f 2182//2591 2171//2599 2180//2601
f 2180//2592 2175//2607 2174//2596
f 2185//2558 2173//2588 2172//2602
f 2178//2594 2177//2595 2158//2614
f 2179//2587 2178//2594 2158//2614
f 2158//2614 2177//2595 2373//2604
f 2179//2587 2158//2614 2162//2590
f 2172//2602 2159//2609 2176//2598
f 2176//2598 2159//2609 2157//2603
f 2373//2604 2174//2596 2161//2606
f 2171//2599 2157//2603 2161//2605
f 2169//1113 2168//1111 2164//2586
f 2391//2613 2390//2612 2168//1111
f 2160//3076 2164//2586 2389//2617
f 2156//2615 2165//2589 2162//2590
f 2163//2611 2165//2589 2382//2721
f 2382//2721 2165//2589 2156//2615
f 2158//2614 2373//2604 2388//2620
f 2160//3076 2389//2617 2153//2608
f 2159//2609 2155//2619 2157//2603
f 2156//2615 2154//2621 2375//2626
f 2153//2608 2371//2624 2374//2625
f 2155//2619 2374//2625 2372//2622
f 2223//2641 2224//2628 2266//2630
f 2224//2628 2436//2859 2277//2629
f 2221//1292 2237//1296 1630//2031
f 2237//1296 2227//2639 1630//2031
f 2233//1298 2236//1297 2229//2637
f 2231//1293 2223//2641 2226//2640
f 2225//2634 2229//2637 2285//2643
f 2278//2632 2228//2644 2271//2675
f 2233//1298 2225//2634 2232//2645
f 2231//1293 2396//1471 2223//2641
f 2223//2641 2396//1471 2224//2628
f 2227//2639 2226//2640 2281//2646
f 2241//1279 2238//2636 2236//1297
f 2238//2636 1656//892 2239//2635
f 2222//1278 2237//1296 2221//1292
f 2264//2154 2244//3077 2263//2651
f 2264//2154 1672//2110 2244//3077
f 2265//2650 2264//2154 2263//2651
f 2262//2151 2264//2154 2261//2653
f 2261//2653 2265//2650 2251//2706
f 2251//2706 2265//2650 2256//2654
f 2267//2674 2277//2629 2301//2677
f 2267//2674 2266//2630 2277//2629
f 2268//2656 2270//2655 2269//2671
f 2257//2657 2290//2649 2258//2648
f 2290//2659 2299//2658 2298//3078
f 2257//2657 2256//2654 2299//2658
f 2253//2664 2255//2661 2299//2660
f 2294//2665 2296//3079 2287//2666
f 2296//3080 2289//3080 2293//3080
f 2295//2695 2291//2647 2290//2649
f 2246//2672 2269//2671 2270//2655
f 2267//2674 2301//2677 2286//2678
f 2278//2632 2271//2675 2308//2676
f 2300//2692 2306//2689 2280//2709
f 2301//2677 2287//2670 2293//2669
f 2300//2692 2302//2683 2306//2689
f 2307//3081 2288//2679 2446//2680
f 2305//2685 2288//2684 2307//2690
f 2272//2686 2268//2656 2269//2671
f 2305//2688 2302//2683 2303//2682
f 2305//2688 2447//2691 2306//2689
f 2291//2647 2271//2675 2258//2648
f 2295//2695 2309//2697 2308//2676
f 2309//2694 2294//2665 2297//2667
f 2294//2665 2292//2698 2289//3082
f 2290//2659 2298//3078 2292//2698
f 2297//2667 2287//2666 2288//2684
f 2292//2701 2298//2662 2245//2702
f 2304//2681 2297//2667 2303//2682
f 2304//2681 2302//2683 2309//2697
f 2298//2662 2255//2661 2245//2702
f 1672//2110 1671//2109 2244//3077
f 1630//2031 2281//2646 2274//2028
f 2228//2644 2285//2643 2283//2711
f 2283//2711 2285//2643 2276//2696
f 2252//2152 2262//2151 2251//2706
f 2284//2638 2276//2696 2285//2643
f 2272//2686 2281//2646 2268//2656
f 2281//2646 2282//2642 2268//2656
f 1722//2159 1714//2150 2252//2152
f 2228//2644 2283//2711 2271//2675
f 2282//2642 2266//2630 2267//2674
f 2253//2664 2250//2708 2255//2661
f 2254//2663 2263//2705 2249//3083
f 2250//2708 2254//2663 2249//3083
f 2263//2705 2260//2704 2249//3083
f 2252//2152 2251//2706 2258//2648
f 2281//2646 2226//2640 2282//2642
f 2248//2149 2247//2673 2255//2661
f 2276//2696 2252//2152 2283//2711
f 2250//2708 2260//2707 2248//2149
f 2248//2149 2269//2671 2247//2673
f 2246//2672 2255//2661 2247//2673
f 1671//2103 1670//2090 2260//2704
f 1671//2103 2260//2704 2244//2703
f 2273//2029 2272//2686 2259//2687
f 2275//2023 1640//2026 1722//2159
f 2461//2858 2280//2709 2306//2689
f 2373//2604 2366//2775 2388//2620
f 2370//2627 2388//2620 2366//2775
f 2314//2716 2310//2873 2311//2713
f 2314//2716 2311//2713 2312//2715
f 2315//2720 2316//2719 2495//2714
f 2389//2617 2381//2616 2369//2712
f 2156//2615 2375//2626 2380//2722
f 2386//1363 2383//2723 2390//2612
f 2317//2718 2338//2756 2316//2719
f 2319//2725 2310//2836 2314//2734
f 2497//2732 2496//2724 2321//2726
f 2320//2731 2319//2725 2314//2734
f 2321//2726 2319//2725 2320//2731
f 2321//2726 2322//2730 2497//2732
f 2323//2727 2498//2729 2497//2732
f 2363//1368 2359//2736 2384//1365
f 2369//2712 2381//2616 2377//2738
f 2377//2738 2349//2744 2369//2712
f 2376//2737 2358//2743 2377//2738
f 2313//2717 2312//2715 2316//2719
f 2324//2747 2322//2730 2320//2731
f 2432//2804 2327//2748 2325//2749
f 2325//2749 2317//2718 2315//2720
f 2432//2804 2332//2803 2327//2748
f 2329//2750 2328//2752 2326//2728
f 2332//2803 2355//2780 2327//2748
f 2355//2780 2339//2753 2327//2748
f 2333//1478 2334//2778 2332//2803
f 2334//2778 2355//2780 2332//2803
f 2333//1478 2336//1311 2334//2778
f 2316//2719 2338//2756 2337//2745
f 2339//2753 2338//2756 2317//2718
f 2344//2761 2337//2745 2341//2757
f 2380//2722 2375//2626 2370//2627
f 2386//1363 2384//1365 2376//2737
f 2365//1367 2385//1366 2379//2740
f 2378//2739 2380//2722 2370//2627
f 2386//1363 2377//2738 2383//2723
f 2374//2625 2368//2762 2372//2622
f 2348//2776 2342//2758 2347//2773
f 2348//2776 2345//2755 2342//2758
f 2347//2773 2342//2758 2344//2764
f 2345//2755 2352//2769 2343//2759
f 2352//2769 2345//2755 2348//2776
f 2350//2767 2341//2757 2351//2768
f 2346//2765 2353//2741 2351//2768
f 2354//2777 2313//3084 2337//2745
f 2342//2758 2324//2747 2354//2746
f 2356//2781 2330//2751 2329//2750
f 2343//2759 2329//2750 2318//2733
f 2356//2781 2329//2750 2343//2759
f 2360//2779 2357//2766 2355//2780
f 2356//2781 2343//2759 2349//2744
f 2360//2779 2364//2742 2353//2741
f 2376//2737 2359//2736 2358//2743
f 2368//2762 2367//2774 2372//2622
f 2372//2623 2367//2772 2366//2775
f 2351//2768 2370//2627 2366//2775
f 2371//2624 2349//2744 2368//2762
f 2378//2739 2370//2627 2353//2741
f 2368//2762 2352//2769 2347//2773
f 2353//2741 2370//2627 2351//2768
f 2361//1385 2335//1386 2330//2751
f 2336//1311 2362//1384 2360//2779
f 2360//2779 2362//1384 2364//2742
f 2365//1367 2364//2742 2362//1384
f 2420//1456 2412//2783 2422//1458
f 2421//1469 2416//2791 2410//2782
f 2418//1460 2422//1458 2405//2784
f 1156//1475 2398//2810 2412//2783
f 2419//1467 2409//2788 2417//1468
f 2417//1468 2409//2788 2404//2787
f 2417//1468 2404//2787 2416//2791
f 2421//1469 2417//1468 2416//2791
f 1156//1475 2402//2795 2398//2810
f 2399//1472 2400//1464 2394//2807
f 2425//2797 2427//1477 2423//2798
f 2430//2792 2429//1491 2424//2793
f 2427//1477 2425//2797 2419//1467
f 2409//2788 2419//1467 2425//2797
f 2418//1460 2428//2785 2429//1491
f 2409//2788 2425//2797 2407//2789
f 2394//2807 2400//1464 2410//2782
f 2423//2798 2491//2817 2488//2799
f 2405//2784 2412//2783 2415//2800
f 2414//2790 2406//2816 2455//2813
f 2415//2800 2457//2815 2460//2802
f 2331//1355 2431//1490 2430//2792
f 2434//1476 2333//1478 2332//2803
f 2331//1355 2430//2792 2433//2754
f 2410//2782 2416//2791 2414//2790
f 2415//2800 2413//2805 2457//2815
f 2411//2812 2414//2790 2455//2813
f 2392//2808 2394//2807 2411//2812
f 2427//1477 2434//1476 2432//2804
f 2453//2814 2392//2808 2411//2812
f 2394//2807 2410//2782 2411//2812
f 2224//2628 2395//2806 2436//2859
f 2399//1472 2395//2806 2396//1471
f 2326//2728 2433//2754 2498//2729
f 2395//2806 2392//2808 2436//2859
f 2232//2645 2437//2811 2393//2809
f 2403//1473 2240//1286 2397//2631
f 2398//2810 2402//2795 2397//2631
f 2396//1471 2401//1470 2399//1472
f 2398//2810 2393//2809 2413//2805
f 2408//2786 2405//2784 2415//2800
f 2325//2749 2315//2720 2491//2817
f 2423//2798 2432//2804 2325//2749
f 2407//2789 2488//2799 2486//2855
f 2424//2793 2408//2786 2452//2801
f 2486//2855 2406//2816 2407//2789
f 2483//2821 2479//2829 2482//2822
f 2483//2821 2481//2823 2469//3085
f 2479//2819 2476//2818 2478//2845
f 2478//2828 2477//3086 2482//2822
f 2482//2834 2474//2833 2475//2831
f 2280//2709 2461//2858 2437//2811
f 2315//2720 2495//2714 2492//2837
f 2319//2725 2496//2724 2467//2838
f 2319//2725 2467//2838 2494//2835
f 2497//2732 2487//2839 2496//2724
f 2489//2796 2487//2839 2498//2729
f 2487//2839 2497//2732 2498//2729
f 2492//2837 2495//2714 2466//2843
f 2451//2856 2485//2842 2484//3087
f 2486//2855 2485//2842 2451//2856
f 2485//2842 2462//2830 2484//3087
f 2490//2841 2485//2842 2486//2855
f 2488//2799 2490//2841 2486//2855
f 2487//2839 2452//2801 2493//2840
f 2462//2830 2490//2841 2466//2843
f 2488//2799 2492//2837 2490//2841
f 2480//2820 2483//2824 2467//2838
f 2492//2837 2488//2799 2491//2817
f 2459//2844 2473//2846 2476//2818
f 2476//2818 2480//2820 2493//2840
f 2460//2802 2493//2840 2452//2801
f 2473//2846 2472//2848 2478//2845
f 2478//2828 2472//2848 2477//3086
f 2471//3088 2462//2830 2475//2831
f 2484//3087 2462//2830 2471//3088
f 2477//3086 2472//2848 2443//2850
f 2475//2831 2439//2870 2471//3088
f 2473//2846 2440//2871 2472//2848
f 2484//3087 2471//3088 2439//2870
f 2445//3089 2444//2861 2472//2848
f 2472//2848 2444//2861 2470//2849
f 2441//2851 2439//2870 2475//2831
f 2467//2838 2483//2821 2469//3085
f 2462//2830 2466//2843 2464//2853
f 2469//2827 2463//2826 2464//2853
f 2392//2808 2453//2814 2436//2859
f 2455//2813 2456//3090 2454//2857
f 2436//2859 2453//2814 2454//2857
f 2280//2709 2437//2811 2279//2633
f 2459//2844 2493//2840 2460//2802
f 2440//2871 2473//2846 2459//2844
f 2450//2865 2444//2861 2442//2867
f 2444//2861 2450//2865 2448//2862
f 2447//2691 2307//2690 2449//2866
f 2446//2680 2439//2870 2441//2851
f 2448//2863 2307//3081 2446//2680
f 2442//2867 2306//2689 2447//2691
f 2301//2677 2438//2869 2446//2680
f 2435//2860 2454//2857 2438//2869
f 2435//2860 2438//2869 2301//2677
f 2277//2629 2435//2860 2301//2677
f 2439//2870 2456//3090 2484//3087
f 2440//2871 2445//3089 2472//2848
f 2444//2861 2445//3089 2440//2871
f 2451//2856 2484//3087 2456//3090
f 2451//2856 2455//2813 2406//2816
f 2459//2844 2457//2815 2458//2875
f 2459//2844 2460//2802 2457//2815
f 2455//2813 2451//2856 2456//3090
f 2458//2875 2440//2871 2459//2844
f 2494//2835 2467//2838 2469//3085
f 2494//2872 2465//2854 2468//2852
f 2461//2858 2440//2871 2458//2875
f 2456//3090 2439//2870 2454//2857
