# G1 exterior visual; derived from pinned Unitree/TWIST2 CAD.
v 0.0364965126 0.0230038855 -0.121383086
v 0.0442626104 0.0230038762 -0.121229395
v 0.0442626141 0.0230038781 -0.124124072
v 0.0355012529 -0.0229999926 -0.011578545
v 0.0335012525 -0.0229999982 -0.0115785226
v 0.0335012488 -0.0189724322 -0.0174100231
v 0.0355012491 -0.0189724267 -0.0174100455
v 0.0335012488 -0.0135076912 -0.021922702
v 0.0355012491 -0.0135076856 -0.0219226945
v 0.0335012451 -0.0070197247 -0.0247746985
v 0.0355012454 -0.00701971911 -0.024774693
v 0.0335012488 4.96570385e-09 -0.0257500038
v 0.0355012454 -4.34881953e-09 -0.0257499963
v 0.0335012451 0.00701971725 -0.0247747004
v 0.0355012454 0.00701972283 -0.024774693
v 0.0335012525 0.0135076819 -0.0219227076
v 0.0355012529 0.0135076875 -0.0219227001
v 0.0335012525 0.018972436 -0.0174100399
v 0.0355012491 0.0189724267 -0.0174100325
v 0.0335012451 0.0230000056 -0.0115785217
v 0.0355012454 0.0229999963 -0.011578545
v 0.0496823937 -0.0473481677 -0.0125760948
v 0.059292715 -0.0441980399 -0.00251910463
v 0.0560304895 -0.0450367928 -0.00252975337
v 0.0560694933 -0.0461475998 -0.0112624019
v 0.0505360104 0.0475712121 -0.0123351868
v 0.0591121539 0.0447904579 -0.00393136078
v 0.0538565367 0.0461855754 -0.0054121241
v 0.0670536533 -0.0231902003 0.0258881189
v 0.06791199 -0.0183551386 0.0274895877
v 0.0660713762 -0.0186076351 0.0287698768
v 0.0686358213 -0.0198363941 0.0251945499
v 0.0679686442 -0.026282642 0.0219753813
v 0.0667807087 -0.0291515961 0.0214237608
v 0.0673396811 -0.0322632343 0.01601604
v 0.0660062209 -0.0347222164 0.0151080741
v 0.0651363507 -0.0314441845 0.0204867516
v 0.0644894242 -0.0349992141 0.0164660178
v 0.065577969 -0.0267851371 0.0244031493
v 0.0603319108 -0.0426352806 0.00263077253
v 0.0626637563 -0.0390302613 0.0105935857
v 0.0643500015 -0.0384827852 0.00970155653
v 0.0629160628 -0.0420646891 -0.000719500997
v 0.0649417713 0.030938806 0.0211615264
v 0.065573208 0.0244842973 0.0262109488
v 0.0670440197 0.0264320485 0.023669688
v 0.0679501072 0.0258742664 0.0228074715
v 0.0670322403 0.0308732763 0.0193369742
v 0.0646466836 0.034957651 0.0161889233
v 0.0666600391 0.0342483819 0.0148842195
v 0.0686408132 0.0195095073 0.0256582368
v 0.0660713688 0.0189496242 0.0287696682
v 0.0677405223 0.019437179 0.0274057742
v 0.067482084 0.0116139483 0.0301910266
v 0.0687283799 0.0116639752 0.0286157057
v 0.0622327514 0.0429555848 -0.00138416339
v 0.0598950833 0.0436776131 0.000568184885
v 0.064125888 0.0404087864 0.00446220068
v 0.0625596568 0.0408543758 0.00618146872
v 0.0658461154 0.0372378342 0.00992416963
v 0.0645477846 0.037664216 0.0116282776
v 0.0664253831 -0.00276615098 0.0319683924
v 0.0684934705 -0.00480024051 0.0302183274
v 0.0683546588 0.000139123906 0.0306387674
v 0.0687859282 -0.0135280862 0.0277356319
v 0.0691688061 -0.00703641446 0.0283845887
v 0.0691814721 0.000320829597 0.0289506763
v 0.06630373 -0.0126842577 0.0305992421
v 0.0680993199 -0.0138300648 0.0289322734
v 0.0683041885 -0.00925756805 0.029799154
v 0.069454439 -0.0255099088 0.0169620328
v 0.0686475262 -0.0301752891 0.0144093791
v 0.070707567 -0.0295780413 0.00547856884
v 0.0719427913 -0.0299846288 -0.00294082938
v 0.073079735 -0.0332383253 -0.0274281446
v 0.0749489889 -0.0280713383 -0.0271069314
v 0.0736589283 -0.0273240339 -0.0111008771
v 0.0755277351 -0.0219455604 -0.0185917094
v 0.0659170151 -0.03999364 -0.00348306145
v 0.0616822429 -0.0443459898 -0.0168936681
v 0.0680112615 -0.0368376896 0.00106159935
v 0.0696452707 -0.0337984487 0.00223717
v 0.0701547712 -0.0379074551 -0.0257408917
v 0.066446133 -0.0418176912 -0.0266821291
v 0.0775788501 -0.0118773673 -0.0276016612
v 0.077593483 -0.0215470847 -0.0416984744
v 0.0779918358 -0.0042363964 -0.0284940805
v 0.0788918659 -0.00991200935 -0.0437825099
v 0.0797485113 0.00077480101 -0.0540382527
v 0.0759045407 -0.0290396474 -0.0435531437
v 0.0739488006 -0.0335006975 -0.0427696109
v 0.0711023733 -0.0379101299 -0.040530283
v 0.0675934777 -0.0414222181 -0.0412011817
v 0.0695406944 0.0268557686 0.0154986596
v 0.0690936744 0.0328663327 0.00830923952
v 0.0684237778 0.0062651597 0.0301596709
v 0.0691356361 0.00485371891 0.0288460106
v 0.0666475296 0.00560270576 0.0315869004
v 0.0775647461 0.011493817 -0.0269700643
v 0.0727372393 0.0339989215 -0.025724994
v 0.0695308223 0.0387179032 -0.0222918093
v 0.0711613148 0.0381197408 -0.0396914519
v 0.0655651316 0.0425911509 -0.0226653647
v 0.0680437014 0.0414279103 -0.0412063859
v 0.0744219273 0.0330188833 -0.0430816002
v 0.0761848018 0.0276680365 -0.039541319
v 0.0775962025 0.0217891708 -0.041592475
v 0.07418596 0.0273995064 -0.0150843756
v 0.0757512525 0.0210381933 -0.0191848837
v 0.0788824633 0.0105378497 -0.043986585
v 0.0679691657 0.0372092314 0.00111373817
v 0.0704601109 0.0344426408 -0.00468813488
v 0.0707159415 0.0298763141 0.00549763534
v 0.0659170076 0.0403353013 -0.00348346308
v 0.060775429 0.0450050831 -0.0157129914
v 0.0721708983 0.0305085406 -0.00489251921
v 0.0732546821 0.0284917504 -0.00929679349
v 0.0698894411 -0.0200989395 0.0191873871
v 0.0722056925 -0.0276229493 -0.000873681973
v 0.0778456703 0.00255842367 -0.0271740686
v 0.0702620521 0.0228678714 0.0152502405
v 0.0724802688 0.0279741678 -0.00259813853
v 0.0695393458 0.0113831591 0.0252338424
v 0.0335012525 0.0189724378 0.0174100287
v 0.0335012451 -0.023 0.0115785263
v 0.0335012488 -0.0189724304 0.0174100455
v 0.0335012488 0.0230000038 0.0115785263
v 0.0335012488 -0.0135076921 0.0219227131
v 0.0335012525 -0.00701971259 0.0247747041
v 0.0335012488 0.013507681 0.0219227057
v 0.0335012525 -6.22731589e-11 0.0257500075
v 0.0335012525 0.00701971445 0.0247747041
v 0.0355012491 0.0229999945 0.0115785338
v 0.0355012491 0.0189724285 0.0174100343
v 0.0355012491 0.0135076866 0.0219227131
v 0.0355012529 0.00701972004 0.0247747097
v 0.0355012529 5.52531132e-09 0.0257499851
v 0.0355012529 -0.0070197219 0.0247747116
v 0.0355012491 -0.0135076866 0.0219226889
v 0.0355012491 -0.0189724397 0.0174100213
v 0.0355012454 -0.0229999945 0.0115785329
v 0.0706239417 0.0314724408 -0.121229187
v 0.0493472703 0.0175330341 -0.121229373
v 0.048616156 -0.0413312688 -0.121229671
v 0.0355012491 -0.0373386815 -0.121229224
v 0.0355057269 -0.0425157286 -0.121225387
v 0.0750688165 0.0188899674 -0.121229403
v 0.0529229119 0.0109756989 -0.121229358
v 0.0250012483 -0.0257878508 -0.121383496
v 0.0309966039 -0.0250801779 -0.121414341
v 0.0547679067 0.00373831438 -0.121229336
v 0.0757121146 -0.0126674511 -0.121229239
v 0.0190059561 -0.0250801984 -0.121229254
v 0.00573989237 -0.0229961146 -0.121229254
v 0.0133401863 -0.0229961239 -0.121460594
v 0.0442626104 -0.0229961276 -0.121229261
v 0.0366623178 -0.0229961164 -0.1215377
v 0.0355012491 0.0398315713 -0.12122944
v 0.0355320349 0.0428607315 -0.121227488
v 0.030906193 0.0250259582 -0.121413797
v 0.0270213615 0.0412690304 -0.121229447
v 0.0250012502 0.0257121548 -0.121229395
v 0.0729234442 0.0269467309 -0.121229231
v 0.06345281 -0.037474826 -0.121229179
v 0.0493472666 -0.0175252706 -0.121229269
v 0.0529229082 -0.0109679447 -0.121229298
v 0.0547679067 -0.00373054994 -0.121229306
v 0.076148048 0.00400983728 -0.12122944
v 0.0303081144 -0.0383939669 -0.121229209
v 0.024957031 -0.0387535617 -0.121229216
v 0.0160561856 -0.0377507545 -0.121229216
v 0.0570059791 -0.0398312062 -0.121229142
v 0.0512576066 0.0413582772 -0.121230103
v 0.0744120032 -0.0216176342 -0.12122871
v 0.0721887723 -0.0284444764 -0.121230282
v -0.0047654123 0.00373831205 -0.121229343
v -0.0140405223 0.0101469327 -0.121229358
v -0.00292041409 0.0109757064 -0.121229351
v -0.0110822367 0.0186014716 -0.12122938
v 0.000655233162 0.0175330322 -0.12122938
v -0.00631681457 0.0261857454 -0.121229403
v 0.0057398905 0.0230038743 -0.121229388
v 1.68004135e-05 0.0325194709 -0.121229418
v 0.0135059869 0.0230038799 -0.121229388
v 0.00760099618 0.0372850336 -0.121229433
v 0.0190962907 0.0250259526 -0.121344633
v 0.0160554815 0.0402434729 -0.12122944
v 0.0609326102 0.0389902778 -0.121230014
v 0.0685594752 -0.0337863564 -0.121229984
v 0.0076016481 -0.0347924642 -0.121229216
v 1.73660865e-05 -0.0300270356 -0.121229239
v 0.00065522996 -0.0175252724 -0.121229276
v -0.00631635869 -0.023693433 -0.121229246
v -0.00292041292 -0.0109679373 -0.121229291
v -0.0110819247 -0.0161092337 -0.121229276
v -0.00476540765 -0.00373055227 -0.121229306
v -0.014040364 -0.00765475444 -0.121229291
v -0.0150433267 0.00124607887 -0.121229321
v 0.0673434436 0.035242036 -0.121229596
v 0.0355012529 0.0412467644 -0.0784035176
v 0.0355012529 0.0412467904 -0.0731035173
v 0.0355013572 0.0472245105 -0.053931959
v 0.0355012491 0.0398321375 -0.0784035027
v 0.0355012603 0.0434650555 -0.111585654
v 0.0355018675 0.0472593717 -0.0213341247
v 0.0355014652 -0.0468600653 -0.0542898737
v 0.0355012529 -0.0387532078 -0.0731031075
v 0.0355014317 -0.0456291549 -0.0797705799
v 0.0355012491 -0.0387532339 -0.0784030929
v 0.035501413 0.04588148 -0.0811120272
v 0.0355010107 0.0362119377 -0.0730887577
v 0.0354988798 0.036217805 -0.0628036261
v 0.0355013795 -0.0336753391 -0.0628054515
v 0.0355012491 -0.0337286033 -0.0730967596
v 0.0355012491 -0.0373388156 -0.0784031078
v 0.0355010368 0.0445363596 0.00280187535
v 0.0354972742 0.0421327688 0.0119964313
v 0.0355038121 0.0312162489 0.0321214795
v 0.0355050825 0.0356515162 0.0264099296
v 0.0355014205 0.0462865457 -0.00792101771
v 0.0354875103 0.0398175456 0.0182801746
v 0.0355012044 -0.0195749272 0.0405647531
v 0.0355003178 0.0262624249 0.0366963819
v 0.0354922228 0.0199349709 0.0404776074
v 0.0355076715 -0.000346363115 0.0444443673
v 0.0354791619 0.0121219195 0.0431199409
v 0.0355026126 -0.0456437878 -0.0050496934
v 0.0355029069 -0.0421881191 0.0107863843
v 0.0354975015 -0.011837827 0.0431122258
v 0.0354982428 -0.0280829035 0.0349838585
v 0.0354996063 -0.0383564122 0.0209873021
v 0.0355011784 -0.046936065 -0.0219889656
v 0.0355013683 -0.032927569 0.029723959
v 0.0349728279 0.0464088842 -0.00876197405
v 0.0405384079 0.0420961678 -0.123897396
v 0.0670087785 0.0351480767 -0.123901643
v 0.0758204833 -0.0023372157 -0.123902909
v 0.0749429911 0.0170659088 -0.123903155
v 0.0730412081 0.0256169271 -0.123902135
v 0.0709304512 0.0303625613 -0.123902075
v 0.0511830896 0.0410991125 -0.123899259
v 0.0602915138 0.03889082 -0.123900928
v 0.0656842589 -0.0372270383 -0.123901516
v 0.0592662245 -0.0402594581 -0.123899966
v 0.0630872771 -0.0372846872 -0.123901092
v 0.0678431764 -0.0340283178 -0.123901591
v 0.0709430203 -0.0325009562 -0.123905659
v 0.0389079861 0.0435538664 -0.123897716
v 0.0523680039 0.0421216525 -0.123899862
v 0.0253566224 -0.0449740365 -0.123713002
v 0.0253552198 -0.0434252843 -0.123894043
v 0.0736530423 0.027842002 -0.123901859
v 0.0688304752 0.0352661721 -0.123906866
v 0.0615352131 0.0397603475 -0.123902842
v 0.0253755189 0.0450625978 -0.123894736
v 0.0253875237 0.0439196937 -0.123902373
v 0.0322737247 -0.0441484675 -0.1238968
v 0.056909509 -0.039603319 -0.12389981
v 0.0760149136 -0.0184078515 -0.123901755
v 0.0739263669 -0.0265112035 -0.123902909
v 0.0717833713 -0.028525129 -0.123902552
v 0.0763448253 0.0163906179 -0.123905517
v 0.0474399179 -0.0424338505 -0.123899519
v 0.0497615561 -0.0409122594 -0.123898871
v 0.0299662985 -0.0432435237 -0.123896137
v 0.0404281691 -0.0417706557 -0.123897165
v 0.077042602 -0.00303842919 -0.123904973
v 0.0745328143 -0.0194750726 -0.123902179
v 0.0349413939 -0.0483247899 -0.0149928052
v 0.0349776931 -0.0468059406 -0.00150259468
v 0.0315560251 -0.0447905771 -0.123413108
v 0.0495792404 -0.0427784324 -0.123402655
v 0.0490859263 0.0431512929 -0.12343879
v 0.0301032178 0.0452442914 -0.123400956
v 0.0355329998 -0.0450437926 -0.109025612
v 0.0459330976 -0.0449476056 -0.103761226
v 0.0774173811 -0.00824644975 -0.123478949
v 0.0592495166 -0.040720731 -0.12344902
v 0.0655247495 -0.0379894339 -0.123446293
v 0.0693165213 -0.0349828564 -0.123469599
v 0.0725725368 -0.030797191 -0.123469941
v 0.0746788904 -0.0259311851 -0.123479113
v 0.0762516037 -0.0197033212 -0.12347281
v 0.0649555251 0.0386719219 -0.123457976
v 0.077454634 0.00802738313 -0.123471916
v 0.076384902 0.0192808546 -0.123470262
v 0.0747150257 0.0262160487 -0.123477921
v 0.0729293898 0.0303793047 -0.123467274
v 0.0701112971 0.0345545113 -0.123470478
v 0.0577331968 0.0415242314 -0.123455353
v 0.0335813165 0.0451829284 -0.114097103
v 0.0455349125 0.0453207679 -0.10368032
v 0.0364820212 0.0457108803 -0.104644038
v 0.0253578555 0.0454737283 -0.123366952
v 0.0348790884 0.0488584526 -0.0199303329
v 0.0349758603 0.0480997041 -0.00848365668
v 0.0349711627 0.0464377776 0.00214233459
v 0.0349504426 0.0439563207 0.0123243779
v 0.0349466614 0.0415244289 0.0189332627
v 0.0253771096 0.0453385152 -0.110389076
v 0.0341816396 0.0491606854 -0.0402315371
v 0.0771166459 0.0273821168 -0.0630818605
v 0.0747350231 0.0334432833 -0.0626717955
v 0.0801741332 0.000154188019 -0.0840795636
v 0.0796938017 0.0129379714 -0.0833463222
v 0.025413027 0.0469462648 -0.0887150168
v 0.0560066476 0.0438300818 -0.104140848
v 0.062355727 0.0415880606 -0.107699826
v 0.0679037869 0.038950298 -0.104935892
v 0.0717089996 0.0353053808 -0.106606573
v 0.0742475614 0.0312408637 -0.108637407
v 0.0763493255 0.0260895155 -0.109008245
v 0.0776251704 0.0208709221 -0.109330036
v 0.0783989578 0.0102515062 -0.113927908
v 0.0790017694 0.000654298521 -0.111019574
v 0.0796673372 0.0107878139 -0.0634116009
v 0.07839486 0.0219146069 -0.0632509291
v 0.0714587197 0.0382609181 -0.0620221831
v 0.0672496334 0.0420175418 -0.0621362031
v 0.0648715571 0.0436247624 -0.0376917273
v 0.0636735559 0.0437919982 -0.0698472336
v 0.0603682362 0.0457713902 -0.0379409268
v 0.0583017096 0.0457388051 -0.0686534643
v 0.0542731658 0.0474019386 -0.03703833
v 0.0506227911 0.0476645119 -0.0589130111
v 0.0447042473 0.0487802923 -0.0346038416
v 0.0387664139 0.0487151593 -0.0576647446
v 0.0322529227 0.0488799848 -0.0541865565
v 0.0269587655 0.0483595617 -0.0649472401
v 0.0359345526 0.0476946197 -0.0789603591
v 0.0300438367 0.0486283451 -0.0605546832
v 0.025550222 0.0481798947 -0.0679157972
v 0.069014594 0.0398272499 -0.0831734017
v 0.0729971528 0.0357002206 -0.0831157491
v 0.0751731545 0.0320905037 -0.0832168087
v 0.0778231993 0.0250996742 -0.0838209689
v 0.0499284081 0.0466298014 -0.0810335279
v 0.0789754391 0.0131145958 -0.104173072
v 0.0580287799 0.0460730307 -0.0154795786
v 0.0432235003 0.0485514551 -0.0177562367
v 0.04740908 0.0482046902 -0.0175470542
v 0.0540370718 0.0470094085 -0.0124334563
v 0.0348834321 0.0471929498 -0.0201504007
v 0.0341520049 0.0474333614 -0.0401343182
v 0.0349668413 0.0440845713 0.00531465374
v 0.0349468477 0.0411847234 0.0150284534
v 0.0349458568 0.0378112532 0.0228734408
v 0.0286812354 0.0468034334 -0.0627735108
v 0.0262122359 0.0465778597 -0.0660476685
v 0.0307266638 0.0469969586 -0.0590340458
v 0.0327069983 0.0472383648 -0.0519577116
v 0.0254673697 0.0464205965 -0.068912603
v 0.0253904462 0.0441805199 -0.10254243
v 0.0253727082 0.0435388349 -0.113457553
v 0.03081722 0.0435674861 -0.114182979
v 0.0349470079 -0.020667728 0.0422665179
v 0.0349470451 -0.0268202219 0.0385089032
v 0.0349470153 -0.0311936382 0.0346661918
v 0.0349468626 -0.0356505588 0.0292367786
v 0.0348183438 -0.0486641414 -0.0233778562
v 0.043796733 -0.0481288284 -0.0170696396
v 0.0519187674 -0.0473031178 -0.0201123487
v 0.0648289099 -0.0432961993 -0.0375657119
v 0.0542215593 -0.0470902435 -0.0370268375
v 0.0609206744 -0.0452250652 -0.0398195051
v 0.0443880074 -0.0484526418 -0.0343067311
v 0.0349467807 0.0380051695 0.0261184443
v 0.0349469967 0.0322470367 0.0338850841
v 0.0349469855 0.0193645973 0.0430235714
v 0.0349470936 0.0264703184 0.0390704535
v 0.034974087 -0.0461771041 -0.00961763505
v 0.0348572843 -0.0468731634 -0.0211016517
v 0.0349719711 -0.0444437079 0.00170539215
v 0.0349514894 -0.0417723246 0.0124404887
v 0.0311701838 -0.0432360657 -0.11237824
v 0.0253763366 -0.043289315 -0.110997997
v 0.0256197751 -0.0478532687 -0.0674966499
v 0.0255509913 -0.046129249 -0.0679113492
v 0.0253774822 -0.0450059958 -0.110363185
v 0.0269930456 -0.046318844 -0.0648857877
v 0.0276653077 -0.0480794348 -0.0640441105
v 0.0342513099 -0.0488244183 -0.0383937396
v 0.0324619748 -0.0485692546 -0.0534095354
v 0.0326045528 -0.0468830019 -0.0524566732
v 0.0303151235 -0.0466130003 -0.0600653552
v 0.0299930349 -0.048282098 -0.0606215671
v 0.034213081 -0.0471075177 -0.0394578911
v 0.0349506401 -0.0436922833 0.0120644551
v 0.0349466503 -0.0397374332 0.0222620498
v 0.0349457674 0.0238400791 0.038594909
v 0.0349479504 0.0330668278 0.0302548297
v 0.034947902 0.0287827402 0.0348389633
v 0.0349514894 0.0187858138 0.0412149578
v 0.0349489227 -0.0295674 0.0337737054
v 0.0349471346 -0.0252148602 0.0374639072
v 0.0349541642 -0.0192300398 0.0409144908
v 0.0349462852 -0.0335916206 0.0290728305
v 0.0349810161 -0.0123180673 0.0431671068
v 0.034946274 -0.0374430642 0.02292246
v 0.0349478573 -0.0119686201 0.0452121384
v 0.034955021 -0.00595726725 0.0443002693
v 0.0349474475 -0.00342787686 0.0464413799
v 0.0349580459 0.00338264578 0.044573307
v 0.0349473171 0.00698001357 0.0461325832
v 0.0349497907 0.012389197 0.0433220603
v 0.0349485278 0.0137454998 0.0448814556
v 0.0309384335 -0.0449289642 -0.11400301
v 0.0359344855 -0.0473527648 -0.0789589956
v 0.0731112063 -0.0358230397 -0.0619055144
v 0.0387935489 -0.0484016389 -0.0570256598
v 0.0503233261 -0.0473755933 -0.058414463
v 0.0578813702 -0.045523297 -0.0684878305
v 0.0647135824 -0.043232888 -0.0620887801
v 0.0693530664 -0.0400673337 -0.0619051978
v 0.0783947706 -0.0215729717 -0.0632497519
v 0.0771165192 -0.0270404406 -0.0630806163
v 0.0750961453 -0.0322893597 -0.0627890527
v 0.0796672776 -0.0104462663 -0.0634105355
v 0.0788845569 -0.0114361756 -0.107839473
v 0.0776668265 -0.020441724 -0.108966954
v 0.0763894171 -0.0256712809 -0.10881757
v 0.0741678551 -0.0313217267 -0.107194513
v 0.0710592866 -0.0356050543 -0.107270412
v 0.0674279556 -0.0386548713 -0.107359171
v 0.0574015416 -0.0429870263 -0.105610311
v 0.0625309721 -0.0413206294 -0.106110238
v 0.0520705245 -0.044097092 -0.104893826
v 0.0632712841 -0.0428853892 -0.0819856822
v 0.0498128943 -0.0463640727 -0.0801947787
v 0.079639405 -0.0131737897 -0.0836753696
v 0.0689696521 -0.0395819433 -0.0822278559
v 0.0729683191 -0.0354055651 -0.0829543099
v 0.075172998 -0.0317489766 -0.0832156762
v 0.0777124539 -0.0250814985 -0.0840473101
v 0.0442626067 -0.0229961239 -0.124124065
v 0.0493472666 -0.0175252836 -0.12412408
v 0.0529229119 -0.0109679429 -0.12412408
v 0.0547679067 -0.00373054785 -0.124124072
v 0.0547679067 0.00373831647 -0.124124072
v 0.0529229082 0.0109757008 -0.124124065
v 0.0493472666 0.0175330359 -0.124124065
v 0.00573989004 -0.0229961127 -0.124124065
v 0.00573992543 0.0230039135 -0.124124072
v 0.000655227865 0.0175330341 -0.124124072
v -0.00292040943 0.0109757092 -0.124124072
v -0.00476540579 0.00373831415 -0.124124072
v -0.00476540625 -0.00373055018 -0.124124072
v -0.00292041036 -0.0109679345 -0.124124072
v 0.000655233976 -0.0175252855 -0.124124065
v 0.0135059878 0.0230038799 -0.121690452
v 0.027057128 -0.0387679785 -0.078402862
v 0.000547676871 -0.0259312429 -0.0628021285
v 0.00059680437 -0.0259471256 -0.0668018833
v 0.0287136529 -0.0350373574 -0.062804535
v 0.0216505248 -0.0350796543 -0.0628053993
v 0.0144856041 -0.0336934328 -0.0628053546
v 0.0077366964 -0.0309078861 -0.062805146
v 0.0190059561 -0.0250802003 -0.121691972
v 0.0250012502 0.0257121529 -0.121690363
v 0.0303090326 0.0408871248 -0.0784033611
v 0.0249575842 0.0412466601 -0.0784032121
v 0.0160574596 -0.037750531 -0.0784025267
v 0.00760292308 -0.0347922407 -0.0784022883
v 1.86361376e-05 -0.0300268251 -0.0784020871
v -0.00631508837 -0.0236932095 -0.0784019306
v -0.0110806534 -0.0161090083 -0.0784018412
v -0.0140390908 -0.00765452953 -0.0784017965
v -0.0150420545 0.00124630355 -0.0784018114
v -0.0140392501 0.0101471422 -0.0784018859
v -0.0110809663 0.018601682 -0.07840202
v -0.00631554238 0.0261859689 -0.0784021914
v 1.80688567e-05 0.0325196944 -0.0784024149
v 0.00760227069 0.0372852571 -0.0784026682
v 0.0160567574 0.0402436964 -0.078402929
v 0.00115740113 -0.0232363008 -0.0668021664
v 0.00145135471 -0.0253508016 -0.066802159
v 0.00145114551 -0.0228822157 -0.0730999485
v 0.00145117112 -0.0253508408 -0.0731021613
v 0.0014508008 0.0253828615 -0.073101908
v 0.00145068858 0.0278438013 -0.073102437
v 0.00145087217 0.0278438255 -0.0668024346
v 0.00145090069 0.0254159644 -0.0668024197
v 0.0134834722 -0.0323961861 -0.0731020123
v 0.0142550059 -0.0326232798 -0.0684023872
v 0.00935017131 -0.0306699537 -0.0684028268
v 0.0354947522 -0.0326847956 -0.0684021413
v 0.0354938693 -0.0326658078 -0.0731031522
v 0.0354760811 0.0351802409 -0.0731034726
v 0.035496708 0.0351666473 -0.0684023276
v 0.0133322049 0.0348186791 -0.0731025487
v 0.00982377212 0.0334070511 -0.0684033558
v 0.0146377739 0.0352352671 -0.0684037358
v 0.00591121055 0.0312059205 -0.0668025166
v 0.00658936566 0.031660296 -0.0731026754
v 0.00649036141 -0.0291106775 -0.073102355
v 0.00592033286 -0.0287179239 -0.0668022409
v 0.000579460582 0.0272815097 -0.0730947033
v 0.000801201444 0.0262565725 -0.0730954781
v 0.000796067179 -0.0237644818 -0.0730993897
v 0.000560081506 -0.0251778439 -0.0730983093
v 0.00147419807 0.0292171929 -0.0730937198
v 0.00643662456 0.0327241644 -0.073093541
v 0.0122356955 0.0354895256 -0.0730492994
v 0.0177283678 0.0370361283 -0.073057428
v 0.0297887251 0.0374478549 -0.073090598
v 0.0232673176 0.0377469882 -0.0730616599
v 0.0303316358 -0.0349284634 -0.0730958804
v 0.024949437 -0.0352806188 -0.073097676
v 0.0195399448 -0.0349222496 -0.0730954111
v 0.0124851083 -0.033133924 -0.0730966404
v 0.00591333769 -0.0299766697 -0.0730964467
v 0.00117092126 -0.0264471024 -0.0730970353
v 0.000813533843 0.028351713 -0.0730941966
v 0.0203772988 0.0364499018 -0.0731030479
v 0.0355012454 0.0351450406 -0.0668034852
v 0.0281019509 0.036607258 -0.0668032765
v 0.0128699988 0.0346252099 -0.0668028146
v 0.0203774907 0.036449939 -0.0668030381
v 0.0281017572 0.0366072319 -0.0731032714
v 0.0281019174 -0.0341138281 -0.0731029063
v 0.0128704524 -0.0321319178 -0.0668024644
v 0.0203776155 -0.033956565 -0.0731026754
v 0.0203777999 -0.0339565277 -0.0668026805
v 0.0281021018 -0.034113802 -0.0668028966
v 0.0355012491 -0.032651592 -0.066803135
v 0.000629977905 0.0267633386 -0.0668024048
v 0.00063133816 -0.0253916867 -0.0668022335
v 0.0280759074 0.0376006886 -0.0628057346
v 0.0199504811 0.0374380127 -0.0628070757
v 0.0119861849 0.0353573672 -0.0628214851
v 0.00535195041 0.0320641473 -0.0628159791
v 0.0010009245 0.028756436 -0.0668023825
v 0.00632527936 -0.0385968313 -0.0784022361
v -0.0188166834 0.0056943493 -0.0784017146
v -0.0170273036 0.0144086871 -0.0784018189
v -0.0135216145 0.0225849785 -0.0784019604
v -0.00844291691 0.0298889764 -0.0784021541
v -0.00199883291 0.0360221192 -0.0784023702
v 0.00630806061 0.0410311297 -0.0784026533
v -0.001998208 -0.0335292742 -0.07840202
v -0.00844239909 -0.027396258 -0.0784018561
v -0.0135212271 -0.0200923495 -0.0784017444
v -0.0170270652 -0.0119161215 -0.0784016773
v -0.0188166052 -0.00320180785 -0.0784016773
v 0.00632471032 0.0410898477 -0.073102653
v -0.00199867389 0.0360221453 -0.0731023848
v -0.00844275951 0.0298890024 -0.0731021538
v -0.0135214571 0.0225850046 -0.0731019601
v -0.0170271453 0.0144087132 -0.0731018186
v -0.0188165251 0.00569437537 -0.0731017143
v -0.0188164469 -0.00320178177 -0.073101677
v -0.0170269106 -0.0119160954 -0.073101677
v -0.0135210697 -0.0200923085 -0.0731017441
v -0.00844224915 -0.0273962319 -0.0731018558
v -0.00199805014 -0.0335292481 -0.0731020197
v 0.00630894443 -0.038538117 -0.0731022358
v 0.000549229851 0.0283501223 -0.0628023297
v 0.000504693715 0.0282203089 -0.0668024123
v 0.0244147964 0.0402219109 -0.0803866163
v 0.0153482007 0.039051868 -0.0804158747
v 0.0120716151 0.0380409807 -0.0812670663
v 0.0244182982 -0.0471309535 -0.0803836957
v 0.0161137246 -0.046610713 -0.0803901553
v 0.0151707353 -0.0386339687 -0.0804358423
v 0.0126025351 -0.0461194403 -0.0810494646
v 0.0122874258 -0.0377738886 -0.0811730176
v 0.0200049821 -0.0442802198 -0.123894326
v 0.0243538227 -0.0450134017 -0.123653837
v 0.0194111597 -0.0446569771 -0.123405159
v 0.0128097702 -0.043029204 -0.12389525
v 0.0122776963 -0.0434123352 -0.123421572
v -0.0263280086 -0.00327974465 -0.123345189
v -0.0257625412 0.0078467764 -0.123887874
v -0.0253760293 -0.013170613 -0.123887382
v -0.00823091064 -0.0396289192 -0.123888731
v -0.0127783641 -0.0381449796 -0.123398207
v -0.00640336704 -0.0406181999 -0.123418152
v -0.0152525445 -0.0360700265 -0.123889469
v -0.0165407024 -0.0356521755 -0.123395249
v -0.0197215714 -0.0324054323 -0.12338201
v -0.020211095 -0.0310155787 -0.12388663
v -0.0222145189 -0.0281722285 -0.123362765
v -0.0234105028 -0.0236322507 -0.123887196
v -0.0238751322 -0.0238278378 -0.123337016
v -0.0255017113 -0.0159930699 -0.123331845
v 0.00223295996 -0.0422736146 -0.123425081
v 0.019250175 0.0449843109 -0.123411961
v 0.0243532173 0.0451287217 -0.123817302
v 0.0142974611 0.0435796492 -0.123893946
v 0.0127789415 0.0438329354 -0.123415589
v 0.000626371126 0.0423904993 -0.123432152
v -0.0263288449 0.00619397964 -0.123258121
v -0.020266857 0.031113103 -0.123888567
v -0.022404423 0.0268687904 -0.123886198
v -0.0236533396 0.0249329712 -0.123345427
v -0.0241743252 0.0210085008 -0.123887897
v -0.0254542734 0.0164895579 -0.123340562
v -0.0214706752 0.0300058648 -0.123366982
v -0.0154551389 0.0368537009 -0.123399295
v -0.0189524051 0.03367652 -0.123375095
v -0.016828483 0.0350999087 -0.123888843
v -0.0110174278 0.0392942093 -0.123401918
v -0.00592768844 0.0410692766 -0.123393528
v -0.0079753194 0.0399093628 -0.123890094
v -0.0128657166 0.0378849506 -0.123888887
v -0.000936964643 0.0416611321 -0.123891033
v -0.0149660539 0.0037277618 -0.123888634
v -0.0147054298 -0.00525515201 -0.123888731
v -0.0133949788 -0.0112960022 -0.123888917
v -0.0112744337 -0.0168443657 -0.123889357
v -0.00843321346 -0.0219048858 -0.123889662
v 0.00340285082 -0.0336745344 -0.123891503
v -0.00410894165 -0.027407188 -0.123890318
v 0.0126726823 -0.0379652008 -0.123892978
v 0.0192148909 -0.0394402184 -0.123894013
v 0.0243538897 -0.039851632 -0.123894677
v -0.0231266133 -0.00328583224 -0.0994722694
v -0.0249818843 -0.00474110153 -0.112143978
v 0.0110480841 -0.0446636006 -0.10434676
v 0.0193828009 -0.0447583199 -0.111238219
v 0.0243744981 -0.0450191945 -0.110000856
v 0.00334540545 -0.0443858318 -0.085747093
v -0.00930554792 -0.0396153629 -0.0922991559
v -0.0238738526 -0.0178344455 -0.111195832
v -0.022689363 -0.0121136643 -0.0992404372
v -0.0212345719 -0.0221367832 -0.0984791443
v -0.0193396043 -0.0280726254 -0.0975005031
v -0.0172267947 -0.0321713984 -0.0964056253
v -0.0142491162 -0.0358999148 -0.0948627591
v -0.0142950369 -0.0370780304 -0.108495161
v -0.0106196254 -0.0393954404 -0.104824901
v -0.00211233716 -0.0426984727 -0.0999877304
v -0.00434318837 -0.0419865362 -0.0897289515
v 0.00350367604 -0.0438137613 -0.103478737
v -0.00781207858 -0.0407524295 -0.106361963
v -0.0186965372 -0.032797467 -0.112130269
v -0.0218104646 -0.0264836308 -0.111400545
v -0.013032278 0.0129295504 -0.123889089
v -0.00861833245 0.0221512262 -0.123889953
v 0.00360028003 0.0340233743 -0.123891875
v -0.00209314772 0.029727729 -0.123890914
v 0.0166377127 0.0394135602 -0.123893991
v 0.00877547078 0.0367888212 -0.123892762
v 0.024353886 0.0401883088 -0.123895235
v -0.0150064388 0.00359083107 -0.0952669457
v -0.0147660431 -0.00492926734 -0.0951406658
v -0.0128153032 -0.0132133784 -0.0941273645
v -0.00816479046 -0.0224745031 -0.0917156041
v -0.00156973186 -0.0298426002 -0.0882977322
v 0.00539740874 -0.0347840339 -0.0846881643
v 0.0244074427 -0.0399248526 -0.080385983
v -0.0227961689 0.0113164084 -0.0992964506
v -0.0132693658 0.0120473346 -0.0943632126
v -0.0103846034 0.0190431457 -0.0928667411
v -0.00461781165 0.0272715036 -0.0898774564
v 0.00390196126 0.0342925265 -0.085463196
v 0.0055022086 0.0452098176 -0.0846306011
v 0.0031226147 0.0439443402 -0.105860293
v 0.00887135509 0.0448059253 -0.104348466
v 0.0161449593 0.0469539165 -0.0803851709
v 0.0244182236 0.0474691801 -0.0803830698
v 0.0123424567 0.0464652441 -0.0811387151
v -0.000856109429 0.0435282141 -0.0879239514
v -0.00210960372 0.0430546664 -0.0999461338
v -0.00819044188 0.0406028219 -0.0917218029
v -0.0195170883 0.0279790647 -0.0975926295
v -0.0172359049 0.0324976556 -0.0964113027
v -0.0212240592 0.0224597827 -0.0984771848
v -0.0238806177 0.0176998563 -0.111040182
v -0.022283379 0.0252712909 -0.111417532
v -0.0205785725 0.0298378523 -0.111954935
v -0.018261157 0.0336889103 -0.112487115
v -0.0144481929 0.0375197269 -0.113330774
v -0.00810092781 0.0409758762 -0.107091777
v -0.0140236113 0.0364789031 -0.0947462022
v -0.0107581113 0.0395707414 -0.101108178
v 0.0197312105 0.0451628156 -0.110906929
v 0.0243711304 0.0451802798 -0.113490291
vn 9.165013e-07 1 1.40106e-06
vn 1.186477e-06 1 1.438348e-06
vn 1.12864e-06 1 1.365813e-06
vn -6.524527e-07 -0.9546819 -0.2976279
vn -6.874276e-07 -0.9546804 -0.2976328
vn -5.542223e-06 -0.7367922 -0.6761193
vn -4.434524e-06 -0.7367953 -0.6761159
vn 3.505606e-06 -0.5245675 -0.8513689
vn 4.672792e-06 -0.5245729 -0.8513656
vn 4.585041e-06 -0.2726082 -0.9621252
vn 4.590725e-06 -0.2726141 -0.9621235
vn 3.733652e-06 3.758058e-06 -1
vn 3.557818e-06 -3.600024e-06 -1
vn 2.693507e-06 0.2726128 -0.9621238
vn 2.499685e-06 0.2726074 -0.9621254
vn 1.057397e-06 0.5245726 -0.8513657
vn 1.379663e-06 0.5245677 -0.8513687
vn 5.643582e-06 0.7367957 -0.6761155
vn 5.316453e-06 0.7367911 -0.6761206
vn 1.97452e-06 0.9546835 -0.2976229
vn 1.191093e-06 0.9546792 -0.2976366
vn 0.2584112 -0.9630231 0.07622429
vn 0.3502567 -0.9244537 0.1506836
vn 0.1742918 -0.9631602 0.2048039
vn 0.1144169 -0.9888709 0.09509518
vn 0.2947837 0.9203968 0.2568506
vn 0.3248837 0.9362401 0.1338093
vn 0.1526428 0.9717871 0.1798052
vn 0.2114859 0.9749659 0.06866766
vn 0.1168528 0.9887411 0.09346852
vn 0.6339102 -0.4078162 0.6571482
vn 0.7512481 -0.2669978 0.6036046
vn 0.4740104 -0.3402852 0.8121085
vn 0.918859 -0.2104882 0.3337557
vn 0.8682749 -0.3369701 0.3640739
vn 0.6787342 -0.5268602 0.5116034
vn 0.8356719 -0.4659644 0.29074
vn 0.6784685 -0.6513416 0.3397568
vn 0.4430282 -0.6707474 0.5948309
vn 0.4029845 -0.7612296 0.508068
vn 0.4473318 -0.543536 0.7102555
vn 0.3173134 -0.9075967 0.2749189
vn 0.3256302 -0.8632139 0.3857806
vn 0.5937703 -0.758736 0.2678742
vn 0.5477865 -0.8231526 0.1494981
vn 0.4089758 0.6647083 0.6252213
vn 0.4630525 0.4882749 0.7397094
vn 0.6172512 0.4920616 0.6139026
vn 0.3999623 0.7647512 0.5051591
vn 0.7316054 0.5345137 0.4231413
vn 0.727284 0.5965228 0.3394386
vn 0.8558165 0.3320168 0.3966648
vn 0.9210989 0.1994451 0.3343625
vn 0.4678165 0.3274992 0.8209093
vn 0.7145736 0.3022721 0.6308853
vn 0.6036825 0.1834149 0.7758391
vn 0.8911675 0.1265998 0.4356523
vn 0.517611 0.8440927 0.1399514
vn 0.5984981 0.7752036 0.2021367
vn 0.3689302 0.8694209 0.3286302
vn 0.7075142 0.6671189 0.2331867
vn 0.4440402 0.8094038 0.3843096
vn 0.5032993 -0.0515591 0.8625726
vn 0.7898256 -0.06207928 0.6101817
vn 0.7527545 0.003498556 0.658292
vn 0.9346996 -0.1201446 0.3345176
vn 0.952424 -0.059006 0.2990096
vn 0.9527674 -0.001087858 0.3036991
vn 0.4959179 -0.2025168 0.8444243
vn 0.739837 -0.2016997 0.64184
vn 0.7587389 -0.1028792 0.6432192
vn 0.9516329 -0.2264868 0.2076017
vn 0.9109424 -0.3446547 0.2267094
vn 0.9422344 -0.2844128 0.1769285
vn 0.8987576 -0.4319192 0.07536951
vn 0.9567121 -0.278917 0.08311009
vn 0.9635031 -0.2442197 0.1096294
vn 0.983457 -0.1381689 0.1171394
vn 0.9398257 -0.319596 0.1207734
vn 0.4563571 -0.888287 0.05181138
vn 0.7898422 -0.5965717 0.1423081
vn 0.8817889 -0.4458517 0.153833
vn 0.6916915 -0.7149567 0.10198
vn 0.7932382 -0.6050664 0.06832194
vn 0.6296571 -0.7753269 0.04899026
vn 0.9942029 -0.01585402 0.1063451
vn 0.9914027 -0.0730202 0.1085762
vn 0.9963949 -0.06359921 0.05614582
vn 0.9991816 0.003118898 0.04032809
vn 0.9841871 -0.1673893 0.0579346
vn 0.94723 -0.3176437 0.04310318
vn 0.8869463 -0.4603851 0.03703774
vn 0.7833133 -0.6205724 0.03619593
vn 0.6359335 -0.7716372 0.01283011
vn 0.9452515 0.2507194 0.2089005
vn 0.8835974 0.4264419 0.1933986
vn 0.7754118 0.07363145 0.6271483
vn 0.9527386 0.02713384 0.3025769
vn 0.5057891 0.08208206 0.8587433
vn 0.9924523 0.06184423 0.1058951
vn 0.7769535 0.6260077 0.06676623
vn 0.8967684 0.4363396 0.07358193
vn 0.7915203 0.6099001 0.03895437
vn 0.6016482 0.7971773 0.05027714
vn 0.6526312 0.7574446 0.0187158
vn 0.9016219 0.4312053 0.03376132
vn 0.9584563 0.2783853 0.06215413
vn 0.9629358 0.2504201 0.1002221
vn 0.9851576 0.1258499 0.116732
vn 0.9852435 0.1607477 0.05878255
vn 0.9963536 0.05938165 0.06126279
vn 0.7961006 0.587033 0.1470245
vn 0.8769946 0.4679145 0.1092546
vn 0.6879358 0.7184463 0.1028556
vn 0.4420274 0.8953789 0.05392938
vn 0.9482697 0.269084 0.1684593
vn 0.939283 0.3207157 0.1220204
vn 0.9626145 0.249188 0.1062011
vn 0.977942 -0.1086112 0.1784182
vn 0.9735305 -0.1721742 0.1503136
vn 0.9772877 0.122483 0.1729359
vn 0.972855 0.1779546 0.147937
vn 0.9805362 0.0618279 0.186349
vn 0.9983892 0.01999806 0.05309594
vn -1 5.614025e-07 -1.258964e-07
vn -1 -5.695632e-07 1.835694e-07
vn -1 -4.583671e-07 -1.026044e-07
vn -1 4.881231e-07 3.171921e-08
vn -1 -2.386725e-07 1.929892e-07
vn -1 -9.421247e-08 2.1944e-07
vn -1 1.610105e-07 2.444116e-07
vn -1 -3.074929e-07 1.45226e-07
vn -1 2.042805e-07 -3.026726e-08
vn -1 9.984225e-08 4.048161e-07
vn -1 -2.496401e-06 1.608708e-07
vn -1 -7.245223e-07 8.751507e-09
vn -1 -6.140756e-07 0
vn -1 4.60069e-08 5.708722e-08
vn -1 1.685282e-07 6.818604e-07
vn -1 -3.245049e-07 -1.012212e-06
vn -1 -1.473671e-07 7.136292e-07
vn -1 5.313835e-07 1.909842e-06
vn 3.319284e-06 0.9546824 0.2976266
vn 3.245362e-06 0.9546801 0.2976339
vn 1.63115e-06 0.7367913 0.6761203
vn 1.172807e-06 0.7367953 0.6761159
vn -4.050011e-06 0.5245675 0.8513688
vn -4.672793e-06 0.5245734 0.8513653
vn -3.548522e-06 0.2726073 0.9621254
vn -2.532536e-06 0.2726133 0.9621236
vn 9.372521e-06 -5.389866e-06 1
vn 9.185332e-06 1.580322e-06 1
vn -4.035539e-06 -0.2726107 0.9621245
vn -3.774643e-06 -0.272605 0.962126
vn 9.928908e-06 -0.5245727 0.8513657
vn 1.105838e-05 -0.5245683 0.8513684
vn 5.239677e-06 -0.7367954 0.6761159
vn 4.54947e-06 -0.7367924 0.676119
vn 1.793516e-06 -0.9546831 0.2976242
vn 1.521195e-06 -0.9546798 0.2976347
vn 0.001297348 -0.004818777 -0.9999876
vn -3.299841e-05 -8.030863e-05 -1
vn -0.0002598297 -0.0007413889 -0.9999998
vn -0.001901601 -0.1267375 -0.9919345
vn 0.01436085 -0.07037467 -0.9974173
vn -2.982547e-08 -3.058173e-06 -1
vn -3.004862e-06 9.658437e-06 -1
vn -2.66362e-06 -2.613394e-06 -1
vn -0.006495167 -0.01763359 -0.9998235
vn -0.001193879 -0.007616346 -0.9999703
vn -0.02986903 -0.1901324 -0.981304
vn 1.818168e-05 -1.395208e-05 -1
vn 0.00496986 -0.008722162 -0.9999496
vn 0.03712334 -0.1536598 -0.9874262
vn -6.626348e-06 -2.624133e-06 -1
vn 0.005437328 0.002833747 -0.9999812
vn 0.01507368 0.01132957 -0.9998222
vn 0.003513977 0.005431925 -0.999979
vn 0.00336517 0.008656198 -0.9999569
vn -0.003073106 0.005299614 -0.9999813
vn -0.00807297 0.005612679 -0.9999517
vn 2.496201e-05 -2.647597e-05 -1
vn -1.096833e-06 1.565946e-05 -1
vn 0.000244329 0.000206134 -0.9999999
vn 2.025912e-06 -3.652318e-06 -1
vn 2.746829e-06 -4.061474e-06 -1
vn -4.955886e-07 -4.794139e-06 -1
vn -4.034194e-06 -4.098294e-06 -1
vn -1.441318e-06 -4.600501e-06 -1
vn 1.273761e-06 -1.027862e-06 -1
vn -5.585646e-08 -2.869476e-06 -1
vn -4.30527e-05 2.586358e-05 -1
vn 5.734798e-05 -4.232339e-05 -1
vn -8.805403e-05 -2.358426e-05 -1
vn 9.034597e-05 -3.47256e-05 -1
vn -0.0005280038 0.0003905482 -0.9999998
vn -6.456855e-07 -3.120126e-06 -1
vn -8.4988e-08 -2.957177e-06 -1
vn -4.222811e-09 -2.853092e-06 -1
vn 7.627804e-07 -3.203397e-06 -1
vn 2.260078e-07 -2.991564e-06 -1
vn -1.23128e-07 -2.638285e-06 -1
vn 1.514464e-07 -2.770939e-06 -1
vn -5.486289e-07 -2.997854e-06 -1
vn -0.01036605 -0.004289566 -0.9999371
vn -0.003199195 0.001879186 -0.9999931
vn 0.002321525 0.004095969 -0.9999889
vn 0.001005076 0.00486431 -0.9999877
vn 2.008815e-05 -4.081587e-05 -1
vn -0.0002262503 0.0001006613 -1
vn -4.807019e-07 -3.239258e-06 -1
vn 2.503229e-06 -2.971901e-06 -1
vn 4.907747e-07 -3.039306e-06 -1
vn -3.443511e-07 -3.144866e-06 -1
vn 2.971508e-07 -2.705976e-06 -1
vn 7.260388e-07 -2.921259e-06 -1
vn 1.953493e-06 -3.778913e-06 -1
vn -1.142008e-07 -2.921444e-06 -1
vn -2.535641e-06 -3.729243e-06 -1
vn 4.342095e-05 -5.743377e-05 -1
vn -1 1.325437e-05 -3.1737e-05
vn -1 3.021629e-05 -3.790795e-06
vn -1 0.0001151576 3.62577e-05
vn -1 1.960391e-05 -1.280976e-05
vn -0.9999995 0.0009623886 -0.000360753
vn -0.999965 0.007832452 -0.002950199
vn -0.999941 0.0101639 -0.003828704
vn -1 -4.841499e-06 2.147204e-07
vn -1 -1.510852e-05 5.291613e-06
vn -1 -1.550598e-05 -5.637953e-05
vn -1 -1.19407e-05 -6.495009e-05
vn -1 2.893844e-05 -1.477066e-06
vn -1 0.0001620902 -7.509384e-05
vn -1 0.0002168429 -5.367081e-05
vn -1 -8.098609e-06 1.0384e-05
vn -0.9999999 0 1.267337e-05
vn -0.9999996 -0.0008642694 -2.692022e-09
vn -0.9999997 -0.000762427 -1.23503e-05
vn -1 -6.617993e-05 -9.655968e-05
vn -1 -7.141288e-06 -4.349334e-05
vn -1 1.967909e-05 -4.235581e-06
vn -1 1.215957e-05 -2.055074e-06
vn -1 -3.208506e-06 -2.668626e-06
vn -1 -1.315396e-06 -2.881738e-06
vn -1 -1.812717e-05 2.723685e-05
vn -1 -1.278993e-05 5.268938e-05
vn -1 1.332886e-06 3.331595e-05
vn -0.9999999 0.0001450858 -0.0002316358
vn -0.9999997 -6.030614e-05 -0.0007664742
vn -0.9999999 -0.0002270853 7.376104e-05
vn -1 0.0001354453 9.886296e-06
vn -1 0.0003785691 -0.0001413093
vn -0.9999997 -0.0004186239 0.0005775931
vn -1 1.260452e-05 -3.306939e-05
vn -0.9999997 -0.0007692195 -0.0001196036
vn -1 1.888758e-05 -0.0001101564
vn -1 -0.0001052093 -3.669164e-05
vn -1 6.15469e-05 -0.0001099916
vn -0.9999998 0.0005847374 -0.0004655077
vn -0.9999999 8.397887e-05 -0.0005558811
vn -0.9999993 -0.0003162652 -0.001115996
vn -0.9999998 -0.0003523302 -0.0005326185
vn -0.999999 0.001101658 -0.000868193
vn -0.9999999 -0.0004892412 -0.0001482177
vn -0.9999997 -0.0007818779 0.0002003832
vn -1 -2.604968e-05 1.700864e-05
vn -1 -5.558658e-05 4.873389e-05
vn -1 -8.078669e-06 -6.302176e-05
vn -1 -8.321321e-05 -9.23668e-05
vn -1 -6.0106e-08 -2.879782e-06
vn -1 0.0001763346 2.277005e-05
vn -0.9999999 0.000265303 -6.479507e-05
vn -1 5.012982e-05 -7.871379e-05
vn -1 1.894205e-05 -9.062386e-05
vn -1 -1.002222e-05 2.60778e-05
vn -1 -0.0001023504 -0.0001061605
vn -0.007174158 -0.9981871 -0.05975884
vn 0.05665989 -0.9981334 -0.02279404
vn -0.08790869 -0.9922239 -0.08811232
vn 0.005409888 -0.9891358 -0.1469049
vn -0.6290625 -0.7679136 0.1207852
vn -0.6400195 -0.7608837 0.1069153
vn -0.3802642 -0.9171674 0.1191764
vn -0.9950862 0.0209174 0.09677818
vn -0.980083 -0.03697212 0.1951161
vn -0.984202 -0.1151081 0.1345232
vn -0.9250791 -0.3605184 0.1193941
vn -0.9443333 -0.3044253 0.1247399
vn -0.9733065 -0.1745607 0.1490062
vn -0.8492359 -0.5109192 0.1332669
vn -0.8130058 -0.5671732 0.1316669
vn -0.1644211 -0.9813896 0.09919687
vn -0.3453572 -0.9310778 0.1175692
vn -0.1066402 -0.9927101 0.05616493
vn -0.09826708 -0.9902771 0.09846286
vn -0.1657532 -0.9810368 0.1004623
vn 0.2077186 -0.3003367 -0.9309408
vn 0.1322892 -0.3923619 -0.9102481
vn -0.0001553972 -0.0001322001 -1
vn -0.001742658 0.001146715 -0.9999978
vn 0.4026305 -0.3093309 -0.8615121
vn -0.000214762 -0.0003451487 -0.9999999
vn 0.03090317 0.2888849 -0.9568649
vn 0.07402481 0.4023351 -0.9124948
vn 0.4032537 0.1721523 -0.8987492
vn -0.001291536 -0.001415195 -0.9999981
vn 0.3275614 0.3862974 -0.8622516
vn -0.002566766 -0.002938792 -0.9999924
vn 0.188347 0.4732444 -0.860561
vn -0.0006640529 -0.001184606 -0.9999991
vn -0.0002006086 -0.0003072519 -0.9999999
vn 0.02244905 0.4565242 -0.8894277
vn 0.001135917 0.006693741 -0.999977
vn -0.007529308 -0.1567728 -0.987606
vn -0.01145849 -0.10585 -0.9943161
vn 0.03605828 -0.3479371 -0.9368241
vn -0.0001092988 -0.0001549697 -1
vn 0.4159735 -0.050905 -0.9079508
vn 0.3556735 -0.1583571 -0.9210968
vn -0.001093499 0.0009132551 -0.999999
vn 0.4526217 0.0463104 -0.8904993
vn -0.001674816 -8.156976e-05 -0.9999986
vn 5.10343e-05 0.0001131619 -1
vn -0.0002574452 0.0007390041 -0.9999997
vn -0.0001752355 0.0006662919 -0.9999998
vn 0.04137415 -0.3432639 -0.9383273
vn -0.0003920346 -0.0002687651 -0.9999999
vn 0.4053788 -0.001431109 -0.9141476
vn -0.00170668 -3.143949e-05 -0.9999985
vn 0.0003141397 -9.847779e-05 -1
vn -0.09745848 0.9904565 0.09745761
vn -0.1211846 0.9920971 0.03252097
vn -0.1230023 0.9870779 0.1027017
vn -0.147184 0.984873 0.09144453
vn -0.2602121 0.9610891 0.09272182
vn -0.2602051 0.9612156 0.09142056
vn -0.4665081 0.8769018 0.1158162
vn -0.4519196 0.8833022 0.1246826
vn -0.682092 0.720317 0.1260708
vn -0.722489 0.6802151 0.1237619
vn -0.8855863 0.4445609 0.1345461
vn -0.8946671 0.4295343 0.1227637
vn -0.9574509 0.247982 0.1476236
vn -0.9762406 0.1769265 0.125106
vn -0.9752059 0.07752709 0.2072753
vn 0.04099495 -0.9958846 0.08082914
vn 0.06688799 -0.9961209 0.05717592
vn 0.07893745 -0.9805674 0.1796011
vn 0.0602521 -0.6426805 -0.7637614
vn 0.1354777 -0.8605171 -0.4910765
vn 0.109385 0.8621411 -0.4947197
vn 0.07151692 0.886694 -0.4567922
vn 0.05915321 -0.9978707 -0.02747446
vn 0.04037198 -0.9970784 -0.06484469
vn 0.08146328 -0.9934172 -0.08053528
vn 0.8348856 0.03982827 -0.5489807
vn 0.845497 -0.04907047 -0.5317208
vn 0.2706794 -0.8684034 -0.4154615
vn 0.4472824 -0.7614976 -0.4691055
vn 0.598031 -0.6143655 -0.5146981
vn 0.7449489 -0.4103139 -0.5260168
vn 0.5763363 -0.1756326 -0.7981164
vn 0.8662644 -0.1715812 -0.4691972
vn 0.8430961 0.1557848 -0.5147039
vn 0.8257675 0.253614 -0.5037739
vn 0.7317456 0.4218334 -0.535355
vn 0.6637863 0.56394 -0.4912833
vn 0.4296179 0.7318889 -0.5289303
vn 0.2288556 0.8252575 -0.5163091
vn 0.04683056 0.9978544 -0.04575608
vn 0.09364454 0.9922457 -0.08172517
vn 0.02812453 0.9971183 -0.07045568
vn 0.04364794 0.9490141 -0.3121972
vn 0.02755956 0.9989971 0.03528898
vn 0.05700272 0.9907247 0.1233502
vn 0.05821025 0.9971485 0.0480245
vn 0.09433825 0.9741176 0.2054143
vn 0.1565316 0.9385599 0.3075763
vn 0.205099 0.8949503 0.3962302
vn 0.01026152 0.9991385 -0.04021022
vn 0.9541766 0.2987944 0.01640174
vn 0.885157 0.4651895 0.009781711
vn 0.02186349 0.9978246 -0.06219379
vn 0.2184785 0.9725088 -0.08058418
vn 0.3771536 0.9224317 -0.08291531
vn 0.5715388 0.8169484 -0.07706273
vn 0.7569731 0.6487247 -0.07840823
vn 0.8780626 0.4718482 -0.07978305
vn 0.9474781 0.3106535 -0.07602474
vn 0.980054 0.1819614 -0.07990071
vn 0.9916521 0.07824119 -0.1024904
vn 0.9968517 0.002037844 -0.07926209
vn 0.9977499 0.06428909 0.01902724
vn 0.9850477 0.1708441 0.02220981
vn 0.754075 0.6567848 -0.002157178
vn 0.5723973 0.8198271 -0.01564981
vn 0.5084764 0.8609598 0.01414101
vn 0.4224344 0.9052655 -0.04520503
vn 0.3457883 0.9383122 0.0008587142
vn 0.2629075 0.9637602 -0.0452312
vn 0.2008793 0.9796159 4.040668e-05
vn 0.1464671 0.9886605 -0.03313227
vn 0.0905405 0.995866 0.007309333
vn 0.045968 0.9982654 -0.03678603
vn 0.03540717 0.9993573 -0.005577907
vn 0.009317956 0.999509 -0.02991593
vn 0.01663982 0.9975855 -0.06742518
vn -0.01072259 0.9984699 -0.05424678
vn 0.001062292 0.9988487 -0.04796038
vn -0.01179782 0.9981701 -0.05930538
vn 0.6151594 0.786822 -0.04990057
vn 0.7936922 0.6072374 -0.03626845
vn 0.8988529 0.4374277 -0.02683991
vn 0.9663569 0.256341 -0.02106024
vn 0.9957449 0.09098743 -0.01460641
vn 0.9998791 0.001564342 -0.01546783
vn 0.1320233 0.9891636 -0.06422689
vn 0.9949996 0.0865363 -0.04987172
vn 0.3076468 0.9505709 0.04205219
vn 0.1106204 0.9934516 0.02858343
vn -0.9965806 0.01592405 0.0810774
vn -0.9967594 0.0214612 0.07752519
vn -0.999747 -0.004613359 0.02201402
vn -0.9997767 -0.005311826 0.02045659
vn -0.9999925 0.0009706314 0.003753557
vn -0.9999914 0.001136637 0.003995111
vn -0.9999975 -0.0008875066 -0.002046232
vn -0.9999992 0.001190821 -0.000479248
vn -0.9999996 0.0006640685 -0.0004791572
vn -0.9999999 0.000359516 0.0002276374
vn -0.9999999 0.0003298407 -4.224401e-05
vn -0.9999976 -0.0007098363 -0.002033393
vn -0.1299808 -0.9915147 0.001885581
vn -0.8235627 -0.0535995 0.5646872
vn -0.8345068 -0.004825196 0.5509766
vn -0.8983238 0.0230861 0.4387271
vn -0.8883586 0.003255561 0.4591388
vn -0.9313244 -0.02546166 0.3632997
vn -0.9682853 0.03912194 0.2467651
vn -0.9854228 -0.04286218 0.1646347
vn -0.9762115 -0.002869613 0.2168013
vn -0.9966524 0.0006166287 0.0817534
vn -0.9999983 -0.0003858712 0.001814734
vn -0.999391 -0.03386665 0.008406116
vn -0.9999987 -0.0003025436 0.001620617
vn -0.9999986 -0.001064746 0.001324797
vn -0.9996237 -0.01033042 -0.02540939
vn -0.9998366 -0.01673534 -0.006825692
vn -0.9998589 -0.01513914 -0.007275759
vn 0.007277727 -0.999859 0.01513221
vn -0.0760602 -0.9970407 0.01116353
vn -0.04028197 -0.9987451 0.02975884
vn 0.000474329 -0.9976422 0.06862848
vn -0.03505458 -0.9978403 0.0555512
vn 0.003472617 -0.9995426 0.03004373
vn 0.009823061 -0.9997329 0.02091887
vn -0.01347444 -0.9982752 0.05713977
vn 0.002653104 -0.9986401 0.05206635
vn 0.01860137 -0.9977125 0.06499042
vn 0.01456357 -0.9983729 0.0551319
vn 0.01399019 -0.9983537 0.05562548
vn 0.3855337 -0.3820704 0.8398726
vn 0.3516299 -0.5447195 0.7613389
vn 0.3095635 -0.673041 0.6717039
vn 0.2607538 -0.7828431 0.5649462
vn 0.03819168 -0.9989926 0.02356352
vn 0.169725 -0.9852238 0.02296743
vn 0.3537334 -0.9353458 -0.0009862753
vn 0.5089608 -0.860655 0.01523056
vn 0.08593851 -0.9962989 0.001747481
vn 0.0356508 -0.9993498 -0.005384955
vn 0.205626 -0.9786304 -0.0006722721
vn 0.2516656 0.8184366 0.516552
vn 0.3053907 0.6923794 0.6537181
vn 0.389856 0.3605435 0.847361
vn 0.3537719 0.5316596 0.7695346
vn -0.3023598 0.9502396 -0.07498853
vn 0.2733539 0.9512711 -0.1426919
vn 0.05322808 0.9982879 -0.0242494
vn 0.02699269 0.9983245 -0.05118382
vn -0.03736126 0.967026 -0.2519224
vn -0.4424409 0.8760628 -0.1917294
vn -0.2883295 0.9001418 -0.3265131
vn -0.4502982 0.8723525 -0.1903484
vn 0.2960247 0.9441888 -0.1444882
vn -0.08533326 0.9963115 0.009037627
vn -0.02040834 0.9987084 0.04652874
vn -0.03116809 0.9995139 -0.0006844024
vn 0.001586754 0.9993404 0.03628052
vn -0.9999951 -2.207586e-06 0.003131696
vn -0.9999967 0.0002394201 0.002521972
vn -0.9999985 -0.0006662769 0.00163842
vn -0.9999983 -0.000716045 0.001644979
vn -0.9604163 -0.002211614 0.2785603
vn -0.983193 0.005177717 0.1824955
vn -0.8576961 -0.04766564 0.5119427
vn -0.835925 -0.05592218 0.5459872
vn -0.9978045 0.01739149 0.06390455
vn -0.995134 0.03306235 0.09281819
vn -0.9717912 -0.03476764 0.2332662
vn -0.9835864 -0.01827014 0.1795106
vn -0.9068086 0.01996125 0.4210698
vn -0.8815802 0.01287803 0.4718586
vn -0.1493477 0.98878 0.003060125
vn 0.0002911142 0.9995359 0.0304619
vn 0.006485946 0.99972 0.02275797
vn 0.0203306 0.9977862 0.06332134
vn 0.01881044 0.9981466 0.05787571
vn 0.01289792 0.9984772 0.05363752
vn 0.0006136592 0.9988796 0.04732128
vn -0.9999984 0.0007126624 -0.001636617
vn -0.999999 0.0006802978 -0.001216101
vn -0.9999985 -3.364165e-05 -0.001744351
vn -0.999999 -0.001398386 -1.08574e-05
vn -0.999962 0.008424766 0.00222325
vn -0.9999089 -0.008611633 0.01039268
vn -1 -0.0001376331 -2.196026e-05
vn -0.9999999 -9.95126e-05 -0.0002382167
vn -0.999366 -0.01705075 0.03125432
vn -0.9998229 -0.003583078 0.01847691
vn -0.5372384 -0.4356153 -0.7222287
vn -0.2864861 -0.427061 -0.857639
vn -0.486928 -0.2966977 -0.8215056
vn -0.1469954 -0.5976592 -0.7881598
vn 0.1102981 -0.8364832 -0.5367776
vn -0.1884523 -0.7192249 -0.6687312
vn -0.4502733 -0.7034975 -0.5498592
vn -0.4890861 -0.5902324 -0.6421998
vn -0.3275881 0.7867781 -0.5231313
vn -0.4022864 0.6665078 -0.6276408
vn -0.197962 0.7601749 -0.6188256
vn -0.1428953 0.6440567 -0.7515131
vn -0.6389846 0.4255825 -0.6407638
vn -0.2934257 0.430584 -0.8535213
vn -0.3395183 0.3472096 -0.8741698
vn -0.9998714 0.003142089 -0.01573272
vn -0.9999937 0.00323891 -0.001493286
vn -0.9999894 0.002907166 -0.00357017
vn -0.9999999 0.0003733234 -9.592319e-06
vn -0.9999999 0.000453007 0.0004598212
vn -1 4.261912e-05 0.0002258617
vn -0.9999998 -0.0004776665 -0.0003210998
vn -0.9999998 -0.0003851102 -0.0003575343
vn -0.9999999 -0.0002573596 -0.0003249467
vn -0.9999999 0.0003650771 0.0001603023
vn -0.9999995 0.0006595575 -0.0007405621
vn -0.9999995 0.0005901993 -0.0008378038
vn -0.9999999 -0.0001655127 0.0002547
vn -0.9999998 -0.0002331173 0.0005599482
vn -0.9998821 0.001546677 -0.01527474
vn -0.9999857 0.000353817 -0.005339678
vn -0.9999908 0.0004118507 -0.004273746
vn -0.9999835 -0.0003457883 -0.005738048
vn -0.9999924 -0.001096372 -0.003745341
vn -0.9999993 -0.0001313845 -0.001108934
vn -0.9999995 -9.340847e-05 -0.0009573179
vn -0.9999972 -0.001473223 -0.001861231
vn -1 0.0001861762 0.0002899731
vn -0.9999976 -0.001272055 -0.001781502
vn -0.6887904 -0.07877709 -0.7206677
vn -0.4428364 -0.2197033 -0.8692678
vn -0.4407917 -0.184578 -0.8784267
vn -0.6942794 -0.0775922 -0.7155108
vn -0.03614315 0.02921356 -0.9989195
vn -0.3352996 0.2570327 -0.906371
vn -0.3059858 0.2006583 -0.9306498
vn -0.6660613 0.08819209 -0.740665
vn -0.6763727 0.08540758 -0.731591
vn -0.3608249 0.7991658 -0.4807695
vn 0.1273894 0.9118376 -0.3902873
vn 0.4088745 -0.2057828 0.8890866
vn 0.4183976 -0.0509425 0.9068342
vn 0.4185598 0.09607489 0.9030932
vn 0.4111732 0.2215506 0.884224
vn 0.003440983 -0.9992009 -0.03981914
vn 0.002652044 -0.9999033 -0.01365182
vn 0.02406476 -0.9996682 -0.009193611
vn 0.04407093 -0.9983603 -0.03653012
vn 0.1424536 -0.9892679 -0.03249323
vn 0.2646634 -0.9633043 -0.0447011
vn 0.4619419 -0.8863873 -0.03045124
vn 0.659931 -0.7510716 -0.01955987
vn 0.8181625 -0.5749823 0.00234083
vn 0.9850615 -0.1706763 0.02287819
vn 0.9559738 -0.2930816 0.01474082
vn 0.903228 -0.4290459 0.009948014
vn 0.9972856 -0.06964459 0.023896
vn 0.9946354 -0.07729575 -0.06874375
vn 0.9804565 -0.1819004 -0.0749479
vn 0.9469669 -0.3120576 -0.07664055
vn 0.8724391 -0.4833284 -0.07241362
vn 0.9408958 -0.3225232 -0.103412
vn 0.7301383 -0.6782761 -0.08270219
vn 0.5562088 -0.8268447 -0.0834235
vn 0.2458891 -0.9657995 -0.08227973
vn 0.384539 -0.9197189 -0.07903766
vn 0.160218 -0.9836271 -0.08250969
vn 0.009674833 -0.9988251 -0.04748532
vn 0.0229449 -0.9976322 -0.06483321
vn 0.0112739 -0.9994739 -0.03040732
vn -0.0105551 -0.9984581 -0.05449744
vn -0.01756507 -0.9980805 -0.05938727
vn 0.4047951 -0.9124777 -0.05937623
vn 0.1322463 -0.9889936 -0.0663521
vn 0.9950389 -0.09827283 -0.01549383
vn 0.6139622 -0.7881536 -0.04317527
vn 0.792172 -0.6094475 -0.03220991
vn 0.8979925 -0.4392067 -0.02658728
vn 0.9647193 -0.2622828 -0.02289994
vn 0.1470061 -0.938488 0.3124571
vn 0.2078115 -0.8732645 0.4407078
vn -0.3130572 -0.9201611 -0.2351568
vn 0.04467727 -0.9565499 -0.2881255
vn 0.04738743 -0.9848185 -0.1669939
vn -0.2451012 -0.9098759 -0.3347406
vn 0.0146104 -0.9186706 -0.3947542
vn -0.4481325 -0.7951232 -0.4086028
vn 0.7324873 -0.6807808 -1.266371e-06
vn 0.7324871 -0.6807809 -2.692195e-06
vn 0.8115365 -0.5843016 1.825208e-06
vn 0.8115328 -0.584307 2.49459e-06
vn 0.9307233 -0.365724 1.23941e-06
vn 0.9307206 -0.365731 1.05057e-06
vn 0.9922224 -0.1244778 9.731008e-08
vn 0.9922215 -0.1244847 -4.239688e-08
vn 0.9922215 0.1244852 8.479527e-08
vn 0.9922223 0.1244782 -6.445954e-08
vn 0.9307205 0.365731 -7.392327e-07
vn 0.9307232 0.3657243 -9.265685e-07
vn 0.8115315 0.5843087 -4.628454e-07
vn 0.8115358 0.5843027 -3.590066e-07
vn 0.7324868 0.6807812 9.150437e-07
vn 0.7324871 0.6807808 1.196723e-06
vn 1.232558e-07 -1 -3.540197e-06
vn -1.244966e-06 -1 -2.221508e-06
vn -9.443831e-07 -1 -2.282279e-06
vn -4.044845e-07 -1 7.300082e-07
vn -1.182679e-06 -1 -9.209064e-07
vn -1.41823e-06 -1 -1.472287e-06
vn -0.7324865 0.6807817 6.71073e-07
vn -0.7324861 0.680782 0
vn -0.8115357 0.5843028 2.116088e-06
vn -0.8115321 0.5843078 2.096977e-06
vn -0.9307227 0.3657257 -8.215283e-07
vn -0.9307206 0.3657311 -1.260672e-06
vn -0.9922224 0.1244776 -2.079175e-06
vn -0.9922217 0.1244833 -1.951148e-06
vn -0.9922217 -0.1244835 -7.922341e-07
vn -0.9922224 -0.1244778 -6.311031e-07
vn -0.9307205 -0.3657312 -8.36707e-07
vn -0.9307228 -0.3657254 -7.39696e-07
vn -0.8115319 -0.5843081 1.830253e-06
vn -0.8115363 -0.5843021 1.525599e-06
vn -0.7324879 -0.68078 4.621253e-07
vn -0.7324883 -0.6807795 -4.315863e-07
vn -0.083398 0.9965163 6.378003e-06
vn 5.769858e-08 1 1.34036e-05
vn 5.24536e-08 1 1.396428e-05
vn -0.1715952 0.9851675 0
vn -5.399635e-06 -9.476872e-08 -1
vn -2.513708e-06 -1.740113e-07 -1
vn 3.11521e-07 1.312265e-07 -1
vn 5.523831e-07 0 -1
vn 1.33168e-07 -9.256217e-07 -1
vn -8.579446e-08 -1.141133e-07 -1
vn 0 -3.158478e-07 -1
vn 4.276744e-07 1.409444e-08 -1
vn 9.608531e-07 -2.14097e-08 -1
vn 0 -7.452358e-08 -1
vn 4.766358e-07 -5.032233e-08 -1
vn 0 1.93328e-06 -1
vn 8.25417e-06 1.933276e-06 -1
vn 6.167089e-06 1.668349e-07 -1
vn -8.486075e-07 5.435559e-07 -1
vn 2.92137e-06 2.314332e-07 -1
vn 0.1345332 -0.9909081 -0.001471467
vn 0.1991378 -0.9799715 -3.077771e-06
vn 0.1694095 -0.9855387 0.003738912
vn 0.03774324 -0.99928 0.003842822
vn -0.02371476 -0.9997177 -0.00141817
vn -2.842287e-05 -1.053513e-05 -0.9999999
vn -0.4808621 -0.8766546 0.01576054
vn -0.569177 -0.8222065 -0.003727361
vn -0.5804469 -0.8142062 0.01223013
vn -0.1172175 -0.9931062 0
vn -0.2323474 -0.9726329 0
vn -0.2333019 -0.9724044 0
vn -0.3452179 -0.9385225 0
vn -0.3401453 0.9403729 0
vn -0.1154308 0.9933155 -1.062063e-05
vn -0.0004368019 0.9999998 -5.366141e-06
vn 0.0004437415 0.9999998 -5.325633e-06
vn 0.1154307 0.9933156 0
vn 0.1345592 0.9909044 0.001523978
vn 0.1991174 0.9799756 -1.295467e-05
vn 0.1696411 0.9854989 -0.003722843
vn 0.0373047 0.999297 -0.003724175
vn -0.02377063 0.9997163 0.001502574
vn -0.2140547 -0.97682 0.001837823
vn -0.2225131 -0.9749297 1.164561e-05
vn -0.4338766 -0.9009723 1.761478e-05
vn -0.4338762 -0.9009725 1.738136e-05
vn -0.6234835 -0.7818365 2.243315e-05
vn -0.6234829 -0.781837 2.243303e-05
vn -0.7818268 -0.6234957 2.633444e-05
vn -0.7818255 -0.6234973 2.646285e-05
vn -0.9009656 -0.4338906 2.900877e-05
vn -0.9009646 -0.4338927 2.906733e-05
vn -0.9749262 -0.2225283 3.013637e-05
vn -0.9749256 -0.2225311 3.014436e-05
vn -1 -7.40333e-06 2.971559e-05
vn -1 -1.066349e-05 2.972164e-05
vn -0.9749296 0.2225136 2.785395e-05
vn -0.9749304 0.2225102 2.784885e-05
vn -0.9009722 0.4338766 2.459027e-05
vn -0.9009739 0.4338734 2.452793e-05
vn -0.7818362 0.6234838 2.003522e-05
vn -0.7818388 0.6234806 1.991596e-05
vn -0.6234955 0.781827 1.453246e-05
vn -0.6234993 0.7818239 1.437374e-05
vn -0.4338903 0.9009657 8.23352e-06
vn -0.4338951 0.9009634 8.172016e-06
vn -0.2225283 0.9749262 1.529728e-06
vn -0.2144977 0.976723 -0.001733442
vn 0.9890372 0.1374936 0.05386144
vn 0.9936113 0.105084 0.04115748
vn 0.9995121 0.0290903 0.01136952
vn 1 1.040938e-05 -2.914091e-05
vn 1 1.177338e-05 -2.914085e-05
vn 1 1.976292e-05 -2.605287e-05
vn 1 3.762103e-05 -1.915067e-05
vn 1 4.552548e-05 -1.609557e-05
vn 0.3167081 0.9484822 0.008807564
vn 0.4345253 0.8993449 -0.04864826
vn 0.2760036 0.9608139 -0.02566279
vn 0.5235036 0.8519451 0.0115565
vn 0.3228731 -0.9462775 0.01765943
vn 0.4280134 -0.9023914 -0.04994138
vn 0.5209584 -0.8534805 0.01316582
vn 0.2680674 -0.9628572 -0.03233668
vn 0.6019281 -0.7985503 -1.406024e-05
vn 0.598869 -0.8008399 0.003373714
vn 0.5440187 -0.838856 -0.01908247
vn 0.5980073 0.8014907 -2.277765e-05
vn 0.5998855 0.8000824 0.002320235
vn 0.5455792 0.8378364 -0.01932772
vn 0.1182562 -0.9929699 0.005120897
vn -0.1926027 -0.9812542 -0.006656591
vn -0.1938508 -0.9809487 -0.0127033
vn -0.08580725 -0.9963111 -0.001158349
vn -0.1909045 -0.981608 -0.00110955
vn 0.3413123 -0.939622 -0.02482612
vn 0.1167139 -0.9931218 -0.009325412
vn -0.08528633 -0.9963564 6.751854e-06
vn -0.1923451 0.9813007 -0.007224287
vn -0.1922355 0.9813406 0.004001011
vn -0.0856304 0.9963267 0.0007119794
vn 0.3444484 0.9385327 -0.02262041
vn 0.1211695 0.9926319 -1.077614e-05
vn 0.1206864 0.9926751 -0.00556338
vn -0.08546489 0.9963403 -0.001313162
vn -0.1938323 0.9808393 -0.01957721
vn -0.9086646 -0.4175232 -0.001667722
vn -0.8024837 -0.5966657 0.003147803
vn -0.8486046 -0.5287551 0.01698093
vn -0.9831006 -0.1819158 0.02048846
vn -0.99995 0.008988644 0.004391678
vn -0.9633339 0.267566 0.01990703
vn -0.8028781 0.5961303 -0.003931709
vn -0.925671 0.3777219 0.02143323
vn -0.9918336 -0.1262712 0.01793836
vn -0.9928759 0.1141632 -0.03412165
vn 0.1924671 0.9812474 0.01049588
vn 0.2114682 0.9773847 -0.0005141862
vn 0.1317099 0.9912883 5.404484e-05
vn 0.08388828 0.9963725 0.01430494
vn -0.03920402 0.9992301 -0.001475217
vn -0.1391883 0.9901537 0.01491106
vn -0.2051788 0.9787239 0.00106212
vn -0.3550077 0.9348377 0.006932001
vn -0.3536714 0.9353448 0.006840587
vn -0.5287157 0.8487843 0.004977169
vn -0.500052 0.8659908 0.002838756
vn -0.6921149 0.7217399 -0.008265608
vn -0.7655239 0.6433578 0.00798394
vn 0.2260864 -0.9740942 0.005039359
vn 0.2056303 -0.9785014 0.01585224
vn 0.1481652 -0.9889458 0.005774113
vn 0.1018661 -0.9946424 0.01760074
vn -0.09149241 -0.9956278 0.01882367
vn 9.131253e-05 -0.9999931 0.003720508
vn -0.2866027 -0.9578829 0.01786791
vn -0.1560954 -0.9877385 0.002631505
vn -0.3416412 -0.9398296 0.001244186
vn -0.5970212 -0.802172 0.009262792
vn -0.5223827 -0.852657 0.00960877
vn -0.9131779 -0.4074393 -0.009963372
vn -0.9935138 0.06171058 -0.09550913
vn -0.9115148 0.4112667 0.0006930103
vn -2.974568e-05 -1.677411e-05 -1
vn -2.971907e-05 -1.08082e-05 -1
vn -2.974339e-05 -1.626044e-05 -1
vn -2.971784e-05 -1.053356e-05 -1
vn -2.9741e-05 2.566713e-06 -1
vn -2.982575e-05 3.475325e-06 -1
vn -3.010618e-05 -3.488188e-06 -1
vn -3.099672e-05 -4.710633e-06 -1
vn -3.084804e-05 -4.862055e-06 -1
vn -3.090308e-05 -5.415122e-06 -1
vn -3.087466e-05 -5.193356e-06 -1
vn -3.040258e-05 -4.121096e-06 -1
vn -2.954473e-05 -4.219247e-06 -1
vn -2.890887e-05 -6.016598e-06 -1
vn -2.896891e-05 -6.135383e-06 -1
vn -2.987631e-05 -4.790944e-06 -1
vn -2.976319e-05 -4.752358e-06 -1
vn -3.009934e-05 -6.005358e-06 -1
vn -3.011685e-05 -6.650152e-06 -1
vn -3.018772e-05 -1.672724e-05 -1
vn -3.034086e-05 -1.825076e-05 -1
vn -3.138604e-05 -3.884878e-06 -1
vn -3.049559e-05 -3.211233e-06 -1
vn -2.797132e-05 -3.173784e-06 -1
vn -2.799144e-05 -4.319711e-06 -1
vn -2.788312e-05 -4.180838e-06 -1
vn -2.734758e-05 -5.481297e-06 -1
vn -3.179774e-05 -5.672799e-06 -1
vn -3.018576e-05 -5.370211e-06 -1
vn -3.201422e-05 -5.534812e-06 -1
vn -3.131149e-05 -5.470774e-06 -1
vn -0.2745109 0.9615341 -0.009789975
vn -0.2727169 0.9620723 -0.006519878
vn -0.005127409 0.9999611 0.007176942
vn -0.001601873 0.9999937 0.003162201
vn -9.893141e-06 0.9999999 -5.208138e-06
vn -0.6076614 0.7941952 -0.00124096
vn -0.6082004 0.7937835 1.483682e-05
vn -0.7591112 0.650961 1.96992e-05
vn -0.7591112 0.650961 1.942767e-05
vn -0.8745359 0.484961 2.383006e-05
vn -0.8745354 0.4849617 2.366603e-05
vn -0.9542102 0.2991368 2.696348e-05
vn -0.9542099 0.2991377 2.683388e-05
vn -0.9948779 0.1010835 2.921512e-05
vn -0.9948779 0.1010842 2.921994e-05
vn -0.9948761 -0.1011019 3.023353e-05
vn -0.9948761 -0.1011012 3.011116e-05
vn -0.954205 -0.2991535 2.933256e-05
vn -0.954205 -0.2991537 2.956236e-05
vn -0.8745265 -0.4849778 2.945044e-05
vn -0.8745264 -0.4849778 2.935601e-05
vn -0.7590988 -0.6509755 2.504442e-05
vn -0.7590989 -0.6509753 2.4887e-05
vn -0.6081858 -0.7937947 2.224297e-05
vn -0.6076466 -0.7942064 0.001278286
vn -0.2712536 -0.9624674 0.008825223
vn -0.2724912 -0.9621081 0.009818244
vn -0.001720667 -0.9999853 0.005131757
vn -0.006469449 -0.9998934 0.01309417
vn 0.001746149 -0.9999985 5.202481e-06
vn 0.0001393787 -2.611192e-05 1
vn -0.000156504 0.0001027595 1
vn -8.877881e-06 -1.193883e-05 1
vn -5.698071e-05 -1.393202e-05 1
vn 9.031394e-06 -2.770107e-05 1
vn -0.000220346 0.0001520202 0.9999999
vn -0.0008051529 0.0003247459 0.9999996
vn 0.0002596064 -5.812502e-05 0.9999999
vn 0.0001555615 -8.696947e-05 1
vn -0.001127001 0.0005263588 0.9999993
vn 0.001333932 0.0001283896 0.9999991
vn 0.002839229 3.624758e-06 0.999996
vn -3.04773e-05 -5.387659e-06 -1
vn -2.752168e-05 -6.783509e-06 -1
vn 6.199915e-05 -5.203964e-06 -1
vn -3.215596e-05 -3.973843e-06 -1
vn -2.150023e-05 -6.137708e-06 -1
vn -5.161573e-05 2.32313e-05 -1
vn -3.156162e-05 -5.165117e-06 -1
vn -2.820805e-05 -5.353695e-06 -1
vn -2.804521e-05 -5.634908e-06 -1
vn -2.842207e-05 -5.274518e-06 -1
vn -3.335645e-05 -4.416679e-06 -1
vn -2.697599e-05 -5.899383e-06 -1
vn -2.991402e-05 -5.159093e-06 -1
vn -0.009449127 -3.529199e-06 -0.9999553
vn -0.0001128003 -8.483895e-06 -1
vn -0.009826453 -3.780023e-06 -0.9999518
vn 4.839085e-05 -3.016868e-07 -1
vn 5.524913e-05 4.626154e-08 -1
vn -2.827124e-05 -5.482594e-06 -1
vn -0.999938 2.864895e-05 0.01113216
vn -0.9999495 -5.085384e-05 0.01005606
vn -0.9999362 -0.001619554 -0.0111794
vn -0.9999232 -0.001700478 -0.01227499
vn -0.626416 0.7794433 0.008437399
vn -0.7338141 0.6792087 -0.01387242
vn 0.004023175 -3.937753e-05 0.9999919
vn 5.563225e-05 1.384721e-05 1
vn 3.589913e-05 5.770435e-05 1
vn 0.000720371 -0.0003274188 0.9999998
vn -0.0006363656 -0.0008963853 0.9999994
vn 4.725425e-05 -7.987324e-05 1
vn 2.761347e-05 5.648102e-06 1
vn 3.133816e-05 1.154392e-05 1
vn 6.456661e-05 -2.470293e-06 1
vn 0.0007696558 -0.001267076 0.9999989
vn -0.0002089805 0.0003302502 0.9999999
vn 3.054536e-05 4.870983e-06 1
vn 3.188687e-05 4.730568e-06 1
vn 2.813242e-05 4.584899e-06 1
vn -0.0001236913 0.0002225186 0.9999999
vn -0.0005056958 -8.178582e-05 0.9999999
vn -0.0003797711 -0.0002738816 0.9999998
vn -0.0004411379 -0.0005613797 0.9999998
vn -0.003531742 0.005798819 0.999977
vn -0.0005723613 0.009545739 0.9999543
vn -0.002929037 0.003560859 0.9999894
vn 0.0003445146 0.01037641 0.9999461
vn 0.001036158 0.003349095 0.9999939
vn 0.003335025 -0.001611949 0.9999931
vn 0.000311672 0.002931457 0.9999956
vn -0.0001104647 0.0002149494 0.9999999
vn -0.003307524 0.001044949 0.999994
vn -0.001109406 0.0007409488 0.9999991
vn -0.000666426 0.000893287 0.9999993
vn -0.0009986446 0.0002712527 0.9999995
vn -0.0007041831 0.0005641304 0.9999996
vn -0.0005962349 -0.0003630137 0.9999998
vn -0.0005446619 0.0002697094 0.9999998
vn 0.001223152 -0.002664399 0.9999956
vn -5.049153e-05 -3.122564e-05 1
vn 3.266283e-06 5.87727e-06 1
vn 5.7947e-06 2.312656e-06 1
vn -0.0001839277 -1.137328e-05 1
vn 1.545998e-05 -7.707347e-07 1
vn 0.0002413254 -0.001492753 0.9999989
vn 0.0004633033 -0.00126336 0.999999
vn -2.013998e-05 -0.001918109 0.9999982
vn 0.000146402 -0.002426316 0.9999971
vn -0.0003263741 -0.0006629695 0.9999998
vn -0.0003011258 -0.0008151768 0.9999996
vn -0.0003937125 -0.0006267127 0.9999997
vn 9.74214e-06 -0.001673389 0.9999986
vn -0.1031843 0.4379972 -0.8930349
vn 0.02532238 -0.1074458 -0.9938884
vn -0.02337939 0.1252247 -0.9918529
vn -0.003289368 0.1015059 -0.9948295
vn -0.001154027 0.07880943 -0.996889
vn -0.9999903 -0.0002621524 0.004386845
vn -0.9999999 1.59635e-05 0.0003723694
vn -0.9999937 -0.0001109925 0.003523877
vn -0.9999978 1.466571e-05 0.002105873
vn -0.9999959 2.841104e-05 0.002856536
vn -0.9999917 0 0.004063083
vn -0.001435939 -0.001978071 0.9999971
vn -0.08717345 0.005739731 0.9961766
vn -0.1422444 -0.002077298 0.9898294
vn -0.0822482 -0.005305729 0.9965977
vn -0.1422299 0.002131036 0.9898313
vn -0.3136507 -0.008409307 0.9495012
vn -0.3758003 0.0004086469 0.9267006
vn -0.09757926 -0.7276978 -0.6789213
vn -0.08684497 -0.7355222 -0.6719116
vn -0.1133239 -0.7156057 -0.6892504
vn -0.05872289 -0.3787182 -0.9236472
vn -0.116014 -0.9107527 -0.3963209
vn -0.1300405 -0.8279945 -0.5454491
vn -0.9164991 -0.02400342 -0.399316
vn -0.4645226 0.03259405 -0.8849612
vn -0.5050817 -0.03699914 -0.8622781
vn -0.4163541 -0.7915202 -0.4473757
vn -0.1796194 -0.4770658 -0.8603168
vn -0.2298203 -0.86638 -0.4433604
vn -0.2587186 -0.3708238 -0.8919385
vn -0.60719 -0.6864575 -0.4001206
vn -0.7201452 -0.5835633 -0.3752931
vn -0.4321118 -0.2669681 -0.8613985
vn -0.8351813 -0.3858835 -0.391875
vn -0.4045761 -0.1162426 -0.9070864
vn -0.7094928 -0.2083105 -0.6732211
vn -0.927808 -0.1386051 -0.346354
vn -0.08291376 0.57229 -0.8158489
vn -0.003200323 0.07012507 -0.9975331
vn -0.05977145 0.3603299 -0.930908
vn -0.1164955 0.9141528 -0.3882698
vn -0.1363405 0.8911894 -0.4326578
vn -0.08139785 0.4076774 -0.9094908
vn -0.7614785 0.01399298 -0.6480392
vn -0.3841288 0.2543893 -0.8875421
vn -0.8003368 0.3888461 -0.4563548
vn -0.8948094 0.2789807 -0.3485483
vn -0.4922015 0.1050615 -0.8641179
vn -0.9170037 0.1256412 -0.3785744
vn -0.8220374 0.4200144 -0.3845028
vn -0.6966324 0.5985978 -0.395454
vn -0.3020186 0.3310753 -0.8939653
vn -0.5332672 0.7398031 -0.4102649
vn -0.2215612 0.4038315 -0.8875983
vn -0.3686726 0.831955 -0.4146461
vn -0.2355181 0.8673566 -0.4384333
vn -0.1359079 0.3962951 -0.9080084
vn -9.132348e-05 -2.238727e-05 -1
vn -0.0001301604 5.580071e-06 -1
vn -0.0001284169 1.679519e-05 -1
vn -0.0001596603 -4.046652e-05 -1
vn -0.0002150316 -5.536166e-05 -0.9999999
vn -0.0001792014 -2.714349e-05 -1
vn -0.0002277842 8.454399e-05 -1
vn 5.860673e-05 0.0003913528 -0.9999999
vn -0.0001385174 4.186272e-05 -1
vn 0.01449196 -0.01418894 -0.9997943
vn 0.02222266 -0.02190064 -0.9995131
vn 0.04732891 -0.04655607 -0.9977939
vn -0.3682429 -0.9296649 -0.01097404
vn -0.3437743 -0.9390211 0.007671935
vn -0.4998435 -0.8652333 0.03908652
vn -0.9903578 -0.03014194 0.1352144
vn -0.9803116 -0.1512811 0.1268989
vn -0.9900489 -0.01663523 0.1397374
vn -0.9877428 -0.07801808 0.1351938
vn -0.9655681 -0.2180299 0.1419199
vn -0.6899724 -0.7196464 0.07776373
vn -0.6340477 -0.7724469 0.03618279
vn -0.494323 -0.8689338 0.02447315
vn -0.2673325 -0.9633505 -0.02211617
vn -0.2040902 -0.9786251 -0.02530021
vn -0.1692355 -0.9842175 -0.05172392
vn -0.1388732 -0.9892709 -0.0453589
vn -0.08678232 -0.9942849 -0.06218066
vn -0.09472492 -0.9933741 -0.06507703
vn -0.066456 -0.9968476 -0.0433399
vn -0.04526659 -0.9982657 -0.03763843
vn -0.06231041 -0.9955359 -0.07089154
vn -0.8106738 -0.5810643 0.07191719
vn -0.9328019 -0.3435628 0.108836
vn -0.9567763 -0.2745374 0.09595991
vn -0.9193193 -0.3745773 0.1205975
vn -0.8398321 -0.5331429 0.1021799
vn -0.0672596 -0.9977148 -0.00643142
vn -0.1214694 -0.9925584 -0.00855044
vn -0.0001076202 -1.922205e-05 -1
vn -0.0001604967 8.757144e-06 -1
vn -0.0002712128 8.468538e-07 -0.9999999
vn -0.000164012 3.750484e-06 -1
vn -0.0001730694 -1.511085e-06 -1
vn -0.0001616772 -6.610928e-05 -1
vn -0.0001671534 2.025063e-05 -1
vn 0.003830254 0.01173896 -0.9999237
vn -0.4599169 0.0003279607 0.8879619
vn -0.459809 -0.0002084962 0.8880178
vn -0.4598786 0.0001988185 0.8879818
vn 0.9925766 0.1216192 0.0006208253
vn 0.996003 -0.08931493 0.0009780573
vn 0.9959092 -0.09034432 0.001666222
vn 0.9913212 0.131458 -0.001074074
vn 0.9589002 0.2837381 0.001768761
vn 0.9364555 0.3507389 -0.005762759
vn 0.9049925 0.425423 0.00195489
vn 0.8147206 0.5798151 -0.006685701
vn 0.8321087 0.5546051 0.002876691
vn 0.7179257 0.6961058 0.004414913
vn 0.6483772 0.7612967 -0.0058602
vn 0.5342588 0.845308 0.004671548
vn 0.4662151 0.8846686 -0.002233092
vn 0.3212166 0.9470012 0.002968895
vn 0.3303107 0.9438714 -0.00124806
vn 0.2079525 0.9781328 -0.003430242
vn 0.1499915 0.9886862 0.00147342
vn 0.1340347 0.9909642 -0.004958456
vn 0.07980195 0.9968094 0.00157947
vn -0.4598324 0.0005662828 0.8880056
vn -0.4597128 0.0004997813 0.8880675
vn -0.4596571 0.0002461676 0.8880965
vn -0.4597497 0.00025217 0.8880485
vn -0.4597034 -5.55136e-05 0.8880725
vn -0.4598178 0.0002129817 0.8880132
vn -0.4599085 0.000356947 0.8879662
vn -0.4598636 0.0003521823 0.8879895
vn -0.4599163 0.0004814061 0.8879622
vn -0.4597948 0.0003441051 0.8880251
vn -0.4576518 -0.0002442086 0.8891315
vn -0.4569159 -0.001050008 0.8895092
vn -0.002629609 0.002636957 0.9999931
vn -0.000759356 0.0003162737 0.9999996
vn 0.999999 0.0006586031 -0.001271882
vn 0.999999 9.395974e-05 -0.00144812
vn 0.999998 0.001415712 -0.001355988
vn 0.9999979 0.001505878 -0.001371493
vn 0.9999989 -8.424855e-05 -0.00151438
vn -0.9868419 0.07028346 0.1456136
vn -0.9909314 0.04089168 0.1279957
vn -0.4597701 -0.0003895453 0.8880379
vn 0.947834 -0.3187445 0.003554492
vn 0.9543011 -0.2988444 -0.001266422
vn 0.8709891 -0.4912619 -0.006310864
vn 0.8373016 -0.5466989 0.006807826
vn 0.7164972 -0.69755 -0.007473915
vn 0.6819565 -0.7313824 0.00388711
vn 0.5043389 -0.8634864 -0.005794497
vn 0.5388499 -0.8424002 0.001669862
vn 0.3956469 -0.9183998 0.002324106
vn 0.3412878 -0.9399579 -0.001383833
vn 0.2086959 -0.9779794 0.001582167
vn 0.2067414 -0.9783936 -0.002007557
vn 0.09990354 -0.994997 0.0006286412
vn 0.1248434 -0.9921688 -0.003882228
vn -0.08261733 0.9946076 -0.0626912
vn -0.0619956 0.9957057 -0.06875106
vn -0.02517599 0.9992434 -0.02964717
vn -0.3847654 0.9229134 -0.01365132
vn -0.2871307 0.957884 -0.003765042
vn -0.265839 0.9637511 -0.02265808
vn -0.179515 0.9830047 -0.03842198
vn -0.4496306 0.8924759 0.03632001
vn -0.9815419 0.1441632 0.1256678
vn -0.9518505 0.2853283 0.1121089
vn -0.8918918 0.4422314 0.09466032
vn -0.7819148 0.6197649 0.06708781
vn -0.595808 0.8028158 0.02235316
vn -0.9668652 0.2115287 0.1429237
vn -0.9235837 0.3618854 0.126618
vn -0.8378194 0.5359144 0.1041855
vn -0.6788287 0.7301643 0.07779247
vn -0.5325494 0.8455331 0.03827596
vn -0.057941 0.9969898 -0.05151963
vn -0.1084327 0.9921891 -0.06166849
vn -0.1301582 0.9901639 -0.05132305
vn -0.1708128 0.9838142 -0.05415238
vn -0.09988257 0.9949721 -0.007358291
vn -0.02867944 0.9995764 -0.004941089
vn -0.4597908 -0.0004157631 0.8880271
vn -0.4588232 -0.0005041756 0.8885275
vn -0.3786747 -0.002665809 0.925526
vn -0.4572926 -9.324513e-05 0.8893163
vn -0.3207859 0.006289726 0.9471309
vn -0.4597479 -0.0002737289 0.8880494
vn -0.4597988 -0.0002803089 0.8880231
vn -0.4596917 -0.0001284999 0.8880786
vn -0.4598325 -0.0002201042 0.8880056
vn -0.4598931 -0.0003334187 0.8879743
vn -0.4599747 -0.0003593906 0.8879319
vn -0.4598953 -0.0003702044 0.887973
vn -0.459796 -0.0002742753 0.8880246
vn -0.0002235328 -0.000489248 0.9999998
vn 0.9999987 -3.79653e-05 -0.001638898
vn 0.9999985 0.0001631591 -0.001735391
vn 0.9999988 -0.0004358387 -0.001445224
vn 0.9999989 -0.0004778223 -0.001390725
vn 0.9999989 -0.0004716215 -0.001389799
f 1//1 2//2 3//3
f 4//4 5//5 6//6
f 4//4 6//6 7//7
f 7//7 6//6 8//8
f 7//7 8//8 9//9
f 9//9 8//8 10//10
f 9//9 10//10 11//11
f 11//11 10//10 12//12
f 11//11 12//12 13//13
f 13//13 12//12 14//14
f 13//13 14//14 15//15
f 15//15 14//14 16//16
f 15//15 16//16 17//17
f 17//17 16//16 18//18
f 17//17 18//18 19//19
f 19//19 18//18 20//20
f 19//19 20//20 21//21
f 25//22 23//23 24//24
f 25//22 24//24 22//25
f 57//26 27//27 28//28
f 28//28 27//27 342//29
f 28//28 342//29 26//30
f 29//31 30//32 31//33
f 29//31 32//34 30//32
f 32//34 29//31 33//35
f 33//35 29//31 34//36
f 34//36 35//37 33//35
f 35//37 34//36 36//38
f 36//38 34//36 37//39
f 36//38 37//39 38//40
f 29//31 39//41 34//36
f 34//36 39//41 37//39
f 24//24 23//23 40//42
f 41//43 40//42 42//44
f 41//43 42//44 38//40
f 38//40 42//44 36//38
f 40//42 23//23 43//45
f 40//42 43//45 42//44
f 44//46 45//47 46//48
f 49//49 44//46 48//50
f 49//49 48//50 50//51
f 47//52 46//48 51//53
f 45//47 52//54 53//55
f 46//48 45//47 53//55
f 46//48 53//55 51//53
f 48//50 44//46 46//48
f 48//50 46//48 47//52
f 52//54 54//56 53//55
f 53//55 54//56 55//57
f 53//55 55//57 51//53
f 56//58 27//27 57//26
f 56//58 57//26 58//59
f 58//59 57//26 59//60
f 60//61 61//62 50//51
f 61//62 49//49 50//51
f 60//61 58//59 59//60
f 61//62 60//61 59//60
f 62//63 63//64 64//65
f 65//66 66//67 63//64
f 63//64 66//67 64//65
f 64//65 66//67 67//68
f 68//69 31//33 69//70
f 69//70 31//33 30//32
f 69//70 70//71 68//69
f 62//63 68//69 63//64
f 63//64 68//69 70//71
f 63//64 70//71 65//66
f 65//66 70//71 69//70
f 65//66 69//70 30//32
f 65//66 30//32 32//34
f 32//34 33//35 71//72
f 71//72 33//35 35//37
f 71//72 35//37 72//73
f 73//74 71//72 72//73
f 75//75 76//76 77//77
f 76//76 78//78 77//77
f 75//75 77//77 74//79
f 43//45 23//23 80//80
f 42//44 81//81 36//38
f 36//38 81//81 82//82
f 36//38 82//82 35//37
f 35//37 82//82 73//74
f 35//37 73//74 72//73
f 42//44 43//45 79//83
f 42//44 79//83 81//81
f 74//79 73//74 82//82
f 74//79 82//82 75//75
f 75//75 82//82 81//81
f 75//75 81//81 83//84
f 83//84 81//81 79//83
f 83//84 79//83 84//85
f 84//85 79//83 43//45
f 84//85 43//45 80//80
f 87//86 85//87 88//88
f 87//86 88//88 89//89
f 88//88 85//87 86//90
f 86//90 76//76 90//91
f 90//91 76//76 75//75
f 90//91 75//75 91//92
f 83//84 92//93 75//75
f 75//75 92//93 91//92
f 93//94 92//93 84//85
f 84//85 92//93 83//84
f 76//76 86//90 78//78
f 78//78 86//90 85//87
f 47//52 51//53 94//95
f 50//51 48//50 95//96
f 95//96 48//50 94//95
f 47//52 94//95 48//50
f 54//56 96//97 55//57
f 55//57 96//97 97//98
f 64//65 67//68 96//97
f 96//97 67//68 97//98
f 62//63 64//65 98//99
f 98//99 64//65 96//97
f 98//99 96//97 54//56
f 99//100 87//86 89//89
f 101//101 100//102 102//103
f 101//101 102//103 103//104
f 103//104 102//103 104//105
f 100//102 105//106 102//103
f 105//106 100//102 106//107
f 100//102 108//108 106//107
f 106//107 108//108 109//109
f 106//107 109//109 107//110
f 107//110 109//109 99//100
f 89//89 110//111 99//100
f 99//100 110//111 107//110
f 111//112 95//96 112//113
f 111//112 60//61 95//96
f 95//96 60//61 50//51
f 114//114 58//59 111//112
f 103//104 115//115 56//58
f 56//58 115//115 27//27
f 56//58 58//59 114//114
f 56//58 114//114 103//104
f 103//104 114//114 101//101
f 101//101 114//114 111//112
f 94//95 113//116 95//96
f 95//96 113//116 116//117
f 95//96 116//117 112//113
f 58//59 60//61 111//112
f 111//112 112//113 101//101
f 101//101 112//113 100//102
f 100//102 112//113 116//117
f 100//102 116//117 117//118
f 100//102 117//118 108//108
f 65//66 118//119 66//67
f 65//66 32//34 118//119
f 118//119 32//34 71//72
f 118//119 71//72 119//120
f 119//120 71//72 73//74
f 119//120 73//74 74//79
f 77//77 78//78 119//120
f 119//120 74//79 77//77
f 94//95 121//121 113//116
f 113//116 121//121 122//122
f 113//116 122//122 116//117
f 123//123 121//121 51//53
f 51//53 121//121 94//95
f 55//57 97//98 123//123
f 123//123 51//53 55//57
f 78//78 66//67 118//119
f 66//67 78//78 85//87
f 119//120 78//78 118//119
f 87//86 67//68 66//67
f 87//86 66//67 85//87
f 67//68 87//86 120//124
f 120//124 87//86 99//100
f 122//122 117//118 116//117
f 108//108 117//118 122//122
f 109//109 108//108 122//122
f 121//121 123//123 109//109
f 123//123 97//98 67//68
f 109//109 123//123 99//100
f 109//109 122//122 121//121
f 67//68 120//124 123//123
f 123//123 120//124 99//100
f 16//125 14//126 124//127
f 124//127 14//126 12//128
f 12//128 10//129 124//127
f 124//127 10//129 8//130
f 124//127 8//130 6//131
f 6//131 5//132 124//127
f 124//127 5//132 125//133
f 124//127 125//133 126//134
f 127//135 20//136 124//127
f 124//127 20//136 18//137
f 124//127 18//137 16//125
f 126//134 128//138 124//127
f 124//127 128//138 129//139
f 124//127 129//139 130//140
f 130//140 129//139 131//141
f 130//140 131//141 132//142
f 133//143 127//144 124//145
f 133//143 124//145 134//146
f 134//146 124//145 130//147
f 134//146 130//147 135//148
f 135//148 130//147 132//149
f 135//148 132//149 136//150
f 136//150 132//149 131//151
f 136//150 131//151 137//152
f 137//152 131//151 129//153
f 137//152 129//153 138//154
f 138//154 129//153 128//155
f 138//154 128//155 139//156
f 139//156 128//155 126//157
f 139//156 126//157 140//158
f 140//158 126//157 125//159
f 140//158 125//159 141//160
f 145//161 144//162 146//163
f 145//161 149//164 150//165
f 148//166 147//167 151//168
f 149//164 145//161 153//169
f 153//169 145//161 154//170
f 153//169 154//170 155//171
f 152//172 144//162 145//161
f 152//172 145//161 156//173
f 156//173 145//161 150//165
f 156//173 150//165 157//174
f 143//175 147//167 148//166
f 2//176 1//177 158//178
f 158//178 1//177 160//179
f 158//178 160//179 161//180
f 161//180 160//179 162//181
f 142//182 163//183 143//175
f 143//175 163//183 147//167
f 2//176 158//178 143//175
f 143//175 158//178 159//184
f 156//173 165//185 152//172
f 152//172 165//185 166//186
f 152//172 166//186 167//187
f 152//172 167//187 168//188
f 168//188 167//187 151//168
f 168//188 151//168 147//167
f 145//161 169//189 154//170
f 154//170 169//189 170//190
f 154//170 170//190 171//191
f 164//192 172//193 152//172
f 152//172 172//193 144//162
f 143//175 159//184 173//194
f 152//172 174//195 164//192
f 164//192 174//195 175//196
f 176//197 177//198 178//199
f 178//199 177//198 179//200
f 178//199 179//200 180//201
f 180//201 179//200 181//202
f 180//201 181//202 182//203
f 182//203 181//202 183//204
f 182//203 183//204 184//205
f 184//205 183//204 185//206
f 184//205 185//206 186//207
f 186//207 185//206 187//208
f 186//207 187//208 162//181
f 162//181 187//208 161//180
f 143//175 173//194 188//209
f 164//192 175//196 189//210
f 171//191 190//211 154//170
f 154//170 190//211 191//212
f 154//170 191//212 192//213
f 192//213 191//212 193//214
f 192//213 193//214 194//215
f 194//215 193//214 195//216
f 194//215 195//216 196//217
f 196//217 195//216 197//218
f 196//217 197//218 176//197
f 176//197 197//218 198//219
f 176//197 198//219 177//198
f 143//175 199//220 142//182
f 143//175 188//209 199//220
f 200//221 201//222 202//223
f 203//224 204//225 158//226
f 158//226 204//225 159//227
f 206//228 207//229 208//230
f 208//230 207//229 209//231
f 202//223 210//232 200//221
f 200//221 210//232 203//224
f 203//224 210//232 204//225
f 201//222 211//233 202//223
f 202//223 211//233 212//234
f 206//228 213//235 207//229
f 207//229 213//235 214//236
f 145//237 146//238 215//239
f 215//239 146//238 209//231
f 209//231 146//238 208//230
f 21//240 205//241 19//242
f 9//243 11//244 213//235
f 213//235 11//244 13//245
f 213//235 13//245 212//234
f 212//234 13//245 15//246
f 212//234 15//246 17//247
f 19//242 205//241 202//223
f 19//242 202//223 17//247
f 17//247 202//223 212//234
f 216//248 21//240 217//249
f 217//249 21//240 133//250
f 134//251 218//252 219//253
f 216//248 220//254 21//240
f 21//240 220//254 205//241
f 134//251 219//253 133//250
f 133//250 219//253 221//255
f 133//250 221//255 217//249
f 230//256 222//257 139//258
f 218//252 134//251 223//259
f 223//259 134//251 135//260
f 136//261 226//262 135//260
f 135//260 226//262 224//263
f 135//260 224//263 223//259
f 137//264 225//265 226//262
f 137//264 226//262 136//261
f 4//266 227//267 141//268
f 141//268 227//267 228//269
f 206//228 7//270 9//243
f 206//228 9//243 213//235
f 225//265 137//264 138//271
f 225//265 138//271 229//272
f 140//273 230//256 139//258
f 228//269 231//274 141//268
f 141//268 231//274 140//273
f 206//228 232//275 7//270
f 7//270 232//275 4//266
f 4//266 232//275 227//267
f 139//258 222//257 229//272
f 139//258 229//272 138//271
f 231//274 233//276 140//273
f 140//273 233//276 230//256
f 343//277 205//278 234//279
f 234//279 205//278 220//280
f 236//281 199//282 188//283
f 237//284 168//285 238//286
f 163//287 239//288 147//289
f 147//289 239//288 238//286
f 147//289 238//286 168//285
f 163//287 240//290 239//288
f 163//287 142//291 240//290
f 240//290 142//291 236//281
f 236//281 142//291 199//282
f 241//292 242//293 188//283
f 188//283 242//293 236//281
f 159//294 235//295 173//296
f 188//283 173//296 241//292
f 241//292 173//296 235//295
f 243//297 244//298 245//299
f 243//297 245//299 246//300
f 243//297 246//300 247//301
f 241//302 248//303 249//304
f 252//305 240//306 253//307
f 253//307 240//306 236//308
f 253//307 236//308 254//309
f 254//309 242//310 249//304
f 249//304 242//310 241//302
f 248//303 235//311 255//312
f 255//312 235//311 256//313
f 250//314 251//315 257//316
f 244//298 258//317 245//299
f 259//318 260//319 261//320
f 236//308 242//310 254//309
f 247//301 246//300 261//320
f 247//301 261//320 260//319
f 262//321 238//322 252//305
f 252//305 238//322 239//323
f 252//305 239//323 240//306
f 241//302 235//311 248//303
f 266//324 264//325 263//326
f 263//326 264//325 244//298
f 244//298 264//325 258//317
f 251//315 265//327 257//316
f 257//316 265//327 266//324
f 257//316 266//324 263//326
f 267//328 237//329 262//321
f 262//321 237//329 238//322
f 261//320 268//330 259//318
f 259//318 268//330 267//328
f 267//328 268//330 237//329
f 266//331 146//332 144//333
f 266//331 144//333 264//334
f 264//334 144//333 258//335
f 258//335 144//333 172//336
f 258//335 172//336 164//337
f 258//335 164//337 245//338
f 245//338 164//337 246//339
f 164//337 189//340 246//339
f 246//339 189//340 261//341
f 189//340 175//342 261//341
f 261//341 175//342 174//343
f 261//341 174//343 268//344
f 268//344 174//343 152//345
f 268//344 152//345 237//284
f 237//284 152//345 168//285
f 269//346 361//347 270//348
f 270//348 361//347 22//25
f 257//316 271//349 250//314
f 271//349 257//316 272//350
f 272//350 257//316 263//326
f 273//351 248//303 274//352
f 271//353 272//350 275//354
f 275//354 272//350 276//355
f 285//356 277//357 267//328
f 272//350 263//326 244//298
f 272//350 244//298 278//358
f 243//297 279//359 244//298
f 244//298 279//359 278//358
f 279//359 243//297 280//360
f 280//360 243//297 247//301
f 247//301 281//361 280//360
f 260//319 282//362 247//301
f 247//301 282//362 281//361
f 259//318 283//363 260//319
f 260//319 283//363 282//362
f 267//328 277//357 259//318
f 259//318 277//357 283//363
f 262//321 285//356 267//328
f 262//321 286//364 285//356
f 286//364 262//321 287//365
f 287//365 262//321 252//305
f 287//365 252//305 288//366
f 253//307 289//367 252//305
f 252//305 289//367 288//366
f 289//367 253//307 284//368
f 254//309 284//368 253//307
f 284//368 254//309 290//369
f 290//369 254//309 249//304
f 290//369 249//304 273//351
f 248//303 273//351 249//304
f 274//352 291//370 273//351
f 273//351 291//370 292//371
f 292//371 291//370 293//372
f 274//352 248//303 255//312
f 255//312 294//373 274//352
f 295//374 296//375 340//376
f 340//376 296//375 26//30
f 26//30 296//375 297//377
f 26//30 297//377 28//28
f 298//378 28//28 297//377
f 298//378 57//26 28//28
f 299//379 59//60 298//378
f 298//378 59//60 57//26
f 300//380 291//370 274//352
f 300//380 274//352 294//373
f 293//372 291//370 300//380
f 106//107 302//381 303//382
f 300//380 306//383 293//372
f 290//369 273//351 307//384
f 307//384 273//351 292//371
f 290//369 307//384 308//385
f 290//369 308//385 284//368
f 309//386 284//368 308//385
f 310//387 289//367 309//386
f 309//386 289//367 284//368
f 311//388 312//389 287//365
f 287//365 288//366 311//388
f 311//388 288//366 310//387
f 310//387 288//366 289//367
f 313//390 286//364 312//389
f 312//389 286//364 287//365
f 314//391 285//356 313//390
f 313//390 285//356 286//364
f 315//392 285//356 314//391
f 89//89 316//393 110//111
f 317//394 107//110 316//393
f 316//393 107//110 110//111
f 302//381 106//107 317//394
f 317//394 106//107 107//110
f 318//395 105//106 303//382
f 303//382 105//106 106//107
f 319//396 104//105 318//395
f 318//395 104//105 102//103
f 318//395 102//103 105//106
f 320//397 321//398 322//399
f 322//399 321//398 323//400
f 322//399 323//400 324//401
f 324//401 323//400 325//402
f 324//401 325//402 326//403
f 326//403 325//402 327//404
f 326//403 327//404 301//405
f 301//405 327//404 328//406
f 330//407 329//408 331//409
f 330//407 332//410 329//408
f 327//404 331//409 328//406
f 321//398 319//396 333//411
f 333//411 319//396 318//395
f 333//411 318//395 334//412
f 334//412 318//395 303//382
f 334//412 303//382 335//413
f 335//413 303//382 336//414
f 336//414 303//382 302//381
f 336//414 302//381 317//394
f 336//414 317//394 305//415
f 305//415 317//394 316//393
f 305//415 316//393 89//89
f 305//415 89//89 304//416
f 331//409 327//404 330//407
f 330//407 327//404 337//417
f 337//417 327//404 325//402
f 337//417 325//402 323//400
f 319//396 321//398 320//397
f 319//396 320//397 104//105
f 338//418 315//392 314//391
f 338//418 314//391 313//390
f 306//383 332//410 293//372
f 293//372 332//410 330//407
f 293//372 330//407 292//371
f 292//371 330//407 337//417
f 292//371 337//417 307//384
f 307//384 337//417 323//400
f 307//384 323//400 308//385
f 308//385 323//400 321//398
f 308//385 321//398 309//386
f 309//386 321//398 333//411
f 309//386 333//411 310//387
f 310//387 333//411 334//412
f 310//387 334//412 311//388
f 311//388 334//412 335//413
f 311//388 335//413 312//389
f 312//389 335//413 336//414
f 312//389 336//414 313//390
f 313//390 336//414 338//418
f 338//418 336//414 305//415
f 338//418 305//415 315//392
f 315//392 305//415 304//416
f 320//397 103//104 104//105
f 322//399 115//115 320//397
f 320//397 115//115 103//104
f 324//401 339//419 322//399
f 322//399 339//419 115//115
f 340//376 341//420 324//401
f 324//401 341//420 342//29
f 324//401 342//29 339//419
f 295//374 340//376 301//405
f 301//405 340//376 326//403
f 326//403 340//376 324//401
f 301//421 344//422 343//423
f 301//421 343//423 295//424
f 295//424 343//423 296//425
f 343//423 234//426 296//425
f 345//427 297//428 296//425
f 345//427 296//425 234//426
f 346//429 347//430 299//431
f 346//429 299//431 298//432
f 346//429 298//432 345//427
f 345//427 298//432 297//428
f 205//278 343//277 344//433
f 348//434 329//435 349//436
f 329//435 348//434 331//437
f 331//437 348//434 350//438
f 331//437 350//438 328//439
f 328//439 350//438 351//440
f 328//439 351//440 301//421
f 301//421 351//440 344//422
f 332//441 352//442 349//436
f 332//441 349//436 329//435
f 352//442 332//441 353//443
f 353//443 332//441 306//444
f 353//443 306//444 300//445
f 353//443 300//445 354//446
f 255//447 256//448 294//449
f 294//449 256//448 354//446
f 294//449 354//446 300//445
f 354//450 256//451 355//452
f 355//452 353//453 354//450
f 235//295 159//294 256//451
f 256//451 159//294 355//452
f 355//452 159//294 204//454
f 355//452 204//454 353//453
f 202//455 351//456 350//457
f 202//455 350//457 348//458
f 202//455 348//458 210//459
f 349//460 352//461 210//459
f 210//459 352//461 353//453
f 210//459 353//453 204//454
f 349//460 210//459 348//458
f 205//278 344//433 202//455
f 202//455 344//433 351//456
f 340//376 26//30 341//420
f 26//30 342//29 341//420
f 342//29 27//27 339//419
f 339//419 27//27 115//115
f 31//33 356//462 29//31
f 356//462 357//463 29//31
f 29//31 357//463 39//41
f 39//41 357//463 358//464
f 39//41 358//464 37//39
f 37//39 358//464 359//465
f 37//39 359//465 38//40
f 360//466 361//347 269//346
f 361//347 362//467 22//25
f 25//22 80//80 23//23
f 362//467 25//22 22//25
f 80//80 365//468 363//469
f 80//80 363//469 84//85
f 366//470 361//347 360//466
f 382//471 366//470 360//466
f 365//468 80//80 25//22
f 365//468 25//22 364//472
f 364//472 25//22 362//467
f 364//472 362//467 366//470
f 366//470 362//467 361//347
f 84//85 363//469 93//94
f 59//60 299//379 61//62
f 61//62 299//379 367//473
f 61//62 367//473 49//49
f 367//473 368//474 49//49
f 49//49 368//474 44//46
f 369//475 52//54 45//47
f 369//475 45//47 370//476
f 370//476 45//47 44//46
f 370//476 44//46 368//474
f 371//477 227//478 232//479
f 371//477 232//479 372//480
f 228//481 373//482 374//483
f 228//481 227//484 373//482
f 373//485 227//478 371//477
f 146//332 266//331 265//486
f 146//332 265//486 375//487
f 251//488 376//489 375//487
f 265//486 251//488 375//487
f 379//490 376//491 250//492
f 250//492 376//491 251//493
f 377//494 378//495 379//490
f 379//490 378//495 376//491
f 378//495 377//494 380//496
f 380//496 377//494 381//497
f 382//498 387//499 383//500
f 383//500 387//499 384//501
f 383//500 384//501 385//502
f 383//500 385//502 386//503
f 386//503 385//502 381//497
f 381//497 385//502 380//496
f 387//504 232//479 206//505
f 387//504 206//505 384//506
f 208//507 378//508 380//509
f 208//507 380//509 385//510
f 208//507 385//510 206//505
f 206//505 385//510 384//506
f 146//332 375//487 208//507
f 208//507 375//487 376//489
f 208//507 376//489 378//508
f 372//480 232//479 387//504
f 388//511 374//512 373//513
f 388//511 373//513 270//514
f 270//514 373//513 371//515
f 270//514 371//515 269//516
f 374//512 388//511 399//517
f 399//517 388//511 389//518
f 387//499 382//498 360//519
f 387//499 360//519 372//520
f 372//520 360//519 269//516
f 372//520 269//516 371//515
f 390//521 224//522 393//523
f 390//521 223//524 224//522
f 219//525 218//526 391//527
f 391//527 218//526 392//528
f 392//528 218//526 223//524
f 392//528 223//524 390//521
f 397//529 394//530 233//531
f 233//531 394//530 230//532
f 230//532 394//530 395//533
f 230//532 395//533 222//534
f 222//534 395//533 396//535
f 398//536 396//537 356//538
f 356//538 396//537 357//539
f 357//539 396//537 395//540
f 367//541 347//430 391//542
f 367//541 391//542 368//543
f 368//543 391//542 392//544
f 368//543 392//544 370//545
f 357//539 395//540 358//546
f 358//546 395//540 394//547
f 358//546 394//547 359//548
f 299//431 347//430 367//541
f 397//549 399//517 389//518
f 394//547 397//549 359//548
f 359//548 397//549 389//518
f 356//538 400//550 398//536
f 398//536 400//550 401//551
f 401//551 400//550 402//552
f 401//551 402//552 403//553
f 403//553 402//552 404//554
f 403//553 404//554 405//555
f 405//555 404//554 406//556
f 405//555 406//556 393//557
f 392//544 390//558 370//545
f 370//545 390//558 369//559
f 369//559 390//558 393//557
f 369//559 393//557 406//556
f 403//560 405//561 226//562
f 403//560 226//562 225//563
f 226//562 405//561 393//523
f 226//562 393//523 224//522
f 401//564 403//564 225//564
f 396//535 398//565 229//566
f 396//535 229//566 222//534
f 401//567 225//568 229//566
f 401//567 229//566 398//565
f 399//569 231//570 374//483
f 374//483 231//570 228//481
f 397//529 233//531 399//569
f 399//569 233//531 231//570
f 400//571 68//69 62//63
f 400//571 62//63 402//572
f 68//69 400//571 31//33
f 31//33 400//571 356//462
f 98//99 404//573 402//572
f 98//99 402//572 62//63
f 98//99 54//56 406//574
f 406//574 54//56 52//54
f 406//574 404//573 98//99
f 52//54 369//475 406//574
f 379//575 407//576 275//354
f 407//576 271//353 275//354
f 250//577 271//353 407//576
f 250//577 407//576 379//575
f 277//357 285//356 315//392
f 366//470 382//471 410//578
f 366//470 410//578 411//579
f 365//468 364//472 412//580
f 412//580 364//472 411//579
f 413//581 93//94 363//469
f 413//581 363//469 365//468
f 413//581 414//582 93//94
f 93//94 414//582 92//93
f 409//583 92//93 414//582
f 90//91 91//92 409//583
f 409//583 91//92 92//93
f 415//584 86//90 90//91
f 415//584 90//91 416//585
f 416//585 90//91 417//586
f 417//586 90//91 409//583
f 304//416 89//89 418//587
f 86//90 415//584 88//88
f 88//88 415//584 418//587
f 88//88 418//587 89//89
f 419//588 277//357 315//392
f 420//589 283//363 419//588
f 419//588 283//363 277//357
f 421//590 422//591 281//361
f 281//361 282//592 421//590
f 421//590 282//592 420//589
f 420//589 282//592 283//363
f 423//593 424//594 279//359
f 279//359 280//360 423//593
f 425//595 278//358 426//596
f 426//596 278//358 279//359
f 426//596 279//359 424//594
f 276//355 272//350 427//597
f 427//597 272//350 425//595
f 425//595 272//350 278//358
f 386//598 408//599 383//600
f 386//598 381//601 408//599
f 381//601 377//602 408//599
f 410//578 382//471 383//600
f 428//603 413//581 412//580
f 429//604 412//580 411//579
f 410//578 383//600 408//599
f 410//578 408//599 429//604
f 410//578 429//604 411//579
f 366//470 411//579 364//472
f 430//605 304//416 418//587
f 430//605 418//587 415//584
f 365//468 412//580 413//581
f 413//581 428//603 414//582
f 414//582 428//603 431//606
f 414//582 431//606 409//583
f 409//583 431//606 432//607
f 409//583 432//607 417//586
f 417//586 432//607 433//608
f 417//586 433//608 416//585
f 416//585 433//608 434//609
f 416//585 434//609 415//584
f 415//584 434//609 430//605
f 280//360 281//361 423//593
f 423//593 281//361 422//591
f 377//602 379//575 408//599
f 408//599 379//575 275//354
f 408//599 275//354 429//604
f 429//604 275//354 276//355
f 429//604 276//355 427//597
f 429//604 427//597 412//580
f 412//580 427//597 425//595
f 412//580 425//595 428//603
f 428//603 425//595 426//596
f 428//603 426//596 431//606
f 431//606 426//596 424//594
f 431//606 424//594 423//593
f 431//606 423//593 432//607
f 432//607 423//593 422//591
f 432//607 422//591 433//608
f 433//608 422//591 434//609
f 434//609 422//591 421//590
f 434//609 421//590 420//589
f 434//609 420//589 430//605
f 430//605 420//589 419//588
f 430//605 419//588 304//416
f 304//416 419//588 315//392
f 24//24 388//610 270//348
f 24//24 270//348 22//25
f 388//610 24//24 40//42
f 388//610 40//42 41//43
f 388//610 41//43 389//611
f 389//611 41//43 359//465
f 359//465 41//43 38//40
f 345//612 234//279 220//280
f 217//613 345//612 216//614
f 216//614 345//612 220//280
f 345//612 217//613 346//615
f 346//615 217//613 221//616
f 346//615 221//616 347//617
f 219//525 391//527 347//617
f 347//617 221//616 219//525
f 5//5 4//4 125//159
f 125//159 4//4 141//160
f 127//144 133//143 20//20
f 20//20 133//143 21//21
f 156//618 435//619 436//620
f 156//618 436//620 165//621
f 165//621 436//620 437//622
f 165//621 437//622 166//623
f 166//623 437//622 438//624
f 166//623 438//624 167//625
f 167//625 438//624 439//626
f 167//625 439//626 151//627
f 151//627 439//626 440//628
f 151//627 440//628 148//629
f 148//629 440//628 441//630
f 148//629 441//630 143//631
f 143//631 441//630 3//632
f 143//631 3//632 2//633
f 155//634 154//635 442//636
f 155//634 442//636 157//637
f 157//637 442//636 435//638
f 157//637 435//638 156//639
f 182//640 443//641 444//642
f 182//640 444//642 180//643
f 180//643 444//642 445//644
f 180//643 445//644 178//645
f 178//645 445//644 446//646
f 178//645 446//646 176//647
f 176//647 446//646 447//648
f 176//647 447//648 196//649
f 196//649 447//648 448//650
f 196//649 448//650 194//651
f 194//651 448//650 449//652
f 194//651 449//652 192//653
f 192//653 449//652 442//654
f 192//653 442//654 154//655
f 450//656 443//657 182//658
f 450//656 182//658 184//659
f 436//660 435//661 3//662
f 435//661 442//663 449//664
f 435//661 443//665 3//662
f 449//664 448//666 435//661
f 435//661 448//666 447//667
f 435//661 447//667 446//668
f 444//669 443//665 435//661
f 444//669 435//661 445//670
f 445//670 435//661 446//668
f 3//662 441//671 440//672
f 3//662 440//672 439//673
f 439//673 438//674 3//662
f 3//662 438//674 437//675
f 3//662 437//675 436//660
f 169//676 145//677 215//678
f 215//678 451//679 169//676
f 169//676 451//679 170//680
f 215//681 209//681 451//681
f 457//682 452//683 453//684
f 149//685 153//686 458//687
f 458//687 153//686 155//688
f 450//656 184//659 186//689
f 186//690 162//691 459//692
f 459//692 162//691 160//693
f 460//694 203//695 158//696
f 158//696 161//697 460//694
f 460//694 161//697 461//698
f 170//680 451//679 462//699
f 170//680 462//699 171//700
f 171//700 462//699 463//701
f 171//700 463//701 190//702
f 190//702 463//701 464//703
f 190//702 464//703 191//704
f 191//704 464//703 465//705
f 191//704 465//705 193//706
f 193//706 465//705 466//707
f 193//706 466//707 195//708
f 195//708 466//707 467//709
f 195//708 467//709 197//710
f 197//710 467//709 468//711
f 197//710 468//711 198//712
f 198//712 468//711 469//713
f 198//712 469//713 177//714
f 177//714 469//713 470//715
f 177//714 470//715 179//716
f 179//716 470//715 471//717
f 179//716 471//717 181//718
f 181//718 471//717 472//719
f 181//718 472//719 183//720
f 183//720 472//719 473//721
f 183//720 473//721 185//722
f 185//722 473//721 474//723
f 185//722 474//723 187//724
f 187//724 474//723 461//698
f 187//724 461//698 161//697
f 475//725 476//726 477//727
f 477//727 476//726 478//728
f 481//729 482//730 480//731
f 480//731 482//730 479//732
f 483//733 485//734 484//735
f 495//736 485//734 483//733
f 490//737 491//738 494//739
f 492//740 491//738 490//737
f 481//741 480//742 493//743
f 493//743 480//742 494//739
f 478//744 476//745 495//736
f 495//736 476//745 496//746
f 492//740 490//737 514//747
f 489//748 515//749 516//750
f 489//748 516//750 488//751
f 517//752 492//740 518//753
f 493//743 494//739 491//738
f 493//743 491//738 517//752
f 517//752 491//738 492//740
f 518//753 492//740 514//747
f 518//753 514//747 516//750
f 516//750 514//747 519//754
f 516//750 519//754 488//751
f 486//755 487//756 520//757
f 485//734 521//758 484//735
f 521//758 485//734 496//746
f 485//734 495//736 496//746
f 522//759 483//733 523//760
f 523//760 483//733 484//735
f 523//760 484//735 521//758
f 522//759 523//760 520//757
f 520//757 523//760 524//761
f 520//757 524//761 486//755
f 486//755 524//761 525//762
f 498//763 479//764 482//765
f 482//765 526//766 498//763
f 498//763 526//766 497//767
f 475//768 477//769 499//770
f 475//768 499//770 500//771
f 475//768 500//771 527//772
f 212//773 211//774 505//775
f 212//773 505//775 528//776
f 528//776 505//775 506//777
f 528//776 506//777 529//778
f 529//778 506//777 504//779
f 529//778 504//779 530//780
f 530//780 504//779 503//781
f 530//780 503//781 531//782
f 531//782 503//781 502//783
f 531//782 502//783 501//784
f 531//782 501//784 532//785
f 214//786 213//787 507//788
f 507//788 213//787 454//789
f 455//790 508//791 454//789
f 454//789 508//791 507//788
f 456//792 509//793 455//790
f 455//790 509//793 508//791
f 457//682 510//794 456//792
f 456//792 510//794 509//793
f 453//684 512//795 511//796
f 453//684 511//796 457//682
f 457//682 511//796 510//794
f 512//797 453//798 527//772
f 512//797 527//772 500//771
f 532//785 501//784 513//799
f 532//785 513//799 497//767
f 532//785 497//767 526//766
f 461//800 200//801 460//802
f 460//802 200//801 203//803
f 462//804 451//805 533//806
f 468//807 534//808 469//809
f 469//809 534//808 535//810
f 469//809 535//810 470//811
f 470//811 535//810 536//812
f 470//811 536//812 471//813
f 471//813 536//812 537//814
f 471//813 537//814 472//815
f 472//815 537//814 538//816
f 472//815 538//816 473//817
f 473//817 538//816 539//818
f 473//817 539//818 474//819
f 474//819 539//818 461//820
f 462//804 533//806 463//821
f 463//821 533//806 464//822
f 464//822 533//806 540//823
f 464//822 540//823 465//824
f 465//824 540//823 541//825
f 465//824 541//825 466//826
f 466//826 541//825 542//827
f 466//826 542//827 467//828
f 467//828 542//827 543//829
f 467//828 543//829 468//807
f 468//807 543//829 544//830
f 468//807 544//830 534//808
f 539//831 545//832 461//833
f 461//833 545//832 201//834
f 461//833 201//834 200//835
f 545//832 539//831 538//836
f 545//832 538//836 546//837
f 546//837 538//836 537//838
f 546//837 537//838 547//839
f 547//839 537//838 536//840
f 547//839 536//840 548//841
f 548//841 536//840 535//842
f 548//841 535//842 549//843
f 549//843 535//842 534//844
f 549//843 534//844 550//845
f 550//845 534//844 544//846
f 550//845 544//846 551//847
f 551//847 544//846 543//848
f 551//847 543//848 552//849
f 552//849 543//848 542//850
f 552//849 542//850 553//851
f 553//851 542//850 541//852
f 553//851 541//852 554//853
f 554//853 541//852 540//854
f 554//853 540//854 555//855
f 555//855 540//854 533//856
f 555//855 533//856 556//857
f 556//857 533//856 207//858
f 207//858 533//856 451//859
f 207//858 451//859 209//860
f 213//861 212//862 454//863
f 454//863 212//862 455//864
f 455//864 212//862 456//865
f 528//866 529//867 452//868
f 528//866 452//868 212//862
f 212//862 452//868 457//869
f 212//862 457//869 456//865
f 529//867 530//870 452//868
f 452//868 530//870 531//871
f 452//868 531//871 557//872
f 496//873 476//874 475//875
f 482//876 481//877 493//878
f 525//879 524//880 515//881
f 515//881 524//880 523//882
f 515//881 523//882 521//883
f 482//876 493//878 517//884
f 482//876 517//884 518//885
f 475//875 527//886 526//887
f 526//887 527//886 453//888
f 526//887 453//888 558//889
f 526//887 558//889 532//890
f 521//883 496//873 515//881
f 515//881 496//873 516//891
f 516//891 496//873 475//875
f 516//891 475//875 518//885
f 518//885 475//875 482//876
f 482//876 475//875 526//887
f 557//892 558//893 452//894
f 452//894 558//893 453//895
f 531//782 532//785 557//896
f 557//896 532//785 558//897
f 499//898 514//899 490//900
f 477//901 478//902 495//903
f 488//904 495//903 483//905
f 488//904 483//905 522//906
f 479//907 500//908 499//898
f 522//906 520//909 488//904
f 488//904 520//909 487//910
f 499//898 477//901 514//899
f 514//899 477//901 495//903
f 514//899 495//903 519//911
f 519//911 495//903 488//904
f 499//898 490//900 479//907
f 479//907 490//900 494//912
f 512//913 554//914 555//915
f 503//916 504//917 545//918
f 545//918 504//917 506//919
f 545//918 506//919 201//920
f 201//920 506//919 505//921
f 201//920 505//921 211//922
f 479//907 494//912 480//923
f 503//916 545//918 502//924
f 502//924 545//918 501//925
f 501//925 545//918 546//926
f 501//925 546//926 513//927
f 513//927 546//926 547//928
f 513//927 547//928 497//929
f 497//929 547//928 548//930
f 497//929 548//930 498//931
f 498//931 548//930 549//932
f 498//931 549//932 479//907
f 479//907 549//932 550//933
f 479//907 550//933 551//934
f 512//913 500//908 554//914
f 554//914 500//908 553//935
f 553//935 500//908 479//907
f 553//935 479//907 552//936
f 552//936 479//907 551//934
f 207//937 214//938 507//939
f 509//940 510//941 556//942
f 556//942 510//941 511//943
f 556//942 511//943 555//915
f 555//915 511//943 512//913
f 207//937 507//939 508//944
f 207//937 508//944 556//942
f 556//942 508//944 509//940
f 186//945 459//946 450//947
f 450//947 459//946 160//179
f 450//947 160//179 1//177
f 3//3 443//657 1//1
f 1//1 443//657 450//656
f 155//948 157//174 458//949
f 458//949 157//174 150//165
f 458//949 150//165 149//164
f 488//950 487//951 489//952
f 489//952 487//951 486//953
f 489//952 486//953 515//954
f 515//954 486//953 525//955
f 559//956 660//957 560//958
f 563//959 564//960 565//961
f 565//961 564//960 566//962
f 567//963 568//964 569//965
f 570//966 567//963 569//965
f 570//966 569//965 571//967
f 570//966 571//967 586//968
f 572//969 573//970 574//971
f 576//972 575//973 577//974
f 575//973 576//972 578//975
f 578//975 576//972 579//976
f 578//975 579//976 580//977
f 578//975 580//977 581//978
f 581//978 580//977 582//979
f 581//978 582//979 583//980
f 582//979 584//981 583//980
f 583//980 584//981 585//982
f 583//980 585//982 574//971
f 572//969 574//971 585//982
f 577//974 575//973 586//968
f 586//968 575//973 570//966
f 587//983 588//984 589//985
f 587//983 589//985 590//986
f 590//986 589//985 591//987
f 591//987 589//985 606//988
f 592//989 573//970 572//969
f 593//990 594//991 595//992
f 595//992 594//991 596//993
f 595//992 596//993 597//994
f 595//992 598//995 593//990
f 598//995 600//996 593//990
f 593//990 600//996 601//997
f 601//997 600//996 599//998
f 601//997 599//998 605//999
f 602//1000 605//999 599//998
f 603//1001 604//1002 602//1000
f 602//1000 604//1002 605//999
f 603//1001 606//988 604//1002
f 606//988 603//1001 591//987
f 597//994 596//993 573//970
f 573//970 592//989 597//994
f 573//970 607//1003 574//971
f 574//971 607//1003 608//1004
f 574//971 608//1004 609//1005
f 610//1006 574//971 609//1005
f 610//1006 583//980 574//971
f 581//978 611//1007 613//1008
f 611//1007 581//978 610//1006
f 610//1006 581//978 583//980
f 612//1009 570//966 575//973
f 612//1009 575//973 613//1008
f 613//1008 575//973 578//975
f 613//1008 578//975 581//978
f 570//966 612//1009 614//1010
f 615//1011 567//1012 614//1010
f 614//1010 567//1012 570//966
f 616//1013 568//1014 567//1012
f 616//1013 567//1012 615//1011
f 635//1015 633//1016 623//1017
f 572//969 585//982 618//1018
f 618//1018 585//982 624//1019
f 618//1018 624//1019 617//1020
f 617//1020 624//1019 625//1021
f 624//1019 626//1022 625//1021
f 629//1023 630//1024 623//1017
f 623//1017 630//1024 631//1025
f 632//1026 633//1016 635//1015
f 622//1027 634//1028 565//1029
f 565//1029 634//1028 563//1030
f 619//1031 620//1032 563//1030
f 563//1030 620//1032 621//1033
f 563//1030 621//1033 562//1034
f 586//968 634//1028 577//974
f 577//974 635//1015 576//972
f 631//1025 576//972 635//1015
f 636//1035 580//977 579//976
f 636//1035 579//976 630//1024
f 637//1036 582//979 636//1035
f 636//1035 582//979 580//977
f 637//1036 584//1037 582//979
f 585//982 584//1037 624//1019
f 624//1019 584//1037 637//1036
f 577//974 634//1028 632//1026
f 577//974 632//1026 635//1015
f 626//1022 624//1019 637//1036
f 626//1022 637//1036 627//1038
f 627//1038 637//1036 628//1039
f 628//1039 637//1036 636//1035
f 628//1039 636//1035 629//1023
f 629//1023 636//1035 630//1024
f 635//1015 623//1017 631//1025
f 631//1025 630//1024 576//972
f 576//972 630//1024 579//976
f 622//1027 633//1016 632//1026
f 622//1027 632//1026 634//1028
f 563//1030 634//1028 619//1031
f 568//1040 621//1033 620//1032
f 569//1041 568//1040 620//1032
f 571//967 569//1041 620//1032
f 634//1028 586//968 619//1031
f 619//1031 586//968 571//967
f 619//1031 571//967 620//1032
f 607//1003 573//970 638//1042
f 573//970 596//993 638//1042
f 638//1042 596//993 639//1043
f 596//993 594//1044 639//1043
f 639//1043 594//1044 593//990
f 606//988 640//1045 604//1002
f 604//1002 640//1045 641//1046
f 642//1047 643//1048 606//988
f 606//988 643//1048 640//1045
f 605//999 641//1046 639//1043
f 641//1046 605//999 604//1002
f 601//997 605//999 639//1043
f 639//1043 593//990 601//997
f 606//988 589//985 642//1047
f 642//1047 589//985 644//1049
f 644//1049 589//985 588//984
f 646//1050 645//1051 617//1052
f 608//1053 607//1054 645//1055
f 645//1055 646//1056 608//1053
f 608//1053 646//1056 609//1057
f 609//1057 646//1056 647//1058
f 609//1057 647//1058 610//1059
f 610//1059 647//1058 648//1060
f 610//1059 648//1060 611//1061
f 611//1061 648//1060 613//1062
f 613//1062 648//1060 649//1063
f 613//1062 649//1063 612//1064
f 612//1064 649//1063 650//1065
f 612//1064 650//1065 614//1066
f 614//1066 650//1065 566//1067
f 614//1066 564//1068 615//1069
f 614//1066 566//1067 564//1068
f 615//1069 564//1068 651//1070
f 615//1069 651//1070 616//1071
f 646//1050 617//1052 625//1072
f 646//1050 625//1072 647//1073
f 647//1073 625//1072 626//1074
f 647//1073 626//1074 648//1075
f 648//1075 626//1074 627//1076
f 627//1076 628//1077 648//1075
f 628//1077 629//1078 648//1075
f 648//1075 629//1078 649//1079
f 649//1079 629//1078 623//1080
f 623//1080 633//1081 649//1079
f 649//1079 633//1081 650//1082
f 650//1082 633//1081 622//1083
f 650//1082 622//1083 566//962
f 566//962 622//1083 565//961
f 563//959 651//1084 564//960
f 651//1084 563//959 562//1085
f 621//1086 616//1087 651//1088
f 621//1086 651//1088 562//1089
f 568//1090 616//1087 621//1086
f 617//1020 652//1091 592//1092
f 592//1092 572//969 618//1018
f 592//1092 618//1018 617//1020
f 617//1052 645//1051 652//1093
f 645//1055 607//1054 638//1094
f 645//1055 638//1094 653//1095
f 653//1095 638//1094 654//1096
f 654//1096 638//1094 639//1097
f 654//1096 639//1097 655//1098
f 655//1098 639//1097 641//1099
f 655//1098 641//1099 656//1100
f 656//1100 641//1099 640//1101
f 656//1100 640//1101 643//1102
f 656//1100 643//1102 561//1103
f 561//1103 643//1102 642//1104
f 561//1103 642//1104 560//1105
f 644//1106 559//1107 642//1104
f 642//1104 559//1107 560//1105
f 660//1108 661//1109 678//1110
f 674//1111 663//1112 664//1113
f 664//1113 663//1112 657//1114
f 674//1111 665//1115 663//1112
f 592//1092 652//1091 669//1116
f 597//994 592//1092 669//1116
f 597//994 669//1116 595//992
f 595//992 669//1116 670//1117
f 595//992 670//1117 671//1118
f 595//992 671//1118 598//995
f 598//995 671//1118 672//1119
f 598//995 672//1119 600//996
f 600//996 672//1119 673//1120
f 600//996 673//1120 599//998
f 599//998 673//1120 602//1000
f 602//1000 673//1120 674//1111
f 674//1111 603//1001 602//1000
f 669//1116 652//1091 668//1121
f 669//1116 668//1121 670//1117
f 670//1117 668//1121 666//1122
f 670//1117 666//1122 671//1118
f 671//1118 666//1122 667//1123
f 671//1118 667//1123 672//1119
f 672//1119 667//1123 675//1124
f 672//1119 675//1124 673//1120
f 673//1120 675//1124 676//1125
f 673//1120 676//1125 674//1111
f 603//1001 674//1111 664//1113
f 676//1125 675//1124 665//1115
f 676//1125 665//1115 674//1111
f 678//1110 677//1126 660//1108
f 660//1108 677//1126 659//1127
f 660//1108 659//1127 662//1128
f 662//1128 659//1127 657//1114
f 657//1114 659//1127 658//1129
f 657//1114 658//1129 664//1113
f 664//1113 658//1129 603//1001
f 603//1001 658//1129 591//987
f 591//987 658//1129 590//986
f 677//1126 587//1130 590//986
f 588//1131 587//1130 678//1110
f 678//1110 587//1130 677//1126
f 677//1126 590//986 659//1127
f 659//1127 590//986 658//1129
f 652//1093 645//1051 653//1132
f 656//1133 561//1134 657//1135
f 657//1135 561//1134 662//1136
f 652//1093 653//1132 668//1137
f 668//1137 653//1132 654//1138
f 668//1137 654//1138 666//1139
f 666//1139 654//1138 667//1140
f 667//1140 654//1138 655//1141
f 655//1141 675//1142 667//1140
f 655//1141 665//1143 675//1142
f 656//1133 665//1143 655//1141
f 656//1133 657//1135 663//1144
f 656//1133 663//1144 665//1143
f 662//1136 561//1134 560//958
f 662//1136 560//958 660//957
f 559//956 661//1145 660//957
f 644//1146 588//1147 678//1148
f 644//1146 678//1148 559//1149
f 559//1149 678//1148 661//1150
