# G1 exterior visual; derived from pinned Unitree/TWIST2 CAD.
v 5.71630881e-05 -0.022478288 -0.0535297841
v 4.07626976e-05 0.0262195505 -0.0534953363
v 1.69079317e-06 -0.0319862515 0.031573873
v 2.52327459e-06 -0.0331216566 0.0292840786
v 3.27647786e-06 -0.0239999965 0.0315738544
v 9.45731244e-07 -0.0240000039 -5.89454441e-09
v 2.96115968e-06 -0.0322489589 0.00132081204
v 2.89732475e-06 -0.0240262076 -0.0369649753
v -8.52480116e-06 -0.0226457678 -0.0450294465
v 1.95010699e-07 0.027052369 -0.0296722483
v 8.62561862e-08 0.0307290219 -0.00800348446
v 8.39597021e-07 0.0239999965 2.91891689e-09
v 2.81167081e-06 0.0321608596 0.0292607117
v 2.18788159e-06 0.0309601054 0.0315736979
v 3.17034073e-06 0.0239999965 0.0315737166
v 2.03159016e-06 0.031782236 0.00795528851
v 2.1629055e-06 0.0264143459 -0.0348524749
v 3.78841492e-07 -0.0312689058 -0.00904684886
v -7.01184547e-07 -0.0295671057 -0.0179790463
v 0.0318759009 -0.0224782359 -0.109239511
v 0.0318757929 0.0262124706 -0.109239511
v 0.0308930762 -0.022478221 -0.10750068
v 0.0308789518 0.0262124706 -0.107466362
v -0.0237359758 -0.0175965615 -0.0735390484
v -0.0228672754 -0.0178587902 -0.0808111429
v -0.0227074642 -0.0186253022 -0.0385926925
v -0.0192469824 -0.0204560738 -0.040200837
v -0.0113306614 -0.0224767905 -0.0607103817
v -0.0156223951 -0.0212883037 -0.0576436967
v -0.00300583616 -0.0224549212 -0.0501436479
v -0.0101512577 -0.0220364481 -0.0509714819
v -0.0174911935 -0.0224807952 -0.075118646
v -0.0183131043 -0.0203302726 -0.0570489317
v -0.01707712 -0.0224713478 -0.0880097225
v -0.0178703517 -0.0224549156 -0.0815330222
v -0.0145761287 -0.0224787313 -0.0949736089
v -0.012044237 -0.0224781502 -0.0992802233
v -0.0118993521 -0.0186874978 -0.102507167
v -0.00820961129 -0.0224789809 -0.103964075
v -0.0102911163 -0.0144377956 -0.105692454
v 0.00750586158 -0.0224776492 -0.11284671
v 0.00281224563 -0.0224765968 -0.111269154
v -0.00121538551 -0.0224612169 -0.109260574
v -0.00367967971 -0.0224600248 -0.107793637
v 0.014304094 -0.0224747155 -0.113706514
v 0.0153629035 -0.00088806625 -0.113688894
v 0.00874887034 0.000258162385 -0.113431498
v 0.00474359328 -0.0115142381 -0.112632968
v -0.00438170927 -0.000140681281 -0.110612087
v -0.0047998135 -0.00417189021 -0.110320367
v -0.00985286664 -0.00467057712 -0.107896402
v -0.0116623417 -0.000142209348 -0.107146159
v -0.0145304333 -0.00606379053 -0.104684763
v -0.0160486586 0.000111512207 -0.103947349
v -0.0209329184 -0.00167631009 -0.0988909453
v -0.0185292456 -0.000501648639 -0.101705559
v -0.0243477914 -0.00107073237 -0.0937950686
v -0.0273279157 -0.000898100086 -0.087104626
v -0.0311721973 -0.00309642637 -0.0654446259
v -0.0314424895 0.000244483701 -0.063940905
v -0.0302942824 -0.001777058 -0.074558638
v -0.0260876473 -0.0154979816 -0.0378345549
v -0.0274734348 -0.0149583705 -0.0296633802
v -0.029303655 -0.0105163632 -0.043307256
v -0.0307241511 -0.00853472576 -0.0311538689
v -0.0308022387 -0.00563652627 -0.0642696694
v -0.0317116491 -0.00529051945 -0.0285469424
v -0.0319172628 -0.00182128989 -0.0495215282
v -0.0161189809 -0.0216580909 -0.0399692841
v -0.0126896212 -0.023127351 -0.0364159048
v -0.00916876644 -0.022833202 -0.0414636284
v -0.00530280545 -0.0243009422 -0.035197515
v -0.0064992737 -0.0111314449 -0.108773574
v -0.0200870968 -0.0209725387 -0.0785978436
v -0.0256329495 -0.00939617679 -0.0875267386
v -0.0232108496 -0.0150013566 -0.0872203857
v -0.026051553 -0.0127555868 -0.0810343921
v -0.0208622906 -0.0189868994 -0.0555342063
v -0.0239064954 -0.00571861304 -0.0936202854
v -0.0267286301 -0.00503360108 -0.087524727
v -0.0282115359 -0.00704672886 -0.0811233371
v -0.0269994251 -0.0128355492 -0.0745362043
v -0.0271621086 -0.0133419698 -0.0647456497
v -0.0254124776 -0.0151980724 -0.0523276851
v -0.0234287884 -0.0170254894 -0.0516535379
v -0.0200034492 -0.0195242018 -0.0476778634
v -0.0159145165 -0.0210569836 -0.0481533296
v -0.0290618185 -0.000861082983 -0.0813227668
v -0.0293435343 -0.0072825877 -0.0745934695
v -0.0295995735 -0.00871900469 -0.0665483773
v -0.0285389964 -0.0111399572 -0.0646177381
v -0.0190515593 -0.00822062232 -0.0998787358
v -0.0222183783 -0.0113779921 -0.0935260281
v -0.0172261149 -0.0154282227 -0.0983941182
v -0.0143109392 -0.0135548329 -0.102659367
v -0.0154271647 -0.0193139035 -0.0977546647
v -0.0195850693 -0.0167986397 -0.0933644325
v -0.0197197516 -0.0191631857 -0.089588441
v 0.0268776789 -0.0224781223 -0.111600794
v 0.0268776268 0.0262124613 -0.111600764
v 0.0206961352 -0.0224782638 -0.113251224
v 0.0206960272 0.0262124501 -0.113251224
v 0.0143511705 0.0216900166 -0.113725714
v 0.0131171821 0.0262124855 -0.113652498
v 0.000607313472 -0.0224781949 -0.0552509613
v 0.0299731754 -0.0224782079 -0.105954252
v 0.0222535115 -0.0224781223 -0.104666166
v -0.0177174732 0.0262172259 -0.0838606879
v -0.0108187487 0.0261902697 -0.0596626066
v 0.00739171915 0.0262144636 -0.112805963
v 0.0458402559 0.0262124967 -0.0753401443
v -0.0158884972 0.0262130201 -0.0918479934
v -0.0157211497 0.0262193177 -0.0688556135
v -0.0175419115 0.0262049753 -0.0752855465
v -0.0131729459 0.0262111928 -0.0975914225
v 0.00835578702 0.026212424 -0.0503881425
v 0.0449606404 0.0262125023 -0.0895839483
v 0.0420966633 0.0262124948 -0.0961722285
v 0.0377931222 0.0262124855 -0.10192439
v 0.0154966405 0.0262124371 -0.0496032909
v 0.0226264074 0.0262124501 -0.0504831821
v 0.0293622036 0.0262124613 -0.0529805422
v -0.00528181111 0.0262066871 -0.106557891
v -0.00883101393 0.0262101125 -0.10335964
v -0.000896464626 0.0262104236 -0.10952723
v 0.0462312475 0.0262125079 -0.0825133547
v 0.0353423022 0.0262124855 -0.0569612682
v 0.0402455591 0.0262124911 -0.0622115806
v 0.0438086577 0.0262124948 -0.0684495494
v -0.00580210378 0.0297033563 -0.0125760213
v -0.0138434134 0.0282616634 -0.0124150291
v -0.00741370209 0.0306265689 -0.00376031105
v -0.0125827817 0.0297446605 -0.00219518831
v -0.0248011537 0.0216458887 -0.0111653339
v -0.0202745888 0.0263523068 -0.0033866025
v -0.0198074654 0.0256657079 -0.0121242832
v -0.0164782815 0.028463332 -0.00178195711
v -0.0315388404 0.0098385727 -0.000632264419
v -0.0302681904 0.0104432926 -0.0272852425
v -0.0296552628 0.0151111213 -0.00573307974
v -0.0277918931 0.0184223596 -0.00604731031
v -0.024181135 0.0231996533 -0.00237509748
v -0.0311907008 0.00756786857 -0.0274543632
v -0.0322405361 -0.00115460157 -0.0232622474
v -0.0318340324 0.00402113283 -0.0301146135
v -0.00581507618 0.0264586769 -0.0324877389
v -0.0287668444 0.0131996227 -0.0308851711
v -0.0269876756 0.0159385297 -0.0313047171
v -0.0248478856 0.0185158197 -0.0316328369
v -0.0222417507 0.020807337 -0.0365762338
v -0.0229985807 0.0206678566 -0.0284753591
v -0.0205469131 0.0225608218 -0.0285670497
v -0.0177936573 0.0236377139 -0.0363657139
v -0.0178856049 0.0240712836 -0.0286103897
v -0.0137137109 0.0256695319 -0.0286355466
v -0.0122435549 0.0254296903 -0.0364464782
v -0.0233079959 -0.023461489 -0.0137199936
v -0.0250861272 -0.0229832362 -0.00603617821
v -0.028443709 -0.0180871878 -0.00660166796
v -0.0263001472 -0.0195903387 -0.016153736
v -0.00584897492 -0.0312495921 -0.00831312966
v -0.0125789959 -0.0304811224 -0.00435560243
v -0.0219104849 -0.0261831302 -0.00303024147
v -0.00547528546 -0.0296739955 -0.0165034067
v -0.0175991673 -0.02900647 0.00403443212
v -0.0321340933 -0.00753998244 0.000836916151
v -0.0325227715 -0.0014332796 0.0029238495
v -0.0314872079 -0.010875714 -0.00180746976
v -0.030241536 -0.0144179026 -0.00590469781
v -0.0298893489 -0.0159340706 0.00380417216
v -0.0264186338 -0.0219116993 0.00361996889
v -0.0238904562 -0.0247297902 0.00386337051
v -0.0104085403 -0.0313869901 0.00591750862
v -0.00610505184 -0.0318955779 0.000857213337
v -0.0108893309 -0.0258420724 -0.0269342344
v -0.0153586371 -0.0246166959 -0.0272129271
v -0.0196530651 -0.022727849 -0.027122844
v -0.022878699 -0.020756321 -0.0265028812
v -0.030108925 -0.0110651664 -0.0249176677
v -0.0121215079 -0.0291847736 -0.0140943285
v -0.0165937711 -0.0277857557 -0.0137136327
v -0.0208064169 -0.0254960284 -0.0134524386
v -0.0175692607 -0.0284622815 -0.00638919696
v -0.00603562547 -0.0328778438 0.0293202419
v -0.00964113325 -0.0313386917 0.0315745324
v -0.0111732678 -0.0321049206 0.0293161478
v -0.0174566079 -0.0284576323 0.0315731838
v -0.0282005351 -0.018900441 0.0293074753
v -0.0254263803 -0.0231007617 0.0292838477
v -0.026121784 -0.0199112706 0.0315741338
v -0.0230549052 -0.0239069071 0.031574782
v -0.0214017164 -0.0271314755 0.0293066017
v -0.0168659408 -0.0300294179 0.0293466188
v -0.0296934657 -0.0158184599 0.0293535925
v -0.029594779 -0.0128429821 0.0315738469
v -0.0313593261 -0.0113921762 0.0292772837
v -0.0316366889 -0.00289404625 0.0315751024
v -0.0325277969 -0.00571043883 0.0293288566
v -0.0328470618 -0.00157329382 0.0291885342
v -0.00995689444 0.0308470819 0.0292470492
v -0.0145132039 0.0292175468 0.0291944295
v -0.0150747206 0.0275739543 0.0315738134
v -0.031471733 0.00878049247 0.0292259194
v -0.0325573459 0.00356149301 0.0292811077
v -0.0312343147 0.0044375835 0.0315741226
v -0.0288962331 0.0126015544 0.0315733105
v -0.0290367007 0.0149703007 0.0293001942
v -0.0235448889 0.0227463674 0.0292737521
v -0.0231664646 0.0214248672 0.0315743759
v -0.0266525839 0.0188754797 0.0292769745
v -0.0199859925 0.0259506647 0.0291807055
v -0.00653068069 0.0304343682 0.0315722153
v -0.00476967031 0.0319527425 0.0291475952
v -0.0207082257 -0.0121313417 0.0315740518
v -0.0231624357 -0.00628503179 0.0315740556
v -0.0240000002 -5.12839406e-08 0.0315740556
v -0.0168086644 -0.0171309281 0.031574022
v -0.0231624618 0.00628493214 0.0315740183
v -0.0117359282 -0.02093485 0.0315739699
v -0.0207082797 0.012131243 0.0315739848
v -0.0168087408 0.0171308573 0.0315739177
v -0.00584407244 -0.0232776068 0.031573914
v -0.0117360223 0.0209348053 0.0315738618
v -0.00584417535 0.023277577 0.0315737873
v -0.00666685961 0.0311646927 0.00316697219
v -0.032597173 0.000847691612 0.0162084885
v -0.0323155187 0.00494773779 0.00173154334
v -0.0317397043 0.00737672905 0.0163806528
v -0.029742673 0.0138035398 0.0159067474
v -0.0298308879 0.014928503 0.00303063262
v -0.02746615 0.0192026831 0.00232653134
v -0.0245617442 0.0229339525 0.00345455436
v -0.0198634546 0.0269354396 0.00394488592
v -0.0108676488 0.030745104 0.0164709389
v -0.0156248352 -0.0301285144 0.016029546
v -0.0321113132 -0.00696257316 0.0159430485
v -0.0309854932 -0.0122386608 0.0170222148
v -0.00299146934 0.0106982514 -0.110595018
v 0.00197404809 -0.000133161462 -0.112399749
v -0.0192400925 0.0220129527 -0.0917113572
v -0.0209184941 0.0175366905 -0.093090333
v -0.0163255595 0.0227631461 -0.0963479355
v -0.00543858903 0.0260849316 -0.0446759053
v -0.0316166766 0.00413181772 -0.0486134961
v -0.0114817917 0.0254529715 -0.0440138876
v -0.0198707636 0.0225925408 -0.0484928526
v -0.017285984 0.0240424685 -0.0517371781
v -0.0146347694 0.0250022132 -0.0525504798
v -0.0230723582 0.0201570056 -0.0478544571
v -0.0223517232 0.0223231129 -0.0676651597
v -0.0297801029 0.00535817072 -0.0750004724
v -0.0247396156 0.00375180761 -0.0926077291
v -0.0214623492 0.00298517849 -0.098041743
v -0.0216721464 0.0226457231 -0.0820465535
v -0.0195307471 0.0246745944 -0.0843949392
v -0.0233179741 0.0215174705 -0.0747383386
v -0.0202169791 0.0244604331 -0.072374016
v -0.0176871978 0.0243203882 -0.0916134045
v -0.0149162048 0.0221689306 -0.0988975912
v -0.00744615728 0.0155635672 -0.107843563
v -0.0100538218 0.0161305722 -0.106077485
v -0.012251216 0.0201533865 -0.102992736
v -0.0283206981 0.00678716134 -0.0815073699
v -0.0266146045 0.00596651854 -0.087606743
v -0.0234862603 0.0103797028 -0.0927587524
v -0.00746763498 0.00963626336 -0.108740881
v -0.0144532993 0.014418683 -0.103021346
v -0.0184478331 0.0155512271 -0.0981953293
v -0.0308252368 0.00533649838 -0.0656265989
v -0.0296033081 0.0103100222 -0.0661470741
v -0.028772546 0.0104791922 -0.074623704
v -0.0267460775 0.0132186972 -0.0812882632
v -0.0251641404 0.0125797456 -0.087455295
v -0.0135997068 0.00737038581 -0.10526868
v -0.0171358474 0.00840886589 -0.102020219
v -0.0202773288 0.00942581054 -0.0982524231
v -0.0300224815 0.00998818688 -0.0483502336
v -0.0263305102 0.0167160407 -0.0748564079
v -0.0243532471 0.0201392733 -0.0680041388
v -0.0260979775 0.0176581722 -0.0677476972
v -0.0271562133 0.0154026551 -0.0484418012
v -0.0276540518 0.0148659442 -0.0673383623
v -0.0240302123 0.0194476787 -0.0809560418
v -0.0225789025 0.0190101024 -0.0875003859
v -0.0206219684 0.0224063918 -0.0872264504
v -0.00584407197 -0.023277605 5.61912383e-09
v -0.0117359301 -0.0209348481 2.453727e-09
v -0.0168086663 -0.0171309263 -2.72504952e-09
v -0.0207082257 -0.0121313408 -1.93485761e-09
v -0.0231624357 -0.00628503086 -4.31033181e-10
v -0.0240000002 -5.01893638e-08 -1.43868284e-09
v -0.0231624637 0.00628493307 -5.92746874e-09
v -0.0207082778 0.0121312439 2.35703701e-09
v -0.0168087408 0.0171308592 -2.80549362e-09
v -0.0117360223 0.0209347922 -9.53377044e-10
v -0.00584417488 0.0232775789 1.63198594e-10
v 0.015783025 -0.0224781726 -0.105518013
v -0.00836512167 -0.0224781726 -0.0740475431
v -0.00921697542 -0.0224781707 -0.0805180147
v 0.00931254867 -0.0224781688 -0.104666166
v 0.00328302453 -0.0224781726 -0.102168657
v -0.00586761022 -0.0224781688 -0.0930180177
v -0.00189464493 -0.0224781726 -0.0981956869
v -0.00836512167 -0.0224781707 -0.0869884938
v 0.015783025 -0.0224781744 -0.0555180088
v 0.00835578702 -0.0224781707 -0.050388135
v 0.00931254774 -0.0224781707 -0.0563698672
v -0.00586761069 -0.0224781726 -0.0680180117
v 0.0032830243 -0.0224781744 -0.0588673763
v -0.00189464504 -0.0224781707 -0.0628403425
v 0.0374336578 -0.0224781707 -0.0680180117
v 0.0402455591 -0.0224781707 -0.062211588
v 0.0334606953 -0.0224781744 -0.0628403425
v 0.0353423022 -0.0224781688 -0.0569612756
v 0.0282830242 -0.0224781744 -0.0588673837
v 0.0293622036 -0.0224781707 -0.0529805347
v 0.0222535003 -0.0224781707 -0.0563698709
v 0.0226264074 -0.0224781744 -0.0504831746
v 0.0154966405 -0.0224781726 -0.0496032983
v 0.0282830242 -0.0224781726 -0.102168649
v 0.0374336615 -0.0224781744 -0.0930180177
v 0.0334606953 -0.0224781688 -0.0981956869
v 0.0377931185 -0.0224781688 -0.101924382
v 0.0420966633 -0.0224781744 -0.0961722285
v 0.0399311706 -0.0224781744 -0.0869884863
v 0.0449606404 -0.0224781744 -0.0895839483
v 0.0407830253 -0.0224781688 -0.0805180147
v 0.0462312475 -0.0224781688 -0.0825133547
v 0.0399311706 -0.0224781688 -0.0740475357
v 0.0458402559 -0.0224781726 -0.0753401443
v 0.0438086614 -0.0224781744 -0.0684495419
v 0.0157830231 -0.0204759855 -0.105518013
v 0.0222535022 -0.0204759892 -0.104666159
v 0.0282830242 -0.0204759855 -0.102168649
v 0.0334606953 -0.0204759892 -0.0981956869
v 0.0374336615 -0.0204759873 -0.0930180177
v 0.0399311706 -0.0204759873 -0.0869884863
v 0.0407830253 -0.0204759818 -0.0805180147
v 0.0399311706 -0.0204759892 -0.0740475357
v 0.0374336578 -0.0204759836 -0.0680180117
v 0.0334606953 -0.0204759873 -0.0628403425
v 0.0282830242 -0.0204759873 -0.0588673837
v 0.0222534798 -0.0204759836 -0.0563698672
v 0.015783025 -0.0204759873 -0.0555180088
v 0.00931254867 -0.0204759836 -0.0563698709
v 0.00328302453 -0.0204759873 -0.05886738
v -0.00189464493 -0.0204759836 -0.0628403425
v -0.00586761069 -0.0204759855 -0.0680180117
v -0.00836512167 -0.0204759855 -0.0740475431
v -0.00921697542 -0.0204759836 -0.0805180147
v -0.00836512167 -0.0204759836 -0.0869884938
v -0.00586761115 -0.0204759818 -0.0930180103
v -0.00189464516 -0.0204759855 -0.0981956869
v 0.00328302453 -0.0204759855 -0.102168649
v 0.00931254867 -0.0204759818 -0.104666166
v 0.000607207883 0.0262124091 -0.0552509688
v 4.37659874e-05 -0.022462707 -0.053519845
v 8.73590466e-07 0.0301258396 -0.0121248933
v 7.07734273e-07 0.0314871483 0.00195744867
v 3.27647126e-06 -0.0239999965 0.0315735266
v 3.29405816e-06 -0.0319864154 0.0315735154
v 1.1383223e-05 0.0310053285 0.0315755457
v 3.08841436e-06 0.0322216973 0.0291341115
v 3.17033687e-06 0.0239999965 0.0315735228
v 1.00931049e-06 -0.0322420783 0.000702837599
v 2.07523058e-07 0.0262334384 -0.0399109647
v 2.75401658e-06 -0.0227810331 -0.0449349731
v 1.85636807e-07 -0.0304239001 -0.0145753967
v 0.0299730673 0.0262124687 -0.105954252
v 0.00497647468 -0.0224759132 -0.0476927906
v 0.0332244895 -0.0224732254 -0.0528189875
v 0.0389592573 -0.0224783942 -0.0574022122
v 0.0330233388 0.0262126308 -0.0526611134
v 0.0356131755 0.0262124725 -0.0544848777
v 0.0405220725 0.026212493 -0.0591897517
v 0.0436258391 -0.0224781688 -0.0634213835
v 0.0443657823 0.0262124985 -0.0647985637
v 0.046532914 -0.022478167 -0.0695576444
v 0.0469820388 0.0262125004 -0.0710745677
v 0.0481282026 -0.022478167 -0.0761575773
v 0.0482603982 0.0262124985 -0.0777528062
v 0.0483447388 -0.0224781688 -0.082944192
v 0.0481468923 0.0262125116 -0.0845513418
v 0.047173433 -0.0224781688 -0.0896323696
v 0.0466463119 0.026212506 -0.0911831781
v 0.0446634442 -0.0224781744 -0.0959414542
v 0.0438220017 0.0262124985 -0.0973683521
v 0.0395668484 -0.0224782508 -0.103316821
v 0.0397932008 0.0262124874 -0.102845736
v 0.0347299837 0.0262124762 -0.107384108
v 0.0056460374 -0.0224781707 -0.0529375114
v 0.0338253751 -0.0224781632 -0.103329867
v 0.0235196967 -0.0224674419 -0.0485060103
v 0.0226653963 -0.022478167 -0.0522205979
v 0.0286486112 -0.022468714 -0.0502799749
v 0.02828563 -0.0224781726 -0.0543312989
v 0.040792685 -0.0224781707 -0.0950945467
v 0.037617255 -0.0224781707 -0.0996167138
v 0.0107877646 -0.0224781781 -0.0516542085
v 0.00831505563 -0.0223625042 -0.0471304096
v 0.015099505 -0.0224554837 -0.0474490523
v 0.0163775962 -0.0224781707 -0.0513216816
v 0.0330196992 -0.0224781744 -0.057271082
v 0.0369293913 -0.0224781707 -0.06083747
v 0.0416344479 -0.0224781428 -0.0675387755
v 0.0439537093 -0.0224781651 -0.0743957087
v 0.0446145609 -0.0224781651 -0.0798816085
v 0.043784447 -0.0224781614 -0.0879634097
v 0.00560871698 0.0262124185 -0.0529525168
v 0.0329050086 0.026212465 -0.0571923666
v 0.028450923 0.0262043066 -0.0502244979
v 0.0280034859 0.0262124576 -0.0542085059
v 0.0221600123 0.0262124576 -0.0521038584
v 0.0241977982 0.0262014177 -0.0487463139
v 0.0205964483 0.0261827465 -0.0479366481
v 0.0162599478 0.0262124389 -0.0513231233
v 0.0153504172 0.0261663385 -0.0474280082
v 0.00993055198 0.0261571351 -0.0475504883
v 0.0108004138 0.0262124278 -0.0516530462
v 0.0367753655 0.0262124855 -0.060683921
v 0.0410918444 0.0262125917 -0.0665281266
v 0.034524858 0.0262124781 -0.102701627
v 0.0381336175 0.0262124874 -0.0989482552
v 0.0412781648 0.0262124948 -0.0941324532
v 0.044073984 0.0262125637 -0.0866076127
v 0.0445405543 0.026212493 -0.0788989738
v 0.0437284037 0.026212493 -0.0735499635
v 0.00285406783 0.026134273 -0.0444698408
v 0.0196348242 0.00181693106 -0.0241496544
v 0.018879896 -0.00518654799 -0.0261661839
v 0.0187225901 0.00765932957 -0.0262572225
v 0.0181262754 -0.00426533027 -0.0297949202
v 0.017931588 0.00737499259 -0.0297833737
v 0.0175899062 -0.00271475781 -0.0363068916
v 0.0174111743 0.0056576808 -0.0370483063
v 0.0200816672 0.00748750288 -0.0228313655
v 0.0198024418 0.0119741941 -0.0218391549
v 0.0176776145 0.0143802799 -0.0256622825
v 0.0167504828 0.0190395694 -0.0230363309
v 0.0192839913 0.0167332683 -0.0195850413
v 0.0153980134 0.0185850561 -0.0282834005
v 0.0144456001 0.0207862686 -0.0267668087
v 0.0128593352 0.0226313677 -0.0272066183
v 0.0110000828 0.0241487958 -0.0278304275
v 0.00806888007 0.0256866757 -0.0290147681
v 0.00392399449 0.0269247983 -0.0288442541
v 0.00308104348 0.0260776617 -0.0380570814
v 0.00525242928 0.0256889891 -0.0371637195
v 0.0126503455 0.0209942348 -0.0374688953
v 0.00939264707 0.0239152741 -0.0378120132
v 0.00810121838 0.0246803369 -0.0365324579
v 0.0168762319 0.0139240576 -0.0295395404
v 0.0149275595 0.0171156302 -0.0377765484
v 0.0166780762 0.0115706036 -0.0363368541
v 0.00315311365 -0.0272131804 -0.025438495
v 0.00653075473 -0.0263862666 -0.0258230343
v 0.00964436121 -0.0241484772 -0.0285377093
v 0.0124121225 -0.0223409776 -0.0275964905
v 0.0153262317 -0.0200702101 -0.0253149681
v 0.0190762766 -0.0157253407 -0.0217456222
v 0.0170130953 -0.0144140627 -0.0275174379
v 0.018735487 -0.00996062625 -0.0253107846
v 0.0201558489 -0.00626757834 -0.0231540818
v 0.0171350855 -0.00793465972 -0.0373847559
v 0.0176657531 -0.00989396404 -0.0294029173
v 0.0163888056 -0.0117889727 -0.0366015546
v 0.0143841133 -0.0166179631 -0.036763899
v 0.0144250719 -0.0191994328 -0.0295617357
v 0.011949894 -0.0198158436 -0.0368479826
v 0.00825082976 -0.0223933849 -0.0370558426
v 0.00410334859 -0.0239469707 -0.0359995142
v 0.012701923 0.0284918938 0.0315740556
v 0.0112147657 0.0212185942 0.0315735228
v 0.0184496474 0.0253252648 0.0315737575
v 0.0159927402 0.0178950336 0.0315735191
v 0.0247110669 0.0196815357 0.0315745473
v 0.00577723887 0.0232942868 0.0315735266
v 0.0198301673 0.0135190459 0.0315735191
v 0.0291889533 0.0119521664 0.031573832
v 0.0225013606 0.00834797602 0.0315735303
v 0.00608432712 0.0304127168 0.0315736495
v 0.0238492265 0.00268596876 0.0315735191
v 0.0142253563 -0.0298441425 0.0315738507
v 0.0209480785 -0.0259911139 0.0315758958
v 0.0108137373 -0.0214257576 0.0315735191
v 0.0156533718 -0.0181926358 0.0315735266
v 0.0277188551 -0.0174186844 0.0315749981
v 0.0195724145 -0.0138895838 0.0315735228
v 0.00798045192 -0.0315303095 0.0315744206
v 0.00533813611 -0.0233988073 0.0315735266
v 0.030854186 -0.00792387128 0.0315737315
v 0.0314699411 0.0023720935 0.0315728895
v 0.0237944946 -0.00313400757 0.0315735228
v 0.0223403852 -0.00876967423 0.0315735228
v 0.00512124458 -0.0329044051 0.0292879622
v 0.023860408 -0.0246180538 0.0293418299
v 0.0326819345 -0.00232163677 0.0292882118
v 0.0317684151 -0.00911109149 0.0292982999
v 0.0275910888 -0.0197552573 0.0292891338
v 0.0303117353 -0.0141181527 0.0292743053
v 0.0195826739 -0.0283010639 0.0292786863
v 0.0101594757 -0.0321776718 0.0293132607
v 0.0148885287 -0.0307444818 0.0292758308
v 0.0051633059 0.0318028964 0.0292826407
v 0.0126787629 0.0297751091 0.0293054469
v 0.0229288191 0.0232305489 0.0292801838
v 0.0184149668 0.0268041473 0.0292757116
v 0.0293493271 0.0143558728 0.0292893574
v 0.0264878161 0.0191963799 0.0292583685
v 0.0324210599 0.00368048949 0.0293137617
v 0.0312456451 0.00950052496 0.0292950571
v 0.0309909806 -0.00753604947 -0.0020819318
v 0.0315970704 -0.00200971961 -0.00115245767
v 0.0266640782 -0.0199385267 0.00400272431
v 0.0294698216 -0.0146945659 0.00327072502
v 0.0309273396 -0.0105352774 0.00338823767
v 0.0318587981 -0.00672702584 0.00499771209
v 0.0321039706 -0.00201246212 0.00241242372
v 0.0323665664 -0.000886745634 0.00706113828
v 0.0295053907 -0.00612173602 -0.00674298406
v 0.0304537769 -0.000413928385 -0.00478413142
v 0.0275444482 -0.00904008932 -0.00965620484
v 0.029141644 -0.0110766459 -0.00559649337
v 0.0256186072 -0.0145155797 -0.0106490469
v 0.0269423798 -0.0168437734 -0.00566383312
v 0.0237510018 -0.0195507146 -0.00932195783
v 0.0244068354 -0.0207948424 -0.00567396032
v 0.0214848146 -0.0240373686 -0.00579751423
v 0.0201872755 -0.0233487561 -0.0103178723
v 0.0180292521 -0.0247479081 -0.011669036
v 0.0180460494 -0.0270587262 -0.00415278133
v 0.0161942281 -0.0275715683 -0.00702502532
v 0.0110418564 -0.0298505127 -0.00708370563
v 0.00650334125 -0.0308834203 -0.00769674079
v 0.00319628534 -0.0319867842 -0.00154184236
v 0.0291396137 -0.014309899 -0.0016692105
v 0.0261168908 -0.0198822338 -0.00168088777
v 0.0160504151 -0.0288384594 0.00132007187
v 0.0185747351 -0.0276032425 0.00392966764
v 0.0112785529 -0.0307244156 0.00122587255
v 0.00648106961 -0.0318102352 0.00192889001
v 0.0234324392 -0.0234789625 0.000465469813
v 0.0210170671 -0.0256663579 0.000770434388
v 0.0025748664 0.0306935161 -0.00656285416
v 0.00665278872 0.0300706998 -0.00576068833
v 0.00920137856 0.0280486792 -0.014572395
v 0.0127066486 0.0258512776 -0.0165572967
v 0.0223655645 0.0214706473 -0.00329846959
v 0.0244938228 0.0178256854 -0.00622509699
v 0.0268784389 0.0137738409 -0.00629297365
v 0.0285107661 0.00972209312 -0.00643159403
v 0.0304458719 0.00552477036 -0.00383797148
v 0.028168533 0.00445680087 -0.00917558931
v 0.031924367 0.00456207804 0.00431106566
v 0.030779928 0.00939592812 0.0040295152
v 0.029385576 0.013094251 0.00385984033
v 0.0266397372 0.0181349386 0.00425494462
v 0.0242955387 0.0213129018 0.00723784976
v 0.021439055 0.023497168 0.000805468066
v 0.021115059 0.0245033465 0.00732291909
v 0.018266106 0.0259579662 0.00134212454
v 0.0162994619 0.0275438223 0.00378661603
v 0.0121730249 0.0296355709 0.00670602173
v 0.0122880321 0.0290578734 0.00140023511
v 0.00506040361 0.0313984379 0.0069370144
v 0.029871475 0.00997572765 -0.00148958107
v 0.0280074123 0.0142320376 -0.00158567517
v 0.0255798027 0.018219173 -0.00162604416
v 0.00377214258 0.0291708466 -0.0165128764
v 0.0192148704 0.0200192463 -0.0153083149
v 0.00869567227 -0.0285734516 -0.0164742768
v 0.00393277267 -0.0300883055 -0.0145691512
v 0.0195551645 -0.0204430763 -0.0162163768
v 0.0137415817 -0.0268714633 -0.0144220311
v 0.0217269938 -0.0204381049 -0.0472326018
v 0.0195497666 -0.0218122974 -0.0473002121
v 0.0148312189 -0.015980389 -0.0396658815
v 0.0119978441 -0.0196125712 -0.0399847329
v 0.0175214596 -0.0115424013 -0.0415632427
v 0.0179629475 -0.00732575078 -0.0409336872
v 0.0197519083 -0.00524431327 -0.0430838279
v 0.017812714 -0.00332556851 -0.0394171104
v 0.017772194 0.00176498678 -0.0391857177
v 0.0185619108 -0.0026853194 -0.0413552076
v 0.0257201027 -0.00918707531 -0.047889363
v 0.0216925628 -0.00584982103 -0.0449485779
v 0.0293059014 -0.020083826 -0.0504783951
v 0.00470532337 -0.022744026 -0.0416911244
v 0.0204836167 -0.0110559082 -0.0444223098
v 0.0177693218 -0.0160831064 -0.0436180383
v 0.0164327864 -0.0120797995 -0.0390647613
v 0.0160082579 -0.0162715204 -0.042041
v 0.0149356415 -0.0195576679 -0.0439888574
v 0.0153920241 -0.0208991859 -0.0455134362
v 0.0126052331 -0.0217482373 -0.0459154136
v 0.0108506475 -0.0216556452 -0.0448611528
v 0.0132247284 -0.019536145 -0.0423988998
v 0.00945093296 -0.0217252877 -0.0434946865
v 0.00954773091 -0.0213945545 -0.0409174375
v 0.00871831272 -0.0218576994 -0.0388925746
v 0.0247277599 -0.0195965823 -0.0481719002
v 0.0206929017 -0.0181510895 -0.0459688753
v 0.0253479462 -0.0161377881 -0.0480074175
v 0.0185934082 0.00545560988 -0.0416212082
v 0.00860261545 0.0258253142 -0.0459525809
v 0.0217040181 0.0093491422 -0.045125667
v 0.0199346747 0.00942152366 -0.043652501
v 0.013018406 0.0210518222 -0.0399353802
v 0.00615605339 0.0257416517 -0.043139562
v 0.0282342564 0.0212249178 -0.049802389
v 0.0257487092 0.0149190957 -0.0480462052
v 0.0217834059 0.0212887004 -0.0467184931
v 0.0204935279 0.0232924465 -0.0466784984
v 0.0180251859 0.0154025992 -0.0429549925
v 0.0197910126 0.0157372802 -0.0445109047
v 0.0155659579 0.0246164948 -0.0459596142
v 0.0167975985 0.0224785674 -0.0449643657
v 0.0101619316 0.0236409605 -0.0398822352
v 0.0111532733 0.0235297829 -0.0416739471
v 0.0130535588 0.0251369625 -0.0457743779
v 0.0112357531 0.0249036569 -0.0446037129
v 0.0083799921 0.0250323396 -0.0424324609
v 0.0174463149 0.0102284066 -0.0402916111
v 0.0164512433 0.0166211464 -0.0416778848
v 0.0149556827 0.0218684953 -0.0434976965
v 0.0160446819 0.0151890637 -0.0394545831
v 0.0135740088 0.0217968207 -0.0420924127
v 0.00577723887 0.0232942738 -7.23863236e-09
v 0.0112147657 0.021218596 4.83731899e-09
v 0.0159927402 0.0178950354 7.61640306e-10
v 0.0198301654 0.0135190478 9.33301769e-10
v 0.0225013588 0.00834797695 -5.17717957e-09
v 0.0238492265 0.00268596993 3.19736765e-10
v 0.0237944946 -0.00313401385 3.95236022e-09
v 0.0223403852 -0.0087696733 5.50705792e-09
v 0.0195724145 -0.0138895828 3.13965254e-09
v 0.0156533718 -0.0181926358 -6.51601928e-09
v 0.0108137373 -0.0214257557 1.6521281e-09
v 0.00533813611 -0.0233988073 7.00441349e-09
v 0.0221106336 0.0262120981 -0.0490632914
v 0.0230069719 0.0297125652 -0.0494571999
v 0.00428627105 0.0262132809 -0.0506011881
v -0.00643993728 0.0262125172 -0.102998927
v -0.000867327733 0.0262130741 -0.107481837
v 0.00898010656 0.0262124669 -0.11145702
v 0.0365214199 0.0262125339 -0.0567577034
v 0.0125396503 0.0262136459 -0.0487022698
v 0.0304079 0.0262125079 -0.052699782
v 0.0193581507 0.026212493 -0.111997515
v -0.00797024276 0.026212329 -0.102040552
v 0.0431358777 0.0262125395 -0.0647729933
v 0.0293502118 0.0262125116 -0.109141968
v -0.0112042483 0.0262124278 -0.0977870449
v -0.00494572241 0.0262112133 -0.0561241731
v -0.0102951368 0.0262124315 -0.0620673336
v -0.014379425 0.0262124203 -0.0696290508
v 0.0378754474 0.0262125302 -0.103199281
v 0.0440116376 0.0262125451 -0.094812341
v 0.04709512 0.0262125526 -0.0848882571
v -0.0160162263 0.0262124147 -0.077087678
v -0.0159089286 0.0262124091 -0.0856812522
v -0.0137129929 0.026212411 -0.0929948092
v 0.0467922799 0.0262125507 -0.074500598
v 0.0372135267 0.0297125354 -0.0573775433
v 0.0336726457 0.0297124926 -0.0587168187
v 0.00807592925 0.0297124647 -0.111243464
v 0.0112463376 0.0297124535 -0.108497612
v 0.0332373567 0.0297124237 -0.10371089
v 0.0336672403 0.0297126472 -0.102424383
v 0.0376759879 0.0297125094 -0.0984851718
v 0.0376118235 0.029712718 -0.0627255514
v 0.0334347822 0.0297126397 -0.0613374524
v 0.0107975444 0.0297124721 -0.0520356484
v 0.0109432926 0.0297124721 -0.0539528802
v 0.00919186417 0.029712528 -0.055617623
v 0.00773091288 0.0297125652 -0.105553247
v 0.010141951 0.0297125783 -0.106109038
v 0.033368364 0.0297126565 -0.100057438
v 0.0350552164 0.0297126193 -0.0982473195
v 0.0352449007 0.0297126621 -0.063024424
v 0.00583051424 0.029712582 -0.10699556
v 0.00449780189 0.0297122411 -0.107265972
v 0.0330888852 0.0297125187 -0.107043564
v 0.0273135006 0.0297124926 -0.107298657
v 0.0264805909 0.0297125056 -0.110233121
v 0.0191596746 0.0297124777 -0.109483555
v 0.0184335504 0.0297124907 -0.112088844
v 0.0122338599 0.0297124032 -0.109349445
v 0.0332451537 0.0297124218 -0.0574883856
v 0.0304078925 0.0297125075 -0.0526997671
v 0.0269924607 0.0297132228 -0.053769242
v 0.0185519699 0.0297110397 -0.0516274385
v 0.0177863017 0.029712487 -0.0486649834
v 0.012378443 0.0297124777 -0.0487850532
v 0.03928525 0.0297125317 -0.101584308
v 0.038903486 0.0297125354 -0.0980579779
v 0.0435816757 0.0297125429 -0.095635891
v 0.0419168212 0.029712541 -0.0931882113
v 0.0469555855 0.0297125522 -0.0858067647
v 0.043744538 0.0297125466 -0.0883196071
v 0.0446733274 0.0297125503 -0.0832028463
v 0.0469582714 0.0297125522 -0.0754147097
v 0.0446733274 0.0297125522 -0.0780024752
v 0.0437445343 0.0297125373 -0.0728857219
v 0.0435894579 0.029712541 -0.0655838251
v 0.0419168212 0.0297125373 -0.0680171102
v 0.0388934128 0.0297125299 -0.0631526709
v -0.00605035061 0.0297127031 -0.0613676794
v -0.00711874058 0.0297123976 -0.0582233071
v -0.000487784477 0.0297124498 -0.0566020496
v -0.00266040047 0.0297124479 -0.0544573441
v 0.00453355396 0.0297125261 -0.0539303459
v 0.0045374753 0.0297124628 -0.0505570993
v 0.00577627448 0.029712433 -0.0541729778
v 0.00735533237 0.0297124647 -0.0554485731
v -0.00130087975 0.029712826 -0.107168883
v -0.000487784564 0.0297124442 -0.104603276
v -0.00446445122 0.0297124386 -0.101357222
v -0.00818166789 0.0297127999 -0.101672269
v -0.00780649018 0.0297124349 -0.0974608809
v -0.0129680559 0.0297124162 -0.0948413685
v -0.0104091838 0.0297124162 -0.0930363163
v -0.0121909855 0.0297124162 -0.0882221833
v -0.0160475746 0.0297124106 -0.0847237557
v -0.0133190341 0.0297124013 -0.0804543942
v -0.0156095512 0.0297124181 -0.0739181414
v -0.0121909864 0.0297124218 -0.0729831308
v -0.0104091847 0.0297124274 -0.0681689978
v -0.0119286859 0.0297124274 -0.0644959733
v 0.0222163051 0.0413528346 -0.0523132384
v 0.0235592108 0.0401483811 -0.0529354922
v 0.0242413301 0.039285101 -0.0543694943
v 0.020693237 0.039314907 -0.0684690252
v 0.0161159094 0.0413922668 -0.0895773098
v 0.0137523822 0.0413857773 -0.0904058069
v 0.007841276 0.0413712747 -0.0558181703
v 0.00439162273 0.0413807966 -0.0571742803
v 0.0184899829 0.0413843058 -0.0700321347
v 0.0113039613 0.0413676053 -0.0535821877
v 0.0181673039 0.0413929187 -0.0673857108
v 0.0201641973 0.0413903669 -0.0884913206
v 0.0109093226 0.0413010977 -0.052014906
v 0.0154212033 0.0414124839 -0.051605016
v -0.00725905132 0.0413777567 -0.0684536397
v -0.00354222744 0.0413797237 -0.0631303489
v -0.0101692062 0.0413778238 -0.0783728361
v -0.00986323133 0.0413833596 -0.0853296444
v -0.00912065618 0.0413904302 -0.0731353536
v -0.0076744915 0.0413694084 -0.0919508338
v 0.0115936166 0.0413862988 -0.0925520435
v 0.0224662442 0.0413885936 -0.0745792091
v 0.0231929254 0.041388046 -0.0857010484
v -0.00357631012 0.0413883701 -0.0971762836
v 0.0239946619 0.0413884968 -0.0770196095
v 0.024797136 0.0413782932 -0.0800565705
v 0.0107561741 0.0381328613 -0.0987663865
v -0.00438188855 0.0391201004 -0.0999365896
v -0.0050619822 0.0347311459 -0.10077513
v -0.00562459044 0.0383933038 -0.100171611
v 0.0240059718 0.0347710811 -0.0528479777
v 0.0246540308 0.0352566764 -0.0535475276
v 0.024740316 0.0362732634 -0.0546653681
v 0.0417788066 0.0377016403 -0.0822987929
v 0.0413997062 0.0376933068 -0.0755729303
v 0.0392421782 0.037701264 -0.0919346437
v 0.0409337096 0.0376941375 -0.0873303264
v 0.0366855487 0.0376956128 -0.0961065665
v 0.0366402827 0.0376978219 -0.0650462359
v 0.0344032347 0.0377239063 -0.0625728443
v 0.0391034633 0.0377018154 -0.0689942166
v 0.0143774496 0.0376932435 -0.106660612
v 0.030142663 0.0377019644 -0.102371939
v 0.0338189267 0.0377230607 -0.0992174447
v 0.0209374074 0.037702281 -0.10612794
v 0.0252673775 0.037696708 -0.104835309
v -0.00101939531 0.0381669179 -0.0998435989
v -0.000956969918 0.0377256796 -0.10052608
v 0.00494726747 0.0376962461 -0.10428369
v 0.0086890962 0.0377247818 -0.105523728
v 0.0246071629 0.0377495103 -0.0562004
v 0.0239663534 0.0381730422 -0.056432426
v 0.0332442187 0.0377018005 -0.0612402111
v 0.0335480608 0.037666209 -0.06152834
v 0.0285049062 0.0376976915 -0.0578820892
v 0.0194786061 0.0413750708 -0.0719108358
v 0.0243800171 0.0413744189 -0.0832128376
v 0.0103120068 0.041398 -0.0958732963
v -0.00492051896 0.041382134 -0.0963270962
v 0.000227177632 0.0413684919 -0.0597289018
v 0.00868625753 0.0411072485 -0.055721581
v 0.0110458024 0.0409881659 -0.0532959439
v 0.0103058573 0.0411391966 -0.0549662635
v 0.00979340542 0.0413897745 -0.0556590669
v 0.0107717896 0.0377350003 -0.0994260162
v 0.0125945555 0.0381472632 -0.0975413918
v 0.0132567929 0.0377360024 -0.0978227258
v 0.014332518 0.0377688929 -0.0945741087
v 0.0134794302 0.0382296368 -0.0955669582
v 0.0160801206 0.0377699211 -0.0929746926
v 0.0144134024 0.0381046683 -0.0936197639
v 0.0160383116 0.0383038521 -0.0924444273
v 0.0190784391 0.0382307284 -0.0919025913
v 0.0222657658 0.0377658568 -0.0700331405
v 0.0219294075 0.0382537693 -0.0704490468
v 0.0242985412 0.0382119715 -0.0724561587
v 0.0262437873 0.0377575681 -0.0739611015
v 0.0280769318 0.0378255695 -0.0798028633
v 0.0286481809 0.037713673 -0.0807165727
v 0.0270162635 0.0378228538 -0.085508436
v 0.0255861282 0.037750572 -0.0882343054
v 0.0207422823 0.0377665199 -0.091985397
v 0.0220197588 0.0382085331 -0.0906029791
v 0.0240155887 0.0382024534 -0.0890067369
v 0.0254661087 0.0382036455 -0.0873340368
v 0.0269351397 0.0382146388 -0.0844103768
v 0.0275454335 0.0382213667 -0.081240803
v 0.0272818003 0.0382209644 -0.0780388415
v 0.0261976179 0.0382076427 -0.0750769526
v 0.0215621609 0.0377538726 -0.0674843937
v 0.0210249685 0.0381803215 -0.0678314418
v 0.0212951321 0.0381172858 -0.069190383
v 0.0046390295 0.0384578817 -0.053874936
v 0.00591420894 0.0392757915 -0.0542554744
v 0.00592162693 0.0355681442 -0.106961161
v 0.00437982287 0.034705244 -0.107302949
v 0.012034839 0.0347840413 -0.109290875
v 0.0111692874 0.0355759226 -0.108357847
v 0.03368292 0.0355677195 -0.102327481
v 0.0333367698 0.0347923003 -0.103604898
v 0.0380297303 0.0351576284 -0.0985198468
v 0.0375162885 0.0355689302 -0.0627097338
v 0.0327003673 0.0346934572 -0.056995362
v 0.0337073207 0.035157226 -0.0583630875
v 0.035266012 0.0375663266 -0.0981439427
v 0.0358917639 0.0370574445 -0.0630955324
v 0.0438927449 0.0347079635 -0.0878401995
v 0.0423628651 0.0347119868 -0.0922850594
v 0.0394815169 0.0346949697 -0.0974057391
v 0.0447442718 0.0347110592 -0.0829153433
v 0.0444992781 0.0347094052 -0.0758471116
v 0.0423918515 0.0347094871 -0.0689857379
v 0.0390595347 0.0347244292 -0.0632161498
v 0.0103365714 0.0375664197 -0.106239595
v 0.033297237 0.0370574445 -0.100704305
v 0.0160168633 0.0347114615 -0.10962069
v 0.0211708806 0.0347054377 -0.109146088
v 0.028095318 0.0347054824 -0.106980026
v 0.0266888887 0.0346919894 -0.0536442436
v -0.000333901378 0.0383987948 -0.056414362
v -0.00856385753 0.0384136848 -0.0964023098
v -0.0049064206 0.0384115577 -0.0602316894
v -0.00942023192 0.0384199545 -0.0661001578
v -0.0122474357 0.0384046957 -0.0729727298
v -0.0131894527 0.0384098664 -0.0789055005
v -0.0128204217 0.0384091698 -0.0858916044
v -0.0108989757 0.0384103954 -0.0920155942
v 0.00713352533 0.0370584019 -0.105815932
v -0.00131480023 0.0347219333 -0.104049161
v 0.0217973702 0.0392777771 -0.0706295371
v 0.0257246215 0.0392325483 -0.0745563284
v 0.0272454824 0.0392399281 -0.0789536387
v 0.0271446966 0.0392486192 -0.0826926529
v 0.0258226767 0.0392309874 -0.0864313841
v 0.0230564624 0.0392475426 -0.0895678997
v 0.0199660081 0.0392455831 -0.0913951173
v 0.0161089879 0.0392696783 -0.0921868682
v 0.0146354856 0.0393335745 -0.0929747149
v 0.0136395348 0.0392726436 -0.0942856595
v 0.0124192564 0.0393506959 -0.0973419249
v 0.0106678838 0.0392859913 -0.0985165238
vn 0.9999701 0.0003312977 0.007733977
vn 0.9999962 -0.0005420588 0.002693095
vn 0.9999958 0.0001649449 0.002889747
vn 0.9999999 -0.0001985503 0.0004620133
vn 1 -7.604012e-05 0.000110921
vn 1 -8.510006e-05 1.006669e-05
vn 1 0.0001017611 -8.121066e-05
vn 0.9999999 0.000230742 -8.483206e-05
vn 0.9999999 0.000105882 -0.0005770223
vn 1 -6.580965e-05 7.997789e-05
vn 1 -2.224374e-05 -9.896153e-05
vn 1 4.669227e-06 -4.40367e-05
vn 1 -5.485494e-05 -8.039137e-05
vn 1 6.663863e-05 8.005106e-05
vn 1 0.0001411569 0.00034297
vn 1 2.983431e-05 2.221054e-05
vn 0.9999993 -0.0004479075 0.001109042
vn 1 -1.483164e-05 2.356914e-05
vn 1 5.868675e-05 -0.0001337445
vn 0.870563 2.01998e-06 0.4920569
vn 0.8716618 -9.009429e-05 0.4901078
vn 0.870593 -4.922614e-07 0.4920038
vn 0.8716912 -9.25623e-05 0.4900555
vn -0.1024106 -0.9938399 0.04235958
vn -0.2612996 -0.9631155 0.06427484
vn -0.299738 -0.9532719 0.03781261
vn -0.3878341 -0.9205192 0.04721303
vn -0.6964208 -0.4868984 -0.5271888
vn -0.6676953 -0.3742367 -0.6435292
vn -0.6363501 -0.3548313 -0.6849477
vn -0.5722824 -0.2399814 -0.7841567
vn -0.3486917 0.003455593 -0.9372312
vn -0.2170406 -0.001118317 -0.976162
vn -0.3585159 -0.05703399 -0.9317798
vn -0.48444 -0.08918355 -0.8702668
vn -0.5171592 0.001461114 -0.855888
vn -0.6143657 -0.1381279 -0.7768368
vn -0.6378869 0.008942844 -0.7700781
vn -0.9891664 -0.1195626 -0.08517493
vn -0.9975302 0.02513934 -0.06558637
vn -0.9869201 -0.05836025 -0.1502763
vn -0.7477145 -0.6585393 -0.08514121
vn -0.8109409 -0.5781783 -0.08991478
vn -0.8493866 -0.5263698 -0.03843404
vn -0.9667519 -0.249637 -0.05542602
vn -0.9480236 -0.3157431 -0.03946612
vn -0.9822444 -0.185917 -0.02511847
vn -0.9972473 -0.07075842 -0.02216111
vn -0.9996285 -0.02138822 -0.0168924
vn -0.2031659 -0.959901 -0.1931674
vn -0.2860186 -0.9507985 -0.1190621
vn -0.1149198 -0.9854655 -0.1251039
vn -0.07530341 -0.9702507 -0.2300935
vn -0.1026128 0.002582014 -0.9947181
vn 0.02246977 -6.568731e-05 -0.9997475
vn -0.02392199 -0.007633219 -0.9996847
vn -0.2120037 -0.04096911 -0.9764097
vn -0.5367852 -0.2326997 -0.8109947
vn -0.4635688 -0.1788926 -0.8678142
vn -0.457715 -0.1458908 -0.8770478
vn -0.3533823 -0.09778125 -0.9303546
vn -0.2079006 -0.03332205 -0.9775822
vn -0.6348137 -0.772181 -0.02735169
vn -0.8933145 -0.3105269 -0.3249035
vn -0.838663 -0.4687462 -0.2773471
vn -0.8799905 -0.441856 -0.1742982
vn -0.5292075 -0.8482271 0.02121417
vn -0.7433868 -0.6684923 -0.02222893
vn -0.7762615 -0.617216 -0.1283059
vn -0.8761089 -0.03106359 -0.4811113
vn -0.8613697 -0.1778716 -0.4758192
vn -0.9280194 -0.1582685 -0.3372404
vn -0.9456634 -0.2444623 -0.21438
vn -0.8695937 -0.4831876 -0.1016682
vn -0.8161538 -0.5778338 0.0009806438
vn -0.7373469 -0.6754459 -0.009610806
vn -0.628925 -0.7773564 -0.01305391
vn -0.4552408 -0.8892586 -0.0444397
vn -0.2724611 -0.961466 -0.03671712
vn -0.1207637 -0.992669 -0.004929245
vn -0.971545 -0.02883295 -0.2350939
vn -0.9420031 -0.02233348 -0.3348602
vn -0.9498487 -0.2805674 -0.1380926
vn -0.916074 -0.3935406 -0.07703412
vn -0.8764901 -0.4807205 -0.02594023
vn -0.6018374 -0.7916654 -0.1051554
vn -0.7472752 -0.2134589 -0.6292973
vn -0.7138957 -0.01008917 -0.7001793
vn -0.7901699 -0.0597945 -0.609964
vn -0.4181367 -0.9034537 -0.09451544
vn -0.02505439 -0.9994982 -0.01938264
vn -0.01638695 -0.9956276 -0.09196297
vn -0.02045808 -0.9767849 -0.2132434
vn -0.8282899 -0.332342 -0.4510927
vn -0.6650523 -0.2908743 -0.6878209
vn -0.7831705 -0.4707734 -0.4062221
vn -0.7608327 -0.5930861 -0.263406
vn -0.3487109 -0.9368021 -0.02832608
vn -0.7346817 -0.3787822 -0.5628205
vn -0.7260519 -0.4784482 -0.4938988
vn -0.7301595 -0.5724139 -0.3731079
vn -0.4140772 -0.9042698 -0.1040969
vn 0.4271556 9.686149e-07 -0.9041781
vn 0.4271563 9.731615e-07 -0.9041778
vn 0.3439552 9.222388e-07 -0.938986
vn 0.3439559 7.801954e-07 -0.9389858
vn 0.1660845 -0.001133077 -0.9861108
vn 0.1629308 0.006450035 -0.9866164
vn -0.02230327 0.007338816 -0.9997243
vn -0.06384952 -0.001265632 -0.9979587
vn -0.0009646795 -0.9999994 0.0005425022
vn -0.01063098 -0.9999313 -0.004936542
vn -0.0005323269 -0.9999995 -0.0008025423
vn -0.01428633 -0.9996577 -0.02191984
vn -0.0007134362 -0.9999991 -0.001118122
vn -0.02102206 -0.9991833 -0.03450893
vn -1.455593e-05 -1 -1.925578e-06
vn -1.472801e-05 -1 1.622407e-06
vn -8.412963e-07 -1 3.400883e-06
vn -3.985362e-05 -1 -0.0001726133
vn 0.0001051453 -0.9999998 -0.0004689563
vn -5.093435e-05 -1 -5.884394e-05
vn -0.000340307 -1 7.834603e-05
vn -2.113673e-05 -0.9999999 -4.294823e-06
vn 0.005224378 -0.999982 0.002937484
vn 1.819191e-05 -0.9999999 0.0003292045
vn 5.444611e-05 1 -6.843937e-06
vn 4.44996e-05 0.9999999 -0.0003628822
vn -0.3584227 0.9319869 -0.05416239
vn -5.706113e-06 1 -7.008623e-06
vn 0.0002200094 0.9999998 -0.0006286288
vn -7.736016e-05 0.9999997 0.0007136384
vn -0.000105782 0.9999999 -0.0003431693
vn -0.07748812 0.9963466 0.03590446
vn -0.007370905 0.9999704 0.002204929
vn 0.0004157505 0.9999998 0.000627828
vn -0.2824371 0.959065 0.02058278
vn -0.1536246 0.9871307 0.04441293
vn 8.63371e-06 1 -2.95243e-06
vn 8.614258e-06 1 -5.886643e-06
vn 8.225322e-06 1 -9.15847e-06
vn -1.83457e-06 1 3.704612e-08
vn -1.752946e-06 1 7.107192e-08
vn -2.002902e-06 1 -7.750581e-07
vn -0.0001810178 0.9999996 -0.000839524
vn -0.0001082286 0.9999999 -0.0004719377
vn -1.472293e-06 1 0
vn -1.608072e-06 1 -2.697368e-06
vn 4.747727e-06 1 -1.229617e-05
vn -0.0001318717 0.9999994 0.001040317
vn 8.224551e-06 1 -2.228645e-07
vn -5.511234e-06 1 -2.292551e-06
vn -1.25485e-06 1 7.983793e-07
vn -1.182802e-06 1 0
vn -0.2922853 0.9465086 -0.1367136
vn -0.1317351 0.9870353 -0.09169122
vn -0.1116309 0.9825016 -0.1490943
vn -0.05977118 0.9914856 -0.1156885
vn -0.2566421 0.9640627 -0.06868708
vn -0.7198153 0.6880133 -0.092215
vn -0.5533926 0.8300775 -0.06876089
vn -0.5220791 0.8446801 -0.1181058
vn -0.3894352 0.9193061 -0.05671403
vn -0.9317632 0.3605358 -0.04279211
vn -0.9710218 0.2388963 -0.006727253
vn -0.913411 0.4053275 -0.03728491
vn -0.8310662 0.5539496 -0.04968696
vn -0.7095777 0.7032873 -0.04343335
vn -0.9668484 0.2536271 -0.02962083
vn -0.9921672 0.1241301 -0.01400368
vn -0.9950922 0.09887823 -0.003812732
vn -0.9998083 -0.01867745 -0.005881556
vn -0.6267644 0.7784546 -0.03427842
vn -0.7376631 0.672802 -0.05648507
vn -0.6467767 0.7576388 -0.08754117
vn -0.5559912 0.8264238 -0.0888678
vn -0.4295948 0.9024183 -0.03300908
vn -0.4241091 0.9005274 -0.09582208
vn -0.2630427 0.9581954 -0.1125607
vn -0.2165147 0.975812 -0.03020517
vn -0.08416963 0.9922278 -0.09164884
vn -0.03171586 0.9885113 -0.1477819
vn -0.02487143 0.9977627 -0.06205632
vn -0.8116846 0.5818835 -0.05079141
vn -0.8678204 0.4949568 -0.04365245
vn -0.7453684 -0.6618048 -0.08025181
vn -0.8628055 -0.5012237 -0.06588985
vn -0.7885672 -0.6008474 -0.1309353
vn -0.6743661 -0.7236277 -0.1469466
vn -0.5936021 -0.8024266 -0.06122123
vn -0.9696748 -0.243674 -0.01880671
vn -0.9317768 -0.3594343 -0.05097846
vn -0.9141768 -0.405304 -0.003089762
vn -0.8085307 -0.5883104 -0.01300061
vn -0.6877002 -0.725822 -0.01583784
vn -0.2184953 -0.9752913 -0.03265734
vn -0.259531 -0.9621846 -0.08273141
vn -0.1099998 -0.9924898 -0.05351633
vn -0.09742538 -0.9862991 -0.1331253
vn -0.04634044 -0.9973702 -0.05572448
vn -0.02240653 -0.9891201 -0.1453943
vn -0.04446179 -0.9698373 -0.2396639
vn -0.09608965 -0.9680707 -0.2315296
vn -0.1866954 -0.9476463 -0.2590585
vn -0.3276137 -0.9116352 -0.2481743
vn -0.4695437 -0.8541758 -0.2234109
vn -0.6354868 -0.7524013 -0.1733458
vn -0.9916382 -0.1289914 -0.003846362
vn -0.9078363 -0.4135762 -0.06919552
vn -0.2336672 -0.9512153 -0.2014677
vn -0.3895785 -0.902106 -0.1855619
vn -0.5477381 -0.8208905 -0.1616223
vn -0.4318472 -0.9014348 -0.03038445
vn -0.4280626 -0.8983598 -0.0985495
vn -0.03818204 -0.9768326 0.2105708
vn -0.03981925 -0.8880544 0.4580107
vn -0.08585598 -0.9702228 0.2264872
vn -0.179729 -0.8741438 0.4511874
vn -0.2541353 -0.94361 0.212168
vn -0.4353759 -0.7688915 0.4682453
vn -0.4172096 -0.8806712 0.224398
vn -0.8450725 -0.4675954 0.2592433
vn -0.7528783 -0.6097857 0.2476606
vn -0.733851 -0.4641994 0.4959654
vn -0.628973 -0.6086942 0.4836159
vn -0.6067538 -0.7547094 0.2495269
vn -0.8811712 -0.3918742 0.264522
vn -0.8200399 -0.2839738 0.4968837
vn -0.9332545 -0.255225 0.2527767
vn -0.8797518 -0.04737198 0.4730674
vn -0.9553253 -0.1449107 0.2575936
vn -0.9751306 -0.002485292 0.2216173
vn -0.2711148 0.9245245 0.2678637
vn -0.4026165 0.8809173 0.2487664
vn -0.4075354 0.7740895 0.484459
vn -0.9302349 0.2708251 0.2476221
vn -0.964476 0.1158931 0.2373919
vn -0.8708708 0.1423785 0.4704387
vn -0.8148116 0.3521179 0.4605378
vn -0.8579775 0.4480684 0.2512156
vn -0.6417358 0.5867178 0.4939003
vn -0.6968338 0.6714187 0.2522294
vn -0.7929537 0.5392846 0.2835427
vn -0.5705733 0.7686864 0.2890802
vn -0.1676446 0.8656698 0.4717107
vn -0.1130387 0.9665402 0.2302656
vn -0.05637699 0.8802983 0.471059
vn -0.04784122 0.9719706 0.2301832
vn -1.074776e-05 4.652035e-06 1
vn 5.992965e-05 -3.595239e-05 1
vn 1.081338e-05 -2.805009e-05 1
vn 9.595725e-05 1.837267e-05 1
vn 7.887984e-05 4.281162e-05 1
vn 9.747826e-05 2.233876e-05 1
vn 2.964542e-05 -1.518062e-05 1
vn -1.882077e-05 6.796399e-05 1
vn 3.184644e-05 8.610269e-05 1
vn -2.585461e-05 4.650525e-05 1
vn -5.793596e-05 2.335803e-05 1
vn -1.11055e-05 -3.464485e-05 1
vn -5.170955e-05 -9.886899e-06 1
vn -4.624448e-05 -1.725127e-05 1
vn 1.925791e-05 -2.734537e-05 1
vn 4.827565e-05 -1.087309e-05 1
vn 6.840307e-05 2.318701e-06 1
vn 4.559194e-05 3.229467e-05 1
vn -3.073195e-05 3.3073e-05 1
vn 2.481417e-05 6.480036e-05 1
vn 9.975084e-05 4.56162e-05 1
vn 3.19293e-05 7.257722e-05 1
vn -4.465258e-05 0.0001194374 1
vn -4.616671e-05 0.000215248 1
vn -0.0001139658 0.0001172955 1
vn -0.0002259437 2.644093e-06 1
vn -0.06344576 0.9973118 -0.03665592
vn -0.999397 0.0336309 -0.008633794
vn -0.976809 0.2140885 0.003190044
vn -0.927816 0.3720978 0.02647369
vn -0.9176088 0.3971224 0.01696939
vn -0.8328475 0.5534863 0.004253034
vn -0.7256119 0.6880515 0.008513127
vn -0.5374972 0.8432646 0.001219956
vn -0.2709979 0.9625475 -0.007899053
vn -0.123936 0.9911942 -0.04662381
vn -0.3160211 -0.9484677 -0.02323129
vn -0.9905509 -0.137024 -0.005771797
vn -0.9641106 -0.2654954 0.001717358
vn -0.8287396 0.3550325 -0.4326
vn -0.806512 0.4851279 -0.3379189
vn -0.7591894 0.4656209 -0.4547842
vn -0.9873167 0.1575584 -0.01951857
vn -0.06107987 0.9981273 -0.003317963
vn -0.5380479 0.8419617 0.04006265
vn -0.3778168 0.9241771 0.05613591
vn -0.2699009 0.961474 0.05216498
vn -0.1224729 0.9924717 0.0005181397
vn -0.6848176 0.7277122 0.03820833
vn -0.9800524 0.1328692 -0.1477942
vn -0.8846602 0.09744994 -0.4559383
vn -0.796759 0.08489569 -0.5983042
vn -0.2226902 0.03998861 -0.9740688
vn -0.340898 0.07081564 -0.9374294
vn -0.4362611 0.1471313 -0.8877097
vn -0.5915909 0.8054233 0.03624384
vn -0.6920664 0.7078678 -0.1413054
vn -0.7800935 0.6128014 -0.1262088
vn -0.772692 0.6338595 -0.03419585
vn -0.6915581 0.7209675 0.04419534
vn -0.7423424 0.6023355 -0.2934616
vn -0.723892 0.6234566 -0.2954356
vn -0.7243015 0.5030388 -0.4715287
vn -0.7289555 0.3874588 -0.5643576
vn -0.6586936 0.3273284 -0.6774797
vn -0.4980415 0.1553835 -0.8531182
vn -0.5839637 0.2332794 -0.7775392
vn -0.5688983 0.1993473 -0.7978818
vn -0.6579928 0.2937899 -0.6933491
vn -0.4592176 0.09361224 -0.8833776
vn -0.9580403 0.1637593 -0.2352484
vn -0.9306685 0.1406901 -0.3377312
vn -0.6681959 0.224587 -0.7092778
vn -0.7652714 0.2831829 -0.5780721
vn -0.9842253 0.1620099 -0.07108682
vn -0.9494387 0.3095924 -0.05214156
vn -0.9516272 0.2802443 -0.1259713
vn -0.9236208 0.3207511 -0.2098651
vn -0.9032491 0.2822246 -0.3232496
vn -0.5902358 0.1101047 -0.7996866
vn -0.7013637 0.1420854 -0.6984988
vn -0.7862706 0.1817717 -0.5905402
vn -0.8622517 0.2191522 -0.4566119
vn -0.930856 0.3652413 -0.01028956
vn -0.8900708 0.4474103 -0.08716649
vn -0.7854103 0.618872 0.01131228
vn -0.8453202 0.5340998 -0.01307598
vn -0.8287538 0.5594663 0.01283216
vn -0.9018951 0.4307157 -0.03269983
vn -0.8582498 0.4871369 -0.1615699
vn -0.8503802 0.4369888 -0.2930773
vn -0.779321 0.5702608 -0.2597334
vn 0.2480743 0.9687409 -4.062809e-06
vn 0.1226093 0.9924549 -9.234342e-06
vn 0.1226532 0.9924496 -1.049031e-06
vn 0.2480952 0.9687357 2.012826e-08
vn 0.4889987 0.8722845 6.286847e-09
vn 0.4889967 0.8722857 3.015233e-08
vn 0.700362 0.7137877 -2.117489e-08
vn 0.7003604 0.7137895 -8.822835e-09
vn 0.8628434 0.5054714 -4.541085e-09
vn 0.862842 0.5054737 1.948912e-08
vn 0.9651019 0.2618745 9.155796e-09
vn 0.965101 0.2618779 2.147027e-09
vn 1 7.17776e-07 -1.001304e-09
vn 1 3.885569e-06 -2.451664e-08
vn 0.9651021 -0.2618738 -4.24964e-08
vn 0.965103 -0.2618706 -1.556975e-08
vn 0.8628442 -0.50547 7.426681e-09
vn 0.8628462 -0.5054666 -5.209956e-09
vn 0.700363 -0.7137868 2.741501e-08
vn 0.7003664 -0.7137835 1.555733e-07
vn 0.4889997 -0.8722839 2.477458e-07
vn 0.489003 -0.8722821 1.673196e-07
vn 0.2480976 -0.968735 1.016195e-07
vn 0.2480796 -0.9687396 -4.139921e-06
vn 0.1226566 -0.9924492 -1.203946e-06
vn 0.1226143 -0.9924544 -9.077095e-06
vn 1.947133e-06 -1.836095e-07 1
vn -2.792776e-07 9.16409e-08 1
vn 8.787835e-07 -1.101656e-07 1
vn -3.827344e-07 1.171918e-07 1
vn -3.087573e-07 1.07511e-07 1
vn -4.08977e-08 1.973891e-07 1
vn 7.147024e-08 2.490131e-07 1
vn -7.5706e-07 -2.02501e-07 1
vn 2.078164e-06 4.372698e-07 1
vn 1.673912e-06 4.372722e-07 1
vn -2.510337e-06 -1.203409e-07 1
vn -4.48435e-09 -1.203311e-07 1
vn -1.047786e-06 -3.133071e-07 1
vn 1.291859e-05 -1 -8.641565e-05
vn 0.0002981179 -0.9999999 -9.197882e-05
vn -0.0001814662 -0.9999999 -0.0003314999
vn -6.611607e-05 -1 -9.148205e-05
vn 2.810127e-05 -1 -0.0001145655
vn -0.0003180072 -0.9999999 7.854117e-05
vn 2.574125e-05 -1 6.897098e-05
vn -0.0007580166 -0.9999996 -0.0002143157
vn -1.560392e-07 -1 -1.902669e-07
vn 6.08041e-06 -1 1.020881e-06
vn 4.231006e-06 -1 -2.83714e-06
vn 4.123037e-05 -1 0.0001199977
vn 2.290129e-06 -1 -3.778262e-06
vn -0.0001082889 -1 5.182557e-05
vn -2.3203e-07 -1 -1.933759e-07
vn 1.632825e-07 -1 1.178536e-07
vn 5.444377e-07 -1 4.056154e-07
vn 5.649929e-07 -1 4.002351e-07
vn 2.419225e-07 -1 5.114965e-07
vn 2.396464e-07 -1 2.47429e-07
vn 2.314566e-07 -1 -1.471234e-07
vn 2.251308e-07 -1 -2.274478e-07
vn -2.601346e-07 -1 0
vn -8.64164e-06 -1 2.26428e-06
vn 5.80097e-08 -1 4.780314e-07
vn -1.716188e-05 -1 1.273595e-05
vn 5.864495e-06 -1 -1.481253e-07
vn -2.28431e-07 -1 -3.77194e-07
vn 2.349688e-07 -1 4.715132e-07
vn 1.519501e-07 -1 3.763983e-07
vn 1.31869e-07 -1 3.435985e-07
vn 1.129391e-08 -1 3.826192e-07
vn -6.497391e-07 -1 -1.552672e-07
vn -7.285842e-07 -1 -6.649274e-07
vn -5.983129e-07 -1 -6.709977e-07
vn -0.350503 -8.949496e-05 0.9365616
vn -0.3540516 -0.0007807869 0.9352255
vn -0.2332689 -0.0003482674 0.9724122
vn -0.2314574 9.272775e-09 0.972845
vn 0.006659563 -1.676113e-08 0.9999778
vn 0.006659098 -1.342101e-08 0.9999778
vn 0.2366515 1.972228e-08 0.9715946
vn 0.2366527 1.428956e-07 0.9715943
vn 0.4539366 1.238312e-07 0.8910339
vn 0.4539362 2.653528e-08 0.8910341
vn 0.6468425 -8.182209e-09 0.7626237
vn 0.6468422 -1.107637e-07 0.762624
vn 0.8050117 -1.280186e-07 0.5932589
vn 0.8050119 1.722608e-08 0.5932586
vn 0.9199509 -6.646928e-08 0.3920337
vn 0.9199504 1.017806e-07 0.3920346
vn 0.9854861 0 0.1697562
vn 0.9854859 0 0.1697574
vn 0.9980987 0 -0.06163718
vn 0.9980986 0 -0.06163675
vn 0.9571113 0 -0.2897205
vn 0.9571113 0 -0.2897204
vn 0.8647243 0 -0.5022469
vn 0.8647255 -1.006418e-07 -0.5022448
vn 0.7201936 -1.122087e-07 -0.6937732
vn 0.7189622 0.0003262376 -0.695049
vn 0.6281963 8.363834e-05 -0.7780549
vn 0.6254263 0.0007314438 -0.7802829
vn -3.975699e-06 1.137994e-07 1
vn 2.66961e-06 -2.852594e-07 1
vn -0.2588205 -4.067464e-06 0.9659255
vn -0.2588148 -4.067464e-06 0.965927
vn -0.5000024 -4.256713e-07 0.866024
vn -0.4999973 0 0.8660269
vn -0.7071092 0 0.7071044
vn -0.7071048 0 0.7071089
vn -0.8660269 0 0.4999973
vn -0.8660237 0 0.5000029
vn -0.9659268 0 0.2588153
vn -0.9659252 0 0.2588216
vn -1 0 -3.109755e-06
vn -1 0 3.444649e-06
vn -0.9659249 0 -0.2588225
vn -0.9659266 0 -0.2588162
vn -0.8660235 0 -0.5000033
vn -0.8660269 0 -0.4999974
vn -0.7071044 0 -0.7071092
vn -0.7071092 0 -0.7071044
vn -0.4999967 0 -0.8660273
vn -0.5000024 -1.064172e-07 -0.866024
vn -0.2588152 -1.74369e-07 -0.9659268
vn -0.2588233 -3.340485e-07 -0.9659246
vn 3.052341e-06 5.320908e-08 -1
vn -3.66951e-06 -1.862309e-07 -1
vn 0.2588227 -1.779469e-06 -0.9659249
vn 0.2588163 -1.939095e-06 -0.9659266
vn 0.5000023 -1.658835e-06 -0.866024
vn 0.4999965 -1.485909e-06 -0.8660274
vn 0.7071085 -1.638746e-07 -0.707105
vn 0.707104 -1.755135e-08 -0.7071096
vn 0.8660271 0 -0.4999971
vn 0.8660238 0 -0.5000027
vn 0.9659268 0 -0.2588156
vn 0.9659251 0 -0.258822
vn 1 0 2.994931e-06
vn 1 0 -3.521196e-06
vn 0.9659249 0 0.2588226
vn 0.9659265 -1.596267e-07 0.2588163
vn 0.8660238 -1.66567e-06 0.5000026
vn 0.8660269 -1.639059e-06 0.4999974
vn 0.7071046 -1.335769e-07 0.7071089
vn 0.7071093 -2.433229e-07 0.7071043
vn 0.4999979 -3.038701e-06 0.8660266
vn 0.5000033 -2.988802e-06 0.8660235
vn 0.2588161 -3.458572e-07 0.9659266
vn 0.2588221 2.660441e-08 0.965925
vn 4.335455e-08 -1 2.663854e-08
vn 2.080376e-07 -1 1.842777e-07
vn -1.173718e-07 -1 -2.842306e-07
vn 6.70145e-08 -1 -7.656908e-08
vn 1.489365e-07 -1 -6.195588e-08
vn 1.144171e-13 -1 1.479182e-06
vn 3.509652e-07 -1 -1.107575e-06
vn -5.215593e-08 -1 -6.414469e-08
vn 2.517772e-12 -0.9999999 -5.280151e-06
vn -1.317476e-06 -1 -1.232512e-06
vn 8.256718e-07 -1 1.572249e-06
vn -1.342584e-06 -1 -1.349328e-06
vn -1.342584e-06 -1 -1.32004e-06
vn 1.253976e-07 -1 1.492956e-07
vn 1.430272e-07 -1 -6.910744e-08
vn 5.488927e-07 -1 3.227086e-07
vn -1.160659e-07 -1 2.059846e-07
vn 1.147471e-07 -1 2.798934e-09
vn -3.953738e-07 -1 -1.074572e-08
vn 3.062608e-07 -1 -1.347286e-08
vn -9.642136e-09 -1 -1.349383e-07
vn -5.74635e-07 -1 7.792838e-08
vn -2.399936e-07 -1 3.180045e-08
vn -1.913469e-07 -1 1.30509e-07
vn -0.9516726 9.354867e-05 -0.3071146
vn -0.9508825 -2.109766e-06 -0.3095522
vn -0.9875106 0.0001798377 -0.1575527
vn -0.9876618 1.791002e-05 -0.1566018
vn -1 -4.223993e-07 -3.299867e-05
vn -1 -8.489642e-06 2.493944e-05
vn -1 -3.053144e-05 4.941695e-05
vn -1 -2.208195e-06 5.975758e-05
vn -1 4.506873e-06 6.294966e-05
vn -1 4.598741e-05 0.0001024457
vn -1 4.560307e-05 0.0001472937
vn -1 -2.202626e-06 0.0003377626
vn -0.9999914 0.001171219 0.003981014
vn -0.9999991 0.0003654963 0.001283448
vn -0.9999996 0.0002249591 0.0007917763
vn -0.9999992 -5.064245e-05 -0.001264887
vn -0.9999971 0.0002089113 -0.002370162
vn -1 -1.263179e-06 -5.018353e-05
vn -1 -4.489975e-05 0.0001300629
vn -1 6.794839e-06 -2.636531e-05
vn -0.8653446 -1.96802e-06 -0.5011773
vn -0.8653416 -1.893217e-06 -0.5011826
vn -0.8653445 -1.964123e-06 -0.5011776
vn -0.8653414 -1.889319e-06 -0.5011829
vn 0.06232752 -0.9952111 -0.07530048
vn 0.007748517 -0.9999551 -0.005450809
vn 0.02743255 -0.9994255 -0.01989985
vn 0.7116838 -0.001382222 0.7024987
vn 0.5394879 0.0129147 0.8418943
vn 0.5694532 -0.01647723 0.8218586
vn 0.6322872 -0.002966698 0.7747284
vn 0.7626228 0.003565328 0.6468337
vn 0.8522246 -0.001991854 0.5231722
vn 0.8785939 0.003254676 0.4775587
vn 0.942817 -0.001416216 0.3333076
vn 0.957651 0.003272677 0.2879128
vn 0.9909618 -0.001436899 0.1341366
vn 0.99628 0.003290055 0.08611315
vn 0.9974989 -0.001457786 -0.07066692
vn 0.9928501 0.003306929 -0.119322
vn 0.9621537 -0.001478953 -0.2725034
vn 0.9475064 0.003323082 -0.3197197
vn 0.8816605 -0.001849207 -0.4718807
vn 0.8619081 0.002505634 -0.5070583
vn 0.7257729 -0.00343409 -0.6879258
vn 0.7408749 0.003053991 -0.671636
vn 0.607026 0.001535304 -0.7946805
vn 0.607317 -0.00532587 -0.7944417
vn 0.5450222 1.141292e-06 -0.8384216
vn -0.003569308 -0.9999633 0.007783391
vn -0.001684021 -0.9999981 0.0009821395
vn 4.166687e-06 -0.9999999 1.195555e-05
vn -3.886602e-06 -1 1.411336e-05
vn -1.145047e-05 -1 1.532922e-05
vn -1.315555e-05 -1 1.36229e-05
vn 0.0003573324 -0.9999946 0.003243414
vn 0.0005803627 -0.9999963 0.002666833
vn 0.0005994717 -0.999997 0.002380226
vn 0.0006061991 -0.9999979 0.00197574
vn 0.0003526375 -0.999999 0.001422588
vn -1.714711e-06 -1 7.993506e-07
vn -1.516722e-06 -1 6.085717e-07
vn -5.290783e-08 -1 4.759954e-06
vn -2.184953e-06 -1 6.674319e-06
vn -1.671299e-05 -1 1.310113e-05
vn -0.001251222 -0.9998968 0.01431281
vn 0.06918805 -0.995066 0.07110997
vn 0.05071736 -0.9461088 0.319853
vn -0.0003951611 -0.9999862 0.0052335
vn 0.0002000339 -0.9999996 0.0008530091
vn -2.49386e-05 -1 0.0002121973
vn -2.418733e-05 -1 -4.065286e-05
vn -6.60611e-06 -1 -1.403555e-05
vn -4.384557e-06 -1 -2.817756e-06
vn -3.801554e-06 -1 1.278114e-07
vn -1.386848e-06 -1 3.768717e-07
vn -5.656158e-07 -1 -6.918414e-08
vn -8.491883e-07 -1 -7.620839e-08
vn -1.276881e-06 -1 -5.763653e-08
vn -0.0002476148 0.9999578 0.009181134
vn 0.001626302 0.9999924 -0.003546213
vn 0.004610293 0.9999871 0.00213332
vn -0.001212069 0.9999992 -4.431846e-06
vn -0.0001590482 0.9999999 0.0002560207
vn 0.0003112101 0.9999983 0.001846831
vn 0.0009819235 0.9999977 0.001934653
vn -0.0005176581 0.9999874 0.004982573
vn -0.001384735 0.9999905 0.004128987
vn -0.001379112 0.9999681 0.007869368
vn -0.001071287 0.9999411 0.01079427
vn 0.04827977 0.9242805 0.3786485
vn 0.04670995 0.9845341 0.1688509
vn -0.001964994 0.9999128 0.0130604
vn 1.436978e-05 1 -1.612554e-05
vn -4.684724e-06 1 6.392017e-06
vn -4.533557e-07 1 9.262671e-06
vn 2.066927e-05 1 5.708639e-06
vn 2.018251e-05 1 6.302455e-06
vn -1.690064e-06 1 -2.254875e-06
vn -1.700061e-06 1 -6.576317e-07
vn -1.724453e-06 1 -7.313121e-07
vn -1.761085e-06 1 -3.347039e-07
vn -1.775392e-06 1 -3.050529e-07
vn -1.793632e-06 1 -2.81262e-07
vn -1.855925e-06 1 -5.196158e-07
vn -7.012225e-07 1 -2.78147e-06
vn 5.295582e-06 1 -6.689536e-06
vn 9.377512e-06 1 -3.041491e-06
vn 1.283732e-05 1 -3.528446e-07
vn -2.860267e-07 1 2.688774e-06
vn -3.205096e-06 1 5.620022e-06
vn -1.844157e-06 1 -5.527668e-07
vn 2.107008e-06 1 -6.955088e-07
vn 0.04938173 0.9985521 0.02133154
vn 0.05234401 0.9985943 -0.008332025
vn -0.8921891 0.001789538 -0.4516584
vn -0.8783153 -0.001716503 -0.4780787
vn -0.9677685 -0.002367855 -0.2518305
vn -0.9752533 0.0009453341 -0.2210882
vn -0.9989688 -0.00225587 -0.04534592
vn -0.999954 0.001720089 -0.009443782
vn -0.9785146 -0.003144165 0.2061537
vn -0.9688393 0.002021733 0.2476816
vn -0.8926406 -0.003033756 0.450759
vn -0.8751937 0.001048785 0.4837715
vn -0.7823958 -0.002057584 0.6227781
vn -0.7622399 0.0007223114 0.6472943
vn -0.6539779 -0.001920724 0.7565112
vn -0.6336084 0.0003334436 0.7736538
vn -0.5802908 -0.002015326 0.8144068
vn -0.5630242 -1.218234e-06 0.8264405
vn 0.9023432 0.01340527 -0.4308098
vn 0.9505588 -0.03881375 -0.3081096
vn 0.949836 0.09067827 -0.2993142
vn 0.9885044 -0.03491383 -0.1471055
vn 0.9840789 0.08994019 -0.1532956
vn 0.8983537 0.0930198 -0.4293109
vn 0.8869693 0.2152145 -0.4086174
vn 0.9168438 0.2677634 -0.2961423
vn 0.8549098 0.4094219 -0.3185951
vn 0.8497162 0.3775718 -0.3679972
vn 0.8893342 0.4198861 -0.1810537
vn 0.8024727 0.5551781 -0.2186667
vn 0.06833571 0.9875432 -0.1417352
vn 0.1874503 0.9715655 -0.1446468
vn 0.04636254 0.994733 -0.09141496
vn 0.1200781 0.9921501 -0.03492032
vn 0.3934568 0.9080517 -0.1436447
vn 0.2734795 0.9602996 -0.05507884
vn 0.7783688 0.6277562 0.008011421
vn 0.704756 0.688601 -0.1707273
vn 0.5385202 0.8425654 0.008920569
vn 0.586601 0.792942 -0.164749
vn 0.3935395 0.9096874 -0.132648
vn 0.9552619 0.2503846 -0.1574238
vn 0.9093363 0.4131061 0.04950601
vn 0.9806481 0.1856137 -0.06226511
vn 0.9974627 0.07025421 0.01150462
vn 0.9995546 -0.0285904 -0.008557115
vn 0.8469977 -0.3213663 -0.4234604
vn 0.7908237 -0.5089045 -0.3400209
vn 0.9158312 -0.3030041 -0.2635179
vn 0.9218808 -0.1461441 -0.358856
vn 0.8918438 -0.05679317 -0.4487641
vn 0.9884239 -0.1457103 0.04226881
vn 0.973156 -0.1540217 -0.1710112
vn 0.9585034 -0.2802307 -0.052364
vn 0.8618929 -0.4994756 -0.0875484
vn 0.82492 -0.5203464 -0.2207867
vn 0.6913058 -0.7096803 -0.1358313
vn 0.6591447 -0.6965053 -0.2835642
vn 0.4947078 -0.8265561 -0.2684569
vn 0.4302475 -0.8797021 -0.2025123
vn 0.2870817 -0.9168206 -0.277532
vn 0.178689 -0.9529477 -0.2448693
vn 0.08199665 -0.9708188 -0.2253606
vn 0.1175971 -0.9548538 -0.2728098
vn 0.07098935 -0.9771025 -0.2005775
vn -2.257817e-05 -5.422468e-05 1
vn -1.362774e-05 -5.603375e-05 1
vn -4.833005e-05 -3.009117e-05 1
vn -7.514293e-05 -3.493883e-05 1
vn -8.705565e-05 -7.153839e-05 1
vn -2.531098e-05 -3.161609e-05 1
vn -6.811134e-05 -7.959213e-05 1
vn -1.159564e-05 -6.537422e-05 1
vn -3.725756e-05 -1.368872e-05 1
vn 5.679899e-05 -9.956404e-05 1
vn 0.0001260958 -0.0001389852 1
vn 0.0002831867 -0.0002890891 0.9999999
vn 5.395445e-05 -2.815965e-05 1
vn 6.27557e-05 -1.114586e-05 1
vn -9.55572e-05 7.09838e-07 1
vn -0.0001811561 0.0001011434 1
vn -9.743112e-05 8.812358e-05 1
vn -0.0001677115 0.0001902195 0.9999999
vn -9.14988e-05 0.0001497505 0.9999999
vn -0.0001436846 0.000135881 1
vn -0.0001142063 -1.399613e-06 1
vn -1.456498e-05 6.171001e-05 1
vn -6.126459e-05 5.407687e-05 1
vn -2.223143e-05 0.0001026277 1
vn -1.267309e-05 8.88829e-05 1
vn 2.279584e-05 3.121371e-05 1
vn -6.763716e-05 7.511633e-05 1
vn 0.8686683 -0.1631604 0.4677542
vn 0.9663025 -0.04566647 0.253326
vn 0.8840553 0.07629794 0.4611127
vn 0.9515324 -0.212026 0.2227801
vn 0.5802099 -0.6864868 0.4382834
vn 0.717583 -0.6539506 0.2396315
vn 0.7946674 -0.4169015 0.4412446
vn 0.8200933 -0.5267695 0.2235196
vn 0.9106363 -0.3356141 0.2410492
vn 0.5362238 -0.8174359 0.2103871
vn 0.3344325 -0.8312759 0.4439992
vn 0.1396162 -0.8927411 0.4283933
vn 0.0780619 -0.9724807 0.2195167
vn 0.2199513 -0.9536605 0.2053118
vn 0.3738361 -0.9065486 0.1960006
vn 0.05110776 -0.8947403 0.4436525
vn 0.04674811 -0.9754088 0.2153887
vn 0.07020371 0.9747583 0.2119381
vn 0.06716159 0.8858686 0.459049
vn 0.1576364 0.9602158 0.2305135
vn 0.1805015 0.8685134 0.4616314
vn 0.3421677 0.8161163 0.465699
vn 0.3520198 0.9082032 0.2263822
vn 0.6904271 0.5583188 0.4599898
vn 0.6649925 0.7053357 0.245533
vn 0.5061525 0.7186791 0.4767704
vn 0.5243469 0.8197582 0.2303406
vn 0.7954508 0.5636945 0.2225005
vn 0.8193409 0.3310805 0.4680452
vn 0.8681173 0.4368609 0.2356372
vn 0.9672362 0.1268675 0.2199064
vn 0.9322978 0.2643736 0.2468345
vn 0.9995689 0.00049651 -0.02935421
vn 0.9867629 -0.154597 -0.04897761
vn 0.994655 -0.0203468 -0.1012296
vn 0.8841758 0.08869275 -0.4586575
vn 0.9310006 0.01361858 -0.3647633
vn 0.9077278 -0.0751731 -0.41277
vn 0.8651842 -0.160339 -0.4751292
vn 0.906805 -0.2462054 -0.3421805
vn 0.842001 -0.3088574 -0.4423138
vn 0.8528143 -0.4277557 -0.2995545
vn 0.7754069 -0.5098158 -0.3726017
vn 0.7615807 -0.5939341 -0.259301
vn 0.6676885 -0.7085119 -0.2284797
vn 0.6892871 -0.6466801 -0.3266317
vn 0.6114591 -0.7309983 -0.3029179
vn 0.5340109 -0.8304275 -0.1588158
vn 0.4870627 -0.8500499 -0.2004621
vn 0.03736033 -0.9975584 -0.05900274
vn 0.07274409 -0.9932458 -0.09039447
vn 0.1694838 -0.9749148 -0.144279
vn 0.9765318 -0.007299482 -0.2152495
vn 0.9631737 -0.1565103 -0.2186342
vn 0.961113 -0.2677426 -0.06764375
vn 0.9128295 -0.3718676 -0.1686914
vn 0.9128191 -0.4039998 -0.05954424
vn 0.8150698 -0.5606806 -0.1459402
vn 0.8252807 -0.5622256 -0.05304984
vn 0.7150002 -0.6924437 -0.09641808
vn 0.6157892 -0.7830511 -0.08737771
vn 0.52987 -0.8462062 -0.05632761
vn 0.4345649 -0.8968521 -0.08252062
vn 0.1574777 -0.9858621 -0.05724123
vn 0.2911726 -0.9537165 -0.07512145
vn 0.3213752 -0.9334909 -0.1590996
vn 0.08682448 0.9907925 -0.1038835
vn 0.06483268 0.9961001 -0.05984493
vn 0.3571541 0.9206221 -0.1577849
vn 0.2411887 0.9642558 -0.1097209
vn 0.3608877 0.9257743 -0.1127032
vn 0.4851318 0.8707564 -0.08019014
vn 0.5353138 0.8234184 -0.1882052
vn 0.5548391 0.8208414 -0.1355468
vn 0.6673633 0.731283 -0.1408947
vn 0.947933 0.1467875 -0.2826243
vn 0.8903543 0.2755696 -0.3623957
vn 0.9859383 0.1446533 -0.08367261
vn 0.7474119 0.6628123 -0.04533505
vn 0.8221269 0.563373 -0.0819644
vn 0.6353409 0.7711857 -0.04018105
vn 0.3405213 0.9392626 -0.04279112
vn 0.1490953 0.9879603 -0.0412906
vn 0.9330875 0.3044792 -0.191416
vn 0.871865 0.4487568 -0.1961347
vn 0.8508227 0.4199208 -0.3158592
vn 0.7962337 0.5763741 -0.1838609
vn 0.7845198 0.5518652 -0.2827959
vn 0.7048056 0.6765084 -0.2135074
vn 0.9560295 0.283317 -0.07575644
vn 0.9065841 0.4154499 -0.07420714
vn 0.1515291 0.9745295 -0.1653215
vn 0.7716334 0.5586376 -0.3041476
vn 0.305831 -0.9187001 -0.249915
vn 0.1422798 -0.9673521 -0.2097293
vn 0.4861301 -0.8306399 -0.2715047
vn 0.7687415 -0.5041155 -0.3935783
vn 0.8374504 -0.4979352 0.2252493
vn 0.6605788 -0.7425299 0.1108377
vn 0.9085628 -0.131619 0.396472
vn 0.8140195 -0.2259104 0.5351045
vn 0.7456263 -0.04416046 0.6648995
vn 0.9743689 -0.05148112 0.2189862
vn 0.9750994 0.02478728 0.2203784
vn 0.1639728 -0.9827611 -0.08540246
vn 0.6309136 -0.02649352 0.7754006
vn 0.614073 -0.1098312 0.7815698
vn 0.5515782 -0.3340088 0.7643296
vn 0.9333498 -0.3082919 0.1838867
vn 0.6932499 -0.460987 0.5539815
vn 0.8858761 -0.01846073 0.4635546
vn 0.1644889 -0.7289128 0.6645522
vn 0.3990368 -0.6444465 0.6522716
vn 0.1320817 -0.8737777 0.4680459
vn 0.2177382 -0.9372279 0.2723856
vn 0.5487639 -0.7315795 0.4045361
vn 0.2911206 -0.9437047 0.1570677
vn 0.5546581 -0.01893046 0.8318629
vn 0.43066 -0.897621 -0.09385405
vn 0.4439145 -0.8956024 0.02891597
vn 0.3237682 -0.2959101 0.898672
vn 0.3932759 -0.03194026 0.9188656
vn 0.4569587 -0.06838788 0.8868551
vn 0.1685597 -0.6079295 0.7758926
vn 0.3105711 -0.3539417 0.8821966
vn 0.4115937 -0.204434 0.8881426
vn 0.4217834 -0.2891568 0.8593527
vn 0.4886048 -0.09235352 0.8676037
vn 0.5155167 0.05008426 0.8554146
vn 0.5986074 0.04407445 0.7998291
vn 0.8613649 0.05574007 0.5049192
vn 0.6738948 0.09193722 0.7330849
vn 0.7464906 0.6111634 0.2631178
vn 0.1723025 0.9796098 0.1033265
vn 0.4318787 0.08727594 0.8976991
vn 0.4487156 0.06456108 0.8913395
vn 0.6802086 0.2057503 0.7035505
vn 0.601175 0.09745712 0.7931525
vn 0.4184019 0.1812239 0.8899988
vn 0.3001562 0.2549993 0.9191744
vn 0.3052354 0.3022126 0.9030498
vn 0.1973789 0.4242539 0.8837705
vn 0.2054624 0.6155831 0.7608171
vn 0.3904049 0.4488747 0.8038006
vn 0.5521375 0.8167585 0.1674811
vn 0.5235202 0.7945562 0.3075827
vn 0.160975 0.7985891 0.5799505
vn 0.2742518 0.8707792 0.4080802
vn 0.1576486 0.9504711 0.2678648
vn 0.3164767 0.9275743 0.1986161
vn 0.9211247 0.1552478 0.3569698
vn 0.794821 0.3203995 0.5153676
vn 0.5000177 0.5419855 0.6754509
vn 0.9194261 0.3007311 0.2534093
vn 0.6063514 0.6304339 0.4846557
vn 0.4175689 7.669319e-07 -0.9086453
vn 0.3316255 -2.078297e-05 -0.9434111
vn 0.4172778 3.695541e-05 -0.908779
vn 0.3310895 -3.702758e-05 -0.9435993
vn 0.1514907 -9.666942e-07 -0.9884587
vn 0.1521983 -1.594576e-05 -0.9883499
vn -0.03548228 -0.0001657146 -0.9993703
vn -0.0410306 0.0004637236 -0.9991578
vn -0.236091 -0.0007533879 -0.9717306
vn -0.2481953 0.0005512449 -0.9687098
vn -0.4317182 -0.001004132 -0.9020079
vn -0.4417467 0.0001907448 -0.8971398
vn -0.5976487 -0.0005852652 -0.8017579
vn -0.6032636 0.0001455068 -0.7975419
vn -0.7407723 -0.0005064812 -0.671756
vn -0.75013 0.001349983 -0.6612892
vn -0.1213178 -0.9926137 9.032341e-06
vn -0.1212771 -0.9926187 1.327534e-06
vn -0.2407496 -0.9705873 4.279716e-06
vn -0.2407265 -0.970593 1.873461e-07
vn -0.4672833 -0.8841076 1.716691e-07
vn -0.4672803 -0.8841092 -7.514736e-08
vn -0.6663645 -0.7456262 -4.451585e-08
vn -0.6663627 -0.7456277 -9.740668e-08
vn -0.8262578 -0.5632923 7.658055e-09
vn -0.8262563 -0.5632942 -9.972299e-09
vn -0.9375573 -0.3478307 3.490219e-08
vn -0.9375562 -0.3478336 1.066091e-08
vn -0.993718 -0.1119139 2.192333e-08
vn -0.9937176 -0.1119168 -3.303392e-09
vn -0.9914372 0.1305847 -2.987039e-08
vn -0.9914374 0.1305829 -3.366999e-12
vn -0.9308491 0.3654038 -2.58662e-08
vn -0.9308497 0.3654025 4.986056e-09
vn -0.8155169 0.5787333 0
vn -0.8155178 0.5787319 0
vn -0.6522232 0.758027 0
vn -0.6522248 0.7580256 3.525964e-08
vn -0.4505712 0.8927405 4.628086e-09
vn -0.4505732 0.8927395 3.988846e-08
vn -0.2270364 0.9738863 0
vn -0.2270177 0.9738907 3.625494e-06
vn -0.1119769 0.9937108 8.650421e-07
vn -0.111935 0.9937155 8.066297e-06
vn 1.469562e-06 2.516726e-07 1
vn -2.396123e-06 -1.836191e-07 1
vn -9.328286e-07 -1.132704e-07 1
vn 5.90997e-07 -1.027776e-07 1
vn -9.988562e-07 1.801316e-07 1
vn 1.62103e-07 3.035111e-07 1
vn 8.708407e-07 -2.849275e-08 1
vn -2.107426e-06 5.254894e-07 1
vn 8.700904e-07 -2.749449e-07 1
vn -3.575866e-06 1.092767e-06 1
vn -2.20303e-06 7.429828e-07 1
vn -1.400943e-06 6.373361e-07 1
vn 1.257279e-06 -1.429515e-07 1
vn 9.144748e-08 -2.469527e-07 1
vn -8.815355e-05 -1 5.143714e-05
vn 9.849653e-05 -1 -1.281207e-05
vn 6.615605e-05 -1 -2.525437e-05
vn 7.239022e-06 -1 -1.593256e-05
vn -2.888209e-05 -1 1.585495e-05
vn 1.238248e-06 -1 -1.419744e-06
vn -4.221895e-05 -1 1.452099e-05
vn 1.851126e-05 -1 -1.360753e-05
vn 2.242991e-06 -1 5.933633e-08
vn 7.834077e-05 -1 -4.548379e-08
vn 1.611993e-06 -1 1.80289e-07
vn 1.937676e-06 -1 8.713142e-08
vn 2.862687e-06 -1 1.058223e-05
vn 0.0001626119 -1 -5.339671e-05
vn -0.000196104 -1 5.075365e-06
vn 2.712867e-06 -1 9.267323e-08
vn 2.290508e-06 -1 -8.089916e-08
vn 2.600602e-06 -1 -1.687871e-08
vn 2.758711e-06 -1 -1.534912e-07
vn 3.256725e-06 -1 1.894709e-08
vn 6.059495e-06 -1 3.768633e-07
vn 1.452854e-05 -1 4.649537e-06
vn 2.796354e-06 -1 -3.115099e-07
vn -7.178569e-06 1 -6.012604e-07
vn 0.0002354657 0.9999999 -0.0002043247
vn 4.799399e-06 1 -7.135757e-06
vn -6.663131e-06 1 1.818151e-05
vn -5.879387e-06 1 3.216681e-05
vn -3.254266e-05 1 5.361758e-05
vn 4.122673e-05 1 -1.906744e-05
vn 2.975494e-05 1 2.020804e-06
vn -2.128244e-05 1 2.502849e-05
vn 2.31672e-05 1 -1.604858e-06
vn 3.780521e-05 1 -6.560896e-06
vn 7.63885e-05 1 4.091988e-05
vn -1.025183e-05 1 2.604006e-05
vn 1.15827e-05 1 -2.373418e-05
vn -1.953354e-05 1 -6.22223e-05
vn 1.826407e-05 1 -2.695099e-05
vn -0.0001075119 1 -8.299259e-05
vn 7.742731e-06 1 5.316519e-06
vn 1.40683e-05 1 6.486969e-05
vn -1.344355e-05 1 2.359319e-05
vn -4.465845e-06 1 9.85818e-06
vn -3.695909e-06 1 5.830366e-06
vn -6.064978e-06 1 6.667185e-06
vn -6.541142e-06 1 1.044421e-05
vn 7.073443e-06 1 1.395677e-05
vn -1.247086e-06 1 8.368539e-06
vn 0.0001370764 1 0.0001151906
vn 6.975592e-05 1 0.0001605526
vn -0.0001874984 1 -0.0001419945
vn -6.649639e-05 0.9999999 -0.0003654129
vn -3.096371e-05 0.9999999 -0.0004971304
vn 0.0001035278 1 -0.0001258793
vn 2.909217e-06 1 6.882561e-06
vn -6.41391e-06 1 1.915239e-06
vn -7.780262e-06 1 -2.11906e-06
vn -1.455789e-06 1 -7.534911e-07
vn -1.566015e-06 1 -4.664163e-07
vn -1.234116e-06 1 -9.53326e-08
vn -1.229967e-06 1 -1.431111e-06
vn -8.594316e-07 1 -2.548375e-07
vn -2.539272e-06 1 9.637017e-07
vn -4.484174e-07 1 6.315396e-07
vn -4.228136e-06 1 -2.438179e-07
vn -2.608028e-06 1 -6.558191e-07
vn -1.752498e-06 1 0
vn 3.847125e-05 1 9.954359e-06
vn -5.796485e-05 1 6.236784e-05
vn -4.382707e-05 1 6.645211e-05
vn -1.170885e-05 1 4.852977e-06
vn -8.383002e-06 1 -2.900619e-06
vn 2.984928e-05 1 1.642642e-05
vn 1.756988e-05 1 4.264648e-06
vn -1.8761e-05 1 1.506275e-05
vn 9.869577e-05 1 0.0001213542
vn 9.848277e-05 1 0.000117698
vn 8.930562e-05 1 0.0001042584
vn 4.412801e-05 1 6.82577e-05
vn 7.702017e-05 1 8.900337e-05
vn 5.703418e-06 1 1.555717e-05
vn -9.411019e-07 1 1.221953e-06
vn -7.867908e-07 1 7.972951e-07
vn 8.594327e-07 1 1.27504e-06
vn 3.140733e-06 1 -6.012871e-07
vn 1.22702e-07 1 -1.885855e-06
vn -6.85105e-07 1 -2.108845e-06
vn -1.185081e-05 1 -4.969756e-06
vn -3.522262e-05 1 1.008859e-06
vn -0.7156659 0.02284987 -0.6980689
vn -0.5952923 0.009637873 -0.8034514
vn -0.6641892 0.03843037 -0.746576
vn 0.2906923 0.9563962 -0.02835798
vn 0.3310878 0.939365 -0.0892988
vn 0.6177263 0.7690465 -0.1642615
vn 0.6179228 0.7689812 -0.1638268
vn 0.6000715 0.7969188 0.069531
vn 0.2327969 0.01248636 0.9724452
vn 0.2996034 0.03054738 0.9535747
vn 0.05084851 -0.02001915 0.9985057
vn -0.1264722 0.01644224 0.9918339
vn -0.1095864 0.0009991127 0.9939767
vn -0.3632525 0.002185728 0.9316882
vn -0.3458618 0.01300815 0.9381953
vn -0.5475536 -0.02344672 0.8364421
vn -0.6385604 -0.01206072 0.7694772
vn -0.7283404 -0.006089375 0.6851883
vn -0.8107976 -0.007061834 0.585284
vn -0.8687977 -0.00867264 0.4950913
vn -0.9348264 0.04088823 0.3527433
vn -0.9795191 0.004264193 0.2013058
vn -0.996598 0.02111866 0.07966439
vn -0.9924329 0.01211223 -0.1221896
vn -0.9841889 0.01066026 -0.1768009
vn -0.899793 0.01125266 -0.436172
vn -0.9372965 0.01580079 -0.3481747
vn -0.8327503 0.02742818 -0.5529689
vn 0.09009636 0.9433995 -0.3191866
vn -0.001158647 0.9999993 0.0002215518
vn -0.003534345 0.9999936 -0.0004430797
vn 0.0003085757 0.9999998 0.0004917051
vn 0.244798 0.9180967 -0.3117247
vn -0.001172762 0.9999992 0.0004891342
vn -0.0005100828 0.9999982 0.001822174
vn -0.0067871 0.9999111 0.01148123
vn 0.2818201 0.9548525 0.09399081
vn 0.1807858 0.9277598 -0.3264632
vn 0.2404438 0.9542174 0.1779211
vn -0.0278758 0.9989853 0.0353724
vn 0.00124811 0.9996795 -0.02528613
vn -0.09072834 0.9225371 -0.3750916
vn 3.402882e-05 0.9999999 0.000373854
vn 0.0008855591 0.9999991 0.0009485881
vn 0.003279442 0.9999943 -0.0007800023
vn -0.0131148 0.9999139 0.0002191487
vn 0.003043558 0.9999952 0.0006967426
vn -0.006350167 0.9999785 -0.001605627
vn 0.2492549 0.9552475 -0.159293
vn 0.2761928 0.9290684 0.2460677
vn 0.29826 0.9294628 -0.2171172
vn -0.2982557 0.9144775 -0.2734492
vn 0.3553085 0.9288195 -0.1051198
vn 0.3361099 0.9314586 0.139338
vn 0.3727374 0.927685 0.02161827
vn 0.2765677 0.5066879 -0.8165646
vn 0.3239151 0.2239734 -0.9191926
vn 0.0861064 0.2086161 -0.9741997
vn -0.0905946 0.56674 -0.8189008
vn 0.07889783 0.1752687 -0.9813542
vn 0.08348241 0.1745114 -0.9811098
vn 0.3637667 -0.02032483 0.9312683
vn 0.6252232 0.08688376 0.7755947
vn 0.2251652 0.02289411 0.9740516
vn 0.8215505 0.1014406 0.561039
vn 0.9783787 0.1796234 0.1025212
vn 0.9841995 0.1545744 0.08636124
vn 0.382621 0.8661413 -0.3215595
vn 0.09052168 0.9908754 -0.09985826
vn 0.323221 0.9190955 -0.2253702
vn -0.006118586 0.9996327 -0.02640044
vn -0.01298204 0.9135047 -0.406621
vn -0.07677361 0.878055 -0.4723614
vn 0.5319252 0.7015482 0.4742212
vn -0.9873497 0.09352503 -0.1280378
vn -0.7534777 0.636607 0.1643256
vn -0.9564992 0.2813741 0.0770575
vn -0.6351648 0.6915854 0.3439116
vn -0.2419864 0.8413474 0.4832982
vn -0.808528 -0.02847291 0.5877684
vn -0.1723817 0.05196569 0.9836586
vn -0.08176816 0.1010371 0.9915167
vn -0.09849444 0.04837305 0.9939612
vn 0.07017393 0.9710711 -0.228247
vn -0.2933594 0.8108952 -0.506349
vn 0.201731 0.8410178 -0.5019897
vn -0.1806074 0.8183526 -0.5456006
vn 0.3711883 0.9091446 -0.1888791
vn 0.168614 0.9774902 -0.1268161
vn 0.5949506 0.6102986 -0.5230386
vn 0.8184024 0.4464398 -0.3618135
vn 0.3165192 0.4634366 -0.8276727
vn 0.1716566 0.9023888 -0.3952576
vn 0.6122041 0.5790879 -0.5383897
vn 0.2115556 0.5063471 -0.8359766
vn 0.456062 0.8867027 0.07593368
vn 0.2366464 0.9596879 0.1516501
vn 0.06962898 0.9975607 -0.004943649
vn 0.1486663 0.9884878 -0.02810906
vn 0.2571382 -0.9601568 -0.1094473
vn 0.2394839 0.8133948 -0.5301287
vn 0.4941406 0.4591099 -0.7382703
vn 0.4668058 0.7975326 -0.382144
vn 0.5966088 0.4981803 -0.6291854
vn 0.6740664 0.5654135 -0.4753336
vn 0.5579255 0.7916461 -0.2490295
vn 0.8479716 0.4699182 -0.2451961
vn 0.8938277 0.4390736 -0.09102996
vn 0.8722812 0.4168319 0.2556885
vn 0.7889895 0.5046889 0.3504065
vn 0.6237118 0.4856207 0.6125
vn 0.3129928 0.9183918 0.242058
vn 0.6855268 0.4674023 0.5582007
vn 0.7552343 0.5868314 0.2919763
vn 0.8578733 0.5102935 -0.06044651
vn 0.3858159 0.9215224 -0.04407499
vn 0.8763858 0.428156 -0.2205229
vn 0.2690316 0.9604192 -0.07222792
vn -0.4592353 0.7406738 -0.4904133
vn 0.5342187 -0.0004130006 0.8453463
vn -0.03522363 -0.001100747 0.9993789
vn 0.4244456 -0.004652593 0.9054415
vn -0.1502368 -0.004451986 0.98864
vn -0.139912 -0.01063854 -0.9901068
vn -0.09731237 -0.0003437925 -0.9952538
vn 0.4113644 -0.003231441 -0.9114653
vn 0.533802 0.01653322 -0.8454478
vn -0.8849412 -0.0005280465 -0.4657026
vn -0.489226 0.006099066 -0.8721357
vn -0.8044477 -0.0008184765 -0.594023
vn -0.3621095 -0.01907993 -0.9319403
vn 0.7821163 -0.0102508 -0.6230482
vn 0.8398587 0.003147702 -0.5427958
vn 0.995346 -0.007452048 -0.09607688
vn 0.9983646 0.01634364 0.05478283
vn 0.7542016 0.009911613 -0.6565681
vn 0.6247411 -0.0230749 -0.7804909
vn 0.1452013 0.01045577 -0.9893469
vn 0.1084573 -0.006759722 -0.9940782
vn 0.6137789 -0.0103452 0.7894102
vn 0.5900888 -0.0009154895 0.8073378
vn 0.09988805 -0.001498757 0.9949976
vn -0.03367143 0.016471 0.9992972
vn 0.6638674 0.006558815 0.7478216
vn 0.7748897 -0.02377908 0.631649
vn 0.9925473 0.01011666 0.1214391
vn 0.9944048 -0.002793215 0.1056002
vn 0.5580029 0.7076566 -0.4334223
vn 0.5898809 0.7071078 -0.3899218
vn 0.4908293 0.7543308 0.4359722
vn 0.516058 0.7352669 0.4393937
vn 0.5621652 0.7195278 0.4077376
vn 0.5401367 0.7129782 0.4471179
vn 0.5851459 0.7074782 0.3963318
vn 0.6813422 0.7103716 -0.1764798
vn 0.647026 0.7084982 -0.281758
vn 0.6366455 0.7074184 -0.3069882
vn 0.6816993 0.7080001 -0.18445
vn 0.7043359 0.7079763 -0.05177338
vn 0.7020779 0.7110282 -0.03905922
vn 0.6978575 0.7073443 0.1125117
vn 0.6873609 0.7127539 0.1397027
vn 0.6522581 0.7050981 0.2782014
vn 0.6330806 0.7091482 0.310351
vn -0.09837054 0.7088983 -0.6984171
vn -0.07460706 0.7011689 -0.7090811
vn 0.4241367 0.7454537 -0.514205
vn 0.2207002 0.9139383 -0.3405998
vn 0.4361742 0.7120554 -0.5502083
vn 0.1375245 0.7064167 -0.6943072
vn 0.1319548 0.7104493 -0.6912668
vn 0.02256797 0.7105621 -0.7032725
vn 0.2456966 0.7074381 -0.6626949
vn 0.2920972 0.7080071 -0.6429659
vn 0.4120631 0.6996713 -0.5836642
vn 0.2475498 0.7149996 0.6538306
vn 0.2296779 0.7113833 0.6642151
vn 0.2291801 0.7114013 0.6643678
vn 0.2264393 0.6999708 0.6773227
vn 0.28034 0.705207 0.6512238
vn 0.3483219 0.7073367 0.6150988
vn 0.391295 0.7077001 0.5882592
vn 0.4053539 0.7205455 0.5625855
vn 0.4310741 0.7092109 0.5578484
vn 0.2243694 0.6907929 0.6873598
vn -0.5905488 0.7092256 -0.3850341
vn -0.3125805 0.7108091 0.6301143
vn -0.2590794 0.7142051 0.6502223
vn -0.2532693 0.7171248 0.6492971
vn -0.3005779 0.7026035 0.6449816
vn -0.3931497 0.7072892 0.5875161
vn -0.4222055 0.7149291 0.5573319
vn -0.5077515 0.7048863 0.4953018
vn -0.527513 0.7115526 0.4641368
vn -0.6094872 0.7102013 0.3523344
vn -0.6216628 0.7136039 0.3229628
vn -0.6794075 0.7089798 0.1890845
vn -0.6701024 0.7129992 0.2063855
vn -0.7002441 0.7120093 0.05197029
vn -0.7032726 0.7102892 0.02994663
vn -0.6906334 0.7127066 -0.1227804
vn -0.6896501 0.7137105 -0.1224744
vn -0.651814 0.7102531 -0.265855
vn -0.630914 0.7166795 -0.2971837
vn -0.2524675 0.7106348 -0.6567026
vn -0.3122506 0.7035924 -0.6383238
vn -0.3074346 0.7161172 -0.626626
vn -0.2097895 0.7596499 -0.615565
vn -0.2283239 0.7392659 -0.6335251
vn -0.4042386 0.7091479 -0.5776681
vn -0.4750988 0.6960542 -0.5383214
vn 0.663864 0.5438923 0.513289
vn 0.7468745 0.4801585 0.4600287
vn 0.8616521 0.4913601 0.1269675
vn 0.8532728 0.4964782 -0.1594834
vn 0.7587396 0.4841047 -0.4358405
vn 0.549197 0.5120674 -0.6604314
vn 0.3149585 0.4936381 -0.810631
vn 0.2794153 0.5439153 -0.7912542
vn 0.3381619 0.7736776 -0.5357886
vn 0.4045172 0.7864358 -0.4667811
vn 0.7257497 0.5667343 -0.3899995
vn 0.6644222 0.5118613 -0.544556
vn 0.9635854 0.2407546 0.1163634
vn 0.6173618 0.2465293 -0.7470527
vn 0.6308026 -0.002233496 0.7759402
vn 0.628397 -0.001531732 0.7778913
vn 0.08219934 0.0142745 0.9965136
vn -0.324068 0.01953945 0.945832
vn -0.7075554 -0.01075867 0.706576
vn -0.9344732 0.01959616 0.3554938
vn -0.9968541 0.01321309 -0.07814872
vn -0.92326 0.003500061 -0.3841598
vn -0.9075651 0.01551419 -0.4196247
vn 0.2201833 0.01494429 -0.975344
vn -0.1494153 -0.00710857 -0.988749
vn -0.2492385 0.02552725 -0.9681057
vn -0.3989611 -0.005356534 -0.9169523
vn 0.3608949 -0.00400002 -0.9325979
vn 0.9912423 0.01160697 -0.1315439
vn 0.9955988 0.02484641 -0.09036466
vn 0.6918716 0.02693589 0.7215179
vn 0.7326782 0.00589836 0.6805497
vn 0.6885485 0.007597669 0.7251505
vn 0.2970354 0.01492465 0.9547498
vn 0.6078755 -0.002112366 0.7940295
vn 0.1536303 -0.003964394 0.9881204
vn -0.1171879 0.007187932 -0.9930837
vn -0.0903747 0.01553314 -0.9957867
vn 0.9547531 0.01490019 -0.297026
vn 0.7819048 -0.007098161 -0.6233576
vn 0.7138191 0.0254079 -0.699869
vn 0.595413 -0.00540599 -0.8034016
vn 0.9881322 -0.003954321 -0.1535549
vn 0.002055575 0.9999924 -0.003318976
vn 0.003634135 0.9999929 0.001004425
vn -0.002611191 0.9999849 -0.004846796
vn 0.001052764 0.9999946 -0.003086589
vn 0.001221162 0.9999931 -0.003509342
vn -0.00211211 0.9999794 0.006072097
vn -0.001328964 0.9999914 0.003908239
vn 0.005862311 0.9999828 -0.0001345514
vn 0.003157925 0.9999949 0.0004750532
vn 0.001516507 0.9999988 0.0001996564
vn 0.0008897298 0.9999996 -0.0002216068
vn 0.002390984 0.9999972 5.385086e-05
vn 0.003279379 0.9999939 -0.00122281
vn 0.006727498 0.9999768 0.0009871182
vn -0.00264682 -0.002996083 -0.999992
vn 0.1198329 -0.01839306 -0.9926236
vn 0.2049856 -0.001628417 -0.9787636
vn 0.4288883 -0.0009877314 -0.903357
vn 0.3915077 -0.01534284 -0.9200469
vn 0.8977066 -0.01299729 -0.4404019
vn 0.9137362 -0.0001081545 -0.4063081
vn 0.9642412 -0.01043183 -0.2648208
vn 0.9692706 -0.002883622 -0.2459802
vn 0.996731 -0.002330524 -0.0807583
vn 0.9978684 -0.01045691 -0.06441502
vn 0.9875131 -0.0001277161 0.1575374
vn 0.9977731 0.006103501 0.06642041
vn 0.9619579 -0.008124321 0.2730772
vn 0.9157867 0.008683165 0.401571
vn 0.895973 -0.009166272 0.4440138
vn 0.09664971 -0.01097874 0.9952579
vn -0.001305039 0.00724552 0.9999729
vn 0.3799491 -0.008143468 0.9249715
vn 0.369733 -0.01267941 0.9290516
vn -0.09045437 -0.0009100967 0.9959002
vn -0.0615041 -0.01242807 0.9980295
vn -0.5277706 0.009477501 -0.8493341
vn -0.5037841 0.006295421 -0.8638067
vn -0.2573825 0.001353189 -0.9663086
vn -0.2029563 -0.002640037 -0.9791843
vn 0.06102492 1.531991e-05 -0.9981362
vn 0.1173031 -0.01239322 -0.9930187
vn 0.3121426 -0.01832793 -0.9498584
vn 0.4240505 -0.007810212 -0.9056048
vn 0.5580967 -0.04331347 -0.8286447
vn 0.7000365 0.004393384 -0.7140936
vn 0.7660016 -0.0119772 -0.6427271
vn 0.8750409 -0.008456502 -0.4839752
vn 0.8991022 -0.002502043 -0.4377316
vn 0.9840497 0.002505292 -0.1778764
vn 0.9924812 -0.00249919 -0.1223723
vn 0.9885328 0.002507475 0.1509859
vn 0.9785016 -0.002497911 0.2062241
vn 0.8860847 0.002503273 0.4635167
vn 0.8586752 -0.002501826 0.5125141
vn 0.6945271 1.672128e-05 0.7194666
vn 0.6565816 -0.001725088 0.7542531
vn 0.4809594 0.004824762 0.8767296
vn 0.4789701 3.432199e-05 0.8778312
vn -0.5520675 -0.007669025 -0.8337642
vn -0.7307394 -0.005240401 -0.6826364
vn -0.5823969 0.003448413 -0.8128973
vn -0.6982874 -0.009468644 -0.715755
vn -0.839133 0.002405862 -0.5439209
vn -0.7799268 0.00059325 -0.6258704
vn -0.81365 -0.01020255 -0.5812656
vn -0.5625904 -0.004483813 0.8267237
vn -0.5516924 -0.0111818 0.8339728
vn -0.7122667 0.002003161 0.701906
vn -0.7502187 -0.008279687 0.6611379
vn -0.869533 0.0006165192 0.4938745
vn -0.9027903 0.000350015 0.4300809
vn -0.9663224 0.001877491 0.2573278
vn -0.9631643 -0.008389167 0.2687828
vn -0.9979386 0.003455595 0.0640837
vn -0.9999173 -0.009118694 0.009064967
vn -0.9823574 -0.002457149 -0.1869972
vn -0.96445 0.001015189 -0.2642635
vn -0.9074539 -0.0005791392 -0.4201514
vn -0.9252529 -0.007593506 -0.3792748
f 1//1 2//2 9//3
f 3//4 4//5 5//6
f 5//6 4//5 6//7
f 6//7 4//5 7//8
f 8//9 9//3 10//10
f 12//11 11//12 16//13
f 13//14 14//15 15//16
f 13//14 15//16 16//13
f 16//13 15//16 12//11
f 2//2 17//17 9//3
f 9//3 17//17 10//10
f 8//9 10//10 11//12
f 8//9 11//12 19//18
f 6//7 7//8 18//19
f 6//7 18//19 12//11
f 12//11 18//19 19//18
f 12//11 19//18 11//12
f 20//20 21//21 22//22
f 22//22 21//21 23//23
f 28//24 29//25 32//26
f 32//26 29//25 33//27
f 37//28 38//29 39//30
f 40//31 39//30 38//29
f 49//32 239//33 50//34
f 51//35 52//36 50//34
f 50//34 52//36 49//32
f 51//35 53//37 52//36
f 52//36 53//37 54//38
f 59//39 60//40 61//41
f 62//42 63//43 64//44
f 66//45 65//46 67//47
f 66//45 67//47 68//48
f 68//48 67//47 144//49
f 70//50 69//51 71//52
f 70//50 71//52 72//53
f 47//54 46//55 45//56
f 47//54 45//56 48//57
f 44//58 39//30 40//31
f 43//59 44//58 73//60
f 43//59 73//60 42//61
f 41//62 42//61 48//57
f 48//57 45//56 41//62
f 32//26 33//27 74//63
f 75//64 76//65 77//66
f 33//27 78//67 74//63
f 74//63 78//67 24//68
f 74//63 24//68 25//69
f 68//48 60//40 59//39
f 68//48 59//39 66//45
f 57//70 79//71 80//72
f 80//72 79//71 75//64
f 80//72 75//64 81//73
f 81//73 75//64 77//66
f 81//73 77//66 82//74
f 83//75 82//74 24//68
f 83//75 24//68 84//76
f 84//76 24//68 85//77
f 85//77 78//67 86//78
f 86//78 78//67 33//27
f 86//78 33//27 29//25
f 86//78 29//25 87//79
f 87//79 29//25 31//80
f 88//81 58//82 81//73
f 88//81 81//73 89//83
f 90//84 89//83 91//85
f 91//85 83//75 84//76
f 26//86 62//42 84//76
f 84//76 62//42 64//44
f 64//44 65//46 90//84
f 90//84 65//46 66//45
f 66//45 59//39 61//41
f 85//77 26//86 84//76
f 84//76 64//44 91//85
f 91//85 64//44 90//84
f 90//84 66//45 89//83
f 89//83 66//45 61//41
f 89//83 61//41 88//81
f 53//37 92//87 56//88
f 53//37 56//88 54//38
f 55//89 56//88 92//87
f 58//82 57//70 80//72
f 58//82 80//72 81//73
f 89//83 81//73 82//74
f 89//83 82//74 91//85
f 91//85 82//74 83//75
f 85//77 86//78 26//86
f 26//86 86//78 27//90
f 27//90 86//78 87//79
f 27//90 87//79 69//51
f 69//51 87//79 31//80
f 69//51 31//80 71//52
f 71//52 31//80 30//91
f 71//52 30//91 9//92
f 71//52 9//92 72//53
f 72//53 9//92 8//93
f 93//94 76//65 75//64
f 93//94 75//64 79//71
f 239//33 47//54 48//57
f 239//33 48//57 50//34
f 50//34 73//60 51//35
f 51//35 73//60 53//37
f 53//37 73//60 40//31
f 53//37 40//31 95//95
f 53//37 95//95 92//87
f 97//96 98//97 76//65
f 76//65 98//97 25//69
f 25//69 98//97 74//63
f 74//63 35//98 32//26
f 24//68 77//66 25//69
f 25//69 77//66 76//65
f 76//65 93//94 97//96
f 97//96 93//94 94//99
f 97//96 94//99 96//100
f 50//34 48//57 42//61
f 50//34 42//61 73//60
f 73//60 44//58 40//31
f 95//95 40//31 38//29
f 95//95 38//29 96//100
f 96//100 38//29 37//28
f 96//100 37//28 36//101
f 96//100 36//101 98//97
f 98//97 36//101 34//102
f 82//74 77//66 24//68
f 85//77 24//68 78//67
f 29//25 28//24 31//80
f 31//80 28//24 30//91
f 79//71 57//70 55//89
f 79//71 55//89 92//87
f 79//71 92//87 93//94
f 93//94 92//87 94//99
f 94//99 92//87 95//95
f 94//99 95//95 96//100
f 97//96 96//100 98//97
f 98//97 34//102 74//63
f 74//63 34//102 35//98
f 21//103 20//104 99//105
f 21//103 99//105 100//106
f 100//106 99//105 101//107
f 100//106 101//107 102//108
f 101//107 45//56 46//55
f 102//108 103//109 104//110
f 101//107 46//55 102//108
f 102//108 46//55 103//109
f 28//24 105//111 30//91
f 30//91 105//111 1//112
f 30//91 1//112 9//92
f 39//113 44//114 42//115
f 42//115 44//114 43//116
f 22//117 106//118 99//119
f 41//120 45//121 107//122
f 107//122 45//121 101//123
f 107//122 101//123 99//119
f 99//119 20//124 22//117
f 34//102 32//26 35//98
f 34//102 36//125 37//126
f 111//127 112//128 108//129
f 23//130 104//131 110//132
f 23//130 115//133 112//128
f 108//129 109//134 2//135
f 108//129 2//135 111//127
f 111//127 2//135 116//136
f 109//134 108//129 114//137
f 109//134 114//137 113//138
f 117//139 118//140 112//128
f 112//128 118//140 119//141
f 112//128 119//141 23//130
f 116//136 120//142 111//127
f 111//127 120//142 121//143
f 111//127 121//143 122//144
f 23//130 123//145 124//146
f 21//147 100//148 23//130
f 23//130 100//148 102//149
f 23//130 102//149 104//131
f 110//132 125//150 23//130
f 23//130 125//150 123//145
f 23//130 124//146 115//133
f 112//128 111//127 126//151
f 112//128 126//151 117//139
f 122//144 127//152 111//127
f 111//127 127//152 128//153
f 111//127 128//153 129//154
f 131//155 132//156 130//157
f 130//157 132//156 11//158
f 131//155 133//159 132//156
f 134//160 135//161 136//162
f 136//162 135//161 137//163
f 136//162 137//163 131//155
f 131//155 137//163 133//159
f 139//164 138//165 140//166
f 134//160 141//167 142//168
f 134//160 142//168 135//161
f 139//164 143//169 138//165
f 138//165 143//169 145//170
f 138//165 145//170 227//171
f 227//171 145//170 144//49
f 227//171 144//49 167//172
f 150//173 149//174 151//175
f 150//173 151//175 152//176
f 150//173 152//176 153//177
f 153//177 152//176 154//178
f 153//177 154//178 155//179
f 153//177 155//179 156//180
f 156//180 155//179 146//181
f 146//181 10//182 17//183
f 11//158 10//182 130//157
f 130//157 10//182 146//181
f 130//157 146//181 155//179
f 134//160 151//175 149//174
f 134//160 149//174 141//167
f 141//167 149//174 148//184
f 141//167 148//184 140//166
f 140//166 148//184 147//185
f 140//166 147//185 139//164
f 131//155 130//157 155//179
f 131//155 155//179 136//162
f 136//162 155//179 154//178
f 136//162 154//178 152//176
f 136//162 152//176 134//160
f 134//160 152//176 151//175
f 158//186 159//187 160//188
f 158//186 157//189 163//190
f 168//191 169//192 170//193
f 170//193 169//192 159//187
f 170//193 159//187 171//194
f 171//194 159//187 158//186
f 171//194 158//186 172//195
f 172//195 158//186 163//190
f 173//196 162//197 174//198
f 161//199 7//200 174//198
f 7//200 161//199 18//201
f 8//93 19//202 72//53
f 72//53 19//202 164//203
f 175//204 70//50 72//53
f 70//50 175//204 176//205
f 70//50 176//205 177//206
f 70//50 177//206 69//51
f 69//51 177//206 178//207
f 69//51 178//207 27//90
f 178//207 26//86 27//90
f 63//43 62//42 178//207
f 178//207 62//42 26//86
f 166//208 144//49 67//47
f 166//208 67//47 168//191
f 168//191 67//47 65//46
f 168//191 65//46 179//209
f 159//187 179//209 63//43
f 159//187 63//43 160//188
f 175//204 180//210 176//205
f 176//205 180//210 181//211
f 176//205 181//211 177//206
f 177//206 181//211 182//212
f 177//206 182//212 178//207
f 178//207 182//212 157//189
f 178//207 157//189 160//188
f 178//207 160//188 63//43
f 165//213 183//214 162//197
f 162//197 161//199 174//198
f 19//202 18//201 164//203
f 164//203 18//201 161//199
f 164//203 161//199 180//210
f 180//210 161//199 162//197
f 180//210 162//197 181//211
f 181//211 162//197 183//214
f 181//211 183//214 182//212
f 175//204 72//53 164//203
f 175//204 164//203 180//210
f 159//187 169//192 179//209
f 179//209 169//192 168//191
f 144//49 166//208 167//172
f 165//213 163//190 183//214
f 183//214 163//190 182//212
f 182//212 163//190 157//189
f 157//189 158//186 160//188
f 63//43 179//209 64//44
f 64//44 179//209 65//46
f 4//215 3//216 184//217
f 184//217 3//216 185//218
f 184//217 185//218 186//219
f 187//220 193//221 185//218
f 185//218 193//221 186//219
f 188//222 189//223 190//224
f 190//224 189//223 191//225
f 191//225 189//223 192//226
f 191//225 192//226 187//220
f 187//220 192//226 193//221
f 188//222 190//224 194//227
f 194//227 190//224 195//228
f 194//227 195//228 196//229
f 197//230 198//231 195//228
f 195//228 198//231 196//229
f 198//231 197//230 199//232
f 200//233 201//234 202//235
f 203//236 204//237 205//238
f 199//232 197//230 205//238
f 199//232 205//238 204//237
f 203//236 205//238 206//239
f 203//236 206//239 207//240
f 209//241 208//242 210//243
f 209//241 210//243 206//239
f 206//239 210//243 207//240
f 202//235 201//234 211//244
f 202//235 211//244 209//241
f 209//241 211//244 208//242
f 200//233 202//235 212//245
f 200//233 212//245 213//246
f 213//246 212//245 14//247
f 213//246 14//247 13//248
f 214//249 215//250 195//251
f 195//251 215//250 197//252
f 197//252 215//250 216//253
f 191//254 217//255 190//256
f 190//256 217//255 214//249
f 190//256 214//249 195//251
f 197//252 216//253 205//257
f 205//257 216//253 218//258
f 205//257 218//258 206//259
f 217//255 191//254 187//260
f 217//255 187//260 219//261
f 206//259 218//258 220//262
f 206//259 220//262 209//263
f 209//263 220//262 221//264
f 3//265 5//266 185//267
f 185//267 5//266 222//268
f 185//267 222//268 219//261
f 185//267 219//261 187//260
f 209//263 221//264 202//269
f 202//269 221//264 223//270
f 202//269 223//270 212//271
f 212//271 223//270 224//272
f 212//271 224//272 15//273
f 212//271 15//273 14//274
f 13//248 16//275 213//246
f 204//237 226//276 199//232
f 167//172 226//276 227//171
f 227//171 226//276 228//277
f 227//171 228//277 138//165
f 138//165 228//277 229//278
f 138//165 229//278 230//279
f 230//279 229//278 210//243
f 230//279 210//243 231//280
f 232//281 211//244 233//282
f 233//282 201//234 137//163
f 137//163 201//234 234//283
f 137//163 234//283 133//159
f 133//159 234//283 225//284
f 225//284 234//283 213//246
f 225//284 213//246 16//275
f 213//246 234//283 200//233
f 200//233 234//283 201//234
f 201//234 233//282 211//244
f 208//242 211//244 232//281
f 231//280 210//243 232//281
f 232//281 210//243 208//242
f 226//276 204//237 228//277
f 228//277 204//237 203//236
f 228//277 203//236 229//278
f 229//278 203//236 207//240
f 229//278 207//240 210//243
f 7//200 4//215 184//217
f 174//198 7//200 184//217
f 174//198 184//217 173//196
f 235//285 165//213 162//197
f 235//285 162//197 173//196
f 165//213 193//221 163//190
f 226//276 167//172 236//286
f 226//276 236//286 199//232
f 237//287 196//229 236//286
f 236//286 196//229 198//231
f 236//286 198//231 199//232
f 196//229 237//287 194//227
f 188//222 171//194 189//223
f 189//223 171//194 172//195
f 189//223 172//195 192//226
f 167//172 166//208 236//286
f 236//286 166//208 168//191
f 236//286 168//191 237//287
f 237//287 168//191 170//193
f 237//287 170//193 194//227
f 194//227 170//193 171//194
f 194//227 171//194 188//222
f 172//195 163//190 192//226
f 192//226 163//190 193//221
f 165//213 235//285 193//221
f 173//196 186//219 193//221
f 184//217 186//219 173//196
f 235//285 173//196 193//221
f 142//168 141//167 231//280
f 231//280 141//167 140//166
f 137//163 135//161 233//282
f 233//282 135//161 142//168
f 11//158 132//156 225//284
f 225//284 132//156 133//159
f 11//158 225//284 16//275
f 231//280 232//281 142//168
f 142//168 232//281 233//282
f 140//166 230//279 231//280
f 138//165 230//279 140//166
f 241//288 240//289 242//290
f 144//49 145//170 244//291
f 146//181 17//183 243//292
f 246//293 153//177 247//294
f 247//294 153//177 156//180
f 247//294 156//180 248//295
f 248//295 156//180 245//296
f 249//297 150//173 153//177
f 251//298 61//41 60//40
f 58//82 252//299 57//70
f 57//70 252//299 253//300
f 57//70 253//300 55//89
f 55//89 253//300 56//88
f 104//110 103//109 110//301
f 110//301 238//302 125//303
f 114//137 247//294 113//138
f 113//138 247//294 248//295
f 113//138 248//295 109//134
f 243//292 17//183 2//135
f 243//292 2//135 109//134
f 245//296 109//134 248//295
f 246//293 247//294 257//304
f 156//180 146//181 245//296
f 245//296 146//181 243//292
f 245//296 243//292 109//134
f 255//305 254//306 256//307
f 255//305 256//307 257//304
f 257//304 256//307 250//308
f 257//304 250//308 249//297
f 257//304 249//297 246//293
f 246//293 249//297 153//177
f 257//304 247//294 114//137
f 257//304 114//137 108//129
f 257//304 108//129 255//305
f 258//309 112//310 242//290
f 242//290 112//310 115//311
f 242//290 115//311 259//312
f 259//312 115//311 124//313
f 125//303 260//314 123//315
f 123//315 260//314 261//316
f 123//315 261//316 124//313
f 124//313 261//316 262//317
f 124//313 262//317 259//312
f 258//309 242//290 240//289
f 238//302 266//318 125//303
f 88//81 263//319 264//320
f 239//33 49//32 238//302
f 239//33 103//109 47//54
f 47//54 103//109 46//55
f 262//317 261//316 267//321
f 262//317 267//321 259//312
f 259//312 267//321 268//322
f 259//312 268//322 242//290
f 242//290 268//322 241//288
f 145//170 143//169 244//291
f 269//323 244//291 270//324
f 60//40 269//323 251//298
f 251//298 269//323 271//325
f 251//298 271//325 263//319
f 263//319 271//325 272//326
f 263//319 272//326 273//327
f 238//302 49//32 266//318
f 266//318 49//32 52//36
f 266//318 52//36 274//328
f 274//328 52//36 54//38
f 274//328 54//38 275//329
f 275//329 54//38 56//88
f 275//329 56//88 276//330
f 276//330 56//88 253//300
f 276//330 253//300 265//331
f 265//331 253//300 252//299
f 265//331 252//299 264//320
f 264//320 252//299 58//82
f 264//320 58//82 88//81
f 143//169 139//164 244//291
f 244//291 139//164 277//332
f 244//291 277//332 270//324
f 256//307 278//333 279//334
f 279//334 278//333 280//335
f 279//334 280//335 281//336
f 149//174 281//336 148//184
f 147//185 148//184 277//332
f 277//332 148//184 281//336
f 277//332 281//336 282//337
f 282//337 281//336 280//335
f 282//337 280//335 278//333
f 283//338 278//333 256//307
f 139//164 147//185 277//332
f 270//324 277//332 282//337
f 270//324 282//337 271//325
f 271//325 282//337 278//333
f 271//325 278//333 272//326
f 272//326 278//333 283//338
f 272//326 283//338 284//339
f 68//48 144//49 244//291
f 68//48 244//291 60//40
f 60//40 244//291 269//323
f 269//323 270//324 271//325
f 273//327 272//326 284//339
f 273//327 284//339 241//288
f 241//288 284//339 285//340
f 241//288 285//340 240//289
f 240//289 285//340 255//305
f 240//289 255//305 258//309
f 88//81 61//41 251//298
f 88//81 251//298 263//319
f 264//320 263//319 273//327
f 264//320 273//327 265//331
f 265//331 273//327 241//288
f 265//331 241//288 276//330
f 276//330 241//288 268//322
f 276//330 268//322 275//329
f 275//329 268//322 267//321
f 275//329 267//321 274//328
f 274//328 267//321 261//316
f 274//328 261//316 266//318
f 266//318 261//316 260//314
f 266//318 260//314 125//303
f 149//174 150//173 281//336
f 281//336 150//173 249//297
f 281//336 249//297 279//334
f 279//334 249//297 250//308
f 279//334 250//308 256//307
f 283//338 256//307 254//306
f 283//338 254//306 284//339
f 284//339 254//306 285//340
f 285//340 254//306 255//305
f 255//305 108//129 258//309
f 258//309 108//129 112//310
f 238//302 110//301 239//33
f 239//33 110//301 103//109
f 222//341 5//342 6//343
f 6//343 286//344 222//341
f 222//341 286//344 287//345
f 222//341 287//345 219//346
f 219//346 287//345 288//347
f 219//346 288//347 217//348
f 217//348 288//347 289//349
f 217//348 289//349 214//350
f 214//350 289//349 290//351
f 214//350 290//351 215//352
f 215//352 290//351 291//353
f 215//352 291//353 216//354
f 216//354 291//353 292//355
f 216//354 292//355 218//356
f 218//356 292//355 293//357
f 218//356 293//357 220//358
f 220//358 293//357 294//359
f 220//358 294//359 221//360
f 221//360 294//359 295//361
f 221//360 295//361 223//362
f 223//362 295//361 296//363
f 223//362 296//363 224//364
f 224//364 296//363 12//365
f 224//364 12//365 15//366
f 6//367 12//368 286//369
f 286//369 12//368 296//370
f 286//369 296//370 295//371
f 295//371 294//372 286//369
f 286//369 294//372 293//373
f 286//369 293//373 287//374
f 291//375 290//376 292//377
f 292//377 290//376 289//378
f 292//377 289//378 293//373
f 293//373 289//378 288//379
f 293//373 288//379 287//374
f 41//120 107//122 297//380
f 298//381 32//26 299//382
f 300//383 301//384 42//115
f 302//385 37//126 303//386
f 37//126 302//385 34//102
f 34//102 302//385 304//387
f 299//382 32//26 34//102
f 299//382 34//102 304//387
f 305//388 306//389 307//390
f 307//390 306//389 1//112
f 32//26 298//381 308//391
f 32//26 308//391 28//24
f 300//383 42//115 41//120
f 300//383 41//120 297//380
f 37//126 39//113 303//386
f 303//386 39//113 301//384
f 301//384 39//113 42//115
f 1//112 105//111 307//390
f 307//390 105//111 309//392
f 309//392 105//111 310//393
f 311//394 312//395 313//396
f 313//396 312//395 314//397
f 313//396 314//397 315//398
f 315//398 314//397 316//399
f 315//398 316//399 317//400
f 317//400 316//399 318//401
f 317//400 318//401 305//388
f 305//388 318//401 319//402
f 305//388 319//402 306//389
f 310//393 105//111 28//24
f 310//393 28//24 308//391
f 107//122 99//119 320//403
f 320//403 99//119 106//118
f 22//117 321//404 106//118
f 106//118 321//404 322//405
f 106//118 322//405 320//403
f 22//117 323//406 321//404
f 321//404 323//406 324//407
f 321//404 324//407 325//408
f 325//408 324//407 326//409
f 325//408 326//409 327//410
f 327//410 326//409 328//411
f 327//410 328//411 329//412
f 329//412 328//411 330//413
f 329//412 330//413 311//394
f 311//394 330//413 331//414
f 311//394 331//414 312//395
f 2//415 1//416 306//417
f 2//415 306//417 116//418
f 116//418 306//417 319//419
f 116//418 319//419 120//420
f 120//420 319//419 318//421
f 120//420 318//421 121//422
f 121//422 318//421 316//423
f 121//422 316//423 122//424
f 122//424 316//423 314//425
f 122//424 314//425 127//426
f 127//426 314//425 312//427
f 127//426 312//427 128//428
f 128//428 312//427 331//429
f 128//428 331//429 129//430
f 129//430 331//429 330//431
f 129//430 330//431 111//432
f 111//432 330//431 328//433
f 111//432 328//433 126//434
f 126//434 328//433 326//435
f 126//434 326//435 117//436
f 117//436 326//435 324//437
f 117//436 324//437 118//438
f 118//438 324//437 323//439
f 118//438 323//439 119//440
f 119//440 323//439 22//441
f 119//440 22//441 23//442
f 332//443 297//444 333//445
f 333//445 297//444 107//446
f 333//445 107//446 334//447
f 334//447 107//446 320//448
f 334//447 320//448 335//449
f 335//449 320//448 322//450
f 335//449 322//450 336//451
f 336//451 322//450 321//452
f 336//451 321//452 337//453
f 337//453 321//452 325//454
f 337//453 325//454 338//455
f 338//455 325//454 327//456
f 338//455 327//456 339//457
f 339//457 327//456 329//458
f 339//457 329//458 340//459
f 340//459 329//458 311//460
f 340//459 311//460 341//461
f 341//461 311//460 313//462
f 341//461 313//462 342//463
f 342//463 313//462 315//464
f 342//463 315//464 343//465
f 343//465 315//464 317//466
f 343//465 317//466 344//467
f 344//467 317//466 305//468
f 344//467 305//468 345//469
f 345//469 305//468 307//470
f 345//469 307//470 346//471
f 346//471 307//470 309//472
f 346//471 309//472 347//473
f 347//473 309//472 310//474
f 347//473 310//474 348//475
f 348//475 310//474 308//476
f 348//475 308//476 349//477
f 349//477 308//476 298//478
f 349//477 298//478 350//479
f 350//479 298//478 299//480
f 350//479 299//480 351//481
f 351//481 299//480 304//482
f 351//481 304//482 352//483
f 352//483 304//482 302//484
f 352//483 302//484 353//485
f 353//485 302//484 303//486
f 353//485 303//486 354//487
f 354//487 303//486 301//488
f 354//487 301//488 355//489
f 355//489 301//488 300//490
f 355//489 300//490 332//443
f 332//443 300//490 297//444
f 348//491 349//492 343//493
f 343//493 349//492 350//494
f 343//493 350//494 351//495
f 345//496 346//497 343//493
f 343//493 346//497 347//498
f 343//493 347//498 348//491
f 343//493 344//499 345//496
f 339//500 340//501 343//493
f 343//493 340//501 341//502
f 343//493 341//502 342//503
f 336//504 337//505 343//493
f 343//493 337//505 338//506
f 343//493 338//506 339//500
f 333//507 334//508 343//493
f 343//493 334//508 335//509
f 343//493 335//509 336//504
f 354//510 355//511 343//493
f 343//493 355//511 332//512
f 343//493 332//512 333//507
f 351//495 352//513 343//493
f 343//493 352//513 353//514
f 343//493 353//514 354//510
f 356//515 105//516 357//517
f 356//515 357//517 2//518
f 358//519 12//520 359//521
f 6//522 365//523 360//524
f 360//524 365//523 4//525
f 360//524 4//525 361//526
f 362//527 363//528 364//529
f 364//529 363//528 12//520
f 12//520 363//528 359//521
f 2//518 357//517 366//530
f 366//530 357//517 367//531
f 8//532 17//533 367//531
f 367//531 17//533 366//530
f 368//534 12//520 358//519
f 368//534 358//519 8//532
f 8//532 358//519 17//533
f 12//520 368//534 6//522
f 6//522 368//534 365//523
f 106//535 369//536 20//537
f 20//537 369//536 21//538
f 367//539 357//540 370//541
f 372//542 373//543 371//544
f 373//543 372//542 374//545
f 374//545 372//542 375//546
f 375//546 372//542 376//547
f 375//546 376//547 377//548
f 377//548 376//547 378//549
f 377//548 378//549 379//550
f 379//550 378//549 380//551
f 379//550 380//551 381//552
f 381//552 380//551 382//553
f 381//552 382//553 383//554
f 383//554 382//553 384//555
f 383//554 384//555 385//556
f 385//556 384//555 386//557
f 385//556 386//557 387//558
f 387//558 386//557 388//559
f 387//558 388//559 389//560
f 389//560 388//559 390//561
f 390//561 388//559 20//562
f 390//561 20//562 21//563
f 357//540 105//564 391//565
f 106//566 20//567 392//568
f 392//568 20//567 388//569
f 393//570 394//571 395//572
f 395//572 394//571 396//573
f 395//572 396//573 371//574
f 384//575 408//576 386//577
f 386//577 408//576 397//578
f 386//577 397//578 388//569
f 388//569 397//578 398//579
f 388//569 398//579 392//568
f 357//540 391//565 370//541
f 370//541 391//565 399//580
f 370//541 399//580 400//581
f 400//581 399//580 401//582
f 401//582 399//580 402//583
f 401//582 402//583 393//570
f 393//570 402//583 394//571
f 396//573 403//584 371//574
f 371//574 403//584 372//585
f 372//585 403//584 404//586
f 372//585 404//586 376//587
f 376//587 404//586 405//588
f 376//587 405//588 378//589
f 378//589 405//588 406//590
f 378//589 406//590 380//591
f 380//591 406//590 407//592
f 380//591 407//592 382//593
f 382//593 407//592 408//576
f 382//593 408//576 384//575
f 409//594 356//595 2//596
f 373//597 410//598 411//599
f 411//599 410//598 412//600
f 411//599 412//600 413//601
f 411//599 413//601 414//602
f 414//602 413//601 415//603
f 415//603 413//601 416//604
f 415//603 416//604 417//605
f 417//605 416//604 418//606
f 418//606 416//604 419//607
f 418//606 419//607 409//594
f 418//606 409//594 2//596
f 410//598 373//597 374//608
f 410//598 374//608 420//609
f 420//609 374//608 375//610
f 420//609 375//610 421//611
f 421//611 375//610 377//612
f 21//613 369//614 390//615
f 390//615 369//614 422//616
f 390//615 422//616 389//617
f 389//617 422//616 423//618
f 389//617 423//618 387//619
f 387//619 423//618 424//620
f 387//619 424//620 385//621
f 385//621 424//620 425//622
f 385//621 425//622 383//623
f 383//623 425//622 381//624
f 381//624 425//622 426//625
f 381//624 426//625 379//626
f 379//626 426//625 427//627
f 379//626 427//627 377//612
f 377//612 427//627 421//611
f 2//596 428//628 418//606
f 366//629 428//628 2//596
f 405//630 421//631 427//632
f 405//630 427//632 406//633
f 406//633 427//632 426//634
f 406//633 426//634 407//635
f 407//635 426//634 425//636
f 407//635 425//636 408//637
f 408//637 425//636 424//638
f 408//637 424//638 397//639
f 397//639 424//638 423//640
f 397//639 423//640 398//641
f 398//641 423//640 422//642
f 398//641 422//642 392//643
f 392//643 422//642 369//644
f 392//643 369//644 106//645
f 429//646 430//647 431//648
f 430//647 432//649 433//650
f 429//646 431//648 436//651
f 436//651 431//648 437//652
f 437//652 431//648 438//653
f 439//654 440//655 438//653
f 438//653 441//656 439//654
f 439//654 441//656 442//657
f 358//658 446//659 17//660
f 17//660 446//659 447//661
f 446//659 445//662 448//663
f 446//659 448//663 447//661
f 441//656 449//664 442//657
f 442//657 449//664 443//665
f 443//665 449//664 450//666
f 443//665 450//666 444//667
f 444//667 450//666 451//668
f 444//667 451//668 445//662
f 452//669 453//670 441//656
f 441//656 453//670 449//664
f 452//669 454//671 453//670
f 452//669 433//650 454//671
f 454//671 433//650 435//672
f 435//672 433//650 432//649
f 435//672 432//649 434//673
f 431//648 430//647 433//650
f 431//648 433//650 438//653
f 438//653 433//650 452//669
f 438//653 452//669 441//656
f 445//662 451//668 448//663
f 460//674 459//675 461//676
f 460//674 461//676 462//677
f 462//677 430//647 463//678
f 429//646 463//678 430//647
f 434//673 432//649 464//679
f 464//679 432//649 465//680
f 461//676 466//681 465//680
f 465//680 466//681 464//679
f 461//676 467//682 466//681
f 461//676 468//683 467//682
f 467//682 468//683 469//684
f 469//684 468//683 458//685
f 469//684 458//685 457//686
f 469//684 457//686 470//687
f 470//687 457//686 456//688
f 470//687 456//688 471//689
f 8//690 471//689 455//691
f 455//691 471//689 456//688
f 368//692 8//690 455//691
f 459//675 458//685 468//683
f 459//675 468//683 461//676
f 462//677 461//676 465//680
f 462//677 465//680 430//647
f 430//647 465//680 432//649
f 472//693 473//694 474//695
f 474//695 473//694 475//696
f 474//695 475//696 476//697
f 473//694 472//693 477//698
f 476//697 475//696 478//699
f 476//697 478//699 479//700
f 479//700 478//699 480//701
f 472//693 481//702 477//698
f 477//698 481//702 364//703
f 364//703 481//702 362//704
f 479//700 480//701 482//705
f 479//700 482//705 492//706
f 483//707 484//708 485//709
f 485//709 484//708 486//710
f 487//711 488//712 484//708
f 484//708 488//712 486//710
f 361//713 489//714 360//715
f 360//715 489//714 490//716
f 491//717 492//706 493//718
f 493//718 492//706 482//705
f 491//717 493//718 494//719
f 490//716 489//714 485//709
f 485//709 489//714 483//707
f 488//712 487//711 494//719
f 494//719 487//711 491//717
f 491//720 497//721 492//722
f 491//720 498//723 497//721
f 484//724 496//725 487//726
f 496//725 499//727 487//726
f 487//726 499//727 500//728
f 487//726 500//728 491//720
f 491//720 500//728 498//723
f 484//724 501//729 496//725
f 483//730 501//729 484//724
f 489//731 495//732 502//733
f 489//731 502//733 483//730
f 483//730 502//733 503//734
f 483//730 503//734 501//729
f 361//735 4//736 489//731
f 489//731 4//736 495//732
f 363//737 362//738 504//739
f 504//739 362//738 481//740
f 472//741 505//742 481//740
f 481//740 505//742 504//739
f 476//743 506//744 474//745
f 474//745 506//744 507//746
f 474//745 507//746 472//741
f 472//741 507//746 505//742
f 476//743 509//747 506//744
f 479//748 508//749 476//743
f 476//743 508//749 509//747
f 497//721 510//750 492//722
f 492//722 510//750 511//751
f 492//722 511//751 479//748
f 479//748 511//751 508//749
f 519//752 517//753 518//754
f 553//755 521//756 520//757
f 522//758 523//759 524//760
f 524//760 523//759 525//761
f 524//760 525//761 526//762
f 526//762 525//761 527//763
f 526//762 527//763 528//764
f 526//762 528//764 529//765
f 529//765 528//764 530//766
f 530//766 528//764 531//767
f 530//766 531//767 532//768
f 365//769 368//692 535//770
f 535//770 368//692 534//771
f 521//756 513//772 512//773
f 521//756 512//773 520//757
f 513//772 518//754 512//773
f 512//773 518//754 517//753
f 512//773 517//753 516//774
f 512//773 516//774 536//775
f 536//775 516//774 515//776
f 536//775 515//776 537//777
f 537//777 515//776 514//778
f 537//777 514//778 542//779
f 531//767 543//780 539//781
f 531//767 539//781 538//782
f 541//783 535//770 534//771
f 541//783 534//771 540//784
f 540//784 534//771 533//785
f 540//784 533//785 538//782
f 538//782 533//785 532//768
f 538//782 532//768 531//767
f 543//780 531//767 528//764
f 543//780 528//764 542//779
f 542//779 528//764 537//777
f 537//777 528//764 527//763
f 537//777 527//763 525//761
f 537//777 525//761 536//775
f 536//775 525//761 523//759
f 536//775 523//759 512//773
f 512//773 523//759 520//757
f 520//757 523//759 522//758
f 544//786 358//658 359//787
f 546//788 545//789 564//790
f 546//788 564//790 562//791
f 546//788 562//791 547//792
f 547//792 562//791 561//793
f 547//792 561//793 559//794
f 521//756 553//755 552//795
f 551//796 552//795 553//755
f 513//772 552//795 554//797
f 519//752 518//754 554//797
f 554//797 518//754 513//772
f 558//798 557//799 559//794
f 558//798 559//794 560//800
f 560//800 559//794 561//793
f 560//800 561//793 562//791
f 563//801 562//791 564//790
f 544//786 359//787 565//802
f 545//789 544//786 565//802
f 545//789 565//802 563//801
f 513//772 521//756 552//795
f 566//803 552//795 551//796
f 566//803 551//796 567//804
f 567//804 551//796 550//805
f 567//804 550//805 568//806
f 568//806 550//805 549//807
f 568//806 549//807 548//808
f 554//797 552//795 555//809
f 555//809 552//795 566//803
f 555//809 566//803 556//810
f 556//810 566//803 567//804
f 556//810 567//804 557//799
f 557//799 567//804 568//806
f 557//799 568//806 559//794
f 559//794 568//806 548//808
f 563//801 564//790 545//789
f 358//658 569//811 446//659
f 569//811 546//788 446//659
f 446//659 546//788 445//662
f 570//812 442//657 443//665
f 570//812 443//665 444//667
f 547//792 444//667 445//662
f 440//655 437//652 438//653
f 429//646 436//651 553//755
f 436//651 437//652 553//755
f 553//755 437//652 551//796
f 551//796 437//652 440//655
f 551//796 440//655 550//805
f 550//805 440//655 549//807
f 549//807 440//655 570//812
f 549//807 570//812 548//808
f 548//808 570//812 444//667
f 548//808 444//667 559//794
f 559//794 444//667 547//792
f 547//792 445//662 546//788
f 546//788 569//811 545//789
f 545//789 569//811 544//786
f 544//786 569//811 358//658
f 570//812 440//655 439//654
f 570//812 439//654 442//657
f 363//737 504//739 565//802
f 363//737 565//802 359//787
f 565//802 504//739 563//801
f 504//739 505//742 563//801
f 563//801 505//742 507//746
f 563//801 507//746 562//791
f 562//791 507//746 560//800
f 560//800 507//746 506//744
f 560//800 506//744 509//747
f 560//800 509//747 558//798
f 558//798 509//747 557//799
f 557//799 509//747 508//749
f 557//799 508//749 556//810
f 556//810 508//749 555//809
f 511//751 554//797 555//809
f 511//751 555//809 508//749
f 511//751 510//750 554//797
f 554//797 510//750 497//721
f 554//797 497//721 519//752
f 519//752 497//721 517//753
f 497//721 498//723 517//753
f 517//753 498//723 500//728
f 517//753 500//728 516//774
f 516//774 500//728 515//776
f 515//776 500//728 499//727
f 515//776 499//727 514//778
f 499//727 496//725 514//778
f 514//778 496//725 542//779
f 542//779 496//725 501//729
f 542//779 501//729 543//780
f 543//780 501//729 539//781
f 539//781 501//729 538//782
f 538//782 501//729 503//734
f 538//782 503//734 540//784
f 503//734 502//733 540//784
f 540//784 502//733 541//783
f 502//733 495//732 541//783
f 541//783 495//732 535//770
f 535//770 495//732 365//769
f 365//769 495//732 4//736
f 571//813 572//814 455//691
f 534//771 572//814 571//813
f 534//771 571//813 533//785
f 533//785 571//813 574//815
f 533//785 574//815 532//768
f 532//768 574//815 530//766
f 529//765 573//816 526//762
f 526//762 460//674 524//760
f 460//674 462//677 524//760
f 524//760 462//677 463//678
f 524//760 463//678 522//758
f 522//758 463//678 520//757
f 368//692 572//814 534//771
f 455//691 572//814 368//692
f 460//674 526//762 573//816
f 460//674 573//816 459//675
f 459//675 573//816 529//765
f 459//675 529//765 530//766
f 459//675 530//766 458//685
f 458//685 530//766 574//815
f 458//685 574//815 457//686
f 457//686 574//815 571//813
f 457//686 571//813 456//688
f 456//688 571//813 455//691
f 463//678 429//646 520//757
f 520//757 429//646 553//755
f 577//817 467//682 578//818
f 580//819 579//820 581//821
f 464//679 582//822 434//673
f 434//673 582//822 583//823
f 588//824 471//689 8//690
f 588//824 8//690 367//539
f 586//825 581//821 589//826
f 589//826 581//821 579//820
f 589//826 579//820 590//827
f 591//828 466//681 577//817
f 577//817 466//681 467//682
f 590//827 579//820 592//829
f 592//829 579//820 577//817
f 584//830 582//822 580//819
f 580//819 582//822 464//679
f 580//819 464//679 591//828
f 591//828 464//679 466//681
f 594//831 593//832 595//833
f 594//831 595//833 401//582
f 596//834 595//833 597//835
f 597//835 595//833 593//832
f 597//835 593//832 592//829
f 592//829 593//832 590//827
f 598//836 596//834 578//818
f 578//818 596//834 597//835
f 578//818 597//835 577//817
f 577//817 597//835 592//829
f 586//825 589//826 585//837
f 585//837 371//544 373//543
f 470//687 600//838 469//684
f 467//682 469//684 578//818
f 578//818 469//684 599//839
f 599//839 469//684 600//838
f 599//839 600//838 588//824
f 588//824 600//838 470//687
f 588//824 470//687 471//689
f 581//821 584//830 580//819
f 579//820 580//819 591//828
f 579//820 591//828 577//817
f 578//818 599//839 598//836
f 598//836 599//839 588//824
f 393//840 395//841 587//842
f 587//842 395//841 371//544
f 401//582 393//840 576//843
f 576//843 393//840 575//844
f 575//844 393//840 601//845
f 602//846 575//844 601//845
f 602//846 601//845 603//847
f 602//846 603//847 590//827
f 587//842 585//837 603//847
f 601//845 393//840 587//842
f 601//845 587//842 603//847
f 587//842 371//544 585//837
f 603//847 585//837 589//826
f 603//847 589//826 590//827
f 602//846 590//827 593//832
f 602//846 593//832 575//844
f 575//844 593//832 594//831
f 575//844 594//831 576//843
f 576//843 594//831 401//582
f 401//582 595//833 400//581
f 400//581 595//833 596//834
f 400//581 596//834 598//836
f 400//581 598//836 588//824
f 400//581 588//824 370//541
f 370//541 588//824 367//539
f 585//837 373//543 611//848
f 606//849 586//825 611//848
f 611//848 586//825 585//837
f 583//823 584//830 604//850
f 604//850 584//830 581//821
f 604//850 581//821 607//851
f 607//851 581//821 606//849
f 606//849 581//821 586//825
f 583//823 582//822 584//830
f 608//852 449//664 453//670
f 447//661 366//629 17//660
f 609//853 428//628 447//661
f 447//661 428//628 366//629
f 373//543 411//854 610//855
f 614//856 615//857 612//858
f 612//858 414//859 613//860
f 613//860 414//859 415//861
f 415//861 616//862 613//860
f 613//860 616//862 617//863
f 613//860 617//863 612//858
f 612//858 617//863 614//856
f 450//666 449//664 618//864
f 618//864 449//664 619//865
f 619//865 449//664 608//852
f 417//605 418//606 620//866
f 620//866 418//606 621//867
f 621//867 418//606 605//868
f 621//867 605//868 622//869
f 418//606 428//628 605//868
f 605//868 428//628 609//853
f 605//868 609//853 622//869
f 622//869 609//853 447//661
f 622//869 447//661 448//663
f 623//870 614//856 624//871
f 624//871 614//856 617//863
f 624//871 617//863 625//872
f 625//872 617//863 616//862
f 625//872 616//862 620//866
f 454//671 435//672 626//873
f 454//671 626//873 453//670
f 453//670 626//873 627//874
f 453//670 627//874 608//852
f 608//852 627//874 619//865
f 619//865 627//874 621//867
f 435//672 623//870 626//873
f 626//873 623//870 624//871
f 626//873 624//871 625//872
f 626//873 625//872 627//874
f 627//874 625//872 620//866
f 627//874 620//866 621//867
f 606//849 611//848 615//857
f 606//849 615//857 607//851
f 373//543 610//855 611//848
f 434//673 583//823 435//672
f 435//672 583//823 623//870
f 623//870 583//823 604//850
f 623//870 604//850 614//856
f 614//856 604//850 607//851
f 614//856 607//851 615//857
f 612//858 615//857 611//848
f 612//858 611//848 610//855
f 612//858 610//855 411//854
f 612//858 411//854 414//859
f 415//861 417//605 616//862
f 616//862 417//605 620//866
f 619//865 621//867 622//869
f 619//865 622//869 618//864
f 618//864 622//869 450//666
f 450//666 622//869 448//663
f 450//666 448//663 451//668
f 356//875 409//876 105//877
f 105//877 409//876 391//878
f 409//876 399//879 391//878
f 409//876 419//880 399//879
f 399//879 419//880 416//881
f 399//879 416//881 402//882
f 402//882 416//881 413//883
f 402//882 413//883 394//884
f 394//884 413//883 412//885
f 394//884 412//885 396//886
f 396//886 412//885 410//887
f 396//886 410//887 403//888
f 403//888 410//887 420//889
f 403//888 420//889 404//890
f 404//890 420//889 421//631
f 404//890 421//631 405//630
f 364//891 12//892 477//893
f 477//893 12//892 628//894
f 477//893 628//894 473//895
f 473//895 628//894 629//896
f 473//895 629//896 475//897
f 475//897 629//896 630//898
f 475//897 630//898 478//899
f 478//899 630//898 631//900
f 478//899 631//900 480//901
f 480//901 631//900 632//902
f 480//901 632//902 482//903
f 482//903 632//902 633//904
f 482//903 633//904 493//905
f 493//905 633//904 634//906
f 493//905 634//906 494//907
f 494//907 634//906 635//908
f 494//907 635//908 488//909
f 488//909 635//908 636//910
f 488//909 636//910 486//911
f 486//911 636//910 637//912
f 486//911 637//912 485//913
f 485//913 637//912 638//914
f 485//913 638//914 490//915
f 490//915 638//914 639//916
f 490//915 639//916 360//917
f 360//917 639//916 6//918
f 12//919 6//920 639//921
f 630//922 629//923 639//921
f 639//921 629//923 628//924
f 639//921 628//924 12//919
f 637//925 633//926 632//927
f 637//925 636//928 633//926
f 633//926 636//928 635//929
f 633//926 635//929 634//930
f 639//921 638//931 630//922
f 630//922 638//931 637//925
f 630//922 637//925 631//932
f 631//932 637//925 632//927
f 647//933 642//934 643//935
f 644//936 645//937 646//938
f 640//939 647//933 643//935
f 640//939 643//935 648//940
f 648//940 643//935 646//938
f 646//938 643//935 644//936
f 646//938 645//937 649//941
f 643//935 642//934 650//942
f 651//943 649//941 652//944
f 649//941 651//943 646//938
f 650//942 642//934 653//945
f 653//945 642//934 654//946
f 654//946 655//947 653//945
f 653//945 655//947 656//948
f 651//943 652//944 657//949
f 657//949 658//950 651//943
f 651//943 658//950 659//951
f 656//948 660//952 653//945
f 653//945 660//952 661//953
f 653//945 661//953 662//954
f 651//943 659//951 663//955
f 668//956 669//957 670//958
f 664//959 672//960 665//961
f 673//962 674//963 675//964
f 678//965 679//966 669//957
f 669//957 679//966 670//958
f 671//967 680//968 664//959
f 664//959 680//968 672//960
f 676//969 677//970 667//971
f 676//969 667//971 681//972
f 681//972 667//971 666//973
f 681//972 666//973 682//974
f 668//956 683//975 684//976
f 684//976 683//975 685//977
f 684//976 685//977 686//978
f 686//978 685//977 687//979
f 686//978 687//979 688//980
f 688//980 687//979 666//973
f 688//980 666//973 667//971
f 665//961 689//981 664//959
f 664//959 689//981 690//982
f 690//982 689//981 691//983
f 690//982 691//983 641//984
f 641//984 691//983 692//985
f 641//984 692//985 693//986
f 693//986 692//985 694//987
f 694//987 692//985 673//962
f 694//987 673//962 713//988
f 683//975 668//956 670//958
f 683//975 670//958 695//989
f 695//989 670//958 696//990
f 695//989 696//990 697//991
f 697//991 696//990 698//992
f 697//991 698//992 699//993
f 699//993 698//992 700//994
f 699//993 700//994 701//995
f 699//993 701//995 702//996
f 702//996 701//995 703//997
f 702//996 703//997 704//998
f 702//996 704//998 705//999
f 705//999 704//998 706//1000
f 705//999 706//1000 707//1001
f 705//999 707//1001 664//959
f 664//959 707//1001 671//967
f 708//1002 709//1003 710//1004
f 710//1004 709//1003 711//1005
f 710//1004 711//1005 712//1006
f 712//1006 711//1005 713//988
f 712//1006 713//988 714//1007
f 714//1007 713//988 673//962
f 714//1007 673//962 715//1008
f 715//1008 673//962 675//964
f 682//974 666//973 716//1009
f 682//974 716//1009 717//1010
f 717//1010 716//1009 718//1011
f 720//1012 719//1013 721//1014
f 720//1012 721//1014 722//1015
f 722//1015 721//1014 723//1016
f 723//1016 721//1014 724//1017
f 723//1016 724//1017 725//1018
f 725//1018 724//1017 726//1019
f 725//1018 726//1019 727//1020
f 727//1020 726//1019 728//1021
f 728//1021 726//1019 729//1022
f 728//1021 729//1022 708//1002
f 708//1002 729//1022 709//1003
f 716//1009 719//1013 718//1011
f 718//1011 719//1013 720//1012
f 719//1023 643//1024 650//1025
f 740//1026 730//1027 731//1028
f 740//1026 731//1028 732//1029
f 740//1026 732//1029 733//1030
f 640//1031 641//1032 693//1033
f 694//1034 647//1035 693//1033
f 693//1033 647//1035 640//1031
f 647//1035 694//1034 642//1036
f 642//1036 694//1034 713//1037
f 642//1036 713//1037 711//1038
f 642//1036 711//1038 654//1039
f 654//1039 711//1038 709//1040
f 654//1039 709//1040 655//1041
f 709//1040 729//1042 655//1041
f 655//1041 729//1042 656//1043
f 656//1043 729//1042 726//1044
f 656//1043 726//1044 660//1045
f 660//1045 726//1044 724//1046
f 660//1045 724//1046 661//1047
f 661//1047 724//1046 721//1048
f 661//1047 721//1048 662//1049
f 662//1049 721//1048 653//1050
f 653//1050 721//1048 719//1023
f 653//1050 719//1023 650//1025
f 734//1051 735//1052 736//1053
f 737//1054 736//1053 787//1055
f 737//1054 787//1055 789//1056
f 734//1051 736//1053 793//1057
f 739//1058 730//1027 740//1026
f 739//1058 740//1026 793//1057
f 793//1057 740//1026 738//1059
f 741//1060 738//1059 785//1061
f 742//1062 743//1063 739//1058
f 739//1058 743//1063 730//1027
f 738//1059 741//1060 793//1057
f 793//1057 741//1060 734//1051
f 753//1064 744//1065 745//1066
f 753//1064 745//1066 787//1055
f 787//1055 745//1066 789//1056
f 747//1067 746//1068 748//1069
f 747//1067 748//1069 749//1070
f 736//1053 735//1052 750//1071
f 785//1061 751//1072 741//1060
f 741//1060 751//1072 752//1073
f 750//1071 787//1055 736//1053
f 753//1064 788//1074 748//1069
f 748//1069 788//1074 749//1070
f 744//1065 753//1064 748//1069
f 786//1075 754//1076 755//1077
f 752//1073 751//1072 754//1076
f 752//1073 754//1076 786//1075
f 870//1078 756//1079 776//1080
f 870//1078 776//1080 757//1081
f 758//1082 759//1083 757//1081
f 757//1081 776//1080 758//1082
f 760//1084 731//1085 730//1086
f 761//1087 732//1088 731//1085
f 761//1087 731//1085 760//1084
f 762//1089 732//1088 761//1087
f 834//1090 773//1091 767//1092
f 779//1093 771//1094 843//1095
f 783//1096 769//1096 782//1096
f 742//1097 739//1098 791//1099
f 791//1099 739//1098 792//1100
f 792//1101 793//1101 790//1101
f 792//1102 739//1102 793//1102
f 790//1103 793//1104 736//1105
f 794//1106 777//1107 756//1108
f 756//1108 777//1107 776//1109
f 797//1110 796//1111 795//1112
f 795//1112 798//1113 797//1110
f 795//1112 796//1111 756//1108
f 756//1108 796//1111 794//1106
f 801//1114 799//1115 800//1116
f 798//1113 800//1116 797//1110
f 800//1116 799//1115 797//1110
f 799//1115 801//1114 802//1117
f 807//1118 806//1119 808//1120
f 807//1118 808//1120 809//1121
f 809//1122 808//1122 810//1122
f 811//1123 799//1115 802//1117
f 811//1123 802//1117 812//1124
f 811//1123 812//1124 810//1125
f 810//1125 812//1124 813//1126
f 810//1125 813//1126 814//1127
f 810//1125 814//1127 809//1128
f 809//1128 814//1127 815//1129
f 809//1128 815//1129 807//1118
f 807//1118 815//1129 816//1130
f 807//1118 816//1130 817//1131
f 807//1118 817//1131 806//1119
f 806//1119 817//1131 818//1132
f 806//1119 818//1132 805//1133
f 806//1119 805//1133 803//1134
f 803//1134 805//1133 804//1135
f 804//1135 821//1136 803//1134
f 820//1137 819//1138 821//1136
f 821//1136 819//1138 803//1134
f 819//1138 781//1139 780//1140
f 820//1137 781//1139 819//1138
f 759//1141 788//1074 753//1064
f 759//1141 753//1064 757//1081
f 823//1142 822//1143 714//1144
f 714//1144 822//1143 712//1145
f 682//1146 825//1147 681//1148
f 681//1148 825//1147 824//1149
f 827//1150 826//1151 667//1152
f 667//1152 826//1151 688//1153
f 668//1154 829//1155 669//1156
f 669//1156 829//1155 828//1157
f 838//1158 696//1159 830//1160
f 670//1161 830//1160 696//1159
f 707//1162 842//1163 671//1164
f 671//1164 842//1163 831//1165
f 832//1166 689//1167 833//1168
f 665//1169 833//1168 689//1167
f 767//1092 830//1170 834//1090
f 767//1092 838//1171 830//1170
f 769//1172 835//1173 768//1174
f 768//1174 835//1173 831//1175
f 768//1174 831//1175 842//1176
f 836//1177 837//1178 765//1179
f 765//1179 837//1178 838//1171
f 765//1179 838//1171 767//1092
f 765//1179 766//1180 836//1177
f 836//1177 766//1180 839//1181
f 839//1181 766//1180 763//1182
f 839//1181 763//1182 840//1183
f 840//1183 763//1182 764//1184
f 840//1183 764//1184 841//1185
f 841//1185 764//1184 770//1186
f 841//1185 770//1186 842//1176
f 842//1176 770//1186 768//1174
f 771//1094 827//1187 843//1095
f 771//1094 826//1188 827//1187
f 773//1091 844//1189 772//1190
f 772//1190 844//1189 828//1191
f 774//1192 846//1193 771//1094
f 771//1094 846//1193 845//1194
f 771//1094 845//1194 826//1188
f 775//1195 847//1196 774//1192
f 774//1192 847//1196 846//1193
f 828//1191 829//1197 772//1190
f 772//1190 829//1197 847//1196
f 772//1190 847//1196 775//1195
f 780//1198 781//1199 762//1200
f 762//1200 761//1201 848//1202
f 780//1198 762//1200 848//1202
f 780//1198 848//1202 784//1203
f 784//1203 848//1202 832//1204
f 784//1203 832//1204 782//1205
f 832//1204 833//1206 782//1205
f 848//1202 761//1201 760//1207
f 850//1208 788//1074 759//1141
f 737//1209 823//1210 736//1211
f 737//1209 822//1212 823//1210
f 737//1209 849//1213 822//1212
f 737//1209 789//1214 849//1213
f 849//1213 789//1214 851//1215
f 851//1215 789//1214 745//1216
f 851//1215 745//1216 852//1217
f 852//1217 745//1216 744//1218
f 852//1217 744//1218 853//1219
f 853//1219 744//1218 748//1220
f 853//1219 748//1220 746//1221
f 853//1219 746//1221 854//1222
f 854//1222 746//1221 855//1223
f 746//1221 747//1224 855//1223
f 855//1223 747//1224 856//1225
f 856//1225 747//1224 749//1226
f 856//1225 749//1226 850//1208
f 850//1208 749//1226 788//1074
f 824//1227 825//1228 778//1229
f 778//1229 779//1230 857//1231
f 778//1229 857//1231 824//1227
f 778//1229 825//1228 858//1232
f 778//1229 858//1232 777//1107
f 777//1107 858//1232 758//1233
f 777//1107 758//1233 776//1109
f 740//1026 733//1030 738//1059
f 738//1059 733//1030 785//1061
f 859//1234 751//1072 785//1061
f 859//1234 785//1061 733//1030
f 860//1235 751//1072 859//1234
f 860//1235 754//1076 751//1072
f 754//1076 860//1235 861//1236
f 754//1076 861//1236 755//1077
f 755//1077 861//1236 862//1237
f 755//1077 862//1237 786//1075
f 786//1075 862//1237 863//1238
f 863//1238 752//1073 786//1075
f 752//1073 863//1238 864//1239
f 752//1073 864//1239 741//1060
f 741//1060 864//1239 865//1240
f 741//1060 865//1240 734//1051
f 865//1240 866//1241 734//1051
f 734//1051 866//1241 735//1242
f 735//1242 866//1241 867//1243
f 735//1242 867//1243 750//1071
f 868//1244 787//1055 750//1071
f 868//1244 750//1071 867//1243
f 787//1055 868//1244 869//1245
f 869//1245 870//1078 787//1055
f 753//1064 787//1055 870//1078
f 753//1064 870//1078 757//1081
f 804//1135 859//1234 733//1246
f 804//1135 733//1246 821//1136
f 733//1246 820//1137 821//1136
f 868//1244 800//1116 798//1113
f 800//1116 868//1244 867//1247
f 866//1241 801//1114 867//1247
f 867//1247 801//1114 800//1116
f 756//1079 870//1078 795//1112
f 870//1078 869//1245 795//1112
f 795//1112 869//1245 798//1113
f 798//1113 869//1245 868//1244
f 823//1142 714//1144 736//1248
f 736//1248 714//1144 715//1249
f 736//1105 715//1250 790//1103
f 790//1103 715//1250 675//1251
f 790//1103 675//1251 792//1252
f 792//1252 675//1251 674//1253
f 792//1252 674//1253 791//1099
f 791//1099 674//1253 673//1254
f 791//1099 673//1254 742//1097
f 827//1150 667//1152 843//1255
f 843//1255 667//1152 677//1256
f 676//1257 779//1258 677//1259
f 677//1259 779//1258 843//1260
f 681//1148 824//1149 676//1257
f 676//1257 824//1149 857//1261
f 676//1257 857//1261 779//1258
f 833//1168 665//1169 782//1262
f 782//1262 665//1169 672//1263
f 672//1264 783//1265 782//1266
f 680//1267 769//1268 672//1264
f 672//1264 769//1268 783//1265
f 671//1164 831//1165 680//1267
f 680//1267 831//1165 835//1269
f 680//1267 835//1269 769//1268
f 830//1160 670//1161 834//1270
f 834//1270 670//1161 679//1271
f 678//1272 773//1273 679//1274
f 679//1274 773//1273 834//1275
f 669//1156 828//1157 678//1272
f 678//1272 828//1157 844//1276
f 678//1272 844//1276 773//1273
f 820//1137 733//1246 781//1139
f 781//1139 733//1246 732//1088
f 781//1139 732//1088 762//1089
f 859//1234 804//1135 805//1133
f 859//1234 805//1133 860//1235
f 860//1235 805//1133 818//1132
f 816//1130 862//1237 861//1236
f 816//1130 861//1236 817//1131
f 817//1131 861//1236 818//1132
f 818//1132 861//1236 860//1235
f 801//1114 866//1241 802//1117
f 802//1117 866//1241 865//1240
f 802//1117 865//1240 812//1124
f 812//1124 865//1240 864//1239
f 812//1124 864//1239 813//1126
f 813//1126 864//1239 814//1127
f 814//1127 864//1239 863//1238
f 814//1127 863//1238 815//1129
f 815//1129 863//1238 862//1237
f 815//1129 862//1237 816//1130
f 799//1115 811//1277 772//1190
f 772//1190 811//1277 773//1091
f 773//1091 811//1277 810//1278
f 771//1094 779//1093 794//1106
f 794//1106 779//1093 778//1279
f 794//1106 778//1279 777//1107
f 771//1094 794//1106 796//1111
f 771//1094 796//1111 774//1280
f 774//1280 796//1111 775//1281
f 775//1281 796//1111 772//1190
f 772//1190 796//1111 797//1110
f 782//1282 769//1283 806//1119
f 806//1119 769//1283 768//1284
f 806//1119 768//1284 770//1285
f 806//1119 770//1285 808//1120
f 808//1120 770//1285 764//1286
f 808//1120 764//1286 763//1287
f 808//1120 763//1287 766//1288
f 808//1120 766//1288 810//1278
f 810//1278 766//1288 765//1289
f 810//1278 765//1289 767//1092
f 810//1278 767//1092 773//1091
f 819//1138 780//1140 784//1290
f 797//1110 799//1115 772//1190
f 803//1134 782//1282 806//1119
f 782//1282 803//1134 819//1138
f 782//1282 819//1138 784//1290
f 826//1151 845//1291 688//1153
f 688//1153 845//1291 686//1292
f 846//1293 686//1292 845//1291
f 847//1294 684//1295 846//1293
f 846//1293 684//1295 686//1292
f 829//1155 668//1154 847//1294
f 847//1294 668//1154 684//1295
f 696//1159 838//1158 698//1296
f 698//1296 838//1158 837//1297
f 698//1296 837//1297 700//1298
f 837//1297 836//1299 700//1298
f 700//1298 836//1299 701//1300
f 836//1299 839//1301 701//1300
f 840//1302 703//1303 701//1300
f 840//1302 701//1300 839//1301
f 703//1303 840//1302 704//1304
f 704//1304 840//1302 841//1305
f 704//1304 841//1305 706//1306
f 842//1163 707//1162 706//1306
f 842//1163 706//1306 841//1305
f 692//1307 730//1086 743//1308
f 692//1307 691//1309 848//1310
f 848//1310 760//1084 692//1307
f 692//1307 760//1084 730//1086
f 848//1310 691//1309 832//1166
f 832//1166 691//1309 689//1167
f 742//1311 673//1312 743//1308
f 743//1308 673//1312 692//1307
f 643//1024 719//1023 716//1313
f 643//1024 716//1313 644//1314
f 644//1314 716//1313 666//1315
f 644//1314 666//1315 645//1316
f 645//1316 666//1315 687//1317
f 645//1316 687//1317 649//1318
f 649//1318 687//1317 685//1319
f 649//1318 685//1319 652//1320
f 652//1320 685//1319 683//1321
f 652//1320 683//1321 657//1322
f 657//1322 683//1321 695//1323
f 657//1322 695//1323 697//1324
f 657//1322 697//1324 658//1325
f 658//1325 697//1324 699//1326
f 658//1325 699//1326 659//1327
f 659//1327 699//1326 702//1328
f 659//1327 702//1328 663//1329
f 663//1329 702//1328 705//1330
f 663//1329 705//1330 651//1331
f 651//1331 705//1330 664//1332
f 651//1331 664//1332 646//1333
f 646//1333 664//1332 690//1334
f 646//1333 690//1334 648//1335
f 648//1335 690//1334 641//1032
f 648//1335 641//1032 640//1031
f 825//1147 682//1146 717//1336
f 758//1337 858//1338 718//1339
f 718//1339 858//1338 717//1336
f 717//1336 858//1338 825//1147
f 850//1340 759//1341 720//1342
f 720//1342 759//1341 758//1337
f 720//1342 758//1337 718//1339
f 712//1145 822//1143 710//1343
f 710//1343 822//1143 849//1344
f 851//1345 708//1346 849//1344
f 849//1344 708//1346 710//1343
f 708//1346 851//1345 852//1347
f 708//1346 852//1347 728//1348
f 728//1348 852//1347 727//1349
f 727//1349 852//1347 853//1350
f 854//1351 725//1352 853//1350
f 853//1350 725//1352 727//1349
f 854//1351 855//1353 725//1352
f 725//1352 855//1353 723//1354
f 723//1354 855//1353 722//1355
f 722//1355 855//1353 856//1356
f 722//1355 856//1356 850//1340
f 722//1355 850//1340 720//1342
