# G1 exterior visual; derived from pinned Unitree/TWIST2 CAD.
v 0.0247066878 0.0177699737 0.00674112886
v 0.0249025878 0.0178220887 0.00837005675
v 0.0232088547 0.0177579653 0.00524006691
v 0.0212735645 0.0177918486 0.0051315832
v 0.019575458 0.0176535435 0.00611285679
v 0.0192787126 0.0179410446 0.00707917428
v 0.0189695824 0.0176269002 0.00799995009
v 0.0196213331 0.017761996 0.00985126942
v 0.0214541685 0.0178238712 0.0109013608
v 0.0230568741 0.0176442768 0.0108597875
v 0.0244256128 0.0178000275 0.0097613195
v 0.0191037785 -0.0179639254 0.00861083157
v 0.02006221 -0.0180310309 0.0102105923
v 0.0217762291 -0.0177641641 0.011030931
v 0.0234281998 -0.0179719478 0.0106037036
v 0.0250051413 -0.0179097373 0.00850185752
v 0.0243954863 -0.0180017315 0.00625595264
v 0.0227196142 -0.0177641548 0.00504706334
v 0.0210198201 -0.0179719534 0.00519657088
v 0.0193895698 -0.0179275405 0.00658723107
v -0.0262117479 -0.00198186957 -0.0138621265
v -0.0263842214 -0.00823553372 -0.0112876929
v -0.0262093656 -0.0118513312 -0.00754471635
v -0.0263943207 -0.0136769973 -0.00293023861
v -0.0262117479 -0.0111090839 0.00859249104
v -0.0262010451 -0.00571300974 0.0128110312
v -0.0263928734 -0.000792062434 0.0139074028
v -0.0262173973 0.00434793252 0.0132788075
v -0.026393503 0.01279514 0.00534604024
v -0.0264411885 0.0138302939 -0.00100376213
v -0.0261073429 0.0120161353 -0.00719942665
v -0.0263943169 0.00928115379 -0.01032463
v -0.0264235567 -0.0123395259 0.00652014464
v -0.0264312439 -0.0135553684 0.00345989643
v -0.0264111087 0.0115743 0.00761112943
v -0.0262021627 0.0101146959 0.00961453188
v -0.0264749881 0.00409935927 -0.0131649543
v -0.0264730919 0.00794197246 0.0112755271
v -0.0264091101 0.000363161089 -0.0139029343
v -0.0261876993 0.00663317321 -0.0123048397
v -0.0261996556 0.00735842669 0.0118835736
v -0.0261876993 -0.014067906 0.000353096082
v -0.0264630914 0.0117029082 -0.00721646333
v -0.0263883509 0.0133196181 -0.00380505039
v -0.0261888038 0.0137850437 0.00212420896
v -0.02640922 0.0020412209 0.0137498491
v -0.0264116693 -0.00333010778 0.0135165034
v -0.0264740363 -0.00802304875 0.0112837749
v -0.0261193551 -0.00880422443 0.010966748
v -0.0264104996 -0.0128839454 -0.00538463332
v -0.0264089536 -0.0103643183 -0.00934614986
v -0.0264057089 -0.00512559991 -0.0129886316
v -0.0261205845 0.00324915932 -0.0136185512
v -0.0185716022 0.00382476905 -0.0133464681
v -0.0185903888 0.00145970844 -0.0138157718
v -0.0188162774 -0.00105219765 -0.0139530096
v -0.0185947698 -0.00332162296 -0.0135162408
v -0.0188086517 -0.00687150145 -0.0122750718
v -0.0186441075 -0.00967477728 -0.0100827599
v -0.0185812637 -0.0112441927 -0.00827059615
v -0.0185755398 -0.0129485056 -0.00528541114
v -0.0188095905 -0.0138412248 -0.00268616504
v -0.0185835995 -0.0139289247 0.000934895244
v -0.0188013446 -0.0133289099 0.004573707
v -0.0187314656 -0.0109642306 0.00880427007
v -0.0185891036 -0.00834112614 0.0111768814
v -0.0185904354 -0.00613873359 0.0124997348
v -0.0188115686 -0.0027138656 0.0137859602
v -0.0185965449 0.000946337881 0.013864236
v -0.0188161489 0.00334919128 0.0135652451
v -0.0185828079 0.0055306768 0.0127193155
v -0.0188125912 0.00779732363 0.011567519
v -0.0185832456 0.00955667626 0.0100292871
v -0.0186866019 0.011217529 0.00819430221
v -0.0185978394 0.0124371629 0.00609654887
v -0.0188137069 0.0137293236 0.00262231589
v -0.0188013595 0.0137957782 -0.00219537225
v -0.0188163277 0.0127170859 -0.00568565819
v -0.0185834952 0.0114601972 -0.00776250428
v -0.0188161377 0.009978313 -0.0097378809
v -0.0185927097 0.00816952623 -0.0112011451
v -0.0188125689 0.00602407008 -0.0125913145
v -0.0185189694 -0.00628916686 -0.0122256828
v -0.0185250603 -0.0126815615 0.00546726724
v -0.0185252912 -0.0023919493 0.0135217151
v -0.0185273271 0.0135821551 0.00174603704
v -0.0185264889 0.0132507654 -0.00360789546
v -0.0261867326 5.8705089e-05 -0.00606010295
v -0.0263961237 -0.00162634393 -0.00593127869
v -0.0262995567 -0.00366613013 -0.00491827307
v -0.0264085997 -0.00480915047 -0.00391049916
v -0.0263934918 -0.00590415718 -0.00193861872
v -0.0264035668 -0.00616825558 0.000876166567
v -0.0261886399 -0.00570333283 0.00222322484
v -0.0263887644 -0.00468472438 0.00405544322
v -0.0261899736 -0.00209203688 0.00574610289
v -0.0263984781 0.00026062713 0.00615270901
v -0.0264022611 0.00240544509 0.00560308993
v -0.0263997577 0.00416474137 0.00445582252
v -0.0262966342 0.00498578092 0.00338213844
v -0.0261821542 0.00588584645 0.00129625644
v -0.0261860862 0.00574125256 -0.00184695725
v -0.0263798423 0.00495232083 -0.00358132576
v -0.026194049 0.00271005463 -0.00542880408
v -0.0264663305 0.00173530763 -0.00616031606
v -0.0264693219 -0.0031028844 0.0055980077
v -0.0264628343 0.0063640913 -2.49492623e-05
v -0.0186872855 -0.00295711192 -0.0053885933
v -0.0186005197 0.000895018049 0.00605418859
v -0.0188945811 0.00581572298 -0.00151642924
v -0.0185841154 0.0019406887 -0.00579736661
v -0.0186902992 0.00422340864 -0.00436433358
v -0.0185336042 -0.0010766217 -0.00624118373
v -0.018795291 -0.000280074775 -0.00604321435
v -0.0185319073 0.00585166598 -0.00217807363
v -0.0185307804 0.00582542131 0.00225244276
v -0.0186635833 0.00603892887 9.94675283e-05
v -0.0187131297 0.00533330487 0.00286063715
v -0.0188083984 0.0031321987 0.00518160453
v -0.0185867269 -0.00154041511 0.00594487041
v -0.0185905043 -0.00537774153 0.00315665361
v -0.0187903848 -0.00585487718 0.00188666605
v -0.0185392108 -0.00637859711 -0.000540136127
v -0.0187966973 -0.00600884063 -0.00131952018
v -0.0185874347 -0.00495130429 -0.00368965953
v -0.0185334738 0.0038107615 0.00496122055
v -0.0186836645 -0.00347170047 0.00503671262
v 0.066228494 0.0256573055 -0.0148966797
v 0.065616928 0.0255898759 -0.0104313772
v 0.0361636691 0.0280863699 -0.0149952518
v 0.0070845196 0.0243868809 -0.00681832246
v 0.00748447562 0.0244216472 -0.0146932462
v -0.0431346856 -0.0209801067 -0.0149247358
v -0.044143144 -0.0202532075 -0.00681872899
v -0.0380888283 -0.0226908606 -0.00681837508
v -0.0375874117 -0.022919802 -0.0148407379
v 0.00727540022 -0.0245883446 -0.0146928625
v 0.00712311361 -0.0245739631 -0.00681836624
v 0.00746517302 -0.0249231458 -0.0150006665
v 0.0692174137 -0.0255974475 -0.0149158509
v 0.0651787668 -0.0258497037 -0.0104535697
v -0.0560223497 0.000204048149 -0.00681828894
v -0.0579393543 -0.00048211508 -0.00682067405
v 0.00594402058 -0.0254937056 -0.00681814458
v -0.0388846435 -0.0241051447 -0.00681877183
v -0.0316083804 -0.0252328608 -0.00681932503
v 0.0287094824 -0.0273754112 -0.00680116285
v -0.0304608997 -0.0237554312 -0.00681857346
v -0.0541485213 -0.00951751508 -0.00681779953
v -0.0520899519 -0.0165366828 -0.00681493105
v -0.0492507145 -0.016480336 -0.00681833876
v -0.045082178 -0.021723887 -0.00681927148
v -0.0562482588 -0.00991011318 -0.00681388145
v 0.112000339 0.00566261588 -0.0149676427
v 0.109461717 0.00534929056 -0.0149020711
v 0.104932472 -0.0140909972 -0.015000795
v 0.110591747 -0.00987500325 -0.0149172908
v 0.106992796 0.0150429392 -0.0149582829
v 0.11265073 0.000508815981 -0.0149551285
v 0.110119306 -0.000281127373 -0.0148981204
v 0.109403536 -0.00684700906 -0.015003114
v 0.112408221 -0.00427702488 -0.0148632629
v 0.106937617 0.0108979894 -0.0149197569
v 0.102964997 0.0187604427 -0.0149606429
v 0.101999342 0.0163584836 -0.0149010336
v 0.0964849964 0.0198765732 -0.0149116181
v 0.0979723334 0.0219846126 -0.0149100395
v 0.00773864519 -0.0273941867 -0.0148723451
v -0.0164710134 -0.0266058687 -0.0149415983
v 0.0881726816 0.0230577588 -0.0149980215
v 0.088342458 0.0254320335 -0.0149355764
v -0.0538321026 -0.0152984727 -0.0149106197
v -0.0526799448 -0.012352651 -0.0148977786
v -0.0508911982 -0.0187345333 -0.0149068413
v -0.0486236475 -0.0173136648 -0.0149103235
v -0.0437721238 -0.023570789 -0.0149339689
v -0.0311377682 -0.0265227314 -0.0148867359
v -0.0301962998 -0.0238574818 -0.0148927625
v 0.103929371 -0.0183104184 -0.0149222659
v 0.0288835671 0.0298741683 -0.0149277858
v 0.0886586979 -0.0231402554 -0.0149991671
v 0.0860909 -0.0261417162 -0.0148753859
v 0.0959218591 -0.0232661646 -0.0148945553
v 0.00632365048 0.026851939 -0.0150004784
v -0.0298024695 0.0236897506 -0.0149007458
v -0.0341590233 0.0259615202 -0.0149637274
v -0.0358550362 0.0231102128 -0.0149339233
v -0.0404270776 0.0245785695 -0.0149529176
v -0.0406457521 0.0216541272 -0.0148858577
v -0.045603428 0.019396361 -0.0149349049
v -0.050092034 0.0192165803 -0.0149364276
v -0.0517470166 0.013895737 -0.0149413655
v -0.0539290048 0.0149503285 -0.0148965465
v -0.0568229072 0.00981380045 -0.0148906801
v 0.0981341749 -0.0194656681 -0.0149996607
v 0.0740403533 0.0274565164 -0.014933438
v 0.0304261465 -0.0276043992 -0.0148982089
v 0.0306531247 -0.0303589869 -0.0148025407
v 0.0401706323 -0.0304600224 -0.014923702
v 0.0393106081 -0.0279305503 -0.0149023151
v 0.00792955421 0.0247701425 -0.0150000714
v 0.0401839018 0.0303215217 -0.0148736173
v -0.0548605882 0.00743077509 -0.0149019333
v -0.0582654625 0.00436728355 -0.0149023961
v -0.0561111569 -0.000182813543 -0.0148861865
v -0.0586035214 -0.00100398366 -0.0149604203
v -0.0566580296 -0.0101925265 -0.0149294771
v -0.0550192483 -0.00714177825 -0.014913151
v 0.093656823 0.00326039339 -0.00781451911
v 0.0773749202 -0.00182569202 -0.00136109593
v 0.086985141 0.022929173 -0.0116247516
v 0.0857900307 0.0201780517 -0.00914701261
v 0.106531233 0.0111939628 -0.012597682
v 0.0907172337 0.0101703517 -0.00736148236
v 0.0449797213 0.00718496041 0.0157844033
v 0.0523971468 0.00139228161 0.0115148006
v 0.0389801636 0.000922459993 0.0208149701
v 0.10833969 -0.00161856925 -0.0125459516
v 0.0752749667 0.018181121 -0.00399638992
v 0.0839553252 0.0157564469 -0.00626252173
v 0.0999422297 0.0176715702 -0.0121984081
v 0.0941839889 0.0207049865 -0.0119585888
v 0.0471731834 0.0139380787 0.0120341983
v 0.0392971672 0.0168244112 0.014958133
v 0.0372345112 0.0115123531 0.0196163189
v 0.0384996571 0.0066448641 0.0204886049
v 0.0643761978 0.0137199052 0.00293156179
v 0.0794219747 0.0105345203 -0.0030158665
v 0.0633046851 0.0181714743 0.00135982176
v 0.0743336901 0.0203637462 -0.00518126134
v 0.0531043671 0.0100835031 0.0100406474
v 0.0728365853 0.00539896404 0.000542847498
v 0.0631975457 0.00611055782 0.00514226314
v 0.0631142706 -0.00533219427 0.00531418109
v 0.0532130413 0.0183670465 0.00600700686
v 0.100457132 -0.0175044145 -0.0122237951
v 0.0881935507 -0.0133692455 -0.00703544402
v 0.0753650889 -0.0202855505 -0.0052744057
v 0.0386580229 -0.00582007132 0.0205929615
v 0.0447988808 -0.00726094702 0.0159520209
v 0.0823620409 -0.00745198596 -0.00374573749
v 0.0372589566 -0.0117790345 0.0195807498
v 0.0435638689 -0.0132294055 0.0147455633
v 0.0456829555 -0.0168617107 0.0114470199
v 0.0395486206 -0.0180015061 0.0140518136
v 0.0541038886 -0.0143005569 0.0080800904
v 0.0628908649 -0.0185232032 0.00136653765
v 0.0789832324 -0.0146895647 -0.00389660336
v 0.0910423845 -0.0216131546 -0.0118086068
v 0.0874572173 -0.0230264459 -0.0116512133
v 0.0951844454 -0.0205151942 -0.0119812498
v 0.0922592506 -0.00669181347 -0.00747613329
v 0.106681444 -0.0111957844 -0.0126093207
v 0.0656867102 -0.0111461543 0.00300238328
v 0.0535485782 -0.00845872797 0.0101812882
v 0.0657054931 -0.0153522585 0.00178069575
v 0.109173678 -0.0061196601 -0.0147010339
v 0.106278069 -0.0119240237 -0.014686171
v 0.100928552 -0.0172622688 -0.0146947801
v 0.0941626728 -0.0209700447 -0.0146997552
v 0.0870058164 -0.023165673 -0.0146893784
v 0.0867950246 0.0230172053 -0.0146754673
v 0.103889965 0.0144644622 -0.0146958763
v 0.0350802168 0.0277000163 -0.0146552706
v -0.0487333499 0.0168687757 -0.0147238374
v 0.0617871135 -0.0289676525 -0.0146947801
v 0.107700057 -0.0146542303 -0.0147169959
v -0.0377512798 -0.025694197 -0.0146952067
v 0.110161304 0.0106345853 -0.0147000644
v 0.0933785737 0.0240763985 -0.0147127565
v 0.00687847473 0.0272399019 -0.0146923242
v -0.0290812161 0.0264125355 -0.0147054391
v -0.0581261441 -0.00598479481 -0.0146804703
v -0.046240326 0.0221227333 -0.0146991536
v 0.0464388989 -0.0313723758 -0.0114736045
v 0.0607053973 -0.0302113779 -0.0114503559
v 0.0791585445 -0.0282044224 -0.0114911254
v 0.0863082707 -0.0270296298 -0.0114961201
v 0.113224752 0.00161202392 -0.0115215192
v 0.112919666 -0.00496808393 -0.0115549844
v 0.109932221 -0.0132267242 -0.0115076276
v 0.111856394 -0.00923253316 -0.01149836
v 0.0993629098 -0.0224171225 -0.0114856753
v 0.104009807 -0.0194974057 -0.0115570929
v 0.107549161 -0.0163813718 -0.0115226032
v 0.0933182538 -0.0249600299 -0.0114910062
v 0.0295661427 -0.0315515958 -0.0114634121
v 0.0359370038 -0.0318036824 -0.0115606291
v 0.0877648219 0.0264786743 -0.0114933038
v 0.0958129242 0.0238566734 -0.0115299309
v 0.101555891 0.0209497716 -0.011497465
v 0.105341487 0.0182556417 -0.0114482772
v 0.107794262 0.0159115698 -0.0116441408
v 0.110108823 0.0127927242 -0.011504584
v 0.112267688 0.00779526168 -0.0115128914
v 0.0621228814 0.0298726428 -0.0114585878
v 0.0395778492 0.031643495 -0.0114907604
v 0.0818675682 0.0276481342 -0.0114980834
v 0.00546714524 -0.0287707821 -0.0115177874
v 0.00999159552 0.0289268158 -0.0114506762
v 0.0299345404 0.0313245729 -0.011581121
v -0.0600941293 -0.0116691757 -0.0114847124
v -0.0573256798 -0.0165196024 -0.011481503
v -0.053813614 -0.0206511188 -0.0114564635
v -0.049498003 -0.0240402464 -0.0114459265
v -0.0449813455 -0.0263957214 -0.01141351
v -0.0409673527 -0.0277833082 -0.0113963354
v -0.0348121487 -0.0288196746 -0.0114342738
v -0.0311335642 -0.0289828498 -0.011451114
v -0.0193633717 -0.0288236141 -0.0113973711
v -0.0619568489 -0.00510471268 -0.0114530306
v 0.000926808047 0.0285130013 -0.0114873294
v -0.0624145567 0.00103902677 -0.0114361756
v -0.0610624962 0.00892638043 -0.0114318635
v -0.0591816083 0.0132817235 -0.0114828376
v -0.0564892553 0.0174696278 -0.0115050143
v -0.0338999219 0.0287216436 -0.0114589287
v -0.0403835326 0.0277133137 -0.0113915615
v -0.0452163182 0.0260917805 -0.0114453118
v -0.0515708849 0.0223883595 -0.0114751048
v 0.0352796949 -0.0131513374 0.0215114243
v 0.0350302644 -0.0129491678 0.0210396443
v 0.0371472947 -0.00226305961 0.0227786731
v 0.0366956629 -0.00598350586 0.0222438499
v 0.0369452983 -0.0179095697 0.0174305812
v 0.0366187468 -0.0174054522 0.0172092523
v 0.0365862735 0.00648954138 0.022164965
v 0.0367268808 0.00737879938 0.0225356072
v 0.0352385268 0.0129955057 0.0214244891
v 0.035018757 0.0128058381 0.0209752843
v 0.038577728 -0.0175083242 0.0143649857
v 0.0366445668 0.0172052756 0.0171708725
v 0.0369130895 0.0176666807 0.0174584612
v 0.0385779627 0.0172901824 0.0143841282
v 0.0393609442 0.0177470855 0.013961711
v 0.0360761993 -0.0190080218 0.0132760499
v 0.0359881669 -0.0190923978 0.0162609387
v 0.00885346439 -0.0252978746 0.00846612547
v 0.0304284748 -0.0213208683 0.0134516181
v 0.0248600468 -0.0231885742 0.0110229664
v 0.0199326817 -0.0244155973 0.0094620185
v 0.0149155175 -0.0251900572 0.0084943017
v 0.00840810593 -0.0254761651 0.00813590176
v 0.00771327596 -0.027504554 0.00381850963
v 0.00836557895 -0.0274791755 0.00412294408
v 0.00735024083 -0.0274367388 0.00410531741
v 0.00729348557 -0.0271762665 0.00559369847
v 0.00731025636 -0.0255054273 0.00814958289
v 0.00702261273 -0.0252899434 0.00852884911
v -0.00912148599 -0.024796851 0.00948341377
v -0.0153373228 -0.0234957598 0.010743428
v -0.0245798528 -0.0143545028 0.0186340958
v -0.0225056745 -0.01871101 0.0151215885
v -0.0197251402 -0.0213456545 0.0127225025
v -0.0252426527 -0.0109478282 0.0204782598
v -0.0255015846 -0.00793924462 0.0213037618
v -0.0255826227 0.0048232954 0.0214702338
v -0.0253887847 0.00973314978 0.0208956879
v -0.0227170959 0.018151829 0.0154073611
v -0.0190463103 0.0216485392 0.012256409
v -0.0246342942 0.0141491909 0.0187074132
v -0.0108705694 0.024444377 0.00964866672
v 0.00723139476 0.0251549166 0.0084138047
v 0.00727903331 0.027022453 0.00552713173
v 0.00736269308 0.0272445977 0.00407559657
v 0.00835120957 0.0272803605 0.00410191854
v 0.0078829769 0.027311163 0.00382505427
v 0.00841604825 0.0270336177 0.00549189001
v 0.00840735994 0.0253281575 0.00809438992
v 0.00876360573 0.0251253694 0.00844886247
v 0.0281967558 0.0219053011 0.0124073355
v 0.0360554419 0.0188212208 0.0161354002
v 0.0360254049 0.0190041121 0.0163012128
v 0.021663297 0.0238690674 0.00991796702
v 0.0148907686 0.0249872096 0.00849548727
v 0.036347162 0.0187412705 0.0133040193
v 0.00855016243 0.0231218245 0.00853507593
v 0.00725527387 0.0230902601 0.00858242065
v 0.00851103757 -0.0233177394 0.00852309726
v 0.00723486161 -0.0232867114 0.00858481694
v -0.0428030528 -0.00291327178 0.0185405649
v -0.0429152995 0.00625085272 0.0183344632
v -0.0513470843 -0.00432500523 0.010489258
v -0.0473583117 -0.00569086056 0.014659618
v -0.0477656424 0.00524479337 0.0143106021
v -0.0547054112 -0.00379032036 0.00598117243
v -0.0546011589 0.00179604406 0.00620051567
v -0.0612871051 0.00194385264 -0.00789367501
v -0.0607520342 -0.00340754027 -0.00665576058
v -0.0587203391 -0.00172607682 -0.00122017425
v -0.0585077889 0.00464317715 -0.00131514203
v -0.052326262 0.00483071664 0.00913371984
v -0.0598351285 -0.00981790759 -0.00797895622
v -0.0600978471 0.00942140538 -0.00850252993
v 0.0389065444 -0.019046247 0.016923815
v 0.0395466276 -0.0192101356 0.0167081319
v 0.0383709148 -0.0197752845 0.0166542623
v 0.0331135392 -0.0226873998 0.0134630306
v 0.0467210114 -0.0191157125 0.0125377001
v 0.0529763997 -0.01947565 0.00896182284
v 0.0536404848 -0.0191604812 0.00914639793
v 0.0528613515 -0.0197563693 0.00910068583
v 0.053412918 -0.0182820391 0.00984163675
v 0.0533502363 -0.01892584 0.00913545024
v 0.0531306081 -0.0185702983 0.00957632065
v 0.0457559042 -0.0180119649 0.0141790574
v 0.0395216383 -0.017891774 0.017934991
v 0.0375635698 -0.0132546769 0.0220956858
v 0.0387206674 -0.00911556836 0.0229941588
v 0.0396555923 -0.00204753969 0.023625657
v 0.00204588869 -0.0271776151 0.00526601635
v 0.00738473237 -0.0245049093 0.00408292748
v 0.00735601224 -0.0232860819 0.006285246
v 0.0207138676 -0.0263899341 0.00743858563
v 0.0247059371 -0.0255072862 0.00912139751
v 0.0593176298 -0.0209343508 0.00487818103
v 0.0764701515 -0.022519609 -0.00395268481
v 0.0731809586 -0.0246725827 -0.00489116972
v 0.0560268499 -0.0238137245 0.00184884074
v 0.0385267809 -0.0287939608 -0.00331277237
v 0.00843113288 -0.0272588525 0.00548185967
v 0.11003229 -0.000711557572 -0.0125473235
v 0.10917446 -0.0060238135 -0.0125450632
v -0.0550209023 -0.00148150837 -0.000108044856
v -0.0509516299 -0.00249701855 0.00652596122
v -0.0468367338 -0.000438174116 0.0115014976
v -0.0436931551 -0.000667075743 0.0145032946
v -0.0411820225 0.00115893991 0.0164953396
v -0.0510176197 0.00184563012 0.00645679189
v -0.0351437852 0.00157208706 0.0178839229
v -0.0284221955 0.000169199484 0.0188851673
v -0.042764347 -0.0241377689 -0.0135867894
v -0.0329588205 -0.0265083928 -0.0134405717
v 0.00764010753 -0.0274526589 -0.01292668
v 0.0901281759 -0.0253701359 -0.012440186
v 0.0302425493 -0.0303273629 -0.0128554739
v 0.0400715657 -0.0305756852 -0.0128519414
v 0.0752266571 -0.0276324227 -0.0127549972
v 0.100714244 -0.0208518039 -0.0125557594
v 0.10722439 -0.0151973376 -0.0128057441
v 0.11042612 -0.0104029337 -0.0126730166
v 0.112811752 0.00059226295 -0.0122268125
v 0.112324156 -0.00506236544 -0.0123958951
v 0.00835770182 -0.0231812038 0.00621111086
v 0.103814624 -0.0147632994 -0.0123648755
v 0.0762212649 -0.0246746447 -0.0108207129
v -0.0550690629 -0.00670871697 -0.00157317915
v -0.0450719185 -0.00689565716 0.0129210912
v -0.0505047888 -0.00772705209 0.00614550663
v -0.0407935753 -0.00864465442 0.0161854979
v -0.0397290736 -0.0124393571 0.0151686585
v -0.0494704023 -0.0147637092 0.00200789422
v -0.0529420786 -0.011480391 -0.000669623318
v -0.0497513749 -0.011142686 0.00538758142
v -0.0445571095 -0.0106749581 0.0122439917
v -0.0449418463 -0.0136186266 0.00955434423
v -0.0475618392 -0.0173379984 0.00048364175
v -0.0410864353 -0.0148409912 0.0116255768
v 0.00102531316 -0.0241125766 0.00518121663
v -0.0345872268 -0.0227550156 0.00116961694
v -0.0188511014 -0.0248231273 -0.00234156079
v -0.0229467284 -0.0223575179 0.00725499354
v -0.0130065065 -0.0236067735 0.00582481036
v -0.0262001064 -0.0237137042 0.00187596597
v -0.0333702005 -0.0205070544 0.00716458447
v -0.0299475305 -0.0197229553 0.00973887555
v -0.0381343476 -0.0138970641 0.014468384
v -0.0452790894 -0.0167690516 0.00459106918
v -0.0402919613 -0.020907281 0.00141244684
v 0.0052127298 -0.0248415805 6.07306501e-05
v -0.0344241522 -0.00805710163 0.0177232865
v 0.0229324717 -0.0233107377 0.00697498815
v 0.0192537252 -0.0232031196 0.00662937434
v 0.0333273262 -0.0202291701 0.011676508
v 0.0446627475 -0.0180371217 0.0108736195
v 0.0362597145 -0.011752977 0.0192927755
v 0.0376148634 -0.00566597469 0.0202491935
v 0.0379753597 0.00266414345 0.0204988588
v 0.071525678 -0.0221035033 -0.00594926672
v 0.0533198565 -0.0191330798 0.0050117299
v 0.0532945246 -0.018634757 0.00583205046
v 0.0120339356 -0.0234130751 0.00606434559
v 0.0327048525 -0.0202036239 0.0136337141
v 0.0250932556 -0.0220977534 0.0106013827
v 0.0155155463 -0.0233321134 0.00852105673
v 0.0139254779 -0.0245450288 0.00459810998
v -0.0251030289 -0.00964521244 0.0185098499
v -0.0335132815 -0.0122959372 0.0164218154
v -0.00767337997 -0.0226195697 0.00711849611
v -0.00986483227 -0.0227841698 0.00727489498
v -0.0146002658 -0.0216213334 0.00817584991
v -0.0175464042 -0.0211984627 0.00903067179
v -0.0206555948 -0.0196158011 0.0104386024
v -0.0251100678 -0.0159540996 0.0139651485
v -0.0266308989 -0.0185974203 0.0114467405
v -0.0271165017 -0.0123982728 0.0167776495
v -0.0255194586 -0.00591388438 0.0190642029
v -0.00751519203 -0.0227974914 0.00953363813
v -0.0139251323 -0.0217287838 0.0105478857
v -0.0239392146 -0.0132174948 0.0170285366
v -0.0213557463 -0.0173931755 0.0141607141
v -0.0180785842 -0.020074321 0.0119816475
v -0.0587739497 -0.00177782821 -0.0137528973
v -0.0570927896 -0.0095301345 -0.0137706473
v -0.0536931455 -0.01570048 -0.0137122637
v -0.0493285768 -0.0202085581 -0.0136544388
v -0.01453631 -0.0263354573 0.00685318001
v 0.00632597739 -0.0279661287 -0.00026907344
v 0.0206122436 -0.0296614524 -0.00473790523
v -0.0537200384 -0.0200550724 -0.00926964171
v -0.0574471653 -0.0154034104 -0.00881595816
v 0.0677452236 -0.0117105469 0.00480698422
v 0.0533336177 -0.0138476593 0.0120037291
v 0.0787131637 -0.0186106991 -0.00240895478
v 0.0566045009 -0.000146908918 0.0120715778
v 0.0482365638 -0.00342171919 0.0173355583
v 0.0453242101 -0.0129953306 0.0172225647
v 0.0656145066 0.00370770809 0.0069823931
v 0.070285894 -0.00527322479 0.00445983605
v 0.0755997598 0.00563942268 0.00209008553
v 0.0863316655 -0.00744122034 -0.00255567324
v 0.0987771004 0.00225309469 -0.00688126078
v 0.0965122432 -0.00710517773 -0.00632544002
v 0.0831480026 -0.016184615 -0.00316797732
v 0.069465816 -0.0163862221 0.00265191426
v 0.092155464 -0.0139409723 -0.00583120994
v 0.0871455669 0.00385969155 -0.00266372622
v 0.0557091385 -0.00735618174 0.0121160652
v 0.00832177699 -0.0245322511 0.00403592037
v 0.0366708934 -0.025910804 -0.00346459029
v 0.0372295789 -0.0279061217 -0.00904615503
v 0.0528182462 -0.0194877386 0.00477824593
v 0.0440877452 -0.0189840961 0.00982173532
v -0.0247156266 -0.0245072786 0.00892783608
v -0.0410373881 -0.013999626 0.0170240104
v -0.0330300108 -0.0139302444 0.0186302755
v -0.0293692816 -0.0215902049 0.0120585393
v -0.0337675363 -0.00837997627 0.020396268
v -0.042272184 -0.00967697334 0.018178964
v -0.0493381508 -0.0209562629 -0.00184477575
v -0.0459279977 -0.0186080765 0.00749194389
v -0.0199892987 -0.0273687616 0.000539121218
v -0.0335593335 -0.0268369596 -0.00109676598
v -0.0415716656 -0.0252727233 -0.0026182055
v -0.0533932075 -0.0169212986 -0.00126835937
v -0.0549626127 -0.0136026507 0.000363893108
v -0.0575880222 -0.00955365505 -0.00150811207
v -0.0466180295 -0.011009248 0.0142829334
v -0.0523866974 -0.0104236221 0.00749769481
v -0.0513894372 -0.0128491605 0.00734161958
v -0.0294106547 -0.0246874224 0.00711575057
v -0.0397339091 -0.0238100681 0.00301650981
v -0.0366761498 -0.0222118497 0.00846567005
v -0.0394029841 -0.0163220111 0.0156689454
v -0.0480648354 -0.0159082469 0.00896031596
v 0.0390506387 0.0188055579 0.0168356672
v 0.0393835828 0.0190223511 0.0167794731
v 0.0384873189 0.019051848 0.0169185102
v 0.0381298438 0.0198512785 0.0163979437
v 0.0329344347 0.0225769021 0.0133466683
v 0.0472903959 0.0189448167 0.0121785374
v 0.0529069491 0.0195697136 0.00909015443
v 0.0527520366 0.0193253923 0.00907492172
v 0.0532655604 0.0190445427 0.00901853479
v 0.0536035039 0.0188086797 0.00925043132
v 0.053204827 0.018336894 0.00974646863
v 0.0532951988 0.0185359828 0.00932033826
v 0.045819439 0.0178159922 0.0141472546
v 0.0395923108 0.017679451 0.0179489385
v 0.0375483409 0.0130218184 0.0221191719
v 0.0394275114 0.00513833715 0.0234171562
v 0.0384905152 0.00972127449 0.022853585
v 0.00735648675 0.0230070539 0.00628534565
v 0.0211859215 0.0261559952 0.00752621004
v 0.0270366818 0.0247409642 0.0100511927
v 0.0135060055 0.0271669459 0.00542713935
v 0.109269753 0.00557911769 -0.0125454394
v 0.112084806 0.00584724685 -0.0124574816
v 0.10983666 0.0113545349 -0.0127326259
v 0.105416484 0.0170558915 -0.0126324128
v 0.0986298099 0.0217692796 -0.0125277601
v 0.0912890062 0.024807997 -0.0124000134
v 0.0800772235 0.0268885754 -0.0127429115
v 0.0409946367 0.0303490441 -0.0128435604
v 0.0314769596 0.0302279145 -0.0129037686
v 0.00835979357 0.0229823552 0.00619669352
v 0.103396289 0.0149702206 -0.0123416511
v -0.0560964011 0.00394511828 -0.00307854009
v -0.0527906045 0.00401805248 0.00342101324
v -0.0406012163 0.00957031082 0.0159797203
v -0.0447609574 0.00633463822 0.0133366399
v -0.0495698676 0.00741537381 0.00754604023
v -0.0563329048 0.00969423912 -0.00681446632
v -0.0540008731 0.00736690545 0.000172721309
v -0.0444986448 0.0105623221 0.0122994147
v -0.0529423729 0.0112824291 -0.000669636123
v -0.0494311564 0.0144037949 0.00248651928
v -0.0510577857 0.0174312033 -0.00681650126
v -0.0497516543 0.0109447986 0.00538757816
v -0.0394021608 0.0125207845 0.0150670791
v -0.0436871313 0.0131460009 0.0111611253
v -0.0301641803 0.0193955153 0.00988347642
v -0.0340598039 0.0200204179 0.00735634007
v -0.0472718738 0.017210478 0.000777471811
v -0.0420429893 0.0147930384 0.0105581814
v -0.0384426638 0.0139696943 0.0141021749
v -0.0218641665 0.02250663 0.00681365514
v -0.0133062191 0.0233852379 0.00592800137
v 0.00182501692 0.0239291862 0.0051423586
v -0.0315697715 0.025001023 -0.00681765471
v -0.0373655483 0.0242908616 -0.00681996113
v -0.0345779322 0.0227101967 0.000734933536
v -0.0402362868 0.0207400043 0.00140568148
v -0.043707177 0.022203723 -0.00681814784
v -0.0451670066 0.0161959399 0.00534454221
v 0.00547328498 0.0252731685 -0.0068178419
v 0.00480462471 0.024589194 0.000356773497
v -0.0254348852 0.00699040666 0.0189594217
v -0.0348876789 0.00840786286 0.017504001
v 0.0265909266 0.0216356758 0.0089502139
v 0.0296763126 0.0215567239 0.00948145334
v 0.0160334613 0.0242510829 0.00487203291
v 0.0362654254 0.0115930876 0.0192717761
v 0.0782384202 0.0242409166 -0.0108957887
v 0.0533883013 0.0188168231 0.00528072752
v 0.0674589276 0.0208191089 -0.00316792424
v 0.0163864307 0.0231336523 0.0085873045
v 0.0154417912 0.0231917035 0.00619333144
v 0.0315484479 0.0203520823 0.0131822489
v 0.0263101179 0.0216075834 0.0110859955
v 0.00833981205 0.0243572388 0.00410102122
v -0.0337043516 0.0122417407 0.0163113289
v -0.00588563597 0.022819953 0.00693727471
v -0.0230110902 0.0177922267 0.0120900003
v -0.0160053074 0.0215645563 0.00843588728
v -0.0197260585 0.0198105052 0.00996034686
v -0.0274280049 0.011206558 0.0174587555
v -0.0263919886 0.0185040198 0.0113517167
v -0.0257203188 0.0146809965 0.0148670394
v -0.00932624005 0.0224405378 0.0097432062
v -0.00734376768 0.0224579014 0.00708780345
v -0.0152922273 0.0212641731 0.00836036634
v -0.0159145575 0.0208894052 0.0111429896
v -0.0226054434 0.0155990981 0.0154083641
v -0.0247746259 0.0106466617 0.0181881078
v -0.0198183414 0.0186422598 0.0130072208
v -0.0108828843 0.0264237728 0.00636342308
v 0.0342377201 0.0300723277 -0.00650345813
v 0.0116735706 0.0284716655 -0.00303948624
v 0.00386304758 0.0278965477 -0.0020586187
v -0.0331820399 0.0284591112 -0.00948002469
v -0.0505439155 0.0225026272 -0.00914691575
v -0.0574278198 0.0153962392 -0.00926241931
v -0.0543614402 0.0193559155 -0.00978870224
v 0.0785114914 0.0223488659 -0.00469200127
v 0.0593643636 0.0203926712 0.00519717718
v 0.0631394237 0.0152213098 0.00608422467
v 0.0462469384 0.00761375949 0.0181131549
v 0.0473936498 0.0147757158 0.0149006015
v 0.0834375024 0.0196785126 -0.0048118569
v 0.0843982697 0.0168929864 -0.0040123947
v 0.0947684497 0.0106090764 -0.00614892878
v 0.0552488267 0.00888186228 0.0121458359
v 0.0641291887 0.0100021726 0.00698371092
v 0.0761499703 0.0133258784 0.000482022821
v 0.00739815319 0.0243070386 0.00404838938
v 0.0251253899 0.0270295963 -0.00680711959
v 0.0298094917 0.0272108167 -0.0068351943
v 0.0383030176 0.0276511144 -0.00922937319
v 0.052837044 0.019296024 0.00475221639
v -0.0252731461 0.0215421002 0.0122240763
v -0.0421119295 0.0102872858 0.0180128049
v -0.0339079872 0.00778907165 0.020402601
v -0.0389392786 0.015963668 0.0159611478
v -0.0330318548 0.0135399858 0.0187790878
v -0.0407349765 0.0137434043 0.0171481874
v -0.0185589734 0.0256677493 0.00745206606
v -0.029182924 0.0225726273 0.0106220413
v -0.0456267931 0.0111566773 0.0149939368
v -0.0494090095 0.0114417933 0.0108887954
v -0.056767609 0.0120765315 -0.00199605501
v -0.0522607043 0.017941257 -0.00103860127
v -0.0459707715 0.0230157822 -0.00237163971
v -0.0391816348 0.024759952 0.000653097639
v -0.0328609347 0.0263402723 0.000348513771
v -0.0212318562 0.0274144914 -0.00120135839
v -0.0458077826 0.0151149025 0.012095687
v -0.0274208449 0.0249577239 0.00662681879
v -0.0324249044 0.0234995782 0.007914274
v -0.0390882902 0.0208968613 0.00874144025
v -0.0550119691 0.00953211822 0.00360617228
v -0.0529740267 0.0128779495 0.00465885224
v -0.0417880602 0.0175172072 0.0124149667
v -0.0501822941 0.0159188043 0.0056347861
v -0.0466734655 0.0185533389 0.0062484215
v -0.0427525416 0.0221368801 0.00346554443
v -0.0506498739 0.0188789535 -0.0136711197
v -0.0436353497 0.0235757213 -0.0136155235
v -0.0554325618 0.0130266352 -0.0137611413
v -0.0582519136 0.0052645267 -0.0137464087
v -0.0331364386 0.0262946654 -0.0134373857
v 0.00752224494 0.0272609536 -0.0129193906
v -0.0430642776 0.0207140334 -0.00681795226
v -0.0492601693 0.0162735935 -0.00681834249
v -0.0537547395 0.0101835635 -0.00681703771
v 0.0491715707 0.0275411997 -0.00401082681
v 0.0735738128 0.0242620092 -0.00472509582
v 0.0567529611 0.0228607189 0.00277629914
v 0.0472990237 -0.0245303344 -0.0034970853
v 0.0469626822 0.0246637519 -0.00410500914
v -0.0338091739 0.0234022271 -0.00681885239
v 0.0313767605 -0.0323678888 -0.0285196062
v 0.0361596234 0.0339352824 -0.0283855088
v -0.0388830081 0.0295716133 -0.0284330565
v -0.0366287604 -0.0296714362 -0.0285120755
v 0.0122017488 -0.0294451099 -0.0284104031
v 0.00158837251 -0.0289566033 -0.0284215976
v 0.082352154 0.0366375633 -0.0285112783
v 0.100887634 0.0356300697 -0.0283267815
v 0.101334833 -0.0353827588 -0.0285149366
v 0.0432784259 0.0365059301 -0.0283811241
v 0.021471817 0.0301783234 -0.0285157543
v 0.0443130247 -0.0366417095 -0.0285046734
v 0.0854742154 -0.0369288623 -0.0283051524
v 0.00264926371 0.0286587123 -0.0285161156
v -0.0654807687 -0.00101822859 -0.0283800736
v -0.0617240109 0.0137824928 -0.0285149664
v 0.116005801 -0.0326750986 -0.0283315554
v 0.115232028 0.0325633883 -0.0285125505
v 0.127743021 -0.0272183102 -0.0285122748
v 0.142371327 -8.56995539e-05 -0.0283285752
v -0.0651424229 0.00442650309 -0.0283573363
v -0.0526705645 0.0243376084 -0.0283075664
v -0.0581402518 0.019466443 -0.0283304621
v -0.0463332869 0.0277844593 -0.0283663124
v 0.141847625 0.00674683461 -0.0282525066
v -0.0507773645 -0.0257330053 -0.028310921
v -0.0446428135 -0.0283853859 -0.0284234993
v -0.0570428707 -0.0206368994 -0.0284332819
v -0.061130587 -0.0153942434 -0.0283346176
v -0.0637646392 -0.00979878567 -0.0282962974
v 0.127485424 0.0273238067 -0.028513141
v 0.134718955 0.0216563474 -0.0282947011
v 0.140929073 -0.00993454456 -0.0285118632
v 0.134250328 -0.0222390071 -0.0282991063
v 0.137613162 -0.0180256553 -0.0282565281
v 0.138674989 0.0161128826 -0.0282835942
v 0.14044252 0.0121273808 -0.0282395165
v -0.0407024957 -0.024830386 -0.0150010223
v -0.0319530368 -0.0264643189 -0.0149971191
v -0.039354451 0.0250881631 -0.0150032993
v -0.0310394205 0.0264170133 -0.0149991382
v 0.0402111188 0.0304543488 -0.0150040332
v 0.0419022664 -0.0304944199 -0.0150033217
v 0.0869013816 0.0259825047 -0.0150017068
v 0.0291787554 -0.0301326644 -0.0150000602
v 0.00716079772 -0.027400285 -0.0149931526
v 0.0272983368 0.0297879111 -0.0150011238
v 0.00358186406 0.0271346346 -0.0150000714
v -0.0587806478 0.00166744005 -0.015009
v -0.0482770912 0.0209462512 -0.0149907591
v -0.0556893945 -0.0123980697 -0.015000049
v -0.0519843511 -0.0176378451 -0.0150000472
v -0.0473492481 -0.0215214621 -0.01500005
v 0.0867634565 -0.0260161553 -0.0150051173
v 0.0985407904 -0.022070935 -0.014998843
v 0.0958434492 0.0231238641 -0.0150000667
v -0.0543378927 0.0145563465 -0.0150000546
v -0.0570734255 0.00920188986 -0.0150000555
v -0.0579660907 -0.00640378566 -0.0150000565
v 0.106139362 -0.0162654202 -0.0150000677
v 0.105130672 0.0173773468 -0.0149968565
v 0.112790674 -5.01667382e-05 -0.01500005
v 0.112144127 -0.00557204708 -0.0150000611
v 0.10988453 -0.011287096 -0.0150000583
v 0.112018295 0.00596483378 -0.0150000695
v 0.109731823 0.0114522995 -0.015000049
v -0.0601215772 -0.0116386414 -0.0115834353
v -0.0617843308 -0.00571681838 -0.0115724569
v -0.0624746494 2.68270887e-05 -0.0115830572
v -0.0603312887 0.0108463811 -0.0115752891
v -0.0618924499 0.00518030487 -0.0115588503
v -0.0576021373 0.0160388462 -0.0115803704
v -0.053562928 0.0207144916 -0.0115902787
v -0.0486327186 0.024377821 -0.0115898438
v -0.0349177755 0.0287277102 -0.0116171809
v -0.0431380272 0.0269184392 -0.0115907053
v -0.0449434035 0.027608905 -0.0198896248
v -0.0628746971 0.0121909585 -0.0281741824
v -0.0620393902 0.0114307282 -0.0198378395
v -0.0371438451 0.0293283705 -0.0187019929
v -0.0503817685 0.024958048 -0.0198744573
v -0.0551837273 0.0212883558 -0.0198614057
v -0.0591302924 0.0167224817 -0.0198495872
v -0.0646267533 3.2540438e-06 -0.0209579542
v -0.0640178397 0.00455112103 -0.0197478663
v -0.0348548591 0.0298756957 -0.0281747282
v 0.00179507269 -0.0288043916 -0.0117664216
v 0.00656211283 -0.0284700058 -0.011697337
v -0.033195097 -0.0288978145 -0.0116418265
v -0.0383350924 -0.0282765478 -0.0116133494
v -0.0435917564 -0.0268355627 -0.0115947528
v -0.0490566865 -0.0242552161 -0.0115973074
v -0.0532917231 -0.0210126285 -0.0115888799
v -0.0566851348 -0.0173915811 -0.0115861325
v -0.0619515963 -0.0117426487 -0.0198377855
v -0.0637218431 -0.00601633079 -0.0198292956
v -0.0590223186 -0.0169804431 -0.0198494177
v -0.0550730228 -0.0214947108 -0.0198611692
v -0.0502851456 -0.0251209997 -0.0198741984
v -0.0448719896 -0.0277381949 -0.0198893417
v -0.0332632586 -0.0295648053 -0.0188807044
v -0.0390510671 -0.0292097274 -0.0199148059
v -0.0375206806 -0.0299868807 -0.0281944815
v -0.0650885329 -0.00515303994 -0.0281864163
v 0.142352685 0.000274695165 -0.0206857882
v 0.109359078 0.0322767161 -0.0208493024
v 0.117292292 0.0321609713 -0.0280250646
v 0.137769833 0.017632626 -0.0275659207
v 0.130053714 0.0258488152 -0.0281551387
v 0.123938851 0.0294857156 -0.0281549897
v 0.109381273 0.034253113 -0.0281013362
v 0.0014939527 0.0290420111 -0.0281621553
v 0.1418989 -0.00662748609 -0.0282141324
v 0.140593618 -0.0119803865 -0.0282117557
v 0.129881248 -0.0261111595 -0.0281706154
v 0.123616844 -0.0297762994 -0.0281683691
v 0.108809352 -0.0344712138 -0.0281178337
v 0.0999965817 -0.0358605012 -0.0281228926
v 0.141911402 -0.00606143381 -0.0207702871
v 0.118659012 -0.0300832093 -0.0209725704
v 0.124431267 -0.0277460515 -0.0209189169
v 0.130242303 -0.0244446304 -0.0207836349
v 0.13801378 -0.0166188236 -0.0210069511
v 0.134162441 -0.0211517029 -0.0207413305
v 0.140373558 -0.0117128715 -0.0207134858
v 0.140493989 0.0115068601 -0.0208713282
v 0.141775057 0.00658010179 -0.0207287427
v 0.137608126 0.016920371 -0.0206740797
v 0.134666368 0.0206891112 -0.0208692364
v 0.129700318 0.0246306844 -0.0206993781
v 0.124707736 0.0275492873 -0.0208199415
v 0.11685995 0.0304298569 -0.0207592715
v 0.0996871665 0.0337169021 -0.0208326709
v 0.111372843 0.0279605221 -0.018116584
v 0.119458422 0.0253185332 -0.0181465615
v 0.12751314 0.0217361227 -0.0183149371
v 0.136033103 0.0128618274 -0.018179778
v 0.00792700145 0.0285353418 -0.0117015988
v 0.0206269585 0.0303339791 -0.011748516
v 0.0102472678 0.0290741865 -0.0117545584
v -0.0217642598 0.029210981 -0.0191638973
v 0.0141440025 0.0296459086 -0.0281839371
v 0.0251069739 0.0312910378 -0.0281947609
v 0.0102625322 -0.0291872136 -0.0117591387
v 0.0212037452 -0.0305200834 -0.0117496271
v 0.0233604237 -0.0309503991 -0.0282273684
v 0.0468269214 -0.0371049605 -0.0281631816
v 0.108664013 0.0132494615 -0.0128137544
v 0.11195071 0.00652557844 -0.0125015313
v 0.112799808 0.00639212644 -0.011513574
v 0.113334313 -0.000420866854 -0.0115332846
v 0.112805814 0.000637031742 -0.0122294044
v 0.110369094 0.012774542 -0.0115138879
v 0.106058247 0.0178951025 -0.0115145948
v 0.0875599906 0.0258367658 -0.0125578213
v 0.0872184932 0.0267271511 -0.0115594408
v 0.103313237 0.0187841952 -0.0126690296
v 0.102302626 0.0206436478 -0.011531692
v 0.0971049517 0.0226266608 -0.0124207698
v 0.0961980745 0.0238620285 -0.0115447296
v 0.0806012526 0.0279667377 -0.0115668988
v 0.0641273409 0.0286195278 -0.0128009869
v 0.0574549213 0.0304010026 -0.0115966769
v 0.0375988744 0.0317467898 -0.011643487
v 0.0348453 0.0306166355 -0.0128026381
v 0.0311493017 0.0315079018 -0.0116520245
v 0.0881533027 0.036701262 -0.0281052701
v 0.04623539 0.0370119177 -0.0281616189
v 0.0854723603 0.0348008908 -0.0208528005
v 0.0772459283 0.0366967879 -0.0265016779
v 0.110364698 -0.0104505308 -0.0126793608
v 0.11165864 -0.0103143342 -0.0114959925
v 0.106899068 -0.0156025039 -0.0127958907
v 0.109485455 -0.0142054874 -0.0115050273
v 0.0556266047 -0.0306568462 -0.0116068767
v 0.0719626844 -0.0280263741 -0.0127243381
v 0.0386947356 -0.0305981897 -0.0128382016
v 0.0294871014 -0.0301872585 -0.0128774932
v 0.0322173871 -0.0316921175 -0.011653021
v 0.0865580589 -0.0269900821 -0.0115764709
v 0.0889146626 -0.0255755447 -0.0124836927
v 0.0977724567 -0.0233192667 -0.0115428306
v 0.099367924 -0.0216204319 -0.0125153568
v 0.10236872 -0.0207780935 -0.0115267774
v 0.105962411 -0.0180486571 -0.0115187075
v 0.113075256 -0.0045490996 -0.0115155652
v 0.112304091 -0.00519093359 -0.0123915765
v 0.120229267 -0.0290570613 -0.0203913767
v 0.119280443 -0.0252947584 -0.0180406161
v 0.11096818 -0.0280627366 -0.0180526692
v 0.111215331 -0.0319578536 -0.0207930878
v 0.0997192115 -0.0337978713 -0.0208276436
v 0.126861855 -0.0219405014 -0.0181854405
v 0.136124641 -0.0128019657 -0.0181528404
v 0.131921023 -0.017848229 -0.0181275215
v 0.137512818 -0.0168444011 -0.0204580091
v 0.138805941 -0.00591317564 -0.0182581116
v 0.0874930844 -0.0348398089 -0.0209464449
v 0.0732122362 -0.0352703035 -0.0209114756
v 0.0433695018 -0.0358972847 -0.02323916
v 0.0866517052 0.0323039144 -0.0179276802
v 0.100035936 0.0304839034 -0.0181260295
v 0.0639019087 0.0349859297 -0.020346988
v 0.0505570769 0.0341339298 -0.0183639899
v 0.0686164722 0.0333962291 -0.017813839
v 0.1324687 0.0175876915 -0.0182465371
v 0.138692349 0.00587960286 -0.0181915872
v 0.139189616 -2.58963028e-05 -0.0181818139
v 0.0433235094 -0.0366711468 -0.028182663
v 0.0391302444 -0.0350903869 -0.028151758
v 0.0316987932 -0.0327586718 -0.0211001709
v 0.0342801102 -0.0327963196 -0.015499725
v 0.100047618 -0.0303940661 -0.0179543011
v 0.0872814506 -0.0322421864 -0.0178267974
v 0.0501760244 -0.0340267979 -0.017876884
v 0.0695474073 -0.0334497802 -0.0177885238
v 0.0412036926 -0.0344316177 -0.0190241523
v 0.104123622 0.0246482324 -0.0141929416
v 0.0439814143 -0.0315918922 -0.0116578434
v 0.0804217309 -0.0281562172 -0.011614576
v 0.0429925695 0.0356450938 -0.0227563977
v 0.0300111547 0.0321098194 -0.016847901
v 0.0380277298 0.0342424251 -0.0199778434
v -0.0328222029 -0.02644361 -0.0134811606
v 0.00699916761 -0.02735186 -0.0128844632
v -0.0409184508 -0.0247026924 -0.0135677783
v -0.046436552 -0.0221773647 -0.0136372829
v -0.051013276 -0.0186708122 -0.013674289
v -0.0551869608 -0.0135359708 -0.0137383509
v -0.0578478612 -0.00705013424 -0.0137553504
v -0.0587719753 -0.00109500159 -0.0137639018
v -0.0579298064 0.00696518458 -0.0137634231
v -0.0543498546 0.0146874143 -0.013729712
v -0.0487243421 0.0206119511 -0.0136581641
v -0.0413983501 0.0244566277 -0.0135683315
v -0.0332568102 0.02636718 -0.0134232994
v 0.00685136812 0.0272311792 -0.0129044475
v 0.0184695292 0.0294898823 -0.0337798931
v 0.0409206785 0.0350458398 -0.0337473825
v 0.0306448881 -0.0320444331 -0.0337932631
v -0.00810540188 0.0286219642 -0.0337902233
v -0.00829930417 -0.0287057608 -0.0337932967
v 0.019867016 -0.0298115034 -0.0285312738
v 0.0448592901 -0.0366445854 -0.0285284091
v 0.0446922183 0.0365361162 -0.028528668
v 0.0357213579 -0.0338616669 -0.0286473725
v 0.0291206092 0.0314721353 -0.0285278019
v 0.00199960382 -0.0285318717 -0.0285301842
v 0.123967513 -0.0292084292 -0.0285257585
v 0.0912157521 0.0362867825 -0.028526457
v 0.0951438174 -0.0361253954 -0.0285249408
v 0.114246979 -0.0328343734 -0.028525684
v 0.00874389894 0.0286098439 -0.0285304692
v -0.0349696241 -0.0294860434 -0.0285329577
v 0.115029469 0.032673303 -0.0285221636
v 0.123213805 0.0298892297 -0.0287429783
v -0.0428916477 -0.028657876 -0.0285301264
v 0.132705495 0.0231831707 -0.02852506
v -0.0651522949 -0.00234926352 -0.0285290089
v -0.0626742318 -0.0115372455 -0.0285367891
v -0.0389698707 0.0292962939 -0.0285328925
v -0.0494019873 0.0259808507 -0.0285337549
v -0.0588183068 -0.0180999823 -0.0285325926
v -0.0530858077 -0.0240319408 -0.0286802761
v 0.141464651 -0.00640402082 -0.0285239574
v -0.0631505549 0.0114878574 -0.0289195403
v -0.0649148822 0.00596470525 -0.0289480351
v 0.141876236 0.00127533218 -0.0285229441
v 0.138073817 0.016419379 -0.0285260323
v 0.140898883 0.00904050842 -0.0285243131
v -0.0580423437 0.0190359782 -0.0285327062
v 0.138163894 -0.0164328907 -0.0285199806
v 0.132696494 -0.0237813015 -0.0288060401
v -0.0117935622 0.0283793211 -0.0353485048
v -0.0116828633 -0.0285835322 -0.0352821164
v -0.0399272889 -0.0289076399 -0.0354025625
v -0.0363061354 0.0288845319 -0.0354025401
v -0.0543576181 0.0222175866 -0.0354056098
v -0.0445469283 0.0277037211 -0.0354024768
v -0.0501770899 -0.0252177361 -0.0354061387
v -0.0564814731 -0.0202230215 -0.0354044847
v -0.0647274181 -0.00348554226 -0.0354046114
v -0.0642373785 0.00594021427 -0.0354059152
v -0.0614696518 -0.0134538123 -0.0354030989
v -0.0602627136 0.015430239 -0.035403762
v 0.0784216598 -0.0369192548 -0.0353974551
v 0.0440224297 0.0361778773 -0.0354163535
v 0.0439518206 -0.0361718386 -0.03541876
v 0.0787927508 0.0367464162 -0.0353975669
v 0.128086239 0.0266129673 -0.0353955999
v 0.140941188 0.00705497945 -0.0353949331
v 0.141276762 -0.00384934084 -0.0353945941
v 0.102965683 0.0351608321 -0.0353970863
v 0.121219799 -0.0304815881 -0.0353964679
v 0.13402684 0.0215341281 -0.0353955179
v 0.106517471 -0.0347452946 -0.0353961773
v 0.138093144 0.015469024 -0.0353951752
v 0.140108556 -0.010271335 -0.0353948474
v 0.118514694 0.0314732194 -0.0353955105
v 0.137679756 -0.0164146181 -0.0353948623
v 0.132041946 -0.0237416811 -0.0353956893
v 0.0459069349 -0.0372317471 -0.0290122498
v 0.0963311493 -0.0364066176 -0.0289927125
v 0.0787716359 -0.0372521207 -0.0289600063
v 0.0424120575 -0.0363824144 -0.0290304385
v 0.117186479 -0.0324398838 -0.0289974101
v 0.109105021 -0.0346013531 -0.0289901588
v 0.0270453095 -0.0317818038 -0.0290484224
v 0.123620227 -0.029879516 -0.0289679263
v 0.142369866 -0.00130691205 -0.0290221497
v 0.141783863 -0.00739276316 -0.029015081
v 0.139886081 -0.0137127247 -0.0289994217
v 0.136989146 -0.0190201811 -0.0290012974
v 0.129223704 -0.0266310852 -0.0290140323
v 0.00504424749 -0.0291132201 -0.0290148444
v 0.0162736867 -0.0299101043 -0.029039504
v 0.128910139 0.0267766695 -0.0289853252
v 0.133626521 0.0228977203 -0.028968377
v 0.137614727 0.0179697741 -0.0290083848
v 0.139777645 0.013923496 -0.0290145446
v 0.141998246 0.00597108062 -0.0290001985
v -0.0120092304 -0.0292516146 -0.0290284399
v 0.105298467 0.0352187455 -0.0289297719
v 0.116460718 0.0325758159 -0.0290059112
v -0.0347438119 -0.0299804732 -0.0290253274
v 0.0464074537 0.0371375941 -0.0289883632
v 0.0871616527 0.0368928947 -0.0289538316
v -0.0410382785 -0.0295113381 -0.0290374923
v -0.0656558648 0.00102094223 -0.0289908666
v -0.0652055219 -0.00486617861 -0.0289869457
v -0.0631434172 -0.0116935289 -0.02899996
v -0.0589903854 -0.0188275464 -0.0290440097
v -0.0476915166 -0.0274083372 -0.0289993547
v -0.0423623957 0.0290914718 -0.0290227272
v -0.0353713185 0.0298794545 -0.0290028751
v -0.0474357046 0.0273931269 -0.0290112551
v -0.0518109165 0.0250323731 -0.0290068127
v -0.0588773899 0.0188662484 -0.0290051065
v 0.0432655402 0.0366108343 -0.0290287174
v -0.014575962 0.0291910712 -0.0290311296
v 0.0202180129 0.0302152373 -0.0289789233
v 0.0362428986 0.0340397507 -0.0290635433
v 0.00541349826 0.0290306732 -0.0290171467
v 0.0429994427 0.0364562795 -0.0347150937
v 0.0423739851 0.0362719819 -0.0334673114
v 0.0423412472 0.0357706733 -0.0339101218
v 0.00378043088 0.0290084537 -0.0333706066
v -0.00881392136 0.0292198304 -0.0334014259
v -0.0115836272 0.0292642508 -0.0345863029
v -0.00983824953 0.0287321061 -0.0340504199
v 0.142393574 -0.00159330608 -0.0346219353
v 0.141523823 0.00850213692 -0.0346051641
v 0.139768377 0.0141358199 -0.0345761813
v 0.136961341 0.0192694273 -0.0345817879
v 0.131856292 0.0251056422 -0.0345337167
v 0.0955581293 0.036941871 -0.0345204771
v 0.108947583 0.0351030342 -0.0345239751
v 0.117883533 0.0326926634 -0.0345456116
v 0.124957293 0.0296094082 -0.034552779
v 0.07574597 0.0377667472 -0.0345288552
v 0.0459387712 0.0374610387 -0.034580715
v -0.0642743036 0.00901451893 -0.0346681774
v -0.0380676426 0.0298739988 -0.0345860422
v -0.0463588051 0.0280258674 -0.0346124992
v -0.0525054298 0.0247124732 -0.0346678123
v -0.0617329516 0.0147548476 -0.0346911326
v -0.0582910851 0.0196795817 -0.0346990936
v -0.0658186674 -0.00298352866 -0.0346108302
v -0.0655125082 0.00409064069 -0.0346403755
v 0.0424152203 -0.0359372348 -0.0339381248
v 0.0301915221 0.0323478281 -0.0334232338
v 0.0153287686 0.029675914 -0.0333613567
v 0.0425860435 -0.0364147946 -0.0336414613
v 0.0429197326 -0.0363948084 -0.03476559
v 0.00650820136 -0.0291351099 -0.033346124
v -0.0110060768 -0.0292261261 -0.0346080847
v -0.00953993481 -0.0293317884 -0.0334388502
v 0.0965692773 -0.0369542949 -0.0345439874
v 0.109898835 -0.0349715427 -0.0345586091
v 0.119002983 -0.0323313884 -0.034573786
v 0.127572283 -0.0282580927 -0.0345815122
v 0.133002713 -0.0239791218 -0.0345641896
v 0.136437818 -0.0201352872 -0.0345722586
v 0.139692247 -0.0144935381 -0.0345709994
v 0.141503915 -0.00866441894 -0.0345835686
v 0.0748463497 -0.0379094444 -0.0345590673
v 0.0454448871 -0.0374743901 -0.0345890447
v -0.0371426791 -0.029971607 -0.0346351303
v -0.046014972 -0.0282647628 -0.0346337259
v -0.0624794103 -0.0136422543 -0.0346861556
v -0.0581748895 -0.0198693853 -0.0346978344
v -0.0532620326 -0.0243040733 -0.0346657783
v 0.0353981927 -0.0338616781 -0.0334014632
v 0.0144826556 -0.0292417072 -0.0337860622
v 0.0216712467 -0.0306362715 -0.0333939232
vn -0.01134781 0.9960621 -0.08792893
vn -0.2756663 0.8949119 -0.3509143
vn -0.125724 0.9912646 -0.03984971
vn -0.9514383 0.04264764 -0.304871
vn -0.7927474 0.005075508 -0.609529
vn -0.9999391 0.005173083 -0.009755676
vn -0.5122291 0.8506687 0.1182546
vn -0.1217645 0.9894135 0.07895761
vn 0.01073112 0.9976773 0.06726744
vn 0.1140928 0.9539471 0.2774305
vn 0.02859042 0.9981501 0.05365644
vn 0.02741192 0.9987891 -0.04085056
vn 0.0221789 0.9997438 -0.004496621
vn 0.02923838 0.9989228 -0.03603474
vn -0.02525143 -0.9339257 0.3565743
vn -0.006649575 -0.9990959 0.0419911
vn 0.01239097 -0.9989529 0.04404036
vn 0.08859345 -0.9469554 -0.308912
vn 0.02583695 -0.9990962 -0.03375086
vn -0.0002607533 -0.9980065 -0.06310986
vn -0.03234791 -0.9992227 -0.02253359
vn -0.04287055 -0.9988689 -0.02057173
vn 0.03107943 -0.999337 0.01896766
vn -0.8763344 -0.006749498 -0.4816559
vn -0.9788767 -0.005967771 0.2043645
vn -0.39478 -0.004108901 -0.9187666
vn -0.2277124 0.003393156 -0.9737225
vn 0.263826 -0.002463145 -0.9645672
vn 0.4079714 0.004177211 -0.9129851
vn 0.8269602 -0.0043608 -0.5622436
vn 0.9014592 0.002912573 -0.4328543
vn 0.9827555 -0.006937283 0.1847798
vn 0.9943779 0.003244377 0.1058395
vn 0.8232584 0.002298543 0.5676622
vn 0.564673 -0.00656049 0.8252886
vn 0.3427584 0.002425302 0.9394205
vn -0.09977575 -0.002531332 0.9950067
vn -0.2523472 0.003274183 0.9676312
vn -0.6799189 -0.003143262 0.7332806
vn -0.7609695 0.002388871 0.6487832
vn -0.4475259 0.6488361 0.6154124
vn -0.9995874 0.02555431 0.01311567
vn -0.8222138 0.3519444 0.447325
vn -0.999648 0.02646348 -0.001859617
vn -0.9996729 0.02462801 0.006899233
vn -0.8943041 0.4405145 0.07853103
vn -0.3713775 0.4663121 0.8028897
vn -0.8257044 -0.3071105 0.4731759
vn -0.8943577 -0.3347833 0.296723
vn -0.3213585 -0.606689 0.7270882
vn -0.3719852 0.3114594 -0.8744255
vn -0.01663475 0.4833066 -0.8752931
vn -0.3007812 0.2086376 -0.9305918
vn -0.03645178 0.04744351 -0.9982086
vn -0.9995556 0.01350048 -0.02657666
vn -0.9996576 0.01325483 -0.02256096
vn -0.8791049 0.2395491 -0.4120565
vn -0.02851973 0.6791872 -0.7334108
vn -0.5781798 0.6811017 -0.4492311
vn -0.2952546 0.8228744 -0.4854919
vn -0.03958968 0.9606323 -0.274988
vn -0.9007986 0.1607563 0.4033848
vn -0.9996044 0.004061145 0.02783177
vn -0.9994132 -0.003728755 0.03404977
vn -0.4513162 -0.3645778 0.8144917
vn -0.9996166 -0.02144707 0.0175099
vn -0.999764 -0.02164272 -0.001836751
vn -0.9997395 -0.02281665 0.0006188896
vn -0.8952978 -0.4454557 0.00330563
vn -0.9996287 -0.02072607 -0.01768303
vn -0.8208528 -0.4817763 -0.3067447
vn -0.9996736 -0.02281706 -0.01149178
vn -0.9994448 -0.01475733 -0.02987264
vn -0.8695828 -0.08166127 -0.4869881
vn -0.9997885 -0.005676853 -0.01976497
vn 0.7959719 -0.03857459 -0.6041031
vn 0.9994469 -0.003728332 -0.0330473
vn 0.9990159 0.006879797 -0.043818
vn 0.6768966 -0.2789444 -0.6811762
vn 0.9168099 -0.1660808 -0.3631483
vn 0.7690905 -0.3364941 -0.543389
vn 0.9772952 -0.1379274 -0.160842
vn 0.9003716 -0.4299937 -0.06660645
vn 0.9994696 -0.03195984 -0.006255218
vn 0.9986877 -0.05115068 -0.002576134
vn 0.4234784 -0.8610526 0.2815218
vn 0.8521934 -0.4628878 0.243929
vn 0.02232271 -0.784479 0.6197535
vn 0.7535085 -0.1434295 0.6416019
vn 0.7690493 -0.1806114 0.6131417
vn 0.7321147 -0.09769592 0.6741391
vn 0.7108839 -0.05675375 0.7010157
vn 0.7901703 0.1462765 0.5951757
vn 0.9993879 0.01695984 0.03059436
vn 0.9980305 0.02186357 0.05879737
vn 0.7957042 0.3365556 0.5035725
vn 0.9986938 0.03375602 0.03835818
vn 0.4049198 0.8954025 0.1851875
vn 0.9989644 0.03922232 0.02305864
vn 0.8636237 0.5035043 0.02525182
vn 0.4515964 0.8853776 -0.1103053
vn 0.8215268 0.5451223 -0.1671386
vn 0.4058666 0.835856 -0.3696176
vn 0.9976854 0.05237188 -0.04337065
vn 0.7914855 0.4405109 -0.4236756
vn 0.9980885 0.03760778 -0.04904091
vn 0.7890613 0.2750614 -0.5492936
vn 0.9995171 0.01239927 -0.02849167
vn 0.9999133 -0.01043816 -0.008015794
vn 0.9664044 -0.1992767 0.1623304
vn 0.9998823 -0.009588279 0.01197661
vn 0.9361697 0.2852534 0.2054674
vn -0.8700397 -0.1164602 0.4790283
vn 0.03200303 -0.002825238 0.9994838
vn 0.05708238 0.06905038 0.9959787
vn 0.006060153 0.2576355 0.9662232
vn 0.2840227 0.8740724 -0.3941173
vn 0.03352888 0.9916598 -0.1244449
vn 0.04016399 0.7361243 -0.6756536
vn -0.999474 0.01081149 -0.03057509
vn -0.9820523 0.1190197 -0.146313
vn -0.8881695 0.2968326 -0.3507784
vn -0.03283934 0.2651354 -0.9636518
vn -0.07096209 0.163765 -0.9839438
vn -0.01184099 -0.02911419 -0.9995059
vn 0.1189725 -0.9533532 -0.2774226
vn 0.01080995 -0.8592045 -0.5115182
vn 0.2334073 -0.8973964 -0.3744335
vn -0.887848 -0.4595987 0.022253
vn 0.1709349 -0.9358824 0.3080673
vn 0.3691278 -0.8608227 0.3503271
vn 0.005793878 -0.804327 0.5941587
vn 0.0843661 -0.5357788 0.840133
vn 0.1559183 -0.6203812 0.7686461
vn 0.9163186 0.2120751 0.3396826
vn 0.910436 -0.3661182 -0.1925194
vn 0.005554659 -0.3244314 0.9458929
vn 0.1338801 -0.03140752 0.9904997
vn 0.3066316 -0.1334883 0.9424213
vn 0.8867121 -0.4514945 -0.09946936
vn 0.1729569 -0.7903898 -0.5876819
vn 0.7989615 -0.4523906 -0.3962362
vn 0.8463137 0.5319895 -0.02721256
vn 0.06132459 0.909474 0.4112134
vn -0.001851012 0.8060418 0.5918556
vn 0.02146191 0.9530323 0.3021075
vn -0.9665975 -0.1670117 0.1944126
vn 0.7334087 -0.5695782 0.371069
vn 0.6761298 -0.6562371 0.3349645
vn 0.1946244 -0.952181 0.2355263
vn 0.02958678 -0.9988335 -0.03816029
vn -0.8350804 -0.5501197 -0.003046519
vn 0.1216533 -0.3508498 -0.928496
vn 0.004366699 -0.1525492 -0.9882863
vn 0.04379151 -0.4634461 -0.8850424
vn -0.9728615 0.1366379 -0.1867368
vn -0.03667022 0.8460138 -0.5318984
vn -0.5083424 0.8294247 -0.2316086
vn -0.2533757 0.9387338 -0.2336226
vn -0.927273 0.2148042 0.3066332
vn 0.8527446 0.1562796 0.4984007
vn 0.9999804 0.002653777 -0.005674911
vn 0.9999946 -0.003047234 0.001264603
vn 0.999989 0.0004430079 -0.0046683
vn 0.9999757 -0.001823736 -0.006723131
vn 0.9999877 0.002559428 0.004239367
vn 0.999965 -0.004589673 0.007008334
vn 0.9999789 0.005446081 -0.003543566
vn 0.9999871 0.005078941 -4.794548e-05
vn 0.9999596 0.007365752 0.005154674
vn 0.9999937 0.00307867 -0.001793919
vn 0.9999737 -0.006185069 -0.003773465
vn 0.9999995 0.0007933986 -0.0006159879
vn -0.9999972 -0.00155774 0.001776538
vn -0.9999955 -0.001281976 -0.00270889
vn -0.9999994 -0.0009145076 0.0006151972
vn -0.9999948 0.002817153 -0.001563955
vn -0.9999942 -0.002648072 0.002123077
vn -0.9999464 0.01033577 -0.0006842369
vn -0.9999881 -0.004621541 -0.001558915
vn -0.9999819 -0.005163077 -0.003090492
vn -0.999992 -0.002677961 0.002992617
vn -0.9999831 -0.005701169 -0.001167088
vn -0.9999771 0.006267807 0.002548858
vn -0.9999991 0.001066339 0.0008674653
vn -0.9999791 -0.005053943 -0.004030588
vn -0.9999978 -0.001066832 -0.001813255
vn -0.009305402 0.5682966 -0.8227711
vn -0.01183176 0.951912 0.3061432
vn -0.01511318 0.7848799 0.6194636
vn 0.001046868 0.5651469 0.8249896
vn -0.01731741 0.4636611 0.8858433
vn -0.01186005 -0.7190034 0.6949053
vn -0.02162713 -0.8787423 -0.4768063
vn -0.003980642 -0.6795074 -0.7336578
vn 0.0045768 -0.4031876 -0.9151059
vn 0.008901474 0.2281253 -0.9735911
vn 0.006049959 0.2413673 0.9704151
vn -0.003313389 0.3134032 0.9496143
vn -0.007580101 0.1254875 0.9920663
vn 0.004960108 0.05270401 0.9985979
vn -0.01102208 -0.04369714 0.998984
vn 0.008195144 -0.1867966 0.9823645
vn 0.004711421 0.9029362 0.4297489
vn -0.00574663 0.9210257 0.3894594
vn -0.005417636 0.8473005 0.5310861
vn 0.007885653 0.8102553 0.586024
vn 0.01230004 0.6992224 0.7147984
vn 0.007469616 0.5614092 0.8275046
vn 0.01035169 0.4082675 0.9128036
vn -0.002550281 0.9889264 0.1483852
vn -0.007292946 0.9971214 -0.07546961
vn 0.003381225 0.7174115 -0.6966415
vn 0.01903115 0.8268619 -0.5620829
vn 0.006027088 -0.06512778 -0.9978587
vn -0.005078132 -0.145118 -0.9894013
vn 0.01025504 0.1215088 -0.9925374
vn 0.01478811 0.2621591 -0.9649113
vn 0.008476622 0.4358954 -0.8999574
vn 0.005467607 0.5893227 -0.8078792
vn 0.005029692 -0.4802688 -0.8771069
vn -0.01146483 -0.3707961 -0.9286435
vn 0.009972285 -0.2606329 -0.9653865
vn 0.01253337 -0.8133059 -0.5817014
vn 0.002496836 -0.8425469 -0.5386171
vn -0.003992442 -0.7255425 -0.6881657
vn 0.004536368 -0.6913096 -0.7225444
vn -0.01529052 -0.5855348 -0.8105031
vn 0.002870701 -0.9827224 -0.1850631
vn -0.01412908 -0.9759358 -0.2176
vn -0.005624407 -0.9285223 -0.3712342
vn 0.007014595 -0.9133061 -0.4072136
vn -0.00159469 -0.7982548 0.6023179
vn -0.008093856 -0.8943582 0.4472783
vn -0.009313402 -0.9654753 0.2603283
vn 0.01253165 -0.9971769 0.07403571
vn -0.001191413 -0.9995367 0.03041284
vn 0.0132892 -0.591234 0.8063905
vn -0.01665533 -0.2209749 0.9751372
vn 0.01213396 -0.4397433 0.8980415
vn 0.2628235 0.96478 -0.01110563
vn 0.2376077 0.9711587 -0.01983845
vn 0.4910279 0.8711082 -0.007890514
vn 0.444102 0.8952986 -0.0348392
vn -7.853341e-05 -0.000236405 0.9999999
vn -2.819406e-05 -0.0004635512 0.9999998
vn -5.444963e-05 -0.0002706891 0.9999999
vn -2.419049e-05 -0.0004899643 0.9999999
vn -0.0006564055 0.001082571 0.9999992
vn -0.0005148705 0.0008914171 0.9999995
vn -0.000174683 0.0004649328 0.9999999
vn 0.001474572 0.0008732884 0.9999985
vn 0.001684698 0.0009712324 0.9999981
vn 0.001164949 0.0007989707 0.999999
vn 0.001174783 0.001276824 0.9999985
vn 4.528105e-05 -0.0003916614 0.9999999
vn 8.308464e-05 -0.0002698698 1
vn -0.0009694311 -0.0003291896 0.9999995
vn -0.0009216941 -0.0001830404 0.9999996
vn 0.03076283 -0.02507095 -0.9992122
vn 0.04104606 -0.009687643 -0.9991103
vn 0.04294332 -0.02292215 -0.9988145
vn -0.008070671 0.0009287871 -0.999967
vn -0.02423043 -0.008041119 -0.9996741
vn 0.005200974 -0.001186948 -0.9999857
vn -0.01242456 -0.0002712577 -0.9999228
vn -0.02592398 0.009325828 -0.9996204
vn 0.06322503 -0.01962088 -0.9978064
vn -0.0129894 -0.00967207 -0.9998688
vn -0.01310505 -0.01430346 -0.9998118
vn -0.01732984 -0.01784221 -0.9996906
vn -0.004360872 -0.008387874 -0.9999553
vn 0.002189122 0.01557902 -0.9998763
vn -0.0001839022 -0.0500711 -0.9987456
vn -0.0003828245 -0.05126841 -0.9986848
vn -0.002684077 0.001919466 -0.9999945
vn 0.00561911 0.002134367 -0.9999819
vn 0.00657741 0.001263051 -0.9999776
vn -0.001316446 0.001476681 -0.999998
vn -0.002163477 0.001539227 -0.9999965
vn -0.0005491101 -0.008780474 -0.9999613
vn 0.003125954 0.006086627 -0.9999766
vn -0.005478928 -0.007880047 -0.999954
vn 0.04532773 0.09383956 -0.9945549
vn -0.005062236 -0.0001949578 -0.9999872
vn 0.03040228 -0.03269053 -0.999003
vn -0.01643349 0.3335412 -0.9425923
vn -0.0008149894 0.03439572 -0.9994079
vn -0.01283134 -0.2834373 -0.9589049
vn 0.01079446 -0.04843954 -0.9987678
vn 0.003768248 -0.04533401 -0.9989647
vn 0.001917312 -0.01169785 -0.9999297
vn 0.01502988 -0.03819657 -0.9991572
vn 0.01937542 -0.03682229 -0.9991339
vn 0.01354868 0.03517601 -0.9992893
vn -0.07951812 -0.2478567 -0.9655278
vn -0.0006703734 -0.0007126825 -0.9999995
vn 0.0009579948 -0.02532019 -0.999679
vn 0.003448514 0.001598017 -0.9999928
vn 0.001722894 -0.01403447 -0.9999
vn -0.002598783 -0.006996012 -0.9999722
vn 0.01217308 -0.02383287 -0.9996418
vn 0.002599562 -0.005147794 -0.9999833
vn -0.01068425 0.01585438 -0.9998172
vn -0.01331553 0.005037363 -0.9998987
vn -0.01696718 0.007386571 -0.9998288
vn -0.007437203 0.0008544028 -0.9999719
vn -0.003603189 0.0002253084 -0.9999935
vn 0.000306315 -0.02622846 -0.999656
vn -0.005716281 -0.03242899 -0.9994577
vn -0.007865138 -0.03535582 -0.9993438
vn -0.00148828 0.0006510994 -0.9999987
vn -0.0005309048 0.00827431 -0.9999656
vn 0.00251883 0.04982076 -0.998755
vn -0.003403559 0.0001256801 -0.9999942
vn 0.005607376 0.0005591063 -0.9999841
vn 0.02172947 0.004588726 -0.9997534
vn 0.009676224 0.001398726 -0.9999522
vn -0.01061878 -0.002755493 -0.9999398
vn 0.003814789 0.003324276 -0.9999872
vn -0.5508355 -0.1850996 -0.8138295
vn -0.524046 -0.0223957 -0.8513955
vn -0.5792299 -0.01680912 -0.8149909
vn -0.1434344 0.00309 -0.989655
vn -0.3307561 -0.03297891 -0.9431399
vn -0.265158 -0.0999213 -0.9590136
vn -0.3363254 -0.3314614 -0.8814866
vn -0.3283239 -0.4933935 -0.8054603
vn -0.2706533 -0.5152681 -0.8131701
vn -0.2808032 -0.2670898 -0.9218529
vn -0.2589592 -0.4646999 -0.846755
vn -0.1754352 -0.6388423 -0.7490682
vn -0.4671803 -0.3785801 -0.7990117
vn -0.0530961 -0.3893065 -0.9195766
vn -0.5633425 -0.1859623 -0.8050238
vn -0.4249316 -0.2877297 -0.8582801
vn -0.3855979 -0.1484679 -0.9106435
vn -0.3324783 -0.1511903 -0.9309134
vn -0.2469504 -0.8793041 -0.4072344
vn -0.2684885 -0.6470799 -0.7135836
vn -0.3569117 -0.5443059 -0.759174
vn -0.4827524 -0.1957601 -0.8535971
vn -0.4645924 -0.09971558 -0.8798925
vn -0.3978711 0.01092302 -0.9173763
vn -0.4218186 -0.07703163 -0.903402
vn -0.4676306 0.0713424 -0.8810403
vn -0.3511853 -0.6030787 -0.7162157
vn -0.2710237 0.103857 -0.9569534
vn -0.279819 0.2722105 -0.9206535
vn -0.3329474 0.2212311 -0.9166257
vn -0.3271537 0.07173361 -0.9422445
vn -0.3730675 0.1111377 -0.9211238
vn -0.5476551 0.1698177 -0.8192899
vn -0.5731869 0.1511484 -0.8053638
vn -0.5190757 0.3401509 -0.7841287
vn -0.4805933 0.3771813 -0.7916845
vn -0.4075523 0.5416919 -0.7351673
vn -0.4358422 0.500222 -0.748211
vn -0.4540706 0.328492 -0.8281986
vn -0.3469749 0.5653206 -0.7483455
vn -0.1397836 0.2989684 -0.9439695
vn -0.2609577 0.8797209 -0.3974823
vn -0.2510808 0.633789 -0.7316214
vn -0.2482335 0.4048971 -0.8800219
vn -0.3773431 0.2675567 -0.8865808
vn -0.4350411 0.1963524 -0.8787406
vn -0.4968223 0.1601215 -0.852953
vn -0.3963281 0.3537479 -0.8472229
vn 0.06055404 0.6939432 -0.7174789
vn 0.04108582 0.6887524 -0.7238316
vn 0.08490644 0.7000094 -0.7090682
vn -0.6821876 0.08597854 -0.7261046
vn -0.495734 0.1948342 -0.8463377
vn -0.6286314 0.120436 -0.7683214
vn -0.8507549 0.525106 0.02190776
vn -0.445142 0.2198411 -0.8680544
vn -0.3322254 0.3343473 -0.8819513
vn -0.6201143 0.7843696 0.01491754
vn -0.2190127 0.400845 -0.8895824
vn -0.3593516 0.9266265 -0.110588
vn -0.1640138 0.5306867 -0.8315473
vn -0.1611917 0.5576434 -0.8142794
vn -0.1708243 0.9395403 -0.296788
vn -0.103279 0.9942319 -0.02891897
vn 0.01720204 0.6819717 -0.7311764
vn -0.09462229 -0.9952853 -0.02129997
vn -0.1738902 -0.9345102 -0.3105685
vn -0.8451182 -0.5310417 -0.0613999
vn -0.7179835 -0.6479486 0.2542879
vn -0.6259242 -0.7795609 -0.02244428
vn 0.07292175 -0.765949 -0.6387523
vn 0.06949644 -0.708104 -0.7026799
vn 0.03358016 -0.6842506 -0.7284734
vn 0.4818498 -0.5389852 0.6908804
vn 0.03448328 -0.3562396 -0.9337581
vn 0.220764 -0.1737949 -0.959718
vn -0.06378683 -0.2882933 -0.9554152
vn 0.30257 0.1624581 -0.9391799
vn 0.1524305 0.4191687 -0.895021
vn -0.09092578 0.6958643 -0.7123943
vn -0.07402331 0.6830162 -0.7266425
vn -0.01418763 0.6124854 -0.7903545
vn -0.4131568 -0.09052809 -0.9061491
vn -0.1668881 0.2979252 -0.9398877
vn 0.3690363 0.3130263 0.8751152
vn 0.304231 0.2996583 0.9042391
vn 0.3110144 0.1746861 0.9342135
vn -0.4711766 0.1812885 -0.8632075
vn -0.8995533 -0.2036571 0.3864294
vn -0.8561714 0.1177226 0.5031024
vn -0.8988364 -0.2051908 0.3872854
vn -0.7715245 -0.6069605 -0.1906535
vn -0.8213308 -0.5657114 -0.07339176
vn -0.8943195 -0.04417016 0.4452433
vn -0.8423628 -0.09046917 0.5312629
vn -0.911068 0.1922393 0.3646904
vn -0.9115282 0.1764584 0.371455
vn -0.9093523 -0.02918848 0.4150016
vn -0.5252385 -0.7617037 -0.379384
vn -0.5130972 -0.7724091 -0.37432
vn -0.816988 0.5603453 -0.1361754
vn -0.7914621 0.5829221 -0.1838193
vn -0.6169546 0.6681128 -0.4159235
vn -0.6151184 0.6702576 -0.4151917
vn -0.6714736 0.1031111 0.7338197
vn -0.2963521 -0.07729739 0.9519457
vn -0.09079447 -0.04432565 0.9948828
vn -0.5597337 -0.1203844 0.8198815
vn 0.9908056 0.007165967 0.1351029
vn 0.7650292 -0.0988365 0.636366
vn 0.9756622 -0.03221458 0.2168999
vn -0.10057 -0.1415808 0.9848048
vn -0.1073529 0.04423788 0.9932363
vn -0.1590849 -0.1613137 0.9739969
vn -0.1642745 0.1431283 0.9759755
vn -0.4410591 -0.02578196 0.8971077
vn -0.4638306 0.09028923 0.8813109
vn -0.698622 0.08434438 0.7105021
vn -0.6908988 -0.08628515 0.7177838
vn -0.8418572 0.04645939 0.537697
vn -0.8449832 -0.08871517 0.5273832
vn -0.7656429 -0.08260452 0.6379399
vn -0.9461116 0.08066099 0.3136345
vn -0.9383121 -0.1057329 0.3292278
vn -0.905367 -0.04888858 0.4218063
vn -0.9034505 0.1323722 0.4077435
vn -0.7923041 0.103742 0.6012419
vn -0.9490335 -0.1604919 0.2712522
vn -0.9587028 0.04410928 0.2809685
vn -0.9070916 -0.3058746 0.2891811
vn -0.8961794 -0.3750696 0.2370338
vn -0.9113227 0.2933554 0.2888485
vn -0.9294387 0.2596057 0.2621995
vn 0.05064475 -0.3788734 0.9240617
vn 0.02330006 -0.5892043 0.8076481
vn 0.4457703 -0.08445043 0.8911548
vn 0.4944519 0.1613502 0.8540981
vn 0.3884823 0.6192802 0.6823295
vn 0.4696189 -0.2601903 0.8436583
vn 0.4940157 0.2143459 0.8426176
vn -0.1827197 -0.1809356 0.9663724
vn -0.452806 0.5374883 0.711388
vn 0.3552527 -0.5434496 0.7605643
vn 0.3479695 -0.5356439 0.7694172
vn 0.03934421 -0.8865477 0.4609611
vn -0.6078206 -0.7382223 0.2925439
vn -0.804777 -0.5889413 0.07404239
vn -0.9022422 -0.4164455 0.1119473
vn 0.2561787 -0.8407987 0.4768963
vn 0.9995859 0.003396811 0.02857592
vn 0.9996629 -0.01607262 0.02039116
vn 0.9994959 -0.02036619 0.02435502
vn 0.99913 -0.01144761 0.04010241
vn -0.2605302 -0.4039899 0.8768786
vn 0.3084916 -0.6743311 0.6709027
vn 0.2884987 -0.5966783 0.7488281
vn 0.1883044 -0.7781008 0.59925
vn 0.195712 -0.7196922 0.6661382
vn 0.1219219 -0.8249591 0.5518854
vn 0.1037825 -0.8744591 0.4738677
vn 0.1678608 -0.8588912 0.4838684
vn 0.09807082 -0.9276234 0.3604121
vn 0.08842106 -0.9100019 0.4050657
vn -0.0378256 -0.7515832 0.6585529
vn -0.04686676 -0.8175852 0.5738972
vn 0.0164312 0.002912104 -0.9998608
vn -0.0008230913 2.471241e-05 -0.9999996
vn 0.7340118 0.004702194 -0.6791204
vn 0.8129565 0.05860324 -0.5793682
vn 0.8102695 -0.03996315 -0.5846933
vn 0.8899794 0.03620166 -0.4545615
vn -0.3728868 -0.9249589 -0.07352893
vn -0.2311727 -0.9512305 0.2042542
vn -0.08576171 -0.8690542 -0.4872265
vn -0.03108031 -0.9990893 -0.02923139
vn -0.02073498 -0.9873869 -0.1569621
vn -0.07406511 -0.9094123 -0.4092476
vn -0.08174579 -0.9960706 -0.03407459
vn -0.0680794 -0.9976732 -0.003654343
vn -0.08243565 -0.9965956 -0.001195622
vn 0.02729583 -0.9985897 -0.04553627
vn 0.03033257 -0.9980655 -0.0542702
vn 0.08385009 -0.9920219 0.09413672
vn 0.1151276 -0.9893889 -0.08862934
vn 0.1695515 -0.9853697 0.01728646
vn 0.2716523 -0.9585261 -0.08621347
vn 0.3979002 -0.9154825 0.05972675
vn 0.5278661 -0.84266 -0.1062148
vn 0.641677 -0.7666668 0.02173827
vn 0.7474194 -0.6641332 0.01707351
vn 0.786485 -0.6175972 0.00388892
vn 0.8950078 -0.445344 -0.02509213
vn 0.9112563 -0.4100433 -0.0384244
vn 0.9272873 -0.1895991 -0.3227853
vn 0.9847691 -0.1707077 -0.03299406
vn 0.9975597 0.03575536 -0.05996843
vn 0.9562402 0.01138387 -0.2923613
vn -0.9988095 0.03737028 -0.03135431
vn -0.9993377 0.004355975 -0.03612829
vn -0.9551332 0.295896 -0.01288502
vn -0.9527331 0.3036747 -0.009025663
vn -0.8560298 0.5165538 -0.01962971
vn -0.8177277 0.5755996 -0.002542797
vn -0.7051858 0.7067809 0.05633731
vn -0.5880368 0.8088248 0.003888237
vn -0.555891 0.8308903 -0.02463033
vn -0.4180007 0.9084466 -0.0005774077
vn -0.3739507 0.9274127 -0.00814504
vn -0.1099795 0.9594496 -0.2595401
vn -0.1448385 0.9425207 -0.3011253
vn -0.03709124 -0.01718174 -0.9991642
vn 0.04024296 -0.1004529 -0.9941276
vn 0.8089755 0.2040357 -0.5512968
vn 0.889729 0.2011733 -0.4097701
vn 0.6958408 0.1286047 -0.7065879
vn 0.4350752 -0.01459992 -0.9002757
vn 0.4303765 0.1976126 -0.8807526
vn 0.6408893 0.02567527 -0.7672038
vn 0.8802493 0.3373584 -0.3336921
vn 0.9348248 0.01384237 -0.3548394
vn 0.8207203 0.4160553 -0.3915561
vn 0.6950811 0.5892373 -0.4119
vn 0.7055809 0.6389081 -0.306516
vn 0.7673326 0.3908286 -0.5083835
vn 0.3674346 0.4902983 -0.790316
vn 0.6047117 0.5791272 -0.5467499
vn 0.6627518 0.3547511 -0.6594784
vn 0.5556723 0.7536969 -0.3509549
vn 0.4547113 0.8383659 -0.3006332
vn 0.1995729 0.9255772 -0.3216789
vn 0.2606032 0.9249731 -0.2766058
vn 0.3545626 0.8583677 -0.3707967
vn 0.09884702 0.9590137 -0.2655598
vn 0.1035846 0.9700584 -0.2196746
vn 0.02270063 0.9890052 -0.1461278
vn 0.04355641 0.9932023 -0.1079451
vn 0.04845732 0.9947504 -0.09013093
vn 0.02912902 0.9343402 -0.3551899
vn 0.08568663 0.877404 -0.4720382
vn 0.2327823 0.8567948 -0.4601251
vn 0.1499868 0.795631 -0.5869203
vn 0.4080819 0.7283902 -0.5503789
vn 0.2216163 0.6915014 -0.6875405
vn 0.4971825 0.7504154 -0.4355297
vn 0.01100874 0.9356501 -0.3527575
vn 0.1761719 0.175641 -0.9685627
vn 0.1869424 -0.01810553 -0.9822041
vn 0.1067894 -0.005466385 -0.9942667
vn 0.1135565 0.08449568 -0.9899321
vn 0.002659869 0.8660217 -0.4999993
vn 0.00106683 0.8985242 -0.4389226
vn -0.1990532 0.9460548 -0.2556519
vn -0.3789016 0.6501501 -0.6585881
vn 0.2629972 0.4043158 -0.8759916
vn 0.1211488 0.6745549 -0.7282161
vn 0.2597484 0.4267619 -0.8662592
vn 0.1037576 0.6706532 -0.7344785
vn 0.3164437 0.04699739 -0.9474463
vn 0.3192368 0.04651945 -0.9465325
vn 0.2728421 -0.02872784 -0.9616298
vn 0.3107669 0.007144005 -0.9504592
vn -0.1818113 0.7862572 -0.5905457
vn -0.4609266 0.8089768 -0.3648331
vn -0.2910992 0.7414433 -0.6045851
vn 0.01098208 0.938484 -0.345148
vn 0.06028684 0.965737 -0.2524235
vn 0.0349275 0.9991297 0.02280317
vn -0.156789 0.9869689 0.03618759
vn -0.1763802 0.972948 -0.1492054
vn -0.3627953 0.9293787 0.06807908
vn -0.2134431 0.9763865 0.03334024
vn -0.01870744 0.9993387 0.03117788
vn 0.05070432 0.96385 -0.2615768
vn 0.01637627 0.9119926 -0.4098796
vn 0.1226631 0.3221944 -0.938693
vn 0.1183396 0.4992703 -0.8583267
vn -0.06345481 -0.09877509 -0.9930846
vn -0.06070331 -0.1319085 -0.9894015
vn -0.09185032 0.3302856 -0.9394013
vn -0.202431 0.3982114 -0.8946783
vn -0.07833583 0.6305707 -0.7721685
vn 0.1518469 0.7809435 -0.6058627
vn -0.02615375 0.8664133 -0.4986422
vn 0.01346918 0.9758224 -0.2181498
vn 0.01171781 0.8526708 -0.5223171
vn 0.05603269 0.7155311 -0.6963301
vn 0.1713821 0.6915953 -0.7016581
vn 0.1106242 0.5690542 -0.8148249
vn 0.1074051 0.9920191 0.06604735
vn 0.1013614 0.9932536 0.05632938
vn 0.2234897 0.9742325 -0.03038728
vn 0.2241288 0.9743614 -0.01965559
vn -0.09262691 0.346137 -0.9336002
vn -0.2941283 -0.6686501 -0.6829317
vn 0.2302003 0.5977835 -0.767895
vn 0.3425215 0.7947779 -0.501006
vn 0.3304368 0.8999499 -0.2844323
vn 0.04380034 0.9989979 0.00919845
vn 0.04444827 0.9990083 0.00261555
vn -0.5390553 0.02777519 -0.8418123
vn -0.5294473 -0.03616185 -0.8475718
vn -0.5281873 -0.09478007 -0.8438216
vn -0.4964142 -0.1894879 -0.8471524
vn -0.4917064 -0.2124985 -0.8444343
vn -0.4475762 -0.3034371 -0.8411905
vn -0.4281001 -0.3284055 -0.8419502
vn -0.3847301 -0.3970121 -0.8332852
vn -0.3345944 -0.4383013 -0.8342293
vn -0.3007943 -0.4752513 -0.8268366
vn -0.2049378 -0.5392027 -0.8168604
vn -0.2375043 -0.5424215 -0.8058355
vn -0.005176761 -0.6800147 -0.7331802
vn -0.002420292 -0.6276753 -0.7784715
vn -0.08051272 -0.6157975 -0.78378
vn -0.1416117 -0.5671933 -0.8113186
vn -0.02023833 -0.7143266 -0.6995198
vn -0.0694133 -0.7303112 -0.6795787
vn 0.03214631 -0.7646984 -0.643586
vn 0.06144798 -0.7046054 -0.7069338
vn 0.05782719 -0.7250739 -0.6862389
vn 0.1302549 -0.7013302 -0.7008349
vn 0.242225 -0.8142422 -0.5275761
vn 0.2845369 -0.7018092 -0.6530716
vn 0.3213747 -0.7070022 -0.6299732
vn 0.4245352 -0.7079463 -0.5644306
vn 0.4494998 -0.5644177 -0.6923746
vn 0.5806886 -0.4990624 -0.6432242
vn 0.5571339 -0.5352435 -0.6349143
vn 0.6405665 -0.400717 -0.6550575
vn 0.723062 -0.3364695 -0.6032989
vn 0.7370238 -0.2539653 -0.6263367
vn 0.8198301 -0.1221876 -0.5594183
vn 0.8290223 0.06277627 -0.5556807
vn 0.08737057 -0.771001 -0.6308121
vn 0.1129505 -0.7249445 -0.6794833
vn -0.05801977 -0.7306898 -0.6802398
vn -0.01280831 -0.7121184 -0.7019425
vn 0.001081857 -0.8503503 0.526216
vn -0.04146624 -0.9195328 0.3908195
vn -0.00629311 -0.9320276 0.3623327
vn 0.003524117 -0.8681265 0.4963305
vn -0.009857806 -0.8541446 0.5199422
vn 0.02980621 -0.9523481 0.3035534
vn -0.06227573 -0.9826159 0.1748931
vn -0.04810335 -0.9923863 0.1133825
vn -0.04745587 -0.9776194 0.2049587
vn -0.05573163 -0.9872916 0.1488266
vn -0.04327761 -0.99101 0.1265948
vn -0.03304267 -0.9890301 0.143971
vn -0.01991516 -0.9759585 0.2170446
vn -0.01959765 -0.9256196 0.3779474
vn -0.003689484 -0.8675137 0.4973997
vn -0.05346215 -0.995726 0.07530901
vn -0.6698863 -0.7085621 0.2217925
vn -0.5142019 -0.8148218 0.2676972
vn -0.6769419 -0.6929585 0.2481089
vn -0.793802 -0.5741277 0.2006381
vn -0.8156656 -0.5194132 0.2547536
vn 0.5093948 -0.3194219 0.7990536
vn 0.2512025 -0.5754426 0.7783079
vn 0.07389173 -0.4329964 0.898362
vn 0.5522593 -0.06588955 0.8310645
vn 0.5880681 -0.04399329 0.8076141
vn 0.5524572 -0.2252747 0.8025225
vn 0.4614842 0.04914269 0.8857864
vn 0.5052327 0.006767831 0.8629566
vn 0.4328263 -0.05974931 0.8994951
vn 0.4146135 0.07789651 0.9066575
vn 0.3655604 -0.09841133 0.9255705
vn 0.3075482 -0.03754596 0.9507915
vn 0.3062367 0.01155523 0.9518853
vn 0.3194833 0.02178074 0.9473416
vn 0.3236803 -0.07783116 0.94296
vn 0.2739121 -0.4534341 0.8481566
vn 0.2952567 -0.3706378 0.880597
vn 0.3499957 -0.2748995 0.8955073
vn 0.3044829 -0.2628908 0.915521
vn 0.2384349 -0.5908547 0.7707396
vn 0.3384218 -0.4424401 0.8304924
vn 0.3837058 -0.3370329 0.859755
vn 0.4286997 -0.1999566 0.8810414
vn 0.322538 -0.1637526 0.9322845
vn 0.3014284 -0.1706911 0.9380861
vn 0.3053984 -0.09989922 0.9469699
vn 0.4757101 -0.3041994 0.8253258
vn 0.4967484 -0.1290063 0.8582531
vn 0.3595411 0.04140902 0.93221
vn -0.2625153 -0.4143095 0.8714548
vn -0.3285801 -0.06159556 0.9424654
vn -0.3220408 -0.01975717 0.9465196
vn -0.3165281 -0.01320984 0.9484912
vn 0.9961373 0.06049227 0.06364907
vn 0.9991168 0.03254802 0.0265746
vn 0.9922164 -0.02164182 0.1226302
vn 0.2548883 -0.07689873 0.963908
vn 0.2026691 -0.05377095 0.9777699
vn 0.4447437 -0.06239419 0.893482
vn 0.9127606 0.06160333 0.4038232
vn 0.9800171 0.1357392 0.1454003
vn 0.9745337 0.1109506 0.1948691
vn 0.9193496 0.03533027 0.3918523
vn 0.6714134 -0.0234085 0.7407132
vn 0.6380848 0.004609211 0.7699524
vn 0.4881521 -0.129243 0.863136
vn 0.1310195 -0.1299504 0.9828259
vn 0.06248552 -0.03759809 0.9973374
vn 0.09159647 -0.08645981 0.9920357
vn 0.06301461 -0.03454317 0.9974146
vn -0.9174067 0.178609 -0.3556175
vn -0.9039615 0.155458 -0.3983545
vn -0.862979 0.1923676 -0.467185
vn -0.8564985 0.2038948 -0.4741702
vn -0.9851136 0.101293 -0.1388912
vn -0.8959747 -0.08620682 -0.4356579
vn -0.8181224 0.1524163 -0.5544772
vn -0.8107722 0.156421 -0.5640752
vn 0.1048257 -0.07592684 0.9915879
vn 0.6197616 -0.001298117 0.7847891
vn 0.09946859 -9.723496e-05 0.9950408
vn -0.02138303 -0.06857887 0.9974164
vn -0.4234807 0.02045028 0.9056743
vn -0.03459208 -0.9992489 0.01746261
vn -0.001329962 -0.9997088 0.02409356
vn -0.0001710686 -0.999601 0.02824574
vn 0.001372408 -0.9995998 0.02825639
vn -0.1504267 -0.6897865 0.7082135
vn -0.06061644 -0.9980554 0.01452667
vn -0.9995456 -0.01836998 0.0238975
vn -0.9986429 -0.0133569 0.05034011
vn -0.999251 -0.02396589 0.0303805
vn -0.9970458 0.03531129 0.06821146
vn -0.9993418 0.0077693 0.03543373
vn -0.9993606 0.0002485063 0.03575454
vn 0.03429032 0.987451 -0.1541583
vn -0.08946217 0.9336307 -0.3468862
vn -0.03485283 0.9842603 -0.173254
vn -0.4027287 0.9152241 -0.01320591
vn -0.2416766 0.9133071 -0.3278149
vn -0.996015 -0.08873323 0.008979447
vn 0.04162666 0.9991008 0.008057483
vn -0.0642408 0.9815107 -0.1803053
vn -0.001528213 0.9998435 0.01762603
vn -0.03695568 -0.7941813 0.6065561
vn -0.08630915 -0.8585286 0.5054497
vn -0.1081013 -0.4984182 0.8601707
vn -0.3745821 -0.4956225 0.7836114
vn -0.2793016 -0.6950789 0.6624619
vn -0.1188609 -0.758582 0.6406446
vn -0.4251746 -0.2123584 0.8798469
vn -0.0667301 -0.3678763 0.9274773
vn -0.0292365 -0.5749613 0.8176581
vn -0.03879677 -0.6723105 0.7392519
vn -0.03093321 -0.7046767 0.708854
vn -0.03776594 -0.9844739 0.1714202
vn -0.0003638303 -0.9933848 0.114833
vn -0.03384388 -0.9843073 0.1731871
vn -0.2496038 -0.9399937 0.232615
vn -0.1056602 -0.9741546 0.1996465
vn -0.1512152 -0.9524824 0.2644073
vn -0.3399908 -0.8918118 0.2984589
vn -0.3945398 -0.8798204 0.2650556
vn -0.5444617 -0.7701647 0.3322768
vn -0.7064173 -0.6146101 0.3510399
vn -0.8005291 -0.4476627 0.3984362
vn -0.8796819 -0.2755387 0.3876056
vn -0.6627798 -0.3150804 0.6792992
vn -0.7994513 -0.2646338 0.5393019
vn -0.7472368 -0.4352151 0.50222
vn -0.3226419 -0.8696667 0.3736067
vn -0.1591438 -0.8984612 0.4091953
vn -0.2704922 -0.8336733 0.4814799
vn -0.481648 -0.749467 0.4542186
vn -0.6142556 -0.5915833 0.5222253
vn -0.1706153 -0.6195216 0.7662137
vn -0.03088248 -0.7213285 0.6919042
vn -0.01620314 -0.8345565 0.5506841
vn -0.0803643 -0.8277596 0.5552978
vn -0.03361287 -0.7769468 0.6286682
vn -0.2354873 -0.4505627 0.8611266
vn -0.4171723 0.7372596 0.5314279
vn -0.4178689 0.3878009 0.8215815
vn -0.4112303 0.4037633 0.81723
vn -0.1365132 0.02855807 0.9902265
vn -0.08205543 0.005864221 0.9966105
vn -0.1888601 -0.06128698 0.9800897
vn 0.2270711 -0.09756279 0.9689789
vn 0.4071632 0.1733135 0.8967612
vn 0.01683539 0.5008313 0.8653811
vn 0.01563024 0.6849105 0.7284595
vn -0.03396577 0.7527295 0.6574531
vn 0.2707924 -0.2259488 0.9357449
vn 0.4883119 -0.2270325 0.8426197
vn 0.3128591 -0.2554105 0.914814
vn -0.6987561 -0.5409713 0.4680707
vn 0.05585946 -0.09736829 0.9936796
vn -0.2385121 0.4853071 0.8411831
vn -0.790612 0.601715 0.1134532
vn -0.6173514 0.7547961 0.2217208
vn -0.8688315 0.4881442 0.08274693
vn 0.9989406 0.01510277 0.04346785
vn 0.9990909 0.02249607 0.0362137
vn 0.9990827 0.02147293 0.03704827
vn 0.9988043 0.01923036 0.04494567
vn 0.9989692 0.02228878 0.03954276
vn 0.9981745 0.01150009 0.05929011
vn -0.173248 -0.6514611 0.7386363
vn -0.1736372 -0.6469147 0.7425305
vn -0.3757147 -0.667767 0.6425929
vn -0.3853763 -0.6537321 0.6512446
vn 0.01376813 -0.001707688 -0.9999038
vn 0.6809387 -0.1189605 -0.722614
vn 0.9682808 0.2456993 -0.04543332
vn 0.9313869 0.21385 -0.2945957
vn 0.8927966 0.4504206 -0.005940141
vn 0.8164362 0.4565687 -0.3535207
vn 0.7818801 0.623355 -0.009587611
vn 0.6151754 0.6841766 -0.3917418
vn 0.572926 0.8196008 -0.003208416
vn 0.4638499 0.8855155 -0.02656032
vn 0.4542159 0.8315307 -0.3197569
vn 0.1954925 0.9807001 -0.003171476
vn 0.2821313 0.9592165 -0.01747991
vn 0.3771376 0.9249041 0.04816306
vn 0.137565 0.9855742 -0.09858657
vn 0.09383743 0.9955857 -0.001908318
vn 0.04771517 0.9983718 -0.03125395
vn 0.02218206 0.9992558 -0.03155827
vn -0.05451446 0.9941769 -0.09295457
vn -0.10521 0.9937435 -0.03748125
vn -0.06043849 0.9981209 0.01009198
vn -0.08180327 0.9965097 0.01663113
vn 0.03277836 0.09466861 -0.9949691
vn 0.9179034 -0.1220291 -0.3775743
vn 0.8580428 -0.101329 -0.5034828
vn 0.4238519 -0.2635244 -0.8665473
vn 0.7889069 -0.1973239 -0.5819702
vn 0.8652847 -0.2317905 -0.4444723
vn 0.8746034 -0.3463035 -0.3393269
vn 0.6602331 -0.3597682 -0.6592867
vn 0.8130582 -0.4485408 -0.3711435
vn 0.6955555 -0.5822114 -0.4209899
vn 0.6707648 -0.6743993 -0.3086426
vn 0.7714595 -0.3797055 -0.5105625
vn 0.5796829 -0.5783491 -0.5740034
vn 0.3469085 -0.5276192 -0.7754176
vn 0.4281032 -0.7438353 -0.5132608
vn 0.2608056 -0.7087654 -0.6554632
vn 0.2477989 -0.8517509 -0.461645
vn 0.1428861 -0.7972101 -0.5865489
vn 0.07951082 -0.8934936 -0.4419809
vn 0.05056463 -0.9946474 -0.09010983
vn 0.043814 -0.9930574 -0.1091664
vn 0.08934009 -0.9706113 -0.2234549
vn 0.2231097 -0.9356685 -0.2733979
vn 0.1941295 -0.9294801 -0.3136565
vn 0.3532532 -0.8577923 -0.3733692
vn 0.4120518 -0.859627 -0.3020839
vn 0.5392406 -0.7629517 -0.3565448
vn 0.5039497 -0.7256866 -0.4684162
vn 0.02864855 -0.9250223 -0.3788311
vn 0.001940293 -0.9310058 -0.3649989
vn 0.1168713 -0.1309405 -0.9844774
vn 0.176657 -0.194245 -0.9649151
vn -0.1498591 -0.9773373 -0.1495127
vn 0.1023932 -0.6967494 -0.7099689
vn -0.01058947 -0.8456677 -0.5336047
vn 0.01474552 -0.9029253 -0.4295445
vn 0.01142445 -0.9355483 -0.353014
vn 0.09585457 -0.7107762 -0.6968566
vn 0.2668834 -0.4341224 -0.8604133
vn 0.3984499 -0.05483907 -0.9155492
vn -0.2258532 -0.7075297 -0.6696208
vn -0.1548345 -0.935756 -0.3168394
vn -0.2442129 -0.7965924 -0.5529925
vn -0.2049999 -0.7828571 -0.5874605
vn -0.1862549 -0.9823158 -0.01909771
vn -0.0870123 -0.9961193 0.01323548
vn 0.001110477 -0.9982307 0.05944751
vn 0.01655359 -0.9615697 -0.2740615
vn -0.1350997 -0.9907323 0.0140569
vn -0.3095541 -0.9489737 0.06020964
vn -0.184807 -0.98207 -0.03721541
vn 0.0483525 -0.957794 -0.2833596
vn 0.1167557 -0.5165725 -0.8482457
vn 0.1209152 -0.2528769 -0.959913
vn 0.1513541 -0.6189261 -0.7707285
vn 0.004356516 -0.7783228 -0.6278493
vn -0.05071567 -0.2023603 -0.9779971
vn -0.04475184 -0.2244875 -0.9734488
vn -0.1712723 0.2952279 -0.9399501
vn -0.08687104 -0.6011709 -0.7943847
vn -0.1635132 -0.1427418 -0.97616
vn 0.1337305 -0.7913169 -0.5966019
vn 0.02827175 -0.9729444 -0.2293033
vn -0.03577239 -0.8552935 -0.5169075
vn 0.004102685 -0.8519751 -0.5235662
vn 0.0546365 -0.7186967 -0.6931738
vn 0.2101802 -0.6517897 -0.7286937
vn 0.1654322 -0.7668698 -0.6201152
vn 0.07295124 -0.9961447 0.04872179
vn 0.1395327 -0.9879711 0.06666154
vn 0.2326117 -0.9712184 -0.05124966
vn 0.278763 -0.9518376 -0.1276574
vn 0.3271292 -0.7092295 -0.6244838
vn 0.3461514 -0.8522428 -0.3922517
vn 0.03936991 -0.9985055 0.03790435
vn 0.03951781 -0.9985527 0.03647926
vn -0.03928694 0.6993518 -0.7136971
vn -0.07659817 0.7203762 -0.6893408
vn -0.03845574 0.7438982 -0.6671855
vn -0.07030574 0.7260784 -0.6840082
vn 0.01486706 0.7317181 -0.6814452
vn 0.1032851 0.7722003 -0.626928
vn 0.04724623 0.7459648 -0.6643074
vn 0.05232181 0.6434838 -0.7636694
vn 0.1383654 0.7415282 -0.6564988
vn 0.4100987 0.5916387 -0.6941056
vn 0.2873781 0.7113146 -0.6414402
vn 0.2565732 0.809098 -0.5287064
vn 0.1466302 0.6926072 -0.7062541
vn 0.4691757 0.6297128 -0.6191413
vn 0.5305142 0.4483204 -0.7194188
vn 0.6687027 0.4055735 -0.6231748
vn 0.7464068 0.2449141 -0.6187842
vn -0.01864092 0.9405932 0.3390233
vn -0.01822523 0.8386264 0.544402
vn -0.02030858 0.9429034 0.3324466
vn 0.004102593 0.8395733 0.5432311
vn -0.008291315 0.9177143 0.3971543
vn -0.02203339 0.8580803 0.5130427
vn 0.04107843 0.9506714 0.3074677
vn -0.03334551 0.9758174 0.2160288
vn -0.06803489 0.9872736 0.1437429
vn -0.03453256 0.9937831 0.1058425
vn -0.04527065 0.9885736 0.1437802
vn -0.03518712 0.9851773 0.1678914
vn -0.08766736 0.9910444 0.1007252
vn -0.0214398 0.9300027 0.3669268
vn 0.05555042 0.9302567 0.3626798
vn -0.08249396 0.9937339 0.07541687
vn -0.01710465 0.9972748 0.07176502
vn -0.597104 0.7761495 0.2026301
vn -0.7650383 0.6119519 0.2005771
vn -0.701772 0.6810226 0.2091037
vn -0.8136452 0.526658 0.246197
vn -0.8646976 0.4411111 0.2402477
vn -0.5545741 0.7949458 0.2459851
vn -0.3904739 0.8863132 0.2489559
vn -0.08826621 0.982769 0.1624016
vn -0.2455435 0.9394415 0.2390775
vn -0.07762314 0.9817631 0.1735393
vn 0.27904 0.5897262 0.7578651
vn 0.3205152 0.6325714 0.7050699
vn 0.4214717 0.3331883 0.843414
vn 0.3074239 0.07958157 0.948239
vn 0.5833944 0.1154212 0.8039458
vn 0.5501063 0.1687319 0.8178707
vn 0.5549793 0.2831133 0.7822052
vn 0.06583058 0.4173115 0.9063759
vn 0.4780244 0.3558509 0.8030335
vn 0.2501701 0.5785956 0.7763003
vn 0.4505621 0.4301928 0.7822583
vn 0.2569491 0.5501157 0.7945753
vn 0.2124702 0.6920027 0.6899193
vn 0.3069177 0.4286827 0.8497251
vn 0.326869 0.3224564 0.8883572
vn 0.2785431 0.4331433 0.8572052
vn 0.3225249 0.1353807 0.9368296
vn 0.4292374 0.458204 0.7783343
vn 0.4959311 0.1620284 0.8531115
vn 0.4511759 0.1731807 0.8754706
vn 0.4091728 0.4867651 0.7717755
vn 0.4016545 0.212843 0.890714
vn -0.2636791 0.4365065 0.860195
vn -0.2849448 0.06658699 0.9562283
vn -0.3058794 0.101797 0.9466125
vn -0.2883188 0.02905013 0.9570937
vn 0.9986712 -0.03985174 0.03267305
vn 0.9857028 -0.08681038 0.1444091
vn 0.314727 0.007531392 0.9491523
vn 0.4173408 0.07746301 0.9054425
vn 0.5776795 0.0547443 0.8144259
vn 0.6971247 0.03109894 0.7162751
vn 0.8019569 0.009558816 0.5973054
vn 0.8960694 -0.07699319 0.4371861
vn 0.9624942 -0.0979566 0.2530008
vn 0.06462701 0.08196921 0.9945374
vn 0.1479361 0.1248917 0.9810795
vn 0.06470376 0.08307291 0.9944407
vn 0.100569 0.1240804 0.9871625
vn -0.9182478 -0.2059371 -0.3382468
vn -0.863661 -0.204309 -0.4608117
vn -0.848294 -0.2038776 -0.4887036
vn -0.816687 -0.1647165 -0.5530741
vn -0.8038972 -0.19023 -0.5635261
vn -0.05445589 0.00935616 0.9984723
vn 0.0006257861 0.07403786 0.9972552
vn -0.1109123 0.07542673 0.9909638
vn -0.5088919 0.001719748 0.8608287
vn 0.4341861 -0.003102194 0.9008179
vn -0.009396056 0.9998026 0.01750444
vn -0.01708691 0.9988503 0.04478838
vn -0.01060213 0.9996193 0.02547121
vn -0.007954833 0.9998165 0.01742106
vn -0.1517696 0.6896852 0.7080258
vn -0.06566849 0.9978102 0.007901949
vn -0.04979978 0.9985088 0.02236257
vn -0.9995104 0.01390435 0.02802916
vn -0.9988739 0.003879969 0.04728378
vn -0.9997012 0.01292511 0.0207495
vn -0.9992281 -0.01038613 0.0378854
vn -0.9953356 -0.04766962 0.08387401
vn -0.9991871 -0.007733932 0.0395662
vn 0.04209388 -0.9812064 -0.1883135
vn 0.0382558 -0.9891447 -0.1418772
vn -0.05501743 -0.985102 -0.1629328
vn -0.5007457 -0.8650039 0.03197162
vn -0.6518377 -0.7583197 -0.007667599
vn -0.6404808 -0.7679612 -0.004470599
vn -0.9589027 0.2837249 -0.002374731
vn -0.9967999 -0.07480694 -0.02817469
vn -0.4762849 -0.8784747 0.03787949
vn -0.9289519 0.3701771 0.004159368
vn -0.1318928 -0.9105576 -0.3917768
vn 0.07416627 -0.997212 0.008232462
vn 0.02320897 -0.9994155 -0.02510153
vn 0.01021789 -0.9998939 0.01037924
vn -0.4198785 0.254949 0.8710356
vn -0.1085308 0.486875 0.8667029
vn -0.04790433 0.7247477 0.6873471
vn -0.2430485 0.6856994 0.6861078
vn -0.3500772 0.4941773 0.7957605
vn -0.1319242 0.8039363 0.5798987
vn -0.06464137 0.8994172 0.432285
vn -0.02891375 0.7470534 0.664135
vn -0.07085547 0.2817385 0.9568714
vn -0.03849207 0.5761554 0.8164333
vn -0.05151968 0.6626747 0.7471331
vn -0.6306317 0.3089635 0.7119306
vn -0.8448501 0.3993407 0.3560273
vn -0.6703665 0.6580454 0.3429069
vn -0.4547123 0.8341482 0.3121435
vn -0.286394 0.9006838 0.3267218
vn -0.1452808 0.9497207 0.2773519
vn -0.04278133 0.9813489 0.1874146
vn -0.567103 0.5850136 0.5797874
vn -0.7314047 0.3360756 0.5933806
vn -0.3758058 0.7451831 0.5508831
vn -0.2123359 0.8642791 0.4559991
vn -0.3065071 0.8206959 0.4821947
vn -0.8433406 0.2470118 0.477244
vn -0.7696155 0.4389321 0.4637139
vn -0.6641988 0.5899612 0.4591141
vn -0.507822 0.7439441 0.4343545
vn -0.1124006 0.9152416 0.3869096
vn -0.3863148 0.8316818 0.398831
vn -0.02103635 0.8323712 0.5538193
vn -0.06888433 0.8345249 0.5466473
vn 0.01426069 0.8181756 0.5747916
vn -0.1142936 0.7036929 0.7012513
vn -0.01135682 0.8455251 0.5338149
vn -0.232039 0.3913969 0.8904867
vn -0.2222295 0.4999505 0.8370565
vn -0.006616978 0.04369325 0.9990231
vn -0.00663799 0.04376467 0.9990198
vn -0.06077247 0.0003589941 0.9981516
vn -0.1684386 -0.07439219 0.982901
vn -0.257868 -0.04815605 0.9649793
vn -0.4227534 -0.4786721 0.7695146
vn -0.4299768 -0.569804 0.7003166
vn -0.4607675 -0.8213569 0.3362531
vn -0.03302346 0.999328 -0.01590415
vn 0.08377794 0.9964779 -0.003618706
vn 0.07389943 0.997265 -0.001258302
vn 0.07519796 0.9971686 -0.0003670744
vn 0.9997094 0.01145714 -0.02121098
vn 0.9996254 -0.00764851 -0.02628161
vn 0.9225864 0.3845036 -0.03148354
vn 0.9651287 0.2603377 -0.0274068
vn 0.8456233 0.5336961 -0.009468466
vn 0.7058664 0.7078596 -0.02621999
vn 0.6629943 0.7481841 -0.02567256
vn -0.9890648 -0.05801461 -0.1355921
vn -0.9910864 0.01111748 -0.1327562
vn -0.9585388 -0.2098908 0.1927409
vn -0.896468 -0.4341237 -0.08877812
vn -0.9265237 -0.3630749 -0.09864349
vn -0.8301876 -0.5504332 -0.08838452
vn -0.8029681 -0.5902223 -0.0829445
vn -0.4687042 -0.8823553 -0.04201783
vn -0.5774753 -0.7943517 -0.1884879
vn -0.6983592 -0.7157471 0.000717863
vn -0.5366321 0.8314289 0.1440554
vn -0.3940217 0.9047513 -0.1617777
vn -0.2660966 0.9617966 0.06434059
vn -0.6624971 0.7447632 -0.08015855
vn -0.7092 0.6961877 -0.1111665
vn -0.7603372 0.6440347 0.08430118
vn -0.8451961 0.4907174 -0.2117542
vn -0.931331 0.3489026 0.1043528
vn -0.9878865 0.1262417 -0.09024023
vn -0.9710097 0.2083865 -0.1171123
vn -0.03018778 0.9995363 -0.003971153
vn -0.1175488 0.9875006 -0.1049995
vn -0.1750667 0.9798092 -0.09656964
vn -0.010338 0.7252031 -0.6884575
vn -0.05017786 0.6148173 -0.7870716
vn -0.05641259 0.6201211 -0.7824752
vn -0.1366795 0.5613036 -0.8162457
vn -0.2240907 0.5308464 -0.8173038
vn -0.2432753 0.5413449 -0.8048372
vn -0.3366405 0.4442858 -0.8302309
vn -0.3615248 0.4096415 -0.8375522
vn -0.4243934 0.3433246 -0.8378654
vn -0.4613761 0.2700655 -0.8451016
vn -0.4916283 0.2430294 -0.8362048
vn -0.5089487 0.1558871 -0.846564
vn -0.5236757 0.1073718 -0.8451242
vn 0.5450071 -0.8377214 -0.03449728
vn 0.4367343 -0.8993149 -0.02226612
vn 0.6779919 -0.7325971 -0.06023747
vn 0.7091826 -0.7050009 -0.005817931
vn 0.9033034 -0.4279147 -0.03052736
vn 0.783903 -0.6147345 -0.08716375
vn 0.9566885 -0.2908946 -0.01128852
vn 0.1131685 0.9029396 0.4145998
vn 0.1143283 0.8716214 0.4766605
vn 0.3184904 0.707018 0.6314186
vn 0.1905051 0.7758976 0.6014073
vn 0.1868892 0.8379947 0.5126765
vn 0.1411995 0.8054566 0.5755887
vn 0.03021449 -0.9995388 0.003040785
vn 0.07444499 -0.997225 -0.0003223862
vn -0.1132862 -0.9566618 -0.268262
vn 0.07216682 -0.9973923 -0.0007386391
vn -0.4390358 -0.8967237 -0.05598347
vn -0.3507991 -0.9363076 -0.01637246
vn -0.5454184 -0.8368977 -0.04605372
vn -0.707474 -0.7058358 -0.03572611
vn -0.8262394 -0.5591194 -0.06865856
vn -0.9571284 -0.2835996 -0.05896153
vn -0.9644721 -0.2590324 -0.05192127
vn 0.07833942 0.99684 -0.01315114
vn 0.0725906 0.9973164 -0.009525047
vn -0.1204041 0.9050478 -0.4079109
vn -0.1177671 -0.9076063 -0.4029663
vn 0.2091482 -0.9777265 -0.01754482
vn 0.1489675 -0.9886654 -0.01869189
vn 0.3372153 -0.9413443 -0.01252789
vn 0.0001591428 0.0001774179 0.9999999
vn -0.0002646621 -0.0001698987 0.9999999
vn -0.0001257089 0.0005899481 0.9999998
vn 0.0001618797 0.000201155 0.9999999
vn 0.0006709056 -0.0004913924 0.9999996
vn 0.008351918 -0.06124443 0.9980879
vn 0.008192284 -0.06015499 0.9981554
vn -0.0002904531 -0.001615584 0.9999987
vn -7.833422e-05 -0.0006876515 0.9999998
vn -5.189858e-05 -0.0006764116 0.9999998
vn 0.0006311166 -0.0006106506 0.9999996
vn 0.0010578 -0.0004339289 0.9999993
vn 0.0009221853 -0.0004051168 0.9999995
vn 0.01732627 -0.6730816 -0.7393652
vn 0.04659707 -0.9988364 -0.01243332
vn -0.002386816 -0.001286534 -0.9999963
vn 0.0008108254 -0.0007015655 -0.9999994
vn -0.01326032 0.3260806 -0.945249
vn 0.002826721 0.003059648 -0.9999913
vn 0.003627282 0.0131041 -0.9999076
vn 0.07013712 -0.462041 -0.8840809
vn -0.0007434613 0.0007196938 -0.9999995
vn 0.003206986 0.00179108 -0.9999933
vn -0.001963351 0.02754414 -0.9996186
vn 0.003793599 -9.613781e-05 -0.9999928
vn -0.07524298 -0.5339175 -0.842182
vn -0.004005418 -0.005756096 -0.9999754
vn -0.003628256 -0.3976744 -0.9175194
vn -0.004012479 0.02232434 -0.9997428
vn 0.00699911 -0.0235851 -0.9996974
vn 0.1534915 0.5758456 -0.8030207
vn 0.2883416 -0.4922979 -0.8212807
vn -0.01600121 -0.002062076 -0.9998699
vn -0.02536047 -0.002146557 -0.9996761
vn -0.03453593 0.0228247 -0.9991428
vn -0.005712651 0.002089847 -0.9999815
vn 0.009599336 0.007898175 -0.9999228
vn -0.009434901 0.0009432306 -0.9999551
vn 0.002311737 0.01049162 -0.9999422
vn 0.005384991 0.005411397 -0.9999709
vn 0.002848367 0.01645385 -0.9998606
vn -0.01965097 -0.0427755 -0.9988914
vn -0.06092535 -0.09875534 -0.993245
vn -0.003006317 0.007269983 -0.9999691
vn -0.02528827 -0.01194321 -0.9996088
vn 0.03897261 0.0484527 -0.9980648
vn 0.03378204 0.01301358 -0.9993445
vn 0.4864718 -0.1160494 -0.8659548
vn 0.08824758 -0.07149828 -0.9935292
vn 0.1147683 -0.07828581 -0.9903028
vn 0.01114165 0.002466165 -0.9999349
vn 0.02047632 0.0003219949 -0.9997903
vn -0.0002392884 7.57989e-05 1
vn -0.000237157 7.441171e-05 1
vn 0.0002355663 3.240048e-05 1
vn -0.000221952 4.201531e-05 1
vn 0.000104053 2.765553e-05 1
vn 0.0001301246 -5.563916e-06 1
vn -0.0001101805 -1.106059e-05 1
vn 0.0002877504 1.317149e-05 0.9999999
vn 8.516328e-05 7.749448e-05 1
vn 0.0001522565 8.577025e-05 1
vn 2.941614e-06 9.99476e-05 1
vn 0.0005648238 -0.0001307138 0.9999998
vn 3.398585e-06 2.18684e-06 1
vn 1.470197e-06 1.918108e-06 1
vn 0.0004826876 0.000589151 0.9999998
vn -0.0001914092 -6.508064e-05 1
vn -0.0002784534 -5.997007e-05 1
vn -0.0002320747 1.322355e-05 1
vn -0.0007852959 -0.0002962905 0.9999996
vn -0.0003577559 -0.0002007079 0.9999999
vn -0.001092084 -0.0004774613 0.9999992
vn 0.001681922 0.001182135 0.9999979
vn 0.0002075592 -7.196562e-05 1
vn -8.96664e-05 -1.907928e-05 1
vn -7.717046e-06 1.782039e-06 1
vn 2.902176e-06 -2.138647e-06 1
vn -5.73203e-06 3.102758e-06 1
vn 3.357102e-06 -9.127733e-07 1
vn 0.0004862629 -6.376088e-05 0.9999999
vn -0.0822458 0.9907441 0.1079899
vn -0.1176013 0.9889849 0.0898826
vn -0.3094799 0.9387892 0.1513178
vn -0.3329555 0.9366248 0.1089705
vn -0.5208161 0.8440216 0.1279773
vn -0.4989603 0.8498456 0.169709
vn -0.678445 0.7206516 0.1427363
vn -0.6661766 0.7228037 0.1837485
vn -0.8088763 0.554612 0.1952553
vn -0.9539701 0.193269 0.2293208
vn -0.9076748 0.3638075 0.2092138
vn -0.9116477 0.3739242 0.1705263
vn -0.812169 0.5622876 0.1556091
vn -0.98518 -0.0106626 0.1711916
vn -0.9729964 -0.009702601 0.2306165
vn -0.9671276 0.1798906 0.179732
vn -0.9779676 0.1725735 0.117464
vn -0.9929719 -0.0188177 0.1168448
vn -0.9069659 0.4112905 0.09084563
vn -0.7577134 0.647621 0.08035803
vn -0.575269 0.8143814 0.07647614
vn -0.3591896 0.9308128 0.06760523
vn -0.1633574 0.9852206 0.05152549
vn -0.02602434 0.9985509 0.04710501
vn 0.003757016 -0.2534165 0.9673499
vn -0.006569564 -0.1235722 0.9923139
vn 0.004130005 -0.2584578 0.9660138
vn -0.9620002 -0.2006609 0.1851779
vn -0.9552403 -0.1883074 0.2281585
vn -0.9068274 -0.3884371 0.1636481
vn -0.8949572 -0.3908406 0.215163
vn -0.8077549 -0.5700928 0.1500869
vn -0.7786624 -0.5949948 0.1991632
vn -0.6741554 -0.7261431 0.1350211
vn -0.6549611 -0.7329812 0.183751
vn -0.5082129 -0.8452867 0.1649547
vn -0.5182878 -0.8454311 0.1289344
vn -0.1840804 -0.9743318 0.1295837
vn -0.3388846 -0.9285367 0.1515812
vn -0.3388194 -0.9345595 0.1086276
vn -0.02376938 -0.9974201 0.06773642
vn -0.04992755 -0.9936349 0.1009791
vn -0.1709978 -0.9813179 0.08817597
vn -0.1078601 -0.9926953 0.0540578
vn -0.3070592 -0.949552 0.0637638
vn -0.5193184 -0.8512988 0.07482555
vn -0.7150608 -0.6943702 0.08085855
vn -0.8496943 -0.5184716 0.09595213
vn -0.9325856 -0.341698 0.1163036
vn -0.9745668 -0.1809539 0.1321939
vn 0.9999349 0.009897653 0.005681762
vn 0.9999981 0.0007052956 0.00182874
vn 0.9855623 0.1690383 0.009649149
vn 0.1173656 0.9579491 0.2618378
vn 0.1135656 0.8403853 0.529958
vn 0.157053 0.8091328 0.5662495
vn 0.1897408 0.9337606 -0.3034624
vn 0.3193518 0.9295266 -0.1843766
vn 0.2838547 0.9288135 0.2381849
vn 0.4366708 0.8792455 0.1903837
vn 0.4318773 0.8838034 0.1799264
vn 0.5710929 0.809262 0.1376514
vn 0.5596612 0.8132478 0.1593968
vn 0.7202983 0.6854352 0.106532
vn 0.7284141 0.6803635 0.08073598
vn 0.8340402 0.5506376 -0.03428183
vn 0.8382642 0.540015 0.07547785
vn 0.936474 0.3492552 0.03220731
vn 0.9367474 0.3484748 0.03270486
vn 0.9853023 0.1703033 0.01327758
vn 0.3628006 0.4312116 -0.8260946
vn 0.507166 0.8527198 -0.1251062
vn 0.2054297 0.4822255 -0.8516203
vn 0.01071168 0.5620955 -0.8270029
vn 0.009565047 0.6938014 -0.7201027
vn -0.8022411 0.5155956 -0.300949
vn -0.4768104 0.1596482 -0.8643867
vn -0.3466298 -0.07666742 -0.9348636
vn -0.08131552 -0.5835737 -0.8079787
vn 0.01528064 -0.7305493 -0.682689
vn 0.8562544 -0.1295016 -0.5000578
vn 0.8198642 -0.320708 -0.474309
vn 0.5526109 -0.7454874 -0.3726523
vn 0.1700209 -0.395592 -0.9025519
vn 0.4190356 -0.8892099 0.1836163
vn 0.1108462 -0.5476351 -0.8293425
vn 0.06957019 -0.7420284 -0.6667488
vn 0.1170036 -0.8386445 0.5319639
vn 0.1864318 -0.9465716 0.2631451
vn 0.1722936 -0.8065912 0.5654428
vn 0.1123774 -0.95599 0.2710247
vn 0.2701155 -0.8449274 0.4616658
vn 0.2800503 -0.9326361 0.2275123
vn 0.379187 -0.7507185 0.5409612
vn 0.7105238 -0.6950999 0.1095081
vn 0.5773937 -0.8034509 0.1452006
vn 0.8350874 -0.5468387 0.05997058
vn 0.8191882 -0.5032768 0.2750328
vn 0.6037821 -0.6108011 0.5122199
vn 0.8352947 -0.3105484 0.4536987
vn 0.9866221 -0.1626307 0.0113185
vn 0.1522169 0.5555009 0.8174649
vn 0.1427922 0.6507037 0.7457849
vn 0.2015316 0.4753843 0.8563848
vn 0.169196 0.5332292 0.8288784
vn 0.2669836 0.3897267 0.8813813
vn 0.2288769 0.4925963 0.8396214
vn 0.4525238 -0.001513617 0.8917511
vn 0.6230219 0.004704292 0.7821902
vn 0.4484831 0.09384499 0.888851
vn 0.6138764 0.1228276 0.7797879
vn 0.5644907 0.2199081 0.795607
vn 0.3994974 0.2104881 0.8922424
vn 0.4764926 0.3302896 0.8147783
vn 0.3282651 0.3205459 0.8885338
vn 0.3933478 0.4099137 0.822951
vn 0.3135284 0.4513224 0.8354686
vn -0.02563429 0.2065077 0.9781091
vn -0.02943057 0.2331553 0.971994
vn -0.05208467 0.3917334 0.9186033
vn 0.0130202 0.9983503 0.0559211
vn -0.1317818 0.9875954 0.08537465
vn -0.0139514 0.9994679 0.02948598
vn -0.03121194 0.6257012 -0.7794382
vn -0.07922614 0.981377 -0.1749924
vn -0.07938875 0.5069597 -0.8583061
vn -0.07517427 0.4952623 -0.8654849
vn -0.2007731 0.9395481 -0.2773799
vn -0.02864558 -0.2315867 0.9723924
vn -0.04479316 -0.3438386 0.9379598
vn -0.1576134 -0.9312013 0.3286672
vn -0.09321144 -0.9955971 0.009899491
vn -0.115112 -0.7782633 0.6172969
vn -0.01411962 -0.99979 0.01485828
vn -0.01229847 -0.9998603 0.01132265
vn -0.02458866 -0.9423187 -0.3338126
vn 0.06234583 -0.7316768 -0.6787946
vn -0.6104695 -0.4351967 0.6617635
vn -0.89994 -0.2697852 0.3425259
vn -0.7494583 -0.1694418 0.6400014
vn -0.7786895 0.01840695 0.6271393
vn -0.9536769 -0.05639349 0.2954997
vn -0.6290992 -0.3212246 0.7078481
vn -0.4832641 -0.5038751 0.7159369
vn -0.5407099 -0.7495433 0.3818608
vn -0.3813613 -0.6296781 0.6768079
vn -0.4136394 -0.8289856 0.3764111
vn -0.2674328 -0.6846165 0.6780708
vn -0.2019042 -0.7524941 0.626887
vn -0.1809046 -0.7639322 0.6194199
vn -0.0862893 -0.641997 0.761836
vn -0.07670944 -0.7355356 0.6731293
vn -0.04990172 -0.680871 0.7307014
vn -0.03330721 -0.6753227 0.7367699
vn 0.02107755 -0.720033 0.6936195
vn 0.07032865 -0.6684421 0.7404317
vn 0.06090454 -0.7033992 0.7081808
vn 0.02610544 -0.6864074 0.7267485
vn 0.06053164 0.9620855 -0.265946
vn 0.04406299 0.6759495 -0.7356296
vn 0.008571303 0.9618662 -0.2733861
vn -0.0623301 0.9768908 0.2044488
vn -0.004437364 0.4196926 -0.9076555
vn 0.8802773 0.4207358 0.2193019
vn -0.09400343 0.9681281 0.2321454
vn 0.01005005 0.9827877 0.1844647
vn 0.01513109 0.9404495 0.3395965
vn 0.04947942 0.887011 0.4590896
vn -0.6480435 0.3070521 0.6969639
vn -0.5528044 0.5108594 0.658354
vn -0.584028 0.3959828 0.7085964
vn -0.03283263 0.8111064 0.5839763
vn 0.03265712 0.6841294 0.7286292
vn -0.05381038 0.6617162 0.7478209
vn -0.09986222 0.8382263 0.5361009
vn 0.05325539 0.7170463 0.6949881
vn 0.04178056 0.7169968 0.6958233
vn 0.0779677 0.7102268 0.699642
vn -0.1259611 0.6822356 0.7202002
vn -0.236605 0.766527 0.5970379
vn -0.2679047 0.6616134 0.7003533
vn -0.3691847 0.6717449 0.6422316
vn -0.3963354 0.5435902 0.7398838
vn -0.4414636 0.5408956 0.7159202
vn -0.6753429 0.2675714 0.6872536
vn -0.781054 0.09634181 0.616987
vn -0.7831615 0.1564683 0.6018103
vn 0.2512971 -0.6447524 0.721903
vn 0.1992076 -0.4627873 0.8637964
vn 0.1523329 -0.5578437 0.8158463
vn 0.1401873 -0.6517904 0.74533
vn 0.2602368 -0.4000195 0.8787839
vn 0.3087527 -0.4509186 0.8374629
vn 0.3916161 -0.207643 0.8963934
vn 0.3214367 -0.3137255 0.893451
vn 0.6033468 -0.4429639 0.6631408
vn 0.4532628 -0.09073945 0.8867465
vn 0.6225295 -0.1038384 0.7756769
vn 0.04920718 -0.886367 0.4603608
vn 0.04107078 -0.9661889 0.254543
vn 0.0274152 -0.9174161 0.3969838
vn -0.09128585 -0.9685649 0.2314063
vn 0.01645713 0.9216781 0.3876062
vn 0.04504606 0.8463163 0.5307726
vn 0.07973851 0.7634491 0.6409269
vn 0.0861424 0.7910684 0.6056321
vn 0.04408581 0.878683 0.4753658
vn -0.02258029 0.947403 0.3192455
vn 0.1430751 0.7261363 0.6724994
vn -0.2394138 -0.9108421 -0.3362255
vn -0.2874485 -0.8684393 -0.4039636
vn -0.2882086 -0.8737473 -0.3917928
vn -0.1088885 -0.4311225 -0.895699
vn -0.1448227 -0.9888546 0.034539
vn -0.08259756 -0.9965482 0.008327275
vn -0.04488088 -0.3444592 0.9377279
vn -0.3108332 -0.9493082 0.04686994
vn -0.2126218 -0.9756003 0.05473537
vn -0.1497754 -0.975777 0.1594575
vn -0.08135282 -0.9641791 0.2524686
vn 0.07637851 -0.7644075 0.6401933
vn 0.050559 -0.8393312 0.5412642
vn 0.01770003 -0.9199938 0.391533
vn -0.03509277 -0.9460722 0.3220494
vn 0.2137369 0.5334176 0.8184022
vn 0.2043591 0.5846032 0.7851602
vn 0.238305 0.4363544 0.8676437
vn 0.2502024 0.06130193 0.9662509
vn 0.2529371 0.1788198 0.9508135
vn 0.2506007 0.3157564 0.9151487
vn 0.2495364 0.002989321 0.9683608
vn 0.00766277 -0.07291169 0.997309
vn 0.2542958 -0.2081273 0.9444663
vn 0.2518639 -0.3165883 0.9145142
vn 0.2446957 -0.4376611 0.8652033
vn 0.2563095 -0.1134028 0.9599194
vn 0.2526121 -0.04006194 0.9667378
vn 0.2025234 -0.5835286 0.7864342
vn 0.1453501 -0.7257677 0.6724095
vn 0.0009759782 -0.06654032 0.9977832
vn 0.02086953 -0.9260364 0.3768569
vn 0.04674551 -0.8841696 0.4648215
vn 0.08544765 -0.7933766 0.6027041
vn -0.0522511 0.3928955 0.9180975
vn -0.1445364 0.9880843 0.05290269
vn -0.1348996 0.9901029 0.0387088
vn -0.1057275 0.9943495 0.009525964
vn -0.2826934 0.9588195 0.02737639
vn -0.1872124 0.9790491 0.08008889
vn -0.2330848 0.96637 0.1086301
vn -0.1869607 0.9692775 0.1598337
vn -0.1146466 0.975935 0.1854914
vn 0.04064775 0.5877124 0.8080482
vn 0.1137217 0.5511984 0.826588
vn 0.03739027 0.5956613 0.8023649
vn 0.1699733 0.5331748 0.8287543
vn 0.2050749 0.5136536 0.8331292
vn 0.287029 0.4573936 0.8416682
vn 0.2681917 0.4830016 0.8335361
vn 0.3616295 0.3865603 0.8484075
vn 0.370139 0.3905005 0.8429155
vn 0.4407708 0.2786583 0.8532706
vn 0.4021181 0.322153 0.8570405
vn 0.4768861 0.2002712 0.8558453
vn 0.4954511 0.1338604 0.8582597
vn 0.5130191 0.09783059 0.852784
vn 0.5081755 0.01739992 0.8610777
vn 0.5055242 -0.008710884 0.8627684
vn 0.4977282 -0.1354819 0.8566862
vn 0.5102293 -0.08340789 0.8559844
vn 0.4771779 -0.1971165 0.8564147
vn 0.4222428 -0.2981278 0.8560553
vn 0.4402224 -0.2913401 0.8493087
vn 0.3675185 -0.3807884 0.8484871
vn 0.310916 -0.4396466 0.84264
vn 0.2606927 -0.4696179 0.8435036
vn 0.1936136 -0.5216101 0.8309252
vn 0.1793137 -0.5334297 0.8266192
vn 0.07670737 -0.5753031 0.8143356
vn 0.04536676 -0.5867077 0.8085271
vn 0.1343922 -0.9825342 0.1287062
vn 0.384257 -0.9145782 0.1260682
vn 0.2614436 -0.9650027 -0.02042527
vn 0.04842929 -0.998146 0.03686558
vn 0.09486597 -0.9905474 -0.09907646
vn 0.03716598 -0.9992377 -0.01194809
vn 0.1137396 -0.9933111 -0.01990937
vn 0.04228303 -0.989286 0.1397328
vn -0.05393355 -0.9974258 -0.04725373
vn -0.09364681 -0.9780945 0.1859072
vn -0.2375504 -0.9713562 0.00609001
vn -0.2004558 -0.9797015 -0.001578788
vn -0.383242 -0.9235915 0.01021787
vn -0.683899 -0.7279363 -0.0488961
vn -0.8136526 -0.5803653 0.03384653
vn -0.9684948 -0.2466301 0.03451549
vn -0.8769727 -0.4805014 -0.006121455
vn -0.9998804 0.0003419883 0.01546103
vn 0.075711 0.9969877 -0.01683419
vn 0.07102901 0.9973322 -0.01683332
vn 0.08126133 0.9966054 0.01320029
vn -0.9767674 0.213514 0.01836364
vn -0.9685587 0.2468542 0.03093742
vn -0.8684955 0.4953038 0.01974217
vn -0.899413 0.4366726 0.01932112
vn -0.6915967 0.7216937 0.02919163
vn -0.7442356 0.6669245 0.03639963
vn -0.4535648 0.8912192 0.00271907
vn -0.5150467 0.8571143 0.009045968
vn -0.1887182 0.9820186 0.004982204
vn -0.2735971 0.9604928 0.05097284
vn -0.09895939 0.9736013 0.205688
vn -0.05536456 0.9980187 -0.02989077
vn 0.02091583 0.9966747 0.07875405
vn 0.07315297 0.9971157 0.02021646
vn 0.07757415 0.9965088 0.03086247
vn 0.13096 0.9900218 0.05202341
vn 0.3048214 0.9522012 -0.01992152
vn 0.3255938 0.9448572 -0.03512296
vn 0.8398522 0.5301248 0.1166876
vn 0.6722 0.7375833 0.06417217
vn 0.7500072 0.6613832 -0.007838783
vn 0.5675408 0.8227012 0.03256097
vn 0.4896522 0.8684823 0.07732658
vn 0.9021084 0.4297967 0.03840762
vn 0.9745809 0.2203237 0.04061656
vn 0.9563919 0.2878951 0.04930595
vn 0.9872026 -0.08379586 -0.1356801
vn 0.9878451 0.07579947 0.135708
vn 0.9554049 -0.2413485 0.1701541
vn 0.9180509 -0.3923785 -0.05675952
vn 0.8184623 -0.5707298 0.06623387
vn 0.8117684 -0.5813144 0.05572708
vn 0.5678099 -0.823159 0.001070529
vn 0.6347959 -0.77243 0.0196491
vn 0.0001762453 0.0003311576 -0.9999999
vn 0.0009813571 3.842982e-05 -0.9999996
vn -0.06861957 0.000341921 -0.9976429
vn -0.006226357 0.001637486 -0.9999793
vn 0.1513978 0.001802838 -0.9884713
vn 0.07516155 -0.0001906439 -0.9971713
vn 0.003569444 -0.0005956425 0.9999934
vn -0.004371448 -0.0005687806 0.9999903
vn 0.0008347374 -0.001034171 0.9999992
vn -0.08618478 0.4724499 0.8771335
vn -2.554287e-05 -2.192166e-05 1
vn -0.1018119 -0.4629238 0.8805316
vn 0.1130262 -0.4164127 0.9021228
vn 0.1941167 -0.3578614 0.913375
vn 0.04510838 0.5079123 0.8602269
vn 0.02852257 -0.4538577 0.8906175
vn -9.669469e-05 1.640884e-05 1
vn -0.01437406 0.04463518 0.9988999
vn -0.01474322 -0.3960786 0.9180982
vn 0.01200271 0.01440265 0.9998242
vn -0.1515895 -0.4971576 0.8543155
vn 0.2760318 0.3223809 0.9054706
vn 0.02201707 0.01951628 0.9995671
vn -0.5124058 -0.038802 0.8578664
vn -0.3585525 -0.158983 0.919872
vn -0.2260468 0.4201726 0.878839
vn -0.3093028 -0.2236223 0.924297
vn -0.02660599 -0.03645464 0.9989811
vn -0.1613081 0.05742209 0.9852321
vn -0.1987919 0.05499346 0.9784976
vn 0.5118251 0.1410618 0.8474294
vn 0.4122706 0.2267991 0.8823804
vn 0.4212458 -0.05572001 0.9052333
vn 0.4509745 0.02000475 0.8923127
vn -0.2946867 0.2895329 0.9106759
vn 0.4801125 -0.2640505 0.8365222
vn 0.1248703 -0.1392317 0.9823553
vn 0.002798865 -0.0004309216 -0.999996
vn 0.004277755 -0.001157144 -0.9999901
vn -0.0812462 -0.4618292 -0.88324
vn -0.00283305 0.3493024 -0.9370058
vn -0.2962412 0.1910283 -0.9358149
vn -0.2593417 0.3075671 -0.9155023
vn -0.1066164 0.397046 -0.9115851
vn -0.1961973 -0.3557534 -0.9137539
vn -0.234964 -0.2433152 -0.9410578
vn -0.2967969 -0.1560306 -0.9421073
vn -0.3589728 -0.06530257 -0.9310608
vn -0.3649002 0.08409353 -0.9272411
vn -0.2619547 -0.3210815 -0.9101025
vn -0.2715687 0.3355181 -0.9020411
vn 0.01507779 -0.3850915 -0.9227552
vn 0.01385405 0.376779 -0.9261995
vn 0.4072078 0.05458111 -0.9117032
vn 0.3694541 -0.04141875 -0.9283254
vn 0.05755826 0.4118752 -0.9094206
vn 0.2191281 0.33237 -0.9173402
vn 0.3132047 0.276784 -0.9084566
vn 0.3573128 -0.1059742 -0.9279532
vn 0.268951 -0.3012562 -0.9148279
vn 0.1721589 -0.3758002 -0.9105688
vn 0.06586964 -0.4130189 -0.9083373
vn 0.1384123 0.3557981 -0.9242563
vn 0.3378722 0.1749526 -0.9247886
vn 0.343483 -0.1949389 -0.9187046
vn -0.08394082 -0.9028974 0.4215808
vn 0.02187071 -0.8183061 0.5743664
vn 0.09650819 -0.9093356 0.404716
vn -0.2860573 -0.8848444 0.3677248
vn 0.2832412 -0.8299938 0.4805046
vn 0.1603266 -0.8272402 0.5384879
vn -0.100463 -0.6005396 0.7932587
vn -0.2293555 -0.9606556 0.1566424
vn -0.2871126 -0.9576839 0.0201967
vn -0.2164722 -0.680896 0.6996573
vn 0.8960904 -0.1930951 0.3996703
vn 0.9081507 -0.02721985 0.4177576
vn 0.8230042 -0.3172543 0.4711833
vn 0.7172465 -0.5218105 0.4618129
vn 0.3827888 -0.8191658 0.4271302
vn 0.4938319 -0.700936 0.5146056
vn 0.0008528108 -0.6414879 0.7671326
vn -0.03903989 -0.9441329 0.3272446
vn -0.08943735 -0.9437907 0.318214
vn 0.4600638 0.7220249 0.516741
vn 0.6615656 0.6133578 0.4314199
vn 0.7488765 0.5111875 0.4217481
vn 0.8328922 0.335589 0.4400802
vn 0.8903017 0.1270739 0.4372815
vn 0.021731 -0.9674044 0.2523024
vn 0.05361815 0.3544652 0.9335306
vn 0.1586324 0.9811462 0.1103992
vn 0.2169567 0.8559086 0.4694148
vn 0.2956551 0.8831419 0.3642094
vn 0.4281659 0.8999106 0.08267465
vn -0.01079037 -0.9254242 0.3787791
vn 0.02835808 0.8746635 0.4839005
vn -0.05275317 0.8891363 0.4545919
vn -0.8534636 0.05455997 0.5182885
vn -0.8631643 -0.1942656 0.4660561
vn -0.6288487 -0.2724355 0.7282363
vn -0.4954703 -0.418029 0.7614204
vn -0.3649202 -0.7763644 0.5138984
vn -0.1484332 -0.8997751 0.4103319
vn -0.2129491 0.9765545 0.03152527
vn -0.09921043 0.9192443 0.3809818
vn -0.003130241 0.8895335 0.4568591
vn -0.3387683 0.8197601 0.4617678
vn -0.1544039 0.4847611 0.8609101
vn -0.5118324 0.7202652 0.4682369
vn -0.708441 0.5620148 0.4269083
vn -0.27017 0.8770276 0.3972792
vn 0.01940673 0.5520476 0.8335868
vn -0.1134957 0.4946138 0.8616704
vn -0.1184367 0.5067077 0.8539438
vn -0.2767771 0.8546942 0.4391949
vn 0.01387003 0.9952718 0.0961334
vn 0.0101868 0.8971909 0.4415255
vn -0.02048971 0.940129 0.3402024
vn -0.04430038 0.5855193 0.8094471
vn -0.1390876 0.990181 -0.01400573
vn -0.04775531 0.5703754 0.8199947
vn -0.7136286 0.3387021 -0.6132007
vn -0.5939678 0.5038627 -0.6271561
vn -0.7103317 0.06989919 -0.7003877
vn 0.04884686 0.5845582 -0.8098801
vn 0.1490059 0.5951093 -0.7897102
vn 0.01134324 0.5545477 -0.8320746
vn 0.3560948 0.2490466 -0.900651
vn 0.3334032 0.4036148 -0.8520197
vn 0.2399517 0.5850832 -0.7746617
vn -0.6412601 -0.5189785 -0.5651963
vn 0.8909446 -0.01277842 -0.4539321
vn 0.8892955 0.2060232 -0.4082989
vn 0.5631917 0.2127497 -0.798469
vn 0.4982024 0.3384763 -0.7982657
vn 0.3833063 0.4476936 -0.8078656
vn 0.03991438 0.5739753 -0.8178993
vn 0.1274614 0.5538856 -0.8227784
vn 0.197582 0.6272882 -0.7533066
vn 0.2679575 0.5173891 -0.8127161
vn -0.0009426512 0.6466345 -0.7627994
vn -0.1101257 0.9028394 -0.4156359
vn -0.5025235 0.197445 -0.8417159
vn -0.08804372 0.8943427 -0.4386334
vn -0.3409277 0.8386244 -0.4248264
vn -0.2719136 0.4562307 -0.8472996
vn -0.3843236 0.3367358 -0.8595955
vn -0.5141537 0.2552718 -0.8188298
vn -0.5991019 -0.04675047 -0.7993068
vn -0.5594165 0.04306082 -0.8277674
vn -0.8819453 -0.2039901 -0.4249241
vn 0.4754748 0.002205347 -0.8797265
vn 0.7059299 0.0005463822 -0.7082815
vn -0.2386059 0.9634703 0.1216221
vn -0.1491146 0.3847987 -0.9108758
vn -0.1160756 0.3499065 -0.9295655
vn -0.07050581 0.921749 -0.3813236
vn -0.08683697 0.4879601 -0.8685358
vn -0.0236748 0.9996921 -0.007431897
vn -0.03264347 0.9994588 0.004082907
vn -0.08874674 0.4733695 -0.8763819
vn -0.3076763 0.9281119 -0.2096274
vn -0.01314989 0.002410049 -0.9999107
vn -0.4776282 -0.8747715 -0.08152401
vn 0.06734852 -0.5893009 -0.8051015
vn 0.01121457 -0.5093983 -0.8604578
vn 0.09006651 -0.9696344 -0.2273702
vn 0.03944439 -0.996268 -0.07677455
vn 0.04192306 -0.5234311 -0.851036
vn 0.157528 -0.586595 -0.7944125
vn 0.1817168 -0.5734445 -0.7988369
vn 0.2731334 -0.4379469 -0.8565048
vn 0.4923273 -0.5008345 -0.7118838
vn 0.4546549 -0.3426932 -0.8221011
vn 0.5624437 -0.2327672 -0.7933956
vn 0.6101636 -0.1239933 -0.7825127
vn -0.008285413 -0.6272244 -0.7787945
vn -0.1329123 -0.8960677 -0.4235527
vn -0.0416908 -0.8933775 -0.4473683
vn -0.3025457 -0.8266476 -0.4744678
vn -0.4264373 -0.3483541 -0.8347459
vn -0.5326949 -0.2504417 -0.8084028
vn -0.3376406 -0.4434298 -0.8302824
vn 0.01120764 -0.7180911 -0.695859
vn 0.01149154 -0.7108212 -0.7032789
vn -0.1139507 0.0002704161 -0.9934864
vn -0.1576717 -0.910659 -0.3818898
vn -0.1222553 -0.5099568 -0.851468
vn -0.2772951 -0.8266315 -0.4896812
vn -0.2317547 -0.5819721 -0.779486
vn -0.2292988 -0.5714877 -0.7879238
vn -0.02307732 -0.9833924 -0.180019
vn -0.05628872 -0.5283632 -0.8471505
vn -0.05401217 -0.5183951 -0.8534338
vn -0.1582255 0.9867954 0.03463532
vn -0.2397248 0.9707031 -0.01634934
vn -0.9883017 0.1508503 0.0224506
vn -0.991593 -0.1270218 0.0246722
vn -0.9727526 0.2271511 0.04641849
vn -0.9468098 0.3207796 0.02552935
vn -0.9149708 0.4010468 0.04460827
vn -0.8707452 0.4908323 0.02977494
vn -0.7344551 0.678324 0.02126688
vn -0.5771763 0.8162335 0.02510866
vn -0.2992608 0.9538882 0.02324115
vn -0.324823 0.9457748 -0.0003279928
vn 0.01001199 0.991751 0.1277884
vn 0.08901058 0.9888979 0.1189876
vn 0.01425163 0.9995765 0.0253695
vn 0.01418094 0.9996829 0.02080786
vn -0.04155162 -0.9991361 0.000585362
vn -0.1687226 -0.9855823 -0.01265509
vn -0.5884857 -0.8076749 0.03668464
vn -0.5971603 -0.8003044 0.05396694
vn -0.771143 -0.6358331 0.03247743
vn -0.7401636 -0.6722091 0.01710926
vn -0.896484 -0.4426134 0.02024565
vn -0.9250741 -0.3789342 0.02543246
vn -0.2801271 -0.9597741 0.01904375
vn 0.01291689 -0.9945168 0.103776
vn 0.0935192 -0.9906343 0.09948786
vn 0.2058268 0.9732717 0.1018705
vn 0.3392579 0.9346056 0.106848
vn 0.4775096 0.871775 0.1095122
vn 0.6413273 0.7648522 0.06083073
vn 0.8174918 0.5752416 0.02836072
vn 0.9196779 0.3924434 0.01344949
vn 0.2108944 -0.9734973 0.08846711
vn 0.3483447 -0.9344411 0.07399872
vn 0.9745882 -0.2239937 0.002157091
vn 0.9157259 -0.4013018 0.02007062
vn 0.8012661 -0.5969566 0.04019218
vn 0.6864865 -0.7249197 0.05681322
vn 0.5258853 -0.8481672 0.06369469
vn 0.6885929 -0.7225404 0.06144221
f 4//1 5//2 6//3
f 6//4 5//5 7//6
f 6//3 7//7 8//8
f 9//9 10//10 11//11
f 6//3 3//12 4//1
f 2//13 1//14 6//3
f 6//3 1//14 3//12
f 6//3 11//11 2//13
f 6//3 9//9 11//11
f 6//3 8//8 9//9
f 14//15 13//16 15//17
f 18//18 17//19 19//20
f 12//21 20//22 13//16
f 13//16 16//23 15//17
f 13//16 17//19 16//23
f 13//16 19//20 17//19
f 13//16 20//22 19//20
f 20//24 12//25 7//6
f 7//6 5//5 20//24
f 20//24 5//5 19//26
f 19//26 5//5 4//27
f 19//26 4//27 18//28
f 4//27 3//29 18//28
f 18//28 3//29 17//30
f 17//30 3//29 1//31
f 17//30 1//31 16//32
f 16//32 1//31 2//33
f 16//32 2//33 11//34
f 16//32 11//34 15//35
f 15//35 11//34 10//36
f 15//35 10//36 14//37
f 14//37 10//36 9//38
f 14//37 9//38 13//39
f 9//38 8//40 13//39
f 13//39 8//40 12//25
f 12//25 8//40 7//6
f 36//41 35//42 38//43
f 30//44 29//45 45//46
f 36//41 38//43 41//47
f 48//48 25//49 49//50
f 37//51 40//52 53//53
f 37//51 53//53 39//54
f 37//55 32//56 40//57
f 32//58 43//59 31//60
f 43//59 44//61 31//60
f 38//43 28//62 41//47
f 46//63 28//62 38//43
f 47//64 48//48 26//65
f 49//50 26//65 48//48
f 33//66 25//49 48//48
f 34//67 24//68 42//69
f 51//70 23//71 50//72
f 39//73 21//74 52//75
f 56//76 55//77 57//78
f 57//79 83//80 58//81
f 58//81 83//80 59//82
f 62//83 61//84 63//85
f 64//86 63//85 84//87
f 64//86 84//87 65//88
f 68//89 67//90 85//91
f 68//89 85//91 69//92
f 70//93 69//94 71//95
f 72//96 71//95 73//97
f 76//98 75//99 86//100
f 76//98 86//100 77//101
f 77//101 86//100 87//102
f 77//101 87//102 78//103
f 78//103 87//102 79//104
f 80//105 79//104 81//106
f 82//107 81//106 54//108
f 59//82 83//80 60//109
f 65//110 84//87 66//111
f 74//112 73//97 75//99
f 104//113 105//113 88//113
f 88//114 105//115 89//116
f 94//117 93//118 95//119
f 95//120 106//121 96//122
f 96//123 106//124 97//125
f 101//126 100//127 107//128
f 101//129 107//129 102//129
f 102//130 107//131 103//132
f 104//133 103//132 105//134
f 90//135 89//135 91//135
f 100//136 99//136 107//136
f 111//137 114//138 113//139
f 117//140 116//140 118//140
f 116//141 126//141 118//141
f 118//142 126//142 119//142
f 122//143 123//143 124//143
f 123//144 125//145 124//146
f 115//147 112//147 111//147
f 112//148 115//149 110//150
f 117//151 110//150 115//149
f 115//152 116//152 117//152
f 126//153 109//154 119//155
f 120//156 121//156 127//156
f 121//157 123//158 122//159
f 113//160 108//160 125//160
f 108//161 113//161 114//161
f 69//94 85//162 109//163
f 109//163 85//162 120//164
f 69//94 109//163 71//95
f 115//165 87//102 116//166
f 116//166 87//102 86//100
f 71//95 109//163 126//167
f 71//95 126//167 73//97
f 73//97 126//167 116//166
f 73//97 116//166 75//99
f 116//166 86//100 75//99
f 115//165 79//104 87//102
f 111//168 79//104 115//165
f 113//169 55//77 111//168
f 111//168 55//77 54//108
f 111//168 81//106 79//104
f 111//168 54//108 81//106
f 121//170 84//87 123//171
f 123//171 84//87 63//85
f 67//172 66//111 120//164
f 120//164 66//111 121//170
f 121//170 66//111 84//87
f 120//164 85//162 67//172
f 113//169 57//78 55//77
f 125//173 83//80 113//169
f 113//169 83//80 57//78
f 125//173 60//109 83//80
f 60//109 125//173 123//171
f 60//109 123//171 61//84
f 63//85 61//84 123//171
f 91//174 22//175 51//70
f 91//174 51//70 92//176
f 92//176 51//70 50//72
f 92//176 50//72 24//68
f 92//176 24//68 93//177
f 93//177 24//68 34//67
f 93//177 34//67 33//66
f 93//177 33//66 95//120
f 95//120 33//66 48//48
f 95//120 48//48 106//121
f 107//178 30//44 44//179
f 107//178 44//179 43//180
f 107//178 43//180 103//181
f 103//181 43//180 32//56
f 103//181 32//56 105//182
f 105//182 32//56 37//55
f 105//182 37//55 39//73
f 105//182 39//73 89//183
f 89//183 39//73 52//75
f 89//183 52//75 91//174
f 91//174 52//75 22//175
f 106//121 48//48 47//64
f 106//121 47//64 97//184
f 97//184 47//64 27//185
f 97//184 27//185 46//63
f 97//184 46//63 98//186
f 98//186 46//63 38//43
f 98//186 38//43 99//187
f 99//187 38//43 35//42
f 99//187 35//42 29//45
f 99//187 29//45 107//178
f 107//178 29//45 30//44
f 95//119 127//188 121//157
f 95//119 121//157 94//117
f 94//117 121//157 122//159
f 94//117 122//159 93//118
f 93//118 122//159 124//146
f 93//118 124//146 92//189
f 92//189 124//146 91//190
f 91//190 124//146 125//145
f 91//190 125//145 90//191
f 90//191 125//145 108//192
f 90//191 108//192 89//116
f 89//116 108//192 114//138
f 89//116 114//138 88//114
f 88//114 114//138 111//137
f 88//114 111//137 104//133
f 104//133 111//137 112//193
f 104//133 112//193 103//132
f 103//132 112//193 102//130
f 102//130 112//193 110//150
f 102//130 110//150 101//126
f 101//126 110//150 117//151
f 101//126 117//151 118//194
f 101//126 118//194 100//127
f 100//127 118//194 99//195
f 99//195 118//194 119//155
f 99//195 119//155 98//196
f 98//196 119//155 109//154
f 98//196 109//154 97//125
f 97//125 109//154 96//123
f 109//154 120//197 96//123
f 96//123 120//197 127//188
f 96//123 127//188 95//119
f 70//198 28//199 46//200
f 70//198 46//200 69//201
f 69//201 46//200 27//202
f 69//201 27//202 68//203
f 75//204 29//205 35//206
f 75//204 35//206 74//207
f 74//207 35//206 36//41
f 74//207 36//41 73//208
f 73//208 36//41 72//209
f 72//209 36//41 41//47
f 72//209 41//47 71//210
f 71//210 41//47 28//199
f 71//210 28//199 70//198
f 76//98 45//211 29//205
f 76//98 29//205 75//204
f 78//103 31//60 44//61
f 78//103 44//61 77//101
f 77//101 44//61 30//212
f 77//101 30//212 76//98
f 76//98 30//212 45//211
f 80//213 32//58 31//60
f 80//213 31//60 79//214
f 79//214 31//60 78//103
f 56//215 21//216 39//54
f 56//215 39//54 55//217
f 55//217 39//54 53//53
f 55//217 53//53 54//218
f 54//218 53//53 82//219
f 82//219 53//53 40//52
f 82//219 40//52 81//220
f 81//220 40//52 32//58
f 81//220 32//58 80//213
f 58//221 52//222 57//223
f 57//223 52//222 21//216
f 57//223 21//216 56//215
f 60//224 23//225 51//226
f 60//224 51//226 59//227
f 59//227 51//226 22//228
f 59//227 22//228 58//221
f 58//221 22//228 52//222
f 62//229 24//230 50//231
f 62//229 50//231 61//232
f 61//232 50//231 23//225
f 61//232 23//225 60//224
f 65//88 25//233 33//234
f 65//88 33//234 64//86
f 64//86 33//234 34//235
f 64//86 34//235 63//236
f 63//236 34//235 42//237
f 63//236 42//237 62//229
f 62//229 42//237 24//230
f 66//238 49//50 65//88
f 65//88 49//50 25//233
f 68//203 27//202 47//239
f 68//203 47//239 26//65
f 68//203 26//65 67//240
f 67//240 26//65 66//238
f 66//238 26//65 49//50
f 135//241 136//242 134//243
f 134//243 136//242 133//244
f 145//245 146//246 135//247
f 135//247 146//246 148//248
f 147//249 138//250 144//251
f 149//252 153//253 150//254
f 149//252 150//254 151//255
f 152//256 145//245 135//247
f 151//255 150//254 134//257
f 134//257 150//254 152//256
f 134//257 152//256 135//247
f 144//251 138//250 146//246
f 146//246 138//250 148//248
f 142//258 143//259 149//252
f 149//252 143//259 153//253
f 156//260 161//261 157//262
f 154//263 155//264 158//265
f 159//266 160//267 154//263
f 154//263 160//267 155//264
f 157//262 161//261 162//268
f 162//268 161//261 159//266
f 159//266 161//261 160//267
f 155//264 163//269 158//265
f 158//265 163//269 164//270
f 163//269 165//271 164//270
f 164//270 165//271 166//272
f 164//270 166//272 167//273
f 139//274 168//275 169//276
f 172//277 173//278 174//279
f 174//279 173//278 175//280
f 174//279 175//280 176//281
f 176//281 175//280 133//282
f 176//281 133//282 177//283
f 177//283 133//282 136//284
f 177//283 136//284 178//285
f 177//283 178//285 169//276
f 169//276 178//285 139//274
f 156//260 157//262 179//286
f 184//287 180//288 130//289
f 181//290 182//291 140//292
f 182//291 181//290 183//293
f 179//286 195//294 156//260
f 167//273 166//272 171//295
f 171//295 166//272 170//296
f 184//287 201//297 185//298
f 184//287 185//298 186//299
f 186//299 185//298 187//300
f 186//299 187//300 188//301
f 188//301 187//300 189//302
f 188//301 189//302 190//303
f 188//301 190//303 191//304
f 191//304 190//303 192//305
f 191//304 192//305 193//306
f 193//306 192//305 194//307
f 181//290 195//294 183//293
f 183//293 195//294 179//286
f 171//295 170//296 196//308
f 196//308 170//296 128//309
f 168//275 139//274 197//310
f 168//275 197//310 198//311
f 198//311 197//310 199//312
f 199//312 197//310 200//313
f 199//312 200//313 140//292
f 130//289 201//297 184//287
f 128//309 130//289 196//308
f 196//308 130//289 202//314
f 202//314 130//289 180//288
f 199//312 140//292 182//291
f 192//305 203//315 194//307
f 194//307 203//315 204//316
f 204//316 203//315 205//317
f 204//316 205//317 206//318
f 206//318 205//317 207//319
f 207//319 205//317 208//320
f 207//319 208//320 172//277
f 172//277 208//320 173//278
f 215//321 216//322 217//323
f 218//324 209//325 213//326
f 220//327 219//328 212//329
f 221//330 220//327 222//331
f 222//331 220//327 212//329
f 224//332 223//333 225//334
f 225//334 223//333 226//335
f 226//335 223//333 215//321
f 226//335 215//321 217//323
f 227//336 219//328 220//327
f 227//336 220//327 228//337
f 228//337 220//327 214//338
f 214//338 220//327 221//330
f 214//338 221//330 213//326
f 212//329 211//339 222//331
f 211//339 212//329 230//340
f 230//340 212//329 219//328
f 230//340 219//328 229//341
f 229//341 219//328 227//336
f 229//341 227//336 223//333
f 223//333 227//336 231//342
f 233//343 216//322 231//342
f 214//338 213//326 209//325
f 214//338 209//325 228//337
f 228//337 209//325 210//344
f 228//337 210//344 232//345
f 232//345 234//346 233//343
f 233//343 234//346 216//322
f 216//322 215//321 231//342
f 228//337 232//345 227//336
f 227//336 232//345 233//343
f 227//336 233//343 231//342
f 231//342 215//321 223//333
f 223//333 224//332 235//347
f 223//333 235//347 229//341
f 253//348 236//349 237//350
f 209//325 218//324 252//351
f 209//325 252//351 241//352
f 209//325 241//352 210//344
f 232//345 210//344 234//346
f 216//322 240//353 217//323
f 217//323 240//353 239//354
f 239//354 240//353 242//355
f 242//355 240//353 243//356
f 243//356 244//357 245//358
f 243//356 245//358 242//355
f 244//357 246//359 247//360
f 249//361 250//362 238//363
f 237//350 236//349 251//364
f 237//350 251//364 248//365
f 248//365 251//364 249//361
f 254//366 246//359 255//367
f 256//368 247//360 246//359
f 256//368 246//359 254//366
f 252//351 253//348 237//350
f 252//351 237//350 241//352
f 241//352 237//350 248//365
f 241//352 248//365 254//366
f 254//366 248//365 256//368
f 256//368 248//365 249//361
f 256//368 249//361 238//363
f 256//368 238//363 247//360
f 210//344 241//352 254//366
f 210//344 254//366 234//346
f 216//322 234//346 255//367
f 216//322 255//367 240//353
f 218//324 253//348 252//351
f 234//346 254//366 255//367
f 240//353 255//367 246//359
f 240//353 246//359 243//356
f 243//356 246//359 244//357
f 139//369 137//370 197//371
f 160//372 161//373 257//374
f 156//375 258//375 161//375
f 257//374 161//373 258//376
f 258//377 156//377 259//377
f 259//378 156//378 195//378
f 259//379 195//379 260//379
f 260//380 195//380 181//380
f 260//381 181//382 261//383
f 261//383 181//382 140//384
f 178//385 137//370 139//369
f 128//386 170//296 262//387
f 163//388 263//389 165//390
f 262//387 170//296 166//272
f 130//289 264//391 201//392
f 201//392 264//391 132//393
f 264//391 130//289 128//309
f 190//394 265//394 192//394
f 182//291 266//395 199//312
f 157//262 267//396 179//286
f 177//283 268//397 176//281
f 269//398 154//263 158//265
f 270//399 167//273 171//295
f 180//400 184//287 271//401
f 186//299 272//402 184//287
f 184//287 272//402 271//401
f 207//319 273//403 206//318
f 191//304 274//404 188//301
f 293//405 292//406 294//407
f 323//408 324//408 321//408
f 321//409 324//410 322//411
f 325//412 321//409 326//413
f 326//413 321//409 322//411
f 327//414 328//415 330//416
f 330//416 328//415 329//417
f 328//415 327//414 323//418
f 331//419 245//420 325//412
f 331//419 325//412 326//413
f 332//421 330//416 333//422
f 333//422 330//416 329//417
f 332//421 333//422 334//423
f 334//423 333//422 335//424
f 377//425 370//425 369//425
f 338//426 379//427 343//428
f 380//429 349//430 348//431
f 356//432 357//433 538//434
f 538//434 357//433 673//435
f 538//434 673//435 381//436
f 381//436 673//435 382//437
f 381//436 382//437 385//438
f 381//436 385//438 384//439
f 387//440 386//441 383//442
f 388//443 389//444 390//445
f 387//440 390//445 386//441
f 387//440 391//446 390//445
f 390//445 391//446 388//443
f 384//439 385//438 383//442
f 383//442 385//438 392//447
f 383//442 392//447 387//440
f 311//448 389//444 313//449
f 313//449 389//444 388//443
f 311//448 393//450 389//444
f 311//448 302//451 393//450
f 394//452 314//453 313//449
f 394//452 313//449 388//443
f 395//454 397//455 396//456
f 399//457 395//458 396//456
f 396//456 402//459 399//457
f 399//457 402//459 400//460
f 401//461 404//461 400//461
f 401//462 400//462 402//462
f 401//463 403//464 405//465
f 401//466 405//467 404//468
f 403//464 406//469 405//465
f 413//470 380//429 348//431
f 413//470 348//431 412//471
f 348//431 347//472 412//471
f 412//471 347//472 346//473
f 337//474 397//455 395//454
f 402//459 416//475 401//463
f 417//476 418//477 278//478
f 278//478 418//477 277//479
f 418//477 276//480 277//479
f 402//459 396//456 416//475
f 416//475 396//456 419//481
f 419//481 420//482 275//483
f 396//456 397//455 419//481
f 419//481 397//455 398//484
f 398//484 415//485 420//482
f 420//482 419//481 398//484
f 418//477 417//476 416//475
f 418//477 416//475 419//481
f 418//477 419//481 276//480
f 276//480 419//481 275//483
f 423//486 253//348 218//324
f 423//486 218//324 422//487
f 426//488 425//489 429//490
f 429//490 425//489 424//491
f 432//492 268//493 433//494
f 433//494 268//493 177//495
f 433//494 177//495 169//496
f 433//494 169//496 434//497
f 434//497 169//496 168//498
f 434//497 168//498 198//499
f 434//497 198//499 436//500
f 436//500 198//499 437//501
f 437//501 198//499 199//502
f 437//501 199//502 266//503
f 437//501 266//503 438//504
f 438//504 266//503 182//505
f 438//504 182//505 435//506
f 435//506 182//505 183//507
f 435//506 183//507 439//508
f 439//508 183//507 179//509
f 439//508 179//509 440//510
f 440//510 179//509 267//511
f 440//510 267//511 441//512
f 441//512 267//511 157//513
f 441//512 157//513 443//514
f 443//514 157//513 162//515
f 159//516 442//517 162//515
f 162//515 442//517 443//514
f 422//518 160//519 423//520
f 160//519 257//521 423//520
f 423//520 257//521 253//522
f 257//521 258//523 253//522
f 253//522 258//523 445//524
f 445//524 258//523 259//525
f 445//524 259//525 236//526
f 236//526 259//525 251//527
f 251//527 259//525 260//528
f 251//527 260//528 250//362
f 250//362 260//528 261//383
f 140//384 141//529 446//530
f 140//384 446//530 261//383
f 261//383 446//530 250//362
f 250//531 249//361 251//364
f 445//532 236//349 253//348
f 425//489 449//533 424//491
f 424//491 449//533 447//534
f 448//535 449//533 425//489
f 448//535 428//536 450//537
f 448//535 427//538 428//536
f 425//489 426//488 448//535
f 448//535 426//488 427//538
f 153//539 143//540 447//534
f 447//534 143//540 424//491
f 453//541 452//542 150//543
f 452//542 453//541 454//544
f 451//545 456//546 455//547
f 455//547 456//546 454//544
f 454//544 456//546 452//542
f 450//537 451//545 455//547
f 450//537 455//547 448//535
f 448//535 455//547 449//533
f 449//533 455//547 454//544
f 153//539 447//534 453//541
f 453//541 447//534 449//533
f 453//541 449//533 454//544
f 150//543 153//539 453//541
f 452//542 457//548 150//543
f 150//543 457//548 152//549
f 460//550 145//551 469//552
f 469//552 145//551 152//549
f 464//553 146//554 460//550
f 460//550 146//554 145//551
f 461//555 470//556 144//557
f 144//557 146//554 461//555
f 461//555 146//554 464//553
f 463//558 464//553 462//559
f 465//560 466//561 462//559
f 466//561 465//560 458//562
f 466//561 458//562 467//563
f 467//563 458//562 451//545
f 456//546 451//545 458//562
f 457//548 452//542 468//564
f 457//548 468//564 469//552
f 457//548 469//552 152//549
f 452//542 456//546 468//564
f 468//564 456//546 458//562
f 468//564 458//562 469//552
f 469//552 458//562 465//560
f 469//552 465//560 460//550
f 460//550 465//560 464//553
f 464//553 465//560 462//559
f 461//555 464//553 463//558
f 461//555 463//558 470//556
f 470//556 463//558 459//565
f 471//566 430//567 431//568
f 430//567 471//566 428//536
f 428//536 471//566 450//537
f 431//568 497//569 471//566
f 472//570 473//571 474//572
f 244//357 475//573 245//358
f 242//574 245//575 476//576
f 476//576 245//575 331//577
f 242//574 476//576 239//578
f 239//578 476//576 477//579
f 478//580 217//581 477//579
f 477//579 217//581 239//578
f 250//362 446//530 479//582
f 238//363 250//362 479//582
f 238//363 479//582 247//360
f 247//360 479//582 480//583
f 480//583 481//584 247//360
f 481//584 244//357 247//360
f 475//573 244//357 481//584
f 482//585 444//586 379//587
f 482//585 379//587 473//571
f 337//588 336//589 483//590
f 483//590 336//589 474//572
f 483//590 474//572 484//591
f 484//591 474//572 473//571
f 484//591 473//571 485//592
f 485//592 473//571 379//587
f 529//593 444//586 486//594
f 486//594 444//586 482//585
f 473//571 472//570 486//594
f 473//571 486//594 482//585
f 487//595 471//566 497//569
f 471//566 487//595 488//596
f 471//566 488//596 450//537
f 450//537 488//596 451//545
f 489//597 413//598 490//599
f 491//600 492//601 493//602
f 413//603 412//604 459//565
f 490//605 459//565 463//558
f 451//545 488//596 467//563
f 467//563 488//596 495//606
f 467//563 495//606 466//561
f 466//561 495//606 462//559
f 462//559 495//606 492//601
f 462//559 492//601 490//605
f 462//559 490//605 463//558
f 495//606 494//607 493//602
f 495//606 493//602 492//601
f 488//596 487//595 496//608
f 488//596 496//608 495//606
f 495//606 496//608 494//607
f 498//609 489//610 499//611
f 499//611 489//610 491//612
f 489//597 490//599 491//613
f 491//614 490//614 492//614
f 496//608 487//595 500//615
f 496//608 500//615 494//607
f 494//607 500//615 501//616
f 499//611 491//612 493//602
f 499//611 493//602 502//617
f 502//617 493//602 501//616
f 501//616 493//602 494//607
f 498//609 380//618 489//610
f 380//618 413//619 489//610
f 313//620 503//621 311//622
f 311//622 503//621 504//623
f 311//622 504//623 302//624
f 302//624 504//623 303//625
f 504//623 505//626 303//625
f 303//625 505//626 304//627
f 304//627 505//626 506//628
f 304//627 506//628 305//629
f 506//628 432//630 305//629
f 305//629 432//630 306//631
f 310//632 309//633 433//494
f 433//494 309//633 308//634
f 433//494 308//634 307//635
f 433//494 307//635 432//630
f 432//630 307//635 306//631
f 310//632 433//494 434//497
f 310//632 434//497 299//636
f 299//636 434//497 287//637
f 437//638 276//639 275//640
f 278//641 435//642 286//643
f 286//643 435//642 283//644
f 435//642 439//645 283//644
f 283//644 439//645 284//646
f 284//646 439//645 440//647
f 284//646 440//647 285//648
f 285//648 440//647 281//649
f 281//649 440//647 441//650
f 281//649 441//650 282//651
f 282//651 441//650 443//514
f 282//651 443//514 280//652
f 280//652 443//514 442//517
f 280//652 442//517 279//653
f 435//642 278//641 438//654
f 438//654 278//641 277//655
f 276//639 437//638 438//654
f 276//639 438//654 277//655
f 287//637 434//497 436//656
f 287//637 436//656 288//657
f 288//657 436//656 437//638
f 288//657 437//638 275//640
f 348//658 507//659 347//660
f 348//658 349//661 507//659
f 350//662 507//659 349//661
f 275//483 420//482 288//663
f 509//664 508//665 287//666
f 509//664 345//667 508//665
f 508//665 345//667 344//668
f 508//665 344//668 346//669
f 508//665 346//669 411//670
f 411//670 346//669 347//660
f 288//663 420//482 415//485
f 421//671 288//663 414//672
f 414//672 288//663 415//485
f 421//671 345//667 509//664
f 421//671 509//664 288//663
f 288//663 509//664 287//666
f 287//666 508//665 299//673
f 304//674 305//675 510//676
f 303//677 304//674 510//676
f 302//451 303//677 511//678
f 511//678 303//677 510//676
f 511//678 393//450 302//451
f 406//469 517//679 407//680
f 407//680 517//679 408//681
f 516//682 410//683 409//684
f 518//685 515//686 519//687
f 518//685 519//687 520//688
f 520//688 519//687 521//689
f 280//690 279//691 522//692
f 280//690 522//692 523//693
f 283//694 284//695 524//696
f 524//696 284//695 285//697
f 278//478 286//698 417//476
f 514//699 417//476 286//698
f 514//699 286//698 283//694
f 401//463 416//475 525//700
f 525//700 416//475 514//699
f 514//699 416//475 417//476
f 512//701 524//696 521//689
f 521//689 524//696 526//702
f 521//689 526//702 523//693
f 523//693 526//702 281//703
f 523//693 281//703 282//704
f 403//464 401//463 525//700
f 525//700 514//699 524//696
f 524//696 514//699 283//694
f 406//469 403//464 513//705
f 513//705 403//464 512//701
f 512//701 403//464 525//700
f 512//701 525//700 524//696
f 526//702 524//696 285//697
f 526//702 285//697 281//703
f 519//687 515//686 528//706
f 528//706 515//686 516//682
f 522//692 527//707 523//693
f 523//693 527//707 521//689
f 521//689 519//687 512//701
f 512//701 519//687 528//706
f 528//706 516//682 517//679
f 517//679 516//682 409//684
f 517//679 409//684 408//681
f 282//704 280//690 523//693
f 512//701 528//706 513//705
f 513//705 528//706 517//679
f 513//705 517//679 406//469
f 321//708 408//681 409//709
f 321//708 409//709 323//710
f 323//710 409//709 410//711
f 356//712 497//713 357//714
f 351//715 499//716 502//717
f 500//718 487//719 355//720
f 355//720 352//721 500//718
f 500//718 352//721 353//722
f 500//718 353//722 501//723
f 501//723 353//722 502//717
f 353//722 354//724 502//717
f 502//717 354//724 351//715
f 350//725 349//726 498//727
f 498//727 349//726 380//728
f 499//716 351//715 498//727
f 498//727 351//715 350//725
f 497//713 356//712 487//719
f 487//719 356//712 355//720
f 324//729 477//730 322//731
f 322//731 477//730 476//732
f 323//733 478//734 324//729
f 324//729 478//734 477//730
f 322//731 476//732 326//735
f 326//735 476//732 331//736
f 412//737 346//738 344//739
f 412//737 344//739 529//740
f 344//739 345//741 529//740
f 475//742 406//469 245//743
f 245//743 406//469 407//744
f 325//745 245//743 407//744
f 325//746 407//680 408//681
f 325//746 408//681 321//708
f 481//747 405//465 475//742
f 475//742 405//465 406//469
f 529//748 345//749 421//750
f 379//751 444//752 343//753
f 343//753 444//752 529//748
f 529//748 421//750 343//753
f 412//604 470//556 459//565
f 470//556 412//604 529//593
f 470//556 529//593 147//754
f 147//754 529//593 486//594
f 144//557 470//556 147//754
f 530//755 531//756 147//754
f 472//570 530//755 486//594
f 486//594 530//755 147//754
f 400//757 480//583 532//758
f 481//759 480//583 404//468
f 404//468 480//583 400//757
f 481//759 404//468 405//467
f 399//760 533//761 395//762
f 399//760 400//757 533//761
f 533//761 400//757 532//758
f 337//588 395//762 336//589
f 336//589 395//762 533//761
f 351//763 534//764 507//659
f 351//763 507//659 350//662
f 536//765 535//766 554//767
f 536//765 554//767 537//768
f 536//765 538//434 535//766
f 535//766 538//434 539//769
f 536//765 355//770 538//434
f 538//434 355//770 356//432
f 536//765 352//771 355//770
f 352//771 536//765 353//772
f 353//772 536//765 537//768
f 534//764 351//763 537//768
f 537//768 351//763 354//773
f 537//768 354//773 353//772
f 542//774 411//670 507//659
f 299//673 508//665 310//775
f 310//775 508//665 411//670
f 309//776 310//775 542//774
f 307//777 308//778 543//779
f 543//779 308//778 309//776
f 544//780 306//781 307//777
f 540//782 510//676 305//675
f 540//782 305//675 306//781
f 511//678 545//783 546//784
f 546//784 547//785 511//678
f 511//678 547//785 393//450
f 548//786 549//787 550//788
f 550//788 549//787 547//785
f 307//777 543//779 544//780
f 544//780 543//779 552//789
f 552//789 543//779 551//790
f 552//789 551//790 553//791
f 511//678 510//676 545//783
f 545//783 510//676 540//782
f 545//783 540//782 541//792
f 550//788 555//793 548//786
f 541//792 555//793 545//783
f 545//783 555//793 550//788
f 545//783 550//788 546//784
f 546//784 550//788 547//785
f 306//781 544//780 540//782
f 540//782 544//780 552//789
f 540//782 552//789 541//792
f 541//792 552//789 553//791
f 553//791 554//767 541//792
f 541//792 554//767 555//793
f 555//793 554//767 535//766
f 555//793 535//766 548//786
f 411//670 542//774 310//775
f 309//776 542//774 543//779
f 543//779 542//774 507//659
f 543//779 507//659 551//790
f 551//790 507//659 534//764
f 551//790 534//764 537//768
f 551//790 537//768 553//791
f 553//791 537//768 554//767
f 548//786 535//766 539//769
f 415//485 340//794 414//672
f 414//672 340//794 341//795
f 338//796 343//797 421//671
f 338//796 421//671 342//798
f 342//798 421//671 414//672
f 342//798 414//672 341//795
f 398//484 339//799 340//794
f 398//484 340//794 415//485
f 339//799 398//484 397//455
f 339//799 397//455 337//474
f 483//590 339//800 337//588
f 339//800 483//590 484//801
f 339//800 484//801 340//802
f 485//803 342//804 484//801
f 484//801 342//804 341//805
f 484//801 341//805 340//802
f 379//427 338//426 485//803
f 485//803 338//426 342//804
f 507//659 411//670 347//660
f 556//806 557//807 558//808
f 559//809 558//808 557//807
f 558//808 559//809 560//810
f 562//811 557//807 561//812
f 561//812 557//807 556//806
f 563//813 562//811 561//812
f 564//814 565//814 562//814
f 564//815 562//811 563//813
f 567//816 565//816 564//816
f 566//817 565//818 567//819
f 378//820 573//821 363//822
f 363//822 573//821 364//823
f 364//823 573//821 666//824
f 364//823 666//824 365//825
f 556//826 558//827 373//828
f 372//829 556//826 373//828
f 213//326 577//830 218//324
f 218//324 577//830 422//487
f 426//488 591//831 427//538
f 442//517 159//516 154//832
f 442//517 154//832 578//833
f 269//834 579//835 154//832
f 154//832 579//835 578//833
f 158//836 580//837 269//834
f 269//834 580//837 579//835
f 158//836 164//838 580//837
f 580//837 164//838 167//839
f 580//837 167//839 581//840
f 171//841 582//842 270//843
f 270//843 582//842 167//839
f 167//839 582//842 581//840
f 582//842 171//841 583//844
f 583//844 171//841 196//845
f 583//844 196//845 584//846
f 584//846 196//845 202//847
f 584//846 202//847 585//848
f 585//848 202//847 180//849
f 271//850 702//851 180//849
f 180//849 702//851 585//848
f 221//330 587//852 213//326
f 143//540 588//853 424//491
f 589//854 429//490 424//491
f 589//854 424//491 588//853
f 426//488 429//490 591//831
f 591//831 428//536 427//538
f 591//831 590//855 428//536
f 592//856 591//831 429//490
f 589//854 594//857 592//856
f 589//854 592//856 429//490
f 588//853 593//858 594//857
f 588//853 594//857 589//854
f 143//540 593//858 588//853
f 591//831 592//856 595//859
f 596//860 593//858 597//861
f 597//861 593//858 598//862
f 594//857 593//858 596//860
f 599//863 592//856 596//860
f 596//860 592//856 594//857
f 590//855 591//831 595//859
f 590//855 595//859 601//864
f 590//855 601//864 600//865
f 592//856 599//863 595//859
f 595//859 599//863 597//861
f 595//859 597//861 601//864
f 596//860 597//861 599//863
f 605//866 606//867 601//864
f 603//868 602//869 606//867
f 602//869 603//868 607//870
f 616//871 617//872 610//873
f 611//874 610//873 612//875
f 613//876 614//877 611//874
f 597//861 598//862 604//878
f 604//878 598//862 614//877
f 604//878 614//877 613//876
f 612//875 613//876 611//874
f 615//879 597//861 604//878
f 615//879 604//878 613//876
f 607//870 612//875 610//873
f 600//865 601//864 606//867
f 603//868 606//867 605//866
f 601//864 597//861 605//866
f 605//866 597//861 615//879
f 605//866 615//879 603//868
f 603//868 615//879 613//876
f 603//868 613//876 612//875
f 603//868 612//875 607//870
f 608//880 607//870 610//873
f 608//880 610//873 609//881
f 609//881 610//873 617//872
f 618//882 431//568 430//567
f 618//882 430//567 619//883
f 430//567 428//536 619//883
f 619//883 428//536 590//855
f 376//884 620//885 621//886
f 621//886 620//885 622//887
f 622//887 620//885 628//888
f 334//889 224//332 623//890
f 623//890 224//332 225//334
f 623//890 225//334 478//580
f 478//580 225//334 226//891
f 478//580 226//891 217//581
f 334//889 335//892 224//332
f 211//339 230//340 624//893
f 229//341 625//894 626//895
f 229//341 626//895 230//340
f 230//340 626//895 624//893
f 235//347 224//332 335//892
f 229//341 235//347 625//894
f 620//896 627//897 628//888
f 377//898 586//899 627//897
f 627//897 586//899 628//888
f 376//884 372//900 629//901
f 376//884 629//901 620//896
f 620//896 629//901 630//902
f 620//896 630//902 627//897
f 586//899 631//903 628//888
f 628//888 631//903 622//887
f 590//855 600//865 632//904
f 619//883 590//855 632//904
f 619//883 632//904 645//905
f 645//906 632//904 637//907
f 618//882 619//883 645//905
f 633//908 573//909 641//910
f 635//911 642//912 636//913
f 666//914 573//915 609//881
f 609//881 573//915 633//916
f 633//916 608//880 609//881
f 638//917 639//918 637//907
f 638//917 637//907 632//904
f 635//911 636//913 638//917
f 638//917 636//913 634//919
f 638//917 634//919 639//918
f 608//880 635//911 607//870
f 607//870 635//911 638//917
f 607//870 638//917 602//869
f 602//869 638//917 606//867
f 606//867 638//917 632//904
f 606//867 632//904 600//865
f 618//882 497//569 431//568
f 641//920 640//921 642//922
f 642//922 640//921 643//923
f 642//912 635//911 641//910
f 641//910 635//911 633//908
f 634//919 644//924 639//918
f 639//918 644//924 645//906
f 645//906 637//907 639//918
f 642//922 643//923 636//913
f 636//913 643//923 646//925
f 636//913 646//925 634//919
f 634//919 646//925 644//924
f 641//920 573//926 378//927
f 640//921 641//920 378//927
f 702//928 300//929 585//930
f 585//930 300//929 301//931
f 585//930 301//931 297//932
f 583//933 584//934 297//932
f 297//932 584//934 585//930
f 297//932 296//935 583//933
f 583//933 296//935 298//936
f 291//937 581//840 290//938
f 290//938 581//840 582//939
f 290//938 582//939 289//940
f 289//940 582//939 298//936
f 298//936 582//939 583//933
f 581//840 291//937 292//941
f 581//840 292//941 580//837
f 580//837 292//941 293//942
f 580//837 293//942 579//835
f 579//835 293//942 294//943
f 579//835 294//943 295//944
f 579//835 295//944 578//833
f 578//833 295//944 279//653
f 578//833 279//653 442//517
f 647//945 362//946 364//947
f 363//948 364//947 362//946
f 576//949 574//950 648//951
f 576//949 648//951 301//952
f 364//947 365//953 650//954
f 650//954 365//953 367//955
f 367//955 366//956 649//957
f 368//958 576//949 366//956
f 366//956 576//949 301//952
f 650//954 367//955 649//957
f 366//956 301//952 649//957
f 297//959 301//952 648//951
f 649//957 301//952 300//960
f 650//954 649//957 300//960
f 650//954 300//960 312//961
f 320//962 316//963 654//964
f 654//964 316//963 653//965
f 653//965 316//963 315//966
f 653//965 315//966 394//452
f 394//452 315//966 314//453
f 320//962 654//964 652//967
f 652//967 319//968 320//962
f 317//969 318//970 651//971
f 650//954 312//961 651//971
f 651//971 312//961 317//969
f 655//972 656//973 657//974
f 279//691 295//975 522//692
f 571//976 658//977 572//978
f 572//978 658//977 570//979
f 570//979 658//977 659//980
f 659//980 569//981 570//979
f 569//981 659//980 568//982
f 655//972 290//983 289//984
f 655//972 660//985 290//983
f 294//407 292//406 661//986
f 661//986 292//406 291//987
f 661//986 291//987 660//985
f 660//985 291//987 290//983
f 295//975 294//407 662//988
f 520//688 521//689 527//707
f 516//682 515//686 658//977
f 516//682 658//977 410//683
f 410//683 658//977 571//976
f 566//989 568//982 657//974
f 657//974 568//982 659//980
f 657//974 659//980 663//990
f 657//974 663//990 664//991
f 656//973 565//992 566//989
f 656//973 566//989 657//974
f 665//993 657//974 664//991
f 662//988 294//407 661//986
f 662//988 661//986 665//993
f 665//993 661//986 660//985
f 665//993 660//985 657//974
f 657//974 660//985 655//972
f 664//991 663//990 518//685
f 664//991 518//685 520//688
f 515//686 518//685 663//990
f 515//686 663//990 658//977
f 522//692 295//975 662//988
f 522//692 662//988 527//707
f 527//707 662//988 665//993
f 527//707 665//993 520//688
f 520//688 665//993 664//991
f 658//977 663//990 659//980
f 570//979 329//994 328//995
f 570//979 328//995 572//996
f 572//996 328//995 571//997
f 571//997 328//995 410//711
f 410//711 328//995 323//710
f 618//998 358//999 497//713
f 497//713 358//999 357//714
f 643//1000 360//1001 646//1002
f 646//1002 360//1001 359//1003
f 646//1002 359//1003 644//1004
f 644//1004 359//1003 361//1005
f 644//1004 361//1005 645//1006
f 645//1006 361//1005 358//999
f 363//1007 362//1008 378//1009
f 378//1009 362//1008 640//1010
f 362//1008 360//1001 643//1000
f 640//1010 362//1008 643//1000
f 618//998 645//1006 358//999
f 478//734 323//733 327//1011
f 478//734 327//1011 623//1012
f 623//1012 327//1011 330//1013
f 334//1014 623//1012 330//1013
f 330//1013 332//1015 334//1014
f 367//1016 666//1017 631//1018
f 367//1016 631//1018 366//1019
f 365//1020 666//1017 367//1016
f 569//1021 568//1022 335//1023
f 333//1024 569//1021 335//1023
f 570//979 569//981 333//1025
f 570//979 333//1025 329//994
f 566//1026 235//1027 568//1022
f 568//1022 235//1027 335//1023
f 368//1028 366//1029 631//1030
f 586//1031 377//1032 369//1033
f 586//1031 369//1033 631//1030
f 631//1030 369//1033 368//1028
f 631//903 617//872 667//1034
f 631//903 666//914 617//872
f 617//872 666//914 609//881
f 622//887 631//903 667//1034
f 622//887 667//1034 668//1035
f 617//872 616//871 667//1034
f 668//1035 669//1036 622//887
f 563//1037 670//1038 625//1039
f 625//1040 567//819 564//1041
f 564//1042 563//1037 625//1039
f 235//1043 566//817 567//819
f 625//1040 235//1043 567//819
f 670//1044 563//1045 561//1046
f 670//1044 561//1046 376//884
f 376//884 561//1046 556//1047
f 376//884 556//1047 372//900
f 672//1048 673//435 675//1049
f 671//1050 674//1051 675//1049
f 675//1049 674//1051 676//1052
f 675//1049 676//1052 672//1048
f 671//1050 678//1053 674//1051
f 671//1050 677//1054 678//1053
f 362//946 647//945 677//1054
f 362//946 677//1054 360//1055
f 360//1055 677//1054 671//1050
f 673//435 358//1056 675//1049
f 675//1049 358//1056 361//1057
f 675//1049 361//1057 671//1050
f 671//1050 361//1057 359//1058
f 671//1050 359//1058 360//1055
f 647//945 364//947 650//954
f 672//1048 676//1052 679//1059
f 394//452 681//1060 653//965
f 653//965 681//1060 682//1061
f 653//965 682//1061 654//964
f 654//964 682//1061 652//967
f 652//967 682//1061 683//1062
f 652//967 683//1062 319//968
f 319//968 683//1062 684//1063
f 319//968 684//1063 318//970
f 318//970 684//1063 685//1064
f 318//970 685//1064 651//971
f 651//971 686//1065 650//954
f 650//954 686//1065 647//945
f 687//1066 680//1067 679//1059
f 693//1068 689//1069 690//1070
f 691//1071 680//1067 692//1072
f 692//1072 680//1067 687//1066
f 694//1073 692//1072 687//1066
f 694//1073 687//1066 695//1074
f 695//1074 687//1066 693//1068
f 695//1074 693//1068 690//1070
f 688//1075 685//1064 689//1069
f 689//1069 685//1064 684//1063
f 689//1069 684//1063 690//1070
f 690//1070 684//1063 696//1076
f 690//1070 696//1076 695//1074
f 681//1060 691//1071 692//1072
f 681//1060 692//1072 682//1061
f 682//1061 692//1072 694//1073
f 682//1061 694//1073 695//1074
f 682//1061 695//1074 683//1062
f 683//1062 695//1074 696//1076
f 683//1062 696//1076 684//1063
f 686//1065 677//1054 647//945
f 679//1059 676//1052 687//1066
f 687//1066 676//1052 674//1051
f 687//1066 674//1051 693//1068
f 693//1068 674//1051 678//1053
f 693//1068 678//1053 689//1069
f 689//1069 678//1053 677//1054
f 689//1069 677//1054 688//1075
f 688//1075 677//1054 686//1065
f 688//1075 686//1065 685//1064
f 685//1064 686//1065 651//971
f 370//1077 576//949 368//958
f 368//958 369//1078 370//1077
f 370//1077 375//1079 576//949
f 374//1080 574//950 576//949
f 374//1080 576//949 375//1079
f 574//950 374//1080 575//1081
f 575//1081 374//1080 560//810
f 560//810 374//1080 371//1082
f 560//810 371//1082 373//1083
f 560//810 373//1083 558//808
f 370//1084 377//1085 375//1086
f 375//1086 377//1085 627//1087
f 375//1086 627//1087 374//1088
f 374//1088 627//1087 630//1089
f 374//1088 630//1089 371//1090
f 371//1090 630//1089 629//1091
f 371//1090 629//1091 373//828
f 373//828 629//1091 372//829
f 539//769 538//434 381//436
f 673//435 672//1048 382//437
f 673//435 357//433 358//1056
f 387//440 392//447 691//1071
f 387//440 691//1071 391//446
f 388//443 391//446 394//452
f 391//446 691//1071 681//1060
f 391//446 681//1060 394//452
f 385//438 679//1059 680//1067
f 385//438 680//1067 392//447
f 392//447 680//1067 691//1071
f 679//1059 385//438 672//1048
f 672//1048 385//438 382//437
f 548//786 539//769 384//439
f 549//787 386//441 547//785
f 386//441 390//445 547//785
f 547//785 390//445 389//444
f 547//785 389//444 393//450
f 548//786 384//439 549//787
f 549//787 384//439 383//442
f 549//787 383//442 386//441
f 539//769 381//436 384//439
f 141//529 140//384 531//756
f 531//756 140//384 200//1092
f 531//756 200//1092 197//1093
f 531//756 197//1093 147//754
f 147//754 197//1093 138//1094
f 138//1094 197//1093 137//1095
f 205//1096 142//1097 149//1098
f 205//1096 149//1098 208//1099
f 208//1099 149//1098 173//1100
f 173//1100 149//1098 151//1101
f 173//1100 151//1101 175//1102
f 134//243 133//244 151//1101
f 151//1101 133//244 175//1102
f 503//1103 206//1104 273//1105
f 207//1106 504//1107 273//1105
f 273//1105 504//1107 503//1103
f 172//1108 505//1109 207//1106
f 207//1106 505//1109 504//1107
f 176//1110 432//492 506//1111
f 176//1110 506//1111 174//1112
f 174//1112 506//1111 505//1109
f 174//1112 505//1109 172//1108
f 268//493 432//492 176//1110
f 274//1113 698//1114 188//1115
f 191//1116 697//1117 274//1113
f 274//1113 697//1117 698//1114
f 193//1118 699//1119 191//1116
f 191//1116 699//1119 697//1117
f 194//1120 699//1119 193//1118
f 204//1121 206//1104 503//1103
f 503//1103 700//1122 204//1121
f 204//1121 700//1122 194//1120
f 194//1120 700//1122 699//1119
f 272//1123 701//1124 702//851
f 272//1123 702//851 271//850
f 701//1124 272//1123 186//1125
f 701//1124 186//1125 188//1115
f 701//1124 188//1115 698//1114
f 300//929 702//928 312//1126
f 312//1126 702//928 701//1127
f 312//1126 701//1127 317//1128
f 317//1128 701//1127 318//1129
f 318//1129 701//1127 698//1130
f 318//1129 698//1130 319//1131
f 319//1131 698//1130 320//1132
f 698//1130 697//1133 320//1132
f 320//1132 697//1133 316//1134
f 316//1134 697//1133 699//1135
f 316//1134 699//1135 315//1136
f 315//1136 699//1135 314//1137
f 699//1135 700//1138 314//1137
f 314//1137 700//1138 313//620
f 313//620 700//1138 503//621
f 190//1139 703//1140 265//1141
f 265//1141 703//1140 704//1142
f 265//1141 704//1142 705//1143
f 265//1141 705//1143 192//1144
f 192//1144 705//1143 203//1145
f 203//1145 705//1143 142//1097
f 203//1145 142//1097 205//1096
f 706//1146 296//1147 297//959
f 656//973 562//1148 565//992
f 575//1081 648//951 574//950
f 707//1149 296//1147 708//1150
f 708//1150 296//1147 706//1146
f 707//1149 289//984 298//1151
f 707//1149 298//1151 296//1147
f 297//959 648//951 706//1146
f 560//810 559//809 708//1150
f 708//1150 559//809 557//807
f 708//1150 557//807 562//1148
f 707//1149 656//973 655//972
f 655//972 289//984 707//1149
f 656//973 707//1149 708//1150
f 656//973 708//1150 562//1148
f 708//1150 706//1146 560//810
f 560//810 706//1146 575//1081
f 575//1081 706//1146 648//951
f 669//1036 668//1035 264//1152
f 264//1152 668//1035 132//1153
f 669//1036 264//1152 128//386
f 669//1036 128//386 129//1154
f 668//1035 131//1155 132//1153
f 624//893 129//1154 128//386
f 624//893 128//386 262//387
f 624//893 262//387 211//339
f 166//1156 222//1157 262//387
f 222//1157 211//339 262//387
f 165//390 221//1158 166//1156
f 166//1156 221//1158 222//1157
f 221//1158 165//390 587//1159
f 587//1159 165//390 263//389
f 163//388 213//1160 263//389
f 263//389 213//1160 587//1159
f 213//1160 163//388 577//1161
f 577//1161 163//388 155//1162
f 577//1161 155//1162 422//518
f 422//518 155//1162 160//519
f 136//242 135//241 148//1163
f 136//242 148//1163 178//1164
f 178//1164 148//1163 138//1094
f 178//1164 138//1094 137//1095
f 635//911 608//880 633//916
f 413//603 459//565 490//605
f 480//583 479//582 141//529
f 533//761 532//758 336//589
f 141//529 531//756 709//1165
f 531//756 530//755 709//1165
f 446//530 141//529 479//582
f 472//570 474//572 530//755
f 530//755 474//572 709//1165
f 474//572 336//589 709//1165
f 709//1165 336//589 532//758
f 709//1165 532//758 141//529
f 141//529 532//758 480//583
f 129//1154 710//1166 669//1036
f 669//1036 621//886 622//887
f 625//894 670//1044 626//895
f 626//895 670//1044 129//1154
f 624//893 626//895 129//1154
f 669//1036 710//1166 621//886
f 621//886 710//1166 376//884
f 710//1166 129//1154 670//1044
f 710//1166 670//1044 376//884
f 187//1167 711//1168 189//1169
f 189//1169 711//1168 703//1140
f 703//1140 190//1139 189//1169
f 703//1170 711//1171 611//1172
f 611//1172 614//1173 703//1170
f 703//1170 614//1173 598//1174
f 668//1175 667//1176 131//1177
f 131//1177 667//1176 616//1178
f 711//1171 610//1179 611//1172
f 131//1177 616//1178 711//1171
f 711//1171 616//1178 610//1179
f 703//1170 598//1174 704//1180
f 704//1180 598//1174 705//1181
f 598//1174 593//1182 705//1181
f 705//1181 593//1182 142//258
f 142//258 593//1182 143//259
f 132//393 185//1183 201//392
f 711//1168 187//1167 185//1184
f 711//1168 185//1184 132//1153
f 711//1168 132//1153 131//1155
f 716//1185 717//1186 725//1187
f 718//1188 719//1189 720//1190
f 712//1191 713//1192 721//1193
f 725//1187 722//1194 716//1185
f 716//1185 722//1194 712//1191
f 712//1191 722//1194 713//1192
f 712//1191 721//1193 723//1195
f 723//1195 721//1193 718//1188
f 718//1188 720//1190 724//1196
f 718//1188 724//1196 723//1195
f 715//1197 714//1198 717//1186
f 717//1186 714//1198 725//1187
f 720//1190 719//1189 728//1199
f 728//1199 719//1189 729//1200
f 728//1199 729//1200 730//1201
f 715//1197 726//1202 732//1203
f 715//1197 732//1203 727//1204
f 733//1205 715//1197 734//1206
f 715//1197 733//1205 735//1207
f 715//1197 735//1207 714//1198
f 731//1208 730//1201 736//1209
f 739//1210 715//1197 738//1211
f 739//1210 738//1211 737//1212
f 715//1197 739//1210 740//1213
f 715//1197 727//1204 734//1206
f 740//1213 741//1214 715//1197
f 715//1197 741//1214 726//1202
f 729//1200 742//1215 730//1201
f 730//1201 742//1215 743//1216
f 731//1208 744//1217 730//1201
f 730//1201 744//1217 745//1218
f 745//1218 744//1217 746//1219
f 743//1216 747//1220 730//1201
f 730//1201 747//1220 748//1221
f 730//1201 748//1221 736//1209
f 749//1222 750//1223 751//1224
f 751//1224 750//1223 752//1225
f 753//1226 754//1227 755//1228
f 754//1227 753//1226 756//1229
f 756//1229 753//1226 757//1230
f 757//1230 753//1226 758//1231
f 757//1230 758//1231 759//1232
f 757//1230 759//1232 750//1223
f 750//1223 759//1232 752//1225
f 749//1222 751//1224 761//1233
f 762//1234 763//1235 764//1236
f 754//1227 765//1237 755//1228
f 755//1228 765//1237 766//1238
f 755//1228 766//1238 767//1239
f 761//1233 768//1240 749//1222
f 749//1222 768//1240 769//1241
f 749//1222 769//1241 760//1242
f 749//1222 760//1242 764//1236
f 764//1236 760//1242 770//1243
f 764//1236 770//1243 762//1234
f 771//1244 772//1245 766//1238
f 766//1238 772//1245 767//1239
f 773//1246 771//1244 774//1247
f 774//1247 771//1244 775//1248
f 773//1246 776//1249 771//1244
f 771//1244 776//1249 777//1250
f 771//1244 777//1250 772//1245
f 786//1251 791//1252 787//1253
f 787//1253 791//1252 788//1254
f 792//1255 785//1256 788//1254
f 788//1254 785//1256 787//1253
f 793//1257 784//1258 792//1255
f 792//1255 784//1258 785//1256
f 783//1259 784//1258 793//1257
f 782//1260 781//1261 790//1262
f 790//1262 781//1261 794//1263
f 794//1263 781//1261 783//1259
f 795//1264 780//1265 796//1266
f 795//1264 796//1266 732//1267
f 795//1264 732//1267 726//1268
f 789//1269 732//1267 796//1266
f 790//1262 789//1269 796//1266
f 790//1262 796//1266 782//1260
f 782//1260 796//1266 780//1265
f 794//1263 734//1270 789//1269
f 794//1263 789//1269 790//1262
f 793//1257 734//1270 794//1263
f 793//1257 794//1263 783//1259
f 792//1255 733//1271 793//1257
f 793//1257 733//1271 734//1270
f 788//1254 735//1272 792//1255
f 792//1255 735//1272 733//1271
f 735//1272 788//1254 714//1273
f 714//1273 788//1254 791//1252
f 714//1273 791//1252 797//1274
f 798//1275 799//1276 800//1277
f 807//1278 779//1279 795//1264
f 795//1264 779//1279 780//1265
f 806//1280 778//1281 807//1278
f 807//1278 778//1281 779//1279
f 808//1282 805//1283 778//1281
f 808//1282 778//1281 806//1280
f 809//1284 804//1285 805//1283
f 809//1284 805//1283 808//1282
f 804//1285 809//1284 803//1286
f 803//1286 809//1284 810//1287
f 801//1288 802//1289 811//1290
f 811//1290 802//1289 810//1287
f 810//1287 802//1289 803//1286
f 812//1291 800//1292 813//1293
f 813//1293 800//1292 801//1288
f 813//1293 814//1294 812//1291
f 738//1295 814//1294 811//1290
f 811//1290 814//1294 813//1293
f 811//1290 813//1293 801//1288
f 810//1287 737//1296 811//1290
f 811//1290 737//1296 738//1295
f 737//1296 810//1287 809//1284
f 737//1296 809//1284 739//1297
f 739//1297 809//1284 808//1282
f 739//1297 808//1282 740//1298
f 741//1299 740//1298 806//1280
f 806//1280 740//1298 808//1282
f 741//1299 806//1280 807//1278
f 741//1299 807//1278 815//1300
f 795//1264 726//1268 815//1300
f 795//1264 815//1300 807//1278
f 816//1301 731//1302 736//1303
f 719//1304 844//1305 817//1306
f 719//1304 817//1306 822//1307
f 822//1307 817//1306 818//1308
f 817//1306 843//1309 818//1308
f 818//1308 843//1309 842//1310
f 818//1308 842//1310 821//1311
f 821//1311 842//1310 820//1312
f 820//1312 842//1310 841//1313
f 820//1312 841//1313 840//1314
f 820//1312 840//1314 743//1315
f 743//1315 840//1314 819//1316
f 819//1316 840//1314 839//1317
f 837//1318 748//1319 819//1316
f 837//1318 819//1316 839//1317
f 838//1320 816//1301 736//1303
f 838//1320 736//1303 837//1318
f 837//1318 736//1303 748//1319
f 820//1321 743//1216 742//1215
f 820//1312 742//1322 821//1311
f 729//1200 818//1308 821//1323
f 729//1200 821//1323 742//1215
f 719//1189 822//1307 729//1200
f 729//1200 822//1307 818//1308
f 714//1198 797//1324 725//1187
f 725//1187 797//1324 823//1325
f 727//1326 789//1269 734//1270
f 732//1203 789//1327 727//1204
f 815//1328 726//1202 741//1214
f 715//1197 814//1329 738//1211
f 715//1197 717//1330 814//1329
f 731//1208 824//1331 744//1217
f 744//1217 824//1331 825//1332
f 744//1217 825//1332 746//1219
f 745//1218 826//1333 730//1201
f 827//1334 728//1199 730//1201
f 827//1335 730//1201 826//1333
f 828//1336 720//1190 728//1199
f 828//1336 829//1337 720//1190
f 903//1338 828//1339 902//1340
f 828//1339 903//1338 829//1341
f 902//1340 828//1339 831//1342
f 831//1342 828//1339 728//1343
f 826//1333 832//1344 827//1335
f 827//1335 832//1344 831//1342
f 827//1335 831//1342 728//1343
f 745//1345 833//1346 826//1333
f 826//1333 833//1346 832//1344
f 746//1347 834//1348 745//1345
f 745//1345 834//1348 835//1349
f 745//1345 835//1349 833//1346
f 834//1348 746//1347 825//1332
f 834//1348 825//1332 836//1350
f 836//1350 825//1332 824//1331
f 836//1350 824//1331 830//1351
f 731//1302 816//1301 830//1351
f 731//1302 830//1351 824//1331
f 845//1352 817//1306 844//1305
f 845//1352 844//1305 913//1353
f 846//1354 843//1355 845//1352
f 845//1352 843//1355 817//1306
f 847//1356 842//1357 846//1354
f 846//1354 842//1357 843//1355
f 919//1358 816//1359 918//1360
f 918//1360 816//1359 838//1361
f 918//1360 838//1361 837//1362
f 918//1360 837//1362 848//1363
f 848//1363 837//1362 839//1364
f 848//1363 839//1364 917//1365
f 917//1365 839//1364 840//1366
f 917//1365 840//1366 847//1356
f 847//1356 840//1366 841//1367
f 847//1356 841//1367 842//1357
f 851//1368 849//1369 850//1370
f 797//1274 791//1252 852//1371
f 852//1371 786//1251 849//1372
f 786//1251 852//1371 791//1252
f 852//1371 849//1372 823//1373
f 797//1274 852//1371 823//1373
f 725//1187 823//1325 853//1374
f 725//1375 853//1375 722//1375
f 722//1376 853//1377 854//1378
f 799//1276 798//1275 855//1379
f 799//1276 855//1379 856//1380
f 857//1381 716//1382 712//1383
f 800//1292 812//1291 798//1384
f 717//1385 798//1384 812//1291
f 717//1385 812//1291 814//1294
f 724//1196 858//1386 723//1195
f 720//1190 829//1337 724//1387
f 859//1388 860//1389 861//1390
f 861//1390 860//1389 862//1391
f 862//1391 860//1389 863//1392
f 861//1390 864//1393 859//1388
f 859//1388 864//1393 865//1394
f 859//1388 865//1394 868//1395
f 868//1395 865//1394 869//1396
f 868//1395 869//1396 870//1397
f 870//1397 869//1396 871//1398
f 870//1397 871//1398 866//1399
f 866//1399 871//1398 867//1400
f 866//1399 867//1400 872//1401
f 866//1399 872//1401 873//1402
f 873//1402 872//1401 874//1403
f 873//1402 874//1403 875//1404
f 873//1402 875//1404 876//1405
f 876//1405 875//1404 877//1406
f 849//1407 948//1408 877//1406
f 877//1406 948//1408 876//1405
f 878//1409 719//1410 718//1411
f 878//1409 718//1411 879//1412
f 879//1413 718//1188 721//1193
f 743//1315 819//1316 747//1414
f 748//1319 747//1414 819//1316
f 879//1412 932//1415 881//1416
f 914//1417 880//1418 932//1415
f 932//1415 880//1418 881//1416
f 881//1416 880//1418 878//1409
f 878//1409 880//1418 844//1305
f 878//1409 844//1305 719//1304
f 882//1419 884//1420 885//1421
f 888//1422 890//1423 886//1424
f 888//1422 886//1424 887//1425
f 936//1426 799//1427 889//1428
f 889//1428 799//1427 890//1423
f 889//1428 890//1423 888//1422
f 886//1424 891//1429 887//1425
f 887//1425 891//1429 892//1430
f 892//1430 891//1429 893//1431
f 892//1430 893//1431 894//1432
f 894//1432 893//1431 895//1433
f 894//1432 895//1433 896//1434
f 894//1432 896//1434 884//1420
f 885//1421 884//1420 896//1434
f 883//1435 882//1419 885//1421
f 897//1436 898//1437 883//1435
f 883//1435 898//1437 882//1419
f 862//1391 863//1392 898//1437
f 862//1391 898//1437 897//1436
f 899//1438 900//1439 901//1440
f 899//1438 901//1440 902//1340
f 902//1340 901//1440 903//1338
f 903//1338 901//1440 924//1441
f 900//1439 899//1438 904//1442
f 899//1438 833//1443 904//1442
f 904//1442 833//1443 835//1349
f 905//1444 906//1445 835//1349
f 835//1349 906//1445 904//1442
f 835//1349 907//1446 905//1444
f 905//1444 907//1446 836//1350
f 816//1359 919//1358 908//1447
f 905//1444 836//1350 908//1447
f 908//1447 836//1350 830//1448
f 908//1447 830//1448 816//1359
f 832//1344 833//1443 899//1438
f 836//1350 907//1446 834//1348
f 834//1348 907//1446 835//1349
f 832//1344 899//1438 831//1342
f 831//1342 899//1438 902//1340
f 829//1341 903//1338 909//1449
f 829//1341 909//1449 724//1450
f 724//1450 909//1449 910//1451
f 724//1450 910//1451 858//1386
f 858//1386 910//1451 911//1452
f 915//1453 916//1454 914//1417
f 914//1417 916//1454 880//1418
f 913//1353 844//1305 912//1455
f 912//1455 844//1305 880//1418
f 912//1455 880//1418 916//1454
f 872//1456 916//1454 874//1457
f 915//1453 874//1457 916//1454
f 875//1458 874//1457 915//1453
f 912//1455 916//1454 872//1456
f 912//1455 867//1459 913//1353
f 912//1455 872//1456 867//1459
f 723//1195 920//1460 921//1461
f 723//1195 921//1461 712//1462
f 712//1463 921//1463 857//1463
f 856//1464 855//1465 857//1381
f 857//1381 855//1465 716//1382
f 855//1465 798//1384 716//1382
f 716//1382 798//1384 717//1385
f 890//1466 799//1276 856//1380
f 723//1195 858//1386 920//1460
f 857//1381 921//1467 922//1468
f 856//1464 857//1381 922//1468
f 922//1468 923//1469 856//1464
f 923//1469 890//1470 856//1464
f 921//1467 920//1460 923//1469
f 921//1467 923//1469 922//1468
f 903//1338 924//1441 925//1471
f 903//1338 925//1471 909//1449
f 909//1449 925//1471 910//1451
f 925//1471 927//1472 910//1451
f 910//1451 927//1472 926//1473
f 858//1386 911//1452 920//1460
f 928//1474 923//1469 911//1452
f 911//1452 923//1469 920//1460
f 928//1474 890//1470 923//1469
f 913//1353 867//1459 929//1475
f 867//1459 871//1476 929//1475
f 929//1475 871//1476 869//1477
f 845//1352 913//1353 929//1475
f 845//1352 929//1475 869//1477
f 861//1478 918//1360 848//1363
f 861//1478 848//1363 864//1479
f 864//1479 848//1363 917//1365
f 864//1479 917//1365 847//1356
f 864//1479 847//1356 865//1480
f 865//1480 847//1356 846//1354
f 865//1480 846//1354 869//1477
f 869//1477 846//1354 845//1352
f 861//1478 862//1481 918//1360
f 918//1360 862//1481 919//1358
f 886//1482 931//1482 891//1482
f 885//1483 896//1484 904//1442
f 896//1484 895//1485 900//1439
f 896//1484 900//1439 904//1442
f 885//1483 904//1442 906//1445
f 906//1445 883//1486 885//1483
f 897//1487 883//1486 905//1444
f 905//1444 883//1486 906//1445
f 897//1487 905//1444 908//1447
f 897//1487 908//1447 919//1358
f 897//1487 919//1358 862//1481
f 893//1488 891//1489 924//1441
f 893//1488 924//1441 901//1440
f 893//1488 901//1440 895//1485
f 895//1485 901//1440 900//1439
f 886//1490 890//1490 930//1490
f 930//1491 926//1473 886//1492
f 927//1472 886//1492 926//1473
f 925//1471 931//1493 927//1472
f 927//1472 931//1493 886//1492
f 891//1489 931//1493 925//1471
f 924//1441 891//1489 925//1471
f 930//1491 890//1470 928//1474
f 930//1491 928//1474 926//1473
f 928//1474 911//1452 910//1451
f 926//1473 928//1474 910//1451
f 850//1370 849//1369 877//1494
f 851//1495 850//1496 854//1378
f 851//1495 854//1378 853//1497
f 823//1373 849//1372 851//1495
f 823//1373 851//1495 853//1497
f 713//1498 722//1376 854//1378
f 932//1415 875//1458 915//1453
f 932//1415 915//1453 914//1417
f 933//1499 854//1378 850//1496
f 854//1378 933//1499 713//1498
f 721//1500 713//1498 934//1501
f 850//1496 877//1502 933//1499
f 877//1502 934//1501 933//1499
f 933//1499 934//1501 713//1498
f 879//1412 881//1416 878//1409
f 877//1502 875//1458 934//1501
f 934//1501 875//1458 932//1415
f 932//1415 721//1500 934//1501
f 721//1500 932//1415 879//1412
f 935//1503 801//1504 800//1505
f 935//1503 799//1427 936//1426
f 935//1503 800//1505 799//1427
f 801//1504 935//1503 937//1506
f 801//1504 937//1506 802//1507
f 802//1507 937//1506 803//1508
f 803//1508 937//1506 938//1509
f 803//1508 938//1509 804//1510
f 938//1509 939//1511 804//1510
f 804//1510 939//1511 940//1512
f 804//1510 940//1512 805//1513
f 805//1513 940//1512 778//1514
f 778//1514 940//1512 941//1515
f 778//1514 941//1515 779//1516
f 779//1516 941//1515 942//1517
f 779//1516 942//1517 780//1518
f 943//1519 782//1520 942//1517
f 942//1517 782//1520 780//1518
f 782//1520 943//1519 781//1521
f 781//1521 943//1519 944//1522
f 781//1521 944//1522 783//1523
f 783//1523 944//1522 784//1524
f 784//1524 944//1522 945//1525
f 784//1524 945//1525 785//1526
f 785//1526 945//1525 787//1527
f 787//1527 945//1525 946//1528
f 787//1527 946//1528 786//1529
f 786//1529 946//1528 947//1530
f 786//1529 947//1530 948//1408
f 786//1529 948//1408 849//1407
f 947//1531 946//1532 751//1533
f 752//1534 947//1531 751//1533
f 947//1531 752//1534 948//1535
f 948//1535 752//1534 759//1536
f 758//1537 948//1535 759//1536
f 758//1537 876//1538 948//1535
f 876//1538 758//1537 753//1539
f 753//1539 873//1540 876//1538
f 866//1541 873//1540 755//1542
f 755//1542 873//1540 753//1539
f 767//1543 772//1544 868//1395
f 868//1395 870//1397 767//1543
f 767//1543 870//1397 755//1542
f 755//1542 870//1397 866//1541
f 772//1544 859//1545 868//1395
f 776//1546 860//1389 777//1547
f 777//1547 860//1389 859//1545
f 777//1547 859//1545 772//1544
f 860//1389 776//1546 863//1392
f 863//1392 776//1546 773//1548
f 757//1549 936//1550 756//1551
f 863//1392 773//1548 898//1552
f 898//1552 773//1548 774//1553
f 775//1554 882//1555 774//1553
f 774//1553 882//1555 898//1552
f 771//1556 884//1557 775//1554
f 775//1554 884//1557 882//1555
f 766//1558 894//1559 771//1556
f 771//1556 894//1559 884//1557
f 765//1560 892//1561 766//1558
f 766//1558 892//1561 894//1559
f 892//1561 765//1560 887//1562
f 887//1562 765//1560 754//1563
f 754//1563 888//1564 887//1562
f 936//1550 889//1565 756//1551
f 756//1551 889//1565 754//1563
f 754//1563 889//1565 888//1564
f 750//1566 935//1567 757//1549
f 757//1549 935//1567 936//1550
f 935//1567 750//1566 749//1568
f 935//1567 749//1568 937//1569
f 940//1570 939//1571 763//1572
f 764//1573 938//1574 749//1568
f 749//1568 938//1574 937//1569
f 763//1572 939//1571 764//1573
f 764//1573 939//1571 938//1574
f 762//1575 940//1570 763//1572
f 770//1576 941//1577 762//1575
f 762//1575 941//1577 940//1570
f 760//1578 942//1579 770//1576
f 770//1576 942//1579 941//1577
f 942//1579 760//1578 943//1580
f 769//1581 943//1580 760//1578
f 768//1582 944//1583 769//1581
f 769//1581 944//1583 943//1580
f 761//1584 945//1585 768//1582
f 768//1582 945//1585 944//1583
f 751//1533 946//1532 761//1584
f 761//1584 946//1532 945//1585
f 1105//1586 949//1587 950//1588
f 1105//1586 950//1588 951//1589
f 953//1590 952//1591 1105//1586
f 1105//1586 952//1591 949//1587
f 954//1592 957//1593 958//1594
f 958//1594 957//1593 956//1595
f 954//1592 958//1594 959//1596
f 956//1595 957//1593 955//1597
f 963//1598 960//1599 961//1600
f 956//1595 955//1597 961//1600
f 961//1600 955//1597 962//1601
f 961//1600 962//1601 963//1598
f 958//1594 964//1602 959//1596
f 959//1596 964//1602 972//1603
f 959//1596 972//1603 965//1604
f 966//1605 961//1600 960//1599
f 972//1603 968//1606 965//1604
f 960//1599 969//1607 967//1608
f 960//1599 967//1608 966//1605
f 972//1603 970//1609 971//1610
f 972//1603 973//1611 970//1609
f 972//1603 971//1610 974//1612
f 972//1603 974//1612 975//1613
f 977//1614 978//1615 970//1609
f 972//1603 975//1613 968//1606
f 981//1616 980//1617 960//1599
f 960//1599 976//1618 979//1619
f 979//1619 981//1616 960//1599
f 973//1611 982//1620 970//1609
f 970//1609 982//1620 977//1614
f 983//1621 960//1599 984//1622
f 960//1599 980//1617 969//1607
f 960//1599 983//1621 976//1618
f 985//1623 986//1624 987//1625
f 987//1625 988//1626 985//1623
f 996//1627 989//1628 987//1625
f 987//1625 989//1628 990//1629
f 987//1625 990//1629 988//1626
f 987//1625 991//1630 992//1631
f 995//1632 993//1633 987//1625
f 992//1631 995//1632 987//1625
f 987//1625 993//1633 994//1634
f 994//1634 996//1627 987//1625
f 999//1635 998//1636 997//1637
f 997//1637 998//1636 1000//1638
f 997//1637 1002//1639 1003//1640
f 997//1637 1000//1638 1004//1641
f 1001//1642 1006//1643 997//1637
f 997//1637 1003//1640 1009//1644
f 997//1637 1012//1645 1005//1646
f 997//1637 1005//1646 1007//1647
f 997//1637 1004//1641 1010//1648
f 997//1637 1008//1649 1002//1639
f 1010//1648 1001//1642 997//1637
f 997//1637 1006//1643 1008//1649
f 997//1637 1009//1644 1011//1650
f 1011//1650 1012//1645 997//1637
f 955//1597 1013//1651 1015//1652
f 955//1597 1015//1652 962//1601
f 962//1601 1015//1652 1014//1653
f 955//1597 1016//1654 1013//1651
f 1017//1655 963//1598 1018//1656
f 1018//1656 963//1598 962//1601
f 1018//1656 962//1601 1014//1653
f 954//1657 1019//1658 957//1659
f 955//1597 957//1660 1016//1654
f 1022//1661 1021//1662 976//1618
f 976//1618 1021//1662 979//1619
f 1022//1661 976//1618 1023//1663
f 1023//1663 976//1618 983//1621
f 1023//1663 983//1621 1024//1664
f 983//1621 984//1622 1024//1664
f 960//1599 1020//1665 1025//1666
f 960//1599 1025//1666 984//1622
f 1020//1665 960//1599 1017//1655
f 1017//1655 960//1599 963//1598
f 959//1667 1026//1668 954//1657
f 1026//1668 1027//1669 954//1657
f 954//1657 1027//1669 1019//1658
f 969//1607 1028//1670 967//1608
f 1028//1670 969//1607 1029//1671
f 1029//1671 969//1607 980//1617
f 1029//1671 980//1617 1030//1672
f 1030//1672 980//1617 1031//1673
f 1031//1673 980//1617 981//1616
f 1031//1673 981//1616 1032//1674
f 1032//1674 981//1616 979//1619
f 1032//1674 979//1619 1021//1662
f 1026//1668 959//1667 1033//1675
f 1034//1676 961//1600 966//1605
f 1034//1677 966//1678 1035//1679
f 1035//1679 966//1678 967//1680
f 965//1604 1036//1681 959//1667
f 959//1667 1036//1681 1033//1675
f 961//1600 1038//1682 1037//1683
f 961//1600 1037//1683 956//1595
f 961//1600 1034//1677 1038//1682
f 1040//1684 1041//1685 970//1609
f 970//1609 1041//1685 971//1610
f 971//1610 1041//1685 1042//1686
f 971//1610 1042//1686 974//1612
f 1042//1686 1043//1687 974//1612
f 974//1612 1043//1687 975//1613
f 975//1613 1044//1688 968//1606
f 968//1606 1044//1688 1039//1689
f 1036//1681 965//1604 1039//1689
f 968//1606 1039//1689 965//1604
f 1045//1690 972//1691 1046//1692
f 1047//1693 973//1611 1045//1694
f 1045//1694 973//1611 972//1603
f 973//1611 1047//1693 1048//1695
f 973//1611 1048//1695 982//1620
f 982//1620 1048//1695 1049//1696
f 982//1620 1049//1696 977//1614
f 978//1615 1040//1684 970//1609
f 956//1595 1037//1683 1050//1697
f 1046//1692 972//1691 1051//1698
f 1052//1699 958//1700 1053//1701
f 956//1595 1050//1697 1053//1701
f 956//1595 1053//1701 958//1700
f 1051//1702 972//1703 1054//1704
f 1054//1704 972//1703 964//1705
f 958//1706 1052//1706 964//1706
f 964//1705 1052//1707 1054//1704
f 1057//1708 1056//1709 1055//1710
f 952//1711 1059//1712 1058//1713
f 1061//1714 985//1715 1060//1716
f 1061//1714 1060//1716 1059//1712
f 1061//1714 1059//1712 952//1711
f 998//1636 999//1635 1085//1717
f 998//1636 1085//1717 1055//1710
f 1002//1639 1062//1718 1003//1640
f 1002//1639 1063//1719 1062//1718
f 1063//1719 1002//1639 1064//1720
f 1002//1639 1008//1649 1064//1720
f 1064//1720 1008//1649 1065//1721
f 1006//1643 1065//1721 1008//1649
f 1065//1721 1006//1643 1066//1722
f 1006//1643 1001//1642 1066//1722
f 1004//1641 1067//1723 1068//1724
f 1004//1641 1068//1724 1010//1648
f 1010//1648 1068//1724 1069//1725
f 1010//1648 1069//1725 1070//1726
f 1010//1648 1070//1726 1001//1642
f 1001//1642 1070//1726 1066//1722
f 1067//1723 1004//1641 1000//1638
f 1067//1723 1000//1638 1071//1727
f 998//1636 1072//1728 1000//1638
f 1000//1638 1072//1728 1071//1727
f 996//1627 994//1634 1073//1729
f 1060//1716 985//1715 1074//1730
f 1074//1730 985//1715 988//1626
f 1074//1730 988//1626 990//1629
f 1074//1730 990//1629 1075//1731
f 1075//1731 990//1629 1076//1732
f 1076//1732 990//1629 989//1628
f 1076//1732 989//1628 1078//1733
f 1073//1729 1077//1734 996//1627
f 996//1627 1077//1734 1078//1733
f 996//1627 1078//1733 989//1628
f 994//1634 993//1633 1079//1735
f 1073//1729 994//1634 1080//1736
f 1080//1736 994//1634 1079//1735
f 1081//1737 1057//1708 1085//1717
f 1085//1717 1057//1708 1055//1710
f 1087//1738 986//1739 985//1715
f 1061//1714 1087//1738 985//1715
f 949//1740 1082//1740 950//1740
f 1056//1709 1057//1708 950//1741
f 1056//1709 950//1741 1082//1742
f 1083//1743 949//1744 1058//1745
f 1058//1746 949//1746 952//1746
f 1083//1743 1082//1747 949//1744
f 998//1636 1055//1748 1072//1728
f 950//1588 1081//1749 951//1589
f 1084//1750 1081//1737 1085//1717
f 953//1751 1086//1752 1088//1753
f 1088//1753 1087//1754 953//1751
f 1089//1755 1007//1647 1090//1756
f 1090//1756 1007//1647 1091//1757
f 1007//1647 1005//1646 1091//1757
f 1091//1757 1005//1646 1092//1758
f 1092//1758 1005//1646 1012//1645
f 1092//1758 1012//1645 1093//1759
f 1093//1759 1012//1645 1094//1760
f 1011//1650 1094//1760 1012//1645
f 1094//1760 1011//1650 1095//1761
f 1011//1650 1009//1644 1095//1761
f 1095//1761 1009//1644 1096//1762
f 1096//1762 1009//1644 1003//1640
f 1096//1762 1003//1640 1062//1718
f 1097//1763 997//1637 1089//1755
f 1089//1755 997//1637 1007//1647
f 1098//1764 999//1635 1097//1763
f 1097//1763 999//1635 997//1637
f 1099//1765 1100//1766 987//1625
f 992//1631 1102//1767 995//1632
f 995//1632 1102//1767 1101//1768
f 991//1630 1103//1769 992//1631
f 992//1631 1103//1769 1102//1767
f 987//1625 1100//1766 991//1630
f 991//1630 1100//1766 1103//1769
f 987//1625 986//1770 1087//1771
f 1099//1765 987//1625 1087//1771
f 995//1632 1101//1768 993//1633
f 993//1633 1101//1768 1079//1735
f 1057//1772 1081//1749 950//1588
f 1087//1738 1061//1714 953//1590
f 953//1590 1061//1714 952//1591
f 1106//1773 951//1774 1104//1775
f 1104//1775 951//1774 1081//1776
f 1104//1775 1081//1776 1084//1777
f 1086//1778 953//1778 1105//1778
f 1105//1779 1106//1773 1086//1780
f 1106//1773 1105//1779 951//1774
f 999//1635 1098//1764 1085//1717
f 1052//1781 1083//1743 1058//1745
f 1052//1781 1058//1745 1054//1704
f 1083//1743 1052//1781 1082//1782
f 1040//1684 1080//1783 1079//1784
f 1040//1684 978//1785 1080//1783
f 1080//1783 978//1785 1073//1786
f 1073//1786 978//1785 977//1787
f 1073//1786 977//1787 1077//1788
f 1077//1788 977//1787 1049//1696
f 1077//1788 1049//1696 1078//1789
f 1078//1789 1049//1696 1076//1790
f 1076//1790 1049//1696 1048//1695
f 1076//1790 1048//1695 1075//1731
f 1048//1695 1047//1693 1075//1731
f 1075//1731 1047//1693 1045//1690
f 1045//1690 1074//1730 1075//1731
f 1046//1692 1074//1730 1045//1690
f 1082//1782 1052//1781 1053//1791
f 1082//1782 1053//1791 1056//1792
f 1056//1792 1053//1791 1050//1697
f 1072//1728 1037//1683 1071//1793
f 1034//1677 1067//1794 1038//1682
f 1038//1682 1067//1794 1071//1793
f 1071//1793 1037//1683 1038//1682
f 1054//1704 1058//1745 1051//1702
f 1051//1702 1058//1745 1059//1795
f 1051//1702 1059//1795 1060//1796
f 1051//1702 1060//1796 1074//1730
f 1051//1702 1074//1730 1046//1692
f 1037//1683 1072//1728 1050//1697
f 1055//1748 1056//1792 1072//1728
f 1072//1728 1056//1792 1050//1697
f 1086//1797 1106//1798 1027//1669
f 1106//1798 1019//1658 1027//1669
f 1086//1797 1027//1669 1026//1668
f 1036//1681 1039//1689 1099//1765
f 1099//1765 1039//1689 1100//1766
f 1100//1766 1039//1689 1044//1688
f 1100//1766 1044//1688 1103//1799
f 1103//1799 1044//1688 975//1800
f 1103//1799 975//1800 1043//1801
f 1103//1799 1043//1801 1102//1802
f 1102//1802 1043//1801 1101//1803
f 1043//1801 1042//1804 1101//1803
f 1101//1803 1042//1804 1079//1784
f 1042//1804 1041//1685 1079//1784
f 1079//1784 1041//1685 1040//1684
f 957//1659 1019//1658 1106//1798
f 957//1659 1106//1798 1104//1805
f 1084//1750 1016//1654 957//1659
f 957//1659 1104//1805 1084//1750
f 1097//1806 1089//1807 1014//1653
f 1015//1652 1013//1651 1097//1806
f 1015//1652 1097//1806 1014//1653
f 1087//1754 1088//1753 1033//1675
f 1088//1753 1026//1668 1033//1675
f 1086//1797 1026//1668 1088//1753
f 1087//1754 1033//1675 1036//1681
f 1087//1754 1036//1681 1099//1765
f 1085//1717 1098//1764 1084//1750
f 1084//1750 1098//1764 1016//1654
f 1098//1764 1013//1651 1016//1654
f 1098//1764 1097//1806 1013//1651
f 1034//1677 1068//1808 1067//1794
f 1035//1679 1069//1809 1068//1808
f 1070//1810 1069//1809 1035//1679
f 1028//1670 1066//1811 967//1680
f 967//1680 1066//1811 1070//1810
f 1065//1812 1066//1811 1029//1671
f 1031//1673 1064//1813 1065//1812
f 1064//1813 1031//1673 1063//1719
f 1063//1719 1032//1674 1062//1718
f 1021//1662 1062//1718 1032//1674
f 1032//1674 1063//1719 1031//1673
f 1065//1812 1030//1672 1031//1673
f 1028//1670 1029//1671 1066//1811
f 1065//1812 1029//1671 1030//1672
f 1068//1808 1034//1677 1035//1679
f 1035//1679 967//1680 1070//1810
f 1090//1814 1091//1815 1017//1655
f 1096//1816 1062//1718 1022//1661
f 1024//1664 1095//1817 1023//1663
f 1024//1664 1094//1818 1095//1817
f 1094//1818 1024//1664 1093//1819
f 1093//1819 1025//1666 1092//1820
f 1017//1655 1091//1815 1020//1665
f 1020//1665 1091//1815 1092//1820
f 1089//1807 1090//1814 1018//1656
f 1089//1807 1018//1656 1014//1653
f 1090//1814 1017//1655 1018//1656
f 1092//1820 1025//1666 1020//1665
f 1093//1819 984//1821 1025//1666
f 984//1821 1093//1819 1024//1664
f 1022//1661 1023//1663 1095//1817
f 1022//1661 1095//1817 1096//1816
f 1062//1718 1021//1662 1022//1661
