# G1 exterior visual; derived from pinned Unitree/TWIST2 CAD.
v 0.0672240332 0.0182484221 0.0245403796
v 0.0672327951 0.0182244498 0.0294496883
v 0.0702041164 0.0169441458 0.0363016129
v 0.0866874829 0.00842786953 0.03797061
v 0.0842028707 0.0109890103 0.0379960462
v 0.0668141618 0.0140930135 0.0387941822
v 0.0692878738 0.0140725644 0.0387193561
v 0.0700568333 0.0149230435 0.0414927006
v 0.0681832284 0.0179258473 0.0350617431
v 0.0692425072 0.0115602612 0.0384662859
v 0.0692699105 0.0112994397 0.0380712636
v 0.0706613362 0.00564379618 0.0419960953
v 0.0708971545 0.00851541664 0.0433382988
v 0.0698755831 0.011434515 0.0403084457
v 0.070997633 0.0100437887 0.0416281819
v 0.0695680529 0.0124436542 0.0408734083
v 0.0699053556 0.0125095444 0.0430515073
v 0.0712209344 0.0113556869 0.0407882072
v 0.0712858364 0.0122087095 0.0426418111
v 0.069627963 0.0128541132 0.0397393331
v 0.0714268163 0.0146662379 0.0411972106
v 0.0686520115 0.0169939194 0.0356333442
v 0.0758327022 -0.0114831692 0.0357798636
v 0.076550737 -0.0107637122 0.0352002494
v 0.0783165321 -0.0126705151 0.0355982706
v 0.076482296 -0.0108390376 0.0376222953
v 0.0777263567 -0.0106092002 0.0339443348
v 0.0786690861 -0.0105877155 0.034776289
v 0.0793462694 -0.0104724262 0.0335085429
v 0.0716308728 0.0110023776 0.0379989743
v 0.0776086971 -0.0106948856 0.0363620147
v 0.0801774785 -0.0102668656 0.0379772857
v 0.0799301937 -0.0103719011 0.0323654301
v 0.0679254234 -0.00690349797 0.0436857864
v 0.0686221421 -0.000508205965 0.0438845046
v 0.0694011748 -0.00857451838 0.0431287847
v 0.0695284903 -0.00897228066 0.0416598134
v 0.0712722987 0.0115294792 0.0379879177
v 0.0698583797 -0.00332472101 0.041957844
v 0.0700706765 -0.000503353425 0.0434667692
v 0.0678205863 -0.0124470582 0.0405410975
v 0.0690636933 -0.0114075346 0.0433482304
v 0.0687698871 0.0126573583 0.038872838
v 0.0696704462 -0.0160406101 0.0382643603
v 0.0691708252 -0.0157213211 0.0346151926
v 0.0692088306 -0.014226716 0.0368843824
v 0.0696334392 -0.0149879977 0.0359287076
v 0.0690291002 -0.0126172276 0.0388506241
v 0.0691712275 -0.0108098723 0.0381800719
v 0.0694811493 -0.0130127845 0.039183151
v 0.0711216033 -0.0107250223 0.0409402773
v 0.0690612867 -0.0135300569 0.0421495438
v 0.0707004741 -0.0123124579 0.0426438116
v 0.0711218417 -0.0107602142 0.0427021347
v 0.0737197772 -0.0152618662 0.0374903418
v 0.072284095 -0.0110506956 0.0396365896
v 0.0745518729 -0.0110841356 0.039655529
v 0.0724957809 -0.0111502288 0.0416513644
v 0.0742118657 -0.0127020217 0.0397161432
v 0.0739765465 -0.0109003056 0.0379293337
v 0.0749668553 -0.0108223902 0.0367331728
v 0.0736953169 -0.0105931992 0.0379842483
v 0.0756592602 -0.0105939331 0.0379517637
v 0.0741275027 -0.0152324717 0.0335281491
v 0.0760905668 -0.0176836159 0.0280361008
v 0.0800359994 -0.0180130433 0.0285923406
v 0.0786511973 -0.016604051 0.0279788841
v 0.0780803338 -0.0156025402 0.0335273407
v 0.0771470591 -0.0145385545 0.0319970362
v 0.0789723918 -0.0107229967 0.0322262198
v 0.0804157481 -0.014899849 0.0281741582
v 0.0798813105 -0.0104002049 0.0309978593
v 0.08009018 -0.0102565344 0.0298324898
v 0.0818551406 -0.0162648279 0.0287525468
v 0.081591256 -0.0110755898 0.0278981812
v 0.0812639222 -0.0126346033 0.031788256
v 0.0833193138 -0.0128122475 0.0286955554
v 0.0829363689 -0.0110443616 0.0285232086
v 0.08257249 -0.00917940587 0.0379810072
v 0.0848660991 -0.00706217391 0.0379756391
v 0.0802865326 -0.0108714085 0.0309978761
v 0.0802620277 -0.0111735798 0.0328124128
v 0.086139977 -0.00470462348 0.0379817523
v 0.0866782591 -0.00229447125 0.037886817
v 0.0692351162 -0.0180860534 0.0290446132
v 0.0691631436 -0.0174300168 0.0306228288
v 0.0693817288 -0.0165216103 0.0331157818
v 0.0716921389 -0.018155558 0.0338033736
v 0.0751140937 -0.0171787068 0.0338784195
v 0.0456415005 0.017287584 0.0285901651
v 0.0479803458 0.0166865792 0.0342033729
v 0.0451899506 0.0152449096 0.0298345983
v 0.0455150902 0.0148929814 0.0324101262
v 0.0453030206 0.0180576686 0.0259878766
v 0.046995908 0.0183905698 0.0245508403
v 0.047707554 0.0183387548 0.022815682
v 0.0468252823 0.018337613 0.0268826783
v 0.0475908928 0.0178881716 0.0320724137
v 0.0483321808 0.018221749 0.0295846704
v 0.0514731817 0.0182108656 0.0255859233
v 0.0518146381 0.0181137249 0.0293296985
v 0.0498648025 0.0178392548 0.0336555988
v 0.0546152741 0.0182151645 0.026962027
v 0.0575505644 0.0182766635 0.023065852
v 0.0528265052 0.0177767817 0.0343463309
v 0.0552477576 0.0180940479 0.0308981258
v 0.0560108759 0.0179131366 0.0337566957
v 0.0593330488 0.0183232017 0.025354851
v 0.0596074685 0.0182626676 0.0282490607
v 0.059362188 0.0179073252 0.0348798558
v 0.0609131493 0.0183350202 0.0227694046
v 0.0630894154 0.0182967838 0.0236978251
v 0.0608872324 0.0183312912 0.0258392822
v 0.0628781021 0.0182715729 0.0260265544
v 0.0632566586 0.018229166 0.0282976739
v 0.0613019951 0.0181497782 0.0314619616
v 0.0644035712 0.0181296468 0.0322476961
v 0.054617431 0.01126392 0.0397750884
v 0.0611413419 0.0155253932 0.0398536474
v 0.0615729578 0.0143096 0.0413649566
v 0.0569112115 0.0124612469 0.0393204652
v 0.0590473302 0.0129932202 0.0388725325
v 0.0592031665 0.0125250677 0.0398346148
v 0.0611152239 0.0125402156 0.0423062406
v 0.0621996559 0.0133887306 0.0388633236
v 0.0621545278 0.0134312958 0.039450217
v 0.0640079826 0.0178696066 0.0356232896
v 0.0665245429 0.0174391903 0.0370643325
v 0.070130989 0.0161787551 0.0393967964
v 0.0666231215 0.0167153776 0.0373386592
v 0.0542075932 0.00544283306 0.040592432
v 0.0618286617 0.0101121822 0.0409766138
v 0.0610337853 0.00990518928 0.0429623649
v 0.0621405505 0.00517731765 0.0413891524
v 0.0691156611 0.00716531277 0.0438636243
v 0.0505627133 0.011867255 0.0411406569
v 0.047250282 0.014591963 0.0386868194
v 0.0451548398 0.012418312 0.037500225
v 0.0471266732 0.0155238044 0.0373352803
v 0.0518111065 0.00988422986 0.0391728766
v 0.0506646745 0.0139857326 0.0400302894
v 0.0500345491 0.0173610337 0.0354733318
v 0.055823639 0.0164584238 0.0368196517
v 0.0528531261 0.0100799911 0.0398836732
v 0.0528628714 0.0112171331 0.0390826054
v 0.0552044995 0.0119695691 0.0390756093
v 0.0576677471 0.0174122658 0.0364719555
v 0.0454552993 0.00359096634 0.0394000784
v 0.047210753 0.00168931612 0.0418285802
v 0.0464097671 0.00392905576 0.0393925384
v 0.047432404 0.00158548483 0.0388867706
v 0.0479908213 0.00226576836 0.0398824289
v 0.0453928672 0.00929423142 0.038750533
v 0.0455689952 0.0112749413 0.0381583981
v 0.048153393 0.00856984593 0.0414939225
v 0.0479700193 0.00407699449 0.0388914943
v 0.04839921 0.00445765071 0.0397424325
v 0.0485972613 0.00553142931 0.039048519
v 0.0490811467 0.00658963155 0.0389068313
v 0.0497265048 0.00697110407 0.0398326144
v 0.0497743711 0.0078484565 0.0392444506
v 0.0506392755 0.00862902869 0.0390209183
v 0.0512602106 0.00869976729 0.0398315899
v 0.0534397326 0.00897947326 0.0422124639
v 0.0558438674 0.0046232813 0.0428082198
v 0.0540682524 0.0111368708 0.038874533
v 0.0580918044 -0.0170684271 0.0374223515
v 0.0589760095 -0.0151094757 0.0410867408
v 0.0561467595 -0.0132113425 0.038874235
v 0.0562152006 -0.0136877922 0.0391265191
v 0.0637173206 -0.0132610509 0.0401137061
v 0.061656516 -0.0121660577 0.0407260619
v 0.0584875867 -0.00831076689 0.0429141
v 0.0594928265 -0.00791433919 0.0410056636
v 0.0604629815 -0.00250183977 0.0432933755
v 0.0643231496 -0.0181203578 0.0352750905
v 0.0645926744 -0.0165507048 0.038495075
v 0.0672760457 -0.0134747494 0.0390407965
v 0.0655307472 -0.0146724703 0.0415575653
v 0.0642046556 -0.0137654021 0.0424008556
v 0.060842067 -0.00193048094 0.0413122475
v 0.068535164 -0.0110724159 0.0412681587
v 0.0453828275 -0.0154550169 0.0343414471
v 0.0455665141 -0.0134365195 0.0381423309
v 0.0452145077 -0.0150960255 0.039518971
v 0.0456042551 -0.0147597147 0.0349113904
v 0.0490108207 -0.0144827906 0.0406163782
v 0.0455405116 -0.00877724867 0.0393617079
v 0.0456243083 -0.00820038747 0.0390395746
v 0.0454355106 -0.0030135666 0.0395943336
v 0.0456129499 0.00413202448 0.0380252227
v 0.04757002 -0.004863685 0.0398967527
v 0.0470381081 -0.00411562854 0.0388768688
v 0.0479700901 -0.0069957599 0.0398583785
v 0.0467790663 -0.00479029166 0.0418233834
v 0.0469034016 -0.000606955553 0.0389002487
v 0.0473583378 -0.000831647718 0.0398701392
v 0.0450278372 -0.017269263 0.0353028998
v 0.0503486991 -0.0129317204 0.041583851
v 0.048251763 -0.00853917468 0.0390614979
v 0.0495313928 -0.00996787474 0.0389918499
v 0.0497538112 -0.00978811737 0.0398465358
v 0.0506128147 -0.010896855 0.0389184617
v 0.0509533025 -0.0108780218 0.0398670547
v 0.0513659976 -0.0123111801 0.0390906073
v 0.0492491797 -0.00838844944 0.0419896692
v 0.0474553704 -0.00648431759 0.0388830602
v 0.0543782115 -0.00133897481 0.0427624136
v 0.0534925871 -0.0044329064 0.040637251
v 0.053258229 -0.013077558 0.0388813876
v 0.053031873 -0.0122030675 0.0399799459
v 0.057842575 -0.013161011 0.042302981
v 0.0461092591 -0.0207442231 0.0259394813
v 0.0456075594 0.0143737318 0.0344990492
v 0.0456106812 -0.00855851639 0.0379237495
v 0.0561410896 -0.0184279606 0.0341879614
v 0.0628566593 -0.0196336657 0.0314533338
v 0.0795494691 0.00446319673 0.0126882493
v 0.0820854902 0.000476842659 0.0126711745
v 0.0811093226 -0.000258560904 0.0110805361
v 0.0783360377 0.00405905209 0.0111727249
v 0.0841891766 0.0109896287 0.0190111585
v 0.0866843387 0.00843933597 0.0190157183
v 0.0738657191 0.01345779 -8.74460166e-05
v 0.0760294348 0.0076807877 0.0108346231
v 0.077464737 0.00773751549 0.0126342159
v 0.0691468045 0.00341427862 0.0158682056
v 0.0657475963 0.0183423627 0.0116759427
v 0.0672251135 0.0182532016 0.0188364759
v 0.0695222318 0.00411007646 0.0112313218
v 0.0693357065 0.00395385083 0.0140079167
v 0.071054481 0.00406759372 0.0136598516
v 0.0725697428 0.00409334479 0.0127168661
v 0.0691618696 0.00838360004 0.0112187034
v 0.0692991987 0.00508783665 0.0155443801
v 0.069178842 0.0101008136 0.0154923508
v 0.0706312209 0.00528829405 0.0153979072
v 0.069430843 0.0125829289 0.0113069108
v 0.0710172206 0.0099431742 0.0155172693
v 0.0717248246 0.0161837135 0.0145054711
v 0.0694143921 0.0112683801 0.0161419492
v 0.0691870898 0.0124251302 0.0187967625
v 0.0712614655 0.0114207426 0.0190125015
v 0.0712222308 0.0114837065 0.0167581532
v 0.0692440048 0.0135312295 0.0127486987
v 0.0711421594 0.0152064823 0.0110175693
v 0.0730109736 0.0123811448 0.0110772578
v 0.071681492 0.0161088742 0.0379976556
v 0.0703038797 0.0171932839 0.0292768143
v 0.0715848655 0.0167223793 0.0311710984
v 0.0776688904 0.00399723882 0.0125175538
v 0.076368466 0.00666828034 0.0111728357
v 0.0729756728 0.0147788664 0.0128481667
v 0.0747463778 0.00961471908 0.0111723319
v 0.0749091133 0.0117633697 0.0126326969
v 0.0657307431 0.0183274187 0.00480997004
v 0.0668923333 0.0183105338 0.00252357125
v 0.0656586513 0.0183305852 0.00864553638
v 0.0673657656 0.0182528757 0.00799289253
v 0.0672564954 0.0182629153 0.0135847637
v 0.0691472813 0.00374492537 0.0107821431
v 0.0695225149 0.0152068231 0.0116503518
v 0.0691514984 0.0146892322 0.0110095758
v 0.0724501312 -0.0203945823 0.0284339041
v 0.0691514462 -0.0187255833 0.0207382999
v 0.0696776286 -0.0186810382 0.0275522023
v 0.0734408572 -0.0182563588 0.0279509667
v 0.0697361305 -0.0105835572 0.0190024655
v 0.069682166 -0.0106008453 0.0380011201
v 0.0696701854 0.010501815 0.0189789459
v 0.071586296 0.0110003948 0.0190016869
v 0.075208731 -0.019965509 0.0284000225
v 0.0737359896 -0.0187944118 0.0106043173
v 0.0761396959 -0.0181299374 0.0168790221
v 0.0786657557 -0.0105657605 0.0190762728
v 0.0808546469 -0.0100124143 0.0190130938
v 0.0791651085 -0.00897296146 0.0112204161
v 0.0795756578 -0.00952195842 0.0118445382
v 0.0790131539 -0.0082500549 0.0126495333
v 0.0790057704 0.00268208818 0.0125390254
v 0.0790600553 0.00234201108 0.0112174498
v 0.0827622041 -0.00903610606 0.0190170649
v 0.0845449045 -0.00743129058 0.019025879
v 0.0824232921 -0.00238971994 0.0111488095
v 0.0844293609 -0.00791169517 0.0126660718
v 0.0857539549 -0.00559530407 0.0190015901
v 0.0866851434 -0.00258772075 0.0191229954
v 0.078096956 -0.0190858096 0.0284769405
v 0.0801654384 -0.0161990076 0.0164739862
v 0.0835255608 -0.0147709195 0.0174800474
v 0.0822055489 -0.0110563841 0.018528929
v 0.0813181177 -0.015204953 0.0121199628
v 0.0812002048 -0.0134095205 0.0279476214
v 0.0838880986 -0.0125917662 0.0212103929
v 0.0831866786 -0.00942459144 0.00495309243
v 0.0838055909 -0.0110284435 0.014112453
v 0.0839135647 -0.00948276371 0.0121451737
v 0.0829616189 -0.00938719325 0.0111322766
v 0.0830189362 -0.00421830127 0.0107933236
v 0.0844510719 -0.00370258722 0.012570437
v 0.0774640664 -0.0199997723 0.0118325166
v 0.0788264647 -0.0173201337 0.0118825519
v 0.0794474259 -0.0191132538 0.0148126194
v 0.0835959017 -0.0155626787 0.00623417133
v 0.0809860155 -0.0181406736 0.0158029478
v 0.0823544934 -0.0167831406 0.0174501315
v 0.0822140723 -0.0134102199 0.010405832
v 0.0844047517 -0.0126274442 0.0109076556
v 0.0649416894 -0.0211526249 0.017022796
v 0.0720613971 -0.0210157055 0.0114855664
v 0.0697344169 -0.0192195624 0.00949120242
v 0.0691641346 -0.0187128037 0.00937655009
v 0.0691484511 -0.0107745919 0.0187314022
v 0.0453923009 0.0157365166 0.0171096902
v 0.0416718423 0.0179839861 0.0153863505
v 0.0433689989 0.019851977 0.0162439439
v 0.0479852408 0.0154585345 0.0115365088
v 0.0463746823 0.0157316085 0.0145890275
v 0.0472739115 0.0156131415 0.0133598782
v 0.0451691821 0.0153292231 0.0210554823
v 0.0481911786 0.0159893557 0.0113735097
v 0.0485037975 0.0191507544 0.0119058257
v 0.0452761203 0.0166504551 0.0139877973
v 0.0464209691 0.0194497053 0.0141653139
v 0.0445815176 0.0189645402 0.0181957185
v 0.0469322726 0.0185897332 0.0184895154
v 0.0494111404 0.0183248501 0.0211678855
v 0.0453047231 0.0183123536 0.022690298
v 0.0452308692 0.0201680716 0.0133942682
v 0.0483519882 0.0187813733 0.0150923561
v 0.0504274033 0.0184358284 0.0163319167
v 0.0528858751 0.0183073636 0.0155968005
v 0.0522736236 0.0183093846 0.0187950749
v 0.0527774543 0.0182298105 0.0229406431
v 0.0562869683 0.01821669 0.0148695381
v 0.0544883236 0.0182452518 0.0191143937
v 0.0599516481 0.0182491485 0.0135489432
v 0.0591519065 0.0183115453 0.0211395416
v 0.0589113347 0.0182541795 0.0175341181
v 0.0624227077 0.018306382 0.0127751818
v 0.0618688054 0.0182978734 0.016598884
v 0.0638308749 0.0182997603 0.0139248054
v 0.0640647858 0.018309461 0.0163704231
v 0.0616217814 0.0183000024 0.0191503055
v 0.0630464405 0.0183154773 0.0212992784
v 0.0642887503 0.0183025487 0.0194935575
v 0.0457539447 0.0181107875 0.00285084127
v 0.057830397 0.0182550251 0.00130056322
v 0.0439500399 0.0201499108 0.00261851167
v 0.0437573083 0.0176499486 0.00910680089
v 0.0455884524 0.0152799692 0.00621208968
v 0.0457145832 0.0157229789 0.0024941822
v 0.0460067168 0.0154009946 0.00604767259
v 0.0452430248 0.0154599212 0.00517693022
v 0.0472276807 0.0181676857 0.00433173589
v 0.0449703112 0.0180048849 0.00621023681
v 0.0452089198 0.0181572083 0.00999236293
v 0.0483781658 0.0163298901 0.00950755365
v 0.0437991247 0.0181325115 0.00987774134
v 0.0480795987 0.0201630071 0.00436283695
v 0.0467159301 0.0200495217 0.00882703159
v 0.0476422049 0.0202009324 0.00870333426
v 0.050235562 0.0154189924 0.00496657519
v 0.0495182686 0.0154235214 0.00789302494
v 0.049820479 0.0160601381 0.00682680542
v 0.0506504774 0.0158924088 0.00495894253
v 0.0489760078 0.0155108226 0.00995321665
v 0.0485827029 0.0172247272 0.00406780187
v 0.0510529503 0.0189885329 0.00457516965
v 0.0491417274 0.0162284728 0.00824321713
v 0.050194107 0.0190927647 0.00773784332
v 0.0539957471 0.0183638167 0.00465563452
v 0.0552476645 0.0182668548 0.00314154243
v 0.0515526198 0.0185431335 0.0109483022
v 0.0543223582 0.0183157269 0.00716630882
v 0.0578434095 0.0182356779 0.00673752138
v 0.053311266 0.0183294974 0.0132068917
v 0.0538914241 0.0183085166 0.0103824101
v 0.0559353083 0.0182124283 0.0108694443
v 0.0604945645 0.0183063839 0.00261776964
v 0.0612660348 0.0182877481 0.0103417328
v 0.0607841872 0.018305121 0.00519949757
v 0.0630551502 0.0183267631 0.00240290677
v 0.0631040558 0.0183240138 0.00494080363
v 0.0610851236 0.0182863418 0.0076210103
v 0.0633785427 0.0183134805 0.00811608415
v 0.0639244989 0.0183459111 0.0109810913
v 0.0674570724 -0.0207619257 0.0278160125
v 0.0455995835 -0.0191215463 0.00716000888
v 0.0456062518 -0.0181880705 0.0261286777
v 0.0436760448 -0.0189101212 0.0093269879
v 0.0447741449 -0.0190945901 0.00665927446
v 0.0455028713 -0.01896042 0.00621355884
v 0.0447679795 0.015401395 0.00665612379
v 0.0456088483 0.0153337959 0.015373908
v 0.0351362452 0.00327060744 0.0392512493
v 0.0356117897 0.00781804789 0.0387916863
v 0.034720812 0.00937529095 0.0360194519
v 0.0368316695 0.0124565531 0.0351941399
v 0.0350217074 0.0121795172 0.0372387096
v 0.0401874557 0.0110087749 0.0392821394
v 0.0366050676 0.014525353 0.0359591432
v 0.0371091627 0.0139303273 0.0333603807
v 0.040746633 0.00815669261 0.0400837213
v 0.0405176729 0.0108902948 0.0371991359
v 0.041656062 0.0132688703 0.0385567546
v 0.0502593443 0.01631728 0.0360778011
v 0.0454875603 0.00565779535 0.0392804444
v 0.0419944078 0.00544924941 0.0407097712
v 0.039587833 0.0080573149 0.0377266407
v 0.0453354418 0.013384345 0.0364716202
v 0.0369090028 0.0154247191 0.0259083603
v 0.0348186009 0.0184904039 0.0228527412
v 0.0329505801 0.0177010484 0.0259722043
v 0.0373905152 0.0173743665 0.0270399805
v 0.0355651304 0.0169777442 0.0301870275
v 0.0351880863 0.0165883098 0.0218466334
v 0.0388580151 0.0176154692 0.0237042755
v 0.0421630889 0.0157727655 0.0202183444
v 0.0443280935 0.0173047818 0.02522894
v 0.0467913672 0.0171078276 0.0314409807
v 0.0189534556 0.0132874977 0.029355254
v 0.0258347169 0.0157731492 0.0251173899
v 0.0232694987 0.014289178 0.0270094685
v 0.0219386984 0.016802188 0.0267570615
v 0.029592691 0.0124013266 0.032584995
v 0.0289029218 0.0127740232 0.0346189141
v 0.0291114897 0.0147562642 0.0329122245
v 0.0251805875 0.0172076728 0.0217216015
v 0.0291033015 0.0193931069 0.022620352
v 0.0300226994 0.0176933669 0.0210344363
v 0.0266920421 0.0163912252 0.0291516893
v 0.028981043 0.0182276331 0.0250760689
v 0.0321210399 0.0149955982 0.0292048045
v 0.0301648583 0.0138602545 0.031092545
v 0.0293475818 0.0158872828 0.0252802372
v 0.0341053717 0.0161469467 0.0234160498
v 0.0294912402 0.017342357 0.0276486333
v 0.0334131047 0.0162677858 0.032069359
v 0.0221652575 0.00352772977 0.0341140293
v 0.0275820345 0.0100016491 0.0329853818
v 0.0272610858 0.00688075228 0.0359222889
v 0.0321402699 0.00684999488 0.0357017741
v 0.0283566434 0.00281947642 0.0348242372
v 0.0295495074 0.00319095445 0.0373911969
v 0.0317004286 0.00882755965 0.0372864418
v 0.0245046895 0.0196283944 0.0186701193
v 0.0325390212 0.0174139515 0.0196730364
v 0.0354069024 0.0184431374 0.0141706364
v 0.0317229703 0.0184820294 0.0161950029
v 0.0297674462 0.019815566 0.0182399154
v 0.0317512453 0.0177943669 0.0207791422
v 0.0339164473 0.0187321547 0.0153415846
v 0.0344101675 0.0199668389 0.0164583977
v 0.0344019905 0.0178263411 0.0201729462
v 0.0355048254 0.0198725089 0.0201616939
v 0.0361693688 0.017829746 0.0177857187
v 0.0379793458 0.0186434295 0.0123708146
v 0.0387223437 0.0200759377 0.0131413871
v 0.038171757 0.0180350989 0.0179182943
v 0.0391796865 0.0185656212 0.0203959662
v 0.0423618257 0.0177860912 0.0115908608
v 0.0420454443 0.0189747326 0.0174320042
v 0.0425495245 0.017844772 0.0199084766
v 0.040492557 0.0167944077 0.0185834486
v 0.0433091372 0.0184794459 0.0199042168
v 0.0403895602 0.0200503636 0.0168039463
v 0.0426644646 0.0198944584 0.0150678754
v 0.0391214006 0.0192048103 0.0114148175
v 0.0428790487 0.0184162911 0.00180678326
v 0.0421227552 0.0184040759 0.00523329386
v 0.0420828089 0.0192067791 0.00640192395
v 0.0405407846 0.0184982717 0.00890938286
v 0.0422334559 0.0201496072 0.008448801
v 0.0371955112 -0.0195359942 0.0280379858
v 0.0452377237 -0.0187661722 0.0253438465
v 0.0358501263 -0.0173351504 0.0279104095
v 0.0341714881 -0.017104622 0.0332617611
v 0.0453023873 -0.0165366717 0.0319827124
v 0.047370851 -0.0196052957 0.0298094973
v 0.0453450456 -0.0177644938 0.028633412
v 0.0355053283 -0.00342883868 0.0376214311
v 0.0369587727 -0.00124637049 0.0400248282
v 0.0374420956 0.00323198829 0.0378216282
v 0.0409618355 0.00147756818 0.0387357846
v 0.0412497148 -0.00369115686 0.0389227122
v 0.041333586 -0.00128700095 0.0409502834
v 0.0375370868 -0.0144016454 0.0386200026
v 0.0379302278 -0.0126899369 0.0374698527
v 0.0348871835 -0.00788843445 0.0393934734
v 0.0390737951 -0.0152723547 0.033647269
v 0.0375139378 -0.0154975429 0.0373031609
v 0.0381689109 -0.0126898456 0.03964331
v 0.0429890193 -0.0132280122 0.0404851325
v 0.0353792459 -0.00849228445 0.0374038257
v 0.0401629508 -0.00818180759 0.0406022593
v 0.0408225544 -0.0086126402 0.0386455394
v 0.0452828668 -0.0144668538 0.0363962464
v 0.0451161228 -0.0121972514 0.0389490984
v 0.0224389452 -0.0016547211 0.0345453918
v 0.0259995554 -0.00766689284 0.0361423045
v 0.0275099017 -0.0070879776 0.0346645936
v 0.0253655426 0.0170037225 0.0212276168
v 0.0269434154 -0.00150380761 0.0367042385
v 0.0248415936 -0.0011336559 0.0335211195
v 0.0305884797 -0.00446885685 0.036048755
v 0.0298308022 -0.00739959301 0.0377670191
v 0.031715259 -0.00151390966 0.0385402218
v 0.0328458883 0.00157375867 0.0366076715
v 0.024409188 -0.0119008366 0.0323444605
v 0.0293674413 -0.0137059512 0.0336002521
v 0.0281350035 -0.0121946391 0.0365081355
v 0.0285880007 -0.0121513586 0.0344454087
v 0.0287543647 -0.0156565122 0.0341459364
v 0.0308662802 -0.0141946441 0.0367371887
v 0.0309422817 -0.0113098351 0.0356272534
v 0.037409585 -0.0138047254 0.0362010896
v 0.0345838815 -0.0125318728 0.0365784131
v 0.0329062082 -0.0126226395 0.0382412449
v 0.0244609769 -0.0174840093 0.0212238412
v 0.0245771315 -0.0178981107 0.0218293127
v 0.027340332 -0.0178410821 0.0210491642
v 0.023710819 -0.0166572724 0.0249314737
v 0.0318256468 -0.0157955568 0.0305736233
v 0.028216444 -0.0173376668 0.0305956192
v 0.0271803904 -0.0153309489 0.0295999628
v 0.0290728882 0.0172693804 0.0207560845
v 0.0280451905 -0.019447716 0.0254004318
v 0.0288587138 -0.0186102707 0.0208117235
v 0.0306930672 -0.017645305 0.0254194085
v 0.0300654229 -0.0187615696 0.0211715531
v 0.0362665914 -0.0184194706 0.0308490917
v 0.0308963489 -0.0207518414 0.0220305193
v 0.0383316688 0.0178669225 0.0162001178
v 0.0406399183 0.0178781766 0.0138778435
v 0.0320708416 -0.0185614135 0.0198642537
v 0.0348881818 -0.0187703818 0.0185621232
v 0.036009293 -0.0186887868 0.0178741794
v 0.0345823318 0.017696023 0.0187143423
v 0.0614588298 -0.0213457253 0.0080636926
v 0.0390659422 -0.0189285595 0.0165343843
v 0.0378243625 -0.0187079161 0.0166021325
v 0.0400224477 -0.0187793951 0.0145541998
v 0.0412268043 -0.0190141443 0.0131595926
v 0.0423533507 -0.018995082 0.0116108712
v 0.0167536531 0.0107993782 0.0296986569
v 0.0138208875 0.0168575384 0.0189622138
v 0.017750062 0.0188334212 0.0218649656
v 0.0168386251 0.011695113 0.0267705508
v 0.0189154111 0.0145687237 0.0250967816
v 0.0191795323 0.0157946609 0.0272680484
v 0.0210787188 0.0132594723 0.0272486843
v 0.0193428863 0.0193745289 0.0177352075
v 0.0227695201 0.0181743093 0.0246387962
v 0.0177200604 0.0168248117 0.0205709301
v 0.021674253 0.0113488762 0.0291942954
v 0.0265096854 0.0104573807 0.0346404202
v 0.0227195248 0.0147795472 0.029777471
v 0.0254370831 0.0194659848 0.0222065151
v 0.0141373295 0.00129647891 0.030087661
v 0.0216317438 0.0167190786 0.0210269894
v 0.0132485516 0.00526226265 0.0292960964
v 0.0138164433 0.003538216 0.0275390353
v 0.0147144133 0.00694657443 0.0274968967
v 0.016691152 0.00997311808 0.0275029447
v 0.0219258629 0.00854445249 0.0330308117
v 0.0232734662 0.00681021297 0.0319012292
v 0.022267919 0.00369057688 0.0318841971
v 1.39419453e-05 0.0127814393 0.0197828207
v 0.00306716072 0.0135606937 0.0229298733
v 0.00317194569 0.0128349466 0.0205369722
v 0.00326815806 0.0148221506 0.0182646606
v 0.0030879383 0.016095357 0.0202352684
v 0.00895954482 0.011210422 0.0238684993
v 0.0132746371 0.0137069402 0.0241087805
v 0.0132051306 0.0146769192 0.0232015122
v 0.00699253427 0.01722431 0.020907294
v 0.00713117281 0.0162905436 0.0224310141
v 0.0143472143 0.0122618638 0.0280595012
v 0.0136098983 0.0158133265 0.0219003707
v 0.00822357927 0.0142895002 0.0247080643
v 0.0120173655 0.0163121987 0.0245588385
v 0.0118790343 0.0175375771 0.0229249783
v 3.70754492e-07 0.00537791103 0.0232351441
v 1.25099577e-05 0.0100371772 0.0217057616
v 0.00199148408 0.0071180379 0.020852698
v 0.00314994692 0.00270056841 0.0238821153
v 0.00314760022 0.00660355249 0.0233531743
v 0.00305406959 0.00689519523 0.0254421029
v 0.00200481154 0.0130755603 0.0165312923
v 0.00310875382 0.0106620118 0.0244300943
v 0.00318367151 0.0101680821 0.0222834442
v 0.00886972621 0.00245654583 0.0276688766
v 0.00906397309 0.00638302835 0.0253095515
v 0.00742924912 0.00762742804 0.0267438944
v 0.0131359911 0.00862427708 0.0287241004
v 0.00819513202 0.00929256529 0.0243132282
v 0.0128933201 0.0193608999 0.0140673462
v 0.0122123538 0.0166583117 0.0172482934
v 0.0146113522 0.0184012763 0.0139443735
v 0.0162942577 0.0193227977 0.016386535
v 0.0211312789 0.0185022559 0.0171531662
v 0.00350216008 0.0163963474 0.00243231631
v 0.00597977126 0.0169270579 0.0102090342
v 1.57772101e-05 0.0161179379 0.0140093379
v 2.13521907e-05 0.0150154913 0.0167979058
v 0.00318061374 0.0157049559 0.016073063
v 0.00325634191 0.018532455 0.0135348057
v 0.00810966361 0.0191576909 0.0129168741
v 0.00302415993 0.017713679 0.0164762959
v 0.00690062949 0.016980717 0.0132790655
v 0.00733784819 0.0163473003 0.0171804633
v 0.00764988223 0.0180981047 0.0188657548
v 0.0105480859 0.0169645958 0.0159305148
v 7.26005874e-06 0.0170259085 0.00934275705
v 0.00269890181 0.0166062564 0.00242241542
v 0.00200474774 0.0151472464 0.00857783947
v 0.00319748581 0.0170136653 0.00248472276
v 0.00303966762 0.0190858413 0.00768026803
v 0.00313295051 0.0166504793 0.0115903309
v 0.00336840423 0.0171652567 0.00604588678
v 0.00505064987 0.0171244051 0.00827917829
v 0.00896136649 0.0194586013 0.00881142728
v 0.010064722 0.0184063762 0.00835579634
v 0.0156237781 -0.00676580658 0.0281379241
v 0.0107755726 -0.000427516614 0.0263668206
v 0.0153906513 0.016587127 0.0191408172
v 0.0176435579 0.0163221005 0.0200451706
v 0.015318959 -0.00270131533 0.0284438189
v 0.0152498698 -0.00320308609 0.0306423642
v 0.0194707811 0.0169232637 0.0205940139
v 0.0162097011 -0.0068329256 0.0307548419
v 0.022562407 -0.00757615594 0.0343578495
v 0.023131948 -0.00550176948 0.0325676613
v 0.0237766355 -0.0087488303 0.0325710066
v 0.0137049276 -0.0120351948 0.0278645698
v 0.0180588234 -0.0178793371 0.0236825906
v 0.0150379185 -0.0162723344 0.0196776036
v 0.0135678845 -0.0160296392 0.0181286819
v 0.0149950245 -0.0158274788 0.018916443
v 0.0148174344 -0.014104709 0.02394237
v 0.013715961 -0.0144926924 0.0261719767
v 0.0165023133 -0.0164444391 0.0196144059
v 0.0180945378 -0.0163513273 0.0201983973
v 0.0188178513 -0.0169100706 0.0210070461
v 0.0215803236 -0.0159511156 0.0296683777
v 0.0166254733 -0.0111614671 0.0276179947
v 0.0233341195 -0.0143176112 0.0294106733
v 0.0233373139 -0.0134253409 0.030639898
v 0.0227280725 -0.0134155769 0.0330827013
v 0.0232914425 -0.0119128469 0.0340643078
v 0.0235565864 -0.0181027912 0.0266671497
v 0.02080293 -0.0172803719 0.0208861679
v 0.0212443601 -0.0156472865 0.0256436784
v 0.0238349754 -0.0148713179 0.0325968154
v 7.03643964e-05 -0.0030760481 0.0237810034
v 0.00318803848 -0.0051691765 0.0236402042
v 0.00297618425 -0.00631796708 0.0254029874
v 0.00205897517 -0.00228128978 0.0218631588
v 0.00297628762 0.000320449821 0.0260162
v 0.00767892506 -0.00727947336 0.0265477449
v 0.00589208584 -0.00476162229 0.024356097
v 0.00603357563 -0.0025969455 0.0267366637
v 0.0103944335 -0.00441557495 0.0259809457
v 0.00641831849 -3.41782834e-05 0.02485824
v 0.0104479976 -0.00324752578 0.028310895
v 1.34240936e-05 -0.0119448127 0.0201592874
v 0.00306371623 -0.0152910817 0.0189416874
v 0.00317208865 -0.0114998249 0.0206162781
v 0.00298391399 -0.0139036458 0.0209927447
v 0.00199606176 -0.00853487477 0.0205059368
v 4.46501599e-06 -0.00818675477 0.0227389466
v 0.00312061491 -0.0099967625 0.02420705
v 0.00318252714 -0.00966368522 0.0221183654
v 0.00636277022 -0.00981571432 0.0252871476
v 0.00886551104 -0.0164417382 0.0200338699
v 0.00920154806 -0.0140664475 0.0203354545
v 0.00290780608 -0.0122744842 0.0225556232
v 0.00977217965 -0.0133836968 0.0247187074
v 0.00999800861 -0.0151722096 0.0230124779
v 0.00930794142 -0.0115992641 0.0256835781
v 0.00644953037 -0.00960993208 0.0231436118
v 0.00738500198 -0.0173593909 0.0166900065
v 0.0112871341 -0.0127954306 0.0232324749
v 0.00864297803 -0.00826926529 0.0243986696
v 0.0112826182 -0.0108472928 0.0246278439
v 0.0139184473 -0.00930266734 0.0289106667
v 0.0121242311 -0.0158323999 0.0171752591
v 0.0188373365 -0.0207587499 0.00645892043
v 0.020217685 -0.0197076332 0.0200358331
v 0.0227390956 -0.0207624156 0.0166515894
v 0.00403463654 0.016937267 0.00527156889
v 0.00744536147 0.0167658646 0.0125042815
v 0.00465589762 0.0168097317 0.00722761964
v 0.00898877066 0.0168564301 0.0143911252
v 1.4708723e-05 -0.0144188944 0.0159074105
v 0.00302777556 -0.0180488881 0.0102144815
v 0.00301906746 -0.0168391392 0.0152133331
v 0.00201020087 -0.0127449632 0.0150634609
v 0.00314124697 -0.0148224905 0.014763277
v 0.00318028103 -0.0136114629 0.0177776963
v 0.00620756485 -0.0164076556 0.0106067276
v 0.0087437667 -0.0184662361 0.0137357777
v 0.00717235776 -0.0158179794 0.0121154087
v 0.00760099757 -0.0160856172 0.0138062043
v 0.00860912725 -0.0158703625 0.013962701
v 0.00995182805 -0.0159738436 0.0153695438
v 0.0103935804 -0.0159589425 0.0167599991
v 3.54371906e-07 -0.0167059023 0.00579859177
v 1.90078899e-05 -0.0158333536 0.0114403786
v 0.00292933849 -0.0160002913 0.000554794795
v 0.00305707683 -0.0188538153 0.00382444076
v 0.00268052076 -0.01610424 0.00172993587
v 0.0031258252 -0.0165753271 0.00591361197
v 0.0034457359 -0.0164064225 0.00171743007
v 0.00348226726 -0.0167924426 0.00549762556
v 0.00293520861 -0.0185864754 0.00632224139
v 0.00318991719 -0.0159213673 0.010797062
v 0.00385920634 -0.0163672194 0.00451259408
v 0.00200014631 -0.0145937456 0.00682303496
v 0.00471843407 -0.0162917804 0.007522678
v 0.0203936175 -0.0207630247 0.0120841013
v 0.0671779513 0.018311616 -0.00791981909
v 0.0668413192 0.0183065683 -0.00253373804
v 0.0691480935 0.0146349575 -0.0116571104
v 0.0714716017 0.0148627926 0.00236418145
v 0.0717405975 0.0166957863 0.0136827892
v 0.0683642775 0.0179799777 0.0294706505
v 0.0692874491 0.0078720944 -0.0112242037
v 0.0789835304 0.00270646322 -0.0125325769
v 0.0835350081 -0.00175590033 -0.0126601141
v 0.0764467195 0.00689522829 -0.0111487554
v 0.0778095946 0.00490067061 -0.0108326701
v 0.0776783377 0.00741983997 -0.0125039956
v 0.0804357529 0.0031071268 -0.0124837114
v 0.0716267079 0.0110057043 -0.0190012883
v 0.0643186644 0.0183011238 -0.0194983594
v 0.0672420561 0.018251529 -0.0171418916
v 0.0672149956 0.0182734653 -0.0106476527
v 0.0692375526 0.00401925435 -0.0144096315
v 0.0711196885 0.00405790005 -0.0136032766
v 0.0725905821 0.00409551524 -0.0127226096
v 0.0691500232 0.00375267095 -0.0108269211
v 0.0695335194 0.00409977604 -0.0112236394
v 0.0691708177 0.0128466748 -0.018750269
v 0.0697211474 0.011612189 -0.0190436319
v 0.0691666454 0.00540591916 -0.0156432372
v 0.070618242 0.00522126071 -0.0153964041
v 0.0711261109 0.0104467338 -0.0155844921
v 0.069176659 0.0099865282 -0.015546808
v 0.0693306923 0.0111354478 -0.0159272719
v 0.0712766126 0.0116643049 -0.0184771437
v 0.0724785477 0.0151946247 -0.013121685
v 0.0717541799 0.0166390054 -0.0145194549
v 0.0699734092 0.0125074992 -0.0112232594
v 0.0692734122 0.0136490921 -0.0127643943
v 0.0694874451 0.0152061423 -0.0114600658
v 0.0711331517 0.0152220512 -0.0111728245
v 0.0715837032 0.0167713333 -0.0145161105
v 0.0681854486 0.0180724338 0.0113290111
v 0.0689209104 0.0172546469 0.0290300231
v 0.0776369348 0.00399449188 -0.0125102559
v 0.0776158869 0.00410465384 -0.011285603
v 0.0743448064 0.0126436129 -0.0125852991
v 0.0762796998 0.00881840568 -0.012688891
v 0.0792429671 0.00418862188 -0.0126861706
v 0.0750457793 0.00910983607 -0.0111141289
v 0.0736536458 0.0107859625 -0.01118798
v 0.0730668157 0.0123535711 -0.0109123131
v 0.0826800466 -0.0110407164 -0.00506686745
v 0.083164528 -0.00937471446 -0.00546585489
v 0.0842229724 -0.00939431228 0.000532269769
v 0.0829803348 -0.00436128257 -0.0108458325
v 0.0831810832 -0.00457387418 -0.00338343414
v 0.0826882645 -0.00247907615 -0.00443039602
v 0.0824890807 -0.00212400802 0.00236111879
v 0.0847116634 -0.00790855847 0.000119042466
v 0.0846884921 -0.00391188031 -0.00264845719
v 0.084352836 -0.00267602131 0.00336728874
v 0.0770908073 -0.0203042123 -0.00192184153
v 0.07650695 -0.0184117798 0.000629252987
v 0.0804199353 -0.016502697 0.00242712069
v 0.0820665658 -0.0177466869 0.00079603761
v 0.0839942545 -0.014919661 -0.0018950029
v 0.081333369 -0.0155183803 -0.0034326762
v 0.0825009793 -0.0128274793 0.00279590394
v 0.0827252939 -0.0110373329 0.00374312513
v 0.0843124539 -0.0113593182 0.000406964129
v 0.0674060285 -0.0213964768 0.00195386354
v 0.0709538683 -0.0212533511 -0.00183608371
v 0.0692685097 -0.0192946419 -0.00346678938
v 0.0734865889 -0.0190147329 -0.00123722735
v 0.0737831518 -0.0208641849 -0.00797218923
v 0.0750028193 -0.0207537357 0.00496910466
v 0.0708779916 -0.0209809542 -0.0158122964
v 0.0707939118 0.0114354035 -0.0190056115
v 0.0767016485 -0.0201095287 -0.0154249249
v 0.0762988031 -0.0180704612 -0.0173732825
v 0.0790213495 -0.0082860738 -0.0126514556
v 0.0796312466 -0.00950135849 -0.0119399829
v 0.0791553184 -0.00896370504 -0.0112161897
v 0.0791416615 0.00277492078 -0.0112180347
v 0.0839330032 -0.00945953373 -0.0121478336
v 0.0844306573 -0.0079108933 -0.0126642045
v 0.0829583406 -0.00940985233 -0.0111396527
v 0.0844035819 -0.0038363263 -0.0126801273
v 0.0810054615 -0.000185176614 -0.0111682694
v 0.0824618265 -0.00244505098 -0.0110631268
v 0.0843579322 -0.00272247312 -0.00438159052
v 0.0784675702 -0.0176610388 -0.00514744362
v 0.0797595456 -0.0193213597 -0.000547038508
v 0.0825099945 -0.0169993564 -0.0104647875
v 0.0811957642 -0.0150416316 -0.016179841
v 0.0819196329 -0.0132735847 -0.0175841823
v 0.0823748335 -0.0126731414 -0.0100688078
v 0.0821068585 -0.014126176 -0.00292614987
v 0.0838663206 -0.0110290758 -0.0130060436
v 0.084468253 -0.0125774778 -0.00951260142
v 0.0428423434 0.0180395469 -0.0108417114
v 0.0440035239 0.0201750174 -0.00274271984
v 0.0493274406 0.0154585596 -0.00997282006
v 0.0496693216 0.0154448738 -0.00854351372
v 0.048849903 0.0156901628 -0.0109991068
v 0.0453113168 0.0154590597 -0.00466195075
v 0.0501881652 0.0154146142 -0.00495287823
v 0.0458117984 0.0154289277 -0.00227194955
v 0.05076354 0.0154121397 0.00135856553
v 0.0440538414 0.0177693069 -0.00845038984
v 0.0448100641 0.0180974621 -0.00686766766
v 0.0465250127 0.0181560554 -0.00697920425
v 0.0457388051 0.0181355607 -0.00317867193
v 0.0475557335 0.0181426369 -0.00107049162
v 0.050150387 0.0154953022 -0.0070390976
v 0.0509048924 0.0155411772 -0.00130729063
v 0.0485457554 0.0165825188 -0.00796870887
v 0.0493935756 0.0194474645 -0.0077521638
v 0.0506888218 0.0189603586 -0.00735820085
v 0.050402984 0.0160266813 -0.00493415771
v 0.050752949 0.0161268935 0.00120658416
v 0.0496077128 0.0200456437 -7.88709713e-06
v 0.0505332351 0.0162789747 -0.00121416198
v 0.0506991483 0.0193150155 -0.000101164595
v 0.0521467254 0.018729873 0.000184357414
v 0.0487480015 0.0202077907 -0.00446417835
v 0.0488153696 0.0202028919 0.00440682424
v 0.0533552654 0.0183789115 -0.00670020748
v 0.054026708 0.0183204766 -0.00852274243
v 0.0560758971 0.0182215441 -0.00826626271
v 0.0510707609 0.0189806279 -0.00462659681
v 0.0546636432 0.0182948001 -0.00371504086
v 0.0538583025 0.0183785278 0.000262592686
v 0.0557182506 0.0182421152 -0.00128993345
v 0.0597384535 0.0182529092 -0.00981875695
v 0.0592882372 0.0182926226 -0.00340602105
v 0.0603577644 0.0183088202 -0.000230156787
v 0.0619236417 0.0183096435 -0.01067637
v 0.0606943704 0.0182852726 -0.0076002623
v 0.0631802827 0.0183049981 -0.0081642326
v 0.0617037825 0.0183142181 -0.00507619418
v 0.0638659969 0.0183266103 -0.00493997289
v 0.06173997 0.0183301885 -0.00245991908
v 0.0624583289 0.0183593612 -2.82540568e-05
v 0.063979134 0.0183116663 9.08190777e-05
v 0.0639487207 0.0183543265 -0.00252470723
v 0.0656006262 0.0183156263 -0.00555280177
v 0.0441170447 0.0189111345 -0.0185058024
v 0.0457059368 0.0171576086 -0.0120154703
v 0.0467894711 0.0200513341 -0.00869495422
v 0.0471923277 0.0201935172 -0.00550475297
v 0.0455565862 0.0155365393 -0.0180496741
v 0.0454843789 0.0160429683 -0.0157383215
v 0.0464622565 0.0158614349 -0.0144997966
v 0.0475034639 0.0156348161 -0.0132740485
v 0.04836303 0.0155859999 -0.0121772215
v 0.0455682389 0.0153642902 -0.00621430995
v 0.0487537272 0.0184328053 -0.018726483
v 0.0455930978 0.0193778183 -0.0154783074
v 0.0464126915 0.0187782943 -0.0175272096
v 0.047893934 0.0188955031 -0.0147123784
v 0.0486302674 0.0191613063 -0.011634605
v 0.0460101105 0.0201983973 -0.011995622
v 0.0476906821 0.0202046838 -0.00860896241
v 0.0496226773 0.0183273889 -0.0216594264
v 0.0523663014 0.0183296856 -0.0155682806
v 0.0513485298 0.0183345117 -0.0182638112
v 0.0511785485 0.0185433533 -0.011970209
v 0.0562715344 0.0182571597 -0.0202546231
v 0.0534373373 0.0182704628 -0.0185286719
v 0.0543122254 0.0182261709 -0.0142226443
v 0.0539706498 0.0183034092 -0.0112078311
v 0.0569637008 0.0182097498 -0.0123392269
v 0.0590014756 0.0182561912 -0.0174825657
v 0.0602351055 0.0182465203 -0.0148468874
v 0.0616029017 0.0183058623 -0.0191064384
v 0.0618240349 0.0182968564 -0.0166061595
v 0.0638388097 0.018299723 -0.0139759695
v 0.0620229766 0.0182889123 -0.0132209808
v 0.0638348758 0.0183136631 -0.0112690199
v 0.0640330091 0.0183071978 -0.0163713526
v 0.0656523034 0.0183309689 -0.011528777
v 0.0667614937 -0.0212803725 -0.0109369569
v 0.0437557697 -0.0187688787 -0.00910095684
v 0.0589395501 -0.0211732052 -0.0153829558
v 0.0443621017 -0.0191352628 -0.00932904426
v 0.044749774 -0.0189066976 -0.0066809142
v 0.0447528698 0.0156613626 -0.0066863182
v 0.0630589277 -0.0214165393 -0.0032461579
v 0.0671620443 0.0182263125 -0.0299769156
v 0.0683631748 0.0179696195 -0.030000817
v 0.0866874009 0.00844837539 -0.0190294236
v 0.0841920301 0.0109960819 -0.0190191511
v 0.0841781944 0.0109946979 -0.0379563384
v 0.0866870731 0.00848275702 -0.0379839242
v 0.0696168914 0.0114444122 -0.0412482135
v 0.0697462559 0.0118501792 -0.0432251804
v 0.0695689172 0.010465459 -0.0414398462
v 0.0687517449 0.01284872 -0.0384452604
v 0.0698314011 0.0152114332 -0.0411819741
v 0.0704010278 0.0164362453 -0.0387515202
v 0.0687213391 0.0142041817 -0.0383904725
v 0.0681904703 0.0179362409 -0.0348974764
v 0.0694104731 0.00763250375 -0.0438243821
v 0.0703302845 0.00193113473 -0.0420054719
v 0.0707863197 0.00690573081 -0.0419557393
v 0.071027942 0.00977260713 -0.0432040393
v 0.0710742325 0.0100101447 -0.0416774079
v 0.0697840378 0.0129550062 -0.0405394882
v 0.07111191 0.0113593061 -0.0405203104
v 0.0712872744 0.0117260199 -0.0421976931
v 0.0692707002 0.0117681902 -0.0380254947
v 0.0697791129 0.0115302242 -0.0383800827
v 0.0715992898 0.0110018216 -0.0379984751
v 0.0712726638 0.0115475487 -0.0379268564
v 0.0699959472 0.0140123861 -0.042251911
v 0.0713952631 0.0135758799 -0.0420567878
v 0.0714023709 0.0151807275 -0.0404963717
v 0.0716793016 0.0160170663 -0.0382316895
v 0.0697924048 0.013880346 -0.0394557156
v 0.0697024018 0.0130293714 -0.0384408198
v 0.0693361759 0.0135910092 -0.0374689102
v 0.0688484609 0.0172195025 -0.0344254263
v 0.0715622604 0.0167186186 -0.0331715122
v 0.070292443 0.0171907712 -0.0318539962
v 0.0803713351 -0.0177868828 -0.028583426
v 0.0781692266 -0.0190130956 -0.0285420474
v 0.0791568235 -0.0191280823 -0.0180924628
v 0.0807657093 -0.0182475727 -0.016874101
v 0.0788910314 -0.0171257202 -0.0155700631
v 0.0803371742 -0.0162497815 -0.0134479757
v 0.0794252008 -0.0105696479 -0.031725049
v 0.0790676922 -0.0162815135 -0.0280332863
v 0.0806794539 -0.0145301707 -0.0280938763
v 0.0799376667 -0.0103425086 -0.0305962302
v 0.0787003562 -0.0105688125 -0.0190070905
v 0.0818098858 -0.0162664037 -0.0287740473
v 0.0822653025 -0.0165151302 -0.0217120964
v 0.0804758891 -0.012519924 -0.0328587182
v 0.0830116123 -0.013949885 -0.02871738
v 0.0832793862 -0.0126030119 -0.0288512036
v 0.0815571696 -0.0110721113 -0.0280143935
v 0.0834979638 -0.0148115586 -0.0177995414
v 0.0838618428 -0.0126518905 -0.0213219821
v 0.0803179964 -0.0111103943 -0.0326586924
v 0.0798006132 -0.0106208678 -0.0319924839
v 0.0802752897 -0.0108723203 -0.0303455479
v 0.0827459991 -0.0110070417 -0.0288425758
v 0.0837317184 -0.00828575809 -0.0190337691
v 0.0816014409 -0.00973507948 -0.0190265514
v 0.0834811553 -0.0110691935 -0.0215503443
v 0.0822651386 -0.0110473987 -0.0183551107
v 0.0694689453 -0.0206478257 -0.0280690547
v 0.0691692382 -0.0167754274 -0.0316755772
v 0.0693611056 -0.0173526481 -0.0310851038
v 0.0744022951 -0.0201265924 -0.0284674931
v 0.0691493601 -0.0181570929 -0.0287484657
v 0.0691829771 -0.0187196843 -0.0211131833
v 0.0698018074 -0.0186389554 -0.0277754273
v 0.0696706101 -0.0191519428 -0.0121969935
v 0.0691480041 -0.0108290073 -0.0187256578
v 0.0742259473 -0.0181236155 -0.0280839112
v 0.0770027414 -0.0173959695 -0.027986452
v 0.0736873373 -0.0187913105 -0.0110452604
v 0.0751560479 -0.0106566343 -0.0363419838
v 0.0779154673 -0.0154047115 -0.0339219086
v 0.0786914006 -0.0126582542 -0.0351479761
v 0.0779351816 -0.0119853187 -0.0330769569
v 0.0765760615 -0.0107443323 -0.0373966098
v 0.0779168829 -0.0106775416 -0.0379699245
v 0.0775981471 -0.0106612062 -0.0363793522
v 0.0833808333 -0.00856553018 -0.0379929356
v 0.0765917003 -0.0107485512 -0.0351575017
v 0.0773396417 -0.0108174356 -0.0341668092
v 0.0788279772 -0.0105880592 -0.0345457271
v 0.0794510171 -0.0106439181 -0.0332167856
v 0.0816768557 -0.00966228265 -0.0379746892
v 0.0845367163 -0.00744360639 -0.0379735529
v 0.0805751234 -0.0101268245 -0.0327119268
v 0.0857367888 -0.00562700722 -0.0379977152
v 0.0853607208 -0.006289382 -0.0190152079
v 0.0861303061 -0.00472491141 -0.0190219097
v 0.0866824687 -0.00264632609 -0.037878599
v 0.0866627395 -0.00241152709 -0.0191030558
v 0.0694019198 -0.00843301974 -0.0431333371
v 0.0694306344 -0.00892169215 -0.0416445844
v 0.0700434372 -0.000623169995 -0.0434539951
v 0.0698151067 -0.00363989361 -0.0419508852
v 0.0689412579 0.0113207363 -0.0384729281
v 0.0686240271 -0.000455906091 -0.043887224
v 0.0688489974 -0.0187694784 -0.0332370289
v 0.0675806701 -0.0142877297 -0.0416209213
v 0.0681387037 -0.0127410945 -0.0428646021
v 0.0652062744 -0.0137369242 -0.0384889618
v 0.0690181628 -0.0130500579 -0.0384710468
v 0.0732498169 -0.0180702712 -0.0333562866
v 0.0693928823 -0.0114053953 -0.0433465354
v 0.0704360977 -0.0118541988 -0.0401691049
v 0.0716840774 -0.0151430862 -0.0388036221
v 0.0709952638 -0.0126087125 -0.0423044041
v 0.0688862577 -0.0134088546 -0.0387897566
v 0.0691716969 -0.014212328 -0.0366739221
v 0.0692037493 -0.0106829507 -0.0380116105
v 0.069534719 -0.0143059595 -0.0370982811
v 0.0691669434 -0.0159597248 -0.0341523997
v 0.0736867487 -0.0153703876 -0.0335884802
v 0.0710088536 -0.0106848665 -0.0409999602
v 0.0735607743 -0.010591819 -0.0379632488
v 0.0697112083 -0.010594436 -0.0190012809
v 0.075753063 -0.0169973522 -0.0336717553
v 0.0712628588 -0.0108877923 -0.0426964797
v 0.0752798542 -0.0125562372 -0.0388057828
v 0.0749080405 -0.0147985993 -0.0371344313
v 0.0755479857 -0.0141978236 -0.0338946655
v 0.0750975683 -0.0113800019 -0.0366015807
v 0.0743967667 -0.0111032082 -0.0398182049
v 0.0739962608 -0.0109923473 -0.0380693488
v 0.0755802169 -0.0107427547 -0.0379788913
v 0.0780648589 -0.0105996858 -0.0328885019
v 0.0441533811 0.0173006114 -0.0248292182
v 0.0453872867 0.0152183054 -0.0296996497
v 0.0466209725 0.0171492249 -0.0311210472
v 0.0454624631 0.0173055548 -0.0282226987
v 0.0470187739 0.0180487465 -0.0304499399
v 0.04684503 0.0183410067 -0.026914712
v 0.0451028794 0.0180643294 -0.0253777578
v 0.045311071 0.0183986388 -0.0218361281
v 0.0477251224 0.0183361005 -0.023200253
v 0.051473394 0.0181404538 -0.0282632485
v 0.0528662167 0.0180254355 -0.0309887771
v 0.0469154604 0.0183576141 -0.0248510558
v 0.0531270355 0.0181912705 -0.0255275946
v 0.0546489805 0.0181793552 -0.028242629
v 0.0533722825 0.0182445571 -0.0214867983
v 0.0574776381 0.0182760991 -0.0230724923
v 0.0582289845 0.0181630217 -0.0310285278
v 0.0590369329 0.0182924494 -0.0269405358
v 0.0619580224 0.0181676447 -0.0310059246
v 0.0616323091 0.0182834957 -0.0267876983
v 0.0632559359 0.018229112 -0.028294431
v 0.060426563 0.0183186606 -0.0244877301
v 0.0632483587 0.0183030516 -0.0238339677
v 0.0602899417 0.0183068644 -0.0215816405
v 0.062887162 0.0183064248 -0.0214650575
v 0.0670612678 0.0182657242 -0.0250933617
v 0.055405993 0.0131247686 -0.0384793282
v 0.0554682091 0.0118098753 -0.0397738814
v 0.0582308173 0.0178503841 -0.035091456
v 0.0560380295 0.0178865809 -0.0339582078
v 0.0609566495 0.0104084918 -0.0428553857
v 0.0624499023 0.0127249397 -0.0423599407
v 0.0585658476 0.0127574522 -0.0396498106
v 0.0614939742 0.0159925576 -0.0389107428
v 0.0582497194 0.0136110131 -0.0385481082
v 0.0584123209 0.0173972007 -0.0365990102
v 0.0607870184 0.0179236364 -0.0349412076
v 0.0617320165 0.014097915 -0.0415095687
v 0.0623278841 0.0137847364 -0.0383705087
v 0.0628145859 0.013935688 -0.0387285911
v 0.0649036318 0.0178745203 -0.0356725343
v 0.0670954138 0.0167131145 -0.0373159535
v 0.0634012669 0.0180405173 -0.0334639288
v 0.0666457489 0.0174927935 -0.0369628035
v 0.0542501472 0.00460231444 -0.0406260528
v 0.0612144992 0.00657301908 -0.0432794653
v 0.0618449189 0.00546396337 -0.0413599908
v 0.0451360643 0.012026622 -0.0378348827
v 0.045262035 0.0146633368 -0.0335718878
v 0.0456073917 0.0140292561 -0.033820834
v 0.0452916399 0.0134033374 -0.0364477672
v 0.0508461073 0.0136453817 -0.0403127372
v 0.0408636257 0.0132253906 -0.0383803919
v 0.0434093848 0.0159201976 -0.0356077366
v 0.0478045754 0.016736744 -0.0339101329
v 0.0539365374 0.0113188317 -0.0418574773
v 0.0495957993 0.0104368087 -0.0385033898
v 0.0482939221 0.00992231071 -0.0387246646
v 0.0500295274 0.0107614072 -0.0392296016
v 0.050887268 0.0116367359 -0.0384827591
v 0.0525829792 0.0115655269 -0.0393930003
v 0.0474719368 0.0146934995 -0.0386722721
v 0.0565177985 0.0153908003 -0.0394439213
v 0.0499495305 0.0163238682 -0.0359368436
v 0.0512525178 0.0172097124 -0.0359532721
v 0.0487514734 0.017443547 -0.0345108621
v 0.0493065156 0.0179700758 -0.032664068
v 0.0525888875 0.0177742541 -0.034373071
v 0.0524550676 0.0119554112 -0.0384996384
v 0.0531359091 0.0126897311 -0.0386823863
v 0.0550677925 0.0163996387 -0.0367658921
v 0.0456210226 0.00450011808 -0.0393295474
v 0.0456094556 0.0153439231 -0.0154180294
v 0.0456245318 0.00414990494 -0.0384666063
v 0.0467086025 0.00419207104 -0.0396304168
v 0.0455367081 0.00927330181 -0.0387404785
v 0.0462380759 0.00587886712 -0.0384964906
v 0.046418298 0.00601494638 -0.039444983
v 0.0463449769 0.00758546777 -0.0385435447
v 0.0471239202 0.0087178126 -0.0387002937
v 0.0482576378 0.00870297477 -0.0394168422
v 0.0552257672 0.00625854684 -0.0426621661
v 0.0593709089 0.00946307927 -0.0408360735
v 0.0465438776 -0.0207457449 -0.0259496197
v 0.0455912612 -0.0178382173 -0.0282372013
v 0.0456053019 -0.016296342 -0.0309600346
v 0.0453478657 -0.018739922 -0.0254378226
v 0.0455917642 -0.0190705918 -0.00627933303
v 0.0645475015 -0.0207714625 -0.0277145859
v 0.0610113293 -0.0196101218 -0.031377513
v 0.0607669502 -0.00232097507 -0.0433202535
v 0.0585127175 -0.015050116 -0.0411631055
v 0.0567389652 -0.0134645188 -0.0396146327
v 0.0562799834 -0.00750949001 -0.040789362
v 0.0623486228 -0.0184483603 -0.0346019864
v 0.0562809855 -0.0137263797 -0.0386130475
v 0.0610006563 -0.0141471839 -0.0386061929
v 0.0639644265 -0.0146193746 -0.0417632759
v 0.0673905313 -0.0119205322 -0.0410540923
v 0.0655716956 -0.0134832906 -0.0395927392
v 0.0678190738 -0.00802333932 -0.0436172634
v 0.0678860024 -0.0164555125 -0.0381001718
v 0.0448696092 0.00287017017 -0.0414481573
v 0.0456099436 -0.00855958369 -0.0384648107
v 0.0462469123 -0.0100617474 -0.0393023379
v 0.0463580154 -0.00991778541 -0.0384863429
v 0.0482739545 -0.00807797443 -0.0398499221
v 0.0482321344 -0.00223082863 -0.0400316454
v 0.0548698492 -0.00792134646 -0.0426378995
v 0.0546926558 -0.000768520229 -0.0427960344
v 0.0570730604 -0.00213399553 -0.041013632
v 0.0489159487 -0.0171479452 -0.0361433998
v 0.0435579792 -0.0141618187 -0.040041618
v 0.0498530753 -0.0131077794 -0.0415037833
v 0.0452551916 -0.0121336989 -0.0389724262
v 0.0511385128 -0.0150598707 -0.0403494164
v 0.0478426069 -0.0121353483 -0.0393452868
v 0.0475498885 -0.0124548441 -0.0385914221
v 0.0454538278 -0.0148606533 -0.0353730433
v 0.046605777 -0.00718015479 -0.0417288356
v 0.0456758998 -0.00929953903 -0.0393293276
v 0.0466004536 -0.0116344504 -0.038828969
v 0.0594499223 -0.0168364104 -0.0380657054
v 0.0589300916 -0.0130604915 -0.0424162
v 0.0492472164 -0.0127378507 -0.0391932763
v 0.04910063 -0.0128246723 -0.038493935
v 0.0516441651 -0.0131075904 -0.0384801663
v 0.0571147427 -0.0121468492 -0.0403702892
v 0.0516995862 -0.0132963639 -0.0391117744
v 0.0232082494 0.0195677765 -0.0185609814
v 0.0272627268 0.0184082296 -0.0172476899
v 0.0288821496 0.0197872482 -0.01852265
v 0.0288509745 0.0172409546 -0.0207973514
v 0.0301858671 0.0184961203 -0.0167373922
v 0.0336528979 0.0199461281 -0.0168147534
v 0.032480292 0.0184028409 -0.0157949813
v 0.0410160534 0.0189848952 -0.00831106398
v 0.042411007 0.0192324445 -0.0053394963
v 0.0426320694 0.0184173416 -0.00356996991
v 0.0431927182 0.0191282164 0.000311656593
v 0.0353526175 0.0178502761 -0.0198168736
v 0.0323121436 0.0176177602 -0.0197826494
v 0.0348941796 0.017743811 -0.0185492318
v 0.0350119099 0.0184727777 -0.0146320872
v 0.0401578061 0.0184419062 -0.00938003417
v 0.0393603109 0.018023869 -0.0171699747
v 0.0403129496 0.0200452339 -0.0168751106
v 0.0362326428 0.0189779475 -0.0140586067
v 0.0384972095 0.0186797399 -0.0116659421
v 0.0377480835 0.0200491287 -0.0140960393
v 0.0418285206 0.0161955953 -0.0189294964
v 0.0418438315 0.0178972315 -0.0151325958
v 0.0421093293 0.0186190624 -0.018050177
v 0.0424132906 0.0197829716 -0.0156454165
v 0.0433045104 0.0185134392 -0.0198339485
v 0.0436373875 0.0200960226 -0.0154878963
v 0.0445478782 0.0181292631 -0.0112041999
v 0.0401033163 0.0200982802 -0.01163009
v 0.0424335822 0.020153312 -0.00783149153
v 0.0361657739 0.0153396344 -0.0275452677
v 0.040066462 0.0157850627 -0.0218232516
v 0.0325311609 0.0171243884 -0.0288362727
v 0.0370565802 0.0185531136 -0.021747442
v 0.0367548466 0.0178034417 -0.0241373014
v 0.036331147 0.0198990088 -0.0197890587
v 0.0370095149 0.0166909099 -0.0209383219
v 0.0371381976 0.0173558723 -0.0272486862
v 0.0451657213 0.0153162582 -0.0215041675
v 0.0428484417 0.0176571403 -0.0206147842
v 0.0374272652 0.00308793853 -0.0398762189
v 0.0355238803 0.00848306809 -0.0364911109
v 0.0358449258 0.0121031227 -0.0351186693
v 0.031516172 0.0134551348 -0.0323210955
v 0.0347014368 0.0161598977 -0.0327383392
v 0.0381803364 0.00798032619 -0.0394847952
v 0.0381125286 0.0114551242 -0.0385470949
v 0.040911749 0.0112300711 -0.0371540524
v 0.0352398269 0.0142971622 -0.0321291946
v 0.0370019488 0.0147292949 -0.0313935466
v 0.0460483506 0.00825514924 -0.0411731564
v 0.0411990285 0.00851139985 -0.0380302407
v 0.0462149642 0.0115853623 -0.0404365472
v 0.0226920992 0.0147680119 -0.0297575127
v 0.0263239611 0.0161016285 -0.0244770087
v 0.0264208615 0.0168152433 -0.0281701777
v 0.0257318765 0.0176482089 -0.0262308922
v 0.0259352792 0.0194924772 -0.0222436283
v 0.027873693 0.0110585717 -0.0326257609
v 0.0292031299 0.0125491777 -0.0322663262
v 0.021505693 0.01357741 -0.0270600263
v 0.0261180885 0.0174028296 -0.0211857688
v 0.0309970081 0.017741004 -0.0209477544
v 0.0336349495 0.00993575528 -0.0354689844
v 0.0287930947 0.0138201471 -0.0337543227
v 0.0336916968 0.0146443583 -0.0348296016
v 0.0278749689 0.0153424684 -0.0267999433
v 0.0261789188 0.014541815 -0.027941009
v 0.0317117125 0.0157492254 -0.0256512854
v 0.0303447004 0.0182300992 -0.0248380043
v 0.031158125 0.0197151788 -0.0217106882
v 0.0316340663 0.0164026823 -0.0234095361
v 0.0223825574 0.00353332073 -0.0319724791
v 0.0282351114 0.00385406357 -0.0346233919
v 0.0259208847 0.00786488131 -0.0351584479
v 0.0272005238 0.00840974785 -0.0333285257
v 0.0268349275 0.0111571271 -0.034542691
v 0.0331498533 0.0048988089 -0.0363650881
v 0.032756187 0.00750259077 -0.0379329138
v 0.0331848189 0.0115588997 -0.0369365029
v 0.022691777 -0.0207690634 -0.0162767507
v 0.0310412478 -0.0184595864 -0.0202372242
v 0.0422495194 0.0176355857 -0.0117539773
v 0.0337639675 -0.0187728778 -0.0191344582
v 0.0359130986 -0.0187058505 -0.0179410521
v 0.0377642177 -0.0187730417 -0.0166544802
v 0.0369260758 0.0178029314 -0.0172703899
v 0.0390817598 0.0178192426 -0.0154988375
v 0.0410189666 -0.0187777746 -0.0134194484
v 0.0400350839 -0.0189635456 -0.014552989
v 0.0424604714 -0.0189473256 -0.0114586372
v 0.0408995897 0.0178891532 -0.0135801667
v 0.0353240632 -0.00745476689 -0.037475422
v 0.0381152406 -0.00366119598 -0.0382760316
v 0.0407527685 -0.00183073711 -0.0408648774
v 0.0348456427 -0.0014580529 -0.0394865796
v 0.038194485 0.00306024426 -0.0380360261
v 0.041367773 -0.00777044985 -0.0388254449
v 0.0422336869 0.00205084193 -0.0389967673
v 0.0342636257 -0.0207465272 -0.0232457947
v 0.0365477875 -0.0185784642 -0.0305046495
v 0.0379208364 -0.0187543891 -0.0240397118
v 0.0440582633 -0.0197641067 -0.0288165323
v 0.0335531943 -0.0128746191 -0.0384033546
v 0.0356907472 -0.0150595149 -0.0375661403
v 0.0394081734 -0.0172029119 -0.0343768783
v 0.0349111483 -0.0124957366 -0.0367168225
v 0.0403532758 -0.012852353 -0.0401152298
v 0.0421328284 -0.015247317 -0.0387121774
v 0.0362893119 -0.0136997737 -0.0360945053
v 0.0395532027 -0.0123599414 -0.0379001312
v 0.0396383032 -0.0151392063 -0.0340607464
v 0.0368807316 -0.00806746725 -0.039898254
v 0.0479316339 -0.0185412429 -0.0328161828
v 0.0454872809 -0.0137098162 -0.0378574319
v 0.0452109538 -0.0167818461 -0.0314198136
v 0.0453993566 -0.0157867949 -0.0336652547
v 0.0409306362 -0.00811331533 -0.0407431088
v 0.0232031159 -0.00700436346 -0.0347625166
v 0.0261356086 -0.00467943074 -0.0363662392
v 0.0275488552 -0.00581350503 -0.0347542167
v 0.0302097108 -0.00236028456 -0.0359026566
v 0.0272320323 0.00122535811 -0.0366749428
v 0.0244481713 0.0166685898 -0.0212231763
v 0.0326186791 -0.00867767725 -0.0365509167
v 0.029435249 -0.00331832957 -0.0377277695
v 0.0315783247 0.0021970165 -0.0382550806
v 0.0329995975 0.000222526083 -0.0367726311
v 0.0237590112 -0.0181916729 -0.0265545007
v 0.0239341762 -0.0167213622 -0.0248826575
v 0.0215660091 -0.0158836264 -0.0297934245
v 0.0231688693 -0.0144074392 -0.0326148272
v 0.0200474281 -0.0148439547 -0.0264044739
v 0.0240057781 -0.0199485272 -0.0217079688
v 0.0285889227 -0.0178482551 -0.0296860132
v 0.0285554547 -0.0195441991 -0.0252671372
v 0.0257740505 -0.0180636048 -0.0219333917
v 0.0247990023 -0.0177858751 -0.0212250445
v 0.0280146766 -0.0182765406 -0.020944884
v 0.0256394856 -0.0111561874 -0.0332601443
v 0.0292875096 -0.0134962015 -0.0365186036
v 0.027882088 -0.0155391153 -0.0338989012
v 0.0257122442 -0.0145260459 -0.030480016
v 0.0310948528 -0.0157051496 -0.0305320676
v 0.0277667381 -0.0207631979 -0.0202697832
v 0.0329222865 -0.0171761103 -0.0326989926
v 0.0332716815 -0.0170783699 -0.027988594
v 0.0306491908 -0.0187761597 -0.0206995811
v 0.0270585883 -0.0109149832 -0.0362597778
v 0.0323710106 -0.0145257926 -0.0369735695
v 0.0280422531 -0.0132400803 -0.0335163996
v 0.0285868682 -0.0114292949 -0.0346602425
v 0.0315513127 -0.00811497122 -0.038364701
v 0.0115200747 0.0167784076 -0.0167256575
v 0.0281508714 0.0184003469 0.0171684176
v 0.0143150846 0.0192967951 -0.015157626
v 0.0138721848 0.0184014365 -0.0132052228
v 0.017662989 0.0185071845 -0.0159536898
v 0.021732673 0.0184082706 -0.0170946829
v 0.0040060794 0.0169290658 -0.00517840823
v 0.00336859468 0.01627969 0.000216025306
v 0.00775478175 0.0168500151 -0.0129310274
v 0.00250947382 0.0163708609 -0.00232161419
v 0.00274202623 0.0165017508 0.000237528395
v 4.81408024e-05 0.0176095404 0.000660070684
v 0.00305020995 0.019234227 -0.00357893039
v 0.00722627295 0.0194572564 -0.00418667309
v 0.00697739702 0.0194668621 0.00310960948
v 0.00787494797 0.0184749383 0.00152720092
v 0.00891568419 0.0184122566 -0.00562908966
v 8.09669655e-06 0.0161405522 -0.0141327241
v 0.00319305155 0.0152177466 -0.0174751617
v 0.00314673525 0.0165909212 -0.012255556
v 0.00202300004 0.0152489608 -0.00752540259
v 0.00302460114 0.0179127455 -0.0158663038
v 7.28109626e-06 0.0172516238 -0.00716717262
v 0.00300402637 0.0188074559 -0.0105067128
v 0.0069622118 0.016986236 -0.0133016882
v 0.00352814374 0.0172172021 -0.00627808599
v 0.00973799638 0.0194651317 -0.010278332
v 0.010904137 0.0184091385 -0.00975015294
v 0.0133318314 0.0133337639 -0.0244455077
v 0.0090307761 0.0151736001 -0.0244037751
v 0.0138527974 0.0152446413 -0.022837434
v 0.0128052793 0.0176674891 -0.0230601728
v 0.0146617992 0.0128734224 -0.0278631113
v 0.0180083998 0.012092079 -0.0269981939
v 0.0180341266 0.0149131715 -0.0277402736
v 0.0136388103 0.0160148218 -0.0214738995
v 0.0152467759 0.0187278613 -0.0210279841
v 0.0134392064 0.0165136661 -0.0180438068
v 0.015188952 0.0166931059 -0.0190259982
v 0.0221966337 0.015034602 -0.0254328027
v 0.0227602217 0.016246805 -0.0278020427
v 0.017237721 0.0168114584 -0.019902667
v 0.0193916075 0.0169112235 -0.0209461246
v 0.0192560386 0.0162996724 -0.0205298383
v 0.0183302537 0.0193409771 -0.0173701495
v 0.0199641809 0.012659654 -0.0302447435
v 0.0227873642 0.0120726433 -0.0292149168
v 0.0192180909 0.0187037271 -0.0226955712
v 0.0229397491 0.0170001946 -0.0217299666
v 0.0136424741 0.00654035341 -0.0293337721
v 0.0109266248 0.0104531264 -0.0249555018
v 0.0151458718 0.00705850776 -0.0276545789
v 0.0228895247 0.00509190932 -0.0342359506
v 0.0151948817 0.0043744687 -0.0281152036
v 0.0184326023 0.00962311123 -0.0284720641
v 0.0167535674 0.0102082398 -0.0298902895
v 0.0213415697 0.0169068426 -0.0209814142
v 0.0223981701 0.00716890255 -0.0314003788
v 1.27226504e-05 0.0140121542 -0.0184343066
v 1.59665415e-05 0.011563031 -0.0207769293
v 0.00317028351 0.0120384162 -0.0211582091
v 0.00199130434 0.0136293536 -0.0153808594
v 0.00302824914 0.0133796474 -0.0230385792
v 0.0030157927 0.0161088724 -0.0201648921
v 0.00320738414 0.0138910636 -0.0194860585
v 0.0068445839 0.0131282872 -0.0248422623
v 0.00736237178 0.0169558246 -0.0217024926
v 0.00659210794 0.0179640241 -0.0185306519
v 0.0068930923 0.01889324 -0.0142927896
v 0.0120492773 0.0164392684 -0.0244478006
v 0.00803244393 0.0163895078 -0.017563466
v 0.0138890967 0.0167820137 -0.0192968957
v 8.04050705e-06 0.00900643598 -0.0221760105
v 0.003146637 0.00128425693 -0.0239400808
v 0.00304489001 0.00362125714 -0.0258619972
v 0.0031789497 0.00557468552 -0.0235708281
v 0.00300904224 0.00882510748 -0.0249771625
v 0.00199360796 0.00898868963 -0.0201010425
v 0.00312516605 0.00894418359 -0.0227230415
v 0.00875567086 0.00201941887 -0.0276429486
v 0.00991393346 0.00335578527 -0.0258988272
v 0.00849935878 0.0063733831 -0.0272563696
v 0.00962213334 0.0072627496 -0.0253455397
v 0.011512816 0.0102536026 -0.0276543237
v 0.00803704932 -0.0196777061 -3.64916959e-05
v 0.0195078887 -0.0207665469 -0.00994770881
v 0.0035026113 0.0168132875 -0.00243472122
v 0.0059697954 0.0169296581 -0.0101695061
v 0.00500590168 0.0168343857 -0.00816979632
v 0.00964292046 0.0168451909 -0.0150688943
v 0.00304232119 -0.0185802523 -0.00669027772
v 0.000119046097 -0.0170850381 -0.00129651593
v 0.00397081394 -0.0164306648 -0.00500825141
v 0.00302880676 -0.0189295802 -0.00228548516
v 0.0034591048 -0.0164381154 -0.00204644119
v 0.00255337078 -0.0159735177 -0.00178708439
v 0.00336980377 -0.0158997346 -0.000578199164
v 0.00322188367 -0.0166904647 -0.00556191243
v 0.00469454098 -0.0162993595 -0.0073958491
v 3.22673009e-06 -0.0146045443 -0.0154232755
v 6.24253244e-06 -0.0162152871 -0.0096429158
v 0.00298391818 -0.0177975576 -0.0114567336
v 0.00302568451 -0.0165911317 -0.015873909
v 0.00199888134 -0.012944743 -0.0144010056
v 0.00200281641 -0.0145987999 -0.0065964628
v 0.00316996919 -0.0158210583 -0.0113070114
v 0.00654025981 -0.0163649637 -0.0111565003
v 0.00780587504 -0.0178869683 -0.0152059644
v 0.00542951142 -0.0163911637 -0.00916368887
v 0.00982621312 -0.0161206815 -0.0152402762
v 0.0100896964 -0.0192517117 -0.0109721152
v 0.011373763 -0.0158214737 -0.016619185
v 0.00816073082 -0.0158642083 -0.0134262461
v 0.00878877845 -0.00693402719 -0.0248086285
v 0.0147295538 -0.00508033112 -0.0279529989
v 0.0108508291 -0.000712041161 -0.0263900869
v 0.014935852 -0.00935564749 -0.0271541569
v 0.0152195692 -0.00245749252 -0.0306569263
v 0.0160025768 -0.000119325065 -0.028811289
v 0.0161123499 -0.00691816583 -0.0307106376
v 0.0227344036 -0.00519511849 -0.0323696472
v 0.0144021614 0.00118017138 -0.03022887
v 0.0247123558 -0.000881356536 -0.0334461853
v 0.0220869947 0.00140243967 -0.034265615
v 0.0186543353 -0.0169291031 -0.0208703578
v 0.0149895065 -0.0162801147 -0.0195936542
v 0.0130312666 -0.0144951101 -0.0256915148
v 0.0134484256 -0.0128494222 -0.0272471365
v 0.0146499891 -0.011150091 -0.0288195834
v 0.0143821454 -0.0123122307 -0.0255536679
v 0.00914851669 -0.0145514868 -0.0192726497
v 0.0136140846 -0.0158878788 -0.0181454457
v 0.0156295337 -0.0157376099 -0.0192305427
v 0.0188913662 -0.0180615168 -0.0238206107
v 0.0163128227 -0.0164841544 -0.0195430927
v 0.0180065427 -0.0164838098 -0.0201765355
v 0.020540636 -0.0166208372 -0.0208168887
v 0.0199574642 -0.0201397073 -0.0175886098
v 0.0189722087 -0.0193072371 -0.0203497559
v 0.0232475642 -0.0123425489 -0.0339362398
v 0.0216236487 -0.0131818308 -0.0297667943
v 0.0218263082 -0.0116792461 -0.0307643116
v 0.0213017948 -0.0174266268 -0.0210109223
v 1.22977906e-06 -0.00701623922 -0.0230971482
v 1.44476062e-05 -0.00358857424 -0.0236706026
v 1.06579919e-05 0.00399517594 -0.0234577246
v 0.00199070945 -0.00643845368 -0.0211370867
v 0.00317343534 -0.00705037639 -0.0231538899
v 0.00296175573 -0.0066298414 -0.0253261477
v 0.00206261384 0.00024946715 -0.0219430793
v 0.00317117781 -0.00282997428 -0.0238249265
v 0.00301680039 -0.000352610165 -0.0260039046
v 0.00794003531 -0.00975133479 -0.0235931762
v 0.00584994582 -0.00288187549 -0.02666636
v 0.00646027084 -0.00293238903 -0.0247413237
v 0.00999699626 -0.00500052748 -0.0257709324
v 0.0104107847 -0.00801222492 -0.0275223553
v 0.0100729056 -0.00329577317 -0.028153006
v 5.12449042e-05 -0.0129260514 -0.0188520849
v 5.81573204e-06 -0.0103498669 -0.0215404965
v 0.00301573356 -0.0118031092 -0.0229967274
v 0.00296248565 -0.0151428366 -0.0191627592
v 0.00316616171 -0.0143306786 -0.0162109397
v 0.003008103 -0.0100690993 -0.0241005439
v 0.00202586385 -0.00978641957 -0.0195775349
v 0.00316748512 -0.0123345386 -0.0197808333
v 0.00316406577 -0.00998764299 -0.0218650233
v 0.00782473106 -0.0166546032 -0.0189200062
v 0.00860030763 -0.0135204373 -0.0240297355
v 0.00298757595 -0.0135287186 -0.0214045309
v 0.00873920601 -0.0152507173 -0.022122642
v 0.00605981518 -0.0080989711 -0.0258299876
v 0.00817020796 -0.0131847691 -0.0211338624
v 0.00916173123 -0.0115678804 -0.0256435312
v 0.0129850032 -0.0137414979 -0.0232528597
v 0.00832810067 -0.0114110075 -0.0228133071
v 0.0111765563 -0.0159234218 -0.0174473301
vn 0.5416364 0.840454 0.0163431
vn 0.1169257 0.9931344 0.003529919
vn 0.1017144 0.9946495 0.01807292
vn 0.777608 0.566516 0.2727367
vn 0.8014038 0.5979921 0.01254878
vn 0.991153 0.132671 0.003756294
vn 0.8262438 0.5633007 -0.003663026
vn 0.9887899 0.1492489 -0.004392954
vn 0.1121897 0.9936833 0.002640697
vn 0.01173664 0.9999077 0.006836552
vn 0.01881183 0.9997481 0.01224979
vn 0.005917646 0.9997489 0.02161533
vn -0.001365036 0.9985753 0.05334215
vn 0.02774958 0.9926586 0.117724
vn 0.3170366 0.9477885 0.03441934
vn 0.1892885 0.981814 0.01453058
vn 0.1921603 0.9729428 0.1282841
vn 0.000932082 0.9999995 -5.49033e-05
vn 0.0008543361 0.9999996 -0.000106304
vn 0.0009853336 0.9999995 -1.969675e-05
vn 0.7177489 0.6963018 -0.0004950793
vn 0.7174008 0.6966605 -0.0004008188
vn 0.7151411 0.6989801 0.000209725
vn 0.338292 0.9077881 0.2479502
vn 0.1582308 0.9068546 0.3906119
vn 0.2909675 0.4133543 0.8628303
vn 0.7064028 0.5692125 0.4207042
vn -0.02660151 0.9603504 0.2775238
vn 0.03970513 0.9990761 0.01644741
vn -0.005607527 0.9961735 0.08721789
vn 0.01940923 -0.0007980475 0.9998113
vn 0.185529 0.001593184 0.9826375
vn -0.01551901 0.001007988 0.9998791
vn 0.329405 0.003176483 0.9441833
vn 0.04607977 -0.002331947 0.998935
vn 0.08473727 -0.04006207 -0.9955977
vn 0.0714107 -0.04735265 -0.9963223
vn 0.08148995 0.01195994 -0.9966024
vn 0.8011863 0.003463262 0.5984049
vn 0.9914849 -0.007079817 0.1300293
vn 0.9974037 -0.004098093 0.0718965
vn -0.01158096 0.9793213 0.2019793
vn 0.01100786 0.9632232 0.268477
vn 0.09480378 0.05287035 0.994091
vn 0.2789972 -0.03658434 0.9595948
vn 0.2358941 0.08687138 0.967888
vn 0.01082381 0.06939657 0.9975305
vn 0.001008806 0.02207428 0.9997558
vn 0.01216651 0.04481846 0.998921
vn -0.08170439 -0.01410394 0.9965568
vn 0.1068276 -0.02236081 0.9940261
vn 0.04261933 -0.9690399 0.2431981
vn -0.009917974 -0.9994563 0.03144291
vn -0.03330314 -0.99759 -0.06086966
vn -0.03612974 -0.9973869 -0.0625625
vn -0.09596925 0.1580694 0.9827533
vn 0.1286108 0.3468387 0.9290652
vn 0.06878636 -0.1598008 -0.9847498
vn 0.09573215 -0.2110316 -0.9727801
vn 0.2512269 -0.5518859 -0.7951773
vn 0.9972355 -0.01435355 0.07290609
vn 0.9952855 -0.09630767 0.01147408
vn 0.9972135 -0.07372208 0.01141392
vn 0.9936872 -0.1107692 0.01777537
vn -0.08700717 0.6347775 0.7677807
vn 0.1136919 0.7083035 0.6966923
vn 0.06839793 -0.6166759 -0.78424
vn 0.007905993 -0.7782916 -0.6278534
vn 0.04577812 -0.4908912 -0.8700173
vn -0.955781 -0.2896898 -0.05061977
vn -0.9372303 -0.27843 0.2099431
vn -0.9480417 -0.3180053 -0.009463428
vn -0.9458577 -0.03564154 0.3226188
vn -0.7075725 0.3269296 0.6264649
vn -0.5616234 -0.4892297 0.6672581
vn 0.9939297 -0.1099975 0.002083732
vn 0.9362791 -0.3512383 0.003615704
vn 0.9888191 -0.1490995 -0.002470929
vn 0.0008518359 -0.0006673601 0.9999994
vn 0.01304755 -0.001639574 0.9999135
vn 0.1883246 -0.9820545 0.01014477
vn 0.4694816 -0.8829324 -0.00416113
vn 0.2956724 -0.9552193 0.01157274
vn 0.3541377 -0.935188 -0.003131257
vn 0.5532173 -0.8330351 0.001747182
vn 0.7415913 -0.2112059 0.6367373
vn 0.6106112 -0.3916337 0.6883147
vn 0.5566067 -0.6011176 0.5734515
vn 0.1484318 -0.9885833 0.02590598
vn 0.1735968 -0.9846719 0.01689435
vn 0.04961932 -0.7379941 0.6729803
vn 0.7770039 0.03542602 0.6284981
vn 0.7187728 -0.06154954 0.6925153
vn 0.803471 0.1455112 0.5772874
vn 0.8263085 0.2933194 0.4808098
vn 0.7320344 0.5249148 0.4342696
vn -0.7167837 0.3515677 -0.6021805
vn -0.7979667 0.1677452 -0.5788875
vn -0.7658405 0.5442716 -0.3424276
vn 0.09845946 -0.05491017 0.993625
vn 0.01192527 -0.03367381 0.9993617
vn 0.005164074 -0.01036252 0.9999329
vn 0.9962798 -0.08253828 0.02477862
vn 0.9936424 -0.06622878 0.09104133
vn 0.9926357 -0.06342734 0.1032063
vn 0.3413632 0.01018688 0.9398763
vn 0.0751138 0.02414755 -0.9968826
vn 0.003124628 0.1352775 -0.9908028
vn 0.1336651 -0.2170789 0.9669594
vn 0.6096407 0.7926168 -0.009836576
vn 0.7633864 0.6427158 -0.064479
vn 0.7716755 0.6276111 -0.1030602
vn 0.2063079 0.9781052 0.02733443
vn 0.08777096 0.994763 0.05237154
vn 0.4624179 0.8865005 0.01692847
vn -0.2974357 0.5739042 -0.762998
vn -0.06782032 0.3525317 -0.9333391
vn -0.7288154 0.03177939 -0.6839724
vn -0.6847442 0.3156115 -0.6568978
vn -0.5055808 0.6172861 -0.6027819
vn -0.1204381 0.6715879 -0.7310707
vn -0.01070765 -0.5050468 0.8630255
vn 0.1809403 -0.6673565 0.7224236
vn 0.07424433 -0.7616407 0.6437322
vn 0.05016202 -0.8794983 0.473251
vn 0.1824718 -0.8379211 0.5143852
vn -0.08713366 -0.07402481 0.9934425
vn -0.3318095 0.7798876 -0.5307333
vn -0.05581383 0.7954245 -0.6034771
vn 0.3758043 -0.4327543 0.8194479
vn 0.3806298 -0.7221245 0.5776306
vn 0.6076629 -0.2312104 0.7597944
vn 0.03124071 -0.9148204 0.4026507
vn 0.1574729 -0.8818733 0.4444116
vn -0.7377998 0.2714103 -0.6180517
vn -0.5494772 0.6016451 -0.5797395
vn 0.7127934 -0.1239332 0.6903377
vn 0.3362203 -0.794043 0.5064105
vn 0.1083666 -0.9699472 0.2178514
vn -0.000415816 0.8563767 -0.5163513
vn 0.3993859 0.7862698 -0.4714558
vn 0.751226 0.5427524 -0.3756055
vn 0.9900766 -0.02935378 0.1374288
vn 0.9998943 0.0132652 -0.005962371
vn 0.9999824 0.003140458 -0.005026407
vn -0.08149695 0.2844529 0.9552197
vn -0.02422025 0.267494 0.963255
vn -0.1629206 0.5191362 0.8390199
vn -0.1140213 0.8552316 -0.5055473
vn -0.1454148 0.8720043 -0.4674003
vn 0.5631726 0.7592818 -0.3260795
vn 0.1928855 0.8866469 -0.4203006
vn 0.3441141 0.8720719 -0.3479598
vn 0.5571431 -0.7781122 0.2900569
vn 0.374548 -0.8899847 0.2600788
vn 0.6004034 -0.7987186 0.03955026
vn -0.8129467 0.2151538 -0.5411345
vn -0.5251736 0.8028193 -0.2822657
vn 0.8149071 -0.07941947 0.5741245
vn 0.7743821 -0.5451609 0.3211417
vn 0.9441249 -0.07202768 0.3216211
vn 0.9233049 -0.3805813 0.05163368
vn -0.943688 0.1518906 -0.2939083
vn -0.9815832 0.1828711 -0.05525093
vn -0.9012603 0.2973422 -0.3151467
vn 0.7760554 -0.6286419 0.05047046
vn 0.2206561 -0.947146 0.2328632
vn 0.2990231 -0.9538788 0.02646451
vn 0.9230144 0.2331957 0.3060459
vn 0.9977942 0.02090835 0.06300581
vn 0.7891598 -0.614182 0.002673062
vn 0.5683047 -0.8228181 0.0004046661
vn 0.7571153 -0.6532813 -0.0001078263
vn 0.730823 0.6285108 0.2662176
vn -0.7410572 -0.6372988 -0.2113874
vn 0.8540412 0.4745781 0.2130475
vn 0.8997485 0.4294582 0.07757755
vn 0.8987064 0.4318386 0.07643399
vn 0.01462291 0.9998285 -0.01136711
vn -0.01038111 0.9995651 -0.0276001
vn 0.1842448 0.9743532 0.1291886
vn 0.9033911 -0.4287976 -0.004138276
vn 0.2099741 -0.9777064 -0.001077128
vn 0.1240649 -0.9922696 -0.00297538
vn 0.01771643 -0.9998427 -0.0008735994
vn -0.1509312 0.9609458 -0.2319544
vn -0.2958876 0.9186083 -0.2619337
vn -0.2701323 0.9621985 -0.03467637
vn 0.3108631 -0.9504547 -4.00847e-05
vn 0.1756836 -0.9844466 -0.0003967291
vn 0.0259114 -0.9844182 0.1739234
vn -0.004918707 -0.9459606 0.3242444
vn 0.9999054 0.01334959 -0.00331257
vn 0.9719988 0.2333407 -0.0277577
vn 0.7994471 0.6004556 -0.01836553
vn 0.9999998 8.198898e-05 -0.0007204296
vn -0.0471643 0.9288028 -0.3675606
vn -0.4747084 0.8263398 0.3030091
vn -0.02729999 0.9969092 0.07366589
vn -0.11412 0.9916261 0.06045098
vn -0.7817594 0.505342 0.3653516
vn -0.7138301 0.638021 0.2887489
vn -0.4736388 0.8613844 0.1835298
vn -0.02560513 0.9967607 0.07623898
vn -0.01977115 0.9983366 0.05415979
vn -0.02838818 0.9851768 0.1691769
vn 0.007176025 0.9988829 0.04670445
vn -0.0129741 0.9997117 0.02020277
vn 0.01438251 0.9997655 0.01618727
vn 0.006488698 0.9999262 0.0102686
vn -0.01627538 0.9998667 0.001267334
vn -0.02391091 0.9863554 0.1628837
vn -0.005351823 0.9987801 0.04909019
vn -0.05580167 0.9684939 0.2427052
vn -0.02238434 0.9906954 0.1342447
vn -0.05383106 0.9760348 0.2108514
vn -0.03979016 0.9990684 0.01670616
vn -0.02814499 0.997125 0.0703528
vn -0.7082332 0.6482372 0.2796324
vn 0.01748279 0.9997401 0.01462988
vn 0.00353207 0.9999911 -0.002317948
vn 0.00905942 0.9998655 0.01366693
vn -0.006537063 0.9994743 0.0317545
vn 0.04080731 -0.9785661 -0.2018492
vn 0.06996364 -0.9528375 -0.2953064
vn -0.3186392 -0.9458864 -0.06138432
vn -0.9996959 -0.02465367 0.000520784
vn -0.9985185 -0.04567761 -0.02956558
vn -0.9679422 -0.2508948 -0.01181893
vn -0.09473567 -0.9942698 -0.04952435
vn -0.06727374 0.9806791 0.1836918
vn -0.3689074 0.8824197 0.2919637
vn -0.5971336 0.7170979 0.3594471
vn 0.03712178 0.9989157 0.02809612
vn 0.1786062 -0.283202 -0.9422826
vn 0.1310005 -0.8985995 -0.4187576
vn 0.1176475 -0.8853186 -0.4498556
vn 0.2083826 -0.9775497 0.03119675
vn -0.06977647 0.8538507 0.5158198
vn -0.1341906 0.6394069 0.7570679
vn -0.09175874 0.7511585 0.6537135
vn -0.1205421 -0.07456113 0.9899042
vn 0.1267074 -0.4804314 -0.8678312
vn 0.2985069 -0.5449027 -0.7835654
vn 0.3918285 -0.7912829 -0.4694058
vn -0.03798278 0.9639908 0.263209
vn -0.1082954 0.8710187 0.4791644
vn 0.1256654 -0.8839054 -0.4504657
vn -0.1292268 0.1458919 0.9808241
vn -0.1551576 0.346114 0.9252735
vn -0.1012453 0.369575 0.9236686
vn -0.07040162 0.4589566 0.8856649
vn 0.0004627877 0.0006435197 0.9999997
vn -0.1064753 0.04333176 0.9933707
vn 0.1048975 0.02899454 -0.9940602
vn 0.1169358 -0.06121216 -0.9912513
vn 0.2352667 -0.3860354 -0.8919788
vn 0.2037812 -0.218797 -0.9542542
vn 0.2394428 -0.183941 -0.9533273
vn -0.5846638 0.6176592 0.5259898
vn -0.3040182 0.7160619 0.6283536
vn -0.2018243 0.5613296 0.8026057
vn -0.1391376 0.7475075 0.6495178
vn -0.8773524 -0.3551617 -0.3226655
vn -0.9895627 -0.07902052 -0.1205049
vn -0.552339 -0.5570663 -0.6201604
vn 0.6003288 -0.7565302 -0.2593597
vn 0.3168873 -0.3591345 -0.877841
vn 0.4105933 -0.5274695 -0.7437668
vn -0.03767892 -0.9860562 0.1620908
vn -0.1795017 0.7677693 0.6150686
vn 0.1656128 -0.06403191 0.9841099
vn 0.3267212 -0.3829073 0.8640805
vn 0.04843712 -0.03387597 0.9982516
vn 0.5663251 -0.5578433 -0.6067015
vn 0.4173279 -0.4035239 -0.8142517
vn 0.2356206 -0.2403837 0.9416468
vn 0.5193996 -0.2822926 -0.8065574
vn 0.8288189 -0.3988222 -0.3924282
vn 0.6469833 -0.5003592 -0.5753722
vn 0.8855805 -0.3113559 -0.3446805
vn 0.8911349 -0.4197502 -0.1723032
vn 0.9081876 -0.2502242 -0.3355339
vn 0.610522 -0.5007768 0.6135841
vn 0.06094109 -0.05117547 0.9968286
vn -0.9954516 -0.08340692 0.04603766
vn -0.9925932 0.03336877 -0.1168134
vn -0.9923353 -0.0104592 -0.1231316
vn 0.1331342 -0.03255318 -0.9905633
vn -0.9878401 -0.1388023 0.07004099
vn -0.8140518 -0.4074193 0.4139193
vn -0.165349 0.1531394 0.9742731
vn 0.0126543 -0.05797775 -0.9982376
vn 0.1253986 -0.05144321 -0.9907718
vn 0.1706055 -0.09832622 -0.9804212
vn 0.9063383 -0.1910422 -0.3769002
vn 0.9006597 -0.1907492 -0.3904188
vn 0.127666 0.2537361 0.9588115
vn -0.1997913 0.09192579 0.9755169
vn -0.1858288 0.01739963 0.982428
vn -0.1454754 0.03841742 0.9886157
vn 0.9016843 -0.06649154 -0.4272518
vn 0.8909922 -0.09849668 -0.4432056
vn -0.314545 0.8950418 0.3161671
vn -0.9998683 0.0117371 -0.01120538
vn 0.1167993 -0.0125842 -0.9930758
vn 0.005303549 0.001826868 0.9999843
vn -0.004531367 -0.004893237 0.9999778
vn 0.6075827 -0.6827624 -0.4058063
vn 0.08257294 0.07018904 -0.9941102
vn 0.1653825 0.478485 -0.8623807
vn 0.03484594 0.785391 -0.6180185
vn 0.119551 0.7886251 -0.60314
vn -0.1221623 -0.07788694 0.9894493
vn -0.08087183 -0.3428835 0.9358903
vn -0.0441928 -0.7434342 0.6673474
vn 0.1811292 0.4804106 0.8581363
vn -0.03165656 -0.8962976 0.4423217
vn -0.09735958 -0.6007238 0.7935061
vn -0.03928933 -0.9271332 0.3726665
vn 0.06778019 0.3583091 -0.9311393
vn 0.0629963 0.6255966 -0.7775991
vn -0.01203618 0.7857029 -0.618487
vn -0.1118913 -0.2889961 0.9507689
vn 0.2031156 0.446266 -0.871545
vn 0.1101755 0.7252083 -0.6796575
vn 0.1535728 0.801208 -0.5783435
vn -0.1032143 -0.006233009 0.9946396
vn -0.1080382 -0.7555566 0.646113
vn -0.07067421 -0.9062596 0.4167717
vn 0.1948193 0.2200895 0.9558274
vn 0.02712889 0.02937426 0.9992002
vn 0.07681057 0.07141061 0.9944851
vn 0.9125473 0.1271624 -0.3886994
vn 0.9055402 0.07443826 -0.4176793
vn -0.1587212 -0.3576261 0.9202778
vn 0.7317479 0.4493622 -0.5124633
vn 0.6657755 0.6596104 -0.3487939
vn 0.6540641 0.687793 -0.3148664
vn 0.8713359 0.2985755 -0.3893922
vn 0.2535832 0.1807982 0.950267
vn 0.1929369 0.1452846 0.9703957
vn 0.02594767 0.01939086 0.9994752
vn 0.743826 0.6004015 -0.293668
vn 0.4746683 0.4156429 -0.7758421
vn 0.4707352 0.5955805 -0.6509165
vn 0.08443258 0.05966678 -0.9946411
vn 0.1104946 0.05840354 -0.9921592
vn -0.1414196 -0.02291945 0.9896844
vn -0.1920834 -0.06964572 0.9789042
vn 0.9082771 0.2183656 -0.3568601
vn -0.9607892 -0.005321391 -0.2772287
vn -0.9955918 0.04187476 -0.08392449
vn -0.7254362 0.1704695 -0.6668452
vn -0.9187395 0.3840759 -0.09167045
vn -0.9556573 0.2607456 -0.1368606
vn -0.8902755 0.4241961 -0.1657323
vn -0.05087089 -0.9429482 0.3290302
vn -0.8072208 0.5877815 -0.05392218
vn -0.8859472 0.4331957 -0.1656474
vn 0.1596748 -0.009591585 -0.9871231
vn 0.007872409 -0.005446462 -0.9999542
vn 0.007126454 0.0005341695 -0.9999745
vn -0.04627724 -0.04276157 0.998013
vn -9.3939e-05 -0.3436436 0.9391001
vn -0.2339542 -0.01003515 0.9721958
vn -0.6528168 -0.6693845 -0.3546188
vn -0.7904121 -0.580004 -0.1970889
vn -0.9452215 -0.3143891 -0.08783997
vn -0.007219102 -0.9990947 -0.04192345
vn 0.018893 -0.9994512 -0.02720859
vn -0.006107419 -0.9987832 -0.04893709
vn -0.2086767 -0.1132919 -0.9714005
vn -0.4176701 -0.2836819 -0.863178
vn -0.1806365 -0.0971308 -0.9787421
vn -0.8421941 -0.5388454 -0.01883168
vn -0.9051173 -0.4250584 -0.009384963
vn -0.8453486 -0.5338571 -0.0195536
vn 0.8406243 0.5414665 0.01283233
vn 0.9229447 0.3847429 0.0120815
vn 0.8377975 0.5459812 -8.586794e-05
vn -0.9058898 -0.4230608 -0.01957395
vn -0.8241845 -0.503685 -0.2588846
vn 0.9842256 0.04425888 0.1712927
vn 0.8648544 0.3252954 0.3823739
vn 0.6738724 0.7352037 0.07329056
vn -0.001466634 0.9999779 0.006481195
vn 0.1151991 0.9933239 0.006081027
vn 0.02319547 0.9996949 0.008489276
vn 0.004750417 0.9999886 -0.0004190445
vn 0.7480673 -0.05359065 0.6614554
vn 0.2901316 -0.02375503 0.9566918
vn -0.018654 -0.009968003 -0.9997764
vn -0.006949454 -0.004540898 -0.9999655
vn -0.009780712 0.007284564 -0.9999256
vn -0.0117115 -0.9998499 0.01276364
vn 0.9837452 0.179553 0.002458593
vn 0.9365705 -0.3504792 7.693147e-05
vn 0.9994624 -0.03116768 0.01017443
vn 0.9935008 -0.1138259 -0.0001068875
vn 0.6939106 -0.7200354 0.006102152
vn 0.05537611 -0.9970906 -0.05238098
vn 0.02653246 -0.9990622 -0.03421711
vn 0.1892793 -0.01570734 -0.9817976
vn 0.4176546 0.0003298095 -0.9086058
vn 0.1356467 -0.0596062 -0.9889626
vn -0.06797127 -0.07357676 -0.9949705
vn -0.1031563 -0.0003118618 -0.9946651
vn -0.2064956 0.02682632 -0.9780796
vn 0.9559181 -0.288756 -0.05329749
vn 0.9988966 0.01135913 -0.04556936
vn 0.9898691 0.1367009 0.03836684
vn 0.06606354 -0.009200065 0.997773
vn 0.007388423 0.01275334 0.9998913
vn 0.7415135 0.06055557 -0.6681996
vn -0.5896246 -0.4265364 -0.6858639
vn -0.8349786 -0.5254017 -0.1635966
vn 0.9094291 -0.002346988 0.4158522
vn 0.1832228 -0.788888 0.5865877
vn 0.176267 -0.7869869 0.5912542
vn 0.1782613 -0.7875375 0.5899217
vn -0.02357095 -0.2551301 0.9666194
vn 0.1073776 0.01289633 0.9941347
vn 0.08183335 0.005138237 0.9966328
vn 0.1722776 -0.785872 0.5939072
vn 0.02376752 -0.02800674 -0.9993252
vn 0.9884089 -0.09256326 0.1203326
vn 0.9578275 -0.07338485 0.2778152
vn -0.08005016 -0.3046874 0.9490824
vn -0.1237708 -0.5416346 0.8314522
vn 0.6359876 -0.02453402 -0.7713091
vn 0.999999 -0.001049444 -0.0008892334
vn 0.8611975 -0.4205775 0.2854004
vn 0.0001241275 -0.9999998 -0.0006585094
vn 0.009251541 -0.9999572 -1.426794e-05
vn -0.0004844942 -0.9999996 -0.0007014658
vn 0.8895763 -0.4223931 -0.1738908
vn 0.8312312 -0.5402687 0.131013
vn -0.8305111 -0.556921 -0.009499124
vn -0.7861685 -0.6180103 -0.001563792
vn -0.8386462 -0.5445806 -0.0102264
vn 0.4681886 0.8836079 -0.006043364
vn 0.1877987 0.9819459 -0.02266942
vn 0.3425997 0.9394811 0.000832686
vn 0.1024946 0.9947308 -0.002313703
vn 0.1491782 0.9887779 -0.008012707
vn 0.01386981 0.9998912 0.00503635
vn 0.01771018 0.9990906 -0.03878707
vn -0.005988134 0.9999794 -0.00231048
vn 0.05480286 0.9984893 0.003955276
vn 0.01420318 0.9998991 -0.0001965187
vn -0.1543006 0.987743 -0.02356215
vn 0.3010294 0.9401377 -0.1597573
vn 0.3024324 0.953002 -0.01793742
vn 0.09745353 -0.9949054 0.02580949
vn 0.1821984 -0.9831901 0.0118726
vn 0.9133599 0.407087 -0.007341119
vn -0.02262573 -0.2347292 0.9717975
vn 0.005948574 -0.3583228 0.9335788
vn 0.01400997 -0.1360168 0.9906074
vn -0.09261984 -0.01237841 -0.9956246
vn -0.02256308 0.0002928903 -0.9997454
vn -0.03606357 -0.997925 -0.05333874
vn -0.08574404 -0.8219134 -0.563122
vn -0.04928059 -0.9955674 -0.08010683
vn -0.9620743 -0.2705867 0.03458277
vn -0.9922138 -0.1167984 -0.04324247
vn -0.9856715 -0.1686768 0.0001991844
vn -0.01752756 0.001491571 -0.9998453
vn -0.001425686 -0.002315154 -0.9999963
vn 0.002778382 0.0007823001 -0.9999958
vn 0.001972357 -0.009849893 -0.9999496
vn 0.007168196 -0.000793912 0.999974
vn -0.6103905 -0.04508988 -0.7908162
vn -0.06759448 -0.00284292 -0.9977088
vn -0.4607061 0.887132 -0.02732213
vn -0.8264689 0.56177 -0.03692903
vn -0.6637678 0.7464095 -0.04780325
vn -0.9593794 0.2804064 -0.03103651
vn 0.9995472 -0.005547009 0.02957456
vn 0.4453607 -0.8947237 0.03351558
vn -0.9912805 0.1309444 -0.01471868
vn 0.5992426 0.8000459 0.0288922
vn -0.008261454 0.9999658 -1.290685e-05
vn -0.01737233 0.9998491 0.0001486932
vn 0.9690543 0.2446084 0.03317367
vn 0.9878911 -0.155147 0.0007337963
vn 0.9916976 0.1283313 -0.008179544
vn -0.9216161 -0.387909 0.01226163
vn -0.993407 -0.1144045 0.007362455
vn -0.9867455 -0.1610058 -0.02025708
vn 0.9887713 -0.1476787 0.02285909
vn 0.9475917 -0.3186678 0.02281986
vn 0.9501419 -0.3117946 0.003820695
vn -0.007061437 -0.9999501 -0.00707009
vn 0.004784605 -0.9999787 -0.004447409
vn -0.974617 0.2238112 -0.005486222
vn 0.9222474 -0.3865891 -0.002949599
vn 0.892728 -0.4500547 0.02207723
vn 0.7012386 -0.7129239 0.001990019
vn -0.2855334 0.9583498 -0.006018998
vn -0.4328749 0.9012977 0.01678438
vn -0.136488 0.9906312 0.004576147
vn -0.9286512 0.3708606 0.008332054
vn -0.7943071 0.6073763 0.01304844
vn 0.02604227 -0.9996349 0.007214735
vn 0.07845221 -0.996906 -0.004848811
vn 0.01467942 -0.9995188 0.02732898
vn -0.004018619 -0.9998866 0.01451129
vn 0.9999998 -0.000531496 0.0002800622
vn 0.01739545 0.9998367 0.004880787
vn 0.07396574 0.9972087 0.01018517
vn 0.07619727 0.9969055 0.01932315
vn 0.04758505 0.9987659 0.01422352
vn 0.006514262 0.9999755 -0.0025852
vn -0.2861266 -0.9308488 -0.2272708
vn -0.171846 -0.960013 -0.2210068
vn -0.2853711 -0.8736117 -0.3941648
vn 0.009072111 0.9999568 0.00199319
vn 0.03040693 0.9994099 0.01598118
vn -0.0107592 0.999927 -0.005486293
vn -0.01010991 0.9999083 -0.009016115
vn -0.0138814 0.9999033 0.0008203288
vn -0.00737573 0.9999587 -0.005306465
vn -0.01574067 0.9998001 0.01232834
vn -0.0130872 0.9999134 0.001407577
vn -0.01479696 0.9998899 0.001083098
vn -0.01039631 0.9999394 -0.003654127
vn -0.0009854519 0.9999837 0.005620599
vn 0.01153526 0.9999321 0.001665524
vn -0.7506651 0.3830367 -0.5383165
vn -0.6560643 0.6983353 -0.2861945
vn -0.6349803 0.7313353 -0.2488951
vn -0.7542825 0.3053042 -0.5812464
vn -0.9771039 -0.1988124 -0.0757727
vn 0.08279543 0.9952243 0.05170652
vn 0.1605765 0.9859747 0.04548834
vn 0.2936394 0.9462202 0.1358061
vn 0.1570424 0.978529 0.1334868
vn 0.1183304 0.9876266 0.1029157
vn 0.1581048 0.9850474 0.06844351
vn 0.1843755 0.9515888 0.2459359
vn -0.06615478 0.9977171 -0.01357661
vn -0.03118571 0.9995131 -0.000914114
vn 0.1006213 0.9911336 0.08677333
vn 0.1278964 0.964527 0.2309336
vn -0.4765651 -0.8479114 -0.2322323
vn -0.4580831 -0.8365768 -0.3004981
vn -0.6171268 -0.7551104 -0.2212754
vn -0.2795788 -0.9187307 -0.2788723
vn -0.2584468 -0.9538459 -0.1529165
vn -0.5166581 -0.7758316 -0.3621458
vn 0.3182878 0.9220784 0.2201466
vn -0.1118862 0.9564795 0.2694966
vn -0.004152254 0.9999887 0.002322607
vn 0.003443272 0.9999409 0.01031662
vn -0.004780514 0.999987 0.00177154
vn 0.6729789 -0.6428373 0.3658681
vn 0.8769367 -0.2802936 0.390407
vn 0.953506 -0.03572555 0.2992492
vn -0.09604841 0.9938088 0.05584629
vn -0.004938753 0.9999843 -0.002670633
vn -0.0153792 0.9998788 0.002461038
vn -0.221759 0.9693382 -0.1058601
vn -0.202702 0.9746548 -0.09465666
vn -0.02215055 0.9997433 -0.004770786
vn -0.5393651 -0.8371071 -0.09130746
vn -0.5048677 -0.8563157 -0.108775
vn -0.4969111 -0.8566509 -0.1386671
vn 0.335213 0.9413902 0.03763897
vn 0.35467 0.9306971 0.08951054
vn -0.8969347 -0.2530262 -0.3626097
vn -0.7447104 -0.6422639 -0.1813933
vn 0.02676228 -0.9942087 -0.1040813
vn -0.3101961 -0.9488149 -0.05940139
vn 0.8631696 -0.00622747 0.5048757
vn 0.9737325 0.01202512 0.227377
vn 0.01217732 -0.9999244 -0.001753199
vn -0.2922698 -0.956131 0.01979529
vn 0.03815356 -0.9992718 0.0004247311
vn 0.9919856 -0.0345108 0.1215472
vn 0.9610714 0.2726747 0.04461142
vn 0.9893646 -0.02664637 -0.1429958
vn -0.1459776 0.9873801 -0.06140986
vn -0.09460096 0.9903599 0.1011825
vn -0.001536507 0.9999987 0.0004956198
vn -0.005095376 0.9999822 0.003087578
vn -0.004013732 0.9936693 0.1122731
vn -0.02872135 0.9952939 0.09254728
vn 0.8973747 0.0001608285 0.4412692
vn 0.004500122 0.9999892 0.001184638
vn 0.8292349 0.5586247 -0.01755233
vn 0.9965142 0.02287553 -0.08022594
vn 0.5210438 0.0001504632 0.8535299
vn 0.4758301 -0.001151603 0.8795364
vn -0.0138684 0.9998959 0.003963242
vn -0.2122926 0.9755677 0.05656485
vn -0.01027351 0.9999433 -0.002821711
vn -0.01413607 0.9998858 0.005342928
vn -0.01141475 0.9999339 0.001380434
vn -0.01362125 0.9999053 0.001974561
vn -0.9999921 -0.0002139586 0.003978356
vn -0.9947737 0.002490994 0.1020741
vn -0.9988338 0.008072453 0.04760158
vn 0.7674675 0.0001958318 0.6410878
vn 0.2305814 0.9723882 0.03596226
vn 0.1480792 0.9889754 -0.000542557
vn 0.03924379 0.9992297 -7.56897e-05
vn 0.1421686 0.9898316 0.004644231
vn 0.09267713 0.9955345 0.01794147
vn -0.001525155 0.9999844 0.005370982
vn -0.01061638 0.9999298 -0.005263818
vn 0.516242 -0.8131919 0.2687249
vn -0.06812114 -0.997601 0.01232237
vn -0.001214628 -0.9999775 -0.006613389
vn -0.2758418 0.09510561 0.9564863
vn -0.317466 0.02744446 0.9478723
vn -0.2386077 0.02435776 0.9708105
vn -0.2077581 0.7335074 0.6471503
vn -0.1315267 0.9077927 0.3982626
vn 0.2469808 -0.6219141 -0.7431172
vn 0.3037624 -0.3068675 -0.901976
vn 0.3119292 -0.5967256 -0.7393367
vn -0.3334905 0.2458773 0.9101255
vn -0.2828112 0.1871085 0.9407487
vn -0.233221 0.3256089 0.9162897
vn 0.2142808 -0.8242013 -0.5241907
vn 0.1512906 -0.8610331 -0.4855235
vn -0.285112 0.4534404 0.8444543
vn -0.3317176 0.5106238 0.7932382
vn -0.2225492 0.1737491 0.9593139
vn 0.3382201 -0.1808711 -0.9235219
vn 0.02077915 0.9947101 0.1005976
vn 0.04281618 0.9693461 0.2419397
vn 0.09361946 0.97935 0.1791897
vn -0.06347892 0.9468263 0.3154208
vn 0.2482973 0.8928138 0.3758084
vn 0.1139571 0.9515849 0.2854818
vn 0.1425677 0.9104362 0.3883044
vn -0.1519177 -0.9103591 -0.3849251
vn -0.06690332 -0.7613941 -0.6448278
vn -0.183245 -0.8295318 -0.5275398
vn -0.03861224 -0.9888436 -0.1438669
vn -0.06621483 -0.9504855 -0.3036329
vn 0.0004906874 -0.9524984 -0.3045434
vn 0.02041735 0.9988851 0.04256446
vn 0.1737383 0.9505973 0.2572543
vn 0.002340113 0.9990519 0.04347239
vn 0.2931616 -0.6638848 -0.6879777
vn 0.2265885 -0.8148347 -0.5335748
vn 0.3802852 -0.5335374 -0.7554607
vn 0.3857397 -0.3479004 -0.8544999
vn -0.3345868 0.5354364 0.7754737
vn -0.3913922 0.3315084 0.8584371
vn -0.2828566 0.7139183 0.6405566
vn -0.2620459 0.7449114 0.6135463
vn -0.1705757 0.8708733 0.4609594
vn 0.1125947 -0.9061541 -0.4076853
vn 0.08991977 -0.9082498 0.4086524
vn 0.1094457 -0.8995892 0.4228012
vn 0.1401566 -0.7489678 0.6476137
vn 0.1411756 -0.7580132 0.6367773
vn 0.01058573 0.9243286 0.3814505
vn 0.03034488 0.9421958 0.3336862
vn -0.04830147 0.9675391 0.2480627
vn -0.1002506 0.8927726 0.4392118
vn -0.04606931 -0.9017906 -0.4297107
vn 0.3899666 -0.3323377 -0.8587652
vn -0.1722089 0.823944 0.5398707
vn -0.2188645 0.718565 0.6601232
vn 0.425815 -0.2103791 -0.8800127
vn 0.4059397 -0.1920627 -0.8934903
vn 0.3827153 -0.1012845 -0.9182976
vn 0.4421692 -0.100877 -0.8912408
vn -0.3555549 0.1061875 0.9286038
vn 0.3148066 -0.07457444 -0.9462217
vn -0.4522614 0.00769521 0.8918522
vn -0.3964743 0.02855773 0.9176015
vn -0.4355726 0.1083892 0.8936042
vn 0.4311267 -0.02610955 -0.9019136
vn -0.3895729 0.1780359 0.9036239
vn -0.4278816 0.2301944 0.8740297
vn 0.007695202 0.7599192 -0.649972
vn -0.06157335 0.9090432 -0.4121276
vn 0.07653853 0.9031252 -0.4225006
vn 0.2204157 0.9330299 -0.2843801
vn -0.02757858 0.9983185 0.05098613
vn -0.01757815 0.9994726 0.02730041
vn 0.3120833 -0.8077863 0.5000852
vn 0.1763743 -0.892059 0.4160803
vn 0.3659572 0.0004361596 0.9306316
vn 0.2147699 -0.0007802552 0.9766643
vn 0.3531391 -0.0003769037 0.9355707
vn -0.367819 0.6701434 -0.6446837
vn -0.1853957 0.8775171 -0.4422581
vn -0.1849722 0.692781 -0.697022
vn -0.2658004 0.8994601 -0.346874
vn -0.003271287 0.9999932 -0.001659081
vn 0.04815884 0.9847628 0.167101
vn -0.01019684 0.9998804 0.01162306
vn 0.07266659 0.9157363 0.3951539
vn 0.2263198 -0.9571092 0.1808906
vn -0.111994 -0.9691329 -0.2196334
vn 0.1079655 -0.9884022 0.1067921
vn 0.1886968 -0.969638 0.155549
vn -0.327694 0.7236227 -0.6074429
vn 0.06280106 -0.9937474 0.09231611
vn 0.1337078 -0.9818084 0.1348132
vn 0.1026133 -0.9912874 0.08258319
vn 0.755442 0.001004741 0.6552148
vn 0.7847933 8.169617e-05 0.6197575
vn 0.8363119 0.0009715275 0.5482532
vn -0.5387132 -0.2655998 -0.7995278
vn -0.07317729 0.9954531 -0.06097576
vn -2.840595e-05 0.9999995 0.001010815
vn -0.00245913 0.9999965 0.001026276
vn -0.9201172 0.391358 0.01493928
vn -0.9765784 0.1373647 0.1656063
vn -0.9797419 0.1334078 -0.1493596
vn -0.8503842 0.3990676 -0.3429164
vn -0.9212913 0.3051358 -0.2410695
vn -0.6670794 0.7377844 0.1033399
vn -0.7487631 0.6627277 -0.01207741
vn -0.6823506 0.7219032 -0.1151232
vn -0.7071161 0.6665184 -0.236093
vn -0.8525745 0.1450711 -0.5020669
vn -0.7090057 0.46273 -0.5321578
vn -0.06439258 -0.985729 0.1555374
vn -0.02979244 -0.9851936 0.1688371
vn -0.09786681 -0.9223086 0.373857
vn -0.07839403 -0.9474437 0.3101689
vn 0.08674289 0.9409907 -0.327127
vn 0.04293111 0.9833831 -0.1763935
vn 0.1054309 0.9935005 -0.04290751
vn 0.1163456 0.9435742 -0.3100508
vn 0.1439888 0.8998423 -0.4117658
vn -0.1320605 -0.8936325 0.42893
vn -0.1816183 -0.8918086 0.4143577
vn 0.007730396 0.999893 -0.01241812
vn -0.1415855 -0.9376305 0.3174944
vn 0.1974612 -0.05185325 -0.9789383
vn 0.1569518 0.003910631 -0.9875985
vn 0.1873935 0.009331266 -0.9822406
vn -0.2674476 -0.06508409 0.9613718
vn 0.2525004 -0.0931273 -0.9631048
vn 0.2633248 -0.002131013 -0.9647049
vn 0.3498485 0.013278 -0.9367122
vn 0.1906583 0.08341925 -0.9781057
vn 0.2687067 0.08283087 -0.959654
vn -0.1424844 -0.8277729 0.5426695
vn -0.1992085 -0.612066 0.7653047
vn -0.220957 -0.2782567 0.9347466
vn 0.2706261 0.4391475 -0.856686
vn 0.08073593 0.8749225 -0.4774855
vn 0.07277562 0.902796 -0.4238667
vn 0.09331046 0.9037314 -0.417807
vn -0.2917736 -0.2896909 0.9115632
vn -0.2922609 -0.5910331 0.7518399
vn -0.3499138 -0.06247887 0.9346961
vn 0.04221823 -0.001216683 0.9991077
vn -0.1582471 0.009668075 0.9873523
vn -0.008955647 0.00167983 0.9999585
vn -0.427364 -0.08024232 0.9005116
vn -0.4758747 -0.0950294 0.8743641
vn -0.3992606 -0.2792125 0.8732877
vn 0.3469191 0.1870723 -0.919049
vn -0.3643841 -0.6788669 0.6374668
vn -0.2435003 -0.7996046 0.5489445
vn 0.2701519 0.7357903 -0.6209917
vn 0.2083002 0.8769118 -0.4331706
vn -0.4742879 -0.2539026 0.8429617
vn 0.3052678 0.8086606 -0.5028713
vn 0.4059702 0.6349609 -0.6572768
vn -0.4649719 -0.453491 0.7603598
vn 0.3947134 0.3701449 -0.8409483
vn 0.4639888 0.3478164 -0.8147012
vn -0.3214888 -0.8003367 0.5060693
vn -0.2204714 -0.8948746 0.3880616
vn 0.0748536 0.8297316 0.5531205
vn 0.05521517 0.8290585 0.556429
vn -0.006268363 0.8248344 0.5653396
vn 0.2336596 0.02378651 0.9720275
vn 0.1792719 0.09927854 0.9787775
vn 0.2604953 0.2243465 0.9390478
vn -0.1951159 -0.9486647 0.2489276
vn 0.2068208 0.9077443 -0.3650008
vn 0.1739869 0.9375042 -0.3013544
vn 0.2813731 0.8592825 -0.4271567
vn 0.1248416 0.9776152 -0.1693606
vn 0.3221058 0.7277311 0.6055207
vn 0.7221714 -0.0009719285 0.6917135
vn 0.8232366 0.01934809 0.5673686
vn 0.6292508 -0.0001852501 0.7772023
vn 0.652189 0.0001934776 0.7580563
vn 0.4725671 0.0001115243 0.8812947
vn 0.4679177 -0.0001559202 0.883772
vn 0.5483309 0.0008795644 0.836261
vn 0.0932463 0.9935829 0.06401692
vn 0.3193619 0.7360424 0.5968664
vn 0.3267349 0.7156385 0.6173377
vn 0.8078311 0.03861239 0.5881479
vn 0.02802019 0.9996042 -0.002473546
vn 0.4774172 0.8283812 0.293014
vn 0.3445834 0.6918544 0.6345075
vn -0.09712844 -0.9901315 0.1010227
vn -0.08216678 -0.9958993 0.03785848
vn 0.1824061 0.956458 0.2278508
vn -0.2150455 -0.9193735 0.3294053
vn -0.6642511 -0.02576204 0.7470655
vn -0.5930577 -0.3036475 0.7457082
vn 0.3309177 -0.4738902 -0.8160401
vn -0.1934252 0.8647037 0.4635453
vn 0.1879321 -0.8598984 -0.4746117
vn 0.143373 -0.9428796 -0.3007028
vn 0.07039053 -0.886679 -0.4569961
vn -0.194641 0.0195681 0.9806793
vn -0.2367464 0.001503091 0.9715703
vn 0.07341559 -0.9160329 -0.394327
vn 0.1042829 -0.9383979 -0.3294457
vn 0.2897965 -0.5821845 -0.7596572
vn -0.04822364 0.9971215 0.05850831
vn -0.07174758 0.9927676 0.09625305
vn -0.1042612 0.9566089 0.2720828
vn -0.2132393 -0.8588814 0.4656733
vn -0.3894606 0.3573133 0.8489097
vn -0.3248236 0.5257127 0.7862035
vn -0.3508622 0.3580191 0.865285
vn -0.3864724 0.2208152 0.8954773
vn -0.1172615 -0.7214543 0.6824613
vn -0.2145559 -0.6901571 0.6911215
vn -0.4102842 0.10958 0.9053503
vn -0.3497231 0.04142362 0.9359369
vn -0.4427509 0.03579817 0.8959298
vn -0.3288885 -0.0005333707 0.9443686
vn -0.2763865 0.3452221 0.8969014
vn 0.4211334 -0.07018062 -0.9042795
vn 0.451292 0.03776256 -0.891577
vn -0.5007703 0.7242218 0.4740591
vn -0.6924074 0.5076134 0.5127383
vn -0.5192187 0.5103487 0.6855335
vn 0.9235967 -0.2479976 -0.2923459
vn 0.9694961 -0.07654922 -0.2328462
vn 0.9654452 -0.2254912 -0.1306488
vn -0.4304832 0.8576579 0.2812598
vn -0.645633 0.6797349 0.3480208
vn 0.1785561 -0.9450487 -0.2738625
vn 0.1347242 -0.9811509 -0.1385365
vn -0.3135696 0.7241303 0.6142551
vn -0.2441354 0.6916563 0.6797128
vn 0.263076 -0.8326814 -0.4872707
vn -0.265431 0.8667313 0.4222833
vn -0.1772837 0.949393 0.2592747
vn 0.3131513 -0.6325095 -0.7084264
vn 0.2536843 -0.7112909 -0.6555223
vn 0.3246899 -0.4057557 -0.8543645
vn 0.3220632 -0.3983608 -0.8588271
vn 0.3259078 -0.2784539 -0.9034642
vn 0.3107242 -0.1986189 -0.9295165
vn -0.6365189 0.1316464 0.7599427
vn -0.5914479 -0.06603421 0.8036348
vn -0.454489 0.00978107 0.8906986
vn -0.4712476 0.16196 0.8670033
vn 0.3772045 -0.002329071 -0.926127
vn 0.3370042 -0.143345 -0.930527
vn 0.2891326 -0.04860515 -0.9560543
vn -0.3307195 0.1663574 0.9289509
vn 0.3026263 0.00881534 -0.9530684
vn -0.3028 -0.07723482 0.9499194
vn -0.9999952 0.0004158894 0.003059798
vn -0.9999985 -0.0003648356 0.001722356
vn -0.9968992 -0.003177016 0.07862513
vn -0.4983523 0.3109238 0.809303
vn -0.6812196 0.3152972 0.6607024
vn 0.9559397 0.01571242 -0.2931425
vn 0.9551078 0.1495119 -0.255764
vn 0.9055473 -0.03264546 -0.4229873
vn 0.8818495 0.08467755 -0.4638655
vn 0.4318049 0.8018177 -0.4130774
vn 0.3381063 0.9240042 -0.1786066
vn 0.5898111 0.7490885 -0.3016442
vn 0.1956161 0.7893665 -0.5819235
vn 0.2461241 0.834821 -0.4924397
vn -0.06489777 0.9921754 0.1066595
vn -0.08719586 0.9908947 0.1025886
vn -0.9763348 -0.137995 0.1665166
vn -0.9776577 -0.001276922 0.2101994
vn -0.9681178 -0.03314323 0.2482929
vn -0.2089029 -0.9702731 0.122187
vn -0.003016506 -0.9992001 -0.03987749
vn -0.5184679 -0.837995 0.1701628
vn -0.9999854 0.004331778 0.003226032
vn -0.9999985 0.001248247 -0.001254155
vn -0.3468803 0.9246405 0.1572066
vn -0.3124022 0.948259 0.05665485
vn 0.1403997 -0.9827883 -0.1200624
vn 0.2183422 -0.9357704 -0.2768764
vn 0.0588824 -0.9939643 -0.09256225
vn -0.5419986 -0.8215425 0.1769335
vn 0.894929 -0.4242723 -0.138185
vn 0.8788378 -0.4674747 -0.09545434
vn -0.290726 0.9564734 -0.02524189
vn -0.4869661 0.8733916 0.007149362
vn -0.2681886 -0.9622353 0.04667329
vn -0.1127775 -0.9936182 -0.00202782
vn -0.3353426 -0.9396937 -0.06723872
vn -0.2429771 -0.9691413 0.04156056
vn 0.7225147 -0.6912302 -0.01316481
vn 0.7302032 -0.6825879 -0.0296142
vn 0.8173919 -0.5759858 -0.01052999
vn 0.6325524 -0.7745131 0.002611087
vn -0.06774011 0.9965186 0.04860088
vn -0.07275724 0.9972515 0.01399481
vn -0.5821118 -0.6927 0.4258079
vn -0.3180284 -0.9448572 0.07812022
vn -0.5430736 -0.756672 0.3640307
vn -0.275141 -0.9603021 0.04601645
vn 0.628393 0.7663949 -0.1332707
vn 0.4411757 0.8972733 -0.0162668
vn 0.3709691 0.9191934 0.1321562
vn -0.4460263 -0.001089786 0.8950192
vn -0.4488064 0.001239561 0.8936282
vn 0.3880725 0.1175762 -0.9140982
vn -0.1598516 -0.001593254 0.9871398
vn -0.4913318 -0.1388607 0.8598318
vn 0.469591 0.1645125 -0.8674214
vn 0.3477274 0.2635161 -0.8998027
vn 0.4799821 0.1332102 -0.8671057
vn 0.4901836 0.2708712 -0.8284618
vn -0.5189246 0.002473762 0.8548165
vn -0.3788275 0.06459755 0.9232101
vn -0.2371799 -0.9229025 0.3033097
vn -0.271547 -0.8811082 0.3871828
vn -0.2823519 -0.863282 0.4183559
vn 0.2916251 0.8295143 -0.476299
vn 0.1591757 0.987244 -0.003506107
vn 0.1058096 0.9789487 -0.1745389
vn 0.1791784 0.9447965 -0.2743262
vn -0.4729697 -0.2318828 0.8500177
vn -0.4726751 -0.3956394 0.7874311
vn -0.3856572 -0.4223697 0.820288
vn -0.3764644 -0.5911579 0.713307
vn -0.4262653 -0.6058002 0.6717917
vn 0.3547435 0.7693642 -0.5312588
vn 0.381836 0.645466 -0.6614944
vn 0.2502516 0.9077263 -0.3367597
vn -0.3340931 -0.761636 0.5552409
vn 0.1173244 0.8630161 0.4913636
vn 0.1905891 0.8790744 0.4369257
vn 0.1227159 0.9737356 0.1917805
vn -0.2185509 0.8370746 0.5015393
vn -0.9999998 -0.000686534 -0.0003773624
vn 0.3258547 0.3926717 -0.8600161
vn 0.2720723 0.1721509 -0.9467527
vn 0.2546945 0.4843337 -0.8369895
vn 0.2704927 0.1289041 -0.9540532
vn -0.3374833 -0.224705 0.9141185
vn -0.4292964 -0.1890625 0.8831534
vn -0.3104201 -0.3613964 0.8792224
vn -0.5854018 -0.3155755 0.7468044
vn 0.855273 0.2529863 -0.4522234
vn -0.4066985 -0.422175 0.8101633
vn 0.8881918 0.3441843 -0.3043888
vn 0.412186 0.4140824 -0.8115654
vn 0.2963148 0.6799717 -0.6706982
vn 0.9581192 0.262987 -0.1133381
vn 0.88164 0.398463 -0.2528597
vn -0.5941023 -0.5903097 0.5464219
vn -0.5745903 -0.7521312 0.3227147
vn -0.4138401 -0.803247 0.4284048
vn -0.4326873 -0.7073888 0.5589122
vn -0.4508767 -0.5542839 0.6996281
vn -0.3847925 -0.8784189 0.2833988
vn -0.3666659 -0.9240249 0.1083237
vn -0.2118683 -0.9548513 0.2082569
vn -0.1270313 -0.9918976 0.001487138
vn -0.8100647 0.0006347005 0.5863401
vn -0.8751279 -0.0002178957 0.4838918
vn -0.8283268 0.3046404 0.4701796
vn -0.934374 -0.0009787895 0.3562924
vn -0.8802366 0.04987517 0.4719068
vn -0.918134 9.487604e-05 0.3962701
vn -0.9445464 0.001142594 0.3283759
vn -0.9998738 0.001200863 -0.01583934
vn -0.9956599 -0.0003155655 0.09306503
vn -0.5490651 -0.8148071 0.1860564
vn 0.2254824 0.9259151 -0.3030496
vn 0.2653354 0.8499529 -0.4551672
vn -0.3627587 -0.9169263 0.1662903
vn -0.01622664 0.9993589 -0.03191478
vn -0.2417024 0.9295312 0.2784812
vn -0.06994567 0.9971381 0.02868844
vn -0.3793397 0.8994609 0.21696
vn 0.003321673 0.9992767 -0.03788236
vn 0.1243556 0.9829038 -0.1357782
vn 0.1733932 0.9261882 -0.3348288
vn 0.4231077 0.9014271 -0.09170051
vn 0.6454262 0.7518912 -0.1344787
vn -0.5588776 0.8175104 0.1390411
vn -0.6227415 0.7764091 0.09686093
vn -0.5743226 0.8083714 0.1291859
vn -0.3511294 -0.9350619 0.04865345
vn -0.3504514 -0.9359109 -0.03541898
vn -0.5484064 -0.8360087 -0.01843677
vn 0.6656986 0.7444715 0.05106372
vn -0.5534564 -0.8285127 0.08516343
vn 0.6995921 0.7101768 -0.07886563
vn 0.9608784 0.2745079 -0.03685116
vn -0.6409255 0.7629814 0.08410634
vn 0.8709058 0.4802365 -0.1043838
vn 0.9624256 0.07597605 0.2607
vn 0.149055 0.9888098 -0.006153547
vn 0.192447 0.9813004 -0.003689723
vn 0.003591906 0.9999935 -0.0003359916
vn 0.5636095 0.8260162 -0.006445624
vn -0.8271914 -0.5618908 0.005769219
vn 0.8405421 0.5416794 -0.008497523
vn 0.841264 0.5406163 -0.002970028
vn 0.6822696 0.731037 -0.009642587
vn -0.8491916 -0.5244789 0.06160816
vn -0.8365883 -0.5477102 0.01155515
vn 0.6912348 0.04648502 0.7211336
vn 0.5224094 0.06456839 0.8502466
vn 0.5139738 0.06533846 0.8553138
vn 0.9183076 0.3955218 -0.01654459
vn 0.8822863 0.4695634 -0.03287876
vn 0.8424903 0.5383209 -0.02051338
vn -0.8441805 -0.5352957 0.02859596
vn -0.9104443 -0.4126165 0.02896543
vn 0.9999794 -0.003059746 0.005640514
vn -0.8451288 -0.5338081 0.02839245
vn -0.001951836 0.0001671135 0.9999981
vn 0.01476352 0.001234795 0.9998903
vn 0.004883118 -0.0004728171 0.999988
vn -0.5919009 -0.2849672 0.7539542
vn -0.4384284 -0.3615117 0.8228547
vn -0.5345209 -0.3159531 0.7838757
vn 0.4084089 0.2883046 -0.8660731
vn 0.1504433 0.1009525 -0.9834508
vn 0.3338589 0.2119062 -0.9184955
vn -0.4380918 -0.01645516 -0.8987796
vn -0.01618692 -0.2178538 -0.9758471
vn -0.6679919 -0.7399056 0.07953996
vn -0.6752366 -0.7313166 0.09608112
vn -0.6573853 -0.7514488 0.05629646
vn -0.685197 -0.7184316 0.1198385
vn -0.09826007 -0.08554538 -0.9914772
vn 0.7136003 0.7005522 0.001041473
vn 0.7144077 0.6997285 0.001256835
vn 0.708354 0.7058572 -0.0003516904
vn 0.007427478 0.006708817 -0.9999499
vn -0.02649171 0.0001263135 0.999649
vn -0.02103155 -0.001025073 0.9997783
vn -0.03417872 -0.002154092 0.9994134
vn 0.2160392 -0.132999 0.967284
vn 0.1770348 -0.09334749 0.9797678
vn -0.03226247 -0.04339286 0.9985371
vn -0.6419516 -0.671263 -0.3705457
vn -0.2653113 -0.8836371 -0.38574
vn -0.3595739 -0.6905723 0.627548
vn 0.03489828 -0.1462755 -0.9886281
vn 0.12466 0.006396129 -0.9921789
vn 0.1701204 0.02036844 -0.9852127
vn 0.05744846 -0.3207727 -0.9454123
vn 0.01202055 -0.1320834 -0.9911657
vn -0.6077387 -0.3526304 0.7115515
vn -0.2209886 -0.1466675 0.9641849
vn -0.03894783 -0.02298499 0.9989768
vn 0.9760045 -0.09336924 -0.1967163
vn 0.7403473 -0.04849392 -0.6704731
vn 0.9524103 -0.07200325 -0.2961929
vn 0.739937 -0.07155082 -0.6688599
vn 0.1457828 0.09577864 -0.9846694
vn 0.2815889 -0.01181149 -0.9594625
vn 0.1835589 -0.01402795 -0.9829087
vn -0.03220088 0.003270224 0.9994761
vn -0.001827108 -0.03160692 0.9994987
vn -0.006317412 -0.01116276 0.9999177
vn -0.1771659 0.02519265 0.9838585
vn -0.1031461 0.02559248 0.994337
vn 0.1753645 -0.737156 -0.6525706
vn 0.1516636 -0.7253997 -0.6714115
vn 0.2625776 -0.7742923 -0.5757815
vn 0.04279221 -0.6628407 -0.7475367
vn 0.2488249 0.0003042452 0.9685484
vn 0.9950247 -0.0989951 -0.01120906
vn 0.9997338 0.0229752 0.002114519
vn 0.9286253 0.3230265 -0.1825071
vn 0.6092446 -0.5567606 0.564658
vn -0.9364949 -0.1404436 0.3213302
vn 0.3899975 -0.9206868 -0.01542331
vn -0.001192522 -0.9972505 0.07409485
vn 0.001288122 -0.9959757 0.08961427
vn -0.01064359 -0.9997694 -0.01864889
vn 0.1236627 0.992323 -0.001581837
vn -0.003685913 0.9999839 -0.004304398
vn 0.01270844 0.9999083 -0.004689631
vn 0.006600096 0.9999772 0.001423199
vn -0.6212797 -0.3553808 0.6983667
vn 0.9988275 -0.03553099 -0.03288355
vn 0.9999223 0.001031923 -0.0124173
vn 0.1077363 0.994165 -0.005371613
vn 0.61274 0.7899597 -0.02265444
vn 0.09240161 -0.9955795 0.01683763
vn 0.007850054 -0.9995314 0.02958774
vn 0.9998757 -0.001465553 -0.01569673
vn 0.6469304 -0.7614539 -0.0408528
vn 0.9803548 0.1936894 -0.03726794
vn 0.9898832 -0.1398133 -0.0241531
vn -0.05068038 -0.9986979 0.005843685
vn -0.01683406 -0.9992847 0.03386318
vn -0.9995334 -0.002749943 0.03041829
vn -0.9996952 -0.006843443 0.02372185
vn -0.9911957 -0.1293027 0.02849291
vn -0.9998468 -0.009596841 -0.01463984
vn 0.5981424 0.8009526 -0.02647335
vn 0.8617557 0.5073175 0.002466562
vn 0.9995275 0.009734605 -0.02915272
vn -0.9868963 0.1611757 0.007618996
vn -0.9771452 0.2104308 0.03010145
vn 0.920992 -0.3866349 -0.04782363
vn 0.7675612 -0.6403386 -0.0285699
vn -0.840004 0.5403315 0.04934887
vn 0.2727687 -0.9620298 -0.009794904
vn 0.1482079 -0.988771 -0.01914505
vn 0.2654282 -0.9637024 -0.02873418
vn -0.9837573 0.1690074 0.0604827
vn 0.5949746 -0.8027707 -0.03955277
vn 0.9996378 0.02240785 0.01490356
vn 0.9976293 0.06881326 0.0006010032
vn 0.08064629 -0.9962894 -0.03005893
vn 0.02276864 -0.9995103 -0.02146389
vn -0.06372281 0.9979379 0.007700628
vn 0.1036436 0.9942058 0.02850994
vn 0.05332914 -0.9804924 -0.1891836
vn 0.003764263 0.0009651784 0.9999924
vn 0.2513425 0.9672689 0.03489773
vn 0.1885907 -0.9553136 -0.2276171
vn 0.2169793 -0.9761731 -0.002474115
vn -0.4883436 -0.7515665 0.443473
vn 0.1378867 -0.9904308 0.005846758
vn -0.1561151 0.9874483 0.02395721
vn 0.1827749 0.9697411 0.1618506
vn -0.001700671 -0.00215535 0.9999962
vn -0.9928347 -0.00113476 0.1194908
vn -0.9930923 -0.001382683 0.1173278
vn -0.9591037 -0.2800279 -0.04128483
vn -0.05893926 -0.005583846 0.9982459
vn -0.007363598 0.002463818 -0.9999698
vn 0.007448093 -0.1410216 -0.9899785
vn -0.1348425 -0.02049755 0.9906549
vn -0.1084537 -0.8308317 0.5458537
vn -0.09379815 -0.8671786 0.4890842
vn -0.02184032 -0.9978399 0.06195721
vn 0.004679057 0.001032123 0.9999885
vn 0.01168097 -0.3526767 -0.9356723
vn -0.4687909 0.8824739 0.03840271
vn -0.6683564 0.7431712 0.03156646
vn -0.5851045 0.7518808 0.3038554
vn -0.2791154 0.9596927 0.03293164
vn -0.9321725 0.2251466 0.2834844
vn -0.954194 0.2941744 0.05454424
vn -0.8261613 0.4637335 0.3200138
vn 0.4597735 -0.8880309 -0.00305316
vn 0.4229533 -0.9052446 -0.04053028
vn 0.7909985 -0.6087465 -0.06122866
vn 0.01651398 0.999862 0.001861789
vn 0.002827912 0.9999834 -0.005014537
vn -0.005827832 0.999983 -0.0001807475
vn 0.06096164 0.9981014 -0.008800931
vn 0.1572043 0.986102 -0.05375548
vn 0.1399543 0.9897236 -0.0293248
vn 0.31809 0.9455014 -0.06961267
vn 0.4017775 0.9157372 -0.0002601408
vn 0.2384455 0.9703978 -0.03836473
vn -0.06031239 0.99812 0.01090028
vn 0.008777796 0.9997401 -0.02104316
vn 0.3969542 0.9110268 -0.1116135
vn 0.163017 0.9849231 -0.05789601
vn 0.4586903 0.888584 -0.004657274
vn 0.2741375 0.9616754 0.005398203
vn 0.3359317 0.9410747 -0.03909219
vn -0.5481313 -0.8249764 0.1377165
vn -0.7278674 -0.6840891 0.04723462
vn -0.9066711 -0.4191339 0.0476908
vn -0.8573971 -0.5129282 -0.04212911
vn -0.5675216 -0.8012334 0.18959
vn -0.6504999 -0.7363942 0.1859392
vn -0.6380422 -0.7285253 0.2493053
vn -0.5170417 -0.8288383 0.2137636
vn -0.6679876 -0.729221 0.1484223
vn -0.4695247 -0.8373346 0.280031
vn 0.4999542 -0.0001486134 -0.8660519
vn 0.7084625 0.0007468878 -0.705748
vn 0.8830756 -0.01885282 -0.4688519
vn -0.3157898 0.9483809 0.02915977
vn 0.007642264 0.9996541 0.02516935
vn 0.09164766 0.9957751 -0.005720116
vn 0.01875817 0.9998052 -0.006148465
vn -0.007234099 0.9999704 -0.002606638
vn -0.004391995 0.9999504 -0.008936144
vn 0.02540779 0.9996716 0.00334651
vn -0.7754821 0.6310738 0.01931723
vn -0.009575704 0.9999379 -0.005699496
vn -0.01297236 0.9999043 -0.0048059
vn -0.01811205 0.9998242 -0.004851494
vn 0.002712036 0.999996 -0.0008348975
vn -0.009170146 0.9999555 -0.002235799
vn -0.2984039 -0.9498481 0.09350795
vn 0.9399264 -0.03647352 -0.3394231
vn 0.9752299 0.0003606662 -0.221194
vn -0.02816942 0.999585 -0.006029971
vn 0.009979648 0.9999443 -0.003428353
vn 0.9005232 0.02814374 -0.4338961
vn 0.2144251 0.9764425 -0.02412318
vn -0.02124668 0.9997596 -0.005416992
vn -0.004295278 0.9999908 -9.887401e-05
vn 0.03583748 -0.9993457 -0.0049007
vn 0.05359254 -0.9985503 0.005015783
vn -0.2421869 -0.9565103 0.1625841
vn 0.1097369 0.991358 -0.07188137
vn 0.2120321 0.9671916 -0.1399385
vn 0.2816956 0.9289441 -0.2402302
vn 0.1333923 0.9805414 -0.1440311
vn 0.3086625 0.9390035 -0.1516569
vn -0.3702744 -0.8826532 0.2895175
vn -0.7246755 -0.4276319 0.5403485
vn -0.4841025 -0.8272935 0.2850091
vn -0.3037648 -0.904499 0.2993467
vn 0.06591024 0.9959026 -0.06191825
vn -0.01080279 0.9966149 -0.08149832
vn 0.1023664 0.9625666 -0.2509715
vn -0.2555723 -0.9122432 0.3201485
vn -0.1423839 -0.9683709 0.2049018
vn -0.1841562 -0.9671442 0.1752674
vn 0.02310743 0.9995807 -0.01744782
vn 0.007772658 0.9999653 0.003001059
vn -0.6714104 0.5918688 0.4459814
vn -0.01466896 0.9998884 -0.002849189
vn 0.1809726 0.9512601 -0.249706
vn -0.01122928 0.9999176 0.006228288
vn -0.008047305 0.9999434 0.006964214
vn -0.01283285 0.9999122 0.003297674
vn 0.002712953 0.9999963 5.262961e-05
vn -0.004308627 0.9999816 0.004269488
vn -0.01290619 0.999883 -0.008212097
vn 0.03688163 0.999279 -0.009014377
vn -0.006971036 0.9999663 0.004325286
vn 0.07395548 0.9969334 -0.0255811
vn 0.03381797 0.999337 -0.01349341
vn 0.008481479 0.9999125 -0.01014914
vn 0.01804879 0.9998289 -0.004042853
vn -0.003972554 0.9999918 0.0008409444
vn -0.9998096 0.008005634 -0.01779613
vn -0.9999683 0.007966962 -0.0001539351
vn -0.9999965 0.001342781 -0.002289681
vn 0.1339738 0.9881448 -0.07497351
vn 0.1607507 0.9830076 -0.08862981
vn 0.2712994 0.9547163 -0.1221212
vn 0.4417787 0.8692477 -0.2219009
vn -0.9979869 0.06045828 0.01915113
vn 0.03195476 0.9816704 0.187889
vn 0.9999984 -0.001642723 0.0007051802
vn 0.9882558 -0.1527924 -0.002237908
vn 0.9999999 -0.0004140921 -1.804617e-05
vn 0.001554774 0.9999893 -0.004365004
vn 0.008305831 0.9999654 0.0004839531
vn 0.0006408878 0.9999998 -0.0001562764
vn 0.0005670073 0.9999998 -0.0002052018
vn 0.0006915268 0.9999998 -0.000122742
vn 0.9843896 0.1759953 -0.001628728
vn 0.09812807 0.9949429 -0.02143162
vn 0.8816476 0.4718987 -0.00298226
vn 0.9938192 0.111003 -0.001334851
vn 0.5023082 0.8131117 -0.2941697
vn 0.9975751 -0.06714287 -0.01832258
vn 0.1541202 -0.009414401 -0.9880072
vn 0.007684894 -0.005408786 -0.9999559
vn 0.006096597 0.004144366 -0.9999728
vn 0.003357033 0.01433412 -0.9998916
vn 0.006531413 0.0001733322 -0.9999787
vn 0.138844 0.04797905 -0.9891513
vn 0.2821353 0.1216957 -0.9516249
vn 0.291425 -0.0423798 -0.9556544
vn 0.9946698 -0.1000772 -0.02483283
vn 0.9954031 -0.0931206 -0.02238881
vn 0.9953725 -0.09092742 -0.03107502
vn 0.07346646 -0.06068838 0.9954494
vn 0.08427423 -0.04149509 0.9955782
vn 0.07215857 -0.005853077 0.997376
vn 0.01138701 -0.0006523336 -0.999935
vn 0.01113056 -0.0006239644 -0.9999379
vn 0.1297042 0.2687481 -0.9544377
vn -0.02462939 -0.2877695 0.9573829
vn 0.01369864 -0.3576348 0.933761
vn -0.2237843 -0.4839859 0.8459777
vn 0.9941415 -0.08606485 -0.06538689
vn 0.9974715 -0.03419011 -0.0623031
vn 0.9194794 -0.3930054 0.01021597
vn 0.9942402 -0.1064624 0.01233235
vn -0.03061776 -0.9976919 0.06060883
vn -0.07327832 -0.996733 0.03396603
vn -0.05471653 -0.9974609 0.04558324
vn -0.01059771 -0.9972725 0.07304251
vn 0.2752779 0.285248 -0.9180717
vn 0.788761 0.03304204 -0.6138112
vn 0.7700109 0.06972 -0.63421
vn 0.9880072 -0.04960203 -0.1462236
vn 0.1111794 -0.02378999 -0.9935156
vn 0.7898993 0.5813054 -0.1953025
vn 0.6272806 0.5427486 -0.5585186
vn -0.002870542 0.9979776 -0.06350332
vn -0.006252535 0.9802376 -0.1977252
vn 0.2841219 0.9555778 -0.0783952
vn 0.3826725 0.8980856 -0.2168041
vn 0.1882136 0.9331906 -0.3061551
vn 0.09784682 0.7784311 -0.6200573
vn -0.04716805 0.9170124 -0.3960599
vn 0.06471694 -0.7669431 0.6384434
vn 0.1035497 -0.6088238 0.7865182
vn 0.07191769 -0.6094305 0.789571
vn 0.1198735 0.5499173 -0.826572
vn -0.08871683 0.383305 -0.9193512
vn -0.09068061 0.6202264 -0.7791638
vn -0.02564125 0.9684904 -0.2477274
vn 0.1312927 0.9855469 -0.1070495
vn 0.3075782 0.4868099 -0.8175645
vn 0.2977232 0.784734 -0.5436483
vn 0.9679424 0.172887 -0.1822027
vn -0.10214 -0.2725237 0.9567122
vn 0.003066297 0.02487117 -0.9996859
vn 0.001552946 0.008009657 -0.9999667
vn 0.01455228 -0.03224956 -0.9993739
vn -0.09585679 0.1836014 -0.9783159
vn 0.1016184 -0.1720048 0.9798408
vn 0.7480007 0.104641 -0.655397
vn -0.8487037 -0.5286757 -0.01428025
vn -0.9997079 -0.007096773 0.02310057
vn -0.9329079 -0.3593441 -0.02355588
vn -0.4874507 -0.8410937 -0.2344208
vn 0.7527153 -0.1887412 -0.6307111
vn 0.7650174 -0.5524591 -0.3309641
vn 0.5685549 -0.5864773 -0.5768793
vn 0.5782621 -0.7621785 -0.291027
vn 0.8904635 -0.325782 -0.3177119
vn 0.723106 -0.1525715 0.6736763
vn -0.8405376 0.1304774 0.5258063
vn 0.6527969 0.09217636 -0.7519041
vn 0.9431432 0.03511806 -0.3305262
vn 0.7988229 -0.05089901 -0.5994089
vn 0.3606513 0.9273864 -0.09942409
vn 0.004691987 0.9997957 0.01966215
vn 0.4232002 0.902038 -0.08502492
vn -0.03025594 0.9989274 0.0350532
vn 0.8956398 0.301093 -0.3273719
vn 0.213184 -0.8605695 -0.462572
vn 0.3723087 -0.7698509 -0.518378
vn 0.3783046 -0.8868709 -0.2652277
vn -0.3621611 0.8925476 0.2686969
vn -0.5160463 0.6310204 0.5792317
vn -0.2859889 0.8120034 0.5087836
vn -0.7340367 0.2857038 0.6160872
vn 0.4268548 -0.9043021 0.005724884
vn 0.3962299 -0.9180054 -0.01636803
vn 0.4175528 -0.9084961 -0.01687029
vn -0.7861986 0.1456013 0.6005763
vn 0.2543527 -0.9668744 0.02141625
vn 0.004185491 0.9999859 -0.0032757
vn 0.02830184 0.9995916 0.003952531
vn 0.001563646 -0.985932 -0.1671394
vn 0.9706576 0.2267017 0.08018821
vn -0.1856194 0.9514848 0.2454022
vn -0.1594105 0.8773292 0.4526386
vn -0.08649934 0.9123387 0.4001949
vn 0.8193035 0.5198232 0.2419206
vn 0.2599158 0.9232529 0.2829273
vn -0.01724115 -0.947705 -0.3186817
vn 0.07436332 -0.9145393 -0.3976029
vn -0.6986966 0.200377 0.6867838
vn 0.6598317 -0.302116 -0.6880029
vn 0.7559888 0.2285541 -0.6133872
vn 0.2785431 -0.9588018 -0.05579386
vn 0.002773311 0.000595184 -0.999996
vn 0.0007794657 0.0001865155 -0.9999997
vn 0.8201622 0.180987 -0.5427501
vn 0.04142055 -0.9989694 0.01856009
vn 0.1362855 -0.9905442 -0.01576223
vn -0.7322144 0.2061461 0.6491271
vn -0.003374577 -0.003486096 -0.9999882
vn 0.841952 -0.5395418 0.003371861
vn 0.7698334 -0.6382411 -0.002200791
vn 0.9015206 -0.4327188 -0.003881288
vn 0.02805661 -0.9983203 -0.05068959
vn 0.03895233 -0.9989213 -0.02527643
vn 0.7575284 0.02762837 -0.6522173
vn 0.7117223 0.03643306 -0.7015155
vn -0.00166426 0.01743096 -0.9998467
vn 0.00442177 -0.0210791 -0.999768
vn 0.9963419 -0.08315242 -0.01971006
vn 0.9963145 -0.07614244 -0.03949549
vn 0.0005174375 0.00229688 -0.9999972
vn 0.001891067 0.0102275 -0.9999459
vn 0.002973586 0.04601719 -0.9989362
vn 0.9962144 -0.0750587 -0.04385235
vn 0.09406982 0.009102543 0.995524
vn 0.01801779 0.1439424 0.989422
vn 0.07661585 0.02796851 0.9966684
vn 0.7665573 0.6143824 0.1868805
vn 0.7605171 0.634194 0.1393257
vn 0.5502137 0.8348936 0.01474795
vn 0.4626382 -0.158701 -0.872227
vn 0.1776097 -0.2057415 -0.962354
vn 0.2977847 0.02054892 -0.9544119
vn 0.0797225 -0.05245719 -0.9954358
vn 0.09128918 0.06724519 0.9935514
vn 0.6372117 0.6589294 0.3997163
vn 0.6491292 0.6377696 0.4145854
vn 0.6601692 0.6167843 0.428665
vn -0.2161772 0.8334807 0.5085051
vn -0.2212519 0.7959979 0.5634138
vn -0.3113205 0.6982769 0.6445843
vn 0.6254669 0.6784474 0.3853576
vn 0.9699208 -0.01010396 -0.243211
vn 0.9993808 -0.02004226 -0.02891952
vn -0.06257582 0.491996 0.8683457
vn 0.2856729 -0.7792289 -0.5578469
vn 0.3993586 -0.5095661 -0.7621385
vn 0.4642437 -0.6531673 -0.5982059
vn 0.01648263 -0.6998945 -0.7140561
vn 0.1449588 -0.7507471 -0.6444888
vn 0.114324 -0.8658724 -0.4870266
vn -0.2986291 0.5266225 0.7959206
vn -0.5714473 0.5344317 0.6227605
vn 0.9998688 0.01454047 0.007138069
vn 0.07422929 -0.4965464 -0.8648305
vn -0.07461299 -0.3249384 -0.9427872
vn 0.01263363 0.2688636 -0.9630953
vn -0.7037296 -0.1888919 0.6848974
vn -0.661454 -0.2053833 0.7213157
vn 0.0918518 0.9643723 -0.2480915
vn 0.1748575 0.9388873 -0.2965054
vn 0.06526385 0.9952106 -0.07277574
vn 0.003029105 -0.9999462 0.009915667
vn -0.345567 -0.8872048 0.3056978
vn 0.4129221 0.9099482 -0.03859605
vn 0.003089976 0.9997773 -0.0208728
vn 0.006998746 0.9998004 -0.01870998
vn -0.04568451 0.9986552 -0.02450651
vn -0.4528401 0.8736577 -0.1779274
vn -0.3808969 0.8690293 -0.3157617
vn -0.4382048 0.8657342 -0.2418282
vn -0.7039003 0.6554043 -0.2738056
vn -0.6958259 0.6633832 -0.2752252
vn -0.7169422 0.5922608 -0.3677242
vn -0.004955972 0.9991801 -0.04018126
vn -0.02206958 0.9918712 -0.1253178
vn -0.02768333 0.9686136 -0.2470252
vn -0.4520166 0.7094517 -0.5407026
vn -0.07211236 -0.9966214 0.03931215
vn 0.005914037 -0.9963528 0.08512454
vn -0.07390107 -0.9972163 0.009920969
vn -0.00933262 -0.9914522 0.1301355
vn -0.0006546445 0.9999922 -0.003910812
vn -0.03598385 0.9804842 -0.1932769
vn -0.07095399 0.9852023 -0.1560191
vn -0.008429913 0.9983954 -0.05599673
vn 0.01041733 0.9992929 -0.03612739
vn 0.001121237 0.9998797 -0.01546879
vn 0.01274331 0.9932192 -0.1155563
vn -0.008318013 0.999813 -0.01745939
vn -0.01868513 0.9994437 -0.02762465
vn -0.01312346 0.9999132 -0.001225503
vn -0.01946042 0.9869867 -0.1596203
vn -0.02407917 0.9968479 -0.07559372
vn -0.01459748 0.9985595 -0.05163127
vn -0.04516232 0.3904426 -0.9195188
vn -0.04583424 0.3844995 -0.9219866
vn -0.05534878 0.344964 -0.9369826
vn -0.07150943 0.9227002 -0.3788281
vn -0.08972563 0.8259194 -0.5566026
vn -0.1380985 0.5659904 -0.8127629
vn -0.1439166 0.7595187 -0.6343653
vn 0.1252326 -0.7035227 0.6995517
vn 0.1266505 -0.6224266 0.7723631
vn 0.1386786 -0.4485473 0.8829347
vn -0.03281014 0.957061 -0.2880241
vn -0.02835136 0.9809821 -0.1920164
vn 0.01957957 -0.04796303 -0.9986572
vn -0.09333535 0.4283588 -0.8987755
vn 0.005960853 0.1015095 -0.9948167
vn 0.05829695 -0.4658217 -0.8829561
vn -0.003433688 -0.002931148 -0.9999898
vn -0.1321049 0.2791337 -0.9511218
vn -0.08758108 0.05787553 -0.9944747
vn -0.07820856 -0.01574853 -0.9968126
vn -0.1085029 0.002219823 -0.9940937
vn 0.1221062 -0.04793461 0.9913589
vn -0.1204899 0.0741793 -0.9899392
vn -0.9059341 -0.24533 0.3451036
vn -0.9963335 -0.05007549 0.06936792
vn -0.9660572 -0.1852836 0.1800101
vn -0.6995957 0.5288851 -0.4804647
vn 0.1313103 -0.891807 0.4329411
vn 0.1542943 -0.8054062 0.5722886
vn 0.06267428 -0.9540149 0.2931339
vn 0.06060227 -0.9641063 0.2585084
vn 0.4784249 -0.7776492 0.4078864
vn 0.3470757 -0.8104058 0.4719968
vn 0.2525409 -0.5270047 0.8114735
vn -0.189612 0.3433651 -0.9198629
vn -0.1796675 0.1508506 -0.9720924
vn 0.4272945 -0.6252282 0.6530766
vn 0.4537064 -0.4501072 0.7691255
vn 0.5058733 -0.3054615 0.8067128
vn 0.3266798 -0.2789993 0.903017
vn -0.9515298 -0.2874604 0.1093509
vn -0.9999322 -0.007699159 0.008737844
vn 0.4891631 -0.8669638 -0.09535837
vn 0.3873174 -0.905492 -0.1734049
vn 0.7272164 -0.5848259 0.3593538
vn -0.2109438 0.5756536 -0.7900162
vn -0.1090604 0.9032772 -0.4149652
vn -0.06493501 0.9558554 -0.2865726
vn -0.2121477 0.3211437 -0.9229627
vn -0.3818038 0.4396279 -0.8129903
vn -0.07566229 0.9278273 -0.3652557
vn -0.9999937 -0.001793961 -0.003091065
vn -0.01892578 0.003864733 -0.9998134
vn 0.007360635 -0.007370341 -0.9999458
vn 0.1927429 -0.2019624 0.9602402
vn 0.1866773 -0.05751619 0.9807361
vn 0.1708374 -0.2536466 0.9520913
vn -0.9999974 -0.002281021 0.0004546889
vn 0.9325026 -0.3333174 -0.1390623
vn 0.1385547 -0.140766 0.9802998
vn 0.07840711 -0.5410213 0.837346
vn 0.9797333 0.05156336 0.1935559
vn 0.9813287 0.02734618 0.1903844
vn 0.9698981 0.1337645 0.2034816
vn 0.9823058 -0.05660833 0.178524
vn 0.553252 -0.3597941 0.7513059
vn 0.2488835 -0.1709349 0.9533302
vn 0.07792161 -0.0683439 -0.9946142
vn 0.06679653 -0.06213638 -0.9958299
vn 0.2991292 -0.3274699 -0.8962618
vn -0.04839588 -8.55329e-05 -0.9988282
vn -0.166735 0.05389621 -0.9845276
vn -0.9676862 0.2301362 0.1030583
vn -0.9416893 0.3104172 0.1298555
vn -0.8440732 0.4985211 0.1975274
vn -0.05948427 -0.9476137 -0.3138312
vn -0.05387829 -0.9285555 -0.3672626
vn -0.004988327 -0.9996741 -0.02503657
vn -0.02595321 -0.9857286 -0.1663299
vn -0.9503381 0.3107294 0.01746145
vn 0.001088249 0.03177955 -0.9994943
vn 0.07828712 0.3001866 0.9506624
vn 0.09022306 0.51092 0.8548804
vn 0.07802636 0.7675843 0.636181
vn -0.09749253 -0.07074989 -0.9927183
vn 0.07211674 0.9632284 0.2588245
vn -0.00106369 0.8576769 0.5141881
vn -0.05067997 -0.7203361 -0.6917712
vn -0.0146142 -0.8921065 -0.4515887
vn 0.01361008 0.3016368 -0.9533257
vn -0.1121303 -0.3368441 -0.9348598
vn 0.008843419 -0.921123 -0.3891712
vn -0.06551059 0.865797 0.4960884
vn -0.08915463 0.9767569 0.1949295
vn -0.1390952 -0.05648452 -0.9886668
vn 0.02087517 0.02230659 -0.9995332
vn 0.04473157 0.03122124 -0.9985111
vn -0.1913324 0.01231763 -0.981448
vn -0.1805468 -0.06865275 -0.9811674
vn 0.1338313 -0.0008389291 0.9910038
vn 0.1298581 0.07264134 0.9888681
vn 0.1837754 0.06641869 0.9807218
vn 0.1463283 0.1089225 0.9832212
vn 0.91774 0.3505146 -0.1867964
vn 0.9099667 0.3482707 -0.2250958
vn 0.8047207 0.5103305 -0.3032942
vn -0.8758042 0.1860904 0.4453507
vn -0.9955086 0.0573507 0.07532404
vn -0.9989414 0.0315486 -0.03347706
vn 0.9720474 0.1696669 -0.1622866
vn 0.4912495 0.4486166 0.7466037
vn 0.2866466 0.5409901 0.7906728
vn 0.1986214 0.1536883 0.9679512
vn 0.09739384 0.4605593 0.8822696
vn 0.1423753 0.1076391 -0.9839426
vn 0.1667828 0.9581921 -0.2324895
vn 0.1635078 0.9582679 -0.2344945
vn -0.9543726 0.2756003 0.1149661
vn -0.06067567 -0.8991678 -0.433377
vn -0.113184 -0.7982516 -0.5915942
vn -0.07790525 -0.7362048 -0.6722599
vn -0.1373702 -0.5643035 -0.8140584
vn 0.1870548 0.394852 0.8995012
vn 0.1078998 0.7538542 0.6481215
vn 0.1522933 0.344681 0.9262838
vn -0.1959973 -0.3190106 -0.9272633
vn -0.09324394 -0.900678 -0.4243639
vn 0.2229655 0.9504048 0.2168346
vn 0.3456751 0.808218 0.4767519
vn 0.2437956 0.9603043 0.1355706
vn -0.1718403 0.9137394 0.3681729
vn -0.03284741 0.9194751 0.3917734
vn 0.1694071 -0.9274196 -0.333458
vn 0.09076642 -0.9780851 -0.1873796
vn 0.1654271 -0.3282862 -0.9299796
vn 0.1264832 0.9489244 -0.2890408
vn 0.04693896 0.9611419 -0.2720349
vn -0.03191658 0.9984798 -0.04493618
vn 0.3611355 0.001551988 -0.932512
vn 0.3325672 0.3372539 -0.8807149
vn 0.2708837 0.9268082 0.2600936
vn 0.03846053 0.7500731 0.6602356
vn 0.06492146 0.9216744 0.3824938
vn -0.05572414 0.9965336 -0.06176983
vn -0.04101788 0.9673894 -0.2499507
vn -0.8088881 0.171167 0.5624963
vn -0.717508 0.5970736 0.3587273
vn -0.4811074 0.7491449 0.4553215
vn -0.7781899 0.5714903 0.2604215
vn -0.6779362 0.6738137 0.2939009
vn 0.297704 0.8650547 -0.403798
vn 0.2013444 0.8959562 -0.3958826
vn -0.204051 -0.8864809 0.4153491
vn 0.04471178 0.9711305 -0.2343215
vn -0.6847394 0.6553741 -0.3187736
vn -0.4635606 0.8102673 -0.3585783
vn -0.005816621 0.9886752 -0.1499586
vn -0.4863109 0.6455647 0.5888531
vn -0.4866151 0.7063966 0.514013
vn -0.3447339 0.6798868 0.6472345
vn -0.4167294 -0.0245515 0.908699
vn 0.4838518 0.0009002058 -0.8751495
vn 0.5852396 0.001122597 -0.8108596
vn 0.5288667 -0.0008497836 -0.8487045
vn 0.1178846 -0.9898878 -0.07890201
vn 0.1255901 -0.987037 -0.0999252
vn -0.2076364 -0.9433609 0.2587614
vn 0.682285 0.00126342 -0.7310853
vn 0.6278744 -0.0009581441 -0.7783141
vn 0.09416025 -0.9900934 -0.1041588
vn -0.07254163 -0.9533144 0.2931371
vn 0.07882177 -0.9951112 -0.05950505
vn 0.09285315 -0.9315341 0.3515999
vn -0.01582326 -0.9658455 0.258635
vn 0.1381265 0.9680657 -0.2092124
vn 0.1003886 0.9697706 -0.222412
vn 0.04023015 0.9360737 -0.3494963
vn -0.06953321 -0.9292651 0.3628105
vn -0.07912539 -0.8869883 0.4549626
vn 0.01993499 0.9991892 -0.03497931
vn 0.229232 -0.7750906 0.5888016
vn 0.2068338 -0.5024815 0.8394833
vn 0.248758 -0.5860034 0.7711806
vn 0.2357228 -0.4049556 0.8834284
vn 0.3249566 -0.3332896 0.8850543
vn 0.3250276 -0.6150754 0.7183588
vn -0.2270573 0.7237226 -0.6516675
vn -0.3048732 0.4133121 -0.8580358
vn -0.3064963 0.6392066 -0.705319
vn -0.2412446 0.08816546 -0.9664512
vn -0.2697045 0.02307067 -0.9626667
vn -0.2576426 0.361244 -0.8961714
vn -0.2473477 0.1785808 -0.9523277
vn -0.321675 0.1889058 -0.9278145
vn -0.3255756 0.09168852 -0.9410599
vn 0.2849013 -0.2178642 0.9334701
vn 0.2192778 -0.1970832 0.9555498
vn 0.2430314 -0.08954718 0.9658763
vn 0.3201796 -0.1396542 0.9370068
vn -0.1276376 0.9038492 -0.4083689
vn -0.1888617 0.8156508 -0.5468503
vn -0.377629 0.3842754 -0.842454
vn 0.2087993 -0.8573046 0.4705652
vn 0.3816757 -0.4303542 0.8179969
vn 0.1698622 -0.8382527 0.5181499
vn 0.2671894 -0.7216569 0.6386089
vn 0.07201331 -0.9200765 0.3850626
vn -0.4001771 0.3019574 -0.865263
vn -0.3651727 0.5007861 -0.7847688
vn -0.128603 -0.0621766 -0.9897451
vn 0.07253429 -0.1766744 -0.9815931
vn 0.01888443 0.0008901589 -0.9998212
vn -0.08739069 0.9006307 -0.4257077
vn -0.1466739 0.8906633 -0.4303551
vn -0.1054866 0.9264936 -0.3612229
vn 0.05000038 -0.9277229 0.3699056
vn 0.02353684 -0.9921071 0.1231648
vn 0.161792 -0.000353314 -0.9868248
vn 0.10156 -0.07546252 -0.9919631
vn -0.2944166 0.7036284 -0.646704
vn 0.4023503 -0.3590428 0.8421416
vn 0.4313917 -0.2275651 0.8729922
vn 0.3925208 -0.2523076 0.8844594
vn 0.443339 -0.09855896 0.890919
vn 0.3827842 -0.1212393 0.9158479
vn -0.4313149 0.137161 -0.8917142
vn -0.3871103 0.07818381 -0.9187127
vn -0.4490194 0.05655156 -0.8917306
vn -0.3942098 0.2095616 -0.8948087
vn -0.1787551 -0.9681877 -0.1750979
vn -0.1628481 -0.9518818 -0.259618
vn -0.08944129 -0.9922379 -0.08639488
vn 0.7706523 -0.1842711 -0.6100321
vn 0.7204525 -0.01697748 -0.6932964
vn 0.7680104 0.006633607 -0.640403
vn 0.43319 0.02470343 -0.900964
vn -0.01094631 0.999925 -0.005507408
vn 0.04569893 0.9847507 0.167862
vn 0.160456 0.9550418 -0.2492969
vn -0.08322567 -0.9959397 -0.03431331
vn 0.5673077 0.6926227 -0.4454613
vn 0.841497 -0.01050215 -0.5401596
vn 0.02089205 0.9995711 0.0205237
vn 0.0660173 0.9978108 0.00392015
vn 0.009879362 0.9999401 -0.00470607
vn 0.2257769 -0.0002360411 0.974179
vn 0.3073713 -0.05296087 0.9501147
vn 0.2648826 0.06121596 0.9623356
vn 0.354523 -0.01751419 0.9348833
vn 0.3231903 0.09059347 0.9419877
vn -0.3243681 -0.07377197 -0.9430499
vn -0.2402858 -0.06821529 -0.9683024
vn -0.2750843 -0.3269725 -0.9041114
vn 0.07160261 0.9289025 0.3633364
vn 0.1097445 0.9327594 0.3433892
vn -0.05266091 -0.9839438 -0.1705326
vn 0.09238487 0.8986902 0.4287435
vn 0.1606133 0.890278 0.4261554
vn 0.1661753 0.7679349 0.6185966
vn 0.2683331 0.4061704 0.8735118
vn 0.3298487 0.6349838 0.6985666
vn -0.1780828 -0.7283961 -0.6616083
vn 0.07212882 0.9018381 0.4260111
vn -0.1414726 -0.8918019 -0.4297382
vn -0.09472383 -0.9294707 -0.3565273
vn -0.4691254 -0.08302889 -0.8792198
vn -0.4728219 -0.3154022 -0.8227764
vn -0.4803617 -0.1435825 -0.8652379
vn -0.4125274 -0.1712966 -0.8946947
vn -0.4163992 -0.02467049 -0.9088471
vn -0.3497854 0.004608458 -0.9368185
vn 0.4080041 0.04809862 0.9117122
vn 0.4632318 0.2567008 0.8482458
vn 0.3880004 0.2565736 0.8852262
vn 0.4744981 0.06454409 0.877887
vn 0.4334843 -0.03239234 0.9005788
vn -0.4538294 -0.0317538 -0.8905226
vn -0.2699146 -0.776436 -0.5694675
vn -0.174446 -0.8984681 -0.402894
vn 0.2088136 0.9064415 0.3670976
vn 0.1555993 0.9832003 0.09542541
vn -0.1304792 -0.9416048 -0.3104118
vn -0.2157585 -0.8958013 -0.3885722
vn 0.2000859 0.9414085 -0.2715064
vn 0.0999711 0.9653884 -0.2408964
vn -0.07058436 -0.9887171 -0.1321219
vn -0.3613958 -0.4531477 -0.8148928
vn -0.4087468 -0.606374 -0.6820826
vn 0.2707098 0.8225331 0.5001554
vn 0.4229623 0.6121721 0.6680929
vn 0.3129469 0.8229905 0.4740788
vn 0.1888506 0.9421775 0.276834
vn -0.260857 -0.6460801 -0.7173104
vn -0.6170892 0.0001995096 -0.7868932
vn -0.617438 -0.0001056149 -0.7866195
vn -0.7073381 0.0005847792 -0.7068751
vn 0.1847228 0.9074485 0.3773789
vn -0.8724708 -0.0004626212 -0.4886661
vn -0.7970779 0.001145444 -0.6038753
vn -0.8476713 0.001127061 -0.5305206
vn -0.968523 0.0003328764 -0.248924
vn -0.9413632 -0.000322963 -0.3373946
vn -0.9733452 -0.0001408598 -0.229345
vn -0.7021529 -0.0002023437 -0.7120262
vn -0.7773521 -0.0009117828 -0.6290651
vn -0.9925994 -0.0001193004 -0.1214354
vn -0.9924957 0.0006974291 -0.1222772
vn -0.9999946 -0.0003614185 0.003230625
vn -0.9999998 -0.0001244404 -0.0005935259
vn -0.9999816 -0.006032671 0.0006253402
vn -0.9999982 0.00189099 -5.863503e-05
vn 0.3045767 0.9298257 0.2065363
vn -0.333306 -0.9208757 -0.2022254
vn 0.964075 -0.2439383 0.1051351
vn 0.2088128 -0.9773898 -0.033263
vn 0.4014575 -0.9144123 -0.05178948
vn -0.5241789 0.8488454 -0.06854213
vn -0.3356107 0.9364922 -0.1017237
vn 0.5474883 0.7603502 0.3494627
vn 0.6107683 0.7831567 0.1167378
vn -0.05542951 0.9983572 -0.01450292
vn -0.08250627 0.9936907 -0.07597063
vn -0.5825124 -0.7544903 -0.3023638
vn -0.3385521 -0.9358237 -0.09806386
vn 0.9565728 -0.2899954 -0.02951554
vn 0.953538 -0.3001881 0.02553839
vn 0.5713909 -0.810035 0.1317409
vn 0.8919798 -0.4018833 0.2070309
vn -0.4033411 0.8813043 -0.2462086
vn -0.4944257 0.7301453 -0.4716262
vn -0.5951604 0.774973 -0.2126052
vn 0.01321764 -0.9984112 0.05477574
vn -0.1294874 -0.9878309 -0.08615743
vn -0.2873239 -0.9510382 -0.1138917
vn 0.04735379 -0.99155 0.1207727
vn 0.1649236 -0.948729 0.2696546
vn -0.1215585 0.9830559 -0.1372032
vn -0.2140083 0.9340667 -0.2858666
vn -0.9999995 -0.0003500004 -0.0009540584
vn 0.09631389 -0.930671 0.352952
vn -0.01613371 -0.9873745 -0.1575793
vn -0.2561863 -0.2243787 -0.9402249
vn -0.1554554 -0.5320876 -0.8322959
vn -0.1813146 0.8722239 -0.4542582
vn 0.2223111 -0.7681034 0.6004955
vn 0.3177949 -0.5165173 0.7951202
vn 0.3800593 -0.5751626 0.7243915
vn -0.2612757 0.6340379 -0.7278262
vn -0.2415512 0.7071105 -0.6645659
vn -0.2906125 0.8122816 -0.5057104
vn 0.3037907 -0.5608277 0.7701841
vn -0.3263035 0.444754 -0.8340983
vn -0.07528093 0.99231 -0.09825242
vn -0.113718 0.9690284 -0.2192081
vn 0.04692212 -0.9963138 0.07181306
vn 0.1744781 -0.8882517 0.424931
vn -0.3544707 -0.0464555 -0.9339124
vn -0.02543147 -0.9795756 -0.1994614
vn -0.2678401 -0.917915 -0.2927352
vn 0.05554977 -0.9962043 0.06701725
vn -0.3530144 0.2689294 -0.896135
vn 0.3405957 -0.3449759 0.8746349
vn -0.5287132 -3.756891e-05 -0.8488005
vn -0.3104761 0.6021016 -0.7355801
vn 0.4071819 -0.19505 0.8922771
vn -0.4063261 0.1413374 -0.9027308
vn -0.3345048 0.121038 -0.9345888
vn 0.355204 -0.06141316 0.9327693
vn 0.4486036 -0.01166189 0.8936547
vn 0.424989 -0.1030044 0.8993189
vn -0.4404343 0.04221271 -0.8967919
vn -0.3432297 0.03318514 -0.9386651
vn -0.5203549 0.4939667 -0.6965827
vn -0.3375855 0.427519 -0.8386081
vn 0.3188895 -0.3252819 0.8902253
vn -0.4934597 0.2391203 -0.836253
vn -0.6653036 0.26788 -0.6968583
vn -0.6932698 0.4245583 -0.5823463
vn -0.6762651 0.6006745 -0.4264454
vn 0.2828193 -0.01767845 0.9590102
vn 0.2985462 0.0861531 0.9504988
vn -0.459323 0.08332171 -0.8843529
vn -0.4502426 -0.01603458 -0.8927623
vn -0.6286657 0.09685607 -0.7716206
vn -0.3923419 -0.07345897 -0.9168814
vn -0.3039232 -0.08722472 -0.9486952
vn 0.3039347 -0.1537143 0.9402105
vn 0.3390016 -0.1874757 0.9219168
vn 0.9193785 -0.07467581 0.3862212
vn 0.9592268 -0.005077642 0.2825918
vn 0.8834337 -0.02223567 0.4680282
vn -0.9999997 3.306334e-05 -0.0007875081
vn -0.9999995 0.0001211458 -0.001023225
vn -0.5839027 -0.06944229 -0.8088481
vn -0.2147162 -0.9430444 -0.2540948
vn -0.2213624 -0.9362726 -0.2727493
vn -0.1746357 -0.9746312 -0.1399869
vn -0.8990924 0.001631805 -0.437756
vn -0.9258754 -0.0003988745 -0.3778285
vn -0.9999828 -0.004981754 -0.003092317
vn -0.9999918 -0.003181931 -0.002491875
vn -0.999966 -0.00821711 -0.0006423843
vn -0.2976035 0.9536322 -0.04491827
vn -0.3157315 0.9471461 -0.05681279
vn -0.2951012 0.9542301 -0.04858461
vn -0.3617045 -0.9268522 -0.1005728
vn 0.8239381 0.5647587 0.04662171
vn 0.9599512 0.2779022 0.03555503
vn -0.518065 0.8206906 -0.2409888
vn -0.3775243 -0.904554 -0.1981348
vn 0.9586441 0.2664219 0.1001047
vn 0.8698158 0.4823375 0.1037847
vn 0.8653194 0.4554074 0.2093474
vn 0.1539059 0.9699318 0.1885342
vn 0.1445738 0.9610391 0.2355892
vn -0.04431084 0.9912251 -0.1245361
vn 0.1032016 0.9829109 0.1524326
vn 0.2465696 0.8968459 0.3672476
vn 0.09293507 0.9882147 0.1216342
vn -0.5500248 -0.8211836 -0.1520859
vn 0.4469938 0.1132464 0.8873397
vn 0.3540504 0.2479146 0.9017686
vn 0.4722714 0.2605769 0.8420567
vn -0.4134649 -0.228796 -0.8813053
vn 0.3409308 0.5322681 0.7748916
vn 0.4923851 0.3442065 0.7994239
vn 0.3898393 0.1384865 0.9104103
vn -0.485246 -0.3002463 -0.8212116
vn 0.1333142 0.4063706 0.9039304
vn -0.439993 0.0002583612 -0.8980011
vn -0.519945 -0.0006451803 -0.8541995
vn -0.2623326 -0.8863088 -0.3816256
vn -0.1629598 0.1225256 -0.9789951
vn -0.09757745 0.04773816 -0.9940824
vn -0.1215637 0.721853 -0.6812859
vn 0.2602007 0.8960956 0.3595947
vn 0.4565296 0.498798 0.7367369
vn 0.2725854 0.9071138 0.3206895
vn 0.273119 0.8614672 0.4281123
vn -0.2531665 -0.8910087 -0.3768424
vn -0.3129673 -0.7851171 -0.5344554
vn -0.3243785 -0.790556 -0.5194227
vn 0.154308 0.9862942 -0.05841944
vn -0.1700769 0.9821448 -0.08040813
vn -0.139989 0.9213423 -0.3626727
vn -0.224659 0.7111542 -0.6661743
vn -0.389901 -0.4257584 -0.8165212
vn -0.4554561 -0.4878779 -0.744671
vn -0.4225869 -0.6120948 -0.6684012
vn 0.3702159 0.7325079 0.5712901
vn 0.2820191 0.2624058 0.9228263
vn 0.2699042 0.0898081 0.9586898
vn 0.9552389 0.1958291 0.221742
vn 0.8713145 0.2544866 0.4195803
vn 0.8720571 0.1371111 0.4698052
vn 0.8841734 0.04526911 0.4649602
vn 0.3923073 0.0137593 0.9197313
vn -0.4215346 -0.2006593 -0.8843328
vn -0.3474793 -0.6259472 -0.6981748
vn -0.4234532 -0.7906082 -0.4422965
vn -0.4441427 -0.6699445 -0.5949048
vn -0.3950803 -0.8686691 -0.298874
vn 0.3121711 0.7487453 0.5847476
vn 0.2880056 0.7529128 0.5917558
vn -0.4299592 -0.5338775 -0.7280864
vn 0.8796775 0.3795421 0.2865579
vn -0.3766167 -0.4322899 -0.81932
vn -0.5877578 -0.4724417 -0.6567645
vn -0.3064919 -0.2925646 -0.9057972
vn -0.9967716 -0.06571542 -0.04612857
vn 0.3010052 0.51324 0.8037291
vn -0.589128 -0.6641136 -0.4603057
vn 0.001063264 0.9999995 3.182568e-05
vn 0.9999998 -0.0005468698 0.0001954035
vn 0.9999999 7.129216e-05 -0.000165832
vn 0.7147896 0.6993394 0.0003045011
vn 0.0002225745 -0.009715253 0.9999529
vn 0.005154242 -0.002177041 0.9999843
vn 0.2075491 -0.007822704 0.9781933
vn 0.2616799 0.3730109 0.890161
vn 0.6602336 0.006111009 0.7510354
vn 0.9947481 -0.09698235 0.03272287
vn 0.9957694 -0.08851374 0.02466718
vn 0.995716 -0.09124185 0.0149861
vn 0.1177793 -0.8249205 0.552842
vn -0.8600748 -0.42233 0.2861971
vn 0.3314728 0.3053305 0.892692
vn 0.9926916 -0.1018247 -0.06477009
vn 0.3131184 0.6902437 0.6523194
vn -0.8894979 -0.4126092 -0.196334
vn -0.02478169 -0.7989211 -0.6009251
vn 0.03089227 0.09658627 0.9948451
vn -0.002954374 -0.00220737 0.9999933
vn 0.0004979867 -0.0006208757 0.9999996
vn 0.1509321 -0.9883025 0.02185487
vn 0.4196174 -0.09871121 0.9023177
vn -0.7062616 -0.1069163 -0.6998309
vn -0.6671894 -0.4463735 -0.5963296
vn -0.6597073 -0.3250191 -0.6776052
vn -0.6529457 -0.4954748 -0.5728583
vn -0.1179956 0.9925527 0.0302689
vn -0.1388983 0.9890149 -0.05056335
vn -0.04536536 0.993283 0.1064463
vn 0.3779973 -0.9258043 -0.002122144
vn 0.001929988 -0.9999808 0.005885612
vn -0.5364202 -0.6151533 -0.5777887
vn 0.01625957 -0.1615479 0.9867309
vn -0.1788348 0.9702941 0.1629343
vn 0.423821 0.7592271 0.493913
vn 0.3425077 -0.9393621 -0.01694936
vn 0.215295 0.9628083 0.1632431
vn 0.1405132 -0.9900787 -0.0005778113
vn -0.01477399 0.9998627 0.007507311
vn 0.237341 -0.9673948 0.08841083
vn 0.3057339 -0.8194966 0.4847186
vn 0.1515715 -0.9849481 0.08308592
vn 0.2004469 -0.3604988 -0.9109675
vn -0.9640923 -0.003793602 -0.2655403
vn 0.1966989 -0.5802074 -0.79036
vn 0.2784071 -0.1127909 -0.9538175
vn 0.001059839 -0.000222924 0.9999994
vn -0.004625196 -0.003186424 0.9999843
vn 0.4264968 0.4703507 0.7725741
vn 0.1226324 0.01965885 -0.9922574
vn -0.8851972 0.4291405 -0.1796225
vn -0.7062885 0.6497558 -0.2810231
vn 0.1521099 0.0706145 -0.9858378
vn -0.6907907 0.6662517 -0.2809218
vn -0.9997757 0.008175727 -0.01953773
vn 0.1532054 0.3513141 -0.9236377
vn 0.001309726 0.0007005141 -0.9999989
vn 0.843178 0.5376289 0.002453069
vn 0.8437671 0.5367031 0.002622388
vn 0.8535936 0.5199669 0.03181455
vn -0.5640297 -0.4252969 -0.7078087
vn -0.007095122 -0.003874022 -0.9999673
vn -0.006676621 -0.004992504 -0.9999653
vn 0.9930457 -0.1159536 -0.02036574
vn 0.2328216 -0.002077346 -0.9725173
vn -0.3606261 0.1334254 -0.9231178
vn -0.9848068 0.05592374 -0.1644023
vn 0.7912323 0.6115127 -0.001920475
vn -0.1932379 -0.5997505 0.776504
vn 0.1282678 -0.9912882 -0.02991981
vn -0.439168 -0.8367811 0.3269997
vn 0.9975286 -0.05861544 0.03874006
vn 0.9972532 -0.05682379 0.0475101
vn 0.9281467 -0.3055305 0.2125907
vn 0.008467664 -0.1464381 -0.9891836
vn -0.05276231 -0.5506057 0.8330963
vn -0.09933944 -0.7786351 -0.6195636
vn -0.8658158 -0.4775093 0.1494912
vn 0.08168557 0.02221793 0.9964105
vn -0.6417127 0.7668878 -0.009369106
vn -0.9992978 0.008687096 -0.03644926
vn 0.9843871 0.1760171 2.566652e-05
vn -0.4417098 0.8629187 -0.2454871
vn -0.5336105 -0.8058699 -0.2565805
vn -0.8986461 0.2348824 -0.3704935
vn -0.8636875 0.1919873 -0.4660308
vn -0.8794473 0.2100393 -0.4271488
vn -0.9989294 -0.02330053 -0.03996215
vn -0.955395 0.05526308 -0.2901148
vn -0.7689402 0.5903201 -0.245465
vn -0.73301 0.6386661 -0.2340984
vn -0.7483009 0.65405 -0.1107445
vn -0.838419 0.1658676 -0.5191742
vn -0.9993727 -0.02089474 -0.02859675
vn -0.4152242 -0.8958648 -0.1581619
vn -0.8610613 -0.1992662 -0.4678316
vn 0.6020011 0.7812502 0.1650538
vn 0.1998048 0.9744362 0.1027238
vn 0.03456837 0.9993973 -0.003183364
vn -0.007205069 0.9978204 0.06559257
vn -0.01186539 0.9972435 0.07324374
vn -0.002315428 0.9998055 -0.01958594
vn -0.07391714 0.9818428 0.174703
vn 0.08337451 -0.9313874 -0.3543532
vn 0.1477143 -0.8148224 -0.5605755
vn 0.04857031 -0.9166833 0.3966517
vn 0.1890261 -0.7694376 -0.6101106
vn 0.6263637 -0.6755939 0.3888977
vn 0.5502751 -0.0003893695 0.8349833
vn -0.5298111 0.6824886 -0.5034974
vn -0.589973 0.6679255 -0.4536601
vn -0.2127166 0.9569374 -0.1975417
vn -0.5959288 0.7381278 -0.3162849
vn -0.6875337 0.4968077 -0.5296032
vn 0.06702801 0.9454433 -0.3188165
vn 0.07389303 0.9213762 -0.3815832
vn 0.4114104 0.07214729 -0.9085903
vn 0.4683953 0.0556143 -0.881767
vn -0.4589732 -0.04506833 0.8873063
vn 0.1357405 0.8297181 0.5414262
vn 0.03167978 -0.7247047 0.688331
vn -0.5937977 0.002295997 0.804611
vn 0.885244 -0.392264 -0.249944
vn 0.9146855 -0.1902577 -0.3565844
vn -0.9999745 0.004441491 0.005593859
vn 0.896993 -0.08887201 -0.4330189
vn -0.3977047 -0.07519941 0.9144266
vn -0.06824696 0.9917403 0.1085976
vn -0.7383484 0.000620485 0.6744193
vn -0.7565632 -0.0006469434 0.6539202
vn -0.682259 -0.0003439322 0.7311106
vn -0.999989 0.003796137 0.002749281
vn -0.9999973 0.002337995 0.0003488629
vn 0.1010987 -0.9913793 -0.0833436
vn -0.5925951 0.7778535 0.2092245
vn -0.5420899 0.8345493 0.09831599
vn -0.03937583 -0.1038031 0.9938182
vn -0.860641 -0.445676 0.246313
vn -0.2668007 -0.9622508 0.05376525
vn 0.09292115 -0.991765 -0.08813528
vn -0.117046 0.9558923 0.2693886
vn -0.1586119 0.9096807 0.3838271
vn -0.9999998 -0.0005026922 -0.0005985849
vn -0.9999939 -0.0023256 0.002602163
vn 0.8580158 0.4895669 -0.1553493
vn 0.1691101 0.9690801 -0.1796819
vn 0.3574589 0.9250801 0.1282579
vn 0.04742547 0.992148 0.1157293
vn 0.02502578 0.9995285 -0.01779146
vn -0.9820696 -0.1884107 -0.006360734
vn 0.009663764 -0.9999533 1.482937e-05
vn -0.828645 -0.5596089 -0.01361169
vn -0.8416645 -0.5391896 0.0295895
vn 0.007685984 -0.04576618 0.9989227
vn -0.3752168 -0.3877506 0.8419393
vn 0.001419277 -0.002641621 0.9999954
vn 0.1806514 -0.007078764 0.9835218
vn 0.9986964 -0.03715817 -0.03499655
vn 0.9683999 -0.1851622 -0.1670825
vn 0.3558076 -0.9312665 0.07838036
vn 0.01398 -0.7324581 -0.6806686
vn 0.6979875 0.04563492 0.7146544
vn -0.355466 0.05241298 0.9332185
vn 0.4393903 0.0005102201 0.8982961
vn -0.1721973 0.05529378 0.9835094
vn -0.7613903 -0.6056426 -0.2312614
vn 0.9498835 -0.311956 -0.02011743
vn -0.01190994 0.999929 -0.000313461
vn 0.382018 -0.9241361 -0.005894673
vn 0.02828852 -0.9995921 0.003899037
vn -0.8387762 -0.5184076 -0.1664571
vn -0.9901778 -0.137038 0.02772618
vn 0.6751187 -0.7377023 0.003168946
vn -0.0005105958 -0.002004215 0.9999979
vn -0.5288674 -0.04701309 0.8474014
vn -0.03624177 -0.5183755 -0.8543848
vn 0.9978199 -0.01798287 -0.06349913
vn 0.9702199 0.2334074 -0.06476321
vn 0.05674197 0.9983454 -0.009318513
vn -0.9391249 0.3263274 0.1074928
vn -0.9434351 0.3302104 0.02985565
vn -0.9399407 0.3268964 0.09823543
vn -0.9311534 0.3215632 0.1719024
vn -0.01498936 0.9998809 -0.003681453
vn 0.9020918 -0.0008629383 -0.4315435
vn 0.8646811 0.01593614 -0.5020685
vn 0.3426522 0.9394621 -0.0006431229
vn -0.7850881 0.02486726 0.6188847
vn 0.03125964 0.9944114 -0.1008394
vn -0.7143521 0.3953266 0.5774236
vn -0.7629334 0.1457449 0.6298341
vn -0.7651675 0.1499691 0.6261213
vn -0.9849045 -0.1729516 0.007127111
vn -0.8257585 0.5610693 0.05765494
vn 0.4308035 0.001998368 -0.9024435
vn 0.7075336 0.7066795 -0.0005685944
vn 0.9934736 -0.1140357 0.002470003
vn 0.0007656881 0.9999997 -7.363047e-05
vn -0.3092583 -0.9332286 0.1828759
vn 0.8579642 0.5137078 -0.001343312
vn 0.9951749 -0.09111196 -0.03640906
vn 0.01971025 0.9656559 -0.2590756
vn 0.0552162 0.04156233 -0.997609
vn -0.09123529 -0.8671775 -0.4895705
vn -0.1284337 -0.8392503 -0.5283594
vn 0.01236536 -0.9273062 -0.3740994
vn 0.5811446 0.5893472 -0.5611958
vn 0.05143612 -0.8291109 0.556713
vn 0.02517714 -0.9491373 0.3138545
vn 0.843426 0.04057867 -0.5357108
vn 0.06764784 -0.3328853 -0.9405377
vn -0.1550097 0.8289368 -0.5374345
vn -0.999998 0.001549581 -0.001257101
vn -0.9949416 0.08487505 0.05373441
vn -0.5905348 -0.06281406 -0.8045639
vn -0.9558836 0.2269947 -0.1864401
vn 0.9415812 -0.3367756 0.002643912
vn 0.6824398 0.7258809 -0.08586589
vn 0.8658661 0.467467 -0.1781869
vn 0.5991919 -0.7943918 0.09955184
vn 0.6215404 -0.7833806 -0.001562626
vn -0.2279046 -0.9293481 0.2904681
vn -0.835842 -0.3223872 0.4443363
vn 0.49956 -0.8235133 -0.2688224
vn 0.4674995 -0.1691708 -0.8676552
vn -0.8009271 -0.1976323 0.5652056
vn -0.2630607 -0.9364107 0.2322371
vn 0.6913826 -0.08010484 -0.7180344
vn 0.9305243 -0.0171384 -0.3658291
vn -0.1197903 0.6835797 -0.7199784
vn -0.0307154 0.9970573 -0.07023792
vn -0.6163669 -0.7408786 0.2668158
vn -0.001984679 0.999091 -0.04258374
vn -0.0971672 0.9940324 -0.04957758
vn -0.06091182 0.9670796 -0.2470762
vn -0.9669161 -0.2541707 0.02169392
vn -0.8458656 -0.5150962 0.1385178
vn 0.1164747 -0.7686655 0.6289571
vn 0.05435088 -0.9444116 -0.3242416
vn 0.2666009 -0.2776282 -0.9229553
vn 0.152842 -0.3697883 -0.9164583
vn 0.01392971 0.1401076 -0.9900383
vn 0.738581 0.5389754 -0.4049736
vn 0.4216838 0.2343779 -0.875928
vn -0.1649487 0.843446 0.511264
vn -0.1425499 0.7200959 0.6790739
vn -0.03357936 0.998971 0.03048293
vn -0.5944526 0.666527 0.4498532
vn 0.8172128 0.05288625 -0.5739044
vn -0.01844173 0.999381 -0.02995965
vn -0.1271666 0.9822919 0.1375907
vn -0.01251449 0.9998378 -0.01295068
vn -0.007452215 0.999918 -0.01041043
vn -0.09745375 -0.9405529 -0.3253661
vn 0.2046071 -0.4203067 -0.8840126
vn 0.5786332 0.6754652 -0.4570891
vn 0.0558268 0.9493483 0.3092267
vn -0.07688421 0.991145 -0.1082605
vn 0.3571299 0.8069989 0.4703307
vn 0.2075449 0.7804632 0.5897477
vn 0.9708195 -0.107856 0.2141884
vn -0.9961578 0.08756791 0.001195912
vn -0.3333689 -0.9374 -0.1007295
vn 0.2483096 -0.8888499 0.3850819
vn -0.2974846 -0.0007165592 -0.9547263
vn -0.01443873 -0.9916663 -0.1280216
vn -0.3727541 0.000333362 -0.9279302
vn -0.438528 0.0006189129 -0.8987173
vn 0.2889168 -0.7354465 0.6128992
vn 0.3202732 -0.54369 0.7757747
vn -0.9999998 0.0007297199 0.0001887542
vn 0.9109084 -0.1284841 0.3920942
vn 0.9210644 -0.247903 0.3003072
vn -0.9999989 0.001220006 0.0008465917
vn 0.925396 -0.2791704 0.256332
vn 0.4094236 0.8955228 -0.1743882
vn -0.5444004 0.7949901 -0.2676173
vn 0.1078522 0.9831188 0.1478011
vn 0.1276358 0.9836456 0.1270841
vn -0.5666171 -0.7722802 -0.2872775
vn -0.2541583 0.6885401 -0.6792025
vn -0.1882598 0.7271853 -0.660121
vn -0.09018936 0.6252543 -0.7751923
vn 0.1052088 0.4644366 -0.8793349
vn -0.5806239 -0.2404293 -0.7778621
vn -0.9997515 0.0001261068 -0.02228975
f 728//1 1//2 2//3
f 9//4 761//5 728//1
f 38//6 30//7 243//8
f 1//2 229//9 112//10
f 114//11 1//2 112//10
f 115//12 1//2 114//11
f 117//13 2//3 115//12
f 9//14 2//3 117//13
f 250//15 249//16 3//17
f 222//18 271//19 30//20
f 5//21 4//22 222//23
f 248//24 3//17 129//25
f 9//4 128//26 22//27
f 129//25 3//17 130//28
f 3//17 761//29 22//30
f 38//31 269//32 30//33
f 49//34 269//32 11//35
f 134//36 12//37 181//38
f 10//39 49//40 11//41
f 9//14 127//42 128//43
f 9//14 117//13 127//42
f 135//44 40//45 13//46
f 6//47 125//48 43//49
f 135//44 175//50 35//51
f 10//52 38//53 14//54
f 18//55 14//54 38//53
f 133//56 135//44 17//57
f 15//58 12//37 132//59
f 14//60 18//60 15//60
f 21//61 19//62 248//63
f 19//62 18//64 248//63
f 120//65 17//57 8//66
f 126//67 6//68 16//69
f 248//63 18//64 38//6
f 20//70 14//71 16//72
f 10//73 14//71 20//70
f 7//74 43//74 20//74
f 43//75 10//75 20//75
f 84//76 83//77 287//78
f 30//33 80//79 83//80
f 29//81 33//82 32//83
f 276//84 79//85 32//83
f 25//86 59//87 68//88
f 31//89 28//90 32//83
f 63//91 26//91 32//91
f 31//92 26//93 25//86
f 28//94 82//95 29//96
f 28//94 25//86 82//95
f 31//92 25//86 28//94
f 27//97 70//98 71//99
f 175//50 34//100 35//51
f 62//101 63//102 30//33
f 39//103 36//104 37//105
f 34//100 36//106 40//45
f 181//38 39//107 37//108
f 42//109 36//106 34//100
f 54//110 37//111 36//112
f 58//113 56//114 51//115
f 51//115 54//110 58//113
f 37//108 51//116 182//117
f 61//118 23//119 56//120
f 182//117 51//116 41//121
f 42//109 180//122 52//123
f 179//124 177//125 44//126
f 173//127 42//109 34//100
f 51//116 64//128 50//129
f 56//120 64//128 51//116
f 53//130 55//131 59//87
f 58//132 53//130 59//87
f 177//125 176//133 88//134
f 24//135 23//119 61//118
f 56//120 69//136 64//128
f 57//137 59//87 26//93
f 59//87 55//131 68//88
f 55//131 44//126 89//138
f 176//133 264//139 88//134
f 53//130 52//123 55//131
f 179//124 44//126 52//123
f 42//109 52//123 53//130
f 50//129 64//128 47//140
f 44//126 55//131 52//123
f 50//129 47//140 46//141
f 48//142 50//129 46//141
f 48//143 46//144 49//40
f 49//40 46//144 45//145
f 48//146 178//147 50//148
f 41//121 50//129 178//149
f 46//141 47//140 45//150
f 45//151 87//152 86//153
f 88//134 89//138 44//126
f 66//154 288//155 305//156
f 72//157 71//99 70//98
f 69//136 67//158 64//128
f 68//88 89//138 66//154
f 76//159 25//86 74//160
f 77//161 74//160 290//162
f 25//86 68//88 74//160
f 75//163 291//164 293//165
f 74//160 66//154 306//166
f 272//167 301//168 288//155
f 27//97 72//157 70//98
f 78//169 77//161 294//170
f 80//171 282//172 283//173
f 75//174 72//174 81//174
f 72//175 73//175 81//175
f 33//176 81//177 73//178
f 78//179 75//180 81//181
f 78//169 76//159 77//161
f 33//176 82//95 81//177
f 83//77 80//171 286//182
f 269//183 275//184 27//185
f 267//186 65//187 274//188
f 87//152 65//187 267//186
f 88//134 264//139 272//167
f 269//183 313//189 268//190
f 89//138 88//134 272//167
f 388//191 264//139 217//192
f 86//193 85//194 265//195
f 86//193 265//195 313//196
f 87//152 85//197 86//153
f 45//145 86//193 313//196
f 98//198 99//199 97//200
f 421//201 98//198 90//202
f 98//198 94//203 90//202
f 107//204 106//205 105//206
f 105//206 106//205 101//207
f 101//207 106//205 103//208
f 101//207 103//208 100//209
f 100//209 103//208 334//210
f 103//208 104//211 334//210
f 110//212 116//213 106//205
f 91//214 421//215 416//216
f 94//203 95//217 328//218
f 90//202 94//203 420//219
f 96//220 328//218 95//217
f 114//11 111//221 113//222
f 109//223 115//12 113//222
f 117//13 115//12 116//213
f 93//224 434//225 92//226
f 395//227 214//228 93//229
f 320//230 395//227 92//226
f 102//231 105//206 101//207
f 102//231 101//207 99//199
f 94//203 466//232 420//219
f 100//209 334//210 96//220
f 101//207 100//209 99//199
f 97//200 100//209 95//217
f 420//219 466//232 464//233
f 96//220 334//210 327//234
f 16//69 123//235 126//67
f 123//236 122//237 125//238
f 119//239 141//240 120//65
f 127//42 117//13 116//213
f 130//28 143//241 129//25
f 121//242 146//242 166//242
f 121//243 118//244 146//245
f 119//239 129//25 143//241
f 128//43 127//42 147//246
f 139//247 119//239 143//241
f 132//59 121//243 123//235
f 121//248 122//237 123//236
f 164//249 133//56 136//250
f 141//240 124//251 120//65
f 147//246 110//212 105//206
f 107//204 110//212 106//205
f 147//252 143//241 128//26
f 125//48 122//253 43//49
f 133//56 165//254 135//44
f 181//38 209//255 131//256
f 133//56 164//249 165//254
f 405//257 153//258 410//259
f 91//260 142//261 98//198
f 142//261 105//206 102//231
f 141//240 406//262 136//250
f 406//262 141//240 137//263
f 411//264 154//265 138//266
f 214//228 154//265 411//264
f 141//240 136//250 124//251
f 141//240 139//247 137//263
f 118//244 166//267 146//245
f 118//244 144//268 145//269
f 145//270 166//270 118//270
f 139//247 143//241 407//271
f 145//272 140//273 166//274
f 144//268 140//275 145//269
f 144//268 163//276 140//275
f 140//273 162//277 166//274
f 91//260 98//198 421//201
f 143//241 147//252 142//261
f 147//246 105//206 142//261
f 160//278 159//279 161//280
f 160//278 157//281 159//279
f 159//279 158//282 156//283
f 162//277 161//284 159//285
f 191//286 189//287 148//288
f 131//256 152//289 160//278
f 408//290 191//286 150//291
f 164//249 155//292 165//254
f 150//293 148//294 408//295
f 156//283 152//296 151//297
f 166//274 159//285 169//298
f 409//299 487//300 149//301
f 197//302 196//303 151//297
f 191//304 148//304 150//304
f 214//228 215//305 191//286
f 152//289 209//255 197//306
f 131//256 160//278 163//276
f 169//298 196//307 193//308
f 163//276 160//278 161//280
f 163//276 161//280 162//309
f 181//38 37//108 174//310
f 211//311 169//312 210//313
f 206//314 173//127 175//50
f 169//298 48//146 122//253
f 212//315 180//122 42//109
f 168//316 179//124 180//122
f 169//298 170//317 178//147
f 167//318 176//133 177//125
f 212//315 187//319 168//316
f 216//320 217//192 176//133
f 180//122 212//315 168//316
f 211//311 172//321 170//322
f 41//121 171//323 172//321
f 209//255 181//38 174//310
f 174//310 211//311 209//255
f 173//127 199//324 212//315
f 37//108 172//321 174//310
f 173//127 34//100 175//50
f 489//325 184//326 517//327
f 208//328 206//314 175//50
f 185//329 198//330 167//318
f 198//330 216//320 167//318
f 205//331 210//332 203//333
f 196//303 192//334 193//335
f 494//336 187//319 199//324
f 200//337 202//338 201//339
f 194//340 202//338 200//337
f 200//341 201//342 207//343
f 202//338 203//344 201//339
f 203//344 204//345 205//346
f 207//343 203//333 210//332
f 204//345 211//311 205//346
f 211//311 204//345 202//347
f 194//348 211//311 202//347
f 195//349 496//350 206//314
f 192//334 207//351 193//335
f 190//352 189//287 188//353
f 207//343 210//332 193//308
f 149//301 195//349 208//328
f 494//336 185//329 187//319
f 494//336 199//324 206//314
f 215//305 188//353 189//287
f 188//354 184//354 499//354
f 390//355 186//356 215//305
f 186//356 390//355 479//357
f 198//330 480//358 216//320
f 390//355 476//359 481//360
f 287//361 286//362 223//363
f 218//364 251//365 280//366
f 251//367 221//368 280//369
f 251//370 230//371 221//372
f 221//373 220//374 281//375
f 221//376 776//377 220//378
f 218//379 779//380 224//381
f 776//377 284//382 220//378
f 776//377 221//376 225//383
f 240//384 253//385 727//386
f 342//387 260//388 228//389
f 343//390 260//388 342//387
f 229//9 260//388 343//390
f 253//385 232//391 233//392
f 254//393 252//394 234//395
f 233//396 230//371 251//370
f 1//2 728//1 229//9
f 250//397 240//384 727//386
f 231//398 227//399 261//400
f 261//400 230//401 231//398
f 231//402 230//371 232//403
f 270//404 313//405 242//406
f 247//407 238//408 246//409
f 263//410 245//411 238//412
f 255//413 233//392 226//414
f 230//415 261//415 234//415
f 252//416 254//417 225//383
f 235//418 227//399 231//398
f 235//419 231//420 237//421
f 236//422 235//423 237//424
f 237//421 231//420 232//425
f 243//426 270//404 242//406
f 239//427 237//428 240//384
f 236//422 239//429 241//430
f 238//408 254//393 234//395
f 238//431 234//431 263//431
f 234//432 261//400 725//433
f 262//434 758//435 246//436
f 262//437 263//410 757//438
f 263//410 234//432 725//433
f 246//439 726//440 247//441
f 759//442 943//443 249//16
f 760//444 257//445 259//446
f 260//388 760//444 259//446
f 259//446 228//389 260//388
f 256//447 259//446 257//445
f 258//448 259//446 386//449
f 259//446 256//447 386//449
f 257//445 724//450 863//451
f 247//441 225//383 254//417
f 267//186 274//188 273//452
f 273//452 266//453 267//186
f 266//453 273//452 311//454
f 264//139 310//455 272//167
f 388//191 310//455 264//139
f 310//455 794//456 272//167
f 265//195 311//454 312//457
f 279//458 297//459 285//460
f 281//375 284//461 277//462
f 297//463 278//464 298//465
f 277//466 279//467 281//468
f 281//468 279//467 280//369
f 280//366 279//458 218//364
f 83//77 286//182 287//78
f 271//469 283//470 282//471
f 271//469 282//471 276//472
f 80//171 283//173 286//182
f 279//458 285//460 219//473
f 284//461 299//474 298//475
f 65//187 302//476 274//188
f 292//477 289//478 71//99
f 307//479 292//477 293//165
f 308//480 294//170 290//162
f 288//155 301//168 303//481
f 289//478 302//476 67//158
f 787//482 307//479 291//164
f 296//483 787//484 291//485
f 78//169 294//170 296//483
f 300//486 777//487 778//488
f 775//489 774//490 299//491
f 776//377 775//489 299//491
f 285//492 297//493 772//494
f 777//487 285//492 772//494
f 297//463 295//495 772//496
f 787//482 786//497 307//479
f 784//498 304//499 783//500
f 274//188 302//476 781//501
f 302//476 810//502 781//501
f 781//501 792//503 273//452
f 292//477 816//504 785//505
f 789//506 790//507 310//455
f 309//508 540//509 789//506
f 313//196 265//195 979//510
f 379//511 378//512 377//513
f 332//514 379//511 377//513
f 335//515 379//511 332//514
f 314//516 419//517 465//518
f 335//515 332//514 336//519
f 334//210 333//520 327//234
f 336//519 338//521 339//522
f 339//522 337//523 335//515
f 344//524 339//522 338//521
f 104//211 338//521 336//519
f 340//525 387//526 386//449
f 340//525 381//527 337//523
f 341//528 342//387 337//523
f 342//387 340//525 337//523
f 339//522 341//528 337//523
f 345//529 341//528 344//524
f 343//390 342//387 341//528
f 345//529 344//524 112//10
f 340//525 228//389 387//526
f 228//389 340//525 342//387
f 346//530 343//390 341//528
f 318//531 395//532 314//533
f 318//531 319//534 395//532
f 314//535 395//535 320//535
f 333//520 331//536 327//234
f 331//536 332//514 374//537
f 331//536 374//537 322//538
f 331//536 322//538 330//539
f 329//540 322//538 362//541
f 467//542 361//543 360//544
f 328//218 326//545 325//546
f 321//547 323//548 358//549
f 323//548 315//550 357//551
f 319//552 323//548 321//547
f 324//553 322//538 329//540
f 465//518 323//548 314//516
f 316//554 325//546 329//540
f 325//546 324//553 329//540
f 325//546 330//539 324//553
f 360//544 349//555 474//556
f 360//544 820//557 349//555
f 359//558 350//559 356//560
f 353//561 363//562 827//563
f 317//564 367//565 364//566
f 368//567 366//568 365//569
f 374//537 369//570 371//571
f 358//549 364//572 367//573
f 322//538 371//571 362//541
f 322//538 374//537 371//571
f 357//551 359//574 355//575
f 394//576 354//577 356//560
f 355//575 831//578 832//579
f 347//580 831//578 355//575
f 347//581 352//582 831//583
f 395//584 353//561 351//585
f 387//526 258//448 386//449
f 256//447 383//586 384//587
f 354//588 353//561 352//589
f 351//585 353//561 354//588
f 394//576 350//559 391//590
f 353//561 827//563 826//591
f 352//582 353//592 826//593
f 394//576 393//594 351//595
f 386//449 385//596 381//527
f 385//596 386//449 384//587
f 383//586 862//597 861//598
f 382//599 384//587 380//600
f 380//600 383//586 855//601
f 351//602 393//603 389//604
f 394//576 391//590 392//605
f 362//541 360//544 361//543
f 362//541 371//571 845//606
f 372//607 373//608 851//609
f 374//537 375//610 369//570
f 379//511 375//610 378//512
f 381//527 385//596 376//611
f 385//596 382//599 376//611
f 376//611 382//599 380//600
f 373//608 380//600 348//612
f 545//613 392//613 391//613
f 390//355 389//604 476//359
f 540//509 689//614 907//615
f 396//616 508//617 483//618
f 402//619 139//247 439//620
f 399//621 398//622 426//623
f 446//624 397//625 401//626
f 435//627 434//225 403//628
f 405//257 410//259 398//622
f 426//623 403//628 399//621
f 400//629 402//619 427//630
f 401//626 397//625 404//631
f 396//616 409//299 404//631
f 410//259 443//632 398//622
f 407//271 416//216 439//620
f 416//216 415//633 414//634
f 415//633 418//635 414//634
f 439//620 414//634 438//636
f 461//637 456//638 413//639
f 417//640 452//641 455//642
f 412//643 419//517 320//230
f 437//644 417//640 412//643
f 412//643 417//640 419//517
f 436//645 437//644 412//643
f 420//646 464//647 418//635
f 420//646 418//635 415//633
f 416//216 421//215 415//633
f 421//215 90//648 415//633
f 552//649 424//650 426//623
f 556//651 552//649 426//623
f 426//623 441//652 556//651
f 422//653 557//654 427//630
f 558//655 427//630 428//656
f 428//656 439//620 432//657
f 435//627 423//658 434//225
f 424//650 423//658 435//627
f 429//659 503//660 431//661
f 503//660 527//662 431//661
f 433//663 430//664 559//665
f 432//657 433//663 554//666
f 452//641 417//640 431//667
f 413//639 430//664 433//663
f 430//664 413//639 456//638
f 456//638 559//665 430//664
f 438//636 414//634 433//663
f 432//657 439//620 438//636
f 426//623 398//622 441//652
f 557//654 446//624 427//630
f 556//651 441//652 565//668
f 425//669 551//670 558//655
f 441//652 567//671 564//672
f 441//652 443//632 567//671
f 567//671 444//673 568//674
f 398//622 443//632 441//652
f 445//675 508//617 396//616
f 443//632 509//676 444//673
f 500//677 504//678 440//679
f 568//674 444//673 505//680
f 440//679 445//675 442//681
f 440//679 504//678 445//675
f 567//671 443//632 444//673
f 557//654 566//682 442//681
f 447//683 1321//684 602//685
f 1321//684 600//686 602//685
f 451//687 456//638 454//688
f 527//662 448//689 452//690
f 448//691 527//692 536//693
f 454//694 450//695 451//696
f 449//697 471//698 1321//684
f 468//699 361//543 467//542
f 467//542 474//556 459//700
f 419//517 417//640 465//518
f 466//232 468//699 463//701
f 466//232 463//701 464//233
f 463//701 468//699 467//542
f 464//647 463//701 461//637
f 463//701 467//542 461//637
f 462//702 359//574 357//551
f 460//703 357//551 315//550
f 534//704 535//705 460//703
f 450//695 453//706 449//697
f 454//694 453//706 450//695
f 455//707 539//708 457//709
f 467//542 454//688 456//638
f 535//710 544//711 462//712
f 455//707 457//709 460//703
f 417//640 455//642 460//703
f 469//713 458//713 449//713
f 449//697 473//714 471//698
f 470//715 1321//684 471//698
f 470//715 1176//716 1321//684
f 1177//717 1176//718 470//719
f 1177//717 470//719 472//720
f 472//720 470//719 471//721
f 820//722 1177//723 349//724
f 1177//723 472//725 349//724
f 472//720 471//721 473//726
f 472//720 473//726 469//727
f 533//728 309//508 213//729
f 532//730 475//731 480//358
f 477//732 476//733 531//734
f 477//732 530//735 524//736
f 478//737 525//738 532//730
f 531//734 476//733 537//739
f 475//731 528//740 533//728
f 485//741 190//742 486//743
f 483//618 490//744 496//350
f 484//745 482//746 509//676
f 508//617 490//744 483//618
f 509//676 482//746 506//747
f 484//745 485//741 482//746
f 485//741 486//743 482//746
f 483//618 496//350 487//300
f 497//748 495//749 482//746
f 492//750 198//330 185//329
f 488//751 492//750 185//329
f 493//752 488//751 494//336
f 495//749 489//325 518//753
f 490//744 493//752 496//350
f 497//748 489//325 495//749
f 498//754 183//755 491//756
f 489//325 517//327 518//753
f 519//757 515//758 488//751
f 490//744 507//759 519//757
f 498//754 491//756 517//327
f 519//757 493//752 490//744
f 519//757 488//751 493//752
f 496//350 493//752 494//336
f 517//327 491//756 524//736
f 491//756 477//732 524//736
f 478//737 198//330 492//750
f 478//737 532//730 198//330
f 503//760 561//761 520//762
f 504//678 501//763 507//759
f 633//764 512//765 501//763
f 500//677 633//764 501//763
f 507//759 490//744 508//617
f 495//749 516//766 506//747
f 655//767 514//768 515//758
f 511//769 524//736 526//770
f 512//765 515//758 519//757
f 633//764 651//771 512//765
f 648//772 511//769 526//770
f 507//759 512//765 519//757
f 525//738 528//740 532//730
f 649//773 511//769 648//772
f 512//765 650//774 515//758
f 513//775 511//769 649//773
f 513//775 649//773 510//776
f 650//774 655//767 515//758
f 651//771 650//774 512//765
f 646//777 652//778 514//768
f 521//779 520//780 653//781
f 529//782 522//783 521//784
f 528//740 690//785 533//728
f 526//770 524//736 523//786
f 524//736 530//735 523//786
f 530//735 521//787 523//786
f 648//772 526//770 654//788
f 521//787 530//735 529//789
f 531//734 536//790 529//789
f 535//710 543//791 544//711
f 544//711 545//792 462//712
f 542//793 543//791 534//794
f 536//693 537//795 448//691
f 539//796 537//795 538//797
f 541//798 538//799 537//800
f 544//711 389//801 545//792
f 476//733 541//798 537//739
f 541//798 544//802 543//803
f 536//790 531//734 537//804
f 533//728 691//805 309//508
f 722//806 689//614 540//509
f 691//805 540//509 309//508
f 541//798 543//803 542//807
f 547//808 614//809 599//810
f 556//651 565//668 549//811
f 551//670 425//669 583//812
f 580//813 547//814 555//815
f 429//816 631//817 561//761
f 580//813 429//818 423//658
f 429//818 580//813 631//819
f 575//820 552//649 549//811
f 447//821 553//822 559//665
f 548//823 559//665 553//822
f 552//649 556//651 549//811
f 547//808 599//810 627//824
f 546//825 566//682 557//654
f 581//826 579//827 422//653
f 579//827 596//828 546//825
f 555//829 627//824 628//830
f 441//652 564//672 565//668
f 596//828 562//831 566//682
f 593//832 560//833 562//831
f 566//682 562//831 440//679
f 628//834 644//835 631//817
f 563//836 505//680 629//837
f 573//838 569//839 570//840
f 571//841 586//842 590//843
f 610//844 606//845 573//838
f 612//846 614//847 547//814
f 578//848 582//849 583//812
f 572//850 612//846 580//813
f 581//826 582//849 578//848
f 577//851 613//852 610//844
f 571//853 572//850 576//854
f 578//848 577//851 573//838
f 575//820 574//855 592//856
f 574//855 597//857 592//856
f 592//856 597//857 588//858
f 584//859 656//860 660//861
f 584//859 660//861 589//862
f 563//836 626//863 594//864
f 594//864 587//865 588//858
f 589//862 593//832 595//866
f 595//866 562//831 596//828
f 595//866 593//832 562//831
f 594//864 665//867 587//865
f 660//861 663//868 593//832
f 593//832 589//862 660//861
f 584//869 672//870 656//871
f 584//859 591//872 585//873
f 586//842 659//874 671//875
f 587//876 657//877 659//874
f 598//878 600//686 624//879
f 598//878 624//879 623//880
f 553//881 602//685 601//882
f 601//883 609//884 548//823
f 601//882 600//686 598//878
f 603//885 719//886 692//887
f 693//888 611//889 604//890
f 606//891 584//869 569//892
f 613//852 608//893 610//844
f 608//893 609//884 619//894
f 612//846 620//895 611//889
f 607//896 620//895 612//846
f 614//847 612//846 695//897
f 612//846 611//889 695//897
f 611//889 622//898 604//890
f 695//897 611//889 693//888
f 607//899 590//843 620//900
f 619//894 1332//901 1331//902
f 603//903 1330//904 1327//905
f 616//906 1329//907 1330//904
f 621//908 616//909 618//910
f 616//909 621//908 620//900
f 619//894 623//911 1334//912
f 622//913 621//914 694//915
f 694//915 621//914 692//916
f 623//880 624//879 1334//917
f 624//879 1335//918 1334//917
f 1321//684 1336//919 624//879
f 627//920 640//921 628//834
f 629//837 664//922 626//863
f 631//817 653//923 561//761
f 633//764 632//924 651//771
f 625//925 685//926 664//922
f 635//927 647//928 625//925
f 639//929 640//921 627//920
f 640//921 643//930 628//834
f 628//834 643//930 644//835
f 683//931 637//932 676//933
f 677//934 638//935 708//936
f 637//932 690//785 652//778
f 523//786 521//787 653//937
f 687//938 636//939 650//774
f 681//940 679//941 642//942
f 641//943 654//788 677//934
f 649//773 648//772 641//943
f 649//773 641//943 684//944
f 654//788 523//786 645//945
f 677//934 645//945 638//935
f 680//946 637//932 646//777
f 644//835 645//947 653//948
f 645//947 644//835 643//930
f 645//945 643//949 638//935
f 643//949 640//950 638//935
f 680//946 676//933 637//932
f 584//869 667//951 672//870
f 685//926 682//952 657//953
f 682//952 674//954 657//953
f 665//867 626//863 662//955
f 662//955 685//926 657//953
f 661//956 658//957 675//958
f 658//957 661//956 663//868
f 665//867 662//955 657//953
f 660//861 656//860 658//957
f 656//860 672//959 658//957
f 674//960 671//875 657//877
f 657//877 671//875 659//874
f 658//957 672//959 673//961
f 679//941 680//946 642//942
f 671//875 674//960 669//962
f 682//952 686//963 669//964
f 686//963 684//944 669//964
f 671//875 669//962 699//965
f 699//965 669//962 701//966
f 667//967 696//968 668//969
f 668//969 676//933 670//970
f 678//971 670//970 679//941
f 669//964 684//944 677//934
f 670//970 680//946 679//941
f 678//971 679//941 681//940
f 673//961 678//971 675//958
f 668//969 698//972 683//931
f 668//969 683//931 676//933
f 691//805 717//973 722//806
f 703//974 717//973 690//785
f 1404//975 689//614 722//806
f 693//976 604//977 704//978
f 721//979 702//980 622//981
f 622//981 694//982 721//979
f 603//885 1416//983 715//984
f 715//984 719//886 603//885
f 696//968 710//985 698//972
f 604//977 702//980 704//978
f 708//936 700//986 701//987
f 683//931 698//972 697//988
f 705//989 706//990 704//978
f 708//936 707//991 705//989
f 708//936 705//989 700//986
f 721//992 714//993 702//994
f 721//995 716//996 714//997
f 721//998 719//999 716//1000
f 712//1001 1413//1002 1404//975
f 712//1001 1411//1003 1413//1002
f 716//996 713//1004 714//997
f 717//973 710//985 709//1005
f 713//1004 1415//1006 720//1007
f 719//999 715//1008 716//1000
f 717//973 712//1001 722//806
f 720//1007 718//1009 714//997
f 586//842 720//1007 1466//1010
f 760//444 739//1011 723//1012
f 723//1012 865//1013 724//450
f 724//450 760//444 723//1012
f 257//445 760//444 724//450
f 761//5 909//1014 728//1
f 758//1015 726//440 246//439
f 224//381 734//1016 764//1017
f 727//386 224//381 754//1018
f 727//386 754//1018 759//442
f 767//1019 775//489 769//1020
f 743//1021 729//1022 725//1023
f 779//380 809//1024 224//381
f 809//1024 731//1025 735//1026
f 807//1027 808//1028 775//489
f 725//433 261//400 743//1029
f 802//1030 807//1027 775//489
f 769//1020 775//489 726//440
f 734//1016 224//381 809//1024
f 261//400 979//510 743//1029
f 736//1031 1000//1032 910//1033
f 809//1024 735//1026 734//1016
f 732//1034 763//1035 733//1036
f 735//1037 766//1038 734//1039
f 730//1040 766//1038 799//1041
f 762//1042 802//1043 763//1044
f 762//1042 730//1045 802//1043
f 766//1038 730//1040 762//1046
f 911//1047 910//1048 913//1049
f 731//1050 799//1041 766//1038
f 802//1051 801//1052 807//1053
f 745//1054 746//1055 796//1056
f 745//1057 796//1057 751//1057
f 751//1058 752//1058 749//1058
f 752//1059 796//1059 736//1059
f 750//1060 748//1061 747//1062
f 751//1063 749//1064 750//1060
f 769//1065 768//1066 767//1067
f 754//1068 741//1069 748//1070
f 754//1068 753//1071 741//1069
f 765//1072 742//1073 764//1074
f 753//1071 764//1074 742//1073
f 729//1075 732//1076 767//1067
f 729//1075 744//1077 732//1076
f 766//1038 742//1073 765//1072
f 755//1078 768//1066 758//1079
f 740//1080 748//1081 741//1082
f 748//1081 740//1080 747//1083
f 745//1054 1027//1084 746//1055
f 749//1085 752//1086 754//1068
f 754//1068 748//1070 749//1085
f 725//1087 755//1087 756//1087
f 757//438 725//433 756//1088
f 757//1089 756//1089 755//1089
f 744//1090 762//1091 763//1092
f 744//1090 742//1093 762//1091
f 738//1094 896//1095 900//1096
f 738//1094 899//1097 896//1095
f 739//1011 738//1094 900//1096
f 734//1039 765//1072 764//1074
f 758//1098 768//1066 769//1065
f 745//1099 747//1100 979//510
f 909//1014 1063//1101 738//1094
f 759//442 754//1018 937//1102
f 760//444 738//1094 739//1011
f 740//1103 741//1104 742//1093
f 743//1029 979//510 740//1105
f 744//1090 743//1106 740//1103
f 779//380 778//488 809//1024
f 809//1024 778//488 806//1107
f 778//488 804//1108 806//1107
f 771//1109 772//496 295//495
f 771//1109 803//1110 772//496
f 774//490 805//1111 771//1112
f 775//489 773//1113 774//490
f 771//1112 295//1114 774//490
f 817//1115 788//1116 818//1117
f 770//1118 815//1119 787//482
f 818//1117 784//498 961//1120
f 784//498 812//1121 961//1120
f 816//504 813//1122 785//505
f 780//1123 793//1124 797//1125
f 970//1126 815//1119 770//1118
f 812//1121 783//500 947//1127
f 975//1128 312//457 976//1129
f 793//1124 790//507 795//1130
f 790//507 901//1131 795//1130
f 791//1132 792//503 978//1133
f 790//507 793//1124 794//456
f 795//1130 901//1131 971//1134
f 796//1056 1027//1084 736//1031
f 1027//1084 954//1135 736//1031
f 791//1132 978//1133 976//1136
f 793//1124 795//1130 974//1137
f 793//1124 974//1137 797//1125
f 1027//1138 1037//1139 954//1140
f 978//1133 982//1141 977//1142
f 982//1141 978//1133 792//503
f 731//1025 809//1024 806//1107
f 736//1031 999//1143 1000//1032
f 802//1144 730//1145 801//1146
f 807//1053 801//1052 805//1147
f 806//1148 804//1149 799//1041
f 807//1053 805//1147 808//1150
f 801//1151 800//1152 805//1153
f 954//1135 968//1154 736//1031
f 804//1149 803//1155 799//1041
f 948//1156 949//1157 951//1158
f 810//502 948//1156 798//1159
f 960//1160 814//1161 970//1126
f 814//1161 952//1162 813//1122
f 781//501 810//502 798//1159
f 811//1163 797//1125 946//1164
f 961//1120 812//1121 956//1165
f 947//1127 956//1165 812//1121
f 863//451 724//450 864//1166
f 724//450 865//1013 860//1167
f 864//1166 724//450 860//1167
f 860//1167 865//1013 858//1168
f 865//1013 723//1012 900//1096
f 890//1169 886//1170 846//1171
f 846//1171 886//1170 837//1172
f 845//606 840//1173 844//1174
f 844//1174 868//1175 869//1176
f 844//1174 836//1177 882//1178
f 844//1174 882//1178 868//1175
f 842//1179 843//1180 849//1181
f 842//1179 844//1174 840//1173
f 832//579 838//1182 841//1183
f 838//1182 834//1184 841//1183
f 832//579 841//1183 839//1185
f 849//1181 846//1171 837//1172
f 835//1186 822//1187 833//1188
f 835//1186 838//1182 832//579
f 836//1177 837//1172 886//1170
f 835//1186 823//1189 821//1190
f 821//1190 822//1187 835//1186
f 867//1191 823//1189 835//1186
f 875//1192 905//1193 906//1194
f 834//1195 825//1196 827//563
f 825//1196 826//591 827//563
f 850//1197 848//1198 846//1171
f 900//1096 898//1199 858//1168
f 820//557 869//1176 1196//1200
f 852//1201 850//1197 851//609
f 864//1202 860//1202 863//1202
f 863//451 861//598 862//597
f 861//598 860//1167 859//1203
f 861//598 859//1203 855//601
f 858//1168 857//1204 859//1203
f 360//544 869//1176 820//557
f 853//1205 891//1206 848//1198
f 855//601 854//1207 852//1201
f 854//1207 850//1197 852//1201
f 831//578 830//1208 832//579
f 831//583 826//593 829//1209
f 829//1209 826//593 824//1210
f 826//591 1110//1211 875//1212
f 906//1194 905//1193 828//1213
f 826//591 875//1212 824//1214
f 833//1215 822//1216 826//591
f 831//578 829//1217 830//1208
f 829//1209 824//1210 906//1194
f 829//1217 819//1218 1194//1219
f 881//1220 879//1221 877//1222
f 879//1221 878//1223 877//1222
f 880//1224 879//1221 881//1220
f 867//1191 871//1225 872//1226
f 867//1191 872//1226 874//1227
f 867//1191 874//1227 823//1189
f 1189//1228 871//1225 867//1191
f 876//1229 1045//1230 878//1223
f 1045//1230 866//1231 878//1223
f 877//1222 878//1223 866//1231
f 1188//1232 1198//1233 870//1234
f 1045//1230 883//1235 1046//1236
f 823//1237 1110//1237 821//1237
f 821//1238 1110//1211 826//591
f 1189//1228 867//1191 1194//1219
f 868//1175 1184//1239 869//1176
f 895//1240 892//1241 893//1242
f 895//1240 1062//1243 894//1244
f 896//1095 899//1097 895//1240
f 896//1095 895//1240 893//1242
f 897//1245 896//1095 893//1242
f 891//1206 893//1242 889//1246
f 893//1242 892//1241 889//1246
f 892//1241 894//1244 1061//1247
f 898//1199 900//1096 896//1095
f 879//1221 876//1229 878//1223
f 884//1248 876//1229 879//1221
f 885//1249 1052//1250 883//1235
f 886//1170 879//1221 880//1224
f 871//1225 1188//1232 870//1234
f 888//1251 1052//1250 885//1249
f 888//1251 887//1252 1052//1250
f 891//1206 889//1246 890//1169
f 1141//1253 1125//1254 875//1255
f 1125//1256 904//1257 905//1258
f 905//1258 904//1257 902//1259
f 1122//1260 1125//1254 1141//1253
f 904//1257 1125//1256 1124//1261
f 910//1262 1001//1263 913//1264
f 1063//1101 1060//1265 737//1266
f 912//1267 932//1268 736//1269
f 759//1270 937//1270 942//1270
f 1063//1101 909//1014 908//1271
f 752//1086 736//1272 933//1273
f 908//1271 909//1014 921//1274
f 937//1275 754//1068 933//1273
f 1001//1276 998//1277 913//1278
f 912//1279 913//1278 932//1280
f 922//1281 925//1282 1005//1283
f 925//1284 924//1285 1005//1286
f 924//1287 1084//1288 923//1289
f 930//1290 932//1280 1021//1291
f 925//1282 922//1281 915//1292
f 916//1293 926//1294 928//1295
f 929//1296 925//1284 935//1297
f 929//1296 928//1298 926//1299
f 931//1300 914//1301 928//1302
f 933//1303 931//1300 928//1302
f 933//1304 932//1304 931//1304
f 1007//1305 930//1306 1013//1307
f 922//1281 1005//1283 1008//1308
f 921//1274 941//1309 1079//1310
f 1080//1311 921//1274 1078//1312
f 942//1313 937//1314 919//1315
f 919//1315 918//1316 1071//1317
f 1077//1318 1070//1319 927//1320
f 934//1321 1069//1322 1075//1323
f 919//1315 1079//1324 941//1325
f 934//1321 935//1326 915//1292
f 935//1326 934//1321 918//1316
f 919//1315 936//1327 918//1316
f 936//1328 937//1275 935//1297
f 1070//1319 914//1329 927//1320
f 917//1330 1007//1331 1064//1332
f 915//1292 922//1281 1068//1333
f 914//1329 1120//1334 916//1293
f 930//1306 1007//1305 917//1335
f 940//1336 927//1337 939//1338
f 940//1339 920//1339 938//1339
f 985//1340 955//1341 984//1342
f 956//1165 944//1343 955//1341
f 960//1160 952//1162 814//1161
f 958//1344 961//1120 955//1341
f 964//1345 963//1345 997//1345
f 984//1342 955//1341 944//1343
f 965//1346 952//1162 960//1160
f 963//1347 959//1348 957//1349
f 965//1350 966//1351 963//1352
f 960//1353 966//1351 965//1350
f 966//1354 959//1348 963//1347
f 1014//1355 1028//1356 945//1357
f 948//1156 951//1158 981//1358
f 981//1358 1032//1359 1024//1360
f 981//1358 951//1158 1032//1359
f 947//1127 946//1164 944//1343
f 1032//1359 951//1158 952//1162
f 952//1162 986//1361 1032//1359
f 968//1362 997//1363 995//1364
f 965//1346 950//1365 952//1162
f 1037//1139 986//1361 950//1365
f 1037//1139 953//1366 954//1140
f 970//1367 969//1368 966//1351
f 1126//1369 971//1134 901//1131
f 979//510 975//1128 972//1370
f 980//1371 1023//1372 973//1373
f 972//1370 975//1128 973//1374
f 975//1375 977//1142 973//1373
f 977//1142 980//1371 973//1373
f 1127//1376 1009//1377 971//1134
f 982//1141 980//1371 977//1142
f 980//1371 981//1358 1024//1360
f 974//1137 1009//1377 1014//1355
f 976//1136 978//1133 977//1142
f 986//1361 1033//1378 1032//1359
f 985//1340 984//1342 1030//1379
f 963//1347 957//1349 994//1380
f 997//1363 993//1381 995//1364
f 932//1280 996//1382 990//1383
f 993//1384 957//1349 985//1340
f 993//1381 989//1385 988//1386
f 991//1387 1033//1378 986//1361
f 932//1280 990//1383 995//1388
f 999//1389 996//1390 998//1391
f 1036//1392 988//1386 987//1393
f 989//1394 1030//1379 987//1395
f 989//1394 985//1340 1030//1379
f 1036//1396 995//1388 988//1397
f 1005//1286 1006//1398 1003//1399
f 1007//1331 1013//1400 1164//1401
f 932//1280 1026//1402 1021//1291
f 1004//1403 1003//1399 1006//1398
f 932//1280 1036//1396 1026//1402
f 1148//1404 1004//1405 1006//1406
f 1003//1407 1004//1408 1029//1409
f 1029//1410 1015//1411 1003//1412
f 1003//1412 1015//1411 1138//1413
f 1148//1404 1131//1414 1004//1405
f 1022//1415 1020//1416 1023//1417
f 1024//1360 1023//1372 980//1371
f 1023//1372 1024//1360 1022//1418
f 1019//1419 1024//1360 1016//1420
f 1022//1415 1013//1421 1020//1416
f 1021//1422 1020//1423 1013//1307
f 1019//1419 1016//1420 1136//1424
f 1017//1425 1018//1426 1031//1427
f 1135//1428 1010//1429 1139//1430
f 1025//1431 1032//1359 1035//1432
f 1017//1425 1028//1356 1014//1355
f 1025//1431 1136//1424 1016//1420
f 1136//1424 1025//1431 1004//1405
f 1029//1410 1018//1426 1015//1411
f 984//1342 1031//1427 1030//1379
f 1021//1422 1023//1433 1020//1423
f 1015//1411 1018//1426 1011//1434
f 1015//1411 1011//1434 1161//1435
f 1014//1355 1009//1377 1139//1430
f 1011//1434 1018//1426 1010//1429
f 1010//1429 1018//1426 1017//1425
f 1036//1396 1035//1436 1026//1402
f 1026//1437 1033//1378 983//1438
f 1036//1439 987//1440 1034//1441
f 1037//1139 1026//1442 983//1443
f 1025//1444 1034//1441 1029//1409
f 1029//1410 1030//1379 1018//1426
f 1063//1101 1058//1445 1057//1446
f 1060//1265 1063//1101 1057//1446
f 1045//1230 1046//1236 1049//1447
f 1049//1447 1044//1448 1045//1230
f 1045//1230 1044//1448 1192//1449
f 1042//1450 1041//1451 1044//1448
f 1044//1448 1041//1451 1038//1452
f 1042//1450 1040//1453 1041//1451
f 1041//1454 1040//1455 1199//1456
f 1103//1457 1040//1453 1042//1450
f 1205//1458 1039//1459 1110//1460
f 1197//1461 1039//1459 1205//1458
f 1062//1243 1060//1265 1057//1446
f 1061//1247 1062//1243 1059//1462
f 1105//1463 1104//1464 1048//1465
f 1047//1466 1048//1465 1104//1464
f 1050//1467 1047//1466 1049//1447
f 883//1235 1049//1447 1046//1236
f 1041//1454 1199//1456 1204//1468
f 1044//1448 1038//1452 1192//1449
f 1055//1469 1051//1470 1050//1467
f 1053//1471 1050//1467 1052//1250
f 1051//1470 1048//1465 1047//1466
f 1074//1472 1067//1473 1054//1474
f 1081//1475 1079//1476 1073//1477
f 1108//1478 1071//1317 1100//1479
f 1100//1479 1075//1323 1089//1480
f 1100//1479 1089//1480 1099//1481
f 1064//1482 1107//1483 1065//1484
f 1074//1472 1078//1312 1073//1485
f 1079//1324 1071//1317 1108//1478
f 1048//1465 1067//1473 1105//1463
f 1066//1486 1105//1463 1067//1473
f 1064//1332 1164//1401 1106//1487
f 1073//1477 1079//1476 1108//1488
f 1076//1489 1064//1332 1072//1490
f 1164//1401 1097//1491 1106//1487
f 1069//1322 1068//1333 1093//1492
f 918//1316 1075//1323 1100//1479
f 1083//1493 1128//1494 1147//1495
f 1120//1334 1082//1496 1084//1288
f 1083//1493 1119//1497 1068//1333
f 1085//1498 1113//1499 1088//1500
f 1103//1457 1092//1501 1040//1453
f 1105//1463 1103//1457 1104//1464
f 1215//1502 1088//1503 1086//1504
f 1216//1505 1215//1502 1086//1504
f 1106//1506 1097//1507 1098//1508
f 1219//1509 1093//1492 1217//1510
f 1096//1511 1120//1334 1098//1508
f 1095//1512 1117//1513 1118//1514
f 1087//1515 1113//1499 1109//1516
f 1094//1517 1095//1518 1096//1511
f 1107//1519 1106//1506 1098//1508
f 1099//1481 1089//1480 1090//1520
f 1089//1480 1093//1492 1219//1509
f 1091//1521 1100//1479 1099//1481
f 1105//1463 1073//1485 1102//1522
f 1102//1523 1108//1488 1101//1524
f 1103//1457 1101//1524 1092//1501
f 1101//1525 1108//1478 1100//1479
f 1109//1516 1110//1526 1087//1515
f 1097//1491 1141//1527 1114//1528
f 1113//1529 1265//1530 1109//1531
f 1109//1516 1111//1532 1110//1526
f 1114//1533 1111//1533 1109//1533
f 1112//1534 1114//1535 1109//1531
f 1115//1536 1114//1537 1112//1538
f 1116//1539 1114//1537 1115//1536
f 1118//1514 1116//1540 1115//1541
f 1094//1542 1116//1543 1117//1544
f 1114//1528 1141//1527 1111//1545
f 1097//1491 1114//1528 1094//1542
f 1217//1510 1119//1497 1140//1546
f 1118//1514 1115//1541 1082//1496
f 1115//1541 1112//1534 1082//1496
f 1126//1369 1127//1376 971//1134
f 1123//1547 1283//1548 1282//1549
f 1127//1376 1269//1550 1280//1551
f 903//1552 1121//1553 1126//1369
f 1124//1554 1125//1254 1122//1260
f 1126//1369 1121//1553 1127//1376
f 1013//1400 1012//1555 1164//1401
f 1165//1556 1166//1557 1130//1558
f 1138//1413 1161//1435 1146//1559
f 1133//1560 1134//1561 1130//1558
f 1129//1562 1135//1428 1160//1563
f 1164//1401 1012//1555 1133//1564
f 1151//1565 1146//1559 1161//1435
f 1280//1551 1160//1563 1132//1566
f 1131//1414 1165//1556 1136//1424
f 1160//1563 1135//1428 1139//1430
f 1011//1434 1135//1428 1161//1435
f 1137//1567 1136//1424 1130//1558
f 1137//1567 1134//1561 1012//1568
f 1138//1413 1015//1411 1161//1435
f 1146//1559 1151//1565 1157//1569
f 1164//1401 1163//1570 1143//1571
f 1261//1572 1157//1569 1284//1573
f 1147//1495 1146//1559 1157//1569
f 1145//1574 1144//1575 1131//1414
f 1140//1546 1157//1569 1261//1572
f 1264//1576 1158//1577 1144//1575
f 1143//1578 1142//1579 1141//1580
f 1140//1546 1147//1495 1157//1569
f 1265//1530 1264//1576 1145//1574
f 1097//1491 1143//1571 1141//1527
f 1152//1581 1281//1582 1158//1583
f 1158//1583 1281//1582 1141//1253
f 1143//1578 1159//1584 1142//1579
f 1159//1585 1154//1586 1142//1587
f 1142//1587 1154//1586 1144//1575
f 1154//1586 1165//1556 1131//1414
f 1144//1575 1154//1586 1131//1414
f 1154//1586 1162//1588 1165//1556
f 1143//1571 1163//1570 1155//1589
f 1164//1590 1133//1560 1166//1591
f 1283//1548 1156//1592 1281//1582
f 1149//1593 1275//1594 1153//1595
f 1275//1594 1150//1596 1153//1595
f 1277//1597 1281//1598 1152//1599
f 1161//1435 1129//1562 1153//1595
f 1274//1600 1151//1565 1150//1596
f 1272//1601 1149//1593 1280//1551
f 1163//1602 1154//1586 1155//1603
f 1162//1588 1166//1557 1165//1556
f 1164//1590 1162//1604 1163//1602
f 1173//1605 1168//1606 1321//684
f 1229//1607 1179//1608 1170//1609
f 1202//1610 1237//1611 1169//1612
f 1179//1613 1248//1614 1170//1609
f 1321//684 1168//1606 1323//1615
f 1168//1606 1167//1616 1325//1617
f 1167//1618 1237//1611 1224//1619
f 1182//1620 1174//1621 1186//1622
f 1175//1623 1196//1624 1174//1621
f 1174//1621 1182//1620 1176//718
f 1176//716 1173//1605 1321//684
f 1184//1239 1190//1625 1200//1626
f 1203//1627 1188//1232 1189//1228
f 1184//1239 1191//1628 1190//1625
f 1192//1449 1206//1629 1190//1630
f 1192//1449 1190//1630 1191//1628
f 1193//1631 866//1231 1192//1449
f 1185//1632 1187//1633 1172//1634
f 1173//1635 1181//1635 1185//1635
f 1180//1636 1253//1637 1251//1638
f 1258//1639 1254//1640 1183//1641
f 1194//1219 1183//1641 1189//1228
f 1254//1642 1252//1643 1253//1637
f 819//1218 1258//1639 1194//1219
f 868//1175 1191//1628 1184//1239
f 1202//1610 1184//1239 1200//1626
f 1254//1640 1253//1644 1183//1641
f 1178//1645 1203//1627 1183//1641
f 1253//1644 1180//1646 1183//1641
f 1197//1461 1233//1647 1216//1505
f 1235//1648 1197//1461 1198//1233
f 1206//1649 1204//1468 1201//1650
f 1236//1651 1201//1650 1199//1456
f 1238//1652 1235//1648 1203//1627
f 1202//1610 1200//1626 1237//1611
f 1229//1653 1238//1652 1203//1627
f 1206//1649 1038//1654 1204//1468
f 1204//1468 1199//1456 1201//1650
f 1200//1626 1201//1650 1236//1651
f 1215//1502 1210//1655 1088//1503
f 1085//1656 1209//1657 1214//1658
f 1209//1657 1230//1659 1214//1658
f 1226//1660 1209//1657 1210//1655
f 1232//1661 1246//1662 1231//1663
f 1207//1664 1261//1572 1262//1665
f 1213//1666 1212//1667 1245//1668
f 1212//1667 1207//1664 1245//1668
f 1207//1664 1293//1669 1245//1668
f 1230//1659 1208//1670 1214//1658
f 1207//1664 1262//1665 1293//1669
f 1218//1671 1263//1672 1265//1530
f 1218//1671 1265//1530 1113//1529
f 1213//1666 1219//1509 1212//1667
f 1244//1673 1263//1672 1208//1670
f 1210//1655 1209//1657 1088//1503
f 1209//1657 1085//1656 1088//1503
f 1091//1521 1232//1661 1211//1674
f 1219//1509 1217//1510 1212//1667
f 1090//1520 1219//1509 1213//1666
f 1099//1481 1090//1520 1232//1661
f 1214//1658 1218//1671 1085//1656
f 1211//1674 1232//1661 1360//1675
f 1232//1661 1231//1663 1360//1675
f 1246//1662 1243//1676 1231//1663
f 1234//1677 1210//1655 1215//1502
f 1225//1678 1230//1659 1226//1660
f 1359//1679 1227//1680 1234//1677
f 1221//1681 1359//1679 1233//1647
f 1243//1676 1375//1682 1365//1683
f 1376//1684 1290//1685 1304//1686
f 1223//1687 1222//1688 1360//1675
f 1224//1619 1223//1687 1367//1689
f 1237//1611 1200//1626 1236//1651
f 1199//1456 1211//1674 1222//1688
f 1236//1651 1223//1687 1224//1619
f 1236//1651 1199//1456 1223//1687
f 1221//1681 1235//1648 1238//1652
f 1237//1611 1236//1651 1224//1619
f 1226//1660 1230//1659 1209//1657
f 1229//1653 1228//1690 1221//1681
f 1228//1690 1368//1691 1221//1681
f 1170//1609 1305//1692 1228//1693
f 1221//1681 1233//1647 1235//1648
f 1360//1675 1231//1663 1220//1694
f 1210//1655 1227//1680 1226//1660
f 1234//1677 1227//1680 1210//1655
f 1374//1695 1377//1696 1242//1697
f 1225//1678 1374//1695 1242//1697
f 1305//1692 1290//1685 1228//1693
f 1377//1696 1239//1698 1240//1699
f 1372//1700 1289//1701 1443//1702
f 1230//1659 1244//1673 1208//1670
f 1293//1669 1289//1701 1241//1703
f 1243//1676 1241//1703 1375//1682
f 1245//1668 1293//1669 1241//1703
f 1230//1659 1242//1697 1244//1673
f 1246//1662 1241//1703 1243//1676
f 1457//1704 1300//1705 1247//1706
f 1255//1707 1256//1708 1258//1709
f 1180//1636 1251//1638 1250//1710
f 1250//1711 1268//1712 1314//1713
f 1179//1613 1250//1710 1248//1614
f 1247//1706 903//1552 1405//1714
f 902//1259 904//1257 1257//1715
f 1258//1709 1257//1716 1255//1707
f 1256//1717 1268//1712 1252//1718
f 1252//1718 1268//1712 1251//1719
f 1268//1712 1250//1711 1251//1719
f 1260//1720 1264//1576 1265//1530
f 1294//1721 1260//1720 1263//1672
f 1294//1721 1259//1722 1260//1720
f 1294//1721 1288//1723 1259//1722
f 1288//1723 1291//1724 1259//1722
f 1319//1725 1279//1726 1270//1727
f 1261//1572 1279//1726 1262//1665
f 1282//1728 1313//1729 1268//1712
f 1121//1553 1266//1730 1269//1550
f 1313//1729 1278//1731 1310//1732
f 1278//1731 1276//1733 1310//1732
f 1273//1734 1317//1735 1276//1733
f 1274//1600 1150//1596 1271//1736
f 1274//1600 1271//1736 1270//1727
f 1150//1596 1275//1594 1271//1736
f 1283//1737 1278//1731 1282//1728
f 1259//1722 1273//1734 1277//1597
f 1312//1738 1272//1601 1267//1739
f 1285//1740 1459//1741 1439//1742
f 1459//1741 1285//1740 1315//1743
f 1286//1744 1319//1725 1315//1743
f 1286//1744 1315//1743 1285//1740
f 1262//1665 1319//1725 1292//1745
f 1287//1746 1306//1747 1318//1748
f 1289//1701 1292//1745 1286//1744
f 1319//1725 1286//1744 1292//1745
f 1440//1749 1287//1746 1442//1750
f 1286//1744 1285//1740 1437//1751
f 1293//1669 1292//1745 1289//1701
f 1293//1669 1262//1665 1292//1745
f 1312//1738 1308//1752 1271//1736
f 1267//1739 1301//1753 1312//1738
f 1313//1729 1296//1754 1303//1755
f 1302//1756 1295//1757 1301//1753
f 1305//1758 1303//1755 1304//1759
f 1300//1705 1302//1756 1266//1730
f 1311//1760 1300//1705 1266//1730
f 1459//1741 1307//1761 1298//1762
f 1315//1743 1307//1761 1459//1741
f 1309//1763 1460//1764 1299//1765
f 1317//1735 1460//1764 1309//1763
f 1314//1713 1303//1755 1305//1758
f 1303//1755 1268//1712 1313//1729
f 1305//1692 1304//1686 1290//1685
f 1319//1725 1270//1727 1315//1743
f 1270//1727 1307//1761 1315//1743
f 1303//1755 1296//1754 1462//1766
f 1308//1752 1307//1761 1316//1767
f 1276//1733 1317//1735 1309//1763
f 1320//1768 1431//1769 1409//1770
f 1323//1615 1325//1617 1324//1771
f 1407//1772 1328//1773 1426//1774
f 1326//1775 1418//1776 1412//1777
f 1409//1770 1429//1778 1432//1779
f 1409//1770 1432//1779 1328//1773
f 1406//1780 1414//1781 1327//1782
f 1337//1783 709//1784 1342//1785
f 1336//919 1321//684 1347//1786
f 1330//904 1406//1787 1327//905
f 586//842 1466//1010 1381//1788
f 1329//907 1345//1789 1406//1790
f 1332//901 1342//1791 1331//902
f 1332//901 1343//1792 1342//1791
f 1336//919 1346//1793 1333//1794
f 1336//919 1347//1786 1346//1793
f 1335//918 1333//1794 1334//917
f 1333//1795 1332//901 1334//912
f 1332//901 1333//1795 1346//1796
f 1345//1789 1408//1797 1326//1798
f 617//1799 1381//1788 1340//1800
f 1339//1801 1340//1800 1381//1788
f 1339//1801 1381//1788 1338//1802
f 1341//1803 1383//1804 1337//1805
f 1344//1806 1328//1807 1407//1808
f 1343//1792 1337//1805 1342//1791
f 1343//1792 1341//1803 1337//1805
f 1344//1806 1409//1809 1328//1807
f 1344//1806 1390//1810 1409//1809
f 1345//1789 1407//1808 1408//1797
f 1332//901 1346//1796 1388//1811
f 1332//901 1388//1811 1343//1792
f 1339//1801 1390//1810 1344//1806
f 1388//1811 1387//1812 1341//1803
f 1388//1811 1341//1803 1343//1792
f 1378//1813 709//1784 1337//1783
f 1362//1814 1368//1691 1376//1815
f 1362//1814 1221//1681 1368//1691
f 1363//1816 1362//1817 1376//1684
f 1223//1687 1360//1675 1351//1818
f 1350//1819 1359//1679 1221//1681
f 1227//1680 1353//1820 1366//1821
f 1220//1694 1365//1683 1354//1822
f 1351//1818 1389//1823 1386//1824
f 1353//1820 1374//1695 1366//1821
f 1359//1679 1350//1819 1227//1680
f 1350//1819 1348//1825 1227//1680
f 1352//1826 1365//1683 1375//1682
f 1167//1618 1224//1619 1364//1827
f 1224//1619 1356//1828 1364//1827
f 1360//1675 1354//1822 1389//1823
f 1391//1829 1355//1830 1362//1814
f 1224//1619 1367//1689 1356//1828
f 1362//1817 1363//1816 1361//1831
f 1358//1832 1357//1833 1391//1829
f 1391//1829 1357//1833 1320//1834
f 1351//1818 1360//1675 1389//1823
f 1352//1826 1375//1682 1403//1835
f 1370//1836 1374//1695 1353//1820
f 1357//1837 1431//1769 1320//1768
f 1354//1822 1352//1826 1349//1838
f 1389//1823 1354//1822 1349//1838
f 1348//1825 1370//1836 1353//1820
f 1374//1695 1370//1836 1371//1839
f 1375//1682 1369//1840 1401//1841
f 1375//1682 1401//1841 1403//1835
f 1400//1842 1438//1843 1373//1844
f 1369//1840 1441//1845 1399//1846
f 1373//1844 1442//1750 1239//1698
f 1374//1695 1371//1839 1377//1696
f 1375//1682 1241//1703 1369//1840
f 1373//1844 1239//1698 1377//1696
f 1386//1824 1349//1838 1382//1847
f 1349//1838 1385//1848 1382//1847
f 1387//1812 1383//1804 1341//1803
f 1398//1849 1370//1836 1348//1825
f 1385//1848 1396//1850 1382//1847
f 1382//1847 1396//1850 1392//1851
f 1382//1847 1379//1852 1378//1853
f 1382//1847 1378//1853 1383//1804
f 1352//1826 1403//1835 1385//1848
f 1387//1812 1388//1811 1356//1828
f 1351//1818 1386//1824 1387//1812
f 1393//1854 1474//1855 1400//1842
f 1394//1856 1399//1846 1471//1857
f 1394//1856 1471//1857 1465//1858
f 1477//1859 1473//1860 1399//1846
f 1401//1841 1399//1846 1394//1856
f 1401//1841 1394//1856 1396//1850
f 1395//1861 1393//1854 1400//1842
f 1402//1862 1395//1861 1400//1842
f 1395//1863 1469//1864 1393//1865
f 709//1784 1465//1866 1463//1867
f 1465//1858 1471//1857 1464//1868
f 1396//1850 1394//1856 1465//1858
f 1404//975 1405//1714 689//614
f 1457//1704 1427//1869 1458//1870
f 1405//1714 1430//1871 1247//1706
f 1426//1774 1428//1872 1408//1873
f 1326//1775 1414//1781 1406//1780
f 1409//1770 1431//1769 1429//1778
f 1414//1781 1416//983 1327//1782
f 1479//1874 1419//1875 709//1784
f 1326//1775 1412//1777 1414//1781
f 1419//1875 1420//1876 709//1784
f 1412//1877 1417//1878 1414//1879
f 1413//1002 1411//1003 1410//1880
f 1415//1006 1417//1881 1424//1882
f 1412//1877 1418//1883 1417//1878
f 1430//1871 1421//1884 1427//1869
f 1423//1885 1425//1886 1482//1887
f 1425//1888 1426//1889 1432//1890
f 1425//1888 1496//1891 1482//1892
f 1429//1893 1496//1891 1425//1888
f 1420//1894 1421//1884 1410//1880
f 1428//1872 1418//1776 1408//1873
f 1434//1895 1433//1896 1436//1897
f 1439//1742 1476//1898 1477//1859
f 1437//1751 1285//1740 1439//1742
f 1433//1896 1495//1899 1436//1897
f 1306//1747 1436//1897 1461//1900
f 1438//1843 1475//1901 1434//1895
f 1459//1741 1448//1902 1439//1742
f 1433//1896 1472//1903 1495//1899
f 1357//1837 1358//1904 1451//1905
f 1437//1751 1439//1742 1477//1859
f 1441//1845 1477//1859 1399//1846
f 1457//1704 1458//1870 1300//1705
f 1295//1757 1458//1870 1453//1906
f 1456//1907 1462//1908 1444//1909
f 1462//1766 1296//1754 1444//1910
f 1449//1911 1460//1764 1461//1900
f 1445//1912 1450//1913 1496//1891
f 1453//1906 1487//1914 1490//1915
f 1487//1914 1453//1906 1427//1869
f 1453//1906 1490//1915 1297//1916
f 1454//1917 1444//1910 1445//1912
f 1444//1910 1450//1913 1445//1912
f 1431//1918 1451//1919 1496//1891
f 1456//1907 1444//1909 1455//1920
f 1493//1921 1448//1902 1447//1922
f 1298//1762 1446//1923 1447//1922
f 1446//1923 1298//1762 1297//1916
f 1449//1911 1436//1897 1495//1899
f 1448//1902 1459//1741 1447//1922
f 1299//1765 1460//1764 1494//1924
f 1444//1910 1299//1765 1450//1913
f 1474//1855 1467//1925 1433//1896
f 1433//1896 1467//1925 1472//1903
f 1470//1926 1467//1925 1474//1855
f 1466//1010 1484//1927 1486//1928
f 1466//1010 1467//1929 1470//1930
f 1435//1931 1474//1855 1475//1901
f 1471//1857 1473//1860 1468//1932
f 1469//1864 1470//1930 1393//1865
f 1446//1923 1490//1915 1488//1933
f 1481//1934 1489//1935 1490//1915
f 1422//1936 1481//1934 1487//1914
f 1490//1915 1489//1935 1488//1933
f 1492//1937 1485//1938 1482//1892
f 1450//1913 1492//1937 1482//1892
f 1493//1921 1480//1939 1476//1898
f 1423//1885 1485//1940 1484//1927
f 1466//1010 1423//1885 1484//1927
f 1483//1941 1480//1939 1479//1942
f 1479//1942 1480//1939 1489//1935
f 1491//1943 1480//1939 1483//1941
f 1479//1874 1478//1944 1419//1875
f 1486//1945 1495//1899 1472//1903
f 1481//1934 1478//1946 1489//1935
f 248//63 38//6 240//384
f 240//384 38//6 243//8
f 5//1947 222//18 30//20
f 250//15 727//386 249//16
f 761//29 3//17 249//16
f 9//14 728//1 2//3
f 112//10 229//9 346//530
f 115//12 2//3 1//2
f 9//4 22//27 761//5
f 4//1948 84//76 287//78
f 223//1949 4//1948 287//78
f 222//23 4//22 223//1950
f 5//1951 30//33 4//1952
f 4//1952 83//80 84//1953
f 4//1952 30//33 83//80
f 130//28 3//17 22//30
f 3//17 248//24 250//15
f 11//35 269//32 38//31
f 10//39 48//143 49//40
f 130//1954 22//27 128//26
f 135//44 35//51 40//45
f 43//1955 48//143 10//39
f 13//1956 40//1957 12//1958
f 124//251 17//57 120//65
f 120//65 8//66 119//239
f 132//59 12//37 134//36
f 10//52 11//1959 38//53
f 17//57 124//251 133//56
f 132//59 16//69 15//58
f 14//71 15//1960 16//72
f 17//57 135//44 13//46
f 19//1961 17//57 13//46
f 19//62 12//1958 15//1962
f 19//62 13//1956 12//1958
f 21//1963 248//24 129//25
f 21//1963 17//57 19//1961
f 19//62 15//1962 18//64
f 8//66 21//1963 129//25
f 40//1957 39//103 12//1958
f 21//1963 8//66 17//57
f 8//66 129//25 119//239
f 20//70 16//72 7//1964
f 7//1965 16//69 6//68
f 12//37 39//107 181//38
f 7//1966 6//47 43//49
f 23//119 71//99 69//136
f 33//176 29//96 82//95
f 30//33 32//1967 79//1968
f 68//88 55//131 89//138
f 25//86 26//93 59//87
f 32//83 28//90 29//81
f 30//33 63//102 32//1967
f 26//1969 31//89 32//83
f 82//95 25//86 76//159
f 24//135 27//97 71//99
f 24//135 71//99 23//119
f 30//33 79//1968 80//79
f 30//33 269//32 62//101
f 40//45 35//51 34//100
f 40//1957 36//104 39//103
f 122//253 48//146 43//49
f 37//111 54//110 51//115
f 36//106 42//109 54//1970
f 54//1970 42//109 53//130
f 61//1971 62//1972 27//1973
f 62//1972 61//1971 60//1974
f 60//1975 61//1976 56//114
f 57//1977 60//1975 56//114
f 269//183 49//1978 313//189
f 52//123 180//122 179//124
f 41//121 178//149 171//323
f 37//108 182//117 172//321
f 62//1979 269//183 27//185
f 24//1980 61//1971 27//1973
f 56//120 23//119 69//136
f 63//102 62//101 60//1981
f 57//1977 63//1982 60//1975
f 54//1970 53//130 58//132
f 58//113 57//1977 56//114
f 57//137 58//132 59//87
f 63//1983 57//1983 26//1983
f 41//121 51//116 50//129
f 64//128 87//152 45//150
f 47//140 64//128 45//150
f 44//126 177//125 88//134
f 67//158 71//99 289//478
f 72//157 293//165 71//99
f 71//99 67//158 69//136
f 290//162 74//160 306//166
f 294//170 77//161 290//162
f 89//138 288//155 66//154
f 293//165 292//477 71//99
f 77//161 76//159 74//160
f 73//1984 275//184 276//84
f 78//179 291//485 75//180
f 64//128 67//158 65//187
f 67//158 302//476 65//187
f 74//160 68//88 66//154
f 306//166 66//154 305//156
f 75//163 293//165 72//157
f 32//83 33//82 73//1984
f 32//83 73//1984 276//84
f 82//1985 78//179 81//181
f 78//169 82//95 76//159
f 80//171 79//85 282//172
f 72//1986 27//185 275//184
f 72//1986 275//184 73//1984
f 176//133 217//192 264//139
f 49//40 45//145 313//196
f 64//128 65//187 87//152
f 89//138 272//167 288//155
f 85//194 266//453 265//195
f 85//197 267//186 266//453
f 87//152 267//186 85//197
f 98//198 97//200 94//203
f 104//211 111//221 338//521
f 108//1987 111//221 104//211
f 108//1987 104//211 103//208
f 109//223 108//1987 103//208
f 334//210 104//211 336//519
f 103//208 106//205 109//223
f 106//205 116//213 109//223
f 94//203 97//200 95//217
f 94//203 328//218 466//232
f 113//222 111//221 108//1987
f 108//1987 109//223 113//222
f 114//11 112//10 111//221
f 113//222 115//12 114//11
f 109//223 116//213 115//12
f 92//226 395//227 93//229
f 92//226 412//643 320//230
f 91//214 416//216 407//271
f 98//198 142//261 102//231
f 98//198 102//231 99//199
f 415//633 90//648 420//646
f 95//217 100//209 96//220
f 97//200 99//199 100//209
f 123//235 16//69 132//59
f 126//1988 123//236 125//238
f 110//212 127//42 116//213
f 147//246 127//42 110//212
f 128//26 143//241 130//1954
f 122//1989 121//1989 166//1989
f 144//268 132//59 131//256
f 118//244 132//59 144//268
f 124//251 136//250 133//56
f 141//240 119//239 139//247
f 132//59 118//244 121//243
f 105//206 110//212 107//204
f 6//1990 126//1988 125//238
f 135//44 165//254 175//50
f 132//59 134//36 131//256
f 175//50 165//254 208//328
f 131//256 134//36 181//38
f 401//626 404//631 155//292
f 140//275 163//276 162//309
f 405//257 154//1991 153//258
f 402//619 406//262 137//263
f 402//619 137//263 139//247
f 142//261 91//260 407//271
f 401//626 136//250 406//262
f 164//249 136//250 155//292
f 131//256 163//276 144//268
f 401//626 155//292 136//250
f 155//292 404//631 409//299
f 154//265 191//286 153//1992
f 405//257 138//1993 154//1991
f 142//261 407//271 143//241
f 154//265 214//228 191//286
f 160//278 152//289 157//1994
f 159//279 157//281 158//282
f 158//282 157//281 156//283
f 165//254 149//301 208//328
f 131//256 209//255 152//289
f 155//292 409//299 149//301
f 153//1992 191//286 408//290
f 190//352 148//288 189//287
f 157//281 152//296 156//283
f 169//298 151//1995 196//307
f 169//298 156//1996 151//1995
f 152//296 197//302 151//297
f 169//298 159//285 156//1996
f 155//292 149//301 165//254
f 148//294 190//742 485//741
f 408//295 148//294 485//741
f 166//274 162//277 159//285
f 166//274 169//298 122//253
f 193//308 210//332 169//298
f 168//316 185//329 167//318
f 211//1997 170//317 169//298
f 179//124 168//316 177//125
f 171//323 178//149 170//322
f 48//146 169//298 178//147
f 168//316 167//318 177//125
f 167//318 216//320 176//133
f 172//321 171//323 170//322
f 182//117 41//121 172//321
f 173//127 212//315 42//109
f 174//310 172//321 211//311
f 213//729 309//508 388//191
f 217//192 480//358 213//729
f 217//192 213//729 388//191
f 206//314 496//350 494//336
f 195//349 487//300 496//350
f 194//348 209//255 211//311
f 192//1998 209//255 194//348
f 205//346 211//311 210//313
f 187//319 185//329 168//316
f 149//301 487//300 195//349
f 196//303 197//302 192//334
f 189//287 191//286 215//305
f 186//356 479//357 183//1999
f 212//315 199//324 187//319
f 203//344 202//338 204//345
f 207//343 201//342 203//333
f 207//351 194//340 200//337
f 186//356 183//1999 498//2000
f 206//314 199//324 173//127
f 207//351 192//334 194//340
f 497//748 190//742 188//2001
f 208//328 195//349 206//314
f 197//306 209//255 192//1998
f 184//326 498//754 517//327
f 184//2002 186//356 498//2000
f 215//305 184//2003 188//353
f 184//2003 215//305 186//356
f 497//748 188//2001 499//2004
f 214//228 390//355 215//305
f 395//227 390//355 214//228
f 216//320 480//358 217//192
f 479//357 390//355 481//360
f 198//330 532//730 480//358
f 219//473 218//364 279//458
f 222//2005 223//363 286//362
f 224//381 255//2006 226//2007
f 280//369 221//368 281//468
f 226//414 233//392 218//364
f 222//2005 286//362 271//469
f 218//379 219//2008 779//380
f 224//381 226//2007 218//379
f 221//2009 252//416 225//383
f 253//385 240//384 232//391
f 346//530 229//9 343//390
f 229//9 760//444 260//388
f 218//364 233//392 251//365
f 230//2010 252//394 221//2011
f 234//395 252//394 230//2010
f 250//397 248//63 240//384
f 229//9 728//1 760//444
f 760//444 728//1 909//1014
f 261//400 227//399 313//196
f 233//396 232//403 230//371
f 240//384 243//8 244//2012
f 243//426 268//2013 270//404
f 238//408 247//407 254//393
f 262//2014 246//409 238//408
f 262//2015 238//2015 245//2015
f 262//437 245//411 263//410
f 255//413 253//385 233//392
f 239//429 236//422 237//424
f 243//8 30//7 271//2016
f 244//2017 241//430 239//429
f 243//2018 241//2018 244//2018
f 271//469 268//2013 243//426
f 243//2019 242//2019 241//2019
f 242//2020 236//2021 241//2022
f 242//2020 313//196 236//2021
f 244//2012 239//427 240//384
f 240//384 237//428 232//391
f 236//2021 313//196 227//399
f 236//2021 227//399 235//418
f 757//438 263//410 725//433
f 761//29 249//16 943//443
f 727//386 759//442 249//16
f 228//389 259//446 258//448
f 726//440 225//383 247//441
f 727//386 253//385 224//381
f 224//381 253//385 255//2006
f 225//383 726//440 776//377
f 309//508 789//506 310//455
f 276//472 275//2023 268//2013
f 269//183 268//190 275//184
f 272//167 794//456 301//168
f 270//404 268//2013 313//405
f 388//191 309//508 310//455
f 266//453 311//454 265//195
f 282//172 79//85 276//84
f 297//459 279//458 278//2024
f 281//375 220//374 284//461
f 277//2025 298//465 278//464
f 271//469 286//362 283//470
f 279//467 277//466 278//2026
f 300//2027 219//473 285//460
f 271//469 276//472 268//2013
f 284//461 298//475 277//462
f 305//156 288//155 303//481
f 296//483 294//170 308//480
f 289//478 782//2028 302//476
f 304//499 290//162 306//166
f 293//165 291//164 307//479
f 292//477 782//2028 289//478
f 78//179 296//483 291//485
f 778//488 779//380 300//486
f 297//463 298//465 295//495
f 300//486 285//492 777//487
f 299//491 295//1114 298//2029
f 219//2008 300//486 779//380
f 299//491 774//490 295//1114
f 284//382 776//377 299//491
f 817//1115 296//483 788//1116
f 788//1116 308//480 818//1117
f 788//1116 296//483 308//480
f 308//480 290//162 784//498
f 784//498 290//162 304//499
f 818//1117 308//480 784//498
f 302//476 782//2028 810//502
f 306//166 305//156 783//500
f 303//481 811//1163 305//156
f 305//156 811//1163 783//500
f 306//166 783//500 304//499
f 303//481 301//168 811//1163
f 307//479 816//504 292//477
f 786//497 816//504 307//479
f 811//1163 301//168 780//1123
f 273//452 274//188 781//501
f 301//168 794//456 780//1123
f 782//2028 292//477 785//505
f 311//454 273//452 792//503
f 979//510 312//457 975//1128
f 791//1132 311//454 792//503
f 979//510 265//195 312//457
f 312//457 311//454 791//2030
f 310//455 790//507 794//456
f 333//520 336//519 332//514
f 336//519 339//522 335//515
f 316//554 329//540 468//699
f 333//520 334//210 336//519
f 379//511 335//515 337//523
f 332//514 377//513 374//537
f 340//525 386//449 381//527
f 339//522 344//524 341//528
f 345//529 346//530 341//528
f 338//521 111//221 344//524
f 111//221 112//10 344//524
f 228//389 258//448 387//526
f 345//529 112//10 346//530
f 395//584 317//564 364//566
f 395//584 319//2031 317//564
f 320//230 419//517 314//516
f 331//536 333//520 332//514
f 326//545 331//536 330//539
f 326//545 327//234 331//536
f 468//699 329//540 361//543
f 96//220 327//234 326//545
f 328//218 96//220 326//545
f 466//232 328//218 325//546
f 323//548 318//2032 314//516
f 318//2032 323//548 319//552
f 319//2033 321//2034 317//2035
f 330//539 322//538 324//553
f 325//546 326//545 330//539
f 358//549 323//548 357//551
f 361//543 329//540 362//541
f 368//567 358//549 355//575
f 827//2036 839//1185 834//1184
f 364//572 365//2037 363//2038
f 363//2038 366//2039 827//2040
f 317//2035 321//2034 367//2041
f 368//567 355//575 832//579
f 839//1185 368//567 832//579
f 366//568 368//567 839//1185
f 366//2042 839//1185 827//2036
f 845//606 842//1179 840//1173
f 845//606 369//570 842//1179
f 839//1185 841//1183 834//1184
f 369//570 843//1180 842//1179
f 370//2043 358//549 368//567
f 370//2043 368//567 365//569
f 370//2044 365//2037 364//572
f 365//2037 366//2039 363//2038
f 369//570 845//606 371//571
f 321//547 358//549 367//573
f 358//549 370//2044 364//572
f 358//549 357//551 355//575
f 355//575 359//574 347//580
f 347//2045 359//2045 356//2045
f 356//560 354//577 352//582
f 356//560 350//559 394//576
f 347//581 356//560 352//582
f 395//584 364//566 353//561
f 353//561 364//566 363//562
f 384//587 386//449 256//447
f 256//447 257//445 863//451
f 383//586 256//447 863//451
f 394//2046 351//585 354//588
f 385//596 384//587 382//599
f 383//586 863//451 862//597
f 380//600 384//587 383//586
f 383//586 861//598 855//601
f 362//541 845//606 360//544
f 369//570 372//607 843//1180
f 843//1180 372//607 851//609
f 851//609 373//608 852//1201
f 373//608 348//612 852//1201
f 369//570 375//610 372//607
f 378//512 375//610 374//537
f 372//607 375//610 373//608
f 375//610 376//611 373//608
f 377//513 378//512 374//537
f 379//511 337//523 381//527
f 379//511 381//527 376//611
f 379//511 376//611 375//610
f 376//611 380//600 373//608
f 348//612 380//600 855//601
f 348//612 855//601 852//1201
f 789//506 540//509 907//615
f 545//2047 389//2048 392//2049
f 395//227 389//604 390//355
f 476//733 389//2050 544//802
f 394//576 392//605 393//594
f 351//602 389//604 395//227
f 392//2049 389//2048 393//2051
f 139//247 407//271 439//620
f 397//625 445//675 396//616
f 403//628 434//225 214//2052
f 443//632 484//745 509//676
f 399//621 405//257 398//622
f 400//629 406//262 402//619
f 406//262 400//629 401//626
f 428//656 402//619 439//620
f 138//1993 399//621 411//2053
f 411//2053 403//628 214//2052
f 93//224 214//2052 434//225
f 399//621 403//628 411//2053
f 403//628 426//623 435//627
f 427//630 402//619 428//656
f 405//257 399//621 138//1993
f 400//629 446//624 401//626
f 408//295 410//259 153//258
f 410//259 408//295 484//745
f 484//745 408//295 485//741
f 397//625 396//616 404//631
f 487//300 409//299 483//618
f 396//616 483//618 409//299
f 443//632 410//259 484//745
f 439//620 416//216 414//634
f 413//639 418//635 461//637
f 414//634 418//635 413//639
f 433//663 414//634 413//639
f 412//643 434//225 436//645
f 418//635 464//647 461//637
f 92//226 434//225 412//643
f 426//623 424//650 435//627
f 558//655 428//656 432//657
f 429//659 561//2054 503//660
f 434//225 423//658 436//645
f 429//818 431//667 423//658
f 425//669 432//657 554//666
f 554//666 433//663 559//665
f 432//657 438//636 433//663
f 432//657 425//669 558//655
f 423//658 431//667 436//645
f 436//645 431//667 437//644
f 431//661 527//662 452//690
f 417//640 437//644 431//667
f 427//630 446//624 400//629
f 427//630 558//655 422//653
f 424//650 550//2055 423//658
f 446//624 442//681 445//675
f 446//624 445//675 397//625
f 445//675 504//678 508//617
f 446//624 557//654 442//681
f 527//692 520//762 522//783
f 566//682 440//679 442//681
f 527//692 503//760 520//762
f 451//696 1321//684 447//683
f 527//692 529//782 536//693
f 553//881 447//683 602//685
f 456//638 451//687 559//665
f 451//696 450//695 1321//684
f 1321//684 450//695 449//697
f 559//665 451//687 447//821
f 467//542 360//544 474//556
f 466//232 325//546 316//554
f 466//232 316//554 468//699
f 323//548 465//518 315//550
f 535//705 462//702 357//551
f 460//703 535//705 357//551
f 350//559 359//558 462//2056
f 454//688 467//542 459//700
f 315//550 465//518 460//703
f 461//637 467//542 456//638
f 460//703 457//709 534//704
f 453//706 454//694 449//697
f 539//708 452//690 448//689
f 455//707 452//690 539//708
f 465//518 417//640 460//703
f 462//712 391//590 350//559
f 539//796 538//797 457//2057
f 534//794 457//2057 538//797
f 535//710 534//794 543//791
f 449//697 459//2058 469//2059
f 449//697 458//2060 473//714
f 454//694 459//2058 449//697
f 459//2058 474//2061 469//2059
f 469//727 473//726 458//2062
f 474//2061 472//725 469//2059
f 474//2061 349//724 472//725
f 213//729 475//731 533//728
f 480//358 475//731 213//729
f 477//732 481//2063 476//733
f 479//2064 481//2063 477//732
f 475//731 532//730 528//740
f 530//735 477//732 531//734
f 486//743 190//742 497//748
f 506//747 482//746 495//749
f 482//746 486//743 497//748
f 514//768 478//737 492//750
f 511//769 518//753 517//327
f 477//732 491//756 479//2064
f 183//755 479//2064 491//756
f 494//336 488//751 185//329
f 515//758 514//768 492//750
f 515//758 492//750 488//751
f 499//2004 184//326 489//325
f 495//749 518//753 516//766
f 497//748 499//2004 489//325
f 505//680 502//2065 634//2066
f 505//680 506//747 502//2065
f 634//2066 502//2065 635//927
f 504//678 500//677 501//763
f 502//2065 513//775 635//927
f 635//927 513//775 510//776
f 508//617 504//678 507//759
f 500//677 630//2067 633//764
f 505//680 444//673 506//747
f 444//673 509//676 506//747
f 507//759 501//763 512//765
f 506//747 516//766 502//2065
f 502//2065 516//766 513//775
f 511//769 517//327 524//736
f 513//775 518//753 511//769
f 516//766 518//753 513//775
f 525//738 514//768 652//778
f 514//768 525//738 478//737
f 514//768 655//767 646//777
f 528//740 652//778 690//785
f 646//777 637//932 652//778
f 520//780 521//779 522//2068
f 520//762 561//761 653//923
f 525//738 652//778 528//740
f 527//692 522//783 529//782
f 654//788 526//770 523//786
f 529//789 530//735 531//734
f 689//614 1405//1714 907//615
f 533//728 690//785 691//805
f 534//794 538//797 542//793
f 539//796 448//691 537//795
f 476//733 544//802 541//798
f 540//509 691//805 722//806
f 541//798 542//807 538//799
f 462//712 545//792 391//590
f 579//827 595//866 596//828
f 582//849 551//670 583//812
f 583//812 548//823 613//852
f 554//666 559//665 548//823
f 550//2055 580//813 423//658
f 575//820 550//2055 552//649
f 422//653 579//827 546//825
f 558//655 551//670 422//653
f 424//650 552//649 550//2055
f 597//857 574//855 565//668
f 565//668 574//855 549//811
f 546//825 557//654 422//653
f 551//670 582//849 422//653
f 548//823 553//822 601//883
f 583//812 554//666 548//823
f 555//829 547//808 627//824
f 631//2069 555//829 628//830
f 580//813 555//815 631//819
f 627//920 599//810 688//2070
f 550//2055 575//820 576//854
f 550//2055 576//854 580//813
f 549//811 574//855 575//820
f 581//826 422//653 582//849
f 425//669 554//666 583//812
f 563//836 568//674 505//680
f 440//679 560//833 500//677
f 594//864 597//857 565//668
f 594//864 565//668 564//672
f 626//863 563//836 629//837
f 594//864 564//672 563//836
f 546//825 596//828 566//682
f 688//2070 639//929 627//920
f 440//679 562//831 560//833
f 567//671 568//674 564//672
f 564//672 568//674 563//836
f 570//840 569//839 585//873
f 572//2071 571//841 590//843
f 606//845 569//839 573//838
f 548//823 609//884 608//893
f 571//841 592//2072 586//842
f 580//813 612//846 547//814
f 608//893 613//852 548//823
f 570//840 585//873 591//872
f 577//851 583//812 613//852
f 578//848 583//812 577//851
f 573//838 577//851 610//844
f 579//827 591//872 595//866
f 569//892 584//869 585//2073
f 591//872 579//827 581//826
f 581//826 570//840 591//872
f 576//854 572//850 580//813
f 581//826 578//848 570//840
f 576//854 575//820 571//853
f 571//853 575//820 592//856
f 570//840 578//848 573//838
f 612//846 572//850 607//896
f 595//866 591//872 589//862
f 597//857 594//864 588//858
f 586//842 587//876 659//874
f 588//2074 587//876 586//842
f 594//864 626//863 665//867
f 593//832 663//868 666//2075
f 587//865 665//867 657//953
f 592//2072 588//2074 586//842
f 591//872 584//859 589//862
f 601//882 602//685 600//686
f 624//879 600//686 1321//684
f 601//883 598//2076 609//884
f 695//2077 706//2078 707//2079
f 603//885 1327//1782 1416//983
f 693//976 706//2078 695//2077
f 692//887 719//886 721//979
f 622//981 702//980 604//977
f 599//810 614//809 707//2079
f 695//2077 707//2079 614//809
f 605//2080 615//2081 584//869
f 606//891 605//2080 584//869
f 609//884 623//911 619//894
f 611//889 620//895 622//2082
f 609//884 598//2076 623//911
f 606//845 610//844 605//2083
f 605//2083 610//844 608//893
f 605//2083 608//893 615//2084
f 619//894 615//2084 608//893
f 617//1799 590//843 586//842
f 607//899 572//2071 590//843
f 620//900 590//843 617//1799
f 616//906 1330//904 603//903
f 618//2085 616//2085 603//2085
f 1381//1788 617//1799 586//842
f 616//909 617//1799 1329//907
f 1329//907 617//1799 1340//1800
f 615//2084 619//894 1331//902
f 616//909 620//900 617//1799
f 692//887 618//2086 603//885
f 621//914 618//2087 692//916
f 622//2082 620//895 621//2088
f 615//2081 709//1784 584//869
f 1342//1785 709//1784 615//2081
f 619//894 1334//912 1332//901
f 692//887 721//979 694//982
f 624//879 1336//919 1335//918
f 630//2067 666//2075 632//924
f 632//924 666//2075 687//938
f 500//677 560//833 630//2067
f 666//2075 661//956 687//938
f 560//833 593//832 666//2075
f 630//2067 560//833 666//2075
f 634//2066 635//927 625//925
f 685//926 625//925 686//963
f 629//837 625//925 664//922
f 647//928 635//927 510//776
f 625//925 647//928 686//963
f 651//771 632//924 687//938
f 629//837 505//680 634//2066
f 634//2066 625//925 629//837
f 633//764 630//2067 632//924
f 645//945 523//786 653//937
f 639//2089 688//2090 708//936
f 638//935 639//2089 708//936
f 686//963 649//773 684//944
f 686//963 647//928 649//773
f 651//771 687//938 650//774
f 636//939 681//940 642//942
f 650//774 642//942 655//767
f 646//777 655//767 642//942
f 650//774 636//939 642//942
f 641//943 648//772 654//788
f 646//777 642//942 680//946
f 653//923 631//817 644//835
f 677//934 654//788 645//945
f 647//928 510//776 649//773
f 636//939 687//938 681//940
f 638//935 640//950 639//2089
f 690//785 683//931 703//974
f 637//932 683//931 690//785
f 662//955 626//863 664//922
f 658//957 673//961 675//958
f 663//868 661//956 666//2075
f 660//861 658//957 663//868
f 664//922 685//926 662//955
f 586//842 671//875 699//965
f 684//944 641//943 677//934
f 673//961 672//959 678//971
f 672//959 667//967 678//971
f 682//952 685//926 686//963
f 661//956 675//958 681//940
f 687//938 661//956 681//940
f 678//971 667//967 670//970
f 668//969 696//968 698//972
f 670//970 667//967 668//969
f 669//964 677//934 701//987
f 701//987 677//934 708//936
f 680//946 670//970 676//933
f 674//954 682//952 669//964
f 681//940 675//958 678//971
f 667//951 584//869 696//2091
f 691//805 690//785 717//973
f 599//810 707//2079 688//2070
f 584//869 710//2092 696//2091
f 700//2093 699//965 701//966
f 586//842 699//965 720//1007
f 699//965 700//2093 718//1009
f 720//1007 699//965 718//1009
f 703//974 697//988 717//973
f 693//976 704//978 706//2078
f 698//972 710//985 697//988
f 697//988 710//985 717//973
f 703//974 683//931 697//988
f 707//991 706//990 705//989
f 708//936 688//2090 707//991
f 718//2094 700//986 705//989
f 718//2094 705//989 702//994
f 705//989 704//978 702//980
f 702//994 714//993 718//2094
f 709//1005 1411//1003 712//1001
f 716//996 715//2095 713//1004
f 717//973 709//1005 712//1001
f 1424//1882 720//1007 1415//1006
f 1466//1010 720//1007 1424//1882
f 713//1004 711//2096 1415//1006
f 713//1004 720//1007 714//997
f 713//1004 715//2095 711//2096
f 1416//2097 711//2096 715//2095
f 722//806 712//1001 1404//975
f 584//869 709//1784 710//2092
f 709//1784 1420//1876 1411//2098
f 262//434 757//2099 758//435
f 758//1015 769//1020 726//440
f 733//2100 802//1030 775//489
f 726//440 775//489 776//377
f 767//1019 732//2101 775//489
f 732//2101 733//2100 775//489
f 261//400 313//196 979//510
f 732//1076 744//1077 763//2102
f 765//1072 734//1039 766//1038
f 763//1035 802//2103 733//1036
f 910//1033 911//2104 736//1031
f 1002//2105 910//1033 1000//1032
f 766//1038 735//1037 731//1050
f 731//1050 806//1148 799//1041
f 750//2106 745//1099 751//2107
f 752//2108 751//2108 796//2108
f 749//1064 748//1061 750//1060
f 745//1099 750//2106 747//1100
f 768//1066 729//1075 767//1067
f 766//2109 762//2109 742//2109
f 753//1071 742//1073 741//1069
f 744//2110 729//1022 743//1021
f 755//1078 725//2111 729//1075
f 755//1078 729//1075 768//1066
f 746//1055 1027//1084 796//1056
f 745//1054 979//2112 1027//1084
f 757//2113 755//1078 758//1079
f 738//1094 1063//1101 737//1266
f 899//1097 738//1094 737//1266
f 753//2114 754//2114 764//2114
f 754//1018 224//381 764//1017
f 943//443 759//442 942//1313
f 760//444 909//1014 738//1094
f 747//1100 740//1105 979//510
f 941//1325 761//29 943//443
f 744//1090 740//1103 742//1093
f 909//1014 761//5 941//1309
f 778//488 777//487 804//1108
f 787//484 296//483 817//1115
f 777//487 772//494 804//1108
f 804//1108 772//494 803//2115
f 771//1109 805//1153 803//1110
f 770//2116 787//484 817//1115
f 773//1113 805//1111 774//490
f 775//489 808//1028 773//1113
f 781//501 798//1159 982//1141
f 784//498 783//500 812//1121
f 782//2028 785//505 949//1157
f 787//482 815//1119 786//497
f 947//1127 783//500 811//1163
f 782//2028 949//1157 810//502
f 810//502 949//1157 948//1156
f 786//497 815//1119 816//504
f 780//1123 797//1125 811//1163
f 790//507 789//506 901//1131
f 976//1129 312//457 791//2030
f 789//506 907//615 901//1131
f 792//503 781//501 982//1141
f 794//456 793//1124 780//1123
f 1027//1138 979//2117 1021//2118
f 798//1159 980//1371 982//1141
f 800//2119 801//1146 799//2120
f 801//1146 730//1145 799//2120
f 996//1390 999//1389 967//2121
f 999//1143 736//1031 967//2122
f 736//1031 968//1154 967//2122
f 808//1150 805//1147 773//2123
f 968//1362 954//1140 953//1366
f 805//1153 800//1152 803//1110
f 800//2124 799//1041 803//1155
f 962//2125 818//1117 961//1120
f 970//1367 770//2116 817//1115
f 970//1126 814//1161 815//1119
f 947//1127 811//1163 946//1164
f 970//1367 817//1115 969//1368
f 813//1122 952//1162 949//1157
f 969//2126 818//1117 962//2125
f 969//2126 817//1115 818//1117
f 816//504 815//1119 814//1161
f 813//1122 816//504 814//1161
f 785//505 813//1122 949//1157
f 947//1127 944//1343 956//1165
f 900//1096 723//1012 739//1011
f 858//1168 865//1013 900//1096
f 848//1198 891//1206 890//1169
f 847//2127 848//1198 890//1169
f 846//1171 847//2127 890//1169
f 845//606 844//1174 360//544
f 869//1176 360//544 844//1174
f 842//1179 849//1181 844//1174
f 832//579 830//1208 835//1186
f 849//1181 837//1172 844//1174
f 844//1174 837//1172 836//1177
f 838//2128 833//2129 825//2130
f 833//1188 838//1182 835//1186
f 882//1178 836//1177 880//1224
f 834//2131 838//2128 825//2130
f 850//1197 846//1171 849//1181
f 846//1171 848//1198 847//2127
f 843//1180 850//1197 849//1181
f 851//609 850//1197 843//1180
f 861//598 863//451 860//1167
f 854//1207 855//601 859//1203
f 860//1167 858//1168 859//1203
f 858//1168 856//2132 857//1204
f 859//1203 857//1204 854//1207
f 856//2132 858//1168 898//1199
f 853//1205 857//1204 856//2132
f 828//1213 902//2133 819//2134
f 882//1178 881//1220 868//1175
f 857//1204 853//1205 848//1198
f 854//1207 857//1204 848//1198
f 850//1197 854//1207 848//1198
f 826//593 831//583 352//582
f 822//1216 821//1238 826//591
f 830//1208 867//1191 835//1186
f 824//1214 875//1212 906//2135
f 825//1196 833//1215 826//591
f 828//1213 829//1209 906//1194
f 829//1217 1194//1219 830//1208
f 1194//1219 867//1191 830//1208
f 829//1209 828//1213 819//2134
f 1193//1631 877//1222 866//1231
f 872//1226 873//2136 874//1227
f 1045//1230 876//1229 883//1235
f 866//1231 1045//1230 1192//1449
f 823//2137 874//2137 1110//2137
f 875//1255 1110//1526 1141//1253
f 874//2138 873//2136 1110//2139
f 873//2136 872//1226 1110//2139
f 872//1226 871//2140 1110//2139
f 868//1175 1193//1631 1191//1628
f 868//1175 881//1220 1193//1631
f 1193//1631 881//1220 877//1222
f 871//2141 870//2141 1110//2141
f 870//2142 1205//2142 1110//2142
f 881//1220 882//1178 880//1224
f 894//1244 1062//1243 1061//1247
f 853//1205 897//1245 891//1206
f 895//1240 894//1244 892//1241
f 895//1240 737//1266 1062//1243
f 891//1206 897//1245 893//1242
f 897//1245 898//1199 896//1095
f 853//1205 856//2132 897//1245
f 897//1245 856//2132 898//1199
f 887//1252 892//1241 1061//1247
f 892//1241 887//1252 888//1251
f 1061//1247 1053//1471 887//1252
f 737//1266 1060//1265 1062//1243
f 895//1240 899//1097 737//1266
f 876//1229 885//1249 883//1235
f 884//1248 885//1249 876//1229
f 886//1170 884//1248 879//1221
f 836//1177 886//1170 880//1224
f 870//1234 1198//1233 1205//1458
f 884//1248 888//1251 885//1249
f 889//1246 888//1251 884//1248
f 889//1246 892//1241 888//1251
f 886//1170 889//1246 884//1248
f 886//1170 890//1169 889//1246
f 901//1131 903//1552 1126//1369
f 901//1131 907//615 903//1552
f 903//1552 1266//1730 1121//1553
f 902//2133 828//1213 905//1193
f 905//1193 875//1192 1125//2143
f 1311//1760 1266//1730 903//1552
f 907//615 1405//1714 903//1552
f 912//2144 911//1047 913//1049
f 910//1262 1002//2145 1001//1263
f 908//1271 921//1274 1080//1311
f 1063//1101 908//1271 1058//1445
f 911//2146 912//1267 736//1269
f 921//1274 909//1014 941//1309
f 754//1068 752//1086 933//1273
f 913//1278 998//1277 932//1280
f 926//1294 1120//1334 924//1287
f 916//1293 1120//1334 926//1294
f 1120//1334 1084//1288 924//1287
f 922//1281 1008//1308 1083//1493
f 928//1295 914//1329 916//1293
f 925//1284 926//1299 924//1285
f 929//1296 926//1299 925//1284
f 931//2147 932//2147 930//2147
f 929//1296 933//1273 928//1298
f 933//1273 736//1272 932//2148
f 1013//1307 930//1306 1021//1422
f 1069//1322 934//1321 915//1292
f 1005//1286 924//1285 923//2149
f 1005//1286 923//2149 1006//1398
f 919//1315 943//443 942//1313
f 1078//1312 921//1274 1081//2150
f 943//443 919//1315 941//1325
f 923//1289 1084//1288 1148//1404
f 1079//1324 919//1315 1071//1317
f 1077//2151 920//2151 917//2151
f 1077//2152 917//2153 1076//2154
f 1076//1489 917//1330 1064//1332
f 1075//1323 918//1316 934//1321
f 921//1274 1079//1310 1081//2155
f 915//1292 935//1326 925//1282
f 918//1316 936//1327 935//1326
f 935//1297 937//1275 929//1296
f 938//2156 1077//1318 927//1320
f 1069//1322 915//1292 1068//1333
f 1068//1333 922//1281 1083//1493
f 920//2157 1077//1318 938//2156
f 920//2158 940//2158 917//2158
f 917//2159 939//2159 930//2159
f 940//2160 939//2160 917//2160
f 931//2161 927//1337 914//2162
f 939//1338 927//1337 931//2161
f 939//2163 931//2163 930//2163
f 940//2164 938//2164 927//2164
f 919//1315 937//1314 936//1327
f 937//1275 933//1273 929//1296
f 957//1349 958//1344 985//1340
f 985//1340 958//1344 955//1341
f 957//1349 959//1348 958//1344
f 961//1120 956//1165 955//1341
f 1002//2145 1000//2165 1001//1263
f 958//1344 962//2125 961//1120
f 959//1348 962//2125 958//1344
f 964//2166 953//2167 965//1350
f 964//2166 965//1350 963//1352
f 953//1366 964//2168 997//1363
f 974//1137 1014//1355 945//1357
f 798//1159 948//1156 981//1358
f 1028//1356 984//1342 944//1343
f 996//1390 967//2121 990//2169
f 946//1164 945//1357 944//1343
f 997//1363 968//1362 953//1366
f 1000//2165 999//1389 998//1391
f 986//1361 952//1162 950//1365
f 797//1125 945//1357 946//1164
f 797//1125 974//1137 945//1357
f 951//1158 949//1157 952//1162
f 968//1362 995//1364 990//2169
f 966//1354 969//2126 959//1348
f 968//1362 990//2169 967//2121
f 960//1353 970//1367 966//1351
f 945//1357 1028//1356 944//1343
f 950//2170 953//1366 1037//1139
f 953//2171 950//1365 965//1346
f 969//2126 962//2125 959//1348
f 1023//1433 979//510 972//1370
f 971//1134 1009//1377 974//1137
f 980//1371 798//1159 981//1358
f 976//1136 977//1142 975//1375
f 974//1137 795//1130 971//1134
f 993//1381 988//1386 995//1364
f 994//1380 957//1349 993//1384
f 997//1363 994//2172 993//1381
f 997//2173 963//1347 994//1380
f 1028//1356 1031//1427 984//1342
f 993//1384 985//1340 989//1394
f 1037//1139 992//2174 986//1361
f 992//2174 991//1387 986//1361
f 992//2174 1037//1139 991//2175
f 932//1280 998//1277 996//1382
f 989//1385 987//1393 988//1386
f 983//1438 1033//1378 991//1387
f 1034//2176 987//1395 1030//1379
f 1036//1396 932//1280 995//1388
f 1001//1263 1000//2165 998//1391
f 923//1289 1148//1404 1006//1406
f 1008//1308 1005//1283 1138//1413
f 1138//1413 1005//1283 1003//1412
f 1004//1408 1025//1444 1029//1409
f 1139//1430 1017//1425 1014//1355
f 972//1370 973//1374 1023//1433
f 1139//1430 1009//1377 1132//1566
f 1022//1418 1024//1360 1019//1419
f 1013//2177 1022//2177 1019//2177
f 1139//1430 1010//1429 1017//1425
f 1137//1567 1019//1419 1136//1424
f 1030//1379 1031//1427 1018//1426
f 1024//1360 1032//1359 1016//1420
f 1135//1428 1011//1434 1010//1429
f 1025//1431 1016//1420 1032//1359
f 1028//1356 1017//1425 1031//1427
f 991//2175 1037//1139 983//1443
f 1021//1422 979//510 1023//1433
f 1027//1138 1021//2118 1026//1442
f 1004//1405 1131//1414 1136//1424
f 1012//1568 1019//1419 1137//1567
f 1013//2178 1019//2178 1012//2178
f 1037//1139 1027//1138 1026//1442
f 1035//2179 1036//1439 1034//1441
f 1026//2180 1035//2180 1033//2180
f 1025//1444 1035//2179 1034//1441
f 1033//1378 1035//1432 1032//1359
f 1034//2176 1030//1379 1029//1410
f 1058//1445 908//1271 1056//2181
f 908//1271 1080//1311 1056//2181
f 1049//1447 1043//2182 1044//1448
f 1044//1448 1043//2182 1042//1450
f 1043//2182 1104//1464 1042//1450
f 1040//1455 1092//2183 1199//1456
f 1110//1526 1039//2184 1087//1515
f 1039//2184 1086//2185 1087//1515
f 1039//1459 1197//1461 1086//1504
f 1059//1462 1062//1243 1057//1446
f 1059//1462 1057//1446 1055//1469
f 1058//1445 1056//2181 1057//1446
f 1057//1446 1056//2181 1055//1469
f 1056//2181 1080//1311 1074//1472
f 1056//2181 1074//1472 1054//1474
f 1047//1466 1104//1464 1043//2182
f 1049//1447 1047//1466 1043//2182
f 883//1235 1050//1467 1049//1447
f 883//1235 1052//1250 1050//1467
f 1053//1471 1061//1247 1059//1462
f 1192//1449 1038//1452 1206//1629
f 1053//1471 1059//1462 1055//1469
f 1050//1467 1053//1471 1055//1469
f 1055//1469 1056//2181 1054//1474
f 1055//1469 1054//1474 1051//1470
f 1054//1474 1067//1473 1048//1465
f 887//1252 1053//1471 1052//1250
f 1050//1467 1051//1470 1047//1466
f 1048//1465 1051//1470 1054//1474
f 1074//1472 1066//1486 1067//1473
f 1066//1486 1074//1472 1073//1485
f 1078//1312 1081//2150 1073//1485
f 1093//1492 1068//1333 1119//1497
f 914//1329 1065//1484 1120//1334
f 1072//2186 1064//1482 1070//1319
f 1098//1508 1120//1334 1065//1484
f 1064//1482 1065//1484 1070//1319
f 1089//1480 1075//1323 1069//1322
f 1093//1492 1089//1480 1069//1322
f 1107//1483 1098//1508 1065//1484
f 1074//1472 1080//1311 1078//1312
f 1102//1523 1073//1477 1108//1488
f 1105//1463 1066//1486 1073//1485
f 1071//1317 918//1316 1100//1479
f 1076//2154 1072//2187 1077//2152
f 1077//1318 1072//2186 1070//1319
f 1070//1319 1065//1484 914//1329
f 1064//1332 1007//1331 1164//1401
f 1084//1288 1082//1496 1148//1404
f 1119//1497 1083//1493 1147//1495
f 1083//1493 1008//1308 1128//1494
f 1087//1515 1088//1500 1113//1499
f 1105//1463 1102//1522 1103//1457
f 1085//1656 1218//1671 1113//1529
f 1092//2183 1101//1525 1091//1521
f 1093//1492 1119//1497 1217//1510
f 1095//2188 1094//1542 1117//1544
f 1086//2185 1088//1500 1087//1515
f 1096//1511 1095//1512 1118//1514
f 1090//1520 1089//1480 1219//1509
f 1096//1511 1097//1507 1094//1517
f 1096//1511 1118//1514 1120//1334
f 1098//1508 1097//1507 1096//1511
f 1103//1457 1102//1523 1101//1524
f 1104//1464 1103//1457 1042//1450
f 1101//1525 1100//1479 1091//1521
f 1107//2189 1064//1332 1106//1487
f 1082//1496 1112//1534 1148//1404
f 1140//1546 1119//1497 1147//1495
f 1118//1514 1117//1513 1116//1540
f 1112//1534 1265//1530 1145//1574
f 1112//1534 1109//1531 1265//1530
f 1110//1526 1111//1532 1141//1253
f 1094//1542 1114//1528 1116//1543
f 1120//1334 1118//1514 1082//1496
f 1112//1534 1145//1574 1148//1404
f 1127//1376 1132//1566 1009//1377
f 1141//1253 1123//1547 1122//1260
f 1269//1550 1127//1376 1121//1553
f 1123//1547 1282//1549 1122//1260
f 1128//1494 1008//1308 1138//1413
f 1128//1494 1138//1413 1146//1559
f 1128//1494 1146//1559 1147//1495
f 1137//1567 1130//1558 1134//1561
f 1136//1424 1165//1556 1130//1558
f 1161//1435 1135//1428 1129//1562
f 1133//1564 1012//1555 1134//2190
f 1127//1376 1280//1551 1132//1566
f 1160//1563 1153//1595 1129//1562
f 1132//1566 1160//1563 1139//1430
f 1145//1574 1264//1576 1144//1575
f 1158//1577 1142//1587 1144//1575
f 1158//2191 1141//1580 1142//1579
f 1148//1404 1145//1574 1131//1414
f 1097//1491 1164//1401 1143//1571
f 1274//1600 1157//1569 1151//1565
f 1264//1576 1152//1599 1158//1577
f 1155//1603 1154//1586 1159//1585
f 1159//2192 1143//1571 1155//1589
f 1284//1573 1157//1569 1274//1600
f 1133//1560 1130//1558 1166//1591
f 1160//1563 1149//1593 1153//1595
f 1141//1253 1281//1582 1123//1547
f 1281//1582 1156//1592 1123//1547
f 1123//1547 1156//1592 1283//1548
f 1280//1551 1149//1593 1160//1563
f 1153//1595 1150//1596 1151//1565
f 1161//1435 1153//1595 1151//1565
f 1149//1593 1272//1601 1275//1594
f 1164//1590 1166//1591 1162//1604
f 1163//1602 1162//1604 1154//1586
f 1173//1605 1171//2193 1168//1606
f 1172//1634 1171//2193 1173//1605
f 1171//2193 1172//1634 1169//2194
f 1171//2193 1169//2194 1168//1606
f 1179//1608 1229//1607 1178//1645
f 1167//1618 1169//1612 1237//1611
f 1168//1606 1169//2194 1167//1616
f 1323//1615 1168//1606 1325//1617
f 1175//1623 1177//723 820//722
f 1177//717 1175//1623 1176//718
f 1175//1623 820//722 1196//1624
f 1175//1623 1174//1621 1176//718
f 1176//716 1182//2195 1173//1605
f 1174//1621 1196//1624 1195//2196
f 1183//1641 1203//1627 1189//1228
f 1190//1625 1206//1649 1200//1626
f 1188//1232 1203//1627 1198//1233
f 819//2134 1257//1716 1249//2197
f 1172//2198 1184//1239 1202//1610
f 1172//2198 1202//1610 1169//1612
f 1189//1228 1188//1232 871//1225
f 1193//1631 1192//1449 1191//1628
f 1182//2195 1181//2199 1173//1605
f 1180//1646 1179//1608 1178//1645
f 1185//1632 1172//1634 1173//1605
f 1194//1219 1258//1639 1183//1641
f 1180//1636 1250//1710 1179//1613
f 1258//1709 1256//1708 1254//1642
f 1172//2198 1187//2200 1184//1239
f 819//2134 1249//2197 1258//1709
f 1187//2200 1195//2201 1184//1239
f 1195//2201 1196//1200 1184//1239
f 1174//1621 1195//2196 1186//1622
f 1182//2195 1186//1622 1181//2199
f 1196//1200 869//1176 1184//1239
f 1195//2196 1185//1632 1186//1622
f 1195//2196 1187//1633 1185//1632
f 1186//1622 1185//1632 1181//2199
f 1183//1641 1180//1646 1178//1645
f 1198//1233 1197//1461 1205//1458
f 1198//1233 1203//1627 1235//1648
f 1038//1654 1041//1454 1204//1468
f 1197//1461 1235//1648 1233//1647
f 1233//1647 1215//1502 1216//1505
f 1200//1626 1206//1649 1201//1650
f 1197//1461 1216//1505 1086//1504
f 1178//1645 1229//1653 1203//1627
f 1246//1662 1090//1520 1213//1666
f 1214//1658 1208//1670 1218//1671
f 1232//1661 1090//1520 1246//1662
f 1246//1662 1213//1666 1245//1668
f 1244//1673 1294//1721 1263//1672
f 1199//1456 1092//2183 1211//1674
f 1140//1546 1261//1572 1207//1664
f 1140//1546 1207//1664 1212//1667
f 1212//1667 1217//1510 1140//1546
f 1211//1674 1092//2183 1091//1521
f 1218//1671 1208//1670 1263//1672
f 1091//1521 1099//1481 1232//1661
f 1233//1647 1234//1677 1215//1502
f 1225//1678 1242//1697 1230//1659
f 1231//1663 1243//1676 1365//1683
f 1368//1691 1290//2202 1376//1815
f 1222//1688 1211//1674 1360//1675
f 1229//1653 1221//1681 1238//1652
f 1228//1693 1229//1607 1170//1609
f 1368//2203 1228//1693 1290//1685
f 1223//1687 1199//1456 1222//1688
f 1233//1647 1359//1679 1234//1677
f 1227//1680 1366//1821 1226//1660
f 1220//1694 1231//1663 1365//1683
f 1226//1660 1366//1821 1225//1678
f 1225//1678 1366//1821 1374//1695
f 1377//1696 1240//1699 1242//1697
f 1241//1703 1289//1701 1372//1700
f 1240//1699 1239//1698 1442//1750
f 1240//1699 1442//1750 1288//1723
f 1240//1699 1288//1723 1294//1721
f 1244//1673 1240//1699 1294//1721
f 1376//1684 1304//1686 1462//1908
f 1244//1673 1242//1697 1240//1699
f 1241//1703 1246//1662 1245//1668
f 1248//1614 1250//1710 1314//1713
f 1247//1706 1300//1705 1311//1760
f 1170//1609 1248//1614 1305//1692
f 1258//1709 1249//2197 1257//1716
f 1256//1708 1252//1643 1254//1642
f 1256//1717 1124//1261 1268//1712
f 1256//1717 904//1257 1124//1261
f 1257//1716 1256//1708 1255//1707
f 1257//1715 904//1257 1256//2204
f 1257//1716 819//2134 902//2133
f 1253//1637 1252//1643 1251//1638
f 1247//1706 1311//1760 903//1552
f 1265//1530 1263//1672 1260//1720
f 1262//1665 1279//1726 1319//1725
f 1259//1722 1291//1724 1273//1734
f 1279//1726 1274//1600 1270//1727
f 1279//1726 1284//1573 1274//1600
f 1261//1572 1284//1573 1279//1726
f 1260//1720 1259//1722 1264//1576
f 1269//1550 1267//1739 1280//1551
f 1302//1756 1301//1753 1267//1739
f 1266//1730 1302//1756 1267//1739
f 1268//1712 1122//2205 1282//1728
f 1269//1550 1266//1730 1267//1739
f 1124//1261 1122//2205 1268//1712
f 1313//1729 1282//1728 1278//1731
f 1277//1597 1273//1734 1276//1733
f 1276//1733 1281//1598 1277//1597
f 1316//1767 1270//1727 1271//1736
f 1278//1731 1281//1598 1276//1733
f 1283//1737 1281//1598 1278//1731
f 1264//1576 1277//1597 1152//1599
f 1316//1767 1307//1761 1270//1727
f 1264//1576 1259//1722 1277//1597
f 1272//1601 1312//1738 1271//1736
f 1280//1551 1267//1739 1272//1601
f 1275//1594 1272//1601 1271//1736
f 1287//1746 1440//1749 1306//1747
f 1291//1724 1287//1746 1318//1748
f 1443//1702 1286//1744 1437//1751
f 1442//1750 1287//1746 1288//1723
f 1288//1723 1287//1746 1291//1724
f 1443//1702 1289//1701 1286//1744
f 1302//1756 1300//1705 1295//1757
f 1296//1754 1310//1732 1309//1763
f 1296//1754 1313//1729 1310//1732
f 1301//1753 1297//1916 1308//1752
f 1301//1753 1295//1757 1297//1916
f 1308//1752 1312//1738 1301//1753
f 1308//1752 1297//1916 1298//1762
f 1306//1747 1461//1900 1317//1735
f 1308//1752 1298//1762 1307//1761
f 1273//1734 1291//1724 1318//1748
f 1248//1614 1314//1713 1305//1758
f 1303//1755 1314//1713 1268//1712
f 1306//1747 1317//1735 1318//1748
f 1458//1870 1295//1757 1300//1705
f 1271//1736 1308//1752 1316//1767
f 1462//1766 1304//1759 1303//1755
f 1273//1734 1318//1748 1317//1735
f 1310//1732 1276//1733 1309//1763
f 1296//1754 1309//1763 1299//1765
f 1461//1900 1460//1764 1317//1735
f 1346//1796 1322//2206 1356//1828
f 1347//1786 1322//2207 1346//1793
f 1356//1828 1322//2206 1364//1827
f 1323//1615 1324//1771 1322//2207
f 1347//1786 1323//1615 1322//2207
f 1323//1615 1347//1786 1321//684
f 1325//1617 1364//2208 1324//1771
f 1364//2208 1322//2207 1324//1771
f 1381//1788 1466//1010 1397//2209
f 1408//1873 1418//1776 1326//1775
f 1331//2210 1342//1785 615//2081
f 1330//904 1329//907 1406//1790
f 1326//1798 1406//2211 1345//1789
f 1329//907 1339//1801 1345//1789
f 1333//1794 1335//918 1336//919
f 1329//907 1340//1800 1339//1801
f 1345//1789 1344//1806 1407//1808
f 1388//1811 1346//1796 1356//1828
f 1409//1809 1390//1810 1320//1834
f 1345//1789 1339//1801 1344//1806
f 1390//1810 1339//1801 1338//2212
f 1408//1873 1407//1772 1426//1774
f 1355//1830 1350//1819 1221//1681
f 1325//1617 1167//1616 1364//2208
f 1367//1689 1223//1687 1351//1818
f 1360//1675 1220//1694 1354//1822
f 1348//1825 1353//1820 1227//1680
f 1320//1834 1390//1810 1391//1829
f 1354//1822 1365//1683 1352//1826
f 1363//1816 1455//2213 1361//1831
f 1361//2214 1391//1829 1362//1814
f 1362//1814 1355//1830 1221//1681
f 1361//2214 1358//1832 1391//1829
f 1391//1829 1390//1810 1355//1830
f 1356//1828 1367//1689 1351//1818
f 1370//1836 1402//1862 1371//1839
f 1371//1839 1402//1862 1373//1844
f 1402//1862 1400//1842 1373//1844
f 1400//1842 1435//1931 1438//1843
f 1373//1844 1438//1843 1442//1750
f 1361//1831 1454//2215 1452//2216
f 1372//1700 1369//1840 1241//1703
f 1372//1700 1443//1702 1441//1845
f 1369//1840 1372//1700 1441//1845
f 1358//1904 1361//1831 1452//2216
f 1371//1839 1373//1844 1377//1696
f 1376//1684 1456//1907 1363//1816
f 1386//1824 1382//1847 1383//1804
f 1348//1825 1384//2217 1380//2218
f 1380//2218 1398//1849 1348//1825
f 1385//1848 1403//1835 1396//1850
f 1387//1812 1386//1824 1383//1804
f 1379//1852 1382//1847 1392//1851
f 1378//1813 1379//2219 709//1784
f 1398//2220 1380//2221 1397//2209
f 1379//2219 1392//2222 709//1784
f 1381//1788 1397//2209 1380//2221
f 1384//2223 1381//1788 1380//2221
f 1384//2223 1338//1802 1381//1788
f 1385//1848 1349//1838 1352//1826
f 1383//1804 1378//1853 1337//1805
f 1387//1812 1356//1828 1351//1818
f 1350//1819 1338//2212 1384//2217
f 1384//2217 1348//1825 1350//1819
f 1355//1830 1338//2212 1350//1819
f 1386//1824 1389//1823 1349//1838
f 1390//1810 1338//2212 1355//1830
f 1471//1857 1399//1846 1473//1860
f 1396//1850 1403//1835 1401//1841
f 1392//2222 1465//1866 709//1784
f 1401//1841 1369//1840 1399//1846
f 1397//2209 1466//1010 1469//1864
f 1370//1836 1398//1849 1395//1861
f 1370//1836 1395//1861 1402//1862
f 1398//2220 1469//1864 1395//1863
f 1398//2220 1397//2209 1469//1864
f 1392//1851 1396//1850 1465//1858
f 1430//1871 1427//1869 1457//1704
f 1247//1706 1430//1871 1457//1704
f 1328//1773 1432//1779 1426//1774
f 1463//1867 1479//1874 709//1784
f 1466//1010 1424//1882 1423//1885
f 1410//1880 1411//1003 1420//1894
f 1416//2097 1414//2224 1415//1006
f 1415//1006 711//2096 1416//2097
f 1424//1882 1417//1881 1425//1886
f 1415//1006 1414//2224 1417//1881
f 1405//1714 1410//1880 1430//1871
f 1413//1002 1410//1880 1405//1714
f 1404//975 1413//1002 1405//1714
f 1417//1878 1418//1883 1428//2225
f 1425//1888 1417//2226 1428//2227
f 1427//1869 1422//1936 1487//1914
f 1425//1888 1428//2227 1426//1889
f 1410//1880 1421//1884 1430//1871
f 1427//1869 1421//1884 1422//1936
f 1429//1893 1431//1918 1496//1891
f 1422//1936 1419//2228 1481//1934
f 1424//1882 1425//1886 1423//1885
f 1425//1888 1432//1890 1429//1893
f 1482//1892 1496//1891 1450//1913
f 1421//1884 1419//2228 1422//1936
f 1421//1884 1420//1894 1419//2228
f 1431//1769 1357//1837 1451//1905
f 1439//1742 1448//1902 1476//1898
f 1476//1898 1448//1902 1493//1921
f 1440//1749 1434//1895 1436//1897
f 1363//1816 1456//1907 1455//2213
f 1441//1845 1443//1702 1437//1751
f 1438//1843 1435//1931 1475//1901
f 1456//1907 1376//1684 1462//1908
f 1438//1843 1434//1895 1440//1749
f 1440//1749 1436//1897 1306//1747
f 1442//1750 1438//1843 1440//1749
f 1441//1845 1437//1751 1477//1859
f 1434//1895 1475//1901 1433//1896
f 1295//1757 1453//1906 1297//1916
f 1454//2215 1361//1831 1455//2213
f 1461//1900 1436//1897 1449//1911
f 1450//1913 1494//1924 1492//1937
f 1490//1915 1446//1923 1297//1916
f 1493//1921 1447//1922 1446//1923
f 1427//1869 1453//1906 1458//1870
f 1454//2229 1455//1920 1444//1909
f 1450//1913 1299//1765 1494//1924
f 1496//1891 1451//1919 1445//2230
f 1451//1919 1452//2231 1445//2230
f 1445//2230 1452//2231 1454//2232
f 1459//1741 1298//1762 1447//1922
f 1449//1911 1494//1924 1460//1764
f 1451//1905 1358//1904 1452//2216
f 1299//1765 1444//1910 1296//1754
f 1468//1932 1473//1860 1491//1943
f 1486//1945 1472//1903 1467//1925
f 1491//1943 1473//1860 1476//1898
f 1475//1901 1474//1855 1433//1896
f 1483//1941 1468//1932 1491//1943
f 1463//2233 1483//1941 1479//1942
f 1463//2233 1468//1932 1483//1941
f 1466//1010 1486//1928 1467//1929
f 1393//1854 1470//1926 1474//1855
f 1468//1932 1463//2233 1464//1868
f 1470//1930 1469//1864 1466//1010
f 1400//1842 1474//1855 1435//1931
f 1473//1860 1477//1859 1476//1898
f 1471//1857 1468//1932 1464//1868
f 1465//1866 1464//2234 1463//1867
f 1494//1924 1449//1911 1495//1899
f 1446//1923 1488//1933 1493//1921
f 1488//1933 1480//1939 1493//1921
f 1489//1935 1480//1939 1488//1933
f 1487//1914 1481//1934 1490//1915
f 1484//1927 1485//1940 1486//1928
f 1423//1885 1482//1887 1485//1940
f 1476//1898 1480//1939 1491//1943
f 1478//1946 1481//1934 1419//2228
f 1485//1938 1492//1937 1486//1945
f 1495//1899 1486//1945 1492//1937
f 1495//1899 1492//1937 1494//1924
f 1478//1946 1479//1942 1489//1935
