# G1 exterior visual; derived from pinned Unitree/TWIST2 CAD.
v 0.0289964192 0.0238684174 -0.0012290196
v 0.028000256 0.0227261949 0.00554301962
v 0.0279704779 0.021313699 0.016176939
v 0.0290057659 0.0230779219 0.0122581692
v 0.0280002002 0.0221075043 0.0119657768
v 0.0290080402 0.0237176605 0.00582082616
v 0.024426328 0.0187684577 0.0205666404
v 0.0247799829 0.0189574715 0.0217758715
v 0.026278656 0.0196178816 0.019705534
v 0.0276621263 0.0207286049 0.0208523534
v 0.0289534684 0.0222312454 0.0167457722
v 0.0275846999 0.0206538457 0.0179300811
v 0.0283810161 0.0213894974 0.0193973836
v 0.0270143449 0.0201070756 0.0189769343
v 0.0212119613 0.01803324 0.0209836382
v 0.0210004952 0.0180234574 0.0239838492
v 0.0249100421 0.0190131981 0.0231639389
v 0.0264634416 0.0198674351 0.0222230572
v 0.0254069418 0.0191662516 0.0202265605
v 0.0232590958 0.0184123088 0.020800475
v 0.0232712869 0.0184012577 0.0236946549
v 0.0370057002 0.0195110515 0.0215838421
v 0.0356943607 0.0177513286 0.0241890065
v 0.0357103534 0.019021228 0.0231448803
v 0.0362962671 0.0204351228 0.0210243799
v 0.0365276076 0.0209066365 0.0198414419
v 0.0369151384 0.021166265 0.0184672419
v 0.0369126573 0.0215062555 0.0173888747
v 0.0370483473 0.022040518 0.0146041745
v 0.0370254628 0.0204929058 0.019827947
v 0.0362627394 0.0217083618 0.0180479847
v 0.0365214087 0.0224253852 0.0146811903
v 0.0357881002 0.022124052 0.0170428324
v 0.0357697867 0.0215845704 0.0188062377
v 0.0362533182 0.0189114027 0.0230497234
v 0.03608777 0.0179303698 0.0239401236
v 0.0362775475 0.019739287 0.0221059415
v 0.0356741957 0.0197462756 0.0223697927
v 0.0356997848 0.0205370821 0.0211892016
v 0.0365435965 0.0177805535 0.0237931386
v 0.0369480774 0.0176154729 0.0235145818
v 0.0368835256 0.0187277235 0.0226868745
v 0.0368887372 0.0201151185 0.0208769962
v 0.0367211923 0.0194112696 0.0221248306
v 0.0357083008 0.0210897066 0.0200897735
v 0.0357927494 0.0226400476 0.0147709427
v 3.48749381e-05 0.00228774827 0.0299081169
v -0.00325255003 -0.0177209768 0.0240042396
v -0.0028787211 -0.0158011075 0.0253427867
v -0.00492057903 -0.00445612846 0.0292643588
v -0.00464626262 -0.00720580481 0.0287686475
v -0.00246233749 0.00238593272 0.0297922734
v -0.00285360985 -8.73961471e-05 0.0298600625
v -3.0009247e-05 -6.18148397e-06 0.0299914759
v -0.00511060422 0.00390242669 0.0293220095
v -0.00472256029 0.00226293458 0.0295428932
v -0.00284092152 0.00704445085 0.0290223379
v -0.00106206303 0.00936103053 0.0284904037
v -0.00451144995 0.00890649669 0.0283044819
v 0.000105239968 0.00490768859 0.0295920987
v -0.00287763355 0.00479352893 0.0294741783
v -0.00109382777 0.0117766531 0.0275789537
v -0.00122259487 0.0138993701 0.0265669283
v -0.000729663472 -0.0179843213 0.0240067095
v -0.000445835787 0.0157840569 0.0255169421
v -0.000740865711 0.0179866422 0.0240046941
v -0.00291338563 0.0157528203 0.0253687054
v -0.0028853782 0.0177698806 0.0240040775
v -0.00494923396 0.0173076559 0.0240194462
v -0.00431253435 0.0113807786 0.0274303891
v -0.00470106956 0.0131607475 0.0265706554
v -0.0050168247 0.0151357548 0.0254219156
v -0.00493569532 0.00570805138 0.0290395003
v -0.002949649 -0.00238032383 0.0297596715
v -0.00470883818 -0.00176679355 0.0295858327
v -0.00294542336 -0.00471655745 0.0294808149
v -0.00461815344 -0.0135210212 0.0263955928
v -0.00430757785 -0.0114280321 0.0274139363
v -0.00186607288 -0.0138364788 0.0265498273
v -0.00117113302 -0.0117147742 0.0275987312
v -0.00247739628 -0.00940175168 0.0283844694
v -0.00116233004 -0.00711837178 0.0291206837
v -0.00447151437 -0.00864144601 0.0283876881
v -0.000715492875 -0.0159887187 0.0253734458
v 0.000186851088 -0.00221932004 0.0299151503
v 1.97091213e-05 -0.00489969598 0.0295918901
v 0.000266120333 -0.0141959004 0.0264333636
v 0.000384661806 -0.00928166974 0.028527081
v -3.55109078e-05 0.00715356367 0.0291269273
v -0.00502393674 -0.0157584175 0.0250369124
v -0.00443391828 0.0004205429 0.0296757296
v -0.00648921728 -0.00933748577 0.027780408
v -0.0073582842 0.016434202 0.0240101516
v -0.0179866329 0.00089924084 0.0240058601
v -0.0179270878 -0.0017126794 0.0240068007
v -0.0161011964 -0.00184166734 0.0252699647
v -0.0145712402 -0.01057145 0.0240115505
v -0.00583721418 -0.0170288458 0.024006756
v -0.00789824314 -0.0161804073 0.0240088608
v -0.0071153366 -0.0145395603 0.0252581295
v -0.0101144547 -0.0148979416 0.0240090173
v -0.012103511 -0.0133343032 0.0240091737
v -0.0135496445 -0.0118389772 0.0240190066
v -0.0151404496 -0.00642746361 0.0251098759
v -0.0156875197 -0.00881874654 0.0240071695
v -0.0124875559 -0.00952997617 0.0255808998
v -0.0166683421 -0.00681656739 0.0240034312
v -0.0174889471 -0.00429139147 0.0240112673
v -0.0162722189 0.00190159492 0.0251316298
v -0.0176679362 0.00346286641 0.0240099803
v -0.0153630814 0.00410717959 0.0254594423
v -0.0169945601 0.00594644761 0.0240102503
v -0.016116662 0.00800521765 0.0240180418
v -0.014482866 0.00628335495 0.0255101174
v -0.0135305393 0.00835355371 0.0254572537
v -0.0152130984 0.00962602533 0.0240083709
v -0.0137054054 0.0116762882 0.0240088031
v -0.0120918211 0.0112305116 0.0250744335
v -0.0117333736 0.0136628244 0.0240060817
v -0.0092888372 0.01272579 0.0255512912
v -0.00764508313 0.0140315369 0.0254092235
v -0.00965711195 0.0151959956 0.0240057092
v -0.00659032073 0.0103502618 0.0273921788
v -0.00677882833 0.00743014505 0.0282791909
v -0.00656140083 0.000597374688 0.0292675775
v -0.00752803311 -0.00180466939 0.0290026721
v -0.00706925476 -0.00561752869 0.0286088977
v -0.0072295093 -0.0116761047 0.0266721342
v -0.00942059513 0.0100768134 0.0266603343
v -0.0083357729 0.00582098076 0.0282432586
v -0.0109352879 0.00856215972 0.0266115051
v -0.00861480273 0.00277808402 0.0286201276
v -0.0112131909 0.0056495918 0.0272654239
v -0.0102302711 0.00116260652 0.0281963497
v -0.012752139 0.0041106143 0.0268615484
v -0.0091659734 -0.00342087704 0.0283780582
v -0.0118164467 -0.00042356085 0.0275905132
v -0.0136599271 0.00184361509 0.0266459659
v -0.0093778614 -0.00649866555 0.0277643073
v -0.0120858485 -0.00350136263 0.0272527188
v -0.0145821329 -0.000425354025 0.0262341574
v -0.00877372455 -0.0102254516 0.026804138
v -0.0109284762 -0.00804932415 0.0267733168
v -0.0136079006 -0.00502343755 0.0262798052
v -0.00948886294 -0.0124639161 0.0256070737
v 0.0290043764 -0.0299096964 0.00250517204
v 0.0290014856 -0.0299971141 -0.00103319157
v 0.0357310399 -0.0299922135 0.000654043397
v 0.0356506668 0.0150585594 0.0259422567
v 0.0355970152 0.0128120743 0.0271307435
v 0.0356786884 0.0109083494 0.0279396046
v 0.0356510505 0.00880950131 0.0286733359
v 0.0356243141 0.00633025402 0.0293272361
v 0.0356653892 0.00430411194 0.0296845082
v 0.0356609225 0.00199561403 0.0299276654
v 0.0355955921 -0.000462808879 0.0300012399
v 0.0356104225 -0.00465045683 0.0296393447
v 0.0356701352 -0.00257325312 0.0298845414
v 0.0356149822 -0.00693060923 0.0291908029
v 0.0356201455 -0.00917251315 0.028565079
v 0.0355959944 -0.0115010897 0.0277144946
v 0.0356241949 -0.0154737886 0.025702212
v 0.0356528237 -0.0136099542 0.0267316289
v 0.0355802067 -0.017650187 0.0242670476
v 0.0243294463 -0.0188039225 0.0233822353
v 0.0204397272 -0.018005101 0.0240041204
v 0.0223536659 -0.0182175748 0.0238433219
v 0.0260847677 -0.0198245812 0.0225078929
v 0.0356668383 -0.0193257388 0.0229380727
v 0.0356510244 -0.020925846 0.0214928407
v 0.0273106378 -0.0210054759 0.0214277189
v 0.0281913895 -0.02239215 0.0199781433
v 0.0356049314 -0.0225921348 0.0197474528
v 0.0289006308 -0.0245192423 0.0173247326
v 0.0356480516 -0.0240458436 0.0179322176
v 0.0356261618 -0.0253270604 0.0160775688
v 0.0290065091 -0.0260704644 0.0148529224
v 0.0355341099 -0.0264695212 0.0141503839
v 0.0290128496 -0.0272554141 0.0125962067
v 0.0356528983 -0.0283137951 0.00990772061
v 0.0356538929 -0.0275189318 0.0119392378
v 0.0290086977 -0.028527163 0.00934233051
v 0.0356410742 -0.029830331 0.00317195198
v 0.0356411934 -0.0295124911 0.00537269842
v 0.0290022921 -0.0294181686 0.0059720506
v 0.0355874635 -0.0290185902 0.00764030078
v 0.0279962681 -0.0226361416 0.0155684855
v 0.0279910397 -0.0243643913 0.015767511
v 0.0277581941 -0.0210717991 0.0173909757
v 0.0276757404 -0.0228843465 0.0176234413
v 0.0271601416 -0.0217398424 0.0187494885
v 0.0273027085 -0.0199144799 0.0185307153
v 0.0265695974 -0.0188662671 0.0194901545
v 0.0264861286 -0.0207836833 0.0195175353
v 0.0257815309 -0.0200433284 0.0200241208
v 0.0259624422 -0.0183367841 0.0199322831
v 0.0249500349 -0.017667355 0.0204161629
v 0.0247456711 -0.0192880444 0.020449549
v 0.0236871969 -0.018728992 0.0207202267
v 0.0235444568 -0.017062895 0.0207652636
v 0.0220157504 -0.0182127245 0.0209251922
v 0.0211628266 -0.0165405218 0.020989323
v 0.0203971192 -0.0180088598 0.0209905058
v 0.0296169929 0.0209609512 0.0155176148
v 0.0296200085 0.0215838607 0.0121418945
v 0.029618565 0.0220975056 0.00734337373
v 0.0286210328 0.0208343305 0.0100885928
v 0.0286199935 0.0204295758 0.0129822958
v 0.0286075957 0.0199175961 0.0155714555
v 0.0286232103 0.0212707128 0.00458660955
v 0.02962403 0.0223837718 0.00040946118
v 0.0286194999 0.0213658828 -0.00101933116
v 0.0279992968 0.0194959175 -0.0176895149
v 0.0280001033 0.0221191607 -0.0124955764
v 0.0279999934 0.0206843913 0.0115464032
v 0.0280000847 0.0202418715 -0.014535143
v 0.0280066617 0.0199426282 0.0154716168
v 0.0280002933 0.0207709502 -0.0110706044
v 0.0280001778 0.0228339434 -0.00389698963
v 0.028000176 0.0211586673 -0.00688688317
v 0.0280002467 0.0213626511 -0.0014897685
v 0.0280003045 0.0212727953 0.0044643078
v 0.0358310267 0.0223531295 -0.00294502615
v 0.0358269475 0.0222582985 0.00492574787
v 0.0358261615 0.0218191743 0.0103160441
v 0.0358185731 0.0210931078 0.0149996532
v 0.0357457735 -0.0285055339 0.000271853729
v 0.0296209138 -0.0284985583 0.000733897672
v 0.035745699 -0.0283283759 0.00323320949
v 0.0296207257 -0.0283386372 0.00306111691
v 0.0296160933 -0.0266571697 0.0101213399
v 0.0357461162 -0.0269919354 0.00915829558
v 0.0296220947 -0.0277988669 0.00636642799
v 0.0357484333 -0.0277333912 0.00660621421
v 0.0296194721 -0.0242565013 0.0149630466
v 0.0357439481 -0.0246165562 0.0143922707
v 0.0296232477 -0.0254602451 0.0128120435
v 0.03574159 -0.026158046 0.0113424817
v 0.0394994169 -0.0189348962 0.013753836
v 0.0395018645 -0.0175960679 0.015417573
v 0.0394999646 -0.0233896356 0.000540136884
v 0.0395003296 -0.0230121128 0.00431864336
v 0.0395001844 -0.0207965169 0.0107188867
v 0.0395001695 -0.0220544003 0.00780586991
v 0.0394994467 0.0182070006 -0.00356235285
v 0.0395071954 0.0181062017 0.00465493929
v 0.0395123065 0.0177067742 0.00929327216
v 0.0395107567 0.0171060506 0.0130557073
v 0.0394992456 0.0165920593 0.0150049515
v 0.0286153872 -0.0272054374 0.00408018194
v 0.0286226701 -0.0267442409 0.00642456347
v 0.0286274683 -0.0232199579 0.0147450762
v 0.0286212303 -0.0247395653 0.0120563796
v 0.0286210813 -0.0261026528 0.00869138259
v 0.0286269952 -0.027505938 0.000591457414
v 0.0279997364 -0.0243161712 0.0129149016
v 0.0280000567 -0.0272374321 0.00388715393
v 0.0280000679 -0.0266049579 0.00700438581
v 0.028000176 -0.0258314628 0.00944605097
v 0.028000325 -0.027498845 0.000651787501
v 0.0410002731 -0.0184080806 0.0152511019
v 0.0369403772 -0.0247125924 0.0159344729
v 0.0410002246 -0.0222611837 0.00874254294
v 0.0369085409 -0.0269232411 0.0118941898
v 0.0410002209 -0.0206769761 0.0119783664
v 0.0368811563 -0.0259917192 0.013858743
v 0.0369202122 -0.0277707241 0.00971843582
v 0.0368815288 -0.0284657404 0.00756901922
v 0.0410002619 -0.0236355923 0.00367666502
v 0.0369039699 -0.0289321952 0.00542397471
v 0.0369211622 -0.0292545259 0.00313147856
v 0.0369571783 -0.0293798372 0.000240904628
v 0.0410002172 -0.0238788351 -0.00118455535
v 0.0410002172 0.0178374182 0.0122351088
v 0.0410001017 0.0173547659 0.0143835573
v 0.0410002358 0.0184850674 0.00764192408
v 0.0369689912 0.022612907 0.0115612149
v 0.0370066948 0.0229728911 0.00794503931
v 0.0369630866 0.0232735891 0.00322056585
v 0.0410002433 0.0188157093 -0.00134072185
v 0.0205342863 0.0165062286 0.0209939536
v -2.54667287e-09 0.0179926548 0.0209999997
v -2.54667287e-09 0.0164926555 0.0209999997
v -0.00257168221 0.0178079233 0.0209999997
v -0.00258001941 0.016289603 0.0209999997
v -0.00520829344 0.0172223505 0.0209999997
v -0.00509651238 0.0156854466 0.0209999997
v -0.00772754336 0.0162487123 0.0209999997
v -0.007487508 0.0146950623 0.0209999997
v -0.0100726811 0.0149089471 0.0209999997
v -0.00969413947 0.0133428378 0.0209999997
v -0.0121908514 0.0132332444 0.0209999997
v -0.0116620688 0.0116620678 0.0209999997
v -0.0140343262 0.0112593621 0.0209999997
v -0.0133428378 0.00969413854 0.0209999997
v -0.015561576 0.00903177634 0.0209999997
v -0.014695066 0.00748750847 0.0209999997
v -0.0167381782 0.00660068123 0.0209999997
v -0.0156854484 0.00509651052 0.0209999997
v -0.0175376255 0.00402085483 0.0209999997
v -0.0162896011 0.00258001965 0.0209999997
v -0.0179419015 0.00135042786 0.0209999997
v -0.0164926518 9.0949713e-12 0.0209999997
v -2.54667287e-09 -0.0164926536 0.0209999997
v -2.54667287e-09 -0.017992653 0.0209999997
v -0.00258001941 -0.0162896011 0.0209999997
v -0.00257168221 -0.0178079214 0.0209999997
v -0.00509651238 -0.0156854447 0.0209999997
v -0.00520829344 -0.0172223486 0.0209999997
v -0.007487508 -0.0146950623 0.0209999997
v -0.00772754336 -0.0162487105 0.0209999997
v -0.00969413947 -0.0133428378 0.0209999997
v -0.0100726811 -0.014908948 0.0209999997
v -0.0116620688 -0.0116620678 0.0209999997
v -0.0121908514 -0.0132332454 0.0209999997
v -0.0133428378 -0.00969413947 0.0209999997
v -0.0140343262 -0.0112593621 0.0209999997
v -0.014695066 -0.00748750847 0.0209999997
v -0.015561576 -0.00903177634 0.0209999997
v -0.0156854484 -0.00509651052 0.0209999997
v -0.0167381782 -0.00660068123 0.0209999997
v -0.0162896011 -0.00258001965 0.0209999997
v -0.0175376255 -0.00402085483 0.0209999997
v -0.0179419015 -0.00135042774 0.0209999997
v -2.54602472e-09 -0.0164926536 0.0232431144
v 0.0204089899 -0.0165030863 0.0232358016
v 0.0208279677 0.0165183898 0.0232253242
v -0.00151768723 0.0164468884 0.023240814
v -0.0147727951 -0.00734753208 0.0232430212
v -0.00265230518 -0.0163057484 0.0232381057
v -0.00525051774 -0.0156414118 0.0232430194
v -0.0100774541 -0.0130659565 0.0232444778
v -0.00778755778 -0.0145673295 0.0232370812
v -0.0116620688 -0.0116620678 0.0232431144
v -0.0134053649 -0.00965444744 0.0232381057
v -0.0158073176 -0.00479395967 0.0232370812
v -0.0163648706 -0.00211313087 0.0232444778
v -0.0163650755 0.00211638492 0.0232431851
v -0.0164926518 8.77092149e-12 0.0232431144
v -0.0158189349 0.00474050222 0.0232434608
v -0.0145673091 0.00778760342 0.0232370812
v -0.0130659537 0.010077456 0.0232444778
v -0.0100752981 0.0130684022 0.0232431851
v -0.0116620688 0.0116620678 0.0232431144
v -0.00783357956 0.0145377414 0.0232434608
v -0.00479400624 0.0158072989 0.0232370812
v -2.54450594e-09 8.01149078e-12 0.0285
v -0.000692914473 -0.00148211769 0.0284584928
v -0.00164392183 2.83871232e-05 0.0284565259
v -0.000585301546 0.00154274725 0.0284567233
v -0.000439389376 -0.00354925939 0.0282759983
v -0.0011540429 -0.00922592357 0.0269536898
v -0.00139280502 -0.0112649836 0.0261605661
v -0.00177909574 -0.0129462406 0.0253489204
v -0.00109551358 -0.0147469789 0.024371421
v -0.00111443584 0.0147377336 0.0243781134
v -0.00419092597 0.0142276576 0.0243513323
v -0.00724671176 0.0128954444 0.0243733693
v -0.00995163806 0.0109734926 0.0243620165
v -0.0121480292 0.00846730545 0.0243640691
v -0.0126893455 0.00589163089 0.024852654
v -0.0142426575 0.00399429863 0.0243733618
v -0.0147962943 0.00072260818 0.0243620165
v -0.014577237 -0.0026026261 0.0243640766
v -0.0139664961 -0.00488708774 0.0243578199
v -0.0128954798 -0.00724669872 0.0243733563
v -0.0109734815 -0.00995164551 0.0243620165
v -0.0084673157 -0.0121480217 0.024364071
v -0.00642010802 -0.0133314962 0.0243578199
v -0.00399425765 -0.0142426565 0.0243733674
v -0.000887422008 0.01314935 0.0252782814
v -0.00358802313 0.0125349583 0.0253532063
v -0.00565781677 0.0117485737 0.0253418647
v -0.007526692 0.0106464932 0.02535321
v -0.00922062527 0.00922062527 0.0253418647
v -0.0106206564 0.00756311696 0.0253532063
v -0.0125226052 0.00363092124 0.0253532045
v -0.0129579408 0.00146000925 0.0253418647
v -0.0130190849 -0.000708767038 0.02535321
v -0.0125349481 -0.00358801731 0.0253532119
v -0.0117485775 -0.00565781491 0.0253418647
v -0.0106464885 -0.00752669806 0.02535321
v -0.00922062527 -0.00922062527 0.0253418647
v -0.00756311556 -0.0106206592 0.0253532045
v -0.00501018623 -0.0120373201 0.0253532082
v -0.000733110995 0.0110806366 0.0262530223
v -0.00431582145 -0.0103625217 0.0262037721
v -0.00702243438 -0.00875375699 0.0262175966
v -0.00951952673 -0.00594319217 0.0262175929
v -0.0107926149 -0.00308670127 0.0262037721
v -0.0112088732 -0.000607706374 0.0262037739
v -0.0109337699 0.0025288926 0.0262176003
v -0.00948494207 0.0059982012 0.0262176003
v -0.00746372668 0.00838456117 0.0262037739
v -0.00541087706 0.00983516779 0.0262037739
v -0.00308667729 0.0107926205 0.0262037721
v -0.00124083774 0.00927625876 0.02692963
v -0.00356305158 0.00865713693 0.0269236676
v -0.0058151558 0.00734192971 0.0269307308
v -0.00791370776 0.00500930706 0.0269307308
v -0.0089899376 0.00261196541 0.0269236676
v -0.00934575964 0.000546026859 0.0269236676
v -0.00913795736 -0.00205375045 0.0269307289
v -0.00794683676 -0.00495660491 0.0269307271
v -0.00586382952 -0.00730312243 0.0269307289
v -0.0036020577 -0.00864098221 0.0269236658
v -0.000937823148 0.00741375936 0.0275100973
v -0.00142936769 -0.00734308595 0.0275140181
v -0.00358302728 0.00655522384 0.0275193565
v -0.00581788132 0.0046777036 0.0275134053
v -0.00703634135 0.00249369559 0.0275134072
v -0.00744389277 0.000438584044 0.0275103729
v -0.00728456397 -0.00163208728 0.0275134072
v -0.00653624907 -0.00358906342 0.0275103711
v -0.00529966876 -0.00525758835 0.0275134053
v -0.00362489256 -0.00651645754 0.0275103692
v -0.00115249946 0.00530236261 0.0279924776
v -0.0036674852 0.00415319856 0.0279648118
v -0.00522606308 0.00186657929 0.0279682465
v -0.00534518063 -0.00150029303 0.0279740486
v -0.00348787662 -0.0043163239 0.0279682446
v -0.00098385883 -0.00546618318 0.0279622208
v -0.000851925288 0.00344815641 0.0282820836
v -0.00251717237 0.00256317295 0.0282783601
v -0.00343218306 0.00102027156 0.0282777194
v -0.00347310817 -0.000965032144 0.0282794386
v -0.00211369153 -0.00291994121 0.0282794386
v 0.0265323129 0.0180322621 0.0197332352
v 0.0267157722 0.0182417631 0.0193009507
v 0.027555747 0.0186420027 0.0187926069
v 0.0238892492 0.017041726 0.0206952151
v 0.0224330742 0.0167008732 0.0209051166
v 0.0282946024 0.0192758124 0.017492529
v 0.0274723228 0.0188988298 0.0181362592
v 0.0276612919 0.019141851 0.017642986
v 0.027746601 0.0192737821 0.0173534378
v 0.0277748518 0.019323485 0.0172334425
v 0.0274132267 0.0188382324 0.0182658415
v 0.0271008834 0.0185387619 0.0188144967
v 0.0247731302 0.0173039939 0.0204710886
v 0.0255838819 0.0176195949 0.0201472696
v 0.0262529608 0.0179565027 0.0197230335
v 0.0289707799 0.0197917782 0.019110145
v 0.0294749122 0.0205177236 0.0171566363
v 0.0262302067 0.0178725496 0.0221027397
v 0.024575673 0.0172128975 0.0227146652
v 0.0226946119 0.0167397652 0.0230660513
v 0.0277700461 0.0187664926 0.0209913589
v 0.0283354614 -0.0215131957 0.0170095433
v 0.0277529079 -0.0202247668 0.0183961373
v 0.024530733 -0.0172982905 0.0226508006
v 0.0221344456 -0.0166619122 0.0231222566
v 0.0264921933 -0.0183779653 0.0217857901
v 0.0277670361 -0.0195133779 0.0207765549
v 0.0286592748 -0.0207767524 0.0195125621
v 0.0291810147 -0.021914158 0.0182274543
v 0.0294607319 -0.0229055434 0.0169714745
v 0.0358137712 0.0205888823 0.0170020703
v 0.0358018801 0.0199640002 0.0189213045
v 0.0357508361 0.0170863252 0.0228112489
v 0.0357842445 0.0181185622 0.0219389014
v 0.035804186 0.0191483852 0.0206068903
v 0.0357461125 0.00070151448 0.0285034366
v 0.0395001806 -0.00225688866 0.0232959427
v 0.0395002104 -0.0160679501 0.0170028619
v 0.035747081 -0.0199035536 0.0204044487
v 0.0357560031 -0.0176244453 0.0224011391
v 0.0376680233 -0.0195198208 0.0170008559
v 0.0357537046 -0.021271674 0.0189685225
v 0.035745129 -0.0231235735 0.0166633781
v 0.0380035341 -0.0189069584 0.0170008801
v 0.0395002365 -0.0135656064 0.0190692395
v 0.0357554853 -0.0148262065 0.0243447814
v 0.0395002216 -0.0110215992 0.0206440929
v 0.0357466936 -0.0122255003 0.025759073
v 0.0395002216 -0.00839711074 0.0218467042
v 0.0357473977 -0.00907527562 0.0270299334
v 0.0395002179 -0.0053221765 0.0227898099
v 0.0357487425 -0.00578382518 0.0279168114
v 0.035747502 -0.00260485406 0.0283937119
v 0.0394998901 0.00112517748 0.0233796164
v 0.0395002328 0.00382955885 0.0230870433
v 0.0357484594 0.00424368633 0.0281954482
v 0.0395002775 0.00691225287 0.0223727152
v 0.0357483178 0.00752973231 0.0275009982
v 0.035739731 0.0152715258 0.0240841582
v 0.0357469283 0.0131657152 0.0252819769
v 0.0395001918 0.00968020782 0.0213018563
v 0.0357464105 0.0104231369 0.0265392717
v 0.0395001881 0.0123271374 0.0198943261
v 0.0377706476 0.0181234498 0.0170008726
v 0.0394974984 0.0157469809 0.0169998482
v 0.0395018309 0.0149382157 0.0180042051
v 0.036912486 -0.000280167733 0.0294233896
v 0.0410002507 0.00114607648 0.023895558
v 0.0410002097 0.0053630718 0.0232915506
v 0.036906898 0.00422430737 0.0291281044
v 0.0369155593 0.00197703019 0.0293592196
v 0.0369127728 0.00847842265 0.0281823296
v 0.0368834473 0.00633694418 0.0287627429
v 0.0410002172 0.00903156493 0.0221396722
v 0.0369210429 0.0107587613 0.0273834802
v 0.041000206 0.0120272385 0.0206438825
v 0.036901474 0.0128406081 0.0264898259
v 0.0369201452 0.0147912977 0.0254330691
v 0.036896091 0.016702136 0.0242437255
v 0.0410002097 0.0145041412 0.0189824812
v 0.0264260676 0.0180483218 0.019608466
v 0.0271343868 0.0185569264 0.0187922101
v 0.0378036536 -0.0192612261 0.0170111377
v 0.0386148728 -0.0177313164 0.0170434434
v 0.0395001173 -0.0227695815 -0.00543978624
v 0.039500203 0.0174837187 -0.0111495545
v 0.0395002291 -0.00558607513 -0.0227674227
v 0.0395002067 -0.0233100262 -0.0020453271
v 0.0395002104 -0.00211039488 -0.0233281478
v 0.0395002291 0.011995852 -0.0201430172
v 0.0395002589 0.0165517237 -0.0152472463
v 0.0395002253 -0.0141485464 -0.0186823718
v 0.0395002887 0.00746178022 -0.0222388003
v 0.0395002924 0.00213557505 -0.0233709663
v 0.0395002253 -0.0189930536 -0.0137173971
v 0.03950027 -0.010112619 -0.0211682599
v 0.0395002924 -0.0213094316 -0.00975249149
v 0.0395002067 -0.0166734979 -0.0164430458
v 0.039500311 0.0153521644 -0.0176232345
v 0.0410001948 0.01649018 0.000935139309
v 0.0410001911 0.01644798 -0.00142340863
v 0.0410001911 -0.00793220103 -0.0188659318
v 0.0410001911 -0.0051327385 -0.0193830188
v 0.0410002656 -0.00105703226 -0.0238740593
v 0.0410001911 -0.00228782045 -0.0194869917
v 0.041000206 -0.00582190603 -0.0231958423
v 0.0410001539 -0.0167472772 -0.0170313902
v 0.0410001911 -0.0154736238 -0.0149886189
v 0.0410001911 0.0160334799 -0.0042398884
v 0.0410002209 0.0183515567 -0.0088073872
v 0.0410001911 0.0152133144 -0.00696600229
v 0.0410001911 0.0140049635 -0.00954364799
v 0.041000206 0.0177106075 -0.0128869014
v 0.0410001911 -0.0192629565 0.010759471
v 0.0410001911 0.0124341818 -0.0119178873
v 0.0410002246 0.0170137119 -0.0155012291
v 0.0410001986 0.0148466667 -0.0187075883
v 0.0410001911 0.0105344467 -0.0140381176
v 0.0410002619 0.015956901 -0.017595591
v 0.0410002172 0.00879144482 -0.0222251862
v 0.0410001911 0.00834624935 -0.0158591494
v 0.0410001911 0.00591622526 -0.0173421726
v 0.0410002209 0.00272095017 -0.0237352438
v 0.0410001986 0.00553774135 -0.0232313573
v 0.0410001911 0.00329616782 -0.0184555762
v 0.0410001911 0.00054191862 -0.0191756319
v 0.0410001911 0.0105344467 0.0140381185
v 0.0410002135 0.012141523 -0.020580776
v 0.0410001911 -0.0106265424 -0.0179467518
v 0.0410001911 -0.0131583363 -0.0166450646
v 0.0410001911 0.00591622526 0.0173421707
v 0.0410001911 0.00834624935 0.0158591494
v 0.0410001911 0.0140049635 0.00954364799
v 0.0410001911 0.0152133144 0.00696600182
v 0.0410001911 0.0160334799 0.0042398884
v 0.041000206 -0.0144418944 -0.0190443564
v 0.0410001911 -0.022499999 -1.28512027e-11
v 0.0410001948 -0.00250544795 0.0237578582
v 0.0410001911 -0.00228782045 0.0194869898
v 0.0410002209 -0.00572440727 0.0232125334
v 0.0410001911 -0.0051327385 0.0193830188
v 0.0410001911 0.0124341818 0.0119178882
v 0.0410002805 -0.0106749916 -0.0214054268
v 0.0410002135 -0.0187079348 -0.0148452139
v 0.0410001911 -0.0175230559 -0.0130127165
v 0.0410002396 -0.0231962409 -0.00583574781
v 0.0410001911 -0.0206562392 -0.00827690586
v 0.0410001911 -0.02167321 -0.00561793242
v 0.0410001911 -0.0206562392 0.00827690586
v 0.0410002805 -0.0101491697 0.0216727182
v 0.0410001911 -0.00793220103 0.0188659318
v 0.0410001911 0.00054191862 0.0191756301
v 0.0410001911 0.00329616782 0.0184555743
v 0.0410001837 0.0166641958 0.0163577199
v 0.0410002358 -0.0206616428 -0.0120214811
v 0.0410001911 -0.0192629565 -0.010759471
v 0.0410001464 -0.021893857 -0.00954469107
v 0.0410001911 -0.0222921949 -0.00283922278
v 0.0410001911 -0.0222921949 0.00283922255
v 0.0410001911 -0.02167321 0.00561793242
v 0.0410001911 -0.0175230559 0.0130127175
v 0.0410001911 -0.0154736238 0.0149886189
v 0.0410002023 -0.0135871824 0.0196509454
v 0.0410002023 -0.0158470552 0.0178903751
v 0.0410001911 -0.0131583363 0.0166450646
v 0.0410001911 -0.0106265424 0.0179467499
v 0.0410002209 0.0157706141 0.0178332813
v 0.0368819796 -0.0235658698 0.017668996
v 0.0368997417 -0.0221527368 0.019390896
v 0.0369195826 -0.0205811821 0.0210271161
v 0.0369038656 -0.0188912805 0.0225751624
v 0.0368956774 -0.0171467755 0.0239346586
v 0.0369179994 -0.0152502414 0.0251623169
v 0.0369041711 -0.0132567585 0.0262824688
v 0.0368959568 -0.0112469811 0.0272112396
v 0.0369348601 -0.00914792996 0.027945891
v 0.0369011164 -0.00700534321 0.0285928436
v 0.0368729346 -0.00481137121 0.029068552
v 0.0369244255 -0.00251477375 0.0293096602
v 0.0279999916 -0.0285353642 -0.00536602223
v 0.0280001964 -0.0274104066 -0.00221833889
v 0.0280001964 -0.0269682761 -0.00538176438
v 0.0280001592 -0.0254106745 -0.0140004037
v 0.0279999729 -0.0270710345 -0.0104696304
v 0.0280001964 -0.0250033792 -0.0114490939
v 0.0280001964 -0.0261623096 -0.00847258233
v 0.0280001964 -0.0235071201 -0.014271141
v 0.0279939547 -0.0229790416 -0.0177251101
v 0.0280084647 -0.021758331 -0.016824685
v 0.0280001946 -0.0275661144 0.00906224456
v 0.0280001983 -0.0284194183 0.00582877593
v 0.028000189 -0.0289908703 -0.00114515051
v 0.028000202 -0.0289079864 0.00251796539
v 0.028000189 -0.0262750927 0.0123029994
v 0.035764873 0.0231601335 0.0115801329
v 0.0358072184 0.023795478 0.00331077492
v 0.0357674249 0.023560239 0.0076934211
v 0.0357529409 0.0238579009 -0.000107174223
v 0.0363811739 0.0236865859 3.4534798e-05
v 0.0364385918 0.0235977359 0.00340680103
v 0.0369691812 0.0233232714 2.59191529e-05
v 0.03630298 0.023352161 0.00863002427
v 0.0365695618 0.0229736995 0.0110056233
v 0.0361003168 -0.0299069174 0.00061157142
v 0.0365312546 -0.029714901 -0.00083339354
v 0.0365200378 -0.0297143217 0.00069752842
v 0.0362103581 -0.0297097731 0.00313699991
v 0.0362101048 -0.029381698 0.00540101202
v 0.0362098925 -0.0288823433 0.00763333449
v 0.036209736 -0.0282144137 0.00982111879
v 0.0362096764 -0.0273806117 0.011951399
v 0.0362095498 -0.0263851732 0.0140109994
v 0.0362093858 -0.0252351761 0.0159883965
v 0.0362092257 -0.0239380412 0.0178724397
v 0.0362091362 -0.0225010645 0.0196521785
v 0.0362090841 -0.0209316798 0.0213165116
v 0.0362089761 -0.0192386825 0.0228549764
v 0.0362088308 -0.0174330361 0.0242594182
v 0.0362086892 -0.0155257955 0.025522273
v 0.0362086147 -0.0135278637 0.0266360585
v 0.0362087116 -0.0114502273 0.0275932178
v 0.0362380184 -0.00930547249 0.0283750053
v 0.0362084322 -0.00711399829 0.0290142726
v 0.0361779183 -0.00487075839 0.0294852741
v 0.0362083875 -0.00259502302 0.029760778
v 0.0362377986 -0.000314611301 0.0298600066
v 0.0362377651 0.0169028752 0.0246180017
v 0.0362087078 0.0149810817 0.02584574
v 0.0362086371 0.0129613271 0.0269153453
v 0.0362086333 0.0108658755 0.0278278552
v 0.0361785144 0.00870590843 0.0285887197
v 0.0362087749 0.00648850808 0.02916044
v 0.0362084694 0.00424028421 0.0295711681
v 0.0362084061 0.00196674396 0.0298088249
v 0.0257900581 0.0175780449 -0.0216374882
v 0.0281479787 0.0188702326 -0.0196006
v 0.0286257602 0.0196909569 -0.016988406
v 0.0284751132 0.019197762 -0.0185562596
v 0.0276350006 0.0187878385 -0.0195126217
v 0.0265033077 0.0179410353 -0.0210816134
v 0.0269065741 0.0180756189 -0.0213161912
v 0.0251875874 0.0173326544 -0.022254847
v 0.0233691297 0.0168374833 -0.0226654448
v 0.0218963586 0.0166069902 -0.0229236148
v 0.0245961864 0.0171464905 -0.0222694166
v 0.0273347311 0.0185017753 -0.0201029107
v 0.0278606918 0.0190891288 -0.0188295506
v 0.0210872255 0.0180170294 -0.0229899716
v 0.0204719435 0.0165038016 -0.022994142
v 3.9439476e-07 -0.0164926834 -0.0229966305
v -0.000203797099 -0.0164891705 -0.0237442758
v 4.23719466e-05 -0.0118437726 -0.0280484278
v -0.00121738191 -0.0140174525 -0.0269969143
v -0.000521087495 -0.016292762 -0.0256837122
v -0.000758075621 -0.0179854594 -0.0244987458
v -0.00114471058 -0.0049069603 -0.030060133
v 7.99956615e-05 -0.00715893041 -0.0296182483
v 0.000254996266 -0.00976869371 -0.0288551915
v 6.99238662e-05 0.00243875943 -0.0303822514
v 8.68241768e-05 -1.45428839e-05 -0.030481983
v 0.000310486881 -0.00267677079 -0.0303686541
v 6.41045772e-05 0.00719023077 -0.0296073761
v 0.000322813255 0.00458750455 -0.0301358812
v 0.000764539116 0.0098704854 -0.0288256258
v -0.00124579412 0.0118709207 -0.0280161276
v 6.60056539e-05 0.0139860874 -0.027024338
v -0.000605536276 0.0162962303 -0.0256789867
v -0.000732112501 0.0179860294 -0.0244991593
v -0.00486576604 0.0173254758 -0.0244976226
v -0.00299081835 0.0177532379 -0.0244980585
v -0.00497618131 0.0153907752 -0.0257744063
v -0.00304579502 0.0159595571 -0.0257146657
v -0.00249491562 0.0139746498 -0.0269255079
v -0.00526009314 0.0132064773 -0.0269214287
v -0.00432138983 0.0116482414 -0.0278074667
v -0.00439433008 0.00949803647 -0.0286204722
v -0.00531804655 0.00857110228 -0.0287608597
v -0.00311060087 0.00715158787 -0.0294555761
v -0.00530349743 0.00630846107 -0.0293573178
v -0.00306622079 0.00480201375 -0.0299402531
v -0.0053201816 0.000995172653 -0.0300203115
v -0.00311854342 0.00242500659 -0.0302248243
v -0.00522150518 0.00401626853 -0.0297834985
v -0.00306699076 2.16664648e-05 -0.0303277187
v -0.00546161318 -0.00144995283 -0.029972136
v -0.00307983859 -0.00237819832 -0.0302327573
v -0.00460908003 -0.00442224648 -0.029820459
v -0.00306557608 -0.00710004754 -0.0294740107
v -0.00543041807 -0.00634269463 -0.0293215849
v -0.00350282411 -0.0116589973 -0.0279255155
v -0.00536105921 -0.0107117435 -0.0280165523
v -0.00301302969 -0.00941114128 -0.0288141351
v -0.00543204602 -0.00861101039 -0.0287268106
v -0.00473606819 -0.0135931233 -0.0268356558
v -0.00508913537 -0.0156527329 -0.0255839713
v -0.00310382852 -0.0158820394 -0.0257571135
v -0.00310652773 -0.0177325215 -0.0245025437
v -0.00493681477 -0.0173023883 -0.0244996659
v -0.00204587146 0.00951159466 -0.0288566556
v -0.0144388061 -0.00801111106 -0.0237301849
v -0.0152879432 -0.00618803734 -0.023771314
v -0.0110921487 -0.0122238295 -0.0237334669
v -0.0129173053 -0.0102874851 -0.0237475876
v -0.0098322453 -0.0132337846 -0.0237663183
v -0.00785558578 -0.0145145496 -0.0237345267
v -0.00610005111 -0.015321142 -0.0237634927
v -0.00130933616 0.0148406895 -0.0248043556
v -0.000844105438 0.0164755154 -0.0237373374
v -4.73139953e-05 0.0128575852 -0.025941493
v -0.00190819311 0.0126010682 -0.0259857811
v -0.00126274128 0.0103264442 -0.0270380862
v -0.00119801692 0.00817931816 -0.0277805049
v -0.00132872851 0.00590878259 -0.0283556487
v -8.5100015e-05 0.0034711503 -0.0287937224
v -0.00211088615 0.0035505516 -0.0286932513
v -0.00131238438 0.000880567881 -0.0289621875
v -0.00212561595 -0.00118625956 -0.0288900323
v -0.00131005666 -0.00366081088 -0.0287399963
v -5.49950928e-05 -0.00154785137 -0.0289593618
v -0.00208152342 -0.00589024462 -0.0283010527
v 9.77789023e-05 -0.00941340066 -0.0274125226
v 1.8704397e-05 -0.00637126993 -0.0282833595
v -0.00203773635 -0.00818911567 -0.0277161542
v -0.00197983044 -0.0104312375 -0.0269426089
v -0.00290595274 -0.0126980431 -0.0258627702
v -3.34199576e-05 -0.0126572307 -0.0260450654
v -0.00120364246 -0.0147823542 -0.0248407014
v -0.0018069928 -0.0164049957 -0.0237345174
v -0.00440428406 -0.0159146041 -0.0237328373
v -0.0037264477 -0.0146835791 -0.0246345028
v -0.00684744539 -0.0125399064 -0.0251741894
v -0.0122879772 -0.00818911567 -0.0248701852
v -0.0146685867 -0.00355055463 -0.0246700123
v -0.0158711188 -0.00453266781 -0.0237364955
v -0.0147709502 -0.00118625956 -0.0248387177
v -0.0162847135 -0.0026107009 -0.0237371661
v -0.0147709502 0.00118625653 -0.0248387177
v -0.0164931398 -0.00065191614 -0.0237359013
v -0.0158713944 0.00453240564 -0.0237356573
v -0.0146685867 0.0035505516 -0.0246700123
v -0.0163741689 0.00213573617 -0.0237316936
v -0.0151699977 0.00646901829 -0.0237618536
v -0.0143678654 0.00810161885 -0.0237447582
v -0.0127425287 0.0104893465 -0.0237458162
v -0.0122879772 0.00818911381 -0.024870187
v -0.0115515916 0.0117715104 -0.0237372071
v -0.0100462465 0.0104312347 -0.0250402372
v -0.0100853164 0.0130655533 -0.0237464402
v -0.00779915089 0.0126010682 -0.0248382501
v -0.00775346346 0.0145775015 -0.0237313192
v -0.00572504522 0.0154820671 -0.0237541404
v -0.00298496103 0.0162326265 -0.0237337239
v -0.0125520034 -0.00589024462 -0.0253939349
v -0.0127290441 -0.00355055463 -0.0257451292
v -0.0128178773 -0.00118625956 -0.0259213373
v -0.0128178773 0.00118625653 -0.0259213373
v -0.0127290515 0.0035505516 -0.0257451292
v -0.0125520034 0.00589024182 -0.0253939349
v -0.0090450542 -0.0103837484 -0.0254665129
v -0.010340075 -0.00818911567 -0.0257581417
v -0.0105622439 -0.00589024462 -0.0263009686
v -0.0107112257 -0.00355055463 -0.0266649574
v -0.0107859699 -0.00118625956 -0.0268475842
v -0.0107859699 0.00118625653 -0.026847586
v -0.0107112257 0.0035505516 -0.0266649574
v -0.0105622439 0.00589024182 -0.0263009705
v -0.010340075 0.00818911381 -0.0257581417
v -0.00832857471 -0.00818911567 -0.0264907274
v -0.0085075302 -0.00589024462 -0.0270492956
v -0.00862752926 -0.00355055463 -0.02742384
v -0.00868772995 -0.00118625956 -0.0276117623
v -0.00868772995 0.00118625653 -0.0276117623
v -0.00862752926 0.0035505516 -0.02742384
v -0.0085075302 0.00589024182 -0.0270492975
v -0.00832857471 0.00818911381 -0.0264907293
v -0.00809190702 0.0104312347 -0.025752008
v -0.00404625619 -0.0104312375 -0.0267061256
v -0.00416460121 -0.00818911567 -0.0274727531
v -0.00425409013 -0.00589024462 -0.0280524231
v -0.00431409711 -0.00355055463 -0.0284411144
v -0.00434419746 -0.00118625956 -0.0286361352
v -0.00434419746 0.00118625653 -0.0286361352
v -0.00431409711 0.0035505516 -0.0284411144
v -0.00425409013 0.00589024182 -0.0280524231
v -0.00416460121 0.00818911381 -0.0274727549
v -0.00404625619 0.0104312347 -0.0267061274
v -0.00489961728 0.0126146814 -0.0255962852
v -0.0037264477 0.0146835772 -0.0246345047
v -0.00608779723 -0.0104312375 -0.0263084434
v -0.00626585865 -0.00818911567 -0.0270634405
v -0.00640049065 -0.00589024462 -0.0276343133
v -0.00649076933 -0.00355055463 -0.0280171074
v -0.00653606886 -0.00118625956 -0.0282091703
v -0.00653606886 0.00118625653 -0.0282091703
v -0.00649076933 0.0035505516 -0.0280171074
v -0.00640049065 0.00589024182 -0.0276343133
v -0.00626585865 0.00818911381 -0.0270634405
v -0.00608779723 0.0104312347 -0.0263084434
v -0.00494373078 0.0173001494 -0.0229966305
v -0.00162051339 -0.0179453306 -0.0229968205
v -0.00494372332 -0.0173001513 -0.0229966305
v -0.00689111929 -0.0166348033 -0.0244976562
v -0.00750710303 -0.0163517278 -0.0229966305
v -0.00804101489 -0.0161131471 -0.0245261397
v -0.00989724975 -0.0150259798 -0.0229966305
v -0.0104270605 -0.0146813942 -0.0244951546
v -0.0120590134 -0.0133534968 -0.0229966305
v -0.0122927316 -0.0131610651 -0.0245137922
v -0.0158604439 -0.00852377713 -0.0245008636
v -0.0155042661 -0.00912981108 -0.0229966305
v -0.0141432527 -0.0111536318 -0.0244928971
v -0.0139425052 -0.0113728726 -0.0229966305
v -0.0178977679 -0.00188776059 -0.0245111641
v -0.017400153 -0.00463373028 -0.0245053768
v -0.0175266881 -0.00406828057 -0.0229966305
v -0.0167082492 -0.00667607319 -0.0229966305
v -0.0167285297 -0.00662609469 -0.0245116428
v -0.0179406796 -0.00136660971 -0.0229966305
v -0.0179923065 0.000689107692 -0.0244995039
v -0.0179406796 0.0013665969 -0.0229966305
v -0.0158204902 0.00859299302 -0.0245061461
v -0.0169424042 0.00609561149 -0.0245045573
v -0.0167082567 0.00667606154 -0.0229966305
v -0.0175266881 0.00406826846 -0.0229966305
v -0.0176068023 0.0037428753 -0.0245260447
v -0.0155042661 0.0091297999 -0.0229966305
v -0.0116271432 0.0137478625 -0.0245054532
v -0.0120590208 0.0133534884 -0.0229966305
v -0.013037215 0.0124002639 -0.0244995914
v -0.0139425127 0.0113728624 -0.0229966305
v -0.014270599 0.0109639931 -0.0245111343
v -0.00947971083 0.0153137501 -0.0244910419
v -0.0098972572 0.0150259733 -0.0229966305
v -0.00750711048 0.016351724 -0.0229966305
v -0.00734064868 0.0164474957 -0.0245189872
v -0.00160164677 0.0179462768 -0.0229967628
v -0.0086657349 0.0132258553 -0.0260106791
v -0.0119361235 0.0109657263 -0.0257385373
v -0.0142462878 0.00860877149 -0.0254526902
v -0.0145515008 0.00619233679 -0.0259873886
v -0.0168173108 0.00124810787 -0.0253057536
v -0.0168173704 -0.00124552613 -0.025305843
v -0.0167012382 -0.0037305546 -0.0251345038
v -0.0142466528 -0.00860629603 -0.0254533347
v -0.00622480642 -0.0037305546 -0.0296031646
v -0.00722691882 0.0109053543 -0.0275031962
v -0.0145517616 -0.00618980825 -0.0259878524
v -0.0147563247 -0.0037305546 -0.0263462309
v -0.0148589341 -0.00124552613 -0.0265259948
v -0.0148588819 0.00124810787 -0.0265259016
v -0.0147561682 0.00373311853 -0.0263459515
v -0.0109058768 -0.0108797699 -0.0262565948
v -0.0122844903 -0.00860629603 -0.026475301
v -0.0125475777 -0.00618980825 -0.0270317048
v -0.0127239702 -0.0037305546 -0.0274047572
v -0.0128124459 -0.00124552613 -0.0275918823
v -0.0128124012 0.00124810787 -0.0275917854
v -0.0127238287 0.00373311853 -0.0274044666
v -0.0125473468 0.00619233679 -0.0270312224
v -0.0122841774 0.00860877149 -0.0264746305
v -0.0099588735 0.0109657263 -0.0265819244
v -0.0102492673 0.00860877149 -0.0273426101
v -0.0104688434 0.00619233679 -0.0279177967
v -0.0106160892 0.00373311853 -0.0283035114
v -0.0106899915 0.00124810787 -0.0284970868
v -0.0106900288 -0.00124552613 -0.0284971874
v -0.0106162084 -0.0037305546 -0.0283038113
v -0.0104690371 -0.00618980825 -0.0279182959
v -0.0102495281 -0.00860629603 -0.027343303
v -0.00853952207 -0.013149716 -0.0260869209
v -0.00792286824 -0.0109633207 -0.0272716209
v -0.00815382879 -0.00860629603 -0.0280521959
v -0.00832844805 -0.00618980825 -0.0286423694
v -0.00844553392 -0.0037305546 -0.0290380642
v -0.0085042594 -0.00124552613 -0.0292365458
v -0.0085042296 0.00124810787 -0.0292364433
v -0.00844543707 0.00373311853 -0.029037755
v -0.00832829904 0.00619233679 -0.0286418572
v -0.00815361273 0.00860877149 -0.0280514844
v -0.014652486 -0.00757048465 -0.0229966305
v -0.00160767895 0.0164410211 -0.0229973421
v -0.0048593157 0.0157605428 -0.0229966305
v -0.00729288394 0.0147926155 -0.0229966305
v -0.00954254996 0.0134516666 -0.0229966305
v -0.0132693304 0.00979451556 -0.0229966305
v -0.0115515916 0.0117715104 -0.0229966305
v -0.0146524636 0.00757053494 -0.0229966305
v -0.0156661067 0.00515564997 -0.0229966305
v -0.0164926518 2.81879586e-08 -0.0229966305
v -0.0162847061 0.00261075655 -0.0229966305
v -0.0162847135 -0.0026107009 -0.0229966305
v -0.0156661216 -0.00515559642 -0.0229966305
v -0.0132693602 -0.00979446992 -0.0229966305
v -0.0115516288 -0.0117714712 -0.0229966305
v -0.00729293609 -0.0147925904 -0.0229966305
v -0.00954260211 -0.013451634 -0.0229966305
v -0.00485936785 -0.0157605242 -0.0229966305
v -0.0023032676 -0.0163310319 -0.0229966305
v 0.0215701833 -0.0165316276 -0.0237099733
v 0.0211935434 -0.0165042244 -0.0229832157
v 0.0204652715 0.0165018197 -0.0237307698
v 0.0209265761 -0.0179997962 -0.022990128
v 0.0208869632 -0.0180147216 -0.0244841836
v 0.0356823616 0.0234535523 -0.00952862855
v 0.0289996788 0.0237214137 -0.00585038727
v 0.0359072238 0.0237817615 -0.00398577331
v 0.0289979652 0.0233604833 -0.0104893325
v 0.0356455743 0.0229276977 -0.0136743262
v 0.0289984886 0.0221629031 -0.0174348913
v 0.02900392 0.0227782 -0.0145932455
v 0.0357837752 0.0206454396 -0.0173265617
v 0.0296222921 0.0207842235 -0.0167499799
v 0.0276984777 -0.0191100761 -0.0203559343
v 0.0271022879 -0.0185548384 -0.0210705381
v 0.0233983286 -0.0168112945 -0.0226619635
v 0.0253102854 -0.0174976476 -0.0219055749
v 0.0256588534 -0.0176354442 -0.0220218245
v 0.0278677568 -0.0201310925 -0.0187963285
v 0.0285841431 -0.0206078086 -0.0182856601
v 0.0268546063 -0.0185440164 -0.0207007378
v 0.0274145398 -0.0191841032 -0.0199403185
v 0.026282968 -0.0180721115 -0.0212480687
v 0.0263842456 -0.0180505328 -0.0215944592
v 0.0244923364 -0.0171467811 -0.022289088
v 0.028256204 -0.0198016111 -0.0193997379
v 0.0287031792 -0.0216195602 -0.0170001332
v 0.0286798701 -0.022629993 -0.0156336445
v 0.0369164944 0.0225543249 -0.0128363296
v 0.0370274074 0.0218448099 -0.0160497241
v 0.0367592499 0.0230672713 -0.00959713291
v 0.0370907784 0.0229083449 -0.00805806182
v 0.0368702188 0.0233616084 -0.00364935864
v 0.0361759104 0.0222849268 -0.0165132824
v 0.0357361138 0.0223393179 -0.0166786294
v 0.0366935469 0.0220941808 -0.0162165761
v 0.0362019613 0.023042744 -0.0121818138
v 0.0361625478 0.02344108 -0.00847585686
v 0.0286220536 0.0207734089 -0.0110513316
v 0.0286188796 0.0211782008 -0.00660838047
v 0.028618725 0.0202735569 -0.0143682119
v 0.0296232086 0.021340955 -0.0140941655
v 0.0296238754 0.0217752121 -0.0111211129
v 0.0296198316 0.0221788045 -0.00669622002
v 0.0297135171 -0.0231475998 -0.017003065
v 0.0296874773 -0.0243897755 -0.0150456885
v 0.0286637284 -0.0238902867 -0.0136273997
v 0.0296622198 -0.0255087297 -0.0129056294
v 0.028645549 -0.0249228999 -0.0116502745
v 0.0296426285 -0.0263376031 -0.0110351173
v 0.028627947 -0.0260449462 -0.00886477344
v 0.0296275876 -0.0274573322 -0.00772836106
v 0.028621655 -0.0269249976 -0.00567940902
v 0.0296206176 -0.0280645322 -0.00497657293
v 0.029613778 -0.028402932 -0.00247026957
v 0.0286258534 -0.0273978431 -0.00255249557
v 0.0358117931 0.0213523023 -0.0140934829
v 0.0358281024 0.0219506435 -0.00952792168
v 0.0357602499 0.0169328954 -0.0252466723
v 0.0355679281 -0.0177708492 -0.0246763229
v 0.0358752534 -0.015796667 -0.025968628
v 0.0356215425 -0.0138460547 -0.0271078721
v 0.0355820209 -0.0116728451 -0.0281414669
v 0.0356189124 -0.00738281524 -0.0295712817
v 0.035758052 -0.00952479802 -0.0289271623
v 0.035662882 -0.00518651679 -0.0300395824
v 0.0356143042 -0.00291107758 -0.0303546842
v 0.0356134437 -0.000587215822 -0.030490268
v 0.0356428698 0.00171468686 -0.0304448754
v 0.0355695933 0.00674096728 -0.0297320727
v 0.0356074199 0.00434046239 -0.0301824361
v 0.0355660282 0.0111666899 -0.0283469614
v 0.0358891077 0.00872219075 -0.0291663017
v 0.0357685462 0.015045912 -0.0264330991
v 0.0356282443 0.0132415034 -0.0274122451
v 0.036599867 0.0214353409 -0.0188085716
v 0.035687957 0.0198026467 -0.0227751043
v 0.0357221253 0.0202902071 -0.0220775921
v 0.0369649306 0.017308699 -0.0241749678
v 0.0362997055 0.0201754235 -0.0219428446
v 0.036865633 0.0204588827 -0.0207352843
v 0.0362580046 0.0188296344 -0.0236307159
v 0.0362894461 0.0195396673 -0.0228552707
v 0.0366514325 0.020999644 -0.0199007951
v 0.0370256454 0.0211092569 -0.0186849646
v 0.0358697437 0.0212845244 -0.020063227
v 0.0358466245 0.0216498654 -0.0190794524
v 0.0359657928 0.0208224896 -0.0210590065
v 0.0369182713 0.0185144562 -0.0232775863
v 0.0365823135 0.0177963693 -0.0242352914
v 0.0368847698 0.0198805965 -0.0217287857
v 0.0369445272 0.0191942416 -0.0225419775
v 0.0356620513 0.0190751534 -0.023598142
v 0.0358662158 0.0179390423 -0.024513891
v 0.0206657667 0.0180004239 -0.0244945455
v 0.0230611619 0.0182766598 -0.0242852196
v 0.0234971456 0.018388737 -0.0226399545
v 0.0248492341 0.0188174304 -0.0238353088
v 0.0252819862 0.018967744 -0.0219364353
v 0.0260749049 0.019365076 -0.0233101323
v 0.0264605135 0.0195542891 -0.0210967828
v 0.0274408422 0.0202336796 -0.0221795067
v 0.0270751156 0.0199571438 -0.0204340909
v 0.0282437447 0.0209062342 -0.0209847316
v 0.0275524221 0.0203457959 -0.0196758639
v 0.0279590357 0.0208800081 -0.0183095001
v 0.0287978742 0.021594597 -0.0193065722
v 0.0356310569 -0.0195569955 -0.0232398771
v 0.0358940773 -0.0211477466 -0.0217112601
v 0.0357426517 -0.0299729798 -0.00113172585
v 0.036931131 -0.0284314845 -0.00749926176
v 0.0369343571 -0.0289060678 -0.00534258597
v 0.0369581394 -0.0292311143 -0.00287431013
v 0.0370328352 -0.0277280025 -0.00947425794
v 0.0369377322 -0.0260018762 -0.0139017934
v 0.0369395837 -0.0270169675 -0.0116893528
v 0.0369488969 -0.0247900505 -0.0160477217
v 0.0369189568 -0.0236850604 -0.0177735407
v 0.0369353443 -0.0223512314 -0.0194813218
v 0.0369242914 -0.020797357 -0.0212145802
v 0.0369153097 -0.0190818366 -0.0228267163
v 0.0369068049 -0.0173759237 -0.0241869278
v 0.0370054357 -0.0156178065 -0.0252346471
v 0.0368985794 -0.0135534583 -0.0265642963
v 0.0369142964 -0.0113930115 -0.0275622848
v 0.0369073376 -0.00924888067 -0.0283733271
v 0.0368987136 -0.00718962215 -0.0289793834
v 0.0369102471 -0.00510699581 -0.0294110291
v 0.0369071886 -0.00273463293 -0.0297366213
v 0.0368923284 -0.000450891763 -0.0298803225
v 0.036939837 0.00202083797 -0.0297632124
v 0.036912296 0.00419288687 -0.0295612291
v 0.0369136035 0.00631418638 -0.0291746873
v 0.0369991437 0.0086234631 -0.0284605604
v 0.0369298011 0.0107257431 -0.0278241448
v 0.0369067974 0.0127063002 -0.0269889534
v 0.0355442762 -0.0226739664 -0.0201058928
v 0.0358945802 -0.0241425652 -0.0181368999
v 0.0358655043 -0.028281033 -0.0100270407
v 0.0358936265 -0.0274972208 -0.0120656537
v 0.0356459431 -0.0266055819 -0.0140833687
v 0.0355781354 -0.0290320516 -0.00761949923
v 0.0358654112 -0.0298051424 -0.0032305005
v 0.0358806662 -0.0294780936 -0.00543886656
v 0.0365052596 -0.02955883 -0.00313034025
v 0.0365055241 -0.0292300582 -0.005396978
v 0.0362967104 -0.0288532693 -0.00766023016
v 0.0366108492 -0.0280240681 -0.00980238803
v 0.0365042053 -0.02726808 -0.0119685726
v 0.0362947695 -0.0264187492 -0.0141030503
v 0.0365006812 -0.02520255 -0.0160549469
v 0.0364985168 -0.0239504427 -0.0179735012
v 0.0362899378 -0.022649752 -0.0198684316
v 0.0364946164 -0.0210138597 -0.0214871783
v 0.0362870879 -0.0194231011 -0.0231459755
v 0.0364912488 -0.017545104 -0.0244784411
v 0.0365929157 -0.0156181185 -0.0257033817
v 0.036282409 -0.0137130748 -0.0269974153
v 0.0362810306 -0.0116305221 -0.0279752817
v 0.036384698 -0.00945680495 -0.0287326518
v 0.0362784415 -0.00727089494 -0.0294359177
v 0.0362775959 -0.00501972577 -0.0299099814
v 0.0362760425 -0.00273938035 -0.0302100107
v 0.0362802856 -0.00044145828 -0.0303327627
v 0.0362771004 0.00185781275 -0.0302783735
v 0.0362781659 0.00414426997 -0.0300465431
v 0.0362802632 0.00640545972 -0.02963995
v 0.036591541 0.00858283136 -0.0288809929
v 0.0362847485 0.0108003812 -0.0283137131
v 0.0362871066 0.0129082054 -0.0274002384
v 0.0368805081 0.0146963261 -0.0259947404
v 0.0362854712 0.0149400849 -0.0263117496
v 0.0365051441 0.0168210939 -0.025007328
v 0.0358530432 -0.025341114 -0.0163324159
v 0.0359656215 -0.0176563058 -0.0246834047
v 0.0238408037 -0.0169544909 -0.0234037843
v 0.025511466 -0.0175610427 -0.0229376648
v 0.0270111319 -0.0184429195 -0.0222181398
v 0.0290422197 -0.0206637308 -0.020095937
v 0.0282687563 -0.0195803512 -0.0211997591
v 0.0295365918 -0.0218297485 -0.0187574811
v 0.0357457772 -0.028389642 -0.00260409969
v 0.0357447825 -0.0279474091 -0.00562467659
v 0.0357431211 -0.027336495 -0.00810066611
v 0.0357449688 -0.0265464801 -0.010504486
v 0.0357323661 -0.025055971 -0.0138524715
v 0.0357231423 -0.0232998896 -0.016791597
v 0.0357208103 -0.021904055 -0.018666124
v 0.0357149914 -0.0200577136 -0.0207412317
v 0.035710182 -0.0177446734 -0.0228022113
v 0.0357083902 -0.0157272387 -0.0242618714
v 0.0357020721 -0.0135260895 -0.025592126
v 0.0357002504 -0.0105791744 -0.0269709751
v 0.0356983542 -0.00827896316 -0.0277664401
v 0.0356973447 -0.0060365973 -0.0283586215
v 0.0356967188 -0.00294684409 -0.0288513303
v 0.0356941372 0.000454096415 -0.0290073771
v 0.0357233211 0.0169949532 -0.0233776718
v 0.0357809812 0.0199372768 -0.0194683
v 0.0357574336 0.0192228053 -0.0209703706
v 0.035735026 0.0182204619 -0.0223458037
v 0.0356986411 0.00394851202 -0.0287301764
v 0.0357024446 0.0071241511 -0.0281014387
v 0.0357110091 0.0107313916 -0.0269223098
v 0.0247041732 0.0171826556 -0.023232678
v 0.0224509593 0.0166724585 -0.023608841
v 0.0357069597 0.0144618452 -0.0250846595
v 0.0295361616 0.0203310885 -0.0183066558
v 0.0290032066 0.0195972566 -0.0201204773
v 0.0281247757 0.018858498 -0.0214258954
v 0.0262217484 0.0177679025 -0.0227287021
v 0.0273354053 0.0183421466 -0.0221211221
v 0.0290001985 -0.0248775333 -0.0171037447
v 0.0289948843 -0.0259976424 -0.0152396662
v 0.0290000215 -0.0272070132 -0.0128158573
v 0.0290043838 -0.0283352956 -0.00997659285
v 0.028998334 -0.0292263292 -0.00682130363
v 0.0289992858 -0.0297467131 -0.00393588468
v 0.0281401705 -0.0217146501 -0.0211680196
v 0.0273534004 -0.020704316 -0.0221864153
v 0.0288102292 -0.0232555661 -0.0193963088
v 0.026029855 -0.0195614286 -0.0232352335
v 0.0267266519 -0.0200812835 -0.022773644
v 0.0232575983 -0.0183668938 -0.0242157355
v 0.0250127669 -0.018980138 -0.0237293988
v 0.0248630811 -0.0189173259 -0.0221403223
v 0.0224500727 -0.0181642976 -0.0228582975
v 0.0237225518 -0.0184660368 -0.0225619767
v 0.0271575209 -0.0206947811 -0.0203453153
v 0.0261113346 -0.019672906 -0.0213940851
v 0.0277800411 -0.0217912439 -0.0191503242
v 0.0415001996 0.01644798 0.00142340863
v 0.0415002033 0.01649018 -0.000935128017
v 0.0415001996 0.0160334799 -0.0042398884
v 0.0415001996 0.0152133144 -0.00696600229
v 0.0415001996 0.0140049635 -0.00954364799
v 0.0415001996 0.0124341818 -0.0119178873
v 0.0415001996 0.0105344467 -0.0140381176
v 0.0415001996 0.00834624935 -0.0158591494
v 0.0415001996 0.00591622526 -0.0173421726
v 0.0415001996 0.00329616782 -0.0184555762
v 0.0415001996 0.00054191862 -0.0191756319
v 0.0415001996 -0.00228782045 -0.0194869917
v 0.0415001996 -0.0051327385 -0.0193830188
v 0.0415001996 -0.00793220103 -0.0188659318
v 0.0415001996 -0.0106265424 -0.0179467518
v 0.0415002033 -0.0131583363 -0.0166450664
v 0.0415001996 -0.0154736238 -0.0149886189
v 0.0415001996 -0.0175230559 -0.0130127165
v 0.0415001996 -0.0192629565 -0.010759471
v 0.0415001996 -0.0206562392 -0.00827690586
v 0.0415001996 -0.02167321 -0.00561793242
v 0.0415001996 -0.0222921949 -0.00283922278
v 0.0415001996 -0.022499999 -1.2995667e-11
v 0.0415001996 -0.0222921949 0.00283922255
v 0.0415001996 -0.02167321 0.00561793242
v 0.0415001996 -0.0206562392 0.00827690586
v 0.0415001996 -0.0192629565 0.010759471
v 0.0415001996 -0.0175230559 0.0130127175
v 0.0415001996 -0.0154736238 0.0149886189
v 0.0415001996 -0.0131583363 0.0166450646
v 0.0415001996 -0.0106265424 0.0179467499
v 0.0415001996 -0.00793220103 0.0188659318
v 0.0415001996 -0.0051327385 0.0193830188
v 0.0415001996 -0.00228782045 0.0194869898
v 0.0415001996 0.00054191862 0.0191756301
v 0.0415001996 0.00329616782 0.0184555743
v 0.0415001996 0.00591622526 0.0173421707
v 0.0415001996 0.00834624935 0.0158591494
v 0.0415001996 0.0105344467 0.0140381185
v 0.0415001996 0.0124341818 0.0119178882
v 0.0415001996 0.0140049635 0.00954364799
v 0.0415001996 0.0152133144 0.00696600182
v 0.0415001996 0.0160334799 0.0042398884
vn -0.7224487 0.6914151 0.003610076
vn -0.7029641 0.7107859 -0.02499845
vn -0.7080793 0.7050592 0.03892656
vn -0.7118067 0.692946 0.1147043
vn -0.7175213 0.6891139 0.101416
vn -0.7065129 0.7006693 0.09950886
vn -0.7059628 0.7016982 0.09610464
vn -0.7064027 0.7063977 0.04469507
vn -0.5181705 0.8545647 -0.03490759
vn -0.6332014 0.773439 -0.0291198
vn -0.559423 0.8273484 -0.05040359
vn -0.7111722 0.7014063 0.04757216
vn -0.7012678 0.7126483 0.01886014
vn -0.6502419 0.7593741 -0.0231605
vn -0.3975672 0.917283 -0.02307143
vn -0.4028147 0.915281 0.0009993728
vn -0.4518141 0.890667 -0.05075841
vn -0.3423958 0.9384022 -0.04654446
vn -0.2598843 0.965588 -0.01000561
vn -0.07647102 0.9970695 -0.00213938
vn -0.2472808 0.9689424 -0.001686028
vn -0.09471285 0.9955043 0.0008994669
vn 0.4521235 0.8752579 0.1717787
vn 0.6367365 0.7429671 0.2063167
vn 0.6828964 0.7161334 0.1442411
vn 0.1609081 0.9555902 0.2468925
vn 0.1559876 0.9281783 0.3378654
vn 0.3684335 0.8870457 0.2782207
vn 0.5216702 0.5202847 0.676139
vn 0.3870877 0.6345176 0.6689922
vn 0.2995263 0.5947951 0.7459911
vn 0.1308071 0.6801122 0.7213439
vn 0.1128584 0.5878515 0.8010578
vn 0.1371798 0.8552122 0.4997936
vn 0.1317148 0.7744384 0.6187862
vn 0.3817433 0.7406153 0.5529565
vn 0.7220464 0.4229424 0.5475113
vn 0.6763234 0.509545 0.5319309
vn 0.7265278 0.5534608 0.4072327
vn 0.6534755 0.6530449 0.3827559
vn 0.5782495 0.6320843 0.515846
vn 0.6469025 0.7185799 0.2552645
vn 0.4625943 0.8126635 0.3543792
vn 0.39126 0.7985867 0.4573565
vn 0.152765 0.9035261 0.4003792
vn 0.1524175 0.9700997 0.1888791
vn 0.7062114 0.6426311 0.2971374
vn -0.07449394 0.0798415 0.99402
vn -0.08403577 -0.002852306 0.9964586
vn -0.02391404 0.0002024418 0.999714
vn -0.1784209 0.1286955 0.9755017
vn -0.1580231 0.07388194 0.9846675
vn -0.08905626 0.2354254 0.9678037
vn -0.04298074 0.3128507 0.9488293
vn -0.1438318 0.2965 0.9441399
vn -0.02172742 0.07849051 0.996678
vn -0.02173956 0.1609296 0.9867265
vn -0.08392216 0.1575385 0.9839404
vn -0.02431388 0.5285622 0.8485464
vn -0.02976101 0.5630496 0.8258871
vn -0.08482774 0.5591177 0.8247374
vn -0.09417675 0.5235654 0.8467644
vn -0.1564334 0.5444324 0.8240886
vn -0.04375484 0.390521 0.9195537
vn -0.04725887 0.4603466 0.8864804
vn -0.1563095 0.4376104 0.8854741
vn -0.1340656 0.376682 0.9165899
vn -0.1686022 0.5049924 0.8464963
vn -0.1736366 0.1951077 0.9652892
vn -0.15857 -0.06116725 0.9854512
vn -0.1689356 -0.1441122 0.9750346
vn -0.08906752 -0.1571522 0.9835498
vn -0.1545376 -0.449724 0.8796967
vn -0.09286901 -0.5250363 0.8459977
vn -0.06590736 -0.4587112 0.8861378
vn -0.1411449 -0.3813283 0.913601
vn -0.04243749 -0.3900485 0.9198158
vn -0.07839905 -0.3131908 0.9464487
vn -0.1538733 -0.2346634 0.9598208
vn -0.04426169 -0.2358411 0.9707831
vn -0.1437925 -0.2946658 0.9447199
vn -0.09912863 -0.5599324 0.8225869
vn -0.02967246 -0.5645578 0.82486
vn -0.03047475 -0.5344091 0.8446764
vn -0.08803909 -0.08241334 0.9927019
vn -0.02154565 -0.07721715 0.9967815
vn -0.02011902 -0.1594382 0.9870028
vn -0.01136213 -0.4683892 0.8834493
vn -0.01123609 -0.3107798 0.9504156
vn -0.01980201 0.2364057 0.9714527
vn -0.1681898 -0.5224069 0.8359445
vn -0.1433532 0.01578414 0.9895457
vn -0.1876622 -0.5433656 0.8182522
vn -0.2530518 -0.5030879 0.8263578
vn -0.2435954 -0.4790622 0.8433034
vn -0.4971701 -0.2118288 0.8413978
vn -0.4864503 -0.2782104 0.8282301
vn -0.4127113 -0.3165836 0.8540751
vn -0.536298 -0.215 0.816186
vn -0.539016 -0.1357815 0.8312792
vn -0.5299423 -0.06700151 0.8453827
vn -0.5639516 0.02326949 0.82548
vn -0.5706143 -0.0504222 0.8196687
vn -0.5319242 0.0572318 0.8448558
vn -0.5608085 0.1105586 0.8205307
vn -0.5064249 0.2480342 0.8258407
vn -0.5343831 0.1873897 0.8242086
vn -0.4748409 0.2102829 0.8545802
vn -0.4005251 0.370533 0.8380244
vn -0.3695424 0.4340199 0.8216234
vn -0.4409047 0.3666645 0.8192437
vn -0.3077347 0.4816099 0.8205799
vn -0.3077522 0.4195369 0.8539773
vn -0.2495538 0.4633069 0.850335
vn -0.2317889 0.5180047 0.8233742
vn -0.2263498 0.3487315 0.9094791
vn -0.2311257 0.2483252 0.9406995
vn -0.2307492 0.02295808 0.9727423
vn -0.2552488 -0.05725348 0.9651788
vn -0.2361148 -0.187967 0.953372
vn -0.2231311 -0.3065545 0.9253307
vn -0.2362771 -0.3950617 0.8877496
vn -0.3079583 0.3330855 0.8911879
vn -0.279161 0.1946536 0.940308
vn -0.3617251 0.2794347 0.8894219
vn -0.2865537 0.09276962 0.9535621
vn -0.3732647 0.1870793 0.9086665
vn -0.4473603 0.2756049 0.8508294
vn -0.4752013 0.3094904 0.82365
vn -0.3405828 0.038498 0.939426
vn -0.4197299 0.1345662 0.8976184
vn -0.3083783 -0.1108142 0.9447873
vn -0.3909531 -0.01512157 0.9202864
vn -0.4547038 0.06134888 0.8885274
vn -0.5100502 0.1329753 0.8498037
vn -0.3138412 -0.2174467 0.9242406
vn -0.4033654 -0.1177058 0.9074369
vn -0.4847142 -0.01618014 0.8745229
vn -0.3040684 -0.3339038 0.8922167
vn -0.3672924 -0.2669296 0.8909798
vn -0.4529721 -0.1676063 0.875628
vn -0.3204703 -0.4129667 0.8525006
vn -0.3072075 -0.4658583 0.829819
vn -0.3752796 -0.407928 0.832322
vn -0.4123242 -0.3726783 0.8313241
vn -0.460407 -0.3241442 0.8264114
vn -0.002685856 -0.9964946 0.08361497
vn -0.001655316 -0.9994701 -0.03251022
vn 0.1171927 -0.9926537 0.03007618
vn -0.000796115 0.5730945 0.8194889
vn 0.1069807 0.5036113 0.8572811
vn 0.1032656 0.4251163 0.8992288
vn 0.1115972 0.360074 0.9262251
vn 0.1028612 0.2917233 0.9509559
vn 0.1077757 0.2104152 0.9716532
vn 0.1103343 0.1405732 0.9839032
vn 0.1083139 0.06591097 0.9919294
vn 0.1073109 -0.01402019 0.9941267
vn 0.1021381 -0.151531 0.9831613
vn 0.112683 -0.08460957 0.9900221
vn 0.1056905 -0.228117 0.9678802
vn 0.1101418 -0.3033728 0.946485
vn 0.1041084 -0.3805786 0.9188696
vn 0.1069276 -0.5132357 0.8515607
vn 0.1094028 -0.4505751 0.8860097
vn 0.1022105 -0.585146 0.8044608
vn -0.0004354314 -0.5832139 0.8123184
vn 0.0003603374 -0.6037399 0.7971814
vn 0.002264388 -0.622362 0.7827262
vn 0.003942493 -0.6516558 0.7585046
vn 0.1096395 -0.640803 0.759836
vn 0.1091001 -0.6924878 0.7131323
vn 0.0009595904 -0.6913637 0.7225063
vn 0.0003174319 -0.7460049 0.6659404
vn 0.1052871 -0.7487088 0.6544843
vn -0.001410867 -0.8124094 0.5830857
vn 0.1086772 -0.7965037 0.5947866
vn 0.1080594 -0.8385859 0.5339446
vn -0.003024329 -0.8664803 0.499202
vn 0.1010501 -0.8773451 0.4690997
vn -0.001421659 -0.9101413 0.4142955
vn 0.1094778 -0.9378005 0.3294615
vn 0.1103962 -0.9122517 0.3944738
vn -0.002434 -0.9501739 0.3117107
vn 0.1066396 -0.9886621 0.1057127
vn 0.1081494 -0.978386 0.1762514
vn -0.00292205 -0.9803658 0.1971659
vn 0.1051864 -0.961715 0.2530611
vn -0.9967424 -0.006246318 -0.08040853
vn -0.9986069 0.002465824 -0.05270943
vn -0.9452637 0.008383312 -0.3261997
vn -0.9667831 0.01122985 -0.2553512
vn -0.8783785 0.006212341 -0.4779255
vn -0.8417541 0.001039294 -0.5398602
vn -0.6407043 0.0125005 -0.7676859
vn -0.6943696 0.01995643 -0.7193418
vn -0.517048 0.01419919 -0.8558387
vn -0.4853972 0.004406978 -0.8742827
vn -0.3042489 0.008594598 -0.9525537
vn -0.3184813 0.02063788 -0.9477044
vn -0.1967581 0.01144302 -0.9803854
vn -0.1557569 0.004799581 -0.9877838
vn -0.08483436 0.005789881 -0.9963782
vn -0.04151781 0.002717127 -0.999134
vn -0.01443383 0.006734361 -0.9998732
vn 0.7133148 -0.6987688 -0.05389039
vn 0.7076765 -0.6990916 -0.1022983
vn 0.7032699 -0.7066949 -0.07741936
vn 0.7072369 -0.6967543 -0.1197888
vn 0.7065482 -0.6960513 -0.1276803
vn 0.7100364 -0.6932877 -0.1232905
vn 0.6952958 -0.718031 -0.03154783
vn 0.7112627 -0.7029011 -0.005956296
vn 0.7039875 -0.7101047 0.012359
vn -0.9919986 -0.0162253 0.1252019
vn -0.9983386 -0.001160153 0.05760858
vn -0.9999971 -0.002126293 0.001108852
vn -0.9999999 -0.0003027202 0.0002846995
vn -0.9985777 0.001068257 -0.05330582
vn -0.995485 -0.001994251 -0.09489773
vn -0.9999951 -0.001635636 -0.002672476
vn -0.9999925 0.001209483 -0.003660398
vn -1 -9.647565e-05 3.032985e-05
vn -1 -2.77181e-05 9.630062e-06
vn -1 4.466408e-05 -2.666516e-05
vn -1 -3.033866e-05 9.100302e-06
vn -1 -3.056549e-05 -4.955907e-06
vn -1 -2.707876e-05 1.495369e-06
vn -0.003290146 -0.9996727 0.02537414
vn -0.002519495 -0.998856 -0.04775379
vn 0.002490302 -0.9999737 -0.006810633
vn 0.004512307 -0.9971731 -0.07500416
vn -0.003681024 -0.993178 -0.1165496
vn 0.00294597 -0.9895162 -0.1443917
vn 5.079687e-05 -0.9792991 -0.2024183
vn 0.002002121 -0.9744368 -0.2246529
vn -0.001541324 0.9999583 -0.008992296
vn 0.001215013 0.9997911 -0.0204054
vn -0.002073825 0.9931402 -0.1169115
vn 0.001543035 0.9934617 -0.1141555
vn 0.002826381 0.9742665 -0.2253816
vn 0.005181734 0.9369863 -0.3493277
vn -0.0007405598 0.9486682 -0.3162719
vn -0.001480465 0.9736506 -0.2280398
vn 0.0008631566 0.8499331 -0.5268898
vn -0.001590543 0.8641598 -0.5032151
vn 0.003985911 0.8939809 -0.4480873
vn -0.003924919 0.9147545 -0.4039911
vn -0.946804 0.3216642 -0.009709026
vn -0.805163 0.5891644 -0.06780663
vn -0.9460631 0.3184795 -0.05945981
vn -0.8054932 0.5125617 -0.2974243
vn -0.9466779 0.2625253 -0.1867657
vn -0.9467524 0.2857989 -0.148253
vn -0.8054605 0.5767489 -0.1363603
vn -0.8059572 0.5610807 -0.1887363
vn -0.9468154 0.3035968 -0.1066282
vn -0.8051627 0.5425424 -0.2395013
vn -0.8060837 0.5917816 -0.004864981
vn -0.7478027 -0.6637678 0.01426413
vn -0.7510053 -0.6598693 0.02373734
vn -0.7491677 -0.6616517 -0.03106244
vn -0.7493385 -0.6614604 -0.03101514
vn -0.7522514 -0.6542301 -0.07810809
vn -0.751749 -0.6545963 -0.07985591
vn -0.9339927 -0.3496183 -0.0736523
vn -0.7621273 -0.6323839 -0.1387539
vn -0.9351966 -0.3358902 -0.112183
vn 0.7113498 0.6058753 -0.3562255
vn 0.7130097 0.607455 -0.3501653
vn 0.7057924 0.6369244 -0.3101361
vn 0.7011287 0.6352348 -0.3238752
vn 0.7117873 0.6569136 -0.248643
vn 0.6936607 0.6870795 -0.2162328
vn 0.7069078 0.6852942 -0.1750802
vn 0.7101473 0.7037672 -0.02006616
vn 0.7087235 0.7052877 -0.01673945
vn 0.7024414 0.7043455 -0.1023397
vn 0.7157978 0.6951048 -0.06680437
vn 0.7062115 0.6889752 -0.1630286
vn -0.01228364 0.8019377 -0.5972814
vn 0.04676792 0.8394797 -0.5413748
vn -0.0417278 0.8768071 -0.4790283
vn 0.03380744 0.9089252 -0.4155864
vn -0.00430494 0.9886542 -0.1501475
vn -0.007493165 0.9915772 -0.1292998
vn 0.01361146 0.9759831 -0.2174207
vn -0.01029595 0.9664059 -0.2568144
vn 0.01864981 0.949124 -0.3143496
vn -0.02187675 0.9319827 -0.361842
vn 0.006465715 0.9997478 -0.0215075
vn 0.00858752 0.9995621 -0.02831659
vn 0.6790504 -0.6707103 0.2983926
vn 0.9451779 -0.3052337 0.1160651
vn 0.9461396 -0.27955 0.1633148
vn 0.6753419 -0.6507821 0.3469811
vn 0.6841258 -0.612248 0.396389
vn 0.9458189 -0.2506186 0.2064386
vn 0.6815829 -0.6909623 0.2408647
vn 0.676973 -0.7112303 0.1893644
vn 0.9447963 -0.3236324 0.05120675
vn 0.6781762 -0.7219743 0.1372233
vn 0.6829309 -0.7262383 0.07863402
vn 0.7208515 -0.6930449 0.0078602
vn 0.9452086 -0.3260759 -0.01597826
vn 0.93499 0.3415971 0.09541991
vn 0.7549483 0.645906 0.1133957
vn 0.7514238 0.6572119 0.05860693
vn 0.6654646 0.7386994 0.1071444
vn 0.6420362 0.764487 0.05787083
vn 0.6464056 0.7625451 0.02616711
vn 0.7504128 0.660921 -0.008000133
vn 0.642912 0.7659351 0.00275445
vn 0.005245098 -0.9999859 -0.0008937024
vn 0.006260586 -0.9989318 -0.04578406
vn -0.008110251 -0.9997778 0.01945968
vn 0.009285713 -0.9835663 -0.1803083
vn 0.002734874 -0.9659659 -0.2586547
vn 0.008786817 -0.9679461 -0.2510045
vn -0.0547878 -0.9890657 -0.1369205
vn 0.03707681 -0.9955529 -0.08660132
vn 0.008450462 -0.9985123 -0.05386746
vn -0.04314382 -0.003083424 -0.9990641
vn -0.01716687 0.001022896 -0.9998521
vn -0.000161961 -0.0001549411 -1
vn -0.000143678 0 -1
vn 2.380008e-07 0 -1
vn 2.121313e-07 0 -1
vn -4.038965e-08 0 -1
vn -1.593631e-07 0 -1
vn -1.771171e-07 0 -1
vn 1.757694e-07 0 -1
vn 2.520632e-07 0 -1
vn 2.055427e-07 0 -1
vn -7.218608e-08 0 -1
vn 0 0 -1
vn 3.146483e-07 0 -1
vn 8.084343e-07 0 -1
vn 7.326674e-07 0 -1
vn 5.952725e-07 0 -1
vn 3.284053e-07 0 -1
vn 1.339855e-07 0 -1
vn 3.058288e-07 0 -1
vn 8.432157e-07 0 -1
vn 9.950634e-07 0 -1
vn 1.128334e-06 0 -1
vn -0.0002278697 -1.210904e-05 -1
vn -0.0002383528 0 -0.9999999
vn -6.935915e-08 0 -1
vn 1.352462e-08 0 -1
vn 2.529366e-07 0 -1
vn 5.070379e-07 0 -1
vn 2.528532e-06 0 -1
vn 8.448516e-07 0 -1
vn 4.699046e-07 0 -1
vn 2.424873e-07 0 -1
vn 3.52197e-07 0 -1
vn 1.150906e-06 0 -1
vn 2.227897e-07 0 -1
vn 1.70557e-06 0 -1
vn 0.03540767 0.999373 0
vn 0.03692799 0.9993111 -0.00367414
vn 0.03730227 0.9993027 0.001612166
vn 0.1031985 0.9944943 -0.01820031
vn 0.06005928 -0.9981937 0.001478319
vn 0.0951713 -0.995458 -0.002402885
vn 0.04906958 -0.9987938 -0.001820477
vn 0.02483236 -0.9996851 -0.003597472
vn -0.05887726 0.9981875 -0.01245242
vn -0.03628098 0.9993404 -0.00161543
vn 0.1635407 0.986483 0.01027759
vn 0.1588813 0.9872619 0.00840474
vn 0.3076211 0.9515089 0.0004428273
vn 0.3192752 0.9476359 0.007029861
vn 0.4475302 0.8942238 0.008966828
vn 0.4685509 0.8834195 0.00547516
vn 0.5902668 0.8071811 0.006618115
vn 0.6148757 0.7885861 0.007729174
vn 0.7070786 0.7071189 0.004772206
vn 0.7054992 0.7087075 0.002172656
vn 0.8131888 0.5819092 0.01027715
vn 0.8104451 0.5857543 0.008404783
vn 0.8903399 0.4552962 0.0004422425
vn 0.8958403 0.4443205 0.007027657
vn 0.9559884 0.2933533 0.005474884
vn 0.9487634 0.3158601 0.008967512
vn 0.9881451 0.1533799 0.00661933
vn 0.992398 0.1228262 0.007730606
vn 0.9875172 -0.1571978 0.009927988
vn 0.991715 -0.1284507 0.001327668
vn 0.9999802 0.004417173 0.004499542
vn 0.9999758 0.005056182 0.00476821
vn 0.9487301 -0.3160051 0.00720835
vn 0.9562944 -0.2924013 0.001604134
vn 0.8844706 -0.4665891 0.002552475
vn 0.8942239 -0.4475301 0.008966292
vn 0.8071802 -0.5902679 0.00661848
vn 0.7885855 -0.6148765 0.007728507
vn 0.5871237 -0.8094364 0.00992653
vn 0.6104159 -0.79208 0.001327215
vn 0.7102155 -0.7039699 0.004498928
vn 0.7106642 -0.7035152 0.00476741
vn 0.447405 -0.8943024 0.007207777
vn 0.4694402 -0.8829628 0.001603835
vn 0.292626 -0.9562268 -0.0005376799
vn 0.3158603 -0.9487633 0.008966647
vn 0.1618238 -0.9867839 0.008408078
vn -0.1818715 -0.9833221 -0.0006498515
vn -0.3234102 -0.9462585 -0.0006866527
vn -0.2901852 -0.9569061 -0.01109865
vn -0.1579004 0.9874007 -0.01036034
vn -0.1401125 0.990134 -0.001721823
vn -0.276429 0.9610264 -0.003905055
vn -0.2888524 0.9573443 -0.007501052
vn -0.4075217 0.9131952 -0.0007395923
vn -0.4298407 0.9028558 -0.009404371
vn -0.5596254 0.8286784 -0.01056326
vn -0.5344476 0.8452017 -9.193498e-05
vn -0.652697 0.757619 0.0002704573
vn -0.6788136 0.7342401 -0.0101777
vn -0.7801521 0.6255076 -0.01014053
vn -0.7594501 0.6505646 0.001126738
vn -0.8977566 0.4404919 -0.0003333242
vn -0.8410172 0.5410083 -0.0001772219
vn -0.8647278 0.5020816 -0.01265453
vn -0.9300904 0.3671396 -0.01184226
vn -0.9450077 0.3270476 0.0006454745
vn -0.9758157 0.2185183 -0.005787127
vn -0.982747 0.1847689 -0.008293481
vn -0.9987066 0.0490735 -0.01330336
vn -0.9969902 0.07750898 0.001706292
vn -0.9973224 -0.07312971 6.896897e-05
vn -0.9953026 -0.09609796 -0.01174605
vn -0.9709412 -0.2391143 -0.0098813
vn -0.9750159 -0.2221321 -0.001115704
vn -0.9312472 -0.364371 -0.003534005
vn -0.926702 -0.3756985 -0.008596337
vn -0.8740525 -0.4858195 -0.003402514
vn -0.8662837 -0.4994794 -0.008544895
vn -0.7447953 -0.6672385 -0.008529739
vn -0.8128311 -0.5824961 -0.001957926
vn -0.7774084 -0.628917 -0.009975557
vn -0.6715492 -0.7408997 -0.009458374
vn -0.6785967 -0.7344986 -0.004272303
vn -0.5603133 -0.8282585 -0.006065345
vn -0.561942 -0.8271582 -0.005521319
vn -0.4429003 -0.8965645 -0.003385206
vn -0.4309476 -0.9023324 -0.008965475
vn -0.1421227 -0.9897711 -0.01242389
vn -0.05214376 -0.9986392 -0.0008974299
vn -0.03096925 -0.9995088 -0.00480713
vn 0.009889538 4.117355e-05 -0.9999511
vn 0.02998725 0.0546063 -0.9980576
vn 0.0616361 -0.001482641 -0.9980977
vn 0.02665982 -0.05672026 -0.9980341
vn 0.05448829 -0.5466039 -0.8356166
vn 0.04498406 -0.5185222 -0.85388
vn 0.1476272 -0.500309 -0.8531688
vn 0.1613003 -0.527001 -0.8344173
vn 0.2530026 -0.4541819 -0.8542298
vn 0.2545349 -0.4860115 -0.8360651
vn 0.3502674 -0.3828811 -0.8548185
vn 0.3298971 -0.4365928 -0.8369914
vn 0.4242401 -0.301711 -0.8538096
vn 0.4309589 -0.3375238 -0.8368704
vn 0.392613 -0.3832701 -0.8360376
vn 0.4441916 -0.2058645 -0.8719596
vn 0.4850832 -0.2517684 -0.8374407
vn 0.5030529 -0.1378652 -0.8531888
vn 0.5238955 -0.1637726 -0.8358899
vn 0.5190376 -0.0252141 -0.8543795
vn 0.5419906 -0.07544359 -0.8369913
vn 0.5119684 0.08708099 -0.854579
vn 0.5433982 0.06606623 -0.8368713
vn 0.5486304 0.0066052 -0.8360389
vn 0.4897306 0.1756001 -0.8540074
vn 0.5271224 0.161271 -0.8343462
vn 0.4522781 0.2557243 -0.8544294
vn 0.496095 0.2426224 -0.833681
vn 0.3832355 0.350893 -0.8544031
vn 0.4441499 0.3198301 -0.8369226
vn 0.2986622 0.422991 -0.8554996
vn 0.3375237 0.430959 -0.8368704
vn 0.3858225 0.3912366 -0.8355088
vn 0.2247387 0.4660854 -0.8557201
vn 0.2586948 0.4867695 -0.8343455
vn 0.1395374 0.4984185 -0.8556333
vn 0.1792336 0.5223513 -0.8336813
vn 0.0136711 0.5488154 -0.8358318
vn 0.08822928 0.5421435 -0.8356411
vn 0.0379033 0.516728 -0.8553101
vn 0.03872055 -0.458433 -0.887885
vn 0.1230711 -0.4397384 -0.8896537
vn 0.1936344 -0.4150947 -0.8889331
vn 0.265628 -0.3747068 -0.8882773
vn 0.3292625 -0.3194748 -0.8885506
vn 0.369399 -0.2687671 -0.8895553
vn 0.4297297 -0.1329139 -0.8931216
vn 0.4546998 -0.05233662 -0.8891057
vn 0.4571915 0.02861899 -0.8889077
vn 0.436707 0.1248547 -0.8908975
vn 0.4104191 0.1904088 -0.8917963
vn 0.370253 0.2682309 -0.8893621
vn 0.3221395 0.3215126 -0.8904245
vn 0.2630049 0.3772515 -0.8879806
vn 0.175188 0.4210947 -0.8899373
vn 0.06313031 0.4537966 -0.8888663
vn 0.05155115 0.3937003 -0.9177922
vn 0.1507657 0.3638576 -0.9191721
vn 0.2472548 0.3033917 -0.9202275
vn 0.3312295 0.2094468 -0.9200103
vn 0.3789628 0.1143281 -0.9183225
vn 0.3939579 0.02048164 -0.9189003
vn 0.3829144 -0.09386461 -0.9190027
vn 0.3360052 -0.2072151 -0.9187831
vn 0.2658587 -0.2893651 -0.919558
vn 0.1882129 -0.3460636 -0.9191387
vn 0.1092789 -0.3809812 -0.9181021
vn 0.03074715 -0.3920979 -0.9194095
vn 0.0451215 -0.3226065 -0.945457
vn 0.1215379 -0.3024109 -0.9453973
vn 0.2067964 -0.2549312 -0.9445873
vn 0.2778464 -0.177035 -0.9441716
vn 0.3155319 -0.09716553 -0.9439272
vn 0.3284806 -0.01695094 -0.9443586
vn 0.3195484 0.07463803 -0.9446259
vn 0.2796296 0.1752939 -0.94397
vn 0.2092516 0.2566144 -0.9435904
vn 0.1280416 0.3059391 -0.9434016
vn 0.04160175 0.3259894 -0.9444577
vn 0.03737209 -0.26162 -0.9644471
vn 0.1235834 -0.2301458 -0.9652773
vn 0.2029394 -0.1649681 -0.9651949
vn 0.2483131 -0.08937799 -0.9645477
vn 0.2593521 -0.01415738 -0.9656791
vn 0.2596015 0.05684814 -0.9640412
vn 0.2276508 0.1248371 -0.9657074
vn 0.1889266 0.1820645 -0.9649659
vn 0.1243254 0.229606 -0.9653105
vn 0.04903985 0.2566 -0.9652727
vn 0.04334402 -0.1862804 -0.9815401
vn 0.1282629 -0.1454675 -0.9810137
vn 0.1821729 -0.06264825 -0.9812686
vn 0.1836914 0.05211456 -0.9816015
vn 0.1235239 0.1475078 -0.9813171
vn 0.0376502 0.1915918 -0.9807522
vn 0.03278188 -0.1223966 -0.9919397
vn 0.08921716 -0.09112107 -0.9918352
vn 0.1240233 -0.03359139 -0.9917105
vn 0.1231223 0.03700844 -0.9917012
vn 0.07910857 0.1011792 -0.991718
vn 0.0195751 0.1261963 -0.9918121
vn 0.3821841 -0.9111878 -0.1538574
vn 0.2245719 -0.9094334 -0.3499977
vn 0.4213924 -0.8866233 -0.1905978
vn 0.4433891 -0.8706453 -0.2130326
vn 0.1261433 -0.9178335 -0.3763901
vn 0.09663922 -0.9099143 -0.4033818
vn 0.09852906 -0.9218867 -0.3747223
vn 0.0826798 -0.9373867 -0.3383346
vn 0.1402865 -0.9151823 -0.3778375
vn 0.1848868 -0.8988354 -0.3973812
vn 0.2588821 -0.9115694 -0.3194076
vn 0.3748099 -0.926904 -0.01914817
vn 0.6590192 -0.7512683 -0.0359113
vn 0.7050763 -0.7002911 -0.1116235
vn 0.4139397 -0.910302 -0.002039855
vn 0.2942147 -0.9557163 -0.00664077
vn 0.333735 -0.9426438 -0.006594192
vn 0.1798908 -0.9836782 -0.004067402
vn 0.1711676 -0.9852373 -0.002997571
vn 0.2525523 -0.9675756 -0.003832268
vn 0.544745 -0.8385977 -0.0025804
vn 0.4801789 0.7270728 -0.490707
vn 0.1727917 0.7545298 -0.6331096
vn 0.5369449 0.7289874 -0.4245792
vn 0.3467458 0.7483517 -0.5654529
vn 0.601962 0.7740382 -0.196231
vn 0.3535287 0.9343418 -0.04497799
vn 0.291691 0.9553055 -0.04803994
vn 0.1758561 0.9843571 -0.01075481
vn 0.4476778 0.8898062 -0.08848514
vn 0.5267074 0.8425539 -0.112615
vn 0.5509523 0.8228479 -0.1391859
vn 0.6286255 0.7545354 -0.1884314
vn 0.7037612 0.6683462 -0.2409014
vn 0.7254013 0.6226136 -0.2935049
vn 0.7286646 0.598021 -0.3337945
vn 0.004048841 -0.9610357 -0.2763945
vn 0.007929811 -0.9268037 -0.3754626
vn 0.006865532 -0.9528918 -0.3032325
vn 0.01681391 -0.9073517 -0.4200359
vn 0.006173201 -0.7092207 -0.7049595
vn 0.004191781 -0.7251865 -0.6885397
vn -0.001818289 -0.6016876 -0.7987295
vn 0.01044873 -0.8507865 -0.5254076
vn 0.01244148 -0.8166998 -0.5769287
vn -6.916285e-05 -0.6104811 -0.7920308
vn -0.8054745 -0.01461475 -0.5924503
vn -0.9464357 -0.01360202 -0.3226058
vn -0.9463842 0.03031063 -0.3216181
vn -0.9471736 0.2182043 -0.235051
vn -0.8059966 0.4102975 -0.4266443
vn -0.8052773 0.3665628 -0.4660044
vn -0.8061118 0.4445482 -0.3905904
vn -0.8073626 0.4512037 -0.380238
vn -0.8053231 0.4802505 -0.3475833
vn -0.8065581 0.428547 -0.4071998
vn -0.9468718 0.1873777 -0.2613874
vn -0.804827 0.3101902 -0.5059994
vn -0.9471285 0.1514376 -0.2828678
vn -0.8046414 0.2525698 -0.5373647
vn -0.9468173 0.1145508 -0.300691
vn -0.8047531 0.1884634 -0.5628979
vn -0.9466744 0.07342124 -0.3137148
vn -0.8053024 0.1206523 -0.5804576
vn -0.805916 0.05311048 -0.589643
vn -0.9466316 -0.05461634 -0.3176565
vn -0.8061035 -0.08869547 -0.58509
vn -0.9463334 -0.09392793 -0.3092418
vn -0.8051245 -0.2720137 -0.5270513
vn -0.9472717 -0.1332937 -0.2913917
vn -0.8045868 -0.2180749 -0.5523436
vn -0.8064602 -0.351062 -0.4757915
vn -0.9431835 -0.2322934 -0.2375807
vn -0.9465271 -0.1703901 -0.2739593
vn -0.8056896 -0.3166519 -0.5005955
vn -0.8062745 -0.1526426 -0.5715083
vn -0.774431 -0.592321 -0.2222894
vn -0.9378252 -0.30049 -0.1737516
vn -0.7942003 -0.5103867 -0.3297745
vn -0.7784637 -0.5784742 -0.2436427
vn -0.771004 -0.6118812 -0.1765059
vn -0.8045644 -0.4153646 -0.4244388
vn 0.9459482 0.07192577 0.3162415
vn 0.6791548 0.105446 0.7263814
vn 0.945258 0.01642036 0.3259105
vn 0.6789363 0.05039297 0.7324658
vn 0.6829249 -0.007708323 0.7304479
vn 0.6766727 0.211977 0.7051099
vn 0.6749498 0.1582372 0.7206967
vn 0.9458695 0.1217763 0.3008344
vn 0.6800082 0.2679795 0.6824777
vn 0.9466284 0.1621966 0.2785441
vn 0.6772436 0.3213632 0.6618661
vn 0.68123 0.3685594 0.6325264
vn 0.6842457 0.4039901 0.6071242
vn 0.9459355 0.2002118 0.2551889
vn 0.0001258666 -0.2618972 -0.9650958
vn 0.0001762087 -0.3662747 -0.9305068
vn -2.191952e-05 -0.4561724 -0.8898914
vn 0.0003661911 -0.5350143 -0.8448429
vn -0.001477627 -0.5786564 -0.8155701
vn 0.001212755 -0.5572681 -0.8303317
vn -0.004061507 0.5885415 -0.8084568
vn -0.002671011 0.5679479 -0.8230602
vn -0.0006824071 0.5243575 -0.8514979
vn 0.0003482242 0.549134 -0.8357342
vn -0.002148265 0.6759893 -0.7369083
vn -0.0005514022 0.6365783 -0.7712119
vn -0.002196288 0.6153582 -0.7882445
vn 0.001299563 0.7498434 -0.6616141
vn -0.004955229 0.7626291 -0.6468171
vn 0.0006551761 0.6942605 -0.7197235
vn -0.002743233 0.7253606 -0.6883635
vn -0.001446965 0.8099056 -0.5865586
vn -0.002563443 0.8059902 -0.5919234
vn -0.0001760289 0.2044388 -0.9788793
vn -0.000364727 0.3177399 -0.9481778
vn 4.667366e-05 0.4268906 -0.9043033
vn -0.0006061906 -0.1470317 -0.9891316
vn -0.0007185339 -0.02678923 -0.9996408
vn -0.0003415834 0.09118684 -0.9958338
vn -0.09159539 -0.0004884979 -0.9957962
vn -0.148829 -0.008872647 -0.9888232
vn -0.1890244 0.002466415 -0.9819693
vn -0.2708022 -0.01087461 -0.9625736
vn -0.2977277 0.00107702 -0.9546503
vn -0.4483176 -0.005289912 -0.8938587
vn -0.441215 -0.00447 -0.8973903
vn -0.6173932 -0.003331543 -0.7866477
vn -0.6279399 -0.01085052 -0.7781861
vn -0.8223552 -0.005073116 -0.5689518
vn -0.9451817 -0.009514709 -0.3264065
vn -0.896856 -0.0005612419 -0.4423223
vn -0.716787 0.02752025 -0.6967489
vn -0.6970131 0.03571623 -0.7161683
vn -0.9470884 0.01291952 -0.3207128
vn -0.9756655 0.001869113 -0.2192561
vn -0.812359 0.4436559 -0.3784737
vn -0.8081622 0.4473021 -0.383138
vn -0.947513 0.2415993 -0.2094013
vn -0.8076419 0.428637 -0.4049503
vn -0.9461195 0.3145849 0.07677381
vn -0.9999999 -3.691813e-05 0.0004517351
vn -0.9340106 -0.3530752 0.05442418
vn -0.9466245 0.3209777 0.02958566
vn -0.9999995 6.369423e-05 0.0009567192
vn -0.9503032 0.1347516 0.2806523
vn -0.950484 0.1866037 0.2485139
vn -0.9520785 0.02684205 0.3046733
vn -0.9512637 0.07558966 0.2989709
vn -0.9999999 0.0002478887 0.0003790477
vn -0.9506047 -0.0983794 0.2944014
vn -0.9506664 -0.03054418 0.3087076
vn -0.9483801 0.2596444 0.182099
vn -0.9461518 0.2951405 0.1329997
vn -0.9505059 -0.1594721 0.2666593
vn -0.9504671 0.22235 0.2171931
vn -0.9357067 -0.3348435 0.1110535
vn -0.9401894 -0.268248 0.2099688
vn 1 -1.783927e-05 -1.817409e-06
vn 1 -2.166462e-05 1.195048e-06
vn 1 -1.966348e-05 -1.422457e-07
vn 1 7.003837e-06 2.816541e-05
vn 0.9502664 -0.1376352 -0.2793748
vn 1 5.893544e-06 7.114136e-06
vn 0.9504536 -0.07621253 -0.3013792
vn 0.9513584 -0.01616315 -0.3076622
vn 1 -3.458485e-06 1.24659e-05
vn 1 -1.610917e-05 4.197772e-08
vn 1 -8.874981e-06 -1.689835e-07
vn 1 -7.945765e-06 2.906459e-06
vn 1 -4.815361e-06 1.018822e-06
vn 0.9355851 0.34607 -0.07011456
vn 1 -3.800006e-06 6.221162e-06
vn 0.9370505 0.3288483 -0.1174523
vn 1 -6.222387e-06 2.799977e-06
vn 0.9497188 0.2022901 -0.2389833
vn 0.9416782 0.2772178 -0.1907678
vn 0.9516222 0.1139666 -0.285354
vn 1 -2.717351e-06 3.420911e-06
vn 1 -2.065395e-06 2.63515e-06
vn 0.9521509 0.03322445 -0.3038168
vn 0.9525435 0.07135934 -0.2959203
vn 1 5.731608e-07 3.550695e-06
vn 1 1.956086e-06 1.093816e-05
vn 0.9513789 0.1562334 -0.2654607
vn 0.9505255 -0.1871132 -0.2479717
vn 1 2.867804e-06 2.100429e-05
vn 1 2.866839e-06 4.67469e-06
vn 1 -2.66379e-06 -3.58927e-06
vn 1 -1.140397e-06 -2.988507e-06
vn 1 -1.257095e-05 -1.122116e-06
vn 1 -7.182758e-06 -1.872485e-06
vn 1 -1.175887e-05 -4.951676e-06
vn 1 -1.725702e-05 -1.18204e-06
vn 1 -1.931413e-06 -5.104006e-06
vn 0.9504243 -0.2183296 -0.2214175
vn 1 -1.79853e-06 -6.341314e-06
vn 0.9464803 -0.03308002 0.3210618
vn 0.9457301 -0.07993023 0.3149692
vn 1 6.623531e-06 -1.07651e-05
vn 1 -1.382425e-07 -2.020892e-06
vn 1 -7.273141e-06 2.437659e-05
vn 1 1.990224e-06 2.669691e-06
vn 0.9496862 -0.246759 -0.1928887
vn 1 1.234718e-05 6.81862e-06
vn 0.9453795 -0.3166489 -0.07740192
vn 1 -6.438602e-06 -1.670151e-05
vn 1 3.211102e-05 1.017469e-05
vn 1 1.570712e-05 -1.353847e-05
vn 1 2.314843e-05 -8.774252e-06
vn 0.9449944 -0.1376556 0.2967094
vn 1 5.427383e-06 -2.678509e-05
vn 1 -3.536995e-06 -1.233221e-05
vn 1 -2.494197e-07 -6.834427e-06
vn 0.9359647 0.3212579 0.1440955
vn 0.9475455 -0.2763757 -0.160543
vn 1 3.615802e-06 1.689146e-05
vn 0.9472999 -0.2947049 -0.125587
vn 1 2.890021e-05 -6.433665e-06
vn 1 1.6523e-05 4.040015e-06
vn 1 4.797232e-05 -6.168798e-06
vn 1 3.527016e-05 -5.186582e-06
vn 1 2.807768e-05 -2.503842e-05
vn 0.946312 -0.2154204 0.241014
vn 1 2.039883e-05 -8.168225e-06
vn 0.9465926 -0.1817744 0.2663088
vn 1 2.430808e-06 -3.448393e-06
vn 1 -1.040689e-06 -1.77115e-05
vn 0.9395505 0.2673721 0.213909
vn 0.6749266 -0.59002 0.4431145
vn 0.6778858 -0.5531007 0.4843041
vn 0.6809127 -0.512168 0.5234899
vn 0.6779934 -0.4707612 0.564543
vn 0.6770554 -0.4286511 0.5982092
vn 0.6807112 -0.3791863 0.6267775
vn 0.6771263 -0.3317612 0.6568366
vn 0.6764902 -0.2809414 0.6807592
vn 0.6873906 -0.226109 0.6901948
vn 0.6777806 -0.1738207 0.7144226
vn 0.670868 -0.1212939 0.73159
vn 0.6827179 -0.06190499 0.7280551
vn -1 0.0001148205 3.318304e-05
vn -1 5.159837e-05 4.467765e-05
vn -1 0.0001309988 3.120804e-05
vn -0.9999998 0.0001122228 0.0005298094
vn -1 0.000129474 3.659785e-05
vn -1 9.604983e-05 1.281294e-05
vn -1 0.0001516768 4.342893e-05
vn -0.9999978 0.001475219 0.001511993
vn -0.9989408 -0.001887094 0.04597455
vn -0.9996042 -0.008011177 0.02696628
vn -1 -5.371048e-05 9.679747e-06
vn -1 5.556948e-06 -7.50442e-05
vn -1 -7.176191e-05 2.815819e-05
vn -1 -8.83723e-05 1.931537e-05
vn -1 4.956296e-05 3.749315e-05
vn -1 5.357885e-05 -7.107847e-06
vn -1 -1.49196e-05 -3.97694e-05
vn -1 -7.524228e-05 -8.246473e-06
vn -0.9999971 0.0008345681 -0.002235573
vn -0.9999997 -1.341975e-05 -0.0006920728
vn -0.7071651 -0.7067792 -0.01951264
vn -0.7059298 -0.7056711 0.06075653
vn -0.7104737 -0.7032087 -0.02691744
vn -0.7054088 -0.6731986 0.2218155
vn -0.7042829 -0.6747067 0.2208088
vn -0.7066732 -0.6442339 0.2925332
vn -0.7100989 -0.6379457 0.2979677
vn -0.7152941 -0.6123329 0.3367533
vn -0.7131083 -0.6073365 0.3501698
vn -0.7076261 -0.6924578 0.1405967
vn -0.7088591 -0.6907492 0.1427732
vn -0.7047224 -0.7071847 0.05706234
vn -0.7199995 -0.6057854 0.3385627
vn -0.7171604 -0.6483209 0.2556579
vn -0.7171152 -0.6481169 0.2563013
vn -0.7327057 -0.6078127 0.3061146
vn -0.656858 -0.7309245 0.1851669
vn -0.676147 -0.7062497 0.2098487
vn -0.5352556 -0.8369065 0.1144074
vn -0.5990651 -0.7848216 0.1586697
vn -0.05455072 -0.9985089 0.002077142
vn -0.06031222 -0.998166 0.005194151
vn -0.1948189 -0.9806738 0.01801461
vn -0.2036803 -0.9787151 0.02512067
vn -0.3713947 -0.926519 0.06023641
vn -0.373687 -0.9256919 0.05875692
vn -0.4911549 -0.866008 0.09379242
vn 0.002971246 0.6680606 0.744101
vn 0.0007047143 0.6138974 0.7893855
vn 3.241661e-06 0.7714707 0.6362649
vn -0.001750989 0.8709894 0.4912987
vn -0.00168082 0.9684376 0.2492502
vn -0.00112581 0.9297044 0.3683049
vn -0.002442016 0.989924 0.1415791
vn 0.1543772 0.9789428 0.1335622
vn 0.1483178 0.9883705 0.03355078
vn -0.0007425424 0.9981966 0.06002557
vn 0.1336755 0.9883558 0.07268829
vn 0.1292635 0.9916101 0.0005069477
vn 0.002884564 0.9999638 -0.007999423
vn 0.3977377 0.9174919 0.003656752
vn 0.4179142 0.9077565 0.03641285
vn 0.3720217 0.9244789 0.0832978
vn 0.4571647 0.8824834 0.11056
vn 0.5050282 -0.8623816 -0.03527643
vn 0.5220841 -0.852263 0.03280129
vn 0.3775451 -0.920608 0.09970156
vn 0.3773327 -0.9108266 0.1673766
vn 0.3738618 -0.8967698 0.2367089
vn 0.379641 -0.874045 0.30318
vn 0.3779338 -0.8481355 0.3712577
vn 0.3701974 -0.8212935 0.4340862
vn 0.379214 -0.782315 0.4941458
vn 0.3754159 -0.7431709 0.5538592
vn 0.3758773 -0.6979234 0.6096057
vn 0.3782288 -0.6502523 0.658874
vn 0.3785627 -0.5964304 0.7077861
vn 0.3727873 -0.5393319 0.7550833
vn 0.3773139 -0.4835839 0.789798
vn 0.3780083 -0.419477 0.8253173
vn 0.3738708 -0.3556361 0.8565883
vn 0.3872555 -0.2900223 0.8751687
vn 0.3175262 -0.947933 0.02449551
vn 0.3751285 -0.2233739 0.899657
vn 0.3624964 -0.1541806 0.9191435
vn 0.3819327 -0.08028052 0.9206967
vn 0.3849337 -0.007427011 0.9229144
vn 0.3650812 0.5085496 0.7798032
vn 0.3773466 0.4657351 0.8004376
vn 0.3737161 0.4044279 0.8347301
vn 0.3826904 0.3358002 0.8606894
vn 0.3694254 0.2696386 0.8892805
vn 0.3753681 0.2049375 0.9039355
vn 0.379713 0.1293862 0.9160116
vn 0.3784591 0.05989265 0.9236783
vn -0.01283836 -0.9558906 0.2934422
vn 0.4111179 -0.8854148 0.2168475
vn 0.02306921 -0.9694628 0.2441512
vn 0.1762932 -0.9313898 0.3184865
vn -0.008939891 -0.9221743 0.3866711
vn 0.4566815 -0.8798895 0.1312872
vn 0.2776989 -0.9606418 0.007119497
vn 0.3340973 -0.942306 0.02093784
vn 0.4003348 -0.9162945 0.01168376
vn 0.4453568 -0.8947076 0.03399265
vn 0.3733335 -0.91767 0.1360296
vn 0.1927996 -0.9136059 0.357984
vn -0.1140961 -0.007489204 0.9934415
vn -0.06484448 -0.008071476 0.9978628
vn -0.0185631 0.0048435 0.9998159
vn -0.1510897 0.5504758 -0.8210653
vn -0.09135405 0.5589313 -0.8241664
vn -0.1708016 0.5085977 -0.8438929
vn -0.09778683 0.5328411 -0.8405464
vn -0.08111942 0.4644849 -0.881858
vn -0.1809042 0.4431001 -0.8780295
vn -0.1375622 0.3857224 -0.912302
vn -0.09309518 0.2366259 -0.9671305
vn -0.1780971 0.2086954 -0.9616276
vn -0.1383517 0.3206903 -0.9370254
vn -0.1770077 0.2786168 -0.9439497
vn -0.08965564 0.1642083 -0.9823428
vn -0.1805389 0.132277 -0.9746325
vn -0.08915804 0.08036329 -0.9927701
vn -0.1843483 0.03608681 -0.9821983
vn -0.08756639 9.110466e-06 -0.9961587
vn -0.186656 -0.04831617 -0.9812366
vn -0.09020645 -0.07902555 -0.9927829
vn -0.1426753 -0.147032 -0.9787877
vn -0.09220739 -0.2362807 -0.9673
vn -0.186318 -0.2129821 -0.9591268
vn -0.1026698 -0.3893439 -0.9153525
vn -0.1878382 -0.359491 -0.9140476
vn -0.08663915 -0.31319 -0.9457303
vn -0.1852694 -0.2851117 -0.9404183
vn -0.1646532 -0.4528812 -0.876235
vn -0.09891616 -0.5263434 -0.8444988
vn -0.1777865 -0.5146042 -0.8387934
vn -0.09515695 -0.5593879 -0.8234259
vn -0.1544562 -0.5525931 -0.8190141
vn -0.02992125 0.5382566 -0.8422497
vn -0.01418832 0.4657457 -0.8848048
vn -0.04608906 0.3937191 -0.9180747
vn -0.06554364 0.3163111 -0.9463885
vn -0.0104153 0.3259416 -0.9453325
vn -0.02313859 0.2384933 -0.9708684
vn -0.03132999 -0.5702585 -0.8208677
vn -0.02665853 -0.5387935 -0.842016
vn -0.04520485 -0.4641035 -0.8846267
vn -0.04476 -0.162402 -0.985709
vn -0.03183489 0.5689697 -0.8217421
vn -0.02229054 0.1559896 -0.9875071
vn -0.02589292 0.07898659 -0.9965394
vn -0.02462698 -0.001470077 -0.9996956
vn -0.01870075 -0.08649206 -0.996077
vn -0.02064318 -0.2413068 -0.9702293
vn -0.02270072 -0.3224159 -0.9463259
vn -0.0229599 -0.3938466 -0.9188893
vn 0.0151305 -0.4482333 0.8937885
vn 0.04979366 -0.5162356 0.8549978
vn 0.07858729 -0.4430498 0.8930459
vn 0.04888811 -0.3624304 0.9307278
vn 0.01615537 -0.1206405 0.9925649
vn 0.05340766 -0.2085263 0.9765574
vn 0.08286264 -0.1247858 0.9887175
vn 0.0521249 -0.03298557 0.9980956
vn 0.08349461 0.04110853 0.9956599
vn 0.01509653 0.05261996 0.9985005
vn 0.05236162 0.1303964 0.9900784
vn 0.01572304 0.3318041 0.9432173
vn 0.01548944 0.2228768 0.9747236
vn 0.07400077 0.2859801 0.9553739
vn 0.07992547 0.2038631 0.9757314
vn 0.06869639 0.3670812 0.9276488
vn 0.110667 0.4456789 0.888326
vn 0.01885764 0.4404455 0.8975812
vn 0.04426213 0.5155286 0.8557284
vn 0.1944579 0.4898813 0.849825
vn 0.1399876 0.5337602 0.8339685
vn 0.141038 0.5011681 0.8537791
vn 0.06864569 0.547776 0.8338041
vn 0.2627147 0.4772565 0.8385745
vn 0.2322751 0.4410768 0.8668907
vn 0.3170234 0.4295897 0.8455464
vn 0.4129694 0.3380952 0.8456641
vn 0.4270968 0.2883818 0.8569856
vn 0.4709522 0.2635506 0.84187
vn 0.5049936 0.1273097 0.8536825
vn 0.5290665 0.1466512 0.8358122
vn 0.4878405 0.1998568 0.8497463
vn 0.513248 0.04134529 0.8572439
vn 0.5437544 0.08546311 0.8348816
vn 0.5146425 -0.04030571 0.8564569
vn 0.5494047 0.0169408 0.8353846
vn 0.5078895 -0.1261975 0.8521281
vn 0.5267128 -0.1508389 0.8365532
vn 0.5470355 -0.06877482 0.8342795
vn 0.4866099 -0.2077018 0.8485699
vn 0.3801601 -0.3888897 0.8391919
vn 0.3531152 -0.3651237 0.8613909
vn 0.3293834 -0.4281802 0.8415273
vn 0.02666056 -0.5516804 0.8336294
vn 0.1009669 -0.5458624 0.8317692
vn 0.4442996 0.2045601 0.8722115
vn 0.4481729 0.1261853 0.8849962
vn 0.4497577 0.04158043 0.8921822
vn 0.4497579 -0.04157979 0.8921821
vn 0.4466478 -0.1244529 0.886012
vn 0.4434905 -0.2064229 0.8721845
vn 0.4302234 -0.2862115 0.8561488
vn 0.4674849 -0.2649876 0.8433501
vn 0.4176114 -0.3414834 0.8420153
vn 0.3677737 0.3871591 0.8454882
vn 0.3200953 0.3648551 0.874311
vn 0.3669877 0.2891181 0.8841553
vn 0.3706289 0.2064656 0.905542
vn 0.3758462 0.1244525 0.9182871
vn 0.3784627 0.04158013 0.9246821
vn 0.3784631 -0.04157965 0.924682
vn 0.3758461 -0.1244528 0.9182871
vn 0.3706289 -0.2064656 0.9055418
vn 0.3628492 -0.2870515 0.8865336
vn 0.2876659 0.2884836 0.91325
vn 0.2985304 0.2064659 0.9318001
vn 0.3027315 0.1244527 0.9449155
vn 0.3048398 0.04157955 0.9514956
vn 0.3048397 -0.04157959 0.9514956
vn 0.3027323 -0.1244523 0.9449152
vn 0.2985304 -0.2064655 0.9318001
vn 0.292264 -0.2870517 0.9122406
vn 0.2822095 -0.3671376 0.8863227
vn 0.2685682 -0.4397183 0.8570408
vn 0.2507436 -0.4774417 0.8421265
vn 0.01162685 0.5452499 0.8381929
vn 0.1458587 0.3678378 0.9183793
vn 0.1461461 0.2870522 0.9467007
vn 0.1480557 0.2053216 0.9674309
vn 0.1477978 0.1253878 0.9810371
vn 0.1513944 0.04062798 0.9876382
vn 0.148862 -0.0410096 0.9880072
vn 0.150048 -0.1257021 0.9806551
vn 0.1444477 -0.2066534 0.9676927
vn 0.04848748 -0.2862034 0.9569412
vn 0.1411593 -0.2866232 0.9475871
vn 0.136387 -0.3640662 0.921333
vn 0.1724098 -0.4447751 0.8788913
vn 0.126044 -0.5044409 0.8541968
vn 0.1915568 -0.5016065 0.8436213
vn 0.2140491 0.3661934 0.9055857
vn 0.2213525 0.2885037 0.931541
vn 0.2245968 0.2064654 0.9523278
vn 0.2277571 0.1244528 0.9657319
vn 0.2293429 0.04158 0.9724572
vn 0.2293432 -0.04158002 0.9724571
vn 0.2277574 -0.1244527 0.9657319
vn 0.2245954 -0.2064654 0.9523281
vn 0.2198817 -0.287052 0.9323375
vn 0.2177587 -0.3674086 0.9042079
vn -0.273264 -0.9617777 0.01761722
vn -0.2761673 -0.9611096 0.0001605617
vn -0.1779774 -0.9838744 0.01775543
vn -0.09325576 -0.9956218 0.006374128
vn -0.03744199 -0.9992871 0.004851446
vn -0.3669661 -0.9301027 0.01564985
vn -0.4173745 -0.9083679 0.02580934
vn -0.4639202 -0.8857982 0.01181483
vn -0.5461836 -0.8375673 0.0128289
vn -0.5804955 -0.8142154 0.008843442
vn -0.6732587 -0.7392772 0.01385627
vn -0.6915309 -0.7221925 0.01492967
vn -0.8607695 -0.5089813 0.003713681
vn -0.8855181 -0.4640492 0.02271778
vn -0.7853643 -0.6189644 0.00927587
vn -0.7688423 -0.6393685 0.009468881
vn -0.9937557 -0.111575 0.0008296919
vn -0.9662689 -0.2574117 0.007985204
vn -0.9754211 -0.2201076 0.01030908
vn -0.925636 -0.3783734 0.005619643
vn -0.9268412 -0.3753724 0.007805211
vn -0.9971561 -0.07468726 0.01006733
vn -0.9992513 0.03852784 0.003508715
vn -0.9964186 0.08434661 0.005959667
vn -0.8796717 0.4755719 0.003002244
vn -0.9418923 0.335852 0.006517185
vn -0.9268671 0.3752081 0.01167856
vn -0.9740887 0.2258368 0.01220438
vn -0.9799868 0.1990623 0.0004359296
vn -0.8584849 0.5127766 0.007991538
vn -0.6657986 0.7460013 0.0139365
vn -0.6293929 0.7767506 0.02287056
vn -0.7251598 0.6884962 0.01078151
vn -0.7755507 0.6311185 0.01451055
vn -0.8006167 0.5991749 0.001559952
vn -0.5303024 0.847666 0.01555087
vn -0.5632153 0.8263083 0.001756021
vn -0.4128917 0.9106674 0.01433039
vn -0.3970046 0.9177048 0.01432358
vn -0.2809278 0.959673 0.01035743
vn -0.2812993 0.9596048 0.005410089
vn -0.1738268 0.9845976 0.01875537
vn -0.09244146 0.9956882 0.007726101
vn -0.0362122 0.9993333 0.004673652
vn -0.2296358 0.5062343 -0.8312606
vn -0.3005967 0.4818684 -0.8230702
vn -0.2867033 0.4415274 -0.8502086
vn -0.3589292 0.4272609 -0.8298301
vn -0.4111442 0.3942608 -0.8218995
vn -0.3945082 0.3653139 -0.8431542
vn -0.4488375 0.3423155 -0.8254483
vn -0.5039174 0.2681379 -0.8210781
vn -0.4684176 0.2856576 -0.8360531
vn -0.4866353 0.2036117 -0.849546
vn -0.541238 0.1186055 -0.8324627
vn -0.5525997 0.04225539 -0.8323749
vn -0.5701259 0.01361028 -0.8214446
vn -0.5558471 -0.03808927 -0.8304115
vn -0.5621127 -0.06514094 -0.8244913
vn -0.5196931 -0.2016845 -0.8302063
vn -0.54308 -0.1484407 -0.826456
vn -0.5554665 -0.1176514 -0.8231739
vn -0.4688843 -0.2886131 -0.8347753
vn -0.440368 -0.3477325 -0.8277428
vn -0.5026296 -0.2710355 -0.8209162
vn -0.2188366 -0.1219929 -0.9681056
vn -0.241952 0.3631822 -0.8997544
vn -0.4867044 -0.2030136 -0.8496495
vn -0.4928898 -0.1255017 -0.8609931
vn -0.4953052 -0.04147549 -0.8677284
vn -0.495304 0.04156132 -0.867725
vn -0.4952706 0.1255525 -0.8596182
vn -0.5232728 0.1861967 -0.8315747
vn -0.3636434 -0.3643315 -0.8573365
vn -0.3793738 -0.407196 -0.830823
vn -0.4127257 -0.28725 -0.8643755
vn -0.4182777 -0.2061219 -0.8846229
vn -0.4241457 -0.1242264 -0.897033
vn -0.4270891 -0.04147541 -0.9032578
vn -0.4270878 0.04156161 -0.9032544
vn -0.4241415 0.1243121 -0.8970231
vn -0.41827 0.2062055 -0.884607
vn -0.4095155 0.2866797 -0.8660899
vn -0.3324983 0.3658151 -0.8692665
vn -0.340597 0.287648 -0.895127
vn -0.3489836 0.2062059 -0.9141606
vn -0.3538821 0.1243121 -0.9269919
vn -0.3563405 0.04156158 -0.9334314
vn -0.3563416 -0.04147541 -0.9334347
vn -0.3538857 -0.1242263 -0.9270021
vn -0.3489904 -0.2061221 -0.9141769
vn -0.3373823 -0.2876291 -0.8963495
vn -0.2787745 -0.4392848 -0.8539987
vn -0.3275303 -0.4562271 -0.8273939
vn -0.2470257 -0.4907433 -0.8355532
vn -0.2073561 -0.5294495 -0.8226096
vn -0.2615583 -0.3668946 -0.8927349
vn -0.270499 -0.2878774 -0.9186713
vn -0.2749748 -0.2066544 -0.9389797
vn -0.2806196 -0.123337 -0.9518617
vn -0.2796536 -0.04119936 -0.9592167
vn -0.2780554 0.04264047 -0.9596182
vn -0.2757711 0.1235606 -0.9532488
vn -0.273403 0.2056761 -0.9396532
vn -0.271802 0.2864316 -0.9187386
vn 0.2864124 -0.958082 0.0068488
vn 0.3737964 -0.92335 -0.0877551
vn 0.1973013 -0.9785242 -0.05968836
vn 0.09994513 -0.9948806 0.01495507
vn 0.02860432 -0.999445 -0.01707533
vn 0.475037 -0.8791983 -0.03674591
vn 0.4145356 -0.9100093 0.006570715
vn 0.5715938 -0.8205367 -0.000196256
vn 0.6300485 -0.7744405 -0.05727671
vn 0.8614045 -0.507656 -0.01636342
vn 0.7688875 -0.638339 -0.03653892
vn 0.8140098 -0.5806351 0.01583564
vn 0.6915254 -0.7222829 -0.01000181
vn 0.6901366 -0.7236322 -0.008243063
vn 0.8894293 -0.4569275 -0.01152582
vn 0.9204422 -0.3892828 -0.03528643
vn 0.9492372 -0.3143096 -0.01258561
vn 0.9680539 -0.2422818 -0.06458426
vn 0.9999609 -0.008727688 -0.001471046
vn 0.9961229 0.06565409 -0.05855593
vn 0.9917617 -0.1230247 -0.03568822
vn 0.982309 -0.1872614 0.00145974
vn 0.9890261 0.1475103 -0.008246752
vn 0.9889246 0.1481984 -0.00808215
vn 0.9649593 0.2596245 -0.03806137
vn 0.9466782 0.321505 -0.02085443
vn 0.8981683 0.4396047 0.006437508
vn 0.8602694 0.505859 -0.06358612
vn 0.9112971 0.4016874 -0.09047
vn 0.7787494 0.626163 -0.03833134
vn 0.8243638 0.5658623 0.0149706
vn 0.7057698 0.7084125 -0.006378749
vn 0.6523935 0.755724 -0.05713133
vn 0.3450143 0.9325823 -0.1060919
vn 0.489856 0.871289 -0.02994508
vn 0.4328978 0.9013119 -0.01537167
vn 0.5763382 0.8172104 0.001160196
vn 0.60545 0.7958175 -0.01023855
vn 0.2606274 0.9646256 -0.03963405
vn 0.3224424 0.9465883 0.001205047
vn 0.1497678 0.9886987 -0.006676137
vn 0.09353949 0.9949346 -0.03681612
vn 0.02938956 0.9995625 -0.003329404
vn 0.03923878 0.9991528 -0.0124105
vn 0.0934701 0.9955998 -0.006658149
vn 0.051548 0.9986154 -0.01049123
vn 0.03825674 -0.9992651 0.002343186
vn 0.03880346 -0.9992447 -0.002077397
vn -0.03971808 0.002573878 0.9992076
vn -0.06280342 -0.009301667 0.9979826
vn -0.000232293 1.518726e-05 1
vn -6.514427e-05 -3.509505e-05 1
vn 1.521268e-05 -9.068265e-05 1
vn 6.889147e-06 -1.85884e-05 1
vn -1.818734e-07 0 1
vn -9.333873e-09 0 1
vn 2.552439e-07 0 1
vn 3.378021e-07 0 1
vn 6.639769e-08 0 1
vn -4.700214e-07 0 1
vn -1.971814e-07 0 1
vn -9.854562e-08 0 1
vn 0 0 1
vn 2.932611e-07 0 1
vn 4.115121e-07 0 1
vn 4.939703e-07 0 1
vn 8.529913e-07 0 1
vn 5.344118e-07 0 1
vn -3.281693e-07 0 1
vn -9.768731e-07 0 1
vn -9.911665e-07 0 1
vn -2.865299e-06 0 1
vn 1.913189e-07 0 1
vn 2.930175e-06 0 1
vn 2.312568e-06 0 1
vn 4.285694e-07 0 1
vn 9.910197e-08 0 1
vn -1.360043e-06 0 1
vn 2.295983e-07 0 1
vn 4.174809e-07 0 1
vn 1.490575e-06 0 1
vn 4.480172e-07 0 1
vn 1.199745e-06 0 1
vn -1.265096e-07 0 1
vn 2.299936e-05 1.230484e-06 1
vn 4.657593e-05 -4.413696e-05 1
vn 2.337108e-05 -0.0003846766 0.9999999
vn 9.08541e-05 -0.0003852094 0.9999999
vn -0.07791129 0.9969594 -0.001337385
vn -0.046639 0.9989097 0.002040032
vn -0.07113963 -0.997396 0.01184966
vn -0.07222173 -0.997099 0.02403057
vn 0.1148504 0.9886076 -0.0972843
vn 0.002267633 0.9986234 -0.05240424
vn 0.2073798 0.977537 -0.03761923
vn 0.002251737 0.9937132 -0.1119335
vn 0.1163014 0.9797978 -0.1626965
vn 0.1020008 0.9673857 -0.2318637
vn 0.003298098 0.9678857 -0.2513689
vn 0.005034261 0.9842088 -0.1769399
vn 0.3877329 0.9188418 0.07343651
vn 0.4421287 0.8751723 0.1964579
vn 0.4410507 0.8951147 0.06514546
vn 0.3488113 0.9370185 -0.0180863
vn 0.4842548 0.8705621 0.08728656
vn 0.5549818 0.8198792 0.1406889
vn 0.1499575 0.805142 0.5738111
vn 0.01115839 0.7982277 0.6022524
vn 0.07275017 0.7845358 0.6158011
vn -0.004734971 0.7933456 0.608753
vn 0.04544558 0.8240677 0.5646656
vn 0.4390711 0.8490563 0.2938026
vn 0.289647 0.8228238 0.4889432
vn 0.5485238 0.7587717 0.351265
vn 0.5701928 0.7953438 0.2056903
vn -0.71995 0.6795297 -0.1411079
vn -0.7145266 0.6910556 -0.1090597
vn -0.7195088 0.681822 -0.132007
vn -0.7046248 0.7022878 -0.1014678
vn -0.722948 0.6878541 -0.06483139
vn -0.7136152 0.6989185 -0.0476053
vn 0.5579748 0.8256193 -0.08376639
vn 0.6902325 0.7216096 -0.05346587
vn 0.6238541 0.7720372 -0.1215094
vn 0.5905923 0.8064305 -0.02950614
vn 0.3177134 0.9395695 -0.127544
vn 0.3167741 0.9462687 -0.06503619
vn 0.7070163 0.6887996 -0.1602591
vn 0.5405722 0.8207046 -0.1850018
vn 0.3225067 0.9222927 -0.2129918
vn 0.004469953 -0.9983659 0.05696841
vn -0.0001629535 -0.9974416 0.07148683
vn 0.0007858742 -0.9926064 0.121375
vn -0.0002879299 -0.9927668 0.120058
vn 0.003288192 -0.9816315 0.1907585
vn 0.001612466 -0.9839624 0.1783692
vn 0.7104272 -0.6865579 0.1546978
vn 0.710627 -0.6863577 0.1546685
vn 0.7075104 -0.6945171 0.1306717
vn 0.7066707 -0.6971928 0.1205767
vn 0.708082 -0.701109 0.08405934
vn 0.7075933 -0.7017345 0.08294893
vn 0.7081804 -0.7046621 0.04395147
vn 0.707415 -0.7054151 0.04420129
vn 0.7596357 0.5362995 0.367881
vn 0.7716767 0.5283982 0.3539923
vn 0.7883057 0.5124974 0.3404712
vn 0.7492773 0.5655948 0.3445086
vn 0.7428973 0.5822383 0.3303064
vn 0.7310157 0.6083437 0.3090858
vn 0.7294885 0.6198316 0.2892323
vn 0.7219187 0.640476 0.2619615
vn 0.7110011 0.6656535 0.2266779
vn 0.712154 0.6756114 0.1907505
vn 0.7067782 0.6925485 0.144365
vn 0.7108279 0.6939372 0.114782
vn 0.7101505 0.7015289 0.05952817
vn 0.7087604 0.7021943 0.06768871
vn 0.003888161 0.8536166 0.5208873
vn 0.0413525 0.8767206 0.4792191
vn 0.01838588 0.9114457 0.4110095
vn 0.02388224 0.9020076 0.4310591
vn 0.01166196 0.9550564 0.2961948
vn 0.02781444 0.942377 0.3333946
vn 0.02438151 0.9823186 0.1856226
vn 0.03079861 0.9757466 0.2167258
vn 0.03135113 0.994146 0.1033966
vn 0.01860007 0.9973748 0.06998347
vn 0.002496082 -0.9981131 0.06135178
vn -0.004405932 -0.9953309 0.09642194
vn 0.001472852 -0.9929212 0.1187658
vn -0.0007713353 -0.9847734 0.1738412
vn 0.0001993828 -0.9843413 0.1762737
vn 0.0006707691 -0.9705778 0.2407868
vn -3.742276e-05 -0.9647713 0.2630899
vn 0.1169893 0.1433823 -0.9827283
vn -0.0001742669 0.5745965 -0.8184369
vn 0.1966353 0.5928459 -0.7809407
vn 0.1633167 0.5476513 -0.820613
vn 0.07433262 -0.5905461 -0.8035733
vn 0.0009052774 -0.5642531 -0.8256015
vn 0.2068984 -0.5172701 -0.8304364
vn 0.1137582 -0.4584945 -0.8813863
vn 0.1146854 -0.3873185 -0.9147851
vn 0.1152986 -0.2442075 -0.9628441
vn 0.1572467 -0.3127792 -0.9367191
vn 0.1262039 -0.1739608 -0.9766321
vn 0.1183479 -0.09774096 -0.98815
vn 0.1182636 -0.02101116 -0.9927599
vn 0.1227396 0.05576744 -0.9908708
vn 0.106276 0.2245193 -0.9686571
vn 0.1087752 0.3691948 -0.9229643
vn 0.20653 0.286363 -0.9355969
vn 0.1509541 0.500625 -0.852401
vn 0.1152762 0.4397356 -0.8906986
vn 0.4114122 0.7702159 -0.4873474
vn 0.2363868 0.8697794 -0.433134
vn 0.6491529 0.6798038 -0.3412732
vn 0.5335544 0.7836373 -0.3181701
vn 0.5008454 0.8233534 -0.2669142
vn 0.7129426 0.6637083 -0.2262835
vn 0.1810776 0.9336371 -0.3090838
vn 0.5439465 0.5108941 -0.6656645
vn 0.4107965 0.6230189 -0.6656528
vn 0.7105754 0.4794176 -0.5150158
vn 0.4169634 0.6974236 -0.5828739
vn 0.6753868 0.6197047 -0.3997732
vn 0.7492728 0.3879961 -0.5367022
vn 0.7078233 0.5343872 -0.4619703
vn 0.1144513 0.69228 -0.7124951
vn 0.1274625 0.7805043 -0.6120182
vn 0.1345462 0.8386461 -0.5277974
vn 0.1911527 0.9090731 -0.3701981
vn -0.1932922 0.9811378 -0.002603765
vn -0.2477193 0.9688045 -0.007270087
vn -0.3377575 0.9411888 0.009150037
vn -0.399146 0.9168763 0.004512492
vn -0.4607044 0.8873776 0.01767601
vn -0.5295698 0.8481457 0.01430996
vn -0.5809103 0.8138945 0.01091309
vn -0.6081811 0.7937969 0.001486762
vn -0.6571857 0.7531593 -0.02929192
vn -0.6764933 0.7352215 -0.04250088
vn -0.7054278 0.7030985 -0.08957755
vn 0.1602509 -0.9860136 -0.04579156
vn 0.2792825 -0.5626648 -0.7780807
vn 0.1140477 -0.6520775 -0.7495251
vn 0.7020206 0.353454 -0.6182535
vn 0.4176002 0.3880118 -0.8216184
vn 0.4223498 0.4557423 -0.7835303
vn 0.5113656 0.4771738 -0.71471
vn 0.717232 -0.693409 -0.06900771
vn 0.4964181 -0.8628452 -0.09522164
vn 0.7125685 -0.6904156 -0.1247895
vn 0.4960823 -0.8546615 -0.1531535
vn 0.6988315 -0.6930807 -0.1768436
vn 0.4057193 -0.884468 -0.2304524
vn 0.540045 -0.7963869 -0.2722485
vn 0.7179482 -0.6418646 -0.26937
vn 0.5013968 -0.7978374 -0.3347487
vn 0.7051956 -0.6312089 -0.3229154
vn 0.4185658 -0.8086178 -0.4134488
vn 0.7217271 -0.5900863 -0.3618124
vn 0.5101001 -0.740199 -0.4380677
vn 0.7223315 -0.5633967 -0.4010252
vn 0.5073498 -0.7044794 -0.4962913
vn 0.7146468 -0.5358293 -0.4496297
vn 0.4185035 -0.695842 -0.5836597
vn 0.7277859 -0.4899525 -0.4798691
vn 0.5164313 -0.6118642 -0.5991
vn 0.7167394 -0.4530968 -0.5300828
vn 0.4234403 -0.5896769 -0.687735
vn 0.7278792 -0.4096989 -0.5498533
vn 0.5199861 -0.5046335 -0.689173
vn 0.5591127 -0.4368765 -0.7046502
vn 0.7175571 -0.3172475 -0.6200531
vn 0.4219343 -0.4099319 -0.8086577
vn 0.7197768 -0.2673015 -0.6406804
vn 0.4247683 -0.3549799 -0.8328031
vn 0.7261309 -0.2182149 -0.6520093
vn 0.4729873 -0.2821483 -0.8346708
vn 0.7181982 -0.1686983 -0.6750794
vn 0.4223557 -0.2167829 -0.8801255
vn 0.7221355 -0.1189849 -0.6814418
vn 0.4289773 -0.1494102 -0.8908733
vn 0.7211363 -0.06721362 -0.6895251
vn 0.4223529 -0.08113911 -0.9027925
vn 0.7163795 -0.0090128 -0.6976526
vn 0.4204156 -0.01019343 -0.9072745
vn 0.7234055 0.04653927 -0.688853
vn 0.4291254 0.05603105 -0.9015053
vn 0.7188085 0.1005683 -0.6878955
vn 0.4234343 0.122025 -0.8976711
vn 0.7212656 0.144286 -0.6774639
vn 0.4176003 0.1880532 -0.8889579
vn 0.5596317 0.2377305 -0.7939122
vn 0.7206396 0.2562274 -0.6442251
vn 0.4183018 0.3301254 -0.8461919
vn 0.7175505 0.2986073 -0.6292495
vn 0.7449971 -0.6331522 -0.2099942
vn 0.7633922 -0.3438091 -0.5468342
vn 0.7631391 0.1893464 -0.6178727
vn 0.1910075 -0.9755998 -0.1082641
vn 0.1922354 -0.9662286 -0.1716036
vn 0.1040768 -0.9630589 -0.2483656
vn 0.1973101 -0.9259003 -0.3221452
vn 0.1935923 -0.9071125 -0.3737229
vn 0.1138872 -0.888052 -0.4454136
vn 0.1896262 -0.8359573 -0.5149925
vn 0.1955667 -0.8029193 -0.5630935
vn 0.1036409 -0.7593508 -0.6423745
vn 0.1990076 -0.6963835 -0.6895258
vn 0.2276635 0.9730797 -0.0358517
vn 0.2714214 0.9615216 -0.04250422
vn 0.4191048 0.9078773 -0.01048225
vn 0.5732345 0.819322 0.01066956
vn 0.7883462 0.5962301 0.151723
vn 0.7047979 0.706994 0.05847713
vn 0.8086071 0.5408648 0.2315592
vn 0.8019927 0.5341666 0.2673459
vn -0.806354 0.5889126 0.05454431
vn -0.8053631 0.5818401 0.1133687
vn -0.8067734 0.5671505 0.1657016
vn -0.8076603 0.5505796 0.2110614
vn -0.8104751 0.5166618 0.2760269
vn -0.8138158 0.482007 0.3246122
vn -0.817104 0.444692 0.3668651
vn -0.8206461 0.401743 0.4063773
vn -0.8216764 0.3568081 0.4444502
vn -0.8239824 0.3097422 0.4744605
vn -0.8234502 0.2683988 0.4998917
vn -0.8252266 0.2083089 0.5249842
vn -0.8259335 0.1657724 0.5388445
vn -0.8256924 0.1145414 0.5523698
vn -0.8264191 0.05787271 0.5600734
vn -0.8250328 -0.00741147 0.5650362
vn -0.7628939 -0.6348736 0.1221822
vn -0.7539909 -0.6534796 0.06679826
vn -0.7901474 -0.5620253 0.2445293
vn -0.7715273 -0.6117953 0.174505
vn -0.8039683 -0.5026833 0.3177176
vn -0.8183485 -0.4082759 0.4044954
vn -0.8243605 -0.3371802 0.4546859
vn 0.0004612839 -0.5504663 0.8348573
vn 0.0008333806 0.5549955 0.8318529
vn -0.001018312 0.55172 0.8340288
vn -0.00120249 0.5849792 0.8110474
vn -0.002461844 0.6262311 0.7796336
vn -0.0006461079 0.4714984 0.8818666
vn -0.001023527 0.3758043 0.9266986
vn -0.0006486843 0.2910971 0.9566933
vn -0.000196951 0.206583 0.978429
vn -0.0006123996 0.1021986 0.9947639
vn -0.0008934935 -0.01682663 0.999858
vn -0.00051611 -0.1370365 0.9905659
vn -0.0004516189 -0.2529012 0.967492
vn -0.000364063 -0.5024002 0.8646352
vn -0.001049021 -0.3769651 0.9262268
vn 0.0006048625 -0.6020989 0.7984212
vn -0.004269104 -0.5873051 0.8093544
vn -0.002662774 -0.5662367 0.8242384
vn -0.8238607 -0.2817 0.4918319
vn -0.8248767 -0.2142075 0.5231572
vn -0.8263369 -0.1378357 0.5460482
vn -0.8255238 -0.07933176 0.5587639
vn -0.002116354 0.8301021 0.5576073
vn -0.001109228 0.7761995 0.6304864
vn -0.0005662152 0.7748212 0.6321802
vn 0.0009297832 0.7309295 0.6824524
vn -0.003016156 0.7073476 0.7068594
vn -0.001442106 0.6804123 0.7328281
vn -0.0001509762 0.6427128 0.7661073
vn 0.0005863229 0.6145009 0.7889159
vn 0.0007508576 0.82147 0.5702513
vn 0.002510269 0.865531 0.5008492
vn -0.003991917 0.8879764 0.4598717
vn -5.509239e-05 0.9023005 0.4311076
vn -0.0003373499 0.9306509 0.3659079
vn -0.001064137 0.9335189 0.3585265
vn 0.002681277 0.9633413 0.2682654
vn -0.00208514 0.9607058 0.2775609
vn 0.001440912 0.9965765 0.0826631
vn -0.001909799 0.9957554 0.09201865
vn 0.001668269 0.9848109 0.1736223
vn -0.002892911 0.981352 0.192198
vn 0.002228716 -0.9275356 0.3737282
vn 0.006925488 -0.9443439 0.3288872
vn 0.01140535 -0.8965713 0.4427525
vn 0.004322744 -0.8598396 0.5105458
vn 0.006612555 -0.8264732 0.5629371
vn 0.001882617 -0.7327629 0.6804814
vn 0.006691347 -0.7530153 0.6579689
vn 0.0004690574 -0.6657236 0.7461983
vn 0.75601 0.6509103 -0.06902688
vn -0.7939354 -0.5218683 -0.3119617
vn -0.792811 -0.5227571 -0.3133302
vn -0.7570584 -0.5631533 -0.3312415
vn -0.7470685 -0.5847093 -0.3162333
vn -0.7360056 -0.6148712 -0.2832475
vn -0.7218882 -0.6483184 -0.2419934
vn -0.722979 -0.6576153 -0.211763
vn -0.7070928 -0.6946266 -0.1323398
vn -0.7178727 -0.6745415 -0.172199
vn -0.7127768 -0.6962884 -0.08444966
vn 0.005555882 -0.7225286 -0.6913187
vn 0.003987637 -0.6934165 -0.7205259
vn 0.001171332 -0.9461951 -0.3235948
vn 0.0004477109 -0.9139441 -0.4058399
vn 0.0006910608 -0.9912922 -0.1316788
vn -0.001779409 -0.9746886 -0.2235597
vn -0.001180079 -0.8760249 -0.4822645
vn 0.005434414 -0.8350443 -0.5501558
vn 0.001201861 -0.785744 -0.6185506
vn -6.601269e-05 -0.6516789 -0.758495
vn 0.0006280358 -0.6704574 -0.7419477
vn -0.0001643715 -0.6093261 -0.7929196
vn 0.0006279378 -0.6253437 -0.7803492
vn -0.2322778 -0.9720959 0.03281278
vn -0.1592077 -0.9858521 0.05242775
vn -0.3139663 -0.9492859 0.01678044
vn -0.4128382 -0.9107699 0.007927678
vn -0.4471356 -0.8943771 -0.01261964
vn -0.5283543 -0.8487589 -0.02121298
vn -0.6265875 -0.7777947 -0.04922999
vn -0.6034982 -0.7957997 -0.04992587
vn -0.7336136 -0.6710643 -0.1071627
vn -0.6918006 -0.7183504 -0.07338017
vn -0.8038315 -0.5560251 -0.2114025
vn -0.7772049 -0.6159502 -0.1286774
vn -0.8080608 -0.5284182 -0.2604073
vn -0.1603221 -0.006983069 0.98704
vn -0.2338582 -0.01225263 0.9721934
vn -0.2979968 0.006650321 0.9545437
vn -0.3635901 -0.005510683 0.9315428
vn -0.4448199 0.008369287 0.8955809
vn -0.4806702 -0.006612169 0.8768765
vn -0.6373109 0.01127676 0.7705242
vn -0.6146076 -0.006054807 0.7888097
vn -0.7242795 0.005078279 0.6894878
vn -0.8320401 0.01486095 0.5545163
vn -0.8544253 -0.0114402 0.5194484
vn -0.9672843 0.01101226 0.2534554
vn -0.9634831 -0.0174225 0.267202
vn -0.001495579 0.8202493 -0.5720042
vn 0.0005173659 0.8932906 -0.4494793
vn 0.0009551686 0.9403341 -0.3402512
vn -0.0009454199 0.718248 -0.6957865
vn 0.001374832 0.6453013 -0.7639269
vn 0.001461885 0.6008872 -0.7993326
vn 0.7130167 -0.689675 0.1263155
vn 0.6725393 -0.7395971 0.026211
vn 0.5672261 -0.8235616 0.0008599548
vn 0.4903863 -0.871469 -0.007945743
vn 0.4146687 -0.9099723 -0.0005895316
vn 0.2876104 -0.9574423 -0.02417604
vn 0.2179858 -0.9755401 -0.02834596
vn 0.1469954 -0.9891208 -0.005680178
vn 0.1054521 -0.9944158 -0.00413112
vn -0.967228 -0.01025764 0.2537022
vn -0.9185591 -0.02497014 0.3944943
vn -0.9165413 -0.006681591 0.3998843
vn -0.7996376 -0.01525368 0.6002891
vn -0.8184365 0.001064028 0.574596
vn -0.4983055 -0.01654636 0.8668436
vn -0.3739711 -0.005530843 0.9274238
vn -0.5397928 -0.01629762 0.8416402
vn -0.6548654 -0.0166641 0.7555618
vn -0.6746286 -0.0109557 0.7380761
vn -0.2637604 -0.01719934 0.9644349
vn -0.2289947 0.002902314 0.9734234
vn -0.01764776 0.9940678 0.1073207
vn -0.02609146 0.9986385 -0.04517066
vn 0.0260908 0.9986385 0.04517321
vn 0.01764812 0.9940682 -0.1073169
vn 0.00277837 0.9761777 -0.216955
vn 0 0.9760759 -0.2174299
vn 0 0.9340165 -0.3572297
vn 0 0.9340169 -0.3572289
vn 0 0.8720489 -0.4894187
vn 0 0.8720492 -0.4894184
vn 0 0.7914956 -0.6111749
vn 0 0.7914957 -0.6111745
vn 0 0.6940715 -0.719906
vn 0 0.6940721 -0.7199055
vn 0 0.5818574 -0.8132908
vn 0 0.5818582 -0.8132902
vn 0 0.4572417 -0.8893424
vn 0 0.4572426 -0.889342
vn 0 0.32288 -0.9464399
vn 0 0.3228811 -0.9464395
vn 0 0.1816368 -0.9833657
vn 0 0.1816381 -0.9833654
vn 0 0.03652148 -0.9993329
vn 0 0.03652259 -0.9993328
vn 0 -0.109372 -0.9940009
vn 0 -0.1093709 -0.994001
vn 0 -0.2529343 -0.9674835
vn 0 -0.2529334 -0.9674838
vn 0 -0.3911044 -0.9203463
vn 0 -0.3911038 -0.9203466
vn -2.562603e-06 -0.5209442 -0.8535908
vn -2.278993e-06 -0.5209435 -0.8535911
vn -2.835825e-07 -0.6396717 -0.7686482
vn 0 -0.639671 -0.7686489
vn 0 -0.7447728 -0.6673181
vn 0 -0.7447726 -0.6673183
vn 0 -0.8339995 -0.5517653
vn 0 -0.833999 -0.5517659
vn 0 -0.9054488 -0.4244554
vn 0 -0.9054484 -0.4244563
vn 0 -0.9576008 -0.2880985
vn 0 -0.9576005 -0.2880993
vn 0 -0.9893435 -0.1456006
vn 0 -0.9893433 -0.1456015
vn 0 -1 1.750768e-07
vn 0 -1 -8.941107e-07
vn 0 -0.9893434 0.1456004
vn 0 -0.9893436 0.1455996
vn 0 -0.9576001 0.2881009
vn 0 -0.9576004 0.2880999
vn 0 -0.905449 0.424455
vn 0 -0.9054496 0.4244538
vn 0 -0.8339973 0.5517685
vn 0 -0.8339979 0.5517676
vn 0 -0.7447724 0.6673186
vn 0 -0.7447728 0.6673181
vn 0 -0.639671 0.7686487
vn 0 -0.6396715 0.7686484
vn 0 -0.5209407 0.8535928
vn 0 -0.5209414 0.8535924
vn 0 -0.3911037 0.9203466
vn 0 -0.3911044 0.9203463
vn 0 -0.2529334 0.9674838
vn 0 -0.2529343 0.9674835
vn 0 -0.1093706 0.994001
vn 0 -0.1093716 0.9940009
vn 0 0.03652226 0.9993328
vn 0 0.0365213 0.9993329
vn 0 0.1816373 0.9833656
vn 0 0.1816365 0.9833657
vn 0 0.322882 0.9464393
vn 0 0.3228811 0.9464395
vn 0 0.4572426 0.889342
vn 0 0.457242 0.8893423
vn 0 0.5818599 0.813289
vn 0 0.5818596 0.8132893
vn 0 0.694077 0.7199008
vn 0 0.6940763 0.7199015
vn 0 0.7914942 0.6111767
vn 0 0.7914935 0.6111775
vn 0 0.8720502 0.4894164
vn 0 0.8720499 0.4894171
vn 0 0.9340165 0.35723
vn 0 0.9340161 0.3572309
vn 0 0.9760759 0.21743
vn -0.002778316 0.9761776 0.2169553
vn 1 1.228195e-06 6.835272e-07
vn 1 5.695667e-07 5.515013e-07
vn 1 -5.820282e-07 -5.819003e-07
vn 1 6.654716e-08 -8.215839e-08
vn 1 -6.136405e-07 -5.186908e-08
vn 1 -1.9769e-08 -8.721867e-07
vn 1 4.051734e-07 -2.320995e-07
vn 1 3.344967e-07 -1.682771e-07
vn 1 2.834829e-07 -1.199351e-07
vn 1 7.764243e-08 -6.400154e-07
vn 1 5.539948e-07 -4.459033e-07
vn 1 5.066579e-07 -3.196765e-07
vn 1 -4.039182e-06 -3.10214e-06
vn 1 -1.072673e-06 -1.594248e-06
vn 1 6.707527e-07 -9.665433e-07
vn 1 0 -8.506001e-06
vn 1 -4.721408e-06 -3.618948e-07
vn 1 0 -7.99837e-07
vn 1 -3.006975e-07 -1.956864e-06
vn 1 -1.233202e-05 -6.470052e-06
vn 1 -4.143304e-07 1.712983e-08
vn 1 -4.216196e-07 -4.617394e-08
vn 1 -3.617226e-06 -1.559538e-07
vn 1 -8.517416e-07 9.431658e-08
vn 1 1.516799e-07 7.935753e-08
vn 1 5.617468e-07 5.54812e-08
vn 1 -1.335395e-06 1.113469e-07
vn 1 -6.990612e-07 1.087939e-07
vn 1 -2.236147e-06 1.03504e-07
vn 1 -1.121211e-06 1.08793e-07
vn 1 9.432597e-07 1.109468e-07
vn 1 1.287929e-06 1.119037e-07
vn 1 7.710104e-07 9.685122e-08
vn 1 9.458841e-07 1.016435e-07
vn 1 7.011112e-07 1.056486e-07
vn 1 6.893602e-07 7.787335e-08
vn 1 -5.335651e-07 8.498923e-08
vn 1 -1.13306e-06 9.130197e-08
vn 1 3.560975e-07 5.078744e-08
vn 1 -2.256616e-07 6.09033e-08
vn 1 -6.112186e-07 6.988117e-08
vn 1 2.862665e-07 2.625139e-08
vn 1 6.998463e-07 3.932824e-08
f 1//1 219//2 2//3
f 3//4 11//5 4//6
f 3//4 4//6 5//7
f 5//7 4//6 6//8
f 5//7 6//8 2//3
f 2//3 6//8 1//1
f 18//9 10//10 9//11
f 11//5 3//4 12//12
f 11//5 12//12 13//13
f 13//13 12//12 14//14
f 13//13 14//14 10//10
f 10//10 14//14 9//11
f 8//15 17//16 18//9
f 8//15 18//9 19//17
f 7//18 20//19 8//15
f 16//20 21//21 15//22
f 15//22 21//21 20//19
f 20//19 21//21 8//15
f 8//15 21//21 17//16
f 18//9 9//11 19//17
f 8//15 19//17 7//18
f 32//23 28//24 29//25
f 33//26 34//27 31//28
f 40//29 35//30 36//31
f 24//32 23//33 35//30
f 35//30 23//33 36//31
f 39//34 38//35 37//36
f 40//29 41//37 42//38
f 22//39 43//40 44//41
f 22//39 44//41 42//38
f 27//42 31//28 26//43
f 42//38 44//41 35//30
f 35//30 44//41 37//36
f 25//44 26//43 45//45
f 31//28 32//23 33//26
f 33//26 32//23 46//46
f 43//40 30//47 26//43
f 26//43 30//47 27//42
f 27//42 28//24 31//28
f 31//28 28//24 32//23
f 37//36 25//44 39//34
f 39//34 25//44 45//45
f 40//29 42//38 35//30
f 35//30 37//36 38//35
f 35//30 38//35 24//32
f 34//27 45//45 31//28
f 31//28 45//45 26//43
f 26//43 25//44 43//40
f 43//40 25//44 37//36
f 43//40 37//36 44//41
f 52//48 53//49 54//50
f 55//51 56//52 52//48
f 57//53 58//54 59//55
f 47//56 60//57 61//58
f 65//59 66//60 68//61
f 65//59 68//61 67//62
f 67//62 68//61 69//63
f 62//64 63//65 71//66
f 62//64 71//66 70//67
f 67//62 69//63 72//68
f 57//53 59//55 73//69
f 75//70 50//71 76//72
f 77//73 49//74 79//75
f 77//73 79//75 78//76
f 78//76 79//75 80//77
f 78//76 80//77 81//78
f 51//79 81//78 82//80
f 51//79 83//81 81//78
f 81//78 83//81 78//76
f 48//82 64//83 49//74
f 49//74 64//83 84//84
f 49//74 84//84 79//75
f 53//49 74//85 85//86
f 53//49 85//86 54//50
f 50//71 51//79 76//72
f 76//72 51//79 82//80
f 76//72 82//80 86//87
f 75//70 76//72 74//85
f 74//85 76//72 86//87
f 74//85 86//87 85//86
f 79//75 84//84 87//88
f 79//75 87//88 80//77
f 81//78 80//77 88//89
f 81//78 88//89 82//80
f 72//68 71//66 67//62
f 67//62 71//66 63//65
f 67//62 63//65 65//59
f 58//54 57//53 89//90
f 73//69 61//58 57//53
f 57//53 61//58 60//57
f 57//53 60//57 89//90
f 70//67 59//55 58//54
f 70//67 58//54 62//64
f 90//91 48//82 49//74
f 90//91 49//74 77//73
f 52//48 56//52 53//49
f 53//49 56//52 91//92
f 53//49 91//92 74//85
f 74//85 91//92 75//70
f 54//50 47//56 52//48
f 52//48 47//56 61//58
f 52//48 61//58 55//51
f 55//51 61//58 73//69
f 98//93 90//91 99//94
f 99//94 90//91 100//95
f 104//96 105//97 106//98
f 105//97 104//96 107//99
f 104//96 108//100 107//99
f 96//101 94//102 95//103
f 94//102 109//104 110//105
f 113//106 112//107 114//108
f 118//109 119//110 117//111
f 122//112 119//110 120//113
f 121//114 93//115 122//112
f 121//114 71//66 72//68
f 70//67 123//116 59//55
f 73//69 59//55 124//117
f 75//70 91//92 125//118
f 50//71 75//70 126//119
f 51//79 50//71 127//120
f 92//121 78//76 83//81
f 78//76 128//122 77//73
f 77//73 100//95 90//91
f 90//91 98//93 48//82
f 93//115 121//114 72//68
f 93//115 72//68 69//63
f 70//67 71//66 123//116
f 123//116 71//66 121//114
f 123//116 121//114 120//113
f 120//113 121//114 122//112
f 59//55 123//116 124//117
f 124//117 123//116 129//123
f 129//123 123//116 120//113
f 129//123 120//113 118//109
f 118//109 120//113 119//110
f 55//51 73//69 124//117
f 55//51 124//117 130//124
f 130//124 124//117 129//123
f 130//124 129//123 131//125
f 131//125 129//123 118//109
f 91//92 56//52 125//118
f 125//118 56//52 55//51
f 125//118 55//51 132//126
f 132//126 55//51 130//124
f 132//126 130//124 133//127
f 133//127 130//124 131//125
f 133//127 131//125 115//128
f 115//128 131//125 118//109
f 115//128 118//109 117//111
f 115//128 117//111 116//129
f 126//119 75//70 125//118
f 126//119 125//118 132//126
f 126//119 132//126 134//130
f 134//130 132//126 133//127
f 134//130 133//127 135//131
f 135//131 133//127 115//128
f 135//131 115//128 114//108
f 114//108 115//128 113//106
f 113//106 115//128 116//129
f 127//120 50//71 126//119
f 127//120 126//119 136//132
f 136//132 126//119 134//130
f 136//132 134//130 137//133
f 137//133 134//130 135//131
f 137//133 135//131 138//134
f 138//134 135//131 111//135
f 111//135 135//131 114//108
f 111//135 114//108 112//107
f 83//81 51//79 92//121
f 92//121 51//79 127//120
f 92//121 127//120 139//136
f 139//136 127//120 136//132
f 139//136 136//132 140//137
f 140//137 136//132 137//133
f 140//137 137//133 141//138
f 141//138 137//133 138//134
f 141//138 138//134 111//135
f 141//138 111//135 109//104
f 109//104 111//135 110//105
f 110//105 111//135 112//107
f 78//76 92//121 128//122
f 128//122 92//121 142//139
f 142//139 92//121 139//136
f 142//139 139//136 143//140
f 143//140 139//136 140//137
f 143//140 140//137 144//141
f 144//141 140//137 141//138
f 144//141 141//138 96//101
f 96//101 141//138 109//104
f 96//101 109//104 94//102
f 99//94 100//95 145//142
f 99//94 145//142 101//143
f 101//143 145//142 102//144
f 102//144 145//142 106//98
f 102//144 106//98 103//145
f 103//145 106//98 97//146
f 97//146 106//98 105//97
f 100//95 77//73 128//122
f 100//95 128//122 145//142
f 145//142 128//122 142//139
f 145//142 142//139 143//140
f 145//142 143//140 106//98
f 106//98 143//140 144//141
f 106//98 144//141 104//96
f 104//96 144//141 96//101
f 104//96 96//101 108//100
f 108//100 96//101 95//103
f 146//147 147//148 148//149
f 65//59 16//150 66//60
f 23//33 16//150 65//59
f 23//33 65//59 149//151
f 149//151 65//59 150//152
f 150//152 65//59 63//65
f 63//65 62//64 150//152
f 150//152 62//64 151//153
f 151//153 62//64 152//154
f 62//64 58//54 152//154
f 152//154 58//54 153//155
f 153//155 58//54 89//90
f 153//155 89//90 60//57
f 153//155 60//57 154//156
f 154//156 60//57 155//157
f 60//57 47//56 155//157
f 155//157 47//56 156//158
f 156//158 47//56 54//50
f 85//86 156//158 54//50
f 86//87 157//159 85//86
f 85//86 157//159 158//160
f 85//86 158//160 156//158
f 86//87 82//80 159//161
f 86//87 159//161 157//159
f 88//89 160//162 82//80
f 82//80 160//162 159//161
f 80//77 161//163 88//89
f 88//89 161//163 160//162
f 162//164 163//165 87//88
f 87//88 163//165 80//77
f 80//77 163//165 161//163
f 64//83 164//166 84//84
f 84//84 164//166 162//164
f 84//84 162//164 87//88
f 166//167 167//168 164//166
f 164//166 167//168 165//169
f 166//167 164//166 64//83
f 165//169 168//170 164//166
f 164//166 168//170 169//171
f 169//171 168//170 170//172
f 170//172 168//170 171//173
f 170//172 171//173 172//174
f 172//174 173//175 170//172
f 173//175 172//174 174//176
f 173//175 174//176 175//177
f 175//177 174//176 176//178
f 176//178 174//176 177//179
f 176//178 177//179 178//180
f 178//180 177//179 179//181
f 180//182 181//183 179//181
f 179//181 181//183 178//180
f 179//181 182//184 180//182
f 183//185 184//186 185//187
f 185//187 184//186 186//188
f 185//187 186//188 182//184
f 182//184 186//188 180//182
f 185//187 146//147 183//185
f 183//185 146//147 148//149
f 187//189 188//190 189//191
f 189//191 188//190 190//192
f 189//191 190//192 191//193
f 189//191 191//193 192//194
f 191//193 193//195 192//194
f 193//195 191//193 194//196
f 193//195 194//196 195//197
f 193//195 195//197 196//198
f 196//198 195//197 197//199
f 197//199 195//197 198//200
f 197//199 198//200 199//201
f 197//199 199//201 200//202
f 200//202 199//201 201//203
f 200//202 201//203 202//204
f 202//204 201//203 203//205
f 206//206 205//207 207//208
f 207//208 205//207 208//209
f 208//209 205//207 204//210
f 208//209 204//210 209//211
f 206//206 207//208 210//212
f 206//206 210//212 211//213
f 211//213 210//212 212//214
f 1032//215 213//216 214//217
f 213//216 216//218 214//217
f 217//219 3//220 215//221
f 215//221 3//220 5//222
f 216//218 218//223 214//217
f 214//217 218//223 219//224
f 218//223 220//225 219//224
f 219//224 220//225 221//226
f 219//224 221//226 2//227
f 2//227 221//226 222//228
f 2//227 222//228 5//222
f 5//222 222//228 215//221
f 223//229 224//230 211//231
f 206//232 225//233 205//234
f 211//231 224//230 206//232
f 206//232 224//230 225//233
f 226//235 204//236 205//234
f 226//235 205//234 225//233
f 227//237 228//238 229//239
f 229//239 228//238 230//240
f 229//239 230//240 233//241
f 231//242 232//243 233//241
f 233//241 232//243 234//244
f 233//241 234//244 229//239
f 235//245 236//246 237//247
f 237//247 236//246 238//248
f 237//247 238//248 231//242
f 231//242 238//248 232//243
f 241//249 229//250 242//251
f 236//252 239//253 243//254
f 234//255 232//256 244//257
f 244//257 232//256 238//258
f 243//254 238//258 236//252
f 242//251 234//255 244//257
f 244//257 238//258 243//254
f 234//255 242//251 229//250
f 229//250 241//249 227//259
f 223//260 245//261 224//262
f 224//262 245//261 246//263
f 247//264 225//265 246//263
f 246//263 225//265 224//262
f 248//266 226//267 247//264
f 247//264 226//267 225//265
f 248//266 249//268 226//267
f 252//269 235//270 253//271
f 253//271 235//270 237//272
f 253//271 237//272 231//273
f 253//271 231//273 254//274
f 231//273 251//275 254//274
f 228//276 255//277 250//278
f 228//276 250//278 230//279
f 250//278 233//280 230//279
f 231//273 233//280 251//275
f 251//275 233//280 250//278
f 187//281 252//282 256//283
f 253//284 256//283 252//282
f 250//285 257//286 251//287
f 251//287 257//286 258//288
f 251//287 258//288 254//289
f 254//289 258//288 259//290
f 254//289 259//290 253//284
f 253//284 259//290 256//283
f 257//286 250//285 255//291
f 257//286 255//291 260//292
f 264//293 263//294 265//295
f 264//293 265//295 266//296
f 266//296 265//295 262//297
f 262//297 265//295 261//298
f 263//294 264//293 267//299
f 263//294 267//299 268//300
f 263//294 268//300 269//301
f 269//301 268//300 270//302
f 269//301 270//302 271//303
f 269//301 271//303 272//304
f 269//301 272//304 273//305
f 29//25 275//306 274//307
f 29//25 274//307 276//308
f 29//25 276//308 277//309
f 277//309 276//308 278//310
f 278//310 276//308 279//311
f 279//311 276//308 280//312
f 279//311 280//312 628//313
f 212//314 222//315 221//316
f 208//317 209//318 217//319
f 215//320 208//317 217//319
f 208//317 215//320 207//321
f 222//315 210//322 215//320
f 215//320 210//322 207//321
f 212//314 210//322 222//315
f 15//323 281//324 282//325
f 282//325 281//324 283//326
f 282//325 283//326 284//327
f 284//327 283//326 285//328
f 284//327 285//328 286//329
f 286//329 285//328 287//330
f 286//329 287//330 288//331
f 288//331 287//330 289//332
f 288//331 289//332 290//333
f 290//333 289//332 291//334
f 290//333 291//334 292//335
f 292//335 291//334 293//336
f 292//335 293//336 294//337
f 294//337 293//336 295//338
f 294//337 295//338 296//339
f 296//339 295//338 297//340
f 296//339 297//340 298//341
f 298//341 297//340 299//342
f 298//341 299//342 300//343
f 300//343 299//342 301//344
f 300//343 301//344 302//345
f 302//345 301//344 303//346
f 202//204 203//205 304//347
f 304//347 203//205 305//348
f 304//347 305//348 306//349
f 306//349 305//348 307//350
f 306//349 307//350 308//351
f 308//351 307//350 309//352
f 308//351 309//352 310//336
f 310//336 309//352 311//336
f 310//336 311//336 312//336
f 312//336 311//336 313//336
f 312//336 313//336 314//353
f 314//353 313//336 315//354
f 314//353 315//354 316//355
f 316//355 315//354 317//356
f 316//355 317//356 318//357
f 318//357 317//356 319//358
f 318//357 319//358 320//336
f 320//336 319//358 321//336
f 320//336 321//336 322//336
f 322//336 321//336 323//359
f 322//336 323//359 303//346
f 303//346 323//359 324//360
f 303//346 324//360 302//345
f 325//361 326//362 304//363
f 304//363 326//362 202//364
f 327//365 328//366 281//367
f 281//367 328//366 283//368
f 16//20 15//22 66//369
f 66//369 15//22 282//370
f 325//361 304//363 330//371
f 330//371 304//363 306//372
f 308//373 331//374 306//372
f 306//372 331//374 330//371
f 310//375 333//376 308//373
f 308//373 333//376 331//374
f 312//377 332//378 333//376
f 312//377 333//376 310//375
f 332//378 312//377 334//379
f 334//379 312//377 314//380
f 334//379 314//380 335//381
f 335//381 314//380 316//382
f 318//383 329//384 316//382
f 316//382 329//384 335//381
f 329//384 318//383 336//385
f 336//385 318//383 320//386
f 336//385 320//386 322//387
f 336//385 322//387 337//388
f 301//389 338//390 303//391
f 303//391 338//390 339//392
f 303//391 339//392 322//387
f 322//387 339//392 337//388
f 299//393 340//394 301//389
f 301//389 340//394 338//390
f 340//394 299//393 341//395
f 341//395 299//393 297//396
f 341//395 297//396 295//397
f 341//395 295//397 342//398
f 291//399 343//400 293//401
f 293//401 343//400 344//402
f 293//401 344//402 295//397
f 295//397 344//402 342//398
f 289//403 345//404 291//399
f 291//399 345//404 343//400
f 345//404 289//403 346//405
f 346//405 289//403 287//406
f 346//405 287//406 285//407
f 346//405 285//407 328//366
f 328//366 285//407 283//368
f 48//408 98//409 309//410
f 68//411 284//412 69//413
f 69//413 284//412 286//414
f 69//413 286//414 93//415
f 93//415 286//414 288//416
f 290//417 122//418 288//416
f 288//416 122//418 93//415
f 119//419 122//418 290//417
f 119//419 290//417 292//420
f 294//421 117//422 292//420
f 292//420 117//422 119//419
f 113//423 116//424 296//425
f 296//425 116//424 294//421
f 294//421 116//424 117//422
f 113//423 296//425 298//426
f 113//423 298//426 112//427
f 300//428 110//429 112//427
f 300//428 112//427 298//426
f 110//429 300//428 94//430
f 94//430 300//428 302//431
f 324//432 95//433 302//431
f 302//431 95//433 94//430
f 95//433 324//432 108//434
f 108//434 324//432 323//435
f 321//436 107//437 323//435
f 323//435 107//437 108//434
f 107//437 321//436 105//438
f 105//438 321//436 319//439
f 103//440 97//441 317//442
f 317//442 97//441 319//439
f 319//439 97//441 105//438
f 103//440 317//442 102//443
f 102//443 317//442 315//444
f 313//445 101//446 315//444
f 315//444 101//446 102//443
f 101//446 313//445 99//447
f 99//447 313//445 311//448
f 309//410 98//409 311//448
f 311//448 98//409 99//447
f 307//449 48//408 309//410
f 48//408 307//449 64//450
f 64//450 307//449 305//451
f 284//412 68//411 282//370
f 282//370 68//411 66//369
f 347//452 348//453 349//454
f 347//452 349//454 350//455
f 328//456 356//457 357//458
f 357//458 346//459 328//456
f 358//460 345//461 357//458
f 357//458 345//461 346//459
f 359//462 343//463 358//460
f 358//460 343//463 345//461
f 360//464 342//465 359//462
f 359//462 342//465 344//466
f 359//462 344//466 343//463
f 361//467 341//468 360//464
f 360//464 341//468 342//465
f 362//469 340//470 361//467
f 361//467 340//470 341//468
f 363//471 338//472 362//469
f 362//469 338//472 340//470
f 364//473 337//474 363//471
f 363//471 337//474 339//475
f 363//471 339//475 338//472
f 365//476 336//477 364//473
f 364//473 336//477 337//474
f 366//478 329//479 365//476
f 365//476 329//479 336//477
f 367//480 335//481 366//478
f 366//478 335//481 329//479
f 368//482 332//483 367//480
f 367//480 332//483 334//484
f 367//480 334//484 335//481
f 369//485 333//486 368//482
f 368//482 333//486 332//483
f 370//487 331//488 369//485
f 369//485 331//488 333//486
f 325//489 330//490 355//491
f 355//491 330//490 370//487
f 370//487 330//490 331//488
f 356//457 371//492 372//493
f 356//457 372//493 357//458
f 357//458 372//493 373//494
f 357//458 373//494 358//460
f 358//460 373//494 374//495
f 358//460 374//495 359//462
f 359//462 374//495 375//496
f 359//462 375//496 376//497
f 359//462 376//497 360//464
f 360//464 376//497 361//467
f 361//467 377//498 362//469
f 362//469 377//498 378//499
f 362//469 378//499 363//471
f 363//471 378//499 379//500
f 363//471 379//500 364//473
f 364//473 379//500 380//501
f 364//473 380//501 365//476
f 365//476 380//501 381//502
f 365//476 381//502 366//478
f 366//478 381//502 382//503
f 366//478 382//503 367//480
f 367//480 382//503 383//504
f 367//480 383//504 384//505
f 367//480 384//505 368//482
f 368//482 384//505 385//506
f 368//482 385//506 369//485
f 369//485 385//506 370//487
f 370//487 385//506 354//507
f 370//487 354//507 355//491
f 353//508 354//507 385//506
f 353//508 385//506 387//509
f 387//509 385//506 384//505
f 387//509 384//505 388//510
f 388//510 384//505 383//504
f 388//510 383//504 382//503
f 388//510 382//503 389//511
f 389//511 382//503 381//502
f 389//511 381//502 380//501
f 389//511 380//501 390//512
f 390//512 380//501 379//500
f 390//512 379//500 391//513
f 391//513 379//500 378//499
f 391//513 378//499 392//514
f 392//514 378//499 377//498
f 392//514 377//498 361//467
f 392//514 361//467 393//515
f 393//515 361//467 376//497
f 393//515 376//497 375//496
f 393//515 375//496 394//516
f 394//516 375//496 374//495
f 394//516 374//495 395//517
f 395//517 374//495 373//494
f 395//517 373//494 372//493
f 395//517 372//493 396//518
f 396//518 372//493 371//492
f 396//518 371//492 386//519
f 386//519 397//520 396//518
f 396//518 397//520 398//521
f 396//518 398//521 395//517
f 395//517 398//521 399//522
f 395//517 399//522 394//516
f 394//516 399//522 400//523
f 394//516 400//523 393//515
f 393//515 400//523 401//524
f 393//515 401//524 392//514
f 392//514 401//524 402//525
f 392//514 402//525 391//513
f 391//513 402//525 403//526
f 391//513 403//526 390//512
f 390//512 403//526 404//527
f 390//512 404//527 389//511
f 389//511 404//527 405//528
f 389//511 405//528 388//510
f 388//510 405//528 406//529
f 388//510 406//529 387//509
f 387//509 406//529 352//530
f 387//509 352//530 353//508
f 397//520 407//531 409//532
f 397//520 409//532 398//521
f 398//521 409//532 399//522
f 399//522 409//532 410//533
f 399//522 410//533 400//523
f 400//523 410//533 411//534
f 400//523 411//534 401//524
f 401//524 411//534 412//535
f 401//524 412//535 402//525
f 402//525 412//535 413//536
f 402//525 413//536 403//526
f 403//526 413//536 414//537
f 403//526 414//537 404//527
f 404//527 414//537 415//538
f 404//527 415//538 405//528
f 405//528 415//538 416//539
f 405//528 416//539 406//529
f 406//529 416//539 408//540
f 406//529 408//540 352//530
f 407//531 417//541 409//532
f 409//532 417//541 418//542
f 409//532 418//542 410//533
f 410//533 418//542 419//543
f 410//533 419//543 411//534
f 411//534 419//543 412//535
f 412//535 419//543 420//544
f 412//535 420//544 413//536
f 413//536 420//544 414//537
f 414//537 420//544 421//545
f 414//537 421//545 415//538
f 415//538 421//545 416//539
f 416//539 421//545 422//546
f 416//539 422//546 408//540
f 417//541 423//547 424//548
f 417//541 424//548 418//542
f 418//542 424//548 419//543
f 419//543 424//548 425//549
f 419//543 425//549 426//550
f 419//543 426//550 420//544
f 420//544 426//550 427//551
f 420//544 427//551 421//545
f 421//545 427//551 422//546
f 422//546 427//551 351//552
f 348//453 351//552 427//551
f 348//453 427//551 426//550
f 348//453 426//550 349//454
f 349//454 426//550 425//549
f 349//454 425//549 424//548
f 349//454 424//548 350//455
f 350//455 424//548 423//547
f 428//553 429//554 430//555
f 433//556 434//557 435//558
f 435//558 436//559 433//556
f 433//556 436//559 437//560
f 433//556 437//560 217//319
f 433//556 217//319 209//318
f 434//557 433//556 438//561
f 438//561 433//556 430//555
f 438//561 430//555 439//562
f 439//562 430//555 429//554
f 429//554 428//553 442//563
f 442//563 428//553 441//564
f 430//555 433//556 443//565
f 443//565 433//556 444//566
f 445//567 446//568 440//569
f 447//570 432//571 446//568
f 446//568 432//571 431//572
f 446//568 431//572 440//569
f 327//365 281//367 432//571
f 327//365 432//571 447//570
f 430//555 443//565 448//573
f 430//555 448//573 428//553
f 428//553 448//573 445//567
f 428//553 445//567 441//564
f 441//564 445//567 440//569
f 449//574 189//575 450//576
f 189//575 192//577 450//576
f 450//576 192//577 193//578
f 451//579 200//580 452//581
f 452//581 200//580 202//364
f 452//581 202//364 326//362
f 200//580 451//579 197//582
f 451//579 453//583 197//582
f 197//582 453//583 196//584
f 193//578 453//583 454//585
f 453//583 193//578 196//584
f 193//578 454//585 450//576
f 450//576 454//585 455//586
f 450//576 455//586 456//587
f 450//576 456//587 449//574
f 457//588 449//574 456//587
f 458//589 459//590 444//591
f 444//591 459//590 443//592
f 445//593 461//594 446//595
f 443//592 459//590 462//596
f 443//592 462//596 448//597
f 448//597 462//596 461//594
f 448//597 461//594 445//593
f 461//594 460//598 446//595
f 463//599 481//600 464//601
f 465//602 466//603 467//604
f 469//605 468//606 470//607
f 468//606 469//605 471//608
f 471//608 469//605 465//602
f 465//602 469//605 466//603
f 465//602 467//604 472//609
f 472//609 467//604 473//610
f 472//609 473//610 474//611
f 474//611 473//610 475//612
f 474//611 475//612 476//613
f 476//613 475//612 477//614
f 476//613 477//614 478//615
f 478//615 477//614 479//616
f 478//615 479//616 464//601
f 480//617 463//599 464//601
f 480//617 464//601 479//616
f 482//618 483//619 484//620
f 487//621 488//622 489//623
f 489//623 488//622 484//620
f 460//624 493//625 490//626
f 460//624 490//626 486//627
f 486//627 490//626 487//621
f 487//621 490//626 488//622
f 484//620 485//628 489//623
f 485//628 484//620 483//619
f 483//619 482//618 481//600
f 483//619 481//600 463//599
f 491//629 492//630 462//631
f 462//631 459//632 491//629
f 459//632 458//633 491//629
f 462//631 492//630 493//625
f 462//631 493//625 461//634
f 461//634 493//625 460//624
f 496//635 497//636 495//637
f 495//637 497//636 498//638
f 495//637 498//638 494//639
f 496//635 499//640 500//641
f 496//635 500//641 497//636
f 501//642 502//643 499//640
f 501//642 499//640 496//635
f 503//644 504//645 501//642
f 501//642 504//645 502//643
f 503//644 505//646 504//645
f 505//646 503//644 506//647
f 506//647 503//644 507//648
f 506//647 507//648 41//37
f 485//649 407//531 489//650
f 489//650 407//531 397//520
f 489//650 397//520 386//519
f 489//650 386//519 487//651
f 487//651 386//519 371//492
f 487//651 371//492 486//652
f 486//652 371//492 356//457
f 447//653 486//652 327//654
f 356//457 328//456 327//654
f 356//457 327//654 486//652
f 447//653 446//595 486//652
f 486//652 446//595 460//598
f 451//655 452//656 473//657
f 325//489 355//491 326//658
f 326//658 355//491 473//657
f 326//658 473//657 452//656
f 454//659 453//660 467//661
f 451//655 473//657 467//661
f 451//655 467//661 453//660
f 469//662 456//663 466//664
f 466//664 456//663 455//665
f 454//659 467//661 466//664
f 454//659 466//664 455//665
f 456//663 469//662 470//666
f 456//663 470//666 457//667
f 422//546 479//668 408//540
f 408//540 479//668 477//669
f 408//540 477//669 352//530
f 352//530 477//669 353//508
f 353//508 477//669 475//670
f 353//508 475//670 354//507
f 354//507 475//670 355//491
f 355//491 475//670 473//657
f 407//531 485//649 417//541
f 417//541 485//649 483//671
f 417//541 483//671 423//547
f 423//547 483//671 350//455
f 350//455 483//671 463//672
f 350//455 463//672 347//452
f 347//452 463//672 348//453
f 348//453 463//672 480//673
f 348//453 480//673 351//552
f 351//552 480//673 422//546
f 422//546 480//673 479//668
f 281//324 15//323 432//674
f 432//674 15//323 20//675
f 20//675 431//676 432//674
f 431//676 20//675 7//677
f 431//676 7//677 440//678
f 19//679 441//680 440//678
f 7//677 19//679 440//678
f 441//680 19//679 508//681
f 19//679 9//682 508//681
f 508//681 9//682 14//683
f 12//684 438//685 14//683
f 14//683 438//685 509//686
f 14//683 509//686 439//687
f 14//683 439//687 508//681
f 12//684 435//688 438//685
f 435//688 12//684 437//689
f 12//684 3//220 437//689
f 437//689 3//220 217//219
f 236//246 235//245 457//667
f 236//246 457//667 470//666
f 468//606 510//690 239//253
f 239//253 510//690 471//691
f 239//253 471//691 240//692
f 240//692 471//691 511//693
f 240//692 511//693 465//602
f 239//253 470//607 468//606
f 470//607 239//253 236//252
f 204//236 226//235 444//591
f 444//591 226//235 458//589
f 512//694 245//695 513//696
f 512//694 515//697 246//698
f 512//694 246//698 245//695
f 248//266 240//692 465//602
f 248//266 476//613 478//615
f 248//266 478//615 464//601
f 513//696 523//699 519//700
f 243//254 239//253 248//266
f 248//266 239//253 240//692
f 248//266 464//601 481//600
f 481//600 249//268 248//266
f 513//696 516//701 514//702
f 248//266 465//602 472//609
f 472//609 474//611 248//266
f 248//266 474//611 476//613
f 515//697 241//249 246//698
f 246//698 241//249 242//251
f 246//698 242//251 247//703
f 513//696 520//704 521//705
f 513//696 514//702 523//699
f 522//706 524//707 513//696
f 247//703 242//251 248//266
f 248//266 242//251 244//257
f 517//708 520//704 513//696
f 513//696 521//705 516//701
f 519//700 525//709 513//696
f 513//696 524//707 512//694
f 481//600 482//618 493//625
f 493//625 482//618 490//626
f 518//710 517//708 513//696
f 525//709 522//706 513//696
f 248//266 244//257 243//254
f 493//625 492//630 481//600
f 481//600 492//630 249//268
f 484//620 488//622 482//618
f 482//618 488//622 490//626
f 517//708 518//710 526//711
f 249//268 491//629 226//267
f 226//267 491//629 458//633
f 249//268 492//630 491//629
f 209//211 204//210 433//556
f 444//566 433//556 204//210
f 252//269 449//574 235//270
f 235//270 449//574 457//588
f 252//282 187//281 449//574
f 449//574 187//281 189//575
f 527//712 528//713 280//714
f 529//715 570//716 530//717
f 530//717 570//716 533//718
f 531//719 532//720 533//718
f 533//718 532//720 530//717
f 280//714 528//713 536//721
f 280//714 536//721 537//722
f 537//722 536//721 538//723
f 537//722 538//723 539//724
f 537//722 539//724 540//725
f 540//725 539//724 542//726
f 540//725 542//726 543//727
f 545//728 544//729 546//730
f 547//731 548//732 549//733
f 550//734 551//735 552//736
f 552//736 551//735 549//733
f 549//733 551//735 547//731
f 532//720 531//719 553//737
f 553//737 531//719 550//734
f 553//737 550//734 552//736
f 545//728 546//730 542//726
f 542//726 546//730 543//727
f 547//731 555//738 548//732
f 548//732 555//738 545//728
f 545//728 555//738 544//729
f 563//739 556//740 557//741
f 501//642 558//742 559//743
f 276//744 560//745 561//746
f 276//744 561//746 562//747
f 527//712 280//714 562//747
f 562//747 280//714 276//744
f 535//748 534//749 563//739
f 535//748 563//739 557//741
f 566//750 565//751 567//752
f 566//750 567//752 568//753
f 554//754 507//648 503//644
f 554//754 503//644 559//743
f 559//743 503//644 501//642
f 560//745 276//744 274//755
f 560//745 274//755 569//756
f 569//756 274//755 275//306
f 563//739 570//716 556//740
f 556//740 570//716 529//715
f 534//749 535//748 571//757
f 571//757 535//748 572//758
f 573//759 574//760 575//761
f 265//295 263//294 541//762
f 541//762 263//294 576//763
f 568//753 567//752 577//764
f 568//753 577//764 578//765
f 565//751 566//750 495//637
f 495//637 566//750 579//766
f 496//635 495//637 580//767
f 580//767 495//637 579//766
f 558//742 501//642 496//635
f 558//742 496//635 580//767
f 581//768 554//754 569//756
f 581//768 569//756 275//306
f 571//757 572//758 582//769
f 582//769 572//758 583//770
f 573//759 584//771 574//760
f 574//760 584//771 583//770
f 583//770 584//771 582//769
f 564//772 273//305 585//773
f 585//773 273//305 575//761
f 575//761 273//305 573//759
f 586//774 269//301 564//772
f 564//772 269//301 273//305
f 587//775 269//301 586//774
f 576//763 263//294 587//775
f 587//775 263//294 269//301
f 265//295 541//762 261//298
f 261//298 541//762 588//776
f 591//777 261//298 589//778
f 589//778 261//298 588//776
f 590//779 591//777 592//780
f 592//780 591//777 589//778
f 590//779 592//780 593//781
f 590//779 593//781 577//764
f 578//765 577//764 593//781
f 554//754 581//768 594//782
f 554//754 594//782 507//648
f 595//783 262//297 261//298
f 595//783 261//298 596//784
f 596//784 261//298 597//785
f 597//785 261//298 591//777
f 597//785 591//777 598//786
f 598//786 591//777 590//779
f 598//786 590//779 599//787
f 599//787 590//779 600//788
f 600//788 590//779 577//764
f 600//788 577//764 601//789
f 601//789 577//764 602//790
f 602//790 577//764 603//791
f 603//791 577//764 567//752
f 603//791 567//752 604//792
f 604//792 567//752 605//793
f 605//793 567//752 565//751
f 605//793 565//751 606//794
f 606//794 565//751 495//637
f 606//794 495//637 494//639
f 42//38 41//37 507//648
f 42//38 507//648 594//782
f 42//38 594//782 22//39
f 22//39 594//782 43//40
f 43//40 594//782 581//768
f 43//40 581//768 30//47
f 30//47 581//768 275//306
f 30//47 275//306 27//42
f 27//42 275//306 28//24
f 28//24 275//306 29//25
f 607//795 608//796 609//797
f 610//798 611//799 612//800
f 612//800 611//799 613//801
f 613//801 611//799 609//797
f 609//797 611//799 607//795
f 610//798 612//800 614//802
f 610//798 614//802 615//803
f 615//803 614//802 616//804
f 617//805 259//806 258//807
f 617//805 258//807 618//808
f 607//795 619//809 608//796
f 608//796 619//809 260//810
f 260//810 619//809 620//811
f 260//810 620//811 257//812
f 257//812 620//811 618//808
f 257//812 618//808 258//807
f 187//189 256//813 188//190
f 188//190 256//813 621//814
f 621//814 256//813 617//805
f 617//805 256//813 259//806
f 147//815 620//816 619//817
f 617//818 182//819 179//820
f 617//818 179//820 621//821
f 621//821 179//820 177//822
f 621//821 177//822 188//823
f 620//816 185//824 618//825
f 618//825 185//824 617//818
f 617//818 185//824 182//819
f 147//815 146//826 620//816
f 620//816 146//826 185//824
f 188//823 177//822 174//827
f 172//828 191//829 190//830
f 172//828 190//830 174//827
f 174//827 190//830 188//823
f 191//829 172//828 171//831
f 191//829 171//831 194//832
f 168//833 195//834 171//831
f 171//831 195//834 194//832
f 166//835 203//836 167//837
f 167//837 203//836 201//838
f 167//837 201//838 165//839
f 165//839 201//838 199//840
f 165//839 199//840 168//833
f 168//833 199//840 198//841
f 168//833 198//841 195//834
f 305//451 203//836 166//835
f 166//835 64//450 305//451
f 24//32 17//842 23//33
f 23//33 17//842 21//843
f 23//33 21//843 16//150
f 39//34 18//844 38//35
f 38//35 18//844 24//32
f 24//32 18//844 17//842
f 45//45 10//845 39//34
f 39//34 10//845 18//844
f 11//846 34//27 33//26
f 11//846 13//847 34//27
f 34//27 13//847 45//45
f 45//45 13//847 10//845
f 11//846 33//26 46//46
f 11//846 46//46 4//848
f 4//848 46//46 622//849
f 623//850 6//851 624//852
f 624//852 6//851 622//849
f 622//849 6//851 4//848
f 6//851 623//850 625//853
f 6//851 625//853 1//854
f 625//853 623//850 626//855
f 626//855 623//850 627//856
f 626//855 627//856 279//311
f 626//855 279//311 628//313
f 278//310 279//311 627//856
f 278//310 627//856 629//857
f 629//857 627//856 623//850
f 629//857 623//850 624//852
f 277//309 278//310 630//858
f 630//858 629//857 622//849
f 624//852 622//849 629//857
f 629//857 630//858 278//310
f 622//849 46//46 32//23
f 622//849 32//23 630//858
f 630//858 32//23 277//309
f 277//309 32//23 29//25
f 632//859 272//304 633//860
f 633//860 272//304 271//303
f 634//861 633//860 271//303
f 634//861 271//303 635//862
f 635//862 271//303 270//302
f 635//862 270//302 636//863
f 636//863 270//302 268//300
f 636//863 268//300 637//864
f 637//864 268//300 267//299
f 637//864 267//299 638//865
f 638//865 267//299 264//293
f 638//865 264//293 639//866
f 639//866 264//293 266//296
f 639//866 266//296 640//867
f 640//867 266//296 262//297
f 640//867 262//297 641//868
f 641//868 262//297 595//783
f 641//868 595//783 642//869
f 642//869 595//783 596//784
f 642//869 596//784 643//870
f 643//870 596//784 597//785
f 643//870 597//785 644//871
f 644//871 597//785 598//786
f 644//871 598//786 645//872
f 645//872 598//786 599//787
f 645//872 599//787 646//873
f 646//873 599//787 600//788
f 646//873 600//788 647//874
f 647//874 600//788 601//789
f 647//874 601//789 648//875
f 648//875 601//789 602//790
f 648//875 602//790 649//876
f 649//876 602//790 603//791
f 649//876 603//791 604//792
f 631//877 633//860 634//861
f 650//878 649//876 604//792
f 650//878 604//792 605//793
f 651//879 650//878 605//793
f 651//879 605//793 652//880
f 652//880 605//793 606//794
f 652//880 606//794 653//881
f 653//881 606//794 494//639
f 653//881 494//639 498//638
f 654//882 36//31 23//33
f 654//882 23//33 655//883
f 655//883 23//33 149//151
f 655//883 149//151 656//884
f 656//884 149//151 150//152
f 656//884 150//152 657//885
f 657//885 150//152 151//153
f 657//885 151//153 658//886
f 658//886 151//153 152//154
f 658//886 152//154 153//155
f 40//29 36//31 654//882
f 659//887 658//886 153//155
f 659//887 153//155 154//156
f 154//156 155//157 660//888
f 154//156 660//888 659//887
f 41//37 40//29 506//647
f 506//647 40//29 654//882
f 506//647 654//882 505//646
f 505//646 654//882 655//883
f 505//646 655//883 504//645
f 504//645 655//883 656//884
f 504//645 656//884 502//643
f 502//643 656//884 657//885
f 502//643 657//885 499//640
f 499//640 657//885 658//886
f 499//640 658//886 659//887
f 661//889 660//888 155//157
f 661//889 155//157 156//158
f 500//641 499//640 659//887
f 500//641 659//887 660//888
f 653//881 661//889 156//158
f 653//881 156//158 652//880
f 652//880 156//158 158//160
f 652//880 158//160 651//879
f 651//879 158//160 157//159
f 651//879 157//159 159//161
f 159//161 160//162 650//878
f 159//161 650//878 651//879
f 660//888 661//889 497//636
f 660//888 497//636 500//641
f 148//149 631//877 183//185
f 183//185 631//877 634//861
f 183//185 634//861 184//186
f 184//186 634//861 635//862
f 184//186 635//862 186//188
f 186//188 635//862 636//863
f 186//188 636//863 180//182
f 180//182 636//863 637//864
f 180//182 637//864 181//183
f 181//183 637//864 638//865
f 181//183 638//865 178//180
f 178//180 638//865 639//866
f 178//180 639//866 176//178
f 176//178 639//866 640//867
f 176//178 640//867 175//177
f 175//177 640//867 641//868
f 175//177 641//868 173//175
f 173//175 641//868 642//869
f 173//175 642//869 170//172
f 170//172 642//869 643//870
f 170//172 643//870 169//171
f 169//171 643//870 644//871
f 169//171 644//871 164//166
f 164//166 644//871 645//872
f 164//166 645//872 162//164
f 162//164 645//872 646//873
f 162//164 646//873 163//165
f 163//165 646//873 647//874
f 163//165 647//874 161//163
f 161//163 647//874 648//875
f 161//163 648//875 160//162
f 160//162 648//875 649//876
f 160//162 649//876 650//878
f 661//889 653//881 498//638
f 661//889 498//638 497//636
f 213//890 665//891 664//892
f 666//893 665//891 674//894
f 666//893 663//895 665//891
f 672//896 669//897 662//898
f 668//899 663//895 667//900
f 667//900 663//895 673//901
f 663//895 666//893 673//901
f 665//891 213//890 674//894
f 667//900 662//898 668//899
f 671//902 675//903 676//904
f 696//905 697//906 698//907
f 698//907 697//906 699//908
f 698//907 699//908 700//909
f 698//907 700//909 701//910
f 701//910 700//909 702//911
f 705//912 706//913 703//914
f 703//914 706//913 704//915
f 707//916 710//917 705//912
f 705//912 710//917 706//913
f 709//918 708//919 710//917
f 709//918 710//917 707//916
f 708//919 709//918 711//920
f 708//919 711//920 712//921
f 712//921 711//920 713//922
f 713//922 714//923 712//921
f 715//924 716//925 714//923
f 717//926 718//927 719//928
f 719//928 718//927 720//929
f 719//928 720//929 715//924
f 715//924 720//929 716//925
f 721//930 723//931 722//932
f 722//932 723//931 724//933
f 722//932 724//933 725//934
f 700//909 694//935 693//936
f 700//909 693//936 692//937
f 726//938 692//937 691//939
f 726//938 691//939 689//940
f 682//941 724//933 681//942
f 681//942 724//933 723//931
f 681//942 723//931 680//943
f 702//911 700//909 692//937
f 702//911 692//937 703//914
f 703//914 692//937 726//938
f 703//914 726//938 705//912
f 714//923 713//922 683//944
f 714//923 683//944 715//924
f 721//930 717//926 680//943
f 721//930 680//943 723//931
f 697//906 695//945 699//908
f 699//908 695//945 694//935
f 699//908 694//935 700//909
f 705//912 726//938 689//940
f 705//912 689//940 707//916
f 707//916 689//940 690//946
f 707//916 690//946 709//918
f 709//918 690//946 686//947
f 709//918 686//947 711//920
f 711//920 686//947 687//948
f 711//920 687//948 713//922
f 713//922 687//948 688//949
f 713//922 688//949 683//944
f 715//924 683//944 684//950
f 715//924 684//950 719//928
f 719//928 684//950 685//951
f 719//928 685//951 717//926
f 717//926 685//951 679//952
f 717//926 679//952 680//943
f 736//953 734//954 737//955
f 736//953 737//955 738//956
f 741//957 740//958 742//959
f 741//957 742//959 743//960
f 743//960 744//961 746//962
f 745//963 746//962 744//961
f 748//964 749//965 750//966
f 750//966 749//965 747//967
f 747//967 749//965 745//963
f 748//964 750//966 751//968
f 752//969 753//970 751//968
f 751//968 753//970 748//964
f 754//971 753//970 752//969
f 733//972 756//973 757//974
f 757//974 756//973 755//975
f 732//976 758//977 731//978
f 730//979 759//980 727//981
f 760//982 761//983 728//984
f 762//985 763//986 760//982
f 760//982 763//986 761//983
f 764//987 765//988 762//985
f 762//985 765//988 763//986
f 767//989 766//990 768//991
f 767//989 768//991 764//987
f 764//987 768//991 765//988
f 766//990 767//989 769//992
f 773//993 774//994 775//995
f 734//954 735//996 779//997
f 727//981 759//980 780//998
f 727//981 780//998 728//984
f 728//984 780//998 781//999
f 728//984 781//999 760//982
f 760//982 781//999 782//1000
f 760//982 782//1000 762//985
f 762//985 782//1000 783//1001
f 762//985 783//1001 764//987
f 764//987 783//1001 784//1002
f 764//987 784//1002 767//989
f 767//989 784//1002 785//1003
f 767//989 785//1003 769//992
f 769//992 785//1003 772//1004
f 769//992 772//1004 770//1005
f 770//1005 772//1004 771//1006
f 729//1007 731//978 786//1008
f 729//1007 786//1008 730//979
f 730//979 786//1008 787//1009
f 730//979 787//1009 759//980
f 759//980 787//1009 788//1010
f 759//980 788//1010 780//998
f 780//998 788//1010 789//1011
f 780//998 789//1011 781//999
f 781//999 789//1011 790//1012
f 781//999 790//1012 782//1000
f 782//1000 790//1012 791//1013
f 782//1000 791//1013 783//1001
f 783//1001 791//1013 792//1014
f 783//1001 792//1014 784//1002
f 784//1002 792//1014 793//1015
f 784//1002 793//1015 785//1003
f 785//1003 793//1015 794//1016
f 785//1003 794//1016 772//1004
f 772//1004 794//1016 774//994
f 772//1004 774//994 771//1006
f 771//1006 774//994 773//993
f 731//978 758//977 786//1008
f 786//1008 795//1017 787//1009
f 787//1009 795//1017 796//1018
f 787//1009 796//1018 788//1010
f 788//1010 796//1018 797//1019
f 788//1010 797//1019 789//1011
f 789//1011 797//1019 798//1020
f 789//1011 798//1020 790//1012
f 790//1012 798//1020 799//1021
f 790//1012 799//1021 791//1013
f 791//1013 799//1021 800//1022
f 791//1013 800//1022 792//1014
f 792//1014 800//1022 801//1023
f 792//1014 801//1023 793//1015
f 793//1015 801//1023 802//1024
f 793//1015 802//1024 794//1016
f 794//1016 802//1024 803//1025
f 794//1016 803//1025 774//994
f 774//994 803//1025 776//1026
f 774//994 776//1026 775//995
f 775//995 776//1026 777//1027
f 755//975 678//1028 754//971
f 755//975 754//971 757//974
f 757//974 754//971 752//969
f 752//969 751//968 804//1029
f 804//1029 751//968 750//966
f 804//1029 750//966 805//1030
f 805//1030 750//966 747//967
f 805//1030 747//967 806//1031
f 806//1031 747//967 745//963
f 806//1031 745//963 807//1032
f 807//1032 745//963 744//961
f 807//1032 744//961 808//1033
f 808//1033 744//961 743//960
f 808//1033 743//960 809//1034
f 809//1034 743//960 742//959
f 809//1034 742//959 810//1035
f 810//1035 742//959 740//958
f 810//1035 740//958 811//1036
f 811//1036 740//958 739//1037
f 811//1036 739//1037 812//1038
f 812//1038 739//1037 738//956
f 812//1038 738//956 813//1039
f 813//1039 738//956 737//955
f 813//1039 737//955 814//1040
f 814//1040 737//955 734//954
f 814//1040 734//954 815//1041
f 815//1041 734//954 779//997
f 815//1041 779//997 778//1042
f 733//972 757//974 752//969
f 733//972 752//969 758//977
f 758//977 752//969 804//1029
f 758//977 804//1029 816//1043
f 816//1043 804//1029 805//1030
f 816//1043 805//1030 817//1044
f 817//1044 805//1030 806//1031
f 817//1044 806//1031 818//1045
f 818//1045 806//1031 807//1032
f 818//1045 807//1032 819//1046
f 819//1046 807//1032 808//1033
f 819//1046 808//1033 820//1047
f 820//1047 808//1033 809//1034
f 820//1047 809//1034 821//1048
f 821//1048 809//1034 810//1035
f 821//1048 810//1035 822//1049
f 822//1049 810//1035 811//1036
f 822//1049 811//1036 823//1050
f 823//1050 811//1036 812//1038
f 823//1050 812//1038 824//1051
f 824//1051 812//1038 813//1039
f 824//1051 813//1039 825//1052
f 825//1052 813//1039 814//1040
f 814//1040 815//1041 778//1042
f 732//976 733//972 758//977
f 758//977 816//1043 786//1008
f 786//1008 816//1043 817//1044
f 786//1008 817//1044 795//1017
f 795//1017 817//1044 818//1045
f 795//1017 818//1045 796//1018
f 796//1018 818//1045 819//1046
f 796//1018 819//1046 797//1019
f 797//1019 819//1046 820//1047
f 797//1019 820//1047 798//1020
f 798//1020 820//1047 821//1048
f 798//1020 821//1048 799//1021
f 799//1021 821//1048 822//1049
f 799//1021 822//1049 800//1022
f 800//1022 822//1049 823//1050
f 800//1022 823//1050 801//1023
f 801//1023 823//1050 824//1051
f 801//1023 824//1051 802//1024
f 802//1024 824//1051 825//1052
f 802//1024 825//1052 803//1025
f 803//1025 825//1052 814//1040
f 803//1025 814//1040 776//1026
f 776//1026 814//1040 778//1042
f 776//1026 778//1042 777//1027
f 828//1053 725//1054 724//1055
f 828//1053 724//1055 827//1056
f 827//1056 724//1055 682//1057
f 725//1054 828//1053 829//1058
f 829//1058 828//1053 830//1059
f 829//1058 830//1059 831//1060
f 831//1060 830//1059 832//1061
f 831//1060 832//1061 833//1062
f 833//1062 832//1061 834//1063
f 833//1062 834//1063 835//1064
f 837//1065 836//1066 838//1067
f 837//1065 838//1067 839//1068
f 839//1068 838//1067 834//1063
f 834//1063 838//1067 835//1064
f 840//1069 841//1070 842//1071
f 842//1071 841//1070 843//1072
f 843//1072 841//1070 844//1073
f 843//1072 844//1073 837//1065
f 837//1065 844//1073 836//1066
f 840//1069 842//1071 845//1074
f 840//1069 845//1074 846//1075
f 846//1075 845//1074 847//1076
f 848//1077 849//1078 850//1079
f 850//1079 849//1078 851//1080
f 851//1080 849//1078 852//1081
f 851//1080 852//1081 847//1076
f 847//1076 852//1081 846//1075
f 848//1077 850//1079 853//1082
f 855//1083 854//1084 856//1085
f 855//1083 856//1085 857//1086
f 857//1086 856//1085 858//1087
f 857//1086 858//1087 853//1082
f 853//1082 858//1087 848//1077
f 854//1084 855//1083 859//1088
f 859//1088 855//1083 860//1089
f 859//1088 860//1089 861//1090
f 859//1088 861//1090 862//1091
f 826//1092 696//1093 861//1090
f 861//1090 696//1093 862//1091
f 696//1093 826//1092 697//1094
f 697//1094 826//1092 863//1095
f 697//1094 863//1095 695//1096
f 862//1097 696//905 698//907
f 859//1098 864//1099 854//1100
f 856//1101 854//1100 865//1102
f 856//1101 865//1102 858//1103
f 848//1104 858//1103 866//1105
f 867//1106 848//1104 866//1105
f 852//1107 868//1108 846//1109
f 869//1110 840//1111 868//1108
f 868//1108 840//1111 846//1109
f 844//1112 841//1113 870//1114
f 870//1114 841//1113 869//1110
f 869//1110 841//1113 840//1111
f 871//1115 838//1116 836//1117
f 718//927 717//926 721//930
f 872//1118 714//923 716//925
f 714//923 872//1118 712//921
f 701//910 702//911 873//1119
f 873//1119 702//911 703//914
f 873//1119 703//914 704//915
f 871//1115 836//1117 874//1120
f 874//1120 836//1117 844//1112
f 874//1120 844//1112 875//1121
f 875//1121 844//1112 870//1114
f 875//1121 870//1114 876//1122
f 876//1122 870//1114 869//1110
f 876//1122 869//1110 877//1123
f 877//1123 869//1110 868//1108
f 877//1123 868//1108 878//1124
f 878//1124 868//1108 852//1107
f 878//1124 852//1107 867//1106
f 867//1106 852//1107 849//1125
f 867//1106 849//1125 848//1104
f 879//1126 835//1127 838//1116
f 879//1126 838//1116 880//1128
f 880//1128 838//1116 871//1115
f 880//1128 871//1115 881//1129
f 881//1129 871//1115 874//1120
f 881//1129 874//1120 882//1130
f 882//1130 874//1120 875//1121
f 882//1130 875//1121 883//1131
f 883//1131 875//1121 876//1122
f 883//1131 876//1122 884//1132
f 884//1132 876//1122 877//1123
f 884//1132 877//1123 885//1133
f 885//1133 877//1123 878//1124
f 885//1133 878//1124 886//1134
f 886//1134 878//1124 867//1106
f 886//1134 867//1106 887//1135
f 887//1135 867//1106 866//1105
f 887//1135 866//1105 865//1102
f 865//1102 866//1105 858//1103
f 854//1100 864//1099 865//1102
f 865//1102 864//1099 888//1136
f 865//1102 888//1136 887//1135
f 887//1135 888//1136 889//1137
f 887//1135 889//1137 886//1134
f 886//1134 889//1137 890//1138
f 886//1134 890//1138 885//1133
f 885//1133 890//1138 891//1139
f 885//1133 891//1139 884//1132
f 884//1132 891//1139 892//1140
f 884//1132 892//1140 883//1131
f 883//1131 892//1140 893//1141
f 883//1131 893//1141 882//1130
f 882//1130 893//1141 894//1142
f 882//1130 894//1142 881//1129
f 881//1129 894//1142 895//1143
f 881//1129 895//1143 880//1128
f 880//1128 895//1143 896//1144
f 880//1128 896//1144 879//1126
f 835//1127 879//1126 897//1145
f 835//1127 897//1145 833//1146
f 833//1146 897//1145 831//1147
f 725//934 829//1148 722//932
f 722//932 829//1148 831//1147
f 722//932 831//1147 721//930
f 721//930 831//1147 897//1145
f 721//930 897//1145 718//927
f 718//927 897//1145 898//1149
f 718//927 898//1149 720//929
f 720//929 898//1149 899//1150
f 720//929 899//1150 716//925
f 716//925 899//1150 900//1151
f 716//925 900//1151 872//1118
f 872//1118 900//1151 901//1152
f 872//1118 901//1152 712//921
f 712//921 901//1152 902//1153
f 712//921 902//1153 708//919
f 708//919 902//1153 903//1154
f 708//919 903//1154 710//917
f 710//917 903//1154 904//1155
f 710//917 904//1155 706//913
f 706//913 904//1155 905//1156
f 706//913 905//1156 704//915
f 704//915 905//1156 906//1157
f 704//915 906//1157 873//1119
f 701//910 873//1119 864//1099
f 701//910 864//1099 698//907
f 698//907 864//1099 862//1097
f 898//1149 897//1145 879//1126
f 898//1149 879//1126 899//1150
f 899//1150 879//1126 896//1144
f 899//1150 896//1144 900//1151
f 900//1151 896//1144 895//1143
f 900//1151 895//1143 901//1152
f 901//1152 895//1143 894//1142
f 901//1152 894//1142 902//1153
f 902//1153 894//1142 893//1141
f 902//1153 893//1141 903//1154
f 903//1154 893//1141 892//1140
f 903//1154 892//1140 904//1155
f 904//1155 892//1140 891//1139
f 904//1155 891//1139 905//1156
f 905//1156 891//1139 890//1138
f 905//1156 890//1138 906//1157
f 906//1157 890//1138 889//1137
f 906//1157 889//1137 873//1119
f 873//1119 889//1137 888//1136
f 873//1119 888//1136 864//1099
f 862//1097 864//1099 859//1098
f 909//1158 778//1159 779//1160
f 909//1158 779//1160 908//1161
f 908//1161 779//1160 735//1162
f 778//1159 909//1158 777//1163
f 777//1163 909//1158 910//1164
f 777//1163 910//1164 911//1165
f 777//1163 911//1165 775//1166
f 770//1167 771//1168 912//1169
f 912//1169 771//1168 913//1170
f 913//1170 771//1168 773//1171
f 913//1170 773//1171 911//1165
f 911//1165 773//1171 775//1166
f 770//1167 912//1169 914//1172
f 770//1167 914//1172 769//1173
f 769//1173 914//1172 915//1174
f 769//1173 915//1174 766//1175
f 916//1176 765//1177 768//1178
f 916//1176 768//1178 917//1179
f 917//1179 768//1178 915//1174
f 915//1174 768//1178 766//1175
f 765//1177 916//1176 763//1180
f 763//1180 916//1176 918//1181
f 763//1180 918//1181 761//1182
f 761//1182 918//1181 919//1183
f 907//1184 727//1185 919//1183
f 919//1183 727//1185 728//1186
f 919//1183 728//1186 761//1182
f 727//1185 907//1184 730//1187
f 730//1187 907//1184 920//1188
f 730//1187 920//1188 921//1189
f 730//1187 921//1189 729//1190
f 733//1191 732//1192 922//1193
f 922//1193 732//1192 923//1194
f 923//1194 732//1192 731//1195
f 923//1194 731//1195 921//1189
f 921//1189 731//1195 729//1190
f 733//1191 922//1193 756//1196
f 756//1196 922//1193 924//1197
f 756//1196 924//1197 925//1198
f 756//1196 925//1198 755//1199
f 677//1200 678//1201 925//1198
f 925//1198 678//1201 755//1199
f 926//1202 678//1201 927//1203
f 927//1203 678//1201 677//1200
f 676//1204 908//1161 928//1205
f 928//1205 908//1161 735//1162
f 929//1206 927//1207 677//1208
f 929//1206 677//1208 827//1209
f 827//1209 677//1208 925//1210
f 827//1209 925//1210 828//1211
f 828//1211 925//1210 924//1212
f 828//1211 924//1212 830//1213
f 830//1213 924//1212 922//1214
f 830//1213 922//1214 832//1215
f 832//1215 922//1214 923//1216
f 832//1215 923//1216 834//1217
f 834//1217 923//1216 921//1218
f 834//1217 921//1218 839//1219
f 839//1219 921//1218 920//1220
f 839//1219 920//1220 837//1221
f 837//1221 920//1220 907//1222
f 837//1221 907//1222 843//1223
f 843//1223 907//1222 919//1224
f 843//1223 919//1224 842//1225
f 842//1225 919//1224 918//1226
f 842//1225 918//1226 845//1227
f 845//1227 918//1226 916//1228
f 845//1227 916//1228 847//1229
f 847//1229 916//1228 851//1230
f 851//1230 916//1228 917//1231
f 851//1230 917//1231 850//1232
f 850//1232 917//1231 915//1233
f 850//1232 915//1233 853//1234
f 853//1234 915//1233 914//1235
f 853//1234 914//1235 857//1220
f 857//1220 914//1235 912//1236
f 857//1220 912//1236 855//1237
f 855//1237 912//1236 913//1238
f 855//1237 913//1238 860//1239
f 860//1239 913//1238 911//1240
f 860//1239 911//1240 861//1220
f 861//1220 911//1240 910//1241
f 861//1220 910//1241 826//1242
f 826//1242 910//1241 909//1243
f 826//1242 909//1243 863//1244
f 863//1244 909//1243 908//1245
f 863//1244 908//1245 676//904
f 676//904 675//903 863//1244
f 695//1096 863//1095 675//1246
f 695//1096 675//1246 1021//1247
f 930//1248 929//1249 682//1057
f 682//1057 929//1249 827//1056
f 931//1250 932//1251 933//1252
f 933//1252 932//1251 625//853
f 625//853 932//1251 1//854
f 931//1250 934//1253 932//1251
f 935//1254 961//1255 936//1256
f 936//1256 937//1257 935//1254
f 935//1254 937//1257 931//1250
f 931//1250 937//1257 934//1253
f 943//1258 949//1259 944//1260
f 944//1260 951//1261 943//1258
f 949//1259 950//1262 944//1260
f 949//1259 941//1263 950//1262
f 945//1264 616//1265 946//1266
f 946//1266 616//1265 953//1267
f 953//1267 616//1265 954//1268
f 947//1269 948//1270 952//1271
f 947//1269 941//1263 949//1259
f 945//1264 946//1266 952//1271
f 945//1264 952//1271 948//1270
f 947//1269 952//1271 940//1272
f 947//1269 940//1272 941//1263
f 936//1273 1032//1274 937//1275
f 937//1275 1032//1274 214//1276
f 214//1276 934//1277 937//1275
f 219//2 934//1277 214//1276
f 1//1 932//1278 219//2
f 219//2 932//1278 934//1277
f 957//1279 958//1280 955//1281
f 933//1252 626//855 959//1282
f 959//1282 626//855 628//313
f 933//1252 625//853 626//855
f 957//1279 963//1283 964//1284
f 964//1284 963//1283 931//1250
f 955//1281 956//1285 962//1286
f 955//1281 962//1286 963//1283
f 963//1283 962//1286 960//1287
f 963//1283 960//1287 935//1254
f 935//1254 960//1287 961//1255
f 935//1254 931//1250 963//1283
f 963//1283 957//1279 955//1281
f 931//1250 933//1252 964//1284
f 964//1284 933//1252 959//1282
f 964//1284 959//1282 957//1279
f 957//1279 959//1282 958//1280
f 212//314 221//316 966//1288
f 966//1288 221//316 220//1289
f 218//1290 965//1291 220//1289
f 220//1289 965//1291 966//1288
f 213//890 664//892 216//1292
f 216//1292 664//892 967//1293
f 216//1292 967//1293 218//1290
f 218//1290 967//1293 965//1291
f 664//1294 939//1295 967//1296
f 967//1296 939//1295 968//1297
f 967//1296 968//1297 965//1298
f 965//1298 968//1297 969//1299
f 965//1298 969//1299 966//1300
f 970//1301 966//1300 969//1299
f 211//213 212//214 970//1301
f 970//1301 212//214 966//1300
f 954//1302 971//1303 953//1304
f 971//1303 954//1302 972//1305
f 972//1305 954//1302 973//1306
f 972//1305 973//1306 974//1307
f 974//1307 973//1306 975//1308
f 974//1307 975//1308 976//1309
f 976//1309 975//1308 977//1310
f 976//1309 977//1310 978//1311
f 978//1311 977//1310 979//1312
f 978//1311 979//1312 980//1313
f 980//1313 979//1312 981//1314
f 981//1314 979//1312 982//1315
f 981//1314 982//1315 255//277
f 981//1314 255//277 228//276
f 614//1316 973//1317 954//1268
f 616//1265 614//1316 954//1268
f 612//1318 975//1319 614//1316
f 614//1316 975//1319 973//1317
f 613//1320 977//1321 612//1318
f 612//1318 977//1321 975//1319
f 609//1322 979//1323 613//1320
f 613//1320 979//1323 977//1321
f 979//1323 609//1322 982//1324
f 982//1324 609//1322 608//1325
f 260//292 255//291 608//1325
f 608//1325 255//291 982//1324
f 211//231 970//1326 223//229
f 223//229 970//1326 984//1327
f 984//1327 970//1326 969//1328
f 984//1327 969//1328 983//1329
f 983//1329 969//1328 968//1330
f 939//1331 938//1332 968//1330
f 968//1330 938//1332 983//1329
f 686//947 690//946 997//1333
f 1021//1334 1020//1335 985//1336
f 986//1337 930//1338 987//1339
f 680//943 988//1340 681//942
f 681//942 988//1340 987//1339
f 681//942 987//1339 930//1338
f 681//942 930//1338 682//941
f 679//952 989//1341 680//943
f 680//943 989//1341 988//1340
f 684//950 990//1342 685//951
f 685//951 990//1342 991//1343
f 685//951 991//1343 989//1341
f 685//951 989//1341 679//952
f 992//1344 990//1342 684//950
f 992//1344 684//950 683//944
f 992//1344 683//944 993//1345
f 993//1345 683//944 688//949
f 993//1345 688//949 994//1346
f 994//1346 688//949 687//948
f 997//1333 995//1347 686//947
f 686//947 995//1347 687//948
f 687//948 995//1347 994//1346
f 689//940 996//1348 690//946
f 690//946 996//1348 997//1333
f 691//939 996//1348 689//940
f 692//937 998//1349 691//939
f 691//939 998//1349 999//1350
f 691//939 999//1350 996//1348
f 695//945 1021//1334 694//935
f 694//935 1021//1334 985//1336
f 694//935 985//1336 1000//1351
f 694//935 1000//1351 693//936
f 693//936 1000//1351 1001//1352
f 693//936 1001//1352 692//937
f 692//937 1001//1352 998//1349
f 1006//1353 1014//1354 1007//1355
f 1010//1356 1002//1357 1011//1358
f 1013//1359 961//1255 960//1287
f 1002//1357 960//1287 962//1286
f 1016//1360 1008//1361 1015//1362
f 1009//1363 1006//1353 1017//1364
f 1016//1360 1015//1362 1005//1365
f 1009//1363 1017//1364 1018//1366
f 1008//1361 1009//1363 1018//1366
f 1008//1361 1018//1366 1015//1362
f 1019//1367 1008//1361 1020//1335
f 1019//1367 1003//1368 1009//1363
f 1009//1363 1003//1368 1004//1369
f 1002//1357 1010//1356 1012//1370
f 1012//1370 1010//1356 1014//1354
f 1014//1354 1006//1353 1004//1369
f 1004//1369 1006//1353 1009//1363
f 1009//1363 1008//1361 1019//1367
f 956//1285 1011//1358 962//1286
f 962//1286 1011//1358 1002//1357
f 1012//1370 1013//1359 1002//1357
f 1002//1357 1013//1359 960//1287
f 1006//1353 1007//1355 1017//1364
f 1011//1358 1007//1355 1010//1356
f 1010//1356 1007//1355 1014//1354
f 1008//1361 1016//1360 1020//1335
f 1021//1247 675//1246 1022//1371
f 1022//1371 675//1246 1023//1372
f 1022//1371 1023//1372 1024//1373
f 1024//1373 1023//1372 1025//1374
f 1024//1373 1025//1374 1026//1375
f 1026//1375 1025//1374 1027//1376
f 1026//1375 1027//1376 1028//1377
f 1028//1377 1027//1376 1029//1378
f 1028//1377 1029//1378 1030//1379
f 1030//1379 1029//1378 1031//1380
f 1030//1379 1031//1380 1032//1274
f 1030//1379 1032//1274 1033//1381
f 1033//1381 1032//1274 936//1273
f 631//877 148//149 1036//1382
f 1101//1383 986//1337 987//1339
f 1034//1384 986//1337 1101//1383
f 1097//1385 1096//1386 1098//1387
f 1097//1385 1098//1387 1099//1388
f 1039//1389 632//859 1071//1390
f 1039//1389 1071//1390 1038//1391
f 1038//1391 1071//1390 1072//1392
f 1038//1391 1072//1392 1037//1393
f 1037//1393 1072//1392 1073//1394
f 1037//1393 1073//1394 1074//1395
f 1042//1396 1074//1395 1075//1397
f 1042//1396 1075//1397 1041//1398
f 1041//1398 1075//1397 1076//1399
f 1041//1398 1076//1399 1043//1400
f 1043//1400 1076//1399 1077//1401
f 1043//1400 1077//1401 1044//1402
f 1044//1402 1077//1401 1078//1403
f 1044//1402 1078//1403 1045//1404
f 1045//1404 1078//1403 1079//1405
f 1045//1404 1079//1405 1046//1406
f 1046//1406 1079//1405 1080//1407
f 1046//1406 1080//1407 1047//1408
f 1047//1408 1080//1407 1081//1409
f 1047//1408 1081//1409 1048//1410
f 1048//1410 1081//1409 1082//1411
f 1048//1410 1082//1411 1083//1412
f 1050//1413 1083//1412 1084//1414
f 1050//1413 1084//1414 1051//1415
f 1051//1415 1084//1414 1085//1416
f 1051//1415 1085//1416 1052//1417
f 1052//1417 1085//1416 1086//1418
f 1052//1417 1086//1418 1053//1419
f 1053//1419 1086//1418 1087//1420
f 1053//1419 1087//1420 1054//1421
f 1054//1421 1087//1420 1088//1422
f 1054//1421 1088//1422 1055//1423
f 1055//1423 1088//1422 1089//1424
f 1055//1423 1089//1424 1056//1425
f 1056//1425 1089//1424 1090//1426
f 1056//1425 1090//1426 1057//1427
f 1057//1427 1090//1426 1091//1428
f 1057//1427 1091//1428 1058//1429
f 1058//1429 1091//1428 1092//1430
f 1058//1429 1092//1430 1059//1431
f 1059//1431 1092//1430 1093//1432
f 1059//1431 1093//1432 1094//1433
f 1061//1434 1094//1433 1095//1435
f 1061//1434 1095//1435 1062//1436
f 1062//1436 1095//1435 1096//1386
f 1062//1436 1096//1386 1097//1385
f 272//304 632//859 1039//1389
f 1040//1437 1037//1393 1074//1395
f 1040//1437 1074//1395 1042//1396
f 1049//1438 1048//1410 1083//1412
f 1049//1438 1083//1412 1050//1413
f 1060//1439 1059//1431 1094//1433
f 1060//1439 1094//1433 1061//1434
f 1005//1365 1097//1385 1099//1388
f 1005//1365 1099//1388 1016//1360
f 632//859 631//877 1036//1382
f 632//859 1036//1382 1069//1440
f 1086//1418 1085//1416 991//1343
f 1086//1418 991//1343 1087//1420
f 1098//1387 1096//1386 1000//1351
f 1098//1387 1000//1351 1099//1388
f 1099//1388 1000//1351 985//1336
f 1099//1388 985//1336 1020//1335
f 1073//1394 1070//1441 1068//1442
f 1073//1394 1068//1442 1065//1443
f 1076//1399 1066//1444 1067//1445
f 1076//1399 1067//1445 1100//1446
f 1079//1405 1064//1447 1063//1448
f 1079//1405 1063//1448 1035//1449
f 1081//1409 1035//1449 1034//1384
f 1081//1409 1034//1384 1101//1383
f 1084//1414 987//1339 988//1340
f 1084//1414 988//1340 1085//1416
f 1085//1416 988//1340 989//1341
f 1085//1416 989//1341 991//1343
f 1087//1420 991//1343 990//1342
f 1087//1420 990//1342 1088//1422
f 1088//1422 990//1342 992//1344
f 1088//1422 992//1344 1089//1424
f 1089//1424 992//1344 993//1345
f 1089//1424 993//1345 1090//1426
f 1090//1426 993//1345 994//1346
f 1090//1426 994//1346 1091//1428
f 1091//1428 994//1346 995//1347
f 1091//1428 995//1347 1092//1430
f 1092//1430 995//1347 997//1333
f 1092//1430 997//1333 1093//1432
f 1093//1432 997//1333 996//1348
f 1093//1432 996//1348 999//1350
f 1095//1435 999//1350 998//1349
f 1095//1435 998//1349 1096//1386
f 1096//1386 998//1349 1001//1352
f 1096//1386 1001//1352 1000//1351
f 633//860 631//877 632//859
f 1071//1390 632//859 1069//1440
f 1071//1390 1069//1440 1072//1392
f 1072//1392 1069//1440 1070//1441
f 1072//1392 1070//1441 1073//1394
f 1074//1395 1073//1394 1065//1443
f 1074//1395 1065//1443 1075//1397
f 1075//1397 1065//1443 1066//1444
f 1075//1397 1066//1444 1076//1399
f 1077//1401 1076//1399 1100//1446
f 1077//1401 1100//1446 1078//1403
f 1078//1403 1100//1446 1064//1447
f 1078//1403 1064//1447 1079//1405
f 1080//1407 1079//1405 1035//1449
f 1080//1407 1035//1449 1081//1409
f 1082//1411 1081//1409 1101//1383
f 1082//1411 1101//1383 1083//1412
f 1083//1412 1101//1383 987//1339
f 1083//1412 987//1339 1084//1414
f 1094//1433 1093//1432 999//1350
f 1094//1433 999//1350 1095//1435
f 1016//1360 1099//1388 1020//1335
f 926//1202 927//1203 942//1450
f 942//1450 1102//1451 926//1202
f 1102//1451 942//1450 951//1261
f 1102//1451 951//1261 1103//1452
f 950//1262 1104//1453 944//1260
f 944//1260 1104//1453 1103//1452
f 941//1263 1104//1453 950//1262
f 952//1271 1105//1454 1106//1455
f 940//1272 1106//1455 941//1263
f 941//1263 1106//1455 1104//1453
f 946//1456 1107//1457 952//1271
f 952//1271 1107//1457 1105//1454
f 1107//1457 946//1456 953//1304
f 1107//1457 953//1304 971//1303
f 940//1272 952//1271 1106//1455
f 951//1261 944//1260 1103//1452
f 227//259 241//249 1108//1458
f 1108//1458 241//249 515//697
f 1108//1458 515//697 1109//1459
f 1109//1459 515//697 512//694
f 1109//1459 512//694 1110//1460
f 1110//1460 512//694 1111//1461
f 1111//1461 512//694 524//707
f 1111//1461 524//707 1112//1462
f 1112//1462 524//707 522//706
f 1112//1462 522//706 1113//1463
f 1113//1463 522//706 1114//1464
f 1114//1464 522//706 525//709
f 1114//1464 525//709 1115//1465
f 1115//1465 525//709 519//700
f 1115//1465 519//700 1116//1466
f 1116//1466 519//700 1117//1467
f 1117//1467 519//700 523//699
f 1117//1467 523//699 1118//1468
f 1118//1468 523//699 1119//1469
f 1119//1469 523//699 514//702
f 1119//1469 514//702 1120//1470
f 1120//1470 514//702 1121//1471
f 1121//1471 514//702 1122//1472
f 1122//1472 514//702 516//701
f 1122//1472 516//701 1123//1473
f 1123//1473 516//701 521//705
f 518//710 513//696 983//1474
f 983//1474 513//696 984//1475
f 984//1475 513//696 245//261
f 984//1475 245//261 223//260
f 1125//1476 518//710 938//1477
f 938//1477 518//710 983//1474
f 1126//1478 526//711 1125//1476
f 1125//1476 526//711 518//710
f 526//711 1126//1478 1127//1479
f 526//711 1127//1479 1124//1480
f 928//1481 735//996 734//954
f 678//1028 926//1482 754//971
f 1117//1483 926//1482 1102//1484
f 1117//1483 1102//1484 1116//1485
f 926//1482 1117//1483 754//971
f 754//971 1117//1483 1118//1486
f 754//971 1118//1486 753//970
f 1118//1486 1119//1487 753//970
f 753//970 1119//1487 748//964
f 748//964 1119//1487 1120//1488
f 748//964 1120//1488 749//965
f 749//965 1120//1488 1121//1489
f 749//965 1121//1489 745//963
f 745//963 1121//1489 1122//1490
f 745//963 1122//1490 746//962
f 746//962 1122//1490 1123//1491
f 746//962 1123//1491 743//960
f 743//960 1123//1491 741//957
f 741//957 1123//1491 1128//1492
f 741//957 1128//1492 740//958
f 740//958 1128//1492 1129//1493
f 740//958 1129//1493 739//1037
f 1133//1494 736//953 1130//1495
f 1130//1495 736//953 738//956
f 1130//1495 738//956 739//1037
f 1130//1495 739//1037 1129//1493
f 1124//1496 1131//1497 1133//1494
f 1132//1498 928//1481 1133//1494
f 1131//1497 1132//1498 1133//1494
f 1133//1494 928//1481 734//954
f 1133//1494 734//954 736//953
f 526//711 1124//1480 517//708
f 517//708 1124//1480 1133//1499
f 517//708 1133//1499 1130//1500
f 517//708 1130//1500 520//704
f 520//704 1130//1500 1129//1501
f 520//704 1129//1501 521//705
f 521//705 1129//1501 1128//1502
f 1128//1502 1123//1473 521//705
f 1113//1503 1114//1504 1107//1505
f 1107//1505 1114//1504 1105//1506
f 1114//1504 1115//1507 1105//1506
f 1105//1506 1115//1507 1106//1508
f 1116//1485 1104//1509 1106//1508
f 1106//1508 1115//1507 1116//1485
f 1102//1484 1103//1510 1116//1485
f 1116//1485 1103//1510 1104//1509
f 1107//1505 971//1511 1113//1503
f 1113//1503 971//1511 972//1512
f 1113//1503 972//1512 1112//1513
f 1112//1513 972//1512 974//1514
f 1112//1513 974//1514 976//1515
f 1112//1513 976//1515 1111//1516
f 1111//1516 976//1515 978//1517
f 1111//1516 978//1517 1110//1518
f 981//1519 1108//1520 980//1521
f 980//1521 1108//1520 1109//1522
f 980//1521 1109//1522 978//1517
f 978//1517 1109//1522 1110//1518
f 1108//1520 981//1519 227//237
f 227//237 981//1519 228//238
f 1125//1523 1134//1524 1135//1525
f 1125//1523 1135//1525 1126//1526
f 1126//1526 1135//1525 1136//1527
f 1126//1526 1136//1527 1127//1528
f 1127//1528 1136//1527 1138//1529
f 1131//1497 1124//1496 1137//1530
f 1137//1530 1124//1496 1127//1528
f 1138//1529 1137//1530 1127//1528
f 1125//1523 938//1332 1134//1524
f 1134//1524 938//1332 939//1331
f 1039//1389 273//305 272//304
f 273//305 1039//1389 573//759
f 573//759 1039//1389 1038//1391
f 573//759 1038//1391 1037//1393
f 573//759 1037//1393 1040//1437
f 573//759 1040//1437 584//771
f 584//771 1040//1437 1042//1396
f 584//771 1042//1396 582//769
f 1042//1396 1041//1398 582//769
f 582//769 1041//1398 1043//1400
f 582//769 1043//1400 571//757
f 571//757 1043//1400 1044//1402
f 1046//1406 534//749 1045//1404
f 1045//1404 534//749 571//757
f 1045//1404 571//757 1044//1402
f 1051//1415 570//716 1050//1413
f 1050//1413 570//716 1049//1438
f 1049//1438 570//716 563//739
f 1049//1438 563//739 1048//1410
f 1048//1410 563//739 1047//1408
f 1047//1408 563//739 1046//1406
f 1046//1406 563//739 534//749
f 1054//1421 533//718 1053//1419
f 1053//1419 533//718 1052//1417
f 1052//1417 533//718 1051//1415
f 1051//1415 533//718 570//716
f 533//718 1054//1421 1055//1423
f 533//718 1055//1423 531//719
f 1056//1425 531//719 1055//1423
f 959//1282 628//313 280//312
f 959//1282 280//312 958//1280
f 958//1280 280//312 537//1531
f 958//1280 537//1531 955//1281
f 955//1281 537//1531 540//725
f 955//1281 540//725 956//1285
f 956//1285 540//725 543//727
f 956//1285 543//727 1011//1358
f 1011//1358 543//727 1007//1355
f 1007//1355 543//727 546//730
f 1007//1355 546//730 1017//1364
f 1017//1364 546//730 1018//1366
f 1018//1366 546//730 1015//1362
f 1015//1362 546//730 544//729
f 1015//1362 544//729 1005//1365
f 615//1532 1139//1533 1140//1534
f 615//1532 1140//1534 610//1535
f 610//1535 1140//1534 1141//1536
f 610//1535 1141//1536 611//1537
f 1141//1536 1142//1538 611//1537
f 611//1537 1142//1538 607//1539
f 607//1539 1142//1538 1143//1540
f 607//1539 1143//1540 1144//1541
f 607//1539 1144//1541 619//817
f 619//817 1144//1541 147//815
f 1059//1431 551//735 1058//1429
f 1058//1429 551//735 550//734
f 1058//1429 550//734 1057//1427
f 1057//1427 550//734 531//719
f 1057//1427 531//719 1056//1425
f 1059//1431 1060//1439 551//735
f 551//735 1060//1439 547//731
f 547//731 1060//1439 1061//1434
f 547//731 1061//1434 1062//1436
f 547//731 1062//1436 555//738
f 1005//1365 544//729 555//738
f 1005//1365 555//738 1097//1385
f 1097//1385 555//738 1062//1436
f 1063//1448 1145//1542 1146//1543
f 1065//1443 1142//1544 1141//1545
f 1036//1382 148//149 147//148
f 1144//1546 1069//1440 147//148
f 147//148 1069//1440 1036//1382
f 1069//1440 1144//1546 1070//1441
f 1070//1441 1144//1546 1143//1547
f 1070//1441 1143//1547 1068//1442
f 1068//1442 1143//1547 1142//1544
f 1068//1442 1142//1544 1065//1443
f 1141//1545 1067//1445 1066//1444
f 1141//1545 1066//1444 1065//1443
f 1141//1545 1140//1548 1067//1445
f 1067//1445 1140//1548 1100//1446
f 1100//1446 1140//1548 1139//1549
f 1100//1446 1139//1549 1147//1550
f 1100//1446 1147//1550 1064//1447
f 1064//1447 1147//1550 1063//1448
f 1063//1448 1147//1550 1145//1542
f 1148//1551 1034//1384 1149//1552
f 1149//1552 1034//1384 1146//1543
f 1146//1543 1034//1384 1035//1449
f 1146//1543 1035//1449 1063//1448
f 986//1337 1150//1553 930//1338
f 1148//1551 1151//1554 1034//1384
f 1034//1384 1151//1554 986//1337
f 986//1337 1151//1554 1150//1553
f 929//1249 930//1248 1150//1555
f 929//1249 1150//1555 1153//1556
f 1153//1556 1150//1555 1154//1557
f 1154//1557 1150//1555 1151//1558
f 1154//1557 1151//1558 1152//1559
f 1152//1559 1151//1558 1148//1560
f 1149//1561 1156//1562 1148//1560
f 1148//1560 1156//1562 1152//1559
f 1155//1563 1156//1562 1146//1564
f 1146//1564 1156//1562 1149//1561
f 1157//1565 1145//1566 1147//1567
f 1155//1563 1145//1566 1157//1565
f 1157//1565 1147//1567 615//1532
f 615//1532 1147//1567 1139//1533
f 1146//1564 1145//1566 1155//1563
f 927//1207 929//1206 1153//1568
f 927//1207 1153//1568 942//1569
f 1154//1570 942//1569 1153//1568
f 951//1571 942//1569 1154//1570
f 1154//1570 1152//1572 951//1571
f 943//1573 951//1571 1152//1572
f 1152//1572 1156//1574 943//1573
f 943//1573 1156//1574 949//1575
f 949//1575 1156//1574 947//1576
f 947//1576 1156//1574 1155//1577
f 947//1576 1155//1577 948//1578
f 1155//1577 1157//1579 948//1578
f 948//1578 1157//1579 945//1580
f 945//1580 1157//1579 615//803
f 945//1580 615//803 616//804
f 936//1256 961//1255 1013//1359
f 1004//1369 1028//1581 1030//1582
f 1004//1369 1030//1582 1014//1354
f 1014//1354 1030//1582 1012//1370
f 1012//1370 1030//1582 1033//1583
f 1012//1370 1033//1583 1013//1359
f 1013//1359 1033//1583 936//1256
f 1028//1581 1004//1369 1003//1368
f 1028//1581 1003//1368 1026//1584
f 1026//1584 1003//1368 1019//1367
f 1024//1585 1026//1584 1019//1367
f 1020//1335 1021//1334 1022//1586
f 1020//1335 1022//1586 1019//1367
f 1019//1367 1022//1586 1024//1585
f 939//1295 664//1294 1134//1587
f 1134//1587 664//1294 665//891
f 1134//1587 665//891 1135//1588
f 1135//1588 665//891 663//895
f 1135//1588 663//895 1136//1589
f 662//898 1138//1590 668//899
f 668//899 1138//1590 1136//1589
f 668//899 1136//1589 663//895
f 669//897 1137//1591 662//898
f 662//898 1137//1591 1138//1590
f 1137//1591 669//897 1131//1592
f 1131//1592 669//897 672//896
f 672//896 670//1593 1131//1592
f 1131//1592 670//1593 1132//1594
f 1132//1594 670//1593 671//1595
f 676//1204 928//1205 671//1595
f 671//1595 928//1205 1132//1594
f 1032//215 674//1596 213//216
f 1031//1597 666//1598 674//1596
f 1031//1597 674//1596 1032//215
f 1029//1599 673//1600 1031//1597
f 1031//1597 673//1600 666//1598
f 1025//1601 672//1602 662//1603
f 1025//1601 662//1603 667//1604
f 1025//1601 667//1604 1027//1605
f 1027//1605 667//1604 1029//1599
f 1029//1599 667//1604 673//1600
f 1023//1606 672//1602 1025//1601
f 1023//1606 671//902 670//1607
f 1023//1606 670//1607 672//1602
f 671//902 1023//1606 675//903
f 1158//1608 1159//1609 527//1610
f 527//1610 1159//1609 528//1611
f 528//1611 1159//1609 1160//1612
f 528//1611 1160//1612 536//1613
f 536//1613 1160//1612 1161//1614
f 536//1613 1161//1614 538//1615
f 538//1615 1161//1614 1162//1616
f 538//1615 1162//1616 539//1617
f 539//1617 1162//1616 1163//1618
f 539//1617 1163//1618 542//1619
f 542//1619 1163//1618 1164//1620
f 542//1619 1164//1620 545//1621
f 545//1621 1164//1620 1165//1622
f 545//1621 1165//1622 548//1623
f 548//1623 1165//1622 1166//1624
f 548//1623 1166//1624 549//1625
f 549//1625 1166//1624 1167//1626
f 549//1625 1167//1626 552//1627
f 552//1627 1167//1626 1168//1628
f 552//1627 1168//1628 553//1629
f 553//1629 1168//1628 1169//1630
f 553//1629 1169//1630 532//1631
f 532//1631 1169//1630 1170//1632
f 532//1631 1170//1632 530//1633
f 530//1633 1170//1632 1171//1634
f 530//1633 1171//1634 529//1635
f 529//1635 1171//1634 1172//1636
f 529//1635 1172//1636 556//1637
f 556//1637 1172//1636 1173//1638
f 556//1637 1173//1638 557//1639
f 557//1639 1173//1638 1174//1640
f 557//1639 1174//1640 535//1641
f 535//1641 1174//1640 1175//1642
f 535//1641 1175//1642 572//1643
f 572//1643 1175//1642 1176//1644
f 572//1643 1176//1644 583//1645
f 583//1645 1176//1644 1177//1646
f 583//1645 1177//1646 574//1647
f 574//1647 1177//1646 1178//1648
f 574//1647 1178//1648 575//1649
f 575//1649 1178//1648 1179//1650
f 575//1649 1179//1650 585//1651
f 585//1651 1179//1650 1180//1652
f 585//1651 1180//1652 564//1653
f 564//1653 1180//1652 1181//1654
f 564//1653 1181//1654 586//1655
f 586//1655 1181//1654 1182//1656
f 586//1655 1182//1656 587//1657
f 587//1657 1182//1656 1183//1658
f 587//1657 1183//1658 576//1659
f 576//1659 1183//1658 1184//1660
f 576//1659 1184//1660 541//1661
f 541//1661 1184//1660 1185//1662
f 541//1661 1185//1662 588//1663
f 588//1663 1185//1662 1186//1664
f 588//1663 1186//1664 589//1665
f 589//1665 1186//1664 1187//1666
f 589//1665 1187//1666 592//1667
f 592//1667 1187//1666 1188//1668
f 592//1667 1188//1668 593//1669
f 593//1669 1188//1668 1189//1670
f 593//1669 1189//1670 578//1671
f 578//1671 1189//1670 1190//1672
f 578//1671 1190//1672 568//1673
f 568//1673 1190//1672 1191//1674
f 568//1673 1191//1674 566//1675
f 566//1675 1191//1674 1192//1676
f 566//1675 1192//1676 579//1677
f 579//1677 1192//1676 1193//1678
f 579//1677 1193//1678 580//1679
f 580//1679 1193//1678 1194//1680
f 580//1679 1194//1680 558//1681
f 558//1681 1194//1680 1195//1682
f 558//1681 1195//1682 559//1683
f 559//1683 1195//1682 1196//1684
f 559//1683 1196//1684 554//1685
f 554//1685 1196//1684 1197//1686
f 554//1685 1197//1686 569//1687
f 569//1687 1197//1686 1198//1688
f 569//1687 1198//1688 560//1689
f 560//1689 1198//1688 1199//1690
f 560//1689 1199//1690 561//1691
f 561//1691 1199//1690 1200//1692
f 561//1691 1200//1692 562//1693
f 562//1693 1200//1692 1158//1608
f 562//1693 1158//1608 527//1610
f 1159//1694 1158//1695 1173//1696
f 1162//1697 1161//1698 1173//1696
f 1173//1696 1161//1698 1160//1699
f 1173//1696 1160//1699 1159//1694
f 1165//1700 1164//1701 1173//1696
f 1173//1696 1164//1701 1163//1702
f 1173//1696 1163//1702 1162//1697
f 1168//1703 1167//1704 1173//1696
f 1173//1696 1167//1704 1166//1705
f 1173//1696 1166//1705 1165//1700
f 1171//1706 1170//1707 1173//1696
f 1173//1696 1170//1707 1169//1708
f 1173//1696 1169//1708 1168//1703
f 1173//1696 1172//1709 1171//1706
f 1177//1710 1176//1711 1173//1696
f 1173//1696 1176//1711 1175//1712
f 1173//1696 1175//1712 1174//1713
f 1180//1714 1179//1715 1173//1696
f 1173//1696 1179//1715 1178//1716
f 1173//1696 1178//1716 1177//1710
f 1183//1717 1182//1718 1173//1696
f 1173//1696 1182//1718 1181//1719
f 1173//1696 1181//1719 1180//1714
f 1186//1720 1185//1721 1173//1696
f 1173//1696 1185//1721 1184//1722
f 1173//1696 1184//1722 1183//1717
f 1189//1723 1188//1724 1173//1696
f 1173//1696 1188//1724 1187//1725
f 1173//1696 1187//1725 1186//1720
f 1192//1726 1191//1727 1173//1696
f 1173//1696 1191//1727 1190//1728
f 1173//1696 1190//1728 1189//1723
f 1195//1729 1194//1730 1173//1696
f 1173//1696 1194//1730 1193//1731
f 1173//1696 1193//1731 1192//1726
f 1198//1732 1197//1733 1173//1696
f 1173//1696 1197//1733 1196//1734
f 1173//1696 1196//1734 1195//1729
f 1158//1695 1200//1735 1173//1696
f 1173//1696 1200//1735 1199//1736
f 1173//1696 1199//1736 1198//1732
