# G1 exterior visual; derived from pinned Unitree/TWIST2 CAD.
v 0.063819468 0.00423696497 0.0168480221
v 0.0618474633 0.00366064184 0.0169271622
v 0.0606178902 0.0193668641 0.00111309323
v 0.0617779233 0.017368136 0.00728332484
v 0.0601660945 0.0167674888 0.00844745897
v 0.0609200075 0.0131145455 0.0153333507
v 0.0629853308 0.0121515123 0.0156297795
v 0.0619911477 0.015048191 0.0132876942
v 0.040522106 -0.0299806222 0.00111957383
v 0.0413865075 -0.0257756114 -0.00162247324
v 0.039523311 -0.0157449748 0.00138241122
v 0.0388312303 -0.0240483079 0.0109297624
v 0.0386142209 -0.0177200418 0.0110073537
v 0.0407547355 -0.0175812505 0.00192242127
v 0.0601076968 -0.0170294307 0.00811980851
v 0.0616559461 -0.0177995916 0.00539864181
v 0.0625539944 -0.0143878935 0.0144616654
v 0.0609058812 -0.0131206317 0.0153450072
v 0.0615250804 -0.00751038687 0.0165946335
v 0.0160776023 -0.030587323 0.0354897752
v 0.0163574908 -0.0248719174 0.0367408022
v 0.0139988828 -0.0154396575 0.0208616834
v 0.00921605062 -0.0159035567 0.0252496712
v 0.0115495659 -0.0157192666 0.0266052503
v 0.0204287618 -0.0345188715 0.0222854968
v 0.0226816181 -0.0318249129 0.0304611623
v 0.0163813177 -0.0337453634 0.0311570615
v 0.0242414605 -0.0280619077 0.031622503
v 0.0192088559 -0.015742844 0.0336484835
v 0.0229943842 -0.0176979415 0.0328564644
v 0.0292721074 -0.0337669402 0.0200820696
v 0.0305591878 -0.0321872309 0.0223764312
v 0.0298983306 -0.0288082343 0.0259149317
v 0.0301593021 -0.0245830957 0.0266616624
v 0.029410813 -0.015829552 0.0249431673
v 0.0290848222 -0.0177391823 0.0275548566
v 0.0259511489 -0.0158586316 0.0286424588
v 0.0350071155 -0.0275590047 0.0192288309
v 0.0227382611 -0.0160408001 -0.00735251047
v 0.0229547173 -0.0160447937 0.00640300615
v 0.0258716792 -0.0157995522 0.00806471519
v 0.0245769285 -0.0152824065 0.00643136725
v 0.0197092444 -0.0156900864 0.0150682488
v 0.0208493099 -0.0158633683 0.0175565127
v 0.0282798931 -0.0345205665 0.0113109853
v 0.0265482403 -0.0157219358 0.012372571
v 0.0338560082 -0.0157437045 0.019022787
v 0.0357896425 -0.0334662199 0.00848585367
v 0.0381934866 -0.0298378002 0.0105419997
v 0.0352896117 -0.0177634731 0.0191504974
v 0.0373395048 -0.0157655608 0.01105865
v 0.0299516097 0.0342069417 -0.0439591967
v 0.0582492761 0.0226447694 -0.0141192432
v 0.0596384965 0.0237255115 -0.0169635788
v 0.0606172383 0.0210751966 -0.00613054633
v 0.0592243075 0.020019209 -0.00272046262
v 0.0421438925 0.0345620513 -0.0483703241
v 0.0447212681 0.0343649089 -0.0404908285
v 0.0431144983 0.0344471075 -0.0440924354
v 0.047990527 0.0337755494 -0.037750762
v 0.0517261811 0.0312335547 -0.0355042033
v 0.0548839979 0.0290249195 -0.031466689
v 0.0574143939 0.0284943767 -0.0297923423
v 0.0585782155 0.0263545066 -0.0246859267
v 0.0437869839 0.00725977262 -0.0400862545
v 0.0436115265 0.0338738784 -0.0400701128
v 0.0438293107 0.0329842605 -0.0402481072
v 0.0623415522 0.0062201228 -0.0226575248
v 0.0597809926 0.0122830244 -0.0221146867
v 0.0611236542 0.0155886924 -0.0266934074
v 0.0403289273 -0.0337287858 -0.0239693653
v 0.0396854244 -0.0326126479 -0.00305189402
v 0.0413401686 -0.0313292332 -0.0103589548
v 0.0415881537 -0.0176812131 -0.00741575612
v 0.0571688451 -0.0253235288 -0.0232909583
v 0.059377607 -0.0245082024 -0.0200292841
v 0.0582446866 -0.0227772202 -0.0141232172
v 0.0605354607 -0.0212138053 -0.00593400421
v 0.0592430122 -0.0199153386 -0.00223042839
v 0.063717626 -0.00599317579 0.0168434754
v 0.06055554 0.00168450468 -0.0218649097
v 0.0417264514 -0.015646657 -0.0290330406
v 0.0411021039 -0.0125362594 -0.0356085189
v 0.0414239541 -0.00725396257 -0.039529413
v 0.0376534685 -0.00656702137 -0.0416734368
v 0.0377894379 0.00695264665 -0.0417268202
v 0.0438847542 -0.00719034206 -0.0396584794
v 0.0442282036 -0.0115507822 -0.0381490923
v 0.0425822698 0.00684395945 -0.0455232225
v 0.0590819456 -0.0169074591 -0.0217286162
v 0.062351957 -0.0062260963 -0.0222452283
v 0.0402757376 -0.0339785069 -0.0354171433
v 0.0432106182 -0.0344361588 -0.0407739095
v 0.0436691009 -0.0343804769 -0.0439841934
v 0.0429400876 -0.0332006402 -0.0445861146
v 0.0494530164 -0.0320667848 -0.0368221514
v 0.0441118106 -0.0329360664 -0.0369429402
v 0.0420868322 -0.0314434655 -0.0348728858
v 0.0442963317 -0.0329078399 -0.0389986597
v 0.0421745554 -0.0315231346 -0.0265233926
v 0.0446770228 -0.0192406047 -0.0365114957
v 0.0420389958 -0.0136420736 -0.0347956978
v 0.0421846956 -0.0164845232 -0.0257214624
v 0.053654287 -0.0300931185 -0.0334450305
v 0.0563451461 -0.0271527488 -0.0275553372
v 0.0614005029 -0.0147850337 -0.0233412832
v 0.0163900144 -0.0157261565 -0.0213839393
v 0.0190936327 -0.0154515412 -0.0167873912
v 0.0256939027 -0.0157728065 -0.00946943182
v 0.0224729106 -0.0156925227 -0.0125287734
v 0.024600938 -0.015322037 -0.00519592967
v 0.0361518636 -0.0341067351 -0.0007688193
v 0.0296517964 -0.0344947167 -0.00721825333
v 0.0215419494 -0.0344189294 -0.0225698054
v 0.0141118607 -0.0156850405 -0.0485071763
v 0.0195753388 -0.0154182715 -0.0470091961
v 0.0332136415 -0.0346074067 -0.0328485072
v 0.0262190755 -0.0156813301 -0.0437255725
v 0.0331462435 -0.0126099847 -0.0417133383
v 0.0340629481 -0.0155164395 -0.0378955305
v 0.0412011445 -0.015725892 -0.019053692
v -0.00939012319 -0.0318179838 0.0367366336
v -0.00979913399 -0.028787069 0.0382433236
v -0.00670166407 -0.0153044667 0.0247038361
v -0.00772842485 -0.0157451238 0.0261821747
v 0.00439833431 -0.0337596573 0.0351259112
v -0.000971440866 -0.0318538956 0.0378996953
v -0.000956684002 -0.0286996476 0.0395304374
v -0.000711107743 -0.0252937544 0.0401914082
v -0.00775371399 -0.0176598076 0.039268434
v 0.00821570121 -0.0160348173 0.0227140747
v 0.0097776074 -0.034543559 0.0290082358
v -0.000173887456 -0.0157947056 0.0386728495
v 0.0102549344 -0.01576229 0.037342988
v 0.00799798965 -0.0176245626 0.0392115563
v 0.000890398165 -0.0176032092 0.0400491543
v 0.00728819799 -0.0154010681 0.0240173433
v 0.00749723893 -0.0318461508 0.0371860042
v 0.00811656937 -0.027966287 0.0390070081
v 0.0149233732 -0.0177638028 0.037231788
v -0.0358775668 -0.0286909733 0.0163059402
v -0.0312329363 -0.0251225475 0.0251389612
v -0.0314192399 -0.0287246276 0.023830533
v -0.0315250047 -0.0179320574 0.0246403236
v -0.0307961982 -0.0157098826 0.022745518
v -0.0302737392 -0.0317992009 0.0227146931
v -0.0243008193 -0.0318346396 0.029035151
v -0.0252359193 -0.0280009899 0.030646665
v -0.0269736219 -0.015748769 0.0274018925
v -0.0130630331 -0.0345621742 0.027679868
v -0.0125693828 -0.0336818993 0.0333513953
v -0.0173761584 -0.0318418778 0.0336567014
v -0.0188236665 -0.0276874192 0.0351447165
v -0.0114404988 -0.0241507273 0.0384413265
v -0.0233871229 -0.0178218093 0.0324973762
v -0.0113137048 -0.0157253779 0.0369538143
v -0.0152686182 -0.0177278239 0.0369475149
v -0.0200220514 -0.0157458931 0.0331759602
v -0.00792016741 -0.0160356648 0.0224723704
v -0.0398742445 -0.0177105647 0.00291209761
v -0.034788046 -0.033808846 0.00426584994
v -0.0279464703 -0.0345443934 0.0122052412
v -0.0377944112 -0.0158980712 0.00842146855
v -0.0254000407 -0.0156397447 0.00641818205
v -0.0374565572 -0.032084547 0.00480553228
v -0.0345076993 -0.0318267047 0.0154774385
v -0.0396364853 -0.028325988 0.000901286781
v -0.0367303081 -0.0244463701 0.0159075353
v -0.0390741415 -0.0277398452 0.00741211371
v -0.0373075604 -0.0177689958 0.0144341076
v -0.0345913097 -0.0157040339 0.0171140507
v -0.0291350372 -0.0337906107 0.0198030807
v -0.0223564748 -0.0160131939 0.00870141573
v -0.0224226378 -0.0156534072 0.0130148977
v -0.016515661 -0.0157883707 0.0215382874
v -0.0154921021 -0.0153369345 0.0200784113
v -0.009336791 -0.015695123 -0.0256202221
v -0.00789869204 -0.0153007489 -0.0243850276
v -0.00837856438 -0.016030293 -0.0217582956
v 0.00340325269 -0.0160293467 -0.0234606694
v 0.00798473693 -0.0343646593 -0.0315727144
v 0.00298103318 -0.0155688664 -0.0254411865
v 0.00930726621 -0.015756391 -0.0254129879
v 0.0126688918 -0.0154479714 -0.0215301793
v 0.0174546577 -0.0160255767 -0.0158389024
v -0.0371948257 -0.0321139246 -0.00602047332
v -0.0357179008 -0.0323560759 -0.0110461423
v -0.0369423255 -0.0271851048 -0.0153475292
v -0.0327644832 -0.0293168295 -0.0247344747
v -0.0394415222 -0.0269873589 -0.0057726833
v -0.0358409993 -0.0156790558 -0.015351722
v -0.0393386297 -0.0177951138 -0.00639664475
v -0.0383645073 -0.0158443265 -0.00411694823
v -0.0271881223 -0.0344889164 -0.0158765148
v -0.0303263757 -0.0335294455 -0.0183358658
v -0.0338221565 -0.0303797629 -0.0202533565
v -0.0331532396 -0.0340498351 -0.00911364518
v -0.0260986555 -0.0157946106 -0.00668200059
v -0.0243168883 -0.0155154131 -0.00628108997
v -0.0174204633 -0.0157180037 -0.0206275471
v -0.0153606655 -0.0154553205 -0.0202036761
v -0.0213061273 -0.0160213057 -0.0107402597
v -0.0214105938 -0.0155819021 -0.0136846518
v -0.0308706183 -0.0295859929 -0.0344681367
v -0.0359748155 -0.025617158 -0.0219698995
v -0.0356987827 -0.025590321 -0.0295425728
v -0.0356656462 -0.0175682791 -0.0281800684
v -0.0365110673 -0.0178395528 -0.0183554199
v -0.0343396999 -0.0156754311 -0.0445675328
v -0.0345074795 -0.0157485567 -0.027307529
v -0.0279950518 -0.0320596881 -0.0263013747
v -0.0217037201 -0.0332468562 -0.0320600905
v -0.0147433802 -0.0344619676 -0.0275432933
v 0.0389169008 0.0277464557 -0.0646954775
v 0.0391881503 0.0338874944 -0.0683479831
v 0.0396656506 0.033860065 -0.0618213937
v 0.0388072208 0.0347712934 -0.0628668144
v 0.0405311771 0.0337133519 -0.0565680675
v 0.0416182317 0.032888189 -0.0503457673
v 0.0466804057 0.0343649015 -0.0621494725
v 0.0407485478 0.0339587331 -0.0553120971
v 0.0402246453 0.0349163599 -0.0610106438
v 0.0410301201 0.0347916745 -0.0574587472
v 0.04174041 0.0329588428 -0.0607030354
v 0.0425624587 0.0329369642 -0.0556045249
v 0.0422709659 0.0346559361 -0.0527249575
v 0.042395182 0.0331875831 -0.0511684455
v 0.0412774086 0.0347294994 -0.0515788235
v 0.0424928665 0.033715371 -0.0497836657
v 0.0542064831 0.0279823672 -0.0615735762
v 0.0466696583 0.0327317715 -0.0379310846
v 0.0532613769 0.032157585 -0.0357624106
v 0.0568951517 0.0259799082 -0.0252777599
v 0.0507162064 0.0329191424 -0.0738006383
v 0.0574291497 0.0269757863 -0.0532497391
v 0.0377038382 0.0330408663 -0.0732047334
v 0.0384100452 0.0331385508 -0.082762152
v 0.0374955535 0.0341513231 -0.0819742233
v 0.0385415889 0.0338941179 -0.0746375397
v 0.0405668318 0.0330334343 -0.0678041279
v 0.0497348867 0.0305809937 -0.0877089575
v 0.0527736917 0.0279522724 -0.0837650821
v 0.0530096218 0.0306302849 -0.0860066488
v 0.0510652401 0.0308830962 -0.0604194365
v 0.0547664985 0.0306834094 -0.0578094125
v 0.055994574 0.0232296512 -0.0616024584
v 0.0585149676 0.00606786367 -0.0613496788
v 0.0604518168 0.00636479026 -0.0622397028
v 0.0579264164 0.0131117245 -0.0597284026
v 0.034784779 0.0348127857 -0.0433390066
v 0.0296286866 0.0275787972 -0.0513577312
v 0.0411907807 0.0275640152 -0.0515209772
v 0.0381043628 0.0349676386 -0.0684833974
v 0.0370018966 0.0350726433 -0.0746391192
v 0.0263410378 0.00669851713 -0.0922531039
v 0.0265268702 0.00970697869 -0.0847088173
v 0.0280935392 0.00910556689 -0.0893343389
v 0.0284160674 0.00511627737 -0.0758190081
v 0.0282952152 0.00972401444 -0.0812171176
v 0.0285749361 0.0187170878 -0.0714830309
v 0.0294704419 0.0277258288 -0.076132983
v 0.0353877954 0.0340063721 -0.0900650844
v 0.036930006 0.0278061237 -0.0768503472
v 0.0363630019 0.0338165462 -0.0821951926
v 0.037232779 0.0333236977 -0.0903525651
v 0.0361664183 0.0350395367 -0.0815132856
v 0.0425821692 -0.00692598242 -0.0455080345
v 0.0582986996 -0.00930791907 -0.0612332299
v 0.0603561588 -0.0065253349 -0.0216893181
v 0.0587777533 -0.00218657427 -0.0603062436
v 0.0623677857 -2.10572107e-05 -0.0269591771
v 0.0384251848 -0.0334892496 -0.0683488324
v 0.0403724425 -0.0345639214 -0.0560237579
v 0.0395196788 -0.0337993987 -0.061943911
v 0.043660149 -0.0327899195 -0.0546916127
v 0.0406541154 -0.0338704214 -0.0605141744
v 0.0404400751 -0.033612337 -0.0570340231
v 0.0414681435 -0.0346937291 -0.0550086722
v 0.0429540016 -0.0344973877 -0.0468356796
v 0.041740343 -0.0338631719 -0.0543990098
v 0.041777797 -0.0334773287 -0.0496185496
v 0.0470714159 -0.034043666 -0.0382414386
v 0.0403308906 -0.028177144 -0.0562087335
v 0.0410565585 -0.0277119409 -0.0516849421
v 0.0535784699 -0.0320340209 -0.0354308896
v 0.053557381 -0.0288899485 -0.0602469817
v 0.0569266379 -0.0291328784 -0.0309172589
v 0.0575555004 -0.0266733542 -0.0532260537
v 0.0605482608 -0.00247359672 -0.0642480478
v 0.0380803049 -0.0334523022 -0.0824157149
v 0.0385933109 -0.0340144262 -0.0747566968
v 0.0396020487 -0.0330413431 -0.0746062845
v 0.0379037522 -0.0349014103 -0.074521251
v 0.0373373516 -0.0333718397 -0.0750710368
v 0.0395631082 -0.0337712243 -0.0677142218
v 0.0391606428 -0.0349185504 -0.0691264868
v 0.0378931873 -0.0281165391 -0.0706549138
v 0.0416191556 -0.032883238 -0.0608112626
v 0.0520342402 -0.0314018875 -0.0854660273
v 0.0517559089 -0.0326297022 -0.0627401024
v 0.0526217371 -0.0280357972 -0.0842064023
v 0.054711245 -0.029709952 -0.0716066062
v 0.0552731343 -0.0248884335 -0.0650948212
v 0.0486826226 -0.0318869762 -0.0602912568
v 0.0568581484 -0.0186949037 -0.0617828704
v 0.060379114 -0.0123161785 -0.0540098064
v 0.029061174 -0.0280924123 -0.052257672
v 0.0298291948 -0.0271464996 -0.0514970943
v 0.0290542133 0.0264282096 -0.0521980487
v 0.0402840115 -0.0347824804 -0.0611025244
v 0.0176535733 -0.0352147892 -0.0598033369
v 0.0282051228 -0.0101264697 -0.0867239535
v 0.0287525021 -0.00772954477 -0.0627808422
v 0.0265942644 -0.00979258958 -0.0829877853
v 0.028358452 -0.00869810674 -0.0791641772
v 0.0284252819 -0.00517356396 -0.0758407116
v 0.0263743736 -0.00756591 -0.0906351507
v 0.0263768677 -0.00106202613 -0.093929857
v 0.0266114101 0.00612289831 -0.0771888271
v 0.026719654 -0.000266164367 -0.0748422891
v 0.0266451146 -0.00593421655 -0.077059105
v 0.0284576807 -3.42805179e-05 -0.0744087994
v 0.0359180123 -0.0350791551 -0.0888543949
v 0.0351648666 -0.0339502208 -0.0911464319
v 0.0368042961 -0.0350195728 -0.0813430026
v 0.0364448577 -0.033859238 -0.0816672295
v 0.0358719267 -0.0280823037 -0.0845997632
v 0.0408146493 0.0334214158 -0.13261877
v 0.0503170528 0.0282918438 -0.108329251
v 0.0562333129 0.0123847611 -0.11500302
v 0.049840007 0.0283625014 -0.134267017
v 0.0384099707 0.0347977728 -0.109201461
v 0.0357863754 0.0329732932 -0.107586995
v 0.0475299358 0.0306166559 -0.107729234
v 0.0483096093 0.0324104689 -0.108642362
v 0.0531060807 0.0119783394 -0.127731666
v 0.0538690872 0.0194428712 -0.103859052
v 0.0361584947 0.0334270895 -0.098753728
v 0.0350379124 0.0351043791 -0.0966374129
v 0.0364903547 0.0352269076 -0.0904312506
v 0.0468072183 0.0323321968 -0.0661720335
v 0.0441140644 0.034201514 -0.102284387
v 0.0537075438 0.0269119069 -0.106060915
v 0.0533643812 0.0249883812 -0.0925785229
v 0.0557114817 0.0266076643 -0.0828589946
v 0.0512795337 0.0301957503 -0.109683938
v 0.0559387468 0.00995820668 -0.0977858081
v 0.0592648461 0.0123758502 -0.0738501921
v 0.0581554025 0.0197821967 -0.0723697692
v 0.0280222334 0.00586205907 -0.0930940136
v 0.0345057808 0.0352250747 -0.0886270106
v 0.0336565822 0.0278985091 -0.10430494
v 0.0334990807 0.0336930826 -0.107891425
v 0.0350306593 0.0278420523 -0.0913408473
v 0.0344614461 0.0336830579 -0.0983360782
v 0.0345291123 0.0339512192 -0.108259119
v 0.0337072872 0.0351905636 -0.0989415497
v 0.0274412259 0.00611175876 -0.127516285
v 0.0272560418 0.0276824366 -0.141523093
v 0.0316452682 0.0279903505 -0.12835665
v 0.0315653272 0.034250848 -0.133300841
v 0.0320109017 0.0346291363 -0.124498002
v 0.0336880609 0.0322338045 -0.134177685
v 0.0324561968 0.0335659832 -0.127529502
v 0.0283086598 0.0277333576 -0.103706852
v 0.032258559 0.0344731957 -0.11948254
v 0.0333418958 0.0350392833 -0.107944563
v 0.0326467156 0.0279009081 -0.115291975
v 0.0323647447 0.0337282419 -0.122165203
v 0.0329997092 0.0346967056 -0.122504033
v 0.0349582881 0.0327943414 -0.120490052
v 0.0332334079 0.0338412896 -0.116522074
v 0.0565448478 0.000465514808 -0.0970554277
v 0.0578953139 3.58434554e-05 -0.106537506
v 0.03672757 -0.0331324376 -0.0968814194
v 0.0366412587 -0.0341334566 -0.0882202834
v 0.0430209264 -0.0338748321 -0.115234084
v 0.0434996486 -0.0323059335 -0.10107398
v 0.0467423685 -0.0343933888 -0.0650467053
v 0.049799338 -0.0305748191 -0.0863940567
v 0.0528449416 -0.0249458887 -0.0983741581
v 0.0554913469 -0.0268210042 -0.0842463523
v 0.0551149026 -0.014888607 -0.099511683
v 0.0569369867 -0.0165550373 -0.0981208757
v 0.053378664 -0.00263833674 -0.134860724
v 0.0547154471 -0.0126039358 -0.130392984
v 0.056167461 -0.00636346638 -0.0986469314
v 0.0463458784 -0.0300557539 -0.124402381
v 0.0494694673 -0.0279114209 -0.118499026
v 0.0542070642 -0.019828584 -0.120960727
v 0.0381302424 -0.0349756777 -0.101146288
v 0.0487706773 -0.03254411 -0.101888098
v 0.0514974669 -0.0301201977 -0.107338488
v 0.0535955615 -0.0266861971 -0.107609026
v 0.0348012224 -0.0350586474 -0.0978929102
v 0.0283547156 -0.0223775152 -0.0824696571
v 0.0279344525 -0.0131006753 -0.104455203
v 0.027957188 0.0173962545 -0.102217868
v 0.0279621631 -0.00571146235 -0.092910938
v 0.027970273 -0.000150273467 -0.0948021635
v 0.0337761007 -0.0340313762 -0.109508201
v 0.033669319 -0.0337087959 -0.106360301
v 0.0353616588 -0.0333604179 -0.106621578
v 0.0344186835 -0.0335925259 -0.0986041352
v 0.035541974 -0.0340447016 -0.0986546427
v 0.0336873755 -0.028044451 -0.104007177
v 0.0347135626 -0.0280528404 -0.0940492824
v 0.0314810835 -0.0314647034 -0.13603431
v 0.0314969644 -0.033357542 -0.135375753
v 0.0286087282 -0.027846925 -0.079691954
v 0.0316080712 -0.0280176569 -0.128399193
v 0.0331472829 -0.0340553708 -0.13496314
v 0.0325923078 -0.0336128287 -0.126408219
v 0.0344898216 -0.0346127786 -0.123962358
v 0.0337811708 -0.0322572812 -0.132564142
v 0.0334228799 -0.0350554511 -0.108107738
v 0.0312823467 -0.0347056501 -0.12384291
v 0.0277146138 -0.0264713224 -0.117609635
v 0.0277539603 0.0265119895 -0.11563345
v 0.0323719978 -0.0338565223 -0.123176612
v 0.0322513133 -0.0333167277 -0.12338943
v 0.0327609591 -0.0334870815 -0.116863281
v 0.0329224803 -0.0346712954 -0.117207587
v 0.0345686786 -0.0330016911 -0.116647176
v 0.032637205 -0.0280087087 -0.114941075
v -0.00205430202 0.0296384059 -0.0891368613
v -0.00176351855 0.0326734409 -0.085209161
v -0.00179782521 0.0295906216 -0.0788182318
v -0.00687823584 0.0356766954 -0.0675659329
v -0.0012902146 0.0193744171 -0.0611349717
v -0.00172219693 0.0228496455 -0.0652059168
v -0.00146068702 0.0261205584 -0.0691912249
v -0.00103911641 0.0306849908 -0.0550455041
v -0.00122036273 0.0325619914 -0.0580411553
v 0.00753711769 0.0351224951 -0.0509073064
v -0.00950393453 0.00559980329 -0.0545466207
v -0.0101269512 0.00435015699 -0.0526515692
v -0.00559255341 0.00568356458 -0.0548146032
v -0.00546607608 0.00459832 -0.0525427945
v -0.00135731068 0.010451653 -0.0559096709
v -0.0015212493 0.00428945012 -0.0546239577
v -0.00167831208 0.00401349645 -0.0526937358
v -0.00102855428 0.010532896 -0.0533017479
v -0.00132800441 0.015361933 -0.0587516539
v -0.00142585253 0.0269853808 -0.052702345
v 0.00756066432 0.0341839306 -0.0498847887
v 0.0153141525 0.0342488401 -0.0482453555
v -0.0325001441 0.0249040406 -0.0857560486
v -0.0323601216 0.0240115058 -0.0764082372
v -0.0343310498 0.0330381207 -0.0847902596
v -0.0335063264 0.0337082297 -0.090327777
v -0.035299059 0.0338003449 -0.0790456459
v -0.0348913893 0.0330774076 -0.0664380342
v -0.0337781943 0.0346901752 -0.0629776642
v -0.0237360541 0.0250018295 -0.086139217
v -0.0237817913 0.0219237451 -0.0723496974
v -0.023590453 0.0241552014 -0.0767263696
v -0.0235332903 0.0308435168 -0.0860973671
v -0.0189130884 0.0302918945 -0.0758459643
v -0.0173136815 0.0300111528 -0.0808703229
v -0.0231502783 0.0259872954 -0.0686623529
v -0.0233184583 0.0299722832 -0.0757554397
v -0.0171255544 0.0278011654 -0.0722247064
v -0.00150817947 0.0279322937 -0.074039638
v -0.0322092064 0.0329475254 -0.0583860688
v -0.0333467275 0.0338848345 -0.0604119897
v -0.0304364245 0.0332291834 -0.0562226102
v -0.0240452476 0.0318186097 -0.0517228916
v -0.00250453898 0.0330247171 -0.0605773218
v -0.0285898689 0.0349937975 -0.0547692627
v -0.0230373368 0.0223463792 -0.0642881393
v -0.0196540542 0.0197481867 -0.0516877733
v -0.02091318 0.0264904425 -0.0522489808
v -0.0226906296 0.0308023319 -0.0544707254
v -0.0209041629 0.0256244577 -0.0516007505
v -0.018711742 0.0344187319 -0.05010847
v -0.022095507 0.0352560245 -0.0512935072
v -0.0320591517 0.0128635895 -0.06210123
v -0.0319069959 0.00465481961 -0.0589417852
v -0.0321742296 0.0197738577 -0.0681664944
v -0.0234191827 0.0136292279 -0.0625656396
v -0.0234231632 0.0205074567 -0.0690289214
v -0.0172960423 0.0072688451 -0.05380705
v -0.0177909862 0.00682717422 -0.0515332446
v -0.0229364112 0.0124517437 -0.0566956177
v -0.0230622645 0.0190875269 -0.0605309308
v -0.0185808074 0.0135469148 -0.052069746
v -0.0168821774 0.0105726756 -0.0556748882
v -0.0140576558 0.015904706 -0.0502187163
v -0.0149687342 0.00613680622 -0.0544064157
v -0.014773 0.00422283448 -0.0525978729
v -0.0169633813 0.00848917104 -0.0522466041
v -0.00226771343 -0.0316441618 -0.0833839923
v -0.00851922017 -0.0355374888 -0.0616364554
v -0.00565867033 -0.0258806143 -0.0662469417
v -0.0042327079 -0.0249064621 -0.0576986969
v -0.00119765976 -0.0272634104 -0.0587624609
v -0.0111772073 -0.0185636766 -0.0597614907
v -0.00114708906 -0.0215090495 -0.0588656217
v -0.00137334026 -0.019173203 -0.0590688251
v 0.00153454836 -0.0148551669 -0.0504686981
v -0.00258132094 -0.0294930357 -0.0892869756
v -0.00224175071 -0.0297976863 -0.0821479484
v -0.00151507196 -0.0260266904 -0.0645562932
v -0.00195595436 -0.0256147478 -0.0681452677
v -0.00133075204 -0.0219029393 -0.0641149506
v -0.00156611833 -0.0185409859 -0.0603969321
v 0.0075255814 -0.0153588448 -0.0499082692
v -0.000930810347 0.0342410654 -0.0504409187
v -0.00891341269 -0.034356229 -0.0307122841
v -0.0342344344 -0.0324071608 -0.0869191214
v -0.0329294354 -0.0344796851 -0.0903641731
v -0.0345306136 -0.0343811847 -0.081843555
v -0.0356344096 -0.0334619656 -0.0739884898
v -0.0325529724 -0.0247521494 -0.0856868476
v -0.0349186584 -0.0305778664 -0.075911738
v -0.0323922411 -0.0238124263 -0.0763681382
v -0.0359010436 -0.0288996417 -0.0707697719
v -0.0321875513 -0.0198655743 -0.0685091019
v -0.0205748081 -0.0326945484 -0.0893081129
v -0.021668829 -0.0324896425 -0.0876584798
v -0.0275059436 -0.033557497 -0.0615336709
v -0.0242155716 -0.0353320353 -0.07815779
v -0.0235454589 -0.0303387884 -0.0889797211
v -0.0237754621 -0.0248700809 -0.0861026496
v -0.0237465985 -0.031380564 -0.0819836035
v -0.0233887602 -0.0296656787 -0.073171407
v -0.0235406067 -0.0202756058 -0.0689417645
v -0.0188991986 -0.0306075457 -0.0891663581
v -0.0185726192 -0.0316089615 -0.0836203098
v -0.0173587631 -0.0299575925 -0.0826649442
v -0.0235909298 -0.0238690376 -0.0763315484
v -0.0319920257 -0.0162367932 -0.0651545823
v -0.0280537121 -0.0171785057 -0.0555612296
v -0.0359613709 -0.0172438174 -0.0552250445
v -0.0351016968 -0.0164889228 -0.0488753915
v -0.0320966765 -0.0126595767 -0.0620706938
v -0.0319701582 -0.00456439611 -0.0589525066
v -0.0232485812 -0.0129499929 -0.0622740723
v -0.0257034563 -0.0158822872 -0.0562310107
v -0.0246609543 -0.0166304447 -0.0510406569
v -0.0232404601 0.00553616928 -0.0591443144
v -0.023227118 -0.0046807928 -0.0590123944
v -0.0193613451 -0.014675389 -0.0511454456
v -0.0229327343 -0.00650790008 -0.0533818901
v -0.0199301895 -0.0156787429 -0.0493680388
v -0.0216610488 -0.0111212404 -0.0547075681
v -0.0185596123 -0.00599212851 -0.0520372428
v -0.0186554249 -0.00467457809 -0.0530080497
v -0.015228319 -0.0153362658 -0.0497526154
v -0.022871865 0.00514578167 -0.0529870503
v -0.0184864197 0.0031111096 -0.0527260303
v -0.015672069 -0.0165879969 -0.0586866066
v -0.0138315782 -0.0117356107 -0.0502358861
v -0.0360244773 -0.0310462415 -0.0611430034
v -0.0361059718 -0.0282036383 -0.0616592541
v -0.0359220915 -0.0259206295 -0.0643293783
v -0.0359305628 -0.0274700914 -0.0579639934
v -0.0363444649 -0.0264938883 -0.0561852492
v -0.0360023715 -0.0245193988 -0.0570678674
v -0.0362821631 -0.0187288895 -0.0577727705
v -0.0358459018 -0.0270664636 -0.0402175523
v -0.0361612402 -0.0212145522 -0.0582390763
v -0.0288631525 -0.0309144165 -0.0432544202
v -0.0234278832 -0.0278646443 -0.0694753304
v -0.0230821576 -0.0261758063 -0.0661133975
v -0.022185361 -0.0216135476 -0.0584046729
v -0.0199086908 -0.0346950032 -0.0600551367
v -0.0137665682 -0.0350892805 -0.0558102131
v -0.02196973 -0.0330684595 -0.0430171117
v -0.0231611226 -0.0239143986 -0.0640964285
v -0.0190276615 -0.0258423425 -0.0663741454
v -0.0184187163 -0.0229470003 -0.0629746094
v -0.0172196366 -0.0247184187 -0.066657044
v -0.00141260598 -0.0281409472 -0.0621233657
v -0.023340622 -0.0166783091 -0.0652217716
v -0.0229924899 -0.014825156 -0.0564924739
v -0.0228588935 -0.0197061729 -0.0602278076
v -0.0226767045 -0.0190025438 -0.0583214685
v -0.0188834723 -0.018685041 -0.0589171425
v -0.016851617 -0.020164689 -0.0585569479
v -0.0166294612 -0.0195704717 -0.0611274689
v -0.0194997676 -0.0262441374 -0.0640773624
v -0.00502264127 -0.0243705604 -0.0669422075
v -0.0177111533 0.0295216609 -0.0903323293
v -0.00245536584 0.0101852333 -0.112340845
v -0.00221480406 0.0324341767 -0.113551192
v -0.00241027237 0.015222243 -0.109565131
v -0.00219722302 0.0227512345 -0.103220306
v -0.00239157211 0.0194919296 -0.106923401
v -0.00245416258 0.0260210689 -0.099103108
v -0.00194459897 0.0279838946 -0.0940122977
v -0.00271504396 0.0235590935 -0.131962091
v -0.00272432785 0.0261835661 -0.136370227
v -0.00794596598 0.0356397964 -0.122790195
v -0.00315732625 0.0329520218 -0.126398355
v -0.00258395472 0.00403879164 -0.120249681
v -0.0026669451 0.0155466152 -0.124489568
v -0.00257001934 0.0100357011 -0.121760882
v -0.00261265622 0.0201620366 -0.128001228
v 0.0143294828 0.0356556699 -0.107020147
v -0.0324453376 0.0220838021 -0.105037786
v -0.0325644389 0.0251575112 -0.101041913
v -0.0319545083 0.0336801112 -0.105356507
v -0.0345607549 0.0301364847 -0.101654239
v -0.0321617909 0.0331274942 -0.0969398096
v -0.0239272267 0.0231472645 -0.104194008
v -0.0326554365 0.0224722885 -0.0944997445
v -0.024362715 0.0225097593 -0.0946620256
v -0.0241030045 0.0200174525 -0.0982173905
v -0.0313510038 0.0297618788 -0.101046965
v -0.0298635326 0.0329488032 -0.102087416
v -0.0237530973 0.0286154691 -0.095424816
v -0.0280518252 0.0349334888 -0.108185917
v -0.03055753 0.0337419584 -0.103454068
v -0.0331688821 0.0345325507 -0.0877359509
v -0.0194694456 0.023456376 -0.103959426
v -0.0178312678 0.0212996993 -0.105113372
v -0.0176086947 0.0265826788 -0.0979576483
v -0.0190830454 0.0283407569 -0.0963418633
v -0.0188091639 0.0308899172 -0.087213777
v -0.00857790746 0.0358885415 -0.0930470526
v -0.035641104 0.0068607023 -0.108247116
v -0.0329973735 0.00643293234 -0.107511945
v -0.0326803885 0.0087471474 -0.107002296
v -0.0363848768 0.0136992335 -0.1051438
v -0.0331024192 0.0129633918 -0.104450993
v -0.0330068506 0.0147228241 -0.110305585
v -0.0327941924 0.0133740027 -0.104248613
v -0.0324754231 0.0165945683 -0.102248244
v -0.0325426571 0.0182939004 -0.108319059
v -0.0328661092 0.0176893938 -0.1009349
v -0.036200393 0.0183769651 -0.101651542
v -0.0310932864 0.0116806738 -0.112557076
v -0.0241753515 0.00921444781 -0.106991358
v -0.0240733698 0.015633909 -0.110308059
v -0.0240817703 0.0166660603 -0.102446616
v -0.0193231199 0.00741213281 -0.113815248
v -0.017827943 0.00855421461 -0.11265295
v -0.0194197036 0.0162072219 -0.110096633
v -0.0176452156 0.0155169917 -0.10946507
v -0.0325898826 0.0189108979 -0.132091567
v -0.0247826222 0.0206731334 -0.134293705
v -0.030975176 0.0237864461 -0.132892922
v -0.0307691563 0.0195247829 -0.132295385
v -0.0294701345 0.0186455958 -0.13177146
v -0.0281485971 0.0227165706 -0.131878957
v -0.0243766401 0.0244440883 -0.132864162
v -0.0279832948 0.0298751686 -0.13289009
v -0.0244812593 0.0301570799 -0.132224813
v -0.0292780809 0.0280278921 -0.116936408
v -0.0243051294 0.0334031247 -0.130801827
v -0.0175890401 0.024145985 -0.132559791
v -0.0174934492 0.0264628958 -0.136597872
v -0.0213812832 0.0331419744 -0.129943207
v -0.0194016434 0.0279154815 -0.136273667
v -0.0179209393 0.034176752 -0.137868106
v -0.0219627656 0.0340715013 -0.128759801
v -0.0211259071 0.0351994447 -0.127280816
v -0.0331750512 0.0289497487 -0.112990774
v -0.0276039205 0.0328951068 -0.111194395
v -0.0246082544 0.0329597965 -0.120875709
v -0.0265786536 0.0341605693 -0.116686136
v -0.0176220778 0.0357579142 -0.106494769
v -0.0338803381 0.0163917709 -0.128351092
v -0.0326330774 0.0149627319 -0.127694219
v -0.030610133 0.015805386 -0.128930524
v -0.024799997 0.0176441818 -0.130718157
v -0.0351076052 0.0109411031 -0.125108957
v -0.0326801464 0.0108901169 -0.125173971
v -0.0338049978 0.010667623 -0.115324594
v -0.0349151641 0.0213838164 -0.11321605
v -0.0311912782 0.00430132635 -0.123703599
v -0.0245668739 0.00421157479 -0.12381611
v -0.0246184636 0.00977469329 -0.125464559
v -0.0241033658 0.0054474473 -0.118154213
v -0.0316073261 0.00829376187 -0.124729037
v -0.031276159 0.0122193769 -0.126559332
v -0.0318107828 0.0127811395 -0.123468123
v -0.0248195641 0.0138481623 -0.12761873
v -0.0242870562 0.0113994898 -0.121240661
v -0.0243179575 0.0179911461 -0.127122998
v -0.031688381 0.0214036051 -0.111816235
v -0.0171915013 0.00548230717 -0.120086491
v -0.017421728 0.0130511504 -0.122723721
v -0.0181553904 0.0191427879 -0.128192291
v -0.01689866 0.0184857659 -0.126376808
v -0.00210985611 -0.0192698911 -0.107024595
v -0.00207820837 -0.0260425806 -0.0988524482
v -0.00170132401 -0.0309089106 -0.0883876234
v -0.00225495244 -0.0104607577 -0.112228662
v -0.00238953438 -0.0226462502 -0.102998212
v -0.00241730339 -0.0149825932 -0.109540254
v -0.00231296103 1.05932104e-05 -0.114106536
v -0.00272286567 -0.0217271317 -0.129839227
v -0.0028585121 -0.024966063 -0.134332553
v -0.00717736548 -0.0358122773 -0.0980042294
v -0.00254635303 -0.032078322 -0.129736334
v -0.00256977626 -0.01730383 -0.125744954
v -0.00273999921 -0.0128967585 -0.123038508
v -0.00245136279 -0.00731812743 -0.120919362
v -0.00344683928 -0.0016725905 -0.120060377
v 0.0146491183 -0.0355825573 -0.106886409
v -0.0331240259 -0.0137066822 -0.103930801
v -0.0327028558 -0.0132039124 -0.104376942
v -0.0357341394 -0.00750864064 -0.107940905
v -0.0354194678 -0.0011393578 -0.109157056
v -0.0332016572 -0.00942147151 -0.106489554
v -0.0330202356 -0.00970736332 -0.112445191
v -0.0329587311 0.00605759304 -0.113690831
v -0.0330227315 -0.00261185458 -0.108096853
v -0.0327489786 -0.000537877146 -0.108614482
v -0.0305839349 -0.0115175014 -0.114699103
v -0.0239946507 -0.0156274717 -0.108698457
v -0.0323408172 -0.0164911337 -0.10222663
v -0.024152616 -0.0166826583 -0.102289811
v -0.0305996593 -0.00333317206 -0.114551887
v -0.0312706381 -0.0120979073 -0.112110533
v -0.0327838548 -0.00918429904 -0.106779799
v -0.0241514109 -0.00936361402 -0.106782041
v -0.0241429806 -0.00820939895 -0.112989411
v -0.0241318662 0.00654210523 -0.113857858
v -0.0241743065 0.000408782944 -0.108774513
v -0.0178225785 -0.00828110427 -0.112699263
v -0.0241630282 -0.00329065742 -0.114356533
v -0.0199352596 -0.00459364615 -0.114563696
v -0.0180055071 -0.000831934391 -0.113841273
v -0.0318293832 -0.0337073095 -0.105468549
v -0.0347388126 -0.0297973454 -0.101544745
v -0.032626126 -0.0331276022 -0.0949037299
v -0.0324796252 -0.0250614975 -0.101214364
v -0.0328197367 -0.0173272807 -0.108598247
v -0.0360663496 -0.0182913803 -0.101717971
v -0.0328511558 -0.017672427 -0.100937314
v -0.0325078443 -0.0218099728 -0.105113968
v -0.0327076837 -0.0224039983 -0.0942236707
v -0.0298620518 -0.0329102725 -0.102238521
v -0.0313814059 -0.0296685006 -0.101026639
v -0.0290268827 -0.0296335146 -0.115014531
v -0.0239873622 -0.0221405644 -0.0953253508
v -0.0237730816 -0.0288079418 -0.0939359516
v -0.0316414982 -0.0211574677 -0.112077154
v -0.0239982102 -0.0195316039 -0.106267884
v -0.0243279561 -0.0197221078 -0.0982728079
v -0.018900305 -0.0356419906 -0.103767157
v -0.0238289926 -0.0257217977 -0.0988214388
v -0.0177861564 -0.0274970122 -0.0959275812
v -0.0175016411 -0.0291299336 -0.0911547542
v -0.0248208232 -0.0161110461 -0.129430994
v -0.0349818133 -0.0216269717 -0.112301297
v -0.0350805372 -0.0104967766 -0.12485759
v -0.0326691717 -0.0138419326 -0.126895025
v -0.0326428153 -0.00900105666 -0.1248824
v -0.0339257009 -0.0119801015 -0.115068562
v -0.0344024189 -0.00261986605 -0.122145332
v -0.0332790911 1.45791528e-05 -0.122696377
v -0.0326167569 -0.00590803241 -0.123389147
v -0.032590434 0.00593086518 -0.123422772
v -0.0317723006 -0.0125583904 -0.123793349
v -0.0315969028 -0.00805544481 -0.124742776
v -0.031184895 -0.00526443543 -0.122084573
v -0.031540744 -0.0118119661 -0.126400188
v -0.024887491 -0.0122092767 -0.126760468
v -0.0245244969 -0.00891351048 -0.125034973
v -0.0242735371 -0.0112989675 -0.119790681
v -0.0303351562 -0.00252618594 -0.123577595
v -0.0245653093 -0.0037185112 -0.123631105
v -0.0304256976 0.00953311287 -0.114825606
v -0.0241311416 -0.00297562173 -0.11779356
v -0.0172696784 -0.0130941002 -0.12288259
v -0.0192884989 -0.00626522675 -0.118341886
v -0.0171972457 -0.00799894519 -0.120857254
v -0.0193499085 0.00533865439 -0.118048325
v -0.0171680786 -0.00219320692 -0.119792812
v -0.0327007361 -0.0186125655 -0.13197723
v -0.0239770897 -0.033568047 -0.129875749
v -0.0312085487 -0.0229029953 -0.132826433
v -0.0313122869 -0.0309905652 -0.116428316
v -0.028667286 -0.0287381802 -0.132997364
v -0.0263710581 -0.0315911844 -0.132122979
v -0.0265263822 -0.0263775978 -0.13227345
v -0.026543349 -0.0266843028 -0.131444514
v -0.0246535297 -0.0260558836 -0.132680848
v -0.0259941332 -0.0273190029 -0.131790057
v -0.0246551652 -0.0259547886 -0.132004842
v -0.024193693 -0.0304643102 -0.132096216
v -0.0248650108 -0.0201471709 -0.133747444
v -0.0310201496 -0.01989845 -0.132478416
v -0.0293478016 -0.0191487949 -0.132258907
v -0.0297433808 -0.0181136373 -0.131280854
v -0.024422843 -0.0223046839 -0.127312645
v -0.0214515738 -0.0336452462 -0.129808903
v -0.0237472523 -0.0329395831 -0.123555414
v -0.0199360233 -0.0330284275 -0.132526606
v -0.0241870992 -0.0267568007 -0.133145362
v -0.0175315589 -0.0248512309 -0.133854747
v -0.0196669046 -0.0264522843 -0.132726118
v -0.0195627008 -0.0229007322 -0.127916142
v -0.0173931736 -0.0215632468 -0.129399464
v -0.0145783275 -0.0355335288 -0.124584056
v -0.0334704071 -0.0251974091 -0.117694579
v -0.0338018797 -0.0165452678 -0.128624156
v -0.0229639038 -0.0349639058 -0.123252884
v -0.0295829736 -0.0339185074 -0.10704454
v -0.0278620236 -0.0329054557 -0.109171487
v -0.0276712067 -0.0349561833 -0.109172784
v -0.0306702815 -0.0151889203 -0.128702626
v -0.0243199896 -0.0179623086 -0.123520143
v -0.0246912371 -0.0340996385 -0.121566787
v -0.00209189882 -0.0329609402 -0.0926826075
v -0.0194323231 -0.0159783829 -0.122125961
v -0.0172779318 -0.0180061795 -0.126092061
v 0.0222833958 -6.03234457e-06 -0.159447968
v 0.0222517513 0.00819324888 -0.144208923
v 0.0219535325 0.00525159203 -0.157809436
v 0.0222619995 0.00855378155 -0.154565752
v 0.0223227497 0.00478202896 -0.140963137
v 0.0223655608 0.00993897207 -0.149611816
v 0.0164328329 0.0334127098 -0.152779475
v 0.0298682619 0.0342216454 -0.136219591
v 0.0266914368 0.00520957774 -0.158264384
v 0.0267694499 0.00864668842 -0.154786244
v 0.0270823669 0.00488344301 -0.140869901
v 0.0269263051 0.0101102665 -0.149897292
v 0.0269280132 0.00874883309 -0.144702628
v 0.0271685943 0.0260050111 -0.143024281
v 0.0272809472 0.0265151747 -0.154342741
v 0.0309741031 0.0281453822 -0.140565827
v 0.0322464928 0.0279768109 -0.142550915
v 0.0325948708 0.033906363 -0.139536336
v 0.0313489884 0.033038985 -0.136249974
v 0.0322551727 0.0336891562 -0.143009841
v 0.0355201364 0.0236272048 -0.152725473
v 0.0355462655 0.024288347 -0.148157537
v 0.0363749526 0.0215393025 -0.142295718
v 0.0401475914 0.0238508061 -0.146496564
v 0.0389702097 0.0323959291 -0.150017828
v 0.0370618813 0.0280048586 -0.147027954
v 0.0378793702 0.0307949837 -0.147070631
v 0.0321946107 0.0318616778 -0.141914785
v 0.0419561863 0.0319352858 -0.119157806
v 0.0396487936 0.0324274339 -0.147773832
v 0.0464387126 0.0246719606 -0.155324921
v 0.0418217666 0.0276357364 -0.150796592
v 0.0430591442 0.0310043637 -0.152051464
v 0.0436145924 0.0255736355 -0.153541297
v 0.0440528542 0.028363023 -0.151811942
v 0.0471391454 0.0279265959 -0.15346849
v 0.0464096665 0.0313685536 -0.135577679
v 0.0449621864 0.0298521724 -0.134978116
v 0.0448750891 0.0302827414 -0.151310697
v 0.0479351282 0.0283660032 -0.129287928
v 0.0484207198 0.0240965188 -0.157137796
v 0.0498316549 0.0244998429 -0.130335361
v 0.0517908931 0.0251050293 -0.129973188
v 0.03493746 0.0060554035 -0.15196988
v 0.039765995 0.00556758605 -0.150899008
v 0.0353090763 0.00603503827 -0.145911589
v 0.0400908701 0.00738650095 -0.14357762
v 0.0360808671 0.0166255478 -0.139741197
v 0.0399902239 0.023465639 -0.153021216
v 0.0359485 0.0102742491 -0.1408941
v 0.0408113338 0.010971019 -0.140943497
v 0.0409013554 0.021289628 -0.142805055
v 0.0409434624 0.01717701 -0.140373096
v 0.0528355092 0.00569340028 -0.137801677
v 0.0569791086 0.00675092731 -0.114072986
v 0.0502897091 0.0151961409 -0.148877785
v 0.0541806705 0.019490812 -0.122461759
v 0.0513370745 0.0150486007 -0.15692085
v 0.0137055926 0.0319005176 -0.163126543
v 0.0303649474 0.0324208029 -0.157498628
v 0.0267406255 0.0217169058 -0.162495196
v 0.0281925928 0.0245318562 -0.165086389
v 0.0310689081 0.0300683919 -0.169421375
v 0.0327165164 0.0246622115 -0.175828099
v 0.0291237403 0.0277998224 -0.154128179
v 0.0388579816 0.0176197682 -0.167480484
v 0.0345197953 0.0199499875 -0.158842251
v 0.0387618653 0.0194528736 -0.16019693
v 0.0317854322 0.0273228884 -0.178599194
v 0.0361677967 0.0273971222 -0.17535302
v 0.0403375216 0.0246542171 -0.164886698
v 0.0402951315 0.0301035997 -0.161110237
v 0.0396666676 0.0275935065 -0.15516457
v 0.0413577817 0.0242993627 -0.172610581
v 0.0425750799 0.0233820528 -0.164433792
v 0.0433916748 0.0207113754 -0.170856476
v 0.0423969179 0.0256301984 -0.172913089
v 0.0454819463 0.0231716242 -0.171676785
v 0.0438790508 0.0229978338 -0.157644704
v 0.0444095396 0.0207057539 -0.171926469
v 0.0459680185 0.0225802977 -0.161384776
v 0.0446980558 0.0279124267 -0.161228612
v 0.0464259572 0.0211670008 -0.172085553
v 0.0387168266 0.0119117359 -0.16839692
v 0.0342415012 0.00978391152 -0.158585489
v 0.0335913002 0.0118756862 -0.164729103
v 0.0387591384 0.00839696079 -0.156862006
v 0.0387673043 0.0109227933 -0.162208021
v 0.0472537056 0.00620677182 -0.174360543
v 0.0475003906 0.0146065271 -0.166620687
v 0.0492445007 0.00682930835 -0.174385175
v 0.0525108166 0.00676133949 -0.15854995
v 0.0505076349 0.00581329037 -0.15881975
v 0.0174909364 -0.0349549688 -0.130301699
v 0.0316589624 -0.0338738598 -0.139295295
v 0.0221230052 -0.00982417911 -0.14960672
v 0.0223895218 -0.00813460071 -0.144192934
v 0.0221166536 -0.00803159364 -0.155048385
v 0.0221298002 -0.00497421669 -0.158077314
v 0.0228126775 -0.00509229163 -0.141086578
v 0.0223496836 -0.000193979591 -0.139760152
v 0.0326906145 -0.0336712338 -0.142335281
v 0.0298962593 -0.0341373608 -0.136255667
v 0.0272150319 -0.0264448505 -0.152454197
v 0.0284268353 -0.0270563867 -0.156472623
v 0.0294048581 -0.027852077 -0.151015997
v 0.0271467231 -0.0258562341 -0.143161848
v 0.0275284853 -0.0276940428 -0.141901046
v 0.0272939373 -0.0190178845 -0.135960713
v 0.0271017905 -0.00509101665 -0.140977353
v 0.0267949998 -0.0088267168 -0.154305249
v 0.0268831197 -0.00994494557 -0.149073958
v 0.0270126965 -0.00852044392 -0.144454211
v 0.0267206915 -0.00513095316 -0.158255845
v 0.0266999826 -0.000322012726 -0.159778967
v 0.0271388218 -9.21651299e-05 -0.139558509
v 0.0402860865 -0.0277887899 -0.15328224
v 0.0344909541 -0.0279427134 -0.145024985
v 0.0315861553 -0.0328638181 -0.139355749
v 0.031193668 -0.0280804094 -0.139889225
v 0.0355840363 -0.00508766249 -0.148651719
v 0.0363053493 -0.0128222322 -0.139853626
v 0.0356681086 -0.00553869409 -0.152207911
v 0.0360943042 -0.00716921221 -0.143111587
v 0.0402660184 -0.0051809256 -0.150538951
v 0.0407118574 -0.00994624291 -0.14129284
v 0.0407807566 -0.00646796403 -0.144921079
v 0.0512377582 -0.00247979444 -0.155174702
v 0.0512507483 -0.0165771972 -0.154183164
v 0.0506068245 -0.0115730613 -0.151501998
v 0.056875784 -0.00679475535 -0.115344949
v 0.0410522558 -0.0318967104 -0.150531977
v 0.0389412418 -0.0322666429 -0.148933575
v 0.0395169966 -0.0242313873 -0.149608046
v 0.0358384326 -0.0310507771 -0.145854205
v 0.0401935577 -0.0300170835 -0.148812741
v 0.0331159979 -0.0314342715 -0.143016338
v 0.0420350879 -0.0311783627 -0.130373091
v 0.0351224542 -0.0235888902 -0.151397675
v 0.0393739454 -0.0211355407 -0.156438217
v 0.0353539363 -0.0234263614 -0.145969287
v 0.0359486006 -0.0191181246 -0.140901789
v 0.0410464071 -0.0162450485 -0.140141457
v 0.0405900851 -0.0321652256 -0.147554278
v 0.0458449684 -0.031726975 -0.133218303
v 0.0431216806 -0.030990893 -0.150995493
v 0.0428662747 -0.0269118343 -0.151985124
v 0.0439901166 -0.0240343791 -0.155553579
v 0.045690991 -0.026108278 -0.153965384
v 0.0451476574 -0.0295995977 -0.153071254
v 0.0402644463 -0.0279251225 -0.149315447
v 0.0441283286 -0.0282583535 -0.151512086
v 0.0470012426 -0.0281309746 -0.153174892
v 0.0492176078 -0.0299067646 -0.128660247
v 0.0497805513 -0.0247088131 -0.129524499
v 0.0462956131 -0.0240394101 -0.156799331
v 0.0405581445 -0.0216426067 -0.143375516
v 0.0514439978 -0.0262051672 -0.129491478
v 0.0489380397 -0.0186350439 -0.151373565
v 0.0522486642 -0.015976835 -0.128937855
v 0.0302912537 -0.0323478729 -0.157582611
v 0.028555641 -0.0299946573 -0.169966757
v 0.0328965969 -0.024620356 -0.176030263
v 0.0288765375 -0.0245368201 -0.164991409
v 0.0274239723 -0.0237840526 -0.164595142
v 0.026763333 -0.0217892453 -0.161875486
v 0.0265219491 -0.00188666116 -0.171660572
v 0.0314635821 -0.0122310072 -0.185948402
v 0.0390471332 -0.011766755 -0.167404339
v 0.0334589295 -0.0115674157 -0.166315496
v 0.0344462618 -0.0102518899 -0.160342559
v 0.0390389301 -0.0110219698 -0.163043767
v 0.0499512553 -0.0149902198 -0.164106756
v 0.048538506 0.000604481262 -0.17033264
v 0.0525941141 -0.00724016922 -0.157530129
v 0.0531236865 0.000164104466 -0.15686892
v 0.0319570675 -0.027254045 -0.178449348
v 0.036727272 -0.0272088405 -0.175143436
v 0.0344658382 -0.0307929236 -0.163774192
v 0.0408536121 -0.0245154276 -0.165319279
v 0.0395010337 -0.0245246794 -0.172935545
v 0.0401713029 -0.0299026743 -0.161788687
v 0.0422984958 -0.0256332904 -0.172892675
v 0.0322234519 -0.0174016058 -0.176901579
v 0.0334452391 -0.0174965877 -0.16607517
v 0.0342845693 -0.0193957109 -0.159217924
v 0.0387501642 -0.0181511007 -0.163810909
v 0.0397108421 -0.00825610943 -0.156739533
v 0.0420301743 -0.0234671049 -0.172507703
v 0.0447434932 -0.0278077684 -0.161263704
v 0.0461413637 -0.0218750183 -0.172028884
v 0.0471955389 -0.0219290853 -0.167141452
v 0.0482075661 -0.0245319102 -0.156920612
v 0.0433165468 -0.0186515618 -0.179472119
v 0.0451656058 -0.0192559995 -0.179286435
v 0.0440321416 -0.0204706453 -0.172055826
v 0.0434589088 -0.0212439485 -0.167431116
v 0.0456317812 -0.0218745545 -0.164042234
v 0.0437343828 -0.0222153384 -0.161012664
v -0.00324329315 0.0289611276 -0.146602437
v -0.0132285161 0.0344469398 -0.144864559
v -0.00318543613 0.0286851246 -0.15441969
v -0.00356367556 0.0314459503 -0.156786621
v -0.00336912833 0.0330283754 -0.144765377
v -0.00289841951 0.0314910226 -0.146530256
v -0.00288820965 0.0276689604 -0.14013195
v -0.00268328912 0.0335561484 -0.152202308
v 0.0152746169 0.0350759998 -0.130279928
v -0.0322327279 0.016375538 -0.153402641
v -0.0329305381 0.0223988611 -0.146446675
v -0.0327937864 0.0218944792 -0.136532381
v -0.0329289585 0.0245335791 -0.143495828
v -0.0315397121 0.00454765651 -0.154729366
v -0.0320341587 0.00930273719 -0.149569228
v -0.0250934158 0.00358140259 -0.156108886
v -0.0251618959 0.00782043952 -0.151314333
v -0.0318128355 0.0162814539 -0.141752481
v -0.0252959486 0.0107764555 -0.148044974
v -0.0252294242 0.0163487531 -0.141955227
v -0.0250101369 0.0302319545 -0.155830413
v -0.0321610086 0.0208321959 -0.148303419
v -0.0314437374 0.0212192088 -0.145944744
v -0.0248664208 0.0209322125 -0.145882636
v -0.0252602603 0.0246531013 -0.145028487
v -0.0248690117 0.0234812554 -0.139603794
v -0.0247886591 0.0309154876 -0.146287233
v -0.0246082582 0.0289282221 -0.137969494
v -0.0179643724 0.0273705646 -0.158583134
v -0.0198802929 0.0310898777 -0.14977704
v -0.01982449 0.0301833209 -0.141165838
v -0.0178349782 0.0291812085 -0.150949419
v -0.0176452044 0.0283269603 -0.141994223
v -0.0177784301 0.0330965035 -0.138148904
v -0.0162657276 0.0349769853 -0.137331232
v -0.0123210168 0.0318133049 -0.155446842
v -0.0133600673 0.0329434425 -0.151781619
v -0.0151080098 0.0330060571 -0.146196395
v -0.0104481429 0.0111192586 -0.179021358
v -0.00697069429 0.00805247854 -0.176893473
v -0.0101768849 0.0259938743 -0.176523313
v -0.0106949359 0.0236101709 -0.170794532
v -0.011537509 0.0299769808 -0.163529322
v -0.0105937272 0.0275557693 -0.171318382
v -0.00871055014 0.0304832365 -0.168840647
v -0.0111030973 0.0320828035 -0.159722045
v -0.00349999382 0.0271997191 -0.159334645
v -0.00718292547 0.00660109147 -0.180284411
v -0.00707658101 0.0150571493 -0.177067623
v -0.0055732443 0.0134100886 -0.174780831
v -0.00701675145 0.0280244295 -0.1696821
v -0.0068337447 0.0207616054 -0.169386894
v -0.00613888213 0.0219840333 -0.16960153
v -0.00367601146 0.0214382559 -0.168738827
v -0.00352068944 0.024733657 -0.164274648
v 0.0132872565 0.0294412896 -0.173727721
v -0.00352598354 0.0280532148 -0.169347286
v -0.00451063225 0.0320433155 -0.162466928
v -0.00342862261 0.0300342869 -0.162266821
v -0.0334820934 0.0035283512 -0.167451993
v -0.0324119776 0.0100652147 -0.160338685
v -0.0332835577 0.0119627574 -0.15811336
v -0.0253184978 0.013474484 -0.176454753
v -0.0253280047 0.0185906813 -0.173363999
v -0.0252264515 0.0230463687 -0.169302002
v -0.0252009872 0.0266709942 -0.164403841
v -0.0216073673 0.00987857487 -0.178129405
v -0.0217385981 0.00510983448 -0.179412842
v -0.0166056473 0.00340234488 -0.17817302
v -0.0195048694 0.00458245538 -0.180339307
v -0.0183646064 0.00745994132 -0.176809132
v -0.0204658024 0.0086963065 -0.179422081
v -0.0215693433 0.0130739622 -0.176907897
v -0.0214921422 0.0165032186 -0.174953029
v -0.0194170009 0.0126933763 -0.17599149
v -0.0193089992 0.0129420841 -0.177942127
v -0.0194652304 0.0158002041 -0.17649959
v -0.0182688572 0.0128166741 -0.174832344
v -0.0210542548 0.0200765375 -0.172763243
v -0.0191165488 0.0197350569 -0.171320185
v -0.0202182718 0.0221254211 -0.170264453
v -0.0201634075 0.0236634463 -0.170490518
v -0.0197557565 0.0189400334 -0.174445242
v -0.0181788132 0.0177757461 -0.171731606
v -0.0182313211 0.0213272162 -0.172541603
v -0.0181682836 0.021713879 -0.168062747
v -0.0202842653 0.0265539531 -0.164709508
v -0.0180647243 0.0250334647 -0.163557723
v -0.0202181656 0.0293969903 -0.158733279
v -0.0104830693 0.0177058559 -0.175668374
v -0.0066486788 0.0176189598 -0.172085807
v -0.0109807616 0.0284330621 -0.171987385
v -0.00347835757 -0.0329108275 -0.141766965
v -0.00928127952 -0.0349378698 -0.136584044
v -0.00321240607 -0.0318726152 -0.153951466
v -0.00351521606 -0.0277548023 -0.157317013
v -0.00327804801 -0.0288579445 -0.151943326
v -0.00324453483 -0.0286566168 -0.144703284
v -0.00289481203 -0.0274115689 -0.13964349
v 0.0185377672 -0.0333046019 -0.152850747
v -0.0331889689 -0.0241435897 -0.154267505
v -0.0330148935 -0.0248652641 -0.148286194
v -0.0329508819 -0.0242230222 -0.142766222
v -0.0328579135 -0.0223343335 -0.137543902
v -0.0250762943 -0.0250153262 -0.148960561
v -0.0254812557 -0.0239742976 -0.155446038
v -0.0250336193 -0.0293455515 -0.158193424
v -0.0248605944 -0.0309098698 -0.148586065
v -0.0253005717 -0.024475934 -0.143643916
v -0.02469863 -0.0295709018 -0.139624417
v -0.0248293448 -0.0224637091 -0.137634933
v -0.0162664764 -0.0329801552 -0.141942278
v -0.0170568638 -0.0347404368 -0.138062745
v -0.0201058276 -0.030022189 -0.156185284
v -0.0199989155 -0.0309064221 -0.149408564
v -0.0177927352 -0.0289522335 -0.149801239
v -0.0197037794 -0.0297043584 -0.140201971
v -0.017694233 -0.0286158342 -0.144287422
v -0.0175848436 -0.0271883272 -0.13875635
v -0.0129341837 -0.0319389775 -0.154076278
v -0.0122564156 -0.0336831622 -0.150574639
v -0.0173496399 -0.0337375514 -0.139642581
v -0.0140619697 -0.032700941 -0.149235353
v -0.0102739921 -0.0257701278 -0.176640376
v -0.00985693745 -0.0255005509 -0.18141824
v -0.00725588808 -0.0257365629 -0.177315861
v -0.0104924515 -0.0289439503 -0.172516331
v -0.0111220935 -0.028780112 -0.167384103
v -0.0104972897 -0.027508717 -0.171111956
v -0.0121308994 -0.0308509022 -0.160456806
v -0.0104641495 -0.0171707142 -0.176030502
v -0.0107383877 -0.023091089 -0.171150491
v -0.0068569188 0.00367530994 -0.17785795
v -0.00484755728 -0.0326650143 -0.158403233
v -0.00487109832 -0.0307041183 -0.168414131
v -0.00708647352 -0.0276146829 -0.169812545
v -0.00696326233 -0.0199723337 -0.170023546
v -0.00352101773 -0.0281057544 -0.169384211
v -0.00503424508 -0.0207096785 -0.169314146
v -0.00354736438 -0.025796432 -0.162269965
v -0.00352357468 -0.0230343901 -0.166606009
v -0.0033427868 -0.0301493742 -0.160703719
v -0.0070666098 -0.0154875871 -0.17632702
v -0.00592179224 -0.0171833262 -0.172207505
v -0.00546386372 -0.0146026891 -0.17407617
v -0.00638236804 -0.0109808212 -0.175845563
v -0.00658922968 -0.00580960605 -0.177452505
v -0.0332955942 -0.0216780454 -0.160763219
v -0.0333811603 -0.0162026063 -0.167323738
v -0.0332006142 -0.0117741553 -0.170407027
v -0.0335511453 -0.00681550847 -0.172403306
v -0.0335336998 -0.00139743893 -0.173240647
v -0.032634031 0.00120229402 -0.170103908
v -0.0320713595 2.50560352e-05 -0.17011176
v -0.0322143771 -0.00491760252 -0.165371016
v -0.0325360745 0.00454151398 -0.166423827
v -0.0251078177 -0.0251740552 -0.163382128
v -0.0253085084 -0.0221169796 -0.16059348
v -0.0256118849 -0.0159602873 -0.16787523
v -0.0247868579 -0.0177204907 -0.16865246
v -0.0250245519 -0.0173136145 -0.170543462
v -0.0254978612 -0.0195988156 -0.164104402
v -0.0250369608 -0.0229841936 -0.165366307
v -0.0245781541 -0.0228364412 -0.163570464
v -0.025181273 -0.0200389232 -0.168101534
v -0.0250889305 -0.0118849231 -0.175479934
v -0.0254628044 -0.00711310795 -0.178374022
v -0.0255963039 -0.0111818099 -0.170981929
v -0.0256163944 -0.00642901566 -0.172804475
v -0.0252158325 -0.0146179004 -0.172966212
v -0.0247667227 -0.0119019374 -0.173437312
v -0.0255086683 0.00189097656 -0.179610968
v -0.0253906604 7.4688498e-05 -0.17031762
v -0.0255486649 -0.00123932492 -0.173607498
v -0.0322350301 -0.00115911372 -0.161215097
v -0.0256248824 -0.00467812829 -0.165272549
v -0.0251407493 0.000680853613 -0.159361586
v -0.0177802648 -0.0272677001 -0.171401516
v -0.0200205781 -0.0241162106 -0.17040582
v -0.0188876893 -0.0247973781 -0.163610563
v -0.0198134296 -0.027605284 -0.161159545
v -0.0179286283 -0.0278335605 -0.157165155
v -0.0213239081 -0.0133027649 -0.177886486
v -0.020796949 -0.0202807616 -0.173470527
v -0.0195126813 -0.0187623352 -0.169392943
v -0.0187457614 -0.023336716 -0.165060222
v -0.0176623743 -0.0197413638 -0.16989772
v -0.0202368665 -0.00877469126 -0.178057119
v -0.0193486903 -0.00890582055 -0.179398686
v -0.0183112491 -0.00942460075 -0.176239058
v -0.0188857224 -0.0147638517 -0.173305839
v -0.0196014121 -0.0124186147 -0.173147663
v -0.0189902224 -0.0121738594 -0.175051153
v -0.0216753408 -0.00553084072 -0.179392755
v -0.0205331109 -0.00497285649 -0.179983363
v -0.016413223 -0.00312644895 -0.178139582
v -0.018857345 -0.00302784913 -0.180641904
v -0.0185491573 -0.00299544656 -0.177626252
v -0.0186075158 0.00244757533 -0.177728936
v -0.0141494162 -0.0287879705 -0.172907293
v -0.0104064569 0.00282860966 -0.180908844
v 0.0328227282 0.0172589943 -0.169652864
v 0.0394196399 0.00103868393 -0.20172973
v 0.0399608165 0.00690230308 -0.19847931
v 0.040185716 0.0160839166 -0.196766764
v 0.032645762 0.0120788068 -0.171364173
v 0.036913719 0.0118603343 -0.18769604
v 0.0367050841 0.0175965372 -0.191482127
v 0.0337477177 0.0179424938 -0.165246651
v 0.0378094763 0.0176367033 -0.180094227
v 0.0415011048 0.00516103161 -0.201481819
v 0.0422968343 0.00397503097 -0.195026964
v 0.0418592058 0.00788440369 -0.196963429
v 0.0439858288 0.00891548209 -0.194994867
v 0.0416211747 0.00909825228 -0.195278078
v 0.0421931632 0.0114866942 -0.195705876
v 0.041726999 0.0175121594 -0.199743554
v 0.0433596 0.0136319092 -0.193324387
v 0.0414424948 0.014538046 -0.191966459
v 0.042827718 0.017834913 -0.182619944
v 0.0477108881 0.0154069941 -0.173966378
v 0.0437394679 0.0173547491 -0.186436936
v 0.0451125763 0.0196268428 -0.178507149
v 0.0262270495 0.0251093395 -0.188693449
v 0.0261783823 0.0241379924 -0.192931533
v 0.0306768771 0.0172357522 -0.193253323
v 0.0264992435 0.0230543837 -0.188372821
v 0.027949566 0.0244043507 -0.181584969
v 0.0284110606 0.026543146 -0.183037281
v 0.0377423503 0.00121124426 -0.213523924
v 0.0362430327 0.00307522062 -0.206453994
v 0.0303457063 0.0120388102 -0.196371526
v 0.0315292254 0.0178276226 -0.190314204
v 0.036804717 0.00116865395 -0.22104463
v 0.0355201028 0.00318022119 -0.212060034
v 0.0385786593 0.00156474882 -0.206048131
v 0.0387070589 0.0110519994 -0.206556901
v 0.034911152 0.0117684538 -0.206889838
v 0.0348579437 0.0123362932 -0.21195443
v 0.0357783288 0.011913809 -0.211825594
v 0.0362432413 0.0110951439 -0.206837624
v 0.0367036462 0.0120970495 -0.211518541
v 0.035001833 0.0170734171 -0.210531309
v 0.0378553122 0.0112551814 -0.212810054
v 0.0398051329 0.0177156571 -0.199669212
v 0.0353565738 0.0126769515 -0.206743404
v 0.0342121311 0.0176599361 -0.213026032
v 0.0408142172 0.0181060638 -0.201969668
v 0.0223896783 0.0013953615 -0.222675696
v 0.0239580572 0.0011412428 -0.212043956
v 0.0227310676 0.0208521038 -0.214368671
v 0.0247231405 0.0221017096 -0.203954965
v 0.0239608306 0.00309056859 -0.210496217
v 0.0247201975 0.00311891292 -0.204969928
v 0.0253107063 0.0012232156 -0.203578949
v 0.031369023 -0.0173548516 -0.186305717
v 0.0383695476 -0.0174137633 -0.173358813
v 0.0367831215 -0.0118433582 -0.19231759
v 0.0402318425 -0.00815944839 -0.196731076
v 0.0377179421 -0.0120732058 -0.182584435
v 0.0360228792 -0.000852221157 -0.201322794
v 0.0436486155 -0.0176854022 -0.18480067
v 0.0402738005 -0.0146303484 -0.19619666
v 0.041472584 -0.0120809237 -0.19394815
v 0.04183295 -0.00857693516 -0.194892541
v 0.0421984643 -0.0116187176 -0.195838764
v 0.0432387665 -0.0146762105 -0.1924631
v 0.0437511131 -0.0100400224 -0.19482246
v 0.0417121686 -0.0156717971 -0.189328611
v 0.0479980968 -0.0129103167 -0.166310862
v 0.0492724106 -0.00669199647 -0.174263701
v 0.0413991697 -0.00481514074 -0.201230496
v 0.0417944416 -0.0079147974 -0.19678168
v 0.0423984304 -0.00203549815 -0.195329443
v 0.0444436707 -0.00122183503 -0.195180371
v 0.0489366464 -0.00532985665 -0.167658418
v 0.0501971915 1.14654658e-05 -0.172075376
v 0.0130429957 -0.0257303454 -0.186937287
v 0.026260158 -0.0249352958 -0.189076573
v 0.0284422394 -0.0265910216 -0.182612404
v 0.0263036638 -0.022900315 -0.187707886
v 0.0287688263 -0.0245990101 -0.180468023
v 0.0260986816 -0.0239630528 -0.19357501
v 0.025051672 -0.00116219313 -0.203594044
v 0.0253506433 -0.000967479078 -0.199826062
v 0.0253256131 0.000950148504 -0.199729666
v 0.0287001878 -0.0174750984 -0.215383023
v 0.0301329605 -0.0174860526 -0.199981987
v 0.0299839731 -0.012312727 -0.201897323
v 0.0299270935 -0.0116666239 -0.207320243
v 0.0355047621 -0.00304816756 -0.212077841
v 0.0386254936 -0.00117375411 -0.205767244
v 0.0349289812 -0.0175626911 -0.21077773
v 0.0362218507 -0.0176606495 -0.194607049
v 0.039848078 -0.0175928194 -0.199257851
v 0.0350592546 -0.0119981756 -0.211654678
v 0.035944093 -0.0119251134 -0.209945947
v 0.0354317576 -0.0118652554 -0.207000762
v 0.0368084833 -0.0119611286 -0.211476803
v 0.0355858766 -0.0105281854 -0.212042063
v 0.0377794318 -0.0107617946 -0.212761462
v 0.0385649353 -0.0110183833 -0.206573382
v 0.0323028713 -0.011609707 -0.18473348
v 0.0362035558 -0.0108344359 -0.206923947
v 0.0395719148 -0.00533929421 -0.200977877
v 0.0395245068 -0.000956587086 -0.201434746
v 0.0377678201 -0.00101957598 -0.213625312
v 0.0362328477 -0.00294535537 -0.206443757
v 0.0417970307 -0.0174589492 -0.198652565
v 0.0239017531 -0.00298535614 -0.210722446
v 0.0225977059 -0.00134768046 -0.221340612
v 0.0248977132 -0.0222207177 -0.202481553
v 0.0246520154 -0.00304726022 -0.20492658
v 0.0239502937 -0.00106533291 -0.2120011
v -0.0178605411 0.0151678314 -0.19924514
v -0.0167882387 0.0210494697 -0.195417941
v -0.0107177859 0.0110548809 -0.227692991
v -0.00814453885 0.0112858517 -0.22733894
v -0.0150004439 0.0173804406 -0.227270484
v -0.0137668401 0.0208106264 -0.210599989
v -0.0108511681 0.0209143162 -0.207793936
v -0.00843822584 0.0175601132 -0.225367934
v -0.00998028088 0.0205461644 -0.213990971
v -0.00824212562 0.0184175652 -0.218503326
v -0.010737652 0.0185777117 -0.212493762
v -0.00791576132 0.0192266256 -0.210418195
v -0.0105943093 0.0200246889 -0.203230023
v -0.0110109281 0.0224753153 -0.199008629
v -0.00759801921 0.0205912571 -0.198485836
v -0.00614502886 0.0223907381 -0.200712129
v -0.00563144544 0.0243899096 -0.192189068
v 0.0126468008 0.0237797778 -0.195043206
v -0.0210304614 0.0134820957 -0.179255188
v -0.0193755683 0.0193574987 -0.182054549
v -0.0187735595 0.0262739807 -0.170803741
v -0.0162232239 0.0281403363 -0.172387615
v -0.0149334492 0.022948809 -0.195230454
v -0.0101985214 0.0243507847 -0.190378174
v -0.00955654029 0.0220445804 -0.194704041
v -0.00760895433 0.0230197385 -0.189724401
v -0.010312953 0.0248041507 -0.182573184
v -0.00955345482 0.0240756571 -0.186441541
v -0.0134903304 0.0289415028 -0.172872603
v -0.0101025263 0.0257801209 -0.184848815
v -0.01017032 0.0277778115 -0.177814096
v -0.0073905075 0.0251800623 -0.181698009
v -0.00718454784 0.0259469599 -0.177040324
v -0.0164799821 -0.0133716166 -0.215642691
v -0.0168399941 0.00546639459 -0.212948531
v -0.0104503091 -0.0204651654 -0.21139577
v -0.0108236726 -0.0174880624 -0.224877581
v -0.0154927727 -0.0191114005 -0.213824973
v -0.0107741645 -0.0183939971 -0.217732072
v -0.00807433017 -0.018117046 -0.218576908
v -0.0153662516 -0.0207547918 -0.205498084
v -0.012785458 -0.0214731432 -0.205445141
v -0.00781092653 -0.0191299729 -0.208569899
v -0.0104345391 -0.0192714147 -0.208869934
v -0.0105486978 -0.0202815924 -0.199245065
v -0.00546517037 -0.0202361066 -0.216757968
v 0.00137381116 -0.0219381656 -0.203259498
v -0.00602386799 -0.025698524 -0.186724707
v 0.0135845719 -0.0309729036 -0.167198002
v -0.0175308771 -0.0238229427 -0.182491705
v -0.0188347846 -0.0184992831 -0.186358139
v -0.0184743199 -0.00635099784 -0.199099809
v -0.0183219891 -0.0135558574 -0.196780577
v -0.0190299861 0.00431863777 -0.195965886
v -0.0100883655 -0.0240968671 -0.191119283
v -0.0100894449 -0.0272108484 -0.179705337
v -0.0101885349 -0.0256808698 -0.184823751
v -0.0103380177 -0.0240600593 -0.185064524
v -0.00995428208 -0.0223336238 -0.199868903
v -0.00864452589 -0.0206965879 -0.200893119
v -0.0146225616 -0.0237645712 -0.192136735
v -0.00748512847 -0.0224541426 -0.192079693
v -0.010394481 -0.0223668143 -0.191272289
v -0.00740949111 -0.0238563474 -0.186068743
v -0.0104159135 -0.00806240272 -0.180034786
v -0.0104174092 0.0216935165 -0.191392571
v -0.00758558139 -0.0207434334 -0.196684137
v -0.00715809828 -0.00850271527 -0.179551303
v 0.0339999758 0.0025863396 -0.239484981
v 0.0346613042 0.00255187717 -0.234920397
v 0.0343506858 0.00646660384 -0.23882933
v 0.0349825285 0.00120593293 -0.233174026
v 0.0269367453 0.0171542875 -0.234112427
v 0.0316748768 0.0117078638 -0.244065657
v 0.0326323248 0.0127746314 -0.247516528
v 0.0281542409 0.0124228112 -0.219204068
v 0.0281577557 0.0118271038 -0.225296363
v 0.0288170092 0.0172555521 -0.213535607
v 0.032551311 0.0173681527 -0.237556443
v 0.0315836035 0.0175396558 -0.243874401
v 0.028161943 0.0177517012 -0.227307111
v 0.0344004966 0.00215396332 -0.243511885
v 0.0336576216 0.00497124437 -0.24512361
v 0.0357448719 0.00442105113 -0.243526235
v 0.0348347314 0.00639903452 -0.235200733
v 0.033687342 0.0120282322 -0.243923083
v 0.0328394696 0.013540891 -0.23851271
v 0.033027485 0.0159825198 -0.243919089
v 0.0340644084 0.0141610047 -0.241081581
v 0.032186795 0.0147142587 -0.24187395
v 0.0377167724 0.0177581552 -0.229134262
v 0.0324449614 0.0117850825 -0.23483713
v 0.034150321 0.0136309527 -0.237610921
v 0.0331526399 0.0140452078 -0.231305629
v 0.0355313644 0.0133365635 -0.230416685
v 0.035439536 0.0166412182 -0.230245054
v 0.0347109884 0.0174982008 -0.236832082
v 0.0333770514 0.0130176907 -0.228484169
v 0.0359640792 0.014113659 -0.227283582
v 0.0336040705 0.0176337119 -0.245265856
v 0.0334629379 0.0153069347 -0.239804268
v 0.0367352925 0.0177661758 -0.222307384
v 0.0333718732 0.016846437 -0.229015172
v 0.0205903556 0.00211654906 -0.238625899
v 0.0205470696 0.006379453 -0.236902133
v 0.021509409 0.0025558963 -0.233048052
v 0.0216781385 0.00348546496 -0.237399623
v 0.0215416253 0.00110479328 -0.231792971
v 0.0207664631 0.0199892819 -0.227755696
v 0.0210527163 0.00634246366 -0.23327446
v 0.027232362 -0.0175557025 -0.231857315
v 0.0323211625 -0.0177639332 -0.235556051
v 0.0319526866 -0.0119367698 -0.243453473
v 0.0277510583 -0.0121413991 -0.22625342
v 0.0327449329 -0.0120004751 -0.236857042
v 0.0351230912 -0.00195082242 -0.243769139
v 0.0329703353 -0.015480103 -0.244649529
v 0.0332077593 -0.0156448185 -0.239828229
v 0.0337158591 -0.0176374801 -0.24506107
v 0.034665063 -0.0176927708 -0.23700124
v 0.032678578 -0.017116541 -0.237658218
v 0.0355370492 -0.0167120881 -0.229745984
v 0.0351238847 -0.0141364168 -0.232265517
v 0.0371199362 -0.0176553186 -0.219072998
v 0.033111047 -0.0152971437 -0.2323993
v 0.0334322527 -0.0168690328 -0.228688553
v 0.039096877 -0.0175754931 -0.21894455
v 0.0341089033 -0.0141279651 -0.238107964
v 0.0343260616 -0.00590884779 -0.238809451
v 0.0333851352 -0.0120461453 -0.229272038
v 0.0357879624 -0.0134458533 -0.227969021
v 0.0357915796 -0.00428888714 -0.24347505
v 0.033569362 -0.00203919061 -0.240288571
v 0.0344310068 -0.00396640832 -0.244326442
v 0.0348010734 -0.0017773523 -0.246479273
v 0.0348703675 -0.00106921932 -0.234222621
v 0.0348622724 -0.00631717779 -0.235314697
v 0.0364113413 -0.00118950743 -0.223530486
v 0.0209928248 -0.0198861789 -0.226926625
v 0.023246618 -0.0205567293 -0.215440065
v 0.0205451865 -0.00629183138 -0.236916393
v 0.0203091428 -0.00202480983 -0.239562646
v 0.0211202018 -0.00623324327 -0.233298063
v 0.0220283438 -0.00277346931 -0.237611383
v 0.0212379619 -0.000994513743 -0.231764644
v 0.022715345 -0.00219093566 -0.233241811
v 0.0168618672 0.0182353854 -0.264965653
v 0.0249542668 0.0171042737 -0.255636573
v 0.0186167099 0.0198422223 -0.23915261
v 0.0257597938 0.0118678324 -0.246241257
v 0.0308516994 0.0116833244 -0.249829456
v 0.0311464258 0.0123766419 -0.252302229
v 0.0306703504 0.0173720662 -0.257260472
v 0.0194205176 0.00221272279 -0.246418327
v 0.0213282667 0.0184284896 -0.230488047
v 0.034804076 0.00201288611 -0.246428758
v 0.0325179212 0.0129761575 -0.251696616
v 0.0326260626 0.0151528865 -0.249068081
v 0.0310975965 0.0174246151 -0.248253241
v 0.0326449238 0.00688851578 -0.253284007
v 0.0343063362 0.00756137026 -0.253918171
v 0.0321076661 0.0156953093 -0.25290665
v 0.0343446881 0.0147409784 -0.253964424
v 0.0349459499 0.0177920926 -0.249150366
v 0.0335689299 0.0175891574 -0.251840889
v 0.0171218589 -0.0177981313 -0.263045937
v 0.0246690158 -0.0171071533 -0.258519173
v 0.0182890538 -0.0196811985 -0.242161304
v 0.0181690995 0.00236854423 -0.25516513
v 0.0181648191 -0.00204770872 -0.255246073
v 0.0313092619 -0.0177358091 -0.24699828
v 0.0271537397 -0.0117579652 -0.236582413
v 0.0312608033 -0.0128029548 -0.253713191
v 0.0195598248 -0.0184347313 -0.243956029
v 0.0243348256 0.00196839776 -0.252099007
v 0.023955714 -0.00185385079 -0.252329022
v 0.0261826217 -0.017512951 -0.244134471
v 0.0314286016 -0.0156145524 -0.252513796
v 0.0322827771 -0.0124898581 -0.25369665
v 0.0326874778 -0.0164012369 -0.250297666
v 0.0340897776 -0.0178697221 -0.25093317
v 0.035152182 -0.0176243763 -0.248030826
v 0.0341425315 -0.0147407716 -0.254042983
v 0.0336246267 -0.0125035876 -0.244050011
v 0.0326560065 -0.00665249117 -0.252282292
v 0.0342400074 -0.00738061871 -0.253996432
v -0.0127031617 -0.0197839905 -0.225381106
v -0.00988326501 -0.0195291638 -0.231492713
v -0.010664029 -0.0166309513 -0.227587461
v -0.00826209132 -0.0167810358 -0.227575526
v -0.0148274656 -0.0119263735 -0.238979146
v -0.0108241253 -0.000882857887 -0.227431908
v -0.0154303536 0.0128610618 -0.229280248
v -0.0108594755 0.0169264171 -0.227156043
v -0.00817106012 0.0164292753 -0.227883056
v -0.0144530004 0.0192990061 -0.220039338
v -0.012270458 0.019705411 -0.229549214
v 0.012020384 -0.020295959 -0.219478697
v -0.0133782737 -0.016544614 -0.262746811
v -0.0111325905 -0.0186760668 -0.255654365
v -0.0128421048 -0.018978009 -0.246372849
v -0.0143811908 -0.00299841445 -0.257584661
v -0.0142822107 0.00941546541 -0.254006714
v -0.0130418865 0.0179735273 -0.269780248
v -0.0126633085 0.0187739879 -0.2619977
v -0.0110122962 0.0187696721 -0.258125931
v -0.00976068247 0.0196492113 -0.229521021
v 0.00962386001 -0.0180055778 -0.283639669
v 0.0138319936 -0.018091986 -0.27425617
v 0.0160901248 -0.0184582341 -0.268477619
v 0.00906221755 -0.00784680806 -0.28886351
v 0.00977583881 -0.00349272788 -0.283129096
v 0.0234808978 -0.0176843051 -0.272743374
v 0.0238337461 -0.0121918628 -0.268929482
v 0.0300654564 -0.0173437186 -0.264373004
v 0.0282310545 -0.0120667657 -0.292011768
v 0.0252510216 -0.0117887361 -0.254466265
v 0.030731 -0.0118423365 -0.251794577
v 0.0285279322 -0.0124418568 -0.282173336
v 0.00909531862 0.0071250922 -0.288716137
v 0.0095504541 0.00360664725 -0.283602118
v 0.0159480125 0.0186334122 -0.269058377
v 0.00909475703 0.0182606541 -0.288876891
v 0.00932658464 0.0182457175 -0.284395039
v 0.0124784037 0.0187747702 -0.276441365
v 0.0142349964 0.0197622459 -0.268579185
v 0.021758778 0.0117790578 -0.288372844
v 0.0219610501 0.017052304 -0.287624955
v 0.0241703559 0.0118933944 -0.263823777
v 0.0281563345 0.0115719652 -0.273856282
v 0.0291530527 0.0119263297 -0.272815168
v 0.0291462913 0.0169360489 -0.274531275
v 0.0256552231 0.0176883657 -0.254244238
v 0.0287907999 0.0174883287 -0.272137076
v 0.0102930125 0.00811301265 -0.306706667
v 0.0122761605 0.00818995852 -0.301233113
v 0.011599645 0.00821738038 -0.296459198
v 0.0153038949 0.0117843216 -0.310904652
v 0.0102985399 0.0184453838 -0.306487918
v 0.0119101051 0.0184114277 -0.302667618
v 0.0138923731 0.0117684379 -0.305387348
v 0.0140344659 0.0176880471 -0.304441124
v 0.0146723902 0.0175951757 -0.309070766
v 0.0120822312 0.0183946844 -0.297874957
v 0.0145065077 0.0122600654 -0.30188635
v 0.0174544714 0.0172226634 -0.312987864
v 0.0207584556 0.0117816916 -0.314775854
v 0.0223781057 0.01743594 -0.314922601
v 0.0286754854 0.0114792585 -0.294796139
v 0.0188892074 0.0117940195 -0.295536906
v 0.0163976289 0.0176358111 -0.299317181
v 0.0199945308 0.0176188797 -0.294033378
v 0.0278295428 0.0174113158 -0.290865332
v 0.0233090986 0.0175447762 -0.274824709
v 0.0277105775 0.0119101275 -0.313885748
v 0.0274481196 0.0168394484 -0.314189017
v 0.0318502784 0.0114117628 -0.309496403
v 0.0318810269 0.0116275689 -0.302066475
v 0.0308910906 0.0172958113 -0.310982227
v 0.0322675258 0.0169360731 -0.302670807
v 0.0278824084 0.0119880727 -0.289724022
v 0.030210264 0.0171961822 -0.298584104
v 0.0325130224 0.0168626755 -0.307557851
v 0.0110107334 -0.0184441768 -0.305268735
v 0.0140300905 -0.0175992381 -0.307644099
v 0.0111590577 -0.0194178596 -0.298594028
v 0.0123968599 -0.0179504883 -0.299480468
v 0.0148044871 -0.0170635842 -0.301444978
v 0.00907354057 -0.0177215356 -0.288654864
v 0.014090972 -0.0118105337 -0.305556744
v 0.0152615663 -0.0120623 -0.310610771
v 0.0118850796 -0.00801526941 -0.303302974
v 0.0147790303 -0.012252422 -0.301706463
v 0.0177027825 -0.0177417416 -0.313282222
v 0.0247384291 -0.0173134878 -0.31505686
v 0.0283485278 -0.0180474762 -0.313386053
v 0.019363353 -0.0176707469 -0.294923067
v 0.0219984688 -0.0176960155 -0.28772527
v 0.0192330647 -0.0119043011 -0.313896507
v 0.0237371903 -0.0122922147 -0.315116733
v 0.0204137862 -0.0118071875 -0.293374509
v 0.0223733559 -0.0118981479 -0.285838574
v 0.0273076408 -0.0179283656 -0.291255385
v 0.0312881768 -0.0179911125 -0.310485005
v 0.0327667519 -0.0178879332 -0.305789351
v 0.0298389103 -0.0176023431 -0.29729408
v 0.0278685465 -0.0173407644 -0.289060712
v 0.0288978536 -0.0121165756 -0.313185334
v 0.0323506854 -0.0125326123 -0.309135884
v 0.0324497595 -0.0122136679 -0.303268075
v -0.0118873743 0.00524998689 -0.288261592
v -0.00957708433 0.00364940986 -0.287984073
v -0.0140536148 0.00955512468 -0.280032039
v -0.0123749319 0.00572723243 -0.280942947
v -0.00971241109 0.00352877937 -0.281404048
v -0.0125160599 0.0156569611 -0.280773669
v -0.0129986759 0.0180768725 -0.279451042
v -0.0115179876 0.0179020353 -0.279643774
v 0.00898949523 0.00361510622 -0.288393974
v 0.0104819918 0.00301985093 -0.281764805
v 0.00649894169 0.0192857329 -0.285990924
v 0.00410971232 0.0196573026 -0.238011628
v -0.0125207203 -0.0154720303 -0.280750901
v -0.0112132914 -0.0181162562 -0.279594749
v -0.0129949013 -0.0180764534 -0.279270619
v -0.0127247879 -0.0186121333 -0.263457388
v -0.0124653168 -0.00791489705 -0.288433552
v -0.0122984136 -0.00535475137 -0.281008482
v -0.0140128871 -0.00907240249 -0.280027956
v -0.0116782887 -0.00474745547 -0.28788504
v -0.00913394336 -0.00357467006 -0.288194478
v -0.0126233352 -2.19011908e-05 -0.280148834
v -0.00991136301 -0.00341127114 -0.281384766
v -0.0144759063 -0.000607465394 -0.279180586
v 0.00400349079 -0.0195893981 -0.23775278
v 0.00902058277 -0.00354303629 -0.288432539
v 0.0104945935 -0.0030843569 -0.28174597
v 0.00731925713 -0.0192701202 -0.286386341
v 0.0143762026 -0.0196901411 -0.267198145
v -0.00990360603 0.00811613258 -0.3073394
v -0.0124572515 0.00813563913 -0.300755769
v -0.00754013844 0.00807943381 -0.297308981
v -0.0124916891 0.00798926968 -0.288407743
v -0.0112699252 0.0159746166 -0.304912627
v -0.00719343219 0.0167766865 -0.309899867
v -0.012439712 0.0163448025 -0.299582601
v -0.0110159498 0.0175475013 -0.302112788
v 0.00198362698 0.00813053176 -0.312132984
v -0.00464650523 0.00812381599 -0.311452597
v -0.00782810897 0.00815128442 -0.301562607
v -0.0061153546 0.00814384036 -0.305164218
v -0.0027079999 0.00811782479 -0.307525486
v -0.00519356038 0.00810691342 -0.293939769
v -0.00158759416 0.00813850854 -0.29217118
v -0.00194634823 0.0162773952 -0.312160492
v -0.00789492019 0.0180394668 -0.297945291
v -0.00544571783 0.0182975903 -0.29395321
v -0.00107545813 0.018767748 -0.291882843
v -0.00290399557 0.0182656161 -0.310844392
v -0.00581246894 0.0179237854 -0.305653095
v -0.000957690703 0.0184907671 -0.308061332
v -0.00765700499 0.017747229 -0.302529663
v 0.0016272607 0.00811695401 -0.307810694
v 0.00520652719 0.00816207565 -0.306070447
v 0.00695954356 0.00811445061 -0.310073137
v 0.00752817979 0.00811695494 -0.302675813
v 0.00780683057 0.00814710278 -0.298363268
v 0.00257743569 0.00808724388 -0.29242304
v 0.00596915651 0.00813530106 -0.294717014
v 0.00392852165 0.0189449061 -0.306998134
v 0.00308685121 0.0174026787 -0.311830789
v 0.00668367697 0.0192313381 -0.295392841
v 0.00792634953 0.0192890745 -0.30248329
v 0.00303893909 0.0189595968 -0.292533964
v 0.0047405418 0.0190762784 -0.309709042
v 0.00712563796 0.0181879327 -0.309964865
v 0.0104146348 0.0197730865 -0.302240312
v 0.00918773375 0.00802686159 -0.289393187
v -0.0095451111 -0.0176152978 -0.305125564
v -0.00857840758 -0.0163374096 -0.308616102
v -0.0119472649 -0.0171473678 -0.298119128
v -0.00747041265 -0.0180422459 -0.296719253
v -0.0113548813 -0.0155912479 -0.304722309
v -0.00829626992 -0.00809347909 -0.309052706
v -0.0115580615 -0.00804031268 -0.304161012
v -0.0125899175 -0.0149911102 -0.298447371
v -0.0126125021 -0.0086849127 -0.298165619
v 0.000306527858 -0.0169292651 -0.312229514
v -0.00667891605 -0.017886037 -0.30466494
v -0.00477220956 -0.0172196422 -0.311192423
v -0.00339291082 -0.0182110965 -0.307398766
v 0.00155052298 -0.0183755402 -0.307995439
v -0.00804849062 -0.017821908 -0.300811678
v -0.00480148476 -0.0183138847 -0.293488324
v 0.000729716907 -0.0187729262 -0.291878641
v -0.00597096654 -0.00807388499 -0.305324882
v -0.00189168344 -0.00805510953 -0.312296033
v -0.00266331434 -0.00805971865 -0.3075293
v 0.0015205181 -0.00806999393 -0.307855517
v -0.00782850385 -0.00807480328 -0.301596135
v -0.00752832973 -0.00805443525 -0.297359198
v -0.00517001748 -0.00804764964 -0.293916315
v -0.00158946135 -0.00800577831 -0.292172849
v 0.00714493124 -0.0193943325 -0.306863755
v 0.00270473631 -0.0187764689 -0.310607076
v 0.00430131564 -0.0176707506 -0.311373562
v 0.00646387879 -0.0190142971 -0.304904401
v 0.00833188649 -0.0183068924 -0.308894813
v 0.00808802526 -0.0190609694 -0.298840463
v 0.00780951139 -0.00802214816 -0.298381656
v 0.00596639654 -0.0191902034 -0.294417799
v 0.00517954305 -0.00806546304 -0.306075394
v 0.00447810628 -0.00806659646 -0.311389208
v 0.00851997081 -0.00804283004 -0.308827311
v 0.00273024617 -0.00805161335 -0.292495966
v 0.00607609469 -0.00805518683 -0.294833571
v 0.00752768619 -0.00802454818 -0.302710146
v 0.0118983733 -0.00800389517 -0.297263265
vn 0.9019831 0.4125566 0.1273723
vn 0.9871941 0.1591837 -0.01041358
vn 0.9795856 0.2002238 -0.01795562
vn 0.01831582 0.9628865 0.2692848
vn -0.08843995 0.9383664 0.3341359
vn -0.1448449 0.9612036 0.2347499
vn 0.01840781 0.3194988 0.9474078
vn 0.007862157 0.06266964 0.9980034
vn 0.01435003 0.08767855 0.9960455
vn 0.2019614 0.6567602 0.7265518
vn 0.1020571 0.4860342 0.8679603
vn 0.9985816 0.04224712 -0.03240267
vn 0.9966304 0.07182338 -0.03961407
vn -0.9942874 -0.100472 0.03602472
vn -0.9989946 -0.02343343 0.03821742
vn -0.9989151 -0.03118675 0.03458164
vn -0.02978225 -0.08614887 0.995837
vn 0.9990008 0.001205903 -0.04467469
vn -0.9966066 0.07261828 0.0387526
vn -0.9975199 0.06265606 0.03206937
vn 0.9975338 -0.06284786 -0.03124671
vn 0.9967809 -0.06931414 -0.04029129
vn -0.9914222 -0.1242383 0.04058116
vn -0.9889319 -0.1445005 0.03366401
vn -0.1896489 0.9537052 0.2334091
vn 0.9257284 -0.3290412 0.1864371
vn 0.9114164 -0.4073487 0.05820018
vn 0.99206 -0.04938387 0.1156641
vn 0.9900122 -0.1380176 -0.02875856
vn 0.9864758 -0.1590328 -0.03967696
vn -0.9932572 0.1109311 0.03368222
vn 0.2376438 -0.2887345 0.927447
vn 0.263588 -0.2969404 0.9177951
vn -0.9863348 0.1593543 0.0418321
vn -0.9893539 0.1413622 0.03457712
vn -0.308881 -0.8298025 0.4647801
vn 0.06376018 -0.9369369 0.3436334
vn 0.04605741 -0.9540106 0.2962134
vn 0.9509206 -0.04461728 0.3062013
vn 0.937645 0.309333 0.15854
vn 0.9143609 0.2843364 0.2882649
vn 0.8095654 0.5736822 0.1244693
vn 0.8670532 -0.3932543 0.3058917
vn 0.6844899 -0.7211294 0.1069859
vn -0.01251781 0.9995272 -0.02808562
vn -0.01550182 0.9998612 -0.006103799
vn -0.20944 0.9492702 -0.2345657
vn -0.005701123 0.9998653 -0.01539327
vn 0.03351392 0.997235 0.06632607
vn 0.03374564 0.9985252 0.0425282
vn -0.1175099 0.9429241 -0.3115854
vn 0.7088221 -0.329803 0.6235393
vn 0.8514211 -0.2321265 0.4703184
vn 0.7464012 -0.05505546 0.663215
vn 0.02967616 -0.9954721 0.09030335
vn 0.06191176 -0.9956292 0.06992461
vn 0.1917226 -0.9094648 0.3689393
vn 0.447326 -0.68086 0.5799388
vn 0.3073353 -0.9267282 0.2161474
vn 0.6905603 0.3170459 0.6500833
vn 0.839371 0.2782163 0.4669603
vn 0.642862 0.5752195 0.5058172
vn 0.6043249 -0.6581394 0.4490477
vn 0.3515308 -0.511121 0.7843349
vn 0.08093441 -0.9960959 0.03525036
vn 0.5895003 -0.2399141 0.7713174
vn 0.4055254 -0.08833446 0.9098056
vn 0.003929971 0.9999828 0.004346879
vn 0.4075162 0.5425605 0.7345465
vn 0.3513868 0.3149124 0.8816788
vn 0.5532439 0.3119449 0.7724064
vn 0.1924765 -0.2353652 0.9526573
vn 0.157561 -0.6505278 0.7429591
vn 0.007961724 0.9997836 0.01921977
vn 0.008435332 0.9999259 0.008772818
vn 0.4954549 -0.8499383 0.1792467
vn 0.2478388 -0.9678704 0.0424603
vn 0.03107864 0.9985142 0.04476301
vn -0.05128745 -0.9944066 0.0923323
vn 0.06810806 -0.9970568 -0.03519953
vn 1.675827e-05 1 -0.0001479326
vn 0.05074159 0.9983644 -0.02634149
vn -0.2422418 0.9681126 -0.06384988
vn 0.06131368 0.9858351 0.156108
vn 0.005919627 0.9999824 0.0004511339
vn -0.2267121 0.9730463 0.04222175
vn 0.8074796 0.5261597 0.266707
vn -0.4227111 0.9025127 -0.08237855
vn 0.3162722 0.9473891 0.04925131
vn -0.2723937 -0.0003030387 0.9621858
vn -0.2775637 0.0001463854 0.9607072
vn -0.2585289 0.003243331 0.9659981
vn -0.07867224 0.9255475 0.3703679
vn 0.06028343 0.9979998 0.01903545
vn 0.03415448 0.9993895 -0.007346757
vn -0.2950143 0.05105136 0.9541281
vn -0.3635316 0.1736429 0.9152556
vn 0.9852497 0.1663189 -0.04026184
vn -0.2373453 -0.9712533 0.01828486
vn -0.5125408 -0.8581892 0.02851849
vn -0.5059548 -0.8621815 0.02554921
vn -0.2595775 0.6432863 0.7202793
vn -0.2422847 0.5770678 0.7799301
vn -0.2495892 0.7631912 0.596024
vn -0.8261672 -0.5612855 0.04905389
vn -0.956689 -0.2879903 0.04251842
vn -0.8192682 -0.5723032 0.03561886
vn -0.3090048 0.8639551 0.397615
vn -0.3300806 0.8331271 0.443786
vn 0.7292324 -0.6668648 -0.1533346
vn 0.5398278 -0.8417324 0.008519921
vn 0.6981158 -0.7151861 -0.03381078
vn 0.9734644 0.2260734 -0.0354658
vn 0.9192392 0.3913642 -0.04281719
vn 0.9506332 0.3087111 -0.03152747
vn -0.962961 -0.2638167 0.05574086
vn -0.9817536 -0.1851369 0.04340699
vn -0.1049326 0.8913426 0.4410186
vn -0.07654612 0.8199754 0.5672574
vn -0.3995776 0.3600081 0.8430492
vn 0.7076625 0.7056847 -0.03497012
vn 0.8671438 0.4974958 -0.0236581
vn 0.03214907 -0.9970893 0.0691328
vn -0.2637342 -0.002323779 0.9645925
vn 0.9910254 0.1178964 -0.06299997
vn -0.9966738 -0.06072722 0.05434543
vn -0.9983476 0.01853481 0.05439353
vn 0.5363494 -0.8433545 0.03290271
vn 0.2255974 -0.9399988 0.2559456
vn 0.9390987 -0.343557 0.007895126
vn 0.95474 0.2962382 0.02673056
vn 0.9540669 0.2933557 0.06081808
vn -0.1931648 -0.9507041 0.2425883
vn -0.2765223 -0.8714543 0.4050962
vn -0.09917779 -0.9512008 0.2922001
vn 0.8365194 0.5443985 0.06217442
vn 0.7878721 0.6140922 0.04634928
vn 0.9759691 -0.2156709 -0.03115002
vn 0.9705395 -0.2386622 -0.0330678
vn -0.2189735 -0.9430214 0.2505216
vn -0.1679849 -0.9471087 0.2734339
vn 0.9816867 -0.1883618 -0.0284827
vn -0.9931023 0.1033714 0.05533587
vn 0.05313733 0.9964721 0.06495945
vn 0.07773922 0.99454 0.06961945
vn 0.1343363 0.9876844 0.08020761
vn 0.9762283 0.00425524 -0.2167029
vn 0.9759141 0.02662477 -0.2165245
vn 0.9763732 0.003606513 -0.2160608
vn 0.5060729 0.3847137 0.7719362
vn -0.07748333 0.7502402 0.6566094
vn 0.5194035 0.7461788 0.416458
vn 0.9238747 -0.3799564 -0.04570337
vn -0.981003 0.1860943 0.05479161
vn -0.9798876 0.1955085 0.03995941
vn -0.3075537 -0.8426999 0.4418908
vn -0.1786159 -0.8430266 0.5073483
vn 0.9999 0.001058088 -0.01409907
vn 0.9999414 0.00273223 -0.01047972
vn 0.6030355 0.02820799 0.7972155
vn 0.5947702 -0.2298617 0.7703324
vn 0.7674829 -0.4783813 0.4267567
vn 0.9774686 0.007097166 -0.2109611
vn 0.9588348 -0.2821797 -0.03178635
vn 0.9733595 0.01135046 -0.2290035
vn 0.8051665 -0.5930232 0.005516906
vn 0.1582681 -0.985925 0.05388073
vn -0.352174 0.9358149 0.01495906
vn -0.1902831 0.981663 0.01140118
vn -0.1551562 0.9877893 -0.0141039
vn -0.2718658 0.9614415 0.04146226
vn -0.3299469 0.9439836 0.005485437
vn 0.01180559 -0.9997862 0.01697396
vn 0.05517732 -0.9983991 0.01243787
vn 0.03690064 -0.9991066 0.02059605
vn -0.9256986 0.3756188 0.04463816
vn -0.7387843 0.6725577 0.043175
vn -0.6934893 0.7198292 0.03030761
vn -0.07049432 0.9930467 0.09428055
vn 0.05834675 0.9978225 -0.03075574
vn 0.038688 0.9979418 -0.05114087
vn -0.11911 0.9855214 0.1206666
vn -0.01079059 0.9997963 0.01705575
vn -0.00169468 -0.9999919 0.00365428
vn 0.0220086 0.9988291 -0.04308263
vn -0.002704098 0.9999915 0.003105191
vn -0.001861688 -0.9999065 0.01354098
vn -0.4166834 0.4073639 0.8126682
vn -0.3091388 0.8774194 0.3668358
vn -0.4516475 0.479638 0.7523044
vn -0.005139742 0.9995244 0.03040881
vn -0.009427997 0.99981 0.01705945
vn -0.1459515 0.9179623 0.3688408
vn -0.1244153 0.986064 0.1104474
vn 0.05417164 0.937902 -0.3426443
vn 0.09071993 0.9713914 -0.2194731
vn -0.02923916 0.9990164 0.03333814
vn -0.03084248 -0.3248345 0.9452679
vn -0.03325021 -0.6722301 0.7395952
vn -0.02238922 -0.08369083 0.9962402
vn 0.173365 0.3178058 0.9321717
vn -0.1521226 -0.9027621 0.4023424
vn 0.04158723 -0.9175552 0.3954276
vn -0.1786045 -0.6493387 0.7392291
vn 0.04878072 0.9492403 0.3107463
vn -0.1705424 0.3387966 0.9252741
vn -0.01840565 0.6111319 0.7913148
vn -0.2532094 0.5594777 0.789221
vn 0.03091398 0.3268166 0.944582
vn -0.393037 0.3541647 0.8485808
vn -0.2837291 -0.05947574 0.9570582
vn -0.3631144 -0.6439499 0.6734066
vn -0.03070471 0.963082 0.2674516
vn -0.02774833 0.9946054 0.0999507
vn -0.001336338 0.99999 0.004252246
vn 0.006397584 0.9999731 -0.00360999
vn -0.07083186 0.8762986 -0.476533
vn 0.0002113452 0.9999926 0.003841916
vn 0.2177444 0.574375 0.7891011
vn 0.002343966 0.9999963 -0.001407354
vn -0.06516077 0.9945247 0.08169919
vn -0.7520208 0.3036937 0.5850085
vn -0.7775277 -0.07690092 0.624129
vn -0.5713261 0.291362 0.7672645
vn -0.6217466 -0.2433087 0.7444676
vn -0.8918548 0.3019691 0.3367636
vn -0.9131796 -0.06093667 0.402976
vn -0.4606631 -0.2317664 0.8567811
vn -0.4679585 -0.6882244 0.5544024
vn -0.3248578 -0.9185529 0.2252287
vn -0.4102177 0.3964989 0.8212855
vn 0.003069132 0.9999893 0.003444912
vn 0.02205771 0.9993295 -0.02922285
vn -0.6094264 -0.6385753 0.469916
vn -0.7608746 -0.3172597 0.5660532
vn 0.09161616 0.9950566 -0.03832565
vn 0.04683937 0.9989024 -1.140287e-05
vn -0.7398211 -0.6639891 0.108551
vn -0.7362942 -0.6668745 -0.1146702
vn -0.3538768 -0.9341544 0.04611549
vn -0.09147915 -0.9951324 0.03664482
vn -0.2967635 -0.9521987 -0.07245015
vn -0.08209432 0.9965925 0.008004766
vn -0.01109613 0.9999342 0.002922414
vn -0.05424146 0.9985232 0.003041635
vn -0.8552779 0.4829631 0.18774
vn -0.9372663 0.3424378 0.0653326
vn -0.9632239 -0.2685452 0.009129439
vn -0.9703978 -0.1886984 -0.1507347
vn -0.0004693602 0.999985 0.005462954
vn 0.005041726 0.9999406 -0.009666584
vn -0.05224204 0.9985572 -0.01242026
vn -0.004225374 0.9999899 -0.001482648
vn -0.6831437 -0.671701 0.2865876
vn -0.8336177 0.5464581 -0.08040635
vn -0.9522516 -0.2280155 0.2030417
vn -0.03675468 0.9955876 -0.08633921
vn -0.09814255 0.978989 0.1787416
vn -0.003548788 0.9999763 -0.005886833
vn 0.007424765 0.9996614 -0.02494089
vn -0.04679052 -0.9986569 -0.0222523
vn 0.007988786 -0.9999681 0.0001654318
vn -0.02943021 0.9894816 0.1416337
vn -0.001877728 0.9964104 0.08463464
vn -0.4085851 -0.8939537 -0.1841332
vn -0.2367229 -0.9689696 -0.07113464
vn -0.1062334 -0.9911864 -0.07914528
vn -0.696054 -0.6847796 -0.2158374
vn 0.1720534 0.9824842 0.07157099
vn 0.06186967 0.9966136 0.05416124
vn -0.04554468 0.9979424 -0.04512963
vn -0.8278961 0.5580392 -0.05639241
vn -0.9557607 0.2918933 -0.03632843
vn -0.8545478 0.4947589 -0.1579923
vn -0.9385994 -0.2487401 -0.2390807
vn -0.9500797 -0.2806138 -0.1363986
vn -0.7124079 -0.6385477 -0.2910872
vn -0.3500738 -0.9071308 -0.2335852
vn -0.9697726 0.2078578 -0.1278137
vn -0.9221553 -0.3859879 -0.025354
vn -0.01693463 0.9962026 -0.08540309
vn -0.001858689 0.9999983 0.0001806596
vn -0.7284828 0.6849102 0.01452333
vn -0.478178 -0.8782342 -0.007115608
vn -0.3470761 -0.9328823 0.09627488
vn -0.2609476 -0.9648007 0.03265025
vn -0.6720591 -0.7160605 -0.1886635
vn -0.9744852 0.2240551 0.01334354
vn -0.9993984 0.03439537 -0.004468739
vn -0.4770443 -0.8726448 0.1044983
vn -0.1430318 -0.9865326 0.07934307
vn -0.7190417 0.6949551 -0.004045356
vn 0.5526248 0.833428 -0.001925868
vn 0.4449618 0.8950569 -0.02970124
vn -0.01795121 0.9736354 0.2274026
vn 0.2073214 0.9782728 -0.000266041
vn 0.06099546 -0.9981248 -0.005139033
vn -0.2369727 -0.9713406 0.01847456
vn -0.1074338 -0.9941316 0.01266436
vn 0.03791683 0.9992555 0.007120296
vn 0.03194588 0.9985696 -0.04287218
vn -0.6616842 0.7241939 0.1942095
vn -0.3572639 -0.9331841 0.03911345
vn -0.1889603 -0.9808093 0.04803165
vn 0.9080317 -0.4167301 -0.04259605
vn 0.9784496 -0.01945018 -0.2055673
vn 0.9610975 -0.01495468 -0.2758041
vn 0.9846162 -0.03769016 -0.1706177
vn -0.2653235 -0.9636376 0.03171754
vn -0.4326218 -0.9000013 0.05325288
vn -0.5163559 -0.8550861 0.04694976
vn 0.9223686 0.3801084 -0.06894758
vn 0.9770359 0.2042768 -0.06059519
vn -0.01411392 0.003000258 -0.9998959
vn -0.01425729 0.0425064 -0.9989945
vn -0.01443217 0.002934451 -0.9998916
vn 0.9853296 -0.03934448 -0.1660647
vn 0.9853976 -0.04326657 -0.1646803
vn -0.05846533 0.99738 0.042603
vn -0.03179389 0.9988393 0.03618409
vn 0.6083937 -0.7921922 -0.04784052
vn 0.6279735 -0.7741907 -0.07923334
vn 0.612092 -0.7892366 -0.04948616
vn -0.3320343 -0.942827 0.02881877
vn 0.9626187 0.020357 -0.2700939
vn -0.6144785 -0.7847928 0.08072459
vn -0.4112065 -0.9106689 0.03988945
vn 0.2315791 0.9723703 -0.02944837
vn -0.7072707 -0.7022053 0.0817053
vn 0.9157754 0.3937581 -0.07943644
vn 0.7217312 0.6897443 -0.05793842
vn 0.9865541 -0.03746002 -0.159084
vn 0.9884546 -0.03401346 -0.1476504
vn 0.7261658 0.6832002 -0.07694562
vn -0.7906308 -0.6068708 0.08130697
vn -0.9404063 -0.3310662 0.07766037
vn -0.8272442 -0.5589104 0.05732517
vn 0.04883166 0.9987735 -0.008183337
vn -0.2277602 -0.973133 0.03372589
vn 0.1877522 0.982022 -0.01954328
vn 0.005849207 0.9998931 0.01340213
vn 0.0928543 0.9956405 -0.008835867
vn -0.2331082 -0.9712594 0.04812084
vn 0.09748843 0.9948106 -0.02911556
vn 0.9967113 0.06229117 -0.05183227
vn 0.9979307 -0.02899093 -0.0573925
vn 0.9973771 -0.0007150078 -0.07237636
vn -0.9890203 -0.1378247 0.05332109
vn -0.9909192 -0.1126898 0.07334868
vn -0.9973351 -0.00991663 0.07228074
vn -0.04296489 0.9316936 0.3606955
vn -0.001338349 0.9998982 0.01420506
vn 0.003534418 -0.9999597 -0.008257439
vn 0.01073678 -0.9999241 -0.006028834
vn 0.02162965 -0.9996371 -0.01606156
vn 0.002977645 0.3680216 -0.9298125
vn 0.01880998 -0.9997967 -0.007264126
vn 0.02315917 -0.9997282 -0.002686628
vn 0.5957869 -0.7062879 -0.3823551
vn 0.2694249 -0.6585407 -0.7026623
vn 0.6580651 -0.6768088 -0.3299699
vn 0.5686611 -0.7687853 0.2925639
vn -0.1460194 -0.9861415 0.07876169
vn 0.00749046 -0.9999599 -0.004903135
vn 0.9922509 -0.03042925 -0.1204667
vn 0.9926095 -0.03198563 -0.117061
vn 0.3516442 -0.4360673 -0.8283668
vn 0.9996353 -0.002358781 -0.02689941
vn 0.9997167 -0.008583167 -0.02219982
vn 0.9997231 -0.007931132 -0.02215742
vn 0.9996601 0.00126433 -0.02604086
vn 0.9996969 0.001133193 -0.02459676
vn 0.9997771 -0.0005039304 -0.02110762
vn 0.9998862 -0.001667455 -0.01499181
vn 0.9997114 -0.01529265 -0.01852705
vn 0.0175349 0.9998211 0.00710383
vn 0.04510014 0.9988547 -0.01597249
vn 0.2394129 -0.9709105 -0.003762171
vn 0.3051561 -0.9515239 -0.03849806
vn 0.9998478 -0.004768783 -0.01678258
vn 0.9637305 -0.2664132 -0.01573626
vn 0.9954281 -0.09264085 -0.02325038
vn 0.9686474 -0.2475871 -0.0205636
vn 0.9793227 -0.0009841138 -0.202302
vn -0.9424825 0.3292533 0.05761085
vn -0.3484704 0.9370572 0.02218359
vn 0.9872011 0.02459758 -0.1575721
vn 0.9847337 0.03202481 -0.1710963
vn 0.9860376 0.02711437 -0.1643006
vn 0.9889774 0.02191143 -0.1464359
vn 0.9824744 0.05013822 -0.179528
vn 0.9848949 0.04109959 -0.1682046
vn 0.3395262 0.9373306 -0.07831549
vn 0.1430486 0.9876154 -0.06444429
vn -0.211668 0.9772819 -0.01080903
vn -0.3031213 0.9372196 0.1724441
vn -0.9680348 0.2461675 0.04806527
vn -0.4698423 0.874083 0.123398
vn -0.3630045 0.923254 0.1258169
vn -0.5521222 0.8311183 0.06635746
vn -0.2124038 0.9766535 0.03213596
vn 0.56764 -0.8231189 -0.01612931
vn 0.2062032 -0.978474 -0.008304893
vn 0.5033446 -0.8638514 -0.02012669
vn -0.40618 0.9080204 0.1025517
vn -0.9941899 0.07739089 0.07481302
vn -0.9823135 0.1699685 0.07855508
vn -0.8256 0.5606752 0.06346679
vn 0.7752225 -0.6300504 -0.04545934
vn 0.9211565 -0.3830647 -0.06879067
vn -0.2324712 0.9719706 0.03507678
vn -0.4191206 0.9065211 0.05056939
vn 0.4494055 -0.8919553 -0.04950093
vn 0.473218 0.8750191 -0.1020114
vn 0.4603426 0.8835933 -0.08571828
vn 0.4770404 0.8693944 -0.1287862
vn -0.4435651 0.8951511 0.04421092
vn -0.669112 0.7379914 0.08750921
vn 0.9912934 0.03195889 -0.1277346
vn 0.6240293 -0.7798421 -0.04933131
vn 0.7281427 -0.680841 -0.07914406
vn -0.7982982 0.5960204 0.08648495
vn -0.5283014 0.8476629 0.04863404
vn 0.073934 -0.9972631 8.604034e-05
vn 0.09002816 -0.9958189 -0.01547729
vn 0.03680617 -0.9991938 0.01602931
vn -0.9380335 0.3370378 0.08061495
vn 0.2361818 -0.9705321 -0.04780886
vn 0.2790628 0.9590585 -0.04827681
vn 0.001125723 -0.9999892 0.00451216
vn 0.9996939 0.006377628 -0.0239043
vn 0.9996133 0.01879416 -0.02049388
vn 0.01795051 0.6176323 -0.7862622
vn -0.007241387 0.999088 -0.04208069
vn 0.006504118 0.9999772 0.00181107
vn 0.003870461 0.9997691 -0.02113462
vn 0.7042118 0.000897371 -0.7099893
vn 0.7031198 0.000867423 -0.7110708
vn 0.8217832 0.004432601 -0.5697831
vn 0.03591376 -0.9993525 0.002200511
vn 0.05093139 -0.9986858 0.005716581
vn 0.9998586 0.004241467 -0.01627604
vn 0.9999712 0.003121808 0.006919447
vn -0.1108747 0.8069165 0.580166
vn 0.9997292 0.005164102 -0.02269027
vn 0.01754624 -0.9997969 -0.009912464
vn 0.9973894 0.03808725 -0.0613498
vn 0.01528101 0.8379799 -0.5454872
vn -0.2119917 0.9610565 -0.1772848
vn 0.6243794 0.7546126 0.2017673
vn 0.9935564 0.02617157 -0.1102762
vn 0.9907644 0.02796554 -0.1326799
vn 0.9924443 0.01607261 -0.1216391
vn 0.999773 0.01004239 -0.01879137
vn 0.9583312 0.1865569 -0.2163278
vn -0.2665339 0.9635284 0.02393146
vn 0.3603611 0.9320292 -0.03822871
vn 0.05319753 0.9979475 0.03564849
vn -0.2051218 0.9783273 0.02829802
vn 0.9998543 0.00293599 -0.0168147
vn -0.4679692 -0.8822194 0.05189994
vn -0.4353586 -0.8957351 0.09011974
vn -0.7435296 -0.6617828 0.09595389
vn 0.5035201 0.8590685 -0.0920268
vn 0.2098177 0.975777 -0.0619347
vn 0.4556826 0.8881587 -0.05939347
vn 0.9841858 0.1548049 -0.08610227
vn 0.9815408 0.1116125 -0.1553071
vn 0.9619493 0.2279218 -0.1506821
vn -0.266205 -0.9625417 0.05146134
vn -0.2794798 -0.9563442 0.08542068
vn -0.9273856 -0.3586481 0.1064307
vn 0.9692993 0.2255467 -0.09791696
vn -0.9835283 -0.1543801 0.09401482
vn -0.9916839 -0.07970218 0.1010474
vn -0.1612025 -0.9868076 0.0149853
vn -0.3189699 -0.9472911 0.02996101
vn 0.03754986 0.9990457 -0.02230879
vn 0.03562462 0.9992805 -0.01301872
vn 0.8142299 0.5692031 -0.1141819
vn 0.9362186 0.3336989 -0.1101801
vn -0.9721195 -0.2188734 0.08413216
vn 0.9932938 0.07696027 -0.08628253
vn -0.9946933 0.04392285 0.09303734
vn 0.01891045 0.9997677 -0.01034573
vn 0.0625167 0.9979385 -0.0145
vn 0.2022181 -0.9777125 -0.05644549
vn 0.2248443 -0.9729421 -0.0531875
vn 0.994405 -0.02577869 -0.1024405
vn 0.995095 -0.03407776 -0.09286977
vn -0.3315159 -0.9427105 0.03734044
vn -0.08535877 -0.9962493 0.01418855
vn 0.9942573 -0.03546745 -0.1009683
vn 0.9958375 -0.04128746 -0.08125827
vn 0.9961367 -0.04466871 -0.07560703
vn -0.4056968 -0.9063382 0.1181576
vn -0.1559804 -0.9859581 0.05963851
vn 0.04631801 0.9979461 -0.0442524
vn 0.03423037 0.998214 -0.04896052
vn -0.6249261 -0.776822 0.07755563
vn 0.1156664 -0.9931698 -0.01533243
vn 0.1285161 -0.9915127 -0.01965479
vn 0.0731053 -0.9973204 -0.002774379
vn 0.9966623 -0.0442096 -0.06862823
vn 0.9976931 -0.033639 -0.05896512
vn 0.02382125 0.9985409 -0.04846375
vn 0.9994116 -0.01499477 -0.03085016
vn 0.03478866 -0.9993924 -0.002112915
vn -0.131308 0.9912678 -0.01209925
vn 0.9925593 -0.08569432 -0.08650187
vn -0.9757631 0.1957422 0.09783355
vn -0.9198853 0.3762327 0.1107243
vn -0.1846512 0.982469 0.02566074
vn -0.5163143 0.852632 0.08023889
vn -0.4267012 0.9015983 0.07103913
vn -0.4926493 0.8689107 0.04786265
vn 0.9162434 -0.3915802 -0.08463451
vn 0.9675351 -0.2336038 -0.09646262
vn 0.9590836 -0.2476711 -0.1371769
vn 0.9819564 -0.1598642 -0.1010205
vn 0.981244 -0.1782773 -0.07333056
vn 0.9078544 -0.4046952 -0.1096455
vn 0.437182 -0.8949955 -0.08862913
vn -0.2548802 0.9644233 0.0701697
vn -0.3408577 0.9371441 0.07467898
vn -0.6310753 0.7680613 0.1087466
vn 0.1108695 -0.9928884 -0.04336505
vn -0.08829296 -0.994952 -0.04769494
vn -0.1472977 0.9860258 0.07782283
vn 0.2245072 -0.9715948 -0.07483302
vn 0.9945074 0.03171724 -0.09974461
vn -0.1751146 0.9845102 -0.008626567
vn 0.9953485 0.04815738 -0.08344001
vn 0.9947882 0.03952953 -0.09398879
vn 0.9955422 0.05036574 -0.07974325
vn 0.7154579 0.6970623 -0.04716232
vn -0.4344575 0.8996134 0.04407427
vn 0.9954879 0.09301359 -0.01876968
vn -0.2667466 0.9610115 0.07282109
vn 0.9999125 -0.009572715 0.009133675
vn 0.9999565 -0.003255037 -0.008746885
vn 0.4487669 0.1479935 0.8813093
vn 0.5650035 0.3557884 0.7444365
vn 0.4675255 -0.02042139 0.8837437
vn 0.9990842 0.03871151 -0.01822253
vn 0.9706813 0.235259 0.04930802
vn 0.3105791 -0.9500666 -0.03023423
vn 0.05425034 -0.9981564 -0.02721525
vn 0.9835252 0.1763204 0.03986682
vn 0.07961376 -0.9958897 -0.04319104
vn 0.6436243 -0.7608314 -0.0829656
vn -0.3549101 -0.9330657 -0.05854277
vn 0.004538188 -0.9986833 -0.05109949
vn 0.4410054 0.8966938 -0.03813849
vn 0.1040736 0.9920148 -0.07124136
vn 0.02394811 -0.9985479 -0.04825654
vn 0.4737322 0.8800576 -0.03280999
vn -0.5381905 0.8369657 0.09919316
vn -0.5218538 0.8480486 0.09209886
vn 0.996843 0.05098923 -0.06086202
vn 0.999723 0.003053088 -0.02333528
vn -0.5729883 0.8166396 0.06916763
vn 0.7714214 -0.490967 0.404797
vn 0.3687766 -0.1426009 -0.9185144
vn 0.1009054 0.9948723 0.006883721
vn 0.06856588 0.9976465 0.0002973427
vn 0.2847553 0.9577993 0.03917965
vn 0.9985084 0.04855145 -0.02497203
vn 0.9646088 0.05497695 0.2578904
vn -0.9979494 0.06095607 0.01952821
vn -0.9795537 0.1876673 -0.07249488
vn -0.9045778 0.3858505 0.1812685
vn 0.01703225 0.9865505 -0.162567
vn 0.2400048 0.9428465 -0.231167
vn 0.001131633 0.9955165 0.09458155
vn -0.9997199 0.02110771 0.01071064
vn -0.0976754 0.7320595 0.6742021
vn -0.218185 0.5407013 0.8124269
vn -0.02538421 -0.2866425 -0.9577013
vn -0.2380639 -0.04622055 -0.970149
vn -0.01926717 -0.2737436 -0.9616097
vn -0.9798324 -0.0164058 -0.1991465
vn -0.999903 -0.0106764 -0.008943241
vn -0.9481975 0.03311262 -0.3159508
vn -0.1053818 0.3947168 0.9127395
vn -0.002684296 0.1665968 0.9860214
vn -0.008454473 -0.7813127 -0.6240825
vn -0.02249551 -0.7117304 -0.7020925
vn -0.06511189 -0.9393802 -0.3366383
vn -0.1518417 -0.9868847 -0.05479838
vn -0.3156411 -0.9488692 0.004225093
vn -0.9994923 0.02254896 0.02251097
vn -0.9992318 0.009195642 0.03809367
vn -0.9986647 -0.04197762 0.03011382
vn -0.9996585 0.00759413 0.02500476
vn 0.07437605 0.7649302 0.6398046
vn 0.009786627 0.8206338 0.5713705
vn 0.01417196 0.6457788 0.763393
vn -0.03131403 -0.007093684 -0.9994844
vn -0.04378909 -0.05345731 -0.9976095
vn 0.03750907 0.4495383 0.8924732
vn 0.01445917 0.506784 0.8619518
vn -0.2442185 -0.0002057987 0.9697202
vn -0.1518971 -0.002332269 0.9883935
vn -0.2359362 0.0005854669 0.9717684
vn -0.1365278 -0.000372825 0.9906362
vn -0.1259717 -0.01789271 0.9918724
vn -0.04001551 0.005513004 0.9991839
vn 0.1030854 0.9159037 0.3879352
vn 0.1120835 0.8893884 0.4431992
vn 0.03537467 0.8185527 0.5733413
vn 0.2034263 0.9479664 0.2449028
vn 0.1567342 0.9758332 0.1522628
vn -0.9961001 0.08419355 -0.0263829
vn -0.9933977 0.09270474 -0.06757964
vn 0.0115946 0.6361615 0.7714688
vn 0.2170217 0.5295616 0.8200403
vn 0.04801843 0.1946051 0.9797056
vn 0.0254038 0.3624568 0.9316543
vn 0.02236249 0.9850045 0.1710731
vn 0.02501378 0.900928 0.4332473
vn -0.6437536 0.7510842 0.1464712
vn -0.04137977 0.9991165 -0.007346642
vn -0.4369001 0.8965653 -0.07272503
vn -0.5816501 0.7939934 -0.1767984
vn -0.4200639 0.9073411 -0.01668575
vn -0.9551747 -0.2413331 -0.1714629
vn -0.9842003 -0.08265176 -0.1565833
vn -0.9848502 -0.07598364 -0.1558732
vn -0.9998413 0.0084281 0.01569544
vn -0.9995903 -0.002484182 0.02851269
vn -0.9997941 0.0003476617 0.02028714
vn -0.9985849 -0.01766395 0.05016224
vn -0.9998188 0.006928324 0.01773279
vn -0.0360592 0.9971026 -0.06697911
vn 0.3208989 0.9411782 -0.1058655
vn -0.03291865 0.9236982 -0.3817038
vn -0.06303022 0.9528485 0.296828
vn 0.2685286 0.9247404 0.2697174
vn 0.4124888 0.9089786 0.06009197
vn -0.9986959 0.03973245 0.03205859
vn -0.9985496 0.04261339 0.03290303
vn -0.9977321 0.04441413 0.05057667
vn -0.9992115 0.03601054 0.01671961
vn 0.6654497 0.7265362 0.1712364
vn -0.01520315 0.9615524 0.2742004
vn -0.004739517 0.9594409 0.2818696
vn -0.2234482 0.8773123 0.4247282
vn -0.01340947 0.9956852 -0.09182259
vn -0.02064131 0.8981804 -0.4391421
vn -0.01481665 0.9963027 -0.08462523
vn -0.4091391 -0.8388084 0.3591736
vn -0.2933393 -0.9346267 0.2010594
vn -0.3099819 -0.9241661 0.2232225
vn -0.0258628 0.8264385 0.5624326
vn -0.005224423 0.7911323 0.6116228
vn -0.005144592 -0.9953846 -0.09582797
vn -0.02057597 0.9958519 0.08863203
vn -0.4731149 0.6716743 0.5701016
vn -0.3753574 0.02545811 0.9265305
vn -0.3731007 0.09635899 0.9227735
vn -0.5112392 -0.6924499 0.5090654
vn -0.6166942 0.6864451 0.3853328
vn -0.7281727 0.2316294 0.6450677
vn -0.003968753 -0.9999915 -0.001154378
vn -0.29436 -0.0872393 0.9517044
vn -0.8408242 -0.4672838 -0.2732405
vn -0.8233905 -0.3766009 -0.4244994
vn -0.9152761 -0.2474608 -0.3178566
vn 0.02294633 0.8621075 0.5062057
vn -0.9973574 0.0498023 0.05289655
vn -0.6875763 -0.1171052 -0.7166067
vn -0.8928602 -0.3554573 0.276497
vn -0.9047682 0.4171842 0.08574264
vn -0.8552619 -0.4374144 0.277841
vn -0.996464 0.06150995 0.05723723
vn -0.9970536 0.04347721 0.06319722
vn -0.2949916 -0.06516916 0.9532748
vn -0.3036223 -0.004648618 0.9527811
vn -0.9997838 0.0003803229 0.0207874
vn 0.182232 0.4591314 0.8694767
vn -0.5451427 -0.1301953 -0.8281718
vn -0.02463517 0.232418 0.9723039
vn -0.9954041 0.0313598 0.09048313
vn -0.9978225 0.01358635 0.06454159
vn 0.04735044 0.07006478 0.9964181
vn -0.9987375 0.001869816 0.05019938
vn -0.9997647 -0.0004597238 0.02168498
vn -0.9997156 0.006822509 0.02285036
vn -0.999696 0.001436326 0.02461265
vn 0.001155102 0.5090576 0.8607317
vn -0.001120644 0.540004 0.8416617
vn 0.01270152 0.1783552 0.9838842
vn -0.00228954 0.2125971 0.9771373
vn 0.01099063 0.1153373 -0.9932656
vn -0.01358066 0.07512135 -0.9970819
vn 0.1338811 0.6878204 0.7134275
vn -0.9981155 0.01067577 0.06042758
vn -0.998655 -0.005606612 0.05154349
vn -0.02799289 -0.5383334 -0.8422669
vn -0.008981082 -0.1075141 -0.994163
vn 0.01300671 -0.6521574 -0.7579719
vn 0.01021077 -0.8239674 0.5665452
vn 0.2009998 -0.683414 0.701815
vn 0.01799428 -0.7565641 0.6536719
vn -0.001744898 -0.9999983 0.0007002645
vn -0.004825177 0.9801633 -0.1981328
vn -0.01107005 0.9686705 -0.2481024
vn -0.004374527 0.9808907 -0.1945104
vn 0.0142735 0.4975073 -0.8673424
vn 0.02184264 0.5510767 -0.8341687
vn 0.01367048 0.4931712 -0.8698249
vn -0.993724 -0.09663946 -0.05633341
vn -0.989184 0.1112222 -0.0956275
vn -0.9950722 -0.06538448 -0.07453988
vn -0.7801867 -0.5991376 -0.1798412
vn -0.1024883 0.03812481 -0.9940034
vn -0.2127806 0.1609718 -0.9637492
vn -0.01587553 0.2951521 -0.9553184
vn -0.994846 0.03425283 0.09543662
vn -0.9976549 0.03234848 0.06031779
vn -0.9978163 -0.005702576 0.0658033
vn -0.02152331 -0.9031528 -0.4287795
vn -0.03972944 -0.878217 -0.4766094
vn -0.01228879 -0.9957726 -0.09102669
vn -0.9994861 -0.02272387 0.02260706
vn -0.9970417 -0.03890278 0.06629003
vn -0.9979448 -0.04059867 0.04957768
vn -0.9980973 -0.003994766 -0.06152911
vn -0.9787737 0.1492323 -0.1404703
vn -0.9894238 0.07067328 -0.1266726
vn -0.204863 -0.9721013 0.1142376
vn -0.1088475 -0.9934365 0.035161
vn -0.07755086 -0.9964465 0.03286571
vn -0.09390683 -0.9955778 -0.002481422
vn -0.006135099 0.9904147 -0.1379892
vn 0.0003749051 0.9938287 -0.1109252
vn -0.02856541 0.9985486 -0.04565798
vn -0.04318297 -0.9990522 -0.005470742
vn -0.01485892 -0.99957 0.02528068
vn -0.1792593 -0.9776899 0.1094923
vn -0.952768 -0.257551 -0.1609368
vn -0.9758204 -0.1783776 -0.1263176
vn -0.8271302 -0.5235273 -0.2043887
vn -0.9229385 -0.3463126 -0.1680834
vn -0.9993205 -0.009923168 0.03549739
vn -0.9989817 -0.04261862 0.0148069
vn -0.9997514 -0.01999982 0.009852243
vn 0.5358253 -0.8171855 -0.2123655
vn 0.2637965 -0.9305457 -0.2539608
vn 0.8004259 -0.5849022 -0.1311782
vn 0.8244805 -0.5464073 -0.147211
vn -0.9990821 -0.03740924 0.02086826
vn -0.9802182 0.1979157 0.001289315
vn -0.00538449 0.9977532 -0.06677913
vn -0.03445541 0.09523586 -0.9948583
vn -0.06690888 -0.9541826 -0.2916486
vn 0.01154945 -0.9014063 -0.4328201
vn 0.03000675 -0.8977008 -0.4395826
vn -0.02675904 0.9474267 -0.318852
vn -0.01395656 0.9710466 -0.2384823
vn -0.02233244 0.92432 -0.3809645
vn -0.01738416 0.982645 -0.1846798
vn -0.007760775 -0.9607741 0.2772235
vn -0.01719091 -0.9966279 -0.08023237
vn -0.01067224 -0.9603309 0.2786585
vn -0.01773752 0.9885061 -0.1501373
vn -0.1795791 0.982062 -0.05749368
vn -0.02076763 0.945475 -0.3250318
vn -0.009948164 -0.7971771 0.6036636
vn -0.246234 -0.6449568 0.7234636
vn -0.002722892 -0.5113776 0.8593518
vn -0.9990246 -0.01168575 0.04258182
vn -0.9953086 -0.04361216 0.08636305
vn -0.99778 -0.02991487 0.05949896
vn -0.03464581 -0.1903125 0.9811121
vn -0.2759561 -0.3349536 0.9009187
vn -0.2128962 -0.3236083 0.9219289
vn -0.1965175 0.8962391 0.3976637
vn -0.5195976 0.1815201 0.8349064
vn -0.7154765 0.2236746 0.6618634
vn -0.6302565 0.3069336 0.7131398
vn -0.9997923 -0.0005700446 0.02037458
vn -0.9706386 0.09290146 0.2218786
vn -0.7356931 0.1148871 0.6675003
vn -0.9987852 -0.005815059 0.04893226
vn -0.0219403 0.07975589 0.9965729
vn -0.04486571 -0.0980489 0.9941698
vn -0.9462866 0.07145875 0.3153335
vn -0.3563902 0.1000728 0.9289626
vn -0.9639171 0.2652589 -0.02239686
vn 0.005468347 -0.5257738 0.8506068
vn 0.01016746 -0.181193 0.983395
vn 0.004311663 -0.182063 0.9832774
vn -0.04981267 -0.6846041 0.7272111
vn 0.3073228 -0.7006013 0.6439804
vn 0.1310217 -0.6760417 0.7251213
vn -0.9988278 -0.04839267 -0.00106293
vn -0.8765832 -0.07391458 -0.4755403
vn 0.2429629 -0.7377487 0.629838
vn 0.3263904 -0.7316328 0.5984837
vn 0.01694931 -0.6990719 0.7148505
vn 0.1021511 -0.6601508 0.7441546
vn -0.0284233 0.896217 -0.4427044
vn -0.009703444 0.9907954 -0.1350197
vn -0.9533737 -0.2187393 0.2079222
vn 0.9497486 -0.3128613 0.009758652
vn -0.5450751 -0.8052837 -0.2332624
vn -0.1040747 -0.1317854 -0.9857997
vn 0.06378797 -0.2931503 -0.953936
vn -0.9960116 -0.006969285 -0.08895166
vn -0.9999133 -0.01131898 0.00673028
vn -0.9996375 -0.02619557 -0.006225957
vn -0.9121801 0.2640273 -0.313396
vn -0.2929378 -0.9443707 0.149504
vn -0.08285885 -0.6150978 0.784085
vn -0.03396925 0.2509081 -0.9674147
vn -0.06026801 0.2465024 -0.9672664
vn -0.02809833 -0.07568484 -0.9967359
vn -0.01910944 -0.03230551 -0.9992953
vn -0.9559823 -0.2932603 0.009805116
vn -0.9507349 -0.3081043 0.03427812
vn -0.8891121 -0.4571768 0.02165791
vn -0.9101785 -0.4137954 0.01866455
vn 0.9044799 0.359689 -0.2292159
vn 0.001823657 0.8680705 -0.4964375
vn 0.2200384 0.8462238 -0.4852715
vn 0.1870164 0.6830818 -0.7059915
vn 0.003190322 0.6452662 -0.7639511
vn 0.004086177 0.5043321 -0.8635001
vn 0.2196262 0.492932 -0.8418921
vn -0.0069757 0.9999653 0.00454626
vn -0.002409062 0.9995432 -0.0301256
vn -0.2177085 0.9626764 -0.1608018
vn -0.9996861 0.01547345 0.01970329
vn -0.9997696 0.01013289 0.01892093
vn -0.9992173 0.003865826 0.03936865
vn -0.9987913 0.007000122 0.04865003
vn -0.9996164 -0.003702889 0.0274454
vn -0.9712568 -0.2113079 0.1095868
vn 0.05239049 0.1272203 0.9904898
vn 0.01489856 0.1837751 0.9828554
vn 0.237289 -0.05258356 0.9700149
vn -0.9991326 0.03078452 0.02804185
vn -0.9994581 -0.01833505 0.02733913
vn 0.001517474 0.8067186 0.5909339
vn 0.0122472 0.8973246 0.4412014
vn 0.02573294 0.7560352 0.6540249
vn 0.02304973 0.5302116 0.847552
vn 0.0005166015 0.6936405 0.7203213
vn -0.3037264 0.6131297 0.7292614
vn 0.2250694 0.7437909 -0.6293798
vn 0.2105424 0.5120872 -0.8327296
vn -0.0260334 0.7454041 -0.6661043
vn 0.9823037 -0.1295338 0.1352792
vn 0.9656622 0.0310248 0.2579417
vn 0.9964082 0.04213699 0.07345219
vn 0.2594987 0.8817321 -0.3939657
vn -0.1624634 0.2355062 0.9581975
vn -0.2113379 0.03326684 0.9768468
vn -0.1956095 0.3327747 0.9224955
vn -0.9861261 0.1207258 -0.1139326
vn -0.9895918 0.1205111 -0.07864525
vn -0.949544 0.2888578 -0.1221774
vn 0.9859353 -0.1364091 0.09656151
vn 0.9401639 -0.2986205 0.1640659
vn -0.8541 0.4920339 -0.1685697
vn -0.1822818 -0.9821084 -0.04729082
vn -0.2112418 -0.9741107 -0.08053118
vn -0.4029193 0.9097296 -0.1002396
vn -0.6507412 0.7446451 -0.1484576
vn -0.5282076 0.7676519 0.362915
vn -0.3590897 0.9034109 0.2343151
vn -0.5462968 0.837413 0.01730271
vn -0.008927932 -0.9982003 0.05929947
vn -0.3872464 0.9128043 -0.1297247
vn -0.9884734 0.03410676 -0.1475029
vn 0.8986942 -0.4045043 0.1694844
vn 0.9080077 -0.3805897 0.1751384
vn 0.966894 -0.1875218 0.1730653
vn -0.4083845 0.5306171 0.7427433
vn -0.6284468 0.4904352 0.6037614
vn 0.92827 0.3329929 -0.1656208
vn -0.2594751 -0.2775599 0.9250044
vn -0.259343 -0.3012265 0.9176077
vn -0.713007 0.4195119 -0.5618103
vn 0.9990152 -0.04112577 0.01665683
vn 0.9998838 -0.01332578 -0.007411344
vn -0.9648515 -0.1241002 0.2316477
vn -0.02387362 0.3631522 -0.9314239
vn -0.009109406 -0.02592024 -0.9996225
vn -0.01757541 0.3418894 -0.9395759
vn -0.2877679 -0.4973513 0.8184322
vn -0.3099664 -0.2564466 0.9155086
vn -0.2824265 -0.4868834 0.8265469
vn -0.9967859 -0.05276956 -0.06027557
vn -0.9698278 -0.01308491 -0.2434399
vn -0.1836164 -0.1353977 0.9736285
vn -0.02101807 0.6585751 -0.7522214
vn -0.01901348 0.5226292 -0.8523481
vn -0.9999638 0.00453294 -0.007205033
vn -0.9999928 0.0006262562 -0.003739543
vn -0.9999337 0.008986744 -0.007197419
vn -0.9998657 0.01544558 -0.005487598
vn -0.9969242 0.02049875 -0.07564259
vn 0.9990622 -0.003624409 -0.04314624
vn 0.999131 -0.005086236 -0.04136774
vn 0.9994273 0.00857375 -0.03273569
vn -0.9686908 0.005166527 -0.2482165
vn 0.1706066 0.002110393 -0.985337
vn 0.1883307 -0.1692479 -0.9674124
vn 0.2461336 0.2121528 -0.9457322
vn 0.2167864 0.2944857 -0.9307426
vn -0.001730122 0.3309307 -0.9436535
vn -0.003097744 -0.002507365 -0.999992
vn 0.2505885 -0.4691173 0.8468378
vn 0.4355777 -0.342199 0.8325695
vn 0.2043738 -0.4960231 0.843915
vn -0.02320548 0.7841123 -0.6201848
vn -0.02080541 0.6606049 -0.7504454
vn -0.03077661 0.1968409 -0.9799523
vn -0.03118286 0.5009223 -0.8649303
vn 0.9989132 -0.02271582 0.04069859
vn 0.9657917 -0.216217 0.1431662
vn 0.9238948 -0.3385882 0.1782594
vn 0.8165219 -0.5402579 0.2035028
vn 0.7794707 -0.5899768 0.2106006
vn -0.9091358 0.3803427 -0.1697398
vn -0.9671363 0.2106923 -0.1423239
vn -0.9483295 0.2679706 -0.1698907
vn 0.9490533 -0.3061094 0.0747992
vn -0.3322073 0.9325922 -0.1411037
vn -0.1794415 0.9750935 -0.1303584
vn -0.390472 0.8951576 -0.2149987
vn -0.3344615 0.9022021 -0.2723361
vn -0.9291528 -0.02819164 -0.3686192
vn -0.9126364 -0.05263394 -0.4053696
vn -0.9124534 -0.05450538 -0.4055342
vn 0.2622016 0.6780949 -0.6866132
vn 0.2012024 0.2411516 -0.9494016
vn -0.1334239 0.7948522 -0.5919529
vn -0.01858567 0.6958795 0.717918
vn -0.2840016 0.6442005 0.7101752
vn -0.780775 0.5899546 -0.2057765
vn 0.1845851 0.02551446 -0.9824852
vn -0.9983156 0.03360073 0.04729487
vn -0.9967647 0.05320251 0.0602467
vn -0.9949049 0.06974187 0.07280362
vn 0.4398263 -0.2485266 -0.8630106
vn 0.1325703 -0.1400944 -0.981223
vn 0.184662 -0.1239169 -0.9749587
vn -0.9945365 0.08314367 0.06311993
vn -0.9887149 0.09859754 0.1127886
vn 0.05773977 0.6935136 0.718126
vn 0.009021122 0.6946296 0.719311
vn 0.01662095 0.8320016 0.5545243
vn -0.0435205 0.895273 0.4433872
vn -0.045123 0.8069151 0.5889413
vn 0.631224 -0.751306 0.1926019
vn -0.06287377 -0.141559 -0.9879311
vn -0.2103118 0.8069957 0.5518394
vn -0.9996002 0.01086022 0.02610498
vn -0.9998974 -0.0003533932 0.01432324
vn -0.9997127 0.009259121 0.02210883
vn -0.4446784 -0.6642971 -0.6008082
vn -0.1808285 -0.5486441 -0.8162664
vn -0.3525274 -0.6270149 -0.6946775
vn -0.9978453 0.003738491 0.06550493
vn -0.9987522 -0.01158844 0.04857641
vn -0.9987949 0.005382171 0.0487816
vn 0.02027532 0.4933706 0.8695828
vn -0.007932534 0.567131 0.8235894
vn -0.9877855 0.09216374 0.1256408
vn -0.9708585 0.0910184 0.2216968
vn -0.001641193 -0.4043294 -0.9146119
vn -0.9992036 0.02454128 0.03146145
vn -0.9812078 0.1125592 -0.156722
vn 0.05025632 -0.2073094 -0.9769837
vn 0.01914184 -0.2125136 -0.9769706
vn 0.6718879 0.1612526 0.7228861
vn 0.327149 0.2150751 0.9201718
vn 0.6278587 -0.0351447 0.7775335
vn 0.9946194 0.02279985 -0.1010563
vn 0.9962549 0.05868284 -0.06350347
vn 0.01933449 0.3336319 0.9425051
vn 0.02555196 0.1480909 0.9886436
vn 0.02877332 0.3808983 0.9241691
vn 0.01808172 0.1464143 0.9890581
vn -0.01893304 -0.1394991 0.9900411
vn -0.9972653 0.02527946 0.06944703
vn -0.9958969 0.03419707 0.08378395
vn -0.9960493 0.006439491 0.08856843
vn -0.01547864 0.2628116 0.9647231
vn 0.02462772 0.5653727 0.8244678
vn 0.9833981 -0.03913271 0.1771914
vn -0.03018764 -0.9990169 -0.03246394
vn -0.01004248 -0.3582765 -0.9335615
vn -0.0172221 -0.6440418 -0.7647964
vn -0.04156548 -0.5088407 -0.8598566
vn -0.03283703 -0.4098398 -0.9115663
vn 0.07555196 -0.07176036 -0.9945564
vn 0.0427791 -0.7690666 -0.6377354
vn -0.01630921 -0.6573194 -0.7534357
vn -0.9554703 0.2939785 0.02555937
vn -0.9998504 0.004411589 0.01672817
vn -0.9997635 -0.003127039 0.02152355
vn 0.003980259 -0.8635806 -0.504195
vn 0.01149847 -0.9816304 -0.1904454
vn 0.001105506 -0.997705 -0.06770138
vn -0.9962718 0.0210242 -0.08366949
vn -0.9985411 -0.01651659 0.05140794
vn -0.9992325 -0.02370124 0.03118871
vn -0.9990202 -0.03290109 0.02960011
vn -0.8401658 0.5416266 0.02760709
vn -0.9844124 0.1757097 0.007636599
vn 0.3644561 -0.2778838 0.8887926
vn -0.2038111 -0.384211 0.9004682
vn 0.04221355 -0.2488521 0.9676211
vn 0.3696084 -0.4140381 0.8318425
vn 0.01453806 -0.6044632 0.7965005
vn -0.9938803 0.02733778 -0.1070257
vn -0.9996921 -0.005016894 0.02429869
vn 0.01344311 -0.7486233 0.6628593
vn 0.3704386 -0.8025433 0.4676532
vn 0.01160326 -0.8635786 0.5040807
vn 0.01065089 -0.6188116 0.7854671
vn -0.01803967 -0.5150541 -0.8569678
vn 0.5198663 0.0835619 0.8501508
vn 0.2714836 0.2682382 0.9243078
vn 0.3584016 0.3815866 0.8520211
vn -0.2484239 0.2655019 0.9315547
vn -0.2671643 0.2974231 0.9166039
vn -0.1760865 0.5172455 0.8375264
vn -0.007656561 -0.3699798 -0.9290083
vn -0.2439503 -0.6164784 -0.7486271
vn -0.02163181 -0.5369768 -0.8433197
vn 0.9920443 0.0408384 0.1190812
vn 0.9960209 -0.06048694 0.06545059
vn 0.9673217 -0.09369895 0.235604
vn 0.9354143 -0.004717514 0.353522
vn 0.9823223 0.1242936 0.1399784
vn -0.9998462 -0.01463927 -0.009659744
vn -0.99959 -0.01827003 -0.02204784
vn -0.9994527 -0.0273841 -0.01856333
vn -0.16211 -0.7813156 -0.6027157
vn -0.02652008 -0.6730977 -0.7390778
vn -0.3741181 0.02039319 0.9271568
vn -0.2808258 0.2997783 0.91174
vn -0.3540988 0.1148541 0.9281285
vn -0.07333662 -0.07988581 -0.9941025
vn -0.9961103 0.06272635 -0.061884
vn -0.9886279 -0.1075244 -0.1051354
vn -0.984383 0.001910637 -0.1760298
vn -0.1871504 0.4281349 0.884124
vn 0.9997378 -0.01174163 -0.0196626
vn -0.9910362 0.05479508 0.1218393
vn -0.9923469 0.02918017 0.1199835
vn -0.999948 0.006041122 -0.008225546
vn -0.02181525 0.01116557 -0.9996997
vn -0.005587327 -0.3607509 -0.9326454
vn -0.940833 -0.2960679 -0.1648549
vn -0.950446 -0.284797 -0.124671
vn -0.006735264 -0.812299 -0.5832024
vn -0.9944216 -0.06830249 -0.08037709
vn -0.04435387 -0.7614801 -0.6466691
vn 0.002425651 0.999997 -0.0004262295
vn 0.007547404 0.999961 -0.004602387
vn -0.224934 -0.2870457 0.9311334
vn -0.1394933 -0.2341304 0.9621458
vn -0.0799712 -0.0313552 0.9963039
vn 0.9863402 0.1393131 0.08789115
vn -0.3721272 -0.9220625 -0.1064056
vn -0.2893252 0.9530721 -0.08913176
vn 0.9432871 0.2929339 0.1562023
vn 0.8723221 0.4542148 0.1809504
vn 0.9649561 0.2281396 0.1296613
vn 0.9722946 0.1829487 0.1455091
vn 0.8930773 0.4182925 0.1656634
vn 0.7376111 0.6426018 0.2073471
vn -0.2671763 -0.7960362 0.5430868
vn 0.9994723 0.02940174 0.01380639
vn -0.9975385 -0.01228207 0.06903717
vn -0.9964472 -0.03381199 0.07713425
vn -0.9975061 -0.002662201 0.07052923
vn 0.003075689 -0.09482639 0.9954891
vn -0.9999884 -0.002868746 0.003856872
vn -0.969102 -0.2011919 -0.1426994
vn 0.0325043 -0.6878352 0.7251388
vn 0.01217307 -0.8089209 0.5877914
vn 0.01728844 -0.6460873 0.7630677
vn -0.1031519 0.527735 -0.8431225
vn -0.4852519 0.6063017 -0.6300229
vn -0.1512358 0.3872153 -0.909501
vn -0.5756978 0.5979425 -0.5577067
vn -0.9968741 -0.04635286 0.06397986
vn -0.9890839 -0.0150035 0.1465876
vn 0.004321807 -0.5057573 0.862665
vn 0.003605934 -0.6005315 0.7995929
vn 0.01936309 -0.4739806 0.8803224
vn 0.9718671 0.210698 0.1052645
vn 0.9902523 0.0831242 0.1117617
vn 0.9987513 0.04339759 0.02474568
vn 0.9960126 -0.07775723 -0.04373591
vn 0.03184306 -0.07922897 0.9963477
vn 0.363143 -0.1900849 0.9121374
vn 0.02684601 -0.364264 0.9309087
vn 0.2955976 0.1435314 -0.9444686
vn 0.210951 0.1933664 -0.9581801
vn -0.01746765 -0.3574368 0.9337739
vn 0.01286833 -0.316551 0.9484882
vn 0.8403034 0.03423073 0.5410346
vn 0.9965487 -0.0825886 0.00835324
vn 0.3574566 -0.4861639 0.7974142
vn -0.9999727 0.002840149 0.006825504
vn -0.999989 0.003417723 0.00321417
vn 0.6499529 -0.4859262 0.5843261
vn -0.9968586 -0.03757273 0.0697232
vn 0.2068925 -0.2686973 -0.940743
vn 0.1991822 0.04729052 -0.9788207
vn 0.2060257 0.0971221 -0.9737149
vn 0.8190582 0.5226768 0.2365428
vn 0.7789345 0.5952829 0.1972293
vn 0.8461159 0.4577847 0.2729855
vn -0.2156905 0.9758859 -0.03353286
vn -0.2470997 0.9371756 0.2462594
vn -0.2529285 0.9090416 0.3311655
vn 0.348249 -0.1975334 0.9163531
vn 0.4418631 -0.3006172 0.8452137
vn 0.565033 -0.4452175 0.6946359
vn 0.3492763 -0.6924761 0.631255
vn 0.6739864 -0.5636128 0.4775803
vn 0.1424984 -0.3413389 -0.9290758
vn 0.3527961 -0.9037938 0.242264
vn 0.3525607 -0.8744628 0.3331904
vn 0.03082331 -0.9140037 -0.4045333
vn 0.6495908 0.7386407 0.1801157
vn 0.6824669 0.7107937 0.1703265
vn 0.01335109 -0.8719498 0.4894131
vn 0.01207555 -0.961257 0.2753892
vn 0.01367153 -0.8630875 0.5048694
vn 0.6742491 -0.6421908 0.3646632
vn -0.946523 -0.2705675 -0.1757484
vn -0.8347321 -0.5124219 -0.2016085
vn -0.8254892 -0.5299501 -0.1942176
vn -0.003590074 0.9999936 -8.615824e-05
vn -0.8165773 0.4579181 -0.3514432
vn -0.8126479 0.4711359 -0.3429785
vn -0.8159274 0.4596532 -0.3506869
vn -0.4166287 -0.8966601 -0.1497367
vn -0.2008083 -0.9161557 -0.3468931
vn -0.9213344 -0.3396187 -0.1892141
vn -0.4201282 -0.748864 0.5125378
vn -0.06094596 0.1186168 -0.991068
vn 0.1277683 0.0860429 -0.9880647
vn 0.1149023 0.08911722 -0.9893714
vn 0.02271032 -0.9153259 0.402073
vn -0.009889508 -0.9081671 0.418491
vn -0.9995714 -0.01549881 0.02483281
vn -0.9964934 0.08236451 -0.01472672
vn -0.9991402 -0.03073853 0.02782299
vn -0.9032376 0.2548582 -0.3452668
vn -0.006178527 0.999861 0.01548634
vn 0.07051273 0.9946057 -0.0760753
vn 0.08503451 0.9847735 -0.1516255
vn 0.01684773 0.9938578 -0.1093746
vn 0.1837958 0.976221 -0.1149424
vn -0.1092892 -0.6597137 0.7435278
vn 0.01148606 0.9821976 -0.1874993
vn 0.941758 -0.1836696 0.2817043
vn 0.9023669 -0.2640078 0.3406373
vn 0.9886302 -0.01134934 0.1499384
vn 0.2949538 -0.9491654 0.1099423
vn 0.8341775 -0.548525 0.05716839
vn 0.5467938 -0.8319252 0.09442974
vn 0.9997132 -0.01589604 -0.01791237
vn 0.9997533 -0.0003312595 -0.02220944
vn 0.9998444 -0.0159205 0.007597839
vn 0.07377402 -0.5215371 0.8500333
vn 0.07276477 -0.01085125 0.9972901
vn 0.06971271 -0.5046978 0.8604768
vn 0.07702404 0.03270171 0.9964928
vn 0.05053107 -0.8599684 0.5078394
vn 0.03281694 -0.4827537 -0.8751411
vn 0.03638969 0.01150799 -0.9992715
vn 0.03943984 0.01307022 -0.9991364
vn 0.04766097 -0.835902 -0.5468057
vn 0.03465626 -0.8685114 -0.4944561
vn 0.0223138 -0.489893 -0.8714969
vn 0.9997241 -0.001789577 -0.02341985
vn 0.9996666 0.001323974 -0.02578575
vn 0.999517 -0.003011801 -0.03092939
vn 0.04797258 -0.9987898 -0.01084172
vn 0.03903493 -0.9989444 0.02421516
vn 0.9994257 -0.01909735 -0.02799306
vn 0.9998048 -0.0113261 -0.01618836
vn 0.9847491 -0.1720425 0.02589276
vn 0.9994314 -0.01082815 -0.03193194
vn 0.9718941 0.2324665 -0.03716439
vn 0.9967787 0.0148299 -0.07881862
vn 0.9965812 -0.005317609 -0.08244856
vn 0.2166048 0.9733599 -0.07518487
vn -0.2412192 -0.9641139 0.1108953
vn -0.1965797 -0.9610876 0.1940798
vn -0.2641434 -0.9559542 0.1279833
vn 0.3474024 0.9241381 -0.1589983
vn 0.3003447 0.9287464 -0.2173091
vn -0.6387379 -0.7402417 0.2098953
vn -0.7102981 -0.6924986 0.1261844
vn 0.7709877 0.6149768 -0.1654729
vn 0.5313985 0.8346726 -0.1446974
vn -0.6436285 -0.754885 0.1260598
vn 0.6264108 -0.1783757 0.7588094
vn 0.6416994 -0.1765977 0.746348
vn 0.5017387 -0.373248 0.7803488
vn 0.7348368 0.5291782 -0.4242466
vn 0.9060038 0.3868989 -0.171658
vn 0.5892411 0.7721324 -0.237921
vn -0.9933854 0.07229859 0.08921012
vn -0.9928832 0.0402163 0.112097
vn -0.9616719 0.1695755 0.2154789
vn 0.04519717 0.9547237 0.2940409
vn 0.02725577 0.9944394 0.1017216
vn 0.05959962 0.7009544 0.7107114
vn 0.1190372 0.6776827 0.7256558
vn 0.117502 0.2275289 0.966656
vn -0.9166922 -0.3682108 0.1552296
vn 0.2290417 -0.915335 0.3312123
vn 0.1403463 -0.9722955 0.1869346
vn 0.1956227 -0.8193995 0.5388101
vn -0.9179718 -0.3675089 0.1492147
vn -0.9428173 -0.2870126 0.1694677
vn -0.9672956 -0.2194718 0.1271663
vn -0.240657 -0.9667356 0.08663936
vn -0.166767 -0.9827895 0.07945859
vn 0.03645498 0.9533202 -0.2997525
vn 0.003560922 0.9459302 -0.3243505
vn -0.007227706 -0.9995908 0.02767806
vn 0.6591575 -0.1294629 0.7407772
vn -0.9827964 -0.09903601 0.1558949
vn 0.9900488 -0.001392223 -0.1407176
vn 0.9954523 -0.0429491 -0.08502869
vn 0.9987921 -0.0170282 -0.0460891
vn 0.9960699 -0.05439646 -0.0698991
vn -0.9896457 0.04634473 0.1358441
vn 0.9794138 -0.2017531 0.006662901
vn 0.007082516 -0.9927977 -0.119593
vn -0.03615429 -0.9025777 -0.4290063
vn -0.009526908 -0.9408187 -0.3387764
vn 0.997321 -0.03634439 -0.06348205
vn 0.009562346 -0.9477714 0.3188072
vn 0.03999188 -0.8094012 0.5858928
vn 0.08505855 0.1390465 0.9866261
vn 0.08782495 -0.3512844 0.9321406
vn 0.01202128 -0.480363 0.8769875
vn -0.05957924 -0.9599017 -0.2739325
vn 0.9999229 -0.001825114 -0.01228566
vn 0.9998748 0.0006554704 -0.01580626
vn 0.9999953 -0.002547007 0.00168878
vn 0.7765546 -0.6298336 -0.0165082
vn 0.692853 -0.7210639 -0.004633285
vn 0.1150269 0.9664254 -0.2297623
vn 0.009075779 0.9698218 -0.2436456
vn 0.04294183 0.9651112 -0.2582953
vn 0.1507828 -0.9751849 0.1621082
vn -0.2328713 0.9554168 -0.1815207
vn -0.3576009 0.914465 -0.1894084
vn -0.2552012 0.9494267 -0.1829242
vn 0.9456973 0.2377655 -0.2216394
vn 0.9022651 0.3460414 -0.2572411
vn -0.376982 0.9039005 -0.2021101
vn -0.02771723 -0.2087029 -0.9775862
vn 0.1518605 -0.3311849 -0.9312652
vn 0.1352688 -0.2894732 -0.9475799
vn -0.581812 -0.5988586 -0.5503299
vn -0.4107867 -0.9103231 0.0506568
vn -0.8751935 -0.475952 0.08663651
vn -0.7087654 0.7025503 0.06383334
vn -0.7122604 0.6988214 0.06583056
vn -0.9409189 0.3200049 0.1107638
vn -0.9874777 0.07481954 0.138888
vn 0.5028839 0.8096763 -0.3025429
vn 0.02131739 0.9952473 -0.0950169
vn 0.008017807 0.9867889 -0.1618126
vn -0.02194208 0.9269127 -0.3746349
vn -0.02779661 0.9071348 -0.4199212
vn -0.8492987 0.5091867 -0.1393584
vn 0.0189824 -0.9997866 0.008160605
vn 0.2437714 0.9333283 -0.2635789
vn 0.1529738 0.949991 -0.2722424
vn -0.9537095 -0.2311319 0.1923961
vn -0.9758661 -0.1436648 0.1644556
vn -0.9672611 -0.1169027 0.2252553
vn 0.9678922 0.1193093 -0.2212466
vn -0.9918886 0.01786001 0.1258495
vn -0.06158641 -0.9829329 -0.1733496
vn -0.02739227 -0.9984672 -0.04809301
vn -0.9771721 -0.01662782 0.2117971
vn 0.9954557 -0.0417134 -0.08560244
vn 0.9976965 -0.03284671 -0.05935208
vn 0.9954033 -0.03188207 -0.09030995
vn -0.02412827 -0.9996907 0.006032449
vn 0.9983885 -0.01594514 -0.05446278
vn 0.04382736 0.88798 0.4577889
vn 0.0679078 0.8371203 0.5427875
vn 0.05785093 0.9983211 0.002844808
vn 0.9997254 0.007156099 -0.02231267
vn 0.9930499 0.1172949 0.009681704
vn 0.03269886 0.9972773 -0.06609756
vn 0.9996076 0.003457402 -0.02779886
vn 0.05070208 0.5007997 0.8640769
vn 0.05158349 0.5187576 0.8533638
vn 0.02234966 0.5074226 -0.8614075
vn 0.04152907 0.8617811 -0.5055775
vn 0.04212877 0.8549137 -0.5170568
vn 0.9996997 0.01092599 -0.02193962
vn 0.9998812 0.01373152 0.00699058
vn 0.02929245 -0.9974175 -0.06557716
vn 0.0211489 -0.9930232 -0.116007
vn 0.07293242 -0.9869256 -0.1437314
vn 0.05424579 -0.9955388 -0.07720076
vn 0.03659221 -0.9975821 -0.05908339
vn 0.9767618 0.1012159 0.1889226
vn 0.8342838 0.06180583 0.5478601
vn 0.8460671 0.5328675 0.0149235
vn 0.4211664 0.8863788 0.1922278
vn 0.07275002 0.9912593 -0.1100562
vn 0.02868192 0.9377988 -0.3459924
vn 0.02276287 0.992161 0.1228753
vn -0.9936357 0.03578957 0.1068045
vn -0.99506 0.06499417 0.07504123
vn -0.9313765 0.357765 -0.06739418
vn 0.04439694 0.180021 0.9826604
vn 0.09528831 0.480654 0.8717178
vn 0.03627501 0.7739238 0.632239
vn -0.9963374 0.008906475 0.08504385
vn -0.9941893 0.02874559 0.1037377
vn -0.9948484 0.03003744 0.09682151
vn -0.9946211 0.02206105 0.1012041
vn -0.9768193 0.1714715 0.1281465
vn -0.9559545 0.2220729 0.1919234
vn -0.9513989 0.2763128 0.1359827
vn -0.9762192 0.09374548 0.1954679
vn 0.9941068 0.06820324 0.08426129
vn 0.9971783 -0.01655029 -0.07322259
vn 0.9978876 -0.001743158 -0.06494189
vn 0.9954603 -0.0237087 -0.09217739
vn 0.995884 0.002873574 -0.09059075
vn 0.1582137 -0.9644974 -0.2114546
vn 0.2659318 -0.9586542 -0.1013036
vn 0.2368898 0.882304 0.4067222
vn 0.1963138 0.9496446 0.2442045
vn 0.2585908 0.8122507 0.5228571
vn 0.1166326 -0.9891786 -0.08900896
vn 0.7520832 -0.642329 -0.1475951
vn 0.9005581 -0.3997198 -0.1709365
vn -0.8591981 0.4968278 0.1222324
vn -0.19141 0.9697607 0.1514149
vn -0.3707689 0.9221616 0.1102203
vn -0.08726373 0.9958068 0.02745656
vn -0.001829486 0.9998592 0.01667969
vn -0.01136524 -0.929004 0.3698952
vn -0.05450408 -0.9602388 -0.2738078
vn 0.001279306 -0.9997298 -0.02320697
vn 0.5175665 0.224178 0.8257537
vn 0.6356202 0.08968291 0.7667751
vn 0.5136924 0.1839709 0.8380184
vn 0.7173708 0.05139851 0.694793
vn -0.1470212 0.9853051 0.08694024
vn 0.9940447 -0.05426575 -0.09450027
vn 0.9945967 -0.04511056 -0.09350019
vn -0.9331527 0.3251072 0.1533992
vn 0.09533206 -0.180938 0.9788632
vn 0.02282003 -0.5044246 0.8631542
vn 0.07142114 -0.7537872 0.6532258
vn -0.04989807 -0.9032896 -0.4261197
vn -0.06593645 -0.927221 -0.3686646
vn 0.436909 -0.8904399 -0.1273869
vn 0.9164065 -0.3482991 -0.1971975
vn 0.9538496 -0.2319025 -0.1907674
vn 0.3231391 -0.919497 -0.2238446
vn -0.782155 0.597574 0.1764618
vn -0.4747972 0.867721 0.1470641
vn -0.7725214 0.5906898 0.2330151
vn 0.3659945 0.6304532 0.6845267
vn 0.2935674 0.694709 0.6566564
vn 0.4074591 0.5458447 0.7321412
vn 0.01114381 -0.9768711 -0.2135382
vn 0.03844007 -0.9655584 -0.257331
vn 0.06998614 -0.9693638 -0.235448
vn 0.7860459 0.6142551 0.06944388
vn -0.984123 0.1106154 0.1388026
vn 0.9928809 -0.1191071 0.001034288
vn 0.9964806 -0.04107155 -0.073072
vn 0.9931463 0.06942778 -0.09402214
vn -0.9955503 0.01494791 0.09303803
vn -0.9946788 0.02263698 0.1005069
vn -0.990609 0.01099596 0.1362828
vn 0.012909 0.9932138 -0.1155838
vn 0.03027026 0.9953822 -0.09109256
vn 0.04003676 0.9991781 -0.006348186
vn 0.9943041 -0.05467858 -0.09148575
vn -0.9915304 0.01640516 0.1288344
vn -0.01769408 0.9364936 -0.350238
vn 0.9968134 -0.04529469 -0.06566119
vn 0.9815695 -0.1174552 -0.1507505
vn 0.9667451 -0.1215501 -0.2250102
vn -0.9957666 0.01125377 0.09122561
vn 0.9768755 -0.004662954 -0.2137582
vn 0.8900295 -0.3947152 -0.2281386
vn 0.5226365 -0.8092996 -0.2681143
vn 0.6836527 -0.6831243 -0.2568272
vn -0.9444662 0.2349564 0.2297366
vn -0.9385065 0.268934 0.216518
vn 0.1066252 0.2676364 -0.9576021
vn 0.5199686 0.1538133 -0.8402227
vn 0.2367342 0.3924981 -0.8887644
vn -0.8307634 0.5565374 -0.009914069
vn -0.6361091 0.7704368 0.04233602
vn -0.9072218 0.4140954 0.07398372
vn 0.06511848 0.1684092 -0.9835639
vn 0.06799018 0.1222437 -0.9901686
vn 0.09422938 0.9801694 0.1743238
vn 0.02430639 0.9855209 0.1678025
vn 0.03008806 0.9859715 0.1641792
vn -0.9217882 0.3341307 0.1966295
vn -0.93497 0.2956309 0.1960447
vn -0.5049055 -0.8348287 -0.2193886
vn -0.3154321 -0.9276884 -0.1997419
vn -0.5385521 -0.8130901 -0.2210115
vn 0.9969907 -0.03211612 -0.07055542
vn 0.9406472 -0.2553969 -0.2235069
vn 0.9500084 -0.2193233 -0.2222192
vn 0.247921 -0.932148 -0.2638851
vn 0.143069 -0.9553033 -0.2587023
vn -0.06536728 -0.9719214 -0.226044
vn -0.01074185 -0.9999306 0.004851413
vn -0.03553945 -0.9993383 0.007742268
vn -0.02012823 -0.999674 -0.01570491
vn 0.6666778 0.3328895 -0.6668773
vn 0.4619996 0.5177224 -0.7200834
vn -0.009202604 0.9837196 -0.1794744
vn -0.01499278 0.9334577 -0.358374
vn -0.004835688 0.9972722 -0.07365315
vn -0.9923601 -0.1223498 0.01587005
vn -0.9999209 0.007155436 0.01033565
vn -0.99446 -0.0997573 0.03313089
vn -0.9903418 0.1339862 0.03564714
vn -0.02606565 0.9820273 -0.1869303
vn -0.4902372 0.8434932 -0.2195146
vn 0.01569293 0.9963385 0.08404307
vn -0.002333384 0.9766679 0.2147424
vn -0.01755369 -0.9855334 0.16857
vn -0.02779891 -0.9672586 0.2522658
vn -0.02189608 -0.967166 0.2532004
vn 0.002519332 0.9928423 -0.1194065
vn 0.658044 0.7478363 -0.08785767
vn 0.3286653 0.8915223 -0.3117163
vn 0.3430696 0.9386312 -0.03570281
vn -0.03227366 0.9961371 0.0816661
vn -0.01543598 0.9735628 -0.2278975
vn 0.3266512 0.9162983 0.2317248
vn 0.676477 0.7228303 0.1410505
vn -0.04489555 0.8859273 0.4616462
vn 0.2832257 0.8106975 0.5123991
vn 0.3297198 0.8541772 0.4020771
vn -0.155901 0.7384828 -0.6560016
vn -0.1025349 0.7375869 -0.6674221
vn -0.08582474 0.7489022 -0.6570994
vn -0.9999224 -0.007293542 0.010104
vn -0.999872 0.001608659 0.01592039
vn 0.9993072 0.01401367 -0.03447784
vn 0.9992529 0.02492697 -0.02953405
vn 0.9992647 0.0161465 -0.03477715
vn 0.05976153 0.7425988 -0.6670648
vn -0.0226861 0.7464462 -0.665059
vn -0.01545181 0.7453208 -0.666527
vn -0.9994651 0.03007707 0.01283798
vn -0.0214944 0.7413209 -0.6708065
vn -0.08333829 0.7380288 -0.6696029
vn -0.008229604 0.740827 -0.6716455
vn -0.3547159 0.9150178 -0.1921434
vn -0.4946926 0.8424754 -0.2133412
vn -0.9498097 0.09420088 -0.2983079
vn -0.9507771 0.0887389 -0.2968978
vn -0.9604218 0.06286032 -0.2713642
vn -0.999782 0.004608967 0.02036247
vn -0.9999442 0.005782026 0.008836073
vn -0.9994617 0.01452283 -0.02941844
vn -0.01905049 -0.6479951 -0.7614062
vn -0.01891238 -0.647893 -0.7614965
vn -0.0211672 -0.6495572 -0.760018
vn -0.01688269 -0.6463895 -0.7628208
vn -0.9981023 0.04064614 -0.04625664
vn -0.9415238 0.2456703 -0.2306056
vn 0.2185546 -0.1357087 -0.9663421
vn 0.05204549 0.1689023 -0.9842578
vn 0.177122 -0.05677688 -0.9825499
vn 0.9923698 -0.07362942 -0.09889748
vn 0.9964516 -0.03436568 -0.07683282
vn -0.9997823 0.0188148 0.009012762
vn -0.9983983 0.05083187 0.02483799
vn 0.9998654 -0.01588008 -0.004109104
vn 0.999497 -0.01713928 0.02668312
vn 0.9995972 -0.00253892 0.02826444
vn -0.9998478 -0.007710354 0.01565293
vn -0.9932866 -0.007663807 0.1154258
vn -0.9828044 -0.08782864 0.1624246
vn -0.8776822 -0.1905786 0.43972
vn -0.2579572 0.9394027 -0.2257891
vn -0.05293693 0.969496 -0.2393223
vn -0.1521606 0.02411534 0.9880615
vn -0.06544991 0.1322421 0.9890542
vn -0.2980807 0.1459422 0.9433179
vn -0.00814313 0.8518605 -0.5237054
vn -0.01113368 0.8588993 -0.5120234
vn -0.1042626 0.9617608 -0.2532695
vn -0.999523 -0.01699326 0.02578777
vn -0.007469457 -0.9568775 0.2903958
vn 0.0265079 -0.9727195 0.2304649
vn -0.01362958 -0.9592249 0.2823151
vn -0.518608 0.8376191 -0.1715802
vn -0.02216155 0.2929228 -0.9558792
vn -0.01711908 0.09586373 -0.9952473
vn -0.01450155 0.07751745 -0.9968855
vn -0.9985171 0.024905 0.04840806
vn -0.9912603 -0.009067585 0.1316079
vn 0.1110972 -0.9729958 0.2023279
vn 0.03867837 -0.9796078 0.1971615
vn -0.9592894 0.1983149 -0.2010848
vn -0.9739825 0.1289977 -0.1863266
vn -0.9722143 0.1167568 -0.2028968
vn 0.9880903 -0.1496952 0.03562132
vn 0.918263 0.1406604 -0.3701456
vn 0.9629545 -0.2689923 0.01901891
vn 0.3401883 0.422229 -0.8402348
vn 0.7932927 0.1536447 -0.5891349
vn 0.02578007 -0.2659577 0.96364
vn 0.03123389 -0.1464133 0.9887303
vn 0.02034551 -0.3392063 0.940492
vn -0.09067182 0.7397562 -0.6667379
vn -0.05559734 0.7418464 -0.668261
vn -0.09330385 0.4170525 -0.9040805
vn -0.150144 0.2853297 -0.9465958
vn -0.04920823 0.05112782 -0.9974791
vn 0.6543947 0.7072572 -0.2674977
vn 0.334012 0.8010998 -0.496664
vn -0.07289251 0.6025681 -0.7947316
vn -0.06464682 0.5143474 -0.8551418
vn 0.6427866 0.03949033 -0.7650268
vn 0.6846125 0.06746402 -0.7257786
vn 0.7143154 0.08838135 -0.6942207
vn 0.9139916 0.1722766 -0.3673419
vn 0.8491048 0.193902 -0.4913482
vn 0.959794 0.2518406 -0.1239827
vn -0.1987924 0.7240382 0.6604924
vn 0.2114382 0.01123755 0.9773268
vn 0.2158277 0.01303765 0.9763445
vn 0.2292794 0.01856522 0.9731836
vn 0.3241035 0.5527283 -0.7677554
vn -0.01670546 0.4573375 -0.8891363
vn -0.9999502 0.008065633 0.005870018
vn -0.9997067 0.01711099 0.01714123
vn -0.9998507 0.004633111 0.01664568
vn -0.9979935 0.03137055 -0.05499729
vn -0.9999347 0.01134256 0.001369737
vn -0.02297785 0.5933902 -0.8045869
vn -0.01524436 0.7465845 -0.665116
vn -0.9622616 0.07286515 0.2621898
vn 0.8747406 0.2226776 -0.4303992
vn 0.9868665 -0.03747318 -0.1571314
vn 0.6576551 0.5741883 -0.487645
vn 0.3086077 0.71377 -0.6287239
vn 0.02834328 -0.588111 0.8082834
vn 0.02417691 -0.4932331 0.8695611
vn 0.01801385 -0.5469655 0.8369613
vn -0.02502024 0.8643162 -0.502326
vn -0.07615698 0.6742832 0.7345355
vn -0.0381688 0.3954592 0.91769
vn -0.1782537 0.5457416 0.8187746
vn 0.6498611 0.6490766 -0.3954493
vn 0.01277087 0.2428865 0.9699706
vn 0.04003288 0.1248404 0.9913689
vn -0.0833907 0.7085692 0.7006966
vn 0.01841397 -0.6400314 0.7681281
vn 0.01555032 -0.639529 0.7686097
vn 0.003628708 -0.996106 -0.08808933
vn -0.01449041 -0.9556043 -0.2942965
vn 0.002236425 -0.9585661 -0.2848614
vn -0.006561597 -0.889531 -0.4568277
vn 6.994983e-05 -0.9878373 0.1554915
vn -0.006023263 -0.9991317 -0.04122449
vn 0.00604371 -0.9903861 0.1381989
vn -0.9997339 -0.01747243 0.01506446
vn -0.01292125 0.9991742 0.03852347
vn -0.04960046 0.9939276 0.09822179
vn -0.01863325 -0.9998215 0.003136565
vn -0.0150144 -0.9996002 -0.02395963
vn -0.002172381 -0.9722056 0.2341186
vn -0.02499909 -0.971029 -0.2376507
vn -0.02274358 -0.9974278 -0.06797488
vn -0.3085801 -0.9307392 -0.1962214
vn 0.8947414 -0.4288206 -0.1247026
vn -0.9998428 -0.0009559451 0.01770297
vn -0.9997559 -0.002466164 0.02195794
vn -0.9998518 -0.004313224 0.01666686
vn -0.6152534 -0.7338758 -0.2879052
vn -0.6919802 -0.6610674 -0.2900918
vn -0.6795085 -0.6698462 -0.2992896
vn -0.8501193 0.4649113 -0.2472949
vn -0.840809 0.4874237 -0.2354958
vn -0.6863566 -0.6952357 -0.2134522
vn -0.9996678 0.001666779 0.02572301
vn -0.9998356 -0.004615847 0.01753492
vn 0.007304234 -0.9440286 0.3297825
vn -0.9998985 -0.003750428 0.01374533
vn -0.02271645 -0.9648806 -0.2617046
vn -0.00463565 -0.9998487 0.01676188
vn 0.3211809 -0.9158412 -0.2409932
vn 0.3337027 -0.9425451 -0.01585335
vn -0.01339099 -0.9781013 0.2076983
vn -0.9993714 -0.02714626 0.02280088
vn -0.9997921 -0.01953707 0.005835004
vn -0.9998373 0.0002034988 0.01803975
vn -0.04874966 -0.8669105 -0.4960744
vn -0.03891168 -0.8864292 -0.4612258
vn -0.9994369 -0.03355536 0.0002416245
vn -0.9985304 -0.05414537 0.00231058
vn -0.9960381 -0.08816516 0.01162521
vn -0.9762694 -0.1044247 0.1897196
vn -0.9922786 -0.06841329 0.1034547
vn -0.02382234 -0.9856341 -0.1672061
vn -0.06022842 -0.9718786 -0.2276502
vn 0.9996809 0.009588767 0.02337177
vn 0.9991335 0.04116994 0.006112792
vn 0.9998974 0.0003671904 0.01431783
vn -0.0182465 0.9663772 0.2564805
vn -0.0313624 0.9608454 0.2753046
vn -0.03807986 0.9692751 0.2430137
vn -0.1602789 -0.02358927 0.9867899
vn -0.1239195 -0.03474864 0.9916837
vn -0.2865365 0.01601765 0.9579355
vn -0.06608266 -0.964383 -0.2561223
vn -0.06164858 -0.9673829 -0.2457025
vn -0.9995034 0.02083902 0.02363573
vn -0.999499 0.01685382 0.026786
vn -0.9995381 0.01583605 0.02593782
vn -0.1049236 -0.9664326 -0.2345192
vn 0.8349516 0.5405264 0.1033788
vn 0.9977102 0.05430715 0.04031145
vn -0.03662903 0.9823956 0.1831863
vn -0.1430447 0.9676816 0.2076786
vn 0.03451606 0.9786016 0.2028491
vn 0.001014378 0.946416 0.3229485
vn -0.9895256 0.07429688 -0.1237709
vn -0.9862303 0.108889 -0.1244708
vn -0.9899493 0.06864864 -0.1236426
vn -0.999704 0.008372764 0.02284239
vn -0.02824634 -0.7598193 -0.6495204
vn -0.2444424 -0.6677522 -0.7031038
vn -0.02329985 -0.6800957 -0.732753
vn 0.9971223 0.03414127 0.0676868
vn -0.9685789 0.1202787 0.2176876
vn -0.6794193 0.5925644 0.4327319
vn -0.709679 0.5598624 0.4276795
vn -0.3343906 0.03139665 0.9419114
vn -0.992986 0.0147851 0.1173042
vn -0.9412297 0.08888876 0.3258611
vn -0.9645654 -0.001868268 0.2638371
vn -0.8310149 0.2744166 0.4838488
vn 0.04968031 0.7586817 -0.6495645
vn 0.06053782 0.7599266 -0.6471835
vn 0.8124046 0.3911816 -0.4324069
vn 0.9260357 0.2582895 -0.2752171
vn 0.7659599 0.3696036 -0.5260215
vn -0.01700595 -0.1059391 -0.9942272
vn -0.007303036 -0.177662 -0.9840645
vn 0.277624 -0.3391505 -0.8988336
vn 0.006168368 0.5260129 0.8504542
vn 0.01739357 0.5915532 0.8060784
vn 0.03763561 0.364925 0.930276
vn -0.02723981 -0.5216121 -0.8527477
vn -0.07864676 -0.6106899 -0.7879547
vn -0.9999217 -0.01158359 0.004738399
vn -0.9151533 -0.2045365 -0.3473606
vn -0.9999012 -0.01356252 -0.003695544
vn 0.7301137 -0.5698636 -0.3770804
vn 0.649359 -0.7144106 -0.2606729
vn 0.3384653 -0.7619755 -0.5521182
vn -0.04060151 -0.9140217 -0.4036283
vn -0.04782491 -0.4762352 -0.8780164
vn 0.998443 0.0490701 -0.02652448
vn -0.998616 0.04832862 0.02074441
vn -0.9974207 0.06923804 0.01892078
vn -0.25082 -0.9395485 -0.2331048
vn -0.05477256 -0.425089 0.9034928
vn -0.09666235 -0.8073773 0.582064
vn -0.06039277 -0.7213889 0.6898918
vn -0.00151586 -0.4159876 0.909369
vn -0.1114091 0.1905162 -0.9753417
vn -0.1151951 -0.2388058 -0.9642105
vn -0.9552831 -0.2600344 -0.1407704
vn -0.9340228 -0.3026457 -0.1897547
vn -0.9759767 -0.1444858 -0.1630744
vn -0.8296831 -0.5229307 -0.1953702
vn -0.009162788 0.7101117 0.7040294
vn -0.01042452 0.710965 0.7031502
vn -0.03669049 0.7282342 0.6843454
vn 0.01710266 0.6918535 0.7218353
vn -0.9995489 0.02977598 0.003934254
vn -0.9990042 -0.02833267 -0.03446501
vn -0.9996256 -0.003691083 -0.02711314
vn 0.7726879 -0.1802738 -0.60865
vn 0.3307737 -0.4262019 -0.8419861
vn 0.04726266 0.10208 0.9936528
vn 0.1582453 0.1916432 0.9686235
vn 0.05461928 0.2600775 0.9640417
vn 0.09334651 -0.8000628 0.5926095
vn -0.1407584 -0.3568273 -0.923505
vn -0.2148413 -0.9600023 -0.1795515
vn -0.1002523 -0.8241374 -0.557447
vn -0.2696884 -0.6613201 -0.6999456
vn -0.03659404 -0.2523685 -0.966939
vn -0.03971839 -0.2644109 -0.9635919
vn -0.04244518 -0.1523226 -0.9874189
vn -0.04234908 -0.1524629 -0.9874015
vn -0.9957671 -0.07173228 -0.0574658
vn -0.987053 -0.1323178 -0.09065572
vn -0.9801575 0.00588783 -0.1981328
vn -0.9842172 -0.04251188 -0.1717824
vn -0.9728727 -0.2211345 -0.06795731
vn 0.002494343 0.2467007 0.9690885
vn 0.02584991 0.4378103 0.8986956
vn -0.03218972 -0.07301795 -0.996811
vn 0.001824762 -0.5403775 -0.8414208
vn -0.6416062 -0.3988539 -0.6551771
vn -0.5145493 -0.5770155 -0.634265
vn -0.002488024 -0.6805593 -0.7326888
vn -0.2120988 -0.9680411 0.1338308
vn -0.1088799 -0.9880491 0.109106
vn -0.06039244 -0.9934347 0.0971612
vn -0.2925338 -0.6591426 -0.6927879
vn -0.0536821 -0.5861363 -0.8084321
vn 0.0548366 -0.5322164 -0.8448305
vn -0.03357546 -0.4561097 -0.88929
vn -0.04174421 -0.6652694 -0.7454356
vn -0.02872293 -0.4814639 -0.8759952
vn -0.9632017 -0.2558906 -0.08223367
vn -0.9017794 -0.4317121 0.02046291
vn -0.04228492 -0.7698869 -0.6367779
vn -0.03066081 -0.004189305 -0.9995211
vn 0.01269162 -0.1143504 -0.9933594
vn 0.03747075 -0.1767955 -0.9835341
vn -0.3397799 -0.9399208 0.03314543
vn -0.07907177 -0.990073 -0.1162032
vn -0.08969846 -0.9837868 -0.1552989
vn -0.9919358 -0.1160863 -0.05086513
vn -0.9919047 -0.1222887 -0.03421418
vn -0.9921783 -0.1125742 -0.05393842
vn -0.1857145 0.9792814 0.08073446
vn 0.0417861 0.9496022 0.3106598
vn 0.1120172 0.9319507 0.3448478
vn 0.9118301 0.2514668 -0.3245466
vn 0.9190975 0.3095526 -0.2437969
vn -0.9675899 -0.07118464 0.2422859
vn -0.9699544 0.03563803 0.2406626
vn 0.8697666 0.1853046 -0.457349
vn 0.9704176 -0.02067428 -0.2405463
vn 0.07438322 -0.004259811 -0.9972207
vn 0.06394815 -0.02200824 -0.9977105
vn 0.0846071 -0.01834334 -0.9962456
vn -0.04822398 -0.8234372 0.5653545
vn 0.01981641 -0.8502347 0.5260307
vn 0.0329912 -0.8571473 0.5140138
vn 0.9959937 -0.01906164 -0.0873674
vn 0.9842424 -0.1505608 -0.09272654
vn 0.9958941 -0.001088488 -0.09052023
vn -0.9764339 -0.007778913 0.2156763
vn -0.9890206 0.0147307 0.1470417
vn -0.9715061 -0.01622472 0.2364585
vn 0.8998667 -0.4263851 -0.09184571
vn -0.984428 0.01440355 0.1751968
vn -0.1924063 0.1104477 0.97508
vn -0.03567649 0.0803333 0.9961294
vn -0.1609681 0.05959319 0.9851589
vn -0.00174075 0.9936572 0.1124383
vn -0.002940977 0.9925883 0.1214893
vn 0.002561198 0.9967974 0.07992798
vn -0.9957178 0.009489584 0.09195627
vn -0.9955468 0.006734119 0.09402723
vn -0.09989627 -0.9949183 -0.01257463
vn -0.04490443 -0.9989747 0.00574763
vn -0.08765835 0.03643389 -0.9954841
vn 0.1163198 -0.03331516 -0.9926529
vn -0.03917135 0.8047634 -0.5923018
vn -0.09358951 0.762101 -0.6406584
vn -0.01610484 0.8621843 -0.5063386
vn 0.6757172 0.2828692 -0.6807286
vn 0.606872 0.2112267 -0.7662178
vn 0.0436891 0.9990327 -0.005006856
vn 0.04212318 0.9990963 -0.005668948
vn 0.7535354 0.6518528 -0.08527711
vn 0.7514724 0.6543918 -0.08402728
vn 0.7381095 0.6706023 -0.07407348
vn 0.00622462 0.9785559 -0.2058873
vn 0.002883505 0.9878989 -0.1550724
vn -0.0009622392 0.974559 -0.2241288
vn 0.02104291 0.9690223 -0.246075
vn 0.9880762 0.05798878 -0.1426285
vn 0.9833727 0.1074073 -0.1464302
vn 0.9913407 0.1250594 -0.0400473
vn -0.9954842 0.02740645 0.09088525
vn 0.9969401 -0.002085309 -0.07814069
vn 0.9937444 0.02468734 -0.1089153
vn 0.9974155 0.0003626979 -0.07184835
vn 0.993337 0.04782335 -0.1048545
vn 0.9507062 0.3095537 0.01827799
vn 0.9964284 -0.00313036 -0.08438388
vn 0.9894012 0.06463785 -0.1300279
vn 0.8789359 0.4706372 -0.07728031
vn 0.8182047 -0.5703321 -0.07254134
vn 0.9902828 -0.1201205 -0.07007895
vn 0.9510587 -0.2968633 -0.0857873
vn 0.9841607 -0.1482176 -0.09725846
vn -0.6819106 0.7290623 0.05887297
vn -0.6590052 0.7498644 0.05844141
vn -0.9941161 0.01308151 0.1075268
vn -0.9929791 0.0187715 0.1167904
vn -0.9956058 0.004499815 0.09353594
vn -0.4336392 0.04180411 -0.9001164
vn -0.3140551 0.3038069 -0.8994836
vn -0.4184712 0.03673347 -0.9074869
vn -0.9917106 0.01507041 0.1276046
vn -0.9901236 0.01360303 0.1395356
vn -0.9925117 0.004390858 0.1220701
vn -0.002800724 0.9999204 0.01230653
vn -0.005131416 0.9997989 0.0193878
vn 0.0007092535 0.9999984 0.001641882
vn -0.0514016 0.9986627 -0.005527143
vn 0.6840484 0.7241969 -0.08727359
vn 0.02955205 0.9995489 -0.005358916
vn 0.05107843 0.9986259 -0.01172069
vn 0.9959545 -0.009745188 -0.08932886
vn -0.002000193 0.9999932 -0.003101043
vn 0.05209205 0.9156201 0.3986557
vn -0.003275211 0.9999904 -0.002922394
vn 0.002043579 0.2596097 0.9657114
vn 0.1285897 0.5975912 0.7914224
vn -0.0336556 0.2306837 0.9724466
vn -0.1166732 0.0488368 0.9919689
vn 0.1173251 0.980267 0.1590955
vn 0.4561251 0.8899096 0.003262911
vn -0.006650572 0.9779636 0.2086694
vn -0.09564993 -0.1125237 0.9890347
vn 0.1463534 0.9861152 -0.07846898
vn 0.9916321 3.235567e-05 -0.1290959
vn 0.9924116 -0.007798506 -0.1227125
vn 0.9907631 0.001610359 -0.1355946
vn -0.005208031 0.9999856 -0.00120838
vn -0.04418675 -0.9990063 0.005828902
vn 0.1046844 -0.9917403 -0.07410935
vn -0.759423 -0.6475514 0.06287932
vn -0.3470353 -0.9369055 0.04212574
vn -0.7632434 -0.6430869 0.06244056
vn 0.7123952 0.696182 -0.0884515
vn -0.09055944 0.6073909 -0.7892244
vn -0.3406415 0.2944243 -0.8929041
vn -0.08690583 0.6195425 -0.7801374
vn -0.03639081 0.9832774 -0.1784408
vn 0.1446265 0.9805925 -0.1323691
vn -0.01072505 0.9970957 -0.07539914
vn 0.9557602 0.264015 -0.1296862
vn 0.9938177 0.04117519 -0.1031071
vn 0.9910295 0.007477466 -0.1334342
vn 0.9621358 -0.1453881 -0.2305581
vn -0.9859166 0.005117696 0.1671594
vn -0.9886986 -0.01302002 0.1493503
vn -0.974574 0.006582575 0.223969
vn 0.04245097 0.9990823 -0.005702256
vn 0.03708333 0.9992619 -0.01002232
vn 0.9957074 -0.0297674 -0.08764006
vn 0.9952843 -0.04099518 -0.08791266
vn 0.9943591 -0.06109633 -0.08670247
vn -0.9326342 0.02368852 0.3600449
vn 0.1405108 -0.0469869 0.9889636
vn 0.1220595 -0.005662426 0.9925066
vn 0.0124202 -0.06111456 -0.9980535
vn -0.01348276 -0.06547459 -0.9977631
vn -0.05755189 -0.9983376 0.003132283
vn -0.6349237 0.7714431 0.04180235
vn -0.8058164 0.5869802 0.07819425
vn -0.9408538 0.3263588 0.09101768
vn -0.995838 0.005012647 0.09100214
vn -0.6420426 0.7648774 0.05238203
vn -0.1258438 0.864594 0.4864571
vn -0.1226795 0.8789043 0.4609521
vn -0.1455563 0.8117406 0.5655885
vn 0.1068087 0.1042317 0.9888011
vn 0.0667488 0.08505026 0.9941384
vn -0.242216 -0.8941833 -0.3765205
vn -0.03155344 -0.9528224 -0.3018837
vn -0.3009822 -0.9336916 -0.1939837
vn -0.4619577 -0.7494436 -0.4742672
vn 0.4096638 -0.8414373 -0.3523619
vn -0.9897655 0.1311154 0.05632894
vn 0.9929383 0.001888493 -0.1186166
vn 0.9906992 0.003439892 -0.1360268
vn 0.9911777 -0.001494434 -0.1325313
vn 0.6300123 -0.1263416 -0.766239
vn 0.9922659 0.01940981 -0.1226037
vn 0.2889493 -0.2929667 0.9114158
vn 0.4584068 -0.387984 0.7995821
vn 0.4908009 -0.4053218 0.7712514
vn -0.9335064 -0.0006322101 -0.3585601
vn 0.2368545 -0.2625217 0.935405
vn 0.9920676 -0.0253736 -0.123117
vn 0.9847417 -0.1593665 -0.06989935
vn 0.01020106 -0.998296 0.05745321
vn 0.007318994 -0.9986705 0.05102658
vn -0.002756015 -0.9977872 0.06643134
vn 0.1406286 -0.04787463 0.9889042
vn 0.005836611 -0.9711758 -0.238293
vn 0.00830822 -0.985681 -0.1684159
vn 0.02980725 -0.9789292 -0.2020126
vn 0.02078974 -0.9722787 -0.2328987
vn -0.9277879 0.3635065 0.08409945
vn -0.3169728 0.9478849 0.03228881
vn -0.9876428 -0.01901708 0.1555633
vn -0.9912131 -0.01151829 0.1317722
vn 0.766425 -0.5923509 0.2484214
vn -0.7861969 0.5997557 -0.1489546
vn 0.01841456 -0.9994638 0.02707224
vn -0.9958094 0.007808577 0.09111916
vn 0.7058192 -0.6984012 -0.1185545
vn -0.303341 -0.3213704 -0.8970537
vn -0.09633256 -0.5477561 -0.8310735
vn -0.3380705 -0.3045852 -0.8904697
vn 0.9313527 -0.3640968 -0.003962191
vn 0.9619366 -0.2558794 -0.09593632
vn -0.993862 -0.006053296 0.1104607
vn -0.2070874 -0.2442074 -0.9473529
vn -0.143828 -0.4669144 -0.8725275
vn 0.1029255 -0.2877876 -0.9521474
vn -0.9735239 0.09735076 0.2068187
vn -0.8202727 0.401268 0.4075988
vn -0.9812444 0.03328164 0.1898728
vn 0.995496 -0.03705778 -0.08726196
vn 0.9963033 -0.007940286 -0.08553661
vn -0.9826264 -0.1257163 0.1365309
vn -0.989033 0.008843848 0.1474291
vn -0.0001299733 -0.9999528 0.009722955
vn 0.00423998 -0.9999869 -0.002870852
vn -0.00323236 -0.9998205 0.01866274
vn 0.1262624 -0.5809039 0.8041196
vn -0.03939084 -0.3030827 0.9521498
vn -0.07019948 -0.2824074 0.9567226
vn -0.9868883 0.02775843 0.1590001
vn -0.9874964 -0.08011726 0.1357644
vn -0.9921473 -0.006359198 0.1249134
vn -0.9923534 -0.02293599 0.1212796
vn -0.9917352 -0.004123399 0.1282356
vn 0.06818859 -0.9976664 -0.003480266
vn 0.04141788 -0.9991372 -0.003070341
vn 0.0696189 -0.9975674 -0.003534768
vn 0.04066546 -0.9991676 -0.003222859
vn -0.02718212 -0.9996287 0.001889159
vn -0.002445399 -0.999979 0.006012321
vn -0.03472999 -0.9993744 0.006680493
vn 0.1332802 -0.9887559 -0.06780977
vn -0.00336133 -0.997533 -0.07011825
vn 0.3199412 -0.9451168 -0.06627148
vn -0.01190897 -0.9860108 -0.1662555
vn 0.01970023 -0.9941689 -0.1060195
vn 0.9913138 -0.003897503 -0.1314601
vn 0.9920431 -0.00482542 -0.1258059
vn 0.9913666 -0.02690553 -0.1283288
vn 0.9849027 -0.1129013 -0.131225
vn 0.9928364 -0.00115847 -0.1194767
vn 0.9831547 -0.1189307 -0.1387892
vn 0.9999847 0.0001938876 0.005538531
vn 0.9999281 1.528462e-05 -0.0119953
vn 0.9999534 0.0006062576 -0.009632199
vn 0.9998457 0.00215119 0.01743372
vn 0.9600237 -0.002430239 0.2799081
vn 0.003681399 0.9991652 -0.04068604
vn -0.0124484 -0.9901891 0.1391778
vn 0.1140804 -0.9849058 0.1301772
vn -0.1766108 -0.9571552 0.2294834
vn 0.4609718 0.8809169 -0.1071931
vn -0.9566751 0.2838537 -0.06480663
vn -0.9952751 0.06617533 -0.07105266
vn -0.9820721 0.1494606 -0.1148738
vn -0.8538511 0.4969706 -0.1547854
vn -0.1356597 0.9900644 -0.03699837
vn -0.656366 0.7475934 -0.1014287
vn -0.2350056 0.9667288 -0.1010337
vn -0.0235298 0.9922578 -0.1219463
vn -0.0354977 0.9836637 -0.176481
vn 0.150878 -0.9822494 0.1114536
vn 0.05695596 -0.9616218 0.268402
vn 0.1899006 -0.9759955 0.1066332
vn 0.1001101 -0.9727399 0.2091771
vn -0.4086758 0.8901606 -0.2014895
vn -0.5231338 0.8234969 -0.2195082
vn 0.2763959 -0.9235317 0.2658845
vn -0.1933898 -0.9483761 0.2513625
vn -0.9890313 0.02833965 -0.1449622
vn -0.9848359 0.04481731 -0.1675995
vn -0.9953768 0.009353978 -0.09559112
vn 0.9999902 0.0007481914 0.004373329
vn -0.0685852 0.9802221 -0.1856362
vn -0.06496553 0.968521 -0.2403052
vn 0.7711078 -0.6197447 0.1459771
vn -0.06675079 0.9631212 -0.2606566
vn 0.6653426 -0.7405384 0.0944573
vn 0.6851654 -0.7212592 0.1016546
vn 0.9999411 -0.001646749 -0.01072599
vn -0.9978545 -0.04326329 -0.04914028
vn -0.8719437 -0.4756149 -0.1162103
vn -0.9902263 -0.1044538 -0.09241908
vn -0.9886292 -0.0921124 -0.1188599
vn -0.9908113 -0.03108975 -0.1316295
vn -0.09834204 0.9832295 0.1535857
vn -0.07927424 0.9895507 0.1204368
vn 0.3605601 0.9130791 0.190481
vn 0.01491693 -0.9815179 -0.1907883
vn -0.01945899 -0.9969828 -0.0751453
vn -0.016543 -0.9995913 -0.02331541
vn 0.9998606 -0.00024291 -0.01668956
vn 0.04389672 -0.9929509 -0.110098
vn -0.00668311 -0.9993373 -0.03578353
vn -0.1067079 -0.9828539 -0.1503715
vn -0.06084743 0.9898041 0.1287842
vn -0.07136956 0.9904333 0.1181019
vn -0.4011588 -0.903381 -0.1515729
vn -0.1898675 -0.9808015 -0.04448342
vn -0.02199784 0.9741952 0.2246328
vn -0.09542131 0.9813987 0.1665874
vn -0.03882458 -0.9606938 -0.2748818
vn -0.2912281 -0.9365329 -0.1951727
vn -0.08570533 -0.9734095 -0.2124349
vn -0.9864357 -0.04130203 -0.1588673
vn -0.9534517 0.2787164 0.115096
vn -0.08844185 0.9849417 0.1485533
vn -0.01733129 0.9658574 0.2584939
vn -0.9997703 0.002191338 0.02132166
vn -0.999373 0.02543519 0.02462956
vn 0.9998805 -1.500892e-05 -0.01546001
vn 0.9999158 6.647107e-05 -0.01297642
vn 0.05052572 0.9492488 0.3104413
vn 0.4011464 0.7306216 0.5525157
vn -0.3608458 0.6071129 -0.7079578
vn 0.005625841 0.9999841 -0.0003661137
vn -0.1254379 0.9920998 -0.001850411
vn -0.9844208 0.1236841 0.124972
vn -0.9833992 0.1033644 0.1491371
vn -0.248317 0.9685046 0.0183704
vn -0.06108919 0.9979401 0.01958549
vn 0.1653323 0.7593842 -0.629286
vn -0.3655994 -0.1697709 0.9151585
vn -0.4717287 -0.2143068 0.8553039
vn -0.3067659 -0.1449705 0.9406796
vn 0.8546629 0.5057871 -0.1171776
vn -0.1343165 0.9909203 -0.00599724
vn 0.08284855 0.9908113 0.1069074
vn 0.2247611 0.8943445 0.386821
vn 0.0555983 0.9875007 0.1474834
vn 0.05948466 0.9978245 -0.0284216
vn 0.08478402 0.8896179 -0.4487669
vn -0.02833634 0.9969689 -0.07245766
vn -0.009280513 0.9995013 -0.0301841
vn -0.9887945 -0.001865658 0.1492718
vn -0.9910876 0.007650499 0.1329914
vn 0.3646788 0.05839839 -0.9293003
vn 0.3074558 -0.9326331 0.1888554
vn -0.1554462 -0.932119 -0.3270941
vn -0.9950308 -0.0263982 0.0960053
vn 0.9906464 -0.07056205 -0.1167936
vn 0.9996692 0.001440545 -0.02567827
vn 0.08690464 -0.9770612 -0.1944196
vn -0.06365515 -0.9357036 -0.3469968
vn 0.1720354 -0.9731552 -0.1528819
vn 0.9851695 -0.1707711 -0.01667907
vn 0.9775974 -0.2096703 -0.01848727
vn 0.9908524 -0.003507749 -0.134905
vn 0.9761142 0.09849871 -0.1936473
vn -0.0686953 -0.01246945 0.9975598
vn -0.9866236 -0.07781035 0.143246
vn -0.9847993 -0.04837474 0.1668238
vn -0.9946529 -0.05186023 0.08930808
vn 0.9880084 -0.1529754 -0.02093064
vn 0.5286857 -0.8423094 -0.1049111
vn 0.1694052 -0.9538681 -0.2478661
vn -0.5137411 -0.8575115 -0.02728119
vn -0.9857648 -0.05506684 0.1588566
vn 0.1401282 0.06746028 0.9878325
vn 0.1292903 0.3788195 0.916395
vn 0.1104188 0.462584 0.8796725
vn -0.1143509 0.7513916 -0.6498727
vn 0.1086041 0.4100212 -0.905587
vn -0.003479227 0.9998371 0.01771005
vn -0.002794755 0.9999245 0.01196077
vn -0.002628228 0.9999408 0.01056207
vn -0.1495817 0.1686123 -0.9742665
vn -0.1380678 0.1151424 -0.983707
vn 0.0246503 0.9505705 0.3095288
vn 0.9904526 0.0006265757 -0.1378522
vn 0.008406309 0.03727075 -0.9992698
vn 0.3899786 0.01028921 -0.9207664
vn -0.08930428 0.04663799 -0.9949119
vn 0.9937379 0.1052154 0.03761031
vn 0.9974329 0.06992637 -0.01542435
vn 0.9930204 0.000782898 -0.1179401
vn -0.9932281 0.0182003 0.1147464
vn -0.9984116 -0.02871734 0.04847344
vn -0.7127721 0.6982802 0.0660363
vn -0.6988292 0.7124881 0.06323342
vn 0.05423449 0.9984979 -0.007782804
vn -0.7226399 0.6870813 0.07557048
vn -0.9959347 0.0100869 0.08951108
vn -0.9957851 0.01196868 0.09093247
vn -0.995865 0.02011908 0.08858963
vn 0.2895894 -0.9561543 -0.04366707
vn 0.9934016 0.02381135 -0.1121887
vn 0.9908704 0.01917817 -0.1334466
vn 0.9205909 0.3621038 -0.1462642
vn 0.491835 0.3306881 -0.8054463
vn 0.03396511 0.999423 -0.0001047235
vn 0.05602029 0.9984143 0.005521127
vn 0.9912151 0.01769739 -0.1310708
vn 0.990607 -0.00255635 -0.1367158
vn -0.8703201 -0.4823945 0.09918809
vn -0.8845698 -0.4579363 0.08849127
vn -0.9243401 -0.3777172 0.05408376
vn -0.9841942 -0.08493338 0.155397
vn -0.9889925 -0.007454219 0.1477781
vn -0.3057896 -0.9519255 0.01817748
vn -0.6034134 -0.7965859 0.0366479
vn 0.04319719 -0.9990612 -0.003296004
vn -0.7075452 -0.7036936 0.06477061
vn 0.8747644 -0.4755525 -0.09293658
vn 0.9405969 -0.3293867 -0.08235179
vn 0.8325091 -0.5507729 -0.05981357
vn 0.2220202 -0.9326156 -0.2844911
vn 0.08925315 -0.9357386 -0.341214
vn 0.2547056 -0.9287693 -0.2692818
vn -0.00364608 -0.9998528 0.01676902
vn -0.001224303 -0.9999873 -0.00488058
vn 0.008955432 -0.9953602 -0.09580065
vn 0.3885419 -0.4864264 0.7825755
vn 0.2826106 -0.3907474 0.8760409
vn 0.1006864 -0.2487614 0.9633172
vn -0.001237152 -0.9910509 -0.1334791
vn -0.003976929 -0.9985939 -0.05286165
vn -0.01979082 -0.9391631 -0.3429008
vn 0.991862 -0.08041973 -0.09870411
vn 0.2055758 -0.9786366 0.003023984
vn 0.9881017 -0.001577026 -0.1537938
vn 0.9830461 -0.05617106 -0.1745426
vn 0.9965714 -0.001191124 -0.08272915
vn 0.8838314 -0.4635298 -0.06310524
vn 0.8584899 0.5076527 0.07268925
vn 0.8462733 0.2738985 0.4569477
vn 0.851764 0.459664 0.25141
vn -0.9883094 0.08656773 0.1255006
vn -0.9890853 -0.004007271 0.1472904
vn 0.01321485 -0.9993079 -0.03477196
vn 0.02262607 -0.9996896 -0.01043414
vn 0.04427548 -0.99663 -0.06905303
vn 0.04134044 0.9990724 -0.01204973
vn 0.09285262 0.9956765 -0.002587028
vn 0.09675347 0.9953064 -0.002019545
vn 0.3966267 -0.6086164 -0.6872213
vn 0.04622591 -0.8632653 -0.5026294
vn 0.2312707 -0.7547143 -0.6139383
vn 0.4262171 -0.4573586 0.7804884
vn 0.2387836 0.9703772 0.03674823
vn 0.1495225 0.9885513 -0.02022989
vn -0.9865234 -0.1342432 0.09354336
vn -0.9935943 -0.0501196 0.1012837
vn -0.9950023 0.04127288 0.09092346
vn 0.3731685 0.8724971 -0.3154269
vn 0.399646 0.8618677 -0.3121971
vn 0.1232059 0.9350008 -0.3325566
vn 0.5079714 0.03699342 -0.8605791
vn 0.5379832 0.04796637 -0.8415897
vn 0.1072362 -0.1759031 0.9785492
vn -0.185657 -0.3823017 -0.9051945
vn -0.1762457 -0.3380175 -0.9244899
vn -0.1405248 -0.1790987 -0.9737436
vn 0.4868372 -0.8660423 0.1138437
vn -0.03758807 -0.9992657 0.007424293
vn -0.03129994 -0.999489 0.006474798
vn -0.1084531 -0.9940825 0.006174419
vn 0.6092329 -0.7855678 -0.1082523
vn 0.270181 -0.9593186 -0.08191451
vn 0.9914075 -0.007929348 -0.1305688
vn 0.9920124 0.001370366 -0.1261327
vn 0.6098874 -0.3930335 -0.6881586
vn 0.9918664 -0.01134956 -0.1267764
vn 0.9910408 -0.001618925 -0.1335499
vn 0.9735931 0.1172252 -0.1958948
vn 0.7457011 0.5167199 -0.420631
vn -0.8733087 0.4725929 0.1182708
vn -0.8258228 0.5321208 0.1867196
vn -0.9087224 0.4138164 0.05458726
vn -0.142166 0.5664804 -0.8117197
vn -0.3604459 0.1713958 -0.9168981
vn -0.2727514 0.342892 -0.8989058
vn -0.7249532 0.6843827 0.07786711
vn 0.07083133 0.997479 -0.004300613
vn 0.7405353 0.6705278 -0.04471955
vn 0.356016 0.933543 -0.04183255
vn 0.9961354 -0.02725698 -0.08349372
vn 0.9868728 -0.05922588 -0.1502476
vn 0.996103 -0.02303074 -0.08513685
vn 0.3659928 -0.9302048 -0.02771774
vn 0.3507997 -0.9362934 -0.01715479
vn 0.6776737 -0.7254366 -0.120416
vn -0.06649269 -0.9977715 0.005549399
vn -0.05284941 -0.9985656 0.008581711
vn -0.04228321 -0.999095 0.004633679
vn -0.3730617 0.01453216 -0.9276928
vn -0.3628584 0.01778619 -0.9316745
vn -0.9812011 -0.06760424 0.1807599
vn -0.9914145 -0.05196946 0.1199847
vn 0.5111467 -0.849307 -0.1319346
vn 0.2690758 0.9591376 -0.08748382
vn 0.8400269 0.4760441 -0.2602631
vn 0.5717239 0.7749501 -0.2694142
vn 0.1880748 0.9810912 -0.04569366
vn -0.01491999 0.9997681 -0.01553191
vn 0.4630576 0.008564961 -0.8862868
vn 0.4472006 0.01376459 -0.8943278
vn 0.4460399 0.01596939 -0.8948706
vn 0.06022 0.9981431 0.009165825
vn -0.9939976 0.04372727 0.1002829
vn -0.9959021 0.01731785 0.08876446
vn 0.8330592 -0.4903576 -0.2560503
vn 0.9538156 -0.2691914 -0.1333108
vn 0.9792374 -0.06051513 -0.1934741
vn 0.8993075 -0.3158145 -0.3025015
vn -0.2307279 -0.3672732 -0.9010411
vn -0.1714164 -0.6930457 -0.7002171
vn -0.2626291 -0.5597477 -0.7859443
vn -0.1579613 0.08428426 -0.9838416
vn -0.2123296 -0.1514249 -0.9653946
vn 0.9443401 -0.3171865 -0.08726111
vn 0.9472417 -0.3137065 -0.06573652
vn 0.9428837 -0.3331218 0.0004860894
vn 0.9824859 -0.1636721 -0.08906636
vn 0.4749385 0.0102638 -0.8799591
vn 0.4616995 0.00809767 -0.8869994
vn 0.00721094 0.9999677 -0.003557936
vn 0.8076409 0.5854902 -0.07012485
vn 0.9336122 0.3460925 -0.09267233
vn 0.04683341 -0.9326651 -0.3576904
vn -0.006320315 -0.006415739 0.9999595
vn -0.004587925 -0.009772403 0.9999418
vn -0.1321894 0.06316181 0.9892101
vn -0.06873015 0.997435 -0.01998733
vn -0.9742531 -0.2246679 -0.0188478
vn 0.09199432 0.9949316 -0.04059695
vn -0.009448777 0.9995348 -0.02900048
vn 0.1484327 -0.03538235 0.9882894
vn -0.08340515 0.03381764 0.9959418
vn -0.4486879 -0.8919514 -0.05569518
vn -0.08946763 -0.9957389 -0.02234682
vn 0.07099617 -0.9971941 -0.02373782
vn -0.9599068 0.2802372 -0.006793483
vn -0.9987572 0.04031946 -0.0292963
vn -0.4450891 0.8951512 -0.02449632
vn -0.7826615 0.6218736 -0.02672354
vn -0.07380974 -0.9968631 -0.0285645
vn -0.8590899 -0.04963982 -0.5094119
vn -0.9741787 -0.005875997 -0.2257023
vn -0.9999213 0.006070573 -0.01098263
vn 0.1249482 0.9919029 -0.02272944
vn 0.01519771 0.9998698 -0.005416121
vn 0.9063178 -0.004106446 -0.4225767
vn 0.829789 -0.4382281 -0.3455521
vn 0.9068015 0.002033381 -0.421553
vn 0.02446042 0.9996944 -0.003584717
vn -0.9878986 0.1281296 0.08740256
vn -0.9873058 0.009640455 0.1585386
vn 0.8060925 -0.5899349 -0.04681535
vn 0.9845804 -0.02918551 0.172481
vn -0.03901224 -0.999216 0.006749922
vn -0.0224302 -0.9997203 0.007496921
vn 0.9950565 -0.01237594 0.09853601
vn 0.9995193 0.0154051 0.02690288
vn 0.3631373 -0.9312301 -0.03068899
vn 0.9911147 -0.003903469 0.1329525
vn 0.9987823 -0.004137415 -0.04916102
vn 0.9776076 -0.0001280299 0.2104364
vn 0.2528554 -0.9669861 -0.03165549
vn 0.8823768 -0.36487 -0.2971211
vn 0.8049624 0.5453594 -0.2337061
vn -0.910032 0.02522559 0.4137699
vn -0.9763487 0.02558147 0.2146831
vn -0.875765 0.02963944 0.4818269
vn -0.9818268 0.01274678 0.1893503
vn 0.9922767 -0.002833495 -0.1240109
vn 0.9314485 -0.3344652 0.1433066
vn 0.9876263 0.004444576 0.1567629
vn 0.9465744 0.001432468 -0.3224822
vn -0.8983493 0.03373396 0.4379847
vn -0.9737735 0.02960812 0.2255849
vn 0.07333155 -0.9973073 0.0008069898
vn 0.004473472 -0.99999 -0.0001823229
vn 0.01649176 -0.9998313 0.008080171
vn -0.04863677 -0.9985148 0.02455023
vn -0.06133577 -0.9978803 0.02174412
vn 0.1662587 0.9859659 0.01514111
vn 0.07732734 0.9962769 -0.0381169
vn 0.142433 0.9896787 0.01577453
vn -0.9241533 0.0381771 0.3801094
vn -0.8706421 0.03862999 0.490398
vn -0.3763315 -0.9061055 0.1932548
vn -0.01883524 -0.9997659 -0.01064403
vn -0.0007328225 -0.9996933 -0.02475443
vn 0.9867688 -0.0675592 -0.1473873
vn 0.922094 -0.04963457 -0.3837694
vn 0.7872303 -0.02723603 -0.6160575
vn 0.9756309 -0.04838875 0.2140161
vn 0.0304664 0.9995355 -0.0007594923
vn 0.02379948 0.9997129 -0.002780747
vn 0.9556744 -0.008686355 0.2942976
vn 0.9743915 -0.04588345 0.2201268
vn 0.8444321 0.0108865 -0.535552
vn 0.8429665 -0.003943589 -0.5379516
vn 0.5998274 0.006332494 -0.8001043
vn 0.02024333 0.9980854 -0.05844431
vn -0.1095912 0.9791649 -0.1709554
vn 0.004837526 0.9996102 -0.02749377
vn -0.07965246 -0.003055388 -0.996818
vn -0.241116 -0.02927226 -0.9700548
vn -0.6118264 0.03220173 -0.7903363
vn 0.9745215 0.0146224 -0.2238174
vn -0.9364344 0.04507753 -0.3479347
vn -0.9990871 0.0003722005 -0.04271775
vn -0.9898351 0.06421392 0.1268976
vn 0.9702742 -0.0123865 0.2416914
vn 0.9940388 -0.0131964 -0.1082254
vn 0.9883725 0.006465651 0.1519148
vn 0.03519032 0.9992893 -0.01351066
vn 0.1103768 -0.993484 0.02839934
vn 0.4592061 0.8817109 0.1082385
vn 0.2942039 0.9529691 -0.07276009
vn 0.6442792 0.7517405 -0.1406788
vn 0.33642 0.8944153 -0.294691
vn -0.01251295 -0.998966 -0.04370804
vn 0.03710968 -0.9884071 -0.1472218
vn 0.4275857 -0.05141196 -0.9025117
vn 0.4740601 -0.02890082 -0.8800181
vn 0.7073514 0.006596046 -0.7068313
vn 0.9015463 -0.01541806 -0.4324077
vn 0.6834024 -0.01011641 -0.7299717
vn -0.8493611 0.02587663 -0.5271776
vn -0.9760095 -0.02509376 -0.2162772
vn -0.9996468 0.02653242 -0.001536652
vn -0.5750768 -0.03112521 -0.817507
vn -0.3159232 0.9345537 0.1637127
vn 0.01587128 0.9998668 0.00380175
vn 0.02146724 0.9997044 -0.01141646
vn -0.930596 0.01495415 0.3657424
vn -0.9289572 -0.00164715 0.3701838
vn -0.01742171 -0.9984479 -0.05289875
vn 0.01757945 -0.9998217 0.006901396
vn 0.8790554 -0.3636048 0.3083069
vn 0.9980209 -0.06044074 0.01735125
vn -0.01929302 0.9997731 -0.00903047
vn -0.296312 -0.9476612 0.118901
vn -0.06027098 -0.9979873 0.01971297
vn -0.05083302 -0.9986161 0.01348676
vn 0.4798882 -0.8740985 0.07522764
vn 0.1862015 -0.9566355 -0.2240032
vn 0.3537528 -0.9192432 -0.1727739
vn 0.9605033 0.02477101 -0.2771636
vn 0.9459855 -0.3231815 0.02579007
vn 0.5811609 0.009468378 -0.8137336
vn 0.1249995 -0.01288071 -0.9920732
vn 0.009926976 -0.001766159 -0.9999492
vn 0.8387695 -0.05634602 -0.5415633
vn 0.5681714 -0.02478685 -0.8225368
vn 0.04928005 0.9982944 -0.03130184
vn 0.001915032 0.9996305 -0.02711588
vn 0.05082677 0.9986743 -0.008129391
vn 0.1844308 0.9812231 -0.0564482
vn 0.03036706 0.9995385 -0.0008811171
vn 0.9841329 0.01847607 0.1764677
vn 0.9766266 -0.03064602 0.2127469
vn -0.9806362 0.1389555 -0.1380001
vn -0.791327 0.1267049 -0.59812
vn -0.8575085 0.05148978 -0.5118866
vn -0.01453968 -0.9866227 -0.1623711
vn -0.02929384 -0.9563964 -0.2905991
vn -0.3476442 -0.937476 -0.01680191
vn -0.01770297 -0.00294417 -0.9998389
vn -0.1036563 0.001661486 -0.9946117
vn -0.1066524 0.0002953954 -0.9942963
vn -0.02567594 -0.3606016 -0.9323664
vn -0.01386011 -0.09639427 -0.9952466
vn -0.01757428 -0.09179474 -0.9956229
vn -0.9192415 0.3842977 -0.08550021
vn -0.9745435 0.2240597 0.007887502
vn -0.5086088 0.8470149 -0.154541
vn 0.004624872 -0.9999039 -0.01306294
vn -0.01142255 -0.9972925 -0.07264373
vn -0.0003899341 -0.9996856 -0.02507092
vn -0.01736318 -0.07798061 -0.9968037
vn -0.03537113 -0.5977128 -0.8009296
vn -0.02199144 -0.2015292 -0.9792356
vn 0.002572378 -0.9999818 -0.005467542
vn -0.06668341 0.9977278 -0.009618267
vn -0.1661491 0.002881063 -0.9860964
vn -0.1594988 0.004736741 -0.9871868
vn -0.91073 -0.4129953 0.00240404
vn -0.8342051 -0.5503004 -0.03565578
vn -0.3024782 -0.952862 -0.02368947
vn -0.9852687 -0.009685936 -0.1707391
vn -0.9980426 -0.0613291 -0.01223805
vn 0.9536151 -0.01054654 -0.3008436
vn 0.9923908 -0.04058934 -0.1162457
vn -0.07615831 0.9967831 -0.02496719
vn -0.09011503 -0.9956011 -0.02564512
vn -0.07442902 -0.9970595 -0.01823705
vn -0.3387495 0.940631 -0.0214947
vn -0.7732809 0.6310112 -0.06214058
vn -0.9074748 0.4201008 0.002171002
vn -0.07632188 -0.9970624 -0.006430621
vn -0.2164192 0.218563 -0.9515214
vn -0.05624986 0.1008602 -0.9933092
vn -0.08311703 0.1183131 -0.9894916
vn -0.8177083 -0.1272428 -0.5613932
vn -0.9822589 -0.134186 -0.1310022
vn -0.613173 -0.001965025 -0.7899462
vn -0.01299099 0.9994241 -0.03134801
vn -0.002054568 0.9993408 -0.03624386
vn 0.006949794 0.9998264 -0.01728486
vn -0.01322314 0.0995044 -0.9949492
vn -0.01426085 0.09514707 -0.9953611
vn -0.01190348 0.9869559 -0.1605498
vn -0.00186331 0.9999558 -0.00922031
vn -0.1933745 0.980128 -0.04421765
vn -0.02838803 -0.9990402 -0.03335815
vn -0.9536726 -0.3008416 -0.001708805
vn -0.7216827 -0.6886877 -0.06988122
vn -0.8985245 -0.4387408 0.01265382
vn -0.9704069 -0.2412252 0.01098322
vn -0.9618824 -0.02871755 0.2719515
vn -0.6549991 0.01425781 0.7554951
vn -0.9435211 0.02793738 0.3301322
vn 0.1726039 0.396188 -0.9017998
vn 0.5603433 -0.007364699 -0.8282278
vn 0.1548549 -0.02184874 -0.9876956
vn -0.1599259 0.2321448 -0.9594439
vn -0.8403097 0.3495 -0.4144023
vn -0.3967384 0.8737853 -0.2812436
vn 0.1313518 0.006099646 -0.991317
vn -0.3256925 0.01946 -0.9452755
vn 0.2046153 0.01669008 -0.9787002
vn -0.4059924 -0.003343894 -0.9138703
vn -0.7466995 0.01978849 -0.6648672
vn -0.2117911 0.8219561 -0.5287086
vn 0.06985897 0.9271925 -0.3680133
vn -0.01070592 -0.9999167 0.007208395
vn -0.002791465 -0.99999 0.003494123
vn -0.0133475 -0.9999065 -0.002949349
vn -6.535266e-05 -0.999998 -0.001972401
vn 0.0001696979 -0.9999663 -0.008215941
vn -0.1011272 0.9942855 -0.03420021
vn 0.002463055 -0.9999613 0.008448036
vn 0.002443869 -0.999995 0.002023696
vn -1.07351e-05 -0.9999998 0.0006206375
vn -0.5691531 0.08341917 -0.8179891
vn -0.3773916 -0.02710708 -0.9256569
vn -0.8005463 -0.02157436 -0.5988826
vn -0.1843045 0.9825622 0.02456408
vn -0.1011511 0.9947099 0.01790562
vn 0.6848326 0.002483564 0.7286962
vn 0.7677438 0.008250381 0.6407039
vn 0.33463 0.02293978 0.9420704
vn -0.08706972 0.9961742 -0.007474594
vn -0.8544175 -0.02424525 -0.519021
vn 0.2723667 0.8571634 -0.4371354
vn 0.9389812 0.0114845 -0.3437766
vn 0.9804358 0.01236897 0.1964502
vn 0.9636105 0.006580385 -0.2672291
vn -0.008016872 -0.999956 -0.004868988
vn 0.004411604 -0.9999642 -0.007220378
vn 0.6542863 0.002766233 -0.7562419
vn 0.6590583 0.01531561 -0.7519358
vn -0.05733714 0.9978329 0.03227844
vn 0.1036166 -0.02083285 0.9943991
vn 0.003698649 -0.9998952 -0.01400296
vn -0.3406392 -0.02502243 -0.9398611
vn -0.7193863 0.005027456 -0.6945921
vn -0.101586 0.02352843 -0.9945486
vn -0.7643547 -0.0153237 -0.644614
vn 0.1950508 -0.02214103 -0.9805431
vn -0.993755 0.01018048 -0.1111198
vn 0.7488602 0.008770095 0.66267
vn 0.8163393 -0.03621924 0.5764359
vn 0.3281114 0.004979771 0.9446259
vn 0.006353442 -0.9987271 -0.05003931
vn -0.4555972 -0.8602636 -0.228862
vn -0.1073885 -0.9901336 -0.09001789
vn -0.1988628 -0.9676976 -0.1549672
vn -0.2131839 -0.9372253 -0.2759735
vn -0.0003646897 -0.8918952 -0.452242
vn 0.3462068 -0.00528387 -0.9381433
vn -0.644585 -0.01656523 0.7643532
vn -0.8098663 0.02850717 0.5859215
vn -0.9446864 -0.01921265 0.3274118
vn -0.1802217 -0.006301652 0.9836059
vn 0.3918865 -0.0230749 0.9197242
vn -0.2207912 0.00394225 0.9753132
vn 0.9938356 -0.01949251 0.1091362
vn 0.5555799 0.0002617469 -0.8314631
vn 0.9054914 -0.02190323 -0.4237991
vn 0.9406776 -0.01405976 -0.3390101
vn 0.6590599 -0.007693627 -0.7520512
vn -0.001654729 0.9999984 0.0006988923
vn -0.001693175 0.9999984 0.0004595325
vn 0.0006576427 0.9999977 -0.002064536
vn 0.01383887 0.999875 -0.007649232
vn 0.00908489 0.9999514 -0.003814335
vn -0.1526223 0.007782377 -0.988254
vn 0.3754237 0.005540751 -0.9268367
vn 0.04819568 0.004452214 -0.998828
vn -0.0015912 0.9999895 0.004307932
vn 0.004902726 0.9998316 -0.01768524
vn -0.004389446 0.9999889 -0.001736473
vn -0.004097563 0.9999888 -0.002348406
vn -0.002839333 0.9999937 -0.002140506
vn -0.1176233 0.9926797 -0.02741931
vn -0.9855863 -0.1437481 -0.08919814
vn -0.8861769 -0.287064 -0.3637097
vn -0.6674135 0.01461287 -0.7445439
vn -0.6674074 -0.3955736 -0.6309428
vn -0.9279275 0.00736574 -0.372688
vn 0.2600403 -0.8938737 -0.3651971
vn 0.1833338 -0.7249676 -0.6639357
vn -0.2010913 -0.9723539 0.118702
vn -0.2287592 -0.9674585 0.1081348
vn -0.2724141 -0.957858 0.09109773
vn -0.004658879 0.9999864 0.002348899
vn -0.1441006 0.921703 0.3601369
vn -0.4893958 0.7470542 0.4498909
vn -0.4466656 0.7766015 0.4442746
vn 0.003033449 -0.1661154 0.9861017
vn -0.9855933 -0.1649237 0.03749626
vn -0.3627712 -0.8022646 0.4740974
vn 0.5406842 0.5846763 0.6048258
vn 0.7183521 0.5377806 0.4413186
vn 0.004245274 0.9999896 0.001664877
vn -0.1751609 0.7724349 0.6104612
vn -0.1818544 0.7934266 0.5808641
vn -0.1999225 0.9452398 0.2579782
vn -0.1538176 0.9435469 0.2933587
vn 0.9786095 0.2034986 -0.03019576
vn 0.01508696 0.9997001 0.01928715
vn -0.9807525 -0.1491403 0.1260228
vn 0.6419992 0.003767649 0.766696
vn -0.6192958 -0.2970269 0.7268065
vn 0.9767905 -0.003378919 -0.2141702
vn 0.9763636 -0.002966269 -0.2161142
vn -0.9842492 0.1733143 0.0348668
vn 0.9907151 -0.1268831 -0.0488285
vn -0.2614263 0.5368792 0.8021328
vn -0.02317647 0.998466 0.05028497
vn 0.6190248 -0.0002042276 0.7853714
vn 0.6158421 -0.001983163 0.7878672
vn 0.6209229 0.0008598971 0.7838711
vn 0.6139151 -0.00305691 0.7893661
vn 0.9797416 0.001321912 -0.2002613
vn 0.6154189 0.733493 0.288527
vn 0.2043065 0.5213363 0.8285332
vn 0.7707156 0.17543 0.6125535
vn 0.7241371 0.1338726 0.676538
vn -0.4245043 0.8620595 0.2768567
vn 0.8630967 -0.5044858 -0.02362552
vn -0.2718357 -0.7083405 0.6514284
vn -0.2564111 -0.6525575 0.7130373
vn 0.8127405 -0.5825573 0.008931397
vn -0.3031445 -0.3407883 0.8899252
vn -0.4086954 -0.4817516 0.7751667
vn -0.3573866 -0.3019027 0.8838154
vn 0.09883398 -0.995004 0.01410466
vn 0.2259527 -0.9741039 0.008190428
vn -0.4207812 -0.544175 0.7258214
vn -0.237481 -0.3032002 0.922861
vn -0.5985652 0.5237541 0.6061365
vn -0.6403911 0.609037 0.4679456
vn -0.8668364 -0.3019949 0.3967287
vn -0.762179 0.4984628 0.4130593
vn -0.004479025 0.9999779 0.004894839
vn -0.9412495 0.2987776 -0.1574211
vn -0.08140553 -0.9955707 0.04703433
vn -0.9996254 -0.01965808 0.01903959
vn -0.1373664 0.9737351 -0.1815779
vn -0.5395339 -0.8406149 0.04764124
vn 0.61806 -0.7793859 -0.1027584
vn -0.7025202 -0.7057252 0.09174589
vn 0.8226618 0.004461921 -0.5685136
vn 0.6759371 -0.7364208 -0.0281699
vn 0.8970754 -0.4417984 -0.0083516
vn -0.001362129 -0.9999815 -0.005925812
vn 0.01025877 -0.9999336 -0.005246331
vn 0.9996836 -0.01496868 -0.02021216
vn 0.9912506 -0.02219464 -0.1301143
vn 0.2912852 0.02672369 -0.9562629
vn 0.2441296 -0.0172651 -0.9695889
vn -0.3402618 -0.9391788 0.04653044
vn 0.12055 -0.5982794 0.7921675
vn 0.2168016 -0.4402159 0.8713249
vn -0.04942708 -0.7557814 0.652956
vn 0.03130713 -0.9995087 -0.001548139
vn -0.03026802 -0.9982105 -0.05157228
vn -0.0268753 0.9948243 -0.09799162
vn 0.9995174 0.02141016 -0.02250611
vn 0.9992109 0.002366344 -0.03964908
vn 0.3998125 0.3141487 -0.8610811
vn 0.4368307 0.3226617 -0.8396835
vn 0.7636277 0.4352294 -0.4769152
vn 0.008154119 0.9999647 0.002029882
vn 0.0002803758 0.9999995 0.0009847601
vn 0.860379 0.5058409 -0.06223281
vn -0.6344503 -0.7701157 0.06629138
vn -0.6427945 -0.7599033 0.09675752
vn 0.9980883 -0.02775965 -0.05521964
vn 0.04254554 0.9976448 -0.05380043
vn 0.07511062 0.9950217 -0.06549912
vn 0.02449561 -0.9996886 -0.004776011
vn 0.7097612 -0.6984977 -0.09132387
vn 0.01183295 0.999928 0.001984534
vn 0.9945925 0.03535557 -0.09765091
vn 0.9998536 0.01321928 -0.0108613
vn 0.6006396 0.3611195 0.7133195
vn 0.02167661 0.9997633 -0.001860042
vn 0.995981 0.05187525 -0.07301189
vn -0.8562828 -0.4366547 0.2758844
vn 0.08833399 0.9960905 0.0009140259
vn 0.1632805 0.9865614 -0.006004201
vn 0.03129301 0.9408928 0.3372559
vn -0.723291 0.007690212 -0.6905005
vn -0.987606 0.08653586 0.1309426
vn -0.9901907 0.06675308 0.1227446
vn 0.05100225 0.8259551 0.561424
vn 0.05025853 0.1809389 0.9822094
vn 0.02387743 0.2035797 0.9787672
vn -0.9532658 -0.248374 -0.1720306
vn -0.9992086 0.03454131 0.01972243
vn -0.9997193 0.02139975 0.0101631
vn -0.6871466 -0.726259 -0.0194256
vn -0.05018197 -0.9987399 0.0006057046
vn -0.846684 -0.4737966 -0.2421629
vn 0.01053969 0.7629308 0.6463944
vn -0.7514107 0.3269165 0.5731559
vn -0.981851 -0.1758527 0.07102537
vn -0.9082739 0.4008436 -0.1198453
vn -0.939426 0.3109992 -0.1440776
vn 0.001910306 0.4820755 0.8761275
vn -0.9976256 0.02059051 0.0657209
vn 0.7551307 0.4285401 -0.4961159
vn 0.05863814 0.1104181 0.9921539
vn -0.01491048 0.8349729 0.5500891
vn -0.008241603 0.9886774 -0.14983
vn -0.01154965 0.9676785 -0.2519223
vn -0.009222975 0.9076893 0.4195413
vn -0.009369782 0.9935532 0.1129792
vn -0.02936261 0.9856232 0.1663871
vn 0.2681191 0.3074433 0.9130119
vn -0.007495217 0.2656267 0.9640468
vn 0.1560032 0.3523816 0.9227623
vn -0.008460278 0.2568608 0.9664114
vn -0.7350669 -0.6245114 -0.2639359
vn 0.02253782 0.555916 -0.8309329
vn 0.01204482 -0.9989936 -0.04320386
vn -0.005314504 -0.9966365 -0.08177683
vn -0.001209412 0.9113088 0.4117219
vn 0.4324238 0.220422 0.8743132
vn -0.01210689 0.9932347 0.1154915
vn -0.9916295 0.03090615 0.1253628
vn 0.008244384 0.7545691 0.6561687
vn -0.9986741 0.02177945 0.04664441
vn -0.02007959 -0.7401097 0.6721864
vn 0.006799355 -0.7466075 0.66523
vn -0.03068241 -0.7328523 0.6796955
vn -0.02606894 -0.9040741 -0.42658
vn -0.9976035 -0.05123311 0.04649977
vn -0.9921989 -0.1075768 0.06299567
vn -0.9909263 -0.08707491 0.1023858
vn 0.00257088 0.9720376 0.2348111
vn 0.005125862 0.7703767 0.6375683
vn 0.00486102 0.9819404 -0.1891282
vn -0.002213428 0.9889922 -0.1479513
vn 0.7753583 -0.6119131 -0.1561467
vn -0.6787354 -0.709237 -0.1905285
vn -0.6639443 -0.7146032 -0.220273
vn -0.708795 -0.6944679 -0.1237904
vn -0.6108687 -0.7264175 -0.314892
vn -0.9998446 -0.002323742 0.01748016
vn -0.9997591 0.002438282 0.021813
vn -0.999833 -0.001684229 0.01819149
vn -0.9996796 -0.02274003 0.0111277
vn -0.999394 -0.03478202 -0.001355986
vn -0.2114746 0.9554542 0.2058781
vn -0.3814579 0.8629175 0.3314562
vn -0.2916824 0.7998876 0.524501
vn -0.2727438 0.4954616 -0.8246991
vn -0.2581517 0.4506598 -0.8545545
vn -0.1301932 0.4860084 -0.8642023
vn -0.007011172 -0.8049265 0.5933331
vn -0.02843248 0.8651454 -0.5007145
vn 0.1253302 -0.3064336 -0.9436052
vn -0.03476793 0.9233812 -0.3823068
vn -0.9984187 0.04970833 -0.02625554
vn 0.3856085 -0.5627303 -0.7311913
vn -0.9764792 -0.1545326 0.15036
vn -0.8651252 -0.3251563 0.3818793
vn -0.968853 -0.1874764 0.1617911
vn 0.005279267 0.7588797 0.6512093
vn 0.004993263 0.759874 0.6500512
vn -0.2173031 0.03630351 -0.9754289
vn 0.01142409 0.9390914 -0.3434773
vn -0.9995147 0.02186148 0.02219128
vn 0.006103415 0.7685805 -0.639724
vn -0.9958 0.005796205 -0.09137096
vn -0.9999371 0.01035339 -0.004328573
vn -0.9998467 0.01656236 0.005675038
vn -0.9995605 0.008336897 0.02844601
vn 0.02888258 0.3463001 0.9376791
vn 0.02676454 0.5234676 0.8516251
vn -0.01256437 0.9007872 -0.4340791
vn -0.01901363 0.8008107 -0.5986156
vn 0.953972 -0.1611669 0.2529081
vn -0.9995601 0.02924977 -0.004887709
vn -0.9997754 0.01919796 -0.008985035
vn -0.9988151 0.04850239 -0.003976665
vn 0.01793153 -0.9997989 0.008975815
vn -0.5299059 -0.8221403 -0.2080505
vn 0.9992256 0.02783987 -0.0278056
vn -0.299373 -0.2855735 0.9103975
vn 0.4631621 -0.3202696 0.8263826
vn -0.02776204 -0.9992744 -0.0260783
vn -0.001912335 -0.9999794 0.006131677
vn -0.9360489 -0.03241086 -0.3503739
vn 0.600307 -0.7748542 0.1980718
vn 0.003885059 0.6661581 0.7458004
vn -0.009767298 -0.9998856 -0.0115536
vn -0.91569 0.3526682 -0.1927097
vn 0.2990843 -0.1220773 -0.9463856
vn -0.00344984 0.9362763 0.3512474
vn -0.9510483 0.2345322 0.2012508
vn 0.06032253 0.5912532 0.8042269
vn -0.03320749 -0.4312726 -0.9016103
vn 0.2744109 -0.180039 -0.9446082
vn -0.9922146 -0.05703867 -0.1107105
vn 0.7660846 0.1077564 0.6336426
vn -0.999607 -0.02047127 0.01915302
vn 0.01675774 -0.06993082 0.9974111
vn -0.4236889 -0.3024195 0.8538327
vn 0.5550032 0.06337057 0.8294309
vn -0.9999983 -0.001495456 -0.001029427
vn -0.9999552 -0.009163004 -0.002392978
vn 0.4172134 0.4183041 0.8068176
vn -0.9994033 -0.02981565 -0.01743818
vn 0.9991295 -0.0079247 -0.04095563
vn -0.9993533 0.003692814 0.03576685
vn -0.9989399 -0.04601948 0.001109278
vn -0.492759 -0.8658193 0.08686523
vn -0.5885746 0.7836748 -0.1985792
vn -0.3154247 -0.9484412 -0.03109008
vn -0.2574383 0.4050158 -0.8773185
vn -0.9995929 -0.005280836 0.02803983
vn -0.8257111 0.2458933 -0.5076787
vn -0.7242988 -0.0003475257 -0.689486
vn -0.9999159 0.002260069 0.0127693
vn 0.01639626 -0.6016151 0.7986178
vn -0.657727 -0.7276739 -0.1946429
vn 0.9033359 0.378265 0.2022375
vn 0.942319 0.2934989 0.1609137
vn 0.00580614 -0.7151752 0.6989211
vn 0.8682466 0.496032 0.01001409
vn -0.1014422 -0.499213 -0.8605208
vn -0.1981453 0.9693211 -0.1454474
vn -0.002874969 -0.8055349 0.5925413
vn -0.3802699 -0.9103243 -0.1634151
vn -0.6174833 0.1056602 -0.7794551
vn -0.6618434 -0.6670848 0.341996
vn 0.6127584 -0.5058309 0.6071756
vn 0.01162896 -0.7459267 0.6659263
vn -0.7045271 -0.6467055 -0.292256
vn -0.1946012 0.1248921 -0.972899
vn 0.1022303 -0.7893488 0.6053737
vn 0.3581171 -0.8855432 0.2959145
vn -0.999437 -0.02779798 0.01878651
vn 0.7122341 -0.4941972 0.4984892
vn -0.04673419 -0.9985185 0.02787068
vn 0.2743846 -0.9615995 -0.006298368
vn 0.5064453 -0.861609 -0.03380881
vn 0.9975834 -0.06946382 -0.001431026
vn 0.9960858 -0.08836713 -0.002090544
vn 0.04258357 -0.8602311 0.508123
vn 0.9997092 -0.01057871 -0.02167347
vn 0.4514494 -0.4825504 0.7505589
vn 0.2987418 -0.6244026 0.7217165
vn -0.9928166 0.08215942 0.08697715
vn -0.944272 0.3264944 -0.04185478
vn 0.655703 -0.1134698 0.7464437
vn -0.9948285 -0.01073199 0.1010004
vn -0.9959702 0.004088825 0.089591
vn -0.9969969 0.03141646 0.07078119
vn -0.9916869 -0.002685034 0.1286468
vn -0.1442854 -0.9206726 -0.3626896
vn 0.989714 0.09973808 -0.1025601
vn -0.9501039 -0.3118491 -0.007255724
vn 0.04552252 -0.9989385 0.007049684
vn 0.8270942 -0.3802924 -0.4138755
vn 0.837061 -0.4192782 -0.3514747
vn 0.6718971 -0.4297993 -0.6031806
vn 0.5348915 -0.425344 -0.7300503
vn 0.1652038 -0.9728196 0.1622645
vn -0.9334651 -0.2926102 0.2074177
vn -0.9416242 -0.251015 0.2243556
vn -0.0289191 -0.2105804 -0.9771487
vn 0.04773612 0.9988317 -0.007512453
vn 0.3646753 -0.307528 -0.8788848
vn -0.9937676 -0.002863488 0.1114342
vn 0.9995198 0.005453557 -0.03050313
vn 0.9998756 0.006061637 -0.01456192
vn 0.9874502 0.01289765 0.1574029
vn 0.9991949 0.01626275 0.03667552
vn 0.9983435 0.02068726 -0.05368728
vn 0.9998955 0.003839136 -0.01393868
vn 0.0244492 0.5030631 -0.8639038
vn 0.9946639 0.0540478 -0.087878
vn 0.9411637 0.168317 -0.2930534
vn 0.09128935 0.8846164 0.4572966
vn 0.01037561 0.8860784 -0.4634192
vn -0.9914705 0.03529202 0.1254618
vn 0.981649 -0.1651182 -0.09540089
vn -0.2937897 0.951692 0.08927521
vn -0.9925339 -0.1130791 0.04571049
vn 0.5473297 -0.83212 -0.08947939
vn 0.2511648 0.9584761 0.1350544
vn 0.4511901 0.8924243 0.002551936
vn 0.8852612 0.2500601 -0.3921512
vn 0.7497996 0.4239399 -0.5080113
vn 0.001614221 0.9999744 -0.006979411
vn -0.150355 0.9883907 0.02184481
vn -0.6292491 0.7762881 0.03771419
vn 0.01636466 0.9685457 -0.2482969
vn 0.07772648 0.09769726 -0.9921764
vn -0.04168061 -0.9914762 -0.1234402
vn -0.01107364 -0.9804515 0.1964487
vn -0.990717 0.1354003 -0.012113
vn 0.01383334 0.9578971 0.2867784
vn -0.9997813 0.003610621 0.02060371
vn -0.94836 -0.0434366 -0.3142076
vn -0.05305661 0.752263 -0.6567231
vn -0.01832502 0.7415679 -0.6706276
vn -0.005853362 0.9448477 -0.3274578
vn -0.03006243 0.7472382 -0.6638759
vn 0.9994877 0.01197414 -0.02968062
vn -0.9810667 0.03561789 -0.1903667
vn -0.02087476 0.9533938 0.3010056
vn 0.02658371 0.9775021 0.2092435
vn -0.1286855 0.8035123 -0.5812126
vn -0.02937885 0.7375968 -0.674602
vn -0.005566806 -0.9981081 0.06123102
vn -0.6701666 0.6911614 -0.2705042
vn 0.01903802 0.2256098 -0.9740317
vn 0.6529269 0.6902612 -0.3118105
vn 0.9320948 -0.2723854 -0.2387584
vn -0.9997271 0.01905659 0.01351408
vn 0.9988625 -0.03018595 0.03691279
vn -0.9995638 0.02422439 0.0168957
vn -0.01792375 -0.9627969 0.2696311
vn -0.02419996 0.7018539 -0.7119097
vn -0.07086588 0.003006811 0.9974813
vn 0.02130381 -0.977047 0.2119561
vn -0.07718208 0.2148233 0.9735984
vn -0.9970536 -0.04304424 0.06349217
vn -0.9992565 -0.01549664 0.03530347
vn -0.9418445 -0.2590216 0.2140953
vn 0.2243293 0.9713839 -0.07803663
vn 0.9963525 -0.01439033 0.08411187
vn 0.9964781 -0.02228323 0.08083887
vn -0.9181632 -0.3960248 0.0118522
vn 0.9958232 0.02958549 0.08637619
vn -0.06396776 0.7396309 -0.6699659
vn -0.9719059 0.08731021 -0.218577
vn 0.02808822 -0.4005699 0.9158356
vn 0.01492313 -0.08195987 0.9965239
vn -0.02070135 0.2606618 -0.9652082
vn -0.06428621 0.4216165 -0.9044926
vn -0.9511343 0.2653538 -0.1578954
vn -0.9158221 0.345677 -0.2043952
vn -0.8120699 0.5417508 -0.2169069
vn 0.6020651 0.01365587 -0.7983303
vn -0.01335157 0.7927612 -0.6093861
vn 0.0207384 -0.6498761 0.7597572
vn -0.003041309 0.7441387 -0.6680183
vn -0.151171 0.7120342 -0.6856782
vn -0.8514445 0.4147975 -0.3209132
vn 0.8579347 -0.5117584 -0.04529421
vn 0.7633706 0.06751709 0.6424226
vn 0.7634615 0.0682221 0.64224
vn 0.7634238 0.06792905 0.6423159
vn 0.7633303 0.0672062 0.642503
vn -0.9978248 0.05536701 -0.03577893
vn 0.03249929 0.101993 0.9942541
vn -0.02473993 0.9878366 0.1535151
vn -0.02725457 0.9903107 0.1361684
vn -0.9993659 -0.03452046 0.008722429
vn -0.06235142 0.9693304 0.2377203
vn -0.8297879 -0.5280054 0.1807277
vn -0.998022 -0.008728391 -0.06225689
vn -0.9940684 0.04191852 -0.1003537
vn -0.9990298 -0.04081404 0.01654553
vn -0.7065151 -0.6778812 -0.2032569
vn 0.6351988 -0.7667053 0.09319676
vn 0.6618807 -0.748196 -0.04600839
vn 0.8852945 -0.4574267 0.08375283
vn -0.01204707 -0.3783683 -0.9255767
vn -0.02553143 -0.8495851 -0.5268332
vn -0.01969859 -0.8076724 -0.5893024
vn -0.06276207 0.9678257 0.2436684
vn -0.03575897 0.965704 0.2571712
vn -0.1704281 -0.912057 0.3729695
vn -0.9850834 0.1186396 -0.1246413
vn -0.02944955 -0.5920425 -0.8053685
vn 0.9968329 0.05490575 0.05752976
vn -0.9178293 -0.1910831 0.3479605
vn -0.001983446 0.3264745 0.9452039
vn -0.8715472 -0.4517902 -0.1905024
vn -0.694042 -0.6903684 -0.2041987
vn -0.01699108 0.7414784 -0.6707615
vn 0.2348311 0.0208514 0.9718125
vn -0.9999768 0.004062644 0.005457396
vn 0.9992228 0.03581488 0.01646507
vn -0.01692732 0.7415322 -0.6707037
vn 0.5337982 -0.6450376 -0.5467961
vn 0.826197 -0.2020719 -0.5258948
vn 0.8349859 0.04379965 0.5485254
vn 0.8340597 0.1013474 0.5422853
vn 0.8047973 0.3169692 0.5018286
vn -0.03800474 -0.6820055 -0.730359
vn -0.5291644 -0.1099106 -0.8413708
vn -0.03115236 0.9248694 -0.3790066
vn -0.03535188 0.9286685 -0.3692222
vn -0.02485915 0.9189622 -0.3935613
vn -0.01930466 0.9135356 -0.4063003
vn -0.5184254 -0.8518555 0.07468148
vn -0.138962 -0.9902034 0.01367109
vn -0.93434 0.09491538 -0.3435109
vn -0.2367605 -0.6727132 -0.7010003
vn -0.03515751 -0.6329427 -0.7733999
vn -0.4748627 0.1467038 0.8677461
vn 0.8131294 -0.1742829 0.5553791
vn -0.9103662 -0.2558776 -0.3252079
vn -0.05232467 0.0512961 -0.9973118
vn -0.9509268 -0.08387116 -0.2978321
vn -0.2996748 -0.9415262 0.1540239
vn -0.9416344 0.1910303 -0.2771864
vn 0.110786 0.8724583 0.4759653
vn -0.4276074 0.868961 -0.2491159
vn 0.8738256 0.4059604 -0.2676285
vn -0.9907765 -0.07401038 0.1135099
vn 0.7061709 -0.3920206 0.5896124
vn 0.6967404 0.4357373 0.5698119
vn 0.9947244 -0.01635768 -0.1012706
vn -0.1307864 -0.8131422 0.5671813
vn -0.1082233 -0.8138636 0.5708885
vn 0.9961912 -0.08205565 -0.02949351
vn -0.07476968 0.1931285 0.9783204
vn -0.9320982 0.1655171 -0.3221755
vn -0.8644952 -0.07162065 0.4975124
vn 0.9916537 0.003487244 -0.1288827
vn 0.003773525 0.9974872 0.07074683
vn -0.9953947 0.02954438 0.09119515
vn -0.410577 -0.9064541 -0.09883021
vn -0.440395 -0.8918023 -0.1036379
vn -0.4038466 -0.9095904 -0.09774002
vn 0.2543659 0.2710687 -0.9283425
vn 0.003076703 0.9999799 -0.005551603
vn 0.01187448 0.8424902 -0.5385808
vn 0.5535185 0.8314305 -0.04837989
vn 0.9557124 0.2845822 -0.07501173
vn -0.9913941 0.02586853 0.1283302
vn 0.1293585 0.6124928 0.77982
vn -0.112263 0.04748084 0.9925435
vn -0.9807404 0.02367079 0.1938764
vn -0.9901445 0.02012648 0.1385965
vn 0.8617959 0.4720053 0.1857924
vn -0.44537 -0.8892348 -0.1044364
vn 0.993231 0.02798129 -0.1127346
vn 0.006984668 -0.9970663 0.07622265
vn 0.9944027 0.1045091 -0.01553147
vn -0.1550112 0.8117105 0.5631142
vn -0.02796154 -0.9980487 0.05582956
vn -0.5667945 -0.6644455 -0.4870894
vn 0.07089921 -0.4586198 -0.8857998
vn 0.5797806 0.7725278 0.2589505
vn 0.6826274 -0.7258488 0.08463614
vn -0.1355613 0.9341344 0.330176
vn -0.7475508 0.04985317 0.6623311
vn -0.1687704 -0.6964566 0.6974703
vn -0.9814478 -0.004294842 0.1916816
vn -0.1088496 -0.9682262 0.225144
vn 0.02655438 0.9989441 -0.03749097
vn -0.9920097 -0.004791888 0.1260705
vn 0.007276073 -0.9999059 -0.01162157
vn 0.1271078 -0.5903788 0.7970549
vn -0.05336519 -0.9985639 0.004718515
vn -0.3544419 -0.2411244 -0.9034544
vn 0.04315775 0.9987479 -0.02529604
vn -0.00492054 -0.9999831 0.003102316
vn -0.0001614786 -0.9999993 -0.001234491
vn -0.002019121 -0.9999979 0.000458322
vn -0.9893819 -0.02977008 0.1422575
vn -0.1640235 -0.06319041 0.9844305
vn -0.1511132 -0.05949843 0.9867243
vn -0.9789805 -0.01065607 0.2036752
vn -0.09569999 -0.5500702 -0.829617
vn 0.002844392 -0.9999881 -0.003973632
vn -0.9966173 -0.07166499 0.04022485
vn -0.9986449 -0.05192864 0.003441489
vn -0.9986382 -0.04072078 0.03261219
vn -0.9997315 -0.008524924 0.02154505
vn -0.9210476 -0.3823415 0.07406938
vn -0.9558676 -0.2801827 0.08840122
vn -0.1916325 -0.9472475 0.2569029
vn -0.9997618 0.004006473 0.02145541
vn -0.9996775 0.005031271 0.02489379
vn 0.9998022 0.003985743 0.01948603
vn 0.1137497 0.9660134 0.232119
vn 0.07803968 0.9737165 0.2139769
vn -0.926201 0.3549018 0.1272648
vn -0.9316241 0.3634147 0.002516388
vn 0.5950848 0.5943969 -0.540894
vn 0.767224 0.5987096 -0.2300308
vn 0.7281833 0.6077057 -0.3169271
vn -0.985542 -0.01811375 0.1684601
vn -0.9892631 -0.002129068 0.1461302
vn -0.459685 0.1213896 0.8797468
vn -0.5385478 -0.2421923 0.8070373
vn 0.9903759 0.00288981 -0.1383734
vn -0.06944589 -0.8876646 -0.455224
vn -0.02373569 -0.8452129 -0.5339023
vn -0.9558235 -0.1597478 0.2467426
vn 0.9329116 -0.3019263 0.1962559
vn 0.1377189 0.07565991 0.9875774
vn -0.9855046 0.03660155 0.1656531
vn -0.9724241 0.06025378 0.2253016
vn -0.003645161 0.9998109 0.01910389
vn 0.2207419 -0.9266015 -0.3044381
vn 0.2520386 -0.9161326 -0.3117332
vn -0.01317979 -0.9703867 -0.2411971
vn 0.5229871 -0.3151496 -0.7919376
vn -0.08999255 -0.9719709 -0.2171956
vn 0.9781647 0.164208 0.1273954
vn -0.9553242 -0.2885394 -0.06403686
vn 0.1012678 0.9948402 0.006140425
vn 0.995558 0.07802736 -0.05268755
vn 0.9847068 0.1259615 0.1203591
vn 0.9866484 0.06956461 -0.1472608
vn -0.04996243 -0.8208799 -0.5689112
vn -0.942494 -0.3323795 0.03505731
vn -0.580802 -0.3416553 0.7388779
vn -0.1309896 -0.1386855 -0.9816355
vn -0.1215872 -0.9176977 -0.3782162
vn 0.3466161 0.9349165 0.07608178
vn -0.9932187 0.02089946 0.1143673
vn 0.9964506 -0.00308928 -0.08412255
vn -0.3474049 -0.1406776 0.9271029
vn -0.9962688 0.006360805 0.08606945
vn -0.4263594 0.1045369 0.898493
vn -0.3403299 0.666622 -0.6631672
vn 0.5762135 0.7883046 -0.2157632
vn -0.9897231 0.06253365 0.1285988
vn -0.9432628 0.3184153 0.09416553
vn -0.9493505 0.3016064 0.0881317
vn -0.8624316 -0.3188973 -0.3930857
vn 0.2686955 -0.11933 0.9558049
vn 0.01141763 -0.9929751 -0.1177716
vn 0.9907869 -0.001893717 -0.1354167
vn 0.8231478 -0.2262376 -0.5208111
vn 0.8038875 -0.3237177 -0.4989707
vn 0.4901417 -0.2915835 -0.8214257
vn 0.8126806 0.5813591 -0.03964518
vn 0.8096396 0.5854355 -0.04181975
vn -0.9962008 0.005078793 0.08693663
vn -0.5948302 0.1819261 -0.7829943
vn -0.9900144 0.02992286 0.1377532
vn -0.670043 0.2149933 -0.710507
vn 0.3366904 0.9405157 -0.04549542
vn 0.07141675 0.9401002 -0.3333338
vn 0.4746329 0.01135345 -0.8801106
vn -0.686338 -0.7143994 0.1362857
vn -0.248506 0.8369216 -0.4876546
vn -0.0254847 -0.9996439 0.007911108
vn 0.0351407 -0.9993768 -0.003345471
vn -0.05951643 -0.9127847 0.4040816
vn -0.005590484 -0.009933781 0.999935
vn 0.9980422 0.009535707 0.06181267
vn 0.2459442 -0.08238493 0.9657765
vn 0.05790188 0.9508598 0.3041594
vn 0.1117925 0.9928519 -0.04180435
vn 0.7493685 0.6608714 -0.04118048
vn 0.5889525 0.8080924 0.01102396
vn -0.03916602 -0.9992091 0.006862716
vn -0.5306783 -0.8429591 0.08831993
vn 0.2607616 0.9654022 -0.001399696
vn -0.8548881 0.05414099 0.5159797
vn -0.832375 -0.01546895 -0.5539969
vn 0.1541062 0.9415824 -0.2994561
vn 0.9160929 0.01942712 0.400495
vn -0.03181391 0.9991846 0.02485865
vn 0.4314244 0.8944482 0.1176239
vn 0.03582664 -0.9993009 0.01067711
vn 0.03504343 0.9824913 -0.1829828
vn -0.4311127 0.01808459 -0.9021168
vn 0.9297773 -0.002585788 -0.3681136
vn -0.02899176 -0.9991111 -0.03060022
vn -0.0303048 -0.9375944 -0.3464077
vn -0.01764736 -0.003121525 -0.9998394
vn -0.05917599 0.4696425 -0.8808712
vn -0.6144331 -0.06633295 -0.7861755
vn -0.6300421 0.06795474 -0.773582
vn -0.9974747 0.07050904 -0.008516903
vn -0.02024644 0.9616823 -0.2734177
vn -0.9970132 -0.0001199891 -0.07723138
vn -0.001851629 0.9985516 -0.0537697
vn -0.008912264 0.9999344 -0.00718845
vn -0.05320613 -0.9985806 0.002403234
vn -0.1686156 -0.463679 -0.8698107
vn -0.516009 -0.02476805 0.856225
vn -0.195935 0.0245162 0.9803104
vn -0.97959 0.01566751 -0.2003945
vn -0.008903765 -0.9998481 -0.01498284
vn -0.107585 0.9941953 -0.001030238
vn 0.0008213164 -0.9999959 0.002751103
vn 0.06264581 -0.9979005 -0.01643574
vn 0.01295114 -0.9999074 -0.004178014
vn 0.9529715 0.01351878 0.3027583
vn -0.06079638 0.9980819 -0.01167646
vn -0.1881649 -0.9820103 0.01580332
vn -0.9796214 -0.01639631 -0.2001824
vn -0.3900501 -0.02262682 -0.9205156
vn -0.06851135 -0.7070981 -0.7037887
vn 0.9781576 -0.005352988 0.2077957
vn -0.001812091 0.9999898 -0.004125935
vn 0.01069077 0.9999406 -0.002099043
vn -0.698155 0.7144693 -0.04597122
vn 0.00402847 0.9998698 -0.01562978
vn -0.006625682 0.9999781 0.0001819544
vn -0.02003192 0.9994373 -0.0269032
vn -0.3104816 -0.9475471 0.07586505
vn 0.08047493 0.9052574 0.4171724
f 8//1 7//2 4//3
f 3//4 4//5 55//6
f 7//7 2//8 1//9
f 7//7 8//10 6//11
f 7//2 1//12 68//13
f 6//14 81//15 2//16
f 1//9 2//8 80//17
f 1//12 271//18 68//13
f 2//16 269//19 19//20
f 1//12 80//21 271//18
f 271//18 80//21 91//22
f 69//23 6//14 5//24
f 55//6 56//25 3//4
f 9//26 73//27 10//28
f 80//21 17//29 106//30
f 269//19 18//31 19//20
f 80//17 18//32 17//33
f 18//31 90//34 15//35
f 17//36 15//37 16//38
f 12//39 10//28 14//40
f 13//41 14//40 11//42
f 14//40 13//41 12//39
f 12//39 49//43 9//26
f 49//43 72//44 9//26
f 24//45 46//46 44//47
f 44//47 43//48 22//49
f 23//50 44//47 22//49
f 131//51 22//49 43//48
f 33//52 38//53 34//54
f 132//55 25//56 27//57
f 26//58 27//57 31//59
f 36//60 50//61 35//62
f 50//61 34//54 38//53
f 50//61 38//53 12//39
f 26//58 31//59 32//63
f 20//64 27//57 26//58
f 33//52 26//58 32//63
f 33//52 32//63 38//53
f 25//56 45//65 31//59
f 28//66 20//64 26//58
f 21//67 20//64 28//66
f 47//68 46//46 24//45
f 29//69 140//70 30//71
f 139//72 138//73 20//64
f 21//67 139//72 20//64
f 30//71 140//70 21//67
f 21//67 28//66 30//71
f 35//74 24//45 37//75
f 48//76 112//77 72//44
f 48//76 45//65 112//77
f 31//59 45//65 48//76
f 44//47 46//46 41//78
f 150//79 113//80 45//65
f 46//46 11//81 109//82
f 131//51 40//83 179//84
f 46//46 109//82 41//78
f 40//83 111//85 39//86
f 50//61 13//41 51//87
f 50//61 12//39 13//41
f 38//53 49//43 12//39
f 43//48 42//88 40//83
f 41//78 42//89 43//48
f 44//47 41//78 43//48
f 49//43 32//63 48//76
f 41//78 111//85 42//89
f 25//56 150//79 45//65
f 66//90 52//91 86//92
f 250//93 57//94 228//95
f 52//91 116//96 85//97
f 7//2 68//13 70//98
f 69//23 81//15 6//14
f 231//99 244//100 61//101
f 232//102 61//103 62//104
f 230//105 233//106 62//107
f 64//108 62//104 233//109
f 67//110 219//111 229//112
f 54//113 235//114 64//115
f 246//116 69//23 53//117
f 64//108 63//118 62//104
f 60//119 231//120 61//103
f 62//104 63//118 232//102
f 245//121 63//122 235//114
f 86//123 89//123 65//123
f 66//90 86//92 65//124
f 70//98 68//13 348//125
f 247//126 270//127 81//15
f 112//77 71//128 72//44
f 112//77 92//129 71//128
f 73//27 72//44 100//130
f 10//28 100//130 103//131
f 74//132 10//28 103//131
f 77//133 75//134 76//135
f 121//136 103//131 82//137
f 106//30 78//138 76//139
f 77//133 78//140 79//141
f 16//142 78//138 106//30
f 269//19 90//34 18//31
f 269//19 268//143 90//34
f 84//144 267//145 85//146
f 270//127 269//19 81//15
f 88//147 281//148 87//149
f 88//150 83//151 102//152
f 106//30 76//139 288//153
f 305//154 77//155 90//34
f 105//156 287//157 76//135
f 103//131 100//130 102//158
f 100//130 98//159 102//158
f 101//160 98//161 97//162
f 101//163 97//162 99//164
f 101//163 95//165 281//148
f 100//130 71//128 98//166
f 97//162 93//167 99//164
f 97//162 92//129 93//167
f 96//168 95//169 99//170
f 275//171 281//172 95//169
f 93//167 311//173 279//174
f 92//129 117//175 93//167
f 105//176 286//177 104//178
f 39//86 110//179 108//180
f 109//82 107//181 108//180
f 185//182 108//180 184//183
f 113//80 114//184 112//77
f 150//79 114//184 113//80
f 107//181 183//185 184//183
f 109//82 121//186 107//181
f 111//85 109//82 110//179
f 11//81 121//186 109//82
f 181//187 311//173 117//175
f 118//188 120//189 119//190
f 116//96 118//188 119//190
f 117//175 92//129 112//77
f 183//185 107//181 115//191
f 118//192 116//193 115//191
f 114//184 117//175 112//77
f 82//194 83//151 120//189
f 120//189 83//151 119//190
f 124//195 159//196 176//197
f 128//198 127//199 138//73
f 129//200 128//198 139//72
f 135//201 129//200 139//72
f 151//202 150//79 126//203
f 151//202 126//203 127//199
f 126//203 150//79 132//55
f 128//198 122//204 127//199
f 23//50 22//49 137//205
f 130//206 133//207 156//208
f 130//206 129//200 136//209
f 157//210 154//211 130//206
f 156//208 157//210 130//206
f 122//204 152//212 151//202
f 23//50 124//213 125//214
f 24//45 23//50 125//214
f 23//50 137//205 124//213
f 134//215 29//216 24//45
f 22//49 131//51 137//217
f 133//218 134//215 125//214
f 135//201 21//67 140//70
f 134//219 135//201 140//70
f 126//203 132//55 27//57
f 124//195 131//51 159//196
f 156//220 125//214 175//221
f 144//222 142//223 155//224
f 155//224 142//223 148//225
f 170//226 168//227 144//222
f 153//228 152//212 122//204
f 147//229 172//230 151//202
f 152//212 147//229 151//202
f 148//225 147//229 152//212
f 148//225 152//212 153//228
f 156//208 155//224 157//210
f 153//228 157//210 155//224
f 156//208 158//231 155//224
f 157//210 153//228 154//211
f 149//232 175//221 174//233
f 156//220 175//221 149//232
f 148//225 146//234 147//229
f 143//235 146//234 148//225
f 176//197 173//236 174//233
f 173//236 164//237 174//233
f 165//238 186//239 161//240
f 162//241 161//240 197//242
f 161//240 162//241 172//230
f 163//243 171//244 193//245
f 163//246 160//247 170//226
f 167//248 190//249 186//239
f 145//250 164//237 171//244
f 164//237 199//251 198//252
f 164//237 198//252 191//253
f 167//248 186//239 165//238
f 166//254 161//240 172//230
f 165//238 161//240 166//254
f 193//255 160//247 163//246
f 167//248 169//256 160//247
f 160//247 190//249 167//248
f 159//196 173//236 176//197
f 177//257 115//191 546//258
f 201//259 178//260 177//257
f 179//84 178//260 201//259
f 181//187 114//184 150//79
f 150//79 213//261 181//187
f 213//261 510//262 181//187
f 180//263 184//183 182//264
f 183//185 115//191 182//264
f 178//260 182//264 177//257
f 179//84 180//263 178//260
f 211//265 212//266 194//267
f 186//239 187//268 197//242
f 202//269 179//84 201//259
f 203//270 201//259 200//271
f 199//251 203//270 198//252
f 199//251 202//269 203//270
f 210//272 207//273 191//274
f 188//275 205//276 196//277
f 188//275 196//277 187//268
f 187//268 196//277 195//278
f 208//279 206//280 205//276
f 208//279 205//276 188//275
f 207//273 208//279 191//274
f 208//279 188//275 190//249
f 191//274 208//279 193//255
f 200//271 209//281 210//282
f 200//271 210//282 191//253
f 536//283 207//273 210//272
f 204//284 564//285 570//286
f 204//284 570//286 212//266
f 204//284 211//265 189//287
f 212//266 211//265 204//284
f 535//288 561//289 207//273
f 189//287 206//280 204//284
f 206//280 562//290 204//284
f 212//266 570//286 213//261
f 564//285 568//291 570//286
f 210//272 209//292 536//283
f 232//293 245//121 234//294
f 57//94 58//295 220//296
f 227//297 341//298 67//299
f 220//296 223//300 226//301
f 226//302 223//302 221//302
f 57//94 226//301 228//95
f 227//297 218//303 225//304
f 229//112 219//111 227//297
f 227//297 219//111 218//303
f 221//305 223//305 228//305
f 219//306 252//307 218//308
f 225//304 224//309 341//298
f 218//303 216//310 224//309
f 244//100 241//311 230//105
f 345//312 235//114 349//313
f 252//314 284//315 251//316
f 341//298 244//100 231//99
f 244//100 230//105 62//107
f 246//116 233//106 230//105
f 218//308 214//317 216//318
f 223//300 222//319 217//320
f 216//321 236//322 215//323
f 240//324 341//298 224//309
f 252//307 219//306 284//325
f 239//326 237//327 240//324
f 220//296 234//294 342//328
f 238//329 237//327 239//326
f 343//330 243//331 345//312
f 236//332 214//317 263//333
f 343//330 346//334 243//331
f 329//335 344//336 242//337
f 222//319 220//296 340//338
f 341//298 237//327 265//339
f 254//340 253//341 266//342
f 220//296 342//328 340//338
f 243//331 235//114 345//312
f 265//339 841//343 341//298
f 340//338 342//328 332//344
f 244//100 341//298 241//311
f 248//345 289//346 374//347
f 249//348 347//349 247//126
f 247//126 373//350 270//127
f 435//351 250//93 429//352
f 250//93 254//340 429//352
f 250//93 217//320 253//341
f 250//93 253//341 254//340
f 252//353 261//354 214//355
f 284//315 308//356 251//316
f 261//354 368//357 352//358
f 259//359 319//360 256//361
f 257//362 256//362 255//362
f 259//363 256//363 257//363
f 261//354 352//358 354//364
f 262//365 263//333 354//366
f 259//359 258//367 319//360
f 258//368 259//369 260//370
f 313//371 322//372 258//368
f 319//373 255//374 256//375
f 351//376 340//338 339//377
f 264//378 265//339 238//379
f 254//340 266//342 351//376
f 236//322 264//378 238//379
f 260//370 259//369 398//380
f 309//381 419//382 365//383
f 309//381 398//380 419//382
f 89//384 281//148 219//306
f 303//385 286//177 105//176
f 104//178 286//177 304//386
f 304//386 96//168 104//178
f 297//387 274//388 272//389
f 297//387 272//389 294//390
f 284//325 277//391 283//392
f 277//393 281//393 280//393
f 283//392 277//391 274//388
f 274//394 277//395 276//396
f 305//154 303//385 75//397
f 77//155 305//154 75//397
f 275//171 280//398 281//172
f 275//171 277//395 280//398
f 298//399 292//400 295//401
f 285//402 379//403 300//404
f 298//399 274//405 276//396
f 276//396 275//171 298//399
f 275//171 276//396 277//395
f 387//406 383//407 268//143
f 373//350 268//143 270//127
f 303//385 301//408 286//177
f 288//153 302//409 382//410
f 298//399 275//171 378//411
f 298//399 375//412 292//400
f 379//403 392//413 300//404
f 294//414 291//415 326//416
f 290//417 291//418 292//400
f 297//387 294//390 327//419
f 299//420 393//421 302//409
f 301//408 389//422 380//423
f 296//424 391//425 310//426
f 305//154 383//407 381//427
f 378//411 375//412 298//399
f 391//425 377//428 379//403
f 295//401 291//415 272//429
f 293//430 391//425 296//424
f 311//173 293//430 296//424
f 313//371 307//431 396//432
f 309//381 307//431 313//371
f 308//356 284//315 307//433
f 283//434 297//435 307//436
f 308//437 307//438 309//439
f 311//173 323//440 325//441
f 255//374 317//442 318//443
f 312//444 399//444 317//444
f 321//445 317//442 255//374
f 311//173 703//446 323//440
f 316//447 313//371 396//432
f 321//448 316//448 314//448
f 322//372 313//371 316//447
f 315//449 312//449 314//449
f 312//450 317//450 314//450
f 407//451 326//452 324//453
f 312//454 315//455 396//432
f 376//456 404//457 324//458
f 326//459 290//417 376//456
f 312//454 396//432 397//460
f 334//461 850//462 852//463
f 849//464 328//465 335//466
f 330//467 904//468 870//469
f 346//334 849//464 335//466
f 371//470 363//471 841//343
f 852//463 854//472 329//335
f 869//473 330//467 870//469
f 336//474 866//475 347//349
f 334//461 329//335 241//311
f 265//339 355//476 338//477
f 841//343 334//461 241//311
f 334//461 852//463 329//335
f 371//470 841//343 265//339
f 367//478 332//344 370//479
f 349//313 869//473 343//330
f 331//480 343//330 855//481
f 854//472 337//482 344//336
f 234//294 243//331 335//466
f 347//349 373//350 247//126
f 348//125 867//483 330//467
f 385//484 373//350 347//349
f 337//482 336//474 347//349
f 429//352 351//376 601//485
f 339//377 367//478 357//486
f 338//477 353//487 356//488
f 355//489 354//366 353//490
f 353//487 369//491 372//492
f 353//490 354//366 352//493
f 353//490 352//493 368//494
f 353//490 368//494 369//495
f 369//491 831//496 364//497
f 370//479 361//498 362//499
f 364//497 363//471 371//470
f 372//492 371//470 333//500
f 359//501 828//502 360//503
f 369//495 368//494 360//504
f 369//495 360//504 831//505
f 362//499 361//498 1020//506
f 365//383 419//382 359//507
f 368//357 365//508 360//503
f 367//478 366//509 1020//506
f 374//347 289//346 943//510
f 972//511 967//512 381//427
f 972//511 381//427 383//407
f 404//457 376//456 405//513
f 388//514 378//411 380//423
f 375//412 424//515 403//516
f 392//413 393//421 299//420
f 381//427 389//422 301//408
f 393//421 394//517 382//410
f 390//518 941//519 386//520
f 385//484 972//511 387//406
f 943//510 384//521 386//520
f 390//518 394//517 970//522
f 392//413 377//428 957//523
f 378//411 950//524 415//525
f 388//514 950//524 378//411
f 964//526 388//514 389//422
f 423//527 414//528 391//425
f 950//524 947//529 415//525
f 377//428 414//528 956//530
f 407//451 324//453 404//531
f 403//516 405//513 375//412
f 404//457 405//513 402//532
f 425//533 402//534 422//535
f 422//536 402//536 401//536
f 403//516 401//537 402//532
f 403//516 424//515 401//537
f 396//432 418//538 397//460
f 424//515 422//539 401//537
f 400//540 397//460 350//541
f 318//542 399//543 400//544
f 418//538 410//545 920//546
f 417//547 423//527 416//548
f 920//546 919//549 418//538
f 417//547 412//550 420//551
f 414//528 420//552 412//553
f 424//515 413//554 421//555
f 424//515 421//555 422//539
f 423//527 417//547 420//551
f 416//548 703//446 906//556
f 421//555 413//554 409//557
f 415//525 931//558 409//559
f 425//533 422//535 411//560
f 921//561 418//538 919//549
f 413//562 415//525 409//559
f 915//563 907//563 408//563
f 417//547 906//556 412//550
f 412//564 915//564 408//564
f 410//565 411//566 918//567
f 411//560 409//568 932//569
f 427//570 426//571 428//572
f 426//573 585//574 460//575
f 427//570 592//576 426//571
f 435//351 446//577 447//578
f 445//579 492//580 473//581
f 445//582 433//583 443//584
f 435//351 476//585 509//586
f 445//579 474//587 433//588
f 434//589 469//590 427//591
f 432//592 430//593 433//583
f 434//594 464//595 433//583
f 464//595 432//592 433//583
f 431//596 461//597 430//598
f 492//580 442//599 439//600
f 488//601 444//602 430//598
f 430//593 443//584 433//583
f 447//603 508//604 115//605
f 446//606 508//604 447//603
f 509//586 489//607 501//608
f 439//609 438//610 437//611
f 439//609 441//612 438//610
f 442//613 441//612 439//609
f 443//584 441//614 442//615
f 430//598 486//616 488//601
f 490//617 436//618 440//619
f 428//620 460//575 463//621
f 454//622 664//623 616//624
f 616//624 451//625 452//626
f 451//627 450//628 452//629
f 448//630 624//631 449//632
f 632//633 624//631 608//634
f 458//635 621//636 613//637
f 462//638 459//639 458//635
f 460//640 621//636 459//639
f 462//641 457//642 461//643
f 462//641 455//644 457//642
f 460//640 459//639 463//645
f 459//639 462//638 461//597
f 457//646 449//647 456//648
f 455//649 608//650 448//651
f 449//647 455//649 448//651
f 457//646 455//649 449//647
f 465//652 474//653 468//654
f 482//655 456//648 480//656
f 434//589 474//587 465//657
f 429//352 664//623 477//658
f 509//586 476//585 489//607
f 470//659 468//660 477//661
f 467//662 465//652 468//654
f 454//622 466//663 470//659
f 466//663 467//664 470//659
f 477//658 664//623 470//659
f 465//657 450//665 469//590
f 445//579 473//581 474//587
f 476//585 475//666 489//607
f 468//667 473//668 475//669
f 432//670 463//621 461//597
f 459//639 461//597 463//621
f 457//642 482//671 461//643
f 492//580 487//672 473//581
f 466//673 453//674 465//675
f 461//643 482//671 471//676
f 471//676 482//671 486//677
f 489//607 472//678 484//679
f 480//680 449//632 624//631
f 488//601 483//681 490//617
f 492//580 484//682 487//672
f 488//601 551//683 483//681
f 481//684 542//685 486//677
f 488//601 490//617 440//619
f 489//607 484//679 554//686
f 479//687 537//688 538//689
f 478//690 624//631 537//688
f 478//691 481//692 480//656
f 481//692 479//693 542//694
f 492//580 437//695 491//696
f 437//611 490//617 491//697
f 551//698 542//685 545//699
f 500//700 581//701 498//702
f 498//703 582//704 507//705
f 489//607 554//686 501//608
f 510//262 311//173 181//187
f 311//173 697//706 703//446
f 558//707 575//708 556//709
f 531//710 493//711 530//712
f 690//713 493//714 503//715
f 502//716 690//713 503//715
f 496//717 497//718 558//719
f 504//720 575//721 506//722
f 736//723 740//724 525//725
f 532//726 571//727 528//728
f 518//729 516//730 514//731
f 522//732 513//733 523//734
f 523//734 513//733 512//735
f 511//736 520//737 730//738
f 745//739 697//706 494//740
f 523//734 745//739 494//740
f 514//741 513//733 522//732
f 511//742 513//743 514//731
f 730//744 512//745 511//742
f 571//727 532//726 565//746
f 525//747 527//748 532//726
f 529//749 748//750 531//751
f 531//751 530//752 529//749
f 525//747 524//753 527//748
f 527//748 524//753 526//754
f 520//737 810//755 730//738
f 529//756 520//756 524//756
f 524//757 741//758 529//749
f 741//758 747//759 529//749
f 527//760 516//761 518//762
f 516//761 526//763 511//736
f 517//764 515//765 525//725
f 517//764 525//725 532//766
f 536//767 541//768 535//769
f 519//770 533//771 537//772
f 539//773 576//774 577//775
f 545//776 577//777 547//778
f 546//258 544//779 541//768
f 544//780 547//781 540//782
f 624//631 519//783 537//688
f 549//784 547//781 548//785
f 545//699 543//786 577//775
f 551//683 545//776 552//787
f 552//787 545//776 549//788
f 549//784 548//785 552//789
f 548//785 550//790 484//791
f 537//772 539//792 538//793
f 546//258 541//768 209//281
f 542//694 538//793 543//794
f 578//795 573//796 580//797
f 561//289 563//798 560//799
f 573//796 572//800 574//801
f 573//796 571//802 572//800
f 571//802 566//803 572//800
f 565//804 527//760 518//762
f 566//805 565//804 518//762
f 571//727 565//746 566//806
f 553//807 581//807 582//807
f 581//808 580//808 582//808
f 499//809 567//810 581//701
f 582//704 573//796 574//801
f 560//799 559//811 561//289
f 556//812 555//813 558//814
f 518//729 555//813 556//812
f 518//729 514//731 555//813
f 576//774 528//728 571//727
f 555//815 514//741 522//732
f 564//285 555//815 522//732
f 582//704 574//801 507//705
f 553//816 582//704 498//703
f 561//817 579//818 563//819
f 579//818 567//810 563//819
f 567//810 560//820 563//819
f 469//821 1016//822 596//823
f 596//823 587//824 427//591
f 592//825 589//825 591//825
f 585//574 591//826 619//827
f 591//826 618//828 619//827
f 590//829 588//830 641//831
f 429//352 601//485 622//832
f 1020//506 595//833 601//485
f 1020//506 1013//834 595//833
f 593//835 600//836 587//824
f 599//837 597//838 694//839
f 1016//822 1017//840 596//823
f 597//841 684//842 702//843
f 1018//844 594//845 587//824
f 593//846 594//847 653//848
f 598//849 600//850 687//851
f 617//852 640//853 607//854
f 618//828 640//853 617//852
f 683//855 634//856 768//857
f 618//828 641//831 640//853
f 620//858 607//854 613//637
f 605//859 603//860 611//861
f 620//858 617//852 607//854
f 672//862 633//863 605//864
f 602//865 683//855 611//866
f 620//858 619//827 617//852
f 585//574 619//827 620//858
f 616//624 606//867 451//625
f 606//868 612//869 450//665
f 614//870 615//871 616//624
f 616//624 615//871 606//867
f 605//872 615//873 604//874
f 612//869 1016//875 450//665
f 614//870 663//876 615//871
f 615//873 663//876 604//874
f 672//862 626//877 633//863
f 612//878 611//866 651//879
f 603//880 602//865 611//866
f 605//859 611//861 615//881
f 615//881 611//861 612//882
f 455//883 610//883 609//883
f 633//884 632//885 603//860
f 632//886 630//886 629//886
f 632//887 628//888 602//865
f 627//889 624//631 632//633
f 635//890 712//891 625//892
f 626//893 624//894 627//895
f 672//862 671//896 623//897
f 710//898 717//898 634//898
f 630//899 635//890 629//900
f 629//900 635//890 625//892
f 722//901 723//902 635//903
f 722//901 635//903 636//904
f 625//905 712//905 629//905
f 712//906 709//907 710//908
f 623//897 671//896 707//909
f 727//910 726//911 638//912
f 639//913 727//910 638//912
f 633//884 627//895 632//885
f 641//831 586//914 639//913
f 639//913 694//915 727//910
f 628//916 634//917 631//918
f 632//919 637//920 630//899
f 638//912 722//921 636//922
f 641//831 638//912 640//853
f 636//922 640//853 638//912
f 683//855 679//923 667//924
f 647//925 651//879 667//924
f 661//926 651//879 650//927
f 660//928 665//929 672//862
f 660//928 642//930 665//929
f 647//925 667//924 646//931
f 595//833 659//932 664//623
f 1046//933 657//934 659//932
f 659//932 657//934 658//935
f 657//936 655//937 658//938
f 655//939 650//940 652//941
f 648//942 686//943 653//848
f 659//932 658//935 663//876
f 652//941 649//944 604//874
f 652//941 650//940 649//945
f 1039//946 1037//947 648//948
f 650//927 651//879 647//925
f 650//940 647//949 645//950
f 644//951 649//945 650//940
f 1037//947 643//952 648//948
f 648//948 643//952 668//953
f 646//954 668//955 643//956
f 1023//957 645//958 643//956
f 663//876 652//941 604//874
f 662//959 661//926 650//927
f 593//846 653//848 687//851
f 645//950 642//960 644//951
f 642//961 645//958 1023//957
f 1023//962 758//963 666//964
f 642//965 666//966 665//967
f 676//968 765//969 769//970
f 678//971 680//972 668//955
f 682//973 668//953 680//974
f 666//966 669//975 665//967
f 672//862 669//976 671//896
f 669//976 755//977 671//896
f 669//975 756//978 755//979
f 684//980 773//981 774//982
f 768//857 673//983 677//984
f 677//985 674//986 675//987
f 673//988 767//989 674//986
f 681//990 675//991 674//992
f 680//972 678//971 675//987
f 675//987 678//971 677//985
f 683//855 768//857 679//923
f 676//993 773//981 681//994
f 667//924 679//923 678//995
f 768//857 677//984 679//923
f 745//739 800//996 697//706
f 691//997 688//998 693//999
f 693//999 721//1000 691//997
f 697//706 800//996 703//446
f 691//997 721//1000 724//1001
f 692//1002 743//1003 688//998
f 698//1004 688//1005 691//1006
f 748//750 689//1007 502//1008
f 688//998 689//1007 692//1002
f 800//996 1105//1009 906//556
f 699//1010 695//1011 698//1004
f 695//1011 696//1012 698//1004
f 696//1012 1110//1013 698//1004
f 698//1004 1104//1014 810//1015
f 703//446 800//996 906//556
f 772//1016 700//1017 701//1018
f 770//1019 699//1020 700//1017
f 698//1004 700//1021 699//1010
f 597//838 701//1022 694//839
f 695//1023 796//1024 696//1025
f 701//1022 691//1006 694//839
f 597//841 702//843 701//1018
f 770//1019 812//1026 699//1020
f 693//999 714//1027 721//1000
f 717//1028 709//1029 718//1030
f 733//1031 734//1032 704//1033
f 720//1034 715//1035 705//1036
f 732//1037 713//1038 718//1039
f 718//1039 713//1038 717//1040
f 732//1037 742//1041 713//1038
f 720//1042 714//1043 743//1044
f 744//1045 715//1035 716//1046
f 727//910 724//1001 726//911
f 707//1047 706//1048 711//1049
f 724//1001 721//1000 726//911
f 717//1040 713//1038 768//857
f 726//911 721//1000 725//1050
f 754//1051 750//1052 707//909
f 707//909 750//1052 706//1053
f 733//1031 704//1033 708//1054
f 709//907 705//1055 732//1037
f 708//1056 704//1057 711//1058
f 694//915 724//1001 727//910
f 723//1059 719//1060 712//891
f 750//1052 801//1061 729//1062
f 747//759 746//1063 689//1007
f 750//1052 729//1062 733//1064
f 736//723 734//1065 744//1045
f 716//1046 740//724 744//1045
f 805//1066 810//755 793//1067
f 729//1068 738//1069 731//1070
f 734//1065 715//1035 744//1045
f 735//1071 742//1041 732//1037
f 512//745 730//744 806//1072
f 693//999 743//1003 714//1027
f 810//755 805//1066 737//1073
f 730//738 810//755 737//1073
f 738//1074 739//1075 790//1076
f 735//1071 731//1077 738//1074
f 746//1063 747//759 741//758
f 737//1078 805//1079 739//1075
f 738//1069 729//1068 737//1080
f 734//1032 729//1068 731//1070
f 732//1037 734//1081 735//1071
f 765//969 764//1082 808//1083
f 767//1084 764//1082 765//969
f 673//988 766//1085 767//989
f 751//1086 802//1087 750//1052
f 790//1088 787//1089 749//1090
f 752//1091 802//1092 751//1093
f 775//1094 802//1092 752//1091
f 749//1095 808//1083 763//1096
f 763//1097 807//1098 749//1090
f 762//1099 807//1098 763//1097
f 807//1100 762//1101 759//1102
f 760//1103 759//1102 762//1101
f 760//1103 713//1038 759//1102
f 769//1104 771//1105 773//981
f 769//1104 765//1106 771//1105
f 755//977 751//1086 754//1051
f 756//1107 757//1108 751//1093
f 755//977 754//1051 671//896
f 750//1052 754//1051 751//1086
f 766//1085 764//1109 767//989
f 760//1110 763//1097 764//1109
f 766//1111 761//1112 760//1103
f 771//1105 765//1106 811//1113
f 772//1016 811//1113 770//1019
f 753//1114 758//963 752//1115
f 770//1019 811//1113 812//1116
f 749//1095 791//1117 808//1083
f 786//1118 779//1119 781//1120
f 782//1121 786//1122 784//1123
f 785//1124 781//1125 782//1126
f 782//1127 784//1128 785//1129
f 812//1116 798//1130 799//1131
f 786//1118 780//1132 779//1119
f 742//1041 790//1076 759//1102
f 796//1024 1128//1133 1130//1134
f 786//1118 792//1135 780//1132
f 786//1122 793//1136 792//1137
f 795//1138 1121//1139 797//1140
f 796//1024 797//1141 1128//1133
f 796//1024 798//1130 797//1141
f 802//1087 801//1061 750//1052
f 775//1142 801//1061 802//1087
f 801//1061 779//1143 778//1144
f 793//1067 810//755 794//1145
f 793//1146 794//1147 792//1148
f 809//1149 776//1150 792//1135
f 739//1075 786//1122 782//1121
f 805//1079 793//1136 786//1122
f 799//1131 798//1130 796//1024
f 797//1140 1121//1139 1128//1133
f 775//1142 777//1151 801//1061
f 775//1152 1115//1152 788//1152
f 788//1153 789//1154 777//1155
f 787//1089 1115//1156 1122//1157
f 783//1158 785//1159 791//1117
f 787//1160 783//1158 749//1095
f 796//1024 1130//1134 696//1025
f 792//1135 776//1150 780//1132
f 794//1147 1133//1161 792//1148
f 810//755 1123//1162 794//1145
f 832//1163 872//1164 819//1165
f 837//1166 872//1164 832//1163
f 828//1167 359//1167 826//1167
f 819//1165 872//1164 871//1168
f 831//1169 829//1170 840//1171
f 877//1172 827//1173 874//1174
f 814//1175 817//1176 815//1177
f 815//1178 813//1179 821//1180
f 813//1179 927//1181 821//1180
f 822//1182 815//1178 821//1180
f 817//1183 928//1184 913//1185
f 814//1186 825//1187 823//1188
f 814//1186 823//1188 817//1183
f 358//1189 928//1190 823//1191
f 814//1186 818//1192 825//1187
f 818//1192 824//1193 825//1187
f 826//1194 824//1195 873//1196
f 826//1194 358//1189 823//1191
f 826//1194 825//1197 824//1195
f 836//1198 864//1199 861//1200
f 842//1201 837//1166 832//1163
f 844//1202 885//1203 883//1204
f 845//1205 884//1206 837//1166
f 870//469 855//481 869//473
f 846//1207 844//1202 887//1208
f 849//464 848//1209 851//1210
f 850//462 847//1211 852//463
f 839//1212 838//1213 844//1214
f 890//1215 848//1209 853//1216
f 851//1210 894//1217 884//1206
f 834//1218 860//1219 835//1220
f 836//1221 834//1222 835//1223
f 864//1224 835//1223 865//1225
f 851//1210 884//1206 845//1205
f 846//1207 887//1208 891//1226
f 891//1227 893//1228 843//1229
f 843//1230 893//1231 868//1232
f 331//480 855//481 853//1216
f 853//1216 855//481 870//469
f 363//471 839//1233 841//343
f 363//471 840//1234 839//1233
f 843//1230 854//472 852//463
f 834//1222 861//1235 833//1236
f 331//480 853//1216 848//1209
f 877//1172 885//1203 838//1237
f 829//1238 838//1213 839//1212
f 868//1232 905//1239 866//475
f 867//483 988//1240 904//468
f 861//1200 864//1199 857//1241
f 865//1242 863//1243 864//1199
f 905//1239 940//1244 866//475
f 863//1243 859//1245 857//1241
f 857//1246 899//1247 900//1248
f 861//1200 857//1241 900//1249
f 858//1250 857//1246 859//1251
f 860//1252 863//1253 865//1225
f 863//1253 862//1254 859//1251
f 858//1250 856//1255 857//1246
f 860//1252 862//1254 863//1253
f 927//1256 979//1257 873//1196
f 873//1196 821//1258 927//1256
f 874//1174 1238//1259 1239//1260
f 875//1261 1067//1262 871//1168
f 1067//1262 875//1261 1240//1263
f 827//1173 873//1196 874//1174
f 891//1227 892//1264 893//1228
f 895//1265 1234//1266 892//1267
f 870//469 1232//1268 895//1269
f 892//1267 1234//1266 1231//1270
f 895//1271 886//1272 889//1273
f 888//1274 886//1274 892//1274
f 886//1275 888//1276 887//1208
f 887//1208 883//1204 886//1275
f 877//1172 874//1174 883//1204
f 1244//1277 1237//1278 1213//1279
f 1244//1277 1213//1279 1220//1280
f 884//1206 894//1217 889//1281
f 878//1282 1220//1283 880//1284
f 880//1284 1220//1283 879//1285
f 880//1286 861//1286 878//1286
f 883//1204 874//1174 876//1287
f 882//1288 881//1289 875//1261
f 890//1215 895//1269 889//1281
f 884//1206 889//1281 882//1288
f 875//1261 884//1206 882//1288
f 902//1290 1230//1291 901//1292
f 870//469 904//468 903//1293
f 1213//1279 898//1294 1220//1280
f 900//1248 898//1295 896//1296
f 902//1290 901//1292 905//1239
f 905//1239 901//1292 986//1297
f 1221//1298 878//1299 1218//1300
f 899//1247 898//1295 900//1248
f 898//1295 1218//1301 896//1296
f 878//1299 896//1302 1218//1300
f 923//1303 910//1304 908//1305
f 924//1306 919//549 978//1307
f 924//1308 923//1303 908//1305
f 922//1309 921//561 919//549
f 813//1179 911//1310 926//1311
f 910//1304 923//1303 926//1311
f 912//1312 925//1313 909//1314
f 815//1177 908//1315 910//1316
f 817//1176 908//1315 815//1177
f 907//1317 1111//1318 973//1319
f 914//1320 907//1317 973//1319
f 906//556 1111//1318 915//1321
f 932//569 931//1322 949//1323
f 906//556 1105//1009 1111//1318
f 916//1324 918//567 917//1325
f 932//569 409//568 931//1322
f 937//1326 935//1327 933//1328
f 983//1329 933//1330 935//1331
f 866//475 940//1244 385//484
f 934//1332 938//1333 936//1334
f 933//1330 953//1335 936//1336
f 953//1335 954//1337 936//1336
f 983//1329 998//1338 953//1335
f 942//1339 1281//1340 971//1341
f 940//1244 1281//1340 942//1339
f 1287//1342 1281//1340 940//1244
f 938//1343 955//1344 939//1345
f 939//1345 955//1344 1000//1346
f 939//1345 1000//1346 937//1347
f 973//1319 991//1348 944//1349
f 968//1350 1011//1351 960//1352
f 914//1320 973//1319 945//1353
f 914//1320 945//1353 956//530
f 907//1317 914//1320 412//553
f 414//528 914//1320 956//530
f 970//522 965//1354 1005//1355
f 967//512 961//1356 389//422
f 918//567 929//1357 917//1325
f 917//1325 929//1357 992//1358
f 963//1359 918//567 930//1360
f 963//1359 929//1357 918//567
f 953//1361 951//1362 946//1363
f 963//1364 947//1365 948//1366
f 930//1367 949//1323 947//1365
f 947//529 949//1368 415//525
f 1000//1346 969//1369 952//1370
f 968//1371 961//1356 967//512
f 955//1372 954//1373 969//1374
f 954//1373 953//1361 969//1374
f 952//1375 951//1362 998//1376
f 950//524 388//514 964//526
f 957//523 958//1377 965//1354
f 972//511 971//1341 967//512
f 941//519 970//522 1005//1355
f 956//530 945//1353 944//1349
f 377//428 956//530 957//523
f 971//1341 968//1371 967//512
f 941//519 1004//1378 985//1379
f 944//1349 994//1380 958//1377
f 1011//1381 959//1382 960//1383
f 959//1384 961//1385 960//1352
f 960//1352 961//1385 968//1350
f 963//1359 959//1382 929//1357
f 963//1364 964//1386 959//1384
f 956//530 958//1377 957//523
f 1111//1318 1374//1387 973//1319
f 1374//1387 1291//1388 974//1389
f 978//1307 916//1324 977//1390
f 974//1389 991//1348 973//1319
f 1287//1342 1276//1391 1281//1340
f 981//1392 1268//1393 1271//1394
f 980//1395 996//1396 982//1397
f 982//1398 981//1399 1314//1400
f 981//1392 1271//1394 1269//1401
f 982//1397 997//1402 983//1329
f 983//1403 981//1399 982//1398
f 984//1404 1268//1393 981//1392
f 987//1405 985//1379 1282//1406
f 986//1297 1287//1342 940//1244
f 1282//1406 988//1240 987//1405
f 1267//1407 996//1396 980//1395
f 988//1240 1282//1406 1288//1408
f 1005//1355 1003//1409 1004//1378
f 994//1380 995//1410 1002//1411
f 1280//1412 1006//1413 1281//1340
f 995//1414 990//1415 993//1416
f 1008//1417 1001//1418 1009//1419
f 1001//1420 1003//1421 995//1414
f 1010//1422 1008//1423 1009//1424
f 1281//1340 1006//1413 1008//1425
f 1281//1340 1008//1425 1010//1426
f 1008//1427 1007//1428 1003//1429
f 1009//1419 1001//1418 1011//1381
f 1010//1422 1009//1424 1011//1351
f 999//1430 1268//1393 984//1404
f 971//1341 1281//1340 1010//1426
f 985//1379 1007//1431 1278//1432
f 944//1349 991//1348 994//1380
f 994//1380 991//1348 990//1433
f 989//1434 990//1433 991//1348
f 952//1375 998//1376 999//1435
f 996//1436 1305//1437 1268//1438
f 974//1389 989//1434 991//1348
f 990//1415 989//1439 993//1416
f 993//1416 989//1439 975//1440
f 1014//1441 1058//1442 1043//1443
f 1015//1444 1070//1445 1014//1446
f 1017//840 1012//1447 1018//844
f 1013//834 1069//1448 1057//1449
f 1012//1450 1043//1443 1044//1451
f 1047//1452 1054//1453 1070//1454
f 1020//506 819//1165 1019//1455
f 1043//1456 1100//1457 1041//1458
f 1038//1459 1041//1458 1032//1460
f 1041//1458 1038//1459 1042//1461
f 1041//1458 1044//1462 1043//1456
f 1042//1461 1038//1459 1039//1463
f 656//1464 654//1465 1042//1461
f 1021//1466 1073//1467 1022//1468
f 1023//962 1024//1469 758//963
f 1022//1470 758//963 1024//1469
f 1026//1471 1186//1472 1072//1473
f 1025//1474 1188//1475 1186//1476
f 1038//1477 1037//947 1039//946
f 1029//1478 1030//1479 1026//1480
f 1013//834 1048//1481 1049//1482
f 1049//1483 1048//1484 1047//1485
f 1032//1486 1027//1487 1035//1488
f 1057//1449 1047//1485 1048//1484
f 1031//1489 1034//1490 1035//1491
f 1034//1490 1031//1489 1029//1492
f 1031//1493 1027//1487 1028//1494
f 1022//1495 1036//1496 1034//1497
f 1033//1498 1029//1499 1026//1471
f 1070//1445 1066//1500 1058//1501
f 1352//1502 1101//1503 1050//1504
f 1329//1505 1051//1506 1060//1507
f 1060//1507 1051//1506 1061//1508
f 1056//1509 1067//1262 1342//1510
f 1068//1511 1064//1512 1065//1513
f 1058//1442 1066//1514 1099//1515
f 1056//1509 1342//1510 1356//1516
f 1358//1517 1329//1505 1060//1507
f 1055//1518 1052//1519 1062//1520
f 1056//1509 1356//1516 1103//1521
f 1069//1448 1067//1262 1056//1509
f 1069//1448 871//1168 1067//1262
f 1051//1522 1144//1523 1210//1524
f 1051//1506 1059//1525 1144//1526
f 1052//1519 1352//1527 1357//1528
f 1085//1529 1344//1530 1084//1531
f 1087//1532 1086//1533 1083//1534
f 1089//1535 1082//1536 1086//1533
f 1083//1537 1081//1538 1050//1539
f 1072//1540 1071//1541 1073//1467
f 1074//1542 1078//1543 1183//1544
f 1040//1545 1098//1546 1100//1457
f 1075//1547 1085//1548 1074//1542
f 1081//1549 1207//1550 1208//1551
f 1082//1536 1210//1552 1083//1553
f 1083//1553 1210//1552 1081//1554
f 1081//1555 1210//1555 1080//1555
f 1080//1556 1210//1557 1207//1558
f 1095//1559 1061//1560 1089//1535
f 1061//1560 1051//1522 1089//1535
f 1183//1561 1188//1562 1077//1563
f 1074//1564 1183//1561 1075//1565
f 1095//1559 1102//1566 1061//1560
f 1097//1567 1102//1566 1095//1559
f 1093//1568 1090//1568 1092//1568
f 1091//1569 1086//1533 1094//1570
f 1091//1569 1089//1535 1086//1533
f 1097//1571 1091//1569 1092//1572
f 1097//1571 1095//1559 1091//1569
f 1094//1573 1088//1574 1101//1575
f 1100//1457 1077//1576 1032//1460
f 1354//1577 1055//1578 1103//1579
f 1098//1546 1097//1571 1092//1572
f 1099//1580 1097//1571 1098//1546
f 1346//1581 1053//1582 1055//1578
f 1347//1583 1346//1581 1354//1577
f 1096//1584 1101//1575 1053//1585
f 1108//1586 1193//1587 1107//1588
f 1193//1587 1151//1589 1107//1588
f 1129//1590 1127//1591 1109//1592
f 1193//1587 1108//1586 1127//1591
f 1110//1013 1106//1593 698//1004
f 1106//1593 1104//1014 698//1004
f 1104//1594 1134//1595 1123//1162
f 1113//1596 1116//1597 1114//1598
f 1113//1596 1112//1599 1116//1597
f 1124//1600 1132//1601 1105//1009
f 1169//1602 1116//1602 1117//1602
f 758//963 1071//1603 1115//1604
f 1071//1603 1114//1605 1115//1604
f 1134//1606 1124//1607 1133//1608
f 1123//1609 1134//1610 1133//1161
f 1132//1601 1134//1606 1131//1611
f 1071//1603 1112//1612 1113//1613
f 1130//1134 1129//1590 1110//1614
f 1159//1615 1112//1612 1071//1603
f 1116//1597 1112//1599 1117//1616
f 1119//1617 1125//1618 1126//1619
f 1114//1598 1116//1597 1120//1620
f 1121//1621 1118//1622 1119//1623
f 1120//1620 1115//1156 1114//1598
f 1117//1616 1159//1624 1169//1625
f 1112//1599 1159//1624 1117//1616
f 1151//1626 1153//1627 1107//1628
f 1152//1629 1149//1630 1151//1626
f 1149//1630 1153//1627 1151//1626
f 1145//1631 1146//1632 1374//1387
f 1142//1633 1383//1634 1390//1635
f 1149//1636 1139//1637 1153//1638
f 1132//1601 1146//1632 1145//1631
f 1147//1639 1149//1640 1150//1641
f 1381//1642 1373//1643 1146//1632
f 1137//1644 1147//1645 1148//1646
f 1146//1632 1138//1647 1381//1642
f 1136//1648 1383//1634 1135//1649
f 1137//1650 1136//1651 1135//1652
f 1139//1637 1149//1636 1140//1653
f 1139//1654 1138//1655 1141//1656
f 1329//1505 1389//1657 1148//1646
f 1150//1658 1198//1659 1148//1660
f 1143//1661 1135//1649 1142//1633
f 1329//1505 1148//1646 1154//1662
f 1154//1662 1148//1663 1155//1664
f 1148//1665 1147//1639 1150//1641
f 1393//1666 1154//1662 1157//1667
f 1158//1668 1393//1666 1157//1667
f 1157//1667 1154//1662 1156//1669
f 1164//1670 1163//1671 1071//1541
f 1164//1672 1165//1673 1163//1674
f 1209//1675 1158//1676 1201//1677
f 1142//1678 1195//1679 1143//1680
f 1156//1681 1198//1659 1202//1682
f 1162//1683 1161//1684 1160//1685
f 1191//1686 1193//1687 1192//1688
f 1192//1688 1118//1689 1168//1690
f 1164//1672 1167//1691 1165//1673
f 1188//1562 1184//1692 1187//1693
f 1138//1647 1211//1694 1381//1642
f 1189//1695 1211//1696 1138//1697
f 1140//1698 1189//1695 1138//1697
f 1079//1699 1205//1700 1183//1544
f 1376//1701 1195//1702 1194//1703
f 1195//1702 1376//1701 1375//1704
f 1184//1705 1166//1706 1187//1707
f 1184//1705 1165//1708 1166//1706
f 1185//1709 1178//1710 1180//1711
f 1209//1712 1201//1677 1199//1713
f 1208//1714 1206//1715 1200//1716
f 1209//1717 1206//1717 1207//1717
f 1199//1713 1178//1718 1205//1700
f 1205//1700 1178//1718 1183//1544
f 1171//1719 1172//1720 1196//1721
f 1180//1722 1162//1723 1185//1724
f 1163//1725 1185//1724 1162//1723
f 1178//1710 1179//1726 1180//1711
f 1178//1710 1177//1727 1179//1726
f 1179//1728 1181//1729 1170//1730
f 1390//1731 1194//1732 1142//1678
f 1200//1716 1194//1732 1390//1731
f 1195//1679 1142//1678 1194//1732
f 1175//1733 1191//1734 1168//1690
f 1176//1735 1196//1721 1197//1736
f 1197//1736 1174//1737 1176//1735
f 1175//1738 1174//1739 1197//1740
f 1191//1741 1197//1736 1198//1659
f 1183//1561 1178//1710 1185//1709
f 1199//1713 1177//1742 1178//1718
f 1204//1743 1156//1681 1202//1682
f 1179//1744 1160//1745 1161//1746
f 1162//1723 1179//1744 1161//1746
f 1170//1730 1172//1747 1171//1748
f 1160//1745 1173//1749 1159//1624
f 1177//1742 1199//1713 1204//1743
f 1203//1750 1181//1751 1182//1752
f 1182//1753 1204//1754 1203//1755
f 1174//1756 1169//1757 1173//1758
f 1259//1759 1256//1760 1228//1761
f 1232//1268 903//1293 1229//1762
f 1234//1763 1232//1268 1229//1762
f 895//1269 1232//1268 1234//1763
f 1223//1764 1285//1765 986//1297
f 1225//1766 1288//1408 1286//1767
f 1286//1768 1285//1769 1225//1770
f 1224//1771 1215//1772 1222//1773
f 1219//1774 1257//1775 1254//1776
f 1216//1777 1248//1778 1215//1779
f 1257//1775 1218//1300 1249//1780
f 1219//1774 1218//1300 1257//1775
f 1215//1779 1248//1778 1214//1781
f 901//1292 1223//1764 986//1297
f 1214//1782 1317//1783 1222//1784
f 1214//1785 1247//1786 1266//1787
f 1225//1766 903//1293 1288//1408
f 1213//1279 1237//1788 1243//1789
f 1229//1762 903//1293 1225//1766
f 1217//1790 1249//1791 1218//1301
f 1225//1770 1223//1792 1226//1793
f 1229//1794 1227//1795 1230//1796
f 1219//1774 1221//1298 1218//1300
f 1227//1797 1225//1766 1224//1798
f 1220//1283 1219//1799 1244//1800
f 1219//1801 1254//1802 1258//1803
f 1236//1804 1263//1805 1343//1806
f 1235//1807 1067//1262 1240//1263
f 1235//1808 1238//1809 1236//1810
f 1401//1811 1243//1789 1237//1788
f 1294//1812 1297//1813 1236//1814
f 1265//1815 1297//1813 1266//1816
f 1297//1813 1294//1812 1296//1817
f 1236//1814 1290//1818 1294//1812
f 1399//1819 1417//1819 1249//1819
f 1249//1820 1417//1821 1250//1822
f 1423//1823 1250//1822 1417//1821
f 1406//1824 1403//1825 1244//1277
f 1251//1826 1242//1827 1252//1828
f 1255//1829 1246//1830 1251//1831
f 1255//1832 1427//1833 1241//1834
f 1242//1835 1246//1836 1264//1837
f 1256//1760 1259//1759 1427//1838
f 1259//1839 1228//1839 1416//1839
f 1244//1800 1258//1840 1406//1841
f 1254//1776 1250//1822 1428//1842
f 1245//1843 1433//1844 1241//1845
f 1242//1846 1265//1847 1247//1848
f 1242//1846 1247//1848 1248//1849
f 1248//1850 1253//1851 1252//1852
f 1249//1853 1252//1853 1257//1853
f 1250//1854 1257//1854 1253//1854
f 1228//1855 1222//1856 1416//1857
f 1261//1858 1241//1845 1433//1844
f 1243//1859 1399//1860 1249//1791
f 1401//1861 1402//1862 1243//1863
f 1261//1864 1433//1864 1260//1864
f 1264//1865 1241//1866 1261//1867
f 1341//1868 1262//1869 1334//1870
f 1263//1805 1262//1869 1341//1868
f 1262//1869 1263//1805 1480//1871
f 1480//1871 1261//1872 1260//1873
f 1285//1765 1287//1342 986//1297
f 1288//1408 1279//1874 1286//1767
f 1316//1875 1306//1876 1274//1877
f 1314//1400 1269//1878 1309//1879
f 1309//1880 1269//1401 1304//1881
f 1269//1401 1305//1882 1304//1881
f 1316//1875 1274//1877 1270//1883
f 1214//1782 1296//1884 1272//1885
f 1271//1394 1268//1393 1305//1882
f 1285//1769 1279//1886 1276//1887
f 1267//1888 1305//1437 996//1436
f 1314//1889 1301//1890 1300//1891
f 1299//1892 1267//1407 1300//1891
f 1300//1891 1267//1407 980//1395
f 980//1893 1314//1889 1300//1891
f 1270//1894 1284//1895 1283//1896
f 1317//1783 1316//1897 1283//1898
f 1280//1899 1273//1900 1006//1901
f 1280//1899 1278//1902 1273//1900
f 1278//1902 1007//1903 1273//1900
f 1281//1340 1275//1904 1280//1412
f 1283//1905 1320//1906 1452//1907
f 1279//1908 1277//1908 1284//1908
f 1277//1909 1320//1906 1283//1905
f 1277//1910 1274//1911 1320//1912
f 1276//1391 1277//1913 1275//1904
f 1276//1914 1274//1911 1277//1910
f 1296//1817 1294//1812 1324//1915
f 1296//1817 1324//1915 1295//1916
f 1296//1917 1295//1918 1303//1919
f 1297//1920 1296//1884 1214//1782
f 1289//1921 1323//1922 1294//1923
f 1290//1924 1289//1921 1294//1923
f 1439//1925 1301//1890 1497//1926
f 1313//1927 1449//1928 1306//1876
f 1309//1929 1310//1929 1315//1929
f 1308//1930 1309//1930 1315//1930
f 1309//1931 1307//1931 1310//1931
f 1439//1925 1298//1932 1300//1891
f 1313//1933 1310//1933 1312//1933
f 1302//1934 1321//1935 1318//1936
f 1304//1881 1437//1937 1451//1938
f 1312//1939 1449//1928 1313//1927
f 1311//1940 1310//1941 1307//1942
f 1311//1943 1307//1944 1308//1945
f 1307//1946 1304//1881 1455//1947
f 1463//1948 1462//1949 1449//1928
f 1319//1950 1321//1951 1302//1952
f 1324//1953 1319//1954 1303//1955
f 1456//1956 1447//1957 1449//1928
f 1302//1958 1315//1959 1319//1960
f 1304//1881 1451//1938 1455//1947
f 1306//1961 1452//1962 1320//1963
f 1449//1964 1452//1962 1306//1961
f 1299//1965 1304//1966 1305//1437
f 1299//1965 1437//1967 1304//1966
f 1464//1968 1523//1969 1493//1970
f 1372//1971 1523//1969 1323//1922
f 1465//1972 1523//1969 1464//1968
f 1323//1973 1465//1974 1321//1975
f 1523//1969 1465//1972 1323//1922
f 1322//1976 1470//1977 1325//1978
f 1324//1915 1323//1973 1321//1975
f 1322//1976 1465//1974 1470//1977
f 1519//1979 1336//1980 1364//1981
f 1519//1979 1517//1982 1328//1983
f 1334//1870 1262//1869 1532//1984
f 1338//1985 1337//1986 1340//1987
f 1262//1869 1434//1988 1532//1984
f 1330//1989 1518//1990 1326//1991
f 1330//1989 1326//1991 1327//1992
f 1522//1993 1521//1994 1331//1995
f 1532//1984 1522//1993 1332//1996
f 1332//1996 1331//1995 1339//1997
f 1521//1994 1330//1989 1327//1992
f 1338//1985 1336//1998 1337//1986
f 1336//1998 1519//1999 1335//2000
f 1335//2000 1519//1999 1333//2001
f 1332//1996 1522//1993 1331//1995
f 1067//1262 1343//1806 1342//1510
f 1329//1505 1393//1666 1059//1525
f 1339//1997 1331//1995 1348//2002
f 1348//2002 1327//1992 1347//2003
f 1353//2004 1351//2005 1357//1528
f 1351//2005 1340//1987 1357//1528
f 1379//2006 1079//2007 1344//1530
f 1326//1991 1360//2008 1379//2006
f 1352//1502 1050//1504 1212//2009
f 1354//2010 1349//2011 1348//2002
f 1342//1510 1341//1868 1349//2011
f 1352//1527 1391//2012 1353//2004
f 1356//1516 1342//1510 1355//2013
f 1355//2013 1354//2010 1356//1516
f 1349//2011 1341//1868 1339//1997
f 1391//2012 1338//2014 1350//2015
f 1212//2009 1383//1634 1391//2016
f 1516//2017 1363//2018 1359//2019
f 1359//2019 1378//2020 1377//2021
f 1385//2022 1369//2023 1370//2024
f 1384//2025 1371//2026 1372//1971
f 1371//2026 1523//1969 1372//1971
f 1371//2026 1640//2027 1523//1969
f 1516//2017 1359//2019 1360//2008
f 1370//2028 1364//1981 1336//1980
f 1361//2029 1513//2030 1371//2026
f 1376//1701 1359//2019 1363//2018
f 1367//2031 1361//2029 1384//2025
f 1365//2032 1364//2033 1369//2023
f 1366//2034 1512//2035 1367//2031
f 1366//2034 1363//2018 1512//2035
f 1364//2033 1515//2036 1362//2037
f 1512//2035 1513//2030 1361//2029
f 1374//1387 1373//1643 1289//1921
f 1382//2038 1386//2039 1380//2040
f 1382//2038 1380//2040 1373//1643
f 1363//2018 1375//1704 1376//1701
f 1379//2006 1205//2041 1079//2007
f 1212//2009 1390//1635 1383//1634
f 1378//2020 1376//1701 1194//1703
f 1377//2021 1194//1703 1205//2041
f 1377//2021 1378//2020 1194//1703
f 1392//2042 1368//2043 1385//2022
f 1364//2033 1370//2024 1369//2023
f 1137//1650 1389//2044 1136//1651
f 1329//1505 1368//2045 1392//2042
f 1380//2040 1384//2025 1373//1643
f 1329//1505 1392//2042 1387//2046
f 1387//2046 1389//1657 1329//1505
f 1386//2039 1366//2034 1367//2031
f 1386//2039 1367//2031 1380//2040
f 1380//2040 1367//2031 1384//2025
f 1392//2042 1385//2022 1387//2046
f 1338//2047 1388//2048 1370//2028
f 1389//2044 1383//2049 1136//1651
f 1421//2050 1428//2050 1424//2050
f 1421//2051 1419//2051 1428//2051
f 1427//1838 1416//2052 1489//2053
f 1422//2054 1421//2055 1427//1833
f 1422//2056 1489//2053 1425//2057
f 1404//2058 1422//2058 1426//2058
f 1404//2059 1418//2060 1422//2061
f 1404//2062 1426//2062 1405//2062
f 1425//2057 1489//2053 1490//2063
f 1405//2064 1426//2065 1425//2066
f 1425//2066 1484//2067 1405//2064
f 1429//2068 1407//2069 1481//2070
f 1424//2071 1245//2072 1427//1833
f 1421//2073 1420//2073 1419//2073
f 1423//2074 1420//2074 1424//2074
f 1419//2075 1420//2075 1423//2075
f 1422//2054 1418//2076 1421//2055
f 1419//2077 1417//1821 1404//2078
f 1412//2079 1414//2080 1418//2081
f 1412//2082 1417//1821 1399//2083
f 1416//1857 1486//2084 1488//2085
f 1413//2086 1399//2086 1411//2086
f 1414//2087 1411//2088 1408//2089
f 1415//2090 1412//2082 1399//2083
f 1400//2091 1411//2092 1399//1860
f 1482//2093 1411//2093 1400//2093
f 1482//2094 1408//2089 1411//2088
f 1410//2095 1431//2096 1395//2097
f 1394//2098 1429//2068 1432//2099
f 1410//2100 1430//2101 1435//2102
f 1396//2103 1432//2099 1430//2104
f 1395//2097 1433//1844 1397//2105
f 1416//1857 1222//1856 1457//2106
f 1409//2107 1441//2108 1407//2109
f 1481//2110 1441//2111 1460//2112
f 1396//2113 1408//2089 1394//2114
f 1558//2115 1398//2116 1406//1824
f 1406//1841 1405//2064 1558//2117
f 1398//2116 1558//2115 1473//2118
f 1473//2119 1475//2120 1398//2121
f 1399//1860 1476//2122 1400//2091
f 1398//2121 1475//2120 1401//1811
f 1480//1871 1435//2123 1430//2124
f 1480//1871 1260//1873 1435//2123
f 1434//1988 1480//1871 1472//2125
f 1432//2099 1429//2068 1430//2126
f 1500//2127 1479//2128 1429//2068
f 1472//2125 1430//2124 1479//2129
f 1472//2125 1479//2129 1494//2130
f 1445//2131 1443//2132 1444//2133
f 1445//2134 1447//1957 1448//2135
f 1447//1957 1445//2134 1449//1928
f 1444//2136 1506//2137 1445//2138
f 1444//2136 1505//2139 1506//2137
f 1443//2140 1496//2141 1442//2142
f 1496//2143 1505//2144 1444//2145
f 1468//2146 1466//2147 1462//2148
f 1470//2149 1471//2150 1461//2151
f 1467//2152 1458//2153 1469//2154
f 1451//1938 1437//1937 1450//2155
f 1449//1964 1507//2156 1452//1962
f 1511//2157 1457//2106 1507//2158
f 1440//2159 1450//2155 1446//2160
f 1440//2161 1445//2162 1453//2163
f 1454//2164 1453//2165 1448//2135
f 1467//2152 1441//2166 1458//2153
f 1501//2167 1460//2168 1441//2166
f 1301//2169 1455//2170 1440//2171
f 1222//1856 1452//1907 1507//2158
f 1448//2172 1447//2173 1450//2174
f 1451//2175 1447//2175 1456//2175
f 1497//1926 1438//2176 1543//2177
f 1439//1925 1492//2178 1502//2179
f 1542//2180 1492//2178 1439//1925
f 1462//1949 1456//1956 1449//1928
f 1459//2181 1457//2182 1511//2183
f 1457//2184 1459//2185 1441//2108
f 1471//2150 1462//2186 1461//2151
f 1458//2187 1454//2188 1469//2189
f 1608//2190 1496//2141 1437//1937
f 1436//2191 1608//2192 1437//1967
f 1502//2193 1608//2192 1436//2191
f 1493//1970 1499//2194 1464//1968
f 1465//1972 1464//1968 1499//2194
f 1640//2027 1644//2195 1493//1970
f 1441//2166 1467//2152 1501//2167
f 1465//1974 1499//2196 1468//2197
f 1467//2198 1469//2198 1466//2198
f 1467//2199 1499//2196 1495//2200
f 1489//2201 1488//2085 1490//2202
f 1490//2203 1487//2204 1483//2205
f 1490//2206 1488//2207 1487//2208
f 1473//2118 1558//2115 1579//2209
f 1478//2210 1557//2211 1559//2212
f 1557//2213 1478//2214 1556//2215
f 1555//2216 1556//2217 1477//2218
f 1554//2219 1555//2220 1475//2221
f 1486//2222 1485//2223 1487//2208
f 1558//2117 1478//2210 1559//2212
f 1487//2224 1485//2225 1482//2094
f 1476//2122 1477//2218 1482//2226
f 1551//2227 1547//2228 1550//2229
f 1474//2230 1551//2227 1627//2231
f 1500//2232 1495//2233 1494//2234
f 1500//2127 1494//2235 1479//2128
f 1472//2125 1547//2228 1474//2230
f 1579//2236 1554//2237 1473//2119
f 1472//2125 1535//2238 1547//2228
f 1491//2239 1535//2238 1472//2125
f 1472//2125 1494//2130 1491//2239
f 1511//2157 1507//2158 1508//2240
f 1507//2158 1506//2241 1508//2240
f 1508//2242 1506//2243 1503//2244
f 1504//2245 1508//2242 1498//2246
f 1540//2247 1496//2141 1608//2190
f 1544//2248 1540//2247 1612//2249
f 1503//2250 1496//2141 1540//2247
f 1481//2251 1501//2252 1500//2232
f 1497//1926 1543//2177 1542//2253
f 1543//2254 1498//2255 1544//2248
f 1505//2144 1496//2143 1503//2256
f 1499//2194 1493//1970 1491//2239
f 1493//1970 1644//2195 1535//2238
f 1495//2200 1499//2196 1491//2239
f 1498//2255 1503//2250 1540//2247
f 1500//2232 1501//2252 1495//2233
f 1517//2257 1515//2258 1329//2259
f 1371//2026 1513//2030 1640//2027
f 1532//1984 1627//2231 1663//2260
f 1524//2261 1363//2018 1516//2017
f 1474//2230 1627//2231 1532//1984
f 1532//1984 1434//1988 1474//2230
f 1522//1993 1530//2262 1521//1994
f 1522//1993 1531//2263 1530//2262
f 1520//2264 1328//2265 1329//2259
f 1363//2018 1524//2261 1526//2266
f 1513//2030 1512//2035 1525//2267
f 1516//2017 1360//2008 1518//1990
f 1328//2265 1517//2257 1329//2259
f 1526//2266 1631//2268 1525//2267
f 1330//1989 1529//2269 1528//2270
f 1531//2263 1623//2271 1530//2262
f 1530//2272 1529//2269 1330//1989
f 1525//2267 1631//2268 1629//2273
f 1525//2267 1629//2273 1513//2030
f 1634//2274 1524//2261 1516//2017
f 1639//2275 1634//2274 1527//2276
f 1527//2276 1634//2274 1516//2017
f 1627//2231 1551//2227 1626//2277
f 1558//2117 1559//2212 1579//2278
f 1625//2279 1534//2280 1642//2281
f 1542//2253 1543//2177 1607//2282
f 1539//2283 1542//2180 1607//2284
f 1543//2285 1544//2248 1541//2286
f 1552//2287 1574//2288 1555//2220
f 1554//2219 1552//2287 1555//2220
f 1578//2289 1556//2215 1586//2290
f 1555//2216 1586//2291 1556//2217
f 1547//2228 1535//2238 1534//2280
f 1548//2292 1545//2293 1683//2294
f 1534//2280 1643//2295 1533//2296
f 1644//2195 1534//2280 1535//2238
f 1549//2297 1547//2228 1534//2280
f 1606//2298 1603//2299 1607//2284
f 1606//2298 1602//2300 1603//2299
f 1553//2301 1554//2237 1579//2236
f 1626//2277 1550//2229 1549//2297
f 1550//2229 1547//2228 1549//2297
f 1641//2302 1533//2296 1594//2303
f 1536//2304 1641//2302 1594//2303
f 1642//2281 1533//2296 1537//2305
f 1534//2280 1533//2296 1642//2281
f 1577//2306 1552//2307 1553//2301
f 1562//2308 1560//2309 1561//2310
f 1575//2311 1566//2312 1574//2288
f 1585//2313 1584//2314 1587//2315
f 1577//2306 1570//2316 1575//2317
f 1570//2318 1566//2312 1575//2311
f 1574//2288 1563//2319 1582//2320
f 1588//2321 1582//2322 1584//2323
f 1585//2324 1582//2322 1588//2321
f 1579//2278 1578//2325 1577//2326
f 1587//2315 1584//2314 1578//2325
f 1578//2289 1586//2290 1574//2327
f 1585//2324 1574//2327 1583//2328
f 1564//2329 1560//2330 1681//2331
f 1573//2332 1571//2333 1568//2334
f 1573//2335 1572//2336 1571//2337
f 1564//2329 1565//2338 1560//2330
f 1568//2339 1566//2340 1567//2341
f 1562//2342 1561//2343 1569//2344
f 1567//2341 1566//2340 1570//2316
f 1567//2345 1577//2326 1568//2334
f 1574//2288 1582//2320 1583//2346
f 1584//2314 1573//2332 1577//2326
f 1548//2347 1682//2348 1626//2277
f 1682//2348 1565//2349 1564//2350
f 1569//2344 1683//2294 1562//2342
f 1582//2320 1572//2351 1580//2352
f 1573//2335 1581//2353 1572//2336
f 1582//2322 1580//2354 1581//2353
f 1719//2355 1589//2356 1713//2357
f 1596//2358 1590//2359 1595//2360
f 1596//2358 1599//2361 1590//2359
f 1598//2362 1606//2363 1595//2364
f 1598//2365 1593//2366 1606//2298
f 1608//2192 1601//2367 1609//2368
f 1611//2369 1608//2190 1610//2370
f 1612//2249 1608//2190 1611//2369
f 1606//2363 1596//2371 1595//2364
f 1593//2372 1590//2373 1602//2374
f 1591//2375 1709//2376 1589//2377
f 1597//2378 1592//2379 1589//2356
f 1613//2380 1600//2381 1605//2382
f 1609//2383 1601//2384 1613//2380
f 1613//2385 1604//2386 1606//2363
f 1615//2387 1614//2388 1613//2385
f 1615//2387 1606//2363 1541//2389
f 1541//2389 1606//2363 1607//2282
f 1723//2390 1592//2379 1597//2378
f 1595//2360 1593//2366 1598//2365
f 1541//2286 1611//2369 1615//2391
f 1602//2374 1601//2367 1608//2192
f 1590//2373 1601//2367 1602//2374
f 1615//2391 1611//2369 1610//2370
f 1622//2392 1621//2393 1618//2394
f 1529//2269 1618//2394 1528//2270
f 1546//2395 1625//2396 1620//2397
f 1625//2398 1638//2399 1620//2400
f 1545//2401 1624//2402 1616//2403
f 1651//2404 1621//2405 1623//2271
f 1623//2271 1531//2263 1652//2406
f 1626//2277 1549//2297 1548//2347
f 1648//2407 1659//2408 1673//2409
f 1648//2410 1683//2411 1545//2401
f 1616//2403 1624//2402 1617//2412
f 1620//2397 1624//2413 1546//2395
f 1626//2277 1679//2414 1627//2231
f 1549//2297 1545//2293 1548//2292
f 1619//2415 1638//2399 1633//2416
f 1619//2417 1616//2418 1620//2397
f 1616//2418 1617//2419 1620//2397
f 1528//2270 1618//2394 1639//2275
f 1621//2405 1646//2420 1648//2421
f 1546//2422 1624//2423 1545//2293
f 1621//2405 1648//2421 1619//2417
f 1531//2263 1663//2260 1662//2424
f 1687//2425 1699//2426 1629//2273
f 1638//2427 1635//2428 1633//2429
f 1640//2027 1699//2426 1700//2430
f 1635//2431 1636//2432 1632//2433
f 1628//2434 1630//2435 1634//2274
f 1637//2436 1634//2274 1618//2394
f 1700//2430 1643//2295 1640//2027
f 1536//2437 1708//2438 1632//2439
f 1641//2440 1536//2441 1636//2432
f 1537//2442 1641//2443 1636//2444
f 1533//2296 1643//2295 1594//2303
f 1630//2445 1629//2273 1631//2268
f 1524//2261 1630//2435 1631//2446
f 1686//2447 1629//2448 1628//2449
f 1678//2450 1669//2451 1671//2452
f 1676//2453 1670//2454 1653//2455
f 1660//2456 1676//2453 1653//2455
f 1652//2406 1649//2457 1651//2404
f 1652//2406 1650//2458 1649//2457
f 1663//2459 1673//2460 1659//2461
f 1663//2459 1679//2462 1673//2460
f 1674//2463 1673//2460 1679//2462
f 1664//2464 1676//2453 1660//2456
f 1680//2465 1676//2453 1664//2464
f 1669//2466 1670//2467 1671//2468
f 1654//2469 1653//2470 1670//2467
f 1531//2263 1662//2424 1661//2471
f 1656//2472 1645//2473 1657//2474
f 1650//2475 1654//2476 1645//2477
f 1678//2478 1680//2465 1675//2479
f 1665//2480 1656//2481 1657//2482
f 1626//2277 1678//2478 1677//2483
f 1682//2348 1680//2465 1678//2478
f 1660//2456 1654//2476 1650//2475
f 1679//2462 1677//2484 1674//2463
f 1682//2348 1564//2350 1680//2465
f 1680//2465 1564//2350 1681//2485
f 1647//2486 1655//2487 1661//2488
f 1646//2489 1645//2473 1647//2490
f 1646//2489 1647//2490 1648//2407
f 1645//2477 1646//2420 1649//2457
f 1663//2459 1658//2491 1662//2492
f 1665//2493 1664//2464 1652//2406
f 1666//2494 1665//2480 1657//2482
f 1664//2464 1660//2456 1650//2475
f 1671//2468 1560//2309 1683//2495
f 1651//2404 1649//2457 1646//2420
f 1560//2330 1670//2454 1681//2331
f 1720//2496 1716//2497 1700//2498
f 1721//2499 1716//2497 1720//2496
f 1720//2496 1700//2498 1708//2500
f 1721//2499 1714//2501 1716//2497
f 1701//2502 1694//2503 1703//2504
f 1698//2505 1684//2506 1694//2507
f 1696//2508 1695//2509 1710//2510
f 1694//2507 1695//2509 1696//2508
f 1719//2355 1713//2357 1718//2511
f 1717//2512 1712//2513 1722//2514
f 1704//2515 1696//2516 1697//2517
f 1698//2518 1694//2503 1701//2502
f 1699//2519 1687//2520 1706//2521
f 1699//2519 1706//2521 1707//2522
f 1708//2500 1700//2498 1699//2519
f 1703//2523 1702//2524 1701//2525
f 1632//2439 1706//2526 1690//2527
f 1717//2512 1697//2517 1712//2513
f 1702//2528 1711//2529 1693//2530
f 1704//2531 1702//2524 1703//2523
f 1632//2439 1707//2532 1706//2526
f 1704//2531 1719//2533 1702//2524
f 1722//2534 1597//2535 1719//2533
f 1716//2536 1714//2536 1709//2536
f 1691//2537 1688//2538 1686//2447
f 1689//2539 1685//2540 1688//2538
f 1690//2541 1689//2539 1688//2538
f 1713//2542 1710//2510 1711//2543
f 1697//2544 1709//2545 1712//2546
f 1715//2547 1597//2535 1722//2534
f 1629//2273 1686//2447 1684//2506
f 5//2548 6//2549 8//2550
f 8//2550 4//5 5//2548
f 56//25 5//2548 3//4
f 4//5 3//4 5//2548
f 6//11 2//8 7//7
f 4//3 7//2 70//98
f 2//8 19//2551 80//17
f 5//24 56//2552 69//23
f 9//26 72//44 73//27
f 74//132 14//40 10//28
f 14//40 74//132 11//42
f 11//42 74//132 121//136
f 80//17 19//2551 18//32
f 17//36 18//2553 15//37
f 106//30 17//29 16//142
f 15//37 78//140 16//38
f 15//37 79//141 78//140
f 10//28 12//39 9//26
f 51//87 13//41 11//42
f 49//43 48//76 72//44
f 25//56 132//55 150//79
f 34//54 36//60 28//66
f 35//62 37//2554 36//60
f 36//60 30//71 28//66
f 37//2554 30//71 36//60
f 23//50 24//45 44//47
f 29//216 37//75 24//45
f 49//43 38//53 32//63
f 37//2554 29//69 30//71
f 31//59 27//57 25//56
f 36//60 34//54 50//61
f 33//52 34//54 28//66
f 33//52 28//66 26//58
f 47//2555 35//62 50//61
f 47//2555 50//61 51//87
f 140//70 29//69 134//219
f 20//64 138//73 27//57
f 27//57 138//73 126//203
f 35//74 47//68 24//45
f 112//77 45//65 113//80
f 32//63 31//59 48//76
f 40//83 39//86 179//84
f 131//51 43//48 40//83
f 47//68 51//2556 46//46
f 46//46 51//2556 11//81
f 42//88 111//85 40//83
f 111//85 41//78 109//82
f 52//2557 66//2558 250//93
f 447//603 115//605 116//96
f 52//91 447//603 116//96
f 447//578 52//2557 250//93
f 250//93 435//351 447//578
f 52//91 85//97 86//92
f 233//109 53//2559 54//2560
f 233//109 54//2560 64//108
f 56//25 55//6 53//2559
f 53//117 69//23 56//2552
f 55//2561 4//3 70//98
f 55//6 54//2560 53//2559
f 54//113 55//2561 70//98
f 235//114 54//113 70//98
f 61//101 244//100 62//107
f 250//93 58//295 59//2562
f 227//2563 67//2563 229//2563
f 66//2558 58//295 250//93
f 250//93 59//2562 57//94
f 69//23 246//116 249//348
f 66//2564 65//2564 67//2564
f 66//2558 231//120 60//119
f 66//2558 60//119 58//295
f 63//122 64//115 235//114
f 232//102 60//119 61//103
f 58//295 57//94 59//2562
f 67//299 341//298 231//99
f 58//295 60//119 220//296
f 66//2565 67//2565 231//2565
f 233//106 246//116 53//117
f 232//293 63//122 245//121
f 348//125 68//13 248//345
f 67//2566 65//2567 89//384
f 67//2566 89//384 219//306
f 81//15 69//23 247//126
f 68//13 271//18 289//346
f 248//345 68//13 289//346
f 100//130 72//44 71//128
f 10//28 73//27 100//130
f 74//132 103//131 121//136
f 75//134 105//156 76//135
f 2//16 81//15 269//19
f 90//34 77//155 79//2568
f 78//140 77//133 76//135
f 15//35 90//34 79//2568
f 106//30 91//22 80//21
f 306//2569 106//30 288//153
f 289//346 106//30 306//2569
f 119//190 83//151 84//2570
f 84//144 87//2571 267//145
f 86//2572 267//2573 89//2574
f 86//2572 85//2575 267//2573
f 271//18 91//22 289//346
f 289//346 91//22 106//30
f 268//143 305//154 90//34
f 84//2570 85//97 119//190
f 267//2576 87//149 281//148
f 102//152 83//151 82//2577
f 87//2578 83//151 88//150
f 87//2578 84//2570 83//151
f 88//2579 102//2580 101//160
f 82//2581 103//2581 102//2581
f 75//397 303//385 105//176
f 288//153 76//139 287//2582
f 105//156 104//2583 287//157
f 104//2583 285//2584 287//157
f 101//160 102//2580 98//161
f 88//147 101//163 281//148
f 285//402 302//409 287//2582
f 101//163 99//164 95//165
f 98//166 71//128 92//2585
f 96//2586 99//2587 282//2588
f 93//167 94//2589 282//2590
f 282//2588 99//2587 93//2591
f 97//162 98//161 92//129
f 94//2589 279//174 282//2590
f 94//2589 93//167 279//174
f 104//2583 96//2586 285//2584
f 95//169 96//168 304//386
f 282//2590 379//403 285//402
f 93//167 117//175 311//173
f 285//2584 96//2586 282//2588
f 39//86 185//182 179//84
f 39//86 108//180 185//182
f 39//86 111//85 110//179
f 110//179 109//82 108//180
f 184//183 108//180 107//181
f 117//175 114//184 181//187
f 107//181 118//192 115//191
f 85//97 116//96 119//190
f 121//186 118//192 107//181
f 82//194 120//189 118//192
f 121//186 82//194 118//192
f 138//73 127//199 126//203
f 175//221 124//213 176//197
f 125//214 124//213 175//221
f 139//72 128//198 138//73
f 133//207 136//209 135//201
f 135//201 136//209 129//200
f 133//207 135//201 134//219
f 122//204 151//202 127//199
f 129//200 154//211 123//2592
f 128//198 123//2592 122//204
f 129//200 123//2592 128//198
f 130//206 154//211 129//200
f 133//207 130//206 136//209
f 154//211 153//228 123//2592
f 123//2592 153//228 122//204
f 124//195 137//217 131//51
f 134//215 24//45 125//214
f 21//67 135//201 139//72
f 156//220 133//218 125//214
f 131//51 179//84 159//196
f 144//222 149//2593 145//2594
f 149//2593 144//222 155//224
f 168//227 141//2595 142//223
f 141//2595 166//254 146//234
f 142//223 141//2595 143//235
f 141//2595 146//234 143//235
f 145//250 149//232 174//233
f 144//222 168//227 142//223
f 144//222 171//2596 170//226
f 144//222 145//2594 171//2596
f 150//79 172//230 162//241
f 151//202 172//230 150//79
f 155//224 148//225 153//228
f 146//234 166//254 172//230
f 146//234 172//230 147//229
f 158//231 149//2593 155//224
f 158//2597 156//220 149//232
f 148//225 142//223 143//235
f 175//221 176//197 174//233
f 197//242 161//240 186//239
f 173//236 202//269 199//251
f 173//236 179//84 202//269
f 164//237 173//236 199//251
f 193//245 171//244 191//253
f 145//250 174//233 164//237
f 171//2596 163//246 170//226
f 170//226 169//256 168//227
f 170//226 160//247 169//256
f 169//256 166//254 141//2595
f 169//256 165//238 166//254
f 168//227 169//256 141//2595
f 169//256 167//248 165//238
f 171//244 164//237 191//253
f 193//255 192//2598 160//247
f 194//267 162//241 197//242
f 162//241 194//267 150//79
f 192//2598 190//249 160//247
f 159//196 179//84 173//236
f 179//84 185//182 180//263
f 185//182 184//183 180//263
f 182//264 184//183 183//185
f 177//257 182//264 115//191
f 510//262 213//261 569//2599
f 494//740 510//262 569//2599
f 180//263 182//264 178//260
f 191//253 198//252 203//270
f 191//253 203//270 200//271
f 200//271 177//257 209//281
f 201//259 177//257 200//271
f 202//269 201//259 203//270
f 194//267 212//266 213//261
f 150//79 194//267 213//261
f 205//276 206//280 189//287
f 196//277 205//276 189//287
f 186//239 188//275 187//268
f 186//239 190//249 188//275
f 211//265 196//277 189//287
f 194//267 197//242 195//278
f 192//2598 208//279 190//249
f 193//255 208//279 192//2598
f 197//242 187//268 195//278
f 195//278 196//277 211//265
f 195//278 211//265 194//267
f 207//273 206//280 208//279
f 207//273 536//283 535//288
f 562//290 555//815 564//285
f 204//284 562//290 564//285
f 207//273 561//289 206//280
f 561//289 562//2600 206//280
f 213//261 570//286 569//2599
f 177//257 546//258 209//281
f 220//296 60//119 232//293
f 227//297 225//304 341//298
f 226//301 57//94 220//296
f 235//114 70//98 349//313
f 226//301 221//2601 228//95
f 220//296 232//293 234//294
f 241//311 242//337 230//105
f 250//93 228//95 223//300
f 223//300 220//296 222//319
f 225//304 218//303 224//309
f 224//309 216//310 240//324
f 222//319 253//341 217//320
f 246//116 344//336 337//482
f 236//332 216//318 214//317
f 216//310 215//2602 240//324
f 218//308 252//307 214//317
f 349//313 70//98 348//125
f 69//23 249//348 247//126
f 284//325 219//306 281//148
f 236//322 238//379 239//2603
f 234//294 245//121 243//331
f 238//329 265//2604 237//327
f 239//2603 215//323 236//322
f 215//2602 239//326 240//324
f 253//341 222//319 340//338
f 242//337 344//336 230//105
f 341//298 240//324 237//327
f 242//337 241//311 329//335
f 246//116 230//105 344//336
f 266//342 253//341 340//338
f 243//331 245//121 235//114
f 348//125 248//345 867//483
f 246//116 337//482 347//349
f 246//116 347//349 249//348
f 251//2605 308//437 309//439
f 261//2606 251//2607 309//381
f 250//93 223//300 217//320
f 309//381 313//371 260//370
f 252//353 251//2608 261//354
f 214//355 261//354 263//2609
f 398//380 259//369 257//2610
f 355//489 262//365 354//366
f 262//365 264//2611 263//333
f 236//332 263//333 264//2611
f 263//2609 261//354 354//364
f 260//370 313//371 258//368
f 320//2612 319//360 258//367
f 320//2612 258//367 322//2613
f 351//376 266//342 340//338
f 264//378 262//2614 265//339
f 255//2615 350//2616 257//2617
f 429//352 254//340 351//376
f 261//2606 309//381 365//383
f 309//381 260//370 398//380
f 305//154 268//143 383//407
f 270//127 268//143 269//19
f 89//384 267//2576 281//148
f 288//153 287//2582 302//409
f 285//402 300//404 302//409
f 283//392 274//388 297//387
f 380//423 286//177 301//408
f 286//177 380//423 304//386
f 284//325 281//148 277//391
f 298//399 295//401 274//405
f 279//174 311//173 278//2618
f 272//429 274//405 295//401
f 275//171 95//169 304//386
f 279//174 379//403 282//2590
f 279//174 278//2618 379//403
f 278//2618 273//2619 310//426
f 379//403 278//2618 310//426
f 373//350 387//406 268//143
f 289//346 306//2569 943//510
f 943//510 306//2569 384//521
f 384//521 382//410 394//517
f 275//171 304//386 378//411
f 291//418 290//417 326//459
f 384//521 288//153 382//410
f 325//441 323//440 391//425
f 290//417 292//400 375//412
f 379//403 377//428 392//413
f 300//404 392//413 299//420
f 306//2569 288//153 384//521
f 300//404 299//420 302//409
f 304//386 380//423 378//411
f 382//410 302//409 393//421
f 381//427 301//408 303//385
f 310//426 391//425 379//403
f 305//154 381//427 303//385
f 292//400 291//418 295//401
f 294//414 272//429 291//415
f 293//430 325//441 391//425
f 310//426 311//173 296//424
f 273//2619 311//173 310//426
f 311//173 273//2619 278//2618
f 396//432 307//431 410//545
f 307//436 284//2620 283//434
f 317//442 321//445 314//2621
f 319//373 321//445 255//374
f 319//373 320//2622 321//445
f 293//430 311//173 325//441
f 315//455 316//447 396//432
f 320//2612 316//2623 321//2624
f 316//447 315//455 314//2625
f 297//435 327//2626 307//436
f 326//452 327//419 294//390
f 322//2613 316//2623 320//2612
f 327//2626 407//2627 307//436
f 407//451 327//419 326//452
f 324//458 326//459 376//456
f 290//417 375//412 376//456
f 328//465 849//464 842//1201
f 832//1163 328//465 842//1201
f 867//483 374//347 988//1240
f 330//467 867//483 904//468
f 332//344 328//465 370//479
f 849//464 346//334 331//480
f 347//349 866//475 385//484
f 337//482 868//1232 336//474
f 850//462 334//461 841//343
f 328//465 342//328 335//466
f 342//328 328//465 332//344
f 340//338 332//344 339//377
f 265//339 338//477 371//470
f 338//2628 333//2628 371//2628
f 341//298 841//343 241//311
f 329//335 854//472 344//336
f 345//312 349//313 343//330
f 342//328 234//294 335//466
f 339//377 332//344 367//478
f 869//473 349//313 330//467
f 855//481 343//330 869//473
f 854//472 868//1232 337//482
f 331//480 346//334 343//330
f 335//466 243//331 346//334
f 867//483 248//345 374//347
f 349//313 348//125 330//467
f 357//486 351//376 339//377
f 357//486 367//478 601//485
f 368//357 261//354 365//508
f 351//376 357//486 601//485
f 397//460 398//380 350//541
f 400//544 255//2615 318//542
f 350//2616 255//2615 400//544
f 398//380 257//2610 350//541
f 265//339 262//2614 355//476
f 355//476 353//487 338//477
f 338//2629 356//2630 333//500
f 353//487 372//492 356//488
f 356//2630 372//492 333//500
f 359//507 358//1189 826//1194
f 371//470 369//491 364//497
f 367//478 370//479 366//509
f 371//470 372//492 369//491
f 365//508 359//501 360//503
f 831//505 360//504 828//2631
f 1020//506 820//2632 819//1165
f 820//2632 361//498 830//2633
f 1020//506 361//498 820//2632
f 363//471 831//496 840//1234
f 328//465 832//1163 830//2633
f 364//497 831//496 363//471
f 370//479 830//2633 361//498
f 370//479 328//465 830//2633
f 359//507 419//382 358//1189
f 367//478 1020//506 601//485
f 1020//506 370//479 362//499
f 1020//506 366//509 370//479
f 385//484 387//406 373//350
f 390//518 384//521 394//517
f 323//440 395//2634 391//425
f 395//2634 416//548 391//425
f 375//412 405//513 376//456
f 377//428 391//425 414//528
f 967//512 389//422 381//427
f 416//548 423//527 391//425
f 378//411 415//525 375//412
f 380//423 389//422 388//514
f 988//1240 374//347 943//510
f 943//510 386//520 987//1405
f 390//518 386//520 384//521
f 387//406 972//511 383//407
f 970//522 394//517 966//2635
f 394//517 393//421 966//2635
f 392//413 957//523 393//421
f 393//421 957//523 966//2635
f 964//526 389//422 961//1356
f 424//515 375//412 415//525
f 307//436 407//2627 406//2636
f 406//2637 407//451 404//531
f 406//2637 404//531 402//534
f 323//440 703//446 395//2634
f 405//513 403//516 402//532
f 425//533 406//2637 402//534
f 396//432 410//545 418//538
f 400//540 399//2638 397//460
f 399//2638 312//454 397//460
f 318//542 317//2639 399//543
f 307//436 406//2636 425//2640
f 307//436 425//2640 410//565
f 395//2634 703//446 416//548
f 398//380 397//460 419//382
f 358//1189 419//382 397//460
f 358//1189 921//561 922//1309
f 417//547 416//548 906//556
f 425//2640 411//566 410//565
f 424//515 415//525 413//562
f 358//1189 397//460 921//561
f 423//527 420//552 414//528
f 397//460 418//538 921//561
f 411//560 422//535 421//2641
f 412//2642 408//2642 907//2642
f 412//550 906//556 915//1321
f 410//565 918//567 920//2643
f 409//568 411//560 421//2641
f 918//567 411//566 932//2644
f 427//570 428//572 464//595
f 464//2645 428//620 463//621
f 460//575 428//620 426//573
f 508//604 446//606 509//586
f 445//582 443//584 442//2646
f 435//351 429//352 477//658
f 435//351 477//658 476//585
f 446//577 435//351 509//586
f 469//590 450//665 1016//875
f 433//588 474//587 434//589
f 432//670 431//596 430//598
f 434//594 427//570 464//595
f 432//670 464//2645 463//621
f 431//596 432//670 461//597
f 444//2647 440//2648 443//584
f 492//580 445//579 442//599
f 444//602 488//601 440//619
f 430//593 444//2647 443//584
f 509//586 501//608 508//604
f 437//611 438//610 436//2649
f 440//619 436//618 438//2650
f 440//619 438//2650 441//2651
f 443//584 440//2648 441//614
f 492//580 439//600 437//695
f 437//611 436//2649 490//617
f 452//626 454//622 616//624
f 451//627 606//2652 450//628
f 608//634 624//631 448//630
f 458//2653 613//2654 455//644
f 458//635 459//639 621//636
f 621//636 460//640 585//574
f 462//641 458//2653 455//644
f 457//646 456//648 482//655
f 429//352 622//832 664//623
f 452//2655 450//2655 453//2655
f 476//585 477//661 468//660
f 480//656 456//648 449//647
f 470//659 467//664 468//660
f 470//659 664//623 454//622
f 434//589 465//657 469//590
f 465//657 453//2656 450//665
f 489//607 475//666 472//678
f 468//660 475//666 476//585
f 468//667 474//2657 473//668
f 471//2658 430//598 461//597
f 454//622 452//626 453//674
f 454//622 453//674 466//673
f 466//663 465//2659 467//664
f 473//668 487//672 472//2660
f 473//668 472//2660 475//669
f 471//2658 486//616 430//598
f 482//671 481//684 486//677
f 492//2661 483//2662 484//791
f 472//2660 487//672 484//682
f 488//601 485//2663 551//683
f 488//601 486//616 485//2663
f 485//2664 486//677 542//685
f 478//690 480//680 624//631
f 479//687 478//690 537//688
f 481//692 478//691 479//693
f 482//655 480//656 481//692
f 492//2665 491//2665 483//2665
f 483//681 491//697 490//617
f 551//698 485//2664 542//685
f 483//681 551//683 552//787
f 484//791 483//2662 552//789
f 484//791 552//789 548//785
f 554//686 550//2666 501//608
f 546//258 115//191 550//2667
f 499//809 496//717 560//820
f 493//2668 810//755 520//737
f 558//707 497//2669 575//708
f 583//2670 495//2671 572//2672
f 584//2673 574//2674 495//2675
f 572//2676 495//2675 574//2674
f 510//262 494//740 311//173
f 494//740 697//706 311//173
f 690//713 810//1015 493//714
f 502//716 689//2677 690//713
f 531//710 503//2678 493//711
f 503//2679 531//2680 502//1008
f 495//2671 583//2670 504//2681
f 495//2675 505//2682 584//2673
f 504//2681 505//2683 495//2671
f 506//722 505//2684 504//720
f 575//2685 504//2681 583//2670
f 497//2686 506//722 575//721
f 506//2687 584//2688 505//2689
f 507//705 574//801 584//2688
f 500//700 499//809 581//701
f 498//702 507//2690 500//700
f 506//2687 507//705 584//2688
f 499//809 497//718 496//717
f 499//2691 506//722 497//2686
f 499//2691 507//2692 506//722
f 500//2693 507//2692 499//2691
f 115//191 508//2694 550//2667
f 501//2695 550//2667 508//2694
f 532//766 519//770 517//764
f 516//730 511//742 514//731
f 748//750 502//1008 531//2680
f 530//2696 493//2668 520//737
f 511//736 521//2697 520//737
f 513//743 511//742 512//745
f 565//746 532//726 527//748
f 529//749 530//752 520//2698
f 524//2699 521//2700 526//2701
f 529//749 747//759 748//750
f 521//2700 524//2699 520//2702
f 515//2703 517//2704 736//2705
f 517//2704 624//631 736//2705
f 525//747 741//2706 524//753
f 525//747 746//2707 741//2706
f 515//765 736//723 525//725
f 526//763 521//2697 511//736
f 516//761 527//760 526//763
f 484//679 550//2666 554//686
f 534//2708 540//2709 561//2710
f 535//769 541//768 534//2708
f 576//774 539//773 528//728
f 534//2708 544//779 540//2709
f 544//779 534//2708 541//768
f 547//2711 577//2712 540//2713
f 533//771 528//2714 539//792
f 537//772 533//771 539//792
f 548//785 547//781 544//780
f 548//785 544//780 550//790
f 546//258 550//2667 544//779
f 577//775 543//786 539//773
f 549//788 545//776 547//778
f 577//2712 579//818 540//2713
f 209//281 541//768 536//767
f 624//631 517//2704 519//783
f 538//793 539//792 543//794
f 542//685 543//786 545//699
f 542//694 479//693 538//793
f 535//769 534//2708 561//2715
f 562//2600 561//289 559//811
f 567//810 580//2716 581//701
f 578//795 571//802 573//796
f 557//2717 566//805 518//762
f 583//2670 566//805 557//2717
f 559//811 555//813 562//2600
f 569//2599 523//734 494//740
f 570//286 568//291 569//2599
f 569//2599 568//291 523//734
f 568//291 522//732 523//734
f 580//797 573//796 582//704
f 560//799 558//814 559//811
f 558//814 555//813 559//811
f 557//2718 518//729 556//812
f 578//2719 580//2716 567//810
f 579//2720 578//2721 567//2722
f 579//2720 577//775 578//2721
f 578//2721 577//775 571//727
f 577//775 576//774 571//727
f 556//2723 575//2685 583//2670
f 560//820 496//717 558//719
f 583//2670 572//2672 566//805
f 556//2723 583//2670 557//2724
f 564//285 522//732 568//291
f 533//771 519//770 528//2714
f 528//2714 519//770 532//766
f 567//810 499//809 560//820
f 581//2725 553//2725 498//2725
f 540//2713 579//818 561//817
f 622//832 595//833 664//623
f 427//591 469//590 596//823
f 639//913 586//914 694//915
f 592//2726 591//826 585//574
f 426//573 592//2726 585//574
f 427//570 587//824 592//576
f 592//576 587//824 589//2727
f 591//826 589//2728 618//828
f 586//2729 587//824 694//839
f 641//831 588//830 586//914
f 588//2730 587//824 586//2729
f 618//828 590//829 641//831
f 618//828 589//2728 590//829
f 589//2727 587//824 590//2731
f 590//2731 587//824 588//2730
f 622//832 601//485 595//833
f 594//845 593//835 587//824
f 600//836 598//2732 587//824
f 593//846 687//851 600//850
f 598//2732 599//837 587//824
f 599//837 694//839 587//824
f 596//823 1017//840 587//824
f 595//833 1013//834 1046//933
f 599//2733 684//842 597//841
f 1017//840 1018//844 587//824
f 598//849 685//2734 599//2733
f 598//849 687//851 685//2734
f 599//2733 685//2734 684//842
f 609//2735 610//2736 608//650
f 608//650 610//2736 632//919
f 607//854 640//853 636//922
f 683//855 602//865 631//2737
f 607//2738 636//904 637//2739
f 610//2740 607//2738 637//2739
f 617//852 619//827 618//828
f 455//649 609//2735 608//650
f 651//879 611//866 683//855
f 605//859 633//884 603//860
f 612//869 661//2741 1016//875
f 621//636 620//858 613//637
f 620//858 621//636 585//574
f 664//623 614//870 616//624
f 604//874 660//928 605//864
f 615//2742 612//869 606//868
f 605//864 660//928 672//862
f 602//865 628//888 631//2737
f 661//926 612//878 651//879
f 455//644 607//2738 610//2740
f 613//2654 607//2738 455//644
f 632//887 629//2743 628//888
f 603//880 632//887 602//865
f 614//870 659//932 663//876
f 635//890 723//1059 712//891
f 626//893 623//2744 624//894
f 768//857 634//856 717//1040
f 626//877 672//862 623//897
f 628//916 710//2745 634//917
f 628//888 629//2743 710//908
f 630//899 637//920 635//890
f 629//2743 712//906 710//908
f 624//894 707//1047 711//1049
f 623//2744 707//1047 624//894
f 722//921 726//911 725//1050
f 638//912 726//911 722//921
f 633//884 626//893 627//895
f 634//856 683//855 631//2737
f 637//2739 636//904 635//903
f 632//919 610//2736 637//920
f 641//831 639//913 638//912
f 651//879 683//855 667//924
f 686//943 687//851 653//848
f 604//874 649//944 660//928
f 659//932 595//833 1046//933
f 1016//875 655//2746 1045//2747
f 657//936 1045//2748 655//937
f 658//935 655//939 652//941
f 653//848 654//1465 656//1464
f 656//1464 648//942 653//848
f 655//2749 662//959 650//927
f 648//942 656//1464 1039//1463
f 682//2750 686//943 648//942
f 614//870 664//623 659//932
f 661//2741 662//2751 1016//875
f 644//951 650//940 645//950
f 649//944 644//2752 660//928
f 648//948 668//953 682//973
f 643//956 645//958 646//954
f 645//950 647//949 646//2753
f 1023//957 643//956 1037//2754
f 653//848 594//847 654//1465
f 652//941 663//876 658//935
f 660//928 644//2752 642//930
f 642//2755 1023//962 666//964
f 662//2751 655//2746 1016//875
f 674//992 765//969 681//990
f 676//968 681//990 765//969
f 678//971 668//955 667//2756
f 670//2757 758//2758 669//975
f 668//955 646//954 667//2756
f 666//966 670//2757 669//975
f 670//2759 666//964 758//963
f 773//981 676//993 769//1104
f 669//975 758//2758 756//978
f 681//994 685//2734 682//2750
f 665//929 669//976 672//862
f 674//992 767//1084 765//969
f 682//973 680//974 675//991
f 682//973 675//991 681//990
f 677//985 673//988 674//986
f 766//1111 673//2760 761//1112
f 685//2734 687//851 686//943
f 682//2750 685//2734 686//943
f 678//995 679//923 677//984
f 685//2734 681//994 773//981
f 684//980 685//2734 773//981
f 694//915 691//997 724//1001
f 690//713 698//1004 810//1015
f 746//1063 692//1002 689//1007
f 690//713 689//2761 698//1004
f 688//1005 698//1004 689//2761
f 1104//1594 1123//1162 810//755
f 684//842 774//2762 702//843
f 699//1020 812//1026 695//1023
f 698//2763 701//1018 700//1017
f 701//1022 698//1004 691//1006
f 702//843 774//2762 701//1018
f 772//1016 770//1019 700//1017
f 717//1028 710//2764 709//1029
f 722//901 725//2765 723//902
f 705//1036 715//1035 734//1065
f 723//902 721//2766 720//1042
f 720//1042 721//2766 714//1043
f 707//909 671//896 754//1051
f 719//1060 720//1034 705//1036
f 718//1030 709//1029 732//2767
f 720//1034 716//1046 715//1035
f 720//1042 743//1044 716//2768
f 725//2765 721//2766 723//902
f 711//1049 706//1048 708//1054
f 709//907 712//906 719//2769
f 723//1059 720//1034 719//1060
f 733//1064 706//1053 750//1052
f 706//1048 733//1031 708//1054
f 709//907 719//2769 705//1055
f 624//631 704//1057 734//2770
f 711//1058 704//1057 624//631
f 743//1003 693//999 688//998
f 745//739 806//1072 800//996
f 736//723 744//1045 740//724
f 716//2768 743//1044 740//2771
f 729//1062 778//1144 728//2772
f 801//1061 778//1144 729//1062
f 740//2771 743//1044 746//2707
f 730//738 737//1073 804//2773
f 729//1068 728//2772 737//1080
f 806//1072 730//744 804//2774
f 738//1074 790//1076 742//1041
f 737//1080 728//2772 804//2774
f 759//1102 713//1038 742//1041
f 523//734 512//735 806//1072
f 745//739 523//734 806//1072
f 742//1041 735//1071 738//1074
f 739//1075 738//1074 737//1078
f 740//2771 746//2707 525//747
f 692//1002 746//1063 743//1003
f 734//1032 733//1031 729//1068
f 735//1071 734//1081 731//1077
f 732//1037 705//1055 734//1081
f 689//1007 748//750 747//759
f 624//631 734//2770 736//2705
f 773//981 771//1105 774//982
f 774//982 771//1105 772//1016
f 807//1098 790//1088 749//1090
f 751//1093 753//2775 752//1091
f 758//963 1115//1604 775//2776
f 761//1112 673//983 713//1038
f 764//1082 763//1096 808//1083
f 763//1097 760//1110 762//1099
f 761//1112 713//1038 760//1103
f 673//983 768//857 713//1038
f 774//2762 772//1016 701//1018
f 756//2777 751//1086 755//977
f 751//1093 757//1108 753//2775
f 758//2778 757//2778 756//2778
f 758//963 753//1114 757//2779
f 766//1085 760//1110 764//1109
f 771//1105 811//1113 772//1016
f 765//1106 808//2780 811//1113
f 752//1115 758//963 775//2776
f 801//1061 777//1151 779//1143
f 777//1155 781//1120 779//1119
f 780//2781 778//1144 779//1143
f 781//2782 789//2783 739//1075
f 739//1075 782//1121 781//2782
f 811//1113 808//2780 791//2784
f 781//2785 784//1123 786//1122
f 811//1113 791//2784 798//1130
f 781//2786 783//2786 784//2786
f 785//1124 783//2787 781//1125
f 812//1116 811//1113 798//1130
f 785//2788 795//1138 797//1140
f 798//1130 785//2788 797//1140
f 806//1072 804//2774 809//1149
f 809//1149 803//2789 806//1072
f 795//2790 784//2790 783//2790
f 783//2791 1121//2791 795//2791
f 785//1129 784//1128 795//2792
f 812//1026 799//2793 695//1023
f 804//2774 728//2772 809//1149
f 728//2772 776//1150 809//1149
f 695//1023 799//2793 796//1024
f 776//1150 728//2772 780//2781
f 728//2772 778//1144 780//2781
f 800//996 806//1072 803//2789
f 809//1149 792//2794 803//2789
f 800//996 1124//1600 1105//1009
f 805//1079 786//1122 739//1075
f 790//1076 739//1075 789//2783
f 807//1100 759//1102 790//1076
f 798//1130 791//2784 785//2788
f 775//2795 788//1153 777//1155
f 789//2796 788//2797 1115//1156
f 789//1154 781//1120 777//1155
f 789//2796 1115//1156 787//1089
f 787//1089 790//1088 789//2796
f 783//1158 1122//2798 1121//1621
f 783//1158 787//1160 1122//2798
f 791//1117 749//1095 783//1158
f 794//1147 1123//1609 1133//1161
f 792//2794 1124//1607 803//2789
f 800//996 803//2789 1124//1600
f 1124//1607 792//2794 1133//1608
f 820//2632 830//2633 819//1165
f 819//1165 830//2633 832//1163
f 831//1169 828//2799 829//1170
f 829//2800 828//2801 877//1172
f 828//2801 826//2802 827//1173
f 877//1172 828//2801 827//1173
f 818//2803 814//1175 816//2804
f 827//1173 826//1194 873//1196
f 816//2805 815//1178 822//1182
f 873//1196 822//2806 821//1258
f 817//1183 823//1188 928//1184
f 822//1182 818//1192 816//2805
f 873//1196 824//1195 822//2806
f 824//1193 818//1192 822//1182
f 816//2804 814//1175 815//1177
f 826//1194 823//1191 825//1197
f 841//343 839//1233 850//462
f 854//472 843//1230 868//1232
f 844//1202 883//1204 887//1208
f 852//463 847//1211 843//1230
f 845//1205 849//464 851//1210
f 847//2807 844//1214 846//2808
f 850//462 839//1233 847//1211
f 839//1212 844//1214 847//2807
f 844//1202 838//1237 885//1203
f 894//1217 851//1210 848//1209
f 894//1217 848//1209 890//1215
f 847//2807 846//2808 843//1229
f 843//1229 846//2808 891//1227
f 879//2809 1220//1280 860//1219
f 834//1218 833//2810 879//2809
f 833//1236 880//1284 879//1285
f 861//1235 880//1284 833//1236
f 893//1231 902//1290 868//1232
f 834//1218 879//2809 860//1219
f 853//1216 870//469 895//1269
f 865//1225 835//1223 860//1252
f 835//1223 864//1224 836//1221
f 849//464 331//480 848//1209
f 872//1164 837//1166 875//1261
f 842//1201 845//1205 837//1166
f 842//1201 849//464 845//1205
f 836//1221 861//1235 834//1222
f 838//1237 829//2800 877//1172
f 840//2811 829//1238 839//1212
f 857//1241 864//1199 863//1243
f 860//1219 898//1294 897//2812
f 1220//1280 898//1294 860//1219
f 862//1254 858//1250 859//1251
f 860//1219 897//2812 856//2813
f 860//1219 856//2813 858//2814
f 862//2815 860//1219 858//2814
f 857//1246 856//1255 899//1247
f 899//1247 856//1255 897//2816
f 868//1232 902//1290 905//1239
f 336//474 868//1232 866//475
f 1236//1814 979//1257 1292//2817
f 1236//1814 873//1196 979//1257
f 874//1174 873//1196 1238//1259
f 871//1168 872//1164 875//1261
f 1238//2818 873//2818 1236//2818
f 874//1174 1239//2819 876//1287
f 875//1261 881//1289 1240//1263
f 1239//2820 1240//2821 881//2822
f 881//2822 876//2823 1239//2820
f 887//1208 888//1276 891//1226
f 892//1264 891//1227 888//2824
f 892//2825 902//1290 893//1231
f 837//1166 884//1206 875//1261
f 885//1203 877//1172 883//1204
f 892//2825 1231//2826 902//1290
f 895//1271 892//2827 886//1272
f 1220//1283 878//1282 1221//2828
f 890//1215 853//1216 895//1269
f 889//1281 894//1217 890//1215
f 881//2822 882//2829 876//2823
f 889//1273 886//1272 876//2823
f 882//2829 889//1273 876//2823
f 883//1204 876//1287 886//1275
f 1232//1268 870//469 903//1293
f 1213//1279 1243//1789 1217//2830
f 904//468 988//1240 1288//1408
f 905//1239 986//1297 940//1244
f 904//468 1288//1408 903//1293
f 878//1299 900//1249 896//1302
f 878//1299 861//1200 900//1249
f 899//1247 897//2816 898//1295
f 898//1295 1217//1790 1218//1301
f 1213//1279 1217//2830 898//1294
f 925//2831 919//549 924//1306
f 923//2832 924//1306 978//1307
f 909//1314 925//1313 908//1305
f 925//1313 924//1308 908//1305
f 925//2831 922//1309 919//549
f 813//2833 815//1177 911//2834
f 817//1176 913//2835 908//1315
f 978//1307 919//549 916//1324
f 926//1311 911//1310 910//1304
f 927//1181 813//1179 926//1311
f 926//2836 923//2832 978//1307
f 913//1185 922//2837 912//1312
f 912//1312 922//2837 925//1313
f 913//1185 928//1184 922//2837
f 922//1309 928//1190 358//1189
f 911//2834 815//1177 910//1316
f 909//2838 913//2835 912//2839
f 913//2835 909//2838 908//1315
f 932//2644 930//1360 918//567
f 930//1367 932//569 949//1323
f 907//1317 915//1321 1111//1318
f 977//1390 916//1324 917//1325
f 916//1324 919//549 918//567
f 919//549 920//546 918//567
f 988//1240 943//510 987//1405
f 385//484 940//1244 942//1339
f 939//2840 936//1334 938//1333
f 939//2840 937//1326 933//1328
f 939//2840 933//1328 936//1334
f 935//1327 937//1326 1000//2841
f 935//1327 1000//2841 983//1403
f 955//1372 938//1333 934//1332
f 934//1332 954//1373 955//1372
f 934//2842 936//1336 954//1337
f 933//1330 983//1329 953//1335
f 983//1329 997//1402 998//1338
f 972//511 385//484 942//1339
f 972//511 942//1339 971//1341
f 941//519 987//1405 386//520
f 945//1353 973//1319 944//1349
f 414//528 412//553 914//1320
f 971//1341 1010//1426 968//1371
f 963//1364 930//1367 947//1365
f 969//1369 946//2843 952//1370
f 931//558 415//525 949//1368
f 950//524 948//2844 947//529
f 1000//1346 955//1344 969//1369
f 969//1374 953//1361 946//1363
f 953//1335 998//1338 951//2845
f 951//1362 952//1375 946//1363
f 957//523 965//1354 966//2635
f 390//518 970//522 941//519
f 965//1354 958//1377 962//2846
f 959//1384 964//1386 961//1385
f 1004//1378 941//519 1005//1355
f 970//522 966//2635 965//1354
f 929//1357 959//1382 992//1358
f 958//1377 994//1380 962//2846
f 962//2846 994//1380 1002//1411
f 965//1354 962//2846 1002//1411
f 948//1366 964//1386 963//1364
f 950//524 964//526 948//2844
f 956//530 944//1349 958//1377
f 926//2836 978//1307 979//1257
f 927//1256 926//2836 979//1257
f 979//1257 978//1307 1292//2817
f 977//1390 976//2847 1293//2848
f 1292//2817 978//1307 977//1390
f 1292//2817 977//1390 1293//2848
f 974//1389 1291//1388 989//1434
f 1291//2849 975//1440 989//1439
f 1293//2850 975//1440 1291//2849
f 1293//2848 976//2847 975//2851
f 1145//1631 1374//1387 1111//1318
f 976//2847 993//2852 975//2851
f 974//1389 973//1319 1374//1387
f 917//1325 976//2847 977//1390
f 1282//1406 985//1379 1278//1432
f 1314//1400 981//1399 1269//1878
f 982//1397 996//1396 997//1402
f 980//1893 982//2853 1314//1889
f 987//1405 941//519 985//1379
f 983//1403 984//2854 981//1399
f 1000//2841 984//2854 983//1403
f 1005//1355 965//1354 1003//1409
f 965//1354 1002//1411 995//1410
f 1003//1409 965//1354 995//1410
f 993//1416 1001//1420 995//1414
f 993//2852 992//1358 1001//1418
f 990//1433 995//1410 994//1380
f 917//1325 992//1358 976//2847
f 1008//2855 1003//1421 1001//1420
f 1008//1427 1006//1901 1007//1428
f 1003//1409 1007//1431 1004//1378
f 985//1379 1004//1378 1007//1431
f 1011//1381 992//1358 959//1382
f 992//1358 1011//1381 1001//1418
f 999//1430 984//1404 1000//1346
f 1011//1351 968//1350 1010//1422
f 1000//1346 952//1370 999//1430
f 976//2847 992//1358 993//2852
f 999//1435 997//2856 1268//1438
f 998//1376 997//2856 999//1435
f 997//2856 996//1436 1268//1438
f 1016//875 1047//1452 1015//2857
f 1017//840 1014//2858 1012//1447
f 1016//822 1015//1444 1014//1446
f 1016//822 1014//1446 1017//840
f 654//1465 594//847 1018//2859
f 1044//1451 1018//2859 1012//1450
f 1013//834 1019//1455 1069//1448
f 1047//1452 1070//1454 1015//2857
f 1020//506 1019//1455 1013//834
f 1048//1481 1013//834 1057//1449
f 1073//2860 1071//1603 758//963
f 1041//1458 1100//1457 1032//1460
f 1100//1457 1043//1456 1040//1545
f 1041//1458 1042//1461 1044//1462
f 656//1464 1042//1461 1039//1463
f 1042//1461 654//1465 1044//1462
f 657//936 1049//2861 1045//2748
f 1021//1466 1072//1540 1073//1467
f 1022//1470 1073//2860 758//963
f 1022//1468 1033//2862 1021//1466
f 1026//1480 1025//1474 1186//1476
f 1026//1480 1028//2863 1025//1474
f 1043//1443 1058//1442 1040//2864
f 1025//1474 1027//2865 1188//1475
f 1025//1474 1028//2863 1027//2865
f 1072//1473 1021//2866 1026//1471
f 1038//1477 1036//2867 1037//947
f 1024//2868 1037//2754 1036//2869
f 1038//1477 1032//1486 1035//1488
f 1024//2870 1036//2870 1022//2870
f 1027//1487 1077//1563 1188//1562
f 1012//1450 1014//1441 1043//1443
f 1030//1479 1028//2863 1026//1480
f 1029//1478 1031//2871 1030//1479
f 654//1465 1018//2859 1044//1451
f 1016//875 1049//2872 1047//1452
f 1016//875 1045//2747 1049//2872
f 1031//2871 1028//2863 1030//1479
f 1032//1486 1077//1563 1027//1487
f 1057//1449 1054//2873 1047//1485
f 1023//957 1037//2754 1024//2868
f 1036//2867 1038//1477 1035//1488
f 1031//1493 1035//1488 1027//1487
f 1034//1497 1036//1496 1035//2874
f 1022//2875 1034//2875 1033//2875
f 1033//1498 1034//2876 1029//1499
f 1046//933 1013//834 657//934
f 1021//2866 1033//1498 1026//1471
f 657//934 1013//834 1049//1482
f 1070//1445 1068//2877 1066//1500
f 1052//2878 1101//1503 1352//1502
f 1014//1446 1070//1445 1058//1501
f 1066//1500 1068//2877 1065//2879
f 1070//1454 1062//1520 1068//2880
f 1057//1449 1069//1448 1056//1509
f 1070//1454 1054//1453 1062//1520
f 1097//1567 1063//2881 1102//1566
f 1054//1453 1055//1518 1062//1520
f 1329//1505 1059//1525 1051//1506
f 1068//1511 1062//2882 1064//1512
f 1052//1519 1358//2883 1062//1520
f 1057//1449 1056//1509 1054//2873
f 1358//2883 1052//1519 1357//1528
f 1064//1512 1063//2884 1065//1513
f 1064//1512 1062//2882 1063//2884
f 1063//2885 1062//2886 1060//1507
f 1063//2885 1060//1507 1102//2887
f 1102//2887 1060//1507 1061//1508
f 1062//2886 1358//1517 1060//1507
f 1054//2873 1056//1509 1103//1521
f 1354//2010 1103//2888 1356//1516
f 1055//2889 1053//2890 1052//2878
f 1052//2878 1053//2890 1101//1503
f 1103//2891 1055//2891 1054//2891
f 819//1165 871//1168 1069//1448
f 1019//1455 819//1165 1069//1448
f 1086//1533 1082//1536 1083//1553
f 1088//2892 1086//1533 1087//1532
f 1072//1540 1167//2893 1071//1541
f 1167//1691 1072//1473 1186//1472
f 1071//1541 1167//2893 1164//1670
f 1084//1531 1344//1530 1078//2894
f 1087//2895 1083//1537 1050//1539
f 1081//1538 1208//1714 1212//2896
f 1082//2897 1051//1522 1210//1524
f 1050//1539 1081//1538 1212//2896
f 1078//2894 1344//1530 1079//2007
f 1085//1548 1084//2898 1074//1542
f 1074//1542 1084//2898 1078//1543
f 1040//1545 1099//1580 1098//1546
f 1085//1529 1345//2899 1344//1530
f 1090//2900 1345//2899 1085//1529
f 1346//2901 1345//2899 1090//2900
f 1088//1574 1087//2895 1101//1575
f 1089//1535 1051//1522 1082//2897
f 1101//1575 1087//2895 1050//1539
f 1081//1549 1080//2902 1207//1550
f 1183//1544 1078//1543 1079//1699
f 1184//1692 1183//1561 1185//1709
f 1099//1515 1066//1514 1097//1567
f 1040//2864 1058//1442 1099//1515
f 1183//1561 1184//1692 1188//1562
f 1075//1565 1183//1561 1077//1563
f 1066//1514 1065//2903 1097//1567
f 1097//1567 1065//2903 1063//2881
f 1053//1585 1093//2904 1096//1584
f 1076//2905 1092//1572 1075//1547
f 1075//1547 1090//2906 1085//1548
f 1092//1572 1090//2906 1075//1547
f 1093//2907 1346//2901 1090//2900
f 1094//1570 1086//1533 1088//2892
f 1091//1569 1095//1559 1089//1535
f 1096//2908 1091//1569 1094//1570
f 1092//2909 1091//2910 1096//2911
f 1093//2912 1092//2909 1096//2911
f 1096//1584 1094//1573 1101//1575
f 1098//1546 1092//1572 1076//2905
f 1098//1546 1076//2905 1077//1576
f 1100//1457 1098//1546 1077//1576
f 1075//1565 1077//1563 1076//2913
f 1354//1577 1346//1581 1055//1578
f 1346//1581 1093//2914 1053//1582
f 1104//1594 1106//2915 1131//2916
f 1109//1592 1127//1591 1108//1586
f 1107//1628 1153//1627 1108//2917
f 1106//2915 1153//1638 1139//1637
f 1106//2915 1139//1637 1141//2918
f 696//1025 1130//1134 1110//1614
f 1105//1009 1132//1601 1111//1318
f 1111//1318 1132//1601 1145//1631
f 1131//2916 1106//2915 1141//2918
f 1104//1594 1131//2916 1134//1595
f 1110//1013 1109//2919 1106//1593
f 1110//1614 1129//1590 1109//1592
f 1109//2919 1108//2917 1106//1593
f 1108//2917 1153//1627 1106//1593
f 1169//2920 1168//2921 1116//2922
f 1116//2922 1168//2921 1118//1622
f 1116//2922 1118//1622 1121//1621
f 1134//1606 1132//1601 1124//1607
f 1132//1601 1131//1611 1141//2923
f 1071//1603 1113//1613 1114//1605
f 1130//1134 1128//1133 1129//2924
f 1128//1133 1121//1139 1126//1619
f 1129//2924 1128//1133 1126//1619
f 1127//2925 1129//2924 1126//1619
f 1121//1139 1119//1617 1126//1619
f 1125//1618 1192//1688 1193//1687
f 1127//2925 1125//1618 1193//1687
f 1127//2925 1126//1619 1125//1618
f 1125//1618 1118//1689 1192//1688
f 1119//1617 1118//1689 1125//1618
f 1122//2798 1116//2922 1121//1621
f 1122//2926 1120//2926 1116//2926
f 1122//1157 1115//1156 1120//1620
f 1144//1526 1059//1525 1393//1666
f 1157//2927 1156//1681 1204//1743
f 1191//2928 1152//2929 1151//1589
f 1132//1601 1138//1647 1146//1632
f 1147//2930 1137//1650 1140//2931
f 1149//2932 1147//2932 1140//2932
f 1139//1654 1140//2933 1138//1655
f 1140//2931 1137//1650 1135//1652
f 1132//1601 1141//2923 1138//1647
f 1148//1646 1389//1657 1137//1644
f 1148//1660 1198//1659 1155//2934
f 1152//2929 1198//1659 1150//1658
f 1143//1661 1140//2935 1135//1649
f 1156//1669 1154//1662 1155//1664
f 1152//1629 1150//2936 1149//1630
f 1142//1633 1135//1649 1383//1634
f 1393//1666 1329//1505 1154//1662
f 1158//1668 1144//1526 1393//1666
f 1158//1676 1157//2927 1201//1677
f 1144//1523 1158//1676 1209//1675
f 1212//2896 1208//1714 1390//1731
f 1210//1524 1144//1523 1209//1675
f 1390//1731 1208//1714 1200//1716
f 1190//2937 1143//1680 1195//1679
f 1156//1681 1155//2934 1198//1659
f 1143//1680 1190//2937 1140//1698
f 1152//2929 1191//2928 1198//1659
f 1071//1603 1160//1685 1159//1615
f 1071//1603 1162//1683 1160//1685
f 1191//1734 1192//1688 1168//1690
f 1151//1589 1193//1587 1191//2928
f 1190//2938 1375//1704 1189//2939
f 1189//2939 1375//1704 1386//2039
f 1140//1698 1190//2937 1189//1695
f 1188//1475 1187//2940 1186//1476
f 1189//2939 1386//2039 1211//1694
f 1207//1558 1210//1557 1209//2941
f 1071//1603 1163//2942 1162//1683
f 1165//1673 1167//1691 1166//2943
f 1167//1691 1186//1472 1166//2943
f 1186//1476 1187//2940 1166//2944
f 1208//2945 1207//2945 1206//2945
f 1206//2946 1209//1712 1199//1713
f 1199//2947 1200//2948 1206//2949
f 1196//1721 1172//1720 1181//2950
f 1171//2951 1196//1721 1176//1735
f 1195//1702 1375//1704 1190//2938
f 1198//1659 1197//1736 1196//1721
f 1184//2952 1185//2953 1163//2954
f 1165//2955 1184//2952 1163//2954
f 1179//2956 1177//2957 1182//1753
f 1179//1728 1182//2958 1181//1729
f 1181//1729 1172//1747 1170//1730
f 1202//1682 1198//1659 1196//1721
f 1175//2959 1197//1736 1191//1741
f 1204//1743 1201//1677 1157//2927
f 1180//1722 1179//1744 1162//1723
f 1179//1744 1170//2960 1160//1745
f 1205//2961 1194//2961 1199//2961
f 1200//2948 1199//2947 1194//2962
f 1204//1743 1199//1713 1201//1677
f 1169//1625 1159//1624 1173//1749
f 1203//2963 1204//2963 1202//2963
f 1173//1749 1160//1745 1170//2960
f 1202//1682 1196//1721 1181//2950
f 1182//1753 1177//2957 1204//1754
f 1181//1751 1203//1750 1202//2964
f 1170//2965 1176//1735 1173//1758
f 1170//2965 1171//2951 1176//1735
f 1173//1758 1176//1735 1174//1756
f 1169//2966 1174//1739 1175//1738
f 1169//2920 1175//2967 1168//2921
f 1216//2968 1228//1761 1256//1760
f 1231//1270 1233//2969 1230//1796
f 1233//2969 1229//1794 1230//1796
f 1234//1763 1229//1762 1233//2970
f 1231//1270 1234//1266 1233//2969
f 901//1292 1226//2971 1223//1764
f 1223//1792 1225//1770 1285//1769
f 1254//1776 1257//1775 1250//1822
f 1215//2972 1214//2972 1222//2972
f 1217//1790 1243//1859 1249//1791
f 1222//1784 1317//1783 1283//1898
f 1220//1283 1221//2828 1219//1799
f 1231//2826 1230//1291 902//1290
f 1230//1291 1226//2971 901//1292
f 1227//2973 1228//2973 1216//2973
f 1222//1856 1228//1855 1227//2974
f 1227//1797 1229//1762 1225//1766
f 1225//2975 1226//2976 1224//1771
f 1222//1856 1227//2974 1224//2977
f 1227//2978 1216//2978 1226//2978
f 1230//1291 1227//2979 1226//2971
f 1224//1771 1226//2976 1215//1772
f 1216//1777 1215//1779 1226//2980
f 1244//1800 1219//1799 1258//1840
f 1343//1806 1263//1805 1341//1868
f 1235//1807 1236//1804 1343//1806
f 1343//1806 1067//1262 1235//1807
f 1235//1808 1240//2821 1239//2820
f 1235//1808 1239//2820 1238//1809
f 1236//1814 1297//1813 1263//2981
f 1263//2981 1297//1813 1265//1815
f 1297//2982 1214//1785 1266//1787
f 1237//1788 1403//2983 1401//1811
f 1428//1842 1250//1822 1423//1823
f 1403//1825 1406//1824 1398//2116
f 1244//1277 1403//1825 1237//1278
f 1251//2984 1249//2985 1250//2986
f 1250//2987 1253//2987 1251//2987
f 1265//2988 1242//1835 1264//1837
f 1253//2989 1255//2989 1251//2989
f 1248//1850 1255//2990 1253//1851
f 1427//1838 1259//1759 1416//2052
f 1258//1803 1254//1802 1428//2991
f 1433//1844 1245//1843 1397//2105
f 1264//1865 1246//1830 1241//1866
f 1242//1827 1251//1826 1246//2992
f 1246//1830 1255//1829 1241//1866
f 1241//1834 1427//1833 1245//2072
f 1266//2993 1247//1848 1265//1847
f 1252//2994 1242//1846 1248//1849
f 1248//1778 1247//2995 1214//1781
f 1256//2996 1255//1832 1248//1778
f 1256//2996 1248//1778 1216//1777
f 1257//2997 1252//2997 1253//2997
f 1249//2985 1251//2984 1252//2998
f 1256//2996 1427//1833 1255//1832
f 1243//1859 1402//1862 1399//1860
f 1264//2999 1263//2981 1265//1815
f 1480//1871 1263//2981 1264//2999
f 1434//1988 1262//1869 1480//1871
f 1480//1871 1264//2999 1261//1872
f 1279//1874 1288//1408 1282//1406
f 1285//1769 1286//1768 1279//1886
f 1269//1401 1271//1394 1305//1882
f 1285//1765 1276//1391 1287//1342
f 1272//3000 1296//1917 1303//1919
f 1267//1888 1299//1965 1305//1437
f 1284//3001 1277//1909 1283//1905
f 1316//3002 1270//1894 1283//1896
f 1272//3000 1303//1919 1317//3003
f 1282//1406 1278//1432 1279//1874
f 1007//1428 1006//1901 1273//1900
f 1276//1391 1275//1904 1281//1340
f 1278//1902 1280//1899 1275//3004
f 1214//1782 1272//1885 1317//1783
f 1275//3005 1279//3005 1278//3005
f 1284//3006 1276//3006 1279//3006
f 1275//3007 1277//3007 1279//3007
f 1270//1894 1276//3008 1284//1895
f 1276//3009 1270//1883 1274//1877
f 1274//3010 1306//3010 1320//3010
f 1289//1921 1372//1971 1323//1922
f 1374//1387 1289//1921 1291//1388
f 1324//1915 1294//1812 1323//1973
f 1290//1818 1236//1814 1292//2817
f 1291//1388 1289//1921 1290//1924
f 1292//2817 1293//2850 1291//2849
f 1292//2817 1291//2849 1290//1818
f 1316//1875 1317//3011 1313//1927
f 1316//1875 1313//1927 1306//1876
f 1313//3012 1315//3012 1310//3012
f 1301//1890 1439//1925 1300//1891
f 1300//1891 1298//1932 1299//1892
f 1301//2169 1314//1400 1309//1879
f 1301//2169 1309//1879 1308//3013
f 1318//3014 1449//1928 1312//1939
f 1222//1856 1283//1905 1452//1907
f 1319//1950 1324//3015 1321//1951
f 1295//3016 1324//1953 1303//1955
f 1299//1965 1298//3017 1437//1967
f 1311//1940 1312//3018 1310//1941
f 1315//1959 1311//1943 1308//1945
f 1307//1946 1309//1880 1304//1881
f 1301//2169 1308//3013 1307//3019
f 1461//3020 1318//3021 1470//3022
f 1318//3014 1461//3023 1463//1948
f 1318//3014 1463//1948 1449//1928
f 1302//1934 1312//3018 1311//1940
f 1318//1936 1312//3018 1302//1934
f 1301//2169 1307//3019 1455//2170
f 1302//1958 1311//1943 1315//1959
f 1313//3024 1319//1954 1315//3025
f 1303//1955 1319//1954 1313//3024
f 1317//3011 1303//3026 1313//1927
f 1325//3027 1318//1936 1321//1935
f 1318//3021 1325//3028 1470//3022
f 1322//1976 1321//1975 1465//1974
f 1322//1976 1325//1978 1321//1975
f 1335//3029 1520//3030 1329//1505
f 1337//3031 1335//3029 1329//1505
f 1329//1505 1340//3032 1337//3031
f 1332//1996 1341//1868 1334//1870
f 1326//1991 1518//1990 1360//2008
f 1335//2000 1337//1986 1336//1998
f 1335//3029 1333//3033 1520//3030
f 1334//1870 1532//1984 1332//1996
f 1343//1806 1341//1868 1342//1510
f 1331//1995 1521//1994 1327//1992
f 1348//2002 1331//1995 1327//1992
f 1346//2901 1347//2003 1327//1992
f 1346//2901 1327//1992 1345//2899
f 1345//2899 1327//1992 1326//1991
f 1345//2899 1326//1991 1344//1530
f 1357//3034 1340//3032 1358//1517
f 1351//2005 1353//2004 1350//3035
f 1358//1517 1340//3032 1329//1505
f 1344//1530 1326//1991 1379//2006
f 1347//2003 1354//2010 1348//2002
f 1351//2005 1350//3035 1340//1987
f 1354//2010 1355//2013 1349//2011
f 1350//2015 1353//2004 1391//2012
f 1355//2013 1342//1510 1349//2011
f 1357//1528 1352//1527 1353//2004
f 1339//1997 1341//1868 1332//1996
f 1350//3035 1338//1985 1340//1987
f 1348//2002 1349//2011 1339//1997
f 1391//2016 1352//1502 1212//2009
f 1338//2047 1391//2016 1388//2048
f 1336//1980 1338//2047 1370//2028
f 1385//2022 1368//2043 1369//2023
f 1384//2025 1361//2029 1371//2026
f 1329//1505 1515//3036 1365//3037
f 1519//1979 1364//1981 1362//3038
f 1329//1505 1365//3037 1368//2045
f 1360//2008 1359//2019 1377//2021
f 1519//1979 1362//3038 1517//1982
f 1369//2023 1368//2043 1365//2032
f 1364//2033 1365//2032 1515//2036
f 1361//2029 1367//2031 1512//2035
f 1289//1921 1373//1643 1372//1971
f 1372//1971 1373//1643 1384//2025
f 1374//1387 1146//1632 1373//1643
f 1382//2038 1381//1642 1386//2039
f 1381//1642 1211//1694 1386//2039
f 1388//2048 1391//2016 1383//1634
f 1375//1704 1363//2018 1366//2034
f 1379//2006 1377//2021 1205//2041
f 1379//2006 1360//2008 1377//2021
f 1373//1643 1381//1642 1382//2038
f 1375//1704 1366//2034 1386//2039
f 1370//2024 1388//3039 1385//2022
f 1387//3040 1385//2022 1388//3039
f 1376//1701 1378//2020 1359//2019
f 1388//3039 1383//2049 1387//3040
f 1383//2049 1389//2044 1387//3040
f 1427//1833 1421//2055 1424//2071
f 1258//1803 1428//2991 1404//2078
f 1428//2991 1419//2077 1404//2078
f 1422//2056 1427//1838 1489//2053
f 1422//3041 1425//3041 1426//3041
f 1425//3042 1490//2203 1483//2205
f 1425//3043 1483//3044 1484//3045
f 1429//2068 1481//2070 1500//2127
f 1424//2071 1420//3046 1245//2072
f 1420//3046 1410//3047 1245//2072
f 1428//3048 1423//3048 1424//3048
f 1419//2077 1423//1823 1417//1821
f 1418//2060 1404//2059 1412//3049
f 1421//2055 1418//2076 1410//3047
f 1410//3047 1418//2076 1414//2087
f 1420//3046 1421//2055 1410//3047
f 1410//3047 1414//2087 1396//2113
f 1412//2082 1404//2078 1417//1821
f 1489//2201 1416//1857 1488//2085
f 1416//1857 1409//3050 1486//2084
f 1414//2080 1415//3051 1413//3052
f 1415//3051 1414//2080 1412//2079
f 1414//2087 1413//3053 1411//2088
f 1414//2087 1408//2089 1396//2113
f 1413//3054 1415//2090 1399//2083
f 1482//2094 1485//2225 1408//2089
f 1429//2068 1394//2098 1407//2069
f 1410//2095 1435//3055 1431//2096
f 1395//2097 1431//2096 1433//1844
f 1396//2103 1394//2098 1432//2099
f 1245//2072 1410//3047 1397//3056
f 1410//3047 1395//3057 1397//3056
f 1410//2100 1396//3058 1430//2101
f 1416//1857 1457//2106 1409//3050
f 1485//3059 1486//3060 1409//3061
f 1408//3062 1409//3062 1407//3062
f 1408//3063 1485//3059 1409//3061
f 1481//2110 1407//3064 1441//2111
f 1394//2114 1408//2089 1407//3065
f 1406//1841 1258//1840 1404//3066
f 1406//1841 1404//3066 1405//2064
f 1558//2117 1405//2064 1484//2067
f 1403//2983 1398//2121 1401//1811
f 1402//1862 1476//2122 1399//1860
f 1401//1861 1475//2221 1402//1862
f 1402//1862 1475//2221 1476//2122
f 1472//2125 1480//1871 1430//2124
f 1474//2230 1434//1988 1472//2125
f 1435//2123 1260//1873 1433//3067
f 1435//2123 1433//3067 1431//3068
f 1479//2129 1430//2124 1429//3069
f 1496//2141 1446//2160 1437//1937
f 1443//2140 1446//2160 1496//2141
f 1446//3070 1443//3070 1445//3070
f 1445//2138 1506//2137 1507//2156
f 1442//3071 1444//2133 1443//2132
f 1444//3072 1442//3072 1496//3072
f 1449//1964 1445//2138 1507//2156
f 1446//2160 1450//2155 1437//1937
f 1469//2189 1454//2188 1466//3073
f 1447//2173 1451//3074 1450//2174
f 1438//2176 1453//2163 1509//3075
f 1454//2164 1509//3076 1453//2165
f 1457//2106 1222//1856 1507//2158
f 1440//2161 1453//2163 1438//2176
f 1455//3077 1450//2155 1440//2159
f 1440//3078 1446//3078 1445//3078
f 1453//2165 1445//2134 1448//2135
f 1462//1949 1454//2164 1448//2135
f 1439//1925 1436//3079 1298//1932
f 1301//2169 1440//2171 1438//2176
f 1497//1926 1301//2169 1438//2176
f 1439//1925 1502//2179 1436//3079
f 1509//3075 1543//2177 1438//2176
f 1298//3017 1436//2191 1437//1967
f 1456//3080 1455//3080 1451//3080
f 1448//3081 1450//3081 1455//3081
f 1456//3082 1448//3082 1455//3082
f 1456//1956 1462//1949 1448//2135
f 1510//3083 1509//3076 1454//2164
f 1459//3084 1510//3083 1454//2164
f 1441//3085 1459//3084 1454//2164
f 1458//3086 1441//3086 1454//3086
f 1409//2107 1457//2184 1441//2108
f 1462//2186 1471//2150 1468//3087
f 1462//2148 1466//2147 1454//3088
f 1463//1948 1461//3023 1462//1949
f 1470//1977 1465//1974 1468//2197
f 1468//2197 1499//2196 1466//3089
f 1470//2149 1468//3087 1471//2150
f 1499//2196 1467//2199 1466//3089
f 1478//2214 1477//3090 1556//2215
f 1476//2122 1555//2216 1477//2218
f 1475//2221 1555//2220 1476//2122
f 1473//2119 1554//2237 1475//2120
f 1488//2207 1486//2222 1487//2208
f 1487//3091 1482//3092 1477//3090
f 1400//2091 1476//2122 1482//2226
f 1484//3045 1483//3044 1487//3093
f 1484//3045 1487//3093 1478//3094
f 1558//2117 1484//2067 1478//2210
f 1487//3091 1477//3090 1478//2214
f 1551//2227 1474//2230 1547//2228
f 1492//2178 1538//3095 1502//2179
f 1504//2245 1511//3096 1508//2242
f 1510//3083 1504//3097 1509//3076
f 1510//3098 1511//3096 1504//2245
f 1509//3075 1504//3099 1543//2177
f 1498//2246 1508//2242 1503//2244
f 1491//2239 1494//2130 1495//2200
f 1510//3100 1459//2181 1511//2183
f 1481//2251 1460//3101 1501//2252
f 1544//2248 1498//2255 1540//2247
f 1503//3102 1506//2137 1505//2139
f 1539//2283 1538//3095 1492//2178
f 1491//2239 1493//1970 1535//2238
f 1543//3103 1504//3103 1498//3103
f 1497//1926 1542//2253 1439//1925
f 1542//2180 1539//2283 1492//2178
f 1502//2193 1538//3104 1608//2192
f 1467//2152 1495//3105 1501//2167
f 1333//2001 1519//1999 1520//3106
f 1517//2257 1514//3107 1515//2258
f 1516//2017 1528//2270 1527//2276
f 1517//1982 1362//3038 1514//3108
f 1493//1970 1523//1969 1640//2027
f 1522//1993 1532//1984 1531//2263
f 1521//1994 1530//2272 1330//1989
f 1520//2264 1519//3109 1328//2265
f 1362//2037 1515//2036 1514//3110
f 1363//2018 1526//2266 1512//2035
f 1516//2017 1518//1990 1528//2270
f 1330//1989 1528//2270 1518//1990
f 1528//2270 1639//2275 1527//2276
f 1524//2261 1631//2446 1526//2266
f 1525//2267 1512//2035 1526//2266
f 1529//2269 1530//2272 1622//2392
f 1530//2262 1623//2271 1622//3111
f 1663//2260 1627//2231 1679//2414
f 1532//1984 1663//2260 1531//2263
f 1559//2212 1557//2211 1578//3112
f 1559//2212 1578//2325 1579//2278
f 1541//2286 1544//2248 1612//2249
f 1607//2282 1543//2177 1541//2389
f 1557//2213 1556//2215 1578//2289
f 1555//3113 1574//3113 1586//3113
f 1612//2249 1540//2247 1608//2190
f 1594//2303 1643//2295 1591//2375
f 1538//3104 1603//3114 1608//2192
f 1644//2195 1643//2295 1534//2280
f 1548//2292 1683//2294 1569//2344
f 1549//2297 1625//2279 1546//2422
f 1625//2279 1549//2297 1534//2280
f 1553//3115 1579//3115 1577//3115
f 1539//2283 1607//2284 1538//3095
f 1607//2284 1603//2299 1538//3095
f 1553//2301 1552//2307 1554//2237
f 1723//2390 1594//2303 1592//2379
f 1551//2227 1550//2229 1626//2277
f 1536//2304 1594//2303 1723//2390
f 1641//2302 1537//2305 1533//2296
f 1577//2306 1575//2317 1552//2307
f 1683//2495 1560//2309 1562//2308
f 1585//2313 1588//3116 1584//2314
f 1577//2306 1576//3117 1570//2316
f 1582//2320 1563//2319 1572//2351
f 1574//2288 1566//2312 1563//2319
f 1563//3118 1571//2337 1572//2336
f 1585//2324 1583//2328 1582//2322
f 1578//2325 1584//2314 1577//2326
f 1584//2314 1581//3119 1573//2332
f 1587//3120 1578//2289 1574//2327
f 1552//2287 1575//2311 1574//2288
f 1587//3120 1574//2327 1585//2324
f 1568//2339 1563//3118 1566//2340
f 1565//2338 1561//2343 1560//2330
f 1569//2344 1561//2343 1565//2338
f 1577//2326 1573//2332 1568//2334
f 1576//3121 1577//2326 1567//2345
f 1576//3117 1567//2341 1570//2316
f 1548//2347 1569//3122 1682//2348
f 1569//3122 1565//2349 1682//2348
f 1571//2337 1563//3118 1568//2339
f 1572//2336 1581//2353 1580//2354
f 1584//2323 1582//2322 1581//2353
f 1597//2378 1589//2356 1719//2355
f 1602//2300 1606//2298 1593//2366
f 1610//3123 1608//2192 1609//2368
f 1592//2379 1594//2303 1591//2375
f 1606//2363 1604//2386 1596//2371
f 1592//2379 1591//2375 1589//2377
f 1604//2386 1613//2385 1605//3124
f 1599//2361 1605//2382 1600//2381
f 1605//2382 1599//2361 1604//3125
f 1596//2358 1604//3125 1599//2361
f 1600//2381 1613//2380 1601//2384
f 1614//3126 1609//2383 1613//2380
f 1615//2387 1613//2385 1606//2363
f 1595//2360 1590//2359 1593//2366
f 1541//2286 1612//2249 1611//2369
f 1603//3114 1602//2374 1608//2192
f 1601//2367 1590//2373 1599//3127
f 1600//3128 1601//2367 1599//3127
f 1615//2391 1610//2370 1614//3126
f 1614//3126 1610//2370 1609//2383
f 1625//2398 1642//3129 1638//2399
f 1622//3130 1623//3130 1621//3130
f 1651//2404 1623//2271 1652//2406
f 1622//2392 1618//2394 1529//2269
f 1683//2495 1648//2407 1673//2409
f 1648//2410 1545//2401 1616//2403
f 1620//2397 1617//2419 1624//2413
f 1549//2297 1546//2422 1545//2293
f 1618//2394 1619//3131 1637//2436
f 1637//2436 1619//3131 1633//3132
f 1619//2417 1648//2421 1616//2418
f 1619//2415 1620//2400 1638//2399
f 1651//2404 1646//2420 1621//2405
f 1621//2393 1619//3131 1618//2394
f 1638//2427 1636//2444 1635//2428
f 1513//2030 1629//2273 1699//2426
f 1513//2030 1699//2426 1640//2027
f 1635//2428 1632//3133 1633//2429
f 1637//2436 1633//3132 1634//2274
f 1618//2394 1634//2274 1639//2275
f 1634//2274 1630//2435 1524//2261
f 1638//2427 1537//2442 1636//2444
f 1632//3133 1628//2449 1633//2429
f 1638//2427 1642//3134 1537//2442
f 1628//2449 1691//2537 1686//2447
f 1634//2274 1633//3132 1628//2434
f 1632//3133 1692//3135 1691//2537
f 1632//3133 1691//2537 1628//2449
f 1536//2437 1720//3136 1708//2438
f 1636//2432 1536//2441 1632//2433
f 1536//2437 1723//3137 1720//3136
f 1640//2027 1643//2295 1644//2195
f 1716//3138 1643//2295 1700//2430
f 1630//3139 1628//3139 1629//3139
f 1629//2273 1684//2506 1687//2425
f 1676//2453 1681//2331 1670//2454
f 1675//3140 1668//3141 1669//2451
f 1666//2494 1657//2482 1668//3141
f 1678//2450 1671//2452 1672//3142
f 1664//2464 1650//2458 1652//2406
f 1677//2484 1672//3142 1674//2463
f 1683//2495 1673//2409 1674//3143
f 1666//3144 1680//2465 1664//2464
f 1666//2494 1668//3141 1675//3140
f 1666//3144 1675//2479 1680//2465
f 1669//2466 1668//3145 1670//2467
f 1668//3145 1654//2469 1670//2467
f 1668//3145 1657//2474 1654//2469
f 1652//2406 1531//2263 1661//2471
f 1657//2474 1645//2473 1654//2469
f 1656//2472 1655//3146 1645//2473
f 1655//3146 1647//2490 1645//2473
f 1648//2407 1647//2490 1658//3147
f 1648//2407 1658//3147 1659//2408
f 1660//2456 1653//2455 1654//2476
f 1678//2450 1675//3140 1669//2451
f 1680//2465 1681//2485 1676//2453
f 1678//2450 1672//3142 1677//2484
f 1678//2478 1626//2277 1682//2348
f 1626//2277 1677//2483 1679//2414
f 1667//3148 1661//2488 1655//2487
f 1650//2475 1645//2477 1649//2457
f 1647//2486 1661//2488 1658//2491
f 1665//2480 1655//2487 1656//2481
f 1667//3148 1655//2487 1665//2480
f 1661//2488 1662//2492 1658//2491
f 1663//2459 1659//2461 1658//2491
f 1665//2493 1666//3144 1664//2464
f 1661//2471 1667//3149 1652//2406
f 1667//3149 1665//2493 1652//2406
f 1671//2468 1670//2467 1560//2309
f 1672//3150 1671//2468 1683//2495
f 1683//2495 1674//3143 1672//3150
f 1721//2499 1715//3151 1714//2501
f 1702//2528 1693//2530 1695//3152
f 1689//2539 1695//3152 1685//2540
f 1702//2528 1695//3152 1689//2539
f 1694//2503 1696//2516 1703//2504
f 1703//2504 1696//2516 1704//2515
f 1687//2425 1684//2506 1698//2505
f 1693//3153 1710//2510 1695//2509
f 1694//2507 1684//2506 1695//2509
f 1715//3151 1722//2514 1714//2501
f 1714//2501 1722//2514 1712//2513
f 1718//2511 1713//2357 1711//2529
f 1698//2518 1706//2521 1687//2520
f 1705//3154 1706//2521 1698//2518
f 1705//3154 1698//2518 1701//2502
f 1707//2522 1708//2500 1699//2519
f 1701//2525 1689//3155 1690//2527
f 1701//2525 1702//2524 1689//3155
f 1690//2527 1706//2526 1705//3156
f 1632//3157 1690//3157 1692//3157
f 1717//2512 1704//2515 1697//2517
f 1702//2528 1718//2511 1711//2529
f 1705//3156 1701//2525 1690//2527
f 1632//2439 1708//2438 1707//2532
f 1702//2524 1719//2533 1718//3158
f 1704//2531 1717//3159 1719//2533
f 1717//3159 1722//2534 1719//2533
f 1723//3137 1721//3160 1720//3136
f 1723//3137 1715//2547 1721//3160
f 1709//2376 1713//2542 1589//2377
f 1714//3161 1712//2546 1709//2545
f 1692//3135 1690//2541 1691//2537
f 1690//2541 1688//2538 1691//2537
f 1591//2375 1716//3138 1709//2376
f 1591//2375 1643//2295 1716//3138
f 1709//2376 1710//2510 1713//2542
f 1693//3153 1711//2543 1710//2510
f 1697//3162 1696//3162 1709//3162
f 1709//2376 1696//2508 1710//2510
f 1723//3137 1597//2535 1715//2547
f 1686//2447 1688//2538 1684//2506
f 1695//2509 1684//2506 1685//2540
f 1688//2538 1685//2540 1684//2506
