# G1 exterior visual; derived from pinned Unitree/TWIST2 CAD.
v 0.0254553799 -0.0222560298 0.0171736609
v 0.0267492216 -0.0186808985 0.020831475
v 0.0259419158 -0.0184151102 0.0209371634
v 0.0322608911 -0.0208810922 0.0205116235
v 0.0291440524 -0.0236750431 0.0168187339
v 0.0339553803 -0.0216438212 0.0205000006
v 0.0316719934 -0.0247809086 0.0167227872
v 0.0355613492 -0.0223858487 0.0205000062
v 0.0339553915 -0.0258297976 0.0167000275
v 0.0313747711 -0.0204932075 0.0205289479
v 0.0306201354 -0.0201710034 0.0205514655
v 0.0286107156 -0.0234526824 0.0168519448
v 0.0290252082 -0.0195201524 0.0206284784
v 0.0271823611 -0.0228826609 0.0169691276
v 0.0274690054 -0.0189330131 0.0207532197
v 0.0244326051 -0.017970629 0.0211917497
v 0.02300868 -0.0215232559 0.0176088382
v 0.0238940716 -0.0217647068 0.0174297653
v 0.0207050312 -0.0171865448 0.0221757051
v 0.0181478932 -0.0207042973 0.0190424658
v 0.0208948348 -0.0172155909 0.0221134629
v 0.019636631 -0.0208690278 0.0185238328
v 0.0223945621 -0.0174857862 0.0216660928
v 0.0201849379 -0.0209473744 0.0183499195
v 0.0230558645 -0.0176282264 0.0214951616
v 0.0211234801 -0.0211060196 0.0180747285
v 0.0238788463 -0.0178255681 0.021305291
v 0.0221181046 -0.0213094577 0.0178145673
v 0.0226047263 -0.0214226004 0.017698966
v 0.0177279264 -0.0168618746 0.0232905112
v 0.0166455992 -0.0205981582 0.0196239743
v 0.01929662 -0.0170041341 0.0226732716
v 0.0202525984 -0.0171217527 0.0223288629
v 0.0120446309 -0.016700035 0.025829792
v 0.0104386695 -0.0205000192 0.0223858543
v 0.0136450566 -0.016708592 0.0250880439
v 0.0120446198 -0.0205000006 0.0216408223
v 0.0152174067 -0.0167395566 0.0243736915
v 0.014754191 -0.0205272734 0.0204205178
v 0.0174972713 -0.0168457329 0.0233858395
v 0.0151199941 -0.0205367077 0.0202617999
v 0.016122926 -0.0205726046 0.0198377073
v 0.0355613716 -0.0223858468 -0.0224999804
v 0.033955358 -0.0258297641 -0.0187000129
v 0.0339553803 -0.0216479618 -0.0225000009
v 0.0317831486 -0.0248373933 -0.018701518
v 0.0318605639 -0.0207241215 -0.022501424
v 0.0297021866 -0.0239337813 -0.0187099483
v 0.0298404004 -0.0198852345 -0.0225103833
v 0.0277057681 -0.0231248904 -0.018733995
v 0.0286746677 -0.0194303542 -0.022522578
v 0.0278885122 -0.0191378575 -0.0225352198
v 0.0262092911 -0.0225669444 -0.0187705532
v 0.0257852841 -0.0224178545 -0.0187848601
v 0.0259994511 -0.0184884965 -0.0225866251
v 0.0238407478 -0.0217941869 -0.0188802611
v 0.0251083877 -0.0182115342 -0.0226248745
v 0.0231060572 -0.0215874705 -0.0189324487
v 0.0241708793 -0.0179432854 -0.0226781256
v 0.0223217607 -0.0213863235 -0.0190005004
v 0.0238548312 -0.017858576 -0.0226996001
v 0.0231011566 -0.0176688116 -0.0227590539
v 0.0208145287 -0.0210605767 -0.0191731583
v 0.0223353785 -0.0174941551 -0.0228329711
v 0.0193427429 -0.016991742 -0.0232914425
v 0.0174073949 -0.0206248444 -0.0198186282
v 0.0180133805 -0.0168587212 -0.0236014538
v 0.0163683537 -0.0205642357 -0.0200975109
v 0.0174019877 -0.0168140531 -0.0237684716
v 0.0208331496 -0.0172060542 -0.0230254438
v 0.0193120576 -0.0208186395 -0.0194097292
v 0.0201914497 -0.0171050262 -0.0231300164
v 0.0185597762 -0.0207278468 -0.0195558369
v 0.0180417448 -0.0206764489 -0.0196679663
v 0.0120446086 -0.0205000006 -0.0216651466
v 0.0126260556 -0.0167001802 -0.0255626943
v 0.0145709924 -0.0167113189 -0.0247368366
v 0.0163437556 -0.0167579111 -0.0240939967
v 0.0146142803 -0.0205134209 -0.0206580311
v 0.0152833126 -0.0167242009 -0.0244646184
v 0.013669543 -0.0205036271 -0.0210044291
v 0.0127395503 -0.0205003619 -0.021373231
v 0.0106672458 -0.0205000006 -0.0222798157
v 0.0104387179 -0.020499995 -0.0223857816
v 0.0120446272 -0.0167000275 -0.0258297585
v 0.0339553915 0.025829779 -0.0187000036
v 0.0335703343 0.0235833395 -0.0206002463
v 0.0322297998 0.0250887722 -0.018701721
v 0.0322227851 0.0230564363 -0.0206027832
v 0.0304652005 0.0244548209 -0.0187138095
v 0.0293946844 0.0221628863 -0.0206328612
v 0.0286594201 0.0239240769 -0.0187471341
v 0.0268089287 0.0234920178 -0.0188131314
v 0.0263977982 0.0214901809 -0.0207373016
v 0.0258332714 0.0233053658 -0.0188644174
v 0.0233495012 0.0210413877 -0.020966677
v 0.0239187256 0.0230119117 -0.0190052968
v 0.0249099955 0.0231524687 -0.0189252757
v 0.0201807115 0.0207696054 -0.0213889554
v 0.0201493409 0.02266277 -0.019473793
v 0.0219049919 0.0227926746 -0.0192205552
v 0.0162521116 0.0225230455 -0.0202967525
v 0.0173396543 0.0225457344 -0.0200270694
v 0.0170622114 0.0206427835 -0.0220437367
v 0.0179657936 0.0225638133 -0.0198866669
v 0.0198862236 0.0226474907 -0.0195175465
v 0.0133539699 0.022500705 -0.0211915616
v 0.0142027698 0.0225031413 -0.0209014788
v 0.0141617619 0.0206044409 -0.0229187142
v 0.0145871453 0.0225051269 -0.0207779668
v 0.01606296 0.0225200914 -0.0203471575
v 0.0123888738 0.0225000121 -0.0215516388
v 0.0115461126 0.0206000321 -0.023967769
v 0.0120446198 0.0225000009 -0.0216883011
v 0.0112416409 0.0206000023 -0.0241077878
v 0.010438744 0.0224999823 -0.0223857742
v 0.0155342333 0.0187138095 -0.0244553834
v 0.0149697661 0.0187081937 -0.0246451627
v 0.0145571455 0.0196768064 -0.0237635523
v 0.0137696005 0.0187017154 -0.0250891186
v 0.0119392723 0.0196704604 -0.0248101894
v 0.0120446086 0.0187000036 -0.0258297771
v 0.0116344914 0.0196704231 -0.0249502733
v 0.0173405316 0.0187471192 -0.023924835
v 0.017458681 0.0197228827 -0.0228981525
v 0.017872408 0.0187623426 -0.0237897094
v 0.0220663417 0.0190039519 -0.0230148565
v 0.0210931376 0.0189254805 -0.023153048
v 0.0205808394 0.0198641308 -0.0222593695
v 0.0201651547 0.0188643057 -0.0233067125
v 0.0191924684 0.0188131798 -0.0234927423
v 0.023009045 0.019095201 -0.0229014773
v 0.023752071 0.020155441 -0.0218571573
v 0.0240802057 0.0192186888 -0.0227947608
v 0.026098948 0.0195150375 -0.0226488262
v 0.0267970394 0.0206231829 -0.021645885
v 0.0272136535 0.0197179522 -0.0225943271
v 0.0297908653 0.0213103238 -0.0215543564
v 0.0286579151 0.0200264975 -0.0225460194
v 0.02802651 0.0198850036 -0.0225643404
v 0.033604078 0.0215488933 -0.0225000139
v 0.0330301747 0.0213309359 -0.0225002542
v 0.0326179303 0.0222122595 -0.0215310156
v 0.0317898877 0.020899076 -0.0225032084
v 0.0299294852 0.020345116 -0.0225203335
v 0.0351511911 0.0232652966 -0.0215295739
v 0.0355612561 0.0223857742 -0.0224999823
v 0.0339553803 0.0216883048 -0.0225000009
v 0.0347583368 0.0241077803 -0.0205999985
v 0.0104386285 0.0224999804 0.0223858468
v 0.0120446421 0.0187000129 0.0258297641
v 0.0120446198 0.0225000009 0.0216476563
v 0.0142272003 0.0187011007 0.0248317141
v 0.014126122 0.0225010216 0.02072821
v 0.0163138844 0.01870827 0.023923384
v 0.0146005414 0.0225019436 0.0205255821
v 0.017428631 0.0187179632 0.0234621391
v 0.016132025 0.0225086678 0.0198925119
v 0.0173184257 0.0225199498 0.0194276907
v 0.0183125082 0.0187304486 0.0231110174
v 0.0180687532 0.0225311015 0.0191471539
v 0.0197918788 0.0187647548 0.0225576367
v 0.0202330705 0.0187790599 0.022402104
v 0.0199418385 0.0225788057 0.0184987206
v 0.022051746 0.0188643672 0.0218151808
v 0.0200814065 0.0225838143 0.0184536297
v 0.0208785497 0.0226172656 0.0182056632
v 0.0224959124 0.0188931711 0.0216865819
v 0.0217538942 0.0226651169 0.0179533288
v 0.0229660086 0.0189278256 0.0215573777
v 0.0222481135 0.0226981919 0.0178207643
v 0.0235630516 0.0189786386 0.0214039553
v 0.0235371795 0.0228093509 0.0175107699
v 0.0250623804 0.0191446431 0.0210745521
v 0.0237567127 0.0228323918 0.0174632706
v 0.0265568197 0.0193740223 0.0208289176
v 0.0252491087 0.0230268668 0.017182013
v 0.0334834829 0.0256123021 0.0167000666
v 0.0315070041 0.0247656591 0.0167091265
v 0.0339553766 0.0216642674 0.0205000006
v 0.0257969182 0.0231168773 0.0170969423
v 0.0274290126 0.0195419025 0.0207228307
v 0.0267312471 0.0232962966 0.016974397
v 0.027898686 0.0196434539 0.0206764657
v 0.0280413367 0.0236070771 0.0168478619
v 0.0295697805 0.0200711526 0.0205643196
v 0.0297172461 0.0241087154 0.0167518202
v 0.0313245356 0.0206314698 0.0205135215
v 0.0306900442 0.0244513303 0.0167226605
v 0.0323036276 0.0209909156 0.0205035042
v 0.0332055613 0.0213489551 0.0205003899
v 0.0353271849 0.0222772155 0.0205000006
v 0.0355612822 0.0223857872 0.0204999968
v 0.0339553729 0.0258297604 0.0167000312
v 0.0355923213 0.0265316833 0.01669994
v 0.0374126881 0.0231592022 0.0205000006
v 0.0398020744 0.0239096954 0.0205000006
v 0.0372578613 0.0271260943 0.0167000592
v 0.0361633748 0.026748661 0.016699994
v 0.0418034345 0.0281893387 0.0166998263
v 0.0409214199 0.0280438587 0.0166997593
v 0.0422717072 0.0244168844 0.0205000006
v 0.0406665578 0.0279965065 0.016699763
v 0.0389498882 0.027614234 0.0166999511
v 0.0449611321 0.0284810588 0.0167000443
v 0.0447309986 0.0284717344 0.0167000555
v 0.044789467 0.0246699974 0.0205000006
v 0.0431841202 0.0283605512 0.0166999996
v 0.0424062461 0.0282725114 0.0166999046
v 0.0467295386 0.0284906607 0.016699858
v 0.0473210625 0.0246646218 0.0205000006
v 0.0475314856 0.0284588225 0.0166997835
v 0.0484877601 0.0283912141 0.016699804
v 0.0498308577 0.0244008861 0.0205000006
v 0.0502341911 0.0281837117 0.0167000052
v 0.0519671738 0.0278683119 0.0167000424
v 0.052287519 0.0238861851 0.0205000006
v 0.0523496903 0.0277836546 0.0167000126
v 0.0546576567 0.0231328961 0.0205000006
v 0.054447066 0.027219424 0.0166997537
v 0.0527303368 0.0276939087 0.0166999716
v 0.0561189614 0.0266431347 0.0166998655
v 0.0560209639 0.0266801491 0.0166998506
v 0.0558798984 0.0267327055 0.0166998282
v 0.0577451549 0.025967313 0.0167000722
v 0.056914743 0.0221573263 0.0205000006
v 0.0585105754 0.0256073326 0.0167000704
v 0.0590615459 0.0209639072 0.0205000006
v 0.0595109239 0.0250939224 0.0166999474
v 0.0593244545 0.0251934286 0.0166999791
v 0.0629806742 0.0228890069 0.0166999362
v 0.0627564341 0.0230536722 0.0166998878
v 0.0608513132 0.0197362341 0.0205000006
v 0.0615177751 0.0239049904 0.0166996755
v 0.0608553439 0.0243221857 0.0166997015
v 0.06436757 0.0217917971 0.0167000815
v 0.0627729371 0.0181315392 0.0205000006
v 0.0654376298 0.0208429489 0.016699953
v 0.0680687129 0.0180339105 0.0166999344
v 0.0674559176 0.018758826 0.016699804
v 0.0645336211 0.016327586 0.0205000006
v 0.0669125021 0.0193627775 0.0166997332
v 0.0656783879 0.0206157919 0.0166999046
v 0.0661064833 0.0143459272 0.0205000006
v 0.0692388937 0.0164985955 0.016700061
v 0.0685557052 0.017420968 0.0167000219
v 0.0682847053 0.0177663136 0.0166999772
v 0.0695998445 0.015978029 0.0167000294
v 0.0674700364 0.0122117968 0.0205000006
v 0.0704674423 0.0146148661 0.016699845
v 0.0705453753 0.014483599 0.0166998282
v 0.0676364973 0.0119143678 0.0205000006
v 0.0713930354 0.0129399989 0.0166998301
v 0.0687385872 0.00964537077 0.0205000006
v 0.0721428245 0.0113491192 0.0167000256
v 0.0734733716 0.0075804987 0.0166997835
v 0.073050648 0.00897286274 0.0166999456
v 0.0695995539 0.00729016121 0.0205000006
v 0.0727939978 0.00971245207 0.0167000256
v 0.0722074881 0.0111989938 0.0167000368
v 0.0735577866 0.0072676111 0.0166997705
v 0.0702126026 0.00488210795 0.0205000006
v 0.0739144087 0.00574765494 0.0166998953
v 0.0705777928 0.00245178654 0.0205000006
v 0.07424438 0.00380850956 0.0167000573
v 0.0739552677 0.00554551743 0.0166999213
v 0.074500002 1.38777878e-17 0.0166999996
v 0.0744984522 0.000296699756 0.0166999437
v 0.0706999972 -6.68900757e-09 0.0205000006
v 0.0744255707 0.0020583577 0.016699966
v 0.0743504092 0.00291618588 0.0167000331
v 0.0415332317 -0.0281477887 0.0166997965
v 0.0420936979 -0.0282310266 0.0166998636
v 0.0425256826 -0.0244542733 0.0205000006
v 0.0731423795 -0.00869144406 0.0166999083
v 0.0732000321 -0.0085092904 0.0166998841
v 0.0695995539 -0.00729015656 0.0205000006
v 0.0744443461 -0.00178022415 0.0166999437
v 0.0705778077 -0.00245175837 0.0205000006
v 0.0743504092 -0.00291618635 0.0167000331
v 0.0702126101 -0.00488210237 0.0205000006
v 0.074134402 -0.00455030426 0.0167000256
v 0.0742791742 -0.00354092452 0.0167000573
v 0.0733017996 -0.00817689858 0.0166998412
v 0.073627457 -0.00699810544 0.0166997723
v 0.0740064979 -0.00528071914 0.0166999549
v 0.0728934258 -0.00943364389 0.0166999996
v 0.068738617 -0.00964528974 0.0205000006
v 0.0722516477 -0.0110950936 0.0167000443
v 0.0706797987 -0.0142533323 0.0166998021
v 0.0709656402 -0.0137465177 0.0166997742
v 0.0676365048 -0.011914338 0.0205000006
v 0.0715129897 -0.012701869 0.0166998599
v 0.072003819 -0.0116641121 0.0166999958
v 0.0702625737 -0.0149525022 0.0166998934
v 0.0663031936 -0.0140662072 0.0205000006
v 0.0697536618 -0.0157484431 0.0167000052
v 0.0647573844 -0.0160699487 0.0205000006
v 0.0677104965 -0.0184635911 0.0166998561
v 0.0681077614 -0.0179860145 0.0166999418
v 0.0682548359 -0.0178037193 0.0166999716
v 0.0687354207 -0.0171857625 0.0167000443
v 0.0694610402 -0.016181143 0.0167000461
v 0.0670992807 -0.0191590786 0.0166997481
v 0.0630206764 -0.0178992301 0.0205000006
v 0.0658704117 -0.0204307791 0.0166998636
v 0.0611189641 -0.0195319206 0.0205000006
v 0.0645706505 -0.0216189958 0.0167000722
v 0.0655761063 -0.0207129419 0.0166999251
v 0.062710762 -0.0230868012 0.0166998785
v 0.0632018298 -0.0227232687 0.0166999772
v 0.0635107383 -0.0224860869 0.0167000275
v 0.0617652349 -0.0237425212 0.0166996997
v 0.0592713244 -0.0208317339 0.0205000006
v 0.0611071736 -0.0241665747 0.0166996755
v 0.0595681295 -0.0250630379 0.0166999362
v 0.0571366549 -0.022046648 0.0205000006
v 0.0587717667 -0.0254780669 0.0167000499
v 0.0579875931 -0.0258562881 0.0167000797
v 0.0548922792 -0.0230436996 0.0205000006
v 0.0563677922 -0.0265472941 0.0166999064
v 0.05301762 -0.0276225097 0.0166999362
v 0.0534390435 -0.0275120102 0.0166998766
v 0.0525325611 -0.0238203648 0.0205000006
v 0.0547106154 -0.0271362327 0.0166997407
v 0.0561792254 -0.0266201682 0.0166998748
v 0.0500832722 -0.0243598968 0.0205000006
v 0.0505072735 -0.0281413309 0.0167000294
v 0.0522562936 -0.0278048348 0.0167000219
v 0.0526243672 -0.0277194474 0.0166999847
v 0.0489565954 -0.0283462256 0.0166998524
v 0.0475774407 -0.0246495605 0.0205000006
v 0.0487532616 -0.028366698 0.0166998301
v 0.0450465456 -0.0246812869 0.0205000006
v 0.0469960459 -0.0284825899 0.0166998263
v 0.0478210077 -0.0284417644 0.0166997742
v 0.0427000634 -0.0283083096 0.0166999437
v 0.0434788242 -0.0283882674 0.0167000256
v 0.0452373438 -0.0284897946 0.0167000256
v 0.0409402549 -0.0280472636 0.0166997593
v 0.0400496982 -0.0239725299 0.0205000006
v 0.0392115265 -0.0276797153 0.0166999176
v 0.0379041843 -0.0273259543 0.016700048
v 0.0376506746 -0.0232460406 0.0205000006
v 0.0375150777 -0.0272076484 0.016700061
v 0.0342249237 -0.0259537585 0.0166999418
v 0.0358523279 -0.0266322121 0.0166999642
v 0.0364443846 -0.0268503297 0.0167000182
v 0.0705453679 -0.0144836092 -0.0186998285
v 0.067470029 -0.0122117968 -0.0225000009
v 0.0676364973 -0.0119143678 -0.0225000009
v 0.0355923101 -0.0265316796 -0.0186999403
v 0.0374126881 -0.0231592022 -0.0225000009
v 0.0361633748 -0.026748661 -0.0186999943
v 0.0372578502 -0.0271260906 -0.0187000595
v 0.0398020744 -0.0239096954 -0.0225000009
v 0.0379041843 -0.0273259543 -0.0187000483
v 0.0424062349 -0.0282725114 -0.0186999049
v 0.0415332317 -0.0281477887 -0.0186997969
v 0.0422717072 -0.0244168844 -0.0225000009
v 0.0406665467 -0.0279965047 -0.0186997633
v 0.038949877 -0.0276142322 -0.0186999515
v 0.043184109 -0.0283605494 -0.0186999999
v 0.044789467 -0.0246699974 -0.0225000009
v 0.0449611209 -0.0284810588 -0.0187000446
v 0.048487749 -0.028391216 -0.0186998043
v 0.0475314856 -0.0284588225 -0.018699782
v 0.0473210625 -0.0246646218 -0.0225000009
v 0.0467295237 -0.0284906607 -0.0186998565
v 0.0452384241 -0.0284898225 -0.018700026
v 0.0489565954 -0.0283462256 -0.0186998527
v 0.0498308577 -0.0244008861 -0.0225000009
v 0.0502341799 -0.0281837136 -0.0187000055
v 0.0519671626 -0.0278683156 -0.0187000427
v 0.052287519 -0.0238861851 -0.0225000009
v 0.0527303256 -0.0276939105 -0.018699972
v 0.0544470549 -0.0272194277 -0.018699754
v 0.0546576567 -0.0231328961 -0.0225000009
v 0.0558798984 -0.0267327055 -0.0186998285
v 0.0593244433 -0.0251934342 -0.0186999775
v 0.0585105754 -0.0256073326 -0.0187000688
v 0.056914743 -0.0221573263 -0.0225000009
v 0.0577451438 -0.0259673167 -0.0187000707
v 0.0561189502 -0.0266431384 -0.0186998658
v 0.0595605671 -0.0250671301 -0.0186999384
v 0.0590615459 -0.0209639072 -0.0225000009
v 0.0608553328 -0.0243221913 -0.0186997019
v 0.0615177676 -0.0239049979 -0.0186996739
v 0.0608513132 -0.0197362341 -0.0225000009
v 0.062710762 -0.0230868012 -0.0186998788
v 0.0656783804 -0.0206158012 -0.018699903
v 0.0654376298 -0.0208429489 -0.0186999533
v 0.0627729371 -0.0181315411 -0.0225000009
v 0.0643675625 -0.0217918046 -0.0187000819
v 0.0629806668 -0.0228890143 -0.0186999347
v 0.0669124946 -0.0193627868 -0.0186997335
v 0.0645336211 -0.0163275879 -0.0225000009
v 0.0674559176 -0.0187588278 -0.0186998043
v 0.0661064833 -0.0143459272 -0.0225000009
v 0.0685556978 -0.0174209774 -0.0187000223
v 0.0680687055 -0.0180339199 -0.0186999347
v 0.0702625737 -0.0149525022 -0.0186998937
v 0.0695998371 -0.0159780383 -0.0187000297
v 0.0692388937 -0.0164985973 -0.0187000614
v 0.0687385872 -0.00964537077 -0.0225000009
v 0.072003819 -0.0116641121 -0.0186999943
v 0.0713930354 -0.0129400101 -0.0186998304
v 0.0733017996 -0.00817689858 -0.0186998416
v 0.073050648 -0.00897287391 -0.0186999459
v 0.0695995539 -0.00729016121 -0.0225000009
v 0.0727939904 -0.00971246324 -0.018700026
v 0.0721428245 -0.0113491295 -0.018700026
v 0.0735577866 -0.00726762228 -0.0186997708
v 0.0702126026 -0.00488210749 -0.0225000009
v 0.0739552677 -0.00554552907 -0.0186999217
v 0.074134402 -0.00455030426 -0.018700026
v 0.0705777928 -0.00245178654 -0.0225000009
v 0.07424438 -0.0038085212 -0.0187000576
v 0.0706999972 6.68902134e-09 -0.0225000009
v 0.074500002 1.73472348e-17 -0.0186999999
v 0.0744984522 -0.000296711718 -0.018699944
v 0.0744874328 -0.000846146315 -0.018699903
v 0.0744255707 -0.00205836957 -0.0186999664
v 0.0743504092 -0.00291618588 -0.0187000334
v 0.0744443461 0.00178022415 -0.0186999422
v 0.0705778077 0.00245175837 -0.0225000009
v 0.0743504092 0.00291618635 -0.0187000334
v 0.0702126101 0.00488210237 -0.0225000009
v 0.0742421746 0.00382485078 -0.0187000576
v 0.0742791742 0.00354092452 -0.0187000576
v 0.0732000321 0.0085092904 -0.0186998844
v 0.0734733716 0.0075804987 -0.0186997838
v 0.0695995539 0.00729015656 -0.0225000009
v 0.073627457 0.00699810544 -0.0186997727
v 0.0740064979 0.00528071914 -0.0186999533
v 0.068738617 0.00964528974 -0.0225000009
v 0.0728934258 0.00943364389 -0.0186999999
v 0.0731423795 0.00869144406 -0.0186999086
v 0.0704674423 0.0146148661 -0.0186998453
v 0.0706797987 0.0142533323 -0.0186998025
v 0.0674699917 0.0122118574 -0.0225000009
v 0.0715129897 0.012701869 -0.0186998602
v 0.0676365048 0.011914338 -0.0225000009
v 0.0722074881 0.0111989938 -0.0187000372
v 0.0722516477 0.0110950936 -0.0187000427
v 0.0697536618 0.0157484431 -0.0187000055
v 0.0661064237 0.014346025 -0.0225000009
v 0.0692388266 0.0164986979 -0.0187000614
v 0.0645335689 0.0163276345 -0.0225000009
v 0.0682548359 0.0178037193 -0.018699972
v 0.0687354207 0.0171857625 -0.0187000446
v 0.0656987727 0.0205963161 -0.0186998993
v 0.0658704117 0.0204307791 -0.0186998621
v 0.0627728552 0.0181316063 -0.0225000009
v 0.0670992807 0.0191590786 -0.0186997484
v 0.067455858 0.018758893 -0.0186998043
v 0.0645706505 0.0216189958 -0.0187000725
v 0.0608512722 0.0197362565 -0.0225000009
v 0.0632018298 0.0227232687 -0.0186999775
v 0.059061598 0.0209638756 -0.0225000009
v 0.0617652349 0.0237425212 -0.0186996982
v 0.0627564341 0.0230536722 -0.0186998881
v 0.0569146983 0.0221573561 -0.0225000009
v 0.0595681295 0.0250630379 -0.0186999366
v 0.0611071736 0.0241665747 -0.0186996758
v 0.0560209639 0.0266801491 -0.0186998509
v 0.0563677922 0.0265472941 -0.0186999068
v 0.0546576157 0.0231329147 -0.0225000009
v 0.0579875931 0.0258562881 -0.01870008
v 0.0585105047 0.025607368 -0.0187000688
v 0.0547106154 0.0271362327 -0.0186997391
v 0.0522875302 0.0238861777 -0.0225000009
v 0.05301762 0.0276225097 -0.0186999347
v 0.0498309396 0.0244008712 -0.0225000009
v 0.0522562936 0.0278048348 -0.0187000223
v 0.0523496903 0.0277836546 -0.0187000129
v 0.047531493 0.0284588225 -0.018699782
v 0.0485635363 0.0283844732 -0.0186998118
v 0.0473211072 0.0246646162 -0.0225000009
v 0.0487532616 0.028366698 -0.0186998304
v 0.0505072735 0.0281413309 -0.0187000278
v 0.0469960459 0.0284825899 -0.0186998267
v 0.0447894894 0.0246699993 -0.0225000009
v 0.0452373438 0.0284897946 -0.018700026
v 0.0418034568 0.0281893425 -0.0186998267
v 0.0427000634 0.0283083096 -0.018699944
v 0.0422717147 0.0244168825 -0.0225000009
v 0.0434788242 0.0283882674 -0.018700026
v 0.0447309986 0.0284717344 -0.0187000558
v 0.0409402549 0.0280472636 -0.0186997596
v 0.0398020633 0.0239096917 -0.0225000009
v 0.0392115265 0.0276797153 -0.0186999179
v 0.0375150777 0.0272076484 -0.0187000595
v 0.0374127291 0.0231592171 -0.0225000009
v 0.0361634046 0.0267486703 -0.0186999943
v 0.0342249237 0.0259537585 -0.0186999422
v 0.0358523279 0.0266322121 -0.0186999645
v -0.0245453678 0.0186998285 0.0144836092
v -0.0214699842 0.0225000009 0.0122118685
v -0.0216365121 0.0225000009 0.0119143305
v 0.01040769 0.0186999403 0.0265316796
v 0.00858733803 0.0225000009 0.0231591929
v 0.00983659551 0.0186999943 0.0267486703
v 0.00874214992 0.0187000595 0.0271260906
v 0.00619796291 0.0225000009 0.0239096861
v 0.00809581578 0.0187000483 0.0273259543
v 0.0035937652 0.0186999049 0.0282725114
v 0.00446676835 0.0186997969 0.0281477887
v 0.00372828916 0.0225000009 0.0244168863
v 0.00533345342 0.0186997633 0.0279965047
v 0.00705012307 0.0186999515 0.0276142322
v 0.00281589106 0.0186999999 0.0283605494
v 0.00121054042 0.0225000009 0.0246699974
v 0.00103887904 0.0187000446 0.0284810588
v -0.00248774886 0.0186998043 0.028391216
v -0.00153147068 0.018699782 0.0284588225
v -0.00132110354 0.0225000009 0.0246646181
v -0.000729523716 0.0186998565 0.0284906607
v 0.00076157588 0.018700026 0.0284898225
v -0.00295659527 0.0186998527 0.0283462256
v -0.003830906 0.0225000009 0.0244008768
v -0.00423417985 0.0187000055 0.0281837136
v -0.00596716255 0.0187000427 0.0278683156
v -0.00628751516 0.0225000009 0.0238861814
v -0.00673032552 0.018699972 0.0276939105
v -0.00844705477 0.018699754 0.0272194277
v -0.00865763798 0.0225000009 0.0231329054
v -0.0098798722 0.0186998285 0.0267327167
v -0.0133244433 0.0186999775 0.0251934342
v -0.0125105008 0.0187000688 0.025607368
v -0.0109147057 0.0225000009 0.0221573543
v -0.0117451437 0.0187000707 0.0259673167
v -0.0101189502 0.0186998658 0.0266431384
v -0.0135605671 0.0186999384 0.0250671301
v -0.0130615793 0.0225000009 0.020963883
v -0.0148553327 0.0186997019 0.0243221931
v -0.0155177675 0.0186996739 0.0239049979
v -0.0148512535 0.0225000009 0.0197362714
v -0.0167107619 0.0186998788 0.0230868012
v -0.0196783803 0.018699903 0.0206158012
v -0.019437585 0.0186999533 0.0208429918
v -0.0167728402 0.0225000009 0.0181316193
v -0.0183675624 0.0187000819 0.0217918046
v -0.0169806667 0.0186999347 0.0228890143
v -0.0209124945 0.0186997335 0.0193627868
v -0.0185335614 0.0225000009 0.0163276494
v -0.021455843 0.0186998043 0.0187589135
v -0.0201064087 0.0225000009 0.0143460371
v -0.0225556977 0.0187000223 0.0174209774
v -0.0220687054 0.0186999347 0.0180339199
v -0.024262581 0.0186998937 0.0149525022
v -0.023599837 0.0187000297 0.0159780383
v -0.0232388116 0.0187000614 0.0164987184
v -0.0227386169 0.0225000009 0.00964528508
v -0.026003819 0.0186999943 0.0116641121
v -0.0253930353 0.0186998304 0.0129400101
v -0.0273017995 0.0186998416 0.00817689952
v -0.0270506479 0.0186999459 0.00897287391
v -0.0235995539 0.0225000009 0.00729015237
v -0.0267939903 0.018700026 0.00971246324
v -0.0261428244 0.018700026 0.0113491304
v -0.0275577866 0.0186997708 0.00726762274
v -0.02421261 0.0225000009 0.00488209911
v -0.0279552676 0.0186999217 0.00554552954
v -0.0281344019 0.018700026 0.00455030426
v -0.0245778076 0.0225000009 0.00245175697
v -0.0282443799 0.0187000576 0.00380852167
v -0.0285000019 0.0186999999 4.51028104e-17
v -0.0284984522 0.018699944 0.000296712067
v -0.0246999972 0.0225000009 6.68900091e-09
v -0.0284255706 0.0186999664 0.00205836981
v -0.0283504091 0.0187000334 0.00291618449
v -0.000996045885 0.0186998267 -0.0284825899
v -0.00153148931 0.018699782 -0.0284588225
v -0.00132106629 0.0225000009 -0.0246646218
v -0.028444346 0.0186999422 -0.00178022415
v -0.0245778002 0.0225000009 -0.00245178794
v -0.0283504091 0.0187000334 -0.00291618775
v -0.0242126025 0.0225000009 -0.00488211028
v -0.0282421745 0.0187000576 -0.00382485078
v -0.0282791741 0.0187000576 -0.00354092452
v -0.0272000246 0.0186998844 -0.00850932114
v -0.0274733715 0.0186997838 -0.0075804987
v -0.0235995539 0.0225000009 -0.00729016494
v -0.0276274569 0.0186997727 -0.00699810544
v -0.0280064978 0.0186999533 -0.00528071914
v -0.0227385871 0.0225000009 -0.00964537542
v -0.0268934257 0.0186999999 -0.00943364389
v -0.0271423794 0.0186999086 -0.00869144406
v -0.0244674422 0.0186998453 -0.0146148661
v -0.0246797986 0.0186998025 -0.0142533323
v -0.0214700438 0.0225000009 -0.0122117847
v -0.0255129896 0.0186998602 -0.012701869
v -0.0216364972 0.0225000009 -0.0119143743
v -0.026207488 0.0187000372 -0.0111989938
v -0.0262516476 0.0187000427 -0.0110950936
v -0.0237536617 0.0187000055 -0.0157484431
v -0.0201064907 0.0225000009 -0.0143459151
v -0.0232389085 0.0187000614 -0.0164985787
v -0.0185336284 0.0225000009 -0.016327573
v -0.0222548358 0.018699972 -0.0178037193
v -0.0227354281 0.0187000446 -0.0171857625
v -0.0196987726 0.0186998993 -0.0205963161
v -0.0198704116 0.0186998621 -0.0204307791
v -0.0167729519 0.0225000009 -0.0181315262
v -0.0210992806 0.0186997484 -0.0191590786
v -0.0214559324 0.0186998043 -0.0187588092
v -0.016756434 0.0186998881 -0.0230536722
v -0.0172018297 0.0186999775 -0.0227232687
v -0.014851328 0.0225000009 -0.0197362229
v -0.0185706504 0.0187000725 -0.0216189958
v -0.0194376446 0.0186999533 -0.0208429359
v -0.0157652348 0.0186996982 -0.0237425212
v -0.0130615495 0.0225000009 -0.0209639035
v -0.0151071735 0.0186996758 -0.0241665747
v -0.0135681294 0.0186999366 -0.0250630379
v -0.0109147504 0.0225000009 -0.0221573245
v -0.0125105754 0.0187000688 -0.0256073326
v -0.011987593 0.01870008 -0.0258562881
v -0.00865765661 0.0225000009 -0.0231328961
v -0.0103677921 0.0186999068 -0.0265472941
v -0.00628750399 0.0225000009 -0.0238861889
v -0.00871061534 0.0186997391 -0.0271362327
v -0.0100209638 0.0186998509 -0.0266801491
v -0.00634969026 0.0187000129 -0.0277836546
v -0.00625629351 0.0187000223 -0.0278048348
v -0.0038308464 0.0225000009 -0.024400888
v -0.00701761991 0.0186999347 -0.0276225097
v -0.0071592778 0.0186999161 -0.0275861323
v -0.00256353617 0.0186998118 -0.0283844732
v -0.00275326148 0.0186998304 -0.028366698
v -0.00450727344 0.0187000278 -0.0281413309
v 0.000762656215 0.018700026 -0.0284897946
v 0.00121052924 0.0225000009 -0.0246699974
v 0.00133158627 0.0187000576 -0.0284688752
v 0.00252117589 0.018700026 -0.0283882674
v 0.00372829288 0.0225000009 -0.0244168844
v 0.00329993665 0.018699944 -0.0283083096
v 0.00619792193 0.0225000009 -0.0239096973
v 0.00505974516 0.0186997596 -0.0280472636
v 0.00419656932 0.0186998267 -0.0281893387
v 0.00858731195 0.0225000009 -0.0231592022
v 0.00848492235 0.0187000595 -0.0272076484
v 0.00678847358 0.0186999179 -0.0276797153
v 0.00983663648 0.0186999943 -0.0267486554
v 0.00879627094 0.0187000595 -0.0271085892
v 0.0117750764 0.0186999422 -0.0259537585
v 0.0101476721 0.0186999645 -0.0266322121
v -0.0285000019 -0.0167001393 4.85722573e-17
v -0.0247001387 -0.0205000006 -6.68880196e-09
v -0.028444346 -0.0167001747 0.00178022461
v -0.0245734565 -0.0205000006 0.0024962984
v -0.0241951235 -0.0205000006 0.0049687461
v -0.0282791741 -0.0167000871 0.00354092498
v -0.0283540748 -0.0167001057 0.00288033788
v -0.0271423794 -0.0167001951 0.00869144499
v -0.0273017995 -0.0167002585 0.00817689952
v -0.0235669129 -0.0205000006 0.00739538297
v -0.0276274569 -0.0167003293 0.00699810591
v -0.0280064978 -0.0167001765 0.00528072007
v -0.0268934257 -0.0167001095 0.00943365041
v -0.0226977505 -0.0205000006 0.00974141434
v -0.0262516402 -0.0167000722 0.0110951001
v -0.0246797986 -0.0167002995 0.0142533388
v -0.0249176063 -0.0167003293 0.0138333971
v -0.0215953849 -0.0205000006 0.011988963
v -0.0255129822 -0.016700251 0.0127018765
v -0.026003819 -0.0167001206 0.0116641121
v -0.024262581 -0.01670021 0.0149525022
v -0.0202712901 -0.0205000006 0.0141123235
v -0.0237536617 -0.0167000983 0.0157484487
v -0.0221077614 -0.0167001337 0.0179860145
v -0.0222548209 -0.0167001095 0.0178037304
v -0.018739339 -0.0205000006 0.0160911474
v -0.0227354206 -0.0167000499 0.01718577
v -0.023390051 -0.0167000499 0.0162835978
v -0.0195761062 -0.016700156 0.0207129419
v -0.0198704042 -0.0167002063 0.0204307903
v -0.0170118846 -0.0205000006 0.0179077219
v -0.0210992731 -0.0167002995 0.0191590898
v -0.0216223039 -0.016700225 0.0185667984
v -0.0185706355 -0.0167000294 0.0216190051
v -0.015113011 -0.0205000006 0.0195366405
v -0.0172018223 -0.0167000834 0.0227232799
v -0.0130616501 -0.0205000006 0.0209639315
v -0.0157652199 -0.016700279 0.0237425324
v -0.0167107619 -0.0167001523 0.0230868012
v -0.0108736828 -0.0205000006 0.0221775714
v -0.0135681145 -0.0167001039 0.0250630453
v -0.0151071586 -0.0167002939 0.0241665822
v -0.0101792254 -0.0167001709 0.0266201682
v -0.0103677772 -0.0167001467 0.0265472997
v -0.00857291743 -0.0205000006 0.0231645014
v -0.0119875781 -0.0167000014 0.0258562937
v -0.0125465915 -0.0167000089 0.0255897064
v -0.00871060044 -0.016700279 0.0271362383
v -0.00618159026 -0.0205000006 0.0239138454
v -0.00701760501 -0.0167000964 0.0276225135
v -0.00373127311 -0.0205000006 0.0244163536
v -0.0062562786 -0.0167000182 0.0278048366
v -0.00662436709 -0.0167000517 0.0277194474
v -0.00142688688 -0.0167002436 0.0284642577
v -0.00275324658 -0.01670021 0.0283666998
v -0.00123671826 -0.0205000006 0.0246690102
v -0.00295659527 -0.0167001877 0.0283462256
v -0.00450725853 -0.0167000182 0.0281413328
v 0.00252119079 -0.016699994 0.0283882655
v 0.00145918864 -0.0166999698 0.0284626205
v 0.0012645981 -0.0205000006 0.0246672966
v 0.000762671116 -0.016700007 0.0284897927
v -0.000996030984 -0.0167002045 0.0284825899
v 0.00329995155 -0.0167000629 0.0283083078
v 0.00375574827 -0.0205000006 0.0244126916
v 0.00446676835 -0.0167001914 0.0281477887
v 0.00505976379 -0.016700225 0.0280472599
v 0.0062099807 -0.0205000006 0.0239065718
v 0.0067884922 -0.0167000908 0.0276797116
v 0.0101476908 -0.0167000256 0.0266322047
v 0.00991890579 -0.0167000107 0.0267182589
v 0.00859633461 -0.0205000006 0.0231558569
v 0.00848494098 -0.016699966 0.0272076428
v 0.00809581578 -0.0166999772 0.0273259543
v 0.0117751025 -0.0167000405 0.0259537455
v 0.0104076788 -0.0167000424 -0.0265316833
v 0.00859635323 -0.0205000006 -0.0231558494
v 0.00620997325 -0.0205000006 -0.0239065718
v 0.00874213874 -0.0166999642 -0.0271260943
v 0.00991887227 -0.0167000107 -0.02671827
v 0.00433348492 -0.0167001765 -0.028168615
v 0.00507858023 -0.0167002212 -0.0280438587
v 0.00375572592 -0.0205000006 -0.0244126935
v 0.00533344224 -0.0167002175 -0.0279965065
v 0.00705011189 -0.016700061 -0.027614234
v 0.00103885669 -0.0166999884 -0.0284810606
v 0.0012690014 -0.0166999772 -0.0284717344
v 0.00126459065 -0.0205000006 -0.0246672984
v 0.00281587243 -0.0167000163 -0.0283605512
v 0.0035937503 -0.0167000946 -0.0282725114
v -0.000729546067 -0.0167001728 -0.0284906607
v -0.00123672199 -0.0205000006 -0.0246690102
v -0.00142698374 -0.0167002399 -0.028464254
v -0.00248777121 -0.0167002287 -0.0283912141
v -0.00373126939 -0.0205000006 -0.0244163517
v -0.00423420221 -0.0167000405 -0.0281837098
v -0.0059671849 -0.0166999996 -0.02786831
v -0.00618167967 -0.0205000006 -0.0239138193
v -0.00634969026 -0.0167000256 -0.0277836546
v -0.00857298449 -0.0205000006 -0.0231644772
v -0.00844708458 -0.0167002603 -0.0272194184
v -0.00673035532 -0.0167000629 -0.0276939031
v -0.01011898 -0.0167001765 -0.0266431272
v -0.0100209638 -0.0167001896 -0.0266801491
v -0.00989184529 -0.0167002045 -0.0267282873
v -0.0117451735 -0.0167000107 -0.0259673037
v -0.0108736716 -0.0205000006 -0.0221775863
v -0.0125466175 -0.0167000089 -0.0255896933
v -0.0130616166 -0.0205000006 -0.0209639501
v -0.0135109238 -0.0167000946 -0.0250939224
v -0.0133244731 -0.0167000722 -0.0251934193
v -0.016980689 -0.0167001132 -0.0228889957
v -0.016756434 -0.0167001449 -0.0230536722
v -0.0151130483 -0.0205000006 -0.0195366032
v -0.0155177936 -0.0167002957 -0.0239049811
v -0.0148553662 -0.0167002752 -0.0243221745
v -0.0170118771 -0.0205000006 -0.0179077219
v -0.0183675848 -0.0167000201 -0.0217917841
v -0.0174381845 -0.0167000573 -0.0225423947
v -0.0187392943 -0.0205000006 -0.0160912108
v -0.0209125169 -0.0167003125 -0.0193627626
v -0.0196784027 -0.0167001728 -0.0206157789
v -0.0222847052 -0.0167001039 -0.0177663136
v -0.0225557201 -0.0167000666 -0.0174209531
v -0.0202712528 -0.0205000006 -0.0141123841
v -0.0220687278 -0.0167001411 -0.0180338938
v -0.0216223411 -0.0167002231 -0.0185667519
v -0.0249176286 -0.0167003255 -0.0138333607
v -0.0245453827 -0.0167002715 -0.0144835822
v -0.0215953775 -0.0205000006 -0.0119889928
v -0.0244674422 -0.0167002548 -0.0146148661
v -0.0235998519 -0.0167000741 -0.0159780122
v -0.0253930502 -0.0167002771 -0.0129399812
v -0.0226977952 -0.0205000006 -0.00974130072
v -0.0261428393 -0.0167000908 -0.0113491006
v -0.0274733715 -0.0167003125 -0.0075804987
v -0.0270506553 -0.0167001579 -0.00897284411
v -0.023566965 -0.0205000006 -0.00739521068
v -0.0267940052 -0.0167000853 -0.00971243251
v -0.026207488 -0.0167000797 -0.0111989938
v -0.027557794 -0.0167003274 -0.00726759154
v -0.0241951458 -0.0205000006 -0.00496865949
v -0.0279174037 -0.016700225 -0.00573311979
v -0.0245734714 -0.0205000006 -0.00249620294
v -0.0282443874 -0.0167000871 -0.00380848814
v -0.027955275 -0.0167002045 -0.00554549741
v -0.0284984522 -0.0167001802 -0.000296668237
v -0.0284255706 -0.016700156 -0.00205833325
v -0.0283540897 -0.0167001057 -0.00288021215
vn -0.1374742 -0.6846649 0.7157757
vn -0.1449338 -0.6814812 0.7173406
vn -0.1035389 -0.6896106 0.7167405
vn -0.2761934 -0.6398178 0.7171822
vn -0.2488637 -0.6573612 0.7112968
vn -0.2862743 -0.6411972 0.7119784
vn -0.274854 -0.6521949 0.706468
vn -0.2818715 -0.6467051 0.7087461
vn -0.2923068 -0.6438773 0.7070917
vn -0.2632741 -0.6483881 0.7143386
vn -0.2457405 -0.6561996 0.713452
vn -0.2216409 -0.6635968 0.714503
vn -0.2088112 -0.6645505 0.7174752
vn -0.1850934 -0.6754109 0.7138351
vn -0.1765378 -0.669879 0.7211772
vn -0.05710411 -0.6955854 0.7161704
vn -0.03778086 -0.7055361 0.7076661
vn -0.0737608 -0.6993559 0.7109576
vn 0.1253587 -0.709134 0.6938402
vn 0.1791165 -0.7179371 0.672669
vn 0.1044011 -0.7112098 0.6951842
vn 0.1303201 -0.7207854 0.6807973
vn 0.05563536 -0.7076129 0.7044066
vn 0.09547701 -0.7220261 0.6852463
vn 0.01683507 -0.7025262 0.7114588
vn 0.05667293 -0.7182637 0.6934592
vn -0.01755193 -0.7003613 0.7135728
vn 0.01753271 -0.7136775 0.700255
vn -0.008133551 -0.709096 0.705065
vn 0.2153107 -0.712999 0.6672882
vn 0.2190175 -0.7158852 0.6629779
vn 0.1801292 -0.715977 0.6744853
vn 0.1437844 -0.7135124 0.6857303
vn 0.2948411 -0.7071003 0.6427114
vn 0.2848245 -0.7078379 0.646406
vn 0.287736 -0.7075782 0.6453998
vn 0.2901807 -0.7082965 0.6435148
vn 0.2683122 -0.7105182 0.650517
vn 0.2696832 -0.7127209 0.6475337
vn 0.2373071 -0.711762 0.6611204
vn 0.2564665 -0.7157779 0.6495283
vn 0.2424265 -0.7150129 0.6557332
vn -0.2842194 -0.6468861 -0.7076423
vn -0.2862471 -0.6464493 -0.707224
vn -0.2902785 -0.6448961 -0.7069989
vn -0.2863108 -0.6459607 -0.7076446
vn -0.276723 -0.6508491 -0.7069794
vn -0.2687103 -0.6528091 -0.7082618
vn -0.2588592 -0.657425 -0.707661
vn -0.2447332 -0.6612528 -0.7091194
vn -0.2427471 -0.6627631 -0.7083917
vn -0.2241618 -0.6691364 -0.7085252
vn -0.2215531 -0.6696911 -0.7088215
vn -0.1998286 -0.6755913 -0.7096794
vn -0.1945912 -0.6768242 -0.70996
vn -0.1632729 -0.6845413 -0.7104542
vn -0.1676877 -0.6827334 -0.7111652
vn -0.1313104 -0.692411 -0.7094536
vn -0.1447535 -0.6872516 -0.7118509
vn -0.09536009 -0.698275 -0.7094494
vn -0.1276488 -0.6907907 -0.7116979
vn -0.1015558 -0.6948202 -0.7119769
vn -0.03983929 -0.7044665 -0.7086183
vn -0.06812718 -0.7002228 -0.7106664
vn 0.06638067 -0.7122148 -0.6988159
vn 0.1217124 -0.7143671 -0.689105
vn 0.1157013 -0.7126514 -0.6919113
vn 0.1668564 -0.7116026 -0.6824813
vn 0.1543364 -0.7125329 -0.6844537
vn -0.01782517 -0.7073461 -0.7066425
vn 0.02304222 -0.7100077 -0.7038169
vn 0.02233767 -0.7096327 -0.7042176
vn 0.06367105 -0.7128985 -0.6983707
vn 0.09305605 -0.7146257 -0.6932898
vn 0.279548 -0.7080695 -0.6484523
vn 0.2844562 -0.707945 -0.6464506
vn 0.2566563 -0.7091835 -0.6566478
vn 0.1932176 -0.7117676 -0.6753175
vn 0.2155017 -0.7095733 -0.6708686
vn 0.2271513 -0.7101455 -0.666405
vn 0.2467207 -0.708715 -0.6609478
vn 0.2658208 -0.7086614 -0.653558
vn 0.2930527 -0.7070742 -0.6435575
vn 0.2852601 -0.7077492 -0.6463109
vn 0.2869475 -0.7070478 -0.6463315
vn -0.2874951 0.6450515 -0.7079937
vn -0.2708638 0.6628056 -0.6980842
vn -0.2561246 0.6570063 -0.7090436
vn -0.2355634 0.6699802 -0.7040145
vn -0.2110098 0.6757408 -0.7062927
vn -0.1684426 0.6890222 -0.704894
vn -0.1610501 0.6891832 -0.7064626
vn -0.1198803 0.699438 -0.7045674
vn -0.09033602 0.7041696 -0.7042618
vn -0.08315566 0.7029515 -0.7063599
vn -0.006930437 0.7107406 -0.70342
vn -0.03050225 0.7112521 -0.7022749
vn -0.05492785 0.7129133 -0.6990976
vn 0.07504598 0.7117356 -0.6984273
vn 0.05514957 0.7137432 -0.6982329
vn 0.02793538 0.7172472 -0.6962586
vn 0.164221 0.7084755 -0.6863627
vn 0.1431523 0.7099177 -0.6895826
vn 0.1569936 0.7116964 -0.6847198
vn 0.1179333 0.7131597 -0.6910101
vn 0.08865388 0.7100447 -0.6985536
vn 0.2371185 0.707442 -0.6658082
vn 0.2184548 0.7083688 -0.6711863
vn 0.228593 0.7101831 -0.6658718
vn 0.1996538 0.7117909 -0.6734183
vn 0.1817198 0.7108158 -0.6794989
vn 0.2545188 0.7112616 -0.6552306
vn 0.2817598 0.7059787 -0.6497734
vn 0.267208 0.7110463 -0.6503946
vn 0.2827967 0.7058957 -0.649413
vn 0.2770679 0.7067931 -0.6509046
vn 0.2010773 0.6978725 -0.6874167
vn 0.2301311 0.7068433 -0.6688889
vn 0.2269914 0.7034408 -0.6735324
vn 0.2619334 0.7015954 -0.6626875
vn 0.2801983 0.7061657 -0.6502452
vn 0.2875958 0.7084161 -0.6445426
vn 0.2838189 0.7078415 -0.6468442
vn 0.1776883 0.7019566 -0.6896984
vn 0.1525851 0.7029264 -0.6947029
vn 0.1415574 0.7055157 -0.6944128
vn 0.02787494 0.6863878 -0.7267013
vn 0.05536291 0.7041689 -0.7078709
vn 0.06825124 0.7014852 -0.7094085
vn 0.09648231 0.6970496 -0.710502
vn 0.1101041 0.6822577 -0.7227735
vn 0.01521863 0.6940657 -0.7197506
vn -0.01821485 0.6996832 -0.7142209
vn -0.03189612 0.7014642 -0.7119907
vn -0.06629316 0.6939864 -0.7169297
vn -0.09760186 0.6926209 -0.7146678
vn -0.1054655 0.695812 -0.7104384
vn -0.173855 0.6802569 -0.7120568
vn -0.1388062 0.6799563 -0.7199947
vn -0.126808 0.6833628 -0.718982
vn -0.2562397 0.6560377 -0.7098984
vn -0.2413317 0.6647054 -0.7070543
vn -0.2405995 0.661114 -0.7106617
vn -0.2104693 0.6679761 -0.7138001
vn -0.1756651 0.6836705 -0.7083336
vn -0.2732168 0.6537557 -0.7056599
vn -0.2725718 0.6501757 -0.7092081
vn -0.2706023 0.639707 -0.719409
vn -0.278672 0.6496645 -0.7073033
vn 0.2842717 0.7076426 0.6468629
vn 0.2864055 0.707201 0.6464044
vn 0.2906152 0.706964 0.6447827
vn 0.2869538 0.7075373 0.645793
vn 0.2806662 0.7071792 0.6489407
vn 0.272219 0.7074051 0.6522843
vn 0.2718753 0.7074388 0.6523912
vn 0.2589943 0.707389 0.6576645
vn 0.2594685 0.7076342 0.6572138
vn 0.2445755 0.7080676 0.6624373
vn 0.2431666 0.7083576 0.6626458
vn 0.226479 0.7081946 0.6687061
vn 0.223088 0.7084134 0.6696134
vn 0.20193 0.7092141 0.6754551
vn 0.2015551 0.7101609 0.6745718
vn 0.1694993 0.7103392 0.6831458
vn 0.1875646 0.7114445 0.677249
vn 0.1700059 0.7103852 0.682972
vn 0.1461027 0.7099245 0.6889566
vn 0.14762 0.7102701 0.6882766
vn 0.1282953 0.7103125 0.6920958
vn 0.1215452 0.7098039 0.6938336
vn 0.09863333 0.7106559 0.6965915
vn 0.08925236 0.7104201 0.6980955
vn 0.04176122 0.7065332 0.7064466
vn 0.05548475 0.711288 0.7007074
vn -0.0158352 0.7023977 0.7116086
vn 0.01696886 0.7094648 0.7045364
vn -0.2862585 0.6456906 0.7079121
vn -0.2592756 0.655667 0.7091382
vn -0.2800857 0.6483803 0.7079229
vn -0.02498555 0.7036999 0.7100579
vn -0.06296131 0.6988381 0.7125036
vn -0.06978645 0.6977861 0.7128986
vn -0.1021149 0.6943936 0.7123132
vn -0.1314677 0.687315 0.7143628
vn -0.1604231 0.6846262 0.7110214
vn -0.191348 0.6751975 0.7123864
vn -0.215626 0.6709216 0.7094854
vn -0.22971 0.6656181 0.7100605
vn -0.2470625 0.6609241 0.708618
vn -0.266061 0.6537672 0.7083784
vn -0.2931677 0.6435323 0.7070495
vn -0.2852933 0.6463377 0.7077114
vn -0.2873807 0.6461338 0.7070526
vn -0.2649194 0.6554881 0.707215
vn -0.2424272 0.6619447 0.7092659
vn -0.1765659 0.6820107 0.7097083
vn -0.2134002 0.6737429 0.707482
vn -0.2408478 0.6647928 0.707137
vn -0.1058376 0.6991548 0.7070933
vn -0.1226243 0.6958187 0.7076719
vn -0.1063271 0.6960977 0.71003
vn -0.1407816 0.6919253 0.7081102
vn -0.1746472 0.6851805 0.7071251
vn -0.01579125 0.7063456 0.707691
vn -0.03946392 0.7060899 0.7070217
vn -0.03419357 0.7036598 0.7097139
vn -0.06587909 0.703038 0.7080943
vn -0.08746105 0.7008168 0.7079593
vn 0.01170693 0.7062513 0.7078645
vn 0.03747411 0.7035005 0.7097061
vn 0.03899238 0.706049 0.7070886
vn 0.06677442 0.7033529 0.7076976
vn 0.1090215 0.6960089 0.7097084
vn 0.1046016 0.6992442 0.7071888
vn 0.1405298 0.691967 0.7081195
vn 0.1791732 0.6811245 0.7099059
vn 0.1568626 0.6881681 0.7083917
vn 0.2469299 0.6598567 0.7096581
vn 0.208516 0.6755504 0.7072147
vn 0.1746628 0.6852838 0.7070212
vn 0.2605913 0.6571754 0.7072572
vn 0.2482787 0.6620842 0.7071084
vn 0.2370109 0.6660937 0.7072093
vn 0.2858998 0.6461094 0.7076749
vn 0.3112182 0.6319641 0.7097638
vn 0.3106918 0.6351542 0.7071419
vn 0.3715727 0.5991959 0.709153
vn 0.3417777 0.617698 0.7082635
vn 0.3270599 0.6262177 0.7077311
vn 0.4284552 0.5627193 0.7069463
vn 0.4086609 0.5761554 0.7078426
vn 0.4252389 0.5622855 0.7092298
vn 0.3889254 0.5898185 0.7077084
vn 0.3641781 0.6058794 0.7073079
vn 0.4540843 0.5418227 0.7072734
vn 0.4788288 0.5168638 0.7096301
vn 0.4774984 0.52163 0.7070343
vn 0.544714 0.4489607 0.7083226
vn 0.5329028 0.4647498 0.7071226
vn 0.5284638 0.4658916 0.7096978
vn 0.5138516 0.4846054 0.7078942
vn 0.4945224 0.5043887 0.7078415
vn 0.5736756 0.4089251 0.7097017
vn 0.5747703 0.4118595 0.7071145
vn 0.5597839 0.4289589 0.7089684
vn 0.55132 0.4380208 0.7100592
vn 0.5884625 0.3901057 0.7081875
vn 0.6067067 0.3616911 0.7078746
vn 0.6011048 0.3702244 0.7082422
vn 0.6139616 0.3514963 0.7067541
vn 0.6253947 0.3281372 0.7079599
vn 0.6302292 0.3203054 0.7072592
vn 0.6484197 0.2753847 0.7097288
vn 0.6441878 0.2907334 0.7074575
vn 0.6795995 0.1936578 0.7075601
vn 0.6719561 0.2193258 0.7073692
vn 0.6728373 0.2079626 0.7099588
vn 0.6624502 0.2448228 0.7079699
vn 0.6536716 0.2698215 0.7070431
vn 0.684403 0.1731311 0.70825
vn 0.690639 0.1393224 0.7096529
vn 0.6906999 0.150948 0.7072116
vn 0.70112 0.06980185 0.7096184
vn 0.6995078 0.09974272 0.70763
vn 0.6953213 0.1281386 0.7071837
vn 0.7070773 -0.009068653 0.7070782
vn 0.7064986 0.01682627 0.7075143
vn 0.7047795 0.0001970729 0.7094264
vn 0.7050556 0.04504023 0.7077203
vn 0.7033284 0.0726398 0.7071439
vn -0.1113861 -0.6979454 0.7074357
vn -0.09665529 -0.7004494 0.7071269
vn -0.09907889 -0.6971406 0.7100551
vn 0.6720441 -0.219124 0.7073481
vn 0.6751611 -0.2101427 0.707105
vn 0.6728046 -0.2080866 0.7099535
vn 0.7056412 -0.04013513 0.7074318
vn 0.7009114 -0.069925 0.7098125
vn 0.7037065 -0.0692767 0.7071054
vn 0.6904733 -0.139337 0.709811
vn 0.6970322 -0.1104968 0.7084749
vn 0.7002348 -0.0908481 0.7081087
vn 0.6787727 -0.1973521 0.7073328
vn 0.6858087 -0.1708864 0.707435
vn 0.6938326 -0.1366831 0.7070461
vn 0.6646428 -0.2394637 0.707748
vn 0.6484407 -0.2750753 0.7098298
vn 0.6540405 -0.2686403 0.7071516
vn 0.6108756 -0.3549761 0.7076885
vn 0.6212034 -0.3378493 0.7070814
vn 0.616817 -0.3396466 0.7100542
vn 0.6322601 -0.3143395 0.7081227
vn 0.6428452 -0.2926895 0.7078722
vn 0.6003037 -0.3708936 0.7085714
vn 0.5787686 -0.4010471 0.710062
vn 0.590522 -0.3876566 0.7078178
vn 0.534784 -0.4583994 0.7098423
vn 0.5374491 -0.4595191 0.7071003
vn 0.5467343 -0.4475249 0.7076744
vn 0.5532404 -0.4375867 0.7088321
vn 0.5640101 -0.4242032 0.7084802
vn 0.5796259 -0.4050157 0.707104
vn 0.5191721 -0.4790934 0.707764
vn 0.4857498 -0.5102354 0.7097232
vn 0.4990211 -0.5003598 0.7075436
vn 0.4322657 -0.5566215 0.7094497
vn 0.4603053 -0.5359817 0.7077025
vn 0.481404 -0.5178527 0.7071624
vn 0.4100331 -0.5740499 0.7087591
vn 0.4253331 -0.5646247 0.7073123
vn 0.4391789 -0.5540898 0.7071821
vn 0.3933866 -0.5861728 0.7082714
vn 0.3779912 -0.5952926 0.7090482
vn 0.3691961 -0.6028113 0.7073279
vn 0.3415214 -0.6185368 0.7076549
vn 0.3177773 -0.628841 0.7096313
vn 0.3169777 -0.6320429 0.7071399
vn 0.2921198 -0.6433479 0.7076507
vn 0.2536054 -0.6573305 0.7096484
vn 0.2661634 -0.6549773 0.7072212
vn 0.1740023 -0.6849339 0.707523
vn 0.1898461 -0.681205 0.707049
vn 0.186131 -0.6791624 0.7099955
vn 0.2175113 -0.6723874 0.7075196
vn 0.2445578 -0.6633958 0.7071757
vn 0.1163093 -0.6947198 0.7098144
vn 0.1126641 -0.6980075 0.7071721
vn 0.1475486 -0.6905247 0.7080996
vn 0.1638446 -0.68654 0.7083909
vn 0.08106621 -0.7011518 0.7083887
vn 0.04470212 -0.7029648 0.7098183
vn 0.0643518 -0.7033601 0.7079148
vn -0.02690451 -0.7040101 0.7096802
vn 0.01854559 -0.7061235 0.7078457
vn 0.04585364 -0.7056387 0.7070866
vn -0.08018597 -0.7016795 0.7079661
vn -0.0574743 -0.7039562 0.7079142
vn -0.0181503 -0.7066533 0.7073271
vn -0.132239 -0.6938385 0.7078849
vn -0.1694599 -0.6837034 0.7098121
vn -0.1657452 -0.6873806 0.7071326
vn -0.196023 -0.6778089 0.7086254
vn -0.2371801 -0.6636829 0.7094158
vn -0.2131674 -0.672509 0.7087252
vn -0.2832825 -0.6474362 0.707515
vn -0.2585027 -0.6576278 0.707603
vn -0.2341333 -0.6671787 0.707145
vn 0.61256 -0.3536368 -0.7069025
vn 0.6066517 -0.3616684 -0.7079334
vn 0.6257427 -0.3279989 -0.7077165
vn -0.2649201 -0.6554864 -0.7072164
vn -0.2424262 -0.6619447 -0.7092663
vn -0.2408465 -0.6647893 -0.7071409
vn -0.2183779 -0.6710273 -0.7085431
vn -0.1765118 -0.6819033 -0.7098249
vn -0.1991114 -0.6772426 -0.7083057
vn -0.08902583 -0.7007462 -0.7078342
vn -0.111045 -0.6982991 -0.7071403
vn -0.1063299 -0.6961096 -0.7100179
vn -0.13752 -0.692984 -0.7077156
vn -0.1706448 -0.6861445 -0.7071676
vn -0.06469306 -0.7033486 -0.7078951
vn -0.03421614 -0.7036535 -0.7097189
vn -0.03454731 -0.7064328 -0.7069365
vn 0.05944882 -0.7035363 -0.7081684
vn 0.03899129 -0.7060495 -0.7070883
vn 0.0372891 -0.7033648 -0.7098504
vn 0.01304455 -0.7058941 -0.7081972
vn -0.01062909 -0.7058504 -0.708281
vn 0.07746201 -0.7014002 -0.7085461
vn 0.1091823 -0.6957638 -0.709924
vn 0.1075172 -0.6988688 -0.7071226
vn 0.1426438 -0.6918522 -0.7078089
vn 0.1791736 -0.6811348 -0.7098958
vn 0.1721468 -0.6857426 -0.7071934
vn 0.2085153 -0.6755501 -0.7072152
vn 0.2469302 -0.6598579 -0.709657
vn 0.2376223 -0.6658783 -0.7072069
vn 0.3273758 -0.626015 -0.7077643
vn 0.3106935 -0.635151 -0.7071441
vn 0.3111817 -0.6319552 -0.7097877
vn 0.2858995 -0.6461087 -0.7076758
vn 0.2597253 -0.6575235 -0.7072522
vn 0.3423393 -0.617355 -0.7082913
vn 0.3715828 -0.5991523 -0.7091847
vn 0.3644846 -0.6057081 -0.7072967
vn 0.3886574 -0.5899202 -0.7077709
vn 0.4252351 -0.5622746 -0.7092407
vn 0.4079796 -0.5765141 -0.7079435
vn 0.4945213 -0.5043904 -0.7078412
vn 0.4774971 -0.5216314 -0.7070341
vn 0.4788284 -0.5168641 -0.70963
vn 0.4540849 -0.5418237 -0.7072722
vn 0.4281666 -0.5629214 -0.7069603
vn 0.5138527 -0.4846024 -0.7078954
vn 0.5284738 -0.4658957 -0.7096878
vn 0.5329041 -0.4647453 -0.7071244
vn 0.5736755 -0.4089263 -0.7097012
vn 0.5590199 -0.430548 -0.7086079
vn 0.5463328 -0.4464101 -0.7086878
vn 0.5975591 -0.3743193 -0.7090897
vn 0.5870089 -0.3914053 -0.7086765
vn 0.5747705 -0.411857 -0.7071158
vn 0.6485124 -0.2757459 -0.7095039
vn 0.6405431 -0.295938 -0.708608
vn 0.6288492 -0.3208731 -0.7082297
vn 0.6775695 -0.2018584 -0.7072148
vn 0.6706018 -0.2226606 -0.7076125
vn 0.6727861 -0.207947 -0.710012
vn 0.6622962 -0.2456747 -0.707819
vn 0.6520432 -0.2739469 -0.7069603
vn 0.6844625 -0.1755445 -0.7075982
vn 0.6905109 -0.1393936 -0.7097634
vn 0.6927318 -0.1420565 -0.7070662
vn 0.6964908 -0.1132976 -0.7085649
vn 0.7010796 -0.06973825 -0.7096646
vn 0.6993517 -0.09441055 -0.7085152
vn 0.7046762 -0.0001683534 -0.7095289
vn 0.7070775 0.009068025 -0.7070779
vn 0.7068678 -0.009172464 -0.7072862
vn 0.7051508 -0.02595779 -0.708582
vn 0.7042407 -0.0476648 -0.7083594
vn 0.7033283 -0.07263967 -0.707144
vn 0.7056412 0.04013936 -0.7074315
vn 0.7009265 0.0699699 -0.709793
vn 0.7037061 0.06928138 -0.7071052
vn 0.6905925 0.1392909 -0.7097042
vn 0.6984987 0.1019774 -0.7083079
vn 0.7012334 0.08608796 -0.707715
vn 0.6763242 0.2065411 -0.7070547
vn 0.6803907 0.189148 -0.7080194
vn 0.6727814 0.208088 -0.709975
vn 0.6860635 0.1676043 -0.7079729
vn 0.694523 0.1320471 -0.7072491
vn 0.649075 0.2768004 -0.7085782
vn 0.6646432 0.2394618 -0.7077482
vn 0.6720426 0.2191275 -0.7073485
vn 0.6030282 0.367494 -0.708029
vn 0.6164363 0.3467577 -0.7069408
vn 0.6080053 0.3609564 -0.7071351
vn 0.6315405 0.3126938 -0.7094921
vn 0.6271757 0.3291325 -0.7059196
vn 0.6440564 0.2877042 -0.7088143
vn 0.6552286 0.2657355 -0.7071494
vn 0.5902834 0.3872929 -0.7082159
vn 0.5733383 0.4088843 -0.7099978
vn 0.5767975 0.4089597 -0.7071468
vn 0.5283911 0.4664288 -0.709399
vn 0.549768 0.4426693 -0.7083778
vn 0.5630848 0.4261566 -0.7080439
vn 0.4835055 0.5160994 -0.7070106
vn 0.4993122 0.4985409 -0.7086214
vn 0.4791978 0.5169318 -0.7093313
vn 0.5167987 0.4810173 -0.7081959
vn 0.5351843 0.4620606 -0.7071617
vn 0.4592262 0.5374493 -0.7072902
vn 0.4254358 0.5619555 -0.7093733
vn 0.432657 0.559198 -0.7071814
vn 0.3712735 0.5991471 -0.7093509
vn 0.393279 0.5867817 -0.7078268
vn 0.4116355 0.5742444 -0.7076721
vn 0.3110682 0.632266 -0.7095606
vn 0.3397845 0.6198043 -0.7073819
vn 0.3697373 0.6028208 -0.7070372
vn 0.2427336 0.6641822 -0.7070661
vn 0.2653699 0.6547543 -0.7077256
vn 0.2472048 0.659869 -0.709551
vn 0.2899877 0.6440196 -0.7079165
vn 0.3137174 0.6337101 -0.7071018
vn 0.2140728 0.6737481 -0.7072739
vn 0.1790682 0.6812339 -0.7098273
vn 0.1802394 0.683851 -0.707009
vn 0.1092838 0.6959628 -0.7097132
vn 0.1453515 0.6909031 -0.7081849
vn 0.1605302 0.6877299 -0.7079956
vn 0.04109322 0.7059293 -0.7070892
vn 0.05907726 0.7036523 -0.7080842
vn 0.03702807 0.7036986 -0.7095331
vn 0.07693232 0.7017929 -0.7082147
vn 0.112054 0.6981333 -0.7071449
vn 0.01627528 0.7058679 -0.7081565
vn -0.03398314 0.7038559 -0.7095295
vn -0.01024516 0.7058312 -0.7083059
vn -0.1038915 0.6994204 -0.7071192
vn -0.08147497 0.7009116 -0.7085793
vn -0.1065124 0.6963367 -0.7097678
vn -0.06078186 0.7030848 -0.7085035
vn -0.03593646 0.7062067 -0.7070932
vn -0.1313496 0.6940765 -0.7078171
vn -0.1763515 0.6821881 -0.7095912
vn -0.1674748 0.686747 -0.7073406
vn -0.2088738 0.6753582 -0.7072929
vn -0.243448 0.6624569 -0.7084377
vn -0.241434 0.6601246 -0.7112982
vn -0.2827099 0.6471045 -0.7080472
vn -0.2514289 0.6492391 -0.7178246
vn -0.6125625 0.706901 0.3536358
vn -0.6066538 0.7079315 0.3616685
vn -0.6257449 0.7077155 0.3279973
vn 0.2649177 0.7072157 0.655488
vn 0.2424283 0.7092658 0.6619446
vn 0.2408452 0.7071385 0.6647922
vn 0.2183771 0.7085423 0.6710285
vn 0.1765126 0.7098249 0.6819032
vn 0.1991102 0.7083057 0.677243
vn 0.08902457 0.7078344 0.7007461
vn 0.1110455 0.7071417 0.6982976
vn 0.1063301 0.710018 0.6961095
vn 0.1375213 0.7077155 0.6929838
vn 0.1706452 0.7071676 0.6861445
vn 0.0646935 0.7078934 0.7033502
vn 0.03421554 0.7097189 0.7036536
vn 0.03454749 0.7069367 0.7064326
vn -0.05944814 0.7081643 0.7035405
vn -0.03899183 0.7070895 0.7060482
vn -0.03729116 0.7098506 0.7033644
vn -0.0130446 0.7081981 0.7058932
vn 0.0106301 0.7082816 0.7058498
vn -0.07746206 0.7085435 0.7014027
vn -0.1091836 0.7099242 0.6957632
vn -0.107517 0.7071229 0.6988686
vn -0.1426449 0.7078074 0.6918534
vn -0.1791726 0.7098954 0.6811355
vn -0.1721477 0.7071927 0.6857431
vn -0.2085143 0.7072164 0.6755492
vn -0.246928 0.7096568 0.6598589
vn -0.237627 0.7072006 0.6658834
vn -0.3273723 0.7077649 0.6260162
vn -0.3106939 0.7071416 0.6351535
vn -0.311181 0.7097874 0.6319559
vn -0.2858996 0.7076739 0.6461107
vn -0.2597304 0.7072445 0.6575297
vn -0.3423376 0.7082922 0.6173549
vn -0.3715841 0.7091842 0.599152
vn -0.3644864 0.7072979 0.6057056
vn -0.3886573 0.7077722 0.5899186
vn -0.4252344 0.7092408 0.5622751
vn -0.4079797 0.7079426 0.5765153
vn -0.4945191 0.7078392 0.5043952
vn -0.4774949 0.7070326 0.5216354
vn -0.4788267 0.7096307 0.5168649
vn -0.4540836 0.7072741 0.5418223
vn -0.4281665 0.7069589 0.5629231
vn -0.5138497 0.7078948 0.4846065
vn -0.5284708 0.7096875 0.4658996
vn -0.5329024 0.7071248 0.4647467
vn -0.5736731 0.7097007 0.4089303
vn -0.5590179 0.7086057 0.4305542
vn -0.5463319 0.7086881 0.4464108
vn -0.5975587 0.7090895 0.3743204
vn -0.587009 0.7086797 0.3913995
vn -0.5747719 0.7071175 0.4118521
vn -0.6485126 0.7095047 0.2757439
vn -0.6405454 0.708612 0.2959236
vn -0.6288487 0.7082305 0.3208719
vn -0.6775686 0.7072138 0.2018648
vn -0.6706023 0.7076147 0.222652
vn -0.6727862 0.710012 0.207946
vn -0.662295 0.7078199 0.2456751
vn -0.6520451 0.7069629 0.2739353
vn -0.6844607 0.7075972 0.1755554
vn -0.6905116 0.7097628 0.1393936
vn -0.6927319 0.7070655 0.1420592
vn -0.6964911 0.7085648 0.1132971
vn -0.7010808 0.7096637 0.06973618
vn -0.699352 0.7085153 0.09440816
vn -0.7070774 0.7070779 -0.009074097
vn -0.7064987 0.7075143 0.0168246
vn -0.7047798 0.7094261 0.0001951965
vn -0.7050558 0.70772 0.0450417
vn -0.7033297 0.7071427 0.07264053
vn -0.01648978 0.7079577 -0.7060623
vn -0.04109711 0.7070882 -0.7059302
vn -0.03716819 0.7096496 -0.7035736
vn -0.7056408 0.7074319 -0.04013908
vn -0.7009261 0.7097934 -0.0699705
vn -0.7037057 0.7071058 -0.06927846
vn -0.6905922 0.7097045 -0.1392909
vn -0.6984998 0.7083083 -0.1019682
vn -0.7012346 0.7077154 -0.08607513
vn -0.6763225 0.7070551 -0.2065453
vn -0.6803917 0.7080197 -0.1891436
vn -0.6727816 0.7099747 -0.2080884
vn -0.6860629 0.707973 -0.1676066
vn -0.6945222 0.7072495 -0.1320496
vn -0.6490749 0.7085773 -0.2768031
vn -0.6646442 0.7077486 -0.2394578
vn -0.6720403 0.7073491 -0.2191327
vn -0.6030318 0.7080302 -0.367486
vn -0.6164398 0.706943 -0.3467472
vn -0.6080014 0.707132 -0.3609691
vn -0.6315416 0.709492 -0.3126919
vn -0.6271713 0.705916 -0.3291484
vn -0.6440603 0.7088097 -0.2877068
vn -0.6552325 0.7071444 -0.2657391
vn -0.5902852 0.708217 -0.3872882
vn -0.5733398 0.7099983 -0.4088813
vn -0.576801 0.7071482 -0.4089524
vn -0.5283941 0.7093989 -0.4664256
vn -0.5497675 0.7083787 -0.4426684
vn -0.563082 0.7080436 -0.4261607
vn -0.4882106 0.7073997 -0.5111127
vn -0.499318 0.7086239 -0.4985316
vn -0.4791606 0.70939 -0.5168858
vn -0.5167987 0.7081946 -0.4810192
vn -0.5351855 0.7071608 -0.4620606
vn -0.4116344 0.7076727 -0.5742442
vn -0.4326572 0.7071825 -0.5591962
vn -0.4254361 0.7093728 -0.5619558
vn -0.4575713 0.7075236 -0.5385526
vn -0.4788059 0.70706 -0.5203951
vn -0.3932763 0.7078274 -0.5867828
vn -0.3712727 0.7093508 -0.5991477
vn -0.3697352 0.7070386 -0.6028203
vn -0.3397839 0.7073826 -0.6198039
vn -0.3110692 0.7095606 -0.6322657
vn -0.3137197 0.7071022 -0.6337085
vn -0.2899901 0.7079163 -0.6440188
vn -0.2472058 0.7095513 -0.6598683
vn -0.26537 0.7077231 -0.6547571
vn -0.1790542 0.7098666 -0.6811967
vn -0.2147558 0.7074067 -0.6733912
vn -0.242734 0.7070635 -0.6641848
vn -0.1605395 0.7079952 -0.687728
vn -0.1453555 0.7081842 -0.690903
vn -0.1092812 0.709713 -0.6959634
vn -0.170782 0.7072908 -0.6859834
vn -0.1863755 0.706997 -0.6822165
vn -0.05907978 0.7080861 -0.7036501
vn -0.07693297 0.7082154 -0.7017922
vn -0.1120543 0.707144 -0.6981342
vn 0.01082148 0.7080793 -0.70605
vn 0.03412216 0.7096494 -0.7037283
vn 0.03678669 0.7071148 -0.7061412
vn 0.06111575 0.7085471 -0.703012
vn 0.1065135 0.7097674 -0.696337
vn 0.08147278 0.7085801 -0.7009112
vn 0.1763524 0.7095907 -0.6821883
vn 0.1313499 0.7078159 -0.6940776
vn 0.1038915 0.7071201 -0.6994196
vn 0.2435492 0.7084268 -0.6624312
vn 0.2030653 0.7082713 -0.6761037
vn 0.1674748 0.7073405 -0.6867471
vn 0.2455292 0.7122745 -0.6575564
vn 0.2213436 0.7085597 -0.6700374
vn 0.2815139 0.7091655 -0.6464009
vn 0.2439977 0.7308819 -0.6373984
vn -0.7070768 -0.7070773 0.009174657
vn -0.7046472 -0.7095578 -0.0001866596
vn -0.7055649 -0.7075157 0.03999775
vn -0.7009349 -0.7096233 0.07158889
vn -0.6903565 -0.7095259 0.1413533
vn -0.6998236 -0.7079628 0.09505681
vn -0.7037371 -0.7071209 0.06880525
vn -0.6728125 -0.7071935 0.2172569
vn -0.6782864 -0.7075116 0.1983811
vn -0.6719368 -0.7099099 0.211019
vn -0.6856613 -0.707539 0.1710469
vn -0.6946988 -0.707475 0.1298952
vn -0.6645193 -0.7077611 0.2397674
vn -0.6473959 -0.7097839 0.2776428
vn -0.654009 -0.7072759 0.2683894
vn -0.6106541 -0.707588 0.3555573
vn -0.620582 -0.707118 0.3389131
vn -0.6156656 -0.7100311 0.3417774
vn -0.6320815 -0.7079929 0.3149904
vn -0.6431826 -0.7076246 0.2925465
vn -0.6001497 -0.7085426 0.3711977
vn -0.5779045 -0.7099845 0.4024281
vn -0.5900146 -0.7078958 0.3882866
vn -0.5463586 -0.7077002 0.4479426
vn -0.5532438 -0.7089594 0.4373761
vn -0.534279 -0.7097813 0.4590821
vn -0.5635159 -0.7085493 0.4247444
vn -0.5786462 -0.7071212 0.4063843
vn -0.4812932 -0.7071629 0.5179551
vn -0.4989056 -0.7075883 0.5004119
vn -0.48546 -0.7097011 0.5105417
vn -0.5185876 -0.7078462 0.4796047
vn -0.5363651 -0.7071312 0.4607363
vn -0.4589369 -0.7073516 0.5376157
vn -0.4308707 -0.7097313 0.5573436
vn -0.4321436 -0.7070097 0.5598117
vn -0.3726954 -0.7096733 0.5978812
vn -0.3932193 -0.7085388 0.5859618
vn -0.4102139 -0.7087284 0.5739586
vn -0.3097862 -0.7095909 0.6328611
vn -0.3397744 -0.7074883 0.6196885
vn -0.3696473 -0.7070883 0.602816
vn -0.24517 -0.7069597 0.6634001
vn -0.2664333 -0.7080494 0.653972
vn -0.2450121 -0.7095428 0.6606953
vn -0.2900222 -0.7080162 0.6438946
vn -0.3141823 -0.7071195 0.6334599
vn -0.2147571 -0.7072024 0.6736053
vn -0.1761426 -0.7097764 0.6820493
vn -0.181979 -0.7070145 0.6833844
vn -0.106629 -0.7097142 0.6963735
vn -0.1465891 -0.7079973 0.6908339
vn -0.1640996 -0.7075205 0.6873763
vn -0.04090781 -0.7071193 0.70591
vn -0.06256729 -0.7087593 0.7026703
vn -0.03488747 -0.7096567 0.7036833
vn -0.08016451 -0.7085992 0.7010427
vn -0.1135793 -0.7072256 0.6978049
vn 0.06186433 -0.7086664 0.7028262
vn 0.03847425 -0.7071306 0.7060355
vn 0.03581403 -0.7096452 0.7036484
vn 0.0118444 -0.7079426 0.7061706
vn -0.01587099 -0.7077957 0.7062388
vn 0.08274775 -0.7085668 0.7007751
vn 0.1073401 -0.7096804 0.6962986
vn 0.107408 -0.7071017 0.6989067
vn 0.1328916 -0.7079582 0.693639
vn 0.1767412 -0.7096574 0.6820182
vn 0.165202 -0.7074719 0.6871622
vn 0.2606332 -0.7074267 0.6569762
vn 0.2387206 -0.7070835 0.6656166
vn 0.2429942 -0.7089579 0.662067
vn 0.2158684 -0.7083313 0.6720623
vn 0.1960923 -0.7078969 0.6785497
vn 0.2834597 -0.7074489 0.6474308
vn 0.2653562 -0.70724 -0.6552843
vn 0.2426537 -0.7092429 -0.6618865
vn 0.1769929 -0.7096955 -0.6819133
vn 0.2138979 -0.7074131 -0.6736574
vn 0.2418879 -0.7070996 -0.664455
vn 0.1075061 -0.7071325 -0.6988605
vn 0.1233348 -0.7077162 -0.6956481
vn 0.1071735 -0.7099942 -0.6960043
vn 0.1408965 -0.7081063 -0.6919057
vn 0.1747216 -0.707139 -0.6851473
vn 0.01582651 -0.7078255 -0.70621
vn 0.03941597 -0.70699 -0.7061243
vn 0.03570312 -0.7096055 -0.7036941
vn 0.06588893 -0.7080815 -0.70305
vn 0.08804712 -0.7079986 -0.7007037
vn -0.01084738 -0.7079293 -0.7061999
vn -0.0349972 -0.709663 -0.7036716
vn -0.03761896 -0.7071282 -0.706084
vn -0.06607307 -0.7076007 -0.7035165
vn -0.1063467 -0.7097129 -0.6964179
vn -0.1049564 -0.7071362 -0.6992442
vn -0.1402376 -0.7080505 -0.6920968
vn -0.1762383 -0.7099281 -0.6818666
vn -0.15688 -0.7080791 -0.6884858
vn -0.2447298 -0.7097255 -0.6606035
vn -0.2083631 -0.7072172 -0.675595
vn -0.1747 -0.7069705 -0.6853268
vn -0.2607875 -0.70746 -0.6568791
vn -0.248528 -0.70715 -0.6619462
vn -0.2374293 -0.7071007 -0.66606
vn -0.2859742 -0.7077481 -0.6459963
vn -0.3099509 -0.7098236 -0.6325195
vn -0.3111906 -0.7071224 -0.6349317
vn -0.3731082 -0.7094015 -0.5979462
vn -0.3415326 -0.7083614 -0.6177213
vn -0.3271042 -0.7078453 -0.6260653
vn -0.422356 -0.70749 -0.5666333
vn -0.4078371 -0.7089444 -0.5753839
vn -0.4307446 -0.709567 -0.5576503
vn -0.3891474 -0.7083604 -0.5888887
vn -0.3640479 -0.7073571 -0.6059002
vn -0.4852594 -0.7097126 -0.5107166
vn -0.4580726 -0.7074665 -0.5382012
vn -0.4357011 -0.7071205 -0.5569067
vn -0.5341864 -0.7100098 -0.4588366
vn -0.5155396 -0.7075951 -0.4832473
vn -0.4882755 -0.7071288 -0.5114254
vn -0.5523152 -0.7087789 -0.4388398
vn -0.5630527 -0.7081485 -0.4260252
vn -0.5782989 -0.7096961 -0.4023705
vn -0.5460673 -0.7076759 -0.4483359
vn -0.5350035 -0.7071286 -0.4623207
vn -0.6189899 -0.7071239 -0.3418001
vn -0.6101493 -0.707639 -0.3563213
vn -0.6158221 -0.7098064 -0.3419619
vn -0.6012839 -0.7083138 -0.3697961
vn -0.5852107 -0.7073092 -0.3965374
vn -0.6317113 -0.7076377 -0.3165278
vn -0.6473218 -0.7097397 -0.2779279
vn -0.6444928 -0.7072508 -0.2905604
vn -0.6793272 -0.7078456 -0.1935697
vn -0.6720908 -0.7072373 -0.2193386
vn -0.6718927 -0.7099997 -0.2108568
vn -0.6623672 -0.7079358 -0.2451462
vn -0.653645 -0.7071498 -0.2696059
vn -0.6842613 -0.708342 -0.1733155
vn -0.69011 -0.7097279 -0.1415434
vn -0.6909083 -0.707098 -0.1505261
vn -0.7009118 -0.7096918 -0.07113586
vn -0.6994509 -0.7076964 -0.09966996
vn -0.6952174 -0.7073553 -0.1277548
vn -0.706495 -0.7075205 -0.01671719
vn -0.7049909 -0.7077933 -0.0449041
vn -0.7033992 -0.7071229 -0.07215866
vn 0.4077056 -0.0003510846 0.9131134
vn 0.4050725 0.0001088085 0.9142845
vn 0.4190724 -0.0001651638 0.9079528
vn 0.4170822 -0.0002776685 0.9088687
vn 0.4053292 -0.0004346288 0.9141707
vn 0.3908791 -0.0009647273 0.9204416
vn 0.3891668 -0.001146848 0.9211666
vn 0.3201341 -0.000896081 0.9473718
vn 0.3409414 -0.000413109 0.9400845
vn 0.3732713 -0.002052569 0.92772
vn 0.3596319 -0.001154362 0.9330935
vn 0.3757476 -0.001263035 0.9267212
vn 0.2919877 -0.001358438 0.956421
vn 0.2973436 -0.001845532 0.9547688
vn 0.2711465 -0.0006433145 0.9625378
vn 0.2568341 -0.0007320706 0.9664552
vn 0.351766 -0.002112093 0.9360856
vn 0.3285955 -0.002132186 0.9444684
vn 0.3155238 -0.002297473 0.9489149
vn 0.2659318 -0.001295265 0.9639909
vn 0.2357253 -0.000836671 0.9718193
vn 0.2306648 -0.0007834414 0.973033
vn 0.2107584 -0.000812143 0.9775378
vn 0.1810373 -0.0002088797 0.9834762
vn 0.186113 -0.0001495505 0.9825283
vn 0.14496 0.0005444936 0.9894374
vn 0.1389536 0.0005879742 0.9902987
vn 0.1169031 0.0006577914 0.9931431
vn 0.09138785 0.0009051691 0.995815
vn 0.01766482 0.0007015928 0.9998437
vn 0.04416544 0.001011447 0.9990237
vn 0.06021084 0.0004897679 0.9981855
vn 0.08021403 0.0007837206 0.9967774
vn 0.1078983 0.0008973955 0.9941615
vn 0.006097699 0.0001804997 0.9999814
vn 0.002467789 6.615643e-05 0.999997
vn 0.00163556 1.94518e-05 0.9999986
vn 0.0001927756 2.027629e-11 1
vn 0.03694846 0.0002914126 0.9993172
vn 0.02339313 0.0002634431 0.9997263
vn 0.01160892 0.0001820481 0.9999326
vn 0.4039901 -0.0002661285 -0.9147633
vn 0.4058478 -0.0001088096 -0.9139407
vn 0.4063009 -0.0001111188 -0.9137394
vn 0.03258423 -0.0008610826 -0.9994686
vn 0.02390207 -0.000530862 -0.9997142
vn 0.02042363 -0.001012839 -0.9997909
vn 2.684662e-05 -2.54696e-08 -1
vn 0.000263326 -1.417568e-05 -1
vn 0.0001916071 1.191713e-06 -1
vn 0.001187484 1.97327e-05 -0.9999992
vn 0.005096968 1.461153e-05 -0.999987
vn 0.002092544 -0.0001184144 -0.9999978
vn 0.0137316 -0.0001408153 -0.9999058
vn 0.006669058 -0.0003802802 -0.9999777
vn 0.01239522 -0.0005887953 -0.999923
vn 0.04743858 -0.00323047 -0.998869
vn 0.08441111 -0.002457263 -0.996428
vn 0.0332349 -0.002353306 -0.9994448
vn 0.05910734 -0.001201634 -0.9982509
vn 0.04234547 -0.0007843453 -0.9991028
vn 0.06046502 -0.00298526 -0.9981658
vn 0.07171515 -0.003258243 -0.9974198
vn 0.1087683 -0.003460846 -0.9940611
vn 0.08518008 -0.003646474 -0.9963589
vn 0.1089591 -0.003867246 -0.9940387
vn 0.1415704 -0.004428438 -0.9899183
vn 0.1754209 -0.004696171 -0.9844823
vn 0.1517449 -0.00458261 -0.988409
vn 0.1295474 -0.00412207 -0.9915646
vn 0.172001 -0.004713389 -0.9850855
vn 0.2050049 -0.004614868 -0.9787501
vn 0.2035806 -0.004518513 -0.9790478
vn 0.2438213 -0.004175992 -0.9698111
vn 0.232782 -0.00421849 -0.9725198
vn 0.2641487 -0.003751772 -0.9644746
vn 0.3735273 -0.001068763 -0.9276186
vn 0.277971 -0.003743358 -0.9605821
vn 0.3109634 -0.002920066 -0.9504174
vn 0.3005877 -0.002672362 -0.9537505
vn 0.3430996 -0.001850289 -0.9392972
vn 0.3329536 -0.001744648 -0.9429417
vn 0.3711899 -0.0008371195 -0.9285566
vn -2.233074e-06 -2.684001e-08 -1
vn 2.669024e-07 -1.598571e-06 -1
vn -4.880747e-06 2.447062e-07 -1
vn -1.008294e-06 3.672445e-07 -1
vn -1.294427e-06 1.325541e-07 -1
vn -3.559719e-06 -1.628508e-06 -1
vn 2.201927e-06 0 -1
vn -9.119531e-07 0 -1
vn 8.880076e-06 0 -1
vn -2.163967e-06 0 -1
vn -5.61196e-07 0 -1
vn 0 0 -1
vn -3.189097e-07 0 -1
vn -3.974666e-06 0 -1
vn -1.303022e-06 0 -1
vn 3.062749e-06 0 -1
vn -4.067719e-07 0 -1
vn 1.709421e-06 0 -1
vn 3.08969e-08 0 -1
vn -6.985226e-07 0 -1
vn -3.780663e-06 0 -1
vn 1.129773e-05 0 -1
vn -7.945482e-07 0 -1
vn -1.926903e-06 0 -1
vn -2.725281e-07 0 -1
vn -1.055793e-07 3.794442e-07 -1
vn 7.568171e-07 3.900871e-07 -1
vn 1.178071e-06 3.990863e-07 -1
vn 1.700347e-07 4.063213e-07 -1
vn -1.73348e-07 4.116785e-07 -1
vn 1.682686e-05 0 -1
vn 7.868785e-07 0 -1
vn -4.880861e-07 0 -1
vn 2.686662e-07 0 -1
vn 5.279294e-07 0 -1
vn 4.032686e-07 0 -1
vn 1.263127e-06 0 -1
vn 5.110642e-07 0 -1
vn -5.281864e-07 0 -1
vn -4.28163e-07 0 -1
vn 1.159301e-06 0 -1
vn 3.94288e-07 0 -1
vn -1.081886e-06 -3.311858e-07 1
vn 1.454027e-06 2.507195e-06 1
vn 4.361744e-07 1.072629e-09 1
vn 2.006233e-06 2.90103e-06 1
vn -8.359189e-08 0 1
vn 8.438068e-07 1.276296e-07 1
vn 5.937649e-07 5.170699e-08 1
vn -5.834602e-07 0 1
vn 2.774014e-07 0 1
vn -1.701262e-07 0 1
vn 6.08725e-07 0 1
vn -1.481751e-06 0 1
vn 9.208026e-08 0 1
vn 1.994151e-06 0 1
vn 8.837013e-07 0 1
vn -2.101053e-06 0 1
vn 1.581425e-07 0 1
vn 5.659621e-07 0 1
vn 1.315678e-07 0 1
vn 6.763383e-08 0 1
vn -6.285075e-07 0 1
vn 4.827071e-07 0 1
vn 1.053194e-06 0 1
vn -6.148876e-06 0 1
vn 1.346324e-06 0 1
vn -2.136027e-06 0 1
vn 1.374064e-07 0 1
vn 2.262163e-07 0 1
vn -3.73621e-08 0 1
vn 5.289507e-08 0 1
vn -4.112878e-07 0 1
vn 5.184497e-07 0 1
vn 0 0 1
vn -7.19423e-07 0 1
vn -1.612734e-06 0 1
vn -2.037519e-07 0 1
vn 2.806765e-07 0 1
vn 3.382426e-07 0 1
vn -2.364907e-07 0 1
vn -1.053946e-07 0 1
vn -0.9999142 0.0001322488 0.01310421
vn -0.9999162 0.0001084929 -0.0129463
vn -0.9997305 -9.63901e-05 -0.02321899
vn -0.9983792 0.0001138154 -0.05691215
vn -0.9979423 -2.560159e-05 -0.06411985
vn -0.9947907 3.085984e-05 -0.101939
vn -0.9951988 3.981031e-06 -0.09787349
vn -0.9926213 -5.569122e-06 -0.1212554
vn -0.9900329 -5.132749e-05 -0.140836
vn -0.9894899 -0.0001120842 -0.1446021
vn -0.9834698 2.090681e-05 -0.1810722
vn -0.9822513 3.003755e-05 -0.1875694
vn -0.9770594 -5.222619e-05 -0.212967
vn -0.9718044 0.0001425863 -0.2357886
vn -0.9696634 -4.744219e-05 -0.2444436
vn -0.9613001 4.093917e-05 -0.2755035
vn -0.9630895 -0.0001709937 -0.2691813
vn -0.9509715 7.634559e-05 -0.3092785
vn -0.9564262 -0.0002124906 -0.2919743
vn -0.9507602 -0.0001123368 -0.3099273
vn -0.9377062 3.950278e-05 -0.3474292
vn -0.940734 2.887534e-05 -0.3391451
vn -0.9266766 0.0001048514 -0.3758599
vn -0.9244301 -4.146961e-05 -0.3813514
vn -0.914119 -0.000120165 -0.4054461
vn -0.9116161 7.819408e-05 -0.4110426
vn -0.8939373 0.0001564226 -0.4481918
vn -0.8948597 2.336456e-05 -0.4463475
vn -0.8754542 5.578238e-05 -0.483301
vn -0.8717384 0.0001512959 -0.4899716
vn -0.8638705 -4.011617e-06 -0.503714
vn -0.778353 7.0867e-05 -0.6278268
vn -0.7824615 4.982039e-05 -0.622699
vn -0.7981371 -7.565385e-05 -0.6024759
vn -0.7984796 -0.0001234831 -0.6020219
vn -0.8156483 -4.535748e-05 -0.5785481
vn -0.8273162 -0.00018011 -0.5617363
vn -0.8518638 2.739486e-05 -0.5237634
vn -0.8543023 -0.0001074348 -0.5197763
vn -0.8355927 -6.801637e-05 -0.5493495
vn -0.7068224 -0.0001369774 -0.7073911
vn -0.6905743 1.334372e-05 -0.7232614
vn -0.7329807 -0.00018111 -0.6802495
vn -0.7295499 8.90975e-05 -0.6839277
vn -0.7568703 6.312954e-06 -0.653565
vn -0.7566016 2.186549e-05 -0.6538761
vn -0.7723573 6.956547e-05 -0.6351883
vn -0.5832393 -8.827768e-05 -0.8123003
vn -0.597883 -2.007481e-05 -0.8015833
vn -0.6119173 0.0001259538 -0.7909217
vn -0.6162252 7.715692e-05 -0.78757
vn -0.6477291 1.204889e-05 -0.7618706
vn -0.6481652 -1.932579e-05 -0.7614998
vn -0.6768037 -9.349467e-05 -0.7361636
vn -0.6904213 4.622183e-07 -0.7234074
vn -0.4806543 -1.732798e-05 -0.8769102
vn -0.48445 0.0001344781 -0.8748189
vn -0.5226577 -0.0001045572 -0.8525426
vn -0.5154518 0.0002126927 -0.8569186
vn -0.5562836 -0.0001873065 -0.8309925
vn -0.5497294 7.72058e-05 -0.8353428
vn -0.5792145 0 -0.8151752
vn -0.2480439 0.0001797327 -0.9687487
vn -0.294112 5.646435e-05 -0.955771
vn -0.3035702 -0.0001733442 -0.952809
vn -0.3356789 -8.259192e-05 -0.9419764
vn -0.3432868 4.253598e-05 -0.9392306
vn -0.3513464 2.432541e-05 -0.9362456
vn -0.3751987 -0.0001345551 -0.9269445
vn -0.3686572 0.0001494453 -0.9295654
vn -0.4111494 -0.0001810317 -0.9115679
vn -0.4050176 0.0001257499 -0.9143088
vn -0.4437376 -4.37739e-05 -0.8961568
vn -0.4401785 6.890807e-05 -0.8979102
vn -0.4623443 8.351722e-05 -0.8867005
vn -0.2637523 -0.0002595085 -0.9645904
vn -0.2416345 -3.232662e-05 -0.9703673
vn -0.2228059 4.975047e-05 -0.9748629
vn -0.2278887 -2.855074e-05 -0.9736872
vn -0.1974954 0.0001516593 -0.9803037
vn -0.2050522 -0.000159836 -0.9787511
vn -0.1485962 0.0002809544 -0.9888979
vn -0.1582659 -0.0002668299 -0.9873965
vn -0.09344032 0.0001514976 -0.995625
vn -0.1104579 -0.0001401036 -0.9938808
vn -0.08255666 -3.356341e-05 -0.9965864
vn -0.05326613 4.134472e-05 -0.9985803
vn -0.05809247 -8.161739e-05 -0.9983112
vn -0.01613336 0.0001551009 -0.9998698
vn -0.0241716 -0.0001833136 -0.9997078
vn 0.0228978 0.0001600161 -0.9997377
vn 0.01624179 -0.0001321052 -0.9998681
vn 0.05605992 1.139811e-05 -0.9984274
vn 0.05226405 -9.904545e-05 -0.9986333
vn 0.09215695 5.474151e-05 -0.9957445
vn 0.08486596 -0.0001862612 -0.9963924
vn 0.1257828 0.0001533782 -0.9920578
vn 0.1168197 -0.0001136661 -0.9931532
vn 0.1520978 0.0001052132 -0.9883655
vn 0.1469707 -3.966127e-05 -0.9891409
vn 0.1738852 3.141562e-05 -0.9847659
vn 0.185172 9.797648e-05 -0.9827062
vn 0.1999769 -9.230471e-05 -0.9798006
vn 0.2381395 0.0001960848 -0.971231
vn 0.2473913 -0.0001930337 -0.9689156
vn 0.2857431 9.763419e-05 -0.9583063
vn 0.3024785 -0.0001242127 -0.9531562
vn 0.3151111 -1.253745e-05 -0.9490548
vn 0.3387948 -1.124408e-05 -0.9408603
vn 0.3420879 -4.188879e-05 -0.9396679
vn 0.3677036 0.0001071816 -0.929943
vn 0.3753794 -0.0001199147 -0.9268712
vn 0.401464 9.62136e-05 -0.9158748
vn -0.7839008 8.401321e-05 0.6208861
vn -0.7727906 6.678959e-05 0.6346611
vn -0.7734428 -9.197263e-05 0.6338661
vn 0.4014424 -9.605706e-05 0.9158843
vn 0.3746587 0.0001144213 0.9271628
vn 0.3684031 -6.577379e-05 0.9296661
vn 0.3376051 4.928484e-06 0.9412879
vn 0.340569 -8.246068e-05 0.9402195
vn 0.3069455 1.327082e-05 0.9517272
vn 0.310814 -9.556941e-05 0.9504707
vn 0.2761125 4.47066e-05 0.9611253
vn 0.2805755 -8.832021e-05 0.9598319
vn 0.234584 0.0001350857 0.9720958
vn 0.2416111 -0.0002220606 0.9703732
vn 0.1876378 0.0001877431 0.9822383
vn 0.194796 -0.0001405869 0.9808438
vn 0.1517699 5.973239e-05 0.9884158
vn 0.156653 -8.459457e-05 0.9876537
vn 0.1191857 7.815461e-05 0.9928719
vn 0.1269586 -0.000163355 0.991908
vn 0.08599258 0.000176803 0.9962958
vn 0.09021851 6.077032e-05 0.995922
vn 0.05450354 7.331416e-05 0.9985135
vn 0.04954277 0.000140498 0.998772
vn 0.01743161 -2.915707e-05 0.9998481
vn 0.01600504 -0.0001124001 0.999872
vn -0.02334313 4.277724e-05 0.9997275
vn -0.01947136 -9.845581e-05 0.9998104
vn -0.05789587 1.407064e-05 0.9983226
vn -0.05516324 -6.186603e-05 0.9984773
vn -0.0868311 -1.209163e-06 0.996223
vn -0.08297078 -8.123383e-05 0.996552
vn -0.1155974 3.087866e-05 0.9932961
vn -0.1109298 -0.0001041196 0.9938282
vn -0.1601184 0.0001391545 0.9870978
vn -0.1527014 -0.0002485697 0.9882724
vn -0.2074449 0.000180588 0.9782467
vn -0.2008607 -0.0001334345 0.9796198
vn -0.2326388 4.108234e-05 0.9725632
vn -0.2445946 0.0001265166 0.9696255
vn -0.2576924 -0.0001034697 0.9662271
vn -0.2942947 -3.414363e-05 0.9557147
vn -0.3040634 2.495862e-05 0.9526519
vn -0.34597 0.0001217068 0.9382455
vn -0.3362106 -0.0001511789 0.9417868
vn -0.367455 -0.0001299719 0.9300414
vn -0.4443322 -1.201421e-06 0.8958622
vn -0.4114593 0.0001837111 0.9114282
vn -0.4047096 -0.0001426339 0.9144453
vn -0.3765622 0.0001388482 0.9263913
vn -0.4394822 -1.007719e-07 0.8982513
vn -0.4625222 6.753019e-06 0.8866077
vn -0.4809782 -5.568256e-05 0.8767325
vn -0.4853223 -0.0001275326 0.8743353
vn -0.5226678 7.97169e-05 0.8525364
vn -0.5158789 -0.000208503 0.8566616
vn -0.5558637 0.0001831688 0.8312734
vn -0.5493169 -7.736294e-05 0.8356141
vn -0.5824436 0.0001033652 0.8128712
vn -0.578431 -4.137614e-05 0.8157314
vn -0.6116409 0.0001398573 0.7911355
vn -0.6059126 -0.0001672617 0.7955313
vn -0.6488073 7.83455e-05 0.7609527
vn -0.6420998 -5.872454e-05 0.766621
vn -0.6749715 8.046758e-05 0.7378438
vn -0.6808475 -6.389457e-05 0.7324253
vn -0.6994341 0.0001046846 0.7146971
vn -0.7056731 -0.000105596 0.7085377
vn -0.7281765 2.790185e-05 0.6853897
vn -0.7536054 -8.182107e-05 0.6573271
vn -0.7584841 0.000134656 0.6516916
vn -0.7346038 -2.824194e-05 0.6784963
vn -0.7994929 0.0001805588 0.6006755
vn -0.7933867 -0.0001671262 0.6087179
vn -0.8183355 0.0001586421 0.5747408
vn -0.8127667 -0.000153028 0.5825893
vn -0.8349097 0.0001417286 0.550387
vn -0.8309206 -6.122429e-05 0.5563911
vn -0.8506891 8.181991e-05 0.5256692
vn -0.8482216 -5.303264e-05 0.5296414
vn -0.8645173 4.9223e-05 0.5026031
vn -0.8665261 0.0001316931 0.4991318
vn -0.8776364 -1.090724e-05 0.4793271
vn -0.8896538 0.0001848839 0.4566356
vn -0.8947256 2.722141e-05 0.4466164
vn -0.9104874 9.101323e-05 0.413537
vn -0.9085439 -4.206852e-05 0.4177893
vn -0.9250611 0.0001413084 0.3798182
vn -0.9222 -0.0001835779 0.3867133
vn -0.9406807 0.0002105658 0.3392929
vn -0.9371629 -0.0002282433 0.3488922
vn -0.9517064 0.0001381478 0.3070098
vn -0.949272 -7.89986e-05 0.3144563
vn -0.9596525 6.032504e-05 0.2811884
vn -0.9582495 -8.25725e-05 0.2859331
vn -0.9705496 0.0001397882 0.240901
vn -0.9687639 -0.0002116137 0.2479849
vn -0.982649 -5.297773e-05 0.1854745
vn -0.9795507 -8.744258e-05 0.2011974
vn -0.9868158 -2.393607e-05 0.1618474
vn -0.9910321 -0.0001220676 0.133624
vn -0.9911995 -7.597795e-05 0.1323767
vn -0.9952583 7.150423e-05 0.09726676
vn -0.994722 -8.525597e-05 0.1026066
vn -0.9984055 0.0001517699 0.05644887
vn -0.9979317 -0.0002203787 0.06428198
vn -0.9997267 -0.0001521911 0.02337828
vn -0.0002964847 0.9999999 -2.117308e-06
vn -1.946627e-05 1 0
vn -0.0001952355 1 1.703063e-05
vn -0.3454953 0.9384178 0.00228463
vn -0.3757841 0.9267062 0.001391917
vn -0.3105195 0.9505635 0.002555409
vn -0.3668499 0.9302796 0.001000475
vn -0.4063572 0.9137143 0.0001651161
vn -0.4060431 0.9138539 0.0002013206
vn -0.4062634 0.913756 -0.0001321339
vn -0.3084341 0.9512413 0.002904368
vn -0.2548334 0.9669764 0.004074641
vn -0.2568814 0.9664338 0.004226206
vn -0.2074163 0.9782408 0.004847196
vn -0.2076905 0.9781824 0.004895944
vn -0.1754857 0.9844695 0.004966496
vn -0.1734894 0.9848232 0.004986452
vn -0.1236852 0.9923111 0.004556213
vn -0.1143307 0.9934331 0.004382427
vn -0.1433854 0.9896561 0.004629542
vn -0.1516517 0.988422 0.004862519
vn -0.0933333 0.9956276 0.003819727
vn -0.08973689 0.9959586 0.003685654
vn -0.07407834 0.9972471 0.003229928
vn -0.05919309 0.9982431 0.002636945
vn -0.06510065 0.9978758 0.002431816
vn -0.04653696 0.9989144 0.00210705
vn -0.0116095 0.9999318 0.001263588
vn -0.01805805 0.9998345 0.002160746
vn -0.04965715 0.9987657 0.001092506
vn -0.0290128 0.9995772 0.001911957
vn -0.03766206 0.9992885 0.002012908
vn -0.03543842 0.9993717 0.0005315042
vn -0.02426837 0.9997054 0.0004446616
vn -0.006271861 0.9999802 0.0004231867
vn -0.01790317 0.9998397 0.0003041722
vn -0.01238205 0.9999233 0.0001781812
vn -0.002860142 0.9999959 0.0001550471
vn -0.007190647 0.9999741 5.735948e-05
vn -0.001010642 0.9999995 6.014238e-05
vn -0.003740866 0.999993 -2.403378e-05
vn -0.001570898 0.9999988 -3.161483e-05
vn -0.02949392 -0.9995649 -0.0002306052
vn -0.01601492 -0.9998717 -0.0002365415
vn -0.04094928 -0.9991612 -0.0003259874
vn -0.4048041 -0.9144036 0.0002023015
vn -0.4176308 -0.9086168 -4.188039e-07
vn -0.4088917 -0.9125829 0.0001906835
vn -0.2329185 -0.9724959 0.000834566
vn -0.2286579 -0.9735065 0.000788019
vn -0.2509255 -0.9680059 0.0009443136
vn -0.2591554 -0.965835 0.001105045
vn -0.2795399 -0.9601334 0.001094473
vn -0.2875267 -0.9577717 0.00132174
vn -0.3188124 -0.9478171 0.001168791
vn -0.3185405 -0.9479085 0.001104622
vn -0.3551494 -0.9348084 0.001475279
vn -0.340537 -0.9402309 0.0005061829
vn -0.3771692 -0.9261431 0.00156725
vn -0.3621587 -0.9321163 0.0005455247
vn -0.3922811 -0.919845 0.0008392118
vn -0.3870751 -0.922048 0.0005334899
vn -0.4069434 -0.9134533 0.0001795876
vn -0.2112173 -0.9774387 0.0008723763
vn -0.1808319 -0.9835139 0.0004922032
vn -0.1829728 -0.9831179 0.0004231971
vn -0.1518249 -0.9884074 1.492397e-05
vn -0.1369471 -0.9905783 -0.0002349708
vn -0.1227425 -0.9924386 -0.0002680016
vn -0.08589072 -0.9963045 -0.0002362689
vn -0.1074377 -0.9942113 -0.001127098
vn -0.05733301 -0.998355 -0.0003825436
vn -0.08860858 -0.9960659 -0.001163827
vn -0.06786206 -0.9976946 -0.0006355832
vn -0.04083619 -0.9991657 -0.0004603402
vn -0.0001928057 -1 0
vn -0.001656763 -0.9999986 -1.842277e-05
vn -0.003609986 -0.9999935 -0.000107456
vn -0.006175559 -0.999981 -0.0001490363
vn -0.01761647 -0.9998447 -0.0002771122
vn 0.6748692 0.7379373 -0.0001628274
vn 0.699546 0.7145876 -0.0001324848
vn 0.6829447 0.7304701 0.000112163
vn 0.9997271 0.02336232 -0.0001521773
vn 0.9999167 -0.01291251 0.0001936853
vn 0.9999139 0.01312335 0.0001322789
vn 0.9979321 0.06427681 -0.0002203695
vn 0.9983878 0.05676089 0.0001418434
vn 0.9947242 0.102585 -7.710673e-05
vn 0.9951945 0.09791786 5.914744e-05
vn 0.9899939 0.1411098 7.841126e-06
vn 0.9926227 0.1212435 5.934271e-05
vn 0.9894888 0.1446096 0.0001121448
vn 0.9834407 0.1812306 -2.189035e-05
vn 0.9822151 0.187759 0.0002458233
vn 0.976954 0.2134493 -0.0002737437
vn 0.9696962 0.2443138 -0.000268666
vn 0.9718436 0.2356269 0.0001410208
vn 0.9613115 0.2754638 -4.101801e-05
vn 0.9630892 0.2691827 0.000171004
vn 0.950969 0.3092864 -7.63397e-05
vn 0.9564229 0.2919849 0.0002126202
vn 0.9507566 0.3099385 0.000112498
vn 0.9376651 0.3475402 -0.0002161545
vn 0.9407006 0.3392379 0.0001268168
vn 0.9244763 0.3812397 -0.000132534
vn 0.9267302 0.3757274 5.315318e-05
vn 0.9141828 0.405302 -6.022354e-05
vn 0.9116669 0.41093 9.423201e-05
vn 0.8947214 0.4466247 6.91683e-05
vn 0.7068246 0.7073888 0.000136981
vn 0.7329735 0.6802571 0.00018115
vn 0.7280428 0.6855317 -0.0001395455
vn 0.7568619 0.6535749 -1.359731e-05
vn 0.7536254 0.6573042 1.20369e-08
vn 0.7709534 0.6368915 1.93478e-06
vn 0.7783609 0.6278172 -7.788379e-05
vn 0.7824478 0.6227162 -4.986733e-05
vn 0.7981383 0.6024743 7.560949e-05
vn 0.7951947 0.6063542 -5.289685e-05
vn 0.8156636 0.5785264 8.246111e-05
vn 0.812799 0.5825441 -6.133696e-05
vn 0.8355795 0.5493696 0.0001105141
vn 0.8328381 0.5535167 -6.008092e-05
vn 0.8543054 0.5197714 0.0001074165
vn 0.8518484 0.5237884 -2.753974e-05
vn 0.8718286 0.4898112 0.0001344993
vn 0.8683492 0.4959533 -0.0001526623
vn 0.8909123 0.4541754 -3.632769e-05
vn 0.6422135 0.7665259 -0.0002861847
vn 0.6500183 0.7599185 0.000248854
vn 0.6063222 0.7952192 -0.0001634306
vn 0.6120275 0.7908365 0.0001398729
vn 0.5792505 0.8151496 -3.767837e-05
vn 0.5832465 0.8122952 0.0001073239
vn 0.5497349 0.8353392 -7.713534e-05
vn 0.5562796 0.8309951 0.0001873635
vn 0.5154531 0.8569178 -0.0002125904
vn 0.5226544 0.8525446 0.000104555
vn 0.4844252 0.8748326 -0.0001343186
vn 0.4806479 0.8769137 2.8462e-05
vn 0.4620136 0.8868728 -8.62008e-05
vn 0.4395496 0.8982183 -7.975994e-05
vn 0.4437387 0.8961562 5.505582e-05
vn 0.404704 0.9144477 -0.0001341925
vn 0.4111454 0.9115698 0.0001811083
vn 0.3686994 0.9295486 -0.0001249995
vn 0.3752027 0.9269427 0.0001278153
vn 0.3431875 0.9392669 0.0001020003
vn 0.3512493 0.9362819 0
vn 0.3353792 0.9420832 -6.217492e-05
vn 0.2940952 0.9557761 -0.0001990568
vn 0.3024848 0.9531541 0.0002555082
vn 0.2480422 0.9687492 -0.0001817309
vn 0.2554491 0.9668226 0.0001514046
vn 0.2228257 0.9748583 -4.275861e-05
vn 0.2278514 0.9736959 0
vn 0.2051393 0.9787328 -0.0001083248
vn 0.1976651 0.9802696 0.0001025837
vn 0.1581083 0.9874218 2.229216e-05
vn 0.1484412 0.9889212 -3.872965e-05
vn 0.09435815 0.9955384 -0.0001494583
vn 0.1104586 0.9938807 0.0001400458
vn 0.08257528 0.9965848 4.708356e-06
vn 0.05511575 0.99848 -1.921273e-05
vn 0.05807064 0.9983125 5.235364e-05
vn 0.01703785 0.9998549 -0.0001346532
vn 0.02416892 0.9997079 0.000183364
vn -0.02289781 0.9997378 -0.0001599874
vn -0.01569018 0.9998769 0.0001399311
vn -0.05607234 0.9984267 -3.43795e-05
vn -0.0511566 0.9986907 0.000110591
vn -0.09214404 0.9957457 -7.702638e-05
vn -0.0843144 0.9964392 0.0001908927
vn -0.1245706 0.9922107 -0.0001432455
vn -0.1167964 0.9931559 7.886816e-05
vn -0.1496818 0.9887342 -6.5302e-05
vn -0.1469906 0.9891379 4.161395e-06
vn -0.1727157 0.9849718 -1.321587e-06
vn -0.1853185 0.9826785 0.0001309706
vn -0.2001338 0.9797686 -0.0001425285
vn -0.2473917 0.9689155 -0.0002674279
vn -0.2381378 0.9712314 0.0002634154
vn -0.3016746 0.9534109 -0.0002223997
vn -0.2948396 0.9555467 0.0001344696
vn -0.3405826 0.9402146 -9.307619e-05
vn -0.3361329 0.9418145 4.177043e-05
vn -0.3748086 0.9271022 -0.0001428591
vn -0.3678257 0.9298947 0.0001838608
vn -0.4013173 0.9159391 0.0001525389
vn -0.1268793 -0.9919181 3.271414e-05
vn -0.09004232 -0.9959379 0.0002104602
vn -0.07986054 -0.996806 -0.0002281552
vn -0.02688127 -0.9996386 -0.0001403479
vn -0.114226 -0.9934548 -5.656279e-05
vn -0.136689 -0.990614 2.228687e-05
vn -0.1567388 -0.9876401 -4.384e-05
vn -0.1570692 -0.9875876 -5.961664e-05
vn -0.1947974 -0.9808435 0.0001405634
vn -0.1876405 -0.9822378 -0.0001876277
vn -0.2416088 -0.9703736 0.0002220029
vn -0.2345876 -0.972095 -0.0001350609
vn -0.2805748 -0.9598322 8.828622e-05
vn -0.2761086 -0.9611264 -4.462598e-05
vn -0.3108154 -0.9504703 9.565702e-05
vn -0.3037919 -0.9527383 -0.0001463624
vn -0.3406261 -0.9401988 0.0001586788
vn -0.3311404 -0.9435815 -0.0001672696
vn -0.3747685 -0.9271185 0.000208721
vn -0.3653756 -0.9308601 -0.0002044754
vn -0.4012955 -0.9159487 -0.0001524764
vn 0.2687448 -0.9632114 -0.0004309229
vn 0.2447497 -0.9695863 0.0001083295
vn 0.3074128 -0.9515761 -0.0004810387
vn 0.294144 -0.9557611 0.0002787601
vn 0.3459781 -0.9382426 -0.0001217318
vn 0.3362041 -0.9417892 0.0001512794
vn 0.3674435 -0.9300458 0.0001299696
vn -0.04972205 -0.9987631 0.0001414607
vn -0.01600394 -0.9998719 0.0001123294
vn 0.02681344 -0.9996405 -6.89618e-05
vn 0.01953254 -0.9998091 0.000192479
vn 0.064862 -0.9978942 -0.0001582194
vn 0.05510389 -0.9984806 0.0001566355
vn 0.09018959 -0.9959246 -0.000115994
vn 0.08297685 -0.9965515 8.132059e-05
vn 0.115582 -0.993298 -3.079225e-05
vn 0.1109353 -0.9938276 0.0001040986
vn 0.1601185 -0.9870978 -0.0001391289
vn 0.1527045 -0.9882719 0.000248562
vn 0.2074342 -0.978249 -0.0001806666
vn 0.2008637 -0.9796193 0.0001334717
vn 0.2326329 -0.9725646 -4.124792e-05
vn 0.246532 -0.9691346 -4.605812e-05
vn 0.4828276 -0.8757154 -8.646805e-05
vn 0.4483552 -0.8938555 -0.0001586739
vn 0.4394961 -0.8982446 0.0001608454
vn 0.4047506 -0.9144272 0.0002138975
vn 0.413485 -0.9105109 -0.0002004223
vn 0.3765734 -0.9263868 -0.0001389023
vn 0.6748905 -0.7379178 6.99741e-05
vn 0.6995347 -0.7145986 0.000123461
vn 0.6807784 -0.7324895 -9.273531e-05
vn 0.6421768 -0.7665566 0.0002066867
vn 0.6513819 -0.7587499 -0.0004268777
vn 0.605911 -0.7955325 0.0001630747
vn 0.4624572 -0.8866417 8.242457e-05
vn 0.485305 -0.8743449 0.0001275541
vn 0.5226721 -0.8525338 -7.982778e-05
vn 0.5158757 -0.8566634 0.000208585
vn 0.5558676 -0.8312709 -0.0001832725
vn 0.5493159 -0.8356147 7.746332e-05
vn 0.5824474 -0.8128684 -0.0001033498
vn 0.5784303 -0.8157318 4.139427e-05
vn 0.6020566 -0.7984535 -4.543292e-05
vn 0.6213218 -0.7835554 -0.0003847363
vn 0.800081 -0.599892 2.728668e-06
vn 0.7838793 -0.6209132 -8.409419e-05
vn 0.7734485 -0.6338592 9.203693e-05
vn 0.7735124 -0.6337812 -0.0001001059
vn 0.7535856 -0.6573498 0.0001311685
vn 0.7600449 -0.6498706 -0.000177177
vn 0.7280974 -0.6854735 0.0002524274
vn 0.735312 -0.6777288 -0.0002079552
vn 0.705784 -0.7084271 -0.0001259082
vn 0.7933314 -0.60879 1.743552e-05
vn 0.8127843 -0.5825648 -8.309918e-05
vn 0.8196474 -0.5728684 9.777814e-05
vn 0.8309454 -0.556354 -2.474524e-05
vn 0.8355483 -0.549417 -6.722379e-05
vn 0.8506839 -0.5256775 -8.17789e-05
vn 0.8482214 -0.5296419 5.305618e-05
vn 0.864956 -0.5018479 -5.577247e-05
vn 0.8666281 -0.4989545 0.0001736198
vn 0.8786151 -0.4775304 -0.0004879979
vn 0.8949742 -0.4461175 -0.0005004957
vn 0.8895609 -0.4568166 0.000132733
vn 0.9104899 -0.4135313 -9.108031e-05
vn 0.908538 -0.4178022 4.198472e-05
vn 0.9250622 -0.3798155 -0.0001413869
vn 0.9221939 -0.386728 0.0001834766
vn 0.9406801 -0.3392947 -0.0002105838
vn 0.9371623 -0.3488934 0.0002282383
vn 0.9507493 -0.3099609 -0.000112485
vn 0.9492638 -0.314481 3.793461e-05
vn 0.9547866 -0.2972918 -3.608738e-05
vn 0.9582621 -0.2858909 4.087315e-05
vn 0.9601365 -0.2795313 0
vn 0.9705461 -0.2409156 -0.0001398088
vn 0.9687698 -0.2479616 0.0002115718
vn 0.98098 -0.1941085 -0.000199004
vn 0.9795597 -0.2011538 0.0001359175
vn 0.9875512 -0.1572983 -6.63783e-05
vn 0.9868115 -0.1618734 6.694296e-05
vn 0.9918224 -0.127626 -5.946541e-05
vn 0.9912001 -0.1323721 6.783712e-05
vn 0.995194 -0.09792259 -5.912732e-05
vn 0.9947245 -0.1025829 7.712326e-05
vn 0.9983752 -0.05698192 0.0001925832
vn 0.9976014 -0.06921925 1.483522e-05
vn 0.9993721 -0.03543166 3.945369e-06
vn 0.9999198 -0.01266362 6.247776e-05
vn 2.34919e-06 1 5.557165e-08
vn -2.99807e-06 1 3.119408e-06
vn 4.040907e-06 1 -1.800357e-07
vn 2.292986e-07 1 1.390969e-07
vn 1.986056e-07 1 -2.493709e-07
vn 6.950748e-07 1 0
vn 6.124241e-07 1 -9.455889e-08
vn 3.681969e-06 1 1.133309e-05
vn 1.66515e-07 1 -4.499125e-07
vn 1.326884e-07 1 -4.761062e-07
vn 9.76497e-08 1 -2.835848e-07
vn 5.915668e-07 1 7.724817e-08
vn 5.576381e-07 1 -1.149392e-07
vn 5.243354e-07 1 -5.127654e-08
vn 0 1 0
vn 6.622669e-07 1 2.445701e-07
vn 6.264361e-07 1 2.883276e-07
vn 4.916083e-07 1 -6.471643e-08
vn 4.592068e-07 1 -6.905955e-08
vn 4.268866e-07 1 -1.976553e-08
vn 3.52351e-07 1 2.892078e-07
vn 3.256413e-07 1 -6.277921e-07
vn 6.121751e-08 1 -1.36231e-07
vn 2.319006e-08 1 -4.091176e-07
vn -1.656788e-08 1 -5.291798e-07
vn -5.818684e-08 1 -5.344758e-07
vn -1.019576e-07 1 -4.889737e-07
vn 0 1 -1.67056e-06
vn 0 1 1.101134e-07
vn 0 1 7.713395e-08
vn 3.946304e-07 1 -2.449924e-07
vn 3.706685e-07 1 3.909335e-07
vn 2.932701e-07 1 -7.683311e-07
vn 2.607967e-07 1 -1.06268e-07
vn 0 1 6.927286e-07
vn 0 1 -8.993961e-07
vn 0 1 -7.323336e-06
vn 0 1 -4.401442e-06
vn 0 1 -2.689155e-07
vn 0 1 2.273334e-06
vn 0 1 3.37976e-06
vn -9.830225e-06 -1 -6.346612e-06
vn -2.381523e-06 -1 -4.861014e-07
vn -3.815601e-06 -1 -1.968237e-07
vn 0 -1 -4.448093e-07
vn 1.332458e-06 -1 7.640268e-07
vn 0 -1 0
vn 0 -1 -8.129909e-08
vn 0 -1 -4.029303e-08
vn 0 -1 -2.629191e-08
vn 0 -1 6.846812e-08
vn 0 -1 -1.091508e-08
vn 0 -1 -5.600133e-08
vn 0 -1 -2.63586e-07
vn 0 -1 -2.238055e-07
vn 7.190393e-10 -1 2.001473e-09
vn -8.922648e-06 -1 -5.69256e-06
vn 0 -1 -1.007978e-06
vn 0 -1 6.802671e-07
vn 0 -1 8.578925e-07
vn 0 -1 -4.796669e-08
vn 0 -1 2.490946e-08
vn 0 -1 2.536937e-07
vn 0 -1 -4.383891e-07
vn 0 -1 1.469745e-06
vn 0 -1 2.003246e-07
vn 0 -1 6.487157e-07
vn 0 -1 5.738733e-07
vn 0 -1 7.859076e-08
vn 0 -1 1.099464e-07
vn 0 -1 -7.155582e-07
vn 0 -1 -2.590118e-06
vn 0 -1 2.560138e-07
vn 0 -1 1.278343e-07
vn 0 -1 7.544578e-06
vn 0 -1 -4.151751e-06
vn 0 -1 -2.416845e-07
vn 0 -1 -2.189351e-07
f 1//1 2//2 3//3
f 4//4 5//5 6//6
f 6//6 5//5 7//7
f 6//6 7//7 8//8
f 8//8 7//7 9//9
f 4//4 10//10 5//5
f 5//5 10//10 11//11
f 5//5 11//11 12//12
f 12//12 11//11 13//13
f 12//12 13//13 14//14
f 14//14 13//13 1//1
f 1//1 13//13 15//15
f 1//1 15//15 2//2
f 16//16 17//17 3//3
f 3//3 17//17 18//18
f 3//3 18//18 1//1
f 19//19 20//20 21//21
f 21//21 20//20 22//22
f 21//21 22//22 23//23
f 23//23 22//22 24//24
f 23//23 24//24 25//25
f 25//25 24//24 26//26
f 25//25 26//26 27//27
f 27//27 26//26 28//28
f 27//27 28//28 16//16
f 16//16 28//28 29//29
f 16//16 29//29 17//17
f 30//30 31//31 32//32
f 32//32 31//31 20//20
f 32//32 20//20 33//33
f 33//33 20//20 19//19
f 34//34 35//35 36//36
f 36//36 35//35 37//37
f 36//36 37//37 38//38
f 38//38 37//37 39//39
f 38//38 39//39 40//40
f 40//40 39//39 41//41
f 40//40 41//41 30//30
f 30//30 41//41 42//42
f 30//30 42//42 31//31
f 43//43 44//44 45//45
f 45//45 44//44 46//46
f 45//45 46//46 47//47
f 47//47 46//46 48//48
f 47//47 48//48 49//49
f 49//49 48//48 50//50
f 49//49 50//50 51//51
f 51//51 50//50 52//52
f 50//50 53//53 52//52
f 52//52 53//53 54//54
f 52//52 54//54 55//55
f 55//55 54//54 56//56
f 55//55 56//56 57//57
f 57//57 56//56 58//58
f 57//57 58//58 59//59
f 59//59 58//58 60//60
f 59//59 60//60 61//61
f 61//61 60//60 62//62
f 62//62 60//60 63//63
f 62//62 63//63 64//64
f 65//65 66//66 67//67
f 67//67 66//66 68//68
f 67//67 68//68 69//69
f 64//64 63//63 70//70
f 70//70 63//63 71//71
f 70//70 71//71 72//72
f 72//72 71//71 73//73
f 72//72 73//73 65//65
f 65//65 73//73 74//74
f 65//65 74//74 66//66
f 75//75 76//76 77//77
f 69//69 68//68 78//78
f 78//78 68//68 79//79
f 78//78 79//79 80//80
f 80//80 79//79 81//81
f 80//80 81//81 77//77
f 77//77 81//81 82//82
f 77//77 82//82 75//75
f 75//75 83//83 76//76
f 76//76 83//83 84//84
f 76//76 84//84 85//85
f 86//86 87//87 88//88
f 88//88 87//87 89//89
f 88//88 89//89 90//90
f 90//90 89//89 91//91
f 90//90 91//91 92//92
f 92//92 91//91 93//93
f 93//93 91//91 94//94
f 93//93 94//94 95//95
f 96//96 97//97 94//94
f 94//94 97//97 98//98
f 94//94 98//98 95//95
f 99//99 100//100 96//96
f 96//96 100//100 101//101
f 96//96 101//101 97//97
f 102//102 103//103 104//104
f 104//104 103//103 105//105
f 104//104 105//105 99//99
f 99//99 105//105 106//106
f 99//99 106//106 100//100
f 107//107 108//108 109//109
f 109//109 108//108 110//110
f 109//109 110//110 104//104
f 104//104 110//110 111//111
f 104//104 111//111 102//102
f 107//107 109//109 112//112
f 112//112 109//109 113//113
f 112//112 113//113 114//114
f 114//114 113//113 115//115
f 114//114 115//115 116//116
f 117//117 118//118 119//119
f 119//119 118//118 120//120
f 119//119 120//120 121//121
f 121//121 120//120 122//122
f 121//121 122//122 123//123
f 117//117 119//119 124//124
f 124//124 119//119 125//125
f 124//124 125//125 126//126
f 127//127 128//128 129//129
f 129//129 128//128 130//130
f 129//129 130//130 125//125
f 125//125 130//130 131//131
f 125//125 131//131 126//126
f 127//127 129//129 132//132
f 132//132 129//129 133//133
f 132//132 133//133 134//134
f 134//134 133//133 135//135
f 135//135 133//133 136//136
f 135//135 136//136 137//137
f 138//138 139//139 136//136
f 136//136 139//139 140//140
f 136//136 140//140 137//137
f 141//141 142//142 143//143
f 143//143 142//142 144//144
f 143//143 144//144 138//138
f 138//138 144//144 145//145
f 138//138 145//145 139//139
f 146//146 147//147 143//143
f 143//143 147//147 148//148
f 143//143 148//148 141//141
f 123//123 115//115 121//121
f 121//121 115//115 113//113
f 121//121 113//113 119//119
f 119//119 113//113 109//109
f 119//119 109//109 125//125
f 125//125 109//109 104//104
f 125//125 104//104 129//129
f 129//129 104//104 99//99
f 129//129 99//99 133//133
f 133//133 99//99 96//96
f 133//133 96//96 136//136
f 136//136 96//96 94//94
f 136//136 94//94 138//138
f 138//138 94//94 91//91
f 138//138 91//91 143//143
f 143//143 91//91 89//89
f 143//143 89//89 146//146
f 146//146 89//89 87//87
f 146//146 87//87 149//149
f 149//149 87//87 86//86
f 150//150 151//151 152//152
f 152//152 151//151 153//153
f 152//152 153//153 154//154
f 154//154 153//153 155//155
f 154//154 155//155 156//156
f 156//156 155//155 157//157
f 156//156 157//157 158//158
f 158//158 157//157 159//159
f 159//159 157//157 160//160
f 159//159 160//160 161//161
f 160//160 162//162 161//161
f 161//161 162//162 163//163
f 161//161 163//163 164//164
f 164//164 163//163 165//165
f 164//164 165//165 166//166
f 166//166 165//165 167//167
f 167//167 165//165 168//168
f 167//167 168//168 169//169
f 169//169 168//168 170//170
f 169//169 170//170 171//171
f 171//171 170//170 172//172
f 171//171 172//172 173//173
f 173//173 172//172 174//174
f 173//173 174//174 175//175
f 175//175 174//174 176//176
f 175//175 176//176 177//177
f 178//178 179//179 180//180
f 177//177 176//176 181//181
f 181//181 176//176 182//182
f 181//181 182//182 183//183
f 183//183 182//182 184//184
f 183//183 184//184 185//185
f 185//185 184//184 186//186
f 185//185 186//186 187//187
f 187//187 186//186 188//188
f 187//187 188//188 189//189
f 189//189 188//188 190//190
f 189//189 190//190 179//179
f 179//179 190//190 191//191
f 179//179 191//191 180//180
f 180//180 192//192 178//178
f 178//178 192//192 193//193
f 178//178 193//193 194//194
f 194//194 193//193 195//195
f 195//195 193//193 196//196
f 197//197 198//198 196//196
f 196//196 198//198 199//199
f 196//196 199//199 195//195
f 200//200 201//201 202//202
f 202//202 201//201 203//203
f 202//202 203//203 197//197
f 197//197 203//203 204//204
f 197//197 204//204 198//198
f 205//205 206//206 207//207
f 207//207 206//206 208//208
f 207//207 208//208 202//202
f 202//202 208//208 209//209
f 202//202 209//209 200//200
f 205//205 207//207 210//210
f 210//210 207//207 211//211
f 210//210 211//211 212//212
f 212//212 211//211 213//213
f 213//213 211//211 214//214
f 213//213 214//214 215//215
f 215//215 214//214 216//216
f 216//216 214//214 217//217
f 216//216 217//217 218//218
f 219//219 220//220 217//217
f 217//217 220//220 221//221
f 217//217 221//221 218//218
f 222//222 223//223 219//219
f 219//219 223//223 224//224
f 219//219 224//224 220//220
f 222//222 219//219 225//225
f 225//225 219//219 226//226
f 225//225 226//226 227//227
f 228//228 229//229 226//226
f 226//226 229//229 230//230
f 226//226 230//230 227//227
f 231//231 232//232 233//233
f 233//233 232//232 234//234
f 233//233 234//234 228//228
f 228//228 234//234 235//235
f 228//228 235//235 229//229
f 231//231 233//233 236//236
f 236//236 233//233 237//237
f 236//236 237//237 238//238
f 239//239 240//240 241//241
f 241//241 240//240 242//242
f 241//241 242//242 237//237
f 237//237 242//242 243//243
f 237//237 243//243 238//238
f 244//244 245//245 246//246
f 244//244 246//246 241//241
f 241//241 246//246 247//247
f 241//241 247//247 239//239
f 245//245 244//244 248//248
f 248//248 244//244 249//249
f 248//248 249//249 250//250
f 250//250 249//249 251//251
f 251//251 249//249 252//252
f 251//251 252//252 253//253
f 253//253 252//252 254//254
f 253//253 254//254 255//255
f 256//256 257//257 258//258
f 258//258 257//257 259//259
f 258//258 259//259 254//254
f 254//254 259//259 260//260
f 254//254 260//260 255//255
f 256//256 258//258 261//261
f 261//261 258//258 262//262
f 261//261 262//262 263//263
f 264//264 265//265 262//262
f 262//262 265//265 266//266
f 262//262 266//266 263//263
f 267//267 268//268 269//269
f 269//269 268//268 270//270
f 269//269 270//270 264//264
f 264//264 270//270 271//271
f 264//264 271//271 265//265
f 272//272 273//273 274//274
f 275//275 276//276 277//277
f 267//267 269//269 278//278
f 278//278 269//269 279//279
f 278//278 279//279 280//280
f 281//281 282//282 279//279
f 279//279 282//282 283//283
f 279//279 283//283 280//280
f 276//276 284//284 277//277
f 277//277 284//284 285//285
f 277//277 285//285 281//281
f 281//281 285//285 286//286
f 281//281 286//286 282//282
f 275//275 277//277 287//287
f 287//287 277//277 288//288
f 287//287 288//288 289//289
f 290//290 291//291 292//292
f 292//292 291//291 293//293
f 292//292 293//293 288//288
f 288//288 293//293 294//294
f 288//288 294//294 289//289
f 290//290 292//292 295//295
f 295//295 292//292 296//296
f 295//295 296//296 297//297
f 298//298 299//299 300//300
f 300//300 301//301 298//298
f 298//298 301//301 302//302
f 298//298 302//302 296//296
f 296//296 302//302 303//303
f 296//296 303//303 297//297
f 299//299 298//298 304//304
f 304//304 298//298 305//305
f 304//304 305//305 306//306
f 307//307 308//308 305//305
f 305//305 308//308 309//309
f 305//305 309//309 306//306
f 310//310 311//311 307//307
f 307//307 311//311 312//312
f 307//307 312//312 308//308
f 310//310 307//307 313//313
f 313//313 307//307 314//314
f 313//313 314//314 315//315
f 315//315 314//314 316//316
f 316//316 314//314 317//317
f 316//316 317//317 318//318
f 318//318 317//317 319//319
f 319//319 317//317 320//320
f 319//319 320//320 321//321
f 322//322 323//323 324//324
f 324//324 323//323 325//325
f 324//324 325//325 320//320
f 320//320 325//325 326//326
f 320//320 326//326 321//321
f 327//327 328//328 329//329
f 327//327 329//329 324//324
f 324//324 329//329 330//330
f 324//324 330//330 322//322
f 328//328 327//327 331//331
f 331//331 327//327 332//332
f 331//331 332//332 333//333
f 334//334 335//335 332//332
f 332//332 335//335 336//336
f 332//332 336//336 333//333
f 273//273 337//337 274//274
f 274//274 337//337 338//338
f 274//274 338//338 334//334
f 334//334 338//338 339//339
f 334//334 339//339 335//335
f 272//272 274//274 340//340
f 340//340 274//274 341//341
f 340//340 341//341 342//342
f 342//342 341//341 343//343
f 343//343 341//341 344//344
f 343//343 344//344 345//345
f 9//9 346//346 8//8
f 8//8 346//346 347//347
f 8//8 347//347 344//344
f 344//344 347//347 348//348
f 344//344 348//348 345//345
f 349//349 350//350 351//351
f 44//44 43//43 352//352
f 352//352 43//43 353//353
f 352//352 353//353 354//354
f 354//354 353//353 355//355
f 355//355 353//353 356//356
f 355//355 356//356 357//357
f 358//358 359//359 360//360
f 360//360 359//359 361//361
f 360//360 361//361 356//356
f 356//356 361//361 362//362
f 356//356 362//362 357//357
f 358//358 360//360 363//363
f 363//363 360//360 364//364
f 363//363 364//364 365//365
f 366//366 367//367 368//368
f 368//368 367//367 369//369
f 368//368 369//369 364//364
f 364//364 369//369 370//370
f 364//364 370//370 365//365
f 366//366 368//368 371//371
f 371//371 368//368 372//372
f 371//371 372//372 373//373
f 373//373 372//372 374//374
f 374//374 372//372 375//375
f 374//374 375//375 376//376
f 376//376 375//375 377//377
f 377//377 375//375 378//378
f 377//377 378//378 379//379
f 380//380 381//381 382//382
f 382//382 381//381 383//383
f 382//382 383//383 378//378
f 378//378 383//383 384//384
f 378//378 384//384 379//379
f 380//380 382//382 385//385
f 385//385 382//382 386//386
f 385//385 386//386 387//387
f 387//387 386//386 388//388
f 388//388 386//386 389//389
f 388//388 389//389 390//390
f 391//391 392//392 393//393
f 393//393 392//392 394//394
f 393//393 394//394 389//389
f 389//389 394//394 395//395
f 389//389 395//395 390//390
f 391//391 393//393 396//396
f 396//396 393//393 397//397
f 396//396 397//397 398//398
f 399//399 400//400 397//397
f 397//397 400//400 401//401
f 397//397 401//401 398//398
f 349//349 402//402 350//350
f 350//350 402//402 403//403
f 350//350 403//403 399//399
f 399//399 403//403 404//404
f 399//399 404//404 400//400
f 405//405 406//406 351//351
f 351//351 406//406 407//407
f 351//351 407//407 349//349
f 408//408 409//409 410//410
f 410//410 409//409 411//411
f 410//410 411//411 405//405
f 405//405 411//411 412//412
f 405//405 412//412 406//406
f 408//408 410//410 413//413
f 413//413 410//410 414//414
f 413//413 414//414 415//415
f 415//415 414//414 416//416
f 416//416 414//414 417//417
f 416//416 417//417 418//418
f 419//419 420//420 421//421
f 421//421 422//422 419//419
f 419//419 422//422 423//423
f 419//419 423//423 417//417
f 417//417 423//423 424//424
f 417//417 424//424 418//418
f 420//420 419//419 425//425
f 425//425 419//419 426//426
f 425//425 426//426 427//427
f 428//428 429//429 426//426
f 426//426 429//429 430//430
f 426//426 430//430 427//427
f 431//431 432//432 433//433
f 433//433 432//432 434//434
f 433//433 434//434 428//428
f 428//428 434//434 435//435
f 428//428 435//435 429//429
f 436//436 437//437 433//433
f 433//433 437//437 438//438
f 433//433 438//438 431//431
f 439//439 440//440 441//441
f 441//441 440//440 442//442
f 441//441 442//442 443//443
f 443//443 442//442 444//444
f 443//443 444//444 436//436
f 436//436 444//444 445//445
f 436//436 445//445 437//437
f 439//439 441//441 446//446
f 446//446 441//441 447//447
f 446//446 447//447 448//448
f 449//449 450//450 447//447
f 447//447 450//450 451//451
f 447//447 451//451 448//448
f 452//452 453//453 454//454
f 454//454 453//453 455//455
f 454//454 455//455 449//449
f 449//449 455//455 456//456
f 449//449 456//456 450//450
f 452//452 454//454 457//457
f 457//457 454//454 458//458
f 457//457 458//458 459//459
f 460//460 461//461 458//458
f 458//458 461//461 462//462
f 458//458 462//462 459//459
f 463//463 464//464 460//460
f 460//460 464//464 465//465
f 460//460 465//465 461//461
f 466//466 467//467 468//468
f 468//468 467//467 469//469
f 468//468 469//469 463//463
f 463//463 469//469 470//470
f 463//463 470//470 464//464
f 466//466 468//468 471//471
f 471//471 468//468 472//472
f 471//471 472//472 473//473
f 474//474 475//475 472//472
f 472//472 475//475 476//476
f 472//472 476//476 473//473
f 477//477 478//478 479//479
f 479//479 478//478 480//480
f 479//479 480//480 474//474
f 474//474 480//480 481//481
f 474//474 481//481 475//475
f 477//477 479//479 482//482
f 482//482 479//479 483//483
f 482//482 483//483 484//484
f 485//485 486//486 487//487
f 487//487 486//486 488//488
f 487//487 488//488 483//483
f 483//483 488//488 489//489
f 483//483 489//489 484//484
f 485//485 487//487 490//490
f 490//490 487//487 491//491
f 490//490 491//491 492//492
f 492//492 491//491 493//493
f 493//493 491//491 494//494
f 493//493 494//494 495//495
f 149//149 86//86 496//496
f 496//496 497//497 149//149
f 149//149 497//497 495//495
f 149//149 495//495 146//146
f 146//146 495//495 494//494
f 146//146 494//494 147//147
f 498//498 499//499 500//500
f 151//151 150//150 501//501
f 501//501 150//150 502//502
f 501//501 502//502 503//503
f 503//503 502//502 504//504
f 504//504 502//502 505//505
f 504//504 505//505 506//506
f 507//507 508//508 509//509
f 509//509 508//508 510//510
f 509//509 510//510 505//505
f 505//505 510//510 511//511
f 505//505 511//511 506//506
f 507//507 509//509 512//512
f 512//512 509//509 513//513
f 512//512 513//513 514//514
f 515//515 516//516 517//517
f 517//517 516//516 518//518
f 517//517 518//518 513//513
f 513//513 518//518 519//519
f 513//513 519//519 514//514
f 515//515 517//517 520//520
f 520//520 517//517 521//521
f 520//520 521//521 522//522
f 522//522 521//521 523//523
f 523//523 521//521 524//524
f 523//523 524//524 525//525
f 525//525 524//524 526//526
f 526//526 524//524 527//527
f 526//526 527//527 528//528
f 529//529 530//530 531//531
f 531//531 530//530 532//532
f 531//531 532//532 527//527
f 527//527 532//532 533//533
f 527//527 533//533 528//528
f 529//529 531//531 534//534
f 534//534 531//531 535//535
f 534//534 535//535 536//536
f 536//536 535//535 537//537
f 537//537 535//535 538//538
f 537//537 538//538 539//539
f 540//540 541//541 542//542
f 542//542 541//541 543//543
f 542//542 543//543 538//538
f 538//538 543//543 544//544
f 538//538 544//544 539//539
f 540//540 542//542 545//545
f 545//545 542//542 546//546
f 545//545 546//546 547//547
f 548//548 549//549 546//546
f 546//546 549//549 550//550
f 546//546 550//550 547//547
f 498//498 551//551 499//499
f 499//499 551//551 552//552
f 499//499 552//552 548//548
f 548//548 552//552 553//553
f 548//548 553//553 549//549
f 554//554 555//555 500//500
f 500//500 555//555 556//556
f 500//500 556//556 498//498
f 557//557 558//558 559//559
f 559//559 558//558 560//560
f 559//559 560//560 554//554
f 554//554 560//560 561//561
f 554//554 561//561 555//555
f 557//557 559//559 562//562
f 562//562 559//559 563//563
f 562//562 563//563 564//564
f 564//564 563//563 565//565
f 565//565 563//563 566//566
f 565//565 566//566 567//567
f 568//568 569//569 570//570
f 570//570 569//569 571//571
f 570//570 571//571 566//566
f 566//566 571//571 572//572
f 566//566 572//572 567//567
f 573//573 574//574 575//575
f 568//568 570//570 576//576
f 576//576 570//570 577//577
f 576//576 577//577 578//578
f 579//579 580//580 577//577
f 577//577 580//580 581//581
f 577//577 581//581 578//578
f 582//582 583//583 584//584
f 584//584 583//583 585//585
f 584//584 585//585 579//579
f 579//579 585//585 586//586
f 579//579 586//586 580//580
f 587//587 588//588 584//584
f 584//584 588//588 589//589
f 584//584 589//589 582//582
f 590//590 591//591 592//592
f 592//592 591//591 593//593
f 592//592 593//593 594//594
f 594//594 593//593 595//595
f 594//594 595//595 587//587
f 587//587 595//595 596//596
f 587//587 596//596 588//588
f 590//590 592//592 597//597
f 597//597 592//592 598//598
f 597//597 598//598 599//599
f 600//600 601//601 598//598
f 598//598 601//601 602//602
f 598//598 602//602 599//599
f 603//603 604//604 605//605
f 605//605 604//604 606//606
f 605//605 606//606 600//600
f 600//600 606//606 607//607
f 600//600 607//607 601//601
f 608//608 609//609 610//610
f 610//610 609//609 611//611
f 610//610 611//611 605//605
f 605//605 611//611 612//612
f 605//605 612//612 603//603
f 608//608 610//610 613//613
f 613//613 610//610 614//614
f 613//613 614//614 615//615
f 615//615 614//614 616//616
f 616//616 614//614 617//617
f 616//616 617//617 618//618
f 618//618 617//617 619//619
f 619//619 617//617 620//620
f 619//619 620//620 621//621
f 622//622 623//623 620//620
f 620//620 623//623 624//624
f 620//620 624//624 621//621
f 625//625 622//622 626//626
f 626//626 622//622 627//627
f 625//625 628//628 622//622
f 622//622 628//628 629//629
f 622//622 629//629 623//623
f 574//574 630//630 575//575
f 575//575 630//630 631//631
f 575//575 631//631 627//627
f 627//627 631//631 632//632
f 627//627 632//632 626//626
f 573//573 575//575 633//633
f 633//633 575//575 634//634
f 633//633 634//634 635//635
f 635//635 634//634 636//636
f 636//636 634//634 637//637
f 636//636 637//637 638//638
f 639//639 640//640 637//637
f 637//637 640//640 641//641
f 637//637 641//641 638//638
f 642//642 643//643 639//639
f 639//639 643//643 644//644
f 639//639 644//644 640//640
f 116//116 645//645 642//642
f 642//642 645//645 646//646
f 642//642 646//646 643//643
f 123//123 122//122 647//647
f 116//116 115//115 645//645
f 645//645 115//115 123//123
f 645//645 123//123 648//648
f 648//648 123//123 647//647
f 649//649 650//650 651//651
f 651//651 650//650 652//652
f 653//653 654//654 652//652
f 652//652 654//654 655//655
f 652//652 655//655 651//651
f 656//656 657//657 658//658
f 658//658 657//657 659//659
f 658//658 659//659 653//653
f 653//653 659//659 660//660
f 653//653 660//660 654//654
f 656//656 658//658 661//661
f 661//661 658//658 662//662
f 661//661 662//662 663//663
f 664//664 665//665 666//666
f 666//666 665//665 667//667
f 666//666 667//667 662//662
f 662//662 667//667 668//668
f 662//662 668//668 663//663
f 664//664 666//666 669//669
f 669//669 666//666 670//670
f 669//669 670//670 671//671
f 672//672 673//673 674//674
f 674//674 673//673 675//675
f 674//674 675//675 670//670
f 670//670 675//675 676//676
f 670//670 676//676 671//671
f 677//677 678//678 679//679
f 679//679 678//678 680//680
f 679//679 680//680 674//674
f 674//674 680//680 681//681
f 674//674 681//681 672//672
f 677//677 679//679 682//682
f 682//682 679//679 683//683
f 682//682 683//683 684//684
f 685//685 686//686 683//683
f 683//683 686//686 687//687
f 683//683 687//687 684//684
f 688//688 689//689 685//685
f 685//685 689//689 690//690
f 685//685 690//690 686//686
f 691//691 692//692 693//693
f 693//693 692//692 694//694
f 693//693 694//694 688//688
f 688//688 694//694 695//695
f 688//688 695//695 689//689
f 691//691 693//693 696//696
f 696//696 693//693 697//697
f 696//696 697//697 698//698
f 699//699 700//700 697//697
f 697//697 700//700 701//701
f 697//697 701//701 698//698
f 702//702 703//703 704//704
f 704//704 703//703 705//705
f 704//704 705//705 699//699
f 699//699 705//705 706//706
f 699//699 706//706 700//700
f 707//707 708//708 709//709
f 709//709 708//708 710//710
f 709//709 710//710 704//704
f 704//704 710//710 711//711
f 704//704 711//711 702//702
f 707//707 709//709 712//712
f 712//712 709//709 713//713
f 712//712 713//713 714//714
f 714//714 713//713 715//715
f 715//715 713//713 716//716
f 715//715 716//716 717//717
f 718//718 719//719 720//720
f 720//720 719//719 721//721
f 720//720 721//721 716//716
f 716//716 721//721 722//722
f 716//716 722//722 717//717
f 718//718 720//720 723//723
f 723//723 720//720 35//35
f 723//723 35//35 34//34
f 85//85 84//84 724//724
f 724//724 84//84 725//725
f 726//726 727//727 725//725
f 725//725 727//727 728//728
f 725//725 728//728 724//724
f 729//729 730//730 731//731
f 731//731 730//730 732//732
f 731//731 732//732 726//726
f 726//726 732//732 733//733
f 726//726 733//733 727//727
f 734//734 735//735 736//736
f 736//736 735//735 737//737
f 736//736 737//737 731//731
f 731//731 737//737 738//738
f 731//731 738//738 729//729
f 734//734 736//736 739//739
f 739//739 736//736 740//740
f 739//739 740//740 741//741
f 741//741 740//740 742//742
f 742//742 740//740 743//743
f 742//742 743//743 744//744
f 744//744 743//743 745//745
f 745//745 743//743 746//746
f 745//745 746//746 747//747
f 748//748 749//749 746//746
f 746//746 749//749 750//750
f 746//746 750//750 747//747
f 751//751 752//752 748//748
f 748//748 752//752 753//753
f 748//748 753//753 749//749
f 751//751 748//748 754//754
f 754//754 748//748 755//755
f 754//754 755//755 756//756
f 757//757 758//758 755//755
f 755//755 758//758 759//759
f 755//755 759//759 756//756
f 760//760 761//761 762//762
f 762//762 761//761 763//763
f 762//762 763//763 757//757
f 757//757 763//763 764//764
f 757//757 764//764 758//758
f 765//765 766//766 762//762
f 762//762 766//766 767//767
f 762//762 767//767 760//760
f 768//768 769//769 765//765
f 765//765 769//769 770//770
f 765//765 770//770 766//766
f 771//771 768//768 772//772
f 772//772 768//768 773//773
f 771//771 774//774 768//768
f 768//768 774//774 775//775
f 768//768 775//775 769//769
f 776//776 777//777 778//778
f 778//778 777//777 779//779
f 778//778 779//779 773//773
f 773//773 779//779 780//780
f 773//773 780//780 772//772
f 776//776 778//778 781//781
f 781//781 778//778 782//782
f 781//781 782//782 783//783
f 784//784 785//785 786//786
f 786//786 785//785 787//787
f 786//786 787//787 782//782
f 782//782 787//787 788//788
f 782//782 788//788 783//783
f 784//784 786//786 789//789
f 789//789 786//786 790//790
f 789//789 790//790 791//791
f 792//792 793//793 790//790
f 790//790 793//793 794//794
f 790//790 794//794 791//791
f 649//649 795//795 650//650
f 650//650 795//795 796//796
f 650//650 796//796 792//792
f 792//792 796//796 797//797
f 792//792 797//797 793//793
f 153//798 151//799 34//800
f 34//800 36//801 153//798
f 153//798 36//801 38//802
f 153//798 38//802 155//803
f 155//803 38//802 40//804
f 163//805 162//806 30//807
f 30//807 162//806 160//808
f 30//807 160//808 40//804
f 40//804 160//808 157//809
f 40//804 157//809 155//803
f 165//810 21//811 168//812
f 168//812 21//811 170//813
f 30//807 32//814 163//805
f 163//805 32//814 33//815
f 163//805 33//815 165//810
f 165//810 33//815 19//816
f 165//810 19//816 21//811
f 21//811 23//817 170//813
f 170//813 23//817 25//818
f 170//813 25//818 172//819
f 25//818 27//820 172//819
f 172//819 27//820 16//821
f 172//819 16//821 174//822
f 174//822 16//821 3//823
f 174//822 3//823 176//824
f 176//824 3//823 2//825
f 176//824 2//825 15//826
f 188//827 186//828 13//829
f 13//829 186//828 184//830
f 13//829 184//830 15//826
f 15//826 184//830 182//831
f 15//826 182//831 176//824
f 190//832 6//833 191//834
f 191//834 6//833 180//835
f 13//829 11//836 188//827
f 188//827 11//836 10//837
f 188//827 10//837 190//832
f 190//832 10//837 4//838
f 190//832 4//838 6//833
f 76//839 85//840 122//841
f 140//842 139//843 52//844
f 148//845 45//846 141//847
f 141//847 45//846 142//848
f 142//848 45//846 144//849
f 144//849 45//846 47//850
f 144//849 47//850 145//851
f 145//851 47//850 49//852
f 145//851 49//852 139//843
f 139//843 49//852 51//853
f 139//843 51//853 52//844
f 57//854 134//855 55//856
f 55//856 134//855 135//857
f 55//856 135//857 52//844
f 52//844 135//857 137//858
f 52//844 137//858 140//842
f 57//854 59//859 134//855
f 134//855 59//859 61//860
f 134//855 61//860 132//861
f 61//860 62//862 132//861
f 132//861 62//862 64//863
f 132//861 64//863 70//864
f 130//865 128//866 70//864
f 70//864 128//866 127//867
f 70//864 127//867 132//861
f 70//864 72//868 130//865
f 130//865 72//868 65//869
f 130//865 65//869 131//870
f 131//870 65//869 67//871
f 131//870 67//871 126//872
f 126//872 67//871 124//873
f 76//839 122//841 77//874
f 67//871 69//875 124//873
f 124//873 69//875 78//876
f 124//873 78//876 117//877
f 117//877 78//876 80//878
f 117//877 80//878 118//879
f 118//879 80//878 77//874
f 118//879 77//874 120//880
f 120//880 77//874 122//841
f 45//846 148//845 43//881
f 43//881 148//845 147//882
f 43//881 147//882 353//883
f 375//884 147//882 378//885
f 378//885 147//882 494//886
f 389//887 386//888 443//889
f 468//890 463//891 378//885
f 417//892 443//889 419//893
f 419//893 443//889 426//894
f 386//888 382//895 443//889
f 443//889 382//895 378//885
f 443//889 378//885 441//896
f 468//890 378//885 472//897
f 463//891 460//898 378//885
f 378//885 460//898 458//899
f 378//885 458//899 454//900
f 436//892 433//901 443//889
f 443//889 433//901 428//902
f 443//889 428//902 426//894
f 417//892 414//903 443//889
f 443//889 414//903 410//904
f 443//889 410//904 405//905
f 375//884 372//906 147//882
f 147//882 372//906 368//907
f 147//882 368//907 364//908
f 364//908 360//909 147//882
f 147//882 360//909 356//910
f 147//882 356//910 353//883
f 405//905 351//911 443//889
f 443//889 351//911 350//912
f 443//889 350//912 399//913
f 454//900 449//914 378//885
f 378//885 449//914 447//915
f 378//885 447//915 441//896
f 399//913 397//916 443//889
f 443//889 397//916 393//917
f 443//889 393//917 389//887
f 494//886 491//918 378//885
f 378//885 491//918 487//919
f 378//885 487//919 483//920
f 483//920 479//921 378//885
f 378//885 479//921 474//922
f 378//885 474//922 472//897
f 196//923 193//924 320//925
f 320//925 193//924 192//926
f 320//925 192//926 324//927
f 180//835 6//833 192//926
f 192//926 6//833 8//928
f 192//926 8//928 344//929
f 233//930 228//931 320//925
f 281//932 279//933 307//934
f 307//934 279//933 269//935
f 269//935 264//936 307//934
f 307//934 264//936 262//937
f 307//934 262//937 258//938
f 344//929 341//939 192//926
f 192//926 341//939 274//940
f 192//926 274//940 334//941
f 334//941 332//942 192//926
f 192//926 332//942 327//943
f 192//926 327//943 324//927
f 317//944 314//945 252//946
f 252//946 314//945 307//934
f 252//946 307//934 254//947
f 254//947 307//934 258//938
f 317//944 252//946 320//925
f 320//925 252//946 249//948
f 320//925 249//948 244//949
f 228//931 226//950 320//925
f 320//925 226//950 219//951
f 320//925 219//951 217//952
f 244//949 241//953 320//925
f 320//925 241//953 237//954
f 320//925 237//954 233//930
f 305//955 288//956 307//934
f 307//934 288//956 277//957
f 307//934 277//957 281//932
f 305//955 298//955 288//956
f 288//956 298//955 296//955
f 288//956 296//955 292//955
f 217//952 214//958 320//925
f 320//925 214//958 211//959
f 320//925 211//959 207//960
f 207//960 202//961 320//925
f 320//925 202//961 197//962
f 320//925 197//962 196//923
f 649//963 568//964 795//965
f 795//965 568//964 576//966
f 795//965 576//966 796//967
f 796//967 576//966 797//968
f 576//966 578//969 797//968
f 797//968 578//969 581//970
f 797//968 581//970 793//971
f 793//971 581//970 580//972
f 793//971 580//972 794//973
f 794//973 580//972 586//974
f 794//973 586//974 791//975
f 791//975 586//974 585//976
f 791//975 585//976 789//977
f 789//977 585//976 784//978
f 784//978 585//976 583//979
f 784//978 583//979 785//980
f 583//979 582//981 785//980
f 785//980 582//981 589//982
f 785//980 589//982 787//983
f 589//982 588//984 787//983
f 787//983 588//984 596//985
f 787//983 596//985 788//986
f 788//986 596//985 595//987
f 788//986 595//987 783//988
f 783//988 595//987 781//989
f 781//989 595//987 593//990
f 781//989 593//990 776//991
f 776//991 593//990 591//992
f 776//991 591//992 777//993
f 601//994 771//995 602//996
f 602//996 771//995 772//997
f 602//996 772//997 599//998
f 599//998 772//997 780//999
f 777//993 591//992 779//1000
f 779//1000 591//992 590//1001
f 779//1000 590//1001 780//999
f 780//999 590//1001 597//1002
f 780//999 597//1002 599//998
f 604//1003 770//1004 606//1005
f 606//1005 770//1004 769//1006
f 606//1005 769//1006 607//1007
f 607//1007 769//1006 775//1008
f 607//1007 775//1008 601//994
f 601//994 775//1008 774//1009
f 601//994 774//1009 771//995
f 608//1010 760//1011 609//1012
f 609//1012 760//1011 767//1013
f 609//1012 767//1013 611//1014
f 611//1014 767//1013 766//1015
f 611//1014 766//1015 612//1016
f 612//1016 766//1015 770//1004
f 612//1016 770//1004 603//1017
f 603//1017 770//1004 604//1003
f 616//1018 758//1019 615//1020
f 615//1020 758//1019 764//1021
f 615//1020 764//1021 613//1022
f 613//1022 764//1021 763//1023
f 613//1022 763//1023 608//1010
f 608//1010 763//1023 761//1024
f 608//1010 761//1024 760//1011
f 750//1025 749//1026 623//1027
f 623//1027 749//1026 753//1028
f 623//1027 753//1028 624//1029
f 624//1029 753//1028 752//1030
f 624//1029 752//1030 621//1031
f 621//1031 752//1030 751//1032
f 621//1031 751//1032 619//1033
f 619//1033 751//1032 754//1034
f 619//1033 754//1034 618//1035
f 618//1035 754//1034 756//1036
f 618//1035 756//1036 616//1018
f 616//1018 756//1036 759//1037
f 616//1018 759//1037 758//1019
f 623//1027 629//1038 750//1025
f 750//1025 629//1038 628//1039
f 750//1025 628//1039 747//1040
f 747//1040 628//1039 625//1041
f 747//1040 625//1041 745//1042
f 745//1042 625//1041 626//1043
f 745//1042 626//1043 744//1044
f 744//1044 626//1043 632//1045
f 744//1044 632//1045 742//1046
f 632//1045 631//1047 742//1046
f 742//1046 631//1047 630//1048
f 742//1046 630//1048 741//1049
f 741//1049 630//1048 574//1050
f 741//1049 574//1050 739//1051
f 739//1051 574//1050 573//1052
f 739//1051 573//1052 734//1053
f 734//1053 573//1052 633//1054
f 734//1053 633//1054 735//1055
f 735//1055 633//1054 635//1056
f 735//1055 635//1056 737//1057
f 737//1057 635//1056 636//1058
f 737//1057 636//1058 738//1059
f 738//1059 636//1058 638//1060
f 738//1059 638//1060 729//1061
f 729//1061 638//1060 641//1062
f 729//1061 641//1062 730//1063
f 730//1063 641//1062 640//1064
f 730//1063 640//1064 732//1065
f 732//1065 640//1064 644//1066
f 732//1065 644//1066 733//1067
f 733//1067 644//1066 643//1068
f 733//1067 643//1068 727//1069
f 643//1068 646//1070 727//1069
f 727//1069 646//1070 645//1071
f 727//1069 645//1071 728//1072
f 728//1072 645//1071 648//1073
f 728//1072 648//1073 724//1074
f 724//1074 648//1073 647//1075
f 724//1074 647//1075 85//840
f 85//840 647//1075 122//841
f 673//1076 672//1077 550//1078
f 34//800 151//799 723//1079
f 723//1079 151//799 501//1080
f 723//1079 501//1080 718//1081
f 718//1081 501//1080 719//1082
f 719//1082 501//1080 503//1083
f 719//1082 503//1083 721//1084
f 721//1084 503//1083 504//1085
f 721//1084 504//1085 722//1086
f 722//1086 504//1085 506//1087
f 722//1086 506//1087 717//1088
f 717//1088 506//1087 511//1089
f 717//1088 511//1089 715//1090
f 715//1090 511//1089 510//1091
f 715//1090 510//1091 714//1092
f 714//1092 510//1091 508//1093
f 714//1092 508//1093 712//1094
f 712//1094 508//1093 507//1095
f 712//1094 507//1095 707//1096
f 707//1096 507//1095 512//1097
f 707//1096 512//1097 708//1098
f 708//1098 512//1097 514//1099
f 708//1098 514//1099 710//1100
f 710//1100 514//1099 519//1101
f 710//1100 519//1101 711//1102
f 711//1102 519//1101 518//1103
f 711//1102 518//1103 702//1104
f 702//1104 518//1103 516//1105
f 702//1104 516//1105 703//1106
f 703//1106 516//1105 515//1107
f 703//1106 515//1107 705//1108
f 705//1108 515//1107 520//1109
f 705//1108 520//1109 706//1110
f 706//1110 520//1109 522//1111
f 706//1110 522//1111 700//1112
f 700//1112 522//1111 523//1113
f 700//1112 523//1113 701//1114
f 701//1114 523//1113 525//1115
f 701//1114 525//1115 698//1116
f 698//1116 525//1115 526//1117
f 698//1116 526//1117 696//1118
f 696//1118 526//1117 691//1119
f 691//1119 526//1117 528//1120
f 691//1119 528//1120 533//1121
f 695//1122 694//1123 532//1124
f 532//1124 694//1123 533//1121
f 533//1121 694//1123 692//1125
f 533//1121 692//1125 691//1119
f 532//1124 530//1126 695//1122
f 695//1122 530//1126 529//1127
f 695//1122 529//1127 689//1128
f 689//1128 529//1127 534//1129
f 689//1128 534//1129 690//1130
f 690//1130 534//1129 536//1131
f 690//1130 536//1131 686//1132
f 686//1132 536//1131 537//1133
f 686//1132 537//1133 687//1134
f 687//1134 537//1133 539//1135
f 687//1134 539//1135 684//1136
f 684//1136 539//1135 544//1137
f 684//1136 544//1137 682//1138
f 544//1137 543//1139 682//1138
f 682//1138 543//1139 541//1140
f 682//1138 541//1140 677//1141
f 677//1141 541//1140 540//1142
f 677//1141 540//1142 678//1143
f 678//1143 540//1142 545//1144
f 550//1078 672//1077 547//1145
f 547//1145 672//1077 681//1146
f 547//1145 681//1146 545//1144
f 545//1144 681//1146 680//1147
f 545//1144 680//1147 678//1143
f 673//1076 550//1078 675//1148
f 675//1148 550//1078 549//1149
f 675//1148 549//1149 676//1150
f 676//1150 549//1149 553//1151
f 676//1150 553//1151 671//1152
f 671//1152 553//1151 552//1153
f 671//1152 552//1153 669//1154
f 669//1154 552//1153 551//1155
f 669//1154 551//1155 664//1156
f 664//1156 551//1155 498//1157
f 664//1156 498//1157 665//1158
f 665//1158 498//1157 556//1159
f 665//1158 556//1159 667//1160
f 667//1160 556//1159 668//1161
f 668//1161 556//1159 555//1162
f 668//1161 555//1162 663//1163
f 663//1163 555//1162 561//1164
f 663//1163 561//1164 661//1165
f 661//1165 561//1164 560//1166
f 661//1165 560//1166 656//1167
f 656//1167 560//1166 558//1168
f 656//1167 558//1168 657//1169
f 657//1169 558//1168 557//1170
f 657//1169 557//1170 659//1171
f 659//1171 557//1170 562//1172
f 659//1171 562//1172 660//1173
f 562//1172 564//1174 660//1173
f 660//1173 564//1174 565//1175
f 660//1173 565//1175 654//1176
f 654//1176 565//1175 567//1177
f 654//1176 567//1177 655//1178
f 655//1178 567//1177 572//1179
f 655//1178 572//1179 651//1180
f 651//1180 572//1179 571//1181
f 651//1180 571//1181 649//963
f 649//963 571//1181 569//1182
f 649//963 569//1182 568//964
f 112//1183 114//1184 152//1185
f 189//1186 179//1187 90//1188
f 90//1188 179//1187 88//1189
f 88//1189 179//1187 86//1190
f 86//1190 179//1187 178//1191
f 86//1190 178//1191 194//1192
f 189//1186 90//1188 187//1193
f 187//1193 90//1188 92//1194
f 187//1193 92//1194 185//1195
f 185//1195 92//1194 93//1196
f 185//1195 93//1196 183//1197
f 183//1197 93//1196 95//1198
f 183//1197 95//1198 181//1199
f 97//1200 175//1201 177//1202
f 181//1199 95//1198 177//1202
f 177//1202 95//1198 98//1203
f 177//1202 98//1203 97//1200
f 175//1201 97//1200 173//1204
f 173//1204 97//1200 101//1205
f 173//1204 101//1205 171//1206
f 171//1206 101//1205 169//1207
f 169//1207 101//1205 100//1208
f 169//1207 100//1208 167//1209
f 159//1210 161//1211 106//1212
f 106//1212 161//1211 164//1213
f 106//1212 164//1213 100//1208
f 100//1208 164//1213 166//1214
f 100//1208 166//1214 167//1209
f 106//1212 105//1215 159//1210
f 159//1210 105//1215 103//1216
f 159//1210 103//1216 158//1217
f 103//1216 102//1218 158//1217
f 158//1217 102//1218 111//1219
f 158//1217 111//1219 156//1220
f 156//1220 111//1219 110//1221
f 156//1220 110//1221 154//1222
f 154//1222 110//1221 108//1223
f 154//1222 108//1223 152//1185
f 152//1185 108//1223 107//1224
f 152//1185 107//1224 112//1183
f 41//1225 39//1226 68//1227
f 44//1228 9//1229 7//1230
f 29//1231 60//1232 17//1233
f 17//1233 60//1232 58//1234
f 17//1233 58//1234 18//1235
f 18//1235 58//1234 56//1236
f 18//1235 56//1236 1//1237
f 1//1237 56//1236 54//1238
f 1//1237 54//1238 14//1239
f 14//1239 54//1238 53//1240
f 14//1239 53//1240 12//1241
f 12//1241 53//1240 50//1242
f 12//1241 50//1242 5//1243
f 5//1243 50//1242 48//1244
f 5//1243 48//1244 7//1230
f 7//1230 48//1244 46//1245
f 7//1230 46//1245 44//1228
f 29//1231 28//1246 60//1232
f 60//1232 28//1246 26//1247
f 60//1232 26//1247 63//1248
f 63//1248 26//1247 24//1249
f 63//1248 24//1249 71//1250
f 24//1249 22//1251 71//1250
f 71//1250 22//1251 20//1252
f 71//1250 20//1252 73//1253
f 73//1253 20//1252 31//1254
f 73//1253 31//1254 74//1255
f 74//1255 31//1254 66//1256
f 66//1256 31//1254 68//1227
f 68//1227 31//1254 42//1257
f 68//1227 42//1257 41//1225
f 75//1258 82//1259 37//1260
f 37//1260 82//1259 81//1261
f 37//1260 81//1261 39//1226
f 39//1226 81//1261 79//1262
f 39//1226 79//1262 68//1227
f 238//1263 243//1264 452//1265
f 268//1266 267//1267 420//1268
f 268//1266 420//1268 270//1269
f 270//1269 420//1268 425//1270
f 270//1269 425//1270 271//1271
f 271//1271 425//1270 427//1272
f 271//1271 427//1272 265//1273
f 427//1272 430//1274 265//1273
f 265//1273 430//1274 429//1275
f 265//1273 429//1275 266//1276
f 266//1276 429//1275 435//1277
f 266//1276 435//1277 263//1278
f 263//1278 435//1277 261//1279
f 261//1279 435//1277 434//1280
f 261//1279 434//1280 256//1281
f 256//1281 434//1280 432//1282
f 256//1281 432//1282 257//1283
f 432//1282 431//1284 257//1283
f 257//1283 431//1284 438//1285
f 257//1283 438//1285 259//1286
f 259//1286 438//1285 437//1287
f 259//1286 437//1287 260//1288
f 437//1287 445//1289 260//1288
f 260//1288 445//1289 444//1290
f 260//1288 444//1290 255//1291
f 255//1291 444//1290 442//1292
f 452//1265 243//1264 453//1293
f 453//1293 243//1264 455//1294
f 455//1294 243//1264 242//1295
f 455//1294 242//1295 456//1296
f 242//1295 240//1297 456//1296
f 456//1296 240//1297 239//1298
f 456//1296 239//1298 450//1299
f 450//1299 239//1298 247//1300
f 450//1299 247//1300 451//1301
f 451//1301 247//1300 246//1302
f 451//1301 246//1302 448//1303
f 448//1303 246//1302 245//1304
f 448//1303 245//1304 446//1305
f 446//1305 245//1304 248//1306
f 446//1305 248//1306 439//1307
f 439//1307 248//1306 250//1308
f 439//1307 250//1308 440//1309
f 440//1309 250//1308 251//1310
f 440//1309 251//1310 442//1292
f 442//1292 251//1310 253//1311
f 442//1292 253//1311 255//1291
f 238//1263 452//1265 236//1312
f 236//1312 452//1265 457//1313
f 236//1312 457//1313 231//1314
f 231//1314 457//1313 459//1315
f 231//1314 459//1315 232//1316
f 232//1316 459//1315 462//1317
f 232//1316 462//1317 234//1318
f 234//1318 462//1317 461//1319
f 234//1318 461//1319 235//1320
f 235//1320 461//1319 465//1321
f 235//1320 465//1321 229//1322
f 229//1322 465//1321 464//1323
f 229//1322 464//1323 230//1324
f 230//1324 464//1323 227//1325
f 227//1325 464//1323 470//1326
f 227//1325 470//1326 225//1327
f 225//1327 470//1326 469//1328
f 225//1327 469//1328 222//1329
f 469//1328 467//1330 222//1329
f 222//1329 467//1330 466//1331
f 222//1329 466//1331 223//1332
f 223//1332 466//1331 224//1333
f 224//1333 466//1331 220//1334
f 220//1334 466//1331 471//1335
f 220//1334 471//1335 221//1336
f 221//1336 471//1335 473//1337
f 221//1336 473//1337 218//1338
f 473//1337 476//1339 218//1338
f 218//1338 476//1339 475//1340
f 218//1338 475//1340 216//1341
f 216//1341 475//1340 481//1342
f 216//1341 481//1342 215//1343
f 215//1343 481//1342 213//1344
f 481//1342 480//1345 213//1344
f 213//1344 480//1345 478//1346
f 213//1344 478//1346 212//1347
f 212//1347 478//1346 477//1348
f 212//1347 477//1348 210//1349
f 210//1349 477//1348 482//1350
f 210//1349 482//1350 205//1351
f 205//1351 482//1350 484//1352
f 205//1351 484//1352 206//1353
f 206//1353 484//1352 489//1354
f 206//1353 489//1354 208//1355
f 208//1355 489//1354 488//1356
f 208//1355 488//1356 209//1357
f 209//1357 488//1356 486//1358
f 209//1357 486//1358 200//1359
f 200//1359 486//1358 485//1360
f 200//1359 485//1360 201//1361
f 201//1361 485//1360 490//1362
f 201//1361 490//1362 203//1363
f 203//1363 490//1362 204//1364
f 204//1364 490//1362 492//1365
f 204//1364 492//1365 198//1366
f 198//1366 492//1365 493//1367
f 198//1366 493//1367 199//1368
f 199//1368 493//1367 495//1369
f 199//1368 495//1369 195//1370
f 195//1370 495//1369 497//1371
f 195//1370 497//1371 194//1192
f 194//1192 497//1371 496//1372
f 194//1192 496//1372 86//1190
f 358//1373 363//1374 338//1375
f 338//1375 363//1374 339//1376
f 338//1375 337//1377 358//1373
f 358//1373 337//1377 273//1378
f 358//1373 273//1378 359//1379
f 359//1379 273//1378 272//1380
f 359//1379 272//1380 361//1381
f 361//1381 272//1380 340//1382
f 361//1381 340//1382 362//1383
f 362//1383 340//1382 342//1384
f 362//1383 342//1384 357//1385
f 357//1385 342//1384 343//1386
f 357//1385 343//1386 355//1387
f 355//1387 343//1386 345//1388
f 355//1387 345//1388 354//1389
f 354//1389 345//1388 348//1390
f 354//1389 348//1390 352//1391
f 352//1391 348//1390 347//1392
f 352//1391 347//1392 44//1228
f 44//1228 347//1392 346//1393
f 44//1228 346//1393 9//1229
f 323//1394 376//1395 325//1396
f 325//1396 376//1395 377//1397
f 325//1396 377//1397 326//1398
f 326//1398 377//1397 379//1399
f 326//1398 379//1399 384//1400
f 363//1374 365//1401 339//1376
f 339//1376 365//1401 370//1402
f 339//1376 370//1402 335//1403
f 335//1403 370//1402 369//1404
f 335//1403 369//1404 336//1405
f 336//1405 369//1404 367//1406
f 336//1405 367//1406 333//1407
f 333//1407 367//1406 366//1408
f 333//1407 366//1408 331//1409
f 331//1409 366//1408 371//1410
f 331//1409 371//1410 328//1411
f 328//1411 371//1410 373//1412
f 328//1411 373//1412 329//1413
f 329//1413 373//1412 374//1414
f 329//1413 374//1414 330//1415
f 330//1415 374//1414 376//1395
f 330//1415 376//1395 322//1416
f 322//1416 376//1395 323//1394
f 316//1417 318//1418 381//1419
f 381//1419 318//1418 383//1420
f 383//1420 318//1418 319//1421
f 383//1420 319//1421 384//1400
f 384//1400 319//1421 321//1422
f 384//1400 321//1422 326//1398
f 392//1423 391//1424 309//1425
f 392//1423 309//1425 394//1426
f 394//1426 309//1425 308//1427
f 394//1426 308//1427 395//1428
f 381//1419 380//1429 316//1417
f 316//1417 380//1429 385//1430
f 316//1417 385//1430 315//1431
f 315//1431 385//1430 387//1432
f 315//1431 387//1432 313//1433
f 313//1433 387//1432 388//1434
f 313//1433 388//1434 310//1435
f 310//1435 388//1434 390//1436
f 310//1435 390//1436 311//1437
f 311//1437 390//1436 395//1428
f 311//1437 395//1428 312//1438
f 312//1438 395//1428 308//1427
f 302//1439 301//1440 401//1441
f 401//1441 301//1440 300//1442
f 401//1441 300//1442 398//1443
f 398//1443 300//1442 299//1444
f 398//1443 299//1444 396//1445
f 396//1445 299//1444 304//1446
f 396//1445 304//1446 391//1424
f 391//1424 304//1446 306//1447
f 391//1424 306//1447 309//1425
f 401//1441 400//1448 302//1439
f 302//1439 400//1448 404//1449
f 302//1439 404//1449 303//1450
f 303//1450 404//1449 403//1451
f 303//1450 403//1451 297//1452
f 297//1452 403//1451 295//1453
f 295//1453 403//1451 402//1454
f 295//1453 402//1454 290//1455
f 290//1455 402//1454 349//1456
f 290//1455 349//1456 291//1457
f 291//1457 349//1456 293//1458
f 293//1458 349//1456 407//1459
f 293//1458 407//1459 294//1460
f 294//1460 407//1459 406//1461
f 294//1460 406//1461 289//1462
f 289//1462 406//1461 412//1463
f 289//1462 412//1463 287//1464
f 287//1464 412//1463 411//1465
f 287//1464 411//1465 275//1466
f 275//1466 411//1465 409//1467
f 275//1466 409//1467 276//1468
f 276//1468 409//1467 408//1469
f 276//1468 408//1469 284//1470
f 284//1470 408//1469 285//1471
f 285//1471 408//1469 413//1472
f 285//1471 413//1472 286//1473
f 286//1473 413//1472 415//1474
f 286//1473 415//1474 282//1475
f 282//1475 415//1474 416//1476
f 282//1475 416//1476 283//1477
f 283//1477 416//1476 418//1478
f 283//1477 418//1478 280//1479
f 280//1479 418//1478 424//1480
f 280//1479 424//1480 278//1481
f 424//1480 423//1482 278//1481
f 278//1481 423//1482 422//1483
f 278//1481 422//1483 267//1267
f 267//1267 422//1483 421//1484
f 267//1267 421//1484 420//1268
f 152//1185 114//1184 150//1485
f 150//1485 114//1184 116//1486
f 150//1485 116//1486 502//1487
f 538//1488 535//1489 116//1486
f 594//1490 116//1486 592//1491
f 592//1491 116//1486 642//1492
f 535//1489 531//1493 116//1486
f 116//1486 531//1493 527//1494
f 116//1486 527//1494 524//1495
f 579//1496 577//1497 116//1486
f 116//1486 577//1497 570//1498
f 620//1499 617//1499 642//1492
f 594//1490 587//1500 116//1486
f 116//1486 587//1500 584//1501
f 116//1486 584//1501 579//1496
f 570//1498 566//1502 116//1486
f 116//1486 566//1502 563//1503
f 116//1486 563//1503 559//1504
f 116//1486 499//1505 548//1506
f 524//1495 521//1507 116//1486
f 116//1486 521//1507 517//1508
f 116//1486 517//1508 513//1509
f 513//1509 509//1510 116//1486
f 116//1486 509//1510 505//1511
f 116//1486 505//1511 502//1487
f 617//1499 614//1512 642//1492
f 642//1492 614//1512 610//1513
f 642//1492 610//1513 605//1514
f 559//1504 554//1515 116//1486
f 116//1486 554//1515 500//1516
f 116//1486 500//1516 499//1505
f 548//1506 546//1517 116//1486
f 116//1486 546//1517 542//1518
f 116//1486 542//1518 538//1488
f 605//1514 600//1519 642//1492
f 642//1492 600//1519 598//1520
f 642//1492 598//1520 592//1491
f 634//1521 575//1499 627//1522
f 620//1499 642//1492 622//1523
f 622//1523 642//1492 639//1524
f 622//1523 639//1524 627//1522
f 627//1522 639//1524 637//1525
f 627//1522 637//1525 634//1521
f 75//1258 37//1260 83//1526
f 83//1526 37//1260 35//1527
f 83//1526 35//1527 720//1528
f 792//1529 725//1530 650//1531
f 650//1531 725//1530 652//1532
f 720//1528 716//1533 83//1526
f 83//1526 716//1533 713//1534
f 83//1526 713//1534 709//1531
f 709//1531 704//1535 83//1526
f 83//1526 704//1535 699//1536
f 83//1526 699//1536 697//1537
f 683//1538 725//1530 685//1539
f 685//1539 725//1530 688//1540
f 725//1530 84//1541 688//1540
f 688//1540 84//1541 83//1526
f 688//1540 83//1526 693//1531
f 693//1531 83//1526 697//1537
f 792//1529 790//1542 725//1530
f 725//1530 790//1542 786//1543
f 725//1530 786//1543 782//1544
f 782//1544 778//1545 725//1530
f 725//1530 778//1545 773//1546
f 725//1530 773//1546 768//1547
f 762//1548 736//1549 731//1550
f 662//1531 725//1530 666//1551
f 666//1551 725//1530 670//1552
f 662//1531 658//1553 725//1530
f 725//1530 658//1553 653//1554
f 725//1530 653//1554 652//1532
f 731//1550 726//1555 762//1548
f 762//1548 726//1555 725//1530
f 762//1548 725//1530 765//1556
f 765//1556 725//1530 768//1547
f 743//1557 755//1558 746//1559
f 746//1559 755//1558 748//1531
f 762//1548 757//1560 736//1549
f 736//1549 757//1560 755//1558
f 736//1549 755//1558 740//1531
f 740//1531 755//1558 743//1557
f 683//1538 679//1561 725//1530
f 725//1530 679//1561 674//1562
f 725//1530 674//1562 670//1552
