# G1 exterior visual; derived from pinned Unitree/TWIST2 CAD.
v 0.0221245717 0.0516076908 0.293800384
v 0.00858461857 0.0644214749 0.284842104
v 0.00876441319 0.0640050545 0.292390913
v 0.00907605514 0.0645660236 0.280052066
v 0.00913888868 0.0667820275 0.280550241
v 0.00880408008 0.0675090402 0.283649206
v 0.00891374797 0.0714708343 0.286827177
v 0.00866355933 0.0689755157 0.284718454
v 0.0130488705 0.0698553622 0.288414866
v 0.00594161451 0.0710454211 0.290772825
v 0.0082302345 0.0677975044 0.291322201
v 0.00913545117 0.0707332641 0.290760607
v 0.009309127 0.0696263984 0.302178293
v 0.00744499499 0.0693387836 0.305327922
v 0.00557222264 0.0720461011 0.311118364
v 0.0113797989 0.0686431453 0.304712564
v 0.00779822748 0.0719642565 0.304660052
v 0.0110529093 0.0706048384 0.308169842
v 0.00634963624 0.0763846785 0.28953287
v 0.00975701585 0.0743288919 0.290056646
v 0.00955522805 0.0729562864 0.302243739
v 0.0117130848 0.0732746422 0.305354506
v 0.0137664368 0.0938070714 0.278874665
v 0.00947409496 0.0896715075 0.277751297
v 0.0180593971 0.0917450935 0.286426157
v 0.0117457854 0.0550885126 0.295336127
v 0.0178910196 0.0547898412 0.294177741
v 0.0137024159 0.0641555563 0.279679447
v 0.013988737 0.0672271326 0.280012935
v 0.0143333506 0.0696442947 0.284958929
v 0.014481511 0.0657039732 0.29025656
v 0.013553597 0.0639864728 0.292017221
v 0.0119522028 0.0697010159 0.290506989
v 0.0132251065 0.0695368797 0.303424984
v 0.0135396449 0.0705567151 0.291065902
v 0.0138440384 0.0720058531 0.302798182
v 0.0147811444 0.0682760924 0.290417641
v 0.0236290377 0.0603564121 0.290609986
v 0.0257248282 0.0713763461 0.2869398
v 0.0119541911 0.0747934729 0.290688097
v 0.0135880001 0.0737791657 0.289217532
v 0.0176903233 0.0766838044 0.290670276
v 0.015695313 0.0753487572 0.288965374
v 0.0260320455 0.0737917274 0.289206833
v 0.0144108031 0.0887824073 0.276715606
v 0.016091641 0.0907363296 0.275623798
v 0.0201745201 0.0913699344 0.274374545
v 0.016518319 0.0941831395 0.277382702
v 0.029417526 0.0928117856 0.282793462
v 0.0344641805 0.0545543395 0.287241548
v 0.0327888466 0.0650361031 0.28541261
v 0.0330025554 0.0664604381 0.285677195
v 0.0337125696 0.0685823858 0.287372857
v 0.024275139 0.0955528021 0.273120016
v 0.0339745469 0.0936334729 0.279988348
v 0.0381543189 0.0581009947 0.283936322
v 0.0394306071 0.0619923621 0.285775512
v 0.0373282693 0.0839693546 0.281145066
v 0.045465216 0.0698631257 0.278724402
v 0.0475575291 0.0877199546 0.27032432
v 0.0427896641 0.0838181823 0.27695927
v 0.050004568 0.0710904598 0.273497254
v 0.020570308 0.092469506 0.270577729
v 0.0320467614 0.0933644027 0.262252152
v 0.0237269755 0.0905350372 0.271658063
v 0.026655389 0.0941180736 0.264790863
v 0.0297591928 0.091279991 0.265854329
v 0.0309505016 0.0973403081 0.266944051
v 0.0315140635 0.101748765 0.238026172
v 0.0323347151 0.098386772 0.232084259
v 0.0350509845 0.0981265604 0.237895563
v 0.0345169455 0.101054452 0.235911459
v 0.0347432941 0.103446357 0.234551162
v 0.035778638 0.100350395 0.240413532
v 0.0329833552 0.098503314 0.249614388
v 0.0330961309 0.100192636 0.243627369
v 0.0363664627 0.0976425931 0.249475628
v 0.0364906602 0.0974797606 0.244445309
v 0.0367720388 0.103126623 0.242612064
v 0.0320037343 0.0962172374 0.257523805
v 0.0338769183 0.0959228352 0.258931756
v 0.0333104804 0.0986408964 0.262227565
v 0.0356972888 0.0972680375 0.253658444
v 0.0352776088 0.0943000168 0.255841464
v 0.0359338298 0.100164406 0.257286578
v 0.0369692072 0.101648249 0.251552314
v 0.0487173088 0.101073764 0.254073709
v 0.0447426364 0.0971376598 0.267755806
v 0.0401087068 0.0951185971 0.274851382
v 0.0517834909 0.082280308 0.238613352
v 0.0561449975 0.0880564153 0.23849149
v 0.0484457016 0.0886017606 0.252528816
v 0.0482463427 0.0784980878 0.263261914
v 0.0483596064 0.0820567533 0.260011971
v 0.050479047 0.0796196088 0.263787806
v 0.0499635562 0.0828051716 0.262198478
v 0.04857786 0.0860490128 0.261634678
v 0.0513074175 0.084085606 0.266486853
v 0.0481645577 0.0965392664 0.230850264
v 0.0481069833 0.0956059992 0.241499677
v 0.0482419915 0.0972691104 0.231313646
v 0.0491230302 0.097838819 0.239727437
v 0.0484521911 0.0931506082 0.24448584
v 0.0486838184 0.0937839821 0.253251672
v 0.0484594181 0.0932168961 0.247205436
v 0.0496936776 0.0964070484 0.246004298
v 0.0545429587 0.0886245221 0.246388093
v 0.052707132 0.088486962 0.25170663
v 0.0486129746 0.0899090245 0.253337532
v 0.0486134999 0.0888787061 0.259632528
v 0.0516196303 0.0850881785 0.25805378
v 0.0504198335 0.0902732387 0.255107075
v 0.0500861555 0.0941765085 0.261253357
v 0.0555306189 0.0853501707 0.257436931
v 0.0493465587 0.102879681 0.24333103
v 0.0523837134 0.0998459533 0.23757413
v 0.0535572991 0.0961122215 0.24854061
v 0.0471716672 0.0989310667 0.261674613
v 0.0539979041 0.0599040799 0.250265509
v 0.0510597453 0.0656324625 0.254688025
v 0.0574670807 0.0537961684 0.261824936
v 0.0586840436 0.0538995266 0.266006947
v 0.0515891202 0.0556464233 0.26774177
v 0.0507962108 0.0610759705 0.267811149
v 0.0531583168 0.0559619069 0.26823023
v 0.0524673909 0.0592136346 0.267751753
v 0.0544942506 0.0699535087 0.241384581
v 0.0568833165 0.0745449364 0.254239231
v 0.0502741076 0.0633649752 0.267053545
v 0.0484793335 0.0736171305 0.263159364
v 0.0516173132 0.0710800141 0.266068876
v 0.0550805815 0.0720569044 0.259507388
v 0.0574714988 0.0725612566 0.261374623
v 0.0494795963 0.0718272403 0.267313808
v 0.0522358827 0.0639255121 0.267369539
v 0.0538420267 0.0718237758 0.26799804
v 0.0507765263 0.0785286874 0.248170361
v 0.048523508 0.0836020038 0.255652457
v 0.0504310988 0.077336669 0.265021354
v 0.0499390215 0.074481532 0.266794592
v 0.0634058416 0.0636235476 0.242373973
v 0.0682085231 0.0521639325 0.244462639
v 0.0639370754 0.0718849376 0.244949013
v 0.0607936531 0.0782502368 0.236087888
v 0.0645732358 0.0752357394 0.238298446
v 0.0605795495 0.073235333 0.244113758
v 0.0604828484 0.0710570514 0.255631566
v 0.0580811277 0.0886156261 0.245597497
v 0.0510355607 0.00421260856 0.282848895
v 0.0481369384 0.00929058623 0.282941341
v 0.0458447561 0.0218952317 0.284564108
v 0.0434817336 0.0295436848 0.286186188
v 0.0391611494 0.0378247015 0.288454264
v 0.0453001969 0.0393889248 0.282478631
v 0.0468761437 0.0323607512 0.282183915
v 0.0443274342 0.0425863117 0.282771766
v 0.0470698699 0.0440639853 0.283704937
v 0.0417854451 0.0496548861 0.283421487
v 0.0437033921 0.0527703874 0.284761965
v 0.0550167337 0.01500706 0.278493941
v 0.0481169745 0.0245153848 0.282362252
v 0.0510138981 0.0215420146 0.283068031
v 0.0488929823 0.0357357673 0.283506632
v 0.0540950857 0.0319793969 0.278005332
v 0.0516810305 0.0526468083 0.27659893
v 0.00487348624 0.0108299237 0.296851903
v 0.0243475363 0.00970475189 0.29703185
v 0.0246527176 0.0197270662 0.304470748
v 0.0087213181 0.035862349 0.309534132
v 0.00404391205 0.047716707 0.292548835
v 0.0104464898 0.0409606248 0.295084089
v 0.011036315 0.0465805233 0.291825414
v 0.0110186227 0.0404108167 0.304439276
v 0.0248520877 0.0110546285 0.296733022
v 0.0221418962 0.0202007052 0.307024181
v 0.0193121172 0.0203695074 0.309570611
v 0.0187041461 0.0265969634 0.30938229
v 0.0183391105 0.0356111676 0.304478437
v 0.0198280215 0.0344247147 0.292883158
v 0.0231809691 0.0293725375 0.291454941
v 0.0146737006 0.0320369713 0.3096129
v 0.0232321136 0.028473299 0.304432631
v 0.0155497929 0.0381482951 0.294312537
v 0.0216152221 0.0414222777 0.28985101
v 0.0316491015 0.00742014358 0.282932848
v 0.0247835517 0.0117160808 0.294491589
v 0.0315423757 0.0234677102 0.284834951
v 0.025056012 0.0217535179 0.289806485
v 0.0282217246 0.0329263285 0.287134737
v 0.0351171605 0.0430093743 0.290253907
v 0.0279973634 0.0486800671 0.292470694
v 0.0571868941 0.0426221974 0.248905554
v 0.055392839 0.028636273 0.268551141
v 0.0562082641 0.0395332649 0.267456025
v 0.0522790477 0.0478112139 0.260306031
v 0.0521910079 0.050912749 0.267546892
v 0.0546166152 0.0418396182 0.255083472
v 0.0544388555 0.0290445909 0.266688615
v 0.0540987253 0.0403564274 0.268782258
v 0.0532974154 0.043641638 0.267862916
v 0.0547989383 0.0438824371 0.268167526
v 0.0596186332 0.035242755 0.268549591
v 0.0545862727 0.0503119044 0.267533898
v 0.0674973875 0.0350415334 0.243298396
v 0.0710383877 0.0374036431 0.241824538
v 0.0627116412 0.0361064337 0.255319536
v 0.060361784 0.0464033037 0.238733768
v 0.0610116757 0.055522006 0.253751397
v 0.0577725582 0.0602694042 0.239032045
v 0.0653214678 0.0525203645 0.243500292
v 0.062878564 0.0551134199 0.257205099
v 0.0718004778 0.0535640195 0.230524257
v 0.0481699258 0.0172372591 0.253599554
v 0.0485140085 0.0112739168 0.259507924
v 0.0483238362 0.0138912071 0.256934494
v 0.054917749 0.00795062166 0.261543483
v 0.0552734844 0.0114629287 0.259919882
v 0.0481271148 0.0187273193 0.238239124
v 0.0488307662 0.0165684633 0.234955698
v 0.0641957 0.0167650189 0.234264046
v 0.0629864484 0.0189184621 0.237909287
v 0.0484198406 0.01970651 0.246245757
v 0.0584370084 0.0192951746 0.250061631
v 0.0607467741 0.020096818 0.244215459
v 0.0563973933 0.0161547158 0.255684137
v 0.0540265106 0.0320214853 0.260570198
v 0.0550331138 0.0183818452 0.266496807
v 0.0555350892 0.0235115774 0.269054472
v 0.0576811843 0.0231502503 0.267449141
v 0.0614309423 0.0194796808 0.267635942
v 0.068542093 0.0195018612 0.243348226
v 0.0607610121 0.0361870937 0.241007283
v 0.0673812106 0.0179372281 0.255033612
v 0.0645481348 0.0175173748 0.254075319
v 0.0655183792 0.0365063921 0.256339699
v 0.0712124631 0.0231145397 0.244296178
v -0.0217308644 0.0767400414 0.290670127
v -0.020548882 0.0744891018 0.288500905
v -0.0126807494 0.0623168275 0.293592632
v -0.00810479 0.0729536265 0.290602177
v -0.0171622615 0.0916934013 0.286364377
v -0.0139954165 0.0773220882 0.290932596
v -0.0114412298 0.0760936067 0.289366335
v -0.00780845899 0.0789301321 0.291673809
v -0.0083659254 0.0912841484 0.287704915
v -0.0152775934 0.0951344445 0.27423951
v -0.010716524 0.0913686901 0.275166541
v -0.00773724727 0.0643335953 0.279845715
v -0.00840124767 0.0696759969 0.284834921
v -0.00850962568 0.0683740526 0.291880846
v -0.0079723224 0.0671683848 0.2802203
v -0.0081650978 0.0699700341 0.289461553
v -0.00264809793 0.0679330081 0.284056365
v -0.0029345348 0.0708734691 0.28728351
v -0.00284978375 0.0654819161 0.280135036
v -0.0011902015 0.0620613545 0.289185792
v -0.00798300467 0.0642809644 0.293187141
v -0.00757171633 0.0704137385 0.292462945
v -0.00620006071 0.069367379 0.292515308
v -0.00514176115 0.0686162859 0.305999458
v -0.00777037768 0.0703177303 0.30325529
v -0.00263802218 0.0643456057 0.293282121
v -0.00260075764 0.0699010566 0.291485369
v -0.00389060355 0.0690183267 0.30327335
v -0.00354114361 0.0702272356 0.292450935
v -0.00293874322 0.0712732747 0.301158786
v 0.000948476838 0.0622480065 0.294058233
v -0.00518510072 0.0705911666 0.308061421
v -0.000344882777 0.068402417 0.308075845
v 0.000202326948 0.0694146752 0.311053187
v -0.00101185939 0.0709730387 0.305002242
v -0.00137779745 0.0716556236 0.310529619
v -0.00735416915 0.0730377957 0.301231593
v -0.00672002137 0.0752486885 0.287345648
v -0.00544473529 0.0746522248 0.291650355
v -0.00382796163 0.0732331574 0.304524511
v -0.00326163787 0.0733108073 0.29098165
v 0.00980609469 0.077828221 0.291336805
v -0.00355752953 0.0767226443 0.289597154
v -0.00458638882 0.0732252076 0.306911379
v -0.0069835037 0.0870944932 0.275614053
v -0.00318069709 0.0909447446 0.275386482
v 0.000932157738 0.0910075158 0.275726467
v -0.00799134001 0.0941501409 0.277730703
v -0.00339756184 0.0879504457 0.277198046
v -0.00713935588 0.0936683118 0.279636681
v 0.000901984458 0.0899612159 0.278469294
v 0.00328859105 0.0934886932 0.280160457
v 0.00305606704 0.0911009163 0.288059652
v 0.00347878691 0.0563324392 0.296088189
v 0.00304611726 0.0705160573 0.306766182
v 0.00616591703 0.0686962605 0.31050548
v 0.00896542519 0.0685240924 0.308150083
v 0.00492177065 0.0790234804 0.291606486
v 0.0017664457 0.0726674274 0.307580829
v 0.00721051032 0.0732794628 0.307875752
v 0.00815056451 0.0908652171 0.276100338
v -0.0498633236 0.059145391 0.278965235
v -0.0506322831 0.0546169765 0.285046697
v -0.0504632443 0.0759583041 0.273406655
v -0.0493951887 0.0727261007 0.27144894
v -0.0471123233 0.0706327707 0.27583757
v -0.0513582267 0.0658653602 0.278685749
v -0.0473122038 0.0628921017 0.285047382
v -0.0475277565 0.0738645941 0.278613031
v -0.0460948087 0.0580805317 0.283053935
v -0.0462343879 0.0569152907 0.284188181
v -0.0455317087 0.0626638532 0.280560434
v -0.0437470227 0.0612744316 0.285116047
v -0.0398178436 0.0611296557 0.287669003
v -0.0457166098 0.0678981766 0.277129799
v -0.0455688834 0.0716663226 0.274708509
v -0.0462305285 0.0753158107 0.273170441
v -0.0464625917 0.0657612383 0.279270649
v -0.0433254242 0.0661009848 0.28677541
v -0.0427868813 0.0734357536 0.283284634
v -0.0406048745 0.0647706389 0.285551101
v -0.0363351218 0.0682675615 0.286375284
v -0.0370352603 0.0708267167 0.288096488
v -0.0416023768 0.0836099386 0.277616769
v -0.0361080393 0.0839775503 0.281692356
v -0.0334073156 0.094586581 0.276158869
v -0.0317744724 0.0709973723 0.287085205
v -0.0352515914 0.0621759221 0.28945294
v -0.0308261756 0.0628479123 0.290877312
v -0.024231825 0.0623945966 0.292652488
v -0.0262453575 0.0725138634 0.287833452
v -0.0232133456 0.0913156271 0.284706473
v -0.0310516413 0.0735262036 0.289189875
v -0.0284502991 0.0932569653 0.280766815
v -0.0274629574 0.0986829698 0.238668114
v -0.0257486105 0.0982329696 0.23412253
v -0.0268575847 0.101244532 0.236775815
v -0.0236646086 0.0994754508 0.230915919
v -0.0240449794 0.101466358 0.23914355
v -0.0285989698 0.0981250629 0.249520376
v -0.0282860268 0.0988271013 0.243685499
v -0.0255090185 0.0983286127 0.250228643
v -0.0257151108 0.10012266 0.243786231
v -0.0275423657 0.0954297706 0.254723549
v -0.0261469278 0.0987895727 0.261383265
v -0.0258134007 0.0947470963 0.260024488
v -0.0243037976 0.0970031172 0.254818678
v -0.0225292612 0.0935849324 0.264596581
v -0.0223281328 0.0919416323 0.265589952
v -0.0187327359 0.0921062231 0.269216329
v -0.0216724072 0.0967486277 0.268485188
v -0.0164211635 0.09158016 0.271212727
v -0.0228233729 0.102631971 0.233715445
v -0.0221667439 0.0955147371 0.26000905
v -0.0073995241 0.0917159766 0.273232341
v -0.0581448637 0.0796470866 0.251371324
v -0.0551482998 0.0805725381 0.247988224
v -0.0535913371 0.0805601105 0.263842791
v -0.0459621772 0.0850210115 0.264635473
v -0.0548609942 0.0904179364 0.238232329
v -0.0518130884 0.0898237452 0.235528901
v -0.0547915846 0.0874478146 0.249350727
v -0.0511393249 0.0871952921 0.25020054
v -0.0472807623 0.09313263 0.247106284
v -0.0478806421 0.0969910771 0.246198922
v -0.0460103974 0.086136654 0.270498514
v -0.0507437512 0.0888118893 0.258350968
v -0.0467397533 0.0867605358 0.261497974
v -0.0447432175 0.0965155363 0.256875873
v -0.0482989885 0.0980736464 0.235931352
v -0.0427637361 0.0909167677 0.252899379
v -0.044466082 0.0857346803 0.263819724
v -0.0455500782 0.0780733675 0.269740194
v -0.0454731546 0.0807557106 0.267391235
v -0.0467596538 0.0823041946 0.265627325
v -0.0427761041 0.0928512216 0.247620985
v -0.0434604846 0.0942260101 0.253993034
v -0.041597642 0.0943852514 0.251897573
v -0.0434535295 0.0961174741 0.247135356
v -0.0418369658 0.0952491686 0.245901108
v -0.0441206284 0.0912966505 0.258485198
v -0.0418064594 0.0902835429 0.262739033
v -0.0422510244 0.0900929198 0.257626712
v -0.0413127393 0.102419235 0.245998576
v -0.0292128697 0.102930292 0.244059652
v -0.0409363694 0.100496225 0.25540325
v -0.0396493115 0.0973430052 0.265266329
v -0.036994826 0.0960365534 0.270841241
v -0.0288249496 0.100942284 0.254176646
v -0.0630684793 0.0678209886 0.237529293
v -0.0624906644 0.0616858043 0.250508398
v -0.0608816408 0.0518175475 0.263806254
v -0.0593155399 0.0615973212 0.264785379
v -0.0597135164 0.0691725835 0.236420795
v -0.0606069677 0.0714972392 0.251599252
v -0.0596866049 0.0809576884 0.237143517
v -0.0598842874 0.0581914447 0.250103921
v -0.051510863 0.0624937303 0.249427542
v -0.0570079349 0.0593684316 0.262992412
v -0.0518694669 0.0557131022 0.263618052
v -0.0558587238 0.0586606152 0.274952441
v -0.0493363813 0.075819917 0.235098854
v -0.0587900616 0.0688667744 0.247001648
v -0.0484656766 0.0745631084 0.250668794
v -0.0576089136 0.0713030323 0.262945652
v -0.0563768148 0.0692647025 0.258767426
v -0.0508002825 0.0645263568 0.263567567
v -0.0482150838 0.06788297 0.260353446
v -0.0550303757 0.0687100664 0.271042824
v -0.0526986867 0.0669967085 0.269971848
v -0.0491425917 0.070030503 0.263399154
v -0.0537379608 0.0784765631 0.256857395
v -0.0499407984 0.0786108747 0.26545763
v -0.0469958521 0.0780422017 0.263694733
v -0.0466412865 0.0775245205 0.270888686
v -0.0438804254 0.0833809674 0.259904146
v 0.00102214923 0.0234369375 0.296206772
v 0.00406740326 0.0114567885 0.294148386
v 0.00186734402 0.0253878832 0.310095519
v 0.00223880913 0.0197274089 0.30392161
v 0.0023816023 0.0202481747 0.309448034
v 0.00422872324 0.0283006318 0.309819102
v 0.00100501254 0.0354176238 0.305602372
v 0.00110433751 0.0266310554 0.301255912
v 0.00114971504 0.0276499297 0.309726447
v 0.00199080701 0.0275636856 0.305896401
v 0.00224047434 0.0313071497 0.304074734
v 0.00138459378 0.0348381922 0.31001094
v 0.00254842709 0.0363037921 0.309784234
v 0.00117038283 0.0417432114 0.302676111
v 0.00113864255 0.0490512662 0.299455732
v 0.00105981948 0.0567197166 0.296147943
v 0.00378852058 0.0422212072 0.30252257
v 0.0037973451 0.0423230417 0.295702845
v 0.00232975837 0.041379448 0.305046409
v 0.00332970894 0.046749372 0.300721824
v 0.00412903028 0.0527996309 0.294558883
v -0.0544456951 0.0104086716 0.283219695
v -0.0523626283 0.0308743156 0.282304615
v -0.0551864803 0.0290986765 0.283100069
v -0.0536434315 0.0253803544 0.283060282
v -0.0540476665 0.0317880884 0.278061658
v -0.0571111292 0.0316994712 0.278385699
v -0.0533989817 0.0447297059 0.284050882
v -0.053964749 0.0477006845 0.275701642
v -0.0511085093 0.0431811102 0.282734126
v -0.0499782898 0.0485843979 0.283022851
v -0.0518383831 0.0511609092 0.284546256
v -0.048123043 0.0533332564 0.283036381
v -0.0451156944 0.0518736318 0.287640095
v -0.0456249788 0.0537665524 0.282840371
v -0.0641057044 0.0486947447 0.246221676
v -0.060770642 0.0462562069 0.249829456
v -0.0578107946 0.048634693 0.274389416
v -0.0548789613 0.0493988916 0.231085718
v -0.0543566197 0.0293093231 0.263114393
v -0.0531961843 0.0335253738 0.263622761
v -0.0520672761 0.0382084846 0.26101625
v -0.0582045652 0.0471580699 0.263459831
v -0.0523601957 0.0519871451 0.263161153
v -0.0510375015 0.0541211702 0.260915279
v -0.0547570325 0.0570304766 0.270893425
v -0.0456534587 0.0787078142 0.264754176
v -0.0649862736 0.0230228379 0.243304193
v -0.0632646754 0.0419853032 0.254803479
v -0.0620907433 0.0327355154 0.261507392
v -0.0600542799 0.0330198444 0.269613624
v -0.0597408488 0.0310983509 0.258419961
v -0.0569804497 0.0335341655 0.26950413
v -0.0535436012 0.00867975783 0.260996103
v -0.0542354658 0.00224766671 0.263645142
v -0.0538004003 0.0247333013 0.263548791
v -0.0532186925 0.0501066186 0.250398964
v 0.035630092 0.0930281579 0.197967961
v 0.0134234494 0.106837869 0.218883097
v 0.0269073229 0.0839739367 0.19792068
v 0.0323570184 0.101907603 0.202372357
v 0.0210690945 0.102642402 0.217263848
v 0.0157581959 0.102186091 0.218180314
v 0.0197772123 0.10637667 0.221920893
v 0.0211598463 0.101314455 0.220887437
v 0.0252961107 0.105236173 0.22588186
v 0.0357803367 0.0668134168 0.198279619
v 0.0270723645 0.0790246055 0.198241234
v 0.0284600444 0.0793410465 0.196461648
v 0.0295423958 0.0790259987 0.198129565
v 0.0364216678 0.0907252282 0.195879295
v 0.0440685973 0.10074497 0.20167461
v 0.0331150703 0.0960516557 0.201417282
v 0.0334760658 0.103316419 0.230145708
v 0.0258610025 0.101841353 0.224686548
v 0.0298690759 0.103057489 0.225167915
v 0.0276847351 0.100350708 0.226501629
v 0.0291827898 0.101276092 0.228503942
v 0.0297097322 0.103516899 0.232089803
v 0.0307415277 0.0994763598 0.230181172
v 0.0382363126 0.0898312554 0.1933043
v 0.0384639353 0.0909160599 0.196543053
v 0.0413871072 0.0898440629 0.191914156
v 0.0412439443 0.0898170397 0.197742075
v 0.04298269 0.0891499817 0.192996219
v 0.039482303 0.0897624344 0.197961792
v 0.0394889675 0.0913012922 0.192010745
v 0.0387201756 0.0947045982 0.201487541
v 0.044526659 0.0923413858 0.198029131
v 0.0410658233 0.0942393616 0.201090187
v 0.050828822 0.0956530198 0.199814886
v 0.0510571562 0.0868274868 0.200355425
v 0.0446196273 0.0914682895 0.201241255
v 0.047472544 0.0894694254 0.201153547
v 0.046873536 0.094145827 0.201918066
v 0.0463304184 0.0973770022 0.210035846
v 0.0464474037 0.101472385 0.202001601
v 0.0461022519 0.0984414145 0.20375371
v 0.0498134643 0.0891998261 0.201960549
v 0.0573095866 0.0889273956 0.20661217
v 0.0472160988 0.0968470424 0.212096781
v 0.0488001667 0.092517361 0.214050531
v 0.0565663092 0.0887931362 0.228752762
v 0.0480405055 0.0958549753 0.224274665
v 0.0505952612 0.0965739116 0.221843362
v 0.0490843393 0.0976372883 0.225878254
v 0.0493966118 0.0917013139 0.227443203
v 0.0510470495 0.0966347232 0.239027902
v 0.0548356324 0.0966308042 0.236968279
v 0.047205139 0.0995850414 0.232183546
v 0.0507667549 0.099263005 0.200059369
v 0.0493258312 0.0968342274 0.210190594
v 0.048091311 0.101598501 0.210984573
v 0.0486953221 0.10294196 0.22906372
v 0.0479917936 0.0974677056 0.229501739
v 0.0628363788 0.0805490464 0.206565037
v 0.065828234 0.0817654505 0.203244016
v 0.0603481345 0.0898754895 0.207341403
v 0.0603330545 0.0890664831 0.219334692
v 0.0601486303 0.0878737867 0.234021768
v 0.0451734252 0.0863608718 0.192039549
v 0.0733586475 0.0558651462 0.194546312
v 0.0735222548 0.0655614957 0.194152072
v 0.0464134328 0.052459389 0.199541122
v 0.0464982502 0.0559633113 0.196653754
v 0.057344988 0.0700196847 0.226815969
v 0.0548735112 0.0797079951 0.212426484
v 0.0536972471 0.0801062509 0.227228045
v 0.0695203319 0.064981997 0.228271648
v 0.0674206093 0.0687707961 0.213655636
v 0.0669357553 0.073059015 0.200011775
v 0.0664914325 0.064723894 0.227941468
v 0.067696251 0.0741569102 0.221273527
v 0.0600981861 0.082605496 0.227222651
v 0.0637213141 0.0815845728 0.228602111
v 0.0719908997 0.0653061792 0.211390227
v 0.0694787651 0.0743182823 0.202602565
v 0.0473205298 0.0858073607 0.150913775
v 0.0472323075 0.0861789212 0.155639231
v 0.0474208817 0.0802866668 0.155384824
v 0.0443248823 0.0801666379 0.165127859
v 0.0434927084 0.0890242159 0.165270716
v 0.0475188419 0.080154404 0.15754132
v 0.0473295078 0.0842587128 0.16447933
v 0.0438972376 0.0886791572 0.167476326
v 0.0429159515 0.0896078944 0.176964149
v 0.0473865829 0.0800202712 0.176577657
v 0.0475077219 0.0852761716 0.174461231
v 0.0473093502 0.0803651661 0.175093487
v 0.0473054834 0.0860569552 0.177543879
v 0.0474345237 0.0802307203 0.186124295
v 0.0473933518 0.086088948 0.183957741
v 0.047408957 0.0859775394 0.191225842
v 0.0439929888 0.0890119672 0.155728936
v 0.0454398431 0.0879306868 0.162716255
v 0.0474030115 0.0859976783 0.158215493
v 0.0400353931 0.0896641538 0.174977154
v 0.0451619029 0.0879993737 0.174765736
v 0.0473490097 0.0861715972 0.170226425
v 0.0474921502 0.0860458687 0.186814979
v 0.050559599 0.0835940912 0.153980166
v 0.0591991358 0.0844347924 0.169016466
v 0.0507445186 0.0868338719 0.181708753
v 0.0510857552 0.0934888497 0.174043015
v 0.051222939 0.0952588394 0.159277871
v 0.0488286018 0.0890175179 0.151896641
v 0.0538792238 0.0887476504 0.151913494
v 0.0600274615 0.0875538439 0.16641283
v 0.0565536804 0.0946434885 0.186464101
v 0.0556186736 0.091230996 0.185218856
v 0.0497102961 0.0882504657 0.197741941
v 0.0510603115 0.0953114182 0.187669009
v 0.0512237363 0.0965055078 0.173885122
v 0.051174283 0.0982648209 0.187458143
v 0.0538662411 0.0969879702 0.202278867
v 0.0637480691 0.0808267891 0.182960331
v 0.0628749132 0.0833399147 0.164987609
v 0.0662830845 0.0822968483 0.181917131
v 0.0590889305 0.0876087695 0.185198531
v 0.0613791868 0.0896364003 0.184318259
v 0.047382094 0.0526573993 0.165564001
v 0.0476643369 0.0534188598 0.162922606
v 0.0448617078 0.0835525095 0.16354914
v 0.0444332771 0.0808923319 0.168019041
v 0.0474480838 0.0815032572 0.162922293
v 0.0452749506 0.0865675136 0.169178858
v 0.0435080081 0.0882160887 0.190393731
v 0.047475934 0.079946436 0.184420317
v 0.0599957742 0.0668428987 0.163615927
v 0.0569924861 0.0737096816 0.166176185
v 0.0605482236 0.0711699128 0.180659577
v 0.0506019816 0.0851087049 0.167653292
v 0.0558160208 0.0786992162 0.196991444
v 0.0635257289 0.0580209196 0.164175987
v 0.0698504895 0.0623130053 0.166233018
v 0.0654308647 0.0605050325 0.179745644
v 0.0721152052 0.0623540804 0.179083869
v 0.0650048405 0.0729644373 0.163423076
v 0.0678831488 0.0738871694 0.16398184
v 0.0591357015 0.071348846 0.207478553
v 0.0705883875 0.0648140684 0.194269806
v 0.0626341701 0.0781292692 0.164719447
v 0.0677075461 0.0732651204 0.181142136
v 0.0743809193 0.0631022677 0.174428582
v 0.0750133544 0.0631622821 0.180764824
v 0.076340653 0.0564333387 0.194389254
v 0.0699190572 0.0757424012 0.180824175
v 0.0207646415 0.0957758129 0.181411073
v 0.0222681966 0.0871815085 0.181081966
v 0.0242301393 0.0958666801 0.180242807
v 0.0166075677 0.0953186005 0.201303437
v 0.0192165021 0.0955914408 0.183922082
v 0.0257673915 0.0960703194 0.182221189
v 0.0283049364 0.0841817036 0.195796579
v 0.0250371788 0.0862189233 0.178086132
v 0.0254736394 0.0958254486 0.177440032
v 0.0290152077 0.0849634781 0.197079882
v 0.0292710625 0.0937083662 0.197256222
v 0.0365704857 0.0926591977 0.190502435
v 0.0249277484 0.0955597609 0.201137632
v 0.0388873741 0.0805037171 0.184653401
v 0.0393462405 0.0914197862 0.177523762
v 0.0392737538 0.0912906602 0.17257309
v 0.0436227284 0.0893622562 0.183288157
v 0.0394340754 0.091070503 0.184125707
v 0.0381961353 0.0918045491 0.190211087
v 0.0426137075 0.0899821967 0.186714441
v 0.00833100267 0.0871202126 0.151706457
v 0.00820736121 0.0888696536 0.151872337
v 0.0078714015 0.0912767351 0.152003095
v 0.00801196601 0.0908716395 0.155621454
v 0.00856416486 0.0890737996 0.155617252
v 0.0226744674 0.0933959633 0.153542742
v 0.0161882062 0.08701884 0.151432589
v 0.0152657619 0.0891015381 0.151644826
v 0.0145978108 0.0914281011 0.151850432
v 0.0144549627 0.0910744369 0.155820802
v 0.0231640544 0.0960314125 0.158998579
v 0.0237528794 0.0842270404 0.159378067
v 0.0141828675 0.0892404392 0.155575931
v 0.0174317602 0.0855704546 0.151405409
v 0.0170030855 0.087522313 0.155550316
v 0.0166335274 0.0905188918 0.155651405
v 0.0171928499 0.092310138 0.151137054
v 0.0218715575 0.0958713666 0.15214397
v 0.0201397594 0.0852888077 0.15162681
v 0.0203261226 0.0873323455 0.15573974
v 0.0201602001 0.091254659 0.155984834
v 0.0218761209 0.0886503756 0.151617438
v 0.0201103073 0.0922680721 0.15126428
v 0.0220635403 0.0861319304 0.158069715
v 0.0226081181 0.0877431259 0.151544943
v 0.0229245331 0.0912706107 0.151846498
v 0.0210602246 0.0876702592 0.160626873
v 0.0184581 0.0928868875 0.161215872
v 0.0263164882 0.0932549611 0.156637073
v 0.0243603364 0.0934921429 0.15859738
v 0.0146486619 0.0868599638 0.157934338
v 0.0175830573 0.084690474 0.158734038
v 0.0179254021 0.0958643407 0.161749631
v 0.0226772279 0.095824182 0.160710201
v 0.0240195096 0.0862514302 0.16209273
v 0.023098994 0.0910374746 0.158140823
v 0.0275691766 0.0850396007 0.161298037
v 0.0284840725 0.0842227265 0.166008368
v 0.0325053073 0.084411554 0.164393902
v 0.0329273082 0.0843903422 0.167965084
v 0.0290096924 0.084889859 0.168735728
v 0.0274061635 0.0917319134 0.152919024
v 0.0291123465 0.0854714811 0.163520887
v 0.0292906445 0.0936008841 0.163242087
v 0.025216369 0.0876055956 0.163756818
v 0.0253860001 0.0958322883 0.163012713
v 0.0275143012 0.088063404 0.162208319
v 0.0263727885 0.0909653455 0.160447508
v 0.0268198587 0.093862921 0.160971582
v 0.0320981704 0.0938158557 0.162083223
v 0.033214841 0.0924888253 0.164465666
v 0.0292770751 0.0936100855 0.169260219
v 0.0328006558 0.093669638 0.168755546
v 0.0292948652 0.0969709679 0.201599374
v 0.0389641114 0.0805489495 0.157469615
v 0.0390792415 0.0811840445 0.156010106
v 0.0391967371 0.0811313912 0.16530402
v 0.0391622335 0.0811370686 0.167059869
v 0.0393536314 0.0892999023 0.158040285
v 0.0403241217 0.0900159031 0.167293504
v 0.0376371592 0.080941841 0.185948402
v 0.0388195999 0.0804513693 0.176715896
v 0.0392522588 0.0810259059 0.175146192
v 0.0369937792 0.092432797 0.186370909
v 0.0394170508 0.0913489237 0.155281186
v 0.0393674411 0.0914565623 0.16423595
v 0.043474678 0.0893856212 0.157819018
v 0.0400694013 0.0912825912 0.160035029
v 0.0396883748 0.0915141925 0.168914095
v 0.03998781 0.0524252765 0.191415504
v 0.0461024716 0.0532618202 0.192507222
v 0.0494265296 0.0510062985 0.201653481
v 0.0309674814 0.0518340543 0.200667247
v 0.030055847 0.053156551 0.198437899
v 0.0357791707 0.052205991 0.198415473
v 0.0366445668 0.0523195788 0.196910888
v 0.0380027182 0.0524049737 0.193065882
v 0.0382043682 0.0528922118 0.197189003
v 0.0393654816 0.0532002561 0.198203862
v 0.0428270623 0.052393578 0.194358692
v 0.0416555889 0.0525730774 0.198133141
v 0.0430767126 0.0520687103 0.192734241
v 0.0443280824 0.0523794591 0.196142003
v 0.0484919921 0.0525623709 0.196090177
v 0.0656843185 0.0301188622 0.226066038
v 0.0637860075 0.0454079472 0.226116583
v 0.0718122423 0.0367778316 0.227846026
v 0.0686380044 0.0457173809 0.193867296
v 0.0667353719 0.0455796719 0.210301191
v 0.0692479014 0.0524867065 0.228844702
v 0.0645577833 0.0598606952 0.198261127
v 0.0716113001 0.0556166098 0.211308703
v 0.0622283407 0.0599674694 0.217949599
v 0.0801746175 0.03749213 0.194418609
v 0.0751024485 0.0370642804 0.211170405
v 0.0766747668 0.0417581275 0.192874685
v 0.0780872479 0.0371605754 0.211602435
v 0.0758094341 0.0511734784 0.211417109
v 0.0736195147 0.0464097932 0.211291596
v 0.074671641 0.0396097451 0.227814108
v 0.0720666051 0.0155900912 0.193600744
v 0.0490742624 0.0070067388 0.227236211
v 0.0484900884 0.0138531905 0.23130177
v 0.0656410158 0.013230795 0.230395138
v 0.0509095415 0.0518563949 0.200592548
v 0.0698966831 0.0150596891 0.209859073
v 0.0665154085 0.00606887043 0.226676807
v 0.068925567 0.0304670408 0.209994346
v 0.0709485561 0.030854933 0.193864793
v 0.0788738281 0.0187234264 0.194518328
v 0.0766560361 0.0182589162 0.211144179
v 0.0796595067 0.0182738081 0.211377814
v 0.0732505098 0.0180469919 0.227617815
v 0.0762078241 0.0178351253 0.228200868
v 0.049002748 0.0523702316 0.164128467
v 0.0447687991 0.0522890948 0.163761973
v 0.0446123853 0.0520777069 0.168698028
v 0.0476902984 0.053730607 0.170061275
v 0.0480468608 0.0525359176 0.182262212
v 0.0368473306 0.052318316 0.190428838
v 0.0431245714 0.0522369407 0.190362021
v 0.0476641655 0.052500315 0.191523328
v 0.0490058362 0.0523402132 0.168517232
v 0.0507320389 0.0519415811 0.164778605
v 0.0501968972 0.05180078 0.192992166
v 0.0666525289 0.0452412069 0.163933262
v 0.0701166093 0.0428828038 0.178250864
v 0.0677716285 0.0529572107 0.17875056
v 0.07574182 0.0312951654 0.161912873
v 0.0814271867 0.0359019488 0.178622857
v 0.073111482 0.0487287343 0.163425103
v 0.076391913 0.0470480993 0.162571445
v 0.0782198235 0.0483376235 0.171893001
v 0.0779370144 0.0336734243 0.17287685
v 0.0750992745 0.0526974499 0.178229868
v 0.0784038007 0.0516284443 0.179385066
v 0.0785532519 0.0470156372 0.194430292
v 0.0683993846 0.0153245358 0.151131853
v 0.0701425523 0.0153550897 0.162702933
v 0.0688866898 0.0306336228 0.163095057
v 0.0720908642 0.0300987009 0.177061915
v 0.0753280893 0.0154084377 0.15022245
v 0.0770226046 0.015514832 0.161498234
v 0.0800660551 0.015535525 0.161478266
v 0.0831502229 1.78746795e-05 0.172730193
v 0.07324709 0.0161523838 0.176661327
v 0.0821966007 0.0191377867 0.17179656
v 0.0819220543 0.0186034795 0.194303393
v 0.0803002715 0.0161681268 0.176528484
v 0.0787838697 0.0313581601 0.161807075
v 0.0829268992 0.0209544953 0.177813664
v 0.0784763619 0.0355358273 0.178609177
v 0.0809604228 0.0330377631 0.172466785
v -0.0244495794 0.0893490538 0.19220975
v -0.0189729389 0.0954602659 0.201443419
v -0.00648089405 0.0849409476 0.197223395
v -0.024935713 0.0539921299 0.195996419
v -0.0255976487 0.0522705764 0.199689165
v -0.0251072366 0.055989597 0.19703263
v -0.0289433934 0.0911144316 0.200968564
v -0.0278356597 0.0925430506 0.198846087
v -0.0267242659 0.100996241 0.201652586
v -0.0268374663 0.102114998 0.202223331
v -0.0182246156 0.103013836 0.221536681
v -0.0233502667 0.102848917 0.22815837
v -0.0252255499 0.103250213 0.23102726
v -0.0218005423 0.0914290026 0.192777559
v -0.0217211396 0.0902361795 0.194129243
v -0.0176777653 0.0912574977 0.192390308
v -0.0148732327 0.0697349459 0.198085025
v -0.0198031869 0.092298016 0.191877872
v -0.0203965362 0.0912407264 0.197893381
v -0.0184988827 0.091374971 0.197932631
v -0.0173019506 0.0917053372 0.196148112
v -0.0152949076 0.0928727239 0.197969034
v -0.0132783782 0.0974733531 0.201616839
v -0.0140480893 0.102853596 0.218226269
v -0.0188867506 0.100907244 0.225577518
v -0.0187766831 0.104853958 0.227385923
v -0.0164691359 0.100895494 0.223175377
v -0.0122958682 0.102000155 0.220543057
v -0.0217138678 0.10076151 0.229083896
v -0.0084643364 0.053218089 0.198380709
v -0.00636280654 0.0781014487 0.19821386
v -0.00585938944 0.0793213919 0.196664944
v -0.00434246799 0.0837890729 0.198110312
v -0.00802757684 0.093909137 0.197775528
v 0.00471405638 0.0971216038 0.201558828
v -0.0093577113 0.10242945 0.215939194
v -0.00311529101 0.10114146 0.216217741
v -0.00362913939 0.102507047 0.213105097
v -0.0120229553 0.106427707 0.221919298
v -0.00666097971 0.107017592 0.219365194
v -0.00938598253 0.101006329 0.21833691
v 0.00139791775 0.107593149 0.217663735
v 0.00261592004 0.0966401324 0.199794859
v 0.00525334617 0.0951941907 0.201319203
v 0.0129857175 0.102458112 0.213339701
v 0.00632633734 0.101976126 0.215781763
v 0.0118830567 0.101326354 0.21586962
v 0.00610070769 0.107579149 0.217778191
v -0.0449052714 0.0957723483 0.199197873
v -0.0558114126 0.0833078921 0.220201895
v -0.0449671187 0.0890808031 0.2347271
v -0.0489795692 0.0972007439 0.214510769
v -0.0466356874 0.0955615565 0.236685947
v -0.0425686724 0.093829684 0.204512611
v -0.0415843278 0.0960826054 0.202084959
v -0.0434799343 0.096534498 0.204355061
v -0.0423340797 0.0951999649 0.212499559
v -0.0429942682 0.0971685052 0.211885527
v -0.0427900441 0.0969591588 0.216286927
v -0.0423031859 0.095007129 0.221515983
v -0.0434351116 0.097305283 0.221691072
v -0.0424098782 0.0951403752 0.237009704
v -0.0432882607 0.0976223275 0.235158205
v -0.0414065793 0.102046333 0.207957387
v -0.0412782915 0.103116401 0.235440567
v -0.0277844351 0.103497237 0.237500802
v -0.0299327672 0.10217274 0.200125992
v -0.0355203971 0.103010394 0.220806286
v -0.0615536012 0.0573886633 0.198279962
v -0.0647134855 0.0580587164 0.212576091
v -0.0638237 0.0657717437 0.219397992
v -0.0613943376 0.0769582465 0.220007852
v -0.0531046391 0.0617994182 0.200018108
v -0.0530924909 0.0618250556 0.225559443
v -0.0500386395 0.0745358765 0.211829215
v -0.0602014959 0.0689761117 0.220469758
v -0.0588434152 0.0748730153 0.221684113
v -0.0567938313 0.0802146196 0.236893177
v -0.0262807384 0.0526158214 0.165577501
v -0.0236369316 0.052261252 0.163819462
v -0.026524676 0.0804973543 0.155904859
v -0.026354501 0.0895635709 0.169963107
v -0.0264581256 0.0799964517 0.176742241
v -0.0265473574 0.0797129497 0.183795393
v -0.0234809928 0.0801246911 0.16722852
v -0.0239296034 0.0905617401 0.163413405
v -0.0232447367 0.0802546293 0.165340886
v -0.0237841662 0.0907243192 0.169079021
v -0.0225690734 0.0906199589 0.190375313
v -0.0263836626 0.0801831782 0.175045967
v -0.0259010158 0.0896777138 0.17465122
v -0.0254418179 0.0803952441 0.184641212
v -0.0263819918 0.0805024877 0.186147764
v -0.0262336396 0.089202337 0.186356366
v -0.0261395648 0.0897954777 0.177170783
v -0.0264381636 0.0890540853 0.183895037
v -0.0263681337 0.0895072296 0.191129595
v -0.0183317102 0.0808591396 0.175069511
v -0.0179388858 0.0804286748 0.176661104
v -0.0179366376 0.0810560137 0.184365556
v -0.0167887844 0.0806110352 0.185803339
v -0.0206832383 0.0919787884 0.184245497
v -0.0183503237 0.0915734991 0.174452767
v -0.0185294375 0.0914946049 0.177255407
v -0.0181735326 0.0911033079 0.184107646
v -0.0157893505 0.0931610912 0.190355539
v -0.0188152548 0.0922127068 0.189551309
v -0.016484566 0.0925560519 0.186231613
v -0.00576438569 0.0841657519 0.19572103
v -0.00147189724 0.0863155723 0.180163667
v 3.7565107e-05 0.087529473 0.18108961
v -0.000341579638 0.095683597 0.181257993
v -0.0066868416 0.0935072899 0.196698889
v -0.0052495366 0.0969253555 0.18135567
v 0.000199735718 0.0968983173 0.184642956
v -0.0264897794 0.0798972473 0.157506511
v -0.0266285259 0.0891784132 0.158245713
v -0.021920979 0.0914080739 0.155781493
v -0.0263907965 0.0880831778 0.163003728
v -0.024106916 0.0937386528 0.201410607
v -0.0180888847 0.0811562315 0.15764071
v -0.0227794982 0.0905222297 0.167340085
v -0.0168176442 0.0807153806 0.156241104
v -0.0196832083 0.0806423277 0.16566135
v -0.0181865525 0.080990836 0.167204633
v -0.017768411 0.0803992301 0.164855868
v -0.0164769441 0.0926240981 0.155901209
v -0.0217026696 0.0948103443 0.198091969
v -0.014163252 0.0935140848 0.153701112
v -0.0223451294 0.0910433754 0.165316671
v -0.018481195 0.0914791822 0.157841563
v -0.0202741008 0.0921314433 0.160935059
v -0.0188387986 0.0916465595 0.167545781
v -0.0182740577 0.0911254212 0.164525464
v -0.0124546411 0.093640402 0.167230383
v -0.0137517918 0.096602641 0.198017493
v -0.0104616201 0.0844210386 0.153664902
v -0.00654720981 0.0848575011 0.154974326
v -0.00998126622 0.0844280347 0.164427206
v -0.0104427254 0.0843685567 0.167890877
v -0.00607089186 0.0841995254 0.166674405
v -0.00556074828 0.0842368603 0.162830144
v -0.00459215231 0.0861812234 0.161558807
v -0.00135012111 0.084197484 0.159523681
v -0.00646021916 0.0849575996 0.168808535
v -0.0100862375 0.0935949162 0.154422849
v -0.00428989436 0.0937356129 0.151654437
v -0.000460788375 0.0913714617 0.151854262
v -2.65778854e-05 0.0875640884 0.151618898
v 0.000145851736 0.093431823 0.153526455
v -0.0110367257 0.0923624039 0.166477188
v -0.00993721746 0.0937509835 0.163853675
v -0.00674847467 0.0855647177 0.16353932
v -0.0070394869 0.0933960676 0.163489029
v -0.00671584811 0.0935441479 0.155771852
v -0.00457905373 0.0907543972 0.161194459
v -0.00366068794 0.0931868479 0.156591713
v -0.00441822503 0.0938544571 0.160672873
v -0.0026718867 0.0877905637 0.163540706
v -0.0029445861 0.0958639607 0.164162859
v -0.00163665391 0.0934653431 0.158509985
v -0.000450759107 0.0960326344 0.159036681
v -0.00126322987 0.0862688944 0.161886171
v -0.000702674617 0.0906227902 0.158280805
v -0.00181458844 0.0957969055 0.161701113
v -0.0096062161 0.0939399004 0.168908283
v -0.00680158753 0.0935661346 0.168818742
v -0.00268719206 0.087629877 0.177993834
v -0.00288353651 0.0958129689 0.178229451
v -0.00591869885 0.0968423188 0.161035404
v -0.0102823395 0.0968764052 0.201235831
v 0.0033937504 0.0843679532 0.158900633
v 0.00394825358 0.0849192813 0.151620209
v 0.000894929806 0.0858543664 0.157841802
v 0.000644492626 0.0893085226 0.151597753
v 0.00318997237 0.0860319808 0.15157105
v 0.00185495219 0.087700747 0.155711576
v 0.00320754247 0.0937721729 0.150631607
v 0.00532728294 0.0873314887 0.155740559
v 0.00228948891 0.0910614952 0.155973554
v 0.00473161088 0.0920924097 0.151732385
v 0.00694064982 0.0884187594 0.151426882
v 0.00570799783 0.0907460004 0.155718192
v 0.00783775561 0.0867462978 0.158145428
v 0.00142742321 0.0876037702 0.160644054
v 0.00413988857 0.092956081 0.161297098
v 0.00469910679 0.095846355 0.161872461
v -0.000955564028 0.096287556 0.152637392
v 0.00206252746 0.096194014 0.160307914
v -0.060397096 0.0795817152 0.205881566
v -0.0570405424 0.078852199 0.18515572
v -0.0537558384 0.085657239 0.17991741
v -0.0519148968 0.0926716551 0.167498887
v -0.053925354 0.0920496956 0.218493566
v -0.0521777011 0.0893092304 0.21897538
v -0.0486454628 0.0929947942 0.206973642
v -0.0583507121 0.0849684402 0.219970182
v -0.042063579 0.0943876803 0.156428188
v -0.0447705947 0.0951268673 0.183434576
v -0.0440660454 0.0942199603 0.157529369
v -0.043140281 0.092192404 0.179069638
v -0.0457331799 0.0870104656 0.212148473
v -0.0427921526 0.0956595838 0.178394884
v -0.0422825478 0.096683763 0.188191995
v -0.0425945669 0.0933102742 0.189172119
v -0.0423198827 0.095006004 0.184569657
v -0.047533825 0.0972838178 0.189110845
v -0.0303183943 0.101552993 0.188929647
v -0.0299700685 0.0995656028 0.199010015
v -0.0614901185 0.0667187274 0.150461316
v -0.0618366934 0.072534427 0.185410157
v -0.0524261668 0.0616375506 0.1693158
v -0.0499635302 0.073643662 0.170291498
v -0.0594406277 0.0689137504 0.181676269
v -0.025026707 0.0519544221 0.192580581
v -0.023375839 0.0522074364 0.191615999
v -0.0184321031 0.0523700975 0.191632569
v -0.0207089167 0.0523005016 0.198094577
v -0.021984756 0.052754201 0.192641124
v -0.0218002852 0.0524255522 0.194440365
v -0.0203310549 0.0531485416 0.191665038
v -0.0182276648 0.0531765595 0.198219761
v -0.0171194673 0.0524652973 0.192874283
v -0.0171462391 0.052946616 0.197184324
v -0.00975765008 0.0518905856 0.200584367
v -0.0156392418 0.0526852868 0.196730196
v -0.0145728132 0.0522633977 0.198336273
v -0.0653522313 0.0457073972 0.191439331
v -0.0621310323 0.0502450578 0.232097283
v -0.0652011782 0.0466947667 0.233729303
v -0.0657255873 0.0470298268 0.217152417
v -0.0625087321 0.0504947267 0.21882996
v -0.063526608 0.0640323684 0.190315783
v -0.0553362481 0.0490802415 0.209316999
v -0.0664721131 0.0229158588 0.208957717
v -0.0634682849 0.0226645488 0.208075881
v -0.0628913343 0.0264998339 0.231832117
v -0.0658053979 0.0291993134 0.232320696
v -0.0578831062 0.0238017943 0.213621244
v -0.0623335317 0.0455029234 0.190003023
v -0.0563963875 0.0354530066 0.194816783
v -0.0544008315 0.0486462787 0.176743165
v -0.0299210697 0.0518915877 0.20059824
v -0.0280637629 0.0522848479 0.165396199
v -0.0266935639 0.0536981337 0.170064807
v -0.0295155346 0.0519682802 0.18142432
v -0.0282273684 0.0523574427 0.179552406
v -0.0288332589 0.0519711748 0.196740463
v -0.0266838931 0.052355282 0.191543654
v -0.0267948005 0.0527936444 0.182560682
v -0.023818383 0.0523198433 0.168793067
v -0.022211127 0.0524113178 0.190318927
v -0.0158298761 0.0522443131 0.190460101
v -0.0623577647 0.0228346121 0.177019686
v 0.0419066735 -0.0497971363 0.283326209
v 0.0379115045 -0.0396905877 0.289054185
v 0.0419614576 -0.0332512185 0.287067622
v 0.0447971448 -0.0413528979 0.28253147
v 0.0469680168 -0.044048056 0.283792138
v 0.046046339 -0.0365901589 0.282603443
v 0.0488308594 -0.0360818841 0.283526897
v 0.0454903804 -0.0235337336 0.284827858
v 0.0469378866 -0.0322773494 0.28223139
v 0.0481201299 -0.0235488862 0.282380462
v 0.0481319465 -0.00938222464 0.282901973
v 0.0474925749 -0.0020263847 0.282613814
v 0.0547507964 -0.03327059 0.276810914
v 0.0519760251 -0.0180087015 0.282749325
v 0.0510449484 -0.00450611673 0.282876253
v 0.0514983907 -0.015365175 0.283174664
v 0.0522612594 0.00858940929 0.282564461
v 0.0577276386 -5.41634145e-05 0.274730235
v 0.00441477168 -0.0469818152 0.292716891
v 0.0104544172 -0.0410126932 0.295077413
v 0.00879567489 -0.0357663482 0.309539229
v 0.0108028566 -0.0404559746 0.304555655
v 0.00499674818 -0.0117883515 0.295471579
v 0.00401501497 -0.0102625536 0.293157279
v 0.00483310549 -0.00994275603 0.296991229
v 0.00570789631 0.0102202334 0.293075562
v 0.0124741299 -0.0462709814 0.291738391
v 0.0152511913 -0.038349431 0.294271737
v 0.0208675116 -0.0416265577 0.289977431
v 0.0186902639 -0.0356380679 0.293325603
v 0.0146346996 -0.0320392698 0.309619874
v 0.0181415956 -0.0358309858 0.304470658
v 0.0231963415 -0.0293585546 0.291489959
v 0.023213977 -0.0285622906 0.304443538
v 0.0187955219 -0.0266509298 0.309280366
v 0.024934534 -0.0192398764 0.303857386
v 0.0193298664 -0.020373458 0.309563071
v 0.0245211143 -0.0199375618 0.304754704
v 0.024350645 -0.0107575208 0.296976209
v 0.0249436498 0.0194322783 0.303893507
v 0.0274193846 -0.034627419 0.287614256
v 0.0315995812 -0.0226046667 0.284707636
v 0.0250343662 -0.0223054066 0.28990823
v 0.0252375528 -0.00835324172 0.287978619
v 0.0249799304 -0.012259041 0.297970802
v 0.0247841571 -0.0117814317 0.294446111
v 0.0252739061 0.00755016971 0.287857503
v 0.0316342115 -0.00587316696 0.282776564
v 0.0245569292 -0.0103363572 0.293012708
v 0.0245775692 0.0102816178 0.29303804
v 0.0552934781 -0.0247043781 0.269205183
v 0.0484341569 -0.0193613246 0.240611434
v 0.0487694256 -0.0164550617 0.234213978
v 0.0635964945 -0.0168453343 0.234373674
v 0.0483149737 -0.019845197 0.244663596
v 0.0485858954 -0.0178390201 0.252381682
v 0.0569174476 -0.0175645594 0.253775597
v 0.0602814555 -0.0201209914 0.24539873
v 0.0480250567 -0.0128468834 0.258280009
v 0.055220928 -0.012860775 0.266131431
v 0.0558062419 -0.0150217814 0.256955445
v 0.0580651462 -0.0181221347 0.2676633
v 0.0480403267 0.00378127582 0.262357324
v 0.0552112535 -0.0118808141 0.259620339
v 0.0481150635 -0.00534263486 0.262000293
v 0.0550439097 0.00201245886 0.26300171
v 0.0549919531 -0.00546098035 0.262439072
v 0.0600195192 0.00431986572 0.264692485
v 0.0559721626 0.00910181459 0.26859352
v 0.0578883477 0.00112416386 0.268121451
v 0.0624690242 -0.0193773992 0.239444897
v 0.0685542673 -0.0195188895 0.243305609
v 0.0673581362 -0.0177890137 0.255113989
v 0.0645664409 -0.0175620355 0.254024714
v 0.0608419441 -0.0167875886 0.268971026
v 0.0672574937 7.26424332e-05 0.256262451
v 0.0702296048 0.000268294272 0.239713043
v 0.0720992833 -0.000102240461 0.243758395
v 0.0649270564 -8.92928947e-05 0.254072368
v 0.0629429445 -0.000114231079 0.265476704
v 0.0711924806 -0.0233082827 0.244314268
v 0.0752831846 0.000138522591 0.232841477
v 0.0522559881 -0.0506852418 0.267599642
v 0.0539922342 -0.0439315513 0.268373966
v 0.0562497601 -0.0395867079 0.267443627
v 0.0595761761 -0.03552619 0.268569857
v 0.0556831881 -0.0308830831 0.255013287
v 0.0529015139 -0.043552693 0.265801162
v 0.0542014241 -0.0308310129 0.260354787
v 0.0540137552 -0.0403487794 0.268742889
v 0.054627534 -0.0286979508 0.268202543
v 0.0581920408 -0.0192136038 0.250869751
v 0.0580607504 -0.0248099081 0.266810209
v 0.0561490916 -0.0287190042 0.268872678
v 0.0680572391 -0.0372038595 0.241331533
v 0.0600711778 -0.0372975692 0.24282515
v 0.0655258521 -0.0364395157 0.256339163
v 0.0701116249 -0.0377044752 0.244207829
v 0.0627356321 -0.0359094888 0.255312741
v 0.00861239433 -0.0908462256 0.276162624
v 0.00377111114 -0.0912801251 0.287985027
v 0.0173574593 -0.0916829184 0.286613941
v 0.00594892586 -0.0758456215 0.289335728
v 0.00874648616 -0.0728386864 0.289990395
v 0.00999218039 -0.0756696686 0.288164556
v 0.00924888346 -0.07482858 0.302357495
v 0.00928495079 -0.0721587315 0.302164704
v 0.0125548942 -0.0793238804 0.290624738
v 0.010959601 -0.0758305565 0.290530562
v 0.00713300053 -0.0738524422 0.304871112
v 0.00709512318 -0.0720544383 0.310291797
v 0.0106207086 -0.0762093961 0.305557311
v 0.00848893821 -0.0747968927 0.310124725
v 0.0111793382 -0.0732979849 0.308089793
v 0.00885153934 -0.0707764328 0.2853221
v 0.00856500585 -0.0679068044 0.283926159
v 0.00914597232 -0.0666444823 0.28053382
v 0.0089894617 -0.0644447953 0.28043431
v 0.0134176435 -0.0710454807 0.286310107
v 0.00850347523 -0.0640334859 0.292721152
v 0.00838418212 -0.0692869276 0.290822983
v 0.0098105697 -0.0711263567 0.290475845
v 0.011791138 -0.0708751529 0.29520309
v 0.00780447107 -0.0714147612 0.306991428
v 0.0125715937 -0.0713962317 0.303976536
v 0.0153508298 -0.0874155909 0.275663584
v 0.0236339606 -0.0953129977 0.273623645
v 0.0191351548 -0.0913833603 0.274895161
v 0.0161989555 -0.0941711217 0.277896166
v 0.0248458274 -0.0921975374 0.284564435
v 0.0183724742 -0.0764621943 0.290562868
v 0.0132500175 -0.0754625872 0.290157586
v 0.0130495494 -0.0754540712 0.302184016
v 0.0138980728 -0.0735398754 0.303256094
v 0.0135604357 -0.0715354159 0.289882451
v 0.0179868713 -0.074419193 0.288172513
v 0.014293449 -0.0688625649 0.283713877
v 0.014398125 -0.0666454658 0.279911965
v 0.0134916119 -0.0642791614 0.279614866
v 0.0146459341 -0.0700278357 0.289912611
v 0.0141274948 -0.0640732944 0.291892588
v 0.0147611648 -0.0543415062 0.295016944
v 0.0258548912 -0.0712878481 0.286933124
v 0.040264044 -0.0951878056 0.274647623
v 0.0343629271 -0.093638882 0.279769868
v 0.0302518494 -0.092694439 0.282435864
v 0.0337813161 -0.0685148463 0.287390739
v 0.0270525869 -0.0732997358 0.288915217
v 0.0249918457 -0.0609349832 0.290031523
v 0.0310278069 -0.0676120967 0.286171943
v 0.0326845236 -0.0658197552 0.28528598
v 0.0336339287 -0.0443504825 0.290710807
v 0.0233249906 -0.0513089634 0.293623269
v 0.0292332564 -0.0477265343 0.292155176
v 0.0372837074 -0.0842758492 0.281077087
v 0.0426814407 -0.0851302072 0.27664569
v 0.0395138711 -0.0619723611 0.285701483
v 0.0478129908 -0.071757555 0.275888592
v 0.0381367579 -0.0581715666 0.283936769
v 0.0403239205 -0.058474496 0.28524676
v 0.0440050885 -0.0521730706 0.284663409
v 0.0502034314 -0.047718741 0.279620349
v 0.0147702815 -0.0914536193 0.274029434
v 0.024307372 -0.0906151682 0.271070272
v 0.0318908282 -0.10176599 0.237720445
v 0.0325425379 -0.0989827216 0.232235163
v 0.0345199555 -0.103448465 0.234492272
v 0.0343565084 -0.101372369 0.235197902
v 0.0352183469 -0.0995096117 0.238433406
v 0.0330199599 -0.0984887704 0.249611512
v 0.0330470353 -0.0999161154 0.244276643
v 0.0363863111 -0.0999227539 0.242792502
v 0.0358493775 -0.0967209712 0.254586905
v 0.0368624143 -0.10306903 0.243066072
v 0.0362413079 -0.0973448083 0.249548271
v 0.0333472081 -0.09859211 0.262640119
v 0.0335950479 -0.0954590365 0.259339273
v 0.0358743742 -0.100160211 0.257112414
v 0.0276367776 -0.0962408856 0.270199388
v 0.0306086019 -0.0974131599 0.266659766
v 0.0301231015 -0.0924853459 0.265428364
v 0.0320955142 -0.0941319764 0.263115913
v 0.0205916371 -0.092379272 0.270763487
v 0.0270321257 -0.0905302912 0.26845938
v 0.0265004262 -0.0938852578 0.26524058
v 0.0364168845 -0.0973956883 0.243640229
v 0.0370681137 -0.101814508 0.250962079
v 0.0545420274 -0.0698611885 0.241390884
v 0.048401691 -0.0751693547 0.263098598
v 0.0500270016 -0.0760029703 0.265550047
v 0.0490294583 -0.0748671219 0.266866475
v 0.053402245 -0.0738886893 0.262014121
v 0.0516526215 -0.0712236464 0.265871346
v 0.0577343181 -0.060342513 0.239169687
v 0.0549263842 -0.0569407381 0.249483794
v 0.0586178452 -0.0636823475 0.255851686
v 0.0498820841 -0.0670697838 0.257805288
v 0.0502533801 -0.0632363632 0.266813248
v 0.0520711876 -0.0493120328 0.260748893
v 0.053584788 -0.0514304861 0.254705518
v 0.0598561466 -0.0545302927 0.256817073
v 0.049388241 -0.0716124177 0.267332107
v 0.0521442033 -0.0637765154 0.2675322
v 0.0516434796 -0.0594358705 0.268028587
v 0.0551138185 -0.0550218076 0.271401912
v 0.0516020283 -0.0554634854 0.26768595
v 0.0546973646 -0.0504905432 0.267470926
v 0.0528582372 -0.0558215752 0.268189609
v 0.0617318265 -0.0687717721 0.244307712
v 0.0652503967 -0.075501062 0.234277159
v 0.0679865107 -0.0536246859 0.244542107
v 0.0600524694 -0.0545300245 0.263202548
v 0.0652524754 -0.0528296307 0.243587986
v 0.0641034245 -0.0562514253 0.253991812
v 0.0493991822 -0.103029825 0.23885262
v 0.0486324616 -0.10096021 0.254451096
v 0.0449496061 -0.0972067714 0.267445713
v 0.0473889112 -0.0989500359 0.260889202
v 0.0471876375 -0.0874919966 0.270823091
v 0.0544879623 -0.0973016024 0.235782713
v 0.0491565242 -0.102476493 0.246526077
v 0.0536535755 -0.0959823802 0.248223394
v 0.0524191 -0.0914310589 0.258997977
v 0.0480109379 -0.0960186571 0.240776151
v 0.0514193885 -0.0818319917 0.241071537
v 0.0496604182 -0.0972463712 0.237816289
v 0.0578148067 -0.0855052248 0.235623434
v 0.0482613221 -0.0923461094 0.248221904
v 0.0481308736 -0.0886662528 0.254231423
v 0.0490666032 -0.0976907909 0.243410304
v 0.0497020558 -0.0946952105 0.247643769
v 0.0502981246 -0.0924173072 0.252580345
v 0.0523084998 -0.0924093947 0.246671885
v 0.056247972 -0.0851022005 0.245219052
v 0.0576850027 -0.0881136656 0.247872621
v 0.0484004468 -0.0822482258 0.257059157
v 0.049413234 -0.0919855535 0.255658776
v 0.0488900952 -0.0869246349 0.260948181
v 0.0514816716 -0.0840380564 0.266272783
v 0.050608106 -0.0885599628 0.257812768
v 0.0591123216 -0.0755413324 0.256271511
v 0.062972717 -0.0745677799 0.23079206
v 0.0514674112 -0.0750234276 0.248712853
v 0.0480609909 -0.0808763504 0.262216419
v 0.0486071184 -0.0784803107 0.264003754
v 0.051710695 -0.0835978836 0.259226739
v 0.0482862107 -0.0832497329 0.263929516
v 0.0506301112 -0.0804729462 0.262885809
v 0.0568709485 -0.0741258934 0.254492104
v 0.057378754 -0.072624363 0.261520922
v 0.05375126 -0.0719714612 0.268087804
v 0.0642649084 -0.0719170123 0.24388738
v -0.000532644743 0.0612854287 0.287672967
v 0.00393667398 -0.0512737595 0.293880492
v 0.00342122233 -0.0462399274 0.300857723
v 0.00381710264 -0.0422343053 0.295905501
v 0.00376737211 -0.0421035551 0.302935272
v 0.00112709904 -0.0436745398 0.301829666
v 0.00244559953 -0.0365480185 0.309706032
v 0.00103070436 -0.0355399922 0.305698812
v 0.00224254141 -0.0424929261 0.303194851
v 0.00147415255 -0.0347673893 0.310070187
v 0.00200638804 -0.0324571542 0.305934906
v 0.00113255531 -0.0264496896 0.301426977
v 0.00224472 -0.0287571866 0.30403021
v 0.00115477352 -0.0275920834 0.309719235
v 0.00188775419 -0.0254823342 0.310105056
v 0.00411376357 -0.0275794715 0.309815884
v 0.00198863144 -0.0233784094 0.301469326
v 0.00193694781 -0.0195444897 0.297619432
v 0.00233684387 -0.0202639699 0.309409797
v 0.00232968573 -0.019027276 0.303879112
v 0.00303131808 -0.019821275 0.304564774
v 0.000960263715 0.0604937486 0.288879216
v 0.0019700469 0.021819979 0.29782775
v 0.00364118372 -0.00934569724 0.295863569
v 0.00363688054 0.00936652627 0.29586342
v -0.0499406978 -0.0488945916 0.283008724
v -0.0540291071 -0.0308808479 0.278191894
v -0.0572298579 -0.0311100893 0.278199226
v -0.0545318387 -0.038281478 0.283184081
v -0.0529408008 -0.0417140052 0.283697039
v -0.0520499721 -0.0359971039 0.282557011
v -0.0552416481 -0.0265422408 0.282981217
v -0.0543745086 -0.0173851065 0.283210546
v -0.052589912 -0.0189231057 0.28214708
v -0.0555713549 0.0193538368 0.282427073
v -0.0649506077 -0.0210117903 0.243946552
v -0.0604105778 -0.000985741848 0.253794611
v -0.0608275086 -0.00068843941 0.266142637
v -0.0621538796 0.0200850572 0.241949812
v -0.0587390363 3.24778921e-05 0.261871517
v -0.0579372048 -0.0002105928 0.242828563
v -0.0547722317 -0.00212709862 0.263436407
v -0.05486748 0.00205491576 0.263148397
v -0.0539772175 -3.07045957e-05 0.260767579
v -0.0558581538 7.20548196e-05 0.27270925
v -0.0624305159 -0.045122236 0.258744657
v -0.0658454299 -0.0270802695 0.232289448
v -0.0608897917 -0.0492203794 0.248001009
v -0.0618932061 -0.0319873393 0.262362272
v -0.0600615703 -0.0348965637 0.269479364
v -0.0637386814 -0.0165694747 0.252518445
v -0.0620222762 -0.0224364232 0.242878303
v -0.0586408675 -0.0458337255 0.261770546
v -0.0515530072 -0.0475753061 0.260948807
v -0.0598476827 -0.0280354451 0.257864505
v -0.0562457293 0.000280444743 0.251308292
v -0.0520428754 -0.0383076854 0.260938048
v -0.053502094 -0.0329842009 0.263255447
v -0.0571614839 -0.0317811519 0.268845558
v -0.0526915863 -0.0333006009 0.263655365
v -0.055445049 -0.030639505 0.244237855
v -0.0534727536 -0.00857238844 0.260839462
v -0.0538162179 -0.0247614812 0.263490915
v -0.0197709333 -0.0830086991 0.289036959
v -0.0242272299 -0.0625794381 0.292615712
v -0.00624657283 -0.0938985571 0.278514564
v -0.0118603325 -0.0916070268 0.274624735
v -0.0172407236 -0.0912878588 0.286524355
v -0.0209804382 -0.0766583756 0.290751994
v -0.011816618 -0.075959444 0.289231837
v -0.0202351157 -0.0746793598 0.288646013
v -0.00958391372 -0.0779017061 0.2913782
v -0.0116479117 -0.0625026822 0.293618709
v 0.000902055705 -0.0619485937 0.288811356
v -0.000593525998 -0.0611578152 0.287663251
v -0.00641430262 -0.0876118913 0.275924712
v -0.00339019438 -0.0909545049 0.275295705
v -0.00825306494 -0.0913037434 0.287699342
v -0.00246061967 -0.0892516226 0.278048009
v -0.00115320634 -0.0863484591 0.276559621
v 0.00405471725 -0.0933707431 0.28028053
v -0.00695031323 -0.0794412941 0.291549504
v -0.0080858767 -0.0733404234 0.290444642
v -0.00692867767 -0.0754110888 0.289354414
v -0.00778761925 -0.0741792321 0.303361535
v -0.00746124936 -0.0719829649 0.301603377
v -0.00546938414 -0.0760038793 0.305138797
v -0.00404655002 -0.0775510445 0.290859044
v -0.00501098437 -0.0758727863 0.288904607
v -0.000453515036 -0.0767734349 0.289727151
v -0.00281284912 -0.0736775175 0.290479153
v -0.00313347764 -0.0750755891 0.303468674
v -0.00315076462 -0.0724092424 0.302450836
v -0.00520368572 -0.0735586733 0.308110893
v 0.000725723105 -0.0759456679 0.308057517
v -0.000492050196 -0.0718445033 0.310447723
v -0.00035032109 -0.0756418034 0.31060186
v -0.000359120575 -0.072228238 0.306263566
v -0.00801789388 -0.0647763014 0.279966682
v -0.00831043813 -0.0720185786 0.286962688
v -0.00794940069 -0.0680422559 0.282817394
v -0.00332645955 -0.0705682784 0.285978019
v -0.00286257244 -0.0688211545 0.284643233
v -0.00302663539 -0.0669284165 0.280762374
v -0.00244160392 -0.0670237616 0.283552408
v -0.00234736851 -0.0694395155 0.291556358
v -0.00310041429 -0.0644390881 0.280368209
v -0.00849315524 -0.0696320087 0.291105807
v -0.00833321456 -0.0643249154 0.293284893
v -0.00654130476 -0.0709001347 0.291701078
v -0.00330627616 -0.071604304 0.290541112
v -0.00433568796 -0.0713443086 0.306710273
v -0.00271547679 -0.0643648505 0.293257326
v 0.00937224273 -0.0899491981 0.277942806
v 0.00707467459 -0.0782266408 0.291629344
v 0.00311840791 -0.0735105127 0.306876659
v 0.00634622481 -0.0763039067 0.308520854
v 0.00300673652 -0.0735385641 0.311629921
v 0.00340669439 -0.0608747117 0.294534951
v 0.000991828856 -0.0620773993 0.293763876
v 0.00102334784 -0.0229233503 0.296145082
v 0.00109434035 -0.054793369 0.297015667
v 0.00344239804 -0.0564324148 0.296092421
v -0.052465938 -0.0680008829 0.275955707
v -0.0556372181 -0.0584095269 0.275467277
v -0.0532880463 -0.0585574396 0.273209333
v -0.0495646968 -0.064970918 0.276184797
v -0.0504036918 -0.0549823605 0.28508392
v -0.0461422913 -0.0622679554 0.281465381
v -0.0565978475 -0.0477400124 0.277222127
v -0.0522706844 -0.0498146117 0.284359127
v -0.0490340441 -0.0569438376 0.280969471
v -0.0479650572 -0.0537556894 0.283018023
v -0.0431437083 -0.0846417546 0.275426418
v -0.0455403775 -0.0760471299 0.271543175
v -0.0476965643 -0.073555395 0.278678894
v -0.0426438525 -0.0718864202 0.284417063
v -0.0431124568 -0.0669111758 0.286558717
v -0.0373395421 -0.0706236735 0.28807041
v -0.0461279824 -0.0726096407 0.274605513
v -0.0464816131 -0.0705098212 0.276252389
v -0.0462715365 -0.0679819211 0.277772397
v -0.0476789065 -0.0619140752 0.285141706
v -0.0455871075 -0.0651708171 0.279499084
v -0.0449651815 -0.0626132712 0.285809755
v -0.0393857025 -0.0660712942 0.285789639
v -0.0435029455 -0.0608914346 0.285307735
v -0.0396166518 -0.0689757839 0.28712222
v -0.0345959142 -0.0694309697 0.286625355
v -0.0353179313 -0.0622286759 0.289351434
v -0.0460364819 -0.0590312779 0.282456726
v -0.0471926741 -0.0567290597 0.284383595
v -0.0454854593 -0.0542972907 0.281499684
v -0.0459014177 -0.0530578792 0.283190578
v -0.045802433 -0.0570106097 0.284432828
v -0.0454967096 -0.0554656126 0.280861408
v -0.0454587564 -0.0504315607 0.287031382
v -0.0447601303 -0.0526412427 0.287653327
v -0.0398377888 -0.061152339 0.28768757
v -0.0337069966 -0.0939630419 0.276442617
v -0.029447237 -0.093386665 0.280186504
v -0.0234104674 -0.0923243314 0.284048498
v -0.0314659029 -0.0778346211 0.287442535
v -0.0309019405 -0.0737341568 0.289259851
v -0.0298541263 -0.0715485066 0.287464321
v -0.0300160609 -0.0622821003 0.291299343
v -0.027330501 -0.0991426557 0.238266513
v -0.0271198396 -0.101380758 0.237167716
v -0.0251850653 -0.0983386487 0.232135445
v -0.0292084403 -0.10289935 0.244091392
v -0.02909231 -0.101392053 0.25241974
v -0.0283999629 -0.0988682732 0.244724467
v -0.028088212 -0.0976753384 0.251334399
v -0.0256937779 -0.100448556 0.242370412
v -0.0284178257 -0.0984489992 0.249537453
v -0.0275596436 -0.0996723026 0.258447707
v -0.0272731204 -0.0950922519 0.255259156
v -0.0264262185 -0.0950701684 0.258159488
v -0.0243484303 -0.0942312628 0.261649013
v -0.0243301541 -0.0970238447 0.254589915
v -0.0233124122 -0.0942783728 0.264227301
v -0.0247397907 -0.101528652 0.238224223
v 0.0305546019 -0.0958546475 0.258833766
v -0.0228442233 -0.0955198258 0.259852111
v -0.0224710368 -0.0970894396 0.267506361
v -0.0182556566 -0.0958665758 0.271288007
v -0.0210767128 -0.0943218619 0.263796777
v -0.0216152165 -0.0922778621 0.266540378
v -0.0150269298 -0.0951058045 0.274397641
v -0.00832292065 -0.0916447118 0.273458987
v -0.0158351958 -0.0915146545 0.271617234
v 0.00133119128 -0.0907943249 0.276284993
v -0.063394919 -0.066599153 0.233222276
v -0.0616974011 -0.0695867166 0.247381881
v -0.0652418956 -0.0499097221 0.230007663
v -0.0628023371 -0.0584898815 0.250793338
v -0.06074306 -0.0617342256 0.236816078
v -0.060107708 -0.0584354661 0.264175713
v -0.0643220991 -0.0454348512 0.245154813
v -0.0591520891 -0.0721476972 0.236099824
v -0.0589053035 -0.0688671619 0.246054649
v -0.0599597618 -0.070603244 0.255486339
v -0.0565579534 -0.0704082102 0.266504586
v -0.0563420206 -0.069870308 0.258233279
v -0.0473519377 -0.0765461698 0.263550103
v -0.0528310761 -0.0678334832 0.269037843
v -0.0495630912 -0.0702891499 0.272984028
v -0.0468313061 -0.0755814686 0.272671938
v -0.0584194027 -0.0573522933 0.259088784
v -0.0567692593 -0.0608714074 0.263265252
v -0.0507173277 -0.0643331185 0.263570994
v -0.0491804108 -0.0705685169 0.263441265
v -0.0515615977 -0.0624225996 0.248848811
v -0.0504759103 -0.0566784814 0.260828555
v -0.0488002524 -0.0656201914 0.260676891
v -0.0533490963 -0.0503295623 0.249153927
v -0.0523327813 -0.0537887029 0.263506114
v -0.0593808033 -0.0500434823 0.269632578
v -0.0550336652 -0.0496958792 0.272869885
v -0.0490155108 -0.0971117765 0.239091367
v -0.0494421832 -0.0950083062 0.248009264
v -0.0525312796 -0.088213332 0.239174053
v -0.0546923652 -0.0876396894 0.249463737
v -0.0550249629 -0.0804794952 0.248971537
v -0.0513653271 -0.0869776607 0.249832556
v -0.0523665249 -0.0883294791 0.255136937
v -0.0543363206 -0.0786420554 0.264202595
v -0.0488608293 -0.0870086625 0.264911234
v -0.0578416325 -0.0800944641 0.251615644
v -0.0528935641 -0.0786706507 0.259058475
v -0.0472816601 -0.0823661759 0.265688658
v -0.0464189649 -0.0795113742 0.269375294
v -0.0502029248 -0.0767920762 0.273056179
v -0.0503945574 -0.076553233 0.266682327
v -0.0413641855 -0.103144683 0.236852139
v -0.0433151349 -0.0970174 0.239167914
v -0.044828821 -0.0957154408 0.258215129
v -0.0412588976 -0.10254816 0.244952589
v -0.0409948714 -0.100709401 0.254737109
v -0.0390428975 -0.0973307937 0.266216427
v -0.0366682559 -0.0959509835 0.271355331
v -0.0471692309 -0.0949979201 0.236753538
v -0.0449199043 -0.08802481 0.242874339
v -0.0424237661 -0.0956908613 0.238763362
v -0.04576125 -0.0949559063 0.245394245
v -0.0452403761 -0.0924998224 0.253778279
v -0.0426879786 -0.0964988694 0.245488748
v -0.0426362716 -0.0953813046 0.249618128
v -0.0432834551 -0.094128564 0.254221082
v -0.0420925766 -0.0951400399 0.2430318
v -0.0425361507 -0.0930977836 0.247731209
v -0.0429106317 -0.0907986686 0.252230406
v -0.0425159484 -0.0899568275 0.263044089
v -0.0469617546 -0.0867435634 0.261213839
v -0.0455600061 -0.0854995772 0.264697194
v -0.0439258926 -0.0915828794 0.257956266
v -0.0425445549 -0.089710176 0.262393862
v -0.0442331135 -0.0854392201 0.263260126
v -0.0420611873 -0.0906282514 0.257881135
v -0.0428494513 -0.0862128586 0.259753138
v -0.0421523154 -0.0898090079 0.262169152
v -0.0421980694 -0.0889816657 0.262029737
v -0.0482596271 -0.0753413588 0.250469029
v -0.0460520424 -0.0815206394 0.263866514
v -0.0461046509 -0.0762775615 0.260204554
v -0.0460910946 -0.0813620612 0.267170936
v -0.0455707386 -0.0784201026 0.264810473
v -0.0278272517 -0.103488997 0.237718135
v 0.048068285 -0.015236021 0.233071879
v 0.0485444851 -0.00191191304 0.226240069
v 0.0481888056 -0.00997790322 0.228577361
v 0.0480138548 0.0085367104 0.228963777
v 0.0659723803 -0.0118906833 0.229417935
v 0.069886826 -0.0149427438 0.209954426
v 0.0694643706 4.24569516e-05 0.213251948
v 0.0716443136 3.67600405e-05 0.1991864
v 0.0658347681 -3.56735072e-05 0.225969613
v 0.0663604736 -0.00723994756 0.227138385
v 0.0766492039 -0.018422978 0.211114973
v 0.077273339 -0.000117664516 0.209046945
v 0.0797725096 -0.000566981733 0.213068843
v 0.0746846572 4.04337261e-05 0.222642198
v 0.0709718168 -0.0307511073 0.193905368
v 0.0771115497 -0.037458878 0.194679216
v 0.0667502955 -0.0456212275 0.210253105
v 0.0689255372 -0.030487407 0.210045531
v 0.0750689879 -0.0371474139 0.211336255
v 0.0656820387 -0.0302215945 0.226075307
v 0.0647696108 -0.0155550959 0.232636735
v 0.0765835121 -0.0467878766 0.211620584
v 0.0785691738 -0.0469273813 0.194420189
v 0.0734512806 -0.0464210808 0.228502631
v 0.0801695287 -0.0375118144 0.194445774
v 0.0780917704 -0.0372348204 0.211535826
v 0.0718345642 -0.0367287025 0.227756143
v 0.0747663602 -0.0368101448 0.228451461
v 0.0788786486 -0.018712081 0.194472656
v 0.073238723 -0.018096149 0.227654964
v 0.0796554685 -0.0182768535 0.211399376
v 0.0762037635 -0.0178420227 0.228215754
v 0.0509903915 0.0515637919 0.180373341
v 0.0701466501 -0.0153919403 0.162716731
v 0.0688491166 -3.80813835e-05 0.152181908
v 0.0712897032 -0.0012481662 0.166635394
v 0.0770276859 -0.0155240521 0.161532164
v 0.0732620731 -0.0163756683 0.176756278
v 0.0821983442 -0.0194133595 0.171899527
v 0.0831553861 -0.018035803 0.177988917
v 0.0803561807 -0.0151482271 0.176615566
v 0.0800489336 -0.0155358147 0.161361963
v 0.0806419924 0.000188565755 0.175860852
v 0.0720878914 -0.0153378891 0.193603352
v 0.0787698478 -4.0776722e-05 0.150534272
v 0.0778421983 -2.96076996e-05 0.163775012
v 0.0807898119 2.33183855e-05 0.163192853
v 0.0737625137 0.00163690944 0.176817134
v 0.0836465284 0.00315075414 0.177318305
v 0.0793218464 -0.000100261561 0.193603501
v 0.0825320929 1.23311902e-05 0.191689119
v 0.0683660582 -0.0507822298 0.178913206
v 0.0703218952 -0.0416488983 0.177805126
v 0.0688967779 -0.030597413 0.163070887
v 0.0720729828 -0.0302730016 0.177225783
v 0.0757506639 -0.031250596 0.161939487
v 0.0791404098 -0.0302459281 0.176759362
v 0.0779559761 -0.0387159288 0.177607968
v 0.0815019235 -0.0351545997 0.178480744
v 0.0809265226 -0.0327980816 0.17215088
v 0.0819244161 -0.0186006166 0.194279909
v 0.0367792659 -0.0986763537 0.200445294
v 0.0429354943 -0.0939632505 0.195871755
v 0.0118562393 -0.102437131 0.212980643
v 0.0129918866 -0.107261144 0.21888499
v 0.0161972847 -0.102407195 0.215756655
v 0.022516191 -0.102733135 0.217889741
v 0.0171065088 -0.101743512 0.218704641
v 0.0206333324 -0.106174611 0.222295105
v 0.0225913692 -0.101284333 0.222029746
v 0.0266435854 -0.104838192 0.227442458
v 0.0279227998 -0.10129568 0.226700827
v 0.0335099474 -0.102963611 0.23085469
v 0.0484458879 -0.10323479 0.235433757
v 0.0303211994 -0.102881998 0.232412234
v 0.0310215261 -0.0998818949 0.230728731
v 0.0381096974 -0.0976349264 0.201449275
v 0.0288450606 -0.103094459 0.224304199
v 0.0380357392 -0.094861947 0.192462012
v 0.0381766409 -0.0951550677 0.201653615
v 0.0422489494 -0.0951472819 0.200722694
v 0.0441925824 -0.0914289802 0.20152688
v 0.0590612106 -0.0715705827 0.207724169
v 0.0572937243 -0.0702341199 0.226853684
v 0.0695811957 -0.0742025971 0.201854989
v 0.0683040768 -0.0668945089 0.21127072
v 0.0645842105 -0.0598432496 0.198205441
v 0.0706290826 -0.0647028461 0.194200352
v 0.0743305907 -0.0524916276 0.19405213
v 0.0630125403 -0.0598085783 0.212581173
v 0.0720219761 -0.0652463511 0.211285695
v 0.0727820694 -0.0512848794 0.210769817
v 0.0608239099 -0.0598286353 0.22602196
v 0.0664910898 -0.0647316575 0.227936685
v 0.069465667 -0.0650846064 0.228438258
v 0.0686567426 -0.0456602164 0.193951845
v 0.0637966022 -0.045468241 0.226098418
v 0.0685625672 -0.0539322495 0.230832443
v 0.0604793243 -0.0472289436 0.237987921
v 0.0746009648 -0.0561004244 0.211449251
v 0.0716902018 -0.0559175313 0.228448525
v 0.0459951535 -0.0973268822 0.194116235
v 0.0455719195 -0.0953436419 0.193472192
v 0.0506910309 -0.0988740027 0.189447984
v 0.0478551872 -0.0974339768 0.200250924
v 0.0480443947 -0.085764356 0.201393157
v 0.0461896025 -0.0953435749 0.200768456
v 0.0466548651 -0.0959668458 0.208854586
v 0.0494271368 -0.0817561969 0.201648206
v 0.0501489118 -0.100131616 0.207911789
v 0.0541459806 -0.0971025676 0.218712121
v 0.048835814 -0.0974083468 0.212726414
v 0.047053948 -0.0977180973 0.207248807
v 0.0549131818 -0.0797257349 0.212041378
v 0.0580733232 -0.0879076421 0.207091644
v 0.0602149479 -0.0900260806 0.207653344
v 0.0474069491 -0.0963906199 0.215162948
v 0.0502491146 -0.0894396082 0.212780923
v 0.048419293 -0.094499819 0.218809724
v 0.0496214107 -0.0967090577 0.216117993
v 0.0492076054 -0.0924501792 0.227593362
v 0.0484888963 -0.0985370278 0.231415734
v 0.0520452894 -0.0953153446 0.238304824
v 0.053187035 -0.0807118416 0.231555209
v 0.0576835163 -0.0873654708 0.224583179
v 0.0482475013 -0.0952739567 0.234489188
v 0.0600190572 -0.088558875 0.23116228
v 0.0618255809 -0.0847286731 0.23318693
v 0.0624279939 -0.0793943778 0.218600929
v 0.068103984 -0.0741902217 0.217388734
v 0.0226884075 -0.0987563655 0.198725283
v 0.0361409634 -0.0976582989 0.181054562
v 0.0286764298 -0.0971108377 0.183927312
v 0.0368229784 -0.0926537141 0.16355139
v 0.0431967564 -0.0901716799 0.179837465
v 0.0287257507 -0.0928384364 0.182573304
v 0.0285787489 -0.0901575238 0.179766461
v 0.0289143175 -0.0897265226 0.186845556
v 0.0286984239 -0.0913092345 0.183367997
v 0.0286301095 -0.0860668793 0.181104556
v 0.029549133 -0.0897901878 0.181943431
v 0.0296642035 -0.0898806378 0.184680939
v 0.0290496685 -0.0877651796 0.18223536
v 0.0290629715 -0.0875722244 0.184214681
v 0.0286054518 -0.085934855 0.185220331
v 0.0416701175 -0.091570273 0.185698897
v 0.037542928 -0.0941872522 0.184179336
v 0.0445142426 -0.0897690356 0.18205215
v 0.0372471064 -0.0970462933 0.178800151
v 0.0459315777 -0.100420728 0.184926242
v 0.0472233668 -0.101808183 0.207628578
v 0.0369493254 -0.0977335423 0.185144171
v 0.0385976285 -0.0967246443 0.181971148
v 0.0420157947 -0.092311874 0.161661029
v 0.0374899097 -0.0939249694 0.177693546
v 0.0398473963 -0.0939234048 0.178801805
v 0.043532934 -0.0929060504 0.175565183
v 0.0435071699 -0.0915672854 0.178543702
v 0.0445037708 -0.0877944604 0.182261288
v 0.0382415988 -0.0926685557 0.182255387
v 0.0402061678 -0.0931266472 0.181697726
v 0.0447021537 -0.0898629129 0.184246451
v 0.0421054289 -0.0939387158 0.185342357
v 0.0446241014 -0.0876741037 0.184050575
v 0.0461864993 -0.0865670741 0.18614608
v 0.0480861291 -0.0853832439 0.183329791
v 0.0455302298 -0.0894231424 0.187205806
v 0.0600296557 -0.0717794299 0.178994313
v 0.0651776642 -0.0727637112 0.164034337
v 0.0615845285 -0.0730066523 0.177956581
v 0.0678841025 -0.0728480294 0.181022465
v 0.0685376152 -0.0740486905 0.168711439
v 0.0693680644 -0.0620355494 0.162764236
v 0.0639484599 -0.0556396283 0.16305989
v 0.0619270466 -0.0684322938 0.178851083
v 0.0658294633 -0.0578877069 0.176636845
v 0.0721362978 -0.0623453036 0.179313526
v 0.0747066736 -0.0640529245 0.178499058
v 0.0663947091 -0.0580139942 0.180355102
v 0.0735654235 -0.0654455423 0.194086924
v 0.0665367916 -0.0458847769 0.163851619
v 0.0731393397 -0.048557803 0.163263097
v 0.0734259859 -0.0559969656 0.177617714
v 0.0673765168 -0.0526247956 0.175797671
v 0.0671991482 -0.0545687526 0.181016088
v 0.0750978664 -0.0526077561 0.17816855
v 0.076387614 -0.0470280945 0.162548468
v 0.0784211829 -0.0485461466 0.173430651
v 0.0787257329 -0.0505959764 0.17958577
v 0.0764015093 -0.0562009029 0.194370985
v 0.0455343649 -0.0970911458 0.189694256
v 0.0472649671 -0.0968992934 0.186369359
v 0.0459224656 -0.0878553167 0.177284122
v 0.0466037467 -0.0867146328 0.180342168
v 0.0508299693 -0.0891466439 0.176740691
v 0.0451437198 -0.0950055346 0.184751704
v 0.0466742553 -0.0958167464 0.181509703
v 0.0464938618 -0.0930481032 0.181774333
v 0.0543964915 -0.0964207426 0.187673062
v 0.051009167 -0.0866566449 0.163070366
v 0.0539711565 -0.0939959288 0.167824149
v 0.0577829629 -0.0901425034 0.165978491
v 0.050291203 -0.0815971345 0.176393315
v 0.0510172881 -0.0798313916 0.174819678
v 0.0496568456 -0.0884900615 0.180429026
v 0.0556362569 -0.0790509731 0.197299644
v 0.0536376983 -0.0933068618 0.186631918
v 0.0529847816 -0.0927319378 0.180814356
v 0.0525244512 -0.0841249228 0.180184886
v 0.0515923537 -0.095121868 0.205970183
v 0.0583017431 -0.0873185918 0.179959178
v 0.0587390848 -0.0880887508 0.18400012
v 0.0571435727 -0.0826248527 0.179219201
v 0.0630211383 -0.0802369788 0.205985248
v 0.0573197454 -0.0804311708 0.157674566
v 0.0590493232 -0.0816914141 0.153046563
v 0.058746323 -0.0822535157 0.157239094
v 0.0577899069 -0.083310701 0.164037481
v 0.0581574105 -0.0781587958 0.163019866
v 0.0579292737 -0.0843411088 0.170147404
v 0.0592216328 -0.0848666131 0.171419397
v 0.0595559143 -0.0846267343 0.176232979
v 0.0585090071 -0.0827327818 0.174804017
v 0.058462657 -0.079796724 0.170086473
v 0.0510066822 -0.0810610503 0.200545177
v 0.0553931557 -0.079911612 0.180542126
v 0.0570696369 -0.0771454275 0.179415911
v 0.0610264167 -0.0856958553 0.162844539
v 0.0604611114 -0.090726383 0.185535461
v 0.0661282837 -0.0825692341 0.182230741
v 0.0657795668 -0.0817572251 0.204093143
v 0.0601278581 -0.0819846913 0.167678833
v 0.0608402826 -0.0803978667 0.16043216
v 0.0610267296 -0.0809017047 0.164373696
v 0.0615108833 -0.0824406296 0.174160197
v 0.0591527745 -0.0814736933 0.177057624
v 0.0704336837 -0.0746005252 0.180698812
v 0.063710995 -0.0807989016 0.18254903
v 0.0668563247 -0.0731080994 0.200821519
v -0.0284665022 0.0510965884 0.201651096
v -0.0666953549 0.00342383259 0.2057565
v -0.0662018135 0.000146695253 0.230375141
v -0.0592958741 -0.000211424238 0.232122421
v -0.0623276383 -0.0455893166 0.232553825
v -0.0658390969 -0.0448188558 0.206941813
v -0.0664703771 -0.0229382347 0.208929509
v -0.0634653941 -0.0227707736 0.208073005
v -0.0630328655 -0.0176643208 0.231893867
v -0.0553782769 -0.0487022772 0.211032182
v -0.0548698455 -0.0493540801 0.231071934
v -0.0573150218 -0.0232292414 0.230976582
v -0.0651925951 8.02505201e-06 0.171910882
v -0.0654257312 -0.0212060418 0.177599058
v -0.0637811571 -6.33535165e-05 0.20868291
v -0.0586793683 -0.0132639427 0.22349754
v -0.0645276532 -0.0457400344 0.173136935
v -0.0623556301 -0.0227896012 0.176962793
v -0.0546683595 -0.0487256609 0.182379857
v -0.0557758473 -0.0384615734 0.187027752
v -0.0283780526 -0.0975772738 0.201647431
v -0.0257264301 -0.103218131 0.231795877
v -0.0172022227 -0.10296841 0.220006183
v -0.008292716 -0.102651283 0.215052575
v -0.0240455326 -0.103176504 0.228216454
v -0.0215445124 -0.100631639 0.228698596
v -0.0200491454 -0.101791039 0.226586968
v -0.0193383079 -0.104671687 0.228054509
v -0.0170929153 -0.100802951 0.223397046
v -0.0186776482 -0.100071222 0.225209638
v -0.0154893529 -0.105630383 0.224488586
v -0.0117449574 -0.106431291 0.221744299
v -0.0127057647 -0.10213761 0.220794246
v -0.0228604097 -0.0996483937 0.230656371
v -0.0222114492 -0.103201322 0.232951537
v 0.000130161512 -0.101484805 0.215760067
v -0.00524388021 -0.106670685 0.218650579
v -0.00797555316 -0.101216644 0.217798293
v 0.00126830046 -0.107554063 0.218040675
v 0.00535452319 -0.10761822 0.217570677
v 0.0113519486 -0.100812159 0.216194645
v -0.0637313053 -0.0662642196 0.214376181
v -0.0625424385 -0.0504722856 0.218758658
v -0.0587860234 -0.0749294981 0.22348015
v -0.0494637825 -0.0753678605 0.234283939
v -0.0605367497 -0.0671186 0.217234343
v -0.0526814274 -0.0626692101 0.230951235
v -0.0581147894 -0.0854654983 0.219489291
v -0.0604287088 -0.0785929933 0.23685725
v -0.0493082851 -0.0968703032 0.215150595
v -0.0535570346 -0.0922582746 0.211873308
v -0.0523431674 -0.0890452936 0.220319569
v -0.0574154742 -0.0863092244 0.236137196
v -0.0538534075 -0.092119351 0.234969854
v -0.055996161 -0.0825015679 0.23557739
v -0.0614359081 -0.0767523944 0.219930246
v -0.0563921481 -0.0819958895 0.22032389
v -0.0428540967 -0.0973594338 0.22473979
v -0.0438534357 -0.0965554863 0.199882179
v -0.0415297635 -0.0957852006 0.19987683
v -0.0470296852 -0.0949938968 0.218873531
v -0.0434198976 -0.0968592688 0.219236344
v -0.0422967896 -0.0951552317 0.218817249
v -0.0434344672 -0.0974873453 0.23785682
v -0.0423947833 -0.095121868 0.224940702
v -0.0298076067 -0.0990703776 0.200664967
v -0.000699640077 -0.0988508761 0.198741347
v -0.00353778736 -0.102537923 0.213032722
v -0.0619931556 -0.0724079534 0.189852044
v -0.0633876249 -0.0634672791 0.182855427
v -0.0621910915 -0.0446248092 0.184224904
v -0.0577532426 -0.0769850686 0.192648813
v -0.0598408915 -0.0679431483 0.189877585
v -0.050081864 -0.0743415654 0.206478044
v -0.0612290576 -0.0564128086 0.183042914
v -0.0524426624 -0.0615258105 0.169907525
v -0.0531368442 -0.0621940233 0.208779961
v -0.051994238 -0.0926239789 0.169224307
v -0.0597133785 -0.0802917033 0.188112617
v -0.0546161011 -0.0852815732 0.209452763
v -0.0556782335 -0.0821615607 0.185351238
v -0.0413092226 -0.100102581 0.176079154
v -0.0473461635 -0.0981051549 0.203689888
v -0.0416610315 -0.0947280526 0.156057164
v -0.0443021804 -0.0941552967 0.156973854
v -0.0472500697 -0.0935899764 0.185598806
v -0.0432958826 -0.0954195708 0.178310513
v -0.0427761413 -0.092647478 0.160239279
v -0.0455421768 -0.0877093971 0.222299322
v -0.0411855765 -0.0966670513 0.178672671
v -0.0429226495 -0.0926162526 0.178841516
v -0.0434511118 -0.095670417 0.182822108
v -0.0409339666 -0.0967460722 0.196312547
v -0.0425463803 -0.0937145725 0.18287231
v -0.0424942859 -0.0934335962 0.188984737
v -0.0305992458 -0.103063285 0.218094885
v -0.0298048202 -0.0964586362 0.158893019
v -0.0292948503 -0.0983107537 0.184103698
v -0.0299763102 -0.0971338078 0.198741972
v 0.0177984517 0.0846794918 0.123674266
v 0.0174725596 0.0955912471 0.120207205
v 0.00779705634 0.0866966173 0.124127463
v 0.0201232154 0.0923454612 0.121794365
v 0.00798316114 0.0898753405 0.12758714
v 0.0266416073 0.0932418555 0.124797486
v 0.0156877767 0.0881040692 0.130891308
v 0.00789520517 0.0915866569 0.130541638
v 0.0141561786 0.0871294439 0.130450144
v 0.0111901537 0.0933230668 0.132212251
v 0.00816083699 0.0852215439 0.141665861
v 0.00814003404 0.0859204754 0.143339336
v 0.0109491954 0.0870064273 0.140043005
v 0.0105169537 0.0934240073 0.136135146
v 0.0114668608 0.0875726715 0.142182097
v 0.0157844499 0.086467661 0.137543991
v 0.00964549743 0.0934923068 0.145948231
v 0.0252818093 0.0842037797 0.121711962
v 0.0240909699 0.0862439126 0.120158434
v 0.0225426871 0.0872108787 0.121427022
v 0.0146685671 0.0905639678 0.127651423
v 0.0143358102 0.0889054835 0.130336955
v 0.0161813926 0.0911929384 0.130561918
v 0.0143856807 0.0868264064 0.124216579
v 0.0208513848 0.095991686 0.130280167
v 0.0186402686 0.0848680437 0.130492911
v 0.0169084873 0.0877125561 0.126404792
v 0.0238292739 0.0934298187 0.128380269
v 0.0203687139 0.0874906629 0.126392171
v 0.0195595697 0.0914601386 0.126170963
v 0.0187814608 0.0919909701 0.130405635
v 0.022144923 0.0860408396 0.124045074
v 0.0192692336 0.0860018656 0.130649403
v 0.0218775403 0.0930065289 0.132061079
v 0.0208935402 0.0960837528 0.12198507
v 0.0225602053 0.0875157639 0.130537942
v 0.0219349544 0.0900222138 0.130503133
v 0.0215148479 0.0937963575 0.123923801
v 0.0230891462 0.0910216272 0.123738475
v 0.0235853773 0.0960538089 0.122947283
v 0.0153501201 0.0858276114 0.139184251
v 0.0147821661 0.0859369859 0.143554941
v 0.0152832456 0.0934352949 0.136825889
v 0.0188731253 0.0873203501 0.14139916
v 0.0181564353 0.0868815258 0.143773347
v 0.0200831722 0.0865419358 0.138468415
v 0.0223978292 0.0928752199 0.136909664
v 0.0217681788 0.0858019516 0.142880112
v 0.019150354 0.0926963612 0.138249591
v 0.0220219381 0.0861220658 0.137626663
v 0.0153171867 0.0864712968 0.14490445
v 0.0158822872 0.0928402916 0.145097777
v 0.0202334691 0.092701979 0.144352987
v 0.0185854137 0.0932772085 0.148882851
v 0.0216125846 0.0866096988 0.144806981
v 0.0272238143 0.0933469906 0.145538747
v 0.0282195881 0.0842225626 0.121400289
v 0.0281149764 0.0841860697 0.140453592
v 0.025202509 0.0856434628 0.141117588
v 0.0279484484 0.0844264105 0.14207077
v 0.0289860163 0.0847321078 0.138865292
v 0.0298637263 0.0856528208 0.143661708
v 0.0326218717 0.0843561143 0.139356017
v 0.0326530598 0.0844762325 0.143046871
v 0.0283241589 0.0842278525 0.161159784
v 0.0289249234 0.0845584124 0.144820467
v 0.025238676 0.0876086354 0.117498614
v 0.0252741612 0.0956193656 0.119702667
v 0.0290259141 0.085051842 0.111749157
v 0.0292455349 0.0935923308 0.112268686
v 0.0327954553 0.0937050357 0.111764163
v 0.0261849072 0.0906567276 0.121899858
v 0.022963034 0.0913360566 0.130414277
v 0.0269507878 0.0939026326 0.121434227
v 0.025202414 0.0963013545 0.128867477
v 0.0272942837 0.0868924558 0.120036803
v 0.0274163336 0.0894976407 0.123069517
v 0.0270538423 0.0925830454 0.130398914
v 0.0263098516 0.0874599814 0.140019014
v 0.026370557 0.0873832479 0.142146051
v 0.0274760444 0.0858102515 0.137153193
v 0.0272481665 0.0935125649 0.136669278
v 0.0293337628 0.0933870897 0.138613597
v 0.032209821 0.0937504843 0.13855575
v 0.0335907675 0.0922679827 0.140946969
v 0.032215625 0.0936991274 0.143912792
v 0.0367864966 0.0925880596 0.140905693
v 0.0273400173 0.0861676186 0.144986629
v 0.0269267522 0.0933114141 0.152094215
v 0.0292386282 0.0935928077 0.144568488
v 0.0355789885 0.0930236205 0.166997656
v 0.0287183858 0.0969234928 0.120207116
v 0.0259650126 0.0963093564 0.153998882
v 0.0286812652 0.0968845785 0.162427872
v 0.037860658 0.0805910379 0.165292248
v 0.0387277417 0.0804088414 0.119755447
v 0.0393001512 0.080973655 0.118006989
v 0.0389561541 0.0805394948 0.128998712
v 0.0390731692 0.0812586546 0.127388105
v 0.039469637 0.0896114483 0.129367068
v 0.0387343615 0.0803926215 0.148533478
v 0.0388381816 0.0804485828 0.136849716
v 0.0390457511 0.0808322653 0.138625383
v 0.039270509 0.0811444297 0.146251023
v 0.0395572633 0.0912576169 0.139380082
v 0.0415246673 0.0882747024 0.136979356
v 0.0421953239 0.0816795453 0.147916272
v 0.0399491973 0.0888988674 0.146359414
v 0.0374336056 0.0910771638 0.186117381
v 0.039259132 0.091285795 0.115893111
v 0.0400427394 0.0893989727 0.117822245
v 0.039385125 0.0913468897 0.126849234
v 0.0395558886 0.0913012251 0.131507054
v 0.0439586975 0.0885663256 0.127279654
v 0.0392539725 0.0913603902 0.144382611
v 0.0394274667 0.091458112 0.14890103
v 0.0446283408 0.0528390892 0.125713795
v 0.0446341299 0.0521329641 0.1308631
v 0.047650367 0.0535198562 0.125945076
v 0.0474196076 0.0531752668 0.127942145
v 0.0476748608 0.0538611785 0.130499244
v 0.0474684462 0.0539441891 0.145961374
v 0.0461791307 0.062240053 0.144718334
v 0.0490724631 0.0523965731 0.145311087
v 0.0476312935 0.0622112639 0.143217787
v 0.0445752256 0.0523296744 0.144757137
v 0.0447095297 0.0522507504 0.149879128
v 0.0446872748 0.0644143298 0.144900039
v 0.0449605882 0.0686755478 0.15004833
v 0.0473108478 0.0526797138 0.147906497
v 0.0476833247 0.0535117686 0.150587901
v 0.0447572954 0.0878076926 0.112027064
v 0.0471877903 0.0860767215 0.112852894
v 0.044771269 0.0881083235 0.131127357
v 0.0473752804 0.0859574154 0.125293672
v 0.0455963872 0.086964041 0.144466892
v 0.0471756384 0.0647231787 0.145935237
v 0.0473590717 0.0861476734 0.130967021
v 0.0474389791 0.0711753666 0.150072291
v 0.0496504344 0.0520485677 0.126945317
v 0.0489887521 0.0522116609 0.129706338
v 0.0496329963 0.0520377941 0.149107769
v 0.0562076494 0.0705786198 0.140077442
v 0.0533800498 0.0701556951 0.104063109
v 0.0607292913 0.0584987812 0.137821019
v 0.0686647967 0.0614329912 0.154405832
v 0.0607064962 0.0742525309 0.123872004
v 0.0717927739 0.0628701225 0.158896968
v 0.0432184227 0.0895408839 0.138821572
v 0.0472200364 0.0844668001 0.14580673
v 0.0474795103 0.0798125416 0.138202265
v 0.0464344732 0.086806953 0.136770085
v 0.0469537899 0.0860264823 0.138976514
v 0.0474652462 0.08580897 0.135466933
v 0.0475673825 0.0862125084 0.142000183
v 0.0441329479 0.0804385915 0.146620303
v 0.0443708301 0.0801650584 0.148299381
v 0.0438960418 0.0887149125 0.146214768
v 0.0449520312 0.0815223902 0.150083512
v 0.0474274419 0.0777955577 0.148954749
v 0.0394064113 0.0915997103 0.135584354
v 0.0445874408 0.0885037035 0.149564609
v 0.0505286977 0.0824035779 0.140576258
v 0.0510003008 0.0908342302 0.142411634
v 0.0515001118 0.0886801109 0.130368412
v 0.0506944768 0.087142922 0.143297285
v 0.0531426482 0.0875276774 0.132206663
v 0.0527060181 0.0890910253 0.143449128
v 0.0563051514 0.0914770514 0.164858654
v 0.0568992533 0.0881734565 0.136132762
v 0.0503009707 0.0873800591 0.151823655
v 0.051867228 0.0904992595 0.152642488
v 0.0513986796 0.0903453082 0.150824636
v 0.0513212383 0.0937706828 0.143467203
v 0.0474721156 0.0800397024 0.119574539
v 0.0473057181 0.0802707076 0.117912367
v 0.0443643816 0.080216907 0.12734355
v 0.044403296 0.0801243037 0.128976434
v 0.0427775234 0.0896359012 0.119945146
v 0.0471478589 0.0860821903 0.120450787
v 0.0449425951 0.0881732926 0.117688283
v 0.0475113355 0.0861048028 0.116754271
v 0.039382305 0.0916869938 0.120617546
v 0.043551866 0.0891656205 0.12951082
v 0.0446329266 0.0884399712 0.12555857
v 0.0505423732 0.0778745636 0.112544879
v 0.0529472828 0.0861185268 0.117336832
v 0.0505457595 0.080026418 0.125828311
v 0.0563321523 0.0836678594 0.133350492
v 0.0506485775 0.0901251584 0.116325341
v 0.0511746667 0.0923561528 0.125534236
v 0.0512409769 0.0870577395 0.116104931
v 0.0506107844 0.0852894261 0.118534647
v 0.0520959906 0.0916132256 0.122176282
v 0.0510785431 0.0932806358 0.143458486
v 0.0505382195 0.0855076686 0.130032048
v 0.05976744 0.0787431896 0.138822153
v 0.0395782962 0.0845043659 0.0748011842
v 0.0391474478 0.0827288032 0.0786483586
v 0.0433873571 0.0776092336 0.0785491541
v 0.0464633666 0.0842300281 0.0832508728
v 0.0481070727 0.0837338567 0.0816465765
v 0.0412868261 0.0891602784 0.0844331011
v 0.0442389846 0.0889337063 0.0893808827
v 0.045033142 0.0864318684 0.0844469965
v 0.0472988002 0.0858235732 0.0863117352
v 0.0393536501 0.0893007517 0.101040304
v 0.0444231071 0.0801488161 0.107840255
v 0.0434855819 0.0890301242 0.108270943
v 0.047410503 0.0801897347 0.100533508
v 0.0473049693 0.0862904042 0.0986104384
v 0.0473696478 0.0836403221 0.107825473
v 0.0474683903 0.0802626982 0.09835428
v 0.0474901572 0.0810970217 0.105741866
v 0.0390960574 0.0810875446 0.110008784
v 0.0396001935 0.0914696231 0.110892922
v 0.0435027108 0.0888826922 0.110239968
v 0.0461237952 0.0873190463 0.0747569054
v 0.0421152525 0.0870794803 0.0775984377
v 0.0421679281 0.088403523 0.0745440274
v 0.0440657586 0.0887955502 0.0802617595
v 0.045005139 0.0920349509 0.0833134055
v 0.0466240756 0.0912152156 0.0789324939
v 0.0459960401 0.0906828642 0.081468679
v 0.0394241102 0.0913916975 0.0846599936
v 0.0393490717 0.091370292 0.0982985124
v 0.0393664539 0.0914576575 0.107236817
v 0.0434762053 0.0893852264 0.10081879
v 0.0400700718 0.0912826732 0.103030413
v 0.043530561 0.0892894864 0.0987042934
v 0.0454441495 0.0879286155 0.105716467
v 0.0474021696 0.0859965608 0.101216048
v 0.058352001 0.0752559602 0.102223292
v 0.0504940599 0.0730272382 0.0849709138
v 0.050478179 0.0818905234 0.0838615075
v 0.0510577969 0.0840378851 0.0816462934
v 0.0513952859 0.0834629685 0.0839420557
v 0.0533416681 0.0852846205 0.0761471689
v 0.0505227447 0.0755672082 0.0999897346
v 0.0505441464 0.0835252106 0.0936264172
v 0.0510313809 0.0853147358 0.0938698053
v 0.0538290069 0.0818695799 0.0940276235
v 0.0509345457 0.084479019 0.105499811
v 0.0531132594 0.0846226886 0.106146567
v 0.050522238 0.0841024518 0.113717273
v 0.0493961051 0.0885264948 0.0821492448
v 0.0498317517 0.0885213837 0.0749882758
v 0.0506703146 0.0886674672 0.0811101422
v 0.0504728258 0.0876042694 0.0926520899
v 0.0512125045 0.0891909674 0.093529664
v 0.0562048741 0.0846799091 0.100321338
v 0.0486949831 0.0891683549 0.114603803
v 0.0507044643 0.0885079056 0.114413403
v 0.0511537977 0.0909396037 0.109120801
v 0.0517219827 0.0900583342 0.102607578
v 0.0602869764 0.0763253793 0.0921577662
v 0.0615163967 0.0802352503 0.129149973
v 0.0414799452 0.0525308289 0.0841434449
v 0.0442685895 0.0518818721 0.0817841887
v 0.0465153344 0.0523756593 0.0832413211
v 0.0426138043 0.0523708425 0.087375693
v 0.0440237038 0.0521509983 0.0888701156
v 0.0449257046 0.0529388078 0.0845156908
v 0.0454886667 0.0529395975 0.086436756
v 0.0476611555 0.0525926575 0.0903953984
v 0.0480730385 0.0528355353 0.0845417976
v 0.0474914797 0.0528761148 0.0864113495
v 0.0477191322 0.0523958132 0.0989704728
v 0.0447684787 0.0522897206 0.106762409
v 0.0473820195 0.0526580997 0.10856428
v 0.047637336 0.0534266904 0.10592021
v 0.0446048155 0.0520801917 0.111706376
v 0.0476716757 0.0539451689 0.113062635
v 0.0454215109 0.0753585771 0.077393949
v 0.0479182042 0.0681624636 0.0785886943
v 0.039265193 0.0700268224 0.084202148
v 0.0423574559 0.089348875 0.0874878317
v 0.0454662554 0.0866055861 0.0863974467
v 0.0474132858 0.0859661028 0.0905805081
v 0.0480064489 0.0854217112 0.0844955444
v 0.044992663 0.0803406611 0.106535263
v 0.0444521978 0.0799856186 0.110115446
v 0.0510799848 0.0618573204 0.0774343461
v 0.0517586246 0.0580877662 0.0785834491
v 0.0502550751 0.0518017523 0.0879646465
v 0.0502417758 0.0519788899 0.101992957
v 0.0498645641 0.0519516021 0.107338689
v 0.0490671843 0.0524156541 0.11196135
v 0.0492444187 0.0754873008 0.08210814
v 0.0639373809 0.0584781505 0.0866593197
v 0.0663010255 0.0600238517 0.121793747
v 0.0634285808 0.067396991 0.0825983733
v 0.064729847 0.0709515288 0.115558892
v 0.0224325676 0.0865846276 0.101294011
v 0.0226624068 0.0958409682 0.100959748
v 0.0283752903 0.0842076391 0.110671617
v 0.0333186015 0.0891961306 0.0745536312
v 0.0295391269 0.0952385813 0.0811000168
v 0.0334751271 0.0905160978 0.0732515678
v 0.0240730848 0.0862111822 0.1040738
v 0.0267102551 0.0965093076 0.0982749537
v 0.0397488251 0.0840901881 0.0778148919
v 0.0342535712 0.092431277 0.0843442082
v 0.0354384147 0.0924803168 0.0857795104
v 0.0323946588 0.0841303617 0.107401729
v 0.0329262465 0.0843914524 0.110965632
v 0.0316138864 0.0969438255 0.0827694461
v 0.0394090191 0.0941277668 0.0809316188
v 0.0397495925 0.0948439986 0.0826013684
v 0.0292478371 0.0939675346 0.105968185
v 0.0347285047 0.0931597576 0.0878854096
v 0.0252157841 0.087597914 0.104211174
v 0.0254089888 0.0957659855 0.103763379
v 0.0291650966 0.085466668 0.106538244
v 0.0332140997 0.0924898982 0.107465677
v 0.0356205441 0.0930301398 0.109955728
v 0.035292536 0.0962820426 0.198061809
v 0.0376449563 0.0809043348 0.0887921751
v 0.0374206454 0.0906787515 0.0889156982
v 0.0379521102 0.0855632126 0.0859308615
v 0.0390769094 0.0897113308 0.0880289972
v 0.0389323048 0.080528684 0.100472122
v 0.0388546698 0.0804295465 0.108301401
v 0.0390429497 0.0811714381 0.0990086868
v 0.0369219817 0.0924859866 0.0893467814
v 0.0119495755 0.052011583 0.0812976733
v 0.0129087567 0.0591954701 0.0810698718
v 0.013266854 0.0507994182 0.0806553885
v 0.0144933248 0.0608961098 0.0786594898
v 0.0306806304 0.0518380851 0.0815845802
v 0.02654659 0.0535558909 0.0839486942
v 0.0293575283 0.0527408347 0.0841006935
v 0.0277116932 0.0527943708 0.0850017518
v 0.0278992895 0.052187793 0.0876252353
v 0.0286128223 0.0522904657 0.0883917212
v 0.035620831 0.0533642583 0.0843406618
v 0.0349191464 0.0533063598 0.0873492137
v 0.035912212 0.0531794466 0.0863143131
v 0.0264825858 0.0839175433 0.084101975
v 0.0275067817 0.081906043 0.0853499621
v 0.027912898 0.0841647461 0.0883384869
v 0.029250659 0.0934768617 0.0848834142
v 0.02878532 0.0846328214 0.0882452726
v 0.0308312345 0.0938268527 0.0841880366
v 0.0349361077 0.0724615604 0.0868622512
v 0.0354591683 0.0741940662 0.0845606998
v 0.0357499719 0.0743561313 0.0857712626
v 0.0352221541 0.0790623352 0.0879971981
v 0.037706323 0.0527295507 0.0841854736
v 0.0367256254 0.0521779284 0.0880557001
v 0.0375557505 0.0529915839 0.0863703564
v 0.0386258736 0.0801727548 0.0879335999
v 0.0385312326 0.0533017553 0.0873376578
v 0.0375846401 0.0696064904 0.0851257518
v 0.0386905223 0.0665122047 0.0869652107
v 0.050926432 0.0518802218 0.124101646
v 0.0509475619 0.0519234054 0.143086553
v 0.0629414991 0.0445283167 0.129372507
v 0.0650291517 0.0456230976 0.15221487
v 0.0697960854 0.0456366502 0.128528833
v 0.0749404877 0.0466170944 0.151202977
v 0.0714092031 0.049258247 0.151375309
v 0.0648570135 0.0298506655 0.12890169
v 0.0672223493 0.0303749554 0.151404887
v 0.075861074 0.0151748909 0.12762329
v 0.0783460066 0.0153871374 0.150123462
v 0.0747822747 0.0304466393 0.127869859
v 0.0741321445 0.0309850946 0.150555745
v 0.0771636665 0.0310355015 0.15050754
v 0.0132973325 0.0100416057 0.0806322396
v 0.0132596781 0.0102972556 0.078667216
v 0.0577324852 0.00426430395 0.0721290559
v 0.0131450985 0.0601475276 0.0790956616
v 0.01523472 0.0506567024 0.0701835155
v 0.0560902618 0.0392819494 0.0767589509
v 0.0539121144 0.0491274893 0.0785348639
v 0.0555085205 0.0397482142 0.0785293207
v 0.0535608418 0.0550059006 0.0767072067
v 0.0596365072 0.0403478593 0.084392339
v 0.0578265004 0.0570913181 0.0969778448
v 0.050977312 0.0504787713 0.106155753
v 0.0667090192 0.059147995 0.0845809728
v 0.0686615556 0.0433148742 0.0761843026
v 0.0699808598 0.0609388575 0.131452665
v 0.0727916062 0.0456864759 0.128017023
v 0.0576819517 0.00371784298 0.0785851181
v 0.0579442382 0.00484934635 0.074935317
v 0.0507386588 0.0523072705 0.0812850669
v 0.0561502054 0.0274608769 0.0786323845
v 0.0575486347 0.0265967119 0.0777735487
v 0.0675976053 0.0175647624 0.069500342
v 0.0659101903 0.0149592953 0.12846294
v 0.072892569 0.0150565179 0.128062859
v 0.0717739016 0.0304151066 0.128044799
v -0.0261118002 0.0529996864 0.128787637
v -0.0280827079 0.0522391535 0.129936308
v -0.026689684 0.0538120195 0.125883654
v -0.0267123748 0.0536230505 0.13057138
v -0.023594467 0.0521262214 0.126275912
v -0.026715247 0.0534996986 0.162895858
v -0.0263607856 0.0895606205 0.112971999
v -0.0263681188 0.0893669501 0.125328571
v -0.0238222126 0.0890221894 0.13112773
v -0.0264135674 0.0889838114 0.130888075
v -0.0264811739 0.0799809992 0.119748607
v -0.0236507803 0.0523437262 0.130782261
v -0.0237364173 0.0550946184 0.125609353
v -0.0234755203 0.0800919011 0.129273549
v -0.0237851813 0.0907253549 0.112079322
v -0.0236364529 0.0904849917 0.125630349
v -0.0233268961 0.0801149607 0.127683938
v -0.0263335146 0.0862420872 0.145587265
v -0.0264795106 0.0889952704 0.155394107
v -0.0251849182 0.0929957852 0.134484813
v -0.0271966774 0.0928507671 0.147363514
v -0.026390627 0.0861969441 0.137530521
v -0.0257033985 0.0861536115 0.141329497
v -0.0260396078 0.0891302899 0.136457279
v -0.0263866521 0.0894259363 0.148111805
v -0.0227393359 0.0864792764 0.146756232
v -0.0250576586 0.0891155452 0.146587431
v -0.0219213441 0.0947654098 0.150278851
v -0.0190665033 0.0920597315 0.13159892
v -0.021959655 0.0865405351 0.134764686
v -0.0219346583 0.0886726156 0.138448432
v -0.0223601721 0.0889802128 0.140460595
v -0.0226705018 0.0910571143 0.142739818
v -0.0233194157 0.0902760327 0.133774072
v -0.0201327689 0.0869269967 0.136170745
v -0.0194125846 0.0908918008 0.136930153
v -0.019280551 0.091339007 0.14540574
v -0.0162835121 0.092915073 0.141878307
v -0.00994721614 0.0909103155 0.133923322
v -0.0125118205 0.0862529874 0.134512514
v -0.0112895239 0.0930804461 0.133319125
v -0.0126981791 0.087218672 0.136850268
v -0.0138790607 0.0913405791 0.137235969
v -0.0125514511 0.0873525068 0.145922586
v -0.0136020975 0.0911728069 0.145590976
v -0.020060597 0.0920310691 0.150683954
v -0.020470161 0.0862049013 0.147877529
v -0.0188651681 0.089977622 0.148758814
v -0.0203464609 0.0871031359 0.145876929
v -0.011264463 0.092626445 0.150795728
v -0.0130862892 0.0913581848 0.148560464
v -0.0139736552 0.0965742171 0.151438564
v -0.00982508715 0.0842458084 0.131960779
v -0.0059139668 0.0844738409 0.131973326
v -0.00584338512 0.0842840299 0.146161601
v -0.00989215728 0.0843973309 0.1503966
v -0.0108818356 0.0919465572 0.131469011
v -0.00374757405 0.0940048471 0.131000191
v -0.0110785468 0.0888911858 0.139724627
v -0.0100106653 0.091030471 0.142583251
v -0.00705800159 0.0905454829 0.134488881
v -0.0091688633 0.0870480835 0.137563899
v -0.00903374236 0.0881054029 0.140731126
v -0.00667953445 0.0937427133 0.135810599
v -0.00972824171 0.0932780802 0.148707777
v -0.0069530136 0.0897308514 0.136758879
v -0.00557885878 0.0931557268 0.143086895
v -0.00654708175 0.0853656977 0.137004718
v -0.00470878743 0.0931823775 0.136792079
v -0.00454957085 0.0865186453 0.137277693
v -0.00152437948 0.085668236 0.140732035
v 3.7280337e-05 0.0933666602 0.132481769
v -9.27212532e-05 0.086436823 0.144869
v -8.88125724e-05 0.0934211388 0.136574358
v -0.0115822041 0.0867091715 0.147819996
v -0.0090099005 0.0883734301 0.149005666
v -0.00761020789 0.089662157 0.14650175
v -0.00857471488 0.0906336606 0.147927552
v -0.00866243429 0.0876193419 0.144383967
v -0.007091932 0.0897952169 0.145161539
v -0.0075024711 0.0969579741 0.149845541
v -0.00601807283 0.0841606408 0.150003999
v -0.00382093084 0.0968547314 0.145642668
v -0.00523963431 0.0848191753 0.148194626
v -0.00492771808 0.0921101272 0.15172857
v -0.00430256967 0.0863083303 0.144973502
v -0.00419720635 0.0935568511 0.145448431
v 0.000173105655 0.0930194855 0.150427759
v -0.00335032539 0.0963780433 0.141026556
v 0.00161375524 0.0860087648 0.143718854
v 0.00108108076 0.0863520131 0.137691036
v 0.00397691363 0.0870558172 0.138487354
v 0.00143908372 0.0940413252 0.131963298
v 0.00176796142 0.0934521034 0.137812048
v 0.00315834931 0.0862100199 0.140196398
v 0.00468105637 0.0878162831 0.141715512
v 0.00718231313 0.0859692693 0.139678717
v 0.00668324158 0.0933472365 0.137148678
v 0.00699605094 0.0864973441 0.137353286
v 0.00669090077 0.0864644796 0.14482452
v -1.83983684e-05 0.0937960371 0.145951286
v 0.00233488414 0.0927093849 0.144260958
v 0.00904594269 0.0933432281 0.150493771
v 0.00674225204 0.0926383585 0.145128191
v -0.00367405452 0.0970574766 0.152604729
v -0.0263845287 0.0801839828 0.118046239
v -0.0258995276 0.0896802098 0.117651746
v -0.0259748828 0.0896767601 0.120084912
v -0.0278867744 0.0925654992 0.133160084
v -0.0212912448 0.0949942619 0.131699458
v -0.0183320325 0.0808598325 0.118069492
v -0.0179394428 0.0804298595 0.119661398
v -0.0230526552 0.0908578038 0.127354577
v -0.0232804287 0.090782769 0.129466817
v -0.0164990164 0.0925635099 0.129266918
v -0.0179253276 0.0810169578 0.127187371
v -0.0183510501 0.091574125 0.117452919
v -0.0203450937 0.0921432301 0.124123812
v -0.0184102748 0.0915491432 0.120295927
v -0.0182809159 0.0910753533 0.127056345
v -0.0133650685 0.093588382 0.131007478
v -0.00646468578 0.0848167762 0.111748315
v -0.00580517529 0.0842018574 0.118213274
v -0.0104998657 0.0843778849 0.128842235
v -0.00655712513 0.0849174559 0.127169743
v -0.00607897202 0.0842941552 0.129730344
v -0.00508773886 0.0846646056 0.120826624
v -0.00122992508 0.0842558742 0.123027742
v -0.00974077638 0.0939099193 0.111864746
v -0.0067895595 0.0933047011 0.111793965
v -0.00674058683 0.093512997 0.127108619
v -0.00266398746 0.0876416937 0.118476935
v -0.00138527062 0.0862153322 0.12027254
v -0.0099829426 0.0937852412 0.127762064
v -0.00503275916 0.0852608383 0.136858329
v -0.00469147973 0.0873520002 0.119843118
v -0.00411029859 0.0900168419 0.121822067
v -0.0046980679 0.0916003212 0.128990471
v -0.00393585628 0.093237184 0.124442302
v -0.00188707584 0.0934177712 0.12843588
v -0.000435327034 0.0913249552 0.130356863
v 0.000880245236 0.0937917829 0.123832181
v -0.000871958386 0.0960248485 0.123116858
v -0.00109340926 0.0961257741 0.129454568
v -8.85347799e-06 0.0873999521 0.130535379
v -0.000646036584 0.091092512 0.123910122
v 0.000727188424 0.0960407332 0.121975869
v -0.00593890296 0.0968376473 0.120836303
v -0.00442094216 0.096850194 0.135675669
v -0.00342572131 0.0969830006 0.130159095
v -0.00488502858 0.0945509598 0.122137904
v 0.00486630294 0.0936687067 0.120420769
v 0.000300629123 0.0860681981 0.123961285
v 0.00356187252 0.084866561 0.130573958
v 0.000882907305 0.0872802287 0.12151403
v 0.000737594906 0.0884030461 0.13064003
v 0.00146887254 0.0912082568 0.130630195
v 0.00523711974 0.0850668252 0.123799264
v 0.00324476743 0.0861104429 0.130705893
v 0.0019083675 0.0877130628 0.126404673
v 0.00322416192 0.0924911723 0.121732891
v 0.00536888186 0.0874907598 0.12639232
v 0.00448854035 0.0914755017 0.12618424
v 0.00478987629 0.0919798911 0.130648077
v 0.0050102449 0.0959375799 0.120428957
v 0.00701983692 0.0889274701 0.130501539
v 0.00638331985 0.0868990794 0.130865455
v -0.0582756773 0.0816872641 0.158328608
v -0.0462548509 0.0849001706 0.140420631
v -0.0510316193 0.0920027494 0.133050919
v -0.0504276194 0.0893001929 0.153627187
v -0.042399548 0.0925243646 0.120460197
v -0.0468377993 0.0918193981 0.138458312
v -0.0432876162 0.0911481827 0.130623564
v -0.0453845598 0.0918839648 0.127897769
v -0.0461849235 0.0931003988 0.156669483
v -0.0464968346 0.0956458896 0.138947427
v -0.0432844199 0.0912666693 0.138181478
v -0.0431439839 0.0933642834 0.13862069
v -0.0428267717 0.0926066414 0.159982175
v -0.0409963951 0.0993176699 0.162286326
v -0.0300204884 0.0956919119 0.201415509
v -0.030277187 0.100120872 0.160896271
v -0.0301994476 0.0983903185 0.13033931
v -0.030032644 0.0993265957 0.158885017
v -0.0512716994 0.0625195727 0.138046145
v -0.0601577498 0.0583852008 0.165475592
v -0.0589628518 0.0756569058 0.13058503
v -0.0563584827 0.0708832145 0.120072417
v -0.0494241379 0.0744595826 0.139654949
v -0.0552079305 0.079637818 0.141679585
v -0.029490171 0.0519108996 0.127602279
v -0.0296226628 0.0520065278 0.167065501
v -0.0254699476 0.0875559226 0.0832514539
v -0.0240485631 0.0891560763 0.0844589844
v -0.0263343379 0.0896541923 0.0982654244
v -0.0263160709 0.0893512964 0.101113334
v -0.026406711 0.08809793 0.105999358
v -0.0264232978 0.0799264088 0.100501113
v -0.0256411396 0.0958439484 0.0803124458
v -0.0232833102 0.0933971703 0.0811560303
v -0.0229558945 0.0943710729 0.0835780725
v -0.0211138725 0.0914664119 0.0869138762
v -0.0177043527 0.0800612345 0.0879914537
v -0.0178443678 0.0804713368 0.0990606695
v -0.0166934822 0.0809875727 0.0887743235
v -0.0145759424 0.0905593038 0.0857892856
v -0.0180933345 0.0811532065 0.100639455
v -0.0196829811 0.0806430876 0.108661316
v -0.0177685916 0.0804012045 0.10785497
v -0.0167858396 0.0807653069 0.128812492
v -0.0227792524 0.0905235633 0.110340104
v -0.0181872603 0.0809916854 0.110204421
v -0.0189429373 0.0957377553 0.0798569471
v -0.0193847604 0.0912634358 0.0840974301
v -0.0203178227 0.092129752 0.0949066058
v -0.0172522962 0.0918225795 0.0859186947
v -0.0181688722 0.0913106203 0.0879710913
v -0.0164383221 0.0925782919 0.0889860988
v -0.0134045063 0.0926308855 0.0844413936
v -0.0138354944 0.0935237035 0.0879873186
v -0.0223458037 0.0910448804 0.108316787
v -0.0183202513 0.0911815017 0.0988357291
v -0.0184812974 0.0914789811 0.100841492
v -0.0202734694 0.0921328962 0.103934795
v -0.0182747878 0.0911245793 0.107524574
v -0.0114401691 0.09370213 0.109967127
v -0.0188399404 0.0916473866 0.110545427
v -0.0153794419 0.0963607356 0.0828327686
v -0.0116884094 0.0968398675 0.13077186
v -0.00998080894 0.0844284222 0.107426606
v -0.00641710777 0.0846385211 0.105714604
v -0.0104436958 0.0843694881 0.110890627
v -0.00566187734 0.0842020661 0.108838491
v 0.00401588855 0.0955288261 0.0806168467
v -0.0067816861 0.0936997384 0.106246993
v -0.0100984126 0.0932393596 0.107089587
v -0.00722631579 0.0854550824 0.106740139
v -0.00265337783 0.0875992849 0.104050629
v -0.0028011573 0.095764704 0.102961898
v -0.00165427534 0.0862232745 0.104012966
v 0.000115166193 0.0865827128 0.101271719
v -0.00291545433 0.0957977846 0.119201317
v -0.00769525347 0.0969704837 0.0832649916
v 0.00620568311 0.0962195173 0.0821259543
v -0.00141862815 0.0969551057 0.0977877155
v -0.00552204205 0.0968409851 0.102521561
v 0.000367130153 0.0957583934 0.100888506
v 0.00371737801 0.0845258236 0.0747241825
v 0.00394777348 0.0840907544 0.0777990893
v 0.00383797148 0.0899982452 0.0738132596
v 0.00641856249 0.0915272385 0.0744956881
v 0.0208413638 0.0966047943 0.0835033059
v -0.02434103 0.0518068038 0.0817356855
v -0.0255118832 0.0523146838 0.0832383335
v -0.026506884 0.0528878868 0.0864226595
v -0.0245023388 0.0528987534 0.0864213407
v -0.0266912598 0.0535064712 0.105877355
v -0.0262815747 0.0526173972 0.108576834
v -0.0236185864 0.0522613004 0.106826238
v -0.026641747 0.0537156127 0.113014579
v -0.0264790896 0.089243114 0.0863866955
v -0.0229739491 0.0907742903 0.0891608894
v -0.0245490372 0.0895136744 0.0863843933
v -0.0264394227 0.0896235034 0.0905900523
v -0.0238535497 0.0521902032 0.0844901651
v -0.0147910742 0.0527195893 0.0843105987
v -0.0231828056 0.0521062948 0.0889798328
v -0.0215744581 0.052379068 0.0872653425
v -0.0204470903 0.0529712737 0.0842057988
v -0.0168866757 0.0533109047 0.0842923
v -0.017061837 0.0537696443 0.086715214
v -0.0172424298 0.0529296435 0.0878168046
v -0.0149050029 0.0521513186 0.0880076513
v -0.0143280961 0.0567075051 0.0867400318
v -0.0140974242 0.056274984 0.0878591835
v -0.0238266457 0.0523224548 0.111793198
v -0.0182914641 0.0714553371 0.0841915086
v -0.0177630987 0.0680768862 0.0869180858
v -0.0167207308 0.0711680874 0.0854415596
v -0.0149171622 0.0755177364 0.0852462426
v -0.0142181506 0.0806007385 0.0879872516
v -0.0139645701 0.0735957921 0.0867753327
v -0.0133388415 0.0759919658 0.084175922
v -0.0239297897 0.0905616358 0.106413081
v -0.0232458618 0.0802553222 0.108340606
v -0.0234781187 0.0801278725 0.110226266
v -0.00454632146 0.0523764305 0.082497865
v -0.00887400098 0.0531892367 0.0838621631
v -0.00406938326 0.0536157079 0.0839490741
v -0.00649753585 0.0531775393 0.0845083594
v -0.00606319495 0.0522616021 0.0883879662
v -0.00513490988 0.0528739989 0.0850114599
v -0.00529991556 0.0535539649 0.0876100287
v -0.00833705347 0.093912527 0.0841828212
v -0.00670191692 0.0934275091 0.0848159939
v -0.00641839532 0.0849088952 0.0874376446
v -0.00502124941 0.0842033252 0.0865848288
v -0.00574787939 0.0841477364 0.088475123
v -0.00390154403 0.0839156359 0.0841051936
v 0.00413354486 0.0595777631 0.0808546916
v 0.00411432702 0.051942341 0.0812069997
v 0.00373236788 0.0604189001 0.0785731524
v 0.00434735743 0.0827663466 0.0786412954
v -0.049836766 0.0846020579 0.0786938146
v -0.0564734265 0.0823629946 0.121181443
v -0.0538090207 0.0829125196 0.137880549
v -0.0524130464 0.0858030245 0.0764180124
v -0.0504041277 0.088676393 0.0773230121
v -0.0488245264 0.0888140798 0.115064107
v -0.0478041172 0.0926870108 0.102483325
v -0.0551128127 0.087765865 0.149310738
v -0.0519841686 0.0863183737 0.137952462
v -0.0430851541 0.0881642327 0.0853902251
v -0.0460909307 0.0809595361 0.102847673
v -0.0462971553 0.0922790691 0.0787281692
v -0.0426671505 0.0877405554 0.070823729
v -0.0423592478 0.0934919491 0.0745725855
v -0.0459733978 0.0890458673 0.0814409852
v -0.0437755659 0.0894867778 0.0764096528
v -0.0426278003 0.0881159306 0.0772988647
v -0.0418239161 0.0947016701 0.0845874399
v -0.0331072137 0.0950072482 0.0742590651
v -0.0363262743 0.0959218889 0.0865102187
v -0.0430452637 0.0907264203 0.0921473354
v -0.0411313884 0.0968741253 0.12309061
v -0.0460646302 0.0906114355 0.114136331
v -0.0435532741 0.0893425941 0.11577031
v -0.0429391898 0.0906217769 0.113460697
v -0.0297213383 0.0931201801 0.083337523
v -0.0277602542 0.0925939158 0.0814545527
v -0.0297557209 0.0930801705 0.198431656
v -0.0301224161 0.0960145593 0.0832914189
v -0.0301733054 0.0970619544 0.102099769
v -0.0610088482 0.0573581979 0.12246713
v -0.0562685169 0.0620061606 0.0966488644
v -0.0520077944 0.0543268546 0.137109712
v -0.0487273671 0.0680796355 0.10296531
v -0.0587278977 0.0682593882 0.0984735191
v -0.0567091331 0.0750784576 0.0824170187
v -0.0448369458 0.0569442287 0.0777533501
v -0.0446031205 0.0571084432 0.0730574429
v -0.0455756634 0.055503536 0.0786388442
v 0.00284620025 0.0569766648 0.0777617171
v -0.0271782558 0.0523623303 0.0845508575
v 0.00329011213 0.0571667403 0.0729749948
v -0.0291948803 0.0518416837 0.0880265757
v -0.0290664341 0.0518880598 0.100727752
v -0.026595274 0.0524074696 0.09038423
v -0.026758695 0.052368205 0.0982443169
v -0.0293643698 0.0518531874 0.108240336
v -0.0281034783 0.0523225702 0.11334841
v -0.0270333271 0.0889062956 0.0844877511
v -0.0264174026 0.0804619044 0.0989112854
v -0.0639558285 0.0457443893 0.162719861
v -0.059477184 0.0458995514 0.138099506
v -0.0299992915 0.0501398556 0.130535975
v 0.00328769675 0.0129612731 0.0786577016
v 0.0159494597 0.0458511375 0.0724695101
v 0.00484151766 0.00418874389 0.0721846893
v 0.00365687488 0.00579160592 0.0763882846
v 0.00337748998 0.010289656 0.0805041045
v 0.00484976871 0.00481466576 0.0746894553
v 0.00460481597 0.00356593519 0.0783681348
v 0.00380169414 0.00983466301 0.0786472484
v 0.00329825282 0.0556315444 0.078666687
v 0.00336544984 0.0505062528 0.0805613548
v 0.0154340984 0.0294247679 0.0739186332
v -0.0654294714 0.0246351063 0.179232106
v -0.0622551553 0.0462393016 0.134612441
v -0.0530934669 0.0436909311 0.14663282
v -0.040953014 0.0275119748 0.0734798983
v -0.0410059914 0.045388855 0.0726305991
v -0.0409068689 0.0401443802 0.0739624351
v -0.0392508246 0.0347387642 0.0744545832
v -0.0404495038 0.0501534007 0.0704691708
v 0.015652841 0.0350949094 0.0744397268
v -0.0299957097 0.0504545383 0.106723845
v -0.0597165972 0.0237748474 0.135642573
v -0.0588986017 0.00957391877 0.226316303
v -0.0454148911 0.0128101055 0.0710377172
v -0.0458004065 0.012872871 0.0768357664
v -0.0452382006 0.0131622758 0.0786235929
v 0.00578085659 0.0745131969 0.0401883125
v 0.00668555638 0.0714561716 0.039183706
v 0.00670004822 0.071313113 0.0431086905
v 0.00923636742 0.068045184 0.0432884879
v 0.00884235278 0.0690830201 0.0408507325
v 0.00967125408 0.0716126189 0.0386953205
v 0.00955443457 0.0712983981 0.0427187532
v 0.0153100379 0.0651074648 0.0510697514
v 0.0146979997 0.073209472 0.0433358252
v 0.031308312 0.086944811 0.0612773187
v 0.0217232741 0.0942895189 0.0740740597
v 0.0159193389 0.0594976991 0.0623582006
v 0.015783038 0.0550579876 0.0669825822
v 0.0157737546 0.0711805299 0.0381169431
v 0.0156618264 0.0661118478 0.0435389951
v 0.0158472899 0.0724577233 0.041356869
v 0.0146945324 0.0739268288 0.0380892269
v 0.029485818 0.0867746621 0.0539123192
v 0.0307042208 0.0836388394 0.0546748005
v 0.0283647757 0.0916253477 0.0648010671
v 0.0315441042 0.0730794966 0.0405398794
v 0.0304443724 0.0766663328 0.0436808467
v 0.0318250954 0.0771909058 0.0476301499
v 0.0306687225 0.0799310654 0.0486307964
v 0.0344890095 0.075996235 0.0463356152
v 0.0366453528 0.0785436034 0.0410258248
v 0.0319144428 0.0808187723 0.0542619601
v 0.0322858654 0.0840098709 0.0612304956
v 0.0352732502 0.0807988495 0.0548511744
v 0.0355235897 0.0844754577 0.0621920787
v 0.037953373 0.0895402506 0.062271107
v 0.0336473323 0.093613781 0.0730966181
v 0.0331475288 0.0895749182 0.0686204359
v 0.0395452641 0.0925683081 0.0722350329
v 0.0416340455 0.070614852 0.037819922
v 0.0440000705 0.0720559955 0.0373140797
v 0.0397536457 0.0708879679 0.0445460752
v 0.0414769836 0.0720500052 0.0403874852
v 0.0421848744 0.0728365928 0.0441278704
v 0.0438555442 0.0736101195 0.0408486426
v 0.0473313779 0.0801816657 0.0481523871
v 0.0412537418 0.0748550817 0.0455450676
v 0.0436546318 0.0750807077 0.043702364
v 0.0455196425 0.0767461956 0.0473081879
v 0.039454978 0.0802836046 0.0621491894
v 0.0398757234 0.0781786144 0.048488196
v 0.0407637432 0.0783824995 0.0520265475
v 0.0434486717 0.0744811669 0.0504867323
v 0.0425777584 0.0801207274 0.0516835898
v 0.042117361 0.0816030428 0.0555569082
v 0.0420169905 0.0829095542 0.0581323616
v 0.0414323993 0.0798272118 0.0562480129
v 0.0415359549 0.0815244466 0.058851026
v 0.0488657951 0.0835691765 0.0570860505
v 0.0415260196 0.0823052824 0.0769755691
v 0.0412396826 0.0846031383 0.06385874
v 0.0418040715 0.0845010802 0.0662650838
v 0.0413446948 0.0864725932 0.0708748624
v 0.0459287316 0.0817689076 0.0805960223
v 0.0450896434 0.0853510648 0.0664507374
v 0.0417775512 0.0846702978 0.0533340387
v 0.0458214879 0.0892429501 0.0683432966
v 0.0428291559 0.0875446424 0.0698205307
v 0.0565843284 0.0714527965 0.0585747212
v 0.0592580028 0.072948806 0.059216246
v 0.0486612469 0.0733855888 0.0695776343
v 0.0484796241 0.0800769478 0.0569658317
v 0.0546294674 0.0760062784 0.0496004745
v 0.0527678505 0.0805120543 0.0562984683
v 0.0523654707 0.0782079399 0.0602458939
v 0.0559087694 0.0787200332 0.0603695586
v 0.0491009764 0.0845612437 0.0717843547
v 0.0537992269 0.0784224421 0.0690641776
v 0.0562934391 0.0802624002 0.0697093084
v 0.0517299175 0.0848820955 0.0667269379
v 0.0437048338 0.0684470832 0.0499261692
v 0.0467804298 0.0649783015 0.0394183248
v 0.0484571792 0.068855837 0.0767966062
v 0.044142697 0.0739457384 0.0650922805
v 0.0506184697 0.0536372848 0.043901559
v 0.0581075102 0.0657735914 0.0497047789
v 0.0549338274 0.0710006952 0.0493999273
v 0.0581572764 0.0720817819 0.049989596
v 0.0475785211 0.0689622685 0.0520666204
v 0.058467444 0.0670810416 0.0583603345
v 0.0531770848 0.0641782284 0.0728642941
v 0.0645328015 0.0576877855 0.0565047711
v 0.0608726665 0.0678711757 0.0525857694
v 0.0487508997 0.0522871055 0.0278662704
v 0.0417167358 0.0580260456 0.0124161215
v 0.0437506065 0.0552508682 0.0122751277
v 0.0440554619 0.0603703633 0.00332579692
v 0.0461310074 0.0507972836 0.0122491745
v 0.0443922989 0.062118616 0.00980536547
v 0.0454079434 0.0578987747 0.012139665
v 0.0431179293 0.0553514063 0.0148965651
v 0.0439066142 0.0574981011 0.0232178736
v 0.0452025272 0.0545621477 0.0177745484
v 0.0456561409 0.0552850477 0.0210087989
v 0.0464340299 0.0593973473 0.0198867396
v 0.0393944457 0.0615992956 0.0239706039
v 0.0475214198 0.0596546009 0.0432211794
v 0.0369677655 0.0615879074 0.00420728698
v 0.0367433429 0.0644190162 0.0036600444
v 0.0406805761 0.0640195459 0.0128799994
v 0.04347267 0.0665667504 0.00811034627
v 0.0422603562 0.0635904893 0.00447267294
v 0.0439155661 0.0646202862 0.0126890531
v 0.0479385704 0.0619648844 0.00349276606
v 0.0472434573 0.0618062094 0.00685005449
v 0.0474236459 0.0609284118 0.00493197562
v 0.0485554077 0.0620911419 0.0108919973
v 0.0489376709 0.064556621 0.00794449821
v 0.0421110764 0.0638262406 0.0183087494
v 0.0412685275 0.066507116 0.0185421742
v 0.0420431606 0.0661034957 0.0256408248
v 0.0416798182 0.0681816787 0.025073098
v 0.0429439433 0.066073142 0.0171326809
v 0.0480132513 0.0641701669 0.0160220582
v 0.03754149 0.0695615187 0.0383506604
v 0.0414851122 0.0622297153 0.0248941649
v 0.0418551713 0.0650018007 0.0357944965
v 0.0411349721 0.0689602196 0.0314163417
v 0.0423050411 0.0700924397 0.0307701193
v 0.0446060076 0.0682195723 0.0252248552
v 0.0379218496 0.0753200278 0.0344500467
v 0.0440108851 0.0756826326 0.0375457332
v 0.0558978133 0.0484939814 0.00399009185
v 0.0492065512 0.0513818711 0.0122188069
v 0.0507004932 0.0557545386 0.00295765954
v 0.053136386 0.0576965399 0.00294510508
v 0.0524875559 0.058897581 0.0106311515
v 0.053580489 0.0501328148 0.00235435599
v 0.0515497774 0.0585832521 0.00630690064
v 0.0517315827 0.0571740791 0.00934330188
v 0.0552134179 0.0541157313 0.00280749984
v 0.0533557348 0.0550264008 0.00426264573
v 0.0549546629 0.0536576733 0.00591568742
v 0.0551731996 0.0545693785 0.0102201337
v 0.0578349046 0.0545862541 0.00684840651
v 0.0557443351 0.0643342063 0.0352982394
v 0.0577089302 0.0598804802 0.0176653564
v 0.0589823835 0.0642511472 0.033466354
v 0.0506737381 0.061559353 0.0476096869
v 0.0577607378 0.0561739765 0.0248448104
v 0.0603122711 0.0578433983 0.0452984236
v 0.0537107028 0.0609421767 0.00762751093
v 0.049966719 0.0660372823 0.0254017916
v 0.0464690924 0.0712031126 0.0261255186
v 0.0513681285 0.0690715834 0.0260449201
v 0.0555854253 0.0692538768 0.0358406603
v 0.0511541292 0.070021145 0.0388605893
v 0.050884001 0.0741916895 0.0401792563
v 0.0602448583 0.0562440977 0.021120619
v 0.0618444085 0.0578094088 0.0333695821
v 0.0149550159 0.0667675212 0.0374617763
v 0.0154353501 0.0538398698 0.0163353756
v 0.0148327751 0.0596686639 0.0195840821
v 0.0157292299 0.0585285947 0.0172267407
v 0.0159875099 0.0621694438 0.0239541102
v 0.0159027372 0.0601815432 0.0144549133
v 0.0384593681 0.0637720376 0.00629929593
v 0.0349098705 0.0640980229 0.00272393017
v 0.0143141374 0.0607107393 0.0165107865
v 0.0126363477 0.0611747503 0.0206199549
v 0.014808259 0.0644565448 0.0143006006
v 0.0157909617 0.0629441887 0.0197899435
v 0.0158638489 0.0662825331 0.0151181454
v 0.0152209783 0.0672321767 0.0189270191
v 0.0153125133 0.0624639839 0.0269675124
v 0.0158755574 0.0645719618 0.0314270519
v 0.0159781538 0.0656617507 0.0383830145
v 0.029578913 0.0608727038 0.0113518089
v 0.0332734548 0.0613476411 0.011684441
v 0.0295833461 0.0552434623 0.0209591854
v 0.0296689458 0.0555168428 0.014743153
v 0.0296600889 0.0593673699 0.0237681642
v 0.0312685743 0.0612356141 0.00936401542
v 0.0363231264 0.0626731962 0.0118205855
v 0.0277114939 0.0676181018 0.0192187838
v 0.0293806363 0.066133827 0.0166466124
v 0.0298881028 0.0624293722 0.0235954653
v 0.0298001505 0.0671270564 0.0204540994
v 0.0300039407 0.0713281855 0.031780012
v 0.0309953988 0.0663203448 0.0216803811
v 0.0339002721 0.0662644133 0.0221288074
v 0.0299349297 0.0732632577 0.0363476574
v 0.0309117865 0.0703517199 0.0334689915
v 0.0338770449 0.0714470297 0.0377513878
v 0.00877217855 0.000843032147 0.0387517326
v 0.00946950912 0.000611376076 0.0434149839
v 0.0152191566 -3.80276178e-05 0.0387653485
v 0.0144283269 0.000818767992 0.0430269316
v 0.0157224685 0.00508085825 0.0517920852
v 0.0117693553 0.00251089665 0.0434485227
v 0.0158635955 0.00835365895 0.0591972023
v 0.015982531 0.00475956174 0.0364236087
v 0.0128724044 0.00324335042 0.0387684852
v 0.0159378462 0.003509562 0.0428810716
v 0.0159375463 0.0197050422 0.0703573376
v 0.0159806293 0.0622472763 0.0579698794
v 0.0158989243 0.0403937735 0.0739269629
v 0.0581146255 0.00245322683 0.0703766271
v 0.053522449 0.0296445992 0.0377601124
v 0.0519365855 0.0433704406 0.0380031131
v 0.0573398843 0.0424866192 0.060772948
v 0.0539762452 0.040256463 0.0535232089
v 0.0550486892 0.0553896353 0.0595375448
v 0.0526549295 0.0549267679 0.0660887063
v 0.0613988936 0.044993002 0.034826301
v 0.0643299595 0.0465256348 0.0359048359
v 0.066738598 0.0328511409 0.0740497187
v 0.0641959459 0.0478578731 0.0674917251
v 0.0682052523 0.0391983539 0.0642217845
v 0.0566259362 0.0283609033 0.0372641534
v 0.058693178 0.0085936971 0.0775883496
v 0.0591975003 0.0269563403 0.0622370578
v 0.0667338446 0.0150662158 0.0579986945
v 0.0700547025 0.0102218222 0.0593092665
v 0.0652255639 0.0317666084 0.0559840798
v 0.0704808161 0.0248874109 0.0738649219
v 0.00990052242 0.000566217001 0.0169116259
v 0.00994932 -4.69502083e-06 0.0363859087
v 0.00821927376 0.0113771483 -0.00383346737
v 0.00623548869 0.0169056542 -0.00390616665
v 0.00884419214 0.0148705803 -0.00216194149
v 0.00893293787 0.0113239856 0.0111604882
v 0.0125370733 0.00210414315 0.0171198919
v 0.015319326 0.00615878217 0.0169376843
v 0.0115435096 0.00206707208 0.0363457762
v 0.0067825634 0.0170950945 0.0084327301
v 0.00892597251 0.0150012197 0.00841968786
v 0.00866270065 0.0183800943 0.00916143693
v 0.00949961506 0.0165008288 0.0123251006
v 0.00844385382 0.01792299 0.0123827523
v 0.00893362425 0.0235151574 0.00926815812
v 0.0125290779 0.0154575696 0.0152226575
v 0.0111954194 0.0179112703 0.0162496436
v 0.00930060074 0.0254578274 0.0128051527
v 0.00798304752 0.0366002321 0.0116384327
v 0.00877973065 0.0314627104 0.0117324339
v 0.0153238289 0.0140738497 0.0159152392
v 0.0159988999 0.0100422511 0.0249429196
v 0.0140245389 0.000573693309 0.0362736024
v 0.0159520879 0.020894723 0.0149222435
v 0.0157113653 0.0171489585 0.0171300843
v 0.0155759929 0.0301672854 0.0119447801
v 0.0157379508 0.0445747375 0.0129618011
v 0.0159583427 0.0506684221 0.0155754397
v 0.0154195223 0.0388611406 0.0117629357
v 0.0485659242 0.0386149064 0.0122428574
v 0.0470917188 0.0473645478 0.0122527434
v 0.0576389097 0.0301657263 0.0074846698
v 0.0580763593 0.038090501 0.00457612099
v 0.049960345 0.0254360512 0.0123913307
v 0.0520638302 0.0331060104 0.0122194141
v 0.0583092198 0.0410592556 0.00171072991
v 0.0580614097 0.032012701 0.00217264658
v 0.0611763373 0.0317210369 0.0204978548
v 0.0550008155 0.0269228034 0.0242434591
v 0.051176805 0.0411932506 0.012188118
v 0.0542019159 0.0456248783 0.00111953856
v 0.055509273 0.0482921898 0.00855930708
v 0.0572758988 0.0468342304 0.00925275031
v 0.0570150837 0.0414980426 0.00416668551
v 0.0567428581 0.0502208918 0.00258459081
v 0.0569077767 0.0469987541 0.00566839846
v 0.0506149642 0.0394897647 0.0246981811
v 0.0543718152 0.0414688401 0.0309963413
v 0.0588276125 0.0482708253 0.0190940462
v 0.0520306602 0.0536425039 0.0302495714
v 0.0676015839 0.0264219549 0.0445086434
v 0.0615469217 0.0319705158 0.0053593507
v 0.0633825809 0.0340518691 0.0155017357
v 0.0597588271 0.0474179126 0.00631958945
v 0.0619080663 0.0476775393 0.0184712242
v 0.0605452955 0.00688890927 0.0078617353
v 0.0513374582 0.00010977545 0.0127181038
v 0.0530250594 0.00260030641 0.022910865
v 0.0546371043 -1.79966992e-05 0.0232809186
v 0.0505300239 0.0212394763 0.0121950544
v 0.0535779148 0.0156209106 0.0121986168
v 0.0574981682 0.01277884 0.000789098034
v 0.0587942824 0.0148886684 0.00727621187
v 0.0519056208 0.00212177401 0.015045193
v 0.0547946431 0.00279569952 0.0156890731
v 0.0562459417 0.00180149556 0.0246679708
v 0.0547801666 0.0159322601 0.0393373854
v 0.0566138029 0.00126034534 0.0267304853
v 0.056138467 0.0302168261 0.00112609146
v 0.059649121 0.0169453714 0.00414679386
v 0.0593599118 0.0288938377 0.00124883908
v 0.0594091639 0.0294404048 0.00872529671
v 0.0528212227 0.0153633477 0.0243642181
v 0.053390123 0.0228316057 0.0131582478
v 0.0592785291 0.0183976963 0.00218232186
v 0.062859185 0.0145822419 0.00515863299
v 0.0624284968 0.0159060489 0.0205401983
v 0.0646373257 0.0187915694 0.0150963003
v -0.0250725821 0.0724491253 0.037870001
v 0.00238050381 0.0888230875 0.0697512329
v -0.024070207 0.0736215562 0.0383949466
v -0.0151791638 0.0732077062 0.0372648872
v -0.0157664753 0.0729901195 0.0384818651
v 0.00554424291 0.084276855 0.0554225966
v -0.016222015 0.0755072385 0.0418122448
v -0.0154577065 0.0733435303 0.040312849
v -0.0137957335 0.073798418 0.0410001427
v 0.00340387132 0.0758916885 0.0589111671
v -0.0249562189 0.0888757259 0.0645877346
v -0.00674540969 0.0738520175 0.0392557904
v -0.00808440428 0.0715535432 0.0392690562
v -0.00426941272 0.072101295 0.0382045172
v 0.0145086246 0.0758152306 0.0422453694
v 0.0032284921 0.0731462687 0.0495153666
v 0.00331660639 0.0804885477 0.063543871
v 0.000895223697 0.0913507491 0.0631794184
v 0.00250987383 0.0878031924 0.0627363026
v 0.00254865503 0.0896893144 0.0681892037
v 0.0049419268 0.0728292763 0.0379111134
v 0.013632047 0.0738433376 0.0408723578
v 0.00355920033 0.0841465369 0.0672828034
v -0.0231964327 0.0713711902 0.0477095805
v -0.0271482579 0.067376025 0.0463070348
v 0.00304677896 0.0558862835 0.0706132799
v -0.0240786728 0.0660270229 0.0475035384
v -0.0247850958 0.06855198 0.047329545
v -0.0218302868 0.069177933 0.0489269868
v -0.0225886405 0.0653105229 0.0507594049
v -0.0160657484 0.0657236651 0.0373696648
v -0.0160612594 0.0661878735 0.0436203629
v -0.0154822487 0.0732650384 0.0431845747
v -0.00853050966 0.0665731505 0.0372028947
v -0.00926171243 0.0721430182 0.0433943681
v -0.0202580523 0.0721617043 0.0490176827
v 0.00138991803 0.0642855987 0.0581682846
v 0.00288468483 0.0620219558 0.0586957261
v 0.00316871167 0.0609716624 0.0642384514
v 0.00410534535 0.0597359873 0.062435098
v -0.00999220368 0.0687131435 0.0433201045
v -0.0110251112 0.0722723678 0.0384180397
v -0.00886189658 0.0692642778 0.0404386818
v -0.00616667233 0.0687246993 0.0379022993
v -0.00635516085 0.0684298202 0.0433201417
v -0.00656963512 0.0718219057 0.0436614752
v 0.00860061776 0.0665323809 0.0371248461
v 0.00605803402 0.068514742 0.0433907323
v 0.00325740688 0.0685757995 0.0491507575
v 0.00249749981 0.0642861053 0.0641743615
v 0.00381801627 0.0550294332 0.0672160238
v 0.00624600612 0.0689984113 0.0381467268
v 0.00315542845 0.0635205582 0.0557919554
v 0.00359920273 0.0653146058 0.0504069552
v 0.00352567597 0.0657947212 0.0580189526
v 0.00354433991 0.0651279688 0.0673569813
v -0.0498054028 0.0801718459 0.0639048144
v -0.0480678976 0.08166641 0.0543004647
v -0.0511439331 0.0839575902 0.0644293949
v -0.0549352057 0.0794201568 0.0718466789
v -0.0521092601 0.0785711706 0.0726674199
v -0.0467601679 0.0863733664 0.0701486245
v -0.0463590361 0.0761332661 0.0505429991
v -0.0437029302 0.073379837 0.0440164842
v -0.0410343483 0.0761652589 0.0395875499
v -0.0423085839 0.0837443694 0.052167993
v -0.035989929 0.085647434 0.0526868775
v -0.0340772271 0.0786420256 0.041164197
v -0.0465337746 0.0811538845 0.0588188581
v -0.042974744 0.0783943087 0.0548628829
v -0.0434572846 0.0765130892 0.0485792235
v -0.0429314338 0.0815967768 0.0607254021
v -0.043554578 0.0793636367 0.0530045629
v -0.0436335243 0.082810089 0.0586734489
v -0.0400840193 0.0760946795 0.0541932769
v -0.0400864184 0.0754237548 0.0576963425
v -0.0402923971 0.0771986842 0.0579913557
v -0.0370675512 0.0771177411 0.0601827316
v -0.0391132943 0.0790075138 0.0576178022
v -0.0380512699 0.0809118226 0.0618201122
v -0.0437015034 0.0858412459 0.0645563826
v -0.0427331254 0.0850577652 0.0666087866
v -0.0465747453 0.088801235 0.0657950714
v -0.039993953 0.0914563015 0.0652799085
v -0.0344945453 0.0716067031 0.0481316745
v -0.0244203042 0.0714040324 0.0412917919
v -0.0347846821 0.073283352 0.0498059727
v -0.0348971598 0.0775626153 0.046164494
v -0.034598656 0.0717026368 0.0383758545
v -0.0337855071 0.0742057562 0.0394799262
v -0.0330562219 0.0766775385 0.04366583
v -0.0190753452 0.0858341902 0.052217681
v -0.035134837 0.0752677172 0.0502296761
v -0.0353978276 0.0779838115 0.0549809001
v -0.0346595086 0.0841950625 0.0563914441
v -0.0352999717 0.0824082196 0.0617768876
v -0.0370415561 0.0744022876 0.0529176816
v -0.0347083956 0.0808830485 0.0508328527
v -0.0244120583 0.0847475827 0.0563300066
v -0.0375270993 0.0798344165 0.062739104
v -0.0334696546 0.0828839466 0.0657935739
v 0.00309051597 0.0869236514 0.0698471889
v -0.0291913915 0.0916626453 0.0635086447
v -0.034606766 0.0872794986 0.0623457544
v -0.0343586281 0.0876569822 0.0700238645
v -0.0332584418 0.090288654 0.0687921271
v -0.0296866186 0.093683809 0.0689870343
v -0.0550635867 0.0573543124 0.068076387
v -0.0538087264 0.0644895956 0.0581272878
v -0.0578265786 0.0581303239 0.0644347891
v -0.0474048555 0.0666721538 0.0735435113
v -0.0547405481 0.0673760921 0.0472588241
v -0.0504955687 0.0682954639 0.0454157442
v -0.0566297956 0.0695090443 0.0641268268
v -0.0546269603 0.0723866597 0.0549910553
v -0.0525654219 0.0682334155 0.053776104
v -0.0537675656 0.0727245286 0.0751912594
v -0.0441791266 0.0470261537 0.0601486601
v -0.0415925346 0.049890656 0.0599690378
v -0.0450288355 0.0557380579 0.0705956221
v -0.0443554185 0.0529743843 0.0634389371
v -0.0442734435 0.0554550849 0.0654212087
v -0.0419022366 0.0546986125 0.0632658452
v -0.046738103 0.0707635507 0.0417628922
v -0.0430571325 0.0746798068 0.0490701981
v -0.0435878187 0.0710967556 0.0386675559
v -0.0428569168 0.0698907599 0.0407911651
v -0.0414214097 0.0633218214 0.0614140108
v -0.0426464751 0.0641837344 0.0581948869
v -0.0412589014 0.0623903796 0.05854325
v -0.044522427 0.0763394162 0.0609794334
v -0.0452765673 0.0795924142 0.0760403797
v -0.0435105748 0.061723277 0.0601360649
v -0.0432494655 0.0609604865 0.0640704706
v -0.0430129655 0.0643538386 0.0641002506
v -0.0385951549 0.0597281717 0.0620024465
v -0.0338521264 0.0651857555 0.0365069918
v -0.0339150541 0.0683793128 0.0405402742
v -0.0265635978 0.0683790594 0.036969617
v -0.0282317605 0.0680734739 0.0406852141
v -0.014724303 0.0550217479 0.0183324032
v 0.0124455336 0.0587911867 0.0158991087
v -0.0167011544 0.0511556678 0.0170073416
v -0.0153973568 0.0503940918 0.0154433725
v 0.0132868234 0.0566742457 0.0150856171
v 0.0154477973 0.0589266419 0.0134013686
v 0.0349945836 0.0607561469 0.0029472108
v 0.0274049565 0.0618299954 0.0101713575
v 0.0349005833 0.0622842349 0.00238146749
v 0.0132946754 0.0653036311 0.0118829515
v 0.0413933061 0.0648136437 0.0075091063
v 0.0290166773 0.0650895536 0.0110628288
v 0.0371771604 0.0674199611 0.00809126813
v 0.0125322109 0.0629429743 0.0188665986
v 0.0118503608 0.0629742369 0.0110244788
v -0.0169948079 0.0640701056 0.0326069929
v -0.0236300677 0.0695694834 0.0260759871
v -0.0242605209 0.0689307898 0.04277936
v -0.0234494284 0.0717287883 0.0331852473
v -0.0154764494 0.06537617 0.0332261994
v -0.00560386432 0.0731168464 0.0366813503
v -0.0155772567 0.0610380881 0.0245131776
v 0.0352698751 0.0601378977 0.00441643037
v 0.0116605517 0.0549400523 0.0182532705
v 0.0122281928 0.058788266 0.0200378578
v 0.0122584393 0.0578116849 0.0179219227
v 0.0124699967 0.0616099723 0.0154373432
v 0.0128891207 0.0629941672 0.0227948371
v 0.0152442427 0.0649580732 0.0200413577
v 0.0126303378 0.0629234537 0.0170724075
v 0.0105565879 0.0731561184 0.0366443805
v 0.00921711139 0.0608632267 0.0242606811
v -0.0507378466 0.0604361966 0.0261133201
v -0.0502188317 0.0683810338 0.0336874686
v -0.0515028499 0.0714450181 0.0441948622
v -0.0454886891 0.0716243684 0.0330205187
v -0.0387525149 0.0582720116 0.0194748156
v -0.038261652 0.059803836 0.020654805
v -0.0476405434 0.0558846183 0.0617524423
v -0.0451008528 0.0609262884 0.0403975658
v -0.0446768552 0.0659228787 0.0245791003
v -0.0429071449 0.0699046701 0.0230642557
v -0.0420099832 0.0648866966 0.020665735
v -0.0406929813 0.0700562671 0.02112123
v -0.0383084789 0.0626160949 0.0197682492
v -0.0465987474 0.0664579496 0.0302166194
v -0.0464654975 0.0746237114 0.0414989218
v -0.0424753726 0.0662951395 0.0307084583
v -0.0436124094 0.0678707585 0.0304598343
v -0.0426148064 0.0676033795 0.0355572887
v -0.0420220308 0.0668551326 0.0268749129
v -0.042880863 0.0691432282 0.0340905115
v -0.0395118818 0.0634617358 0.0273994654
v -0.0371283926 0.0644564405 0.0278911553
v -0.0381391048 0.0643750802 0.0294126291
v -0.0360072441 0.0624885522 0.0292788688
v -0.0406952165 0.0731298029 0.0315243006
v -0.0363059007 0.0753809437 0.0349676013
v -0.0339096673 0.0634135306 0.022173062
v -0.0348858945 0.0652224869 0.0198101047
v -0.0343864635 0.0672219247 0.0190000162
v -0.0348675214 0.0683197305 0.0218938999
v -0.0249248967 0.0684578419 0.0218891874
v -0.0357076749 0.0605360754 0.0253244545
v -0.035165187 0.0670335814 0.0288122389
v -0.0370758995 0.0644993111 0.0337926708
v -0.0350655913 0.0632134676 0.0244857091
v -0.035710223 0.0677596033 0.0360790081
v -0.0162904039 0.0626177639 0.0240682401
v -0.0270167124 0.0655779466 0.0379011221
v -0.0170764253 0.0608503334 0.0260201693
v -0.0317351371 0.0748739988 0.0331120528
v -0.0531285182 0.0520345792 0.00699508702
v -0.0510649644 0.0580699295 0.00726857409
v -0.0489279963 0.0539970621 0.00418699533
v -0.048287902 0.0571645573 0.00645084912
v -0.0488603786 0.0570075139 0.00971768238
v -0.0471370332 0.0565948114 0.00831713248
v -0.0483439416 0.0573368333 0.00290994369
v -0.0550443232 0.0598630272 0.030709343
v -0.0534229465 0.0616150089 0.0251806881
v -0.0524415709 0.0566800646 0.030249821
v -0.0484559424 0.0616784431 0.00773696043
v -0.0404585227 0.0472187884 0.013398421
v -0.04619468 0.0557864755 0.00324973534
v -0.0468449071 0.0579305775 0.00515496964
v -0.0459589176 0.0607762039 0.010079016
v -0.0417707413 0.060141515 0.0120495846
v -0.0407666229 0.060141705 0.00444096746
v -0.0417658128 0.0606711805 0.00305916718
v -0.0423529223 0.0605004765 0.00797671266
v -0.0372455865 0.0606403016 0.0121064177
v -0.0433856547 0.0547108464 0.0121306619
v -0.0424133167 0.0617796369 0.0176368579
v -0.0401138999 0.0461180024 0.013371964
v -0.0403590873 0.0503323302 0.0165004302
v -0.0402566753 0.0563366748 0.0137441941
v -0.0400929637 0.054943148 0.0196120739
v -0.0405140854 0.0557876937 0.0165577736
v -0.0399835818 0.0599113218 0.0182151385
v -0.0375539698 0.0504953191 0.0126189822
v -0.0378601812 0.0577400215 0.0179707818
v -0.0386501402 0.0587324984 0.0159420595
v -0.0370342098 0.0572150797 0.0134525029
v -0.0445985124 0.0612481162 0.00355555839
v -0.0461149514 0.0638709217 0.0079877628
v -0.0437381156 0.0605806001 0.00480131712
v -0.0421576872 0.0622668304 0.00692157913
v -0.0415074192 0.0618499219 0.0036004826
v -0.0408376418 0.0670759156 0.010877735
v -0.0411725231 0.0660887659 0.00859033782
v -0.0413328372 0.0630276054 0.0101374323
v -0.0401063301 0.0647974089 0.00765788881
v -0.0405174941 0.0618303828 0.0105881179
v -0.0389419682 0.0632624254 0.00239090389
v -0.0387804285 0.0634157658 0.00471064402
v -0.0355083719 0.0644644722 0.00344243855
v -0.0347871296 0.0674212798 0.00810914766
v -0.0362666659 0.0618048832 0.0102312267
v -0.036891602 0.0628217235 0.0112649249
v -0.0420088917 0.0633604154 0.0133868195
v -0.0438190512 0.064024426 0.0167193878
v -0.0416696109 0.0684247762 0.0167103186
v -0.0380770415 0.0614749901 0.0153976884
v -0.0382157788 0.0630086213 0.0170966052
v -0.0355452746 0.0579750091 0.0137798255
v -0.0176968649 0.054912325 0.019559782
v -0.0352331661 0.0649189502 0.0110686217
v -0.0367904939 0.0637328848 0.00626087468
v -0.0357052386 0.0615300313 0.0131803667
v -0.0354652852 0.0653673112 0.0148449056
v -0.0324811935 0.0653235465 0.0148669779
v -0.0309270974 0.0622607656 0.0131896911
v -0.0305152889 0.0629741177 0.0110491198
v -0.0307420623 0.0652816519 0.0122937644
v 0.013499286 0.062153697 0.0131770456
v -0.0156806763 0.00275337091 0.0354342572
v -0.0147995753 0.0011730151 0.0391248018
v -0.009101036 4.79003902e-05 0.0393300913
v -0.0167738385 0.007452494 0.0292121768
v -0.0162580572 0.00396463322 0.0440694913
v -0.0135551589 0.00208743615 0.0432188585
v 0.00109367981 0.00515825162 0.0560902245
v 0.0154430661 0.024106916 0.0724551901
v -0.0111313835 0.00323899952 0.0387690291
v -0.0103269229 0.00203156029 0.0433523096
v 0.00352492509 0.00484652398 0.0511864834
v 0.0152815664 0.00395894283 0.0441442803
v 0.00349185173 0.00434826966 0.0589683503
v 0.00538448291 8.60536456e-05 0.0698919445
v 0.0034808123 0.00575068314 0.0628214329
v 0.00305463793 0.0059893555 0.0544551797
v 0.0013242783 0.00679655327 0.0571432076
v 0.0159026179 0.0115706408 0.0636919364
v 0.00406227633 0.00233901804 0.070374459
v 0.00347677153 0.012587592 0.0701774061
v -0.0552190021 0.046118591 0.0649999529
v -0.0531591065 0.04528106 0.0352991223
v -0.0486563221 0.0404884294 0.0717969164
v -0.0448743254 0.0495291948 0.0597903579
v -0.0445353799 0.048388157 0.0573898368
v -0.0416334346 0.0450767018 0.0558106191
v -0.0412104577 0.0550318249 0.0672226548
v -0.0471872017 0.0463262126 0.0493514687
v -0.0412176736 0.0460572131 0.0589047074
v -0.0562020876 0.0289715063 0.0354274139
v -0.0582359657 0.0403674915 0.0646954775
v -0.0482114553 0.0253847763 0.065418072
v -0.0427010879 0.00593970064 0.0351887457
v -0.046224907 0.0301835835 0.036100395
v -0.0438731499 0.00508420076 0.0472964495
v -0.0432228968 0.00796757825 0.0505467132
v -0.0425206237 0.00776783004 0.0379379727
v -0.0419561341 0.00399107998 0.0440381989
v -0.041489806 0.00676106242 0.0474981703
v -0.0388741344 0.00431926362 0.0470912345
v -0.0387802534 0.00449335529 0.0382099748
v -0.0442419723 0.00632776693 0.0570087582
v -0.0446678475 0.00805914681 0.0589470752
v -0.0422752276 0.00520379748 0.0562588349
v -0.0418864787 0.00769598689 0.0555337332
v -0.0415798575 0.0124534946 0.0575050786
v -0.0408216044 0.00826276559 0.0591283254
v -0.0415425748 0.00474274997 0.0511731282
v -0.0441847071 0.00596447662 0.0632579178
v -0.0447634943 0.0096196793 0.0665451512
v -0.0409116186 0.0112971151 0.0634234771
v -0.0411035791 0.0149328196 0.0670486689
v -0.0444382578 0.0122218709 0.0696660206
v -0.0446502566 0.0162088312 0.0588661171
v -0.0442395248 0.0199665949 0.057177905
v -0.0442894995 0.0180469714 0.0606346205
v -0.041614458 0.0209919997 0.0558125712
v -0.0412712395 0.0187132265 0.0594805554
v -0.0411022566 0.0196947902 0.0704324618
v 0.0153688211 0.0150372451 0.0671478957
v -0.0169341695 0.00463329069 0.0372819677
v 0.00285029458 0.00664393418 0.0640687943
v -0.0140865352 -0.000498003617 0.0172405113
v -0.0140720885 0.000557051098 0.0364069715
v -0.00994880497 7.52355254e-06 0.0363845415
v -0.00889851432 0.0118354037 -0.000900029729
v -0.00734457467 0.0113611277 -0.00513525307
v -0.00421269238 0.011548508 0.00332518504
v -0.00489007495 0.0115574691 -0.00192383036
v -0.00237794663 0.0113182673 -0.00839237031
v 0.0030885702 0.0115068108 -0.00843712036
v -0.000473788881 0.0117015224 -0.00520485267
v -0.00870014261 0.0149147781 -0.00271566468
v -0.00607887143 0.0167885534 -0.0040719267
v -0.00480891345 0.0147236343 -0.00754982652
v -0.00498683657 0.0165756345 -0.00180078647
v -0.000265685172 0.0168749951 -0.00719523476
v -3.60348895e-05 0.0150097068 -0.00900912844
v 0.000111600908 0.0162403267 -0.00503312936
v -0.0169177838 0.0115163084 0.0232069995
v -0.0139235267 0.000969350396 0.0168499481
v -0.015407715 0.00731967716 0.0167651307
v -0.0154921757 0.0174513832 0.0166492127
v -0.0114853838 0.00210645702 0.0171886347
v -0.0120520256 0.0100889737 0.0150521528
v -0.0155557105 0.00953879114 0.0230843201
v -0.0165719967 0.0185892768 0.0171622485
v -0.0168332513 0.0262853336 0.0136216488
v -0.0152695645 0.0239224471 0.0134104397
v -0.0127022862 0.0154025769 0.0152629148
v -0.0113262888 0.0178027712 0.0163197014
v -0.0082482202 0.0216385499 0.0144797917
v -0.0167118125 0.0370001383 0.0124384286
v -0.0153356669 0.0352643877 0.0113193784
v -0.015558497 0.0445184037 0.0129329069
v -0.0168994218 0.0456655882 0.0143474201
v -0.00906510465 0.0112772267 0.0121678822
v 0.00194347161 0.011355863 0.00499969209
v -0.011467699 0.00203724066 0.0362910219
v -0.00894216262 0.0149669303 0.00802261196
v -0.00918567274 0.0164537877 0.0115810158
v -0.00833783858 0.0181827471 0.00913715921
v -0.00902731996 0.0233852882 0.00948003493
v -0.00688968645 0.0170721598 0.00827274937
v -0.00655153766 0.0273410417 0.00923160464
v -0.00390350563 0.0167733692 0.00370692462
v -0.0022272924 0.0225841086 0.00950367842
v -0.000179337032 0.016580116 0.00517288083
v -0.000282407622 0.0217734389 0.0109470515
v -0.00934235845 0.0259186551 0.01267255
v -0.00813083537 0.0174733326 0.0151664121
v -0.00838213507 0.0179504715 0.0123215197
v 0.000740427815 0.0227638222 0.0120141376
v 0.000448118517 0.0221034493 0.014098838
v -0.00112829613 0.0236406382 0.0112074856
v -0.00201072148 0.036762815 0.0115567539
v -0.00249252934 0.0319084711 0.0117128873
v -0.00514525687 0.028445933 0.0119071379
v 0.000133018679 0.0251737796 0.00935275946
v 0.00371546275 0.0349090211 0.0113913771
v 0.00373925758 0.0113593033 -0.00377945974
v 0.00501174759 0.0145226019 -0.00751593243
v 0.00496230647 0.0167356562 -0.00149053335
v 0.0050412016 0.0116865998 0.000970017281
v 0.0121127926 0.0101396646 0.0152390227
v 0.0023637258 0.0221449789 0.00929123256
v 0.000240587018 0.0249032546 0.0126582505
v 0.0040805107 0.0165347345 0.00302979443
v 0.00785895623 0.0176693052 0.0155773181
v 0.00781125436 0.0227101631 0.0130155915
v 0.00656885095 0.0272437539 0.00926460419
v 0.0051935697 0.0284502283 0.0118945614
v -0.0535575189 0.0335842371 0.00534087699
v -0.0508525074 0.0386004597 0.00484883087
v -0.0536806397 0.04597307 0.006227348
v -0.0510418341 0.0518123023 0.00256055663
v -0.0503193438 0.0489264652 0.00524561014
v -0.0508030877 0.0490101278 0.00836000126
v -0.0492617749 0.0490657091 0.0076619843
v -0.0559829697 0.0560754091 0.0349986255
v -0.0379270203 0.0220575538 0.0123589318
v -0.0398066901 0.0236384813 0.0137081351
v -0.0439537875 0.0308821872 0.00989528839
v -0.037371695 0.0269671828 0.0103431782
v -0.0384430401 0.0292268693 0.0129728373
v -0.0364872739 0.0355412029 0.0124420617
v -0.044040937 0.0469088666 0.011025303
v -0.037649639 0.0474107824 0.0110542467
v -0.036611218 0.040503785 0.0129567487
v -0.0383621268 0.0460039414 0.0143997138
v -0.0435877629 0.00701797334 0.0122241126
v -0.0511688553 0.00957825221 0.000647859124
v -0.050907582 0.0366414264 0.00158428785
v -0.0494218506 0.0303261075 0.00108443829
v -0.0489208885 0.0481128953 0.0024423704
v -0.041833166 0.0109418426 0.0239309445
v -0.0423741378 0.0039893263 0.0282254927
v -0.0419803634 0.00789475907 0.0284511894
v -0.0422505178 0.00636639306 0.0318898037
v -0.0440282077 0.0201098509 0.0110924495
v -0.0374296866 0.0236276574 0.0106005212
v -0.0373925641 0.0309528988 0.00987142976
v -0.0413724333 0.0143751865 0.0202067085
v -0.0406670496 0.0193634797 0.0166521855
v -0.0379074365 0.0249398109 0.0141009428
v 0.0655699447 -0.0125826411 0.123823442
v 0.0659835637 1.94484455e-05 0.125609785
v 0.0753345191 -0.0154203363 0.150286734
v 0.0756035671 3.3141132e-06 0.149466455
v 0.0683984831 -0.0153107159 0.151082441
v 0.0672276095 -0.0303254798 0.151315957
v 0.0741332471 -0.0309942067 0.150569618
v 0.0758726671 -0.0150683159 0.127674639
v 0.0780517086 -0.0307995882 0.157610714
v 0.0783316344 -0.0154722352 0.150052249
v 0.0132459765 -0.0103534097 0.0787580758
v 0.0132849878 -0.00997589901 0.0806465894
v 0.0587170906 -0.00368699245 0.0782511011
v 0.0579619668 -0.00486193085 0.0746946037
v 0.0560437217 -0.00417386368 0.0720830262
v 0.0572686829 -0.00604584627 0.0786504671
v 0.0720669404 -0.00976836309 0.0823189765
v 0.0689638779 -0.0158882793 0.084267281
v 0.0670315474 0.000215048232 0.0572435595
v 0.0732143447 2.23814459e-05 0.127882421
v 0.0762733296 2.71439912e-05 0.128328711
v 0.0547290221 -0.0406637378 0.0786330253
v 0.0487780645 0.0504744947 0.0806633607
v 0.0568633042 -0.0258962698 0.0785722136
v 0.0577242896 -0.0252365433 0.0775918067
v 0.050990589 0.0504422113 0.0833555385
v 0.0697938576 -0.0456410423 0.128557757
v 0.069416292 -0.0420321338 0.0831771418
v 0.0647712797 -0.0297010373 0.127763703
v 0.0717747509 -0.0304658879 0.128122821
v 0.0728989318 -0.0150918188 0.128143981
v 0.0746990293 -0.0304606464 0.127048254
v 0.032464277 -0.100734405 0.179713979
v 0.0114869047 -0.0974637121 0.112192377
v 0.021063894 -0.0942503512 0.111241929
v 0.0347077139 -0.0947476178 0.130242214
v 0.0351228043 -0.0901176929 0.126717567
v 0.0274109133 -0.0977838412 0.182145149
v 0.0362843424 -0.0919376388 0.154171154
v 0.034404844 -0.0965817571 0.160503402
v 0.0362333022 -0.096098505 0.159973353
v 0.0432921238 -0.0900014043 0.126645252
v 0.0625935346 -0.0700542405 0.12453825
v 0.0618150271 -0.053567823 0.136661574
v 0.0662846565 -0.0600822307 0.121940032
v 0.0718194246 -0.0625629723 0.158582255
v 0.0703470707 -0.0605887137 0.135538608
v 0.0674136579 -0.0607839264 0.138264626
v 0.0727696493 -0.0456908494 0.127788261
v 0.0643035397 -0.0439370647 0.143143341
v 0.0716328844 -0.0488323718 0.152331159
v 0.0749208406 -0.0466016494 0.151007712
v 0.0428535827 -0.0981133655 0.147287995
v 0.0484162867 -0.0972056836 0.161863625
v 0.0500261337 -0.0879111812 0.156976491
v 0.0482391454 -0.0910714492 0.176547155
v 0.0597040616 -0.0845105574 0.13742426
v 0.056003578 -0.088857539 0.132751957
v 0.0510024317 -0.0789824575 0.111763559
v 0.0574774705 -0.0785964429 0.119091354
v 0.0542491861 -0.080303289 0.114620045
v 0.0553393252 -0.0768925101 0.121020764
v 0.0575255714 -0.0786530897 0.116358355
v 0.0601269081 -0.0752910748 0.12272279
v 0.0509806052 -0.0839930326 0.137689099
v 0.0573156439 -0.0804317072 0.12575002
v 0.0545688346 -0.0811010227 0.123759791
v 0.0557292961 -0.0786723569 0.130020186
v 0.0560565107 -0.0777871609 0.133852467
v 0.0575366169 -0.0804034248 0.130681172
v 0.0592743792 -0.0788330436 0.134913594
v 0.0557721369 -0.0805243403 0.135890082
v 0.0563942008 -0.0807512626 0.136337161
v 0.0561231524 -0.0839385167 0.139681041
v 0.0558622219 -0.0806801021 0.136336744
v 0.0559325889 -0.080528833 0.13950026
v 0.0587936155 -0.0802244842 0.144279212
v 0.0592992455 -0.0797342435 0.140044168
v 0.0563122295 -0.0829406008 0.148976922
v 0.0567247681 -0.0788843259 0.14727217
v 0.0593025684 -0.0810334608 0.149217933
v 0.0631534904 -0.0736810938 0.110310942
v 0.0665502399 -0.0757879168 0.159238726
v 0.0300024096 -0.0970873609 0.112888537
v 0.0133982608 -0.0919433087 0.0778639317
v 0.0133070061 -0.0598107874 0.0806459337
v 0.0299698673 -0.0954384506 0.0861493498
v 0.030674817 -0.0903393254 0.0713339746
v 0.0134129953 -0.0602420419 0.0786622614
v 0.0311349649 -0.0919596553 0.0816805363
v 0.0305668265 -0.089825213 0.0785854682
v 0.0281294938 -0.0930272713 0.0962894261
v 0.0323344283 -0.0911746323 0.07726679
v 0.0326955281 -0.0870539919 0.0806836486
v 0.0325185619 -0.0910360739 0.0807148814
v 0.0322439559 -0.0869858563 0.0786333382
v 0.0391096473 -0.0875977129 0.0848095492
v 0.0385014974 -0.0866845548 0.0807517171
v 0.0288263317 -0.0922928154 0.0902671441
v 0.0288916975 -0.0901353955 0.0915171802
v 0.0290372334 -0.0900255367 0.0953839049
v 0.0285297651 -0.0870297924 0.0903588384
v 0.0292434264 -0.0873777941 0.0936660245
v 0.0285606068 -0.0854154229 0.0932832584
v 0.0304948874 -0.0901660174 0.094178997
v 0.0323638022 -0.0922937915 0.0906035826
v 0.0342763662 -0.0888124108 0.0921214074
v 0.0332660489 -0.0879659057 0.0894922689
v 0.0342805274 -0.088134177 0.0940149799
v 0.0288226865 -0.0871017203 0.096320428
v 0.0336788781 -0.0927808285 0.0962651074
v 0.0348570161 -0.0882251337 0.096932739
v 0.033728715 -0.0934206918 0.108570822
v 0.0350349918 -0.0929562002 0.107548118
v 0.035567306 -0.0900830254 0.0980671421
v 0.0352549553 -0.0901276246 0.109262541
v 0.0382571965 -0.0868278891 0.0771154091
v 0.0391825885 -0.0842609033 0.078569077
v 0.0390021317 -0.0943881124 0.0850592777
v 0.0452748686 -0.0855024084 0.0920152292
v 0.0457301289 -0.0856718868 0.0948841497
v 0.0419045538 -0.0899212807 0.116103582
v 0.0470713824 -0.0690499023 0.0785934329
v 0.0473714434 -0.0716823414 0.0812492445
v 0.0485501103 -0.0654087439 0.0806739628
v 0.0582842715 -0.072771281 0.0876765624
v 0.0500240028 -0.0649356917 0.0775787383
v 0.0508315973 -0.0594496578 0.0786081776
v 0.0510067753 -0.0623512603 0.0813799351
v 0.0535067879 -0.0558106713 0.0775267854
v 0.0536135994 -0.0653583631 0.0825634375
v 0.0569000393 -0.0566432104 0.083310768
v 0.0508111678 -0.0656570345 0.0857230648
v 0.0546011589 -0.047966063 0.0784904808
v 0.0587464906 -0.0576535016 0.109915458
v 0.0597251803 -0.0402303785 0.0851108655
v 0.066224128 -0.0584156513 0.0765976161
v 0.0638738796 -0.0583908856 0.0858367383
v 0.0681352317 -0.060886275 0.109156653
v 0.0443157852 -0.0879875198 0.0742401406
v 0.0412772372 -0.0826063976 0.0775298849
v 0.0422779098 -0.0930550396 0.0788031518
v 0.0418173 -0.0886686444 0.0764298439
v 0.0415947065 -0.0873877034 0.0762534589
v 0.0422352068 -0.0886477605 0.0806623921
v 0.0492964871 -0.0859398469 0.0812329948
v 0.0478577167 -0.085775122 0.0817857385
v 0.0417899676 -0.0877215937 0.0892755613
v 0.0460876189 -0.0941689312 0.110033117
v 0.0455211103 -0.084717378 0.0852965638
v 0.0411583669 -0.0898581743 0.09821973
v 0.0418629423 -0.0884226635 0.0973769128
v 0.0471804515 -0.0863367096 0.111202672
v 0.0415601246 -0.0828217268 0.0813908204
v 0.0441069826 -0.0782462582 0.0807603225
v 0.0443803445 -0.0793865472 0.0848755389
v 0.0446850881 -0.076441288 0.0784384757
v 0.0471393764 -0.0716197491 0.0776772276
v 0.0461589061 -0.0815827921 0.0816207156
v 0.0476015881 -0.072372593 0.0853272751
v 0.0481033772 -0.081199199 0.0855794922
v 0.0495828688 -0.0823504031 0.109261774
v 0.050853841 -0.0842259824 0.080909878
v 0.0506969579 -0.0897562653 0.0920587853
v 0.0552054532 -0.0856550857 0.0970655084
v 0.0516661257 -0.0926833376 0.130888939
v 0.0496226251 -0.0749203712 0.0819738954
v 0.0522999801 -0.0818209946 0.0828100219
v 0.0545973666 -0.0786178261 0.0825129002
v 0.0527667999 -0.0774064437 0.0850612298
v 0.0540937297 -0.0696795136 0.0831927285
v 0.0533491261 -0.0759576038 0.0841259137
v 0.0547644496 -0.0777045041 0.0839351192
v 0.0505221412 -0.0739306808 0.0861649588
v 0.0557701737 -0.0773105025 0.089915961
v 0.0559270717 -0.0772415623 0.0927928686
v 0.052798856 -0.080033794 0.0964833945
v 0.0561418906 -0.0762660652 0.0849601105
v 0.0530772097 -0.0776116773 0.0881710202
v 0.0536562987 -0.0755863488 0.0932375044
v 0.0601051524 -0.0763110891 0.0901369303
v 0.0557032079 -0.0788405836 0.0990194827
v 0.054265514 -0.0771527067 0.104644701
v 0.0545108169 -0.0764113739 0.107624054
v 0.0565014407 -0.0786805674 0.105518974
v 0.0574081168 -0.0772058815 0.106636576
v 0.0583049506 -0.0822092816 0.10550984
v 0.059296038 -0.0739554539 0.105848715
v 0.0572791025 -0.0774218738 0.111016475
v 0.0549215786 -0.0761949122 0.11282403
v -0.0627066866 0.000265507348 0.134828329
v -0.0625477135 -0.00181831897 0.178002805
v -0.0277965032 0.0504278317 0.0806675106
v 0.0158840343 -0.0352778807 0.0744331628
v 0.0154608432 -0.0296196416 0.0739368573
v 0.00337480963 -0.0129210548 0.0783792734
v 0.0154056828 -0.041135069 0.073792398
v 0.00332306488 -0.0147697451 0.0786897466
v 0.00327306939 -0.0104751624 0.0806486979
v 0.00472511817 -0.00421031611 0.0722842366
v 0.0037924787 -0.00986913312 0.0786618367
v 0.00368489395 -0.00577983167 0.0760970637
v 0.00470698299 -0.0036347541 0.0784508437
v 0.00483494857 -0.00480779447 0.0746686831
v -0.05752635 -0.0268913005 0.208949938
v 0.015311107 -0.0199302919 0.0705167726
v -0.0458008274 -0.0129366489 0.0769341588
v -0.0297585335 0.0527163707 0.0812480077
v -0.0522978455 -0.045943711 0.135653615
v -0.0484547652 -0.0331193246 0.0687810853
v -0.0588411726 -0.0464722589 0.127647802
v -0.059584666 -0.0362107269 0.135634676
v -0.0409764051 -0.045911435 0.0724577606
v -0.0452380329 -0.0131707508 0.0786081105
v -0.0408308953 -0.037916977 0.0742981508
v -0.0410543159 -0.0249266457 0.0727165639
v -0.0408969969 -0.0300798938 0.0740482062
v 0.0159532577 -0.0463351384 0.0722508356
v -0.0300044212 0.0505315103 0.0831765756
v -0.0148450555 -0.100041114 0.159863919
v -0.0288939476 -0.0967297181 0.154367581
v -0.0609938316 -0.057344716 0.122181244
v -0.0499079116 -0.0737709254 0.170381173
v -0.0609490126 -0.0666911006 0.138717741
v -0.0512282476 -0.0633678287 0.139521882
v -0.052060578 -0.0864505768 0.140688896
v -0.0553304926 -0.0877541229 0.156429052
v -0.0508127175 -0.0890896916 0.157803774
v -0.0550908633 -0.0796331987 0.138832405
v -0.0491024628 -0.0757446736 0.13891387
v -0.0411668979 -0.101790078 0.202341214
v -0.047115963 -0.0965937376 0.166718304
v -0.041347973 -0.0972573832 0.131249964
v -0.0453563593 -0.091981858 0.128983006
v -0.0436042883 -0.091866225 0.112205938
v -0.0428326838 -0.0915458947 0.128793746
v -0.0433148891 -0.0912905261 0.137824714
v -0.0463260598 -0.0847205818 0.139934674
v -0.0463260189 -0.092171967 0.138535932
v -0.043183364 -0.0933364779 0.138518155
v -0.0299655087 -0.0942124948 0.12436901
v -0.0292358268 -0.0953184366 0.126580566
v 0.00133655616 -0.0947338566 0.115749165
v 0.0046010809 -0.0959420577 0.0845501572
v -0.0195468832 -0.0973391309 0.105808355
v 0.0129367253 -0.092620194 0.0818054974
v 0.00288202194 -0.0569752902 0.0778041705
v 0.0189134665 -0.0947577059 0.0760840699
v 0.00396163203 -0.0919596776 0.0782472119
v 0.00363037921 -0.0608093739 0.0770307109
v 0.00734382542 -0.090288043 0.0786563084
v 0.00340615097 -0.05977365 0.0804999992
v 0.00324255857 -0.0556565113 0.07866171
v 0.00414033234 -0.0601802617 0.0786103085
v -0.0616848506 -0.0465009436 0.124889344
v -0.0567012206 -0.0702721626 0.0662125126
v -0.0559273139 -0.0632055178 0.0920548812
v -0.0520800091 -0.0541045479 0.138461292
v -0.0478792787 -0.0683180392 0.0870316923
v -0.0449871309 -0.055736471 0.0706322938
v -0.0446831323 -0.0569617301 0.0725854337
v -0.0447846875 -0.0571028627 0.0776275322
v -0.0455357358 -0.0554656237 0.0786443576
v -0.0524752103 -0.0852412134 0.0731988177
v -0.0504721962 -0.0886413008 0.0785293803
v -0.0526786931 -0.0840236247 0.124792211
v -0.0476404056 -0.0917607099 0.084015958
v -0.0487745591 -0.0858309269 0.0771069974
v -0.0530205816 -0.0881057158 0.110942051
v -0.057432659 -0.0822412521 0.140705034
v -0.0473924242 -0.0941302478 0.120239787
v -0.0508783832 -0.0920002162 0.130415529
v -0.0520273149 -0.0788667798 0.0727998093
v -0.056478519 -0.0762566924 0.0833527818
v -0.0593605898 -0.0754416734 0.137909383
v -0.0578777604 -0.0703822523 0.150731757
v -0.0435995311 -0.0886984617 0.0727755204
v -0.0468106642 -0.0907912478 0.0727532879
v -0.044593364 -0.0933247358 0.0801926032
v -0.0441153347 -0.0897529349 0.0781366155
v -0.0460677594 -0.0890771747 0.0821562633
v -0.0429006405 -0.0882567912 0.0809506029
v -0.0428747125 -0.0869155079 0.0753395855
v -0.045499146 -0.0809669122 0.0896325186
v -0.0395793244 -0.0944958925 0.0754683986
v -0.0336314216 -0.096294418 0.0861194357
v -0.0429445207 -0.0886382461 0.0968636721
v -0.0429561846 -0.0910368487 0.0961944386
v -0.0454782769 -0.0904621035 0.10000103
v -0.0471500605 -0.0901249647 0.111990057
v -0.0439100452 -0.0869604647 0.101096749
v -0.041720856 -0.0948000699 0.0856670141
v -0.0424432233 -0.090843454 0.100852892
v -0.0430491902 -0.0901498944 0.112012066
v -0.0320395306 -0.0976843536 0.114336297
v -0.0299287476 -0.0950987339 0.0744607598
v -0.0299773552 -0.0927469581 0.0813683346
v -0.027472306 -0.0931913927 0.0838311538
v -0.0277521163 -0.090943411 0.0806609467
v -0.0295963977 -0.0936772972 0.0995960683
v -0.0300069265 0.0505762771 0.170948625
v 0.0105046881 -0.00279483944 0.0387821198
v 0.0106911194 -0.00224871188 0.0434258133
v 0.0159686543 -0.024870092 0.0727166682
v 0.0158890337 -0.0153879197 0.0674405992
v 0.0155059975 0.00227758754 0.0337648876
v 0.0135499015 -0.00272057159 0.0388127603
v 0.0135743562 -0.0020487709 0.0432385243
v 0.015975045 -0.00524516497 0.0367843993
v 0.0157442428 -0.00521944603 0.0520555489
v 0.015903024 -0.0088586919 0.0599746443
v 0.0562481657 -0.00235244189 0.0704081729
v 0.0576232672 -0.0141791143 0.0371004008
v 0.059955433 -0.0142148631 0.060534656
v 0.0581111982 -0.00394642493 0.0702966526
v 0.0579788275 1.80411953e-05 0.0372567959
v 0.0552919507 -3.461284e-06 0.0400795005
v 0.0610351786 0.00152420986 0.0683833361
v 0.057608746 0.000171906504 0.069805339
v 0.069667466 -0.00454095891 0.0534061715
v 0.0542875975 -0.0407573842 0.0569555983
v 0.0566325188 -0.028406579 0.0372762717
v 0.0559033267 -0.0412603468 0.077728495
v 0.0596926771 -0.025766734 0.0659570396
v 0.0679578409 -0.0400337614 0.0624661446
v 0.0692814887 -0.0244725216 0.0593285561
v 0.0661597103 -0.029210208 0.0626397952
v 0.0663226545 -0.0335801989 0.0704174861
v 0.0669814572 -0.0138019212 0.059735965
v 0.00697233854 -0.0145579167 -0.00575570343
v 0.00704567507 -0.0165394656 -0.00353758526
v 0.00894949585 -0.0146331731 -0.00141173135
v 0.008446455 -0.0114220614 -0.00299453526
v 0.0157683194 -0.0436680727 0.0126750916
v 0.00855432451 -0.0317294672 0.0117102005
v 0.00911553204 -0.0246336106 0.0129969819
v 0.00882750377 -0.0235865526 0.00925058778
v 0.00866588112 -0.018343363 0.00914691389
v 0.00893727504 -0.0149535313 0.00844698865
v 0.00874220766 -0.0178365745 0.0123718539
v 0.00868643541 -0.0214456338 0.0145667009
v 0.0111975158 -0.0177954175 0.0164494868
v 0.0118414527 -0.0163276996 0.0149519844
v 0.0115024848 -0.00206351839 0.0363548882
v 0.0155875441 -0.0300336909 0.0119507713
v 0.0159434956 -0.0214228705 0.0147976158
v 0.0121394284 -0.0100736637 0.0152647709
v 0.0156219136 -0.0170660894 0.0170985442
v 0.0159896463 -0.00967876799 0.025508333
v 0.0151818069 -0.00672017597 0.0167894177
v 0.0125271231 -0.00207232474 0.0173067823
v 0.0140888523 -5.33467901e-05 0.017071858
v 0.0155175412 -0.00482705794 0.0289316699
v 0.0133723095 -0.00137968524 0.0364499018
v 0.0574753359 -0.0120247807 0.000773623586
v 0.0601084568 0.0174470711 0.000649472931
v 0.0511343814 -0.00666172616 0.0122257546
v 0.0536028743 -0.0169315636 0.0122278892
v 0.0590908416 -0.0034209555 0.00695787743
v 0.0603994913 -0.01150598 0.000638845726
v 0.0595126636 -0.0157863665 0.00249812612
v 0.0550178327 -0.0146384966 0.0408896171
v 0.0578821525 0.0119821113 0.000530131627
v 0.0533503294 -0.00171198382 0.0243254248
v 0.0521532558 0.000409474538 0.0171540417
v 0.0525055975 -0.00190088141 0.0158255715
v 0.0565709285 -0.0024443306 0.0265872292
v 0.0540254265 -0.000526099757 0.012313012
v 0.0549295694 -0.00239026896 0.0166608598
v 0.053750921 -0.000139582364 0.0270926189
v 0.0594231151 -0.0196167175 0.0012051973
v 0.0630796477 -0.00190473092 0.0045395107
v 0.0629138872 -0.0142455185 0.00509776501
v 0.0624272674 -0.0157999154 0.0205072127
v 0.0663824975 0.00044765338 0.0235111546
v 0.0602583587 0.000933477946 0.00395767624
v 0.0628569499 -3.06087386e-05 0.0206054319
v 0.0650717467 -8.76104605e-05 0.0383820012
v 0.0486381166 -0.0384005941 0.0122589199
v 0.0506862961 -0.044069875 0.0121587459
v 0.0524232946 -0.0315481387 0.0121401921
v 0.0566617474 -0.0408354811 0.00795562752
v 0.0560342558 -0.0388618931 0.00169842702
v 0.0572562777 -0.0467807166 0.00912397821
v 0.0571490489 -0.0459037982 0.00216359622
v 0.0583057813 -0.0408915468 0.00175286841
v 0.058990445 -0.0333074853 0.0092387842
v 0.0574507564 -0.0409949496 0.00434102956
v 0.05808888 -0.0316931084 0.00218200218
v 0.0506129153 -0.0395010747 0.0245999023
v 0.061191801 -0.0316807702 0.0205916967
v 0.0499814972 -0.0254588816 0.0122901453
v 0.0560895316 -0.0312092621 0.001195936
v 0.0579607412 -0.0278668907 0.00751928473
v 0.0595295653 -0.0285562035 0.00125966617
v 0.0601598397 -0.0179665033 0.00799287297
v 0.0597242378 -0.0170881897 0.00413316209
v 0.0528372824 -0.0154028172 0.0244282484
v 0.0626784042 -0.0401295908 0.0151705602
v 0.0612423681 -0.0359867737 0.00563790323
v 0.0608011968 -0.0258428548 0.0047512278
v 0.0641707331 -0.0254633985 0.0149849318
v 0.0637685955 -0.0281143691 0.038334772
v 0.0300857257 -0.087499626 0.0553990752
v 0.00783011876 -0.0715384483 0.0394971557
v 0.00609433558 -0.0684800819 0.0433937348
v 0.00963629317 -0.0713234246 0.0428592078
v 0.00892102253 -0.0691967756 0.0406188816
v 0.00872816984 -0.0666335821 0.0372510627
v 0.0101732649 -0.0716321319 0.0380566493
v 0.00917958282 -0.067978844 0.0432965197
v 0.0154262194 -0.0655241609 0.0486140437
v 0.0147454636 -0.0661182255 0.0436516404
v 0.0159378853 -0.0635575205 0.0552813634
v 0.0157115031 -0.0552520491 0.0668734536
v 0.030670071 -0.0844624341 0.0560844578
v 0.0289699472 -0.0918354467 0.0656189397
v 0.0272152759 -0.0878223628 0.0632107258
v 0.0158074722 -0.0737622529 0.038361147
v 0.0159576703 -0.0722574964 0.0414500684
v 0.0367674828 -0.0783593506 0.0407168493
v 0.0155850407 -0.0665462166 0.0376273431
v 0.0160155743 -0.0651161522 0.0424572155
v 0.0159357898 -0.0605314672 0.0609802566
v 0.0152872782 -0.0507180542 0.0701519325
v 0.0319051817 -0.0883626416 0.0663445294
v 0.0330785438 -0.0940115526 0.0750109255
v 0.0317760147 -0.0838236883 0.0589146465
v 0.0326929502 -0.085314095 0.0702983066
v 0.0303953402 -0.07323201 0.0372358635
v 0.0313678384 -0.0704793856 0.0400021859
v 0.0385238379 -0.0838322863 0.0504314005
v 0.0309481081 -0.0803762525 0.0493175127
v 0.0321648531 -0.0816700682 0.0606931336
v 0.0319032148 -0.0793571174 0.0559369437
v 0.0316389874 -0.0755852312 0.0489926375
v 0.0381991565 -0.0841531456 0.0677796304
v 0.0380865186 -0.08995267 0.0632530898
v 0.037672352 -0.0770806819 0.0520397313
v 0.0378313363 -0.0807869658 0.0594103336
v 0.0409948565 -0.0669973567 0.0390452817
v 0.0446367785 -0.0628748834 0.039949704
v 0.0426934622 -0.0697781146 0.0384728722
v 0.0467429794 -0.0651438981 0.0395422727
v 0.0454248078 -0.0663580447 0.0514342822
v 0.0499461405 -0.0617925972 0.0655126497
v 0.0562210307 -0.0699492693 0.0512538739
v 0.0590510443 -0.0666598529 0.0397326313
v 0.0607816316 -0.0679589584 0.052083984
v 0.0553492047 -0.0555577278 0.0632798523
v 0.0500242449 -0.0526706278 0.0362415947
v 0.0533457957 -0.0543999225 0.0419954248
v 0.0573246181 -0.0425144248 0.0605077296
v 0.0544726327 -0.0427715406 0.032984402
v 0.0617766529 -0.0585927144 0.034588296
v 0.0645120963 -0.0579491295 0.0567548685
v 0.0615092441 -0.045774173 0.0368284211
v 0.0646614507 -0.0455249101 0.037403889
v 0.0640065446 -0.0463805348 0.0626104102
v 0.0465056375 -0.086686641 0.062052317
v 0.04147017 -0.0913021117 0.069894053
v 0.0414367057 -0.0864843428 0.0678607002
v 0.0428227149 -0.0848642364 0.0627113506
v 0.0415916555 -0.084539853 0.067652218
v 0.0463809222 -0.0851008892 0.0673482046
v 0.0485793725 -0.0848455653 0.071188271
v 0.0415863581 -0.0722801611 0.0514196493
v 0.0419844948 -0.0760575682 0.0492537618
v 0.0416942053 -0.0748693794 0.0462375171
v 0.0425722077 -0.0726282895 0.044334475
v 0.043938309 -0.0826601237 0.0507453158
v 0.0439072847 -0.0771167129 0.04783554
v 0.0441285037 -0.0750043765 0.0434176251
v 0.0441650301 -0.0734729618 0.040570613
v 0.0488268547 -0.0782411247 0.0460790247
v 0.0417492539 -0.0835297033 0.0593485981
v 0.0425874703 -0.0810651258 0.0549135022
v 0.0416464917 -0.0783576891 0.0496130213
v 0.0408807397 -0.0799415112 0.0547351874
v 0.0470985025 -0.079888992 0.0548883118
v 0.044885736 -0.0793716609 0.0662808269
v 0.0506308265 -0.0613778047 0.0463818237
v 0.0422616191 -0.0782996789 0.0676202103
v 0.0415700227 -0.0813689902 0.0593521558
v 0.0465172753 -0.0696604028 0.0659205839
v 0.0375490636 -0.0716854408 0.0426980592
v 0.040818464 -0.0729482099 0.040531043
v 0.049852252 -0.0832048655 0.057415124
v 0.0481065698 -0.0898131952 0.0748223662
v 0.0526840352 -0.0855634734 0.0728199333
v 0.0540223978 -0.0785209984 0.0536962561
v 0.0524121746 -0.0775775313 0.0586731099
v 0.0598144829 -0.0720130876 0.059697561
v 0.0506216437 -0.0700908527 0.0719969347
v 0.0532558858 -0.0790786371 0.0681150928
v 0.0561519191 -0.0734365284 0.0647180825
v 0.0557683147 -0.0796557143 0.063032113
v 0.0564200133 -0.080662407 0.0742658377
v 0.0586123765 -0.066656515 0.0582539327
v 0.0384830646 -0.0743342191 0.0313433371
v 0.0372076072 -0.0649030134 0.0229310747
v 0.0418939106 -0.059396442 0.0239155237
v 0.0440390557 -0.0595876798 0.0121611971
v 0.0363680273 -0.0643938556 0.00371316308
v 0.036692284 -0.061397709 0.0035193474
v 0.036109902 -0.0622093119 0.0118079968
v 0.0422541536 -0.0633797646 0.00475653308
v 0.0416537598 -0.0627116412 0.00964213349
v 0.0430969261 -0.0645660087 0.0123959994
v 0.0441601984 -0.0603488795 0.00324559072
v 0.0474691764 -0.0621123165 0.00341865793
v 0.0435651466 -0.0666221306 0.00823894702
v 0.0476795062 -0.0609729327 0.00471502356
v 0.048530221 -0.061330609 0.00686230557
v 0.0483250804 -0.0622368678 0.0108507071
v 0.0409189314 -0.0667368546 0.0224447045
v 0.0433568731 -0.066173628 0.0178710967
v 0.0416382328 -0.0648500398 0.0179700181
v 0.0407525152 -0.0638255849 0.0133227995
v 0.0466283299 -0.0598445125 0.0218492895
v 0.0460884459 -0.0743474662 0.0358326547
v 0.0453588255 -0.0672914386 0.0228786357
v 0.0375142172 -0.0685109645 0.0352792367
v 0.0415687039 -0.0621116161 0.0249243379
v 0.0429337248 -0.072134234 0.0371595025
v 0.041275654 -0.070650205 0.033410877
v 0.0437844098 -0.0687856749 0.0265082568
v 0.0411009118 -0.0685272366 0.0288231783
v 0.0420162305 -0.0688864067 0.034603484
v 0.04191662 -0.0575162396 0.0127609679
v 0.043830514 -0.0549038351 0.012370958
v 0.0484688841 -0.0529918484 0.012172834
v 0.0461963676 -0.0508082174 0.0121312123
v 0.0471572131 -0.0473091342 0.012355431
v 0.0504011102 -0.0561146364 0.00298934593
v 0.0436524637 -0.0549997799 0.0153596494
v 0.0451773964 -0.0564613454 0.0225279424
v 0.0456972979 -0.0547318161 0.0196709502
v 0.0482874103 -0.0600079894 0.0489767008
v 0.0510406159 -0.0726553202 0.0364992134
v 0.0532969311 -0.0574786887 0.0030615502
v 0.0536675118 -0.0609115884 0.00763409957
v 0.0524384901 -0.0570811182 0.0059002717
v 0.0502667129 -0.065359287 0.0236907285
v 0.0489254631 -0.0645218119 0.00791235548
v 0.0548865907 -0.0637077242 0.0178214256
v 0.0525219329 -0.0588940382 0.0105748205
v 0.0493953153 -0.0711143166 0.0394537859
v 0.0532334745 -0.0689577013 0.0405227989
v 0.0552967004 -0.0701520592 0.0375109315
v 0.0556741469 -0.064270325 0.0349633433
v 0.048270978 -0.060289219 0.00973153766
v 0.0529703274 -0.055303365 0.00926886313
v 0.0533727594 -0.0505995117 0.00251548132
v 0.0551872067 -0.0474940352 0.00680969795
v 0.0541327372 -0.0539567657 0.00549464626
v 0.0566929169 -0.0569336005 0.00730547262
v 0.055485636 -0.0531112775 0.00278898771
v 0.0555180758 -0.0532516204 0.00989470724
v 0.0562099367 -0.0470242873 0.00213226769
v 0.0559456125 -0.0487614349 0.00377257518
v 0.0571752675 -0.0454893149 0.00537881488
v 0.0590085313 -0.0507090725 0.00645931764
v 0.0611766316 -0.0494928993 0.014998747
v 0.0513804257 -0.0531721935 0.0255799834
v 0.0568332225 -0.0557623357 0.0193764307
v 0.0588419847 -0.058170367 0.0182147473
v 0.0591136999 -0.0476181954 0.0204102769
v 0.0523361526 -0.0394962728 0.0360128284
v 0.0585893206 -0.0628162995 0.0444895141
v 0.0603927784 -0.0576395318 0.0457851551
v 0.0349668711 -0.0640189499 0.00267998991
v 0.0153504889 -0.0730303749 0.0367994085
v 0.0374143086 -0.0674267337 0.00810210034
v 0.0292707682 -0.0650180429 0.0110128503
v 0.0302129313 -0.061651025 0.0101345293
v 0.014549762 -0.0597634912 0.0165468976
v 0.0158566963 -0.0663579926 0.0153103154
v 0.0145889772 -0.0621645823 0.0132317683
v 0.0157451369 -0.0589736328 0.0133887297
v 0.014856861 -0.0596675463 0.0195822399
v 0.0159657579 -0.0628547668 0.0205371268
v 0.0151547417 -0.062108472 0.0255846158
v 0.0295696892 -0.0686214641 0.0227315221
v 0.01598588 -0.0611989871 0.0271240715
v 0.0159833133 -0.0566178523 0.016967155
v 0.0155398585 -0.0542115867 0.0163297597
v 0.0159979351 -0.00394393736 0.0440080576
v 0.0318682045 -0.0607026517 0.0115358727
v 0.0301380996 -0.0654809549 0.0154093876
v 0.0303761419 -0.0648236871 0.0228480343
v 0.030438453 -0.0579169132 0.012767409
v 0.0303798988 -0.0601932779 0.0240399409
v 0.0307812374 -0.0667374134 0.0284294598
v 0.0302982051 -0.0557206161 0.0147026246
v 0.0302657429 -0.0562181845 0.0219201464
v 0.0310526025 -0.0545315407 0.0181040727
v 0.00292014657 -0.00019320946 0.0511100814
v -0.0166835915 -0.0058525675 0.0328885429
v -0.0162571613 -0.00453196745 0.0369675197
v -0.0159056298 -0.00277710683 0.0431063883
v -0.0141662126 -0.00241062371 0.0387493856
v -0.013644685 -0.00203338871 0.0432066806
v 0.00135181576 -0.00514385896 0.0560191348
v 0.00219229981 -0.00814072788 0.0589673258
v 0.0152052436 -0.0114340521 0.0635655075
v -0.0107292449 -0.0028305701 0.0384697542
v -0.010556954 -0.00202600355 0.0432386324
v 0.00385399768 -0.00484480383 0.0512028113
v 0.00316324551 -0.0055811815 0.0540101565
v 0.00138823572 -0.00687065814 0.0564132556
v 0.00348867569 -0.00432791933 0.0588700846
v 0.00346177793 -0.0127399592 0.0702186152
v 0.00339697767 -0.0058638351 0.0631740317
v 0.00386881502 -0.00255698175 0.0704777837
v -0.0582085103 -0.0296450723 0.064489007
v -0.0536390059 9.82569763e-05 0.043041084
v -0.0551479496 0.00207772315 0.0656432509
v -0.0567732155 0.00230901106 0.0445818044
v -0.0444340743 -0.0136658521 0.0575277768
v -0.0470324978 -0.000168791565 0.0493193679
v -0.041231744 -0.0115563525 0.0590045303
v -0.0439266339 -0.0127518605 0.0704091936
v -0.0410327613 -0.0198297352 0.0704702064
v -0.0403864719 -0.0153006781 0.0673664436
v -0.0423921011 -0.00657480163 0.0314138494
v -0.0428238325 -0.0064954618 0.0353428088
v -0.0396954231 -0.00499089295 0.0362260304
v -0.0426101983 -0.00670830254 0.0470591113
v -0.0430717953 -0.00449841283 0.0377226658
v -0.0435814038 -0.0048196218 0.0464626141
v -0.0396659225 -0.00406257017 0.0449802615
v -0.0445163622 -0.00850039814 0.0588122644
v -0.0412779562 -0.0077333157 0.0584068224
v -0.043563053 -0.00624276791 0.0563837178
v -0.0417671949 -0.00535295904 0.0565124787
v -0.042844329 -0.0083681047 0.0517204553
v -0.0439543091 -0.00457164505 0.050782498
v -0.043283198 0.00125460804 0.0510536097
v -0.0412424877 -0.00474441191 0.0511047319
v -0.0444250628 -0.0104945255 0.0678928867
v -0.0440058671 -0.00587536674 0.0630374625
v -0.0410800949 -0.0113525894 0.0634416491
v -0.0168800987 -0.0040128273 0.0442615822
v -0.0562015101 -0.0288889632 0.0354256108
v -0.0551915541 -0.0331325233 0.0641426668
v -0.044748608 -0.0463778228 0.0589494891
v -0.0442680344 -0.046014037 0.0571491383
v -0.0416064896 -0.0452048443 0.0557995103
v -0.0416026525 -0.0152407121 0.0558431856
v -0.0452825911 -0.0128371073 0.0673207268
v -0.00886500534 -0.0149203679 -0.00159354473
v -0.00875527225 -0.0115341963 -0.00144945306
v -0.00715547008 -0.0150607117 -0.00514547573
v -0.00669118017 -0.0111941341 -0.00543288887
v -0.00631979248 -0.0169248395 -0.00349435629
v -0.00517419353 -0.0167557281 -0.000495224376
v -0.00361298793 -0.0118749551 -0.00838540029
v -0.0032158359 -0.0166794788 -0.00397062767
v -0.00492148381 -0.0120606823 -0.00166226516
v -0.00215988676 -0.0153749688 -0.00849501416
v -5.24179159e-05 -0.011925417 -0.00523342611
v 0.0024360111 -0.0165587571 -0.00742079364
v 0.000710884458 -0.0164051745 -0.00500926375
v -0.0153828869 -0.0391970612 0.0117923487
v -0.0154221887 -0.0452738926 0.0132283177
v -0.015426944 -0.0283147171 0.0121091679
v -0.0165483207 -0.0151406247 0.0195759665
v -0.0155197354 -0.0173935723 0.0165971126
v -0.0112938955 -0.0178544074 0.0163099412
v -0.012490103 -0.0154053634 0.0151826981
v -0.0160161313 -0.0113400379 0.0231502708
v -0.0153371021 -0.0072204913 0.0168020185
v -0.0111776367 -0.0105406614 0.0146698887
v -0.0119879395 -0.00209240685 0.0170148797
v -0.0155168613 -0.00574410008 0.029200701
v -0.0114646722 -0.00205655815 0.0363272913
v -0.0133761596 -0.00137650128 0.036445003
v -0.00152471114 -0.0364446416 0.0115504954
v -0.0027668043 -0.0332632475 0.0116674304
v -0.00886320509 -0.0256510694 0.0126828514
v -0.00879011862 -0.0239079185 0.00926485471
v -0.00644066837 -0.0273646489 0.00922365673
v -0.00596672576 -0.0283404961 0.011956282
v 0.0067036259 -0.0284134559 0.0121534234
v -0.000398807169 -0.0247933287 0.012975933
v -0.0091869859 -0.016285073 0.0115624368
v -0.00722734164 -0.0170979444 0.00857012533
v -0.00895835087 -0.014823786 0.00826565549
v -0.00428651599 -0.0165450163 0.00278765196
v -0.00226175459 -0.0224960111 0.0095146047
v -0.000197236848 -0.0217612572 0.0109701306
v -0.000235507367 -0.016501788 0.00501551991
v -0.000858687214 -0.0113285985 0.00520645408
v -0.0079798121 -0.0213141199 0.0146037396
v -0.00773393735 -0.0177082717 0.0126087619
v -0.00809698831 -0.017479131 0.0151643464
v -0.00808196515 -0.0223588496 0.0124092139
v -0.000454023597 -0.0221034195 0.0140989907
v -0.000130018641 -0.0229826085 0.0119428402
v -0.0090042334 -0.0113237565 0.0118634114
v -0.00484890537 -0.0113585982 0.00222752034
v -0.00990689266 -0.000515164924 0.0171245504
v 0.010651594 -0.00147121318 0.0168749318
v 0.00196106406 -0.0146860741 -0.00878764968
v 0.00170667237 -0.0115530817 -0.00872107502
v 0.00501642516 -0.0167133007 -0.00161627005
v 0.00420543784 -0.0117793242 -0.00280053308
v 0.00507690571 -0.0115508009 0.000755540445
v 0.00579565857 -0.0111571467 -0.0058964584
v 0.00743663637 -0.0366109982 0.0116733108
v 0.000131762674 -0.0251709409 0.00936098583
v 0.00595693197 -0.0274894107 0.00934315845
v 0.00226195552 -0.0220647436 0.009295878
v 0.00122908759 -0.0237308946 0.0114030167
v 0.00681352383 -0.0170765519 0.00842423644
v 0.00344725046 -0.0115088318 0.00395575399
v 0.00352614257 -0.0168046486 0.00420526834
v 0.00840521045 -0.0174505319 0.0152283218
v 0.0059455107 -0.0223683473 0.0124835754
v 0.00895643793 -0.0112969493 0.0112528773
v -0.0534636192 0.000319130864 0.00530001195
v -0.0503857508 0.001014977 0.00241048844
v -0.0512641743 -0.0069343457 0.000864470203
v -0.0491296276 0.0236273166 0.00622323342
v -0.0486980379 0.000227239769 0.0022677267
v -0.0527355038 0.00559915975 0.00447704177
v -0.0507665202 0.0109564327 0.00415992597
v -0.0507410988 0.0245551802 0.0071470961
v -0.043491248 -0.0113570048 0.0119128786
v -0.0374211259 -0.00985926297 0.0119947121
v -0.0441148691 -0.00511797518 0.0131646991
v -0.040732272 -0.0194288343 0.013232898
v -0.0408405215 -0.018866621 0.0169962421
v -0.0412768945 -0.0160061661 0.0144876521
v -0.0412910171 -0.0147634279 0.0199791621
v -0.0416799523 -0.0112929922 0.0234982781
v -0.0397522002 -0.0229966752 0.0130972806
v -0.0389236957 -0.0226025954 0.0151194502
v -0.0371725745 -0.0143272793 0.0131564811
v -0.0374422483 0.0100021623 0.0119850002
v -0.0433265232 0.00416144216 0.040004205
v -0.0411735661 0.0192830712 0.0141098984
v -0.0401978754 0.00924810767 0.0138359973
v -0.0371550582 0.0120189525 0.0132620893
v -0.042019885 -0.00813293364 0.0280578956
v -0.0166655108 -0.0189193152 0.0169679746
v -0.0166870281 -0.00816631317 0.0279141981
v -0.0535806008 -0.0328947864 0.00528753921
v -0.0508063808 -0.0362301804 0.0045904927
v -0.0508053266 -0.0460864939 0.00177713437
v -0.0514158234 -0.0363295414 0.00145344681
v -0.0508023277 -0.0290410109 0.00765820593
v -0.0489074253 -0.0476293601 0.0024188133
v -0.0505110994 -0.0345640145 0.00271963119
v -0.0504280441 -0.0067582638 0.00036465592
v -0.0505976081 -0.0134315416 0.0068237693
v -0.0491209403 -0.00170578226 0.000526508025
v -0.0492256396 -0.0258724857 0.00643477077
v -0.0404371694 -0.0472635627 0.0133797592
v -0.03853257 -0.0459312536 0.0143808667
v -0.0439784676 -0.0458710194 0.0109476065
v -0.0439518541 -0.0306640044 0.00987088494
v -0.0373053737 -0.029767869 0.00996092986
v -0.0366220884 -0.0405391864 0.0129318414
v -0.0374009386 -0.0235479902 0.0106225191
v -0.037836533 -0.0292521305 0.0129569797
v -0.0378712639 -0.0256805625 0.0139076207
v -0.0363392606 -0.0353551209 0.0124622611
v -0.016896816 -0.0347360484 0.0124632325
v -0.0168016404 -0.0258497503 0.0137749566
v -0.0272270348 -0.065810509 0.0389553234
v -0.0271256976 -0.0681297109 0.0461707748
v -0.0262773912 -0.066020675 0.0450187176
v -0.0219269525 -0.0711028799 0.0480445959
v -0.0240663737 -0.065838486 0.0479941778
v -0.0225652996 -0.0653321818 0.0507269688
v -0.0159345213 -0.072777696 0.0397538804
v -0.0150271086 -0.0668406412 0.0374768935
v -0.0161200035 -0.0662134439 0.0435410403
v -0.0135234464 -0.0722326562 0.0382997021
v -0.010083802 -0.0689470321 0.0433259346
v -0.0218114983 -0.0687695965 0.0490861014
v -0.0103148585 -0.0693052337 0.0380049162
v -0.00806152541 -0.0715801418 0.0392059386
v -0.00888137799 -0.0690791905 0.0407837406
v -0.00782193523 -0.0665320605 0.0371260606
v -0.00620080298 -0.0687011853 0.0379170664
v -0.00658326037 -0.068270199 0.043240834
v 0.00355116162 -0.0653508678 0.0502204932
v 0.00316153979 -0.0685604289 0.0491600782
v 0.00622375589 -0.0690048337 0.0380229913
v 0.00602279743 -0.0730474517 0.0389526375
v 0.003587001 -0.0662554055 0.0578526631
v 0.00281121139 -0.0643783212 0.0535704792
v 0.00340481731 -0.0636697933 0.0554247536
v 0.00209057936 -0.0625757501 0.0576017797
v -0.000757333532 -0.062052317 0.0630076528
v 0.00183015177 -0.0588469543 0.0634464473
v 0.00335987052 -0.063267231 0.0625305697
v 0.00353290373 -0.0556852072 0.0697666705
v 0.00343914283 -0.059990868 0.0656085387
v 0.00330202701 -0.0571500547 0.0729236975
v 0.00445048325 -0.0580750108 0.0641467124
v 0.00416333927 -0.0549344905 0.0673015192
v -0.0198965836 -0.0848954841 0.0564471409
v 0.0305870585 -0.0832240656 0.0482204109
v -0.0284968559 -0.093719855 0.0690510273
v 0.0306379665 -0.0769560337 0.0441232324
v -0.024585275 -0.0737704337 0.0386428647
v -0.0159706622 -0.0757647157 0.0420620516
v -0.0138768153 -0.0738129169 0.0410045125
v -0.0154628567 -0.0732946992 0.0431668386
v -0.00926208962 -0.0729130059 0.0365071818
v -0.00941119157 -0.072038509 0.0433895625
v 0.00182579132 -0.0856886804 0.057944797
v 0.00370973023 -0.0908923671 0.0622413643
v 0.00453288667 -0.0899027959 0.0682224482
v -0.00478415005 -0.072650589 0.0381728485
v -0.0066906279 -0.0718234554 0.0435176566
v 0.00349235628 -0.0731296688 0.0494008176
v -0.00660824543 -0.0740014166 0.0395713151
v 0.00358116673 -0.0892955139 0.0697753429
v 0.0035964665 -0.0869985595 0.0699264631
v 0.0165449381 -0.0757033899 0.0419476815
v 0.013673164 -0.0738065392 0.0409252159
v 0.01519957 -0.0731568411 0.0433403738
v 0.00675786007 -0.071776405 0.0435141213
v 0.00333692227 -0.0804087296 0.0634574369
v 0.00333173247 -0.0756668597 0.0585674532
v 0.00359602086 -0.0752909631 0.0605210066
v -0.0546263345 -0.0689440742 0.0489962026
v -0.0501196608 -0.0689507723 0.0457055829
v -0.0529048368 -0.044899106 0.031307403
v -0.0577512421 -0.0560291782 0.0603532642
v -0.0549051985 -0.0575442016 0.0658088699
v -0.0551717281 -0.0487474799 0.0652437657
v -0.0434264913 -0.0713177472 0.0390829891
v -0.0429046005 -0.069280073 0.0399951153
v -0.0464485958 -0.0664085746 0.0610488169
v -0.0480978303 -0.045524966 0.0640577748
v -0.0449489094 -0.04876763 0.0615670308
v -0.0443340354 -0.0555025339 0.0652513653
v -0.0446078219 -0.0535358079 0.0646416843
v -0.0444802791 -0.0508851148 0.0619359352
v -0.0422919281 -0.0555324107 0.064782463
v -0.0411872678 -0.0551664196 0.0672110915
v -0.0415721238 -0.0509198792 0.0611290708
v -0.041227784 -0.0471214838 0.0592946075
v -0.0411704592 -0.0523089096 0.0690348372
v -0.0489465222 -0.0866483673 0.0652377233
v -0.0515605137 -0.0721111521 0.0454511307
v -0.0468206257 -0.0754765645 0.0432926342
v -0.0477708653 -0.0818490982 0.0542248599
v -0.0514051504 -0.079140991 0.0565288216
v -0.0499423295 -0.0800417587 0.0642797202
v -0.0547741055 -0.0801288337 0.0726962388
v -0.053538993 -0.0723177344 0.0692185014
v -0.0435873792 -0.0895876363 0.0640344769
v -0.0398321338 -0.0864059553 0.0552492812
v -0.0416974872 -0.0835162997 0.0515788011
v -0.0401853882 -0.0919936672 0.0666423813
v -0.0340700112 -0.0792050213 0.0420455858
v -0.046489276 -0.0869918913 0.071803242
v -0.043674659 -0.0859125033 0.0648523197
v -0.0423399284 -0.0875614509 0.0707690865
v -0.0428122319 -0.0845696852 0.0668627173
v -0.046581544 -0.0737685487 0.0471207686
v -0.0435005315 -0.074318707 0.0452452973
v -0.043884851 -0.0727308318 0.0421174504
v -0.041273687 -0.0759302452 0.0394746512
v -0.0435516387 -0.0828319192 0.0585496426
v -0.0449670888 -0.077630572 0.0512266383
v -0.0436173975 -0.0795601308 0.0532339998
v -0.0431621075 -0.0761666074 0.0481850691
v -0.0428068303 -0.0753874332 0.0508672372
v -0.0427128933 -0.071961686 0.0449190699
v -0.0426657684 -0.0783470348 0.0552367903
v -0.0402277373 -0.0772317871 0.0579816103
v -0.0395914428 -0.0801218599 0.0606522039
v -0.0401537083 -0.0760421976 0.0545406789
v -0.0384299643 -0.0790946186 0.0572029762
v -0.039609395 -0.0756069273 0.0582227446
v -0.0469260104 -0.0822104737 0.0614631847
v -0.0449505299 -0.0775841922 0.0663088262
v -0.0426390916 -0.0810311884 0.0597200133
v -0.0372731015 -0.078373611 0.06130898
v -0.0304453913 -0.0915265307 0.0633078218
v -0.0280763563 -0.0861132145 0.0527505763
v -0.0343558677 -0.0895771012 0.0687389374
v -0.0342712849 -0.0881948322 0.0639390647
v -0.0350036807 -0.0836270303 0.0636256933
v -0.0336881988 -0.086921297 0.0698362142
v -0.0231233239 -0.0890288204 0.0648244023
v -0.025137281 -0.0902264789 0.0689919963
v -0.0252254717 -0.0889912844 0.0699219406
v -0.0351386182 -0.0749614537 0.0504406542
v -0.034536764 -0.0782937333 0.0463712178
v -0.0340322256 -0.074454464 0.0398191586
v -0.034677498 -0.071682781 0.0386437252
v -0.0346038379 -0.0715647936 0.0469023138
v -0.0238710251 -0.0713189915 0.0471014455
v -0.0243068319 -0.0716552287 0.0378278047
v -0.0348750018 -0.0831810385 0.0564499125
v -0.0354864076 -0.0805987641 0.059670914
v -0.0353266671 -0.0782078058 0.0548753962
v -0.0339742377 -0.0853635967 0.0582062341
v -0.0347361155 -0.0816647336 0.0518701561
v -0.0370816141 -0.0743969381 0.0527644083
v -0.0338641927 -0.0734001547 0.0501827896
v -0.0197447035 -0.073007375 0.0494044833
v -0.0364069678 -0.0800196379 0.0621398725
v -0.0332919806 -0.0816647485 0.0645721778
v -0.015566797 -0.073167555 0.0373803042
v 0.0429296084 -0.0648090392 0.00752398465
v 0.0132926349 -0.0653187782 0.0119007342
v 0.0351918675 -0.0614579432 0.00247850292
v 0.0417488292 -0.0638176277 0.00642583193
v 0.0152055724 -0.062862128 0.0187625717
v 0.0153211318 -0.0674913377 0.018933095
v 0.011854345 -0.0629818663 0.0110272123
v -0.0235479325 -0.0720162988 0.0339946635
v -0.024289757 -0.068812713 0.0468192361
v -0.0157441627 -0.0612653606 0.0248178504
v -0.0162169635 -0.0656487569 0.0383827351
v -0.0170705877 -0.06388814 0.0322110802
v -0.0153904911 -0.0655679628 0.033714816
v -0.0150691755 -0.0550503619 0.0183743667
v 0.0123509225 -0.0578203797 0.0173006784
v 0.0132296737 -0.0567080043 0.0150684472
v -0.0166399367 -0.0503362902 0.0165138543
v -0.0170778111 -0.0427922383 0.0134616485
v -0.0154476957 -0.0503452905 0.0154073015
v 0.0370133072 -0.0760079399 0.0360166654
v 0.0351940282 -0.0600591749 0.00402368233
v 0.00254398677 -0.0618117861 0.0101927845
v 0.0148845296 -0.063360475 0.0222411212
v 0.0125973132 -0.0600236244 0.0152963493
v 0.0152402008 -0.0652627572 0.0197286494
v 0.0092900591 -0.0609142408 0.0243148692
v 0.0155022973 -0.0651364326 0.032663241
v 0.0159321576 -0.0509625636 0.015654048
v 0.0123268981 -0.0588786155 0.0201156046
v 0.0120624704 -0.0548526794 0.0181711763
v 0.00794528052 -0.0728783011 0.0362260453
v 0.0300808046 -0.0714200884 0.0320738032
v -0.0549052656 -0.0615401044 0.0334169567
v -0.052279938 -0.0669900253 0.0359981358
v -0.0521226078 -0.067254737 0.0497963205
v -0.0477610715 -0.0704380572 0.0334680155
v -0.0562929474 -0.0570293851 0.039273385
v -0.0529710129 -0.0574892983 0.038080629
v -0.0412911624 -0.0729649886 0.0317446701
v -0.0469276123 -0.059648294 0.0099434182
v -0.0442078412 -0.0655059665 0.0221073143
v -0.0419689268 -0.0652928948 0.021616295
v -0.0415272973 -0.0700146183 0.0217002667
v -0.0379793495 -0.0684687272 0.0230992213
v -0.0382561795 -0.0673274994 0.0190212429
v -0.0393357798 -0.0667566955 0.026786413
v -0.0387689285 -0.0652786866 0.0197452959
v -0.0381348208 -0.0614791177 0.0205933787
v -0.0382069647 -0.0634405315 0.0221555438
v -0.043671377 -0.0676334053 0.0290092863
v -0.0439568758 -0.0694274232 0.0342741348
v -0.047306817 -0.0685709864 0.0377472378
v -0.0420944691 -0.068483457 0.033340212
v -0.0422632396 -0.0664515197 0.0281117372
v -0.0424613655 -0.066313386 0.0305816922
v -0.0380651169 -0.0631373823 0.0246448871
v -0.0390365794 -0.0607207716 0.0255863499
v -0.0390007906 -0.0639668927 0.0322340541
v -0.0379261188 -0.0684307292 0.0385007486
v -0.0384248942 -0.0650624558 0.0355698541
v -0.046134416 -0.0435579456 0.034698911
v -0.0386048406 -0.0586095043 0.0199651364
v -0.0477136672 -0.0560143031 0.063711755
v -0.0344546847 -0.0767826736 0.0377040803
v -0.000660417834 -0.0628137216 0.0233314596
v -0.0240251794 -0.0687114745 0.0230787378
v 0.0126594137 -0.0614973605 0.0205369312
v -0.0261349604 -0.0650950223 0.0359354094
v -0.0265949816 -0.068226926 0.0387087762
v -0.0175266005 -0.0608618818 0.026117472
v -0.0511176884 -0.0582933836 0.00757019781
v -0.0469281189 -0.0632148683 0.00773652736
v -0.0529882759 -0.0531508774 0.00695072254
v -0.0536638126 -0.0458059125 0.00619030837
v -0.0479923561 -0.0564045124 0.0060232752
v -0.0508142002 -0.052242469 0.00265239039
v -0.0503612421 -0.051403489 0.00568840979
v -0.0491059162 -0.0556219071 0.00280617736
v -0.0499949269 -0.0534184352 0.00897123665
v -0.0501602963 -0.0502878539 0.00381209329
v -0.0508496724 -0.0471148528 0.00837164558
v -0.0472960696 -0.0563123822 0.00833036844
v -0.04928682 -0.0488789752 0.00762246083
v -0.0518672839 -0.0575224049 0.026709903
v -0.0497507043 -0.0598723143 0.0209849384
v -0.0471578874 -0.0590541027 0.00327347149
v -0.0464998297 -0.0586823449 0.00539874425
v -0.0444413759 -0.0646734238 0.00775459781
v -0.0455628745 -0.0602235943 0.00673837634
v -0.0423914082 -0.0630244464 0.0123522477
v -0.0413945578 -0.0670846626 0.0114718918
v -0.0415992998 -0.062524803 0.00372326304
v -0.0432736501 -0.0609241575 0.00476633664
v -0.0418556295 -0.0631512478 0.010233908
v -0.041500967 -0.0662201494 0.00881464407
v -0.0409061313 -0.0632136837 0.00787378661
v -0.0415901095 -0.0606766045 0.00307079218
v -0.0385066718 -0.0643651336 0.00387964607
v -0.038306918 -0.0640608966 0.00707605155
v -0.0393884182 -0.0630583689 0.00235969829
v -0.0352397449 -0.0673416853 0.00806390494
v -0.0402621254 -0.0616119802 0.0108636273
v -0.0342963077 -0.0643102601 0.00302651175
v -0.0386155359 -0.0634177551 0.00474256231
v -0.0363139585 -0.0639749542 0.0106589776
v -0.0367137231 -0.0618420914 0.0102765318
v -0.0436316542 -0.0639215261 0.0159962419
v -0.0415151455 -0.0684855506 0.0170250088
v -0.0423090979 -0.062136285 0.0175300371
v -0.0421919189 -0.0603493676 0.0121456422
v -0.039978046 -0.0598578788 0.0182182211
v -0.0381068736 -0.0612969249 0.0153582636
v -0.0383200757 -0.0632450432 0.0179003607
v -0.0347457863 -0.074873805 0.0330912396
v -0.0366859697 -0.0580541082 0.0137752034
v -0.0460653119 -0.0559219792 0.00320892292
v -0.043596182 -0.0533003993 0.0121040493
v -0.0404466838 -0.0601556152 0.00443167333
v -0.0423125699 -0.0603695065 0.00739088422
v -0.0372727625 -0.0591213852 0.0120714977
v -0.0376608483 -0.0477573872 0.011062854
v -0.0395490415 -0.056880556 0.0142731061
v -0.0399769768 -0.0549752079 0.0194880087
v -0.0403590277 -0.0469944328 0.0129075032
v -0.0404674485 -0.051026471 0.0168792326
v -0.0385670625 -0.0587927811 0.0158846583
v -0.0378897898 -0.0577844493 0.0181588642
v -0.0375290811 -0.050910227 0.0125628747
v -0.0346030705 -0.0652656108 0.0120209437
v -0.0343761928 -0.0629483089 0.0109995054
v -0.035505563 -0.0620783716 0.0131219048
v 0.0123768188 -0.0625614673 0.0161880068
v -0.0176469386 -0.0549852587 0.0195360743
vn -0.4770927 -0.5388683 0.6942648
vn 0.1527704 0.3175414 0.9358572
vn 0.06522043 0.3349191 0.9399871
vn 0.09448571 -0.01255456 0.995447
vn 0.09895596 0.4257719 0.8994032
vn 0.1460271 0.2641504 0.9533628
vn 0.04171618 0.244594 0.9687278
vn 0.02186839 0.1852357 0.9824507
vn 0.9992771 -0.0360274 -0.01213069
vn 0.9907148 0.1349935 -0.0161496
vn 0.9973311 0.00442577 0.07287616
vn 0.9837288 -0.1796385 0.002784715
vn 0.9957165 -0.05566574 0.07382526
vn 0.9434016 -0.3122661 -0.1117283
vn 0.2310585 0.2344934 0.9442588
vn -0.4891785 -0.8310038 -0.2648339
vn -0.2974647 -0.9465404 -0.1248041
vn -0.3351404 -0.9323694 -0.1355296
vn -0.330238 -0.08552022 -0.9400155
vn -0.4212996 -0.3328632 -0.8436283
vn -0.3102016 -0.1662688 -0.936018
vn 0.01304821 -0.9999119 0.002439632
vn 0.03298916 -0.9973688 0.06455433
vn 0.01326528 -0.9995918 -0.02530663
vn -0.7493049 0.3298216 -0.5742473
vn -0.9522089 0.06394941 -0.2986782
vn 0.2048936 -0.08828251 0.9747947
vn 0.3247992 -0.1875131 0.9270083
vn 0.7155499 -0.05042189 0.6967394
vn -0.2621512 -0.9524423 -0.1553394
vn 0.5672967 -0.5780276 0.5865651
vn 0.5754406 -0.7626635 0.2953178
vn 0.7938322 -0.5792938 0.1850652
vn 0.07419316 0.9965634 0.0368327
vn 0.09145746 0.9950288 0.03941093
vn 0.1014462 0.9936145 0.0493849
vn 0.9913041 -0.0241601 0.1293543
vn 0.03093785 0.9992367 0.02384875
vn 0.03625945 -0.3913707 0.9195185
vn 0.09308513 -0.3756895 0.9220588
vn 0.03282254 0.2550395 0.9663734
vn -0.06779439 -0.3077336 0.9490542
vn 0.7573426 0.1998112 0.6216974
vn 0.6695764 0.2056915 0.7136936
vn 0.7685673 0.1585306 0.6198164
vn -0.9875285 0.1556183 0.02388216
vn -0.9838064 0.1763435 0.03205979
vn -0.149574 -0.08902549 0.9847345
vn -0.0237526 -0.05060944 0.998436
vn -0.4268026 0.8070377 -0.4080806
vn -0.5175654 0.7546637 -0.4032478
vn -0.9518757 0.1386937 -0.273307
vn 0.09025797 0.893908 0.4390694
vn 0.4579796 0.8235825 0.3346142
vn -0.2193386 0.9742382 0.05244602
vn 0.1338812 0.926523 0.3516118
vn 0.06076349 0.9033384 0.4246027
vn 0.1044132 0.9619899 0.2523357
vn -0.0948054 0.918834 0.3830875
vn 0.1895183 0.8615394 0.4709912
vn -0.2381559 0.9009519 0.3627222
vn 0.007725033 0.3920152 -0.9199263
vn -0.1131867 0.3928037 -0.9126303
vn 0.05100209 0.4034851 -0.9135636
vn -0.3317501 0.3772975 -0.8646319
vn -0.4213954 0.3118705 -0.8515649
vn -0.001076278 0.9627331 0.270451
vn -0.002446934 0.9609112 0.2768458
vn -0.00571724 0.9628003 0.2701535
vn 0.6550819 0.3163469 0.6861431
vn 0.5320896 0.2487539 0.8093221
vn 0.6555144 0.2460262 0.7139831
vn 0.7606809 0.3048924 0.5730665
vn 0.01095579 -0.2827547 0.9591297
vn 0.1594447 -0.00141426 0.9872058
vn -0.1645392 -0.3689976 0.91475
vn 0.3237456 0.269836 0.9068503
vn 0.4905606 0.2360566 0.8388252
vn 0.5335509 0.208688 0.8196174
vn -0.001128499 0.9679002 0.2513323
vn -0.004895565 0.9616805 0.2741291
vn -0.005651648 0.9609522 0.2766566
vn -0.6124898 0.2673983 -0.7438781
vn -0.4663962 0.1309333 -0.874832
vn 0.3825299 0.2577567 0.8872612
vn 0.3248751 0.246693 0.9130163
vn 0.4573322 0.2299665 0.8590475
vn -0.4755361 0.3046367 -0.8252648
vn -0.5133303 0.3643377 -0.7770135
vn 0.09086679 0.5234048 0.8472252
vn -0.6211696 0.281004 -0.7315635
vn 0.1936137 0.2711643 0.9428594
vn 0.5212189 0.2774758 0.8070552
vn -0.00243926 0.9613854 0.2751946
vn 0.5909212 0.2121034 0.7783472
vn -0.3382396 -0.2941911 0.8938935
vn -0.2769201 -0.3444098 0.8970491
vn 0.06081098 0.4465072 0.8927112
vn 0.6873212 0.184812 0.7024487
vn -0.1794804 -0.6572767 0.7319659
vn -0.08154564 -0.732474 0.6758935
vn -0.1000317 -0.7231975 0.6833587
vn 0.3321151 -0.1638395 0.9289005
vn 0.2599769 -0.1156625 0.9586627
vn -0.05419904 -0.7544033 0.6541699
vn 0.4224312 -0.03622058 0.9056711
vn 0.5852129 0.8055084 0.09317864
vn 0.5842905 0.8061876 0.09309264
vn 0.9327807 0.3028743 0.1954157
vn -0.3251928 -0.2168141 0.9204571
vn 0.2241808 0.2761038 0.9346174
vn 0.5897645 0.1934447 0.7840645
vn 0.8235214 0.2760675 0.4955796
vn 0.2279229 0.02828594 0.9732682
vn 0.4153496 0.2742513 0.8673356
vn 0.08140054 -0.1833791 0.9796663
vn 0.1031041 -0.1470114 0.9837465
vn 0.1200486 -0.1182115 0.9857051
vn 0.2032499 -0.8374731 0.5072755
vn 0.1273251 -0.8246318 0.5511541
vn 0.201295 -0.9118816 0.3577043
vn -0.9960958 -0.07884242 -0.03971159
vn -0.9919443 0.1201766 0.04004946
vn -0.9685166 0.1488011 -0.1995842
vn 0.9875644 0.06680997 0.1423123
vn 0.95401 0.1291386 0.2705332
vn 0.8021631 0.2879888 0.523065
vn -0.9220411 0.3644706 -0.13039
vn -0.9238673 0.1301559 -0.3599009
vn 0.4805159 -0.8750349 -0.05846684
vn 0.4897623 -0.8698362 -0.05931188
vn -0.1428028 -0.3417698 0.9288707
vn -0.09388026 -0.2468868 0.9644861
vn -0.03582534 -0.133268 0.9904323
vn 6.033117e-05 -0.06250781 0.9980444
vn -0.70157 -0.635554 -0.3222897
vn 0.004953415 0.999893 0.01376254
vn 0.2179203 0.8683168 0.4455745
vn 0.001238824 0.9339177 0.3574859
vn 0.2788005 0.7945801 0.5393633
vn 0.3720278 0.8036338 0.4645082
vn 0.4192248 0.6827211 0.59845
vn 0.05442588 0.9535739 0.2962001
vn -0.1097683 0.9372963 0.330797
vn 0.03943433 0.963703 0.2640484
vn 0.0007550184 0.960833 0.277127
vn 0.8556461 0.438115 -0.2755449
vn 0.8405038 0.4458458 -0.3078554
vn 0.8821843 0.4515411 -0.1336469
vn -0.7882794 0.3638152 0.4962398
vn -0.9052182 0.2715513 0.3268635
vn -0.9112478 0.2923448 0.2901069
vn -0.3187536 0.4911848 0.8106377
vn 0.2307472 0.9341602 0.2722139
vn 0.3349514 0.9305419 0.1479841
vn 0.08769425 0.9676145 0.236711
vn 0.5943031 0.789636 0.152574
vn -0.9782307 0.1114626 0.1750451
vn -0.9619194 0.124066 0.2435543
vn -0.9915802 0.1008399 0.08123909
vn -0.967341 0.1094398 0.2286358
vn -0.247231 0.8286499 0.5022113
vn -0.8805312 0.237701 -0.4100767
vn -0.8947396 0.2277168 -0.3841694
vn -0.8371333 0.4680413 -0.2830993
vn 0.3632643 0.8824806 -0.2987757
vn -0.9429709 0.1752555 -0.2830043
vn -0.9413639 0.2216132 -0.2544046
vn -0.8133425 0.2470057 -0.5267469
vn 0.8178365 0.4131663 0.4005459
vn 0.8751788 0.3251741 0.3582233
vn 0.9294834 0.2500954 0.2711325
vn 0.8912755 0.4034451 0.2070271
vn 0.9882231 0.1493427 -0.03334302
vn 0.9999924 0.003555429 -0.001588801
vn 0.960111 0.2465232 0.131959
vn 0.9962367 0.07394981 0.04520852
vn 0.9611459 0.1826336 0.2069866
vn 0.9669193 0.2391922 0.08862381
vn 0.7368945 -0.5929753 -0.3246028
vn -0.8340225 -0.3719446 -0.4075093
vn -0.8518347 -0.4097871 -0.3262703
vn -0.8984169 -0.2543894 -0.3579568
vn -0.1726015 -0.9150371 0.3645761
vn -0.8581393 -0.2815976 -0.4293014
vn -0.8140401 -0.4214862 -0.39961
vn 0.6163393 0.3557608 -0.7025383
vn 0.9854352 -0.0217543 -0.1686538
vn 0.9980816 -0.03917255 -0.04794592
vn 0.9997202 0.0007845353 -0.02364522
vn 0.991081 0.07087325 0.1128516
vn 0.3167981 0.5677153 -0.7598279
vn 0.0002992203 0.9607246 0.2775034
vn 0.002508636 0.9643907 0.2644698
vn -0.004786291 0.9619264 0.2732665
vn 0.007577506 0.9783339 0.2068948
vn -0.0004112463 0.975363 0.220606
vn 0.01500123 0.9955861 0.09264605
vn 0.01999161 0.9954863 0.09277534
vn 0.4077762 0.9115772 -0.0523982
vn 0.02532434 0.9996533 -0.007202111
vn -0.3800417 0.8955255 0.2315217
vn 0.7655047 0.6428128 0.02818266
vn 0.7740995 0.6262147 0.0928716
vn 0.8691453 0.2167656 0.4445211
vn -0.8670296 -0.4586869 -0.1945915
vn -0.7600964 -0.3909486 -0.5190498
vn -0.7464898 -0.4099723 -0.5240951
vn -0.8418692 -0.2796416 -0.4615809
vn 0.786155 0.3699916 0.4950421
vn 0.809427 0.4387301 0.3903124
vn 0.8441936 0.5000097 0.1932028
vn 0.8173673 0.5177302 0.2527176
vn 0.9992076 -0.001724735 0.0397678
vn 0.9983656 0.04829831 -0.03055002
vn 0.9952628 0.06697867 -0.07046872
vn -0.9297587 -0.2712561 -0.2489352
vn -0.8911376 -0.4365545 -0.1236684
vn -0.9196224 -0.3495887 -0.1791153
vn 0.9438431 0.3177342 0.09058154
vn 0.9935833 -0.1129608 -0.005668035
vn 0.9449602 -0.2869915 -0.1571182
vn -0.515462 -0.3764405 -0.7697995
vn 0.3592586 -0.9324116 0.03926842
vn -0.7561875 -0.650319 -0.07256493
vn -0.8311313 -0.5266746 -0.1784221
vn -0.6956778 -0.7162079 -0.05548624
vn 0.9516249 0.1517062 0.2671989
vn 0.9179279 0.1699489 0.358505
vn 0.943226 0.2448533 0.224436
vn 0.9464531 0.1394223 0.2911838
vn 0.9407519 0.2214458 0.2568029
vn 0.9851725 0.1336528 0.107573
vn 0.9351865 0.1071739 0.33755
vn -0.8431305 -0.1519006 -0.5158073
vn -0.8746724 -0.1417218 -0.4635332
vn -0.8425167 -0.1329159 -0.5220144
vn 0.9315755 0.3078077 0.1934464
vn 0.9295583 0.3486596 0.1198245
vn 0.9059529 0.4089893 0.1094402
vn -0.8383797 -0.2153279 -0.5007527
vn -0.8723367 -0.2120832 -0.4405105
vn 0.01714043 0.01517752 -0.999738
vn 0.03748534 0.05811163 -0.997606
vn 0.2659914 0.008135688 -0.963941
vn -0.7436247 -0.07296433 -0.664604
vn 0.8561477 0.1410754 0.4971004
vn 0.8196886 0.1986859 0.5372471
vn 0.3592755 -0.5090656 -0.7821594
vn 0.3364237 -0.538007 -0.7728957
vn 0.479513 -0.4451836 -0.7562267
vn 0.9054982 0.2197566 0.3630154
vn 0.9061028 0.1437107 0.3979007
vn 0.938806 0.1537756 0.308215
vn 0.9571363 0.1877635 0.2205337
vn -0.9408673 -0.1560469 -0.300696
vn -0.9110068 -0.1550337 -0.3821401
vn -0.9512383 -0.2536092 -0.1755792
vn -0.9407302 -0.2119351 -0.2647831
vn 0.9484903 0.2604416 0.1803781
vn -0.7378517 -0.1610562 -0.6554661
vn -0.5086616 -0.02128744 -0.8607033
vn -0.5162851 -0.05294808 -0.8547785
vn 0.9854528 0.1464329 -0.08625574
vn 0.9854399 0.1526175 -0.07494107
vn -0.8541084 -0.1667589 -0.4926362
vn 0.8046789 0.09615262 0.5858724
vn 0.8685116 0.09285181 0.4868943
vn -0.2920378 -0.2088743 0.9333196
vn -0.2699123 -0.1628227 0.9490185
vn -0.3462688 -0.1192705 0.9305226
vn -0.3945969 -0.1059995 0.9127197
vn -0.236577 -0.1655337 0.9574079
vn 0.6458545 0.1861877 0.7404094
vn 0.6784495 0.1406105 0.7210652
vn 0.6452777 0.1616138 0.7466577
vn 0.5650336 0.2216367 0.7947415
vn 0.7385998 0.1539314 0.6563349
vn 0.3244868 -0.06112502 0.9439132
vn 0.3300001 0.0467895 0.9428205
vn -0.02481755 0.005972067 0.9996741
vn 0.8794701 0.04460156 0.4738599
vn 0.581227 0.002228525 0.8137383
vn 0.8470909 0.002969631 0.5314397
vn 0.8230033 0.04133429 0.5665308
vn 0.7064705 0.1152925 0.6982886
vn 0.7106015 0.1105557 0.6948546
vn 0.6768325 0.05572667 0.7340248
vn 0.2998389 -0.1265529 0.9455586
vn 0.001265244 -0.1585328 0.9873529
vn 0.0004739908 -0.2308556 0.9729879
vn -0.002656199 -0.04288542 0.9990765
vn 0.01597995 -0.3185785 0.9477618
vn 0.009221936 -0.2751666 0.9613523
vn 0.01214713 -0.285293 0.9583634
vn 0.358695 0.04144542 0.9325343
vn 0.09972612 -0.009259016 0.9949719
vn 0.6782794 0.028817 0.7342389
vn 0.636822 0.09112559 0.7656068
vn 0.008228953 -0.3327752 0.9429702
vn 0.01595357 -0.3785571 0.9254404
vn 0.01163043 -0.3574103 0.933875
vn -0.2349905 -0.06661335 -0.9697124
vn 0.2277991 0.2421289 -0.9431231
vn 0.4758165 -0.1771025 -0.8615296
vn 0.05601891 -0.002793604 0.9984258
vn 0.04148234 -0.055485 0.9975974
vn 0.3921419 0.04693194 0.9187068
vn 0.6129317 -0.05369303 0.7883095
vn 0.7009409 0.711731 0.04605346
vn 0.580969 0.8135564 0.02451452
vn 0.3470367 0.852683 0.3905089
vn 0.2976286 0.3073178 0.9038656
vn 0.4965723 0.5064777 0.7049088
vn 0.2351756 0.6594394 0.7140252
vn 0.6045896 0.09503468 0.7908476
vn 0.6028311 0.1062365 0.7907646
vn 0.488008 0.2877001 0.8240612
vn 0.6145457 -0.05600027 0.7868911
vn 0.9242517 0.3811045 0.02276483
vn 0.8558278 0.3489458 0.381832
vn 0.9948866 0.0978675 0.02495131
vn -0.1305195 -0.1675432 -0.9771867
vn -0.01596703 0.5761539 -0.8171853
vn 0.9961542 -0.01745814 0.0858603
vn 0.9923601 -0.1164169 0.04084797
vn 0.849169 0.1401375 0.5091891
vn 0.989516 0.09784868 0.1062246
vn 0.4114604 0.3717402 0.8321716
vn 0.5623634 0.2036368 0.8014234
vn 0.9997667 -0.01238 -0.01769662
vn 0.996682 -0.0550423 -0.05996122
vn 0.219303 0.9751264 0.03216593
vn 0.1141937 0.9719142 0.2057729
vn 0.3518267 0.9354668 0.03346154
vn 0.2800518 0.4620407 0.8414805
vn 0.2612099 0.4635405 0.8466992
vn 0.1737001 0.4860226 0.8565105
vn 0.7017128 0.1115603 0.7036714
vn 0.7740577 0.6325108 0.02765377
vn 0.446624 0.1767103 0.8770978
vn 0.1798428 0.4904213 0.8527272
vn 0.0219557 0.02462005 0.9994558
vn 0.003234699 -0.7089164 0.705285
vn -0.003866752 -0.6610136 0.7503639
vn 0.003711141 -0.7120225 0.7021468
vn 0.01608923 -0.9602176 -0.2787889
vn 0.01021271 -0.9723227 -0.2334187
vn 0.01669767 -0.9588367 -0.2834666
vn -0.009156143 -0.9277145 0.3731784
vn 0.007575436 -0.994166 0.1075941
vn -0.01104654 -0.8927767 0.4503641
vn 0.008887548 -0.9957233 0.09195638
vn -0.0009740994 -0.9887077 0.149854
vn 0.9926753 -0.00134884 0.1208054
vn 0.9946465 -0.0002760447 0.1033355
vn -0.5356291 -0.0531311 -0.8427804
vn -0.5430975 -0.04060109 -0.8386875
vn 0.9439908 0.08564229 0.3186638
vn 0.952742 0.06652305 0.2964073
vn 0.9685709 0.0839585 0.2341393
vn -0.9669728 -0.1054827 -0.2320278
vn -0.9696923 -0.04577828 -0.2400023
vn -0.9433069 -0.08804387 -0.3200318
vn -0.9107295 -0.08669807 -0.4038011
vn -0.9184451 -0.04359365 -0.3931389
vn -0.7629014 -0.04801775 -0.6447292
vn 0.9129682 0.08966757 0.3980564
vn 0.9221483 0.03887052 0.3848788
vn 0.9475101 0.09419298 0.3055363
vn 0.9673628 0.1157742 0.2254011
vn -0.645533 -0.08503048 -0.7589841
vn 0.987758 0.1064584 -0.1140205
vn 0.9029841 0.1042994 -0.4168228
vn 0.970016 0.06894362 -0.2330572
vn 0.989727 0.1353828 -0.04595572
vn 0.9453989 0.05333111 0.3215224
vn 0.9694661 0.04440404 0.2411713
vn 0.9230277 0.1087117 0.369055
vn 0.9343783 0.06652859 0.3500158
vn 0.9236948 0.07057473 0.3765726
vn 0.9898033 0.08491614 0.1143618
vn -0.603476 -0.04806966 -0.7959309
vn 0.9475434 0.04661094 -0.3162105
vn 0.9878331 0.04044037 -0.1501669
vn -0.370576 -0.02607123 -0.9284362
vn -0.8786979 -0.0131526 -0.4771969
vn -0.5533164 0.007989473 -0.8329329
vn 0.9928712 -0.00773069 0.1189413
vn 0.9452375 0.05817405 0.3211571
vn 0.9999425 -0.007352522 -0.007805153
vn 0.06955017 -0.8488404 -0.5240541
vn 0.02580784 -0.9609902 -0.2753757
vn 0.04535475 -0.7881796 -0.6137718
vn 0.07663593 -0.6941792 -0.715711
vn 0.07111426 -0.5709381 -0.8179075
vn 0.08017853 -0.5497131 -0.8314968
vn 0.05699323 -0.9941651 -0.09158348
vn 0.02137891 -0.9973744 0.0691904
vn 0.04189049 -0.9342526 0.3541431
vn 0.988197 -0.1521832 -0.01751703
vn 0.9995323 -0.02651989 -0.01522597
vn 0.9994194 -0.03275007 0.009399792
vn 0.899308 -0.1829497 0.3972085
vn 0.1184697 -0.8119211 0.5716197
vn 0.5869437 -0.5423329 0.6011424
vn -0.9227531 0.002918247 -0.3853807
vn 0.9356446 0.01093751 -0.3527742
vn 0.9973992 -0.02104471 -0.06893479
vn 0.9994651 0.006150146 -0.03211873
vn 0.06886487 -0.3441209 -0.9363965
vn 0.08605268 -0.1602569 -0.9833172
vn 0.979808 -0.11515 -0.1634528
vn 0.9654002 -0.1437697 -0.2175612
vn 0.9998649 -0.01259992 -0.01055255
vn 0.966504 0.001884918 0.2566444
vn 0.9475302 0.001997113 0.31966
vn 0.02676784 -0.9175443 0.3967315
vn 0.02181742 -0.7942509 0.6071981
vn 0.009627808 -0.5909669 0.8066384
vn 0.9195778 0.001988356 0.3929031
vn 0.03611546 0.2940218 0.9551162
vn -0.03870576 -0.03444509 0.9986568
vn 0.03738875 0.06312536 0.997305
vn 0.0180675 -0.8668423 0.4982549
vn 0.04079155 0.2907169 0.9559392
vn -0.003413849 0.9649102 0.2625577
vn -0.006289804 0.9661818 0.2577856
vn -0.1175528 0.7118218 0.6924529
vn 0.1876541 0.1165632 -0.9752943
vn 0.2071182 0.416729 -0.8851209
vn 0.4873495 0.4069227 -0.7725958
vn 0.4029051 0.9108451 -0.08960272
vn -0.06606681 0.9078808 0.4139899
vn 0.5622796 0.3897243 -0.7293535
vn 0.4651673 0.348177 -0.8138748
vn 0.6130035 0.3885894 -0.6879135
vn -0.2131052 0.3295682 0.9197668
vn -0.0768798 0.3054352 0.9491042
vn 0.07942029 -0.6681792 0.7397492
vn 0.01764017 -0.6036059 0.7970877
vn -0.2958763 0.5364808 0.7903453
vn -0.1470983 0.3398316 0.9289115
vn -0.08871826 0.3078899 0.9472766
vn -0.12847 0.2661951 0.9553196
vn -0.003270474 -0.9972441 0.0741193
vn -0.1783091 -0.9505393 0.2543246
vn -0.009053743 -0.9993695 0.03433257
vn -0.2035751 -0.495716 0.8442883
vn -0.005341609 -0.9909445 0.1341662
vn -0.4217881 0.03488754 0.906023
vn 0.4092538 0.187134 -0.8930242
vn 0.2506442 0.2844125 -0.9253578
vn -0.32533 0.5066184 0.7984348
vn -0.1725975 0.7052437 0.6876346
vn 0.3639407 0.3004001 -0.8816501
vn -0.3969904 0.4397055 0.8056412
vn 0.3671134 0.3149976 -0.8752167
vn -0.003903829 0.32315 0.9463397
vn 0.0723205 0.3876854 0.9189503
vn 0.109721 0.3906631 0.9139714
vn -0.4763211 0.8232586 0.3088096
vn -0.3569246 0.4023406 0.8430462
vn -0.003252483 0.9614139 0.2750868
vn -0.0004707091 0.9621984 0.272349
vn 0.0009544482 0.9621427 0.2725445
vn 0.998087 0.06041716 0.01312483
vn 0.9947692 0.09502956 0.03746571
vn 0.9978701 0.05853778 0.02878616
vn -0.1342683 -0.7383876 0.660875
vn -0.1779508 -0.8261673 0.5345849
vn -0.1937702 -0.8040636 0.5620809
vn -0.2262193 -0.8461043 0.4826307
vn -0.2589807 -0.8129991 0.5214992
vn 0.00272107 0.9215027 0.3883625
vn -0.001798291 0.9520257 0.3060127
vn 0.002768549 -0.8870097 0.4617425
vn -0.3167877 -0.8788899 0.3566484
vn -0.03537835 0.2860909 0.9575492
vn -0.06301222 0.3089602 0.9489852
vn 0.04067501 0.9977396 0.05349053
vn 0.08427483 0.995988 0.03009485
vn -0.9919809 -0.1263878 -0.0001116624
vn -0.9754511 -0.2193142 -0.01990693
vn -0.9004813 0.3195388 0.2950056
vn 0.4541829 -0.7720302 -0.4446204
vn 0.2068354 -0.9607447 -0.184902
vn 0.2786898 -0.9390379 -0.2013446
vn -0.6059746 -0.7952752 -0.01822892
vn -0.5959495 -0.8028607 -0.01609193
vn -0.6046429 -0.792284 0.08181188
vn 0.180686 -0.9806342 -0.07555908
vn -0.1804087 -0.9775147 0.1091683
vn -0.06336626 0.9977217 0.02315625
vn -0.1791639 0.9815272 0.06711712
vn -0.01215895 0.9999191 0.003720603
vn 0.02225548 0.997192 0.07150447
vn -0.311824 0.9451635 0.09711649
vn -0.7411737 0.4114622 0.530434
vn -0.7312731 -0.09764287 0.6750597
vn 0.304527 -0.948343 -0.08893172
vn 0.1674252 -0.9774666 -0.1285606
vn -0.9883434 -0.1454875 0.04483971
vn -0.9996923 0.01330995 0.02093071
vn -0.9995246 -0.02762783 0.01368832
vn 0.7714627 0.6361196 -0.01404388
vn 0.9947785 -0.01135216 -0.1014237
vn 0.9873843 -0.1501509 -0.05026925
vn 0.7805088 -0.5700679 -0.2565705
vn 0.5156105 0.8561433 -0.03412414
vn -0.07993542 0.3974932 0.9141168
vn -0.4235927 -0.8732226 0.2409389
vn -0.5755783 0.8016019 0.1616908
vn 0.04279372 -0.7648517 0.6427833
vn 0.0549422 -0.8690105 0.4917338
vn -0.5926254 0.7551682 0.2802072
vn 0.6652882 -0.6405215 -0.3835672
vn 0.3614767 -0.3246621 0.8740304
vn 0.3577925 -0.363285 0.8602375
vn 0.02075019 -0.219399 0.9754145
vn 0.2969672 -0.4442992 0.8452271
vn 0.7555957 -0.2818386 -0.5913054
vn 0.6413677 -0.3505953 -0.6824443
vn 0.6822787 -0.2712547 -0.6789085
vn -0.9794291 -0.2002399 0.02495273
vn -0.9982716 -0.05717862 -0.01357996
vn -0.9951162 -0.04512432 0.08779244
vn -0.5522692 0.3090886 0.77425
vn -0.7205539 0.2757253 0.6362215
vn -0.1705263 0.0772399 0.9823211
vn 0.04231672 -0.7608327 -0.6475669
vn 0.09012815 -0.5408952 -0.8362472
vn -0.07655052 -0.6811332 -0.7281467
vn 0.7461487 -0.0801365 -0.660939
vn 0.7133504 0.03329559 -0.7000161
vn 0.8488257 -0.2885462 -0.4429853
vn 0.1429162 -0.5390089 -0.8300869
vn 0.6465611 -0.4346542 -0.6269246
vn -0.2829634 0.1031631 0.9535665
vn -0.3679893 0.3454328 0.8632845
vn -0.1660989 0.3509869 0.921531
vn -0.6942323 0.3348386 0.6371222
vn -0.6728942 0.4101485 0.615623
vn -0.7739439 0.3052675 0.5548177
vn -0.3803147 0.3641185 0.8501638
vn -0.2781035 0.3756089 0.8840681
vn -0.8782873 0.1959251 0.4361477
vn -0.9200372 0.1061486 0.3771788
vn -0.8539981 0.1814432 0.4876122
vn 0.1863181 -0.5387433 0.821609
vn 0.1919378 -0.5007039 0.8440708
vn 0.1382881 -0.6322079 0.762358
vn 0.9116539 -0.1033964 -0.3977391
vn 0.9084157 -0.1644945 -0.3843468
vn 0.5332268 -0.2973946 -0.7919759
vn -0.07762225 -0.1291157 0.9885868
vn 0.1273082 -0.3828651 0.9149901
vn -0.5962155 -0.4547065 -0.6616412
vn -0.4345598 0.4040245 0.804936
vn -0.3061781 0.3572905 0.8823823
vn -0.5626887 0.3885718 0.729653
vn -0.5547944 0.4228885 0.7164974
vn -0.568891 0.518214 0.6386057
vn -0.4953324 0.4501772 0.7429578
vn -0.2708703 0.7652694 0.5839453
vn -0.6918913 0.5249922 0.4956506
vn -0.6030305 0.4733338 0.6421131
vn -0.3827851 0.8128532 0.4390275
vn 0.8493119 -0.1877089 -0.493391
vn 0.2105936 -0.3930556 0.8950741
vn -0.3258248 0.2310413 0.916765
vn -0.4745694 0.3636813 0.8015733
vn -0.75223 0.4103048 0.5155578
vn -0.8534267 0.2911147 0.4323368
vn 0.6540068 -0.3552134 -0.667906
vn 0.5975078 -0.2170093 -0.7719399
vn 0.757019 -0.3565828 -0.5475134
vn -0.1435192 -0.8329637 -0.534391
vn -0.6476569 -0.6387334 -0.4154037
vn -0.7982146 -0.3822034 -0.46559
vn -0.8082545 0.2396137 0.5378754
vn -0.8142672 0.5181922 -0.2616217
vn -0.7675485 0.5275136 -0.3641413
vn -0.8251856 0.5308692 -0.1929936
vn -0.02237073 0.9634495 0.2669544
vn -0.8336307 0.5478733 -0.06996268
vn -0.01876219 0.9634163 0.2673516
vn -0.309808 0.9415274 0.1324586
vn -0.03434139 0.9642747 0.2626689
vn -0.2738633 0.9513805 0.1409751
vn 0.6692335 0.3279302 -0.6667745
vn 0.7755947 0.2887628 -0.5613099
vn -0.6808589 0.3160626 0.6607084
vn -0.1273021 0.9175053 0.3767999
vn -0.09657158 0.9404299 0.3259841
vn -0.2448709 0.9103181 0.3337053
vn -0.09364714 0.934513 0.3433888
vn -0.03964699 0.9931046 0.1103237
vn -0.201907 0.9313017 0.3031677
vn 0.8500954 0.2561814 0.4601185
vn 0.8932228 0.1863855 0.4091621
vn 0.8936012 0.1644905 0.4176359
vn 0.9253601 0.1854312 0.3306419
vn 0.6908954 0.3734012 0.61906
vn 0.9785973 0.1696178 0.1165209
vn 0.9870564 0.1590717 -0.02039064
vn 0.9709748 0.2086672 0.1169014
vn 0.9723458 0.1812625 -0.147267
vn -0.1935136 0.9224653 0.3340812
vn -0.4499206 0.8930631 -0.003144332
vn -0.5982286 0.7711584 0.2178009
vn -0.6323247 0.7343334 0.2468196
vn 0.8907462 0.2282647 -0.393022
vn 0.917276 0.1659461 -0.3620313
vn 0.8914908 0.208709 -0.4021004
vn -0.0006302441 0.960681 0.2776538
vn 0.9553974 0.1967844 -0.2202083
vn -0.378375 0.8635491 0.3333397
vn -0.3661202 0.8964483 0.2496728
vn -0.6920354 0.7027439 0.1650393
vn -0.3237347 0.9457965 0.02578447
vn -0.665055 0.7451237 0.04992542
vn -0.597168 -0.7718474 -0.2182701
vn -0.514651 -0.8539717 0.07659429
vn -0.5978609 -0.7702336 -0.2220417
vn -0.974724 0.1920833 0.1140924
vn -0.9752637 0.1835597 0.1231527
vn -0.9491291 0.3083337 -0.06390791
vn -0.7482787 0.06076884 -0.6605953
vn -0.9442016 0.3183675 -0.08441205
vn -0.8121554 0.3337421 -0.4785602
vn -0.8252049 0.5586889 0.08308809
vn -0.8303692 0.5177 0.2060916
vn 0.7472497 -0.4772305 -0.4624598
vn 0.5278028 -0.4206835 -0.7378682
vn 0.5349422 -0.5008565 -0.6804261
vn -0.5399497 -0.1035104 0.8353083
vn -0.8339804 -0.1654689 0.5263998
vn -0.7963526 -0.3624961 0.4841684
vn -0.8815067 0.2432434 -0.4046956
vn -0.6412542 0.1950188 -0.7421325
vn -0.9604836 0.2745166 0.04595465
vn -0.953991 0.2676205 0.1352055
vn -0.9628371 0.2291913 0.1428851
vn 0.6836902 -0.6356059 -0.3585706
vn 0.8081954 -0.5407479 -0.2332639
vn 0.6962625 -0.6601566 -0.281801
vn 0.6773571 -0.5679004 -0.4676285
vn 0.342772 -0.6879923 -0.6396672
vn 0.1312731 -0.8528514 -0.5053829
vn -0.3484053 0.9272019 0.1375152
vn -0.009234212 0.9695144 0.2448605
vn 0.592977 -0.7869204 -0.1706885
vn 0.6324553 -0.7723694 -0.05870001
vn 0.5144424 -0.8570389 -0.02886769
vn -0.02551327 0.991918 0.1242885
vn -0.02331341 0.9994895 0.02184403
vn -0.4920962 0.7832375 0.3799742
vn -0.6855622 0.6705812 0.2834176
vn 0.7027919 -0.6848969 -0.1923535
vn -0.9364418 0.3497545 0.02736149
vn -0.9609093 0.197628 0.1938985
vn 0.7598915 -0.4685626 -0.4505706
vn 0.8725401 -0.3871676 -0.2979513
vn -0.6677496 -0.2431003 -0.7035714
vn -0.4490275 -0.8926286 0.03985552
vn 0.9084033 -0.3801756 -0.1739832
vn 0.9292988 -0.2528746 -0.2691806
vn -0.9713395 -0.1661441 0.1699878
vn -0.9857416 0.0901785 -0.1420609
vn -0.998549 -0.03192398 -0.04336684
vn -0.999522 -0.007553363 -0.02997943
vn 0.9504429 -0.1514948 -0.2714915
vn 0.9655635 -0.06605352 -0.2516426
vn 0.9832187 -0.1097228 -0.1457452
vn -0.8193514 0.4328654 0.3758864
vn -0.9060801 0.2820463 0.3153867
vn -0.9333668 0.3502207 0.07856064
vn -0.9818383 0.1764452 0.0697176
vn -0.9105624 0.3598929 0.2033548
vn -0.9552829 0.2384745 0.1748272
vn -0.9027839 0.1624173 -0.3982483
vn -0.9824675 0.1386707 -0.1246118
vn -0.886494 0.06769976 -0.4577611
vn -0.9389791 0.1700655 0.2989917
vn -0.9801059 0.1255626 0.1537093
vn -0.962826 0.09140421 0.254188
vn 0.9807326 -0.1864314 -0.05837021
vn 0.9960646 -0.07061852 -0.05355641
vn -0.9922963 0.06010699 0.1083282
vn 0.7005692 -0.4652423 -0.5410661
vn -0.9740088 0.1931346 0.1183463
vn -0.9620402 0.2366048 -0.1360028
vn -0.8357819 0.1335921 -0.5325616
vn -0.9795639 0.1992192 0.02768109
vn 0.9678527 -0.2074257 -0.1422524
vn 0.9285886 -0.3636794 -0.07389536
vn -0.2863139 -0.0003412879 0.9581358
vn -0.3573442 0.0004182832 0.9339727
vn -0.9999319 -0.006729044 0.009537205
vn -0.9920661 0.09348201 0.08405839
vn -0.9693771 0.1222395 0.2129919
vn -0.9997492 0.004660844 0.02190412
vn -0.9999204 -0.008607202 0.00922628
vn 0.9956992 0.02015371 0.09042645
vn 0.9970459 0.0487859 0.0593249
vn 0.9936184 0.01953816 0.1110892
vn 0.9975237 0.0531201 0.04609481
vn 0.08361136 0.0155483 0.9963772
vn 0.1446462 -0.06662019 0.9872382
vn 0.1453468 0.01627589 0.9892469
vn -0.8579292 0.4651965 0.218059
vn -0.9390575 0.3209859 0.1230415
vn -0.8817496 0.2341219 0.4095175
vn -0.1127914 0.3942653 0.9120488
vn -0.03860907 0.3777837 0.9250885
vn 0.0399636 0.8667583 0.4971246
vn -0.1620521 0.9603988 0.2266567
vn -0.01275126 0.3683839 0.9295863
vn -0.9998186 -0.01861381 0.004029453
vn -0.9875116 -0.06178321 -0.1449265
vn -0.987423 -0.05679173 -0.1475486
vn -0.501273 -0.01786116 0.8651047
vn -0.9771441 0.1421047 0.1581004
vn -0.9972037 0.03416436 -0.06646477
vn -0.9896787 -0.07244572 0.1236431
vn -0.9602793 -0.1061318 0.2580692
vn -0.988943 -0.1369169 0.05697029
vn 0.04203888 -0.3680247 0.9288652
vn -0.9785067 -0.2027616 0.0375818
vn -0.9982241 -0.05034725 0.03183915
vn -0.9939529 -0.1039191 0.03547437
vn -0.9817778 0.1619931 0.09935079
vn -0.9953985 0.02712244 0.09190381
vn 0.7323829 -0.1715253 -0.6589344
vn 0.8186399 -0.4555511 -0.3497167
vn 0.9746066 -0.01205204 0.2235998
vn 0.9895792 -0.0007872562 0.1439877
vn 0.973399 -0.01278665 0.2287593
vn -0.9931944 0.05775201 0.1011406
vn 0.9347438 -0.04400743 -0.3525868
vn 0.9279157 -0.03252545 -0.3713685
vn 0.9546844 -0.001236752 -0.2976174
vn -0.9108723 -0.01240708 0.4125017
vn -0.9304972 0.03332967 0.3647794
vn -0.8323006 -0.009836058 0.5542373
vn -0.9129002 0.03417853 0.4067493
vn -0.3422359 0.008453891 0.939576
vn -0.5892501 -0.00256108 0.8079466
vn 0.9403157 -0.0006039824 -0.3403026
vn 0.4506504 -0.1229735 0.8841899
vn 0.4445673 -0.09939667 0.8902136
vn 0.4550331 -0.1727284 0.8735616
vn 0.6288325 -0.04632116 0.7761598
vn -0.07768437 -0.04289957 0.9960545
vn 0.3247378 -0.01270752 0.9457187
vn -0.09415019 -0.04971465 0.994316
vn -0.8868793 0.1145978 0.4475629
vn -0.8618283 0.05164476 0.5045638
vn 0.9900634 -0.04644253 -0.1327312
vn 0.9809037 -0.00608716 -0.1943987
vn 0.9939945 -0.00816376 -0.1091251
vn -0.9861716 0.1041461 0.1289153
vn -0.9961797 0.06645662 -0.05665337
vn -0.9734305 0.2282855 -0.01785308
vn -0.01218977 0.001708039 0.9999242
vn -0.4771326 0.02539852 0.8784642
vn -0.2687523 0.01012042 0.9631562
vn 0.9982607 -0.02172778 -0.05480321
vn -0.3455221 -0.13022 -0.9293316
vn -0.9644879 0.2596009 0.04868745
vn -0.977841 0.0001454319 0.2093492
vn -0.9927981 0.05439967 -0.106736
vn -0.9932872 -0.01087931 0.1151611
vn -0.9859375 -0.0009246392 0.1671121
vn -0.9854394 0.03562028 0.1662545
vn 0.9845007 -0.0003183165 -0.1753803
vn -0.9768912 0.01093364 0.2134571
vn -0.9689425 0.000259307 0.2472858
vn -0.9587461 0.01637449 0.2837918
vn -0.6348541 -0.08680058 0.7677408
vn 0.9741492 -0.0007261618 -0.2259046
vn 0.9553111 -0.02435561 -0.2945973
vn 0.9983489 0.01169711 -0.05623741
vn -0.9937013 0.00864574 0.1117268
vn -0.9985346 0.0001888393 0.05411616
vn -0.9984408 -0.01431759 -0.05395306
vn -0.9986165 -0.004351601 0.05240437
vn -0.9876933 -0.006227545 0.1562798
vn -0.9277869 0.02576502 -0.3722199
vn -0.9283479 0.05018593 -0.3683091
vn 0.2441106 0.9667827 -0.07577119
vn 0.01338097 0.9985901 -0.05136916
vn -0.005672645 -0.06481884 -0.9978809
vn -0.01105058 -0.02929885 -0.9995096
vn 0.0007626539 -0.02244845 -0.9997478
vn 0.00750351 0.2682776 -0.9633124
vn 0.05170919 -0.01486001 -0.9985515
vn 0.02730481 0.006778107 -0.9996041
vn -0.0141129 0.08755007 -0.9960601
vn 0.2249852 0.9508548 0.2127364
vn 0.2246162 0.9717417 0.07256474
vn 0.2341434 0.9476727 0.2170099
vn 0.580377 0.7899315 0.1979159
vn 0.563881 0.8227367 0.07171087
vn 0.4150842 0.9060078 0.08279526
vn -0.3150098 -0.9109137 -0.2664678
vn -0.2546549 -0.9306856 -0.2626312
vn -0.4671544 -0.8838452 -0.02417471
vn -0.9813134 -0.08144563 -0.1743289
vn -0.9967427 -0.06299222 -0.05035768
vn -0.960711 -0.006135038 -0.277483
vn -0.1200037 -0.006364719 -0.992753
vn -0.04122933 -0.03431756 -0.9985601
vn -0.1235939 -0.006175048 -0.9923136
vn 0.7191712 -0.001410563 0.6948316
vn 0.7168592 -0.001639225 0.697216
vn 0.6419461 -0.008655779 0.7667009
vn -0.5509077 0.009006547 0.8345175
vn -0.3869727 -0.007191024 0.9220632
vn -0.3933536 -0.00749262 0.9193567
vn -0.9748709 -0.007058007 -0.222659
vn -0.955152 -0.01366275 -0.2958004
vn -0.9405571 -0.009093645 -0.3395138
vn 0.6648856 -0.01698933 -0.746752
vn 0.6605701 -0.0172604 -0.7505661
vn 0.8044322 -0.006928589 -0.594004
vn 0.9849364 -0.1726179 -0.01015745
vn 0.9987645 -0.007526217 -0.04911993
vn 0.9529126 -0.3013378 0.03395862
vn -0.8909885 -0.01026292 -0.4539098
vn -0.8666802 -0.004570444 -0.498843
vn -0.5890383 0.6614927 0.4641782
vn -0.5259243 0.381539 0.7601523
vn 0.8188133 0.4024606 -0.4093534
vn 0.7883683 0.3984069 -0.4687723
vn 0.675413 0.3549123 -0.6464167
vn 0.7343253 0.2806176 -0.6180778
vn -0.2374723 0.9545414 0.1801598
vn -0.3139825 0.8370352 0.4480926
vn -0.27088 0.5924389 0.7587094
vn -0.06152299 0.9924526 0.106079
vn 0.6893851 0.3399422 -0.6396776
vn -0.254731 0.9058833 0.3383601
vn -0.004211153 0.05567616 -0.99844
vn -0.9648131 -0.1249459 -0.2313529
vn 0.07940952 -0.04601682 -0.9957794
vn -0.00953038 -0.02613734 -0.9996129
vn 0.1050161 -0.0571152 -0.992829
vn -0.002717959 -0.009573006 -0.9999505
vn 0.8454593 -0.03695838 -0.5327593
vn 0.8336156 -0.04887797 -0.5501782
vn 0.8696733 -0.01452984 -0.4934139
vn -0.00762039 -0.9834859 -0.180824
vn -0.8158333 -0.07671784 -0.5731757
vn -0.7931731 -0.0955393 -0.6014554
vn -0.8308343 -0.06351343 -0.5528837
vn 0.02701109 0.9951785 -0.09428803
vn 0.03527723 0.9991573 0.0209795
vn 0.01651089 0.998353 0.05494177
vn 0.001858416 0.5276989 -0.8494294
vn 0.1668023 0.3158079 -0.9340462
vn 0.2430318 0.4401211 -0.8644241
vn 0.1083207 0.858578 -0.5011092
vn 0.5128981 0.3162157 -0.7980872
vn 0.3680353 0.3013324 -0.8796299
vn 0.2905397 0.3066727 -0.9063877
vn 0.5329889 0.314641 -0.785445
vn -0.0009587642 0.9625531 0.2710914
vn -0.005466824 -0.00929935 -0.9999418
vn -0.00134238 -0.01102704 -0.9999383
vn -0.8531005 -0.5199166 0.04366253
vn -0.8716484 -0.4872073 -0.05346059
vn -0.7847428 -0.6196227 -0.01570369
vn -0.9902014 0.01706146 0.1386005
vn 0.4725403 0.8790209 -0.06346578
vn 0.9196076 0.3893984 -0.05187217
vn 0.9091667 0.4145945 0.03908225
vn 0.8207955 0.5711261 0.01047428
vn 0.9412441 0.3122827 -0.1286046
vn 0.9140198 0.3888478 -0.1156089
vn 0.7718377 0.6340696 -0.04714134
vn 0.6423885 0.7646136 -0.05199113
vn 0.6655847 0.7463122 0.003891326
vn 0.7878256 0.6141244 0.04671059
vn -0.6769446 -0.7358886 0.01463242
vn -0.6686853 -0.7431465 0.02435493
vn 0.3329279 0.5025869 -0.7978505
vn 0.3153299 0.6396352 -0.7010234
vn 0.2790395 0.2941677 -0.9141128
vn 0.6038564 0.7842636 0.1424357
vn 0.6684182 0.742837 0.0375548
vn -0.4533822 -0.8905511 -0.03692059
vn -0.05906307 -0.9948283 -0.08263324
vn -0.3262254 -0.9446539 -0.03472893
vn 0.5829211 -0.7049373 0.4040622
vn 0.8705852 0.4893335 0.05132319
vn 0.8893275 0.4457913 0.1018171
vn 0.847781 0.5299554 0.02035999
vn 0.8180741 0.5673385 0.09424324
vn 0.9526348 0.2981279 -0.06005643
vn -0.4309068 -0.9023464 -0.009505073
vn -0.1674975 -0.9717569 -0.1662316
vn 0.5619136 0.8264241 -0.03572451
vn -0.3454123 -0.02295139 -0.9381704
vn -0.3518813 -0.02259911 -0.9357718
vn -0.5304719 -0.0120145 -0.8476174
vn 0.8723464 0.4885693 0.01765617
vn -0.9122026 -0.4052342 -0.0605942
vn 0.9635158 0.1609022 0.2138876
vn 0.948954 0.2781194 0.1487812
vn -0.9575922 -0.1934745 -0.2135061
vn -0.9377782 -0.3276148 -0.1150676
vn -0.9594338 -0.2476045 -0.1348288
vn 0.7828767 -0.4068446 -0.4707246
vn -0.9017886 -0.4289117 0.05302873
vn 0.9343207 0.323109 0.1504834
vn 0.6938883 -0.006264369 -0.7200555
vn 0.5833819 0.004899242 -0.8121833
vn 0.5899004 0.004275914 -0.8074647
vn -0.9410667 -0.3322898 -0.06306402
vn 0.913424 0.3999344 0.07555862
vn 0.9455249 0.3148625 0.08272949
vn 0.9723884 0.1840374 0.1434961
vn -0.9623643 -0.259977 -0.07916307
vn 0.9620761 0.2618504 0.07644589
vn 0.9681138 0.2068391 0.1413269
vn 0.9772031 0.1951184 0.08368475
vn -0.8929535 -0.43679 -0.1088504
vn 0.9463665 0.3027218 0.1129154
vn 0.9395419 0.3367372 0.06220158
vn 0.5476317 0.8335293 -0.07299607
vn 0.6384838 0.7655937 -0.07876986
vn 0.7005168 0.7071549 -0.09595858
vn 0.611884 0.7887434 -0.05900744
vn -0.997736 0.06698125 -0.006026257
vn -0.9991768 0.03803794 -0.01410559
vn -0.9993461 0.03268343 -0.01547086
vn 0.2813095 0.2112308 0.9360805
vn -0.9706502 0.2400488 -0.01465356
vn -0.9999287 0.002673682 0.01164099
vn -0.9981401 0.06090381 -0.002637364
vn -0.7512946 -0.6568249 0.06432184
vn -0.9046412 -0.4233861 0.04866701
vn 0.8825741 0.4677742 -0.04743764
vn 0.8337608 0.5516432 -0.0230826
vn -0.8060305 -0.5830898 0.1015927
vn -0.772525 -0.6336486 0.04116635
vn 0.9611585 0.2732446 -0.038881
vn 0.9609793 0.2736658 -0.0403226
vn 0.8769253 0.470785 -0.09676512
vn 0.7773266 0.6204146 -0.1041584
vn 0.8403212 0.5318012 -0.1051083
vn 0.8675363 0.4912541 -0.07778274
vn 0.7697527 0.6342637 -0.07204356
vn 0.9161441 0.3950726 0.06780517
vn 0.8969995 0.4388135 -0.05324205
vn 0.8492474 0.52551 -0.05116728
vn 0.534501 0.8323452 -0.1466634
vn -0.5069197 -0.8230219 -0.2562564
vn -0.4773956 -0.8712832 -0.1138381
vn -0.6274767 -0.7782688 -0.02389171
vn -0.5438703 -0.838915 0.02065872
vn -0.6456666 -0.7630525 0.02942285
vn -0.5466421 -0.8372706 0.01266652
vn -0.05059681 -0.04720149 -0.9976031
vn -0.04188751 -0.06042909 -0.9972932
vn -0.04298852 -0.05875859 -0.9973462
vn -0.07561476 -0.0690888 0.9947408
vn -0.07211828 -0.06947686 0.9949734
vn -0.1360357 -0.1267181 0.9825665
vn -0.0948378 -0.06931046 -0.993077
vn -0.2560964 -0.1132485 -0.9599945
vn -0.07409387 -0.04940446 -0.9960268
vn -0.5962791 -0.7968005 -0.09777629
vn -0.476654 -0.8692635 0.1310802
vn -0.546398 -0.8306357 0.1072088
vn -0.6816511 0.1350538 0.7191051
vn -0.9050202 0.002804275 0.4253591
vn -0.5610049 0.1838679 0.8071344
vn -0.03121688 -0.0369155 -0.9988307
vn -0.008080099 -0.01883167 -0.99979
vn -0.5117031 -0.8581049 -0.04261195
vn -0.5728977 -0.819584 -0.008394459
vn -0.6778687 -0.7327428 -0.05985162
vn -0.8230323 -0.02741697 -0.5673325
vn -0.880403 -0.05370721 -0.4711752
vn -0.9781769 -0.009824708 -0.2075415
vn -0.5906322 -0.8066287 0.02244392
vn -0.678124 -0.7348135 0.01403755
vn -0.5649619 -0.8251166 0.0008725934
vn -0.479149 -0.8777136 0.005939092
vn 0.8953712 0.4282552 -0.1220978
vn -0.6883944 -0.7235429 0.05097671
vn 0.963356 0.2682162 -0.002342273
vn -0.9997521 0.01212585 -0.01866863
vn -0.9999791 -0.002483041 -0.005974216
vn -0.9999598 0.003042975 -0.00843851
vn -0.7658348 -0.6372446 0.08611792
vn -0.07268555 -0.9824188 0.1719594
vn -0.07433122 -0.9839299 0.1623476
vn -0.9993234 -0.01069236 0.03519157
vn -0.8715764 -0.4898634 0.01970777
vn -0.9999585 -0.006655517 0.00622319
vn -0.9995853 -0.0171321 0.023148
vn -0.9999735 -0.004489401 -0.005739056
vn -0.077458 -0.9677504 -0.239707
vn -0.05564838 -0.9378248 -0.342619
vn -0.08113808 -0.9717544 -0.2216074
vn -0.09592988 0.005267789 0.9953742
vn -0.1422838 0.03470828 0.9892173
vn -0.1762077 0.05636309 0.982738
vn -0.9117525 -0.4096809 -0.02947618
vn -0.999861 -0.01666477 0.0003960216
vn -0.9997174 -0.01936483 -0.01379046
vn -0.1028831 -0.9898026 -0.09851762
vn -0.0500859 -0.9345297 -0.3523432
vn -0.110929 -0.9922593 -0.05582448
vn -0.6988105 -0.7115899 0.07282796
vn 0.1865092 -0.9711593 0.1485397
vn -0.08158724 -0.9608914 0.264634
vn -0.0895141 -0.9652218 0.2456298
vn -0.9999147 -0.008894914 0.009559456
vn -0.9974493 -0.06816704 0.02117443
vn -0.9997149 -0.02309207 -0.00607517
vn -0.9993793 -0.03128485 -0.01619828
vn 0.6990395 -0.006819671 -0.7150506
vn -0.8959772 -0.01338555 0.4438982
vn -0.4009528 -0.008881636 0.9160557
vn -0.4344752 0.08166856 0.8969736
vn -0.1298416 0.1383601 -0.9818338
vn -0.2776537 -0.002148794 -0.9606789
vn -0.2748243 -0.002431583 -0.9614914
vn 0.2264587 -0.9651506 -0.1311515
vn 0.2931597 -0.9265348 -0.2357763
vn 0.2711577 -0.9614 -0.04672839
vn -0.9395339 -0.3370095 0.06083377
vn 0.9332359 0.3558056 -0.04973039
vn -0.9044042 -0.4111587 0.1140244
vn -0.9333481 -0.3261086 0.1500485
vn -0.9665199 -0.2470224 0.06942032
vn 0.9337298 0.3298633 -0.139064
vn 0.9101461 0.3983338 -0.1138605
vn 0.9435368 0.29945 -0.141662
vn 0.9589993 0.2219987 -0.1761731
vn 0.9638848 0.2049584 -0.1700532
vn 0.9440913 0.3287498 -0.02480356
vn 0.9702215 0.2389761 -0.03950644
vn 0.9429547 0.3104224 -0.1203099
vn 0.962628 0.2627717 -0.06556164
vn -0.1085226 0.0002673251 -0.994094
vn 0.03471269 0.0005109091 -0.9993972
vn -0.006812664 -0.004663033 -0.999966
vn -0.2880961 0.5186369 -0.8049948
vn 0.004268895 0.9548161 -0.2971666
vn 0.005613465 0.3789156 -0.9254142
vn 0.001670052 0.0251386 -0.9996825
vn -0.4472803 -0.8335378 -0.3242763
vn -0.3620238 -0.9317415 0.02822411
vn 0.9984938 -0.05246125 -0.01605985
vn 0.998733 -0.0491203 -0.01092887
vn 0.9986479 -0.05037114 -0.01284961
vn 0.9988444 -0.04735341 -0.008216291
vn -0.4652167 -0.8851964 0.0008420654
vn -0.3943792 -0.9189473 0.0009013942
vn -0.4394171 -0.8982748 0.003891161
vn -0.2898941 -0.832801 -0.4715972
vn -0.4124309 -0.8841295 -0.219581
vn -0.01849458 -0.9834722 -0.1801125
vn 0.04885107 -0.9981768 -0.03544974
vn 0.0007338389 -0.999271 -0.0381708
vn 0.1153961 -0.07847398 0.990215
vn 0.03852058 -0.0442984 0.9982754
vn 0.02728119 -0.07867271 0.9965271
vn -0.9802145 0.03139025 -0.1954335
vn -0.9413157 0.08679616 -0.3261766
vn -0.6823597 0.01222668 -0.7309143
vn -0.1165584 -0.9917591 0.05317951
vn -0.09615777 -0.9953101 -0.01055583
vn 0.01740171 -0.9998424 0.003513243
vn -0.1346037 -0.9908502 -0.009889605
vn -0.2630313 -0.9629086 0.06017847
vn -0.1719785 0.9850927 -0.003976827
vn -0.6160542 0.7876998 -0.00249191
vn -0.06053607 0.9966194 -0.05554387
vn -0.1915749 -0.9709259 0.1435338
vn -0.2958426 -0.9551502 0.01285203
vn 0.3738685 -0.9256842 0.0577172
vn 0.3469631 -0.9362829 0.05468887
vn 0.09014864 -0.9957643 0.01807452
vn -0.3490793 -0.9370663 -0.007103674
vn 0.6867519 -0.7239766 -0.06503533
vn 0.1413268 -0.9681177 0.2068208
vn -0.9025946 -0.4304889 -0.001467564
vn -0.9722744 -0.2240083 0.06710108
vn -0.9372422 -0.3268119 0.1215359
vn -0.1147714 -0.9745731 0.1924446
vn -0.03300538 0.9982674 -0.04871206
vn -0.03287992 0.9961599 -0.08114372
vn -0.04383347 0.8911479 -0.4515905
vn -0.002379908 0.1081469 -0.994132
vn -0.01126238 0.1339746 -0.9909207
vn 0.02376039 0.0316942 -0.9992152
vn 0.01474627 0.9954678 0.0939487
vn -0.01702914 0.9988262 -0.0453458
vn 0.0006767425 0.9764283 0.215841
vn 0.9994501 -0.03313855 0.001064573
vn 0.9868915 -0.1597269 -0.02307554
vn 0.9988958 -0.04442637 -0.01527588
vn 0.3599318 0.9062817 -0.2215912
vn 0.05993608 -0.07337888 -0.9955015
vn 0.01214073 -0.04350304 -0.9989795
vn -0.01954889 -0.01065414 -0.9997521
vn -0.04599535 0.9989415 -0.0006515036
vn -0.06989332 0.9966955 0.04138916
vn -0.3095385 0.9508702 -0.005637527
vn 0.6002896 0.7432276 -0.2954071
vn 0.6224756 0.6415165 -0.4483088
vn 0.6256175 0.5755556 -0.5266294
vn 0.9918426 -0.1243676 0.0279471
vn 0.9994123 -0.01944393 -0.02823001
vn 0.9995019 -0.02832068 -0.01392544
vn 0.9896552 -0.1361625 0.04519157
vn 0.8635722 -0.4767935 0.1640458
vn 0.0548945 -0.06740873 0.9962141
vn 0.007687978 -0.04342482 0.9990271
vn -0.01671058 -0.06490048 0.9977518
vn 0.05221349 -0.7175829 0.6945133
vn -0.4984767 -0.8656037 -0.04744567
vn -0.5034103 -0.8629726 -0.04308488
vn 0.1533972 -0.06846122 0.9857903
vn 0.1733928 -0.07708498 0.9818314
vn 0.1824283 -0.08098146 0.9798785
vn -0.102243 -0.988179 -0.1142313
vn -0.1143204 -0.889705 -0.4419908
vn -0.0001723917 -0.9845638 -0.1750263
vn 0.2765226 -0.03234963 -0.9604627
vn 0.2573981 -0.02040962 -0.9660899
vn 0.2873183 -0.03912339 -0.9570358
vn -0.02587155 -0.983425 -0.17946
vn -0.07122005 -0.9934406 -0.08946191
vn -0.1493388 -0.8680429 -0.4734972
vn -0.0991481 -0.9926103 0.06996071
vn 0.5517967 -0.2631277 -0.7913812
vn 0.5780069 0.02730023 -0.8155751
vn 0.6087684 -0.1591801 -0.7772147
vn 0.06019307 -0.996412 -0.05949723
vn 0.09041751 -0.9933336 -0.07150556
vn 0.1218932 -0.9889849 -0.08397046
vn -0.8791493 -0.4466425 -0.1661529
vn -0.9939294 -0.1094017 -0.01164601
vn -0.9873115 -0.1512869 -0.0482529
vn 0.3504226 -0.3008188 -0.8869679
vn 0.5235965 0.1745529 -0.8338932
vn 0.2634849 -0.7622111 -0.5912782
vn 0.6065961 0.394803 -0.690052
vn 0.03576422 -0.9993602 0.0003317818
vn 0.9997537 -0.02202268 -0.002775332
vn 0.9421437 -0.3349062 -0.01425434
vn 0.7870778 -0.07501743 0.6122753
vn 0.8353487 -0.5496176 0.01063392
vn 0.9722349 -0.04598814 0.2294435
vn -0.9997564 -0.01326399 0.01764108
vn -0.9998566 -0.01532175 0.007213813
vn 0.2333744 -0.3474335 -0.9081994
vn 0.2520973 -0.3867136 -0.8870736
vn 0.1664059 -0.112814 -0.9795825
vn -0.4819316 0.4609322 0.7451734
vn -0.3876071 0.5766138 0.7192199
vn -0.5217488 0.403965 0.7513924
vn 0.9963905 -0.05892496 -0.06110506
vn 0.9973918 -0.03165189 0.06486699
vn 0.9720644 -0.08815543 0.2175303
vn -0.9608793 -0.2706797 -0.05868185
vn -0.9817213 -0.1466357 -0.1213316
vn -0.9792566 0.02354165 -0.2012514
vn -0.6077168 -0.787375 -0.1035415
vn -0.7463403 -0.6371807 -0.192293
vn -0.4421796 -0.8844932 -0.1488252
vn 0.9086061 0.3114818 -0.2782339
vn 0.9007782 0.3056942 -0.3084636
vn 0.814608 0.5339616 -0.2264921
vn 0.8453929 -0.5240792 -0.1032078
vn 0.7373877 0.6373017 -0.2238437
vn 0.07199167 0.05504277 -0.9958853
vn 0.07201932 0.0550193 -0.9958846
vn 0.08491351 0.04405355 -0.995414
vn 0.1441448 -0.953188 -0.2658101
vn 0.117854 -0.905996 -0.4065487
vn 0.2185256 -0.9536157 -0.2070356
vn -0.9403914 -0.2675819 -0.2099146
vn -0.9340549 -0.01722203 -0.356714
vn -0.9457372 -0.2159047 -0.2428298
vn 0.03334253 0.04234071 -0.9985467
vn 0.0578033 -0.0326427 -0.9977942
vn 0.07700622 -0.04255838 -0.9961219
vn -0.04083163 0.04680528 -0.9980692
vn 0.1813175 -0.06134835 -0.9815092
vn -0.002209119 0.6876303 0.7260576
vn -0.00512047 0.712283 0.7018737
vn -0.001674534 0.6830162 0.7304012
vn -0.1864023 -0.07235444 0.9798056
vn -0.1862637 -0.006035433 0.9824813
vn 0.08154073 -0.1105067 0.9905248
vn 0.004254764 0.9890289 -0.1476605
vn -0.007375618 0.9969313 -0.07793348
vn 0.005585463 0.9960917 -0.08814844
vn -0.02253448 -0.372471 -0.9277703
vn 0.009815654 -0.6832752 -0.730095
vn -0.006155642 -0.3021137 -0.9532521
vn 0.09553409 -0.160583 0.9823881
vn -0.1756385 -0.9832981 -0.04770592
vn 0.3269166 -0.940415 -0.09351574
vn -0.001344242 -0.9960859 0.08838038
vn 0.8684013 -0.4950037 -0.02916437
vn -0.005234189 0.7132297 0.700911
vn 0.7290749 -0.6843813 0.008482917
vn 0.9957594 -0.08668338 -0.03080993
vn 0.9854932 -0.1693424 0.01123728
vn 0.9129094 -0.4042702 -0.0562313
vn -0.9083307 0.03023261 0.4171588
vn -0.2796057 -0.02138405 0.9598767
vn -0.6346666 0.06352407 0.7701707
vn 0.002909115 0.1598362 -0.9871392
vn -0.3298931 0.3320169 -0.8837054
vn -0.1612338 0.2692705 -0.949472
vn -0.01458334 -0.8867904 -0.4619417
vn 0.03055227 0.01172093 -0.9994645
vn 0.02493419 -0.9950953 -0.09572824
vn 0.02967961 -0.9941489 -0.1038614
vn 0.02041497 -0.9959132 -0.08797835
vn 0.03925936 -0.1251753 -0.9913576
vn 0.01049156 0.06525616 -0.9978134
vn 0.003351712 -0.2070441 -0.9783258
vn -0.001159935 -0.9991758 -0.0405759
vn 0.2688034 -0.962325 -0.04093015
vn 0.2176242 -0.9755172 -0.03171627
vn -0.002157951 0.998754 0.04985759
vn 0.001527486 0.996668 0.08155055
vn -0.0219673 -0.9979133 0.06071637
vn -0.1554064 -0.9801573 0.1230464
vn -0.05742522 -0.9876648 0.1456733
vn -0.01467985 -0.9968674 0.0777173
vn 0.1045524 -0.9936606 -0.04132081
vn 0.1666479 -0.9837778 -0.06640621
vn -0.03855678 -0.9459494 -0.3220143
vn 0.006970322 -0.9875015 -0.1574553
vn 0.01656799 -0.9895723 -0.1430803
vn 0.02081101 -0.8081994 -0.5885411
vn -0.03343326 -0.8353754 -0.5486622
vn 0.304983 -0.9472736 0.09827619
vn 0.08256749 -0.9964305 0.01757775
vn 0.2969438 -0.9538766 0.04408843
vn 0.03146319 -0.9987082 0.03989941
vn 0.03527609 -0.8503249 -0.5250745
vn -0.05577582 -0.8684835 -0.4925701
vn -0.1470735 -0.9889028 0.02098956
vn -0.06618605 -0.9639449 -0.2577396
vn -0.8048034 -0.3282049 -0.4945433
vn -0.8566303 0.001193014 -0.5159293
vn -0.8476979 0.1598778 -0.5058136
vn 0.9819507 0.09889823 0.16122
vn 0.9757293 0.2004008 0.08827198
vn -0.9889859 -0.1435517 0.03605437
vn -0.993135 -0.05734664 -0.1019513
vn -0.9829417 -0.163069 -0.08505359
vn -0.9723017 -0.1807997 -0.1481249
vn -0.3485767 -0.9232915 0.1613294
vn -0.5781568 -0.8135118 0.06271579
vn -0.02014306 -0.9839607 0.1772445
vn -0.04451005 -0.9755282 0.2153221
vn 0.01899624 -0.1526013 0.9881052
vn 0.9803773 0.1183206 0.1576727
vn 0.9871605 0.1299153 0.09293082
vn -0.9803796 -0.1166592 -0.1588916
vn 0.9822747 -0.005647662 0.1873623
vn 0.9921644 -0.002275393 0.124919
vn 0.9847121 0.03844138 0.1698948
vn 0.4047535 -0.2692108 0.8738993
vn 0.01330828 0.01140559 0.9998464
vn 0.01529229 -0.2869087 0.9578359
vn 0.9716005 0.04675413 0.2319623
vn 0.9945982 0.03865121 0.09633576
vn 0.9848724 -0.0006688958 0.1732795
vn -0.9846174 -0.04926977 -0.1676334
vn -0.987259 0.002094388 -0.159108
vn -0.9763334 0.002946225 -0.2162506
vn -0.9533489 -0.0003697083 -0.3018705
vn 0.9801041 -0.001964244 0.198474
vn 0.9891152 0.1121528 0.09525169
vn -0.9999986 -0.0006955499 -0.00150609
vn -0.9564392 0.2918871 0.005091729
vn -0.9999918 -0.000729418 -0.003988076
vn 0.993284 0.05491876 0.1018365
vn 0.9949508 -0.00140782 0.1003531
vn 0.9898506 0.1183708 -0.07863985
vn 0.9848553 0.05028369 0.1659267
vn 0.9891883 0.1421957 -0.03587506
vn -0.9743163 -0.1973396 0.1084662
vn -0.9763241 -0.1200913 0.1799147
vn -0.9640243 -0.2116711 0.160787
vn -0.4044352 -0.9124895 0.06160443
vn -0.5831493 -0.8120479 -0.02269379
vn 0.976225 0.1202092 -0.180373
vn 0.9755279 0.1303606 -0.1770633
vn 0.9811626 0.06409538 -0.1822409
vn 0.9792308 0.190493 -0.06942298
vn 0.9656325 0.2002769 -0.1656595
vn 0.976404 0.1214101 -0.1785911
vn 0.9762185 0.1850494 -0.1129341
vn -0.9858444 -0.1140493 0.1228959
vn -0.9822547 -0.0539559 0.1796234
vn -0.3190975 -0.9476443 -0.01212968
vn -0.4717786 -0.8816996 -0.005560452
vn -0.2309793 -0.9729565 0.002027838
vn -0.9959466 -0.0542022 0.07178076
vn -0.9967322 -0.001311297 0.08076673
vn -0.9946756 -3.719419e-05 -0.103055
vn 0.9995469 0.01498018 -0.02611042
vn 0.9903095 0.05002772 -0.129554
vn 0.981836 0.04990376 -0.1830508
vn 0.9909736 0.000965095 -0.1340537
vn -0.9817572 0.0004961411 0.1901385
vn 0.9967303 0.0727344 -0.03519091
vn 0.9852916 -0.0003505872 -0.1708816
vn 0.9817992 0.05167134 -0.182758
vn 0.9905052 0.04952907 -0.1282433
vn 0.9855171 0.1145351 -0.125051
vn 0.9957095 0.05398733 -0.07515324
vn -0.9902146 -0.05160698 0.1296605
vn 0.9856058 0.1125515 -0.126149
vn -0.9740776 -0.1374046 0.1797017
vn 0.1723319 -0.883552 -0.4354741
vn 0.002198695 0.9997372 -0.02281534
vn -0.0257305 0.9981365 -0.05533142
vn -0.03454491 0.9988043 -0.03459076
vn 0.03468607 0.9976937 -0.05834587
vn 0.5152774 0.351837 -0.781473
vn 0.534439 0.3261264 -0.779754
vn 0.9793897 -0.00436655 -0.2019327
vn 0.9946943 -0.004375399 -0.1027819
vn 0.9812875 -0.1113258 -0.1571029
vn -0.1014678 0.3067831 -0.9463553
vn -0.3886556 0.347611 -0.8532956
vn -0.3086128 0.2843294 -0.9076976
vn 0.05612472 0.9101671 0.4104215
vn 0.2173481 0.8508863 0.4782806
vn 0.2661131 0.8676804 0.4198984
vn -0.5106195 0.3043215 -0.8041493
vn -0.5230262 0.3044402 -0.7960904
vn 0.02721245 0.9902646 0.1365122
vn 0.08307267 0.9902889 -0.1114751
vn 0.007817074 0.998785 -0.048655
vn 0.4419149 0.06128293 0.8949613
vn 0.1585882 0.2867747 -0.9447804
vn -0.02679078 0.1429571 -0.9893662
vn -0.0002089627 0.5372732 -0.8434082
vn -0.3531805 -0.009669391 0.9355052
vn -0.6871607 -0.0008261157 0.726505
vn -0.2518624 -0.01397005 0.9676622
vn -0.9955749 -0.01240137 0.09314942
vn -0.999988 -0.004753075 0.001229951
vn -0.9999747 -0.004171044 -0.005745623
vn 0.4169809 -0.01040694 0.9088556
vn 0.1542844 -0.02232981 0.9877741
vn 0.1033817 -0.01287934 0.9945583
vn 0.9737225 -0.08625092 -0.2107727
vn 0.9572313 -0.00469706 -0.2892855
vn 0.02241255 -0.007294181 -0.9997222
vn 0.04465944 0.01524635 -0.9988859
vn 0.04954148 0.002416086 -0.9987692
vn -0.8295798 -0.01008697 -0.558297
vn -0.8263069 -0.01042513 -0.5631235
vn -0.6987273 -0.02166011 -0.7150602
vn -0.9947963 -0.01305633 0.1010433
vn 0.9462426 -0.05064593 -0.3194681
vn -0.2376401 0.9706788 0.03619194
vn -0.3191669 0.9475584 0.01629488
vn -0.3631378 0.9286249 0.07606988
vn 0.2094989 -0.9552791 -0.2086911
vn 0.270926 -0.9190552 -0.286246
vn 0.1616658 -0.9774808 -0.1356301
vn 0.1041165 -0.991574 -0.07707652
vn -0.4637156 -0.8731197 0.1504325
vn 0.01044348 0.0341277 -0.9993629
vn 0.03386034 0.1050116 -0.9938944
vn 0.01656068 0.06569812 -0.9977022
vn -0.2626028 0.858378 0.440712
vn -0.1481955 0.9625501 0.2270143
vn -0.6513084 -0.06578335 -0.7559564
vn -0.8300548 -0.08829187 -0.5506483
vn -0.9155692 -0.07307745 -0.3954652
vn 0.004918593 -0.007338438 -0.999961
vn 0.004242242 -0.01180675 -0.9999213
vn 0.213076 0.950033 0.2281139
vn 0.0046459 0.05966242 -0.9982078
vn -0.05421487 0.9984245 0.01446305
vn -0.147873 0.9886827 0.02529837
vn 0.6133443 0.5578109 0.5591564
vn 0.5421836 0.7015322 0.4624819
vn 0.4715131 0.7371041 0.4841003
vn 0.3794568 0.7957293 0.472046
vn 0.1839007 0.9593005 0.214297
vn 0.2435677 0.9083641 0.3399258
vn -0.6328173 0.3520003 -0.6896652
vn 0.4499578 0.6323428 0.6306191
vn -0.721722 0.348699 -0.597935
vn -0.7865975 0.434623 -0.4385968
vn 0.5263281 -0.01404744 -0.8501654
vn 0.5279427 -0.0139511 -0.8491655
vn 0.4908675 -0.01612329 -0.871085
vn 0.004878551 -0.9873371 -0.1585617
vn 0.001983781 -0.9980795 -0.06191236
vn 0.0008253414 -0.9950844 -0.09902667
vn 0.006000526 0.9684838 0.2490042
vn 0.009436324 -0.007734142 -0.9999256
vn 0.8908553 -0.1656165 -0.4230224
vn 0.9416818 -0.3337173 0.04322178
vn 0.9515488 -0.2948956 -0.08712801
vn -0.9295571 -0.06677509 -0.3625805
vn 0.07981781 0.3025104 -0.9497982
vn -0.2326461 0.3648062 -0.9015499
vn 0.6029967 -0.5148118 -0.6093963
vn -0.8951255 0.4458135 0.0008125431
vn -0.9427666 0.3328396 -0.02022045
vn -0.9596689 0.2810821 0.005339192
vn 0.8595284 -0.4953482 0.1258617
vn -0.9997655 -0.009314211 -0.01955094
vn -0.9249037 0.3790141 0.03002507
vn -0.9310933 -0.3630105 -0.03589626
vn -0.9008325 -0.4326437 -0.03633517
vn -0.9994417 0.02669582 0.02009213
vn -0.9327571 0.3604681 -0.005184878
vn 0.4534063 -0.8911605 0.01598704
vn 0.4135067 -0.9102982 0.01921687
vn 0.3556247 -0.9336612 0.04252017
vn 0.4399735 -0.8974919 0.03052355
vn -0.9594279 0.2816325 0.01346361
vn -0.9144352 0.4044553 -0.01497035
vn 0.01559106 -0.9959016 0.08908883
vn 0.2075694 -0.9743767 0.08663099
vn -0.9325343 0.3610526 -0.004559772
vn -0.9355627 0.3531465 0.003153894
vn -0.5942299 0.8034567 -0.03671809
vn -0.7166719 0.6967414 -0.03054363
vn -0.7908353 0.611948 -0.009957026
vn -0.6527129 0.7570925 -0.02786933
vn -0.7621382 -0.2904726 -0.5785941
vn -0.8496441 0.5262809 -0.03366388
vn -0.0439593 0.9977059 -0.05148449
vn -0.3133112 0.9486569 -0.04343206
vn 0.9944771 0.09758503 -0.03863398
vn 0.9632122 0.2387013 -0.123466
vn 0.987292 0.1522501 -0.04554596
vn 0.8323671 -0.550423 -0.06480487
vn 0.2869027 -0.9559524 0.06198317
vn -0.9455687 -0.3134731 0.08737502
vn -0.9468251 -0.310104 0.08577628
vn -0.9510688 -0.3031534 0.05971628
vn 0.801442 -0.5980177 0.008094052
vn 0.8171613 -0.5732653 -0.06011938
vn 0.9028964 -0.4298578 0.0005541841
vn -0.9587514 -0.2841295 -0.008122279
vn 0.9432002 -0.331321 0.02449141
vn 0.9838295 -0.1788976 -0.008664904
vn 0.9816148 -0.1879845 0.03307854
vn -0.9682305 0.249776 -0.01190113
vn -0.9807456 0.1948277 -0.01343037
vn -0.9598343 0.2805628 0.00162339
vn 0.9930449 -0.1155477 0.02259673
vn -0.9732128 0.227803 -0.03102586
vn -0.9876372 0.156543 0.008193064
vn -0.9947576 0.101628 -0.01135692
vn -0.9980844 0.06093287 0.01071898
vn -0.9900165 0.1376671 -0.03025058
vn 0.9971002 -0.07522348 -0.01151587
vn 0.3314807 -0.0070665 0.9434355
vn 0.4040195 -0.001225673 0.9147496
vn 0.3993172 -0.001610648 0.9168113
vn 0.2808642 -0.000262658 -0.9597475
vn 0.2874762 0.0002903454 -0.9577878
vn 0.177515 -0.008762897 -0.9840791
vn 0.9993589 -0.001230522 0.03578109
vn 0.9994576 -0.006633499 -0.03225654
vn 0.9999761 -0.006755098 -0.001462112
vn 0.2689419 -0.9630484 -0.01442267
vn 0.3983492 -0.9081604 -0.1286952
vn -0.04868632 -0.9982035 -0.03491981
vn -0.6972768 -0.008505622 -0.7167514
vn -0.6232801 -0.003324226 -0.7819915
vn -0.6909546 -0.008419663 -0.7228492
vn 0.1731214 -0.009118452 -0.9848583
vn 0.3282031 -0.007325613 0.9445787
vn 0.9998022 -0.01436545 -0.01374974
vn 0.9999744 -0.006598991 -0.002794021
vn 0.9999727 -0.007242968 0.001460981
vn 0.9990631 -0.0097502 0.04216466
vn 0.9996371 -0.009942638 0.02503785
vn 0.9860587 -0.01073591 0.1660506
vn 0.9814879 -0.007966875 -0.1913584
vn 0.9999444 -0.01036839 -0.00186375
vn 0.9995469 -0.01714794 0.02473851
vn 0.05306564 0.9898096 -0.1321403
vn 0.1019071 0.9930834 -0.05831098
vn 0.3441548 0.9364642 -0.06776601
vn 0.152117 0.9883502 -0.004934425
vn -0.0279637 0.9995708 -0.008731772
vn -0.139423 0.9902326 -0.000784357
vn -0.006080601 0.9941882 -0.107485
vn 0.002490145 0.9999964 -0.0009583272
vn -0.004687581 -0.9999852 -0.002809139
vn 0.9998441 -0.01763511 -0.000800403
vn 0.9967784 -0.04058427 -0.06917942
vn 0.1499558 -0.975163 0.1630041
vn 0.3419578 -0.8978635 0.277319
vn 0.1638737 -0.9750512 0.1497355
vn 0.3291399 -0.9438628 -0.02810634
vn 0.4853131 -0.872624 0.05475965
vn 0.1927443 -0.9812478 0.001491074
vn 0.3426766 -0.915859 -0.2092249
vn 0.07870799 -0.988705 -0.1275437
vn 0.05056206 -0.96623 -0.2526716
vn 0.04618781 -0.961356 -0.2714059
vn 0.06403324 -0.9979251 0.006723769
vn 0.09648538 -0.990465 0.09833491
vn -0.3309461 -0.9429373 -0.03665665
vn 0.004831192 -0.999982 -0.003561766
vn -0.132148 -0.9912288 -0.001548299
vn -0.2702021 -0.9627104 0.01339836
vn -0.03260446 -0.9994035 -0.01139004
vn 0.09987064 -0.9949942 -0.003519325
vn 0.7616602 0.0402853 -0.6467231
vn 0.9177205 -0.02291063 -0.3965655
vn 0.9387183 0.03240422 -0.3431589
vn -0.9992063 -0.0396279 0.00402878
vn -0.9993223 -0.03667702 0.003123247
vn -0.9996373 -0.0269325 0.0001335153
vn 0.3431137 -0.9354634 0.08474299
vn -0.87765 -0.4792251 0.008591838
vn -0.879316 -0.4761589 0.008725132
vn -0.7373777 -0.6754802 -0.0008096454
vn -0.03895876 -0.0207769 -0.9990247
vn 0.3500108 -0.01714445 -0.9365887
vn -0.006686328 -0.03962784 -0.9991922
vn 0.1384681 -0.06920363 -0.9879461
vn 0.1167876 -0.9841798 0.1332322
vn -0.9988812 -0.03526754 0.03150317
vn -0.9988776 -0.04254446 0.02081959
vn -0.9984718 -0.02224308 0.05059031
vn 0.0008594143 -0.05358265 0.9985631
vn 0.00534434 -0.04966577 0.9987516
vn 0.007128469 -0.04810708 0.9988167
vn 0.6070762 0.001379678 -0.7946424
vn -0.02498328 0.9994342 0.02251755
vn 0.1470641 0.9396204 -0.3090076
vn 0.3323672 -0.9425177 0.03453083
vn 0.2915622 -0.9541001 -0.06844325
vn 0.26532 -0.9640525 0.01442667
vn 0.2101358 -0.9759344 -0.05826474
vn 0.01174819 -0.04406966 0.9989594
vn -0.001367946 -0.0485516 -0.9988197
vn 0.006435639 -0.04186613 -0.9991024
vn -0.004389088 -0.05113852 -0.998682
vn -0.7234861 -0.6899862 -0.02207001
vn -0.8334188 -0.552532 -0.01101912
vn -0.8361138 -0.5484514 -0.01070594
vn 0.9992447 -0.0254141 0.02939289
vn 0.99859 -0.03423829 0.04056851
vn 0.9996173 -0.01455333 0.02352449
vn 0.9998459 -0.0141204 -0.01043527
vn 0.9994133 -0.01774471 0.0292934
vn -0.113419 -0.9841142 -0.1365842
vn -0.2096683 -0.9687628 -0.1324309
vn 0.1613716 -0.9868937 -9.777466e-05
vn 0.9940024 -0.05447204 -0.09482521
vn 0.03324428 -0.02707764 -0.9990804
vn 0.05599584 -0.03490941 -0.9978205
vn 0.05149927 -0.03581884 -0.9980305
vn 0.3544781 -0.9346087 -0.02918764
vn 0.1627355 -0.9228171 0.3491787
vn 0.02274342 -0.9069949 0.420527
vn 0.03086385 -0.0502194 0.9982612
vn 0.0713906 -0.07813087 0.9943836
vn 0.02350433 -0.04514321 0.998704
vn -0.02917602 -0.02825986 0.9991747
vn -0.004946044 -0.01659366 0.9998501
vn -0.04225853 -0.03455452 0.9985089
vn -0.01297919 -0.01994471 0.9997168
vn -0.9988393 -0.03852199 0.02891569
vn -0.9984231 -0.04325534 0.03578062
vn -0.9986007 -0.04133101 0.03298948
vn -0.2141104 -0.07673338 -0.9737908
vn -0.1667546 -0.03592848 -0.9853436
vn -0.1340005 -0.06705901 -0.9887098
vn -0.1371519 -0.9710298 -0.1956796
vn 0.03086763 -0.9985505 0.04409114
vn -0.3963326 -0.9173903 -0.03627085
vn 0.1161171 -0.06020398 -0.9914092
vn -0.8319398 -0.2281325 -0.5057983
vn -0.8612818 -0.1759048 -0.4767089
vn -0.9452555 -0.03524935 -0.3244219
vn -0.9520595 0.01370798 0.3056054
vn -0.006601049 -0.9963747 0.08481804
vn -0.3712117 -0.09203719 0.9239756
vn -0.3545133 -0.08481856 0.931196
vn -0.324427 -0.07187738 0.9431759
vn -0.2950759 0.9554707 0.002472539
vn -0.139244 0.9888058 -0.05361142
vn -0.5064531 -0.3849178 -0.7715851
vn 0.01930859 -0.0531108 -0.9984019
vn -0.06817144 -0.1931421 -0.9787997
vn -0.4387444 -0.4856745 -0.756058
vn -0.9787682 -0.08162169 -0.1880176
vn -0.9969367 -0.0767459 -0.01507679
vn -0.9721875 -0.1734736 -0.157348
vn -0.703501 -0.4624904 -0.5396192
vn -0.8757104 -0.1643627 -0.4540001
vn -0.008537749 -0.9999623 -0.001585037
vn -0.1318932 -0.06024491 -0.9894316
vn -0.1591046 -0.05095377 -0.9859459
vn -0.2273797 -0.02724673 -0.9734249
vn -0.04012221 -0.9991489 0.009577403
vn -0.1245428 -0.9919177 -0.02425553
vn -0.2012846 0.9780811 -0.05330851
vn -0.4510536 0.8740674 -0.1804348
vn 0.1451659 0.3449952 0.9273108
vn 0.02778721 0.4935308 0.8692844
vn 0.1720407 0.6392564 0.749502
vn -0.9991328 -0.02687353 -0.03180365
vn -0.9991441 -0.02668267 -0.03160763
vn -0.9983935 -0.03737373 -0.04258732
vn 0.8772796 -0.478168 0.04166226
vn 0.8821469 -0.470974 0.0006162744
vn 0.6265102 -0.7792859 -0.0140866
vn 0.9989018 -0.01195023 -0.04530286
vn 0.9898145 -0.1411068 0.01887312
vn 0.9663178 -0.2565201 -0.02067314
vn -0.5771424 -0.08934147 -0.8117418
vn -0.5749327 -0.0888324 -0.8133641
vn -0.5843938 -0.1294111 -0.8010847
vn 0.9794981 0.01585299 0.2008288
vn 0.9271326 0.04498833 0.3720233
vn 0.6592168 0.02475164 0.7515455
vn 0.01464146 0.9872059 -0.158777
vn -0.5278652 0.3977894 -0.7504144
vn -0.8681301 0.02317109 0.4957955
vn -0.3008471 -0.709414 0.637356
vn -0.1718678 -0.0312935 0.9846228
vn -0.2231275 -0.01000362 0.9747379
vn -0.04116019 -0.08414566 0.995603
vn 0.7292761 0.6841871 0.00666081
vn 0.7370905 0.6757459 0.008064472
vn 0.7382795 0.6744441 0.008279515
vn 0.8807438 -0.05689037 0.4701636
vn 0.8609114 -0.0635004 0.5047765
vn 0.04621904 -0.9869268 0.1543996
vn 0.1508074 -0.9883831 -0.01887085
vn 0.05645462 -0.9842511 0.1675191
vn 0.03318645 -0.9356716 -0.3513081
vn 0.4703669 -0.881265 -0.04611842
vn 0.4211742 -0.8462894 0.3262003
vn -0.01272923 -0.9956223 0.09259639
vn 0.07661648 -0.9970587 -0.0019637
vn 0.05941135 -0.9371827 0.3437426
vn 0.0573474 -0.9782656 -0.1992679
vn 0.1935022 -0.8835203 -0.4265546
vn -0.03543555 0.9993714 0.001018298
vn 0.01125074 -0.996358 0.08452359
vn 0.008733315 -0.9966361 0.08148778
vn 0.06160155 -0.9875108 0.1450089
vn -0.106582 0.02894992 -0.9938824
vn -0.04730583 0.0005255195 -0.9988804
vn -0.146527 0.044381 -0.9882106
vn -0.03411773 -0.06220265 -0.9974803
vn 0.001519429 -0.06943272 -0.9975855
vn 0.7897034 0.6134445 0.007384337
vn 0.9260776 -0.3009931 -0.2275595
vn 0.9080622 -0.3720746 -0.1923112
vn 0.8506557 -0.5131682 -0.1142074
vn 0.1338818 -0.2824741 -0.9498864
vn -0.9398988 0.1026642 -0.3256536
vn 0.9681619 0.238262 -0.07677054
vn 0.9504209 0.2921678 -0.1064805
vn 0.9811069 0.1872028 -0.04883059
vn 0.9087773 -0.343678 0.2366628
vn 0.3508901 0.03124432 0.9358953
vn 0.5824245 0.03523998 0.8121206
vn 0.4172077 0.004716903 0.908799
vn -0.07465212 -0.6587717 -0.7486301
vn 0.9127403 0.3438109 0.2206786
vn 0.9745878 0.1623482 0.1543427
vn 0.9365419 0.2875349 0.2005325
vn -0.4444894 -0.01153608 0.8957099
vn -0.09696691 -0.07197743 0.9926816
vn -0.4761374 -0.8733881 -0.1024034
vn -0.7166471 -0.6952341 -0.05537523
vn -0.5284773 -0.8384094 -0.1333469
vn -0.2346524 -0.1459165 0.9610654
vn -0.5107242 0.8205023 -0.2567814
vn -0.5223299 0.8213951 -0.2290885
vn 0.9534121 0.3016333 -0.004754129
vn 0.9998716 0.0009428283 -0.01599967
vn 0.989343 0.1452785 -0.009724326
vn -0.08255409 0.9948391 -0.05898992
vn 0.3748358 -0.8963321 0.2368263
vn 0.3104896 -0.9503351 0.02143553
vn -0.8499521 -0.5195037 0.08773492
vn -0.9980121 0.05167192 0.03608261
vn -0.9959742 0.08306482 0.03369774
vn -0.9468133 0.3217828 0.0005039126
vn -0.9350465 0.3540992 -0.01737457
vn -0.9830563 0.1816297 0.02471812
vn -0.9954152 0.09508289 0.01038274
vn -0.1576563 -0.9582974 0.2383496
vn 0.99461 0.1036073 -0.004043247
vn 0.5141963 -0.855444 0.06178802
vn 0.3024859 -0.944728 0.1264571
vn 0.371832 -0.9270009 0.04909484
vn -0.9962395 0.08479434 0.01780146
vn -0.8965346 0.4420241 0.02899062
vn -0.9734211 0.2270488 -0.03000334
vn -0.2639873 0.9631221 -0.05202351
vn -0.4940472 0.8682806 -0.0447892
vn 0.6938474 -0.7197723 0.02243955
vn 0.7462115 -0.6650845 0.02882527
vn 0.4408828 -0.8971105 0.02855092
vn 0.8638603 -0.5031901 0.02334491
vn -0.9349632 0.3534032 -0.03082432
vn 0.8363494 -0.5468252 0.03875431
vn -0.7023999 0.7104986 -0.04273188
vn 0.9977922 -0.05617261 0.03543188
vn 0.9937339 -0.10088 0.0481245
vn -0.98977 0.1350873 -0.04590065
vn -0.9708284 0.2356708 -0.0441766
vn -0.9908497 0.1272203 -0.04507748
vn -0.9958473 0.07247887 -0.05509055
vn -0.9935504 0.1062239 -0.03967615
vn -0.9859934 0.1649646 -0.02456783
vn 0.954385 -0.2960204 0.03900165
vn -0.01493232 -0.9226695 -0.3853025
vn -0.03088792 -0.8353202 -0.5488955
vn 0.05229769 -0.9707806 -0.2342013
vn -0.2196271 -0.9718093 -0.08573583
vn -0.2025334 -0.9792637 -0.004791134
vn -0.1637754 -0.9864458 -0.01011175
vn -0.03775548 -0.9960956 0.07980016
vn -0.01275648 -0.9975584 0.06866335
vn -0.2411405 -0.9698042 -0.03648335
vn 0.03952598 0.03076695 -0.9987448
vn 0.2127549 -0.9692619 -0.1235586
vn 0.2386361 -0.9706721 -0.0291321
vn 0.2741129 -0.9616975 -0.0003221983
vn -0.5151273 -0.7299806 0.4491905
vn -0.9912058 0.1322465 -0.004693304
vn -0.9979881 0.05941436 -0.02212945
vn -0.9907099 0.1257419 0.05179599
vn 0.9997459 -0.02154076 0.006639298
vn -0.996787 0.06653269 -0.04459767
vn -0.9975079 0.06247695 -0.03278382
vn -0.9998062 0.01892341 -0.005430275
vn -0.9987828 0.01465716 -0.04709755
vn -0.9983684 0.02189593 0.05273594
vn -0.9998944 0.004169679 -0.01391978
vn -0.2108587 -0.9699395 -0.1214741
vn -0.2803345 -0.9514518 0.1270905
vn -0.9974835 0.03868268 -0.05941723
vn -0.01208064 -0.9937943 -0.1105751
vn 0.01929955 -0.9886637 0.1489016
vn 0.2474234 -0.9685972 -0.02451875
vn 0.3473331 -0.9371767 -0.03255213
vn 0.06867579 -0.9962211 -0.05317099
vn 0.184701 -0.9822796 0.03181747
vn 0.2222262 -0.9740655 0.0425679
vn 0.9975253 -0.03900488 0.05849768
vn -0.9969625 0.05589988 -0.05422937
vn 0.4264474 -0.900692 0.083046
vn 0.1857269 -0.9825869 0.005330285
vn 0.9985829 -0.01656172 0.05057612
vn 0.9986395 0.0008029295 0.05213874
vn 0.9977193 -0.01114488 0.06657343
vn -0.9979 -0.001180355 -0.06476343
vn -0.9983928 0.002248267 -0.05663024
vn 0.8122143 -0.09981374 0.5747567
vn 0.7294415 -0.1431092 0.6689057
vn 0.7460077 -0.1489073 0.6490757
vn 0.003048071 0.1730355 0.9849109
vn 0.3008617 0.1230195 0.9457
vn 0.009699091 0.2462083 0.9691684
vn 0.817171 -0.1540118 0.5554385
vn 0.6848218 -0.07060262 0.7252822
vn 0.6786293 -0.1354897 0.7218758
vn 0.6997185 -0.09093255 0.708608
vn 0.674327 -0.1434968 0.7243561
vn 0.7712278 -0.1412318 0.6206942
vn -0.02663864 0.04998166 0.9983948
vn -0.08431971 -0.04393786 0.9954696
vn -0.03686731 0.0246154 0.999017
vn 0.8753384 -0.04316873 0.4815797
vn 0.8178542 -0.03650139 0.5742666
vn 0.6797928 -0.1861136 0.7093965
vn 0.7798753 0.02758845 0.6253266
vn 0.8897172 0.003252777 0.4565008
vn -0.1977744 0.04830068 0.9790568
vn -0.4589581 0.07314892 0.8854415
vn -0.3541636 0.1074376 0.9289916
vn 0.2893811 0.1127933 0.9505453
vn 0.2475474 0.05162339 0.9674996
vn 0.1215959 0.02033184 0.9923715
vn 0.2029156 0.003108071 0.9791913
vn 0.9965245 0.0617847 -0.05587082
vn 0.9931842 0.09809875 -0.06294293
vn 0.9916676 -0.1028053 0.07762989
vn 0.922085 -0.3850236 0.03893543
vn 0.02008647 0.3571375 0.9338358
vn 0.03673969 0.3489335 0.9364271
vn 0.8648655 -0.1409477 0.4818106
vn 0.8572346 -0.3540842 0.3738625
vn 0.5166296 -0.2463403 0.8200063
vn 0.4120505 -0.3648533 0.8349231
vn 0.4807447 -0.3132437 0.8190012
vn 0.6952546 -0.7176536 0.03992734
vn 0.5606241 -0.8274456 0.03216118
vn 0.7440289 -0.6676187 0.02657774
vn 0.01040632 0.3365555 0.9416062
vn 0.3867194 -0.9209461 0.04802494
vn 0.3565191 -0.9336584 0.03429552
vn 0.004508716 0.001290197 0.999989
vn 0.03585428 -0.001304412 0.9993562
vn 0.007035576 -0.001235644 0.9999745
vn 0.006208487 0.8685712 0.4955256
vn -0.0008370865 0.7851055 0.6193614
vn 0.006904269 0.6570551 0.7538109
vn 0.4023164 -0.04939898 0.914167
vn 0.4639566 -0.1855689 0.8662035
vn 0.6283448 0.0299263 0.7773591
vn 0.2388806 -0.969696 -0.05124125
vn 0.2252879 -0.9741555 -0.01632072
vn 0.02623747 0.8306703 0.556146
vn 0.02779477 0.8399361 0.5419729
vn 0.009368934 0.7183669 0.6956013
vn 0.6240422 -0.0721442 0.7780531
vn 0.001225685 -0.001093722 0.9999986
vn 0.001043816 -0.0009880438 0.9999989
vn 0.001133597 -0.001040213 0.9999988
vn 0.03901833 0.06482924 0.9971332
vn 0.06008833 0.006022933 0.9981749
vn 0.01557507 -0.02486977 0.9995694
vn 0.2967497 -0.3048417 0.9049924
vn 0.928972 0.02815099 0.369078
vn 0.9385794 -0.09267326 0.3323857
vn 0.9340974 -0.05747619 0.3523613
vn 0.998804 0.006742315 -0.04842716
vn 0.06323199 -0.06832919 -0.9956569
vn 0.08598979 0.2444983 -0.9658294
vn -0.727717 0.02468976 -0.685433
vn 0.9695965 -0.04484139 0.2405654
vn -0.6300173 0.002381147 -0.7765775
vn 0.9971235 -0.02660714 0.07096966
vn 0.06593307 0.2436599 -0.967617
vn 0.07469991 0.5876924 -0.8056287
vn 0.05829177 0.6350443 -0.7702733
vn 0.9989753 0.009910337 -0.04416001
vn 0.9996594 0.02410671 -0.009994789
vn 0.03244983 0.8906109 -0.4536068
vn 0.05838067 0.8799969 -0.471378
vn 0.988891 -0.08251494 0.1236356
vn 0.9059886 -0.1474826 0.396779
vn 0.9290923 -0.03264408 0.3684044
vn 0.6350849 0.6902009 0.3468285
vn 0.04711034 0.9629351 0.2655873
vn 0.2951256 0.7982518 0.5250666
vn -0.1798507 0.856499 0.4838009
vn 0.006143943 0.6640655 0.7476492
vn 0.003397695 0.9452381 0.3263638
vn 0.02886645 0.7331882 0.6794128
vn 0.02476354 0.484512 0.8744341
vn 0.9999893 0.0003569853 0.004612285
vn 0.9973062 0.0731929 -0.00482103
vn 0.9825581 0.1790303 0.05027848
vn -0.9702722 0.04361654 -0.2380534
vn -0.9456743 0.0446515 -0.3220349
vn 0.02370378 0.9990292 -0.03713386
vn 0.02067032 0.9975538 -0.06677707
vn 0.9503004 -0.07274228 -0.3027169
vn 0.9939301 -0.0712668 -0.08380901
vn 0.968016 -0.08484669 0.2361058
vn 0.9482913 -0.1447941 0.2824506
vn 0.9118945 -0.08669426 0.4011638
vn 0.870961 -0.09026816 0.4829891
vn 0.8759238 -0.142738 0.4608506
vn 0.9432023 -0.09656014 0.3178769
vn 0.9408869 -0.1607373 0.2981531
vn 0.9672211 -0.1005804 0.2331669
vn -0.9458002 0.09686014 -0.3099678
vn -0.9541226 0.1956433 -0.2266578
vn -0.9383602 0.1609069 -0.3059236
vn -0.9679522 0.1069576 -0.2272191
vn 0.9500417 -0.06759272 0.3047161
vn 0.9337413 -0.135309 0.3313888
vn 0.9152097 -0.1728267 0.3640361
vn 0.9770932 -0.1013147 -0.1871483
vn 0.9852089 -0.1275376 0.1144451
vn -0.8110786 0.05270025 -0.5825583
vn -0.7641243 0.03380399 -0.6441827
vn -0.7360988 0.06827251 -0.6734223
vn 0.9634969 -0.1540563 0.2189526
vn 0.9141891 -0.07405443 -0.3984648
vn 0.9868936 -0.1310921 -0.09410612
vn -0.5588189 0.09662582 -0.8236412
vn -0.4535089 0.07842881 -0.8877942
vn -0.514137 0.04855939 -0.8563324
vn -0.4988111 -0.01391318 -0.866599
vn 0.2658741 -0.3942333 0.8797108
vn 0.0564185 -0.3814972 0.9226467
vn 0.0613013 -0.3819905 0.9221309
vn -0.1770775 -0.3472269 0.920911
vn 0.0898256 -0.9605509 0.263198
vn 0.1732398 -0.9237214 0.3416528
vn 0.376207 -0.8546373 0.3578593
vn 0.2563661 -0.9027382 0.3454567
vn 0.07254187 -0.936537 0.3429814
vn 0.4545717 -0.8582079 0.2384192
vn -0.003186631 -0.9611115 0.2761425
vn -0.000251463 -0.9643827 0.264511
vn -0.006468129 -0.9623191 0.2718459
vn -0.0009285031 -0.9644803 0.2641529
vn -0.3712998 -0.3301008 -0.8678536
vn -0.03031493 -0.4317645 -0.9014769
vn -0.1744019 -0.3624287 -0.9155487
vn 0.04544898 0.7041111 0.7086338
vn 0.08847833 0.1649777 0.9823207
vn 0.1628701 0.7233643 0.6709824
vn 0.1499483 -0.3415184 0.9278365
vn 0.1215967 -0.323701 0.9383133
vn 0.2678279 -0.4362046 0.8590657
vn -0.4577086 0.8546026 0.2452696
vn -0.2657168 -0.9630848 0.04315572
vn -0.2912972 -0.9558437 0.03884231
vn -0.5604934 -0.8215777 -0.1041977
vn 0.1101297 -0.1213144 0.9864858
vn 0.1751737 0.1063802 0.9787734
vn 0.02486376 -0.9453086 0.3252282
vn -0.004055639 -0.961479 0.2748484
vn -0.4465573 0.004896817 -0.8947417
vn -0.7616177 -0.4499158 -0.4663843
vn -0.7870073 0.1512941 -0.598105
vn -0.7849894 -0.1612235 -0.5981627
vn -0.8228254 0.1890918 -0.535913
vn -0.3065679 0.2297484 0.9237055
vn -0.2988848 0.3241835 0.8975372
vn -0.3399887 0.2290189 0.9121173
vn -0.3872 0.29118 0.8748087
vn 0.1728576 -0.9849465 0.0008193968
vn 0.1591532 -0.9872482 0.003351381
vn 0.265104 -0.9640805 -0.01639734
vn 0.1715117 -0.2655314 0.9487237
vn 0.1705646 -0.1865785 0.9675207
vn -0.07072379 0.75261 0.6546574
vn 0.09872405 0.764274 0.6372901
vn -0.03828966 0.7471204 0.663585
vn 0.2925351 -0.251675 0.9225415
vn -0.2167425 0.6306816 0.74516
vn 0.9639224 -0.03158678 0.2643027
vn 0.653959 -0.6093211 0.4484033
vn 0.8544151 -0.4842446 0.1883666
vn 0.4401909 -0.4095835 0.7990453
vn 0.6992006 -0.5408524 0.4675439
vn 0.0501367 0.6520958 0.7564769
vn 0.1547797 0.7984685 0.5818002
vn 0.03237943 0.766745 0.6411346
vn 0.11927 0.8844111 0.4512113
vn 0.1308778 0.1408253 0.9813457
vn 0.1585818 0.09062941 0.9831776
vn 0.1159614 0.1673449 0.979055
vn -0.9699834 -0.2390372 0.0446468
vn -0.9631887 0.2605463 0.06620523
vn -0.9914367 -0.1304676 0.00561527
vn -0.9347017 -0.3512612 0.05429941
vn -0.004572527 -0.9998451 0.01700279
vn 0.00659903 -0.9997523 0.02125254
vn 0.02941212 -0.9991194 0.02992251
vn 0.1410177 -0.3093889 0.9404215
vn 0.2071489 -0.302456 0.9303815
vn 0.4924374 0.8455338 0.2063441
vn 0.5472354 0.8366573 0.02319686
vn -0.8398418 0.5249834 0.1380517
vn -0.8075053 0.5791853 0.1117116
vn 0.1240633 -0.9740723 0.1891865
vn -0.3191144 -0.9122469 -0.2568497
vn 0.6039864 -0.2134626 0.7678764
vn 0.6498723 -0.2578474 0.7149691
vn 0.7159371 -0.2030404 0.6679884
vn 0.7588128 -0.3034913 0.5762779
vn -0.06580602 -0.2340937 0.9699844
vn 0.0568593 0.9978613 0.03224581
vn 0.03650979 0.9991989 0.01638838
vn -0.2137973 0.9764689 -0.02827214
vn 0.3156406 -0.2727245 0.9088413
vn 0.2348486 -0.2339608 0.9434556
vn 0.2902056 -0.2419656 0.925869
vn 0.5331959 -0.2495354 0.8083528
vn 0.6602049 -0.3195512 0.679718
vn 0.006218641 -0.9541752 0.2991838
vn 0.1058957 -0.8746017 0.4731363
vn 0.412084 -0.2529731 0.8753236
vn 0.5340655 -0.2780725 0.7984045
vn 0.3332363 -0.2419566 0.9112687
vn 0.4625857 -0.229975 0.8562278
vn -0.2747057 0.5072666 0.8168337
vn -0.283022 0.6086098 0.7412778
vn -0.1819124 0.6209554 0.7624449
vn -0.2375144 0.5274155 0.8157327
vn 0.01479585 0.3928401 0.9194877
vn 0.1250444 -0.3438016 0.9306795
vn 0.817209 -0.1993876 0.5407532
vn -0.5467477 0.6301584 -0.5513324
vn -0.2840766 0.6725991 -0.6833088
vn 0.0454975 -0.3479759 0.9363989
vn 0.05770535 0.9884604 0.1400577
vn 0.2680998 0.6594571 0.7023096
vn 0.2322834 -0.9527023 0.1959663
vn 0.02894179 -0.9652878 0.25958
vn 0.6718664 -0.7222034 -0.1643708
vn 0.7645558 -0.4418213 -0.4693062
vn 0.820824 -0.4815523 -0.3071733
vn -0.9442255 -0.1839652 0.2731209
vn -0.7482017 -0.3722696 0.5491899
vn -0.430185 -0.8632532 0.2640734
vn -0.9537216 -0.1613289 0.2537482
vn 0.5383052 -0.8334036 0.1251641
vn 0.476917 -0.8106598 0.3396774
vn 0.5672032 -0.8223684 -0.04461797
vn -0.9566495 -0.0759159 0.2811732
vn -0.979935 -0.1003044 0.1722393
vn 0.1991623 -0.9549847 0.2198605
vn 0.1538913 -0.9557745 0.2506245
vn 0.5794587 -0.7820578 -0.2293756
vn 0.387272 -0.2974293 0.8726719
vn -0.9803953 -0.1933542 -0.03793607
vn -0.9912076 -0.1179746 0.05991219
vn -0.9871015 -0.1525205 -0.04866418
vn 0.3938063 -0.9068886 0.149899
vn 0.6017484 -0.7983018 0.02475755
vn 0.04151695 -0.9465082 0.3199979
vn 0.1345167 -0.9556432 0.262014
vn 0.07026756 -0.945668 0.3174499
vn -0.9102516 -0.2592959 -0.3228122
vn -0.9584677 -0.1968996 -0.2063254
vn -0.9372255 -0.2153699 -0.2742701
vn -0.8642169 -0.2101988 -0.4571055
vn -0.8930348 -0.230551 -0.3864388
vn -0.1564859 -0.8955311 0.4165767
vn -0.6147812 -0.3061382 -0.7268586
vn -0.7065952 -0.2736501 -0.6525633
vn -0.7193581 -0.262073 -0.6433053
vn -0.7855532 -0.2339442 -0.5728668
vn -0.8065057 -0.2078272 -0.5534948
vn 0.2236326 -0.974258 -0.02845491
vn 0.01992663 -0.9974613 -0.06836542
vn -0.005571061 -0.9635528 0.2674603
vn 0.9564113 -0.2094622 0.2034771
vn 0.9389606 -0.3152297 0.1377798
vn 0.9435191 -0.243365 0.2248222
vn 0.9447838 -0.311617 0.1013824
vn 0.9398308 -0.2223552 0.2593765
vn 0.9501372 -0.2560942 0.1779187
vn -0.01598327 -0.01298734 -0.9997879
vn 0.2998439 -0.07938628 -0.9506795
vn 0.9135032 -0.1567759 0.3754109
vn 0.8943408 -0.2547882 0.3677465
vn 0.6579788 -0.02594746 -0.7525893
vn 0.8345816 -0.07562778 -0.5456685
vn 0.7922476 -0.1295697 -0.5962848
vn -0.8377547 0.2456403 -0.4876759
vn -0.760318 0.1616476 -0.6291158
vn -0.6965576 0.22665 -0.6807622
vn -0.8989775 0.1448006 -0.4133671
vn -0.8057683 0.1607076 -0.5700092
vn 0.9312775 -0.2541001 0.2610659
vn -0.9330637 0.2381586 -0.2695787
vn -0.9039841 0.1743386 -0.3904085
vn 0.9892905 -0.1017045 -0.1046917
vn 0.9715759 -0.1387872 0.191777
vn 0.990945 -0.08359416 0.1050707
vn 0.9533562 -0.184898 0.238589
vn 0.8716645 -0.2096659 0.4429911
vn 0.9843889 -0.1042067 -0.1418438
vn 0.9838452 -0.08598749 -0.157019
vn -0.5550814 0.1929045 -0.8091183
vn -0.7198889 0.2342827 -0.6533541
vn 0.3595836 0.01697578 -0.9329585
vn 0.3307272 -0.09233934 -0.939198
vn -0.002559271 -0.9616901 0.2741272
vn -0.002668095 -0.963121 0.2690556
vn 0.008007959 -0.9612728 0.275482
vn 0.8252171 -0.2864868 0.486767
vn 0.8942223 -0.3796906 0.2370684
vn 0.8451936 -0.3839903 0.3717516
vn -0.8467677 0.3690083 -0.3831674
vn -0.8402634 0.3031859 -0.4494838
vn -0.8986421 0.2555271 -0.3565786
vn -0.80152 0.309499 -0.5116405
vn 0.08982704 0.5551336 -0.8268965
vn 0.06149559 0.5351381 -0.8425233
vn 0.03402826 0.5150765 -0.8564686
vn 0.1202717 0.5758218 -0.8086804
vn 0.2905655 -0.5417324 -0.7887317
vn 0.9923723 0.1185578 0.0337826
vn 0.9995971 0.01785446 0.02206443
vn 0.2921263 0.9456723 0.1427099
vn 0.01157314 -0.9714621 0.2369122
vn 0.9933786 0.008747442 -0.1145529
vn 0.998607 -0.04972329 0.01765537
vn 0.9285308 -0.0431952 -0.368734
vn 0.001442991 -0.9782366 0.2074878
vn 0.0169244 -0.9913096 0.1304566
vn 0.01345579 -0.9957705 0.09088456
vn 0.7793449 -0.378893 0.4990608
vn 0.8137305 -0.4526813 0.3645852
vn -0.7442275 0.3307291 -0.5802963
vn -0.8026102 0.5532523 -0.2229993
vn -0.8351229 0.4667486 -0.2910595
vn -0.9000742 0.3685093 -0.2325233
vn -0.8949134 0.4291556 -0.1222921
vn 0.8040427 -0.5848178 0.1072543
vn 0.4234772 -0.9041049 0.05710838
vn 0.8396555 -0.5094467 0.1882621
vn 0.8067225 -0.5895482 0.04039498
vn -0.8688042 0.3976357 -0.295068
vn -0.7182239 0.6565031 -0.2305605
vn -0.7699739 0.6332245 -0.07852978
vn -0.7934629 0.576659 -0.1946305
vn 0.8198475 -0.5101517 0.259991
vn 0.97443 -0.2192624 0.04909328
vn 0.9998504 0.008064717 -0.01530094
vn 0.9531299 -0.2526864 0.166412
vn 0.8091562 0.5875438 0.007645803
vn 0.7878938 0.6146236 0.03822502
vn -0.6257654 0.7795583 -0.02658178
vn -0.6952819 0.7183695 0.02298381
vn -0.8444794 0.5344805 -0.03442772
vn 0.933836 0.3109026 -0.1768894
vn 0.8167309 0.5464247 -0.1853933
vn 0.7622403 0.5571744 -0.3294637
vn 0.8495874 0.5225213 -0.0719215
vn 0.6872862 0.0001522974 -0.7263866
vn 0.8125954 0.5403355 -0.2184634
vn 0.9379133 0.2662377 -0.2223423
vn 0.8392794 0.4969633 -0.2205398
vn -0.960054 0.03575794 0.2775203
vn -0.609113 0.000234854 0.7930835
vn -0.6285442 -0.0001322735 0.7777739
vn -0.5054005 -0.1080036 0.856099
vn 0.665856 0.7282829 0.1619869
vn -0.9966109 0.0814134 0.01177232
vn -0.9758696 0.2159866 0.03206722
vn -0.9784387 0.167498 0.1208397
vn -0.9998354 0.0004652681 0.01813613
vn -0.9997853 0.0001294116 0.02072058
vn 0.2004493 0.07056002 0.9771599
vn 0.1076531 -0.01935392 0.9940001
vn -0.5089836 0.01943821 0.8605567
vn -0.9654734 0.2388845 -0.1039006
vn -0.7836812 0.2900796 -0.5492702
vn -0.9670955 -0.1117468 -0.2285583
vn -0.9761105 -0.06539012 0.2072013
vn -0.9839461 -0.06690215 0.1654515
vn -0.9592006 -0.2452573 0.1406527
vn -0.9934241 -0.03895298 0.1076629
vn -0.9040322 -0.3613998 0.2282891
vn -0.9989903 -0.02034083 0.0400567
vn 0.01181243 -0.6651285 0.7466354
vn -0.05148641 -0.435697 0.8986197
vn 0.2603764 -0.4506661 0.853876
vn -0.2199619 -0.5640466 0.7959073
vn 0.04900716 -0.403042 0.9138684
vn 0.07720248 -0.7240677 0.6853945
vn 0.2618343 -0.4565588 0.8502923
vn 0.2002266 -0.5287684 0.8248111
vn 0.175442 -0.510424 0.8418357
vn 0.9957407 -0.03740861 0.08426828
vn 0.9974988 -0.0470222 0.05277321
vn 0.9916747 -0.03678407 0.1234022
vn -0.9995133 -0.001375144 0.03116621
vn -0.2844183 0.002674887 0.9586966
vn 0.14854 0.08398829 0.9853334
vn 0.5354046 0.03262172 0.8439655
vn 0.6605658 0.04649581 0.749327
vn 0.9358132 0.0223568 -0.3517865
vn 0.5168401 0.01053076 0.8560172
vn -0.9587999 -0.02770709 0.282728
vn -0.9311105 -0.02886803 0.363593
vn 0.9599585 0.01544719 -0.2797159
vn -0.9182048 -0.01473184 0.3958322
vn 0.4525249 0.1428665 0.8802331
vn 0.9203556 0.1186451 -0.3726512
vn -0.9026154 -0.1048971 0.4174708
vn 0.4491644 0.1723863 0.8766609
vn 0.5275007 0.2618714 0.808187
vn -0.9427989 -0.05239872 -0.3292184
vn -0.02690731 -0.0008899658 0.9996375
vn -0.5530902 -0.02581258 0.8327214
vn -0.9969798 -0.0502504 -0.05921174
vn -0.9933495 -0.09216116 0.06901511
vn -0.9890968 -0.07584777 0.1262331
vn -0.2058232 -0.0124713 0.9785097
vn -0.001874064 -0.001860037 0.9999965
vn -0.3215575 0.01281589 0.9468033
vn -0.2985201 -0.008754726 0.9543632
vn -0.987789 -0.05497402 -0.1457766
vn -0.6231535 0.02924026 0.7815527
vn -0.9983672 -0.02016123 0.05344574
vn 0.9936945 0.0117425 -0.111504
vn 0.9813916 0.003745918 -0.1919803
vn -0.9040213 -0.03810107 -0.4257862
vn -0.8700395 -0.02335892 -0.4924283
vn 0.9714547 0.05012421 -0.2318693
vn 0.9684431 0.1147492 -0.2212479
vn 0.9903637 0.06158144 -0.1240462
vn -0.9909798 -0.1249757 0.04837631
vn -0.9933471 -0.04436297 0.1062709
vn -0.9966949 -0.07097816 0.03951568
vn -0.4522742 -0.03205193 0.8913028
vn -0.1942312 -0.006696148 0.9809329
vn -0.9799618 -0.04334671 0.1944118
vn -0.9876145 -0.07426592 -0.1382107
vn -0.8736119 -0.100768 -0.4760756
vn -0.985963 -0.1096275 0.1259317
vn -0.9490596 -0.1481344 0.2781045
vn -0.9443128 -0.08868773 0.3168721
vn -0.9765721 -0.009401882 0.2149849
vn 0.2475186 -0.5879781 0.7700755
vn 0.02093659 -0.8516173 0.5237457
vn -0.2515073 -0.5399018 0.8032746
vn 0.0020148 0.8251691 0.5648823
vn -0.0004246308 0.8714474 0.4904888
vn -0.005306703 0.9774691 0.2110117
vn -0.1960549 -0.2919135 0.9361351
vn -0.2899514 -0.3541654 0.8890979
vn -0.3540242 -0.3871374 0.8513469
vn -0.08885061 -0.4049947 0.9099917
vn -0.1813532 -0.3958707 0.9002208
vn -0.2666812 -0.3876885 0.8823711
vn -0.08690612 -0.3557232 0.930542
vn -0.2385705 -0.3749215 0.8958337
vn 0.007362237 0.9900153 0.1407673
vn 0.1052996 -0.1818947 -0.9776637
vn 0.002746293 0.9915265 0.1298753
vn -0.1971037 -0.3200857 0.9266582
vn -0.207218 -0.7368608 0.6435036
vn 0.3420297 -0.3152666 -0.8852246
vn 0.4649528 -0.3646643 -0.8067458
vn 0.3862162 -0.3425217 -0.8564554
vn 0.2001687 -0.3319341 -0.9218201
vn -0.5561817 -0.6095011 0.5649516
vn -0.2453636 -0.7253986 0.6431125
vn 0.9031115 -0.4274893 -0.04053153
vn -0.1966038 -0.1695154 0.9657182
vn 0.007017438 0.7308688 0.6824819
vn 0.0175849 0.3857282 0.9224449
vn 0.1968209 0.4833003 0.8530431
vn -0.002452008 0.06463713 0.9979059
vn 0.05338809 0.6282834 0.7761505
vn -0.9416956 -0.2014887 0.2694655
vn -0.5284947 -0.8488624 -0.01122442
vn -0.3715068 -0.9059119 0.2032396
vn 0.2109596 -0.9769061 -0.03391969
vn -0.08284305 0.6128952 0.7858095
vn 0.005600797 0.7885361 0.6149629
vn -0.03478411 -0.2944289 0.9550402
vn 0.7253185 -0.6861365 -0.05594592
vn 0.3315655 -0.9255446 -0.1828429
vn 0.04099599 -0.286005 0.9573508
vn -0.6089267 -0.5849882 0.5357212
vn 0.1106638 -0.9774907 -0.179626
vn -0.6470547 0.4742207 0.5970218
vn -0.3825599 0.02321265 0.9236391
vn -0.4237041 0.1272926 0.8968118
vn -0.006673579 -0.950411 0.3109254
vn 0.7931709 -0.212695 -0.5706493
vn 0.9455737 -0.110683 -0.3060061
vn 0.893263 0.4296979 -0.1320642
vn 0.9999139 -0.01211027 -0.005071988
vn 0.999033 -0.02611026 0.03537342
vn 0.9995623 -0.01696032 0.02424029
vn -0.1434002 0.6173209 0.7735316
vn -0.1064991 0.6963381 0.7097685
vn -0.02123296 0.610505 0.7917277
vn -0.2089196 0.5426711 0.8135482
vn -0.1518127 0.683103 0.7143692
vn 0.08122444 0.7164305 0.6929141
vn -0.9506831 0.2945414 0.09719577
vn -0.9377041 0.333596 0.09707998
vn -0.9906909 0.1303293 0.039317
vn -0.9953994 -0.07003971 0.06538057
vn -0.0007020474 -0.9606523 0.2777528
vn -0.0003721971 -0.9624979 0.2712886
vn -0.2859933 -0.7626166 0.5801928
vn -0.002131294 -0.9606358 0.2778024
vn 0.002122023 -0.8783258 0.4780577
vn 0.1090063 0.03510507 0.993421
vn 0.5649579 -0.3747727 -0.7350972
vn 0.605658 -0.3974212 -0.6893728
vn 0.1812375 0.9794561 -0.08842351
vn 0.1930803 0.9631782 -0.1871036
vn -0.01299442 -0.7997926 0.6001357
vn -0.7564101 0.63871 0.1410432
vn -0.2787636 0.9603261 0.008040615
vn -0.4040991 -0.2033829 0.8918179
vn 0.9655276 0.07343844 -0.2497264
vn 0.582473 0.7151967 -0.3862886
vn -0.6759929 0.5536065 0.4863677
vn 0.5748453 0.8124248 0.09756319
vn -0.08292209 0.9964931 0.01120198
vn -0.007079203 -0.9999571 0.005970148
vn 0.00995552 -0.9998676 0.0128707
vn 0.04764418 -0.9984683 0.02812729
vn -0.9949859 -0.1000135 -0.0006772527
vn -0.9873393 -0.1017523 0.1216865
vn 0.9789063 0.2042215 0.005995757
vn -0.03547204 0.9286589 0.3692349
vn -0.009970961 0.999048 0.04247009
vn -0.008566284 0.9980445 0.06191775
vn -0.9970697 0.0196641 -0.07392745
vn -0.9949855 0.04762494 -0.08795272
vn -0.9975254 0.06719977 -0.02067194
vn 0.5335763 0.4681481 -0.7043676
vn -0.5019365 0.5092282 -0.699104
vn 0.1386064 0.5779177 -0.8042384
vn 0.3824549 0.4372027 -0.8139914
vn 0.7493017 0.2918738 -0.5944381
vn 0.6879305 0.3476902 -0.6370741
vn -0.9887043 -0.1480289 -0.0234778
vn -0.798516 -0.3111586 0.5153179
vn -0.884232 -0.2871489 0.3683467
vn -0.7556483 -0.4191588 0.5032907
vn -0.06124709 0.158242 0.985499
vn -0.5003374 -0.1316119 0.8557692
vn -0.2982447 -0.08750242 0.9504701
vn 0.1195728 0.3443916 0.9311804
vn 0.07490186 0.2199827 0.972624
vn 0.2699237 0.6566346 0.704253
vn 0.4097338 0.808836 0.4217848
vn 0.1463995 0.6293471 0.7632099
vn -0.3512954 -0.3442139 0.8706942
vn 0.1154809 0.5931113 0.7967955
vn 0.1363098 0.5850595 0.799453
vn -0.631261 -0.501322 0.5917649
vn -0.3724447 -0.8196131 0.4353383
vn -0.4775889 -0.6449348 0.5966305
vn -0.3322965 -0.2332939 0.9138671
vn -0.4152417 -0.3561548 0.8370951
vn -0.3359256 -0.4239858 0.8410648
vn -0.871922 -0.2031955 0.4454925
vn -0.6813269 -0.3992286 0.6135228
vn 0.6073486 0.4341948 -0.6652837
vn 0.7009851 0.4239829 -0.5734617
vn 0.7465748 0.37338 -0.5506481
vn -0.4197468 0.5626947 -0.7121708
vn -0.4234511 0.5573358 -0.714189
vn -0.4212869 0.5604732 -0.7130126
vn -0.4292549 -0.4056588 0.8069579
vn -0.5445123 -0.4101786 0.7316145
vn -0.803093 -0.2451976 0.5430652
vn -0.8504152 -0.1663331 0.4991264
vn 0.8738449 0.1986077 -0.4437904
vn 0.8658409 0.285522 -0.4108488
vn 0.783389 0.2718844 -0.5589102
vn 0.5551001 0.2269496 -0.8002236
vn 0.2295974 0.3976161 0.8883616
vn -0.2311892 0.6160241 -0.7530378
vn -0.2669657 0.5827193 -0.7675725
vn -0.2156815 0.6297994 -0.7462133
vn 0.4579318 0.3147627 0.8313982
vn 0.3939231 0.5353295 0.7471592
vn -0.1664648 0.6709832 -0.7225449
vn -0.9444056 0.06094334 -0.3230851
vn -0.8995458 0.2160761 -0.3796426
vn -0.8933596 -0.1673849 0.4170025
vn -0.5716986 -0.3162103 0.757081
vn -0.807205 -0.4722615 -0.3541036
vn -0.7545074 -0.5270303 -0.3910978
vn -0.7463899 -0.4531919 -0.4873594
vn -0.8150957 -0.5355307 -0.220966
vn -0.2845745 -0.9485725 0.1386635
vn -0.004140005 -0.9612226 0.2757425
vn -0.005813794 -0.9572263 0.2892818
vn -0.00951837 -0.9703181 0.2416448
vn -0.01446943 -0.9998282 -0.01158431
vn -0.1274859 -0.9221236 0.3652881
vn 0.8997417 -0.1768166 0.3989996
vn 0.9435065 -0.1493088 0.295808
vn 0.9490562 -0.1254126 0.2890743
vn 0.1533619 -0.8706586 -0.4673689
vn 0.975253 -0.1963504 0.1016269
vn 0.93966 -0.1908377 0.2839368
vn 0.963587 -0.1389537 0.2284561
vn -0.002819097 -0.9613881 0.2751818
vn 0.8748106 -0.2502005 -0.4148567
vn 0.9302524 -0.2370298 -0.2800849
vn 0.8764359 -0.2919651 -0.3829054
vn -0.1673331 -0.9277171 0.3336771
vn -0.2462988 -0.8554782 0.4555151
vn -0.09557002 -0.9567982 0.2745972
vn 0.8959572 -0.2439065 -0.3711744
vn -0.4755138 -0.8786471 0.0431957
vn -0.629254 -0.7771911 0.003651875
vn -0.6766942 -0.7353897 0.03587433
vn 0.9735949 -0.2282057 -0.005920467
vn 0.9658108 -0.2164551 0.1426767
vn -0.07293496 -0.9239104 0.375593
vn -0.1513115 -0.931235 0.3315211
vn 0.6754417 -0.427377 -0.6009388
vn 0.7611395 -0.2696903 -0.5898592
vn 0.7988375 -0.2525997 -0.5459415
vn -0.9861625 -0.1588441 0.04745481
vn -0.9494836 -0.3053955 0.07221212
vn -0.9697669 -0.2051657 0.1321336
vn 0.7979543 0.4157649 -0.4363584
vn 0.9294 0.2574076 -0.2644936
vn -0.9056684 -0.3661337 0.2138009
vn 0.9711011 0.23038 -0.06235267
vn 0.9704579 0.2012916 -0.1330152
vn 0.915053 0.3986933 -0.06100491
vn 0.9024364 0.3856759 -0.1919961
vn -0.9747379 -0.1914 0.1151178
vn -0.9606957 -0.2747028 0.0400276
vn -0.9541641 -0.2700092 0.1290961
vn -0.9421979 -0.242166 0.231557
vn -0.8376618 -0.4012533 0.3705651
vn 0.9907747 0.123024 -0.05683945
vn -0.9756753 -0.1480794 -0.1616487
vn -0.8576319 -0.1670732 -0.4863683
vn 0.9972799 0.0477336 -0.05616341
vn -0.983779 -0.1076445 0.1434978
vn 0.8498619 0.4178673 -0.3211255
vn 0.9383221 0.1436489 -0.31451
vn -0.9631183 -0.2105047 -0.1676034
vn -0.9526979 -0.2861853 -0.102297
vn -0.9929596 0.1048591 -0.05509885
vn -0.8658078 -0.2113885 -0.4535326
vn -0.4406618 0.8347964 -0.3300488
vn -0.3945024 0.7263197 -0.5628743
vn -0.4306105 0.8097757 -0.3985448
vn -0.9598134 -0.2772567 -0.0434401
vn -0.9586394 -0.2312492 -0.1659348
vn -0.861263 -0.2903483 -0.417042
vn -0.9869215 -0.1429519 0.07450218
vn -0.9873976 -0.1301942 0.08997547
vn 0.5217205 0.1697357 0.8360607
vn 0.727666 0.5063314 -0.4627427
vn 0.630545 0.5362939 -0.561072
vn 0.6758921 0.6840359 -0.2743441
vn -0.9977724 0.01535926 -0.06491851
vn -0.9873096 -0.1582889 0.0128262
vn -0.9769711 0.19752 -0.08070531
vn -0.9991896 0.04023542 0.001060445
vn -0.8800505 0.47484 0.006167104
vn -0.8347749 0.549259 -0.03828127
vn -0.9399556 -0.335868 0.06063225
vn 0.5015554 0.8306337 -0.2418466
vn 0.6072507 0.7741456 -0.1787328
vn 0.4458474 0.8770924 -0.1786872
vn -0.7316585 -0.5383705 0.4181303
vn -0.6885303 -0.6534083 0.3146167
vn -0.3987555 -0.8346946 0.3798406
vn -0.6841312 -0.7258051 0.07191297
vn -0.7222732 -0.6629614 0.1969867
vn -0.7927597 -0.6075753 0.04882832
vn 0.5306457 0.8291523 -0.1758455
vn 0.6674768 0.7422959 -0.05891959
vn -0.7821446 -0.5541165 0.2849644
vn -0.3598105 -0.8975831 0.2547174
vn -0.01337954 -0.9740134 0.2260947
vn 0.6650633 0.5199089 -0.5360837
vn 0.1309197 0.7687862 -0.6259614
vn 0.7169107 0.5433528 -0.4368144
vn -0.8333644 -0.5125112 0.2069687
vn -0.02107493 -0.991349 0.129549
vn 0.8120871 0.5329443 -0.2376655
vn 0.8280138 0.552201 -0.09730016
vn -0.8758445 0.4819728 -0.02446862
vn -0.9961094 -0.08758188 -0.009777609
vn -0.340469 -0.9303349 0.1362276
vn -0.9898239 0.08146385 -0.116671
vn -0.9679118 0.2161376 -0.1281851
vn -0.6570246 -0.1243828 0.7435372
vn 0.7701191 0.4822326 -0.4175743
vn -0.9870738 0.1591002 -0.01930077
vn -0.8183669 -0.2794031 -0.5022048
vn -0.724722 -0.2255462 -0.6510813
vn -0.9344419 -0.35609 0.004278871
vn -0.7574251 -0.2218614 -0.6140722
vn -0.8889513 -0.4524711 0.07096093
vn -0.895394 -0.2683026 -0.3553636
vn 0.8100845 0.5863121 0.001215092
vn 0.9848117 -0.05097064 0.1659761
vn 0.9802238 -0.1177698 0.1590333
vn 0.9933162 -0.05469313 0.1016443
vn -0.984476 0.04751931 -0.168964
vn 0.9954376 -0.05527724 -0.07777061
vn 0.9936988 -0.04078045 0.1044011
vn 0.9889435 -0.1126666 0.0964212
vn 0.0193972 0.5478666 0.8363407
vn 0.9819724 -0.09878709 0.1611566
vn 0.9775852 0.003235327 0.2105153
vn 0.9852296 -0.0328976 0.1680484
vn 0.9799194 0.003868606 0.1993567
vn 0.9746552 -0.03295756 0.2212718
vn -0.8329714 0.02886155 0.5525628
vn 0.02717644 0.08833149 0.9957203
vn 0.006700188 0.3049524 0.9523441
vn 0.9997092 0.0006910888 0.02410761
vn 0.9567071 -0.06717576 0.2831944
vn -0.5917547 0.07020627 -0.8030551
vn -0.3604906 0.1038435 -0.9269645
vn -0.3423317 -7.1109e-05 -0.9395791
vn -0.9796664 0.1211223 -0.1599472
vn 0.9635788 -0.1625306 0.2123668
vn 0.9870344 -0.1318733 0.09150145
vn -0.9670891 0.2129504 -0.1392508
vn 0.9717572 -0.1857058 0.1456062
vn 0.9460211 -0.293935 0.1365517
vn 0.9454911 -0.3155704 0.08038607
vn 0.9614089 -0.2396258 0.1351755
vn -0.9860908 0.1380613 -0.09254228
vn -0.9684276 0.2370424 -0.07719438
vn -0.9830524 0.1685064 0.07220581
vn 0.9976644 -0.06083412 -0.03106407
vn 0.980408 -0.07346198 -0.1827663
vn 0.9800019 0.004541172 -0.1989361
vn 0.980832 -0.05691623 -0.1863574
vn 0.990432 -0.05247344 -0.1276367
vn -0.9913762 0.0006623361 0.1310451
vn -0.9821351 0.05325642 0.1804834
vn -0.9903093 0.05084787 0.1292363
vn -0.9905505 0.112623 0.07826738
vn -0.9963065 0.04856795 0.07081369
vn 0.9972015 0.009417499 -0.07416568
vn 0.9808563 -0.114627 -0.1574216
vn 0.9896625 -0.1207293 -0.07741101
vn 0.9760506 -0.122489 -0.1797826
vn 0.9906768 -0.05020329 -0.1266453
vn 0.9814869 -0.05306429 -0.1840319
vn 0.9793534 -0.003281605 -0.2021296
vn 0.9908709 0.0006283671 -0.134813
vn -0.9977742 0.04847989 -0.04578569
vn -0.9634697 0.2116812 0.1640645
vn -0.9663301 0.2481709 0.06795129
vn 0.964623 -0.1955782 -0.1767818
vn 0.9763161 -0.1867129 -0.1092934
vn 0.9417962 -0.3127816 -0.1232385
vn 0.9763251 -0.1270246 -0.175083
vn 0.9899514 -0.1364018 -0.03729119
vn 0.963145 -0.2160199 -0.1602722
vn 0.9771444 -0.1938244 0.08729886
vn 0.971801 -0.2334727 -0.03306661
vn -0.9766963 0.1221056 0.1765063
vn 0.9859274 -0.1133813 -0.1228488
vn 0.9649621 -0.2042636 -0.1646955
vn 0.9804319 -0.1815488 -0.07611351
vn 0.9759039 -0.1995563 0.08825378
vn 0.980453 -0.1685893 -0.1014365
vn 0.9653881 -0.2510755 0.07061775
vn 0.9727251 -0.2276121 -0.04470691
vn 0.5089379 0.2927239 0.809503
vn 0.4780481 -0.005689329 0.8783153
vn 0.4878176 0.05360133 0.8712984
vn -0.9815345 0.1799647 0.06482784
vn -0.6362131 0.7669306 0.0839654
vn -0.9365239 0.3489511 0.03400139
vn -0.3865939 0.9209743 0.04849338
vn -0.03109597 0.06728017 -0.9972494
vn 0.7095574 -0.364337 -0.6031473
vn 0.7270427 -0.3909891 -0.5643903
vn -0.08628665 -0.9903176 0.108746
vn 0.2710283 -0.9603199 -0.06579786
vn -0.2135421 -0.960812 0.1767488
vn -0.2976763 -0.8920614 0.3400224
vn 0.5968491 -0.2941346 -0.7464959
vn 0.5453516 -0.2980036 -0.7834446
vn -0.002569148 0.3079234 -0.9514077
vn 0.2277899 0.2226596 -0.9479106
vn 0.02709302 -0.9980882 -0.05555069
vn 0.04450569 -0.995387 0.08499426
vn 0.003551294 -0.9987198 -0.05045827
vn -0.1780208 -0.9508311 0.253434
vn -0.04342956 -0.9866626 0.1568788
vn -0.1170545 -0.9011735 0.4173541
vn -0.172077 -0.9434151 0.283474
vn 0.007528345 -0.9656666 0.2596757
vn 0.05386855 -0.9800055 0.1915394
vn -0.001592996 0.6935301 -0.7204258
vn -0.9409437 0.3199094 -0.110829
vn 0.9318823 -0.3201309 0.1706211
vn 0.9498261 -0.2565133 0.1789728
vn 0.9465534 -0.301344 0.1150155
vn 0.9246201 -0.3652994 0.1078609
vn -0.9484041 0.2591311 -0.182704
vn -0.9307554 0.3296005 -0.1582968
vn 0.9133607 -0.3996325 0.0778854
vn 0.9019577 -0.4295465 0.04429616
vn 0.9148951 -0.3982927 0.06580251
vn 0.8981892 -0.4356785 -0.05865429
vn 0.9416701 -0.3308002 0.06187779
vn 0.9408641 -0.338731 -0.006012917
vn -0.9129509 0.4034457 -0.06125677
vn -0.8978924 0.4328588 -0.08014093
vn 0.9005815 -0.4158991 0.1264162
vn 0.8722298 -0.4865779 0.04956957
vn -0.6043554 0.7966328 0.01143194
vn 0.7206237 -0.6933222 -0.002355032
vn 0.4577318 -0.8874627 -0.053773
vn 0.6137488 -0.7880239 -0.04827619
vn -0.7976979 0.6018133 -0.03871404
vn 0.8601012 -0.5052748 0.07016649
vn 0.7970473 -0.6035147 0.02203499
vn 0.7516007 -0.6583906 -0.04022644
vn -0.07385395 0.9963465 0.04288727
vn -0.01945939 0.9811435 0.1922984
vn 0.09645067 0.9895373 0.1072998
vn -0.6385907 0.7695427 0.002439716
vn -0.6075602 0.7940006 0.02082646
vn 0.8625997 0.4824699 -0.1521337
vn 0.5435417 0.831903 -0.1118022
vn 0.9750005 0.2222028 -1.663732e-05
vn -0.4857943 0.8727634 0.04783301
vn 0.5801182 -0.8128518 -0.05229481
vn 0.8718191 -0.4869199 -0.0532954
vn 0.8711276 -0.4908507 0.01422146
vn -0.5007126 0.8654362 0.01752388
vn -0.1716722 0.1157946 -0.9783252
vn 0.7875189 0.6071875 -0.1055334
vn 0.7970359 0.5975881 -0.08730587
vn -0.8019673 0.5966462 0.02935597
vn -0.8432332 0.5372612 -0.01754964
vn -0.8340185 0.5509283 0.02984952
vn 0.7356704 -0.6744708 -0.06227553
vn 0.8385696 -0.5444778 -0.01857205
vn -0.01848971 0.9988195 0.04492126
vn -0.07923938 0.993624 0.08020256
vn -0.0877142 0.9930052 0.07903669
vn -0.01108764 -0.08952019 -0.9959233
vn -0.01274286 -0.1008045 -0.9948246
vn -0.02625106 -0.1928267 -0.9808816
vn -0.1298469 -0.3825047 0.9147841
vn -0.03839181 -0.2621889 0.9642526
vn -0.2438442 -0.1880409 0.9514098
vn -0.5357885 0.8441665 -0.01770855
vn -0.7107306 0.691254 0.130499
vn -0.7881489 0.5963497 -0.1522777
vn -0.03434733 0.3913669 0.9195936
vn -0.03354079 0.3873409 0.9213263
vn -0.02800021 0.3595662 0.9326994
vn -0.002326729 -0.9954876 0.09486356
vn -0.002048519 -0.9952785 0.09703867
vn -0.00552556 -0.9975447 0.06981466
vn -0.006493675 -0.1406333 0.9900404
vn -0.00229805 -0.1086187 0.9940808
vn -0.001868427 -0.105335 0.994435
vn 0.06243351 -0.425714 0.9027013
vn -0.1149474 -0.4238643 0.898402
vn -0.1029369 -0.5789688 -0.8088257
vn -0.1061836 -0.3219669 -0.9407775
vn -0.007214223 -0.7178237 -0.6961874
vn -0.9801859 0.1840148 0.07330944
vn -0.02643933 0.08713853 -0.9958453
vn -0.08991628 0.06736894 -0.9936683
vn -0.02425138 0.0926265 -0.9954056
vn -0.331654 0.9387246 -0.0938183
vn -0.6006802 0.5883483 -0.5413221
vn -0.04061908 0.9952328 0.08866778
vn -0.177248 0.9818336 0.06771935
vn -0.03430824 0.9957202 0.08581437
vn -0.4012334 0.3336436 0.8530495
vn -0.9925017 0.1063227 0.06029701
vn -0.9929164 0.1016612 0.0614983
vn -0.9934686 0.09928833 0.056233
vn -0.4707757 0.8733283 0.125172
vn -0.1674808 0.9597094 -0.2256282
vn -0.08521433 0.8031251 -0.5896852
vn -0.02015785 0.9990057 0.03976276
vn -0.2391718 0.9692079 0.05858988
vn -0.1114258 0.9919429 0.06027833
vn -0.004611736 0.188365 -0.9820883
vn 0.004945517 0.1396865 -0.9901835
vn -0.02495344 0.2905792 -0.9565255
vn -0.9988346 0.0107479 0.0470518
vn -0.9114113 0.129922 0.390448
vn -0.9994804 -0.006241717 0.03162148
vn -0.9982889 0.009349129 0.05772056
vn -0.9992685 -0.03010928 0.02357643
vn -0.7819262 0.5991794 0.1719749
vn -0.744321 0.6285191 0.225721
vn -0.7975078 0.6027858 0.02510952
vn -0.967381 -0.2133883 0.1365264
vn -0.9269518 -0.1514654 0.3432472
vn -0.9727352 -0.2315444 0.01317182
vn -0.9633229 -0.2521482 -0.0918157
vn -0.9427862 -0.2185545 -0.2517701
vn -0.9288577 -0.2072646 -0.3070255
vn -0.9662998 -0.2573155 -0.007306043
vn -0.731122 0.6584433 -0.1786422
vn -0.001494986 0.9994212 0.03398401
vn -0.0001305349 0.9991309 0.04168291
vn -0.001653077 0.999451 0.03309182
vn -0.006984293 -0.1443706 0.989499
vn 0.04381048 -0.2169333 0.9752029
vn -0.1191335 0.2791753 0.9528213
vn 0.2068407 -0.9761437 -0.06603328
vn 0.2195305 -0.9728459 -0.07333047
vn -0.9387298 0.3182819 0.1322234
vn -0.9398426 0.3368358 0.05689939
vn -0.8996137 0.4211453 0.1154628
vn -0.8881972 0.4512217 0.08662882
vn -0.8252366 0.5571805 0.09238081
vn 0.175375 -0.2050878 -0.9629032
vn 0.9422836 -0.2588973 -0.2123061
vn 0.9413482 -0.2787769 -0.1901241
vn 0.9395592 -0.3357171 -0.06724965
vn 0.8999302 -0.4144609 -0.1354544
vn -0.9036863 0.4251915 0.0506284
vn 0.7962873 -0.1729755 0.5796605
vn 0.7497874 -0.180618 0.63655
vn 0.4991548 -0.1784985 0.8479285
vn 0.9512706 -0.264227 -0.1589604
vn 0.9729251 -0.1958275 -0.122753
vn 0.9598986 -0.2457305 -0.1349489
vn 0.9758873 -0.200804 -0.08556744
vn -0.9403872 0.3349149 -0.05919487
vn -0.8230068 0.5566522 0.1131285
vn 0.9612657 -0.2417451 -0.1323908
vn 0.4356919 -0.1916467 0.8794567
vn 0.397566 -0.04429139 0.916504
vn 0.8926012 -0.4397836 -0.09926445
vn 0.8523042 -0.5227212 0.01844849
vn 0.9014196 -0.4326316 0.01650925
vn 0.8702986 -0.4773144 0.1214553
vn 0.6313893 -0.7693445 -0.09724572
vn 0.7327091 -0.6745098 -0.09041044
vn -0.7714965 0.6256874 0.115362
vn -0.6007459 0.7914985 0.1124035
vn -0.00316036 0.9987951 -0.04897442
vn -0.4774274 0.2823627 -0.8320664
vn -0.2521743 0.9167607 -0.3097709
vn -0.5756116 0.7988222 0.1747983
vn -0.4037833 0.8813258 0.2454056
vn 0.8211743 -0.5706706 -0.002801256
vn 0.8285773 -0.5597078 0.01366837
vn 0.9894054 -0.11727 0.08558469
vn 0.9829931 -0.1649365 -0.08074917
vn 0.9927273 -0.0562291 0.1064459
vn -0.4664348 0.8844941 -0.01043707
vn -0.8815323 0.4720696 0.007145637
vn -0.7777678 0.6256649 0.06017211
vn 0.4403807 0.6931684 -0.5705983
vn 0.3750557 0.7879432 -0.4883428
vn 0.5093728 0.5557545 -0.6570207
vn -0.9774706 0.2089549 0.02981873
vn 0.6128254 0.7202622 -0.3250655
vn -0.8416234 0.5396222 0.02186031
vn -0.8871722 0.4606607 0.02678262
vn -0.8149467 0.5768445 0.05578745
vn 0.798115 0.05574443 0.5999209
vn 0.5391489 -0.01417194 0.8420911
vn 0.8298673 0.2807831 0.482163
vn 0.8464852 -0.5299273 -0.05138187
vn 0.8134244 -0.5742636 -0.09253223
vn -0.2264172 0.7973401 0.5594497
vn -0.1884384 0.8492414 -0.4932342
vn -0.190718 0.8399222 -0.5080919
vn -0.1972713 0.8100272 -0.5522137
vn 0.9574332 0.06420319 0.281424
vn 0.4645599 -0.8818555 -0.08071587
vn 0.5955218 -0.7999444 -0.07377465
vn -0.9566075 0.2889369 0.0376498
vn -0.1800068 0.8797282 -0.4400861
vn 0.7679313 -0.1683148 0.6180224
vn 0.8249421 0.02003172 0.5648622
vn 0.9828429 0.1652745 -0.08187884
vn 0.9939308 0.09574646 -0.05416929
vn 0.9959128 0.07779554 -0.04588586
vn -0.9968015 -0.02181609 0.07688159
vn -0.9967754 -0.02137005 0.07734382
vn -0.9971814 -0.02938124 0.06903569
vn -0.8026766 0.5928995 0.06465825
vn -0.7556819 0.6448404 0.1145677
vn -0.7275189 0.6551796 0.2036077
vn -0.7605196 0.6438663 0.08394083
vn -0.8494545 0.5254011 0.04879208
vn -0.7632617 0.43146 -0.4809093
vn -0.2869995 0.9562292 0.05706923
vn 0.7396176 -0.6690273 -0.07326757
vn 0.3441734 6.089907e-05 -0.9389061
vn 0.5664256 0.0003533228 -0.8241128
vn 0.5863635 8.266916e-05 -0.810048
vn -0.9997991 -0.01942422 -0.00493968
vn -0.998544 -0.05373278 -0.004775684
vn -0.9973712 -0.0003786109 -0.07246092
vn 0.9999935 -0.0003259633 -0.003591532
vn 0.9978157 0.06043445 -0.0266773
vn 0.9984596 0.05206042 -0.01918593
vn 0.9997414 0.02174342 0.006664109
vn -0.99812 -0.06032351 -0.01083772
vn 0.9969802 0.07698444 -0.01019898
vn -0.9915134 -0.1300034 -0.0005361788
vn -0.9970247 -0.05924793 -0.04930946
vn 0.9985936 0.01473434 0.05092773
vn 0.997921 0.05099952 0.03940301
vn -0.9977275 -0.05965802 -0.03131699
vn 0.9999906 -0.0002781747 0.004317126
vn -0.9986982 -0.01575555 -0.04851381
vn -0.9974598 -0.03904678 -0.05957595
vn -0.9926509 -0.1156729 -0.03555288
vn -0.9967369 -0.06564917 -0.0469639
vn -0.9979395 -0.001281784 -0.06414945
vn -0.9977943 -0.03838905 -0.05415542
vn -0.9904152 -0.1329374 -0.03748786
vn -0.01760512 -0.9697273 0.2435552
vn -0.01387949 -0.9693966 0.2451074
vn 0.2049113 -0.2943189 -0.9334815
vn 0.2970861 -0.3271835 -0.8970456
vn 0.03447462 -0.3059326 -0.9514288
vn -0.2833846 -0.3185079 -0.9045694
vn -0.1033008 -0.313457 -0.9439669
vn 0.03565606 -0.9354504 0.3516546
vn -0.005490865 0.999262 0.03801829
vn -0.004567978 0.9989824 0.04486978
vn -0.8399438 -0.4002621 -0.3664489
vn -0.8375259 -0.3976003 -0.3747859
vn -0.8388335 -0.3970414 -0.3724466
vn 0.4810631 -0.5947919 0.6440504
vn 0.6444317 -0.569419 0.5103625
vn 0.3145673 -0.9170901 0.2449351
vn 0.7801595 -0.5113201 0.3604206
vn -0.4983048 -0.3060119 -0.8112022
vn -0.4923793 -0.3057788 -0.8148999
vn -0.7025338 -0.3602033 -0.6137588
vn -0.6466858 -0.3806159 -0.661006
vn -0.648545 -0.3480706 -0.6769315
vn -0.6040887 -0.3545831 -0.7136859
vn -0.2348358 -0.4866234 -0.8414569
vn 0.5282587 -0.7020388 0.4775817
vn 0.5350298 -0.6704342 0.5140633
vn 0.7407317 -0.05445481 0.6695904
vn 0.130803 -0.9763369 0.1722116
vn 0.5446225 0.8378323 0.03772762
vn 0.1825075 -0.898642 0.3989154
vn 0.08989678 -0.977517 0.1907328
vn -0.3711008 -0.3219708 -0.8709874
vn -0.1529551 -0.9567707 -0.2473754
vn -0.02100421 -0.9991277 -0.03609017
vn 0.1576939 -0.9786311 0.1319616
vn -0.9851598 -0.1693971 -0.02765535
vn -0.979311 -0.2023259 -0.003756361
vn -0.9789588 -0.2004392 0.03825672
vn -0.9740683 -0.2245593 -0.02764241
vn -0.936708 -0.349152 -0.02590437
vn -0.9586846 -0.2844148 0.005667704
vn 0.9855911 0.1691334 -0.002022708
vn 0.9609005 0.2763395 -0.01751063
vn 0.9568545 0.2897277 0.02207414
vn -0.9878318 -0.1555159 -0.001761643
vn 0.9936154 0.1063125 0.03776424
vn -0.3334114 -0.942462 0.02454064
vn -0.2926913 -0.9549677 -0.04866689
vn 0.8675656 0.4970877 0.01528557
vn 0.7599792 0.6492867 0.02929738
vn -0.8914344 -0.4531423 -0.002596372
vn -0.8506684 -0.5248592 -0.02976746
vn -0.7810503 -0.6240857 -0.02185008
vn 0.9909347 -0.1342743 -0.004324539
vn 0.9515544 0.3071746 0.0137109
vn 0.9141657 0.4053119 -0.004832216
vn 0.9112078 0.4111298 0.02593662
vn -0.8131006 0.5793465 0.05678928
vn -0.3314061 0.9321836 -0.1456152
vn 0.1941276 0.9807913 -0.01904841
vn 0.4573705 0.8890429 0.02037175
vn 0.6179042 0.78611 0.01501215
vn -0.9978328 0.06566869 -0.004150813
vn -0.9697275 0.2438536 -0.01280157
vn -0.6687328 -0.7433022 -0.0172694
vn 0.5743154 0.7996603 -0.1752289
vn -0.00819012 0.9985884 0.05248052
vn 0.235268 0.9708052 0.04675791
vn -0.9676591 -0.2520783 -0.009613814
vn -0.9590771 -0.2830988 -0.005131964
vn -0.9902666 -0.1340191 -0.03756166
vn -0.9716352 -0.2324258 -0.04362695
vn 0.9825414 0.1839793 0.02763969
vn 0.9815559 0.1863496 0.04268372
vn 0.8214316 0.5694023 0.03211064
vn 0.8352924 0.5484633 0.03839926
vn -0.7191902 -0.6944104 -0.0236587
vn -0.5487724 -0.8350232 -0.03981162
vn -0.9262161 -0.3766462 -0.01616522
vn -0.9954913 0.003064716 -0.09480246
vn -0.988744 -0.05639682 0.1385809
vn -0.902638 0.3505477 -0.2497218
vn -0.9069937 -0.4211352 0.002758909
vn -0.7744917 0.3714085 -0.5120725
vn 0.4994765 0.8638691 0.06521682
vn 0.4823916 0.8747658 0.04564165
vn 0.4935839 0.8674371 0.06267207
vn -0.9345623 -0.3553292 -0.01829004
vn -0.9631354 -0.2689187 -0.007282623
vn 0.04693905 0.998786 -0.01493672
vn -0.2514732 -0.1477053 0.9565272
vn -0.9995694 -0.004047474 0.02906495
vn 0.6107341 0.7908841 0.03880847
vn 0.3438069 0.9351581 -0.08529981
vn -0.9442001 -0.3293436 0.004341622
vn 0.4165523 0.9083821 0.03641526
vn -0.6154732 -0.787232 -0.03819329
vn -0.3245007 -0.9443738 -0.05345501
vn -0.2771143 -0.9593344 -0.05371376
vn 0.8920048 0.4495456 0.04728848
vn -0.08506456 0.9963544 0.00646907
vn -0.1934552 0.9810934 0.00555731
vn -0.1418297 0.989886 0.003164488
vn -0.9386711 0.2818797 -0.1985964
vn -0.9048308 0.225381 -0.3612265
vn -0.6419265 0.3109926 -0.7008666
vn -0.8590711 0.5114045 0.02150152
vn 0.5909748 0.7801163 0.2053472
vn 0.4463095 0.8876591 0.1134422
vn 0.2932086 0.9550831 0.04295427
vn 0.2096833 -0.09166735 0.9734629
vn 0.5171964 -0.05063394 0.8543677
vn 0.1808205 -0.08343203 0.979971
vn -0.9982795 -0.05737169 0.01211021
vn -0.949211 -0.3114485 -0.04470334
vn -0.9181286 -0.394417 0.03840743
vn -0.9013182 -0.4278758 0.06743671
vn -0.7423293 -0.6700015 -0.006725135
vn 0.9981295 -0.01615987 -0.05896084
vn 0.9894857 -0.1002017 -0.104296
vn 0.8646468 -0.004869504 -0.5023568
vn 0.9912066 -0.09426007 0.09286873
vn -0.2373206 -0.8280496 0.5079497
vn -0.07538228 -0.996923 0.0214942
vn -0.08480385 -0.9629111 0.2561454
vn 0.9991828 -0.04025232 -0.003659788
vn 0.9992997 -0.03732156 -0.002682323
vn 0.9995915 -0.02857699 0.0002335996
vn -0.9984962 -0.05468889 0.003798282
vn -0.9369572 -0.3001444 0.1789537
vn -0.9484045 -0.316182 -0.02361712
vn 0.04403178 -0.9973333 0.05820115
vn -0.08295297 -0.950649 0.2989736
vn -0.03348372 -0.988485 0.147567
vn -0.3575996 -0.3139194 -0.8795324
vn -0.07155874 -0.08569161 -0.9937486
vn -0.2446723 -0.09583837 -0.9648577
vn -0.2048605 -0.07854847 -0.9756343
vn 0.2259424 -0.8653084 -0.4474272
vn 0.3295192 -0.6345239 0.6991399
vn 0.5144857 -0.6510991 -0.5580092
vn -0.06263843 -0.9942423 -0.08694047
vn 0.03806369 -0.9992738 0.001719857
vn -0.1167001 -0.9917747 0.05257417
vn 0.999667 -0.02577755 0.001166914
vn -0.9657327 -0.2430851 0.09093948
vn -0.9439257 -0.3301067 -0.005814672
vn -0.8905098 -0.4519283 -0.05246873
vn -0.4244844 0.4481313 -0.78676
vn 0.5913733 0.7792535 0.2074647
vn 0.3502301 -0.7002898 0.6220394
vn 0.06866814 -0.992084 0.105138
vn 0.274942 -0.8977178 0.3442523
vn -0.7923618 -0.520152 0.3187549
vn -0.9480732 -0.3071866 0.08242385
vn 0.506418 -0.04299027 0.8612158
vn 0.5395465 -0.08283152 0.8378714
vn 0.5855 -0.08329669 0.8063816
vn 0.6199779 -0.1093899 0.7769564
vn 0.1536588 -0.06864716 0.9857365
vn 0.1738722 -0.07744615 0.9817182
vn 0.1830256 -0.08143034 0.9797299
vn 0.7795423 -0.6262473 0.01131727
vn 0.6722633 -0.74028 -0.006895182
vn 0.7843855 -0.6201525 0.01224557
vn -0.8525771 0.006527007 -0.5225607
vn -0.9025424 0.3049033 0.304058
vn -0.9424191 0.3170907 -0.1063004
vn -0.03207494 -0.3694658 -0.9286906
vn -0.05782707 -0.6349905 -0.7703525
vn -0.04569743 -0.2130586 -0.9759701
vn 0.3200761 -0.9449264 -0.06830429
vn 0.451645 -0.8884935 0.08121668
vn 0.6014716 -0.7906294 -0.1146173
vn 0.02408065 -0.9981537 -0.05576101
vn 0.4232166 -0.8888334 0.1756786
vn 0.536295 -0.8440299 0.001090438
vn 0.5328525 -0.846207 0.001305035
vn -0.4293379 -0.8987131 0.08935132
vn 0.02304495 -0.992419 0.1207209
vn -0.0002478445 -0.9999995 0.0009516024
vn 0.006551081 -0.9999775 0.001485909
vn -0.03803456 -0.9277463 -0.3712684
vn -0.112082 -0.4004242 -0.9094493
vn -0.005125477 -0.5878994 -0.8089178
vn -0.04584399 0.7643005 -0.6432287
vn -0.295867 -0.9531513 0.06297079
vn -0.2884346 -0.9278246 0.2365316
vn 0.05034629 -0.9776576 0.2040853
vn 0.02722716 -0.6096873 -0.7921742
vn 0.1784392 -0.8323691 0.5247104
vn 0.2608816 -0.9571146 -0.1259861
vn 0.5017134 -0.8608691 -0.08478304
vn 0.5563391 -0.8163498 0.1551121
vn -0.004568127 -0.9606231 -0.2778173
vn 0.1405924 -0.9891008 -0.04374171
vn -0.03556311 -0.9028534 0.4284751
vn -0.01489394 -0.9996215 -0.02313232
vn 0.008454234 0.5548579 0.8319022
vn -0.07895064 0.5612783 0.8238528
vn -0.01632265 0.6392887 0.7687935
vn 0.3354439 -0.9377564 0.08994643
vn -0.2815809 -0.9589748 0.03285433
vn -0.219456 -0.9739673 0.05680374
vn -0.01516036 -0.5592966 0.828829
vn -0.269863 -0.7855656 0.5568309
vn 0.02932742 -0.8813205 0.471608
vn -0.07536907 0.5258676 -0.8472205
vn 0.03334992 0.3704871 -0.9282387
vn 0.08915519 0.6727851 -0.7344464
vn -0.01195933 0.5793561 0.8149868
vn -0.0266391 0.1846197 0.982449
vn -0.1866418 0.281426 0.9412568
vn 0.06098648 -0.4895706 0.8698284
vn 0.005802291 -0.4199212 0.907542
vn -0.07738273 -0.2755524 0.9581664
vn 0.04518928 0.3406 0.9391217
vn 0.1763736 -0.2831555 -0.942717
vn 0.07084426 -0.2314268 -0.9702694
vn 0.1334597 -0.101139 -0.98588
vn 0.9978051 -0.05877876 0.0304969
vn 0.9984026 -0.0533502 0.01860335
vn 0.9975165 -0.06295177 0.03158893
vn 0.998682 -0.04925264 0.01443639
vn -0.9634218 -0.2679871 0.001192143
vn 0.06029309 -0.05510179 -0.9966587
vn 0.03962184 -0.04130742 -0.9983606
vn 0.01265857 -0.02330039 -0.9996484
vn 0.1446563 -0.08376004 0.9859304
vn 0.04840699 -0.04176321 0.9979542
vn 0.05265079 -0.07893851 0.9954881
vn 0.9995164 -0.03102327 -0.002145409
vn 0.989041 -0.1457389 -0.02362312
vn 0.9990175 -0.04081976 -0.01725786
vn 0.9971596 -0.06509902 -0.03787966
vn -0.9908084 -0.1352718 0.0005340714
vn -0.003516661 0.7922004 -0.6102508
vn -0.0002381193 0.9811255 -0.1933717
vn -0.0001835314 0.7591906 -0.6508685
vn -0.09210772 0.6079252 0.7886336
vn -0.01520941 0.9314135 0.3636447
vn 0.001396207 -0.2376333 0.9713539
vn -0.4955213 -0.8673106 0.04723256
vn -0.4494569 -0.8897043 0.08009268
vn 0.0002315457 -0.1674618 0.9858785
vn -0.1646853 -0.3637158 -0.9168367
vn 0.06539611 -0.03139317 -0.9973655
vn -0.1306848 -0.1417277 -0.9812414
vn 0.06781294 -0.1531392 0.9858752
vn 0.8295124 -0.3754411 0.4134648
vn 0.8307351 -0.2905122 0.4748492
vn 0.7951078 -0.5460002 0.2639838
vn -0.0005821023 0.9986025 -0.05284595
vn -0.0004376642 0.9986616 -0.05171655
vn 0.0003158686 0.9989495 -0.04582354
vn 0.3367436 0.9232799 0.1848187
vn 0.27103 0.9355848 0.2263267
vn 0.5083711 0.8588029 0.06337604
vn 0.0073101 0.05712362 0.9983404
vn -0.4031861 -0.9148354 0.02274234
vn -0.8336029 0.5519148 -0.0222778
vn -0.5297546 -0.8481034 0.008974561
vn -0.06958111 -0.705812 0.7049737
vn -0.304132 -0.4454491 0.8420681
vn -0.01153929 -0.03076873 -0.99946
vn 0.1731472 -0.2892888 -0.9414521
vn 0.1479976 -0.6705358 0.7269652
vn 0.03646258 0.004540594 0.9993247
vn 0.04457667 0.02499062 0.9986933
vn 0.9942873 -0.1040757 0.02368455
vn 0.9904529 -0.1377194 0.006039302
vn 0.9871919 -0.1594456 -0.005416603
vn 0.05198101 0.0268329 0.9982875
vn -0.006135053 -0.6098376 0.7925026
vn 0.08872774 -0.6107106 0.7868671
vn -0.1771097 0.01478757 -0.98408
vn 0.03619338 -0.9986035 -0.0384839
vn -0.0679982 -0.9974288 0.02262456
vn -0.04661468 -0.9871589 -0.1527886
vn 0.1707208 -0.9725145 0.1583353
vn -0.07135796 -0.9512892 -0.2999285
vn -0.0347898 -0.9993712 -0.006844891
vn 0.01862163 -0.9978127 -0.06342674
vn -0.21241 -0.9686067 0.1291631
vn -0.3262081 -0.9446913 -0.03386401
vn -0.1522698 -0.05815901 -0.9866263
vn -0.006458514 -0.06668359 -0.9977533
vn 0.1390281 -0.9383755 0.3164214
vn 0.01708849 0.1088542 -0.9939108
vn -0.02201715 -0.932579 0.3602936
vn -0.135055 -0.1845018 0.9735088
vn -0.05153514 -0.981557 0.1840927
vn 0.009901982 -0.9910136 -0.133394
vn 0.9261072 -0.3761896 -0.02840808
vn 0.868511 -0.4956594 -0.003250938
vn 0.950115 -0.3118341 -0.006408595
vn -0.6486684 -0.7608466 -0.01848334
vn -0.07095952 -0.9088763 -0.410985
vn -0.09458602 -0.9324992 -0.3485664
vn -0.1707233 -0.9773475 -0.1250819
vn -0.1097402 -0.05127969 0.9926366
vn 0.1729262 -0.04931584 0.9836994
vn 0.122194 -0.08258363 0.9890645
vn -0.01567058 0.9998654 0.004845016
vn -0.03937581 0.9992186 0.003426084
vn -0.05957593 0.4418465 0.8951102
vn 0.009067209 0.99949 -0.03062149
vn -0.0009436353 0.9670219 -0.2546916
vn -0.01118889 0.9998715 -0.01148069
vn -0.6508794 -0.758954 -0.01856882
vn -0.8243324 -0.5661058 0.0005474735
vn -0.3391963 -0.9407116 -0.00274361
vn 0.2256372 -0.9741769 0.008194298
vn 0.8785358 -0.4768758 -0.02764584
vn 0.928479 -0.3707428 -0.02183144
vn 0.9821001 -0.1874871 -0.01811094
vn -0.8342435 -0.5509228 0.02284495
vn -0.2915095 -0.9565538 -0.005203926
vn 0.03696438 -0.9895864 0.1391126
vn 0.02522053 -0.9986995 0.04430719
vn -0.1310163 -0.918021 0.3742622
vn -0.0830277 -0.9214312 0.379567
vn 0.07421448 -0.05756251 0.9955797
vn 0.3307033 -0.9133654 0.2374849
vn 0.2395598 -0.9650728 0.1060458
vn 0.3398067 -0.9391028 -0.05115867
vn -0.9999962 0.0006125409 -0.002667528
vn -0.9997937 0.01523878 -0.01342877
vn -0.9994429 0.0009497005 -0.03335802
vn 0.3648621 -0.9309608 0.01369998
vn 0.3010984 -0.9521399 -0.05262523
vn 0.5022457 -0.8464352 0.176909
vn -0.9913254 -0.008085479 0.1311818
vn -0.9999555 -0.008055881 -0.004899819
vn -0.9999356 -0.007683762 0.008343248
vn 0.9117191 0.4037193 -0.07602004
vn 0.953337 0.2887079 -0.08829688
vn -0.3262347 -0.007092276 0.9452621
vn -0.3988794 -0.0006194869 0.9170032
vn -0.3298448 -0.006775772 0.9440109
vn -0.4043839 -0.0001198302 0.9145893
vn 0.9820345 0.1668689 -0.08810812
vn 0.960535 0.266138 -0.08088971
vn -0.9946824 -0.00635876 -0.1027938
vn -0.9412491 -0.04200004 -0.3350914
vn -0.9536854 -0.2885015 0.08515269
vn -0.9466699 -0.3066927 0.09877147
vn -0.9992402 -0.02242604 0.03187678
vn -0.9999641 -0.007955792 0.002926659
vn -0.9999689 -0.007383603 -0.00275753
vn 0.05129321 -0.01396618 0.998586
vn 0.05820899 -0.01337299 0.9982149
vn 0.1205713 -0.007983705 0.9926726
vn 0.64578 -0.004553356 -0.7635099
vn 0.7577797 0.01073496 -0.6524222
vn 0.7621297 0.01138047 -0.6473243
vn -0.6029209 0.5329171 -0.5937051
vn -0.9912944 0.008126472 -0.1314125
vn -0.9998654 -0.00908079 0.01366531
vn -0.970641 -0.02058606 0.2396502
vn -0.03253876 0.04665863 0.9983808
vn -0.2134751 -0.003568327 0.9769419
vn -0.140463 0.1298498 0.9815341
vn -0.6138006 -0.7885088 -0.0387649
vn -0.955922 -0.2933925 -0.01157264
vn -0.764106 -0.6450422 -0.007901584
vn -0.5099547 -0.8564489 0.08026005
vn -0.3263107 -0.9446324 -0.0345116
vn -0.4720894 -0.8804147 0.04473891
vn -0.2663015 -0.9629129 0.04338574
vn -0.4741437 -0.8767366 -0.08075201
vn -0.6070183 -0.7939994 -0.03307087
vn -0.5478575 -0.8364429 -0.01467671
vn -0.6645586 -0.7275755 -0.1702816
vn -0.5275971 -0.8494534 -0.008380509
vn -0.4813819 -0.8691071 0.1136853
vn -0.5850024 -0.8101062 -0.03873153
vn -0.7407147 -0.644167 -0.1907635
vn 0.02003104 -0.1402131 -0.9899188
vn -0.8761739 -0.4795158 -0.04882578
vn -0.6857198 -0.6358746 -0.3541917
vn -0.09429147 -0.1261379 0.9875213
vn -0.03093722 0.04246327 0.998619
vn -0.2220154 -0.1547094 0.9626911
vn 0.9958889 -0.09031379 0.006986221
vn 0.9781317 0.206521 -0.02464628
vn 0.974855 0.2196104 -0.03780324
vn 0.9180569 0.3890732 -0.0761152
vn -0.7091251 0.01504844 -0.7049221
vn -0.696575 0.01430392 -0.7173413
vn -0.1522356 -0.007528036 -0.9883156
vn -0.1536705 0.02910074 0.9876935
vn -0.4047148 0.04674404 0.9132475
vn 0.06115892 -0.1454431 0.9874746
vn -0.3029806 -0.01715842 0.9528422
vn -0.7784762 -0.6244486 0.06355113
vn -0.8222792 -0.5639378 0.07636154
vn -0.7382194 -0.6707442 0.07165483
vn 0.5802885 0.811046 -0.07395735
vn 0.997009 -0.07106445 0.03037906
vn 0.05270781 -0.07610638 0.9957057
vn 0.06184495 -0.05208613 0.9967258
vn -0.007161923 -0.06665459 0.9977505
vn -0.9996884 -0.01010856 0.02282648
vn -0.9215131 -0.3522595 -0.1634835
vn -0.9997727 -0.02132177 -0.0002248378
vn -0.995091 -0.006903745 -0.0987233
vn -0.9860595 0.001134103 -0.1663893
vn -0.878 -0.4326399 0.2047894
vn 0.04119138 -0.01043915 -0.9990968
vn -0.9266738 0.009631154 0.3757431
vn -0.9466087 -0.01777585 0.3218946
vn -0.9991434 -0.03662954 0.01925422
vn -0.9988086 -0.03045753 -0.03812632
vn 0.308915 -0.03094174 0.9505861
vn -0.6484439 0.7612578 -0.002660213
vn -0.4806117 0.8751833 0.05537615
vn -0.45061 0.8901784 0.06732826
vn 0.7297078 -0.6752415 0.1075885
vn 0.9015492 -0.3941971 0.1783755
vn 0.6895372 -0.7188638 0.08816528
vn 0.6851726 -0.7173365 0.1263604
vn -0.8952016 0.4440286 -0.03811461
vn -0.9491813 0.3139899 -0.02156471
vn -0.4651498 -0.8751777 -0.1330395
vn 0.9559506 -0.2924784 0.02479391
vn -0.9991986 -0.03504395 0.01934326
vn -0.9312221 -0.0480115 -0.3612762
vn -0.1933347 -0.9798087 -0.05095622
vn 0.482578 0.8657999 -0.1323218
vn 0.6495713 0.7603006 0.0002204208
vn -0.9964602 0.0240543 -0.08055179
vn -0.9953391 0.07260641 -0.0634694
vn -0.962773 0.2680375 -0.03498872
vn 0.9889358 -0.1472359 0.01809975
vn 0.9982221 -0.05904665 0.00813026
vn 0.9604825 -0.2738461 0.04981839
vn -0.0169823 -0.8063257 -0.5912281
vn 0.4477725 0.8910565 -0.07428419
vn 0.4628315 0.8829227 -0.07895895
vn -0.7826845 -0.6183782 0.07080428
vn -0.03209375 -0.01908337 -0.9993027
vn -0.128746 -0.05859436 -0.9899451
vn -0.02108037 -0.02771891 -0.9993934
vn -0.2026314 -0.7399521 -0.6414136
vn -0.4048386 -0.8808216 -0.2454772
vn -0.5469304 -0.83519 -0.05766231
vn -0.5119178 -0.8589174 -0.01418636
vn -0.5899149 -0.8066073 0.03721718
vn -0.6683242 -0.7408846 0.06657891
vn -0.6043956 -0.7939363 0.06611443
vn -0.8929298 -0.4438872 0.07510386
vn -0.8999976 -0.4281471 0.08181954
vn -0.5157328 -0.8554889 -0.04645562
vn -0.5092524 -0.8598455 -0.03643703
vn -0.4767888 -0.8751459 -0.08241351
vn -0.01002548 -0.008139091 -0.9999166
vn -0.5574767 -0.8298796 -0.02279385
vn -0.5695515 -0.8219373 0.005507878
vn -0.8441529 -0.5303402 0.07839165
vn 0.9770281 0.2100937 -0.03573205
vn -0.9989063 -0.01021796 0.04562747
vn -0.9989481 -0.005500181 -0.04552317
vn -0.996466 -0.01446626 0.08274157
vn -0.08229148 -0.9841108 -0.1573343
vn -0.05119308 -0.9523889 -0.3005573
vn -0.08825232 -0.9877818 -0.1284463
vn 0.5743644 -0.8156229 0.06974703
vn 0.5554242 -0.8289828 0.06550999
vn 0.3940445 -0.9185826 0.03057446
vn -0.6949445 0.1358435 0.7061152
vn 0.7351903 0.6721035 -0.0881604
vn 0.5219659 -0.8443954 0.1206154
vn 0.4762801 -0.8732404 0.1029972
vn 0.1376928 -0.9899269 -0.03294655
vn -0.8703196 0.4923786 -0.01034776
vn -0.910618 0.4117862 0.03474156
vn 0.2694552 0.9103735 -0.3140287
vn 0.6454817 0.7637727 -0.002142662
vn 0.8057117 0.5866644 -0.08157013
vn 0.5258632 0.8499265 0.03305875
vn 0.7207827 0.689421 -0.07191031
vn -0.9240217 0.360838 0.1264112
vn -0.9196442 0.38455 0.07984903
vn 0.2807706 0.9517598 0.1237786
vn 0.7519164 0.6502679 -0.1085047
vn 0.8229042 0.5576992 -0.1086291
vn 0.5104572 0.859903 0.0004624759
vn 0.4428357 0.8963157 0.02268749
vn 0.05941182 -0.5773782 -0.8143125
vn 0.298429 -0.1732208 -0.9385813
vn 0.5929454 0.08711224 -0.8005168
vn 0.9756332 0.2158952 -0.03910216
vn 0.9939944 -0.1094119 -0.002077434
vn 0.8436424 -0.5366854 0.01537241
vn 0.894989 0.4399724 -0.07361358
vn -0.8353276 -0.5442826 0.07735902
vn 0.082977 -0.994831 -0.05853236
vn 0.08651398 -0.9937397 -0.07068749
vn 0.9651906 -0.2613264 -0.01074241
vn -0.4465643 -0.894124 -0.03350286
vn 0.9407509 -0.1883229 -0.2819968
vn 0.962705 0.2483857 -0.1072546
vn 0.9204687 0.2404043 -0.3081281
vn -0.8668878 -0.439111 -0.2359812
vn -0.9113231 -0.3934004 -0.1213526
vn -0.8391909 -0.3532673 -0.4134741
vn 0.8738866 0.4699086 -0.1245308
vn -0.8230334 -0.5576837 0.1077266
vn 0.8224615 -0.5114334 -0.2489839
vn 0.6737939 -0.687354 -0.2711942
vn 0.7811764 -0.5979982 -0.1793366
vn -0.7499178 -0.6571834 0.07571827
vn 0.8851721 0.4400283 -0.151147
vn 0.922446 0.3717054 -0.1045393
vn 0.7419016 0.2835188 -0.6076176
vn -0.9129351 -0.4069453 -0.03074288
vn -0.999876 -0.01529362 0.003764339
vn -0.9721643 -0.2191417 -0.08290709
vn -0.5116803 -0.8581244 -0.04249461
vn -0.572983 -0.8195261 -0.008215115
vn -0.6880952 -0.7224261 -0.06801137
vn -0.4983042 -0.8657088 -0.04733925
vn -0.5032815 -0.8630542 -0.04295604
vn 0.05204549 -0.7169048 0.6952257
vn 0.06120244 -0.07116251 -0.9955853
vn 0.01376999 -0.04506572 -0.9988892
vn -0.02348818 -0.009461135 -0.9996794
vn 0.05490694 -0.06716482 0.9962299
vn 0.008713915 -0.04357523 0.9990122
vn -0.0167343 -0.06485557 0.9977543
vn 0.8633934 -0.477041 0.1642676
vn 0.9896834 -0.1364467 0.04369276
vn 0.9891644 -0.1392745 0.04643563
vn 0.9988524 -0.04657856 0.01114686
vn 0.9989228 -0.04545647 0.009329637
vn -0.539442 -0.8420197 0.002261107
vn -0.6868255 -0.7265451 0.02007596
vn -0.6406969 -0.7677616 -0.007049963
vn -0.3434801 -0.9313352 0.1209807
vn -0.353779 -0.9293074 0.1059627
vn -0.3899351 -0.9194009 0.05150411
vn 0.9730221 -0.2302516 -0.01456502
vn 0.9986864 -0.04767871 -0.01876507
vn 0.9870153 -0.1544251 -0.04419898
vn 0.989144 -0.1453739 -0.02146327
vn 0.2457647 0.9616846 -0.1214998
vn 0.4070836 0.873025 -0.2685337
vn -0.4680812 -0.8815462 0.06145194
vn -0.2648053 -0.8959287 0.3566368
vn -0.4752413 -0.8597568 0.1869865
vn 0.7994906 -0.5560358 -0.227242
vn 0.8426571 -0.4991834 -0.2018536
vn 0.9429025 -0.3112197 -0.1186474
vn 0.839221 0.5250015 -0.1417091
vn 0.8416073 0.3987132 -0.3643144
vn 0.31531 0.8282006 -0.4633178
vn 0.9659157 -0.2431667 -0.08875129
vn 0.07098647 -0.0696396 0.9950434
vn 0.01192396 -0.03637537 0.999267
vn -0.02329281 -0.01647614 0.9995929
vn -0.06181239 -0.9623369 0.2647393
vn -0.1645101 -0.986113 0.02275164
vn -0.1997593 -0.9775129 -0.06756187
vn -0.999863 -0.01607801 -0.003937684
vn -0.9998575 -0.01283231 -0.01096976
vn -0.9995698 -0.0265724 -0.01241008
vn -0.3743071 0.3248952 -0.8685259
vn -0.6811816 0.3001963 -0.6677378
vn -0.5295543 0.6114004 -0.5880152
vn -0.9999792 -0.006440917 0.0002497906
vn -0.999956 -0.009044594 -0.002478461
vn -0.9999244 -0.009932619 -0.007242665
vn -0.9570875 0.1817682 -0.2257073
vn -0.1017671 -0.9915903 -0.07995109
vn -0.04566035 -0.935088 -0.3514622
vn -0.1099417 -0.9932793 -0.03617972
vn -0.9322394 -0.006545627 -0.3617832
vn -0.9330783 -0.006404796 -0.3596162
vn -0.9541111 -0.002529875 -0.2994422
vn 0.9757009 -0.00342058 -0.2190804
vn 0.9603489 0.0001639513 -0.2788009
vn 0.976282 -0.003575627 -0.2164734
vn 0.6408558 0.0007142643 0.7676609
vn 0.6261198 -0.0003544303 0.7797267
vn 0.642272 0.0008178581 0.7664763
vn -0.8486906 -0.006533191 0.5288494
vn -0.5709068 -0.008058696 0.8209754
vn -0.6142456 -0.01144489 0.789032
vn -0.8803765 -0.3410206 0.3296092
vn -0.9437042 -0.007547761 0.3307041
vn -0.7991734 -0.1019043 0.5923997
vn 0.08888853 -0.02141253 0.9958113
vn 0.237124 -0.02942129 0.9710338
vn 0.007159481 -0.002448461 0.9999713
vn -0.7937925 -0.5473869 -0.2650681
vn -0.7364435 -0.4437445 -0.5106287
vn -0.2020003 -0.2877564 -0.9361582
vn -0.3362021 -0.3792543 -0.8620524
vn -0.7202403 -0.6915968 -0.05429291
vn -0.7723881 -0.6160657 0.1545305
vn -0.875305 -0.4645753 0.1342047
vn -0.961176 -0.2655465 0.07500547
vn 0.9263982 0.3720108 -0.05826156
vn -0.6599625 -0.7504598 0.03548905
vn -0.9946231 -0.1025812 0.01421913
vn -0.2392634 -0.9457911 -0.2196186
vn -0.170461 -0.9849957 0.02695366
vn -0.08625912 -0.9925448 0.08610595
vn -0.8666129 -0.2671831 -0.4214208
vn -0.953162 -0.2422224 -0.1811367
vn -0.9232426 -0.1632997 -0.3477878
vn -0.9113075 -0.3385538 -0.2343073
vn -0.9572117 -0.271296 0.1007182
vn -0.03561963 -0.7891195 0.613206
vn -0.08435085 -0.1768289 0.9806204
vn -0.1201895 -0.2012028 0.9721481
vn 0.9557828 0.2813446 -0.08558211
vn 0.9865246 0.1403247 -0.08413137
vn 0.9620062 0.2624762 -0.07516845
vn -0.9926115 -0.005411056 0.1212158
vn -0.9996743 -0.01016274 -0.02340566
vn -0.8660119 -0.08657485 0.4924714
vn -0.2807034 -0.005650402 -0.959778
vn -0.2796449 -0.005539382 -0.9600875
vn -0.6402414 -0.0002658685 0.7681737
vn -0.6408418 -0.0002197811 0.7676731
vn -0.6280524 -0.001195173 0.7781701
vn -0.01397164 -0.00125111 -0.9999017
vn -0.01272043 -0.001175997 -0.9999185
vn -0.04633096 -0.003193486 -0.998921
vn -0.03840426 -0.9088922 0.4152592
vn -0.03041962 -0.7999368 0.5993128
vn -0.09538934 -0.9806054 0.1712128
vn -0.3599177 -0.007847816 0.9329512
vn -0.3841832 -0.01040533 0.9231983
vn -0.1908525 -0.9811807 0.02932103
vn -0.1858641 -0.9820902 0.03087713
vn -0.03432401 -0.9292599 0.3678285
vn 0.01918935 -0.9555436 0.2942248
vn 0.05032053 -0.9641224 0.2606452
vn 0.1805572 -0.9474424 -0.2641059
vn 0.7236431 -0.6897172 0.02511573
vn 0.1645492 -0.9630849 -0.2130516
vn -0.1899707 -0.9427195 -0.2742099
vn 0.2277076 -0.9645932 -0.1330755
vn 0.2958989 -0.9245327 -0.2401731
vn 0.2824268 -0.9585584 -0.03742743
vn -0.2209706 -0.9745088 0.03878691
vn -0.4513302 -0.8873334 -0.09455425
vn 0.9165198 0.3921009 -0.07904705
vn -0.314084 -0.01561545 0.9492668
vn -0.2987063 -0.01891286 0.9541577
vn -0.4215028 -0.08932583 0.9024169
vn 0.001854721 -0.04823017 -0.9988346
vn 0.002114912 -0.04987606 -0.9987532
vn 0.08083088 -0.06531053 -0.9945858
vn -0.0850743 0.9956464 0.0380877
vn -0.387748 0.9211807 0.03282841
vn -0.3611265 0.9324037 0.01452258
vn -0.03411054 0.9806661 0.1926925
vn 0.08829725 0.9241498 -0.3716865
vn -0.01506643 0.9998127 0.01215101
vn 0.01550589 0.9041943 -0.4268398
vn 0.0001313575 0.9911304 0.1328927
vn 0.0002173462 0.9986702 0.05155401
vn -0.0002733598 0.998629 0.052345
vn -0.5762768 -0.8164048 0.0372586
vn -0.1746913 -0.984545 -0.01240886
vn -0.001588735 0.03754204 0.9992938
vn 0.3997675 0.1247608 0.9080864
vn -0.001001216 0.03611308 0.9993472
vn 0.9777096 -0.2091929 -0.01795591
vn 0.9803277 -0.00763263 -0.1972293
vn 0.03908831 0.8815413 -0.4704859
vn 0.01280436 0.9551815 -0.2957436
vn 0.08199815 0.9459459 0.3137875
vn 0.04613511 0.9919796 0.117678
vn -0.8739355 -0.1651157 0.4571363
vn -0.9182581 -0.07544007 0.3887296
vn -0.9683185 -0.1106228 0.2238793
vn -0.9356757 -0.003305186 0.3528453
vn -0.04188002 0.009091173 0.9990812
vn 0.1939306 -0.005970347 0.9809971
vn -0.1238901 -0.01037004 0.9922417
vn -0.7818289 -0.0423483 0.6220532
vn -0.9684507 -0.01406306 0.2488082
vn -0.9724681 -0.01347912 0.232646
vn 0.9410647 -0.07460846 -0.3298951
vn 0.6906017 -0.0220681 0.7228985
vn 0.302853 -0.0226703 0.9527676
vn -0.5915182 -0.3378441 0.732098
vn -0.459478 -0.1339658 0.8780279
vn 0.008709225 -0.9990295 0.04317529
vn -0.002568188 -0.9996523 0.02624111
vn -0.8348336 0.2037363 -0.5114141
vn -0.7547604 0.5944601 0.2774056
vn -0.1348248 -0.9908693 0.0002748661
vn -0.2376133 -0.970154 0.04838666
vn -0.2532081 -0.9656852 0.05777428
vn 0.3119014 -0.05455919 -0.9485467
vn 0.2737746 -0.03089252 -0.9612976
vn 0.3307105 -0.06634814 -0.9413972
vn 7.454055e-05 -0.9933338 0.115274
vn -0.004164744 -0.9980651 0.06203757
vn 0.8175015 -0.5757295 -0.01506185
vn 0.8226181 -0.5683707 -0.01594031
vn 0.495404 -0.8682106 0.02802246
vn 0.4750676 -0.8794301 0.03022427
vn -0.7379792 0.1708759 0.6528308
vn -0.7180351 0.04598821 0.694486
vn -0.05927347 -0.9953048 0.07651749
vn -0.3452432 -0.9100244 0.2294837
vn -0.3689223 -0.8673083 0.3341748
vn -0.9430416 0.005671964 -0.3326265
vn -0.7959347 -0.01393802 -0.605222
vn -0.9469617 0.006383829 -0.3212832
vn 0.2771544 0.03249426 0.9602758
vn 0.2491667 0.9408826 -0.2294691
vn 0.09597807 0.9697726 -0.2243418
vn -0.7130536 -0.67551 0.1877251
vn -0.3875405 -0.8784609 0.2794971
vn 0.9999528 -0.009708683 0.0003597614
vn 0.9997361 -0.02254583 -0.004389556
vn 0.9991279 -0.03456249 0.02343015
vn -0.2682465 -0.6602159 -0.7015403
vn -0.2102995 -0.6738047 -0.7083511
vn -0.4292649 -0.6079602 -0.6679192
vn -0.04951625 -0.0450587 -0.9977564
vn 0.0009549671 -0.2976075 -0.9546878
vn -0.08864529 -0.9147941 0.3940731
vn -0.1813807 -0.9789207 0.09388933
vn -0.1437704 -0.9553559 -0.2581183
vn 0.1745272 -0.9661456 -0.1900078
vn -0.0108997 -0.302639 0.9530429
vn 0.0001060014 -0.005048213 0.9999873
vn 5.372856e-05 -0.00510059 0.999987
vn 5.409556e-05 -0.005100222 0.999987
vn -0.4327118 -0.8742293 -0.2201904
vn -0.3820055 -0.915178 -0.1285337
vn -0.4617861 -0.8448398 -0.2701839
vn 0.4633493 -0.8656353 -0.1896917
vn 0.6020098 -0.7937683 -0.08669537
vn 0.8533012 -0.5204384 0.03195471
vn 0.03787973 0.001787065 0.9992807
vn 0.002757798 -0.02040917 0.9997879
vn 0.3811445 -0.0218406 0.9242575
vn 0.978828 -0.01380938 -0.2042187
vn 0.985919 -0.007177345 0.1670694
vn 0.7215905 -0.05176535 -0.6903822
vn 0.7116698 -0.0537083 -0.7004581
vn 0.8543113 -0.0006335682 -0.5197611
vn 0.002636698 0.002323566 0.9999939
vn 0.9912287 -0.1045428 0.0808486
vn 0.9976558 0.003384899 0.06834764
vn 0.104146 0.003947963 0.9945542
vn 0.9973696 -0.02689155 0.06731001
vn 0.9857215 -0.0009225314 0.1683811
vn -0.00121721 -0.7859476 0.6182919
vn 0.004308968 -0.9387448 0.3445858
vn -0.01093576 -0.9885902 0.1502325
vn -0.01073031 -0.9338695 -0.3574528
vn -0.1095382 -0.5000337 -0.8590505
vn -0.02845202 -0.8990307 -0.4369603
vn -0.9120834 -0.008755036 0.4099112
vn -0.7308617 -0.01490908 0.6823627
vn 0.9852843 -0.0006993013 0.1709222
vn 0.4057057 -0.0164948 0.9138549
vn -0.0246725 -0.01893934 0.9995162
vn -0.02324838 -0.1691609 0.9853143
vn -0.988843 -0.004064491 0.1489056
vn -0.9893216 -0.00384296 0.1456982
vn -0.7886304 -0.01380428 -0.6147127
vn -0.7254211 -0.0229363 -0.6879231
vn 0.001594674 -0.539979 -0.841677
vn -0.9939244 -0.03034128 -0.1058005
vn -0.9982499 -0.003149273 0.05905113
vn -0.9901171 -0.03553191 -0.1356674
vn 0.9758748 0.1876716 -0.1115691
vn 0.9819987 0.1653268 -0.0913538
vn 0.9901471 0.1023949 -0.09551951
vn -0.9900523 0.118371 0.07605787
vn -0.9999987 -0.001128484 0.001130116
vn 0.9899822 0.1039218 -0.0955785
vn 0.9863839 0.1404574 -0.08554826
vn -0.9900243 -0.1021506 0.0970422
vn -0.9940036 -0.04725096 0.09861147
vn 0.9940552 0.04712628 -0.09814938
vn -0.9943702 -0.05757769 0.08895437
vn -0.9951403 6.001771e-05 0.09846666
vn 0.9953721 0.001553103 -0.09608283
vn 0.9939485 0.04820618 -0.09870431
vn 0.9998421 -0.00593134 0.01675149
vn 0.9670821 -0.04414878 0.2506055
vn 0.9994012 -0.008592222 0.03352
vn 0.868999 -0.129927 0.4774511
vn -0.9997966 -0.002423725 0.02001805
vn -0.0002628795 0.02571508 -0.9996693
vn -0.1135917 -0.001192661 -0.9935268
vn 0.001502795 0.04245888 -0.999097
vn -0.03926765 0.9956882 0.08404142
vn 0.0187052 0.9812596 -0.1917803
vn 0.02731075 0.9723286 -0.2320157
vn -0.04871232 0.9903457 0.1297791
vn -0.002193386 0.9473778 0.32011
vn -0.001843248 0.9987854 0.04923832
vn 0.1891513 0.9788886 -0.07745209
vn 0.198385 0.8034563 -0.5613388
vn -0.2413351 0.8333267 -0.4973169
vn -0.9517097 -0.1120621 -0.2858161
vn -0.9867626 -0.1179721 -0.1112759
vn -0.3101125 -0.05121656 -0.9493192
vn 0.9926847 0.08201188 -0.08860656
vn -0.9822019 -0.1628884 0.09352447
vn -0.983786 -0.155526 0.08931328
vn -0.9904075 -0.1062119 0.08838618
vn 0.9946293 0.03627531 -0.09693677
vn 0.9950667 0.000469113 -0.09920723
vn 0.9945725 -0.0189244 -0.1023112
vn 0.9955979 0.01277744 -0.09285171
vn 0.9924262 0.07943767 -0.09370118
vn -0.553161 -0.06518975 -0.8305198
vn -0.3005972 0.02121017 0.9535152
vn -0.993993 -0.05069856 0.09699282
vn -0.9951696 0.001996662 0.09815032
vn -0.9811435 0.1932336 0.004253738
vn -0.9832997 0.1805685 0.0227353
vn -0.979453 0.2015172 -0.007913197
vn -0.9847862 0.1693359 0.03900615
vn -0.09090255 -0.008228918 0.9958258
vn -0.07348219 -0.00967393 0.9972497
vn -0.07276239 -0.009733531 0.9973018
vn 0.3304568 -0.007388577 0.9437922
vn 0.3332683 -0.007165961 0.9428048
vn 0.3929675 -0.002366485 0.9195493
vn 0.9998046 -0.005402165 -0.01901622
vn 0.9756194 -0.002625431 -0.2194536
vn 0.9542778 -0.03028655 -0.2973829
vn 0.109689 0.000279844 -0.9939659
vn -0.04736282 -0.09189384 -0.9946418
vn 0.1012089 -0.0003787254 -0.9948652
vn 0.9893685 -0.003751562 0.1453816
vn 0.996972 -0.007156068 -0.07743157
vn 0.976936 -0.1548149 0.1470662
vn 0.9998055 -0.005281449 0.01900675
vn 0.9981707 -0.03932354 0.04592139
vn 0.9999697 -0.007361861 0.002583482
vn 0.9996201 -0.01695222 0.02173275
vn 0.3971736 -0.002022968 0.9177413
vn 0.9999617 -0.007697846 0.004175314
vn -0.3897369 -0.902334 0.1841153
vn -0.3763505 -0.9258163 0.03499259
vn -0.3305272 -0.9385743 0.09914683
vn 0.6555477 -0.7333174 0.1802853
vn 0.4044477 -0.9132616 0.04873907
vn 0.4455242 -0.8952592 -0.004370855
vn 0.4118188 -0.9069247 -0.08884268
vn 0.5249212 -0.8456725 -0.09641407
vn 0.00443649 -0.2188918 -0.9757391
vn -0.04600409 -0.1064861 -0.9932494
vn 0.8069802 -0.5888157 0.04559567
vn 0.2119459 -0.9180928 0.3349395
vn 0.8502093 -0.5214148 0.07260057
vn 0.2344898 -0.9088805 0.3448926
vn -0.03271608 -0.9123059 0.4082006
vn -0.5352032 -0.844094 0.03260205
vn 0.1477058 -0.1301901 0.9804251
vn -0.2068129 -0.1750266 0.9625976
vn 0.179696 -0.09776901 0.9788516
vn -0.2565547 0.8129359 -0.5227952
vn -0.01393433 0.9998812 -0.006588538
vn -0.02507457 -0.72574 0.687512
vn 0.1197275 -0.9022185 0.4143271
vn 0.0148164 -0.09449802 -0.9954148
vn 0.008525275 -0.08414596 -0.9964169
vn 0.02086218 -0.1044366 -0.9943128
vn -0.02105898 -0.7874736 -0.6159886
vn -0.00277781 -0.8396586 -0.5431075
vn 0.05875119 -0.9145986 -0.4000721
vn -0.06597079 -0.1186557 0.9907415
vn 0.02677157 -0.0657446 0.9974772
vn 0.2890616 -0.1147752 0.9504052
vn 0.9849157 -0.1212799 0.1234187
vn 0.9359252 -0.3338483 0.1122018
vn 0.7788346 -0.6269738 -0.01790448
vn 0.9371043 -0.3468013 -0.03955417
vn -0.7221593 0.5763263 -0.3825361
vn -0.5176808 0.8481026 -0.1128211
vn 0.6873435 -0.7262238 -0.01256361
vn -0.941325 -0.3044983 -0.1455608
vn -0.8920274 -0.3801379 -0.2445045
vn -0.9719319 -0.2295433 -0.05155846
vn 0.5939595 -0.4366525 -0.6756824
vn 0.7024074 -0.5506441 0.4510154
vn 0.6632228 -0.5780945 0.4753338
vn 0.6646189 -0.577167 0.4745103
vn -0.06238718 -0.8453839 0.5305034
vn -0.8094565 -0.196158 -0.5534459
vn -0.5723185 0.8140277 0.09904815
vn 0.2163054 -0.8856956 -0.4107984
vn 0.2600602 -0.8639162 -0.4312975
vn 0.4498533 -0.7504294 -0.4842393
vn 0.007874623 -0.1239188 -0.9922611
vn 0.1993021 -0.06830323 -0.9775547
vn 0.07094317 -0.07081215 -0.9949637
vn -0.07866149 -0.9920539 0.09819041
vn -0.03427077 -0.9988064 -0.03480306
vn -0.03299754 -0.9805279 0.193588
vn 0.06413988 -0.9943706 -0.08433939
vn -0.05266644 -0.9961735 -0.06974626
vn 0.1435812 -0.989482 0.01759595
vn -0.1260661 -0.9832465 -0.1316575
vn 0.7051531 -0.03476163 -0.7082025
vn -0.4910947 0.4165303 0.7650676
vn -0.2052905 0.8309993 0.5170069
vn -0.481099 0.3838986 0.7881406
vn -0.01926031 -0.2974681 -0.9545375
vn 0.1801409 -0.9815493 0.06411085
vn 0.4049773 -0.8604222 0.3093011
vn 0.6473815 -0.6371236 0.418295
vn 0.6092995 -0.543048 0.5778002
vn 0.2005647 -0.9562181 0.2131213
vn -0.02661952 -0.901409 0.4321495
vn 0.2754714 -0.9523317 0.1310722
vn -0.8097531 0.5830584 0.06590104
vn -0.4686035 0.8701376 0.1525497
vn 0.9910812 -0.1316294 0.02077927
vn 0.9991623 -0.04087926 -0.001906206
vn 0.9897567 -0.139689 0.02947295
vn 0.01916092 -0.3796065 0.9249496
vn 0.009936383 -0.9999382 -0.004987799
vn 0.3111042 -0.950024 -0.02585712
vn 0.4555205 -0.8894647 0.03679068
vn -0.2919889 -0.3430444 -0.8927838
vn -0.2350363 -0.2829889 -0.9298791
vn -0.5246586 -0.3078062 -0.7937182
vn -0.7766674 -0.6267421 0.063104
vn -0.692616 -0.7211617 -0.01445647
vn -0.8207714 -0.5603796 0.1109461
vn 0.9739146 -0.2268459 0.005596831
vn 0.9827418 -0.1832903 0.02496211
vn 0.9798228 -0.1990581 0.01798047
vn 0.9697067 -0.2442624 -0.002217541
vn 0.01094004 -0.9999154 0.00704052
vn 0.07791164 -0.9956384 0.05132292
vn 0.03837751 -0.9989459 0.02518235
vn -0.08992949 -0.920557 0.3801151
vn 0.07694905 -0.891833 0.4457721
vn -0.0290552 -0.9180315 -0.3954415
vn 0.2462407 -0.928018 -0.2795497
vn 0.1868777 -0.9543545 -0.2329895
vn -0.05943219 -0.1538317 0.9863081
vn -0.08583236 -0.1171718 0.9893956
vn -0.07180361 -0.1367128 0.988005
vn 0.8195648 -0.3848043 -0.4245458
vn 0.9988043 -0.04375552 -0.02180739
vn 0.9992192 -0.03700649 -0.01383196
vn 0.9999637 -0.008498392 0.0005175985
vn -0.9770322 -0.01537388 0.2125363
vn -0.9068419 -0.09826989 0.4098548
vn -0.627558 -0.03645283 0.777716
vn -0.02416563 -0.9242463 -0.3810311
vn -0.04366082 -0.9262218 -0.3744421
vn -0.3261719 -0.1851382 0.9270037
vn -0.4064976 -0.3022727 0.8622012
vn 0.6063656 -0.4878165 0.6279776
vn 0.3767021 -0.7354736 0.5631821
vn 0.5916223 -0.7034248 -0.3939247
vn 0.5583414 -0.7117449 -0.4262325
vn 0.63131 -0.690851 -0.3523812
vn -0.9375063 -0.3444343 0.04946574
vn -0.7016982 -0.675492 0.2265616
vn -0.8242029 -0.5662822 0.003752241
vn -0.3870929 -0.8413388 0.3772375
vn -0.8604683 -0.5094412 0.007992367
vn -0.2556022 -0.07803951 -0.9636272
vn 0.9999117 -0.004564497 0.01248019
vn 0.9998583 -0.0007791039 0.01681611
vn 0.9880059 -0.1411443 -0.06263012
vn -0.03285839 -0.99919 0.02323313
vn 0.03249951 -0.9935992 -0.1081867
vn -0.5151198 0.8570142 -0.01334809
vn -0.09210671 0.9957178 0.007901465
vn 0.04476811 -0.9975584 -0.05359982
vn 0.00319982 -0.9988039 0.04879095
vn -0.04425077 -0.9977622 -0.05012386
vn 0.2398048 -0.1126349 -0.964265
vn 0.2577352 -0.08344682 -0.9626054
vn 0.01856268 -0.9941644 -0.1062656
vn -0.5092713 -0.8564004 0.08497708
vn -0.5650749 -0.7637842 0.3119681
vn -0.1092067 -0.9711923 -0.2118005
vn -0.2488937 -0.9485995 -0.1954762
vn -0.1188768 -0.9702705 -0.2108163
vn -0.1731344 -0.05456395 -0.9833856
vn 0.1020151 -0.1007077 -0.9896721
vn -0.1223725 -0.07761187 -0.989445
vn 0.1814249 -0.1448792 0.9726741
vn 0.5327518 -0.12505 0.8369815
vn 0.53794 -0.127416 0.8332981
vn 0.01652875 -0.9850309 -0.1715834
vn 0.183064 -0.8527808 -0.4891345
vn -0.1993547 -0.06559505 0.9777295
vn -0.01538286 -0.4802717 0.876985
vn 0.2469312 -0.4510849 0.8576406
vn 0.2019883 -0.4152536 0.8869978
vn 0.07880522 -0.9877706 -0.1345317
vn 0.05193163 -0.9659319 -0.2535324
vn 0.0477428 -0.9612747 -0.2714252
vn 0.1958322 0.8831463 -0.4262655
vn 0.535293 -0.8346652 0.1295967
vn 0.2603395 -0.9618976 0.08352567
vn 0.03104861 -0.02528753 0.9991979
vn 0.5724304 -0.8114817 0.1175622
vn -0.7231535 -0.6903348 -0.02206209
vn -0.8327166 -0.5535888 -0.01106699
vn -0.8354019 -0.5495343 -0.01075574
vn 0.9967498 -0.04027913 -0.06976812
vn 0.9998458 -0.01695779 0.004557297
vn -0.1152581 -0.9906794 -0.07259321
vn 0.2150334 -0.976568 0.00868968
vn 0.01052124 -0.994972 -0.09959923
vn 0.1059949 -0.9934861 -0.041838
vn 0.05975591 -0.03289621 0.9976709
vn 0.07272298 -0.04015135 0.9965436
vn 0.04884511 -0.02679165 0.998447
vn 0.0197758 0.9993848 0.02896258
vn -0.1571483 0.9346598 0.3189288
vn -0.2822407 0.9484617 -0.1440851
vn -0.08138993 0.996681 0.001631089
vn -0.1213414 0.9877881 -0.09772863
vn 0.9938195 -0.05476809 -0.09655616
vn -0.1617103 -0.03357624 0.9862669
vn -0.2092654 -0.01326843 0.9777688
vn -0.04787501 -0.08107083 0.9955579
vn -0.9992606 -0.0382665 0.003715857
vn -0.9994632 -0.03275707 0.0005930793
vn -0.9996369 -0.02679861 -0.0027834
vn 0.7541209 0.6567291 -0.002923675
vn 0.8134676 0.4033875 0.4189858
vn 0.745474 0.6665331 -0.001411291
vn -0.9919963 -0.08306695 0.09509557
vn -0.9745477 0.02801149 -0.2224237
vn -0.4186956 -0.7690422 -0.4829783
vn -0.2319016 -0.9449167 0.2309853
vn -0.2521796 -0.03282326 -0.9671236
vn -0.1984529 -0.01120506 -0.9800465
vn -0.3424681 -0.06971845 -0.9369391
vn 0.003365992 -0.9938753 -0.110457
vn 0.03019087 -0.9698753 -0.2417238
vn -0.6327161 -0.7743303 -0.00910445
vn -0.7638248 -0.6453012 -0.01257073
vn 0.2854146 -0.9573287 0.04538843
vn 0.1876663 -0.9806387 0.05593834
vn 0.2193089 -0.975458 0.01962895
vn 0.9767267 -0.1949906 0.08935019
vn 0.983791 -0.1680042 -0.0626888
vn -0.1891576 0.9729472 0.132639
vn -0.2818694 0.9550585 0.09172311
vn 0.2396412 0.9161296 -0.3213697
vn 0.8920541 -0.09525934 -0.4417748
vn 0.8912563 -0.1002221 -0.4422871
vn 0.8879618 -0.1193589 -0.444159
vn 0.986088 -0.1601405 0.04455909
vn 0.8989329 -0.4291049 0.08825204
vn 0.8829815 -0.1451063 -0.4464168
vn -0.6323078 -0.1573872 0.7585619
vn -0.7701206 -0.2634635 0.5809486
vn -0.07667872 -0.9963149 0.03843053
vn 0.002887081 -0.9948068 0.10174
vn 0.08550096 -0.9823468 0.1663858
vn -0.4020742 0.714278 0.5728379
vn -0.3988852 0.8364407 0.3758425
vn 0.05952404 0.4585411 0.8866774
vn -0.4896255 -0.07035338 0.8690899
vn -0.2713472 -0.2496503 0.9295405
vn -0.9900339 -0.1408179 0.001817524
vn -0.9873022 -0.1580179 0.01626918
vn -0.9937248 -0.1090961 -0.02468053
vn -0.003060586 -0.04840425 0.9988231
vn 0.01205668 -0.03529114 0.9993044
vn 0.001134263 -0.04476736 0.9989968
vn 0.02718611 -0.99877 -0.04146547
vn 0.3535365 -0.9322844 0.07653443
vn 0.2252042 -0.9390972 0.259576
vn 0.2869562 -0.9481337 -0.1367426
vn 0.418227 -0.9046336 -0.08200026
vn 0.3148139 -0.9475774 -0.05467481
vn -0.5742102 -0.8072495 0.1364955
vn -0.341703 -0.9398052 -0.002258625
vn -0.4388255 -0.896983 0.05342115
vn -0.1654583 0.0141914 0.9861147
vn -0.09274261 -0.02879713 0.9952736
vn -0.05806245 -0.111604 0.9920551
vn -0.1468688 0.03237679 0.988626
vn 0.1443055 0.9880849 0.05351749
vn -0.0324798 0.9554591 -0.2933311
vn -0.1059983 -0.1315631 0.9856244
vn 0.1708826 -0.02620661 -0.9849428
vn 0.2594534 0.05349811 -0.9642727
vn 0.8165599 -0.4150629 0.4011892
vn 0.821089 -0.3599305 0.4430157
vn 0.7936187 -0.5263682 0.3051324
vn -0.2006632 -0.9765113 -0.07848595
vn 0.6724199 0.737242 0.06577064
vn 0.007021285 0.05369215 0.9985328
vn 0.2248279 -0.9698145 0.09440506
vn -0.02258143 -0.1111416 0.993548
vn -0.9559023 -0.08923867 0.2797985
vn -0.9207909 -0.0487709 0.3869955
vn -0.9100798 0.3304588 0.2501033
vn -0.8804727 -0.3677821 0.2991724
vn -0.7988219 -0.5893707 0.1205229
vn -0.0136072 -0.0575418 0.9982504
vn 0.9757675 -0.1678627 0.1403561
vn -0.1371252 -0.9578869 -0.2522886
vn -0.3939631 -0.9173724 -0.05675387
vn -0.9991995 -0.03816918 0.01197882
vn -0.9991574 -0.04000903 0.00916409
vn -0.9992447 -0.03510829 0.01665983
vn -0.06944835 -0.01924006 -0.9974
vn -0.08023547 -0.02487517 -0.9964655
vn -0.0868163 -0.0283142 -0.9958219
vn -0.001419924 -0.04852327 -0.9988211
vn 0.006394467 -0.04183158 -0.9991041
vn -0.004448898 -0.05111571 -0.9986829
vn 0.2917283 -0.9540631 -0.06825181
vn 0.2653182 -0.964052 0.01448922
vn 0.2100284 -0.9759591 -0.05824045
vn -0.07886759 0.9968752 0.004447517
vn 0.07656054 0.9970626 0.002157034
vn 0.9252469 0.2819472 -0.2538188
vn 0.692636 -0.7195979 0.04933837
vn 0.345129 -0.9375229 -0.04400737
vn -0.9249173 0.3786931 -0.03345852
vn -0.9630483 0.266608 -0.03818702
vn 0.166943 -0.9858042 -0.0178917
vn -0.1810815 -0.9832211 -0.02203995
vn -0.3050471 -0.9520756 -0.02232594
vn 0.04384459 -0.2075556 0.9772402
vn -0.926013 0.3746838 -0.04595558
vn -0.2478348 0.9676529 -0.04717723
vn -0.3020806 0.9504572 -0.07333837
vn -0.717911 0.6855573 -0.1208925
vn 0.9936915 0.1121479 3.672386e-05
vn -0.1252889 0.9893757 -0.0737452
vn -0.05196713 0.9972721 -0.05241998
vn -0.9876922 0.1477505 -0.05132179
vn 0.9638668 -0.2663089 0.006358168
vn 0.9905599 -0.1370684 0.001859301
vn -0.9896206 0.134328 -0.051061
vn -0.997485 0.04562168 -0.05424377
vn 0.9819661 -0.1828388 0.04808739
vn 0.9945709 -0.08856932 0.05462836
vn 0.9800499 -0.1880127 0.06444622
vn -0.1348045 0.9907951 -0.01236115
vn 0.3653883 -0.9294918 0.05036237
vn 0.1070051 -0.9936756 0.03403731
vn 0.007412326 -0.9970694 -0.07614322
vn -0.9740936 -0.02333819 -0.2249382
vn -0.9989963 -0.04294271 -0.01274076
vn -0.9717335 -0.04134411 -0.2324322
vn -0.6438558 -0.03422813 0.7643809
vn -0.6204042 -0.03263009 0.7836031
vn -0.6273205 -0.0382132 0.7778231
vn -0.916106 -0.03517536 -0.3993901
vn -0.9988965 -0.04468746 -0.01444884
vn 0.1290338 -0.9802502 0.1498663
vn 0.08302117 -0.9959574 -0.03429949
vn -0.060861 -0.9959059 -0.06683769
vn 0.006205825 -0.9713484 -0.2375791
vn 0.3100151 -0.01099551 0.950668
vn 0.3017339 -0.008939479 0.9533502
vn 0.3554184 -0.02236379 0.9344398
vn 0.9802927 -0.08018983 0.1805434
vn 0.3129893 -0.02286428 0.9494814
vn 0.8875439 -0.2501476 0.3869006
vn 0.9343004 -0.02766724 0.3554113
vn 0.9377262 -0.02598457 0.3464021
vn 0.9808207 -0.005442198 -0.1948361
vn 0.9758286 -0.2150949 -0.03863665
vn 0.05196511 -0.04628395 -0.9975758
vn 0.04482248 -0.04089304 -0.9981577
vn 0.08418718 -0.07059651 -0.993946
vn 0.02096711 -0.04384351 0.9988183
vn 0.05231158 -0.06532527 0.9964918
vn 0.01396712 -0.03904028 0.99914
vn 0.01743902 -0.02022009 -0.9996435
vn -0.01364418 -0.02007331 0.9997054
vn -0.9988577 -0.03809325 0.02884495
vn -0.9716945 -0.2355928 0.01748844
vn -0.9986047 -0.04108327 0.03318143
vn -0.2143959 -0.07679809 -0.973723
vn -0.1669463 -0.03594468 -0.9853106
vn -0.1341846 -0.06709854 -0.9886821
vn -0.1379179 -0.9708741 -0.1959137
vn 0.02716455 -0.9988441 0.03965564
vn -0.3973132 -0.9169629 -0.03634986
vn 0.9997108 -0.0239593 0.00204834
vn 0.9997463 -0.02246466 0.001620895
vn 0.9997561 -0.02203606 0.001498324
vn 0.3134138 0.9350699 0.165578
vn 0.332241 0.9431679 0.007067874
vn 0.02949391 0.3510874 0.9358782
vn 0.003882076 0.3292822 0.9442235
vn 0.0449739 0.3640764 0.9302826
vn -0.02923015 -0.02830406 0.9991719
vn -0.005203651 -0.01673894 0.9998463
vn -0.04219154 -0.03453881 0.9985123
vn 0.09509379 -0.8894434 0.4470432
vn 0.06056033 -0.6349779 0.770153
vn 0.07858246 -0.8865045 0.4559983
vn 0.1031597 -0.9785633 0.1782467
vn 0.9999269 -0.0104093 -0.006148056
vn 0.99994 -0.01065624 -0.002527714
vn 0.9998721 -0.008680374 0.01343273
vn 0.0464166 -0.9869145 0.1544191
vn 0.1505469 -0.9884374 -0.01808837
vn 0.05658789 -0.9842478 0.1674934
vn 0.8804497 -0.05679974 0.470725
vn 0.985818 -0.01060149 0.1674823
vn 0.860696 -0.063393 0.5051572
vn 0.3917875 -0.9200519 -0.002661868
vn 0.6458318 -0.7627231 0.03398097
vn 0.8536656 -0.003186779 -0.5208117
vn 0.9844183 -0.01468775 -0.1752279
vn 0.888699 -0.02306049 -0.4579107
vn 0.9996353 0.009444559 -0.02529733
vn 0.9302601 0.003246751 0.3668865
vn 0.9172755 -0.1437532 0.3714038
vn 0.9260203 -0.009804902 0.3773463
vn -0.06400143 0.4435725 0.8939503
vn -0.3410356 -0.01740296 0.9398893
vn 0.05959323 -0.9925084 -0.106658
vn 0.02011662 -0.9757485 -0.2179679
vn 0.1502092 -0.7955123 -0.5870242
vn -0.004523254 -0.9974775 0.07083868
vn 0.06141793 -0.9729986 0.2224896
vn -0.7441532 -0.01336603 0.6678753
vn -0.976 -0.1006898 -0.1930949
vn -0.983967 -0.1182703 -0.1334958
vn -0.934738 -0.05074933 -0.3516949
vn 0.5961626 0.04176169 0.8017769
vn 0.8192679 -0.01303319 0.5732628
vn 0.6275792 -0.004947654 0.778537
vn 0.8408754 -0.007566418 0.5411758
vn -0.2515224 0.9334342 -0.2558065
vn -0.999468 -0.02916825 0.01459209
vn -0.9879154 -0.09574818 0.1218835
vn -0.8051867 -0.04719423 -0.5911406
vn -0.8054131 -0.5859383 -0.08936409
vn -0.5390171 -0.02129591 -0.8420255
vn -0.2407659 -0.04030643 -0.9697459
vn -0.2298122 -0.04440026 -0.9722217
vn -0.193703 0.9504441 -0.243177
vn -0.08362263 0.9779471 -0.1913813
vn 0.01848529 0.9772202 -0.2114211
vn -0.03083304 0.9535958 -0.2995071
vn 0.9998569 -0.00999443 -0.01364927
vn 0.999816 -0.0131877 -0.01393237
vn 0.9999009 -0.01035523 -0.009537534
vn -0.6448964 0.0002926508 0.7642699
vn -0.6040394 -0.002413272 0.7969508
vn -0.6026091 -0.002505936 0.7980326
vn 0.2883224 0.0003382455 -0.9575333
vn 0.2954094 0.000939525 -0.9553703
vn 0.1783425 -0.008827419 -0.9839288
vn -0.001040097 -0.0009892466 -0.999999
vn -0.0006701356 -0.001009194 -0.9999993
vn -0.001055304 -0.0009884267 -0.999999
vn -0.9673736 -0.005170729 -0.2533012
vn -0.9490598 -0.001693459 -0.3150913
vn -0.9481028 -0.001530036 -0.31796
vn 0.3802685 -0.006403218 0.924854
vn 0.5656666 -0.006916415 0.824605
vn -0.8713172 0.03113049 -0.4897317
vn -0.9788926 -0.01855853 -0.2035311
vn 0.998824 -0.00984434 0.04747397
vn 0.9994991 -0.009971289 0.03003383
vn 0.5682262 -0.03572078 0.8220967
vn 0.1030185 -0.0006722714 0.9946792
vn 0.9626266 -0.1272203 -0.2390917
vn 0.9793128 -0.04718333 -0.1967742
vn 0.005284117 0.0005895625 0.9999858
vn -0.04283149 -0.006701536 0.9990598
vn 0.2012989 -0.004157843 0.9795211
vn -0.003043853 0.0002746609 0.9999954
vn -0.9855325 -0.04359451 -0.1637842
vn -0.9667675 -0.01810129 0.2550157
vn -0.9874039 -0.01989441 -0.1569641
vn -0.01689893 0.06269892 0.9978895
vn -0.997103 0.01407635 -0.07474861
vn 0.997291 0.03088251 -0.06676071
vn 0.9997873 -0.006953836 -0.01941483
vn 0.1736475 -0.009211981 -0.9847648
vn -0.03283575 -0.802212 0.5961356
vn 0.07154234 -0.1560685 0.9851519
vn 0.05493985 -0.291624 0.9549539
vn -0.02028255 -0.9897511 0.1413554
vn 0.02552814 -0.9571183 0.2885701
vn 0.001906474 -0.5571229 -0.8304278
vn 0.001282862 -0.2641215 -0.9644886
vn 0.0005809689 -0.2314082 -0.9728565
vn 0.02143673 -0.9966137 -0.07938251
vn -0.2106142 -0.9697856 -0.1231156
vn -0.2865856 -0.9489567 0.131719
vn 0.9855639 0.1005028 -0.1362455
vn 0.9867017 -0.1513336 -0.05931065
vn 0.956914 -0.2900492 -0.01367818
vn 0.9058716 -0.02364623 0.4228919
vn 0.9326694 -0.08157073 0.3513888
vn 0.7086747 -0.00756059 0.7054947
vn -0.9926028 -0.005658609 0.1212754
vn -0.093875 -0.004243853 0.995575
vn -0.2624201 -0.00870744 0.9649144
vn -0.358534 -0.002774787 0.9335126
vn 0.1611589 -0.9847637 -0.06533162
vn 0.1830444 -0.9795386 -0.0836604
vn 0.2134807 -0.9708195 -0.1092493
vn 0.001120736 -0.9992269 -0.03929748
vn 0.001375164 -0.970296 0.2419169
vn 0.4223186 -0.8596312 0.2875433
vn -0.08397262 -0.00784378 0.9964372
vn -0.0351411 -0.8092527 0.5864086
vn 0.07659504 -0.7307643 0.6783191
vn -0.3854273 -0.8895444 -0.2452684
vn -0.4179668 -0.9084601 0.002008435
vn -0.4495996 -0.8405549 -0.3022048
vn 0.9900125 -0.1358448 -0.03770152
vn -0.3655254 -0.9100305 0.1955395
vn 0.1106741 -0.9907386 -0.07866515
vn 0.004203558 -0.8407741 -0.5413698
vn 0.07813473 -0.9221568 -0.3788426
vn 0.7256193 -0.622531 0.2931415
vn 0.889735 -0.4245961 0.1676005
vn -0.1480659 -0.9808904 0.1262161
vn -0.1981374 -0.9786944 -0.05384076
vn 0.3480817 -0.9364137 0.04436732
vn -0.04179104 -0.977177 -0.2082749
vn -0.9966945 0.08120913 0.002255932
vn -0.9409116 0.337759 -0.02458239
vn -0.9260144 0.3764377 -0.02814102
vn 0.8281252 -0.5534526 0.08887579
vn 0.5490091 -0.8322537 0.07708941
vn 0.4537801 -0.872866 0.1794117
vn -0.5259675 0.843003 -0.1127121
vn -0.5632314 0.8245752 -0.05334846
vn 0.6087141 -0.03138486 0.7927686
vn 0.5985124 -0.006867574 0.8010842
vn 0.658031 -0.1713877 0.7332267
vn -0.3164916 0.9291911 -0.1908847
vn -0.5235778 0.792612 -0.3124621
vn -0.7968242 -0.6040011 0.01593776
vn -0.7636551 -0.6455543 -0.009515313
vn 0.5776573 -0.7795984 0.2419472
vn 0.2589087 -0.9201524 0.2937447
vn -0.7790223 -0.6256542 0.04100357
vn -0.6384366 0.7685989 -0.04067538
vn -0.961422 0.2594549 -0.09138419
vn 0.9909829 0.13392 -0.00426316
vn -0.1211713 0.9900812 -0.07111153
vn 0.2595537 0.9657285 0.000413245
vn -0.852584 0.5120774 -0.1042942
vn 0.8169596 -0.5205836 0.2481327
vn -0.006383255 0.9915999 -0.1291856
vn -0.0467963 0.9953115 -0.08464624
vn -0.9736828 0.2217631 -0.05256336
vn 0.9103244 -0.4118765 0.04083253
vn 0.9296691 -0.352397 0.1073857
vn -0.9712579 0.2288056 -0.06562136
vn -0.9302244 0.3488448 -0.1139735
vn 0.6196722 -0.001033702 0.7848601
vn 0.6187773 -0.001094937 0.7855657
vn 0.6197305 -0.001029705 0.7848139
vn -0.9960364 0.06366429 -0.062116
vn -0.9959164 0.07515997 -0.05001328
vn -0.9978614 0.009828477 -0.06462191
vn 0.9422584 -0.004216734 -0.3348603
vn 0.9416597 -0.004315662 -0.3365389
vn 0.959467 -0.001115737 -0.2818187
vn 0.9999572 -0.007442681 0.005484544
vn 0.9997751 -0.004301645 0.02076504
vn -0.03727299 -0.9501933 0.3094244
vn 0.4300366 -0.6990185 0.5713506
vn 0.8808927 -0.4729232 -0.01927967
vn 0.9956236 -0.09250432 0.01328759
vn 0.9944579 -0.1048286 0.008032138
vn 0.6222743 -0.7814931 0.04520223
vn 0.9979063 -0.01568186 0.06274572
vn -0.989319 0.1298191 -0.06629431
vn 0.8966313 -0.4418144 0.02919708
vn 0.9823676 -0.1834388 0.03611244
vn 0.920995 -0.3864343 0.049362
vn 0.4993811 -0.8649861 0.04916871
vn 0.6992863 -0.7038731 0.1247454
vn 0.6837155 -0.7289094 -0.03499043
vn 0.261661 -0.95634 -0.1301823
vn 0.9999996 0.0002718101 0.0008873122
vn 0.9979094 -0.001285283 0.06461556
vn -0.1630924 -0.02530006 0.9862863
vn -0.03377469 -0.2432243 0.9693818
vn 0.00100576 -0.1779307 0.9840425
vn -0.02770133 0.3344288 0.9420139
vn 0.0003904164 0.1790645 0.9838373
vn 0.03051141 0.3486422 0.9367592
vn 0.004921804 0.004292519 0.9999787
vn 0.9615667 -0.03446325 -0.2724
vn 0.9884635 0.1070532 0.1071427
vn 0.9972467 0.07411136 0.002532216
vn 0.994367 0.1053576 0.01157627
vn 0.4080969 0.8853859 -0.2225957
vn -0.6046872 0.6724433 -0.4268178
vn -0.1573583 0.4575696 -0.8751391
vn 0.9890282 0.07128686 -0.1293888
vn 0.9982141 0.05797135 -0.01441888
vn 0.002300828 0.002706574 0.9999937
vn -0.001702333 0.001847006 0.9999968
vn 0.9986595 0.009868945 -0.05081168
vn -0.0400772 0.1571859 0.9867555
vn 0.0005072583 0.005135583 0.9999867
vn 0.0007039065 0.0002104034 -0.9999998
vn 0.0006302908 0.0002942446 -0.9999998
vn -0.006754937 0.9172993 -0.3981412
vn -0.05935536 0.97137 -0.2300373
vn 0.004023334 0.9968092 -0.07971968
vn -0.9972886 -0.0003512494 -0.07358801
vn 0.9535604 0.007708222 -0.3011034
vn 0.9941073 0.004652087 -0.1083006
vn -0.9999402 -0.002230164 0.01071079
vn -0.9986894 -0.0005280758 0.05117954
vn -0.9991255 0.0004154613 0.04180889
vn -0.9970332 0.000702579 0.07696926
vn 0.973668 -0.2277263 0.01054629
vn -0.9981161 0.01137179 -0.06028942
vn -0.9978489 -0.002362546 -0.06551386
vn 0.01905104 0.7209524 0.6927227
vn 0.01419367 0.7149548 0.6990266
vn 0.0438307 0.6530373 0.7560564
vn 0.9906723 0.08252859 0.108432
vn 0.9999901 -0.003780522 0.002333143
vn 0.999961 0.00399434 0.007883172
vn 0.005374267 0.6154679 0.7881436
vn 0.3021658 0.4888576 0.8183606
vn 0.9780647 -0.2081622 0.007607603
vn 0.981123 -0.1933843 0.0004339922
vn 0.9850491 -0.1719889 -0.00990597
vn 0.9748923 -0.2222078 0.01445002
vn 0.01769658 0.07849091 0.9967577
vn -0.02145247 0.04692556 0.9986681
vn 0.02185828 0.3027215 0.9528284
vn -0.017981 0.9797357 0.199486
vn -0.1226081 0.9886529 0.0867909
vn 0.01031987 0.9733527 0.2290808
vn 0.03908898 0.3223784 -0.9458035
vn -0.08466473 0.288371 -0.9537684
vn -0.1691452 0.2621588 -0.9500856
vn 0.01027247 -0.9985468 -0.05290389
vn 0.02019519 -0.9979378 -0.06092903
vn 0.03966458 -0.9962685 -0.07665399
vn 0.01030742 0.9650878 0.2617235
vn 0.007525958 0.9917021 0.1283361
vn 0.002240781 0.9822739 0.1874378
vn -0.9681866 0.1319002 0.2126429
vn -0.9686792 0.2275606 0.09938142
vn -0.9727418 0.2301003 0.02876315
vn -0.05800531 -0.1619623 0.9850906
vn -0.0573207 -0.01661463 0.9982175
vn 0.01212194 0.7743332 0.6326618
vn 0.04138428 0.9100832 0.412354
vn 0.011784 0.8424276 0.5386808
vn 0.01005763 0.8891602 0.4574854
vn -0.0141176 -0.9547614 0.2970376
vn -0.01143116 -0.9260872 0.3771363
vn -0.008444897 0.2380581 -0.9712142
vn -0.02740367 0.2184637 -0.9754602
vn 0.04010713 0.2873814 -0.9569761
vn 0.9998931 -0.01205178 0.008275442
vn 0.9999231 0.0107006 0.006277728
vn 0.9992428 0.03890515 -0.0005480515
vn 0.9834151 0.162534 0.08048193
vn 0.976711 0.1409503 0.161767
vn -0.6563979 -0.6821991 0.3220965
vn -0.7593851 -0.5968007 0.2591586
vn -0.1668562 -0.8986487 0.4056962
vn 0.308943 0.1118748 -0.9444778
vn 0.9822291 0.1659335 -0.08770479
vn 0.9188925 0.3594607 -0.1625562
vn 0.267054 0.9549125 0.1297087
vn 0.5146499 0.8530292 0.08646803
vn 0.2868369 0.9393141 0.1881851
vn 0.4848897 0.8488465 0.2105747
vn 0.05527414 0.882665 -0.466741
vn -0.09041244 0.8659469 -0.491896
vn -0.003867273 0.8646643 -0.5023353
vn -0.002678003 -0.8722218 0.4891033
vn 0.0001320126 -0.8421038 0.5393155
vn -0.007717277 -0.8739348 0.4859819
vn -0.269233 -0.1049476 0.9573399
vn -0.3899845 -0.8165852 0.4255592
vn -0.1352153 -0.8579361 0.4956436
vn -0.3426433 -0.8104095 0.475218
vn -0.08465303 -0.8877123 0.4525492
vn -0.846379 -0.4525764 0.2807438
vn -0.8731893 -0.4177479 0.251052
vn -0.8844185 -0.3981741 0.2434364
vn -0.09679788 -0.8864735 0.4525427
vn -0.3146303 -0.871347 0.376513
vn -0.7858085 -0.5202737 0.3343953
vn -0.8063601 -0.526634 0.2691468
vn -0.804708 -0.514721 0.2958163
vn 0.00559494 -0.8715917 0.4902007
vn 0.01562437 -0.9081987 0.4182477
vn 0.006396582 -0.9145442 0.4044354
vn 0.003901787 -0.8286737 0.5597184
vn 0.2304639 0.8736714 -0.4284678
vn 0.08408252 0.8810266 -0.4655343
vn 0.1930823 0.9121237 -0.3615932
vn 0.05468832 0.9409167 -0.3341932
vn 0.8455139 0.495515 -0.1989253
vn 0.5424025 -0.7090599 0.4505926
vn 0.6971509 -0.631431 0.3395224
vn 0.3221366 -0.7630609 0.5603268
vn -0.3545867 -0.9017732 0.2471302
vn -0.6354271 -0.7510403 0.1793623
vn -0.4791224 -0.8403317 0.2535438
vn 0.4031494 -0.8615866 -0.3084464
vn 0.468487 0.8203607 -0.327915
vn 0.6417492 0.736365 -0.2143004
vn 0.7628021 0.6175081 -0.1918769
vn 0.5947515 0.787558 -0.1613167
vn -0.7123162 -0.6653168 0.2235157
vn 0.8301011 0.5083298 -0.2292003
vn 0.8611619 0.4741964 -0.1831336
vn -0.8699581 -0.4599635 0.1777819
vn 0.06791786 -0.9809194 0.1821655
vn -0.2653415 -0.8856334 0.3811134
vn -0.477491 -0.8107234 0.338718
vn 0.9533098 -0.228825 0.1970775
vn 0.9518596 -0.2493124 0.1783441
vn 0.9545016 -0.2388663 0.1785206
vn -0.2124301 -0.8488733 0.4840326
vn -0.5115705 -0.7967719 0.3216367
vn 0.4430006 0.8211512 -0.3598069
vn 0.6474504 0.7044104 -0.2908846
vn 0.6609426 0.7010645 -0.2677003
vn 0.0851789 -0.8858103 0.4561631
vn 0.5555955 -0.7597429 0.3377931
vn 0.08554745 -0.9411973 0.3268475
vn 0.2252705 0.896355 -0.3818389
vn 0.07680871 0.9306212 -0.357833
vn 0.2349324 -0.9054533 0.3534983
vn 0.774267 0.5784783 -0.2566581
vn 0.7818159 0.5530807 -0.2878637
vn 0.1295545 -0.8166224 0.5624443
vn -0.6617029 -0.6745635 0.3272819
vn -0.813512 -0.5369391 0.2233714
vn 0.7834417 0.5497831 -0.2897546
vn 0.7608314 0.594203 -0.2608802
vn 0.7329347 0.6172766 -0.2859656
vn 0.7518901 -0.6569406 0.05559048
vn 0.9105613 -0.373211 0.1777399
vn 0.6907815 -0.7229863 -0.01057481
vn 0.9411401 -0.2806911 0.1883294
vn 0.5437058 0.7015366 -0.4606847
vn -0.293052 -0.8828141 0.3670963
vn -0.2664634 -0.8610175 0.4331814
vn 0.365955 0.8292649 -0.4223702
vn 0.6078864 0.7529187 -0.2521659
vn -0.7623622 -0.6048127 0.2302294
vn 0.8022686 0.5661702 -0.1892524
vn 0.913428 0.3874506 -0.1246245
vn 0.8793741 0.4514919 -0.1511825
vn 0.9544687 0.2782455 -0.107559
vn 0.925572 0.3446808 -0.1565618
vn -0.9403301 -0.3193227 0.1175253
vn -0.980181 -0.1562864 0.1217364
vn -0.9870948 -0.1300555 0.09343055
vn -0.9264572 -0.3400294 0.1614226
vn -0.8571652 -0.4881051 0.164382
vn 0.8337626 0.5130602 -0.2039831
vn 0.9453028 0.2910767 -0.147231
vn 0.9677891 0.2327637 -0.0959444
vn 0.9812733 0.1535955 -0.1162374
vn -0.9230163 -0.3443559 0.1716387
vn -0.960142 -0.2541228 0.1164009
vn -0.898862 -0.4185019 0.1300125
vn -0.7833105 -0.579776 0.2242418
vn 0.9879581 0.125522 -0.09045974
vn -0.9224294 -0.3736125 0.09766128
vn -0.7244405 -0.6526321 0.2219399
vn 0.7502489 0.6005488 -0.2765279
vn 0.7945441 0.5715182 -0.2051015
vn 0.7489231 0.6111771 -0.2560796
vn -0.1944222 -0.9365215 0.2917663
vn -0.4749885 -0.834591 0.279005
vn 0.1122446 0.002933625 -0.9936763
vn -0.007949892 -0.2187547 -0.9757475
vn 0.08375015 -0.006614873 -0.9964649
vn 0.04881625 0.2899715 -0.9557894
vn 0.0789239 0.4004992 -0.9128917
vn 0.005704117 0.2267708 -0.9739315
vn 0.2061852 -0.9216222 0.328786
vn -0.3415256 -0.8944653 0.2886036
vn -0.2296302 -0.840309 0.4910711
vn -0.05899724 0.01116333 -0.9981957
vn 0.1338352 0.09945084 -0.9860008
vn 0.1203937 0.3283764 -0.9368427
vn 0.03333055 0.9176232 -0.3960513
vn -0.003765143 0.1132094 -0.993564
vn 0.005327114 0.1015413 -0.9948171
vn 0.04135038 0.1561548 -0.9868667
vn 0.9297658 0.3254392 -0.1721187
vn 0.8213155 0.5265607 -0.219487
vn 0.7008027 0.6633567 -0.2623613
vn 0.2884021 0.915986 -0.2789156
vn 0.4845811 0.8311865 -0.2725991
vn 0.4585985 0.8436688 -0.2791242
vn 0.2765473 -0.9496357 0.1473551
vn 0.09061175 -0.9205078 0.3800723
vn 0.04831085 0.1685314 -0.9845116
vn -0.05915558 -0.7880218 0.6127988
vn 0.1517196 0.6030275 -0.7831597
vn 0.5459465 0.0302025 -0.8372754
vn 0.3236906 -0.1082507 -0.9399501
vn -0.6962965 -0.6827031 0.2215577
vn -0.8441575 -0.5021504 0.1877313
vn 0.8717495 0.3124322 0.377411
vn -0.1769381 -0.1260188 0.9761209
vn -0.03349559 -0.5726346 0.8191262
vn -0.2962717 -0.3303389 0.896158
vn -0.03346128 -0.2727177 0.9615121
vn 0.8612735 -0.4463588 -0.2428411
vn 0.8852726 0.4489095 -0.1215424
vn 0.808736 0.5622255 -0.1727675
vn 0.9560584 0.2795202 -0.08843561
vn 0.8054444 0.5558773 -0.2055716
vn 0.7677661 0.6148046 -0.1804174
vn -0.05640262 -0.8824443 0.4670235
vn -0.284954 -0.9585112 0.007572518
vn 0.2289152 0.9302558 -0.2867436
vn 0.7978668 0.5688317 -0.1995976
vn -0.4356036 -0.8574218 0.2740026
vn -0.3960989 -0.7005793 0.5935438
vn -0.8219488 -0.5254065 0.2198819
vn -0.910975 -0.3689295 0.184433
vn -0.6914687 -0.7087698 -0.1397015
vn -0.04755545 -0.9983057 0.03353053
vn -0.2522237 -0.926805 -0.2782366
vn 0.0009474197 -0.8959836 0.4440861
vn -0.04602565 -0.8916954 0.4502898
vn -0.2835431 -0.9070186 0.3113206
vn -0.5395659 -0.7717518 0.3365529
vn -0.07574701 0.3661211 0.9274792
vn 0.9858473 0.1660395 -0.02315381
vn 0.7802485 0.5986578 -0.181166
vn -0.002117899 -0.959846 0.2805197
vn -0.1942523 -0.9493088 0.2471413
vn 0.3747409 -0.8969841 0.234497
vn 0.2042047 0.3033286 -0.9307482
vn 0.1213139 0.3015831 -0.9456905
vn 0.496618 0.8059565 -0.3221873
vn 0.545445 0.7803393 -0.3058762
vn 0.5041999 0.8022072 -0.3197592
vn 0.3606678 0.7641132 0.5348363
vn 0.7050962 0.6624651 0.2529417
vn 0.8106963 0.4682953 0.3513846
vn -0.04981619 -0.8638436 -0.5012909
vn -0.07683812 -0.02319467 -0.9967738
vn -0.05842252 -0.01449908 -0.9981866
vn -0.981648 -0.1497416 0.1180872
vn 0.969668 0.1905086 -0.1531352
vn 0.8995566 0.3822307 -0.211418
vn 0.963095 0.1998649 -0.1802832
vn -0.9668913 -0.1971954 0.1619723
vn -0.7420898 -0.3660865 0.5615009
vn -0.7168031 -0.6549912 0.2391229
vn -0.7278703 -0.6350427 0.2586999
vn -0.9643515 -0.1936729 0.1803244
vn -0.6051755 -0.5813023 0.5439211
vn 0.9225989 0.3358743 -0.1897361
vn 0.2032232 0.1261726 -0.970969
vn 0.2469515 0.1622292 -0.9553516
vn 0.1891307 0.2053589 -0.9602382
vn 0.2058932 0.3161408 -0.9261009
vn 0.2032445 0.3043541 -0.9306235
vn 0.1752791 0.371945 -0.9115559
vn 0.792109 0.4964363 -0.3551258
vn 0.801642 0.4008907 -0.4434599
vn 0.8003529 0.3322757 -0.4990271
vn 0.6739382 0.2669748 0.6888627
vn 0.7812708 0.1353204 0.6093475
vn 0.7252187 0.1849088 0.6632243
vn -0.4905148 -0.2114376 0.8453931
vn -0.4655088 -0.1380815 0.8742054
vn 0.1198043 0.1645127 -0.9790723
vn 0.2225085 0.1437376 -0.9642767
vn 0.05188795 0.1633329 -0.9852056
vn 0.2214402 0.3140057 -0.923236
vn 0.7769256 0.5599273 -0.2878681
vn 0.750057 0.3065787 0.5860238
vn 0.07419579 0.08264927 -0.9938129
vn -0.0212962 0.06813674 -0.9974487
vn -0.4042732 -0.3895306 0.827544
vn -0.9216791 -0.3236215 0.2139547
vn -0.07099985 0.4774863 -0.8757658
vn -0.2953836 0.176285 -0.9389739
vn -0.09217969 0.3841726 -0.9186481
vn -0.9952402 0.08228949 -0.05220573
vn -0.1396547 -0.6498824 -0.747094
vn -0.3700502 -0.59507 -0.7134105
vn -0.1643134 -0.8272588 -0.5372559
vn 0.07778923 0.9969584 0.004789562
vn 0.9975094 -0.06681781 0.02259479
vn 0.9932562 -0.09352337 -0.06852394
vn 0.9000537 0.06238737 -0.43129
vn 0.551209 -0.2247801 -0.8035188
vn 0.9931411 0.1131343 0.02952192
vn 0.9991675 0.03839483 -0.01378785
vn 0.9976742 0.03608114 -0.05783004
vn 0.002666056 0.9442145 -0.3293204
vn 0.001446538 0.922094 -0.3869632
vn -0.3019549 0.9113309 -0.2798199
vn -0.3128794 0.4523139 -0.8351758
vn -0.02626345 0.8753923 -0.4826994
vn -0.0004793264 0.9804895 -0.1965708
vn -0.001687943 -0.1148439 -0.9933822
vn 0.0005768505 0.7021832 0.7119961
vn 0.0005619317 0.7027355 0.7114511
vn -0.001359269 0.7702157 0.6377819
vn -0.290418 -0.7313167 0.6171168
vn -0.56271 -0.5781658 0.5908315
vn -0.2248834 -0.8844903 0.4087839
vn -0.2891547 -0.2947861 -0.9107638
vn -0.3378989 0.647667 -0.6828995
vn -0.1138154 0.5761123 -0.8094077
vn 0.775811 -0.2004196 -0.5982887
vn 0.4173191 -0.0244825 -0.9084302
vn 0.7332022 -0.2171203 -0.644417
vn 0.6769087 -0.03612994 -0.7351797
vn -0.5351849 -0.5663407 0.6267656
vn 0.995024 0.07306871 0.06773686
vn 0.9998157 0.004339662 0.01869993
vn 0.9358871 0.2196866 0.2754146
vn 0.9722066 0.1630439 0.1680211
vn -0.7120999 0.6652073 -0.2245283
vn 0.7733278 0.6245229 -0.1092488
vn -0.1164522 -0.9390553 0.3234408
vn -0.4986053 -0.8160705 0.2922697
vn -0.846423 -0.4947212 0.1970256
vn -0.7195123 -0.6477159 0.2505319
vn -0.4372726 0.4942401 0.7513451
vn -0.07978905 0.2536961 0.9639875
vn -0.3002155 0.4886395 0.8192082
vn -0.1782802 -0.939631 0.2920782
vn -0.4782473 -0.8258328 0.2987968
vn -0.9931588 0.06056592 0.09983683
vn -0.998827 -0.01487475 0.04607949
vn -0.9979973 0.01771049 0.060726
vn -0.9881611 -0.1257267 0.08792296
vn -0.9981308 -0.0577472 0.02000265
vn -0.9995973 -0.02461229 -0.0141222
vn -0.9998491 -0.01551317 0.007821855
vn 0.0108778 -0.9992412 0.03739827
vn 0.3283682 -0.94107 -0.08100234
vn -0.02220364 -0.4318008 -0.9016957
vn -0.6949357 -0.7023308 0.1542585
vn -0.624682 -0.7509722 0.2140402
vn -0.809718 -0.5791789 0.09438524
vn -0.6739411 -0.7203726 -0.1639103
vn -0.03778433 -0.3568379 0.9334019
vn -0.01452894 -0.3435072 0.9390376
vn -0.05471523 -0.3215028 0.9453264
vn 0.7514337 -0.3928129 0.5301371
vn 0.999952 -0.009651546 0.001710769
vn 0.9999828 -0.002357503 0.00536818
vn 0.9999853 -0.004273477 -0.003305134
vn 0.6544241 -0.4809181 0.5834783
vn 0.002216831 -0.9801641 0.1981749
vn -0.2065833 -0.9667193 0.1509203
vn 0.004873785 -0.9614868 0.274808
vn 0.5987964 -0.7879107 0.1436649
vn 0.7660494 -0.5842716 0.267946
vn 0.6723811 -0.7227412 0.1598396
vn 0.5728235 -0.816175 -0.07570796
vn 0.6323462 -0.7632747 -0.1324766
vn 0.01392886 -0.8655543 0.5006213
vn 0.03124004 -0.9405631 0.3381791
vn 0.03230028 0.5110686 -0.8589328
vn -0.03232209 0.02840822 -0.9990737
vn 0.9798027 0.1453228 -0.1373605
vn 0.9859199 0.1397855 -0.09177155
vn 0.9901345 0.08233943 -0.1133753
vn -0.9882677 -0.08820322 0.1246883
vn -0.9919201 -0.0570052 0.1133354
vn -0.9788409 -0.1349579 0.1538074
vn -0.9898885 -0.1013517 0.09923918
vn -0.9923911 -0.08411735 0.08991123
vn 0.9908482 0.08111428 -0.1078903
vn -0.9882444 -0.05215768 0.1437101
vn -0.9889483 0.0002883884 0.1482601
vn -0.9934869 -0.001801072 0.1139319
vn -0.9945742 -0.04725581 0.0926772
vn -0.9953185 -0.01429189 0.09558604
vn 0.9935162 0.01041095 -0.1132128
vn 0.9907775 -0.0007955856 -0.1354963
vn 0.9524986 0.01077666 -0.3043524
vn 0.994898 0.001973718 -0.1008668
vn 0.9905697 -0.001464415 -0.1370017
vn 0.6919599 0.6987705 -0.1814149
vn 0.7336134 0.6332427 -0.2466071
vn 0.7891215 0.500142 -0.3565742
vn 0.9993957 -0.01349245 -0.03203456
vn 0.492801 0.2566095 -0.8314438
vn 0.2901693 -0.3309922 -0.897912
vn 0.8695954 0.07853974 -0.4874786
vn 0.8726383 -0.4605663 0.1624226
vn 0.9552775 -0.1525117 0.2533475
vn 0.9677182 -0.1532638 0.2000787
vn 0.8947702 0.4122457 0.17158
vn 0.791835 0.5800859 0.1910435
vn 0.7952369 0.5837082 0.16396
vn 0.9923655 0.09330108 0.08065771
vn 0.06347899 0.1866039 -0.9803823
vn 0.2143493 0.2253404 -0.9504083
vn 0.08388823 0.395847 -0.9144769
vn 0.9898289 -0.002389548 -0.1422424
vn 0.9421799 0.01066659 -0.3349378
vn 0.9989263 0.02888677 0.03621755
vn 0.9093263 0.3535538 -0.2193747
vn 0.895335 -0.02924651 -0.4444321
vn 0.627829 0.6467159 -0.4331159
vn 0.6857911 0.7268372 -0.0373926
vn 0.5309476 -0.8471558 0.02053693
vn -0.007207965 -0.9871664 -0.1595322
vn -0.00351737 -0.9999143 -0.01260618
vn -0.001498376 -0.9999929 -0.003474068
vn 0.5425891 0.3134842 -0.7793105
vn 0.9847264 -0.14182 -0.101
vn 0.9736723 -0.149646 -0.1719547
vn 0.9940487 -0.06907168 -0.08423823
vn 0.3150826 0.08711786 -0.9450574
vn 0.167725 -0.6114659 -0.7732903
vn 0.08836715 -0.4078598 -0.9087583
vn 0.08087716 -0.5099692 -0.8563821
vn 0.3157098 0.3843413 -0.8675305
vn 0.4850927 0.5486596 -0.6809242
vn 0.1684724 -0.4337378 -0.8851489
vn 0.9992315 -0.02480784 -0.03034821
vn -0.7896801 -0.6133952 0.01231368
vn -0.8115405 -0.5840672 0.01635477
vn 0.9958616 -0.03529267 -0.08374937
vn 0.9999499 0.00330769 -0.009454633
vn 0.06752394 -0.1519792 -0.9860744
vn 0.677713 0.05487095 0.7332764
vn 0.8791359 0.0266476 0.4758257
vn 0.8836018 0.01688627 0.4679346
vn 0.9811623 0.1098672 -0.158902
vn 0.9746101 0.1005058 -0.200084
vn -0.9846669 -0.1007315 0.1424225
vn 0.9855645 0.0548682 -0.1601627
vn 0.9813821 0.03766083 -0.1883369
vn -0.9806939 -0.09288067 0.172084
vn -0.004250539 0.001194313 -0.9999902
vn -0.01472128 -0.003380983 -0.9998859
vn -0.0175221 -0.00283551 -0.9998425
vn -0.9690134 -0.1018874 0.2250156
vn -0.9683937 -0.1018261 0.2276949
vn -0.9462485 -0.2536389 0.2007019
vn 0.9832913 0.0882035 -0.1592434
vn 0.9555946 0.07714859 -0.2844063
vn 0.6161321 0.02332176 0.7872975
vn 0.6237091 0.02829896 0.7811441
vn 0.9914251 0.07087389 0.1097866
vn 0.9861736 0.06455042 -0.152627
vn 0.9794762 0.07203358 -0.1882486
vn -0.5891132 -0.08183095 0.8038963
vn 0.1795881 0.04558919 -0.982685
vn 0.9207851 0.1645883 0.3536458
vn 0.4781077 0.09591164 -0.8730487
vn 0.002708211 0.001522294 -0.9999951
vn 0.9906246 0.02603222 -0.1341089
vn 0.9866345 0.03025403 -0.1601158
vn 0.9828383 0.04700748 -0.1783793
vn -0.04969393 0.0407278 -0.9979337
vn -0.4012438 -0.1142267 -0.908821
vn 0.04003031 0.03171276 -0.998695
vn 0.3043817 0.0485951 -0.9513098
vn 0.2323416 0.02490452 -0.9723154
vn 0.3801054 0.02660303 -0.9245605
vn -0.0412453 -0.01105728 -0.9990879
vn -0.9836577 -0.02043734 0.1788849
vn 0.006038353 0.00117536 -0.9999811
vn -0.04235189 0.005570946 -0.9990873
vn 0.2237138 -0.0007049195 -0.9746546
vn 0.0856171 -0.0008302774 -0.9963278
vn -0.9752396 -0.05539417 0.214101
vn -0.9764834 -0.04703863 0.2103982
vn -0.9792054 -0.01937101 0.2019437
vn -0.9885144 -0.009642536 0.1508192
vn -0.9884259 0.02620874 0.1494233
vn -0.9882071 -0.03392341 0.1493182
vn -0.8803793 -0.01538979 0.4740207
vn -0.9861856 -0.04729387 0.1587496
vn -0.9859167 -0.1025428 0.1321106
vn -0.01398264 -0.7335749 0.6794648
vn -0.03047529 -0.7235524 0.6895964
vn -0.06014051 -0.7046356 0.7070162
vn -0.6550381 0.2990881 -0.6938814
vn 0.2904525 -0.1689358 -0.9418588
vn 0.3066764 -0.7209705 -0.6214107
vn 0.9810474 0.02830781 -0.191689
vn 0.9690683 0.02511813 -0.2455111
vn 0.9852244 -0.002151259 -0.1712549
vn -0.6769843 0.03829237 0.7350007
vn -0.593702 0.2115961 0.7763665
vn -0.5877407 0.4488288 0.6731372
vn -0.527884 0.002586346 -0.8493125
vn 0.06394602 0.03359085 -0.9973879
vn -0.5432781 -0.05696101 0.8376183
vn -0.4271301 -0.02309855 0.9038951
vn -0.5905809 -0.07154179 0.803801
vn 0.9043847 -0.002284437 0.426712
vn 0.8927185 0.002067908 -0.45061
vn 0.9982515 -0.04579551 0.03737074
vn 0.09963082 -0.8242733 -0.5573573
vn 0.2181743 -0.8589949 -0.4631714
vn 0.2221462 -0.8598181 -0.4597433
vn 0.3886273 -0.8718517 -0.2980662
vn 0.01076119 -0.9246668 0.3806253
vn 0.9998612 0.01128596 -0.01225851
vn 0.9996884 -0.02387635 0.00727532
vn 0.999571 -0.009147023 -0.02782341
vn 0.7986868 0.3933059 -0.4554226
vn 0.4619656 0.6254669 -0.6287915
vn 0.8655859 0.3034333 -0.3983583
vn 0.2975824 0.674522 -0.6756217
vn 0.008214593 0.9286967 -0.3707491
vn -0.873593 0.323243 -0.3637982
vn -0.854592 -0.4637771 0.2336302
vn -0.6549081 0.7555586 0.0150518
vn -0.9929318 0.1152802 0.02822858
vn -0.716953 0.6853447 0.1275968
vn -0.100477 0.9815895 0.1624393
vn -0.1181588 -0.9820341 0.147131
vn 0.004501726 -0.9644703 -0.2641529
vn 0.04566723 -0.8122273 -0.5815508
vn -0.153076 -0.7226248 0.674078
vn -0.1518398 -0.8409659 0.5193468
vn -0.1305237 -0.9822607 0.1346386
vn 0.1154281 -0.856304 0.5034082
vn -0.1483868 -0.9586084 -0.2430048
vn 0.1802746 0.3548243 -0.917388
vn -0.130957 0.1611356 -0.9782053
vn -0.1636242 0.3472038 -0.9234049
vn -0.2951305 0.2125836 -0.9315075
vn -0.03544923 0.9132891 -0.4057665
vn -0.1218727 0.8602082 -0.4951655
vn 0.1935717 -0.3100704 -0.9307988
vn 0.2213588 -0.2000674 -0.9544492
vn 0.24055 -0.1425302 -0.960115
vn -0.5849852 -0.8105631 -0.02792526
vn -0.18097 -0.963958 0.1950248
vn 0.002454618 -0.0722787 0.9973814
vn -0.005256919 0.07014956 0.9975227
vn -0.02050092 -0.8100962 0.5859385
vn -0.05430903 -0.4940487 0.8677364
vn -0.000361794 0.8597682 -0.5106843
vn -0.002027972 0.9605386 -0.2781394
vn 0.003389111 0.9167567 -0.3994317
vn 0.001486964 0.9653714 -0.2608753
vn -0.2710181 0.4644778 0.8430952
vn 0.01374684 0.02224076 0.999658
vn 0.002994034 0.05479063 0.9984934
vn 0.03309015 0.03921874 0.9986826
vn 0.009538371 0.1509071 -0.9885019
vn -0.01661923 0.1705143 -0.9852151
vn -0.02061235 0.1734924 -0.9846194
vn 0.858543 0.4340051 -0.2730266
vn 0.1312428 -0.4860227 -0.8640354
vn 0.7419484 -0.6035314 0.2919977
vn 0.1227008 -0.9559072 0.266807
vn 0.2955191 -0.8840594 0.3620876
vn -0.2623299 0.5467 -0.7951743
vn -0.4324892 0.670953 -0.6023083
vn -0.9975222 -0.05925409 -0.03792919
vn 0.007192186 0.6915412 -0.7223012
vn 0.007728146 0.6329799 -0.7741296
vn 0.001726051 0.8596381 -0.5109004
vn 0.005441161 0.8273109 -0.5617181
vn 0.001989974 -0.9996496 0.02639448
vn 0.002329694 -0.9995785 0.0289366
vn 0.2725946 -0.9608839 -0.0489306
vn 0.004295743 0.7956186 0.6057827
vn 0.1304453 0.4323557 0.8922178
vn -0.01748854 0.9988847 0.04385819
vn 0.04134529 0.9864079 0.1590281
vn -0.04925604 0.5484803 0.8347114
vn 0.01156241 -0.02914724 -0.9995083
vn 0.2249501 0.3506458 0.9090902
vn -0.001445991 0.2252986 0.9742887
vn 0.4438819 -0.2073951 -0.8717546
vn 0.06628922 0.3217476 -0.9445021
vn 0.1319714 -0.247905 -0.9597535
vn 0.01390672 0.2368514 -0.9714463
vn 0.007154486 0.3766825 -0.9263148
vn 0.002184531 -0.1605462 -0.9870259
vn -0.01249607 -0.3605635 -0.932651
vn -0.003201635 -0.421425 -0.9068576
vn 0.4975176 -0.6469204 0.5779015
vn 0.9833446 -0.180547 0.02088604
vn 0.9900719 0.1360858 -0.03518965
vn 0.9974568 0.06992313 0.01380839
vn 0.918567 0.2526793 0.3039535
vn 0.5937545 -0.7988263 -0.09660244
vn 0.5014426 -0.8641465 -0.04249838
vn 0.715698 -0.6965334 -0.05116234
vn 0.133249 0.9910192 0.01119939
vn -0.1068623 0.9812911 -0.1601504
vn 0.04515019 0.9476719 -0.3160371
vn 0.4631521 0.06869 -0.8836129
vn 0.423037 0.05603574 -0.9043781
vn 0.4224747 0.05585954 -0.9046518
vn 0.9074166 0.2643306 -0.3266871
vn 0.8026457 -0.5885124 -0.097021
vn 0.9722993 0.1633641 0.1671712
vn 0.9909698 0.06787744 0.1156349
vn 0.2346696 -0.970588 -0.05374993
vn 0.3264146 -0.9443375 -0.0409882
vn 0.4354766 -0.8993162 -0.03988159
vn 0.4536313 0.8729003 -0.1796209
vn 0.5519829 0.8147326 0.1775551
vn 0.9722233 0.09583508 0.2135358
vn 0.8691771 0.2297224 0.4379027
vn 0.9879148 -0.1376794 0.07119492
vn 0.9889957 -0.1414491 0.043356
vn 0.9705134 -0.1991105 0.1358633
vn 0.3187123 -0.8203288 0.4748508
vn 0.1016049 -0.870707 0.481192
vn 0.1685541 -0.753729 0.6352024
vn 0.9925481 -0.1017688 0.06701803
vn 0.9620084 -0.06446155 0.2653011
vn 0.9986023 -0.02088122 0.04855416
vn -0.7485295 0.5925763 -0.2975851
vn -0.9079691 0.3641713 -0.2072953
vn -0.7706705 0.5830343 -0.2571731
vn 0.9408374 -0.3014576 0.1547519
vn 0.784865 -0.5633729 0.2580659
vn -0.9787282 0.1835059 -0.09174308
vn 0.02000699 -0.8721046 0.4889103
vn 0.07177906 -0.8535061 0.5161153
vn 0.0151106 0.6985116 -0.7154392
vn 0.02114787 0.9191484 -0.3933431
vn 0.9349735 0.3137959 -0.1653988
vn 0.6904004 -0.684706 -0.2335059
vn -0.3278759 0.8129216 -0.4813064
vn -0.2910799 0.848623 -0.4417142
vn -0.1484542 0.92226 -0.3569283
vn 0.006078347 -0.4398831 -0.8980345
vn -0.01496716 -0.4901816 -0.8714918
vn 0.006309677 -0.411837 -0.9112357
vn 0.003756817 0.6911721 -0.7226804
vn 0.009480982 0.6642355 -0.7474633
vn -0.0056939 0.993796 0.1110723
vn 0.008455701 0.9973242 0.07261556
vn 0.573365 -0.7462659 0.3381414
vn 0.3910268 -0.8525273 0.3468359
vn 0.3804161 -0.8067704 0.4521119
vn -0.9371633 -0.3359097 0.09428452
vn -0.9986566 -0.0477781 -0.02005172
vn -0.9019114 -0.3815649 0.2023958
vn -0.999956 -0.005223982 0.007791653
vn -0.9997539 0.0219739 -0.003049167
vn -0.9668559 0.2262794 -0.118268
vn 0.5754619 -0.694975 0.4311073
vn 0.433246 -0.7535461 0.4944353
vn -0.9556083 -0.2489061 0.1576657
vn 0.4529827 -0.755216 0.4737673
vn -0.9458816 -0.2858596 0.1535979
vn -0.9998848 -0.009717952 0.01165733
vn 0.6023831 -0.6913447 0.3989701
vn 0.4629508 -0.7725376 0.4345827
vn -0.5875815 0.6980288 -0.4092722
vn -0.5127309 0.759706 -0.3999423
vn 0.5226908 0.3968187 -0.7545391
vn 0.5542456 0.1986668 -0.8082966
vn 0.5431743 0.2879321 -0.7887058
vn 0.5099137 0.4488961 -0.7338121
vn 0.1412665 -0.6585854 0.7391272
vn 0.06698956 -0.5209548 0.8509516
vn -0.960019 0.253913 -0.1178628
vn -0.8890624 -0.3845146 0.2484283
vn -0.8797902 -0.3951335 0.2642703
vn 0.9838146 0.1789762 -0.008738804
vn 0.9677356 -0.1758311 0.1804745
vn 0.8331299 -0.4261449 0.3525551
vn -0.232471 0.9023309 -0.3629822
vn 0.9483442 -0.3168853 -0.01506865
vn 0.9844845 -0.1753697 0.00597036
vn 0.9207968 -0.3898991 -0.01058853
vn 0.3326947 -0.7846766 0.5230649
vn 0.06038911 -0.6793017 0.7313702
vn 0.4720801 -0.8108591 0.3459016
vn 0.4474736 -0.5672467 0.6913743
vn 0.3533044 -0.5784501 0.7352358
vn 0.4257915 -0.5323554 0.7316415
vn -0.1799306 -0.9807781 0.07549318
vn -0.08127987 -0.9862908 0.1436116
vn -0.2033773 -0.9720351 0.1174117
vn 0.1380333 -0.7483187 0.6488189
vn 0.06077622 -0.8276274 0.5579777
vn -0.9143445 0.3607919 -0.1838564
vn -0.9617273 0.2429551 -0.1267024
vn -0.9927062 0.08877114 -0.08157212
vn 0.9818937 -0.1519943 0.1130593
vn 0.8683357 -0.4574734 0.1916015
vn -0.9768295 0.1843981 -0.1086341
vn -0.971539 -0.2345312 0.03327167
vn -0.9969936 0.03533825 -0.06895572
vn 0.07597566 0.7695442 -0.6340579
vn 0.01958194 0.9244183 -0.3808772
vn -0.01375662 -0.9995062 -0.02825129
vn 0.1158334 -0.9932108 -0.01072005
vn -0.05078453 -0.9932289 -0.104486
vn 0.9863584 -0.1433067 0.08099619
vn 0.9847873 -0.1549113 0.07871717
vn 0.9952265 -0.03371657 0.09158312
vn 0.9134472 -0.3433082 0.2185263
vn 0.07496236 -0.8964769 0.4367033
vn -0.6687566 0.6287597 0.3967691
vn 0.9970072 -0.01317015 0.07617971
vn 0.3136884 -0.2254177 0.9223809
vn 0.4591581 0.4831726 0.745465
vn -0.5937139 0.8039148 -0.03499927
vn -0.587739 0.8075465 -0.04931002
vn -0.6659005 0.7229058 0.1843469
vn 0.9714987 -0.2352223 -0.02933688
vn 0.987123 -0.1593592 0.01388277
vn 0.8936458 -0.4257644 -0.1418519
vn 0.4123768 0.4705992 0.7800524
vn 0.06425741 0.9554715 -0.2880023
vn -0.003228923 0.9608865 -0.2769236
vn -0.004637565 -0.3451336 -0.9385421
vn -0.001137605 -0.2485582 -0.9686163
vn -0.1794451 0.4645156 -0.8671936
vn 0.4631547 -0.5026484 0.7299536
vn 0.5267962 -0.2073393 0.8243157
vn -0.2054641 -0.1622884 0.9651151
vn 0.002428393 -0.9552843 0.2956788
vn 0.02059624 -0.9925053 0.1204531
vn -0.06649806 -0.9563661 0.2845031
vn -0.06930047 0.683574 -0.7265837
vn 0.4558733 0.006074378 -0.8900239
vn 0.006355677 -0.7595294 -0.650442
vn 0.00282929 -0.9608433 0.277078
vn -0.09698012 -0.9526136 -0.2883093
vn 0.02171659 -0.9775071 0.2097814
vn 0.045345 -0.967616 0.2483208
vn 0.0108387 -0.9317004 0.363066
vn 0.01693578 -0.8952274 0.4452876
vn -0.000844095 0.4699739 -0.8826799
vn -0.008667422 0.3543756 -0.9350629
vn -0.000513302 0.47469 -0.8801528
vn 0.002710715 0.6579199 0.753083
vn 0.08585449 0.6433899 0.7607091
vn 0.225008 0.8999546 0.3734343
vn -0.199459 0.5122043 -0.8353819
vn -0.292802 0.4957386 -0.8176249
vn -0.1438773 0.5295781 -0.8359703
vn -0.2990109 0.3291285 -0.8956935
vn 0.7101395 -0.704061 -0.0001176291
vn 0.01165463 -0.9433687 0.3315411
vn 1.124643e-05 -0.9617909 0.273785
vn 0.6017649 0.4562982 0.6554931
vn -0.1920045 0.878934 -0.4365884
vn -0.2847477 0.862499 -0.4183471
vn -0.2753656 0.8926064 -0.3569699
vn -0.0006196856 0.7805622 0.6250778
vn 0.01173389 0.2759999 0.9610861
vn 0.02967991 0.5247969 0.8507099
vn -0.001597581 0.8955407 -0.444977
vn 0.000866044 0.859893 -0.5104735
vn 0.005639647 -0.9409823 0.3384087
vn 0.0122278 0.7785768 0.6274302
vn 0.00525426 0.2106111 -0.9775558
vn -0.05828179 -0.9877741 0.1445868
vn 0.005191053 -0.962133 0.2725308
vn 0.0004605528 0.3039272 -0.9526952
vn -0.3236688 0.257894 -0.9103457
vn -0.0008561155 0.9000089 0.4358707
vn -0.0006667429 0.898214 0.4395578
vn -0.0008621552 0.9000659 0.4357529
vn -0.006923428 -0.8810787 -0.472919
vn -0.001260056 0.7912913 -0.611438
vn -0.00572768 0.9409863 -0.338396
vn -0.01586212 -0.9304938 0.365964
vn 0.9897483 -0.1358588 0.04405254
vn -0.3157918 0.9204485 -0.2303258
vn -0.4870081 0.8258648 -0.2842013
vn -0.4577243 0.8397503 -0.2920752
vn -0.2607119 0.9238056 -0.2803793
vn 0.9885147 -0.09882329 0.1143352
vn -0.994654 0.07438114 -0.07162922
vn -0.9953355 0.04448179 -0.08560661
vn -0.9969772 0.02626836 -0.07311928
vn -0.8591933 0.4720421 -0.1973909
vn -0.5405654 0.8021464 -0.2536737
vn -0.6401379 0.7184047 -0.2722466
vn -0.7237806 0.6525702 -0.2242623
vn 0.4966223 -0.8194651 0.2860825
vn 0.3467166 -0.92032 0.1811046
vn 0.6057599 -0.6616652 0.4418758
vn -0.3431582 0.402846 0.8485031
vn -0.8140169 -0.5690757 0.1163154
vn -0.9957699 -0.08265845 -0.04012481
vn -0.7840708 -0.5941447 -0.1795131
vn -0.9718324 0.221489 -0.08052526
vn -0.975526 0.2046473 -0.08042658
vn 0.07298132 -0.9506293 0.3016251
vn 0.2964174 -0.9152659 0.2728094
vn -0.01539295 -0.9691187 0.2461136
vn -0.9804769 0.186884 -0.06114949
vn 0.5659872 -0.7828059 0.2585992
vn 0.3535579 -0.9040665 0.240126
vn 0.2488692 -0.8913097 0.3789871
vn 0.5474787 -0.6755862 0.4938121
vn 0.9933116 -0.08982457 0.07255062
vn 0.9906431 -0.07729796 0.1124782
vn 0.963956 -0.1524335 0.2180661
vn -0.3107841 0.9101322 -0.2739939
vn -0.001401815 0.9049842 -0.4254429
vn 0.001403699 0.8967 -0.4426365
vn -0.0373559 0.7481922 0.6624296
vn -0.03029102 0.7082006 0.7053611
vn 0.02408292 0.3422004 0.9393184
vn 0.01181831 -0.9846171 0.1743258
vn -0.002889941 0.9363222 -0.3511302
vn 0.7039734 0.4120124 -0.5785044
vn 0.6983061 0.4061013 -0.5894491
vn 0.5790527 0.2914139 -0.7614301
vn 0.9208632 -0.3477256 0.1763455
vn 0.9373534 -0.2670524 0.2237226
vn 0.8863661 -0.4493883 0.1113793
vn 0.2145631 0.9580276 0.1901203
vn 0.5915045 -0.6303055 0.5028294
vn 0.7979653 -0.2166321 0.562425
vn 0.9745091 -0.2080093 -0.08404879
vn 0.8162769 -0.02364445 -0.5771766
vn 0.8080688 0.1744834 -0.5626546
vn -0.02096236 0.1496831 -0.9885118
vn -0.0306952 0.4277345 -0.9033831
vn 0.8439195 -0.07079675 0.5317778
vn 0.860593 -0.2381846 0.4501643
vn -0.2758043 0.9174238 -0.2868196
vn -0.8273464 -0.3333235 0.4520988
vn -0.7527337 -0.5904061 -0.2912258
vn -0.0154287 -0.9930177 0.1169517
vn 0.02958323 -0.9959711 0.08465598
vn 0.01261301 0.397258 -0.9176203
vn 0.774061 -0.327172 0.5420222
vn 0.7841293 -0.6087908 0.1204788
vn 0.3833282 -0.882125 0.2737057
vn 0.3489608 -0.8938305 0.2815907
vn 0.6022786 -0.248861 -0.7585042
vn 0.8220816 -0.08073647 -0.5636164
vn 0.2259488 -0.8821248 -0.4132833
vn 0.1881226 -0.9811237 0.04478997
vn 0.0005111447 -0.9336729 -0.3581265
vn -0.2483332 0.7368745 -0.6287659
vn -0.3191165 0.9468552 -0.04037048
vn -0.4090963 0.9119371 -0.03179386
vn -0.4008427 0.9155664 -0.03260876
vn -0.1145144 -0.6351687 -0.763837
vn -0.05085119 -0.8362922 -0.5459207
vn -0.01151256 -0.7988845 -0.6013743
vn -0.2793028 0.9444445 -0.1732467
vn -0.4164156 0.8884395 -0.1930627
vn -0.4626535 0.8676082 -0.18223
vn 0.4322723 -0.7859765 0.4420201
vn 0.09932507 -0.96053 0.2598398
vn -0.1470637 0.3786439 -0.9137839
vn -0.281391 -0.4999616 -0.8190589
vn -0.02197583 -0.6448301 -0.7640098
vn -0.6241743 0.7676628 -0.1452592
vn 0.4013357 -0.8344458 0.3776638
vn 0.6698238 -0.4688678 0.5757596
vn -0.4228892 0.4250815 -0.8002939
vn -0.2760782 0.4002578 -0.8738275
vn 0.08916933 0.01341695 -0.9959261
vn -0.1263374 0.3138078 -0.9410438
vn -0.1584039 0.2654061 -0.9510351
vn -0.1935098 0.2328778 -0.9530593
vn -0.6141852 0.7873606 0.05329023
vn -0.5231102 0.8484082 -0.080989
vn -0.3162415 0.727873 0.6084343
vn -0.4029231 0.7194768 0.5656908
vn 0.9813632 -0.01473359 -0.1915967
vn 0.983838 -0.01818183 -0.1781354
vn 0.9981315 -0.06040986 -0.009176346
vn 0.1248985 -0.131642 0.9833976
vn 0.1745661 -0.1077625 0.9787308
vn 0.2906578 -0.04958155 0.9555416
vn 0.9995967 0.02840032 6.772249e-05
vn 0.9912686 0.02951484 -0.1285134
vn 0.9993622 0.01732861 0.0312252
vn 0.9961196 0.02211384 0.08518635
vn 0.9979768 0.01166572 0.06249779
vn -0.6073654 0.1480091 -0.780513
vn -0.8664781 0.1643561 -0.471384
vn -0.9775278 0.1125486 -0.1782477
vn 0.7732035 -0.4127817 0.4814226
vn 0.8152198 -0.5308972 0.2314408
vn 0.9748557 -0.1878609 0.119853
vn 0.9860899 -0.1457494 0.07989891
vn 0.1333557 -0.03222658 -0.9905441
vn 0.07499363 0.06678029 -0.9949454
vn -0.6133252 0.7619477 0.20801
vn 0.15808 -0.5014188 -0.8506408
vn 0.3572718 -0.3224417 -0.8765775
vn 0.05892271 0.5180479 -0.8533196
vn 0.1426668 0.4364167 -0.8883618
vn -0.001165143 0.5594377 -0.8288716
vn -0.001046616 -0.9235755 -0.3834154
vn -0.0101432 -0.9654517 -0.2603846
vn -0.001586585 -0.9957015 -0.09260704
vn -0.0006620573 0.8981695 0.4396489
vn -0.02117976 0.07762431 -0.9967576
vn 0.5696341 -0.5406271 -0.6190633
vn -0.2323467 0.2202792 -0.9473606
vn -0.3386182 0.0842272 -0.9371465
vn -0.3051395 0.146966 -0.940899
vn -0.845481 0.2505623 0.4715723
vn -0.9391125 0.1220578 0.3212001
vn -0.9230791 0.2955334 0.2461404
vn -0.9790926 0.2032739 -0.007578698
vn 0.4285592 -0.1217347 0.8952753
vn 0.4144512 -0.1246812 0.9014903
vn -0.9532918 0.2378841 0.1861338
vn -0.9711918 0.1902779 -0.1434603
vn 0.002354821 0.07733141 -0.9970027
vn 0.7182183 0.6917663 0.07498046
vn 0.9608967 0.2750469 -0.03204416
vn 0.893939 0.4420164 0.07412621
vn -0.0004415837 -0.7630187 0.6463762
vn 0.01868231 -0.788224 0.6151047
vn 0.001918346 -0.7630647 0.6463192
vn 0.9932699 0.09674603 -0.06368125
vn -0.9365281 -0.08654232 0.3397435
vn -0.127036 0.7488217 -0.6504827
vn -0.04511597 0.918162 -0.3936283
vn -0.1197182 -0.004279311 -0.9927986
vn -0.133843 -0.4945728 -0.8587688
vn 0.0007043044 0.9961272 -0.08792145
vn 0.1838418 0.9813926 -0.05541401
vn 0.000457668 -0.9942403 0.1071722
vn 0.118823 -0.2498924 0.9609553
vn -0.004171396 -0.2423258 0.9701859
vn -0.00357315 -0.005677014 0.9999775
vn -0.9456657 0.06255047 -0.3190669
vn -0.9285512 0.3706066 -0.02105739
vn -0.9437559 0.2458476 -0.2210967
vn -0.829675 -0.5307196 0.1731364
vn -0.8157946 -0.5560945 0.1588647
vn -0.8466344 -0.5152966 0.1329646
vn 0.05403579 -0.3044413 0.9509971
vn -0.002462076 -0.4767049 0.87906
vn -0.0001526411 -0.644227 0.7648343
vn 0.0005743171 -0.6394044 0.7688705
vn 0.07593621 0.9027082 -0.4234992
vn 0.0007859956 -0.7491521 0.6623976
vn 0.01959472 -0.5515293 0.8339254
vn 0.4957936 -0.8509985 0.1731773
vn 0.4932258 -0.8493684 0.1878872
vn 0.4898525 -0.8556539 0.1670354
vn 0.05854954 -0.0513429 0.9969633
vn -0.04366491 -0.002003929 0.9990442
vn -0.9782782 -0.1932877 -0.07491083
vn -0.95419 0.2917517 -0.06635067
vn -0.9885429 -0.1437818 -0.04592912
vn 0.9972143 -0.0007761184 0.07458657
vn 0.9964691 0.001896785 0.0839385
vn -0.9969465 -4.460827e-05 -0.07808739
vn -0.7816533 -0.593417 -0.1920267
vn 0.9723935 0.000259231 0.2333471
vn 0.9907382 0.009303163 0.135467
vn -0.9979859 -0.01742817 0.06099486
vn -0.9951979 0.003687552 0.09781276
vn -0.9986318 -0.002620814 0.05222647
vn 0.4758365 -0.001493316 0.8795324
vn 0.462886 0.000225507 0.8864178
vn 0.4612964 0.0004355534 0.887246
vn -0.9214122 0.001479182 -0.388584
vn -0.738458 -0.5864994 -0.3327135
vn -0.6646519 -0.6508186 -0.3669785
vn -0.7602906 -0.5646974 -0.3210531
vn -0.8284431 -0.4858049 -0.2787033
vn 0.6414304 -0.2893586 0.7105199
vn 0.7010069 -0.3687063 0.6104465
vn 0.5305355 -0.09646635 0.8421558
vn 0.4413024 0.186544 0.8777549
vn 0.9839348 -0.02221357 -0.177141
vn 0.9686806 -0.08104616 -0.2347116
vn 0.997548 -0.0142568 -0.06851903
vn 0.00169623 -0.9775682 -0.2106125
vn -0.04932101 -0.9467631 -0.3181308
vn 0.003785681 -0.8932185 -0.449607
vn -0.6006052 -0.6470462 0.4696857
vn 0.4596387 -0.7164294 0.5248441
vn 0.4637563 -0.7210706 0.5147692
vn 0.4580342 -0.7146133 0.5287083
vn 0.9855419 -0.1500586 0.07867371
vn 0.9966882 -0.03255145 0.07451903
vn 0.9971195 -0.04375302 0.0619554
vn 0.9958558 0.00863453 0.09053519
vn -0.2337666 -0.9596874 -0.1560556
vn -0.01244464 -0.9864553 -0.1635574
vn -0.9969283 -0.001608499 -0.0783034
vn 0.39729 -0.2939397 0.8693447
vn -0.08935656 0.8712905 0.4825642
vn -0.02512784 0.8592927 0.5108665
vn -0.03950863 0.8623554 0.5047596
vn -0.987344 -0.05417934 0.1490522
vn -0.9967603 -0.05782827 0.05589999
vn 0.9981643 0.02131682 0.05668855
vn 0.9875419 0.1565247 0.01615817
vn -0.1336942 0.8161913 -0.5621011
vn -0.3640096 0.7336597 -0.5737947
vn 0.9703013 0.2390704 -0.03688721
vn 0.07475119 0.004151777 -0.9971936
vn 0.04722241 -0.002304788 -0.9988817
vn 0.02281702 -0.2046995 -0.9785589
vn 0.02027871 -0.04550514 -0.9987583
vn 0.0954069 0.994312 0.04734091
vn 0.1258919 0.9918831 0.01786955
vn 0.3100584 0.9488137 -0.0601355
vn -0.01321738 0.7322734 -0.6808825
vn 0.001423959 0.3513669 -0.9362368
vn -0.5097904 0.3266175 -0.7958861
vn 0.5672083 -0.04897346 0.822117
vn 0.5591208 -0.0598199 0.8269253
vn 0.5280611 -0.1000121 0.8432965
vn -0.5887523 0.6861738 -0.4272426
vn -0.8802164 0.3796527 -0.2847506
vn 0.07772531 -0.9969105 0.01133127
vn 0.02060698 -0.9981114 0.05787065
vn -0.05359436 -0.9871251 0.1507036
vn -0.009199479 -0.9997456 0.02059104
vn 0.02722737 -0.9994723 -0.01771817
vn 0.02523502 -0.9990628 -0.03516549
vn -0.002312229 -0.9998398 0.01774994
vn -0.9997752 -0.009402981 -0.01900296
vn -0.9989666 0.02760592 -0.03610646
vn -0.009639402 0.9999061 0.00973195
vn 0.00145744 -0.8645747 0.5025022
vn 0.3395241 -0.06425337 -0.9384002
vn -0.4630096 -0.1185043 0.8783956
vn -0.3200815 0.00543894 0.9473744
vn -0.461881 -0.1174776 0.8791274
vn -0.9999012 -0.01234996 0.006718761
vn -0.9605092 0.1096228 0.2557439
vn -0.8833301 0.2958435 -0.3635995
vn -0.7279477 -0.5994935 -0.3327159
vn -0.7561888 -0.5090251 -0.4111838
vn -0.7330198 -0.4746626 -0.4872139
vn 0.9877856 0.1162169 -0.103794
vn 0.9923078 -0.1191641 -0.0335443
vn 0.9505352 0.2667187 0.159198
vn 0.4308818 -0.9022879 -0.01474875
vn 0.4244297 -0.905322 -0.0158618
vn -0.5745546 0.08252431 -0.8142952
vn 0.007206693 -0.6572753 -0.7536162
vn -0.003980686 -0.9716409 -0.2364276
vn 0.01875803 0.0004747785 -0.9998239
vn 0.00198227 -0.1722664 -0.9850485
vn -0.2344508 -0.245417 -0.9406398
vn 0.09045074 -0.3935771 -0.9148309
vn -0.3291927 -0.01127582 -0.9441954
vn -0.3998896 -0.9154969 -0.04420203
vn -0.0005726668 0.199515 -0.9798946
vn 0.7279526 -0.6821631 -0.06883751
vn 0.7286727 -0.6814979 -0.06779815
vn 0.7362394 -0.6743386 -0.05673502
vn -0.1936679 0.9375947 -0.2888061
vn -0.4526936 0.8385758 -0.3030826
vn -0.7092912 0.6308711 -0.3144956
vn -0.7738306 0.4567582 -0.4388145
vn 0.03987852 -0.3229414 -0.9455784
vn -0.01185331 -0.05770947 -0.9982631
vn -0.02761994 -0.2273788 -0.9734146
vn -0.3050592 -0.3344201 -0.891685
vn 0.01236776 -0.04865395 0.9987391
vn 0.2097888 -0.3390396 0.9170828
vn -0.08793295 -0.06423732 0.9940531
vn -0.0007309504 0.9878789 0.1552252
vn -0.01231442 0.9960815 0.08757754
vn 0.00100917 0.9862391 0.1653217
vn -0.9819596 -0.1099681 0.1538258
vn -0.9872218 -0.1098168 0.1154701
vn -0.9732721 -0.2167347 0.0759431
vn -0.9201016 0.228682 0.3179901
vn 0.0004050369 0.9618358 -0.2736271
vn -0.04576196 -0.3035723 -0.9517088
vn -0.6631865 0.5854828 -0.4662549
vn -0.6956908 -0.07624434 -0.7142836
vn -0.5530149 -0.04125547 -0.8321493
vn -0.4747917 0.09183553 -0.8752937
vn 0.2639692 0.1389023 -0.9544771
vn 0.3082177 0.1003237 -0.9460111
vn 0.3120992 0.09687684 -0.9450974
vn 0.3679583 0.04607855 -0.9286999
vn 0.9807637 0.02366233 -0.1937593
vn 0.9870182 -0.01396482 -0.1600003
vn 0.9866481 -0.01121821 -0.1624797
vn 0.9905604 -0.04927176 -0.1279154
vn 0.04708525 0.9969868 -0.06164705
vn -0.007710317 0.9956877 -0.09244841
vn 0.07476418 0.996933 -0.02312543
vn -0.1057499 0.5177056 -0.8489981
vn -0.08265653 0.2696928 -0.9593924
vn 0.01405048 0.01412642 -0.9998015
vn 0.1054482 0.9209427 0.3751604
vn -0.5135449 0.4761081 -0.7138576
vn -0.803475 -0.06914961 -0.5913088
vn -0.6616149 0.00413954 -0.7498323
vn -0.4455038 -0.1517751 -0.8823212
vn -0.03653451 -0.9980053 -0.05148617
vn -0.1671646 0.0427629 -0.9850011
vn -0.00233314 -0.01444366 -0.999893
vn -0.01418663 0.996963 0.07657202
vn -0.06001371 -0.3871586 -0.9200579
vn -0.1588803 -0.1649425 -0.9734223
vn -0.1397904 -0.147901 0.979073
vn 0.03668831 -0.9541416 -0.2970989
vn 0.03619557 -0.954139 -0.2971677
vn 0.03487363 -0.9541309 -0.2973518
vn -0.03775557 -0.3723054 -0.9273419
vn -0.09330297 -0.4517725 -0.8872408
vn -0.3785707 -0.4812734 -0.7906074
vn -0.5150707 -0.4379007 -0.7368481
vn -0.9913071 -0.01740899 -0.1304119
vn -0.9993829 -0.005648609 -0.03466788
vn -0.9971105 0.05293366 -0.05448482
vn -0.852217 -0.5230722 0.01102343
vn -0.8565021 -0.5160007 0.01213965
vn -0.005743005 -0.006768783 -0.9999606
vn -0.00319302 -0.03659499 -0.999325
vn 0.008075454 0.007977472 -0.9999356
vn 0.03370349 -0.09398425 -0.995003
vn -0.1996432 0.0982568 -0.9749298
vn 0.03062713 -0.08276036 -0.9960988
vn -0.005530055 0.009676566 -0.999938
vn -0.03074493 -0.02072847 -0.9993122
vn 0.009012627 -0.7482936 -0.6633064
vn 0.0001791653 -0.6659302 -0.7460141
vn 0.4491862 0.5492424 -0.7046733
vn -0.4447758 0.3981237 0.8022916
vn -0.7486145 0.01719863 -0.6627823
vn -0.2115896 0.01992719 -0.9771554
vn -0.4686712 -0.003300752 -0.8833665
vn -0.2868076 0.05698986 -0.9562916
vn -0.9996858 -0.006043182 0.02432626
vn -0.9929051 -0.01579393 -0.1178555
vn -0.9991499 -0.004854427 0.04093755
vn -0.9945688 0.03864121 -0.09664208
vn 0.4815238 -0.03262994 0.8758253
vn 0.4862674 -0.01984396 0.8735847
vn 0.931106 0.2201001 0.2908565
vn 0.9601793 0.07403948 -0.2693953
vn 0.9767509 0.1792408 0.1176029
vn -0.9962627 -0.0009723831 -0.08636909
vn -0.001783508 0.07522757 -0.9971648
vn -0.006740823 -0.01716032 -0.9998301
vn -0.003019619 -0.02031181 -0.9997892
vn 0.9964828 0.00374677 0.08371294
vn 0.03442851 0.05333084 -0.9979833
vn -0.1589478 0.03789292 -0.9865595
vn -0.07389437 0.06139802 -0.9953743
vn 0.978417 0.08799588 0.1869675
vn 0.9921337 0.0158193 -0.124179
vn 0.9659851 -0.002642052 0.2585841
vn 0.9919734 -0.007500192 0.1262242
vn 0.9585952 -0.1594519 0.2359457
vn 0.8760386 -0.05215219 -0.4794126
vn -0.9199672 -0.003446867 0.3919803
vn -0.9916292 0.004285499 0.1290474
vn 0.02356001 0.01784136 -0.9995632
vn 0.9127454 0.005890688 -0.4084863
vn 0.9981325 0.002790397 -0.06102223
vn 0.9719033 -0.0006066908 -0.2353795
vn -1.116959e-05 -0.7872331 -0.6166555
vn 0.9853739 -0.0103876 -0.1700891
vn 0.9767827 -0.003452476 -0.2142049
vn 0.8677097 0.2490066 0.4302042
vn 0.7583826 0.1430447 0.6359198
vn 0.6241178 0.07863312 0.7773634
vn 0.4729735 -0.003652328 0.8810691
vn 0.1235999 0.06930183 0.9899093
vn 0.2706147 0.01351723 0.9625928
vn 0.6141851 -0.4875645 -0.62053
vn 0.9367216 -0.2991173 -0.1818831
vn 0.6214328 -0.5253429 -0.5812367
vn 0.7401234 -0.5354245 -0.4068635
vn 0.7141264 -0.5564896 -0.4246678
vn -0.02070792 -0.09301039 -0.9954498
vn 0.996461 -0.003040502 0.08400103
vn -0.0007495584 -0.8751779 -0.4838006
vn 0.05934422 -0.02128636 0.9980106
vn 0.04094811 -0.05279573 -0.9977655
vn 0.1147785 -0.08171748 -0.9900243
vn 0.06656194 0.01451049 -0.9976768
vn -0.1332528 -0.02420115 -0.9907866
vn 0.9938436 -0.0479357 -0.09988534
vn -0.9939099 0.04780177 0.0992875
vn -0.9900107 0.1034112 0.09583773
vn -0.9854915 0.1150451 0.1247843
vn 0.9899169 -0.1023982 -0.09787238
vn 0.9954831 -0.03882812 -0.0866357
vn 0.9900764 -0.1023931 -0.09625238
vn 0.9944897 -0.04291883 -0.09564666
vn 0.9821316 -0.1648947 -0.09070435
vn 0.9749714 -0.205971 -0.08370643
vn -0.9841886 0.1516527 0.09151047
vn -0.9821252 0.1666296 0.08754828
vn 0.001087162 -0.02610036 -0.9996588
vn 0.005676015 -0.04151495 -0.9991217
vn -0.1473856 -0.03740077 -0.9883718
vn -0.005243428 0.0005245117 0.9999861
vn 0.3014354 -0.9523764 -0.04599794
vn -0.1006348 -0.8860781 -0.4524802
vn -0.01499751 -0.998359 0.05526728
vn 0.0001718211 -0.955115 0.2962355
vn -0.001051691 -0.9497644 0.3129638
vn 0.6769799 0.1144044 0.7270556
vn -0.9997848 -0.0004420459 0.02074117
vn -0.9998178 -0.0005055448 0.01907871
vn -0.9986892 -0.003182383 -0.05108502
vn -0.7560822 0.04034997 -0.6532316
vn -0.4374696 0.0357519 -0.8985222
vn 0.9945434 -0.0447823 -0.09422323
vn -0.9939341 0.04149014 0.1018511
vn -0.9947569 0.0542166 0.08671325
vn -0.07024713 -0.9761162 -0.2055783
vn 0.908021 -0.4152156 -0.05562216
vn 0.9769372 -0.1982472 -0.07931995
vn 0.9870697 -0.1368886 -0.08339605
vn -0.2997949 0.03210285 -0.9534633
vn 9.76909e-05 0.0001930451 -1
vn -0.9904456 0.1095182 0.08380525
vn 0.9920328 -0.08755876 -0.09057725
vn 0.987494 -0.1352962 -0.08093523
vn 0.9649544 -0.2493808 -0.08168378
vn 0.9875342 -0.1277326 -0.09198227
vn -0.9592362 0.2712988 0.07913925
vn -0.08617369 0.02261336 -0.9960234
vn -0.01680159 0.9992071 0.03609486
vn -0.02262247 0.9974459 0.06774904
vn -0.0420648 0.9975787 0.05538316
vn -0.2804967 0.9591157 0.03766596
vn 0.01453633 -0.9983512 -0.05552914
vn 0.05830276 -0.9964277 -0.06109501
vn -0.03314768 0.9994482 0.002075078
vn -0.02973059 0.9979278 0.05706382
vn -0.006834916 0.9997527 0.02116185
vn -0.9878799 0.1475111 0.04831054
vn -0.9907541 0.1256288 0.0512214
vn -0.9940022 0.0936287 0.05650979
vn -0.8851798 0.441243 -0.1475173
vn -0.8562165 0.425745 -0.2926335
vn -0.1091218 0.9924526 0.05594774
vn -0.9160212 0.3865875 0.1070292
vn 0.9736172 -0.2122137 -0.08387418
vn -0.8834964 0.4622135 0.07611098
vn 0.906619 -0.4141786 -0.0806107
vn -0.9540012 0.2856399 0.09105769
vn 0.9561044 -0.281011 -0.08304925
vn -0.9542838 0.2881621 0.07940522
vn -0.7409788 0.6569395 0.1392151
vn -0.7063798 0.7072948 0.02759879
vn 0.9749892 -0.2103518 -0.07175056
vn 0.9903156 -0.1216173 -0.06696468
vn 0.9680319 -0.2347429 -0.08837371
vn 0.1260919 0.9443158 0.3039221
vn -0.1260919 -0.9443158 -0.3039221
vn 0.7100868 0.6922795 -0.1285523
vn 0.6475593 0.7331696 -0.2076763
vn 0.6979926 0.7152304 -0.03538135
vn 0.8572323 0.02063381 -0.5145161
vn 0.5175254 0.7627762 -0.3877369
vn 0.4080229 0.7885535 -0.4601094
vn -0.113659 0.9559516 0.2706256
vn 0.0213999 0.9325612 0.360377
vn 0.1455473 0.8887678 0.4346352
vn 0.9693416 -0.2284858 -0.09039418
vn -0.8841431 0.4597614 0.08312845
vn -0.8912185 0.4477707 0.07232597
vn -0.6656462 0.7430055 0.06970031
vn 0.9778166 -0.2001515 -0.0617572
vn -0.7100989 0.7029144 0.0408766
vn -0.5069003 0.8489421 0.1494967
vn 0.9763297 -0.2049947 -0.06897403
vn 0.9797131 -0.1892125 -0.06603467
vn -0.2521393 0.95289 0.1686017
vn -0.6942909 0.7104546 0.1149532
vn -0.5387616 0.8207615 0.1899642
vn -0.4565916 0.8868989 0.0702451
vn 0.2091231 0.9682378 0.1370512
vn -0.6950542 0.7149779 0.07554106
vn 0.8359689 -0.5435907 -0.07526711
vn 0.8535404 -0.5155259 -0.0755107
vn 0.4083298 -0.9096236 -0.07649609
vn 0.7852556 -0.6140471 -0.07949775
vn -0.004820973 0.2516662 0.967802
vn -0.0005039744 0.5672174 0.823568
vn -0.02216387 0.7381626 0.6742586
vn 0.06505037 -0.9945553 -0.0814141
vn 0.01352038 -0.9960921 -0.08727977
vn 0.02426839 -0.9842158 -0.175301
vn -0.007660705 0.9788561 0.2044065
vn -0.002743371 0.9468397 0.321694
vn 0.006478837 0.9794996 0.2013418
vn -0.002934658 0.003802154 0.9999885
vn -0.0006180271 0.0009440939 0.9999994
vn -0.006349883 -0.002017125 0.9999778
vn -0.5221254 0.8338833 0.1789515
vn -0.2358667 0.9717675 -0.005890124
vn -0.03397616 0.9993434 -0.01258463
vn 0.001867306 0.8864981 -0.4627283
vn -0.02375344 0.8430725 -0.5372751
vn -0.1478277 0.3487149 -0.9254971
vn -0.2539347 0.485094 -0.8367802
vn -0.01475446 0.401743 -0.9156336
vn -0.08031254 0.08767948 -0.992906
vn 0.02013825 0.1438798 -0.9893903
vn 0.1022929 -0.9767976 -0.1881558
vn -0.09916543 0.9811466 0.1658838
vn -0.2048613 0.9481047 0.2431648
vn -0.9906768 0.1204815 0.06358936
vn -0.9990473 0.03977885 -0.01794566
vn -0.9985043 -0.003772566 -0.0545445
vn 0.1800754 -0.9802371 -0.08190392
vn 0.0242008 0.9799337 0.1978486
vn -0.01287449 0.9738649 0.2267628
vn -0.03874887 0.9570025 0.2874801
vn 0.2994815 -0.9441912 -0.1371636
vn 0.2720426 -0.9263469 -0.2605268
vn -0.9986373 0.04528625 -0.02593832
vn -0.9966369 0.02755709 0.0771722
vn -0.9749324 -0.1189381 0.1880438
vn -0.9790694 -0.2029891 0.01478815
vn -0.946319 -0.3182694 0.05643608
vn 0.07048031 0.9970319 -0.03098125
vn -0.1355462 0.9905723 0.0198408
vn -0.1420477 0.9851066 0.09688865
vn -0.07657538 -0.09909979 -0.9921268
vn -0.04969153 -0.1264346 -0.9907295
vn -0.1786162 0.007076956 -0.9838933
vn -0.985135 0.1700374 0.02441892
vn -0.9945349 0.08977898 0.05329237
vn -0.9783266 0.2067762 0.01098853
vn 0.01285467 -0.7114251 0.7026443
vn -0.08704381 -0.8553031 0.510764
vn -0.1625402 -0.9288017 0.3330288
vn 0.04402674 -0.1616159 -0.9858711
vn -0.1101825 0.982789 0.1482749
vn -0.0130088 0.9885253 0.1504944
vn -0.6462119 0.4316913 -0.6293273
vn -0.04547954 0.4961173 0.8670636
vn -0.06042006 -0.06137023 0.9962847
vn -0.07099154 0.2062417 0.9759224
vn -0.2990875 0.9528747 0.05075874
vn -0.06674314 0.9961662 0.05655357
vn -0.9868717 0.1613749 -0.006503994
vn -0.8745911 0.3168451 0.3670146
vn -0.8639974 0.4047242 0.2995109
vn -0.995196 0.09399251 -0.02739116
vn -0.02503723 0.9977661 0.0619354
vn 0.9718369 -0.2204051 -0.08339434
vn -0.9243563 0.3699383 0.09333336
vn -0.8974164 0.4360803 0.06691653
vn 0.8921231 -0.4372125 -0.1138486
vn 0.9657048 -0.2425057 -0.09276434
vn 0.8911322 -0.4480132 -0.07188548
vn -0.2393808 0.07689711 0.9678758
vn -0.963459 0.2347347 0.1290211
vn -0.9858942 0.1597206 0.0500177
vn -0.9839615 0.1746065 0.03650128
vn -0.8983952 0.4156579 0.1418255
vn -0.8965311 0.4231014 0.1312137
vn 0.9048854 -0.4077524 -0.1221491
vn 0.9567949 -0.2722119 -0.1021966
vn -0.9880092 0.138466 0.06830119
vn -0.9616618 0.2611912 0.08358004
vn -0.9615105 0.16145 -0.2223318
vn -0.3307122 0.1191789 -0.9361762
vn -0.5736593 0.1845805 -0.7980257
vn -0.5938573 0.2338013 -0.7698509
vn 0.3286163 -0.05354752 -0.9429443
vn 0.1704426 -0.002219359 -0.9853652
vn 0.4160469 -0.08561123 -0.9053042
vn -0.9170877 0.3803584 0.1194888
vn -0.9188594 0.3798631 0.106778
vn -0.4658324 0.1672015 0.8689325
vn -0.3272642 0.1322756 -0.9356288
vn -0.6623011 0.2359978 -0.7110993
vn -0.886067 0.4380386 0.1516817
vn -0.8924009 0.4350698 0.1197293
vn -0.02424339 0.01170075 0.9996376
vn -0.04217101 0.03130256 -0.9986199
vn 0.9791166 -0.1912229 -0.06902451
vn 0.07743241 -0.04103502 -0.9961528
vn 0.9142113 -0.03618126 0.4036196
vn 0.8049303 0.01807221 0.5930942
vn 0.9847356 -0.1740529 0.001154196
vn -0.8526714 0.5200656 0.04983149
vn -0.750461 0.6511238 0.1133409
vn -0.8126259 0.572936 -0.106694
vn 0.1420987 0.1338997 -0.9807542
vn -0.8021724 0.5842214 0.1233076
vn -0.6103552 0.7737451 0.1696613
vn 0.1936468 0.1579039 -0.9682806
vn -0.005507252 -0.02099232 -0.9997644
vn -0.1678688 -0.03321158 -0.9852498
vn -0.248051 -0.09281501 -0.9642904
vn 0.8645563 -0.4767974 -0.1587664
vn 0.8977984 -0.4249133 -0.1157879
vn -0.1293651 -0.09128663 -0.9873861
vn -0.87191 0.4510937 0.1904924
vn -0.7754444 0.5685689 0.2746185
vn -0.7833993 0.5124987 0.3516115
vn -0.3614764 0.3365354 -0.869528
vn -0.8776403 0.4642241 0.1193458
vn -0.8405812 0.5110289 0.1796463
vn -0.8386357 0.5250695 0.1448867
vn 0.9309026 -0.3253821 -0.1659721
vn 0.9369474 -0.3466671 -0.04417649
vn 0.8397282 -0.5104615 -0.1851635
vn -0.6738296 0.2322477 -0.7014376
vn -0.8687427 0.4634859 0.1745481
vn -0.8017047 0.5603164 0.2081226
vn -0.1558568 0.03408998 0.9871913
vn -0.1009788 0.05683735 0.9932637
vn -0.1220676 0.05215818 0.9911503
vn -0.6610818 0.739318 0.1279836
vn -0.8844912 0.4596263 0.08011851
vn -0.1845138 0.02910111 0.982399
vn -0.2428251 0.0377169 0.9693366
vn -0.2598422 0.9508244 -0.1685672
vn -0.343053 0.8081861 -0.4786959
vn -0.2801009 0.8223816 -0.4952092
vn -0.1673286 0.8383948 -0.5187439
vn -0.8771755 0.468903 0.1034071
vn -0.8693594 0.4906321 0.05911181
vn 0.9887216 -0.1464303 -0.03142828
vn 0.4789096 0.4554079 0.7504992
vn 0.303421 0.3429264 -0.8890091
vn 0.9789889 -0.1922074 -0.06809527
vn 0.1262718 0.9818488 -0.1415214
vn -0.09072387 0.9463923 0.3100173
vn -0.06762326 0.9960458 0.05761832
vn -0.8663431 0.4980786 0.03697739
vn -0.7894192 0.6031818 0.1139698
vn -0.8929693 0.4438721 0.07472263
vn 0.9926559 -0.1008177 -0.06685755
vn 0.9648307 -0.248526 -0.08565441
vn 0.5989454 0.7844636 -0.1608761
vn 0.5984514 0.7854454 -0.1578966
vn 0.5860223 0.805079 -0.09179188
vn 0.609726 0.755942 -0.2382979
vn -0.8578969 0.5089371 0.07068341
vn -0.8629009 0.5051144 0.01616815
vn -0.602886 0.7714317 0.2035229
vn -0.2267764 0.96661 0.1193216
vn 0.2816122 0.9579201 0.05553195
vn 0.3317513 0.943311 0.01026699
vn 0.37367 0.9271157 -0.02876272
vn -0.698512 0.6954436 0.1686391
vn 0.7095 -0.6894873 -0.1456607
vn 0.8428874 -0.5315267 -0.0837868
vn -0.01167655 0.6095615 0.7926527
vn -0.04069255 0.511182 0.8585087
vn -0.04423722 0.5218686 0.851878
vn 0.5160233 -0.8396993 -0.1691893
vn -0.3304063 0.9437857 -0.01001295
vn -0.246938 0.9688329 0.01960505
vn -0.1613281 0.9527318 0.2574396
vn 0.2824342 0.9543287 0.09740405
vn 0.994287 -0.07065187 0.08001018
vn 0.903904 -0.358249 -0.233699
vn 0.9826967 0.1572944 -0.09780425
vn -0.6603974 0.4665014 -0.5884316
vn -0.3258232 0.5520845 -0.7674906
vn 0.9979561 0.01610179 0.06184068
vn -0.9978949 -0.002350921 -0.06480788
vn -0.9960287 -0.07346839 -0.05028987
vn -0.001016253 -0.08175726 -0.9966518
vn 0.00141487 0.262325 -0.9649786
vn 0.0008377733 -0.004203329 -0.9999908
vn 0.001273719 0.2371588 -0.9714701
vn 0.0003392047 -0.9996812 -0.02524603
vn 0.004426986 -0.990147 -0.1399619
vn 0.008793005 -0.9970902 -0.07572102
vn 0.001726839 -0.01009303 0.9999476
vn -0.003776068 -0.09733345 0.9952447
vn 0.001779169 -0.1982318 0.9801536
vn 0.9996564 -0.001002402 0.02619125
vn 0.9624886 0.1407099 0.2319837
vn 0.9991297 0.02468793 -0.03362191
vn 0.0005600033 0.1698312 0.985473
vn -0.001889618 0.1443228 0.9895288
vn -0.003791961 -0.1655186 -0.9861994
vn -0.003865077 -0.3527747 0.9357002
vn 0.008377773 -0.03505044 -0.9993505
vn 0.7279621 -0.6736182 0.1277094
vn 0.7710608 -0.6003343 0.2122824
vn -0.1875468 -0.8553751 -0.4828661
vn 0.9902863 -0.07185471 -0.1190378
vn 0.9946288 -0.1018264 0.01857718
vn 0.9987828 -0.04448352 -0.02131429
vn 0.9856165 -0.09401841 0.1404304
vn 0.9946483 -0.08051155 0.06475116
vn 0.07119921 -0.187649 0.9796523
vn 0.1075653 0.1530271 0.9823505
vn 0.04415353 -0.9989066 -0.01536473
vn 0.07676925 -0.9970297 -0.006185278
vn -0.9977853 -0.01996341 -0.06345125
vn -0.9966589 -0.05282037 -0.06229763
vn 0.992316 -0.00185417 -0.1237155
vn 0.9475459 -0.0069434 -0.3195442
vn 0.9854971 0.1658752 0.03579214
vn -0.9999455 0.003113633 0.009959897
vn -0.9977008 -0.004537758 0.06761906
vn -0.9999294 0.003047612 0.01148424
vn -0.994977 -0.004940031 0.09998137
vn -0.9952632 -0.005297911 0.09707262
vn 0.02914715 0.3346504 0.9418915
vn -0.0003272745 0.3284069 0.9445362
vn 0.997922 0.001179635 0.06442206
vn -0.988085 -0.1438204 -0.0548065
vn 0.9974794 0.04147681 0.05757133
vn -0.970585 -0.235505 -0.05002152
vn -0.9911259 -0.1245708 -0.04638499
vn 0.5354066 0.8441991 0.02584089
vn 0.7903144 0.6029325 0.1089748
vn -0.9720322 -0.2332326 -0.02749206
vn -0.9668084 -0.2515556 -0.04473549
vn -0.9377149 -0.3450484 -0.04040238
vn -0.9272843 -0.3722523 -0.03964936
vn -0.8091947 -0.5856364 -0.04726539
vn -0.7016229 -0.7113954 -0.04052015
vn -0.5371346 -0.8416668 -0.05552835
vn -0.9958598 -0.03568402 0.08360578
vn -0.8951361 -0.4457838 -0.002850243
vn 0.3367976 0.9395269 0.06210129
vn 0.1259834 0.325695 0.9370438
vn -0.266243 0.9638059 -0.0138863
vn 0.1127592 0.9934489 0.01855944
vn 0.446959 0.8933189 0.04700052
vn -0.9139814 -0.4043995 -0.03315204
vn -0.9916602 -0.1288754 0.001105438
vn -0.1718885 0.9848374 -0.02344338
vn -0.9495116 0.3114029 0.0381544
vn 0.3887311 0.9201549 0.04693816
vn -0.06381246 -0.9968375 -0.04735956
vn 0.4293108 0.9021518 0.04259456
vn -0.3075471 -0.9499687 -0.05453622
vn -0.9311106 -0.3465824 -0.113638
vn 0.9986799 0.006361105 -0.050969
vn 0.9989347 -0.003627489 -0.04600221
vn 0.9993278 0.000302966 -0.03665682
vn 0.04502863 0.9940182 0.09949991
vn 0.06914987 0.1029267 -0.9922824
vn 0.007533845 0.9780453 -0.2082561
vn 0.006903262 0.9773512 -0.2115113
vn 0.00767979 0.9782044 -0.2075024
vn 0.001629512 0.9539555 0.2999438
vn 0.002377417 0.9771833 0.2123838
vn -0.03105591 0.9461817 0.3221426
vn 0.9292732 0.1807601 0.3221443
vn 0.9810895 0.0576093 -0.1847821
vn 0.9835609 -0.05207397 -0.1729054
vn 0.9753792 0.2188545 -0.02716722
vn -0.003246839 0.008408872 0.9999593
vn 0.01341749 -0.0001000553 -0.9999099
vn -0.08262041 -0.9938537 -0.07367998
vn -0.03590083 -0.9814633 -0.1882574
vn 0.9946955 -0.04626882 0.09187055
vn 0.001649315 0.5448225 -0.8385499
vn 0.002357784 0.5286501 -0.8488365
vn -0.9645071 -0.2402857 -0.1094939
vn -0.9841135 -0.1501636 -0.09471751
vn 0.9153843 0.4014861 0.02967458
vn 0.9426426 0.329854 0.05119719
vn 0.9882128 0.1345036 0.07310387
vn 0.9950319 0.05012821 0.08601606
vn -0.9962176 -0.0733069 -0.04665478
vn 0.9941038 0.09446626 0.0532344
vn 0.9736063 0.2083612 0.0931472
vn 0.9958018 0.06791441 0.06137131
vn -0.9952309 -0.07008424 -0.06784988
vn -0.9548683 -0.2962588 -0.02138448
vn -0.9656217 -0.2592016 0.0197321
vn -0.9963962 -0.01826436 0.082832
vn 0.1186327 0.9923307 -0.03472923
vn 0.3409765 0.9399547 0.0148367
vn -0.9799139 0.1986774 -0.0171999
vn -0.8207657 0.5702159 0.03460058
vn 0.522493 0.8416156 0.1366905
vn 0.5876216 0.8062432 0.06835774
vn -0.5878282 -0.806665 -0.06123386
vn -0.4516269 -0.8863008 -0.1024898
vn -0.2230702 -0.9576751 -0.181929
vn -0.9994528 0.005829912 -0.03255806
vn -0.8444012 0.525883 -0.102146
vn 0.3651205 0.8431413 0.3947148
vn 0.5818565 0.7676967 0.2684859
vn -0.9778575 -0.18875 -0.0903784
vn -0.02665744 -0.9541819 -0.2980374
vn 0.001576676 -0.9986162 -0.05256613
vn 0.9225777 0.3723381 0.1010675
vn 0.8212903 0.521506 0.2313304
vn 0.07210723 0.9907992 0.114532
vn 0.9477843 0.3164695 0.0393948
vn -0.8233926 -0.5479435 -0.1475894
vn -0.9981437 -0.03490284 0.04991107
vn -0.723354 -0.6837522 -0.09613474
vn 0.876838 0.4601177 0.1394516
vn 0.8273587 0.5255956 0.1980577
vn 0.9011141 0.4296367 0.05835738
vn 0.9082502 0.4071669 -0.09641892
vn 0.9998294 0.01433235 0.01164625
vn 0.9999595 0.008992381 0.0001642876
vn 0.9998358 0.01477886 0.01049259
vn 0.05203302 0.6321614 0.7730876
vn -0.02929652 0.4892164 0.8716703
vn 0.2978794 0.4654686 0.8334308
vn 0.2458902 0.7333131 0.6338691
vn 0.0406435 0.8576913 0.512556
vn 0.999304 0.02655292 -0.02619919
vn -0.06930821 0.2929003 0.9536276
vn -0.1008861 0.2519744 0.9624608
vn -0.1697 0.1349394 0.9762138
vn 0.982435 0.1232787 -0.1400851
vn 0.9971963 0.06451467 -0.03791381
vn -0.05657112 0.9903106 -0.1268252
vn -0.03597475 0.9982203 0.04756116
vn -0.07606531 0.9906276 -0.1134502
vn 0.00594376 0.2643242 0.9644156
vn -0.8149977 0.4228283 0.396226
vn -0.9109372 0.371981 0.1783909
vn -0.7355767 0.645204 0.2064917
vn -0.9180365 0.3763643 -0.1247353
vn -0.8871377 0.4274231 -0.1740585
vn -0.9584808 0.2826658 -0.03761069
vn -0.1482024 -0.3862123 -0.9104263
vn 0.9920597 -0.07776052 -0.09884746
vn -0.9958214 0.02955019 0.08640958
vn -0.9924605 0.0556086 0.1092234
vn -0.9931306 0.0783108 0.08694252
vn 0.9911587 -0.04970194 -0.1230205
vn -0.990185 0.08417876 0.1115687
vn 0.9856974 -0.1409501 -0.09237909
vn 0.9881814 -0.09099475 -0.1233594
vn -0.9862486 0.1356787 0.0943656
vn -0.9911712 0.09620332 0.09123815
vn -0.9823183 0.1483406 0.1142181
vn 0.9830614 -0.1441366 -0.1132036
vn 0.9277406 0.0881121 -0.3626758
vn 0.703415 -0.2145531 -0.677624
vn 0.6172174 0.1637 -0.7695746
vn 0.7370985 -0.5692292 -0.3642308
vn 0.9429946 -0.2975069 -0.1491671
vn 0.9999991 0.0004007351 -0.001321515
vn 0.9998667 0.004104402 -0.01579909
vn 0.05937696 0.1259554 -0.9902573
vn 0.001619322 0.1444775 -0.9895067
vn 0.1311604 0.3478492 -0.9283307
vn 0.9900141 0.005643591 -0.1408549
vn 0.999443 0.02006389 -0.02666702
vn 0.9979215 -0.001711946 -0.06441933
vn 0.06045219 0.4054233 -0.912128
vn 0.1356841 0.4247988 -0.8950619
vn 0.2048422 -0.7416174 -0.6387827
vn 0.215443 -0.7421116 -0.6347083
vn 0.2018556 -0.741461 -0.639914
vn 0.9954054 0.0797089 -0.05305105
vn 0.7161722 0.6978308 0.01138277
vn 0.2683541 0.9282921 0.2574098
vn -0.2746179 0.9614183 0.01612172
vn 0.9382944 0.3457503 0.007784938
vn 0.9999645 -0.005422627 0.006447073
vn 0.7460857 -0.05976077 -0.6631627
vn 0.620486 -0.04920822 -0.7826722
vn 0.6739684 -0.1459925 -0.7241912
vn 0.1485991 -0.9775104 0.1496386
vn 0.1312486 -0.9806644 0.1451592
vn 0.3182809 -0.9337482 0.1637427
vn 0.1527408 0.3796614 -0.9124295
vn 0.1989614 0.1722907 -0.9647436
vn -0.05680615 0.02419446 0.9980921
vn -0.09785006 0.08483174 0.9915791
vn -0.09930119 0.08572179 0.9913582
vn 0.4429948 0.4433176 -0.7792464
vn 0.9999381 -0.006104297 -0.009303662
vn 0.9985848 -0.03557155 0.03953587
vn 0.2243636 -0.2142532 -0.9506612
vn 0.07127597 -0.1829715 -0.980531
vn 0.07696158 -0.4067555 -0.9102894
vn 0.7087499 -0.7052159 -0.01854421
vn 0.9995558 0.0002803152 -0.02980058
vn 0.9976146 0.04377368 -0.05337712
vn 0.8200511 -0.4421963 -0.3632886
vn 0.8076385 -0.5061173 -0.3025977
vn 0.800056 -0.5332814 -0.2748116
vn 0.3636203 0.1869562 -0.912594
vn 0.3729389 0.07612225 -0.924728
vn 0.6139401 0.002531605 -0.7893486
vn 0.4964019 -0.004820938 -0.8680794
vn -0.8043916 0.5939993 0.01091249
vn -0.973645 0.07818006 0.2142507
vn -0.848411 0.0979261 0.5202013
vn -0.9780578 0.04654269 0.2030683
vn -0.1458554 -0.004152965 -0.9892972
vn -0.05803373 0.001313045 -0.9983137
vn 0.9841281 -0.07679686 -0.1599814
vn -0.9881145 0.05096466 0.1450251
vn -0.3237706 0.6624584 0.6755156
vn -0.9923789 -0.02315221 0.1210294
vn -0.9867539 0.06146305 0.1501305
vn 0.198847 0.8803639 0.4306035
vn 0.1222057 0.9051515 0.4071442
vn 0.05376311 0.9217545 0.3840288
vn 0.9835684 -0.0233841 -0.1790152
vn 0.9902344 -0.0213323 -0.1377707
vn 0.9851214 -0.05997317 -0.1610561
vn 0.2692396 0.8515828 0.4497963
vn -0.9236791 -0.0001591629 0.3831671
vn -0.9355381 0.002374007 0.3532181
vn -0.9849359 0.0422111 0.1676883
vn 0.9836971 -0.03920488 -0.175508
vn 0.9943308 -0.03159786 -0.1015277
vn 0.9960961 -0.08812122 0.005215318
vn -0.03971399 -0.009367729 -0.9991672
vn 0.04114043 -0.0440373 -0.9981824
vn -0.9826059 0.08543113 0.1648854
vn 0.9818112 -0.1031975 -0.1593644
vn -0.5772335 0.01257896 0.8164822
vn -0.7832613 0.05669666 0.6191019
vn -0.8875743 0.101732 0.449291
vn 0.2105125 -0.003040758 -0.9775864
vn 0.4083328 -0.04714609 -0.9116148
vn 0.362378 -0.04695837 -0.9308475
vn 0.4380753 0.01069393 0.8988746
vn 0.5266699 0.006816775 0.8500426
vn 0.4340113 0.01065757 0.9008444
vn 0.2672126 -0.0332593 -0.9630635
vn 0.9235403 -0.3435532 -0.1704247
vn 0.9676664 -0.1752567 -0.1814022
vn 0.980037 -0.1474682 -0.1333435
vn -0.9774225 0.1408859 0.1574688
vn -0.9770267 0.131087 0.1680328
vn -0.9652797 0.2283851 0.1267883
vn 0.9113638 -0.06388873 0.4066131
vn 0.9540147 -0.1087405 0.2793413
vn 0.9361455 -0.08822342 0.3403648
vn 0.9575849 -0.2243107 -0.1808756
vn 0.9417582 -0.2698549 -0.2006733
vn 0.9716262 -0.1158812 -0.2061897
vn -0.9834332 0.1006754 0.1507433
vn -0.9706247 0.1851795 0.1536106
vn -0.04149529 0.003315408 -0.9991332
vn -0.8763013 0.09260283 0.4727798
vn -0.02931165 -0.06794962 -0.9972581
vn -0.03019696 -0.0661807 -0.9973506
vn 0.9172646 -0.1781683 -0.3562047
vn 0.9535441 -0.2471652 0.1722292
vn 0.8454514 -0.168817 -0.5066684
vn 0.914322 -0.1810836 0.3622485
vn -0.9188854 0.35664 0.1686936
vn 0.9700289 -0.1324748 -0.2037016
vn -0.935474 0.3437038 -0.08219495
vn -0.9424133 0.2943347 0.158822
vn -0.05457824 0.002474236 -0.9985064
vn 0.04971626 -0.04049161 -0.9979423
vn -0.04655576 0.0169443 -0.998772
vn 0.2728695 -0.03430893 -0.9614392
vn 0.2502491 -0.07571658 -0.9652162
vn 0.2776577 -0.09731636 -0.9557383
vn -0.2806647 0.09015744 0.9555622
vn -0.08893135 0.364924 0.9267803
vn -0.03633212 0.7786961 0.6263484
vn 0.9996058 -0.0271766 0.007053022
vn 0.9999387 -0.007250377 0.008372998
vn -0.03523745 0.8701032 0.4916083
vn -0.03574871 0.87813 0.4770846
vn -0.02526915 0.8873069 0.4604866
vn -0.03851175 0.8897256 0.4548683
vn -0.05101837 0.9083163 0.4151609
vn -0.04620754 0.9157752 0.3990247
vn -0.9712013 0.1876409 0.1468296
vn -0.9759287 0.1667224 0.1405946
vn -0.9763867 0.1632793 0.1414527
vn -0.9859304 0.1166555 0.1197197
vn -0.9525423 0.2490841 0.1749863
vn -0.9903876 0.09926898 0.09632331
vn -0.8667244 0.4372498 0.2400028
vn 0.6438939 -0.4078438 0.6473515
vn 0.3187893 -0.4897018 0.8115205
vn 0.04324714 -0.6642352 0.7462716
vn -0.03256485 0.9134782 0.4055825
vn 0.003773879 0.9138346 0.4060689
vn -0.002607009 0.9383298 0.3457316
vn 0.00204999 0.8940899 0.4478828
vn -0.02774226 0.8859162 0.463015
vn -0.0004094837 0.8450323 0.5347149
vn -0.0002931054 0.8948627 0.4463415
vn -0.1776182 0.7914814 -0.5848153
vn 0.06365799 0.7872184 -0.6133797
vn -0.07659794 0.9945212 0.07113558
vn -0.07770517 -0.001471409 -0.9969753
vn -0.06883266 -0.01096238 -0.997568
vn 0.05604826 -0.143047 -0.9881276
vn -0.2003363 0.1312171 -0.9709002
vn 0.9935114 -0.08382335 -0.0768687
vn 0.9869186 0.0483089 -0.1538113
vn 0.9598907 0.001077314 -0.2803723
vn 0.9970175 0.01595799 0.07550798
vn 0.9853913 -0.1313856 0.1083597
vn 0.9041049 -0.04507966 0.4249262
vn -0.05876926 0.9294177 0.3643198
vn 0.8876398 0.4400674 0.1357801
vn 0.9335762 0.3481705 0.08492839
vn 0.7521189 0.6148649 0.2371882
vn 0.9802965 0.1974841 0.004327281
vn -0.1514051 0.9883056 0.01813024
vn 0.479364 -0.6849137 -0.5487288
vn 0.08872849 -0.5165902 0.851623
vn -0.00351867 -0.3055235 0.952178
vn -0.04374215 -0.9771865 0.2078295
vn -0.1289956 0.9862198 -0.1035882
vn -0.3921853 0.6213278 -0.6783381
vn -0.423477 0.5442089 -0.7242264
vn -0.974222 -0.1545232 0.1643598
vn -0.9433352 0.03079175 0.3304097
vn -0.9513283 0.004647581 0.3081442
vn 0.03255827 0.280635 0.9592623
vn -0.07635033 0.02987801 0.9966334
vn -0.05563842 -0.09907188 0.9935235
vn 0.01904008 -0.9494156 0.3134447
vn 0.01045505 -0.9830136 0.1832346
vn 0.5154028 -0.8441521 0.1475374
vn 0.01898208 -0.9241922 0.3814556
vn 0.00380623 -0.8666077 0.4989757
vn 0.01284443 -0.9129626 0.407841
vn 0.05900546 -0.9466975 -0.3166736
vn 0.1905782 -0.917452 -0.3492302
vn 0.05906843 -0.892422 -0.4473186
vn -0.982544 0.1553991 0.1022666
vn -0.1544348 0.9277461 0.3397603
vn 0.1574854 -0.8680351 -0.4708645
vn 0.0312313 -0.853472 -0.5202021
vn 0.3595898 -0.9310192 0.06243604
vn 0.9851112 -0.1522596 -0.0798307
vn -0.05440043 0.9419686 0.3312638
vn 0.005742781 -0.9187894 -0.3947062
vn -0.03235139 -0.8672433 -0.4968323
vn 0.05651297 -0.8796975 -0.4721638
vn -0.109656 -0.8993505 -0.4232545
vn 0.06789627 -0.9185406 -0.3894525
vn -0.968321 0.2081368 0.1379623
vn -0.962935 0.2376596 0.1275701
vn -0.9691082 0.20551 0.1363627
vn 0.02362626 -0.7256563 0.6876516
vn 0.01667158 -0.8220568 0.5691613
vn -0.963838 0.2426868 0.1100884
vn 0.8709286 -0.4666694 -0.1539575
vn 0.9442088 -0.3067515 -0.1198885
vn 0.9421476 -0.3030209 -0.1433045
vn -0.9129218 0.3802617 0.1482391
vn -0.7954878 0.5653149 0.218216
vn -0.8304301 0.5255748 0.184816
vn 0.8570785 -0.4810722 -0.1843526
vn 0.7947294 -0.5727842 -0.2008072
vn -0.8461244 0.4962991 0.1943212
vn -0.9325757 0.3304275 0.1453275
vn -0.8725752 0.4622218 0.1579985
vn -0.6960698 0.6704549 0.2568602
vn -0.768773 0.5754377 0.2790332
vn -0.8161527 0.5393963 0.2072348
vn 0.6505514 -0.6320916 -0.4210025
vn 0.7470507 -0.6026592 -0.2805657
vn 0.8479235 -0.4524747 -0.2762109
vn 0.8274108 -0.522648 -0.2055002
vn 0.9017544 -0.4134004 -0.12625
vn -0.6374642 0.6943403 0.3339622
vn -0.3446628 0.8867271 0.3080949
vn -0.7996001 0.5661051 0.2004117
vn -0.8090729 0.5639752 0.1653274
vn 0.6276326 0.7712949 0.1057426
vn 0.9862784 0.08157544 0.1435279
vn 0.9961633 0.08258548 0.0289532
vn 0.9908145 0.08201145 0.1075209
vn -0.4745603 0.7819956 0.4040734
vn -0.4184763 0.8622177 0.2854091
vn -0.316075 0.8670776 0.3850623
vn -0.3787406 0.85311 0.3588299
vn -0.1046831 0.920889 0.375506
vn -0.0152972 0.9559014 0.2932888
vn -0.2241669 0.8692315 0.440665
vn 0.8279181 -0.5180813 -0.2148101
vn 0.9858931 -0.1280409 0.1077977
vn 0.5280728 0.8303569 0.1778951
vn -0.7064767 0.620079 0.3411638
vn -0.7531911 0.5953156 0.2798257
vn 0.2619552 -0.8955264 -0.3597387
vn 0.4501597 -0.8296959 -0.3300923
vn 0.4198438 -0.8196658 -0.3897168
vn 0.5007935 -0.80445 -0.3194774
vn 0.6579599 -0.6964594 -0.2864138
vn -0.6300296 0.7232528 0.2827864
vn -0.4173397 0.8407221 0.3449838
vn 0.6456006 -0.7109239 -0.2789034
vn -0.6994382 0.6745787 0.2360716
vn 0.7803631 -0.6039241 -0.1622005
vn 0.0596505 0.8447723 0.5317909
vn 0.8518971 -0.1860222 0.4895579
vn 0.7349895 -0.5995759 -0.3167006
vn -0.1004022 0.8929695 0.4387767
vn -0.1305216 0.9336691 0.3335058
vn 0.3902486 -0.8634259 -0.3196899
vn 0.2807897 -0.8594764 -0.4271503
vn -0.006685125 -0.0738489 -0.997247
vn 0.001011747 -0.08264035 -0.9965789
vn -0.009127348 -0.1146178 -0.9933678
vn -0.3329589 0.8986122 0.2857176
vn -0.3891342 0.6892366 0.611169
vn -0.7154711 0.6417111 0.2762389
vn -0.5995893 0.5495758 0.5817723
vn -0.3032829 0.7201243 0.6240516
vn -0.002363829 -0.07453156 -0.9972158
vn 0.006848949 -0.09613492 -0.9953448
vn -0.8125817 0.5400527 0.2192127
vn -0.8784199 0.4629765 0.118453
vn 0.2160814 -0.3260191 -0.9203371
vn 0.3166715 -0.2402527 -0.9176043
vn 0.3139907 -0.2815246 -0.9067269
vn 0.7311484 -0.641372 0.2325164
vn 0.7412297 -0.5896265 0.3208101
vn 0.8859752 -0.3507361 0.3033679
vn 0.03081328 -0.08915594 -0.9955409
vn 0.2859522 -0.1391247 -0.9480906
vn 0.8943821 -0.2644819 0.3607355
vn 0.8950204 -0.3911782 -0.2142851
vn 0.8735899 -0.4384611 -0.2111698
vn 0.6914632 -0.6761158 -0.2544526
vn 0.8561051 -0.4717444 -0.211048
vn -0.8312185 0.5316617 0.1625167
vn -0.6975284 0.5866979 0.4113875
vn -0.7852874 0.3779974 0.4903485
vn -0.9031128 0.3823351 0.1954664
vn -0.7151654 0.2073843 0.6674805
vn 0.5605097 -0.8148469 0.147829
vn 0.4621874 -0.8413547 -0.2801876
vn 0.6867092 -0.6805354 -0.2555427
vn 0.2375374 -0.928568 -0.2851973
vn -0.01644281 0.9491281 0.3144605
vn -0.4959837 0.8246516 0.2719371
vn 0.8019771 -0.5643975 -0.1956741
vn 0.775798 -0.590265 -0.2229907
vn -0.8425428 0.4986227 0.2037084
vn -0.8663579 0.4677406 0.1750509
vn -0.01113804 0.9653914 0.2605673
vn -0.1738239 0.9845474 0.02125224
vn -0.0820187 0.9830808 -0.1637835
vn -0.002463718 0.7183999 0.6956259
vn -0.0133034 0.1154974 0.9932187
vn 0.03622385 0.3157916 0.9481368
vn -0.09193034 0.02275359 -0.9955055
vn -0.02149335 0.002824712 -0.9997649
vn -0.04152738 0.07247505 -0.9965053
vn -0.08463493 0.3783645 -0.9217793
vn 0.8520408 -0.4834564 -0.2007397
vn 0.960645 -0.182699 -0.2092423
vn 0.9167179 0.2617446 -0.3018576
vn -0.20217 0.9398545 0.2753193
vn 0.772877 -0.6058756 -0.188616
vn 0.09001464 -0.9511828 -0.2952093
vn 0.260716 -0.09483434 -0.9607464
vn 0.3082008 -0.1039902 -0.9456206
vn 0.2749888 0.3223224 -0.9058087
vn 0.399691 0.6792873 -0.6154802
vn 0.1038381 0.9402058 -0.3243929
vn 0.2440138 0.9478806 0.2048892
vn -0.04674169 0.9264616 0.3734758
vn 0.317339 0.9294324 0.1882851
vn 0.1508582 -0.9696713 -0.1923002
vn 0.1890977 -0.9657285 -0.1777938
vn 0.08917631 -0.8532459 -0.5138279
vn -0.04405597 0.7854665 0.6173341
vn 0.110298 -0.4591829 -0.8814677
vn 0.07184476 -0.3439972 -0.936218
vn 0.007535438 -0.2307582 -0.972982
vn 0.3357443 -0.5755641 -0.7456553
vn 0.02887194 0.01099517 -0.9995226
vn 0.6037769 0.7680318 0.2134956
vn 0.1304618 0.9482137 0.2896039
vn 0.4336794 0.8775103 0.2046894
vn 0.7497997 -0.6366718 -0.180137
vn 0.7709876 -0.5972185 -0.2211517
vn 0.3608765 -0.02432242 0.9322965
vn 0.2035196 0.9342244 0.292924
vn 0.7572355 -0.6083117 -0.2378053
vn 0.3727667 0.8651375 0.3355327
vn -0.5641474 0.3460924 0.7496384
vn -0.3365854 0.8737481 0.3511046
vn -0.3200722 0.9048029 0.2808657
vn -0.01923114 -0.6683293 0.7436169
vn -0.08849987 -0.8283864 0.5531219
vn -0.2599869 -0.8972031 0.356978
vn 0.0009778802 0.9511121 0.3088442
vn 0.9632369 -0.251433 -0.09463688
vn 0.9007961 0.1975486 -0.3867051
vn 0.8740209 0.3081266 -0.3756933
vn 0.9302773 0.3174072 -0.1839478
vn -0.5754145 0.352194 0.7381446
vn -0.219423 0.7274882 0.650088
vn -0.6013283 0.3766112 0.7046761
vn 0.7791128 -0.5196351 0.3506602
vn 0.5404711 -0.8153989 0.2074017
vn 0.7291885 -0.6257522 0.2769805
vn 0.9890587 0.1408264 0.04393891
vn 0.9413083 0.2214491 0.2547525
vn 0.8263298 -0.3865121 0.4096185
vn 0.6685162 -0.1066291 -0.7360139
vn 0.7116608 0.003966763 -0.702512
vn 0.6106713 0.08141516 -0.7876878
vn -0.2679357 -0.1639141 0.9493906
vn -0.3452232 -0.6523879 0.6746932
vn -0.118138 -0.6813896 0.7223238
vn 0.001194623 -0.7176421 0.6964111
vn -0.1717148 -0.6744159 0.7181067
vn 0.001265081 -0.7206474 0.6933007
vn 0.6834354 0.7203204 0.1185516
vn -0.9638868 0.2333029 0.1284214
vn -0.9680703 0.2328653 0.09281009
vn -0.02904627 0.953491 0.3000187
vn 0.007048991 0.9460743 0.3238729
vn 0.01370897 -0.2102804 0.977545
vn -0.5089197 -0.8543678 -0.1051495
vn -0.5234414 -0.8440238 -0.1167596
vn -0.28579 -0.9564651 0.05914803
vn -0.3998384 0.001950933 -0.9165835
vn -0.2354602 -0.07056629 -0.9693187
vn -0.105765 -0.1710316 -0.9795724
vn 0.9026769 -0.4223717 0.08231887
vn 0.9041203 -0.4214376 0.07040413
vn 0.8751927 -0.4287785 0.2240241
vn 0.9110491 -0.4045831 -0.07938551
vn -0.09843753 0.519837 -0.848575
vn -0.02349679 0.3478007 -0.937274
vn -0.03313273 0.6485175 -0.7604784
vn 0.9778885 0.1387749 -0.1564468
vn 0.401808 -0.2327094 -0.8856617
vn 0.6456151 -0.2294379 -0.7283813
vn 0.5523288 -0.2331437 -0.8003605
vn 0.1788924 -0.2209895 -0.958729
vn 0.9999998 -0.0003378811 -0.0005228627
vn -0.01466487 -0.249244 0.9683297
vn -0.20743 -0.8222852 -0.5299244
vn -0.007652847 -0.8478233 -0.5302236
vn -0.001093115 -0.9409707 -0.3384864
vn -0.9877996 0.1323446 0.08207825
vn -0.9293942 0.3477665 0.1236323
vn -0.9984375 0.02165265 -0.05151598
vn -0.9914185 0.1176247 0.05704193
vn 0.05877476 0.5597283 -0.8265893
vn 0.206297 0.4986829 -0.841877
vn 0.3162884 0.5692801 -0.7588688
vn 0.2678366 0.6209928 -0.7366354
vn 0.01624875 0.9642671 0.2644333
vn 0.002310773 0.9672417 0.2538465
vn -0.995342 0.09380788 -0.02223358
vn -0.9968275 0.07743132 0.01841853
vn -0.879289 0.4754159 0.02881913
vn -0.02951243 0.9987717 0.03980079
vn -0.0156375 0.8161706 -0.5775993
vn -8.835156e-05 0.9619962 0.2730627
vn 0.007683184 -0.9546473 -0.29764
vn -0.008438358 -0.9336397 -0.3581141
vn 0.0272599 -0.9614826 -0.2735106
vn -0.02836251 0.7590789 0.6503806
vn -0.0001193177 -0.7333315 -0.6798713
vn 0.000559761 -0.8909488 -0.4541035
vn 0.0002400546 -0.7169424 -0.6971324
vn -0.1301229 0.6149758 0.7777357
vn -0.005642863 0.3141886 0.9493438
vn -0.8495994 0.4949195 0.1823062
vn -0.8284619 0.5335439 0.17024
vn -0.7819645 0.5833447 0.2196371
vn -0.04629364 0.5276871 0.8481764
vn 0.04386565 0.9917755 -0.1202382
vn 0.1430971 0.9849005 0.09743828
vn -0.00151213 0.9964514 -0.08415583
vn 0.04645769 -0.9117463 -0.4081179
vn 0.1851169 -0.9825996 -0.01515763
vn 0.0007952161 -0.9951287 -0.09858117
vn 0.04924566 0.001974849 -0.9987847
vn 0.0123667 -0.01648307 -0.9997877
vn 0.06348698 -0.05544888 -0.9964411
vn -0.7770346 0.5631161 -0.2812784
vn -0.3562226 0.8860046 -0.2968186
vn -0.05629208 0.9794489 -0.1936776
vn -0.9931349 0.1091732 -0.04200436
vn -0.161727 0.5939385 0.7880872
vn -0.06035608 0.7100934 0.7015159
vn -0.00228101 0.6979194 0.7161726
vn 0.2748029 0.9399571 0.2023958
vn 0.6904318 0.6714103 0.2692808
vn -0.5012847 -0.7434114 -0.4427788
vn 0.9947125 -0.08991763 -0.04961588
vn 0.9643101 -0.2637732 -0.02301555
vn 0.7491112 -0.6610031 0.0436716
vn -0.9594266 0.04335283 0.2786057
vn 0.0220798 0.9572684 0.2883569
vn 0.006277062 0.9848481 0.1733053
vn 0.03957889 0.9055707 0.4223448
vn -0.08139149 0.9360857 -0.3422265
vn -0.8278298 0.5501183 -0.1098531
vn 0.8165983 -0.5697864 0.09225357
vn -0.8414547 0.5398631 0.02240257
vn -0.7904266 0.6118321 -0.02978495
vn -0.9031652 0.4167464 0.1030304
vn 0.9806735 0.1858271 0.0612189
vn -0.2180221 0.6517389 0.7264316
vn -0.08264188 -0.02614602 0.9962363
vn -0.0818233 -0.2624092 0.9614813
vn 0.08651675 0.1549087 0.9841332
vn -0.0956341 0.9500943 -0.2969425
vn -0.3378374 0.8870941 -0.3145312
vn -0.05044005 0.9984558 0.02327846
vn -0.1804122 0.9832575 0.02561683
vn 0.937053 0.3437901 0.0611549
vn -0.9966732 0.001876174 -0.08147977
vn -0.9963958 -0.0287322 -0.07981214
vn -0.09185477 0.9431955 -0.3192882
vn 0.9941718 -0.0002601493 0.1078072
vn 0.993826 -0.002258831 0.1109274
vn 0.9966808 0.01665694 0.07968707
vn -0.00079625 0.9987427 0.05012263
vn -0.2888213 0.6099709 0.7379145
vn 0.9926347 -0.1061477 -0.05838798
vn 0.9898378 -0.001205221 0.1421956
vn 0.9959085 -0.005616464 0.09019317
vn -0.9969723 -0.0008375295 -0.07775328
vn 0.9041465 -0.4080476 -0.1265559
vn 0.9241599 -0.2730494 -0.2671559
vn 0.9869843 -0.1552929 0.04178966
vn 0.438067 -0.8954995 0.07860082
vn -0.9990013 0.001501715 0.04465677
vn -0.9986017 0.01585407 0.05043099
vn -0.9777216 0.1579324 0.1382678
vn -0.9998431 0.004595955 0.0171058
vn -0.9933403 0.0007931068 0.1152151
vn 0.4571477 -0.001851509 0.8893888
vn 0.4525889 -0.001357818 0.8917182
vn 0.5056045 -0.007179407 0.8627355
vn 0.9660715 0.001935723 0.2582671
vn -0.224959 0.9649787 0.1349422
vn 0.05226238 0.8490102 0.5257854
vn 0.04431172 0.9209542 0.3871432
vn 0.9978514 0.02220203 0.06164135
vn 0.0006214675 0.4990923 -0.8665486
vn 0.009139235 0.288845 -0.9573323
vn -0.0003813389 0.4178084 -0.908535
vn -0.7970669 0.04560551 -0.6021665
vn -0.7351192 -0.3385806 -0.5873355
vn -0.9158691 -0.346876 -0.2021407
vn -0.4204578 -0.07679275 -0.9040565
vn -0.2379954 -0.5097421 -0.8267534
vn 0.1217529 -0.9925599 -0.001135584
vn 0.09969773 -0.9948171 0.01998193
vn 0.08912256 -0.9936312 0.06894999
vn -0.5209677 -0.7882338 -0.3275365
vn 0.1976315 -0.8280242 -0.5247073
vn -0.9699888 0.03873122 -0.2400451
vn 0.6661478 0.7316886 -0.1444947
vn 0.1025141 0.9788846 0.1768496
vn -0.04539443 0.9739318 -0.2222525
vn -0.01673661 0.988446 -0.1506463
vn -0.07642045 0.9511855 -0.2990084
vn 0.01031097 0.5494364 -0.8354719
vn -0.009722235 0.2290308 -0.9733706
vn -0.01124152 0.9591608 -0.282638
vn -0.008637212 0.9848291 -0.1733123
vn -0.0110842 0.9853503 -0.1701822
vn 0.04358303 0.05246505 -0.9976712
vn -0.01216111 0.9606571 -0.2774706
vn -0.009756178 0.05095201 -0.9986534
vn -0.02354531 0.06149453 -0.9978297
vn -0.9253998 0.04924524 -0.3757792
vn -0.9143248 0.07608856 -0.3977698
vn -0.5923095 0.05812582 -0.8036112
vn 0.003694959 0.9999068 -0.01314732
vn -0.02877241 0.9995792 -0.00368359
vn -0.06698394 0.9974766 0.02352721
vn -0.9583375 -0.2741968 -0.08003321
vn -0.0046385 0.9995133 -0.03084749
vn 0.008461478 0.999266 0.0373616
vn -0.1166617 0.9922154 -0.04357378
vn -0.2526877 -0.01894481 -0.9673624
vn -0.2427421 -0.02678121 -0.9697211
vn -0.2788595 0.001851905 -0.9603302
vn 0.003110154 0.7857121 -0.6185846
vn -0.04775181 0.4612334 -0.8859929
vn -0.05080308 0.9337176 -0.3543874
vn -0.00845209 0.925501 -0.3786509
vn -0.1746252 0.1371963 -0.9750299
vn -0.005577311 -0.9955751 0.09380446
vn -0.009907193 -0.9983466 -0.05662128
vn -0.01580957 -0.9972245 -0.07275582
vn 0.01454973 -0.9981674 -0.05873889
vn 0.003293731 -0.06522004 -0.9978655
vn -0.01110341 -0.01815082 -0.9997736
vn -0.00669406 -0.007452305 -0.9999498
vn 0.03427466 -0.1462583 -0.9886525
vn -0.2140945 -0.04915401 -0.9755754
vn 0.04800257 -0.9969743 -0.06113763
vn 0.004640618 -0.0851128 -0.9963605
vn -0.4850086 -0.5077126 -0.7120355
vn -0.52211 -0.525693 -0.6716009
vn -0.468585 -0.4994744 -0.7286656
vn -0.7443735 0.6642484 -0.06842611
vn -0.7530154 0.6554773 -0.05759681
vn -0.6499091 0.7401303 -0.1727003
vn 0.002783062 0.02585184 -0.999662
vn 0.02048603 0.0393008 -0.9990174
vn 0.01102918 0.06538433 -0.9977992
vn 0.0007241503 -0.05114539 -0.998691
vn -0.01093495 0.05183161 -0.998596
vn -0.4282679 -0.4785955 -0.766507
vn 0.0628011 0.9051971 -0.4203262
vn -0.1116936 0.04442332 0.9927492
vn 0.02489571 -0.1256043 0.991768
vn -0.006485619 -0.9960649 0.0883901
vn -0.33965 -0.01493458 0.9404333
vn -0.5087128 0.02741519 0.8604997
vn -0.9722491 0.2255503 -0.06211831
vn -0.6777337 -0.5537184 -0.483811
vn 0.2619643 0.03911683 -0.9642845
vn -0.0001436393 -0.9959183 -0.09025929
vn 0.05598385 -0.9979453 -0.03116154
vn -0.5563563 0.02369988 0.8306057
vn -0.9456126 0.06873582 0.3179502
vn -0.788133 -0.02808943 0.6148638
vn 0.2455955 -0.2272951 -0.942348
vn -0.09630405 0.9912816 0.0899232
vn 0.7457633 0.6650096 0.03999101
vn 0.5393125 0.02751739 -0.841656
vn 0.4818032 -0.04228338 -0.8752587
vn 0.5452717 0.03510249 -0.8375241
vn 0.9928085 0.02424616 -0.1172323
vn 0.9869955 -0.01867819 -0.159659
vn 0.9608144 -0.1144678 -0.2524533
vn 0.02884317 0.9970025 -0.07179128
vn -0.677762 0.3520678 -0.6455129
vn -0.4825556 0.4281462 -0.7640883
vn -0.4765304 0.3036305 -0.825062
vn -0.2329132 0.6473446 -0.7257385
vn 0.04679911 -0.03983408 -0.9981097
vn -0.7622647 -0.6304057 -0.1467689
vn -0.005516147 -0.9490743 -0.3150042
vn -0.001195855 -0.9431809 -0.3322776
vn -0.006569195 -0.9504605 -0.3107759
vn -0.9555914 -0.202076 -0.2145001
vn -0.7448409 -0.6341642 -0.2074794
vn -0.8904384 -0.4226008 -0.1689022
vn -0.692107 -0.7093815 -0.1332883
vn -0.2864452 -0.1032687 -0.952515
vn -0.3266666 0.1826261 -0.9273277
vn 0.5889262 0.8080931 0.01230261
vn -0.7060686 0.5666637 -0.4246874
vn -0.9986199 0.03043776 -0.04280021
vn -0.9954026 0.0776379 -0.05609004
vn 0.02227947 -0.2398189 -0.970562
vn -0.2844178 -0.3195445 -0.9038793
vn -0.2526789 -0.2392886 -0.9374936
vn -0.2103681 0.01491012 -0.9775085
vn -0.3351276 -0.4541131 -0.8255125
vn -2.563596e-05 -0.3706305 -0.9287804
vn -0.00348134 0.8697767 -0.4934333
vn -0.995409 0.01975652 -0.09365158
vn -0.0007301723 0.1763835 -0.9843212
vn 0.9940789 0.1086315 -0.002483451
vn 0.9844753 0.1697233 -0.04474775
vn 0.9759315 0.04836756 0.2126459
vn 0.9793473 0.00198599 -0.2021756
vn 0.9879357 0.01487631 -0.1541484
vn 0.9887576 0.01635705 -0.1486295
vn 0.0001728385 0.5331704 -0.8460078
vn -0.004099526 0.6532297 -0.7571487
vn 0.8889462 -0.0261823 0.4572627
vn 0.9790012 0.1979414 0.04874172
vn 0.9973796 -0.01253221 0.07125199
vn 0.9900386 0.1378507 -0.02864939
vn -0.004718632 -0.06076201 -0.9981412
vn 0.00310588 0.04200196 -0.9991127
vn -0.3350136 0.08083141 -0.9387397
vn -0.00191339 0.1045252 -0.9945204
vn 0.001583154 0.0141852 -0.9998981
vn -0.02683697 0.7614922 -0.6476183
vn -0.005325907 0.7732483 -0.634081
vn -0.001651671 0.8698832 -0.493255
vn -0.8810881 0.0068162 -0.4729031
vn 0.9748496 0.2157077 -0.05602147
vn 0.8372562 0.4445578 -0.3183872
vn 0.9856049 0.123247 0.1157283
vn 0.9963897 -0.005790976 0.08469989
vn -0.5112149 -0.01183498 -0.8593715
vn -0.04301346 -0.03532489 -0.9984498
vn -0.9534047 0.07927819 0.2910921
vn -0.970791 0.09179731 0.2216715
vn -0.7660558 -0.01488907 -0.6426015
vn 0.3180228 0.004909723 0.9480703
vn 0.5555723 0.03621915 0.8306789
vn -0.2970225 -0.05431573 -0.9533245
vn -0.994285 0.06285634 0.08629213
vn 0.005208937 -0.006190349 -0.9999673
vn 0.006031377 -0.1790279 -0.9838254
vn -0.2934314 -0.08418545 -0.9522661
vn -0.9711671 -0.1159957 0.2082772
vn -0.9101396 -0.3059326 -0.2793764
vn -0.8601589 -0.07057787 -0.5051192
vn 0.4872184 0.06169494 0.8710981
vn 0.524406 0.131421 0.8412651
vn 0.5578443 0.04027252 0.828968
vn 0.2032636 -0.09920762 -0.9740851
vn 0.264538 -0.06506299 -0.9621779
vn 0.8953248 -0.06475195 -0.4406822
vn 0.9259576 -0.04468543 -0.3749743
vn 0.9315983 -0.04053453 -0.3612221
vn -0.996221 0.001409546 -0.08684274
vn -0.9935036 -0.03799577 -0.1072707
vn 0.9053245 -0.2237563 0.3609993
vn 0.009560187 0.02952674 -0.9995182
vn -0.000650038 -0.07766218 -0.9969795
vn -0.4333302 -0.3848888 0.8149145
vn 0.23133 0.9728649 0.004515467
vn 0.144464 0.9895095 -0.001103347
vn 0.2332929 0.9723986 0.003923801
vn 0.6843143 0.3002916 -0.664484
vn 0.6233928 0.2176161 -0.7510157
vn 0.6633747 0.1849103 -0.7250808
vn 0.654809 0.5329583 -0.5358924
vn 0.9350361 -0.2445924 0.2566747
vn 0.9698182 -0.1228845 0.2105993
vn 0.4899412 -0.5652486 -0.6636652
vn 0.6171621 -0.4059238 -0.6740451
vn 0.5370219 -0.5119159 -0.6704845
vn 0.05982614 -0.1826346 0.9813589
vn 0.9159694 0.3555292 -0.1860079
vn 0.9850824 0.1529858 -0.07879121
vn 0.9268851 0.3752327 -0.009191236
vn 0.1161893 0.6785649 -0.725293
vn 0.9889024 0.1474635 0.01807099
vn 0.9937527 -0.0882544 0.06831425
vn 0.8649824 0.3745368 0.3339575
vn 0.9561082 -0.1619374 -0.2441991
vn 0.9985722 -0.01334953 -0.051724
vn 0.9941373 0.09945009 -0.04243473
vn 0.8915738 0.04078691 -0.451035
vn 0.001394672 -0.3157131 -0.9488536
vn 0.08001253 -0.2602189 -0.9622287
vn -0.07409255 -0.2476316 -0.9660171
vn 9.442167e-05 0.9378403 0.3470672
vn -0.00547255 0.9569998 0.290037
vn -0.03886762 0.9956158 0.08507957
vn 0.0007236837 -0.3586451 0.9334737
vn 0.1020447 -0.1584887 -0.9820734
vn -0.1019269 -0.08337412 -0.9912919
vn 0.03601632 0.3635693 -0.9308707
vn -0.294346 0.4191983 -0.8588558
vn 0.8893735 0.2019425 0.4101632
vn 0.9175432 0.1573052 0.3651979
vn 0.92315 0.147381 0.3550674
vn -0.03511332 -0.2730969 -0.9613456
vn 0.2149122 -0.9694563 0.1181832
vn 0.1912415 -0.9713693 0.1409554
vn 0.218391 -0.9690846 0.1148066
vn -0.08238242 0.9932015 0.08224217
vn -0.9969896 0.0243915 -0.07359811
vn 0.2382749 -0.9665051 0.09535705
vn -0.5355727 -0.612343 -0.5815479
vn 0.005023897 -0.3392794 -0.9406722
vn -0.003260582 -0.06894638 0.9976151
vn 0.0004632013 -0.9998353 0.01814389
vn -0.01097071 -0.9984351 0.05483575
vn 0.4185184 -0.02183896 -0.9079458
vn -0.6954266 -0.1621973 -0.7000526
vn -0.7669784 -0.1242163 -0.629535
vn -0.9812482 -0.0328857 -0.1899224
vn -0.001517633 -0.5069847 0.8619538
vn 0.003173174 -0.610556 0.7919666
vn 0.9859263 0.1588577 -0.0520926
vn -0.009364093 -0.9839195 -0.1783667
vn -0.002581568 0.4199284 -0.9075536
vn -0.006952273 0.1427704 -0.9897314
vn -0.0005571411 0.2421317 -0.9702433
vn 0.001594997 -0.9929263 0.118722
vn 0.002958536 -0.05490327 -0.9984874
vn -0.0005529091 -0.07518629 -0.9971693
vn -0.112315 0.8106328 -0.5746822
vn -0.00571317 -0.04581121 0.9989338
vn -0.04844878 0.05659385 0.9972211
vn 0.008444428 -0.01859886 0.9997913
vn 0.669733 0.2748038 -0.6898844
vn -0.006972786 -0.1075707 0.994173
vn -0.9871012 0.02830707 -0.1575751
vn -0.986044 -0.09416422 -0.1372963
vn -0.01876015 0.8030991 0.59555
vn 0.003898544 0.9290342 0.369973
vn 0.02110001 0.774436 0.6323002
vn -0.004732396 0.9480804 0.3179958
vn 0.007607184 0.8539541 0.5202927
vn 0.00404106 0.8727544 0.488143
vn -0.2335465 -0.1643908 -0.9583485
vn -0.3719651 -0.2503813 -0.8938407
vn -0.2346573 0.8339497 0.4994634
vn 0.7465708 0.4336647 -0.5045462
vn 0.7410606 0.4096574 -0.5319868
vn 0.736752 0.4764834 -0.47975
vn -0.09956874 -0.8550986 -0.5088147
vn 0.9973126 -0.05822873 -0.04446289
vn 0.962768 -0.2580339 -0.08059887
vn 0.9649904 -0.1655711 -0.2034198
vn -0.001608019 0.9919606 -0.1265367
vn 0.0005115377 -0.07121777 0.9974606
vn 0.4462275 -0.2215711 -0.8670567
vn 0.2094126 -0.2290173 -0.95063
vn 0.01912669 -0.9540645 -0.2989901
vn 0.001302387 -0.9626452 -0.270763
vn 0.003195238 -0.8677356 -0.4970158
vn -0.06412984 0.5277763 0.846959
vn 0.001125715 -0.9663074 0.2573884
vn -0.1638021 -0.9797292 0.1153244
vn 0.0009696726 -0.9658248 0.2591938
vn -0.001413324 -0.154563 0.987982
vn 0.085634 0.3108975 -0.9465778
vn -0.004078948 0.06126656 -0.9981131
vn 0.01614996 0.3159911 -0.9486247
vn 0.006307077 0.9230467 -0.3846363
vn 0.01617021 0.6021247 -0.7982383
vn -0.04675449 -0.9125603 -0.4062604
vn 0.008021326 0.9329455 -0.3599282
vn 0.0007561179 -0.7076018 -0.7066109
vn -0.0004751014 -0.7060586 -0.7081532
vn -0.7693149 -0.5948203 -0.2331166
vn -0.552959 -0.7846963 -0.2801574
vn -0.5206894 -0.7423257 -0.4217049
vn 0.9227226 0.3414468 0.1788771
vn 0.7870655 0.5593358 0.2601373
vn 0.8439201 0.4975834 0.2005235
vn -0.9912252 -0.1007874 -0.08552479
vn 0.07629737 -0.5014536 -0.8618137
vn -0.9581422 0.2027135 0.2021653
vn 0.2489684 0.4609994 0.8517595
vn 0.3147328 0.4652881 0.827315
vn 0.1986606 0.715593 0.6696721
vn 0.2399732 0.4791763 0.8442766
vn -0.9067729 -0.1427696 -0.3967114
vn -0.9696077 -0.2226323 -0.1014687
vn -0.9562759 -0.2614998 -0.1309743
vn 0.3200359 0.5147846 0.7953451
vn 0.3363139 0.4484853 0.8281026
vn -0.2607331 0.8883489 0.377961
vn -0.1325804 0.8169174 0.5613096
vn -0.2192736 0.8698392 0.4419262
vn -0.9647782 0.2630226 -0.004709057
vn -0.9474322 -0.2830318 -0.1492155
vn -0.9614341 0.2699069 -0.05286452
vn -0.08071599 0.9958854 -0.0411972
vn 0.216687 0.3164559 0.9235271
vn 0.9785177 0.1599655 0.1300545
vn 0.9213995 0.2550056 0.2932494
vn -0.9085327 -0.3702269 -0.1936502
vn -0.9332355 -0.3264409 -0.1500263
vn -0.7442731 -0.5880253 -0.3166761
vn 0.9898291 0.1138513 0.08530137
vn 0.01525616 -0.8479362 -0.5298787
vn 0.02157179 -0.6622664 -0.7489578
vn 0.02564383 -0.654049 -0.7560173
vn 0.9056609 0.198672 0.374577
vn 0.9631833 0.2394672 0.122202
vn 0.983098 0.1613463 0.08651884
vn -0.9981449 -0.05426877 0.02759828
vn 0.00107076 -0.5379992 0.8429446
vn 0.9555612 0.2725156 0.1124189
vn 0.9388609 0.3168637 0.1346758
vn 0.777768 0.4751909 0.411425
vn 0.08217961 0.3968989 0.914176
vn 0.07253798 0.350286 0.9338297
vn 0.1352611 -0.9234273 -0.3591468
vn 0.2594214 -0.9612803 -0.09295537
vn 0.3975158 -0.7679768 -0.5021881
vn 0.6389772 -0.6008861 -0.480254
vn 0.09890284 -0.9598883 -0.2623596
vn 0.7694892 0.561885 0.3035977
vn 0.9878795 0.1252146 0.09173589
vn 0.02769905 0.8567669 0.5149593
vn 0.03159539 0.8808141 0.4724069
vn 0.1055005 -0.9895954 -0.09782967
vn 0.166891 -0.9786765 -0.1197483
vn -0.2953565 -0.8532597 -0.4297818
vn 0.9795668 0.1897447 0.06667702
vn 0.8528171 0.4801391 0.205352
vn 0.9621023 -0.03121676 -0.270896
vn -0.143668 0.5092864 -0.8485205
vn -0.9199039 0.348013 0.1807314
vn -0.9299878 0.3151299 0.1892505
vn 0.6239253 0.6965308 0.3543473
vn 0.1379887 0.9103172 0.3902329
vn 0.4083742 0.7909309 0.455696
vn 0.4299239 0.8154255 0.3876167
vn 0.8683214 -0.268555 -0.4170087
vn 0.6072306 -0.4107003 -0.6801443
vn 0.816771 -0.3179111 -0.4814744
vn 0.4859317 -0.8734319 0.03141889
vn 0.3854989 0.6589047 0.6459375
vn 0.4838307 0.5839152 0.6518826
vn 0.5600465 -0.4923713 -0.666272
vn 0.7455886 0.5902095 0.3094353
vn -0.7896279 -0.5380045 -0.2950236
vn -0.654313 -0.6955281 -0.2968418
vn -0.9909735 0.04181713 -0.1273687
vn 0.01451313 -0.9995453 0.0264298
vn -0.5623577 -0.7123072 -0.4199669
vn -0.9146888 0.3332323 0.2286933
vn -0.9186211 0.3488168 0.1856399
vn -0.3218878 -0.8038185 -0.5002641
vn 0.4702342 0.7672306 0.4361616
vn 0.5663812 0.6943551 0.4439408
vn 0.9695317 0.1800308 0.1661244
vn 0.9909081 0.1043113 0.08497247
vn 0.9827236 0.1311585 0.1305823
vn -0.9068391 0.364922 0.2108905
vn 0.2163964 0.9031307 0.3708474
vn -0.2207622 -0.8517474 -0.4751741
vn -0.4067742 -0.8342208 -0.3723043
vn 0.4288943 0.8059822 0.4079735
vn 0.5878576 0.7527372 0.2963279
vn 0.591344 0.7137318 0.3753653
vn 0.09368131 0.3898686 -0.916093
vn 0.9327919 -0.1967777 -0.3019566
vn 0.9867046 -0.0298603 -0.1597571
vn -0.2334147 -0.9151568 -0.3286423
vn 0.001120399 0.959239 0.2825938
vn -0.2215037 -0.5031098 -0.8353543
vn -0.001081336 -0.4396147 -0.8981859
vn -0.002349304 -0.5416 -0.840633
vn -0.203256 -0.7313226 -0.6510409
vn -0.004122034 0.692185 -0.7217084
vn -0.2589017 -0.3607613 -0.8960029
vn 0.002769847 0.7318984 0.6814081
vn 0.002529659 0.7274343 0.6861727
vn 0.007942776 0.8934007 0.4491906
vn 0.1615819 0.9858902 0.04372524
vn 0.0349985 0.9659472 0.256361
vn 0.01379954 -0.7479687 0.6635904
vn 0.00613728 -0.9172004 0.3983789
vn 0.7271793 -0.6549153 0.2056607
vn 0.8721125 -0.4399748 0.214108
vn 0.9441398 -0.2533172 0.2107854
vn -0.004003441 -0.9353907 -0.3535931
vn -0.007604829 -0.9098359 -0.4148985
vn -0.007790067 -0.9084057 -0.4180174
vn 0.006711931 -0.6162149 0.7875495
vn 0.0168978 -0.9914396 -0.1294677
vn -0.2625524 -0.8995517 -0.3491029
vn 0.024822 -0.9462426 -0.3225042
vn -0.3292603 -0.8962098 -0.297314
vn 0.000529147 -0.9619985 -0.2730543
vn -0.3339284 -0.4441361 -0.8314054
vn -0.1992432 -0.8850313 -0.4207395
vn -0.02319121 -0.8989693 -0.4373973
vn 0.007378678 -0.7035664 0.7105912
vn -0.007219683 0.8523527 -0.5229176
vn 0.05778619 0.4728013 -0.8792722
vn 0.09349091 0.5734086 -0.8139178
vn -0.001043515 -0.2120208 -0.9772646
vn -0.004263261 0.1552724 -0.9878625
vn -0.1552817 -0.5145639 -0.8432744
vn -0.2508643 -0.8746245 -0.4148484
vn -0.7224984 -0.6771238 -0.1396408
vn 0.003957136 0.7965713 -0.6045317
vn 0.004070971 0.795458 -0.605995
vn -0.0001782016 0.835096 -0.5501043
vn -0.002352783 0.1792057 0.9838088
vn -0.00251157 0.1760391 0.9843799
vn 0.0005684259 0.2513144 0.9679053
vn -0.010105 0.8565397 -0.5159822
vn -0.001484115 0.9564745 0.2918124
vn 0.0003927924 -0.5930557 0.8051614
vn 0.02954359 -0.463706 0.8854964
vn 0.006106776 -0.335921 0.9418704
vn 0.1466929 -0.4099645 -0.9002279
vn 0.0001528944 -0.352686 -0.9357417
vn 0.1378449 -0.4107599 -0.9012631
vn 0.0009905974 0.9365472 -0.3505402
vn 0.0008892585 0.9372807 -0.3485745
vn -0.141287 0.8875614 -0.4384893
vn 0.02134733 -0.9228027 -0.3846808
vn -0.6098568 -0.7608568 -0.2217469
vn -0.2943218 -0.9128606 -0.2829491
vn -0.996067 0.08046146 0.03709964
vn 0.9616648 0.2741021 -0.008305892
vn 0.8468794 0.5276018 0.06656915
vn 0.9527555 0.2824535 0.1117002
vn 0.9963186 0.02656086 0.08150942
vn 0.8370994 0.2143769 -0.5032963
vn 0.8411757 0.26962 -0.4687519
vn 0.8299486 0.4385985 -0.3446978
vn -0.1052201 -0.9377916 -0.3308709
vn -0.3131185 -0.9025528 -0.2955591
vn 0.9929451 0.0562996 0.1043571
vn 0.9623544 0.2345817 0.1372786
vn -0.9692668 -0.2025354 -0.1396468
vn -0.8108808 0.5659563 0.1488813
vn -0.771704 0.6329 0.06253532
vn -0.6864152 0.7191827 0.1077516
vn -0.08194999 0.7779827 0.6229183
vn -0.5281174 0.8347422 0.1558768
vn 0.2482053 0.9348216 0.253974
vn -0.9741099 -0.2107821 -0.08173598
vn 0.9776409 0.1816799 -0.1058811
vn 0.9852551 -0.002955054 -0.1710662
vn 0.9949916 0.03967741 -0.09174664
vn 0.9481174 -0.3179088 0.002744527
vn 0.9639848 -0.2649904 -0.02265895
vn 0.0144799 0.960781 0.2769301
vn 0.01046357 0.9914907 0.1297561
vn 0.01217535 0.9749332 0.2221642
vn 0.005241422 -0.9250615 -0.3797814
vn 0.01280873 -0.9926724 0.1201557
vn -0.01793901 0.9998361 -0.00240455
vn 0.03336469 -0.3969682 0.9172258
vn 0.03589635 -0.3502082 0.9359838
vn -0.8950046 -0.3274343 0.3029083
vn -0.8825181 -0.4388231 0.1691036
vn -0.2850091 -0.2729927 -0.918828
vn -0.2777489 -0.2582064 -0.9253026
vn -0.3295299 -0.1834009 -0.9261609
vn -0.6936176 -0.6608649 0.2866222
vn 0.7889158 0.2716123 0.5512155
vn 0.6831782 0.4828179 0.5478634
vn 0.00293837 -0.5501614 -0.8350531
vn 0.001294508 -0.5024201 -0.8646226
vn -0.5987831 -0.7373205 -0.3127575
vn -0.7334516 -0.6726578 0.09787805
vn 0.7876155 0.5572965 0.2628352
vn 0.5862911 0.5943263 0.5504898
vn 0.5053903 0.5799017 0.6389794
vn 0.02041009 0.005921839 -0.9997742
vn -0.4297316 -0.4055654 -0.8067512
vn 0.1057094 0.01127016 -0.9943331
vn 0.4750927 0.8055714 0.3540362
vn 0.1602392 0.1348103 -0.977829
vn 0.5401478 0.5274554 -0.6557677
vn -0.9926554 -0.09514891 -0.07471275
vn -0.5630821 -0.02181064 -0.826113
vn -0.3266749 -0.1530876 -0.9326562
vn -0.0426722 0.9833666 -0.1765479
vn -0.04699377 0.9860726 -0.1595381
vn -0.001147555 0.942364 -0.3345874
vn -0.9946409 -0.03997689 -0.09534761
vn -0.1020307 -0.9541084 -0.2815437
vn 0.06388914 -0.9556854 -0.2873737
vn 0.009277901 0.8033783 0.5953966
vn 0.009183486 0.3272687 0.9448867
vn 0.09466255 -0.0681807 -0.9931719
vn -0.2952298 -0.9140067 -0.2782643
vn -0.3140458 -0.9150523 -0.2530897
vn -0.8276607 0.5574746 0.06480679
vn -0.8713449 0.350545 0.343331
vn -0.0460958 0.9759001 0.2132938
vn 0.4760776 0.8328555 0.2823154
vn 0.9891083 0.1134 0.09383587
vn 0.9898042 0.1244036 0.06936465
vn 0.9870335 0.09838757 0.1268261
vn 0.9894052 0.1422071 0.02923307
vn 0.8459497 0.04374336 0.5314654
vn 0.8633578 0.2284067 0.4499374
vn 0.8633 0.2372449 0.4454525
vn 0.7096126 -0.7035573 0.03817029
vn 0.6435834 -0.7643148 0.04028812
vn 0.7077714 -0.7054061 0.03823629
vn 0.7900339 0.3589685 -0.4969789
vn 0.9244028 0.1444715 -0.3529977
vn 0.8924974 0.2277211 -0.3893475
vn 0.7506845 0.3191247 0.578474
vn -0.4974851 -0.7806351 0.3783087
vn -0.4242807 -0.7497455 0.5078068
vn -0.2423062 -0.6824957 0.6895559
vn -0.07660721 -0.3375967 -0.9381683
vn -0.07643233 -0.2492729 -0.9654124
vn -0.6770014 0.4687165 0.5674274
vn 0.1304331 0.9677785 0.2153877
vn 0.8986237 0.2495408 -0.3608391
vn 0.9185624 0.1037743 -0.3814108
vn -0.3057768 -0.9387677 -0.1587946
vn -0.2222576 -0.5377302 -0.8132945
vn -0.2015932 -0.9574007 -0.2067467
vn 0.9929752 -0.04297869 0.1102407
vn 0.9912426 -0.05508653 0.1200149
vn -0.2386382 0.9662418 0.09710124
vn -0.1942565 -0.3346134 0.9221163
vn -0.2564068 -0.5495884 0.7951151
vn 0.1933885 0.2617138 0.9455722
vn -0.7766297 0.2589884 -0.5742572
vn 0.09266298 0.953775 0.285879
vn 0.003869797 0.9560367 0.2932215
vn 0.4051504 0.09233948 0.909575
vn -0.2323524 0.9678419 0.09640776
vn 0.05886086 -0.2205414 0.9736
vn 0.1149363 -0.9642819 0.2386419
vn 0.0348665 -0.5866083 0.8091199
vn 0.1122615 -0.9884204 0.1020893
vn -0.995614 0.09005358 0.02535936
vn -0.005188636 0.9611279 0.2760547
vn -0.9806605 0.1832272 -0.06879442
vn -0.9821497 0.1736662 -0.07226404
vn -0.1574783 0.8500014 -0.5026909
vn 0.566628 0.5305626 0.6304253
vn -0.9739762 0.07755548 0.2129682
vn 0.5381132 0.5485277 -0.6399623
vn 0.3253073 0.8914984 0.3152864
vn 0.5969233 0.4188809 0.684267
vn -0.9799443 0.1796439 -0.08623923
vn -0.8481573 -0.5272131 -0.05172323
vn -0.5440992 -0.8371854 -0.05546651
vn -0.6400517 -0.7678102 0.02830756
vn -0.3741345 -0.01370533 -0.9272732
vn 0.6345185 -0.7727594 0.015138
vn 0.1500701 -0.9155566 0.3731424
vn 0.9902014 -0.01706146 -0.1386005
vn 0.8211303 -0.1551195 -0.5492567
vn 0.7517518 0.2126297 -0.6242258
vn 0.7600164 -0.1422171 -0.6341525
vn 0.9980099 -0.06102227 0.01589281
vn 0.3940964 -0.3954914 -0.8296231
vn -0.2997512 -0.2324057 -0.9252766
vn -0.5913122 -0.8005836 0.09703509
vn -0.03556537 -0.1080465 -0.9935095
vn 0.1806954 -0.03954095 -0.9827439
vn 0.2571152 0.01363582 -0.9662846
vn -0.7696195 -0.1981856 -0.6069665
vn 0.9310964 -0.1109476 -0.3474914
vn 0.9708163 -0.01326242 -0.2394573
vn 0.1592722 -0.1739141 -0.9717954
vn 0.2009639 -0.1583696 -0.9667122
vn 0.2153794 -0.2170598 -0.9521012
vn 0.9626073 0.1435076 -0.2297668
vn -0.4579142 -0.07356967 0.885947
vn 0.7642109 0.1345354 0.6307788
vn -0.2975554 -0.04756083 0.9535192
vn 0.3037357 -0.02130279 0.9525181
vn 0.8271063 -0.02527451 -0.5614771
vn -0.004225351 -0.6585149 0.752556
vn 0.009588443 -0.9734783 -0.2285787
vn 0.006615209 -0.9972763 0.07345895
vn -0.9458252 -0.0465681 -0.3213192
vn 0.2185637 -0.141596 -0.9654949
vn 0.2266948 -0.2108001 -0.95088
vn 0.1940349 -0.1429931 -0.970517
vn 0.8924869 0.03320815 -0.4498492
vn -0.08868778 0.8826716 0.4615467
vn 0.08008272 -0.2469674 -0.9657089
vn 0.0235433 0.256214 -0.9663333
vn -0.1332212 0.2371817 0.9622874
vn 0.07756136 -0.6633571 0.7442726
vn 0.109454 -0.6462888 0.7552023
vn 0.37613 -0.8424548 -0.3857411
vn 0.003385539 -0.8663398 0.4994436
vn -0.2312776 0.3804074 0.8954333
vn -0.6053427 -0.7543079 0.2541254
vn 0.4155814 0.4459482 0.7927309
vn 0.9908735 0.1334805 0.0187791
vn 0.9957995 0.07578889 0.05137485
vn 0.9655182 -0.2582527 -0.03286833
vn -0.02735399 -0.1331808 0.9907143
vn 0.1911702 -0.98015 0.05253459
vn 0.1002339 -0.593805 0.7983413
vn -0.1826749 -0.1912214 0.9643983
vn -0.2327523 0.9685949 0.08746601
vn -0.9998016 0.01816967 0.008157169
vn -0.9985625 0.04957894 0.02036912
vn -0.9442738 0.276898 0.1779735
vn -0.4690289 -0.8678987 -0.1635966
vn 0.8989974 0.229364 0.3730898
vn 0.8834675 0.2314142 0.4073484
vn 0.7530134 0.2366489 0.6139771
vn -0.6351246 0.2425061 0.7333536
vn 0.7347962 0.2363386 0.6357818
vn 0.3911219 0.6657157 0.635489
vn -0.8146476 0.2216526 0.5359286
vn -0.08507615 0.04002178 -0.9955704
vn 0.317849 -0.5423593 0.7777007
vn -0.928278 -0.08315143 -0.3624719
vn 0.1955416 -0.8417404 -0.5032261
vn 0.5706249 -0.6720358 -0.4719694
vn 0.4729369 -0.2117703 0.8552684
vn -0.1512814 0.8985633 0.4119443
vn 0.8708504 0.160945 -0.4644527
vn 0.9510731 0.1572693 0.2659444
vn 0.4405171 0.6793128 -0.5869231
vn -0.5526606 0.5757441 0.6025652
vn -0.7601835 0.5627948 0.3246278
vn -0.6196923 -0.6126348 -0.4905712
vn -0.9717987 -0.226404 0.06594321
vn 0.5694242 -0.5990653 -0.5629181
vn -0.9450285 0.1770347 -0.2749178
vn -0.9262317 -0.3722216 -0.05954774
vn -0.9417871 -0.3361877 -0.003864876
vn -0.9215623 0.385578 0.0453059
vn -0.9385026 -0.148286 0.3118076
vn -0.2119922 -0.9420378 -0.2600462
vn -0.8666856 0.2480275 -0.4328261
vn -0.9968963 0.0578452 0.05340195
vn 0.9947894 0.1019132 0.00280905
vn 0.07824121 0.6820676 0.7270915
vn -0.3556192 -0.4176306 0.8361338
vn -0.3962622 0.9118159 -0.1075544
vn -0.954288 -0.2961007 0.04072863
vn 0.5255715 -0.04004641 0.8498064
vn 0.3902313 0.0005106725 0.9207167
vn -0.6687627 -0.002181056 0.7434726
vn 0.9088234 -0.09330975 -0.406612
vn -0.9986965 0.05072742 0.00566229
vn 0.08928853 -0.005128591 0.9959926
vn -0.01015053 0.437407 -0.8992063
vn -0.04622148 0.9944869 0.09412475
vn 0.006971242 0.9662675 0.2574461
vn 0.0052082 0.9662908 0.2574003
vn 0.1132686 0.9897794 -0.08664227
vn 0.1419808 0.1285774 -0.9814833
vn 0.1639195 0.159469 -0.9734989
vn 0.1172508 0.149469 -0.9817898
vn 0.08549707 0.860288 -0.502588
vn -0.5270424 -0.8497317 0.01350406
vn -0.5607792 -0.7532316 0.3437569
vn -0.05122118 -0.7925327 -0.6076744
vn 0.8095301 -0.5714609 0.1345116
vn -0.9410738 -0.008547783 -0.3380931
vn -0.1879913 -0.006058582 0.982152
vn 0.0394789 -0.01479101 0.9991109
vn 0.8098774 -0.006470842 -0.5865636
vn -0.9994881 -0.006802164 -0.03126341
vn -0.03606098 -0.01901155 -0.9991688
vn 0.6393314 -0.008888248 0.7688799
vn 0.9988208 -0.007632773 -0.04794691
vn -0.7052878 0.6753597 0.2155423
vn -0.1739439 0.9846669 0.01321221
vn -0.02969868 0.3926671 -0.919201
vn -0.0044974 0.2096478 -0.9777666
vn 0.9991691 -0.02864856 -0.02899124
vn 0.9342673 -0.09174421 -0.3445687
vn -0.7741429 -0.1104435 -0.6233017
vn 0.2144708 0.1813044 -0.9597556
vn -0.1103192 0.9777039 0.1786747
vn -0.1123536 0.9243791 0.3645546
vn 0.931473 0.2709817 -0.2427488
vn 0.8628002 0.5013167 -0.06524854
vn 0.9397264 0.2293987 -0.2535559
vn 0.2672099 -0.5048941 -0.8207806
vn 0.832145 0.3374647 -0.4400593
vn 0.9630061 0.1481209 -0.2251212
vn 0.1873195 -0.9779485 -0.09234779
vn 0.8738787 -0.08042955 -0.4794447
vn -0.5645522 -0.8251211 0.02135517
vn 0.9610906 0.1165829 0.2504264
vn -0.3293589 -0.774618 -0.5398978
vn -0.9994019 -0.01507345 -0.03112677
vn -0.9995334 -0.007671748 -0.02956599
vn -0.3856002 0.05574314 -0.9209806
vn -0.5423148 -0.09461618 -0.8348307
vn -0.6359304 -0.1985647 -0.7457645
vn -0.7079794 -0.2912864 -0.643364
vn -0.7869664 -0.3809163 -0.4853728
vn -0.9884382 -0.001435294 -0.1516174
vn -0.5370495 -0.01158943 -0.8434711
vn 0.490561 0.8677815 -0.07940437
vn -0.02485977 -0.4083272 0.9124971
vn -0.02901495 -0.5933092 -0.8044517
vn -0.6298804 -0.7765915 0.01250451
vn -0.3819066 -0.5861169 -0.7145728
vn -0.1139901 -0.1160615 0.9866792
vn -0.7591801 -0.6419767 -0.1072909
vn -0.6573795 -0.7534412 -0.01335929
vn -0.0629493 -0.06948708 0.9955947
vn -0.2525013 -0.1562324 0.9549003
vn -0.05804654 -0.01866767 0.9981393
vn -0.9684939 -0.2367998 -0.07710598
vn 0.3988816 -0.2219322 -0.8897413
vn -0.06021227 -0.0563595 0.9965932
vn -0.1984502 -0.1162176 0.9731963
vn -0.7972358 -0.009552131 -0.6035924
vn -0.8714332 -0.4797448 0.1022209
vn -0.7120753 -0.700857 0.04181271
vn -0.05278385 0.01201656 -0.9985337
vn -0.8714404 -0.4833254 0.08359601
vn -0.9998282 -0.01386079 0.01231459
vn -0.9997828 -0.01563825 0.01377485
vn -0.03195021 -0.07548381 -0.996635
vn -0.9955469 0.003558531 -0.09419953
vn -0.05269374 -0.9329935 -0.3560148
vn -0.01348582 0.2768829 -0.960809
vn 0.1813168 0.4897115 -0.852823
vn -0.03884144 -0.9151337 -0.4012749
vn -0.07032086 0.04078317 -0.9966903
vn -0.9997062 -0.009615323 0.02224841
vn -0.9999779 -0.006006674 -0.002806813
vn -0.9999694 -0.007052201 0.003367535
vn -0.9989879 -0.0138104 -0.04280619
vn -0.3383684 -0.9374305 -0.08204212
vn -0.3350359 -0.9411303 -0.04499578
vn -0.5621092 -0.8220456 -0.09096345
vn -0.0150447 -0.004999988 -0.9998743
vn -0.1414095 0.01316567 -0.9898636
vn -0.0191866 -0.0170521 0.9996704
vn -0.3847442 -0.92199 -0.04366229
vn -0.4253019 -0.9050204 -0.007512651
vn -0.2253724 -0.9511534 0.2109847
vn -0.9122014 -0.3389989 0.2301484
vn 0.929882 -0.09127623 -0.3563538
vn 0.9976734 -0.01853506 -0.065607
vn -0.7784771 0.6256134 0.05080622
vn -0.9343168 0.2799967 0.220577
vn 0.9995384 -0.03038215 -3.424704e-05
vn 0.8992208 -0.437494 0.0009612274
vn 0.7777117 -0.6286189 0.001692151
vn 0.7372702 -0.6755889 0.003503217
vn -0.1761041 0.0005872649 -0.9843714
vn 0.1263984 -0.07296855 -0.9892922
vn -0.03091047 0.01821294 -0.9993562
vn -0.0006391841 0.03532987 -0.9993755
vn -0.02058982 0.0726333 -0.9971462
vn 0.9741064 -0.2251032 -0.02110672
vn 0.9967387 -0.07093834 -0.03846847
vn 0.6997576 -0.7111903 -0.06743631
vn -0.0138614 -0.9995199 -0.027705
vn -0.02293023 0.993247 0.1137304
vn -0.01484484 0.9947722 0.1010342
vn -0.02993672 0.9986032 -0.04353485
vn -0.4535228 -0.8911011 -0.01599239
vn -0.3152934 0.5625668 -0.7642701
vn -0.8569241 0.5147181 0.02731905
vn -0.9225714 0.3531477 0.1553991
vn -0.9431071 0.2272784 0.2426797
vn -0.9445117 0.1456247 0.2944335
vn -0.08458722 0.9917789 0.09601935
vn 0.1837788 -0.1041474 -0.9774348
vn 0.1425428 -0.06377941 0.9877317
vn -0.0599159 -0.963876 0.2595249
vn 0.7043364 -0.4263241 -0.5675895
vn 0.9987921 -0.01528253 0.04669837
vn 0.9955007 0.005530009 0.09459312
vn 0.9967738 -0.05893354 -0.05448635
vn 0.9893631 -0.08586516 -0.1174215
vn 0.2453752 -0.01294189 -0.9693418
vn -0.007218785 0.9918503 -0.1272042
vn -0.01713098 0.9904327 -0.1369291
vn 0.004143593 -0.999302 -0.03712841
vn 0.8778347 -0.127027 0.4618119
vn -0.3121139 -0.7554848 0.5760447
vn -0.07383601 -0.9653352 0.2503521
vn -0.9473888 0.1762327 -0.2672012
vn -0.06185147 -0.8370803 -0.5435724
vn -0.2676778 0.008295442 -0.9634728
vn 0.9243205 0.1261431 -0.3601662
vn 0.02515222 0.4800918 0.8768576
vn 0.07559163 0.9051089 -0.4184063
vn 0.06048596 0.06479955 -0.9960635
vn -0.5704778 0.8199293 0.0476554
vn -0.8920164 -0.4437764 -0.08584403
vn -0.6267848 0.2192106 0.7477216
vn 0.003156917 0.1575116 -0.9875121
vn -0.7300603 -0.6829833 0.02335768
vn -0.7328424 -0.6803598 -0.007246617
vn 0.3079094 -0.925555 -0.2203175
vn 0.03473794 -0.9930413 -0.1125257
vn 0.2538272 0.3754185 0.8914217
vn 0.3623863 -0.9301803 -0.05865825
vn -0.04475221 -0.05091519 -0.9976998
vn 0.3019323 -0.9511187 0.06488501
vn 0.2664615 -0.9637667 -0.01232699
vn 0.02568951 -0.2493398 -0.9680752
vn -0.5817854 -0.0001353116 -0.8133423
vn 0.9559962 0.06855161 0.2852579
vn 0.3188717 -0.9416671 0.1076278
vn 0.3992729 -0.8975934 0.1868351
vn -0.551609 -0.8282368 0.09874871
vn -0.5043988 -0.0007781354 -0.8634704
vn 0.03261187 0.9989542 -0.03204434
vn -0.003351192 0.9634798 0.2677603
vn 0.001251597 0.9627665 0.2703317
vn -0.0402425 0.9887745 0.1438947
vn -0.01040025 0.9677319 -0.2517674
vn 0.5092587 -0.005461709 0.8605962
vn -0.6938583 -0.02203059 -0.7197746
vn 0.9646368 0.0161456 -0.2630876
vn 0.8352534 0.006454716 -0.5498275
vn 0.9507129 -0.0003731234 -0.3100725
vn 0.02118335 -0.007364397 -0.9997485
vn 0.9970585 -0.001416867 -0.07663144
vn 0.9993924 -0.00684287 -0.03417653
vn 0.07161293 -0.995842 -0.05630554
vn 0.9978943 -0.001154046 -0.06484958
vn 0.9938389 0.01865997 0.109252
vn -0.636219 -0.06237905 -0.7689825
vn -0.01141444 -0.02347122 -0.9996593
vn -0.0223199 -0.03006033 -0.9992988
vn 0.139816 -0.9890831 -0.04654144
vn -0.6894463 0.3272168 -0.6462143
vn 0.4895199 -0.0162007 -0.8718416
vn 0.5859408 0.2593899 -0.7677175
vn -0.006920766 0.7194967 0.6944615
vn 0.8450168 -0.1181873 -0.5215154
vn -0.9127671 -0.06080502 -0.4039292
vn 0.09633285 0.3375224 -0.9363752
vn 0.4334978 -0.5830559 0.6871139
vn 0.3688085 -0.4028743 0.8376589
vn 0.4560067 -0.659371 0.5977355
vn -0.9847494 0.005645548 -0.1738872
vn 0.9626279 -0.2704974 -0.01336786
vn 0.6784676 -0.3938992 -0.6201009
vn 0.9911709 0.1323393 -0.008158251
vn 0.9994064 0.0004465226 -0.03444653
vn 0.9986041 -0.00920634 -0.05201333
vn 0.5852648 -0.8094329 -0.04778703
vn 0.01941886 -0.00216222 -0.9998091
vn -0.0001865417 0.0009278658 -0.9999995
vn 0.02204823 -0.002576673 -0.9997536
vn -0.7435761 -0.005979137 -0.6686245
vn 0.7980234 -0.05912425 -0.599719
vn 0.08349781 -0.9909164 -0.1054176
vn 0.02532499 -0.03646347 0.9990141
vn 0.03011567 -0.03119969 0.9990594
vn 0.03036985 -0.03092032 0.9990604
vn -0.9997098 -0.02407996 -0.0007415182
vn -0.7352585 -0.6777861 -0.0009322885
vn 0.7464201 -0.08687921 -0.6597796
vn 0.6870314 -0.3835746 -0.6171371
vn -0.06425051 -0.02712201 -0.9975652
vn 0.0361443 -0.0245711 0.9990444
vn -0.1482756 -0.1558251 -0.9765925
vn 0.3492546 -0.934445 0.06952553
vn -0.9985548 -0.05353951 0.004650802
vn -0.9986454 -0.03902571 0.03441513
vn -0.9995933 -0.02494067 0.01382868
vn -0.9998249 -0.002802172 -0.01850012
vn 0.4554426 -0.8868805 -0.07755848
vn 0.1939243 -0.9803629 0.03580584
vn -0.01180293 -0.05748361 -0.9982767
vn -0.6909817 -0.722445 -0.024851
vn 0.2851801 -0.9584714 0.002201446
vn 0.3782174 -0.9256842 0.007770038
vn -0.003457231 0.001443338 -0.999993
vn 0.0285264 -0.02933391 -0.9991625
vn 0.2883137 -0.9539587 -0.08269257
vn 0.7750059 -0.0660348 -0.6284945
vn 0.09067851 -0.009795513 -0.9958321
vn 0.5064052 -0.8617047 0.03191776
vn 0.2708209 -0.8981692 0.3463353
vn 0.4745139 -0.878288 -0.05870899
vn 0.1910948 -0.9699585 -0.1505433
vn -0.3923622 -0.04679361 -0.9186198
vn -0.9981667 -0.04583717 0.03952593
vn 0.9996119 -0.02784862 -0.0007634026
vn 0.9996564 -0.02621374 -0.0001060935
vn 0.9995895 -0.02862833 -0.0010769
vn 0.9996757 -0.02546713 0.0001940723
vn -0.9728776 0.156175 -0.1706422
vn -0.3099529 -0.0656805 0.9484805
vn 0.4066214 -0.9134368 -0.01709443
vn 0.7121245 -0.6755484 -0.1910843
vn 0.3934633 0.5732861 0.7186999
vn 0.2530038 -0.9333534 0.2546383
vn -0.2596245 -0.01584831 -0.9655796
vn -0.7566257 -0.6522308 -0.04596327
vn -0.6900067 -0.7232013 0.02950763
vn -0.7474034 -0.66419 -0.01547826
vn -0.995563 -0.06317197 0.0697398
vn -0.9996057 -0.01738108 -0.02205411
vn -0.5713137 -0.09769557 -0.8148965
vn -0.5986853 -0.1277834 -0.7907258
vn -0.1395281 -0.9821171 -0.1264033
vn -0.1579899 -0.9782668 -0.1342882
vn -0.1496418 -0.9800602 -0.1307262
vn -0.967966 -0.2505201 0.01678621
vn -0.8637564 -0.4987924 -0.07163139
vn -0.992652 -0.1101045 -0.05018949
vn -0.1231986 -0.9851722 -0.119406
vn 0.01744633 -0.1071936 0.9940851
vn 0.7287744 0.6847223 0.006571261
vn 0.006339162 -0.01115656 0.9999176
vn -0.02203058 -0.9703991 0.2405002
vn -0.4020883 -0.9122847 -0.07785577
vn 0.1610526 -0.9857924 -0.04770065
vn 0.1293481 -0.9060665 0.4028802
vn -0.01894827 -0.9997458 -0.01222453
vn -0.6061381 -0.2011873 -0.7694935
vn -0.7689768 -0.6300595 -0.1081652
vn -0.6864522 -0.7266047 0.02879221
vn -0.06132941 -0.9981116 -0.003447744
vn -0.6999658 -0.2940999 -0.6508096
vn 0.9438174 -0.09741732 -0.3157822
vn 0.1021513 0.9336377 -0.3433449
vn -0.02855853 0.03913093 -0.9988259
vn -0.02940469 0.0384419 -0.9988281
vn 0.01636185 0.07560274 -0.9970037
vn -0.224626 -0.9092779 -0.350367
vn -0.2936969 -0.6959162 -0.6553188
vn -0.2710936 -0.6222735 -0.7343595
vn -0.536502 0.8438133 0.01202452
vn -0.07432643 0.001755487 -0.9972324
vn -0.8551932 -0.5171396 0.03480334
vn -0.109587 -0.9495302 -0.2939098
vn -0.1988108 -0.2520855 -0.9470624
vn -0.2554708 -0.07344972 -0.9640226
vn 0.4566607 -0.8893386 -0.02319505
vn 0.3005384 0.09350348 -0.9491752
vn 0.9899706 0.1394134 -0.02284943
vn 0.0006745018 0.9999979 0.001989356
vn 0.8781295 0.4113477 0.2442983
vn 0.718145 0.4272903 -0.5492638
vn 0.310493 0.9505733 0.002097917
vn 0.4674846 -0.8834471 -0.031298
vn -0.2336553 -0.8813565 0.4106286
vn -0.1873853 -0.8614777 -0.4719566
vn -0.001833961 -0.04613138 0.9989338
vn 0.478092 -0.7598363 0.4405416
vn 0.02083048 -0.9976597 -0.06512447
vn -0.1521662 -0.9790503 -0.1352997
vn 0.007830065 -0.9847338 -0.1738907
vn 0.04737652 -0.8676647 -0.4948872
vn -0.03605695 -0.9909697 -0.1291465
vn 0.2918644 -0.9500366 0.1106599
vn 0.2575323 -0.9531151 0.1588983
vn 0.1954914 -0.9763995 -0.09179901
vn -0.1376497 -0.8880392 -0.4386787
vn -0.02190537 -0.9844286 -0.1744148
vn 0.9986435 -0.02946918 -0.04292859
vn 0.9988515 -0.01777831 -0.04449186
vn 0.9674245 -0.2531474 0.002493165
vn 0.6796196 -0.06520474 0.730661
vn -0.3297839 0.1012987 0.938606
vn 0.6315643 -0.199744 0.7491522
vn 0.520247 -0.2245968 0.8239534
vn 0.5411671 -0.2212345 0.8112912
vn -0.3506645 0.1367407 0.9264644
vn -0.3326748 0.1737193 0.9269029
vn 0.6716198 -0.1688368 0.721402
vn -0.3313098 0.2158924 0.9184902
vn 0.566466 -0.1835396 0.8033863
vn 0.680926 -0.02750864 0.7318355
vn 0.05694119 -0.105725 0.9927638
vn 0.0147808 0.3017383 0.9532762
vn 0.02021825 0.3299818 0.9437708
vn 0.2778793 -0.443777 0.8519654
vn 0.2369555 -0.6580743 0.7146959
vn 0.2294273 -0.6714071 0.7046812
vn 0.4904441 -0.5080019 0.7080951
vn 0.004724427 0.995717 0.09233195
vn 0.005545478 0.9953448 0.09621881
vn 0.0006981231 0.8764132 0.4815593
vn 0.6149244 0.062806 0.7860811
vn 0.1833383 -0.982855 0.01957799
vn 0.02239965 0.6667655 -0.744931
vn -0.01991241 0.9255943 -0.3779928
vn 0.007523763 0.7048101 0.7093561
vn 0.000951222 -0.0009342398 0.9999991
vn 0.9957041 0.01606686 0.0911886
vn 0.9219769 0.3872429 0.001262067
vn 0.09486547 0.2506285 0.963424
vn 0.9433178 -0.0803059 0.3220288
vn 0.9463016 -0.05568625 0.318453
vn 0.9722523 0.2158328 -0.09023106
vn -0.919561 0.04006409 -0.3908996
vn 0.9191644 -0.04286915 0.3915341
vn -0.9118729 0.08828266 -0.4008666
vn 0.3996865 0.1599491 -0.902589
vn 0.4006524 0.1406575 -0.905369
vn 0.4006468 0.1407808 -0.9053524
vn 0.4013985 0.1230638 -0.9075982
vn 0.9487764 -0.04183052 -0.3131668
vn -0.5105335 -0.3301565 -0.7939473
vn -0.5808708 -0.3169703 -0.7497459
vn -0.3295197 -0.3333046 -0.88336
vn -0.9995574 -0.02820013 -0.009477954
vn -0.9209019 -0.3889805 -0.02517714
vn -0.9984348 -0.04490941 0.03333383
vn -0.9969686 0.0665057 0.04038087
vn -0.006812434 -0.829424 -0.558578
vn 0.03463442 0.1138895 0.9928895
vn 0.992969 -0.11385 -0.03241571
vn 0.3027422 -0.09747457 0.9480748
vn 0.3797495 0.03474835 0.9244365
vn 0.2714885 -0.1419976 0.9519089
vn 0.2739447 -0.9615759 -0.01806366
vn 0.1767468 0.05702676 0.982603
vn 0.04312706 -0.9984518 0.0351294
vn -0.9590607 0.2633932 0.1040504
vn 0.08003743 0.9928482 0.08857957
vn 0.4307831 -0.2409325 0.8696996
vn -0.1982112 -0.9280001 -0.3154811
vn 0.5648696 0.5835128 0.5834681
vn 0.9983027 -0.006478483 0.05787673
vn 0.9729327 0.2302891 -0.0192091
vn 0.9737853 0.2264591 0.02141361
vn 0.9930809 -0.00335928 0.1173848
vn 0.9773486 0.07843267 0.1965656
vn -0.1686041 0.4175146 0.8928909
vn 0.0421787 0.9340009 0.3547722
vn 0.6939979 0.2306705 -0.682025
vn 0.9985726 -0.04595367 0.02722404
vn -0.8503754 0.5261123 0.00822828
vn 0.7766519 0.6215643 -0.102321
vn 0.04595742 0.9971905 0.05915179
vn -0.00792232 -0.9689473 0.2471401
vn -0.01437297 -0.9630883 0.2688018
vn -0.3367558 -0.8229352 -0.4575732
vn 0.1100375 -0.9614822 0.2518803
vn -0.9422907 -0.1152577 0.3143309
vn -0.01556 -0.9581776 0.2857509
vn 0.1863841 -0.8163365 0.5466771
vn 0.3566858 -0.7124851 0.6042683
vn 0.2084994 -0.8512404 0.4815785
vn -0.9462115 0.3201321 -0.04689778
vn -0.360057 0.06489658 -0.9306704
vn 0.6371393 0.7525453 -0.1665205
vn 0.8116103 -0.1066683 -0.5743784
vn 0.236692 -0.9134898 0.3309279
vn -0.7255233 0.4026361 -0.558122
vn 0.9808672 -0.1725964 0.09005549
vn 0.2497351 -0.6035587 -0.7571983
vn 0.3549095 0.8944452 -0.2720423
vn 0.8192944 0.07190889 -0.5688462
vn 0.8839905 0.4251371 0.1944714
vn 0.9993538 0.03592314 -0.001230575
vn 0.9693125 -0.245798 -0.004057313
vn 0.8030317 0.5072575 -0.3127778
vn 0.9906042 0.0002289367 0.1367604
vn 0.5771249 0.7943875 -0.1894077
vn 0.3220704 -0.01789864 0.9465465
vn -0.9462 0.320202 0.04664838
vn -0.8679944 -0.4922366 -0.06548827
vn 0.9689069 -0.04181456 0.2438666
vn 0.9961076 -0.0877178 0.008678106
vn 0.9929123 -0.04863704 0.1084416
vn -0.3008028 0.003088957 0.9536813
vn -0.8999246 -0.07069571 0.4302765
vn 0.9187394 0.06244529 -0.3898953
vn 0.8543152 0.1787883 -0.4880371
vn -0.1035398 -0.009059155 0.9945841
vn 0.0004531155 0.8401958 0.5422828
vn -0.0610727 -0.2879623 0.9556924
vn -0.03228105 -0.2337353 0.9717642
vn -0.04880855 -0.3616131 0.9310498
vn -0.03458057 0.9313524 0.3624733
vn 0.1182167 0.6063063 0.7863952
vn 0.03329417 0.5248334 0.8505536
vn 0.03323029 0.6172131 0.7860941
vn 0.02270749 0.5304033 -0.8474412
vn -0.04347466 -0.7085859 0.704284
vn -0.1507135 -0.6045027 0.7822161
vn 0.02850574 -0.4531791 0.8909636
vn -0.9921117 -0.1247314 -0.01250981
vn -0.5091737 0.7211833 0.4697202
vn -0.09227984 -0.2848808 0.9541108
vn -0.01601364 -0.3188137 0.9476821
vn -0.238418 -0.396981 0.8863199
vn -0.005501308 -0.2399855 0.9707609
vn -0.5522992 -0.6188719 0.5585365
vn 0.6121331 0.5272405 0.5893306
vn 0.1203632 0.5284654 0.8403791
vn 0.7474968 0.4456436 0.4925955
vn -0.1908109 0.9788738 0.07346622
vn 0.0165677 0.3803268 0.9247037
vn -0.09086079 0.1531195 0.9840217
vn -0.978685 0.003506985 0.205337
vn -0.30817 0.02709722 0.9509454
vn -0.4828581 -0.2174344 -0.848275
vn 0.3220552 0.4845413 -0.8133267
vn 0.4650226 -0.7120268 -0.5260911
vn 0.8420873 0.1829442 -0.5073662
vn -0.5355986 -0.1522976 0.830626
vn -0.2980509 0.947902 -0.1124607
vn 0.06549798 -0.9972264 0.03534949
vn -0.003564721 -0.2069564 0.9783437
vn -0.925383 0.3687219 0.08780832
vn -0.00417222 -0.2097583 0.9777443
vn 0.1492652 -0.4225633 -0.8939576
vn 0.2072732 -0.7640126 0.6110014
vn -0.9846852 0.07968371 -0.1550662
vn 0.06220189 0.4480431 0.8918455
vn 0.6339775 0.2562671 -0.7296572
vn 0.005268333 -0.9580342 0.2866055
vn -0.3877091 -0.4353829 0.8124798
vn -0.3527438 -0.8877379 0.2957925
vn -0.2410245 -0.9162401 0.3200175
vn -0.4570251 -0.8176337 0.3501474
vn 0.9676483 -0.1821069 -0.1746253
vn 0.9630435 -0.2490986 -0.1024556
vn 0.9610279 -0.2645563 -0.08022068
vn -0.2432063 -0.8001028 0.5483486
vn 0.03071565 -0.9659106 0.2570471
vn -0.5425676 -0.150956 0.8263369
vn -0.4249231 0.555191 -0.7149848
vn -0.9938131 0.1110645 -0.0003413077
vn -0.2811844 0.9340018 -0.2203993
vn 0.5095831 0.2332945 -0.8281901
vn -0.455166 0.8769639 -0.1541369
vn 0.8506982 0.3893924 -0.3531093
vn 0.653015 0.7257109 -0.216599
vn -0.5217205 -0.1697357 -0.8360607
vn -0.014183 -0.999616 0.02380648
vn -0.6105958 0.7906538 -0.04516004
vn -0.9931607 0.05499687 -0.1029906
vn 0.9721729 -0.180621 0.1491846
vn 0.9615133 -0.2634628 0.07797056
vn -0.9739965 0.1972144 0.1115236
vn 0.5266998 0.6477985 -0.5504038
vn -0.9995407 0.02565157 0.01614051
vn 0.005356435 0.9994801 0.03178973
vn -0.04651267 0.041142 -0.9980701
vn -0.2123317 0.3113289 -0.9262773
vn -0.5737332 -0.4349122 0.6940329
vn -0.4929739 -0.7423124 0.4538161
vn 0.4205582 -0.3013187 -0.8557674
vn -0.8699781 0.4899199 -0.05582704
vn 0.9079237 -0.4166798 -0.04530596
vn 0.9952933 -0.09618648 0.01180253
vn 0.9238136 0.3660532 0.1121319
vn 0.3324051 0.796415 -0.5052029
vn 0.2997921 0.8625855 -0.4075181
vn 0.35797 0.8892714 -0.2846998
vn 0.899556 -0.4271648 -0.09126447
vn 0.9569445 -0.2587905 -0.1314717
vn -0.6105865 0.7887941 0.07062536
vn 0.9644715 0.2426314 -0.1045222
vn -0.8458093 0.5311365 -0.05000582
vn -0.8697248 0.4935303 -0.002628412
vn -0.02729971 0.9995738 0.01034398
vn 0.01226799 0.9188153 0.3944969
vn -0.07424291 0.9941213 0.07881017
vn -0.02670734 0.9969901 -0.07278323
vn -0.02672362 0.3531378 0.9351896
vn -0.005820038 -0.9977019 0.06750505
vn -0.3004702 -0.1400874 -0.9434475
vn -0.02802647 -0.2049121 -0.9783791
vn 5.713579e-05 0.9990861 0.04274164
vn -0.9937304 0.09700846 0.0555834
vn -0.1304915 -0.8933347 0.4300289
vn -0.02908348 0.3110976 -0.9499329
vn -0.832778 0.1759633 0.5248978
vn -0.8978938 -0.1266373 0.4216038
vn -0.6578965 0.7000195 -0.2777494
vn -0.01014864 -0.7233686 -0.6903875
vn 0.4147363 -0.2639108 0.87083
vn 0.2495133 -0.9657847 -0.07073203
vn 0.9161516 -0.3709469 -0.1518705
vn 0.8100572 -0.4739459 -0.3452282
vn -0.6006887 0.7936161 0.09667761
vn -0.8653148 -0.08448558 -0.4940571
vn 0.07648063 0.08352847 0.9935662
vn 0.6320803 -0.03281744 0.7742077
vn 0.6330068 0.03986025 0.7731193
vn 0.04229562 0.1232472 0.9914742
vn 0.08307432 0.1179548 0.9895379
vn 0.1279337 0.0007286872 0.9917824
vn -0.03182909 0.9612985 -0.2736643
vn -0.4967286 0.8659018 -0.05894867
vn -0.7000833 0.7126451 0.04495022
vn -0.1240438 -0.05444089 -0.9907821
vn -0.09822281 0.04508308 -0.9941427
vn 0.7956237 0.5901829 0.1366272
vn 0.3151746 0.8546024 -0.4126981
vn 0.7267936 0.08283347 0.6818429
vn 0.9945828 -0.08324131 -0.06225641
vn 0.3270327 0.8008882 -0.5016249
vn 0.7824351 -0.08356179 0.6171004
vn 0.9826083 -0.1475357 -0.1127567
vn 0.7931938 -0.5992731 0.1082373
vn 0.8239248 -0.549105 -0.1401128
vn 0.4730278 -0.1203817 0.8727846
vn 0.7619189 -0.07095653 0.6437739
vn -0.7914413 0.5966069 0.1329693
vn 0.905925 0.018592 0.4230296
vn 0.5837245 0.7949667 0.1652079
vn 0.6201344 0.7783493 0.09800876
vn -0.9963037 -0.01425679 0.08470963
vn -0.1928648 0.08506769 -0.9775309
vn 0.009106207 -0.9771066 0.2125552
vn -0.1152219 -0.1741759 -0.9779503
vn -0.006023415 0.5536857 -0.8327039
vn 0.4866802 -0.1142649 0.8660751
vn 0.03683664 -0.9990236 -0.02439094
vn 0.4604878 0.8871599 0.02996893
vn -0.9038212 -0.4278421 -0.007640933
vn -0.8845526 -0.465909 -0.0222586
vn 0.9460164 0.3238225 -0.01385816
vn -0.9191731 -0.3932745 -0.02135318
vn -0.9855523 0.1693553 -0.002366755
vn -0.7762945 0.6260462 0.07370823
vn 0.0437879 0.8990695 -0.4356105
vn 0.1714562 0.9781963 -0.1171961
vn -0.3100192 0.5078762 0.80371
vn -0.8769588 -0.4704757 0.09795956
vn 0.04119308 -0.9944894 -0.09640474
vn -0.1074423 -0.0184842 0.9940395
vn -0.1775566 -0.0105081 0.9840545
vn -0.03721289 -0.0772227 0.9963192
vn 0.09406815 -0.8788635 0.4677072
vn -0.1447799 -0.9681618 -0.2042096
vn 0.07567412 -0.8273143 -0.5566189
vn 0.9078999 0.003706354 0.4191706
vn 0.1251896 -0.9920995 -0.008149176
vn -0.009255509 -0.08527806 -0.9963142
vn 0.1004563 -0.0451352 -0.9939172
vn 0.02216069 -0.07389749 -0.9970195
vn 0.1302248 -0.03404845 -0.9908997
vn -0.4122827 -0.2423685 0.8782258
vn -0.8693292 -0.4889156 -0.07230715
vn -0.04102578 -0.06385975 -0.9971153
vn -0.006473727 -0.8677775 0.4969109
vn 0.08967586 0.4774559 0.8740675
vn 0.3304036 -0.5449797 0.7706041
vn -0.09045237 -0.9948769 0.04514914
vn 0.7257316 -0.1212857 0.6772027
vn 0.02797859 -0.9829939 0.1814941
vn -0.008345111 -0.7847009 0.6198184
vn -0.08526986 -0.9766439 0.1972201
vn 0.1424059 -0.06374835 0.9877533
vn 0.1572257 0.05019157 0.9862864
vn 0.908486 -0.07376261 -0.4113541
vn 0.9958926 -0.04413714 -0.07905515
vn 0.1715262 -0.9850854 -0.01362337
vn -0.04967521 -0.9358178 -0.3489659
vn 0.04344198 0.9990559 2.885071e-05
vn 0.02797006 0.9995505 0.01079297
vn 0.1471819 -0.07340745 -0.9863816
vn 0.001513308 -0.9751433 -0.2215701
vn 0.5101884 -0.7913537 0.3368489
vn 0.0838836 -0.8611862 0.5013201
vn -0.01714181 -0.9545408 0.297587
vn 0.0003743283 0.9989704 -0.04536628
vn 0.9284624 -0.3087492 0.2064738
vn 0.9966786 -0.0533555 0.06152288
vn 0.9983814 -0.05669321 0.00452747
vn -0.2998996 -0.9539503 0.006249339
vn 0.8897978 -0.08824416 -0.447742
vn 0.9939049 -0.04868407 -0.0989086
vn 0.9963589 -0.0540002 0.06597561
vn -0.3774044 0.0414153 -0.925122
vn -0.0927387 0.8522591 0.5148338
vn -0.009700717 -0.1827409 0.9831133
vn -0.002063907 0.9763271 -0.2162896
vn -0.7623323 0.5886103 0.2690489
vn -0.2986641 0.148266 0.9427708
vn 0.7928745 -0.06205934 0.6062168
vn 0.06135138 0.9371223 0.3435662
vn 0.2984809 -0.9386945 0.172516
vn 0.399159 -0.9154933 0.05043966
vn 0.463583 -0.881298 0.0916768
vn 0.2996986 -0.9539748 -0.010621
vn -0.8870136 -0.1566016 0.4343765
vn 0.5521242 -0.8199824 0.1509557
vn 0.9820715 -0.1874197 -0.02023863
vn 0.5483626 -0.3786795 0.7455873
vn -0.5246841 -0.7829419 0.3342283
vn -0.3855965 -0.920959 0.05612385
vn -0.05827164 -0.9246823 -0.376254
vn -0.05664662 -0.956334 -0.286734
vn 0.1450873 -0.06346309 -0.9873815
vn -0.1749363 -0.9822077 -0.06830379
vn -0.07897495 -0.994792 -0.06443449
vn 0.0767665 0.007217448 -0.9970229
vn -0.09618822 -0.9508688 -0.2942724
vn -0.1104829 -0.9359848 -0.3342544
vn -0.06212142 -0.9780715 -0.1987894
vn 0.8206493 -0.5714141 0.004555053
vn -0.01084247 -0.04676709 0.9988469
vn -0.02684402 -0.05506061 0.9981221
vn 0.0009890629 -0.04062625 0.9991739
vn 0.9781652 -0.2067397 -0.0212486
vn 0.7125387 -0.7016016 0.006626774
vn -0.06321494 -0.04479756 0.996994
vn 0.3601959 -0.9084924 -0.2118971
vn 0.5689595 -0.7097888 -0.4153131
vn -0.05582847 -0.0006260326 -0.9984401
vn 0.3511586 -0.06049196 -0.9343598
vn 0.4168054 -0.07100656 -0.9062181
vn -0.7044293 -0.2110246 -0.6776783
vn -0.7225845 -0.6497427 -0.2360213
vn -0.751094 -0.6530703 0.09673127
vn 0.2231861 -0.9653341 -0.1353445
vn 0.2274643 -0.9647232 -0.1325489
vn -0.5743872 -0.815053 -0.07594723
vn -0.7136391 -0.6975399 0.06447699
vn -0.8559488 -0.09735708 0.5078123
vn 0.06960364 -0.01842465 -0.9974046
vn -0.09293564 -0.004922234 -0.9956599
vn 0.0806359 -0.01932886 -0.9965562
vn -0.1000272 -0.004325404 -0.9949753
vn 0.1231552 -0.007758834 0.9923571
vn -0.9990532 -0.009722003 0.04240419
vn -0.2292211 -0.006523359 0.9733525
vn -0.5624692 -0.8263724 -0.0271477
vn -0.7122258 -0.5607547 -0.4222423
vn -0.3168865 -0.9421675 0.109103
vn -0.1683402 -0.135891 0.9763172
vn -0.3587367 -0.9006094 0.2453786
vn 0.1148308 -0.07732734 0.9903709
vn -0.623786 -0.7815233 -0.0105996
vn -0.4612442 -0.8864248 -0.03879169
vn -0.4254391 -0.9049585 -0.007199246
vn -0.9447533 -0.02504778 0.326824
vn -0.4528458 0.891577 0.004592739
vn -0.4435413 0.8962387 0.005213914
vn 0.6305322 -0.006469829 -0.7761361
vn -0.1060683 -0.9692984 0.2218339
vn 0.1393046 -0.1786248 -0.9740058
vn -0.04625261 -0.9869531 -0.154221
vn 0.9374718 -0.2752885 0.2129857
vn -0.5542839 -0.8312106 0.04310682
vn -0.9971664 -0.06007534 0.04527906
vn -0.05169968 -0.06378142 0.9966238
vn 0.1875664 0.7526376 -0.6311539
vn -0.6684049 -0.3622756 0.6496085
vn -0.4478536 -0.1588761 -0.8798782
vn -0.1184239 -0.06351201 -0.9909298
vn -0.5915318 -0.8044142 0.05484446
vn -0.04197238 -0.06288926 0.9971376
vn -0.1067826 -0.7782424 0.6188185
vn -0.826847 -0.1104608 0.551473
vn -0.2345483 -0.1518252 0.9601752
vn -0.6315359 -0.7752861 0.009681229
vn -0.6497691 -0.7592608 0.03637394
vn -0.04657209 -0.9459894 -0.3208348
vn 0.3434377 -0.9389628 0.01999043
vn -0.1385828 0.9897084 -0.03566686
vn -0.7748387 -0.6248 0.09617595
vn -0.1647206 -0.08875743 0.9823387
vn 0.07470483 -0.7257103 -0.6839326
vn 0.1063635 -0.08949816 0.9902914
vn 0.3378056 -0.2888737 -0.8957898
vn -0.05937788 -0.05632444 0.9966453
vn -0.1975294 -0.1147172 0.9735616
vn -0.5349079 -0.8448509 -0.01002575
vn -0.8038766 -0.05614403 -0.5921404
vn -0.0541394 0.009700949 -0.9984863
vn -0.4452072 -0.8954192 -0.003855605
vn -0.4508781 -0.8925837 -0.001772553
vn 0.1847205 -0.1029231 -0.9773869
vn 0.1136283 -0.06469358 -0.9914148
vn -0.00414777 -0.001308097 -0.9999905
vn -0.3200878 -0.9347316 0.1543389
vn -0.2056302 -0.5669129 0.7977003
vn -0.7146452 -0.06165165 0.6967649
vn -0.7196521 -0.6303471 0.2911417
vn -0.2544543 -0.8311146 0.4944709
vn -0.8411338 -0.09721006 0.5320188
vn -0.08047308 0.03980311 -0.9959618
vn -0.01704586 -0.9321595 0.3616462
vn -0.07304623 0.04036823 -0.9965112
vn -0.0336209 -0.9141261 -0.4040336
vn -0.04812827 -0.003301357 -0.9988357
vn -0.6272382 -0.001256814 0.7788265
vn 0.6254055 -0.0004058191 0.7802998
vn -0.06740922 -0.03650071 -0.9970575
vn -0.004334674 -0.0002695199 -0.9999906
vn -0.3711475 -0.9278321 -0.03711037
vn -0.1639803 -0.9785864 0.1244151
vn -0.8870255 -0.4616893 -0.00536559
vn -0.9941863 -0.1042064 0.02710198
vn -0.1752359 -0.9758375 0.1305133
vn -0.00989752 -0.9539425 0.299826
vn -0.001811438 0.003037539 -0.9999937
vn -0.002640803 0.001743727 -0.9999949
vn -0.9989243 -0.01063717 -0.04513388
vn -0.9999503 -0.007463312 0.006589425
vn -0.9548808 -0.002372744 -0.2969797
vn 0.9596432 0.0003104947 -0.28122
vn 0.7842767 -0.6183453 0.05058831
vn 0.04378442 -0.004909336 0.999029
vn 0.3423299 -0.9303374 0.1314632
vn 0.4330336 -0.8735943 0.2220697
vn -0.05890479 -0.6974919 -0.7141674
vn 0.213224 -0.6098704 0.7632782
vn -0.05944466 -0.962087 0.266186
vn -0.0002148379 0.9915301 0.1298771
vn -0.02735532 -0.9792208 0.2009438
vn 0.09523872 -0.06915224 -0.9930496
vn 4.442858e-05 -0.9906875 -0.1361554
vn -0.0002743434 -0.9901705 -0.1398653
vn 2.649155e-05 -0.9906588 -0.1363642
vn -0.0003811241 -0.5361965 -0.8440931
vn 0.9989552 -0.0172109 0.04233419
vn 0.9954311 0.005807655 0.09530657
vn 0.9950335 -0.06713098 -0.07349756
vn 0.9855316 -0.09553488 -0.1400023
vn -0.7697344 -0.04332362 0.6368923
vn -0.2847181 -0.9004973 -0.328695
vn -0.1248986 -0.9835789 -0.1302801
vn -0.999697 0.02319405 -0.008242888
vn -0.1649735 -0.9862753 0.006700011
vn 0.4680359 0.6540807 -0.5942397
vn 0.2515906 -0.01725907 -0.9676798
vn -0.0002917415 -0.9901418 -0.1400677
vn -0.7131021 0.04297549 0.6997418
vn -0.9164116 -0.02892389 0.3991908
vn -0.9758127 0.004707801 0.2185575
vn -0.9201977 -0.02726612 0.3905033
vn 0.225648 -0.9739445 0.02269521
vn -0.001477234 -0.7602117 0.6496736
vn 0.3802027 -0.8947935 -0.2340736
vn -0.01014432 -0.2688218 0.9631366
vn -0.2939813 -0.9547036 -0.04599937
vn -0.4194675 -0.8576922 -0.2973399
vn 0.4905199 -0.04943074 0.870027
vn 0.01784326 -0.04052155 -0.9990193
vn -0.0333244 -0.0323032 -0.9989224
vn -0.2320502 0.0001379541 -0.9727038
vn -0.6723735 -0.005154312 0.7401941
vn 2.007844e-06 -0.005152414 0.9999867
vn -0.7227626 -0.02324977 -0.6907053
vn -0.3743853 -0.01891945 0.9270802
vn -0.977623 0.006210737 0.2102726
vn -0.0178834 -0.4832336 0.8753088
vn -0.4179248 0.02700426 -0.9080802
vn 0.998237 -0.04233359 0.04160196
vn -0.9998195 -0.002459956 0.01883879
vn -6.627784e-05 0.04447225 -0.9990106
vn -0.006309371 -0.006081657 -0.9999616
vn -0.6207461 -0.03140562 -0.7833825
vn -0.003943403 0.9552252 0.2958535
vn -0.09196446 -0.008140677 0.995729
vn -0.4574842 -0.8757898 -0.1539493
vn -0.3815311 -0.9222977 -0.06165113
vn 0.01694086 0.7884175 -0.6149073
vn -0.08098494 0.5719578 -0.8162755
vn -0.03465474 -0.2133296 0.9763654
vn 0.0289388 -0.1176987 -0.9926276
vn -0.1042397 -0.6550281 -0.7483796
vn -0.07829729 -0.9945267 -0.06918088
vn 0.0535748 -0.9981266 0.02954987
vn 0.9309997 -0.3642038 0.02439446
vn -0.4891057 0.5137646 -0.7048557
vn -0.206212 -0.3618819 -0.9091303
vn -0.2376403 -0.3805426 -0.8937082
vn -0.1410767 -0.3220376 -0.9361565
vn -0.8418676 -0.4349859 -0.3194469
vn -0.4934828 0.0458075 0.8685485
vn -0.7662193 -0.6423544 -0.01699554
vn -0.1144487 -0.3053094 -0.9453505
vn 0.6012874 -0.6159079 0.5090294
vn -0.5595769 -0.5489448 -0.6209133
vn 0.3409423 -0.03929637 0.9392625
vn -0.2609003 -0.6353053 0.726855
vn -0.3394274 -0.5696089 0.7485552
vn -0.2159013 -0.6796424 0.7010512
vn 0.04489339 -0.9900793 -0.1331444
vn -0.3877571 -0.4960589 0.7768977
vn -0.2468782 0.5254818 0.814199
vn -0.4997786 -0.2442383 -0.8310047
vn 0.420854 -0.8983476 0.1259096
vn 0.3867368 -0.9221885 -0.001714761
vn -0.9917932 -0.1196771 -0.04498504
vn -0.9956863 -0.09185612 0.01308617
vn -0.9704162 -0.2271415 -0.08184776
vn -0.1346311 0.9784801 0.1563685
vn -0.7260479 -0.6859194 -0.04867272
vn -0.906536 -0.3660926 0.210163
vn 0.1010643 -0.1912225 -0.9763298
vn 0.002470788 -0.1268473 -0.9919192
vn -0.03962351 -0.1810221 0.9826805
vn -0.9616589 -0.2734081 0.02145142
vn -0.960654 -0.2770539 0.01962431
vn -0.9633095 -0.2672704 0.02452107
vn -0.9644479 -0.2629216 0.02669126
vn -0.02862751 -0.9994072 -0.01912142
vn -0.291516 -0.196417 0.9361832
vn -0.7867689 0.5809028 0.2086782
vn 0.9995725 -0.02914913 0.002289907
vn 0.1620194 -0.2111639 -0.9639291
vn 0.05639984 -0.9979846 0.02908095
vn 0.04387829 -0.9986654 0.02724234
vn 0.7012973 -0.6600442 -0.2693021
vn -0.5285099 -0.573079 0.6263047
vn 0.04081337 0.9991626 -0.002863628
vn -0.1435122 -0.6974782 0.7020886
vn 0.4738718 -0.3708453 0.7986985
vn 0.297059 -0.1564813 -0.9419498
vn 0.3174417 0.4093508 0.8553728
vn -0.02678529 -0.8574238 0.5139136
vn -0.2075851 -0.05666804 0.9765742
vn 0.08342349 -0.990051 -0.1133105
vn -0.6907729 -0.7226453 -0.02483018
vn 0.5464478 -0.8374199 -0.01107486
vn 0.3414585 -0.9398968 0.0001696551
vn 0.9959535 -0.05448562 0.07146998
vn 0.4071495 -0.9132071 -0.01679594
vn 0.002982243 -0.1017934 0.994801
vn 0.001788622 -0.999998 0.0009289042
vn -0.2005522 -0.9795835 0.01396589
vn -0.09825027 -0.99514 -0.00657493
vn 0.8955774 0.0240093 -0.4442575
vn 0.9482398 0.05698193 -0.3124011
vn 0.9997351 0.02243139 0.005155102
vn 0.7798064 0.5584635 0.2828792
vn 0.6492285 0.05344935 -0.758713
vn 0.06322399 -0.9979978 -0.001793525
vn 0.007325471 -0.9999669 -0.003555001
vn -0.3792305 -0.08495837 -0.9213937
vn 0.4966012 -0.867767 0.01918063
vn 0.49297 -0.8698456 0.01868983
vn -0.7666833 -0.6418922 -0.01308314
vn -0.9997543 -0.02138017 -0.005853134
vn 0.4105982 -0.9106641 -0.04582363
vn 0.9473704 -0.3188296 -0.02893459
vn -0.4317787 0.3654557 0.8246267
vn 0.1623518 -0.9606184 0.2255088
vn -0.982042 -0.1846387 0.03875514
vn 0.03436658 -0.01869109 0.9992345
vn -0.1402255 0.02977476 0.9896718
vn 0.8145471 -0.2104438 0.5405799
vn -0.1284833 0.9611512 0.2442956
vn -0.05456863 0.9584939 0.2798423
vn 0.06166035 0.9414008 0.3316059
vn -0.2483219 0.9513952 0.182163
vn 0.9488363 -0.03384747 -0.3139493
vn 0.09980711 -0.9949937 -0.00510462
vn -0.06167476 -0.01518076 -0.9979808
vn -0.9990786 -0.04260123 0.005197007
vn -0.01187532 -0.05746867 -0.9982767
vn 0.1938879 -0.9803708 0.03578421
vn 0.2530006 -0.9333578 0.2546248
vn -0.9986421 -0.03906358 0.03446542
vn -0.9995916 -0.02497876 0.01388081
vn -0.9998258 -0.002836348 -0.01845134
vn -0.9955568 -0.06321286 0.06979194
vn 0.5314927 0.5905874 0.6072249
vn -0.6316595 -0.5604562 0.5356259
vn -0.1059397 -0.8576603 -0.5031853
vn 0.3102063 -0.9497087 0.04272556
vn -0.9249646 0.3789055 -0.0295167
vn 0.8512893 -0.02213347 0.5242296
vn 0.9354112 -0.008662677 0.3534558
vn 0.3660718 -0.02505525 0.9302493
vn 0.7983094 -0.05911513 -0.5993392
vn 0.7752071 -0.06605414 -0.6282442
vn 0.9817063 -0.007411382 -0.1902572
vn 0.322803 -0.9395451 -0.1142507
vn 0.3597028 -0.932541 0.03132603
vn 0.496232 -0.8671821 0.04182142
vn 0.2574125 -0.9043882 0.3403246
vn 0.4771657 -0.8770071 -0.05631629
vn 0.1911608 -0.9699627 -0.1504324
vn -0.3927757 -0.04683861 -0.9184408
vn -0.9970589 -0.06659351 0.03793347
vn 0.5762244 -0.8169146 -0.02482274
vn 0.4939207 -0.8664007 0.07343172
vn 0.7060316 -0.6742355 -0.2166239
vn 0.3407123 -0.1616742 -0.9261623
vn 0.09070195 -0.009764736 -0.9958302
vn 0.1377322 -0.9813818 0.1338633
vn 0.9998308 -0.008282502 0.01642307
vn -0.02150079 -0.9705136 0.2400851
vn 0.1607681 -0.9858801 -0.04683927
vn 0.005981206 -0.01135167 0.9999177
vn -0.9353627 -0.3536511 0.005238557
vn 0.1262224 -0.9032914 0.4100396
vn 0.006603565 -0.9476707 -0.3191812
vn 0.1105835 -0.709151 0.6963304
vn 0.709343 -0.685813 -0.1627668
vn 0.9997002 -0.02438701 0.002170661
vn 0.9992452 -0.01277079 -0.03668723
vn -0.8375666 0.00678927 0.5462932
vn -0.1600121 -0.008579888 0.9870777
vn 0.659805 -0.7505667 0.0361545
vn 0.9997944 0.01902759 0.006998041
vn -0.3302764 -0.9438778 -0.003512225
vn -0.6710465 -0.7390664 0.0589688
vn -0.9076809 -0.02813125 -0.4187171
vn 0.06870714 0.3837113 0.9208935
vn -0.04761098 -0.9969748 0.06143749
vn -0.01743901 -0.9998125 -0.008412929
vn -0.2883027 -0.9574751 0.01108938
vn 0.249119 -0.9315592 0.2648344
vn 0.05491712 -0.0157121 0.9983672
vn -0.9680647 -0.005318466 -0.250644
vn -0.6477662 0.0004872019 0.761839
vn 0.3831466 -0.006712822 0.9236631
vn -0.0006567294 -0.001009917 -0.9999992
vn 0.9951072 -0.08151541 -0.05582991
vn 0.0224786 -0.04613697 -0.9986821
vn 0.9303887 -0.02879096 -0.3654422
vn 0.6903099 -0.03508219 -0.7226627
vn 0.9873415 -0.01310953 -0.1580665
vn -0.2006044 -0.9648454 0.169798
vn -0.6201448 -0.7805941 0.07805981
vn 0.06541957 -0.9882308 -0.1382759
vn 0.9126877 0.03266961 -0.40735
vn 0.8642383 -0.4994541 0.06031519
vn 0.7212293 -0.009025196 0.6926375
vn -0.9939269 -0.005886794 0.1098853
vn 0.1279597 -0.991065 -0.03763827
vn -0.02886398 0.345068 0.9381337
vn 0.01486564 0.08351323 0.9963957
vn 0.1090084 -0.4543429 0.8841323
vn -0.2693492 -0.9496043 0.1603206
vn -0.2036104 -0.7621523 -0.614546
vn 0.1168967 -0.9873164 0.1074311
vn -0.1368315 -0.9674069 -0.2130754
vn -0.9998987 -0.01031347 0.009812983
vn 0.9905335 0.137182 -0.004959276
vn 0.5537296 0.08991703 0.8278275
vn 0.9963742 -0.06375422 0.05633627
vn 0.9599963 -0.001010881 -0.2800108
vn 0.6187426 -0.001097312 0.785593
vn 0.0006859502 -0.99939 -0.03491396
vn 0.0005059557 -0.5238215 -0.8518279
vn 0.04869676 -0.9984207 -0.0280148
vn -0.08590156 -0.9955162 -0.03960263
vn -0.1677479 -0.9855023 0.02541133
vn 0.2160126 -0.9761669 -0.02089489
vn 0.4145449 -0.9039379 0.1051133
vn 0.2383097 -0.970601 0.03379483
vn 0.001092085 -0.3517548 0.9360915
vn 0.9441128 0.1343575 -0.3009968
vn 0.7969331 0.5538759 0.2410791
vn -6.405423e-05 0.998907 -0.04674203
vn -0.9948928 -0.06685665 0.07561976
vn 0.00420125 0.986932 -0.1610829
vn 0.1474919 0.9183937 0.3671502
vn 0.5073888 0.6953641 -0.5089456
vn -0.9617831 0.2682121 -0.0550957
vn -0.01012194 -0.9992865 -0.03638678
vn -0.9673496 0.2339778 -0.0974132
vn 0.1706383 -0.821261 0.5444381
vn 0.04987662 0.9428072 0.3295859
vn -0.08180197 0.1611935 -0.9835268
vn 0.6621304 -0.01160196 -0.7492988
vn 0.885546 0.4532565 0.1018177
vn -0.3208723 -0.6850274 -0.6540477
vn -0.4191218 -0.6292652 -0.6544937
vn -0.6052814 -0.4882224 -0.6287076
vn 0.04033294 -0.4036842 0.9140089
vn -0.1140401 -0.7695233 -0.628354
vn 0.878152 0.1324076 0.4596927
vn 0.787035 -0.5476344 0.2840289
vn -0.9199884 -0.3102453 0.2395187
vn -0.9125485 -0.3319016 0.238949
vn -0.004467055 -0.8940569 0.4479309
vn -0.02157194 -0.8970402 0.441422
vn -0.8173405 -0.4764194 0.3240049
vn 0.2545066 -0.9618358 -0.1004901
vn 0.1651202 -0.7722604 0.6134731
vn 0.895791 0.4003277 -0.1931218
vn 0.5583641 -0.7822438 0.2762683
vn 0.8322372 -0.5528837 -0.04123853
vn 0.6039755 -0.2522097 0.7560449
vn -0.05592944 -0.7568304 0.6512139
vn 0.6736187 -0.7280677 -0.1271039
vn 0.192208 0.9030038 -0.3842399
vn 0.1900426 0.9339709 0.3026254
vn 0.1601558 0.957957 0.2380518
vn 0.7079017 -0.206524 -0.6754428
vn -0.001304981 -0.007760196 -0.9999689
vn -0.01477724 -0.003160143 -0.9998859
vn 0.2624899 0.7360337 0.623982
vn 0.3125513 0.7142594 0.626215
vn 0.455165 0.8250565 -0.3348231
vn 0.6585598 0.1426396 0.7388864
vn -0.9620236 -0.2105321 0.173744
vn -0.8685188 -0.4652099 0.1710404
vn -0.7988585 -0.5767954 -0.1706815
vn 0.7256079 -0.6757419 0.1298687
vn 0.7281946 -0.6699063 0.1447695
vn -0.04764169 0.05330992 -0.9974409
vn 0.974327 0.1465343 -0.1709227
vn 0.8481266 -0.02130763 -0.5293649
vn 0.8833516 0.0778797 -0.4621956
vn 0.8676074 0.02883798 -0.4964128
vn -0.3537503 0.7822179 -0.5128313
vn -0.2084807 0.1952559 -0.9583376
vn 0.9997782 0.005403572 -0.02035929
vn -0.8463438 0.2762032 -0.4554274
vn -0.001426728 0.7724536 0.6350695
vn -0.00413118 0.6669902 -0.7450551
vn 0.00157975 0.9449793 -0.3271265
vn -0.4034261 0.1029973 0.9091969
vn -0.1886299 0.1603538 0.9688681
vn -0.215908 0.1368192 0.9667804
vn -0.3696207 0.06443368 0.926946
vn -0.6352523 -0.5623328 -0.5293735
vn -0.0004229931 0.8143043 0.5804381
vn 0.7064211 0.5875778 0.3946157
vn 0.2932253 -0.8464473 0.4444614
vn -0.002668526 -0.9999388 0.01073296
vn 0.2725682 -0.01927741 -0.9619434
vn 0.6879274 -0.07444738 -0.7219511
vn 0.01025978 -0.9614411 0.2748194
vn -0.3732436 0.8681628 0.3270818
vn 0.2688841 0.9625774 -0.03385556
vn -0.06794769 -0.9441627 0.3223971
vn -0.4497327 -0.8683134 0.2092186
vn -0.9853005 0.08183055 0.1499555
vn 0.3304511 -0.9124128 -0.2414639
vn -0.09195366 -0.9628381 -0.2539432
vn -0.4784111 -0.003608884 0.8781286
vn -0.1837623 -0.1737411 0.9674944
vn -0.4898019 -0.8270629 0.2757916
vn -0.5476285 -0.7972844 -0.2538517
vn -0.07383883 0.09524756 0.9927113
vn -0.3363873 -0.9287729 0.155642
vn 0.9856751 -0.1604034 0.05210799
vn 0.5044137 -0.8619918 0.05036974
vn 0.001230626 -0.4999885 0.8660312
vn 0.4129909 0.676809 -0.6093997
vn -0.9940879 -0.002774443 0.1085431
vn 0.02455958 0.01287864 -0.9996154
vn 0.02144061 -0.01655899 -0.999633
vn 0.03945664 -0.1472175 -0.9883168
vn 0.110148 -0.2702851 -0.9564588
vn 0.5733269 -0.3668756 -0.7325972
vn -0.000104537 0.9410848 -0.3381708
vn 0.698048 0.7148225 -0.04192439
vn 0.5022749 -0.8643668 0.02429011
vn 0.08039189 -0.09973231 -0.9917614
vn -0.1494703 0.008745632 -0.9887276
vn 0.3976513 0.08736683 -0.9133677
vn -0.9637361 -0.1476501 0.2222885
vn -0.9874661 -0.05984271 0.1460463
vn 0.9694264 0.1048678 -0.2218451
vn -0.9818498 -0.1085215 -0.1555442
vn 0.87802 0.2249365 0.4224741
vn 0.8970081 0.1326122 -0.4216522
vn -0.9770731 -0.1320691 0.1669903
vn 0.987554 0.05053032 -0.1489426
vn 0.2736306 0.03244245 -0.9612876
vn -0.8486094 -0.2590732 -0.4612408
vn 0.03261308 -0.7599873 0.6491193
vn -0.5063575 -0.1929701 0.8404551
vn -0.144574 0.03990438 -0.9886891
vn 0.03685958 -0.923023 0.382975
vn -0.05811959 -0.9436886 0.3256898
vn -0.02281246 -0.8732654 -0.4867106
vn -0.005740837 -0.05259313 -0.9985995
vn 0.06115671 0.7063507 -0.7052152
vn 0.006645961 0.7695351 -0.6385699
vn 0.005720929 0.691498 -0.7223557
vn 0.997914 0.04161775 -0.04935164
vn 0.9780455 0.02271286 -0.2071501
vn 0.7331825 -0.6251105 -0.2677315
vn 0.9994796 -0.02534659 -0.01995345
vn -0.786575 0.5325296 0.3125891
vn 0.03993832 -0.8439531 0.5349281
vn -0.1600359 -0.5998071 0.783977
vn 0.04489683 0.08997668 0.9949314
vn 0.004757121 -0.5728358 0.8196564
vn -0.004262524 0.2899387 0.9570357
vn 0.01709026 0.09542876 -0.9952896
vn 0.2373043 -0.1325442 -0.9623505
vn 0.8321201 0.2529071 -0.4935728
vn -0.3542434 0.2010981 -0.913275
vn -0.04315258 0.1902285 -0.9807909
vn 0.9340344 -0.1843718 0.3059195
vn 0.9316779 -0.1890898 0.3101957
vn 0.9240233 -0.2038027 0.3234895
vn 0.1593709 0.9766331 0.1441832
vn 0.1815713 0.9754609 0.1245307
vn 0.07583 0.9734578 0.2159394
vn 0.9409415 -0.1699605 0.2928184
vn 0.2510951 0.9660185 0.06131463
vn -0.7224925 -0.6287343 0.2875724
vn -0.1280007 -0.9862643 0.1043966
vn 0.003528313 0.007320634 -0.999967
vn 0.001600077 -0.01900911 -0.999818
vn 0.001707941 -0.017537 -0.9998447
vn 0.001635418 0.8606591 -0.5091789
vn 0.8097503 -0.3732885 -0.4527251
vn -0.02223953 0.06325751 0.9977494
vn -0.9981625 0.05755888 0.01893342
vn -0.9991353 0.04151198 -0.002365444
vn 0.7363153 0.570857 0.363266
vn 0.9194455 0.1794319 -0.3498918
vn 0.8688045 0.3428762 -0.3572321
vn 0.4223622 -0.762399 0.490263
vn 0.04996691 -0.8727195 0.4856583
vn 0.006674265 0.9385666 -0.3450337
vn 0.2811917 -0.5399147 -0.793362
vn 0.0761719 -0.4268915 0.9010891
vn 0.08327407 -0.465669 0.8810322
vn -0.05854202 0.9515745 0.3017927
vn 0.04996492 -0.8970731 0.4390482
vn -0.9756888 -0.1791597 0.126227
vn 0.9692547 -0.2168834 0.1162194
vn 0.9339188 -0.3413681 0.10613
vn 0.9935052 0.1116276 0.02206029
vn 0.8427356 -0.5307078 0.09025515
vn 0.8403635 -0.5410304 0.03279142
vn 0.5301953 0.8326734 0.1598368
vn 0.762578 0.5027862 -0.4070391
vn -0.8800449 -0.3942617 0.2647239
vn -0.9645517 -0.188657 0.1845223
vn -0.9776402 -0.1438094 0.1534228
vn 0.003616358 0.008523549 -0.9999571
vn 0.9884222 -0.1444694 0.04637096
vn -0.912573 0.01169085 -0.4087467
vn 0.05793279 0.7831174 -0.6191696
vn 0.7781993 0.4982141 -0.3823461
vn 0.9766493 -0.1528856 0.1509376
vn 0.7889777 0.5961413 -0.1487608
vn 0.9955092 -0.06993904 0.0637965
vn -0.4586147 0.8373089 -0.2976348
vn 0.3789446 0.04231638 -0.9244514
vn -0.001737139 0.4382757 0.8988389
vn 0.001286413 0.3752322 0.9269299
vn 0.001456336 -0.7422332 0.6701401
vn -0.002311375 -0.9481668 -0.3177646
vn -0.000204491 -0.9344667 -0.3560506
vn -0.0003216855 -0.9352694 -0.3539366
vn -0.008911125 0.3506482 -0.9364649
vn 0.0005435942 0.1935322 0.9810938
vn -0.001706799 0.9079495 -0.4190761
vn -0.01878924 0.9659784 -0.2579388
vn -0.02975051 0.9933878 -0.1108854
vn 0.499632 0.6083298 -0.6166869
vn 0.8795268 -0.3810271 -0.2850457
vn 0.03052308 0.2921297 0.9558915
vn 0.08096936 -0.9911602 0.1050978
vn 0.8943879 -0.4450965 -0.04426353
vn 0.9372528 -0.3477249 -0.02538933
vn 0.8484746 -0.03811662 0.5278616
vn 0.9993743 -0.01173681 0.03336642
vn 0.9462155 -0.1456468 0.2889002
vn -0.1304354 -0.07731535 -0.9884376
vn 0.8991581 0.4155993 -0.1370839
vn -0.002376148 -0.9485635 -0.3165782
vn -0.8071652 0.2168301 -0.5490621
vn -0.9079486 -0.09734505 -0.407619
vn -0.8983029 -0.04074423 -0.4374835
vn -0.9094481 -0.3092182 -0.2780074
vn 0.0006010558 0.1945754 0.9808874
vn 0.8807133 -0.4349879 0.187429
vn -0.9786947 0.01272245 -0.2049263
vn 0.8813423 0.1405599 -0.451086
vn 0.8738596 0.04493609 0.4840972
vn -0.5659258 0.5503665 0.6138604
vn -0.4906299 0.8710535 -0.02341121
vn -0.5700822 0.4427806 -0.6920634
vn -0.7258655 -0.2536553 0.6393576
vn -0.1669826 0.8164188 0.5527903
vn -0.02126827 0.1826184 -0.9829538
vn -0.8708634 0.447548 -0.2032186
vn 0.2924885 -0.9500449 -0.1089277
vn 0.2455921 -0.9554089 -0.1639464
vn 0.4010593 -0.9156064 0.02856873
vn 0.9886255 -0.09129468 0.1195192
vn 0.2014741 -0.3921228 -0.8975789
vn 0.6092421 -0.3736956 0.6994109
vn 0.7118008 0.6935502 0.1110302
vn 0.7133814 0.6919503 0.1108675
vn 0.7541455 0.6480426 0.1063266
vn 0.6466005 0.7538039 0.1169932
vn 0.3286151 -0.02979483 0.9439937
vn 0.4389999 -0.8948628 0.08062073
vn -0.3685028 0.1402114 -0.918992
vn 0.996309 0.08250621 0.02368828
vn 0.9985231 -0.03067167 -0.04484257
vn 0.1146291 -0.02368492 -0.9931259
vn 0.0107046 0.01387299 -0.9998465
vn 0.04920882 -0.0005497537 -0.9987884
vn -0.0006172493 -0.9989432 0.04595927
vn -0.8442401 -0.5359194 0.006996393
vn -0.789245 -0.5815243 0.197286
vn -0.006252641 -0.9672573 -0.2537208
vn 0.2251031 -0.9659737 -0.1273713
vn 0.3994487 -0.9099836 0.1112228
vn 0.00211446 -0.6846908 0.7288307
vn 0.9926837 0.1157991 -0.03419767
vn 0.9578193 -0.01996176 -0.2866771
vn 0.9731231 0.07206284 -0.2187196
vn 0.974662 0.2060402 0.0870707
vn -0.8503437 -0.5244441 -0.04329057
vn -0.1712713 -0.9323323 0.3184692
vn 0.9730963 0.000153229 0.2303987
vn 0.4765942 -0.001594285 0.879122
vn -0.9910598 -0.0007702281 0.1334159
vn -0.9997559 -0.02105639 0.006697917
vn -0.9786658 -0.04170632 0.2011809
vn 0.5864556 0.5909958 -0.5538896
vn 0.5086378 0.8597869 0.04532189
vn 0.9820516 0.1876659 -0.0188758
vn 0.9722503 0.2338961 0.004688278
vn -0.9578221 0.1062591 0.2669937
vn -0.9444563 0.2186947 0.2453058
vn 0.2179752 -0.07543193 -0.9730349
vn 0.6490643 -0.4909276 0.5811245
vn 0.002258989 -0.9945062 0.104654
vn -0.1659575 -0.9857047 0.02905916
vn -0.5061002 -0.6387257 0.5795621
vn -0.0409474 -0.9987613 -0.0282692
vn -0.3062769 -0.4207854 -0.8538935
vn 0.4537538 -0.7097492 0.538854
vn -0.3754924 -0.9225813 0.08859628
vn 0.9808885 -0.1854349 0.05892039
vn 0.9799255 -0.1807215 0.08417846
vn 0.4135483 0.008151853 0.9104457
vn -0.4115458 -0.5886534 0.6957853
vn -0.9889071 0.135463 0.06092997
vn 0.01378839 0.8499203 0.5267307
vn 0.9620413 -0.1647766 -0.2175435
vn -0.315763 0.1946711 -0.9286532
vn -0.4454538 -0.01395542 -0.8951961
vn -0.2854199 -0.09775202 -0.9534045
vn 0.5965173 -0.0081763 0.8025585
vn -0.7842831 -0.02097274 -0.6200485
vn 0.004276027 -0.9996934 0.02438666
vn 0.004787176 -0.9977117 0.06744181
vn -0.5620803 -0.212442 0.7993335
vn -0.1101617 0.9938427 0.01187859
vn -0.1216327 0.9925611 -0.005281316
vn -0.1215485 0.9925686 0.005787471
vn -0.999792 -0.008366327 -0.01860302
vn -0.7006778 0.5122987 -0.4965892
vn 0.01138229 0.05364226 -0.9984954
vn 0.7202357 -0.6891204 -0.0798358
vn 0.03800119 -0.9541473 -0.2969153
vn 0.2870649 -0.4915592 0.8221698
vn -0.1155732 -0.366157 -0.9233481
vn -0.8854586 0.2996334 0.3552224
vn -0.9000226 0.4098578 0.1482428
vn -0.6705738 -0.09896902 -0.7352115
vn 0.6481043 0.3852355 -0.656928
vn 0.5706547 0.3613731 -0.7374027
vn 0.5980836 0.3700972 -0.7108614
vn -0.05253082 0.9967701 -0.06074303
vn -0.259418 0.3594247 -0.8963906
vn -0.6946692 0.7188345 -0.02667658
vn -0.7147257 0.6991329 -0.01950403
vn -0.9173682 -0.09611984 -0.3862595
vn -0.9508639 0.03082358 -0.3080711
vn -0.9838756 0.04599125 -0.1728401
vn -0.1081556 0.4518816 -0.8854973
vn 0.5156224 0.3430977 -0.7851226
vn -0.9997551 -0.008567884 -0.02040556
vn -0.805204 -0.5925786 -0.0222934
vn 0.0009850576 0.9118719 -0.410474
vn -0.0008852236 0.9087484 -0.4173432
vn 0.5960101 0.8010359 -0.05579848
vn -0.0007366619 0.1890467 -0.9819678
vn 2.393253e-05 -0.002813524 -0.999996
vn 0.2945018 0.8569028 0.4230678
vn 0.9166314 0.05300152 -0.3962041
vn 0.8970348 0.06770066 -0.436744
vn 0.4736504 -0.8014789 0.3650847
vn -0.9964873 -0.004815362 -0.08360606
vn 0.9459622 -0.2791209 0.1650671
vn -0.01934824 -0.09642505 -0.9951522
vn -0.8971864 0.0132863 0.4414521
vn 0.9968643 -0.07909148 -0.002470326
vn 0.9949647 -0.09976128 -0.00965133
vn -0.1178062 -0.09502033 -0.9884801
vn -0.03899108 -0.9903204 0.1332107
vn 0.03718842 -0.9724391 -0.2301718
vn -0.05215782 -0.9790574 0.1967893
vn 0.7009006 -0.1338822 0.7005811
vn -0.9986076 -0.003242079 -0.05265158
vn -0.5992997 0.04952769 -0.7989912
vn -0.3881435 0.8908428 0.2361009
vn 0.7522767 0.2570804 0.6066214
vn 0.04015592 0.9290187 -0.3678474
vn -0.7966108 0.6039673 -0.02519641
vn 0.6608816 0.2071759 0.7213277
vn 0.2306457 0.8418789 -0.487896
vn -0.1691556 0.04275183 0.9846617
vn 0.278003 0.9336423 -0.2258902
vn 0.8422235 0.1338323 0.5222532
vn -0.04744513 0.9962639 0.07216094
vn -0.0388824 0.9992327 0.004700296
vn -0.06449071 0.9714564 0.2282835
vn -0.04442612 0.9968353 0.06592228
vn -0.2939646 0.9531497 0.07134645
vn -0.9702324 0.2004255 -0.1359362
vn -0.9495993 0.1552322 -0.2723309
vn -0.06225344 0.997004 0.04590804
vn -0.6067826 -0.3988429 -0.6875603
vn 0.09120879 -0.2654701 -0.9597952
vn -0.4061757 0.9007406 -0.1539078
vn 0.06407066 -0.6184696 0.7831925
vn -0.5024357 0.8586544 0.1013464
vn -0.9965957 0.04483216 0.06918946
vn -0.4613887 0.8355621 -0.2982556
vn -0.9731597 -0.1023564 -0.2061146
vn 0.004640175 -0.005774407 0.9999725
vn -0.7592589 0.1021606 0.6427201
vn -0.2453799 0.06024869 0.967553
vn -0.260184 0.03114855 0.9650565
vn 0.4267632 -0.0837179 -0.9004802
vn 0.9292712 -0.3543291 -0.1044314
vn 0.8202082 0.03879132 0.5707484
vn 0.1800938 0.5408493 -0.8216132
vn -0.6565573 0.4519285 -0.6038983
vn 0.1791349 0.03388506 -0.9832408
vn -0.4747327 0.7648817 -0.4354134
vn -0.5011348 -0.318118 -0.8047764
vn 0.3951504 0.893716 -0.2124331
vn 0.581707 0.811787 -0.05117548
vn -0.0106105 0.9258047 0.3778535
vn -0.4100474 0.9111466 0.04090232
vn -0.1147415 0.9430328 -0.3122874
vn -0.5871211 0.8087532 -0.0347443
vn -0.08733588 0.6352466 -0.7673553
vn 0.6235783 -0.7779626 -0.0769689
vn 0.4173326 0.9060009 -0.07068068
vn -0.1986194 0.6688777 -0.7163469
vn -0.6714815 0.7378622 0.06835282
vn -0.8878618 0.458483 0.03866301
vn -0.04032508 0.999173 0.005207096
vn 0.6110339 0.211235 0.7629006
vn 0.04775462 -0.958819 -0.2799743
vn 0.9493652 -0.148627 -0.2767955
vn 0.0001618738 -0.9997538 -0.02218457
vn 0.1698416 0.1710978 0.9705047
vn -0.004645328 0.1137234 0.9935016
vn 0.7196596 0.6709439 0.1786738
vn 0.00679174 0.9772272 -0.2120866
vn 0.7934936 0.1641343 -0.5860272
vn 0.9230611 0.3789721 0.06586679
vn 0.9182903 0.329215 0.2199101
vn 0.00331755 0.9997092 0.02388605
vn -0.002541181 0.9993483 -0.03600554
vn 0.2592002 0.9654747 0.02596094
vn -0.5442576 -0.8146736 -0.2002262
vn -0.7984967 0.5760497 -0.1748426
vn 0.00639869 0.9980751 -0.06168532
vn -0.9812799 -0.1906339 -0.02735929
vn 0.01258254 0.9893349 0.1451141
vn 0.9165817 0.3911797 -0.08280345
vn 0.02803796 0.8906481 0.4538279
vn 0.003976645 0.8217525 0.5698305
vn 0.9999868 0.0016637 0.004869867
vn 0.9992108 -0.001578094 0.0396906
vn 0.9999439 -0.006021566 0.008713831
vn 0.9839972 0.1685696 0.05773827
vn -0.09037064 0.9898632 0.1095625
vn -0.7444339 0.4715879 0.4726763
vn -0.8230319 0.5076407 -0.254793
vn -0.9838176 0.1300297 0.1232688
vn 0.7323388 0.008116202 -0.6808921
vn -0.383895 -0.3901468 -0.8369051
vn -0.9962692 0.04362057 0.07446334
vn 0.02800237 -0.06121345 -0.9977319
vn 0.05194096 0.4693636 -0.881476
vn 0.1902512 -0.7407829 -0.6442399
vn 0.9968149 0.04895999 -0.06295311
vn 0.706967 -0.7070168 -0.01802446
vn 0.7828341 -0.5810577 -0.222582
vn 0.08983969 0.1607226 -0.9829023
vn 0.5014321 0.7190526 -0.4811749
vn 0.9766666 -0.02404847 -0.2134105
vn 0.3097359 0.3173734 0.8962912
vn 0.3275415 0.5080225 -0.7966365
vn -0.9754879 0.02611164 0.218498
vn -0.9734502 0.01880974 0.2281244
vn -0.9949334 0.00232632 0.1005088
vn 0.09147014 -0.06524894 -0.9936679
vn -0.4666577 0.05865354 0.882491
vn 0.1410707 -0.1101171 -0.9838563
vn -0.2025552 0.1692915 0.9645267
vn 0.8375417 -0.1711509 -0.5188751
vn 0.9813196 0.1498131 -0.1206977
vn 0.5782176 -0.802034 -0.1496857
vn 0.002977017 0.8572419 0.5149054
vn 0.985211 -0.1072817 0.1336033
vn 0.6802015 0.01147243 0.7329354
vn -0.8702931 0.1872085 0.4555688
vn -0.1587074 -0.9830094 0.09222002
vn 0.1053321 0.5389407 0.8357321
vn -0.938158 -0.299275 -0.1740518
vn 0.08636839 0.9082119 0.4095016
vn 0.9682858 -0.05093466 0.2445982
vn 0.6056923 0.0351557 0.7949219
vn 0.8334754 -0.4886247 -0.2580016
vn -0.02544894 0.1188662 0.992584
vn 0.9703786 0.08011652 0.2279184
vn 0.1389082 0.9145278 0.3799254
vn 0.740047 0.2426932 0.6272403
vn 0.6193969 0.6490911 0.44162
vn 0.7026101 0.6048391 -0.3748448
vn 0.5992883 0.7628189 0.2428189
vn -0.4522661 0.3618747 0.81517
vn 0.2838396 -0.3183368 -0.9044871
vn 0.09491488 0.3367007 0.9368157
vn 0.1089667 -0.3032631 -0.946656
vn 0.5172818 -0.6826897 0.5160952
vn -0.8084143 0.5878847 -0.02928939
vn -0.02904524 0.7206237 0.6927178
vn 0.3092134 -0.09467727 -0.946268
vn 0.0639092 -0.05908056 -0.9962053
vn 0.0559664 -0.03483877 -0.9978247
vn 0.1947691 -0.9680584 -0.1578851
vn 0.4860919 -0.6940061 0.531103
vn 0.1845766 0.9298618 0.3182585
vn 0.378503 0.89281 0.2441833
vn -0.1028245 -0.9163563 -0.3869344
vn -0.00102982 0.9569938 0.2901068
vn 0.8779626 -0.4230523 -0.2240722
vn 0.5228975 -0.8270538 0.2063008
vn -0.002257681 0.9556089 0.2946294
vn -0.0008350709 0.9530492 0.3028143
vn 0.9813778 -0.1684061 0.0923954
vn 0.7854348 0.4613059 0.412661
vn 0.6226464 -0.1882397 -0.7595243
vn 0.7456981 -0.1010067 -0.6585832
vn 0.059162 -0.3337029 0.9408199
vn -0.5039653 0.1626392 -0.8482733
vn 0.0005716659 0.2522633 0.9676584
vn 0.001803328 0.261876 0.9650998
vn -0.001116246 -0.940508 -0.3397695
vn -0.7487667 0.4056295 -0.5242263
vn -0.6879315 -0.6774023 -0.260531
vn -0.5598481 -0.410435 -0.7198008
vn -0.909044 0.3558597 0.2168016
vn -0.9992646 -0.008796344 0.0373192
vn 0.1248569 0.9910981 0.04621004
vn -0.002497526 -0.7446167 -0.6674877
vn -0.2770664 0.763647 0.5831616
vn 0.9956978 -0.07629415 0.05258523
vn 0.944436 -0.05407909 -0.3242162
vn -0.7040956 0.7025912 -0.1030287
vn 0.1128916 -0.07578654 -0.9907128
vn 0.1021274 -0.2103515 -0.9722768
vn 0.9364569 0.3129474 0.1584693
vn 0.9087935 0.4063088 0.09490715
vn -0.09470213 0.7473827 0.6576098
vn -0.06777278 -0.5010819 0.862742
vn 0.2533971 0.4074053 0.8773887
vn 0.001970606 0.9938019 0.111148
vn -0.9993235 0.01527659 0.03345278
vn 0.8928586 -0.2326664 -0.3855771
vn 0.08383095 -0.6537421 0.7520595
vn 0.9620106 -0.2726944 -0.01316852
vn -0.9993835 -0.006690499 0.03446364
vn 0.5082232 -0.007471671 0.861193
vn -0.9941828 -2.953867e-05 0.1077065
vn 0.6195701 -0.01510866 0.7847959
vn 0.726698 -0.07302132 0.683065
vn 0.8680276 0.07527018 0.4907773
vn 0.4469345 -0.06031774 0.8925309
vn 0.09105403 -0.992452 0.0821484
vn 0.2487359 0.09063553 0.9643214
vn -0.007685654 0.9917583 -0.1278921
vn -0.6227548 0.7823207 0.01227683
vn -0.6044575 0.7964981 0.01489919
vn -0.08385725 0.9956115 0.04154235
vn -0.9427645 0.06330198 -0.3273956
vn -0.9895493 -0.005325488 -0.144096
vn -0.8907612 -0.03462014 -0.4531512
vn -0.09849462 -0.9315674 -0.349973
vn 0.1053135 -0.9398157 0.3250467
vn -0.8234888 0.5656534 0.0436173
vn 0.02871522 -0.9991632 -0.0291246
vn -0.02752188 0.977807 0.207692
vn -0.001204343 -0.9493104 -0.3143377
vn -0.6872897 -0.7256528 -0.03257407
vn -0.1046302 0.3574547 -0.928051
vn -0.1322384 0.1132275 0.9847297
vn -0.460407 -0.07570175 -0.8844742
vn -0.1099952 -0.4594096 -0.8813874
vn -0.3142581 -0.1852819 -0.9310814
vn -0.4946424 -0.04084114 0.8681365
vn 0.03039445 0.5103446 0.8594328
vn -0.1134235 0.983714 0.1394337
vn -0.2472144 0.9666224 0.06727714
vn -0.05402491 0.2794812 -0.95863
vn 0.6148571 -0.4631412 -0.6383188
vn 0.594682 0.1010748 -0.7975821
vn 0.9939049 0.1037491 -0.03727113
vn -0.7336665 -0.600913 -0.3172333
vn -0.8953276 0.08515936 -0.4371914
vn -0.8132209 0.1287222 -0.5675405
vn -0.3265547 -0.1575851 -0.931949
vn -0.0001907039 -0.9417623 -0.3362794
vn -0.6654638 0.5745595 -0.4764866
vn -0.4395077 0.02597497 -0.8978632
vn -0.05057594 0.0743719 -0.9959472
vn 0.05409374 -0.02279117 0.9982758
vn -0.003424894 0.317132 -0.9483752
vn 0.3547082 0.008969546 0.934934
vn -0.8888403 0.003092572 -0.4582068
vn 0.05439627 -0.02300248 0.9982545
vn 0.6853639 -0.2086976 0.6976543
vn 0.7498538 0.5203319 -0.4086246
vn 0.9962665 -0.00136216 0.08632044
vn -0.6669223 -0.2023647 0.7171214
vn 0.9807869 0.1609956 0.1101704
vn 0.8396673 -0.09425809 -0.5348589
vn 0.2898953 -0.8042449 0.5187975
vn 0.6441733 0.5961444 0.4792208
vn 0.7998045 0.4359351 -0.412642
vn -0.004347931 -0.07548144 -0.9971378
vn 0.9832585 0.1072091 0.1473393
vn 0.9843982 0.06577843 0.1631977
vn 0.9651036 0.2260571 0.1321861
vn 0.9882442 -0.01045602 0.1525257
vn 0.9898947 0.0001239763 0.1418041
vn 0.6999885 -0.510628 -0.4992745
vn 0.7519788 0.436538 -0.4939256
vn 0.4912031 0.7674592 -0.4119781
vn 0.3695555 -0.6790503 -0.6342866
vn 0.005257491 -0.8114851 0.5843496
vn 0.8743289 0.4824236 0.05306989
vn 0.7451047 0.5130801 -0.4261077
vn 0.9424033 0.1095574 0.3160273
vn 0.6653346 -0.6891051 -0.2871656
vn 0.01218806 -0.06248514 0.9979715
vn -0.748094 0.6052812 0.272011
vn -0.9974483 -0.05467196 0.04591122
vn -0.9937702 -0.07541982 0.08205336
vn -0.9877155 -0.09808869 0.1216416
vn -0.9992155 -0.03674907 0.01475914
vn 0.4388195 -0.02781684 -0.8981447
vn -0.01817224 0.3156497 -0.9487017
vn -0.4080327 -0.909335 -0.08135774
vn -0.1955836 -0.9764956 0.09057243
vn -0.1695513 0.603882 0.7788317
vn -0.2226969 -0.2748118 -0.9353527
vn 0.7620378 0.3780537 -0.5257125
vn 0.002626835 -0.7307818 -0.6826061
vn -0.00973871 -0.8104801 -0.5856852
vn 0.03632576 0.9556702 0.2921897
vn 0.01260677 0.9311315 0.3644658
vn -0.004384017 0.06567836 -0.9978312
vn 0.003742048 -0.7105016 -0.7036856
vn 0.0002757617 -0.7005301 -0.7136228
vn 0.7849827 0.1757247 -0.5940732
vn 0.4435526 0.8115517 0.3803221
vn 0.5094768 0.8094997 0.2917934
vn -0.8570997 0.3953476 0.3302734
vn -0.01789976 0.9898441 -0.1410253
vn 0.9764519 0.1750272 0.1261234
vn 0.9713677 -0.235228 0.03335526
vn 0.9382615 -0.3385327 0.0711417
vn 0.04293944 0.674462 0.7370598
vn 0.643592 -0.4196259 0.6400808
vn 0.3958834 0.8220887 0.4092024
vn -0.02728397 -0.6014087 -0.7984755
vn 0.8282396 0.5290571 0.1847106
vn 0.7011017 -0.2987904 -0.6474416
vn 0.5764403 -0.1063725 -0.8101861
vn 0.5768545 -0.1053457 -0.8100254
vn -0.9384337 -0.2992041 -0.1726824
vn 0.4645633 0.8211164 0.3315854
vn 0.5067086 0.7488749 0.4271216
vn 0.9348669 -0.3412435 -0.09786029
vn 0.003777689 -0.9998913 0.014251
vn -0.9382266 -0.299693 -0.1729592
vn -0.9346715 0.3505414 0.05924515
vn -0.8898097 0.3395417 0.3048771
vn 0.3736995 0.7653996 0.5239389
vn -0.91672 0.3164297 0.2439194
vn -0.9145517 0.3289993 0.235276
vn -0.4025686 0.5095372 0.7604672
vn -0.7246474 0.6815295 -0.1019985
vn 0.9867513 -0.1621105 -0.006485268
vn 0.9108108 0.3217387 0.2586658
vn 0.05190776 0.9576896 0.2830833
vn 0.0405211 0.9298549 0.3656882
vn -0.2341596 -0.9368662 -0.2597133
vn -0.04205912 -0.3231039 -0.9454284
vn 0.9786687 -0.05227135 0.1986834
vn -0.00390605 -0.9360227 -0.3519177
vn -0.001162442 -0.2140445 -0.9768233
vn -0.1359573 0.8892146 -0.4368214
vn 0.002273707 0.0483081 -0.9988299
vn -0.7530116 -0.6419597 -0.1444347
vn -0.009124277 0.9920043 0.1258736
vn 0.000532755 -0.3330893 0.9428951
vn 0.0003074401 -0.3499663 -0.9367622
vn 0.9834556 0.180769 0.01173099
vn -0.01320875 -0.9599368 0.2799049
vn 0.7881287 -0.005657971 -0.6154844
vn 0.386028 0.8863374 0.2557114
vn -0.8511346 -0.4850087 -0.2008391
vn 0.9932547 0.08867349 0.07471377
vn -0.9229593 -0.3525046 -0.1545525
vn 0.7906733 0.08145048 0.6067963
vn 0.997897 -0.05596735 -0.03270166
vn -0.0003089859 0.8362537 -0.5483427
vn 0.00494008 -0.8985696 -0.438803
vn -0.1440312 -0.2452403 -0.9587034
vn -0.1732501 -0.2396873 -0.9552667
vn 0.006242595 -0.9148428 0.4037618
vn 0.001161315 0.9393008 -0.3430927
vn -0.006276838 -0.1383999 -0.9903565
vn -0.1559417 0.5762457 -0.8022612
vn -0.1226533 0.5483786 -0.8271862
vn -0.1382259 0.5615541 -0.8158128
vn 0.002587409 -0.08659813 -0.99624
vn -0.4922599 -0.8194017 -0.293702
vn -0.3353257 -0.9039975 -0.2652269
vn -0.5012897 -0.8528565 0.1460979
vn 0.06261799 -0.2491726 -0.9664326
vn 0.8496516 0.38175 0.3638118
vn 0.006997011 -0.08817112 -0.9960807
vn -0.1044187 0.5326449 -0.8398728
vn -0.972056 0.2334572 -0.02459265
vn 0.7916142 -0.6100335 0.03472855
vn 0.4934766 0.8354967 0.241715
vn 0.5622109 0.8217475 0.09300569
vn 0.314279 0.1616388 0.9354686
vn 0.2613654 0.1830513 0.9477237
vn 0.2433368 0.1901253 0.9511254
vn 0.9118856 0.2067913 0.3545448
vn 0.3287512 0.1556082 0.9315089
vn 0.6356705 0.3531534 0.6864442
vn 0.2138334 0.3727913 -0.9029406
vn -0.4357613 -0.8635281 -0.253833
vn -0.6367018 0.7432151 -0.2055289
vn -0.3335215 0.7966949 -0.5040245
vn 0.3622801 -0.4054115 -0.8392823
f 9//1 7//1 8//1
f 32//2 267//3 26//4
f 3//5 267//3 32//2
f 11//6 10//7 3//5
f 10//7 11//6 12//8
f 11//9 3//10 2//11
f 7//12 11//9 8//13
f 12//14 11//9 7//12
f 32//2 26//4 27//15
f 33//16 13//17 12//18
f 291//19 14//20 269//21
f 293//22 269//23 16//24
f 17//25 13//26 14//20
f 15//27 292//28 18//29
f 16//30 13//17 33//16
f 293//31 16//32 34//33
f 18//29 293//31 34//33
f 28//34 4//35 2//36
f 8//13 2//11 6//37
f 3//38 28//34 2//36
f 290//39 433//40 26//4
f 279//41 10//7 19//42
f 62//43 59//44 165//45
f 20//46 12//47 13//26
f 19//42 20//48 278//49
f 17//25 291//50 296//51
f 21//52 13//26 17//25
f 21//52 17//25 296//51
f 15//53 18//29 22//54
f 22//54 21//55 296//56
f 297//57 75//58 283//59
f 24//60 297//57 287//61
f 288//62 24//63 287//64
f 23//65 24//63 288//62
f 45//66 24//63 23//65
f 288//67 25//68 49//69
f 89//70 58//71 61//72
f 89//70 61//72 60//73
f 39//74 51//75 52//76
f 51//75 38//77 50//78
f 56//79 51//75 50//78
f 23//80 55//81 54//82
f 49//69 55//81 23//80
f 23//65 54//83 48//84
f 49//85 44//86 53//87
f 48//84 47//88 46//89
f 48//84 46//89 23//65
f 49//69 23//80 288//67
f 46//89 45//66 23//65
f 45//90 297//57 24//60
f 54//83 65//91 47//88
f 25//92 44//86 49//85
f 55//93 49//85 58//71
f 89//94 54//82 55//81
f 57//95 58//71 53//87
f 51//75 56//96 57//97
f 46//98 297//57 45//90
f 159//99 165//45 59//44
f 44//100 43//101 39//74
f 42//102 43//101 44//100
f 41//103 39//74 43//104
f 278//105 43//101 42//102
f 40//106 41//103 43//104
f 22//54 41//107 40//108
f 36//109 18//29 34//33
f 57//97 56//96 159//110
f 39//74 37//111 38//77
f 56//79 50//78 158//112
f 60//73 62//43 98//113
f 27//15 26//4 1//114
f 27//15 1//114 191//115
f 5//116 28//117 29//118
f 30//119 6//120 29//121
f 30//122 28//123 31//124
f 41//125 35//126 37//127
f 31//124 32//128 37//129
f 34//33 33//130 35//131
f 35//132 33//133 37//134
f 33//133 31//135 37//134
f 9//136 30//122 31//124
f 32//137 28//34 3//38
f 33//16 9//136 31//124
f 66//138 80//139 75//58
f 66//138 64//140 80//139
f 65//141 67//142 66//138
f 63//143 65//141 66//138
f 338//144 69//145 491//146
f 70//147 491//148 69//149
f 70//150 72//151 73//152
f 73//153 72//153 71//153
f 76//154 69//145 338//144
f 77//155 75//58 83//156
f 78//157 76//154 77//155
f 79//158 74//159 78//160
f 73//161 74//159 79//158
f 81//162 80//139 64//140
f 81//163 64//164 82//165
f 84//166 80//166 81//166
f 84//167 81//163 85//168
f 85//168 81//163 82//165
f 85//168 82//165 68//169
f 60//73 98//113 113//170
f 114//171 143//172 148//173
f 100//174 103//175 90//176
f 103//175 92//177 137//178
f 103//175 137//178 90//176
f 100//174 90//176 522//179
f 102//180 100//180 522//180
f 113//170 98//113 114//171
f 111//181 108//182 128//183
f 112//184 109//184 108//184
f 112//185 108//182 110//186
f 110//186 108//182 111//181
f 109//187 112//187 92//187
f 109//188 92//177 104//189
f 92//177 110//190 138//191
f 138//192 110//192 111//192
f 89//94 88//193 85//194
f 85//194 118//195 86//196
f 118//195 87//197 86//196
f 86//196 87//197 79//198
f 115//199 526//200 73//201
f 526//200 486//202 73//201
f 116//203 526//200 115//204
f 98//113 133//205 114//171
f 108//182 107//206 128//183
f 111//181 96//207 97//208
f 95//209 96//207 111//181
f 92//177 138//191 137//178
f 88//210 60//73 118//211
f 113//170 117//212 87//213
f 94//214 93//215 130//216
f 146//217 91//218 144//219
f 90//176 540//220 522//179
f 118//211 113//170 87//213
f 117//212 148//173 116//203
f 87//213 117//212 115//204
f 105//221 103//175 106//222
f 520//223 100//223 102//223
f 106//224 100//224 520//224
f 100//174 106//222 103//175
f 520//225 107//206 106//226
f 104//227 107//206 108//182
f 120//228 119//229 137//178
f 90//176 137//178 127//230
f 119//229 207//231 209//232
f 120//228 195//233 197//234
f 119//229 120//228 197//234
f 130//216 120//228 138//191
f 125//235 121//236 203//237
f 145//238 545//239 547//240
f 139//241 95//209 132//242
f 111//181 128//183 132//242
f 203//243 196//244 125//245
f 203//237 121//236 194//246
f 122//247 136//248 62//43
f 139//249 140//250 93//251
f 147//252 211//253 142//254
f 143//172 142//254 212//255
f 210//256 208//257 128//183
f 544//258 141//259 144//219
f 145//238 541//260 545//239
f 136//248 122//247 133//205
f 143//172 145//238 148//173
f 131//261 129//262 134//263
f 129//264 123//265 195//233
f 131//261 132//242 135//266
f 120//228 130//216 195//233
f 127//230 119//229 209//232
f 137//178 119//229 127//230
f 141//259 210//256 128//183
f 128//183 146//217 141//259
f 144//219 141//259 146//217
f 147//252 142//254 143//172
f 145//238 143//172 212//255
f 211//253 147//252 133//205
f 122//247 164//267 202//268
f 159//110 158//269 157//270
f 154//271 163//272 157//270
f 156//273 154//271 157//270
f 153//274 154//275 156//276
f 190//277 156//276 158//112
f 157//278 164//267 165//45
f 185//279 1094//280 1058//281
f 164//267 230//282 202//268
f 1063//283 1064//284 160//285
f 155//286 152//287 151//288
f 153//274 152//287 154//275
f 187//289 151//290 152//291
f 187//289 150//292 151//290
f 165//45 164//267 122//247
f 190//293 189//294 153//295
f 50//78 191//115 190//277
f 162//296 1063//283 164//267
f 1063//283 160//285 164//267
f 162//296 150//292 149//297
f 151//288 150//298 161//299
f 185//279 1058//281 150//292
f 184//300 189//294 190//293
f 172//301 191//302 1//114
f 167//303 1071//304 166//305
f 418//306 417//307 176//308
f 1093//309 1094//280 185//279
f 178//310 183//311 173//312
f 173//312 181//313 178//314
f 181//313 173//312 169//315
f 180//316 189//317 184//318
f 180//316 188//319 187//289
f 180//320 182//321 188//322
f 174//323 1085//324 167//303
f 1096//325 1089//326 188//322
f 182//321 168//327 1086//328
f 184//318 183//329 179//330
f 188//322 174//331 186//332
f 188//319 185//279 187//289
f 173//312 430//333 429//334
f 173//312 171//335 430//333
f 184//318 171//336 183//329
f 173//312 183//311 171//335
f 171//336 172//337 170//338
f 182//321 175//339 168//327
f 178//310 182//321 179//340
f 182//321 177//341 175//339
f 170//338 430//342 171//336
f 178//314 177//341 182//321
f 181//313 177//341 178//314
f 181//313 418//306 176//308
f 169//343 418//306 181//313
f 186//344 1072//345 1096//346
f 174//347 414//348 186//349
f 168//350 416//351 1086//352
f 417//353 416//351 175//354
f 1093//355 188//322 1090//356
f 177//341 176//308 175//339
f 194//246 193//357 199//358
f 232//359 221//360 724//361
f 726//362 752//363 204//364
f 206//365 234//366 229//367
f 235//368 233//369 205//370
f 205//370 739//371 212//255
f 201//372 194//246 199//358
f 200//373 199//374 198//375
f 232//359 724//361 207//231
f 196//376 200//373 195//233
f 121//236 206//365 194//246
f 208//257 210//256 204//364
f 236//377 753//378 739//371
f 122//247 235//368 211//253
f 202//268 235//368 122//247
f 192//379 224//380 232//359
f 203//237 194//246 201//372
f 197//234 223//381 192//379
f 194//246 206//365 229//367
f 192//379 232//359 207//231
f 195//233 198//375 226//382
f 197//234 195//233 226//382
f 229//367 228//383 193//357
f 198//375 228//384 227//385
f 229//367 1115//386 228//383
f 1114//387 1116//388 229//367
f 226//382 227//385 217//389
f 226//382 217//389 225//390
f 227//385 216//391 217//389
f 213//392 223//393 225//394
f 215//395 217//396 214//397
f 215//395 213//392 225//394
f 192//379 223//381 224//380
f 223//393 222//398 224//399
f 222//398 218//400 224//399
f 222//401 213//402 218//403
f 213//402 1570//404 218//403
f 219//405 218//400 742//406
f 234//366 1125//407 1114//387
f 227//385 1115//408 1106//409
f 227//385 1106//409 1112//410
f 217//396 216//411 214//397
f 214//397 216//411 1109//412
f 215//413 214//414 1109//415
f 205//370 233//369 236//377
f 753//378 236//377 1128//416
f 236//377 1124//417 1128//416
f 221//418 219//405 220//419
f 220//419 742//406 743//420
f 230//282 1122//421 233//369
f 289//422 244//423 294//424
f 278//49 279//425 19//42
f 279//41 263//426 10//7
f 286//427 284//428 241//429
f 295//430 291//431 271//432
f 276//433 295//430 271//432
f 280//434 15//53 296//56
f 246//435 247//436 348//437
f 237//438 244//423 245//439
f 237//440 242//441 244//423
f 328//442 237//438 241//429
f 238//443 250//444 240//445
f 326//446 256//447 239//448
f 15//27 270//449 292//28
f 292//450 269//23 293//22
f 272//451 270//449 15//27
f 271//432 291//431 264//452
f 288//62 287//64 285//453
f 285//454 283//59 282//455
f 286//427 288//67 284//428
f 288//62 285//453 284//456
f 285//454 282//455 281//457
f 285//453 281//458 284//456
f 241//429 288//67 286//427
f 262//459 267//3 10//7
f 267//3 428//460 290//461
f 287//61 283//59 285//462
f 25//68 288//67 241//429
f 282//455 351//463 281//457
f 322//464 246//465 347//466
f 250//467 248//468 249//469
f 254//470 249//471 253//472
f 253//472 251//473 255//474
f 289//475 25//68 245//476
f 324//477 1299//478 256//447
f 257//479 239//480 267//3
f 280//481 295//482 276//433
f 240//483 258//484 261//485
f 250//486 252//487 259//488
f 258//489 259//490 261//491
f 252//487 254//492 259//488
f 239//448 256//447 267//493
f 257//479 267//3 262//459
f 262//494 248//495 257//496
f 280//481 275//497 273//498
f 280//499 261//485 268//500
f 265//501 259//488 254//492
f 259//488 265//501 264//502
f 254//503 253//504 263//505
f 277//506 266//507 265//508
f 242//441 279//425 278//49
f 266//507 264//509 265//508
f 275//497 277//506 274//510
f 428//460 432//511 290//461
f 261//491 260//512 268//500
f 275//497 240//513 273//498
f 279//425 243//514 274//515
f 275//497 274//516 240//513
f 272//451 268//500 270//449
f 271//517 264//509 266//507
f 260//512 269//23 270//449
f 260//512 264//502 269//23
f 299//518 307//519 309//520
f 307//519 299//518 447//521
f 298//522 306//523 445//524
f 307//525 447//526 446//527
f 309//528 307//529 446//530
f 312//531 311//532 302//533
f 302//534 311//535 406//536
f 312//531 308//537 311//532
f 314//538 298//522 406//536
f 325//539 324//540 326//541
f 304//542 305//543 303//544
f 318//545 325//539 323//546
f 397//547 450//548 444//549
f 319//550 318//551 323//552
f 298//522 441//553 458//554
f 314//538 308//555 298//522
f 304//556 309//520 315//557
f 311//558 308//558 314//558
f 319//559 329//560 328//442
f 304//542 315//561 316//562
f 322//563 321//564 330//565
f 330//565 321//564 328//442
f 362//566 320//567 322//563
f 362//566 322//563 384//568
f 443//569 298//522 445//524
f 315//557 309//520 317//570
f 309//528 310//571 317//572
f 318//545 317//572 310//571
f 319//550 315//557 318//551
f 300//573 405//574 303//544
f 313//575 312//576 301//577
f 411//578 369//579 313//580
f 362//566 300//573 320//567
f 300//573 305//543 320//567
f 305//543 316//562 321//564
f 298//522 458//554 406//536
f 299//581 303//544 397//547
f 397//547 303//544 405//574
f 349//582 334//583 332//584
f 351//585 75//58 338//144
f 335//586 349//582 332//584
f 818//587 349//588 335//589
f 338//144 335//589 339//590
f 246//435 346//591 347//592
f 346//593 344//593 345//593
f 344//594 350//595 342//596
f 351//585 350//595 348//597
f 351//585 348//597 247//598
f 351//585 343//599 350//595
f 805//600 333//601 332//602
f 805//600 858//603 333//601
f 332//602 334//604 805//600
f 381//605 336//606 337//607
f 381//605 385//608 336//606
f 336//609 339//590 337//610
f 339//590 331//611 337//610
f 338//144 339//590 336//609
f 339//590 335//612 331//611
f 338//144 818//587 335//589
f 350//595 343//599 342//596
f 341//613 344//614 342//615
f 341//613 347//592 344//614
f 322//464 347//466 341//616
f 385//608 340//617 336//606
f 385//608 341//613 340//617
f 340//618 338//144 336//609
f 342//596 343//599 340//618
f 343//599 338//144 340//618
f 322//464 382//619 384//568
f 361//620 857//621 366//622
f 379//623 378//624 377//625
f 379//626 367//627 412//628
f 373//629 374//629 367//629
f 378//630 412//628 368//631
f 361//620 356//632 358//633
f 409//634 371//635 370//636
f 410//637 459//638 371//639
f 411//578 409//634 369//579
f 368//631 410//640 355//641
f 412//628 410//640 368//631
f 398//642 400//643 372//644
f 377//645 359//646 373//647
f 364//648 359//646 377//645
f 368//649 355//650 364//648
f 857//621 361//620 380//651
f 385//652 382//619 341//616
f 375//653 845//654 855//655
f 381//656 858//657 857//621
f 383//658 382//619 365//659
f 373//647 359//646 360//660
f 367//627 372//644 400//643
f 372//644 843//661 398//642
f 374//662 372//644 367//627
f 355//663 408//664 364//648
f 372//665 375//665 376//665
f 376//666 375//666 854//666
f 408//664 353//667 359//646
f 409//634 402//668 408//664
f 369//579 370//669 1451//670
f 312//671 1451//670 308//672
f 395//673 455//674 393//675
f 354//676 401//677 405//574
f 354//676 405//574 300//573
f 409//634 406//536 402//668
f 392//678 386//679 352//680
f 352//680 386//679 391//681
f 396//682 457//683 456//684
f 389//685 387//686 388//687
f 391//681 386//679 387//686
f 390//688 393//675 1021//689
f 386//679 448//690 387//686
f 411//691 301//577 409//634
f 354//676 352//680 401//677
f 401//677 391//681 389//685
f 398//642 394//692 400//643
f 389//685 388//687 397//547
f 402//668 406//536 395//673
f 400//643 404//693 412//628
f 404//693 394//692 457//683
f 404//693 396//682 403//694
f 398//642 866//695 394//692
f 353//667 408//664 399//696
f 353//667 399//696 870//697
f 1299//698 446//530 1373//699
f 1320//700 419//701 426//702
f 427//703 1320//700 426//702
f 428//704 1320//700 427//703
f 290//705 430//706 170//707
f 432//708 430//706 290//705
f 425//709 415//710 418//306
f 424//711 415//710 425//709
f 425//712 419//701 424//713
f 431//714 426//702 419//701
f 431//714 419//701 425//712
f 427//715 426//716 432//511
f 431//717 429//334 426//718
f 432//511 426//716 429//719
f 267//720 1320//700 428//704
f 424//713 419//701 421//721
f 419//701 423//722 421//721
f 421//723 415//710 424//711
f 423//722 420//724 422//725
f 413//726 1321//727 420//728
f 433//40 290//39 170//729
f 415//730 416//731 417//732
f 1321//727 1315//733 416//731
f 416//731 1315//733 1318//734
f 166//305 1323//735 414//736
f 1323//737 1070//738 414//739
f 413//726 1320//700 1419//740
f 438//741 435//742 1343//743
f 447//526 1451//670 1455//744
f 439//745 1333//746 436//747
f 1333//746 1331//748 434//749
f 435//742 1332//750 1343//743
f 440//751 442//752 443//753
f 440//751 435//754 442//752
f 436//755 437//756 440//757
f 440//758 450//548 439//745
f 456//759 453//759 396//759
f 449//760 464//761 1337//762
f 457//683 469//763 454//764
f 457//683 453//765 456//684
f 453//766 452//767 468//768
f 1337//762 1029//769 1021//689
f 454//770 468//770 452//770
f 454//764 452//771 453//765
f 1354//772 466//773 469//763
f 469//763 466//773 454//764
f 1334//774 1349//775 461//776
f 464//761 1335//777 1337//762
f 461//776 1349//775 462//778
f 462//778 1336//779 463//780
f 410//637 1565//781 459//638
f 1338//782 1335//777 465//783
f 1337//762 1814//784 1029//769
f 460//785 1808//786 1334//774
f 1354//772 1342//787 466//773
f 469//763 1809//788 1339//789
f 469//763 1339//789 1354//772
f 454//764 1341//790 468//791
f 509//792 473//793 526//200
f 472//794 480//795 825//796
f 484//797 507//798 500//799
f 484//797 500//799 485//800
f 500//801 2221//802 485//803
f 505//804 501//805 502//806
f 496//807 494//808 499//809
f 500//801 502//806 2221//802
f 483//810 631//811 715//812
f 496//813 718//814 498//815
f 499//816 493//817 709//818
f 497//819 709//820 721//821
f 719//822 720//823 496//824
f 718//825 717//826 494//827
f 494//828 716//829 493//830
f 479//831 715//812 714//832
f 73//152 486//202 70//150
f 486//202 490//833 492//834
f 492//835 490//836 491//148
f 490//836 478//837 491//148
f 490//836 489//838 478//837
f 488//839 487//840 489//841
f 488//839 474//842 487//840
f 478//837 489//838 487//843
f 487//840 474//842 477//844
f 488//839 486//202 473//793
f 488//839 473//793 474//842
f 484//797 485//800 693//845
f 470//846 631//811 483//810
f 470//846 715//812 479//831
f 470//847 482//848 630//849
f 482//848 479//850 480//795
f 482//851 481//852 626//853
f 480//854 481//854 482//854
f 626//855 480//856 472//857
f 835//858 623//859 624//860
f 473//861 801//862 802//863
f 475//864 839//864 838//864
f 476//865 475//866 471//867
f 477//868 475//866 476//865
f 491//146 478//869 338//144
f 479//850 714//870 713//871
f 588//872 528//873 512//874
f 527//875 99//875 101//875
f 526//200 116//203 525//876
f 514//877 539//878 504//879
f 508//880 514//877 507//881
f 592//882 581//883 587//884
f 530//885 592//882 587//884
f 503//886 584//887 512//874
f 511//888 504//889 506//890
f 506//891 583//892 501//805
f 517//893 513//894 524//895
f 516//896 517//896 518//896
f 517//893 524//895 503//886
f 530//885 547//240 529//897
f 532//898 531//899 521//900
f 519//901 522//179 540//220
f 524//895 510//902 503//886
f 524//895 508//903 510//902
f 523//904 587//884 581//883
f 533//905 565//906 710//907
f 504//879 539//878 605//908
f 588//872 543//909 528//873
f 209//232 725//910 732//911
f 729//912 542//913 731//914
f 536//915 722//915 537//915
f 588//872 615//916 543//909
f 209//232 732//911 538//917
f 533//918 710//919 760//920
f 543//909 615//916 613//921
f 612//922 732//911 730//923
f 725//910 728//924 732//911
f 613//921 534//925 731//914
f 618//926 737//927 776//928
f 542//913 613//921 731//914
f 528//873 543//909 546//929
f 546//929 543//909 542//913
f 548//930 618//926 535//931
f 535//931 545//239 548//930
f 541//260 548//930 545//239
f 542//913 544//258 144//219
f 542//913 729//912 544//258
f 523//904 581//883 586//932
f 577//933 2073//934 2078//935
f 585//936 584//937 586//938
f 2077//939 578//939 2075//939
f 2099//940 2068//941 577//942
f 2068//941 2076//943 576//944
f 605//908 603//945 575//946
f 574//947 588//872 591//948
f 573//949 604//950 602//951
f 2073//934 592//882 580//952
f 589//953 2161//954 2074//955
f 549//956 619//957 590//958
f 501//805 583//892 2126//959
f 565//960 639//961 572//962
f 558//963 564//964 636//965
f 637//966 564//967 633//968
f 2013//969 563//970 639//971
f 570//972 560//973 561//974
f 570//975 708//976 557//977
f 557//978 596//979 598//980
f 569//981 561//974 702//982
f 590//958 619//957 589//953
f 554//983 706//984 567//985
f 554//986 595//987 553//988
f 2066//989 551//990 566//991
f 566//991 2020//992 2066//989
f 2161//954 589//953 611//993
f 581//883 592//882 2073//934
f 584//887 582//994 512//874
f 583//892 575//946 2075//995
f 572//996 563//997 565//998
f 700//999 600//1000 563//1001
f 2075//995 575//946 604//950
f 577//942 576//944 584//937
f 571//1002 757//1003 560//1004
f 559//1005 757//1003 600//1006
f 559//1007 702//1008 561//1009
f 557//1010 697//1011 596//1012
f 568//1013 555//1014 597//1015
f 555//1016 695//1017 552//1018
f 576//944 579//1019 582//994
f 697//1020 553//1021 596//1022
f 577//933 581//883 2073//934
f 582//994 579//1019 574//947
f 2064//1023 555//1014 552//1024
f 550//1025 552//1024 551//1026
f 599//1027 533//918 760//920
f 756//1028 757//1029 571//1030
f 597//1031 594//1032 755//1033
f 596//979 553//988 756//1028
f 600//1006 757//1003 563//997
f 755//1034 594//1035 593//1036
f 615//916 609//1037 613//921
f 612//922 608//1038 603//945
f 610//1039 615//916 588//872
f 609//1037 607//1040 774//1041
f 619//957 616//1042 611//993
f 612//922 603//945 605//908
f 610//1039 609//1037 615//916
f 603//945 608//1038 601//1043
f 601//1043 608//1038 606//1044
f 616//1042 772//1045 771//1046
f 602//951 603//945 601//1043
f 617//1047 775//1048 616//1042
f 611//993 616//1042 2052//1049
f 2052//1049 616//1042 771//1046
f 619//957 535//931 617//1047
f 730//923 767//1050 608//1038
f 608//1038 767//1050 606//1044
f 638//1051 599//1052 760//1053
f 621//1054 902//1055 903//1056
f 904//1057 621//1054 903//1056
f 599//1058 638//1059 639//961
f 637//1060 633//1061 634//1062
f 633//1061 701//1063 634//1062
f 638//1064 631//1065 703//1066
f 569//1067 635//1068 570//975
f 936//1069 677//1070 626//1071
f 634//1072 701//1073 558//1074
f 628//1075 627//1076 622//1077
f 692//1078 630//1079 691//1080
f 470//1081 630//1079 692//1078
f 1995//1082 631//1065 470//1081
f 470//1081 692//1078 1995//1082
f 625//1083 628//1084 622//1085
f 633//1086 700//999 701//1087
f 696//1088 1999//1089 694//1090
f 1999//1089 2005//1091 694//1090
f 702//1092 1999//1093 697//1020
f 1991//1094 2013//1095 703//1096
f 703//1066 1995//1082 1991//1097
f 644//1098 647//1099 641//1100
f 649//1101 652//1102 644//1103
f 672//1104 981//1105 979//1106
f 704//1107 695//1108 2020//1109
f 502//806 2213//1110 2221//802
f 704//1111 566//1112 695//1113
f 2221//802 1998//1114 693//1115
f 625//1083 685//1116 628//1084
f 685//1117 688//1118 650//1119
f 705//1120 696//1121 694//1122
f 705//1120 694//1122 698//1123
f 707//1124 705//1120 698//1123
f 698//1125 694//1126 706//1127
f 698//1128 706//1128 707//1128
f 705//1129 707//1130 554//983
f 692//1131 680//1132 679//1133
f 689//1134 690//1135 683//1136
f 690//1137 682//1138 683//1139
f 678//1140 677//1141 682//1142
f 689//1134 683//1136 1990//1143
f 687//1144 686//1145 675//1146
f 687//1147 665//1148 681//1149
f 687//1150 681//1151 686//1152
f 663//1153 676//1154 651//1155
f 688//1118 669//1156 650//1119
f 686//1145 663//1153 675//1146
f 1990//1143 683//1136 1994//1157
f 683//1158 682//1159 1994//1160
f 682//1159 1969//1161 1970//1162
f 681//1151 1992//1163 676//1164
f 1993//1165 681//1166 665//1167
f 668//1168 1997//1169 657//1170
f 635//1171 697//1172 708//1173
f 648//1174 647//1175 649//1176
f 670//1177 646//1178 653//1179
f 647//1180 654//1181 646//1182
f 655//1183 647//1183 656//1183
f 654//1181 653//1184 646//1182
f 660//1185 654//1186 655//1187
f 655//1188 662//1189 660//1190
f 661//1191 659//1192 660//1193
f 661//1194 658//1195 653//1196
f 661//1194 664//1197 658//1195
f 662//1198 665//1167 661//1194
f 955//1199 666//1200 977//1201
f 978//1202 666//1203 667//1204
f 953//1205 668//1206 949//1207
f 670//1208 671//1209 976//1210
f 672//1211 978//1202 667//1204
f 670//1177 653//1179 671//1212
f 671//1212 653//1179 658//1213
f 677//1141 678//1140 679//1214
f 677//1215 1969//1161 682//1159
f 674//1216 666//1200 955//1199
f 671//1212 658//1213 663//1217
f 665//1218 675//1219 664//1220
f 685//1221 673//1222 674//1223
f 650//1224 953//1225 954//1226
f 671//1209 964//1227 976//1210
f 649//1101 644//1103 643//1228
f 649//1229 642//1230 648//1231
f 974//1232 646//1233 640//1234
f 670//1235 976//1236 640//1237
f 949//1207 645//1238 942//1239
f 936//1069 964//1227 651//1155
f 722//1240 719//1241 721//1242
f 709//1243 760//1244 721//1245
f 536//1246 714//1247 720//1248
f 536//1246 711//1249 712//1250
f 712//1250 714//1247 536//1246
f 715//1251 716//1252 717//1253
f 716//1252 759//1254 709//1243
f 1017//1255 713//1256 712//1250
f 712//1250 711//1249 1017//1255
f 536//1246 764//1257 744//1258
f 536//1259 723//1260 764//1261
f 728//924 747//1262 727//1263
f 791//1264 749//1265 735//1266
f 209//232 207//231 725//910
f 731//914 738//1267 729//912
f 764//1257 710//1268 761//1269
f 723//1270 721//1242 764//1271
f 537//1272 722//1272 723//1272
f 737//927 736//1273 733//1274
f 776//928 737//927 733//1274
f 735//1266 734//1275 738//1267
f 739//371 736//1273 737//927
f 725//910 207//231 724//361
f 729//912 726//362 210//256
f 212//255 739//371 737//927
f 534//925 738//1267 731//914
f 774//1041 735//1266 534//925
f 1573//1276 1574//1277 745//1278
f 741//1279 1575//1280 746//1281
f 743//1282 1573//1276 745//1278
f 745//1278 1574//1277 740//1283
f 747//1262 745//1278 740//1283
f 753//378 1128//416 1579//1284
f 750//1285 1578//1286 1580//1287
f 752//363 1580//1287 1123//1288
f 1570//404 1568//1289 741//1279
f 748//1290 747//1262 740//1283
f 1599//1291 1791//1292 744//1293
f 787//1294 1579//1284 1617//1295
f 740//1283 780//1296 748//1290
f 752//363 750//1285 1580//1287
f 739//371 753//378 736//1273
f 736//1273 751//1297 787//1294
f 769//1298 733//1274 787//1294
f 2266//1299 768//1300 770//1301
f 709//1243 759//1254 760//1244
f 757//1003 762//1302 758//1303
f 772//1045 789//1304 771//1046
f 769//1298 792//1305 772//1045
f 775//1048 769//1298 772//1045
f 792//1305 786//1306 789//1304
f 767//1050 766//1307 765//1308
f 766//1307 780//1296 765//1308
f 776//928 769//1298 775//1048
f 776//928 775//1048 618//926
f 765//1308 779//1309 2263//1310
f 768//1300 2272//1311 782//1312
f 766//1307 748//1290 780//1296
f 767//1050 727//1263 766//1307
f 1599//1313 744//1258 764//1257
f 761//1269 758//1303 764//1257
f 758//1303 763//1314 1599//1313
f 2261//1315 1599//1313 763//1314
f 788//1316 1609//1317 1616//1318
f 787//1294 1617//1295 1615//1319
f 2270//1320 783//1321 1611//1322
f 788//1316 782//1312 1612//1323
f 788//1316 768//1300 782//1312
f 786//1306 783//1321 789//1304
f 790//1324 784//1325 786//1306
f 778//1326 777//1327 2268//1328
f 779//1309 780//1296 778//1326
f 780//1296 740//1283 785//1329
f 779//1309 778//1326 2268//1328
f 790//1324 787//1294 1615//1319
f 781//1330 782//1312 2272//1311
f 789//1304 783//1321 2273//1331
f 791//1264 773//1332 788//1316
f 792//1305 790//1324 786//1306
f 787//1294 790//1324 769//1298
f 793//1333 889//1333 881//1333
f 803//1334 859//1335 860//1336
f 805//1337 860//1336 858//657
f 802//863 1001//1338 859//1339
f 1012//1340 1011//1341 806//1342
f 834//1343 833//1344 832//1345
f 829//1346 828//1347 833//1348
f 832//1345 833//1344 820//1349
f 831//1350 832//1345 820//1349
f 830//1351 802//1352 816//1353
f 830//1354 816//1354 828//1354
f 693//845 827//1355 815//1356
f 815//1356 827//1355 963//1357
f 1009//1358 1015//1359 808//1360
f 813//1361 1015//1362 1016//1363
f 806//1364 1013//1365 810//1366
f 807//1367 1010//1368 1012//1340
f 810//1366 1009//1358 808//1360
f 811//1369 1014//1370 1010//1371
f 812//1372 813//1373 1014//1374
f 808//1375 1015//1362 813//1361
f 811//1376 807//1367 806//1342
f 794//1377 920//1378 912//1379
f 806//1380 810//1381 813//1382
f 812//1383 806//1380 813//1382
f 813//1384 810//1384 808//1384
f 912//1385 799//1386 2480//1387
f 799//1388 912//1379 800//1389
f 826//1390 795//1391 823//1392
f 480//795 822//1393 823//1394
f 799//1388 800//1389 2630//1395
f 794//1396 912//1385 2480//1387
f 801//862 794//1396 2480//1387
f 963//1397 928//1398 794//1377
f 815//1356 963//1357 794//1396
f 804//1399 817//1400 803//1401
f 817//1400 819//1402 803//1401
f 820//1403 816//1404 819//1402
f 831//1350 820//1349 819//1405
f 334//604 821//1406 804//1399
f 349//582 818//1407 821//1408
f 480//795 823//1394 825//796
f 1007//1409 1041//1410 889//1411
f 825//1412 901//1413 472//1414
f 838//1415 830//1351 829//1346
f 823//1394 822//1393 1019//1416
f 825//1417 823//1418 824//1419
f 795//1391 824//1420 823//1392
f 834//1343 838//1421 829//1422
f 797//1423 1040//1423 798//1423
f 857//621 858//657 860//1336
f 989//1424 982//1425 864//1426
f 845//654 853//1427 855//655
f 852//1428 843//661 854//1429
f 854//1430 853//1431 852//1428
f 849//1432 994//1433 852//1428
f 853//1427 845//654 851//1434
f 841//1435 991//1436 996//1437
f 993//1438 994//1433 846//1439
f 841//1435 847//1440 848//1441
f 847//1442 997//1443 846//1439
f 999//1444 985//1445 986//1446
f 986//1446 844//1447 999//1444
f 847//1448 846//1448 848//1448
f 986//1446 2610//1449 989//1424
f 844//1447 986//1446 366//622
f 859//1335 1000//1450 856//1451
f 2480//1452 799//1453 2630//1454
f 851//1434 841//1435 850//1455
f 841//1435 848//1441 850//1456
f 848//1457 846//1458 850//1459
f 987//1460 845//654 357//1461
f 357//1461 842//1462 987//1460
f 844//1447 366//622 857//621
f 857//621 860//1336 856//1451
f 851//1463 852//1428 853//1431
f 392//678 864//1426 386//679
f 983//1464 868//1465 1006//1466
f 1005//1467 865//1468 867//1469
f 861//1470 1006//1466 868//1465
f 1003//1471 863//1472 864//1426
f 863//1472 862//1473 1023//1474
f 862//1473 863//1472 1025//1475
f 863//1472 1003//1471 1025//1475
f 1025//1475 1023//1474 862//1473
f 868//1465 1021//689 1024//1476
f 874//1477 1037//1478 1043//1479
f 872//1480 2304//1481 911//1482
f 908//1483 909//1484 2304//1485
f 1036//1486 2304//1487 871//1488
f 881//1489 1008//1490 793//1491
f 878//1492 872//1480 911//1482
f 880//1493 874//1477 1043//1479
f 876//1494 1041//1495 1037//1496
f 1043//1497 872//1498 877//1499
f 877//1499 872//1498 879//1500
f 873//1501 908//1483 2304//1485
f 876//1494 1037//1496 875//1502
f 907//1503 906//1504 963//1397
f 961//1505 962//1506 906//1504
f 963//1397 906//1504 2379//1507
f 963//1397 2350//1508 928//1398
f 627//1509 955//1510 902//1055
f 901//1413 933//1511 936//1069
f 882//1512 875//1502 1037//1496
f 874//1513 882//1512 1037//1496
f 885//1514 876//1515 884//1516
f 928//1398 2350//1508 794//1377
f 2350//1508 920//1378 794//1377
f 899//1517 900//1518 898//1519
f 899//1517 898//1519 881//1520
f 875//1521 890//1522 891//1523
f 894//1524 896//1525 897//1526
f 958//1527 959//1528 905//1529
f 898//1519 958//1527 826//1530
f 898//1519 927//1531 958//1527
f 904//1532 960//1533 961//1534
f 959//1535 937//1536 905//1537
f 899//1517 886//1538 900//1518
f 937//1539 933//1540 901//1541
f 892//1542 884//1543 894//1544
f 894//1544 884//1543 888//1545
f 900//1518 921//1546 898//1519
f 896//1547 892//1548 897//1549
f 896//1550 887//1551 891//1552
f 888//1545 884//1543 876//1553
f 620//1554 904//1555 907//1503
f 894//1524 887//1556 896//1525
f 883//1557 880//1558 895//1559
f 887//1551 875//1560 891//1552
f 890//1561 882//1562 883//1563
f 891//1564 917//1565 918//1566
f 888//1567 875//1502 887//1568
f 889//1569 885//1570 886//1571
f 888//1567 876//1494 875//1502
f 893//1572 884//1516 892//1573
f 885//1514 884//1516 893//1572
f 624//860 620//1554 907//1503
f 892//1573 891//1574 893//1572
f 874//1513 883//1575 882//1512
f 915//1576 873//1577 910//1578
f 921//1546 910//1579 2344//1580
f 921//1546 2344//1580 2348//1581
f 923//1582 909//1583 908//1584
f 914//1585 917//1586 925//1587
f 923//1582 908//1584 913//1588
f 923//1589 913//1590 926//1591
f 926//1592 916//1593 922//1594
f 926//1595 924//1596 923//1597
f 910//1578 873//1577 2317//1598
f 2348//1599 2374//1600 929//1601
f 938//1602 2348//1602 929//1602
f 921//1546 2348//1581 938//1603
f 947//1604 938//1605 930//1606
f 2326//1607 2319//1608 912//1379
f 940//1609 2383//1610 939//1611
f 2386//1612 940//1609 939//1611
f 931//1613 932//1614 943//1615
f 943//1615 927//1616 944//1617
f 944//1618 921//1546 938//1603
f 944//1619 946//1620 931//1621
f 938//1603 947//1622 944//1618
f 944//1618 947//1622 946//1623
f 981//1105 954//1624 957//1625
f 980//1626 657//1627 2403//1628
f 947//1629 945//1630 946//1631
f 2382//1632 934//1633 2380//1634
f 948//1635 2382//1632 2383//1636
f 935//1637 2382//1632 948//1635
f 948//1638 966//1639 935//1640
f 952//1641 951//1642 957//1643
f 953//1205 949//1207 950//1644
f 954//1226 953//1225 950//1645
f 943//1615 932//1614 958//1646
f 927//1647 943//1647 958//1647
f 932//1648 937//1649 959//1650
f 960//1651 955//1652 951//1653
f 880//1654 877//1499 914//1655
f 917//1656 879//1657 916//1658
f 908//1659 873//1659 915//1659
f 920//1378 2350//1508 2326//1607
f 2317//1660 2323//1661 910//1579
f 932//1662 933//1663 937//1664
f 933//1663 931//1665 945//1666
f 2403//1667 2379//1507 962//1506
f 929//1668 2380//1669 930//1670
f 967//1671 941//1672 940//1673
f 968//1674 965//1675 941//1672
f 968//1674 941//1672 967//1671
f 967//1676 969//1676 968//1676
f 972//1677 967//1678 970//1679
f 2386//1680 970//1680 967//1680
f 974//1681 971//1681 975//1681
f 974//1232 965//1675 968//1674
f 974//1232 640//1234 965//1675
f 643//1682 644//1683 641//1684
f 2401//1685 642//1685 974//1685
f 981//1686 955//1687 977//1688
f 966//1689 964//1227 936//1069
f 950//1690 949//1691 2403//1692
f 981//1693 977//1694 978//1202
f 964//1695 966//1696 965//1697
f 981//1693 978//1202 979//1698
f 952//1699 957//1625 950//1700
f 2481//1701 1001//1702 2483//1703
f 856//1451 1000//1450 2481//1704
f 991//1436 992//1705 995//1706
f 992//1707 2478//1708 995//1709
f 2476//1710 2467//1711 993//1438
f 998//1712 993//1438 997//1443
f 996//1713 998//1712 997//1443
f 998//1714 991//1436 995//1706
f 2483//1703 2482//1715 2481//1701
f 992//1705 2474//1716 990//1717
f 2478//1708 2476//1710 993//1438
f 991//1436 2474//1716 992//1705
f 2474//1716 2477//1718 990//1717
f 2477//1719 2478//1708 990//1720
f 2467//1711 2488//1721 1005//1467
f 856//1451 2481//1704 2479//1722
f 2479//1722 2475//1723 999//1444
f 988//1724 2469//1725 2471//1726
f 2479//1722 999//1444 856//1451
f 987//1460 984//1727 2469//1725
f 982//1425 2466//1728 1003//1471
f 988//1724 987//1460 2469//1725
f 2469//1725 984//1727 2611//1729
f 2468//1730 2610//1449 985//1445
f 861//1470 1032//1731 2485//1732
f 1003//1471 1002//1733 1025//1475
f 1006//1466 861//1470 2485//1732
f 2486//1734 1002//1733 1003//1471
f 2484//1735 2635//1736 1034//1737
f 1004//1738 2484//1735 1034//1737
f 2489//1739 983//1464 1006//1466
f 2488//1721 1004//1738 1005//1467
f 1004//1738 865//1468 1005//1467
f 797//1740 1806//1741 1035//1742
f 1019//1743 1016//1744 1018//1745
f 1018//1745 1015//1746 1045//1747
f 1019//1743 1014//1748 1016//1744
f 1010//1371 1014//1370 1019//1749
f 1012//1750 1007//1751 1011//1752
f 796//1753 1007//1753 1010//1753
f 1026//1754 1031//1755 451//1756
f 1024//1476 1028//1757 1032//1731
f 1026//1754 1033//1758 1031//1755
f 861//1470 1024//1476 1032//1731
f 1020//1759 1027//1760 1023//1474
f 1021//689 1029//769 1028//1757
f 2667//1761 1027//1760 1020//1759
f 1027//1760 1808//786 1030//1762
f 1027//1760 1807//1763 1808//786
f 871//1488 872//1764 1043//1765
f 1034//1737 2669//1766 1033//1758
f 1008//1767 1045//1747 1009//1768
f 1038//1769 1039//1770 1041//1771
f 1040//1772 1035//1742 3722//1773
f 1032//1731 2654//1774 2485//1732
f 1002//1733 2653//1775 1020//1759
f 1043//1765 1037//1776 871//1488
f 1039//1770 1036//1486 1037//1776
f 1039//1770 2491//1777 1036//1486
f 1036//1486 871//1488 1037//1776
f 1046//1778 3613//1779 2677//1780
f 2667//1761 3612//1781 1818//1782
f 1027//1760 1818//1782 1807//1763
f 1059//1783 1051//1784 1208//1785
f 1054//1786 1088//1787 1049//1788
f 1059//1783 1208//1785 1251//1789
f 1054//1790 1049//1791 1055//1792
f 1055//1792 1049//1791 1052//1793
f 1053//1794 1051//1784 1059//1783
f 1057//1795 1062//1796 1061//1797
f 1121//1798 1060//1799 1059//1783
f 1207//1800 1208//1785 1051//1784
f 1063//283 1062//1801 1064//284
f 149//297 1058//281 1061//1797
f 1126//1802 1064//284 1121//1798
f 1056//1803 1055//1804 1053//1805
f 1088//1787 1087//1806 1049//1788
f 1200//1807 1188//1808 1199//1809
f 1091//1810 1089//326 1092//1811
f 1082//1812 1079//1813 1089//326
f 1073//1814 1300//1815 1188//1808
f 1084//1816 1080//1817 1082//1812
f 1076//1818 1074//1819 1075//1820
f 1078//1821 1074//1822 1076//1823
f 1075//1824 1073//1814 1200//1807
f 1076//1818 1075//1820 1087//1806
f 1068//1825 1066//1826 1074//1822
f 1079//1813 1080//1817 1076//1823
f 1096//1827 1070//1828 1095//1829
f 1319//1830 1082//1831 1318//1832
f 1083//1833 1081//1834 1084//1816
f 1081//1834 1080//1817 1084//1816
f 1094//280 1089//1835 1088//1787
f 1307//1836 1303//1837 1068//1825
f 1070//1838 1069//1839 1092//1840
f 1089//1835 1079//1841 1087//1806
f 416//1842 1318//1843 1086//1844
f 1317//1845 1314//1846 1083//1833
f 174//331 1082//1812 1091//1810
f 1314//1846 1067//1847 1077//1848
f 1314//1846 1077//1848 1083//1833
f 1138//1849 1142//1850 1104//1851
f 1106//409 1113//1852 1112//410
f 1112//1853 1111//1854 1109//412
f 1114//387 1108//1855 1116//388
f 1124//417 1598//1856 1128//416
f 1115//386 1108//1855 1097//1857
f 1113//1852 1106//409 1110//1858
f 1113//1859 1110//1860 1111//1854
f 1110//1860 1105//1861 1111//1854
f 1111//1862 1105//1863 1109//415
f 1110//1860 1102//1864 1105//1861
f 1110//1860 1103//1865 1102//1864
f 1106//409 1135//1866 1110//1858
f 1107//1867 1103//1868 1110//1858
f 1567//1869 1098//1870 1099//1871
f 1100//1872 1567//1873 1099//1871
f 1117//1874 1099//1871 1098//1870
f 1117//1874 1100//1872 1099//1871
f 1587//1875 1569//1876 1100//1872
f 1567//1877 1101//1878 1098//1879
f 1123//1288 1596//1880 1118//1881
f 1104//1882 1101//1883 1103//1865
f 1101//1883 1104//1882 1098//1870
f 1103//1868 1138//1849 1104//1851
f 1097//1884 1137//1885 1106//409
f 1125//407 1108//1855 1114//387
f 1586//1886 1142//1850 1665//1887
f 1143//1888 1132//1889 1258//1890
f 1144//1891 1257//1892 1594//1893
f 1141//1894 1664//1895 1259//1896
f 1593//1897 1141//1894 1596//1880
f 1117//1898 1104//1851 1142//1850
f 1132//1889 1251//1789 1258//1890
f 1142//1850 1246//1899 1241//1900
f 1241//1900 1665//1887 1142//1850
f 1135//1866 1134//1901 1245//1902
f 1097//1857 1139//1903 1140//1904
f 1139//1903 1131//1905 1140//1904
f 1594//1893 1257//1892 1590//1906
f 1134//1901 1130//1907 1129//1908
f 1131//1905 1253//1909 1130//1910
f 1131//1905 1130//1910 1136//1911
f 1137//1912 1131//1905 1136//1911
f 1121//1798 1059//1783 1132//1889
f 1146//1913 1209//1914 1172//1915
f 1172//1915 1209//1914 1174//1916
f 1174//1917 1229//1918 1210//1919
f 1412//1920 1146//1921 1172//1922
f 1148//1923 1379//1924 1175//1925
f 1147//1926 1379//1924 1148//1923
f 1175//1927 1379//1928 1412//1929
f 1149//1930 1413//1931 1151//1932
f 1150//1933 1149//1934 1151//1935
f 1151//1936 1413//1936 1155//1936
f 1151//1937 1155//1938 1152//1939
f 1413//1931 1154//1940 1155//1941
f 1176//1942 1148//1923 1190//1943
f 1414//1944 1156//1944 1393//1944
f 1415//1945 1156//1946 1152//1947
f 1153//1948 1152//1947 1156//1946
f 1206//1949 1203//1950 1207//1951
f 1207//1951 1205//1952 1206//1949
f 1155//1953 1178//1954 1179//1955
f 1154//1940 1148//1956 1177//1957
f 1182//1958 1178//1959 1177//1960
f 1177//1957 1148//1956 1176//1961
f 1182//1958 1177//1960 1189//1962
f 1180//1963 1158//1964 1179//1965
f 1159//1966 1158//1964 1160//1967
f 1165//1968 1183//1969 1162//1970
f 1183//1969 1184//1971 1162//1970
f 1185//1972 1163//1973 1184//1974
f 1184//1975 1186//1976 1187//1977
f 1187//1977 1185//1978 1184//1975
f 1187//1979 1166//1980 1185//1981
f 1166//1982 1187//1983 1188//1808
f 1171//1984 1180//1963 1181//1985
f 1186//1976 1165//1986 1181//1987
f 1415//1988 1158//1964 1159//1966
f 1152//1939 1155//1938 1158//1989
f 1166//1982 1149//1934 1150//1933
f 1203//1990 1202//1991 1204//1992
f 1202//1991 1265//1993 1204//1992
f 1167//1994 1150//1994 1168//1994
f 1169//1995 1168//1996 1153//1997
f 1195//1998 1186//1999 1189//2000
f 1201//2001 1190//2002 1202//1991
f 1199//1809 1188//1808 1195//1998
f 1176//1942 1191//2003 1192//2004
f 1192//2005 1191//2006 1201//2001
f 1194//2007 1176//1961 1192//2005
f 1194//2007 1192//2005 1193//2008
f 1197//2009 1189//1962 1196//2010
f 1194//2011 1193//2012 1196//2010
f 1188//1808 1300//1815 1421//2013
f 1421//2014 1166//1982 1188//1808
f 1202//1991 1190//2002 1265//1993
f 1251//1789 1204//1992 1297//2015
f 1170//2016 1156//1946 1414//2017
f 1153//1948 1156//1946 1170//2016
f 1417//2018 1166//1982 1421//2014
f 1171//1984 1170//2019 1157//2020
f 1171//1984 1153//1997 1170//2019
f 1211//2021 1637//2022 1641//2023
f 1642//2024 1212//2025 1641//2023
f 1211//2021 1641//2023 1212//2025
f 1214//2026 1212//2027 1639//2028
f 1214//2026 1639//2028 1213//2029
f 1211//2030 1214//2031 1215//2032
f 1215//2033 1214//2026 1220//2034
f 1217//2035 1637//2022 1211//2021
f 1216//2036 1637//2022 1217//2035
f 1218//2037 1211//2030 1215//2032
f 1217//2038 1218//2038 1232//2038
f 1221//2039 1232//2040 1233//2041
f 1221//2042 1217//2035 1232//2043
f 1481//2044 1216//2036 1219//2045
f 1223//2046 1481//2044 1219//2045
f 1223//2047 1219//2048 1224//2049
f 1219//2048 1233//2041 1224//2049
f 1228//2050 1223//2047 1222//2051
f 1228//2052 1481//2044 1223//2046
f 1210//2053 1230//2054 1225//2055
f 1230//2054 1227//2056 1225//2055
f 1227//2056 1226//2057 1225//2055
f 1227//2056 1228//2050 1226//2057
f 1639//2028 1640//2058 1213//2059
f 1209//2060 1481//2044 1229//1918
f 1590//1906 1257//1892 1667//2061
f 1650//2062 1234//2063 1690//2064
f 1240//2065 1659//2066 1665//1887
f 1129//2067 1253//1909 1254//2068
f 1260//2069 1258//1890 1287//2070
f 1250//2071 1244//2072 1252//2073
f 1244//2072 1245//1902 1252//2073
f 1238//2074 1236//2075 1237//2076
f 1247//2077 1249//2078 1253//1909
f 1287//2070 1298//2079 1260//2069
f 1247//2077 1255//2080 1242//2081
f 1234//2063 1650//2062 1240//2065
f 1240//2065 1241//1900 1234//2063
f 1244//2072 1235//2082 1245//1902
f 1243//2083 1282//2084 1289//2085
f 1243//2083 1289//2085 1246//1899
f 1241//1900 1246//1899 1289//2085
f 1247//2077 1242//2081 1238//2074
f 1258//1890 1296//2086 1287//2070
f 1248//2087 1237//2088 1235//2082
f 1248//2089 1239//2090 1237//2076
f 1244//2072 1249//2091 1248//2092
f 1258//1890 1251//1789 1296//2086
f 1665//1887 1241//1900 1240//2065
f 1245//1902 1243//2083 1246//1899
f 1190//1943 1222//2093 1224//2094
f 1190//1943 1224//2094 1263//2095
f 1297//2015 1265//1993 1285//2096
f 1287//2070 1281//2097 1298//2079
f 1296//2086 1269//2098 1287//2070
f 1286//2099 1292//2100 1295//2101
f 1238//2074 1294//2102 1236//2075
f 1294//2103 1291//2104 1236//2105
f 1291//2104 1294//2103 1290//2106
f 1290//2107 1294//2107 1293//2107
f 1293//2108 1282//2084 1290//2109
f 1282//2110 1293//2110 1292//2110
f 1224//2094 1262//2111 1263//2095
f 1284//2112 1275//2113 1282//2084
f 1291//2114 1290//2109 1235//2082
f 1233//2115 1267//2116 1262//2111
f 1220//2117 1640//2058 1267//2116
f 1285//2096 1265//1993 1269//2098
f 1269//2098 1263//2118 1264//2119
f 1292//2100 1286//2099 1284//2120
f 1286//2099 1279//2121 1283//2122
f 1280//2123 1279//2121 1286//2099
f 1273//2124 1279//2121 1280//2123
f 1267//2125 1261//2126 1268//2127
f 1261//2126 1266//2128 1268//2127
f 1278//2129 1279//2121 1277//2130
f 1277//2130 1689//2131 1276//2132
f 1269//2098 1264//2119 1262//2133
f 1270//2134 1692//2135 1271//2136
f 1270//2137 1272//2138 1692//2135
f 1272//2139 1689//2131 1688//2140
f 1691//2141 1689//2131 1273//2124
f 1270//2137 1276//2142 1272//2138
f 1276//2132 1689//2131 1272//2139
f 1278//2143 1274//2144 1275//2145
f 1323//735 1071//304 1322//2146
f 1071//2147 1069//2148 1070//2149
f 1316//2150 1315//733 1321//727
f 413//726 1316//2150 1321//727
f 1299//698 1372//2151 1320//2152
f 446//530 1456//2153 1373//699
f 1317//2154 1319//2154 1318//2154
f 1318//734 1315//733 1317//2155
f 1317//2155 1315//733 1313//2156
f 1315//733 1419//740 1310//2157
f 1320//700 1372//2158 1418//2159
f 1316//2150 1419//740 1315//733
f 1313//2160 1305//2161 1314//1846
f 1313//2162 1312//2162 1308//2162
f 1309//2163 1306//2164 1312//2165
f 1311//2166 1306//2167 1309//2163
f 1306//2167 1308//2168 1312//2169
f 1306//2167 1305//2170 1308//2168
f 1306//2167 1419//740 1304//2171
f 1307//2172 1301//2173 1303//2174
f 1304//2175 1420//2176 1301//2173
f 1304//2171 1305//2170 1306//2167
f 1304//2175 1307//2172 1305//2177
f 1066//2178 1302//2179 1065//2180
f 1302//2181 1301//2182 1300//2183
f 1419//740 1420//2184 1304//2171
f 1301//2173 1420//2176 1421//2014
f 1331//748 1330//2185 1328//2186
f 1332//2187 1328//2186 1329//2188
f 1332//750 1325//2189 1343//743
f 435//754 1331//2190 1332//2187
f 439//745 1348//2191 1326//2192
f 1343//743 1325//2189 1357//2193
f 1333//746 1326//2192 1330//2194
f 1329//2188 1328//2186 1324//2195
f 1357//2193 1325//2189 1517//2196
f 1348//2191 1428//2197 1326//2192
f 1324//2195 1429//2198 1431//2199
f 1341//790 1342//787 1340//2200
f 403//2201 1503//2202 410//637
f 1342//787 1354//772 1360//2203
f 1339//789 1817//2204 1359//2205
f 1358//2206 1509//2207 403//2201
f 467//2208 1340//2209 1358//2206
f 1340//2200 1360//2203 1355//2210
f 467//2208 1341//2211 1340//2209
f 1334//774 1808//786 1345//2212
f 1350//2213 1335//777 1353//2214
f 1337//762 1335//777 1350//2213
f 1361//2215 1355//2210 1356//2216
f 1351//2217 1507//2218 1346//2219
f 1817//2204 1816//2220 1359//2205
f 1334//774 1345//2212 1497//2221
f 1345//2212 1493//2222 1497//2221
f 1356//2223 1358//2206 1361//2224
f 1353//2214 1357//2193 1351//2217
f 1334//774 1497//2221 1349//775
f 1349//775 1497//2221 1344//2225
f 1351//2217 1517//2196 1507//2218
f 1356//2216 1352//2226 1515//2227
f 1514//2228 1352//2226 1355//2210
f 1344//2225 1496//2229 1516//2230
f 1351//2217 1346//2219 1353//2214
f 1347//2231 1344//2225 1516//2230
f 1365//2232 1488//2233 1374//2234
f 1373//2235 1448//2236 1372//2237
f 1367//2238 1462//2239 1461//2240
f 1421//2014 1420//2176 1417//2018
f 1420//2176 1418//2241 1417//2018
f 1363//2242 1464//2243 1368//2244
f 1464//2243 1463//2245 1368//2244
f 1157//2020 1170//2019 1394//2246
f 1170//2247 1414//2247 1396//2247
f 1394//2246 1170//2019 1410//2248
f 1362//2249 1461//2240 1460//2250
f 1364//2251 1365//2252 1374//2253
f 1374//2253 1377//2254 1364//2251
f 1377//2255 1374//2234 1375//2256
f 1377//2257 1375//2257 1378//2257
f 1377//2254 1379//1928 1364//2251
f 1378//2258 1375//2258 1490//2258
f 1368//2259 1370//2260 1382//2261
f 1370//2260 1380//2262 1387//2263
f 1382//2261 1370//2260 1387//2263
f 1383//2264 1382//2265 1385//2266
f 1382//2265 1387//2267 1385//2266
f 1387//2263 1386//2268 1388//2269
f 1417//2018 1404//2270 1149//1934
f 1389//2271 1390//2272 1387//2267
f 1413//1931 1380//2262 1147//2273
f 1383//2264 1385//2266 1392//2274
f 1390//2272 1393//2275 1385//2266
f 1392//2276 1395//2277 1394//2278
f 1395//2279 1385//2266 1393//2275
f 1396//2280 1390//2281 1391//2282
f 1407//2283 1398//2284 1397//2285
f 1401//2286 1398//2287 1400//2288
f 1403//2289 1399//2290 1401//2286
f 1367//2291 1370//2260 1368//2259
f 1370//2260 1367//2238 1380//2262
f 1367//2238 1362//2249 1380//2262
f 1401//2292 1400//2293 1404//2294
f 1404//2294 1403//2295 1401//2292
f 1460//2250 1487//2296 1364//2297
f 1459//2298 1487//2296 1460//2250
f 1459//2298 1483//2299 1487//2296
f 1209//2060 1490//2300 1481//2044
f 1416//2301 1159//1966 1157//2020
f 1159//1966 1395//2279 1415//1988
f 1365//2252 1487//2302 1489//2303
f 1410//2304 1396//2305 1391//2282
f 1377//2306 1146//1921 1412//1920
f 1384//2307 1410//2304 1408//2308
f 1406//2309 1381//2309 1408//2309
f 1407//2283 1406//2310 1398//2284
f 1406//2311 1408//2311 1398//2311
f 1410//2312 1383//2264 1392//2276
f 1409//2313 1400//2314 1408//2308
f 1411//2315 1407//2316 1405//2317
f 1411//2318 1405//2319 1403//2295
f 1411//2318 1403//2295 1404//2294
f 1391//2282 1389//2320 1409//2313
f 1371//2321 1418//2322 1464//2323
f 1413//1931 1388//2269 1386//2268
f 1442//2324 1454//2325 1433//2326
f 1442//2327 1433//2328 1439//2329
f 1442//2327 1440//2330 1425//2331
f 1427//2332 1442//2327 1425//2331
f 1433//2333 1438//2333 1439//2333
f 1422//2334 1501//2335 1531//2336
f 1443//2337 1441//2338 1436//2339
f 1443//2337 1436//2339 1444//2340
f 1445//2341 1443//2337 1444//2340
f 1444//2340 1436//2339 1446//2342
f 1446//2342 1436//2343 1437//2344
f 1464//2243 1447//2345 1463//2245
f 1463//2346 1447//2347 1437//2344
f 1432//2348 1539//2349 1458//2350
f 1444//2340 1446//2342 1447//2347
f 1457//2351 1444//2352 1448//2353
f 1440//2330 1439//2329 1425//2331
f 1516//2230 1423//2354 1428//2197
f 1422//2334 1434//2355 1441//2338
f 1438//2356 1506//2357 1505//2358
f 1438//2359 1433//2360 1506//2361
f 1437//2362 1435//2363 1461//2240
f 1423//2354 1422//2334 1426//2364
f 1423//2354 1426//2364 1429//2365
f 1424//2366 1425//2331 1504//2367
f 1517//2196 1430//2368 1424//2366
f 1458//2350 1539//2349 1459//2298
f 1449//2369 1427//2332 1430//2368
f 1450//2370 1441//2338 1443//2337
f 1454//2371 1430//2372 1431//2373
f 1426//2374 1450//2370 1451//2375
f 1452//2376 1454//2371 1431//2373
f 1454//2325 1442//2324 1427//2377
f 1452//2378 1451//670 1454//2325
f 1453//2379 1455//744 1451//670
f 1453//2379 1445//2380 1456//2153
f 1435//2363 1459//2298 1461//2240
f 1437//2362 1436//2339 1435//2363
f 1435//2363 1434//2355 1432//2348
f 1840//2381 1467//2382 1839//2383
f 1467//2382 1840//2381 1480//2384
f 1481//2044 1472//2385 1480//2386
f 1481//2044 1480//2386 1840//2387
f 1840//2387 1844//2388 1481//2044
f 1365//2389 1489//2390 1488//2233
f 1375//2256 1488//2233 1490//2300
f 1466//2391 1827//2392 1467//2393
f 1480//2394 1466//2394 1467//2394
f 1470//2395 1566//2396 1465//2397
f 1539//2349 1474//2398 1483//2299
f 1479//2399 1474//2400 1477//2401
f 1478//2402 1471//2403 1473//2404
f 1477//2401 1474//2400 1476//2405
f 1470//2406 1472//2385 1473//2404
f 1465//2407 1480//2408 1472//2385
f 1473//2409 1468//2410 1470//2395
f 1488//2233 1485//2411 1482//2412
f 1487//2302 1484//2413 1486//2414
f 1483//2415 1484//2413 1487//2302
f 1483//2415 1474//2400 1479//2399
f 1491//2416 1854//2417 1492//2418
f 1504//2367 1532//2419 1502//2420
f 1854//2417 1527//2421 1492//2418
f 1498//2422 1499//2423 1860//2424
f 1499//2423 1522//2425 1860//2424
f 1502//2420 1522//2425 1499//2423
f 1511//2426 1850//2427 1561//2428
f 1500//2429 1492//2418 1527//2421
f 1500//2429 1527//2421 1525//2430
f 1346//2219 1499//2423 1495//2431
f 1515//2227 1512//2432 1509//2433
f 1352//2226 1514//2228 1512//2432
f 1346//2219 1495//2431 1810//2434
f 1493//2222 1494//2435 1497//2221
f 1502//2420 1532//2419 1528//2436
f 1504//2367 1502//2420 1508//2437
f 1513//2438 1561//2428 1563//2439
f 1454//2325 1565//2440 1433//2326
f 1511//2426 1513//2438 1512//2432
f 1513//2438 1510//2441 1509//2433
f 1501//2335 1422//2334 1423//2354
f 1501//2335 1525//2430 1531//2336
f 1496//2229 1500//2429 1501//2335
f 1505//2358 1506//2357 1532//2419
f 1517//2196 1424//2366 1507//2218
f 1507//2218 1424//2366 1508//2437
f 1499//2423 1498//2422 1495//2431
f 1557//2442 1547//2443 1554//2444
f 1558//2445 1551//2446 1556//2447
f 1558//2445 1550//2448 1557//2449
f 1558//2445 1557//2449 1551//2446
f 1560//2450 1555//2450 1559//2450
f 1552//2451 1551//2452 1544//2453
f 1546//2454 1549//2455 1545//2456
f 1549//2455 1548//2457 1545//2456
f 1548//2457 1542//2458 1545//2456
f 1542//2458 1534//2459 1545//2456
f 1541//2460 1548//2457 1549//2455
f 1544//2453 1546//2461 1543//2462
f 1546//2461 1545//2463 1543//2462
f 1526//2464 1535//2465 1538//2466
f 1518//2467 1519//2468 1859//2469
f 1543//2462 1534//2470 1540//2471
f 1525//2430 1524//2472 1526//2464
f 1538//2466 1537//2473 1469//2474
f 1530//2475 1564//2476 1529//2477
f 1532//2419 1530//2475 1529//2477
f 1859//2469 1519//2468 1521//2478
f 1537//2473 1468//2479 1469//2474
f 1523//2480 1544//2453 1543//2462
f 1520//2481 1543//2462 1540//2471
f 1542//2458 1869//2482 1534//2459
f 1541//2460 1870//2483 1548//2457
f 1537//2473 1536//2484 1468//2479
f 1565//2440 1564//2485 1530//2486
f 1519//2468 1536//2484 1537//2473
f 1519//2468 1518//2467 1536//2484
f 1503//2202 1562//2487 1565//781
f 1528//2436 1553//2488 1552//2451
f 1565//2440 1562//2489 1564//2485
f 1562//2490 1556//2447 1553//2491
f 1563//2439 1558//2445 1556//2447
f 1850//2427 1894//2492 1541//2460
f 1529//2493 1562//2490 1553//2491
f 1850//2427 1541//2460 1561//2428
f 1858//2494 1521//2478 1527//2421
f 1854//2417 1858//2494 1527//2421
f 1503//2495 1563//2439 1562//2490
f 1520//2481 1540//2471 1857//2496
f 1597//2497 1592//2498 1627//2499
f 1578//1286 1577//2500 1596//1880
f 1128//416 1598//1856 1579//1284
f 1580//1287 1596//1880 1123//1288
f 1579//1284 1627//2499 1617//1295
f 1604//2501 1610//2502 1581//2503
f 1587//1875 1571//2504 1569//1876
f 1584//2505 1581//2503 1610//2502
f 746//2506 1572//2507 1573//1276
f 746//2506 1576//2508 1572//2507
f 1576//2508 1571//2509 1572//2507
f 1575//2510 1576//2510 746//2510
f 1568//2511 1576//2512 1575//1280
f 1570//404 1105//1863 1569//2513
f 1616//1318 1577//2500 1578//1286
f 1571//2509 1587//2514 1586//1886
f 1791//2515 1675//2516 711//2517
f 1596//1880 1585//2518 1593//1897
f 1587//2514 1117//1898 1586//1886
f 1571//2509 1586//1886 1584//2505
f 1586//1886 1663//2519 1584//2505
f 1627//2499 1592//2498 1591//2520
f 1664//1895 1141//1894 1593//1897
f 1665//1887 1663//2519 1586//1886
f 1593//1897 1585//2518 1664//1895
f 1585//2518 1658//2521 1664//1895
f 1583//2522 1656//2523 1653//2524
f 1590//1906 1667//2061 1666//2525
f 1582//2526 1655//2527 1658//2521
f 1582//2526 1624//2528 1655//2527
f 784//1325 1606//2529 1605//2530
f 1613//2531 1608//2532 3431//2533
f 3425//2534 1603//2535 1612//1323
f 1613//2531 3431//2533 1611//1322
f 3425//2534 3424//2536 1603//2535
f 1603//2535 1623//2537 1607//2538
f 1614//2539 1610//2502 1604//2501
f 1617//1295 1627//2499 1606//2529
f 784//1325 1605//2530 1608//2532
f 1608//2532 3430//2540 3431//2533
f 1604//2501 1621//2541 1620//2542
f 3426//2543 1600//2544 1620//2542
f 1602//2545 1600//2544 1601//2546
f 1770//2547 1791//1292 1599//1291
f 1748//2548 1752//2549 1624//2528
f 3430//2540 1753//2550 3473//2551
f 3473//2551 1753//2550 3467//2552
f 1626//2553 1625//2554 1754//2555
f 1591//2520 1589//2556 1755//2557
f 1625//2554 1591//2520 1755//2557
f 1603//2535 1622//2558 1623//2537
f 1625//2554 1626//2553 1606//2529
f 3427//2559 1620//2542 1747//2560
f 3426//2543 1620//2542 3427//2559
f 1581//2503 1619//2561 1621//2541
f 1662//2562 1619//2561 1581//2503
f 1604//2501 1581//2503 1621//2541
f 1623//2537 1624//2528 1582//2526
f 3427//2559 1747//2560 3471//2563
f 1662//2562 1751//2564 1618//2565
f 1618//2566 1751//2567 1749//2568
f 1645//2569 1718//2570 1643//2571
f 1643//2571 1718//2570 1628//2572
f 1675//2516 1646//2573 711//2517
f 1641//2023 1637//2574 1638//2575
f 1633//2576 1717//2577 1644//2578
f 1644//2578 1636//2579 1633//2576
f 1636//2580 1637//2574 1635//2581
f 1646//2573 1643//2582 1826//2583
f 3454//2584 1873//2585 3641//2586
f 1632//2587 1630//2588 1633//2576
f 1846//2589 1632//2587 1634//2590
f 1634//2590 1633//2576 1636//2579
f 1631//2591 1635//2592 1637//2022
f 1630//2588 1873//2585 3454//2584
f 1643//2582 1628//2593 1826//2583
f 1655//2527 1652//2594 1658//2521
f 1298//2079 1256//2595 1661//2596
f 1657//2597 1661//2596 1696//2598
f 1660//2599 1652//2594 1288//2600
f 1656//2523 1659//2066 1649//2601
f 1658//2521 1652//2594 1660//2599
f 1659//2066 1656//2523 1663//2519
f 1649//2601 1650//2062 1680//2602
f 1650//2062 1690//2064 1680//2602
f 1656//2523 1649//2601 1653//2524
f 1651//2603 1803//2604 1746//2605
f 1745//2606 1653//2524 1649//2601
f 1666//2525 1667//2061 1657//2597
f 1650//2062 1649//2601 1659//2066
f 1805//2607 1695//2608 1652//2594
f 1696//2598 1694//2609 1797//2610
f 1689//2131 1686//2611 1688//2140
f 1677//2612 1670//2613 1765//2614
f 1681//2615 1691//2141 1695//2608
f 1693//2616 1677//2612 1682//2617
f 1682//2617 1795//2618 1797//2610
f 1668//2619 1758//2620 1757//2621
f 1288//2600 1695//2608 1273//2124
f 1776//2622 1678//2623 1686//2611
f 1674//2624 1678//2625 1679//2626
f 1679//2627 1678//2623 1776//2622
f 1682//2617 1765//2614 1795//2618
f 1266//2128 1676//2628 1677//2612
f 1261//2126 1640//2058 1676//2628
f 1776//2622 1689//2131 1691//2141
f 1673//2629 1772//2630 1680//2602
f 1776//2622 1671//2631 1679//2627
f 1675//2516 1791//2515 1672//2632
f 1671//2633 1673//2634 1674//2624
f 1791//1292 1629//2635 1672//2636
f 1733//2637 1629//2635 1791//1292
f 1673//2629 1669//2638 1762//2639
f 1647//2640 1713//2641 1645//2642
f 1730//2643 1728//2644 1710//2645
f 1712//2646 1713//2647 1729//2648
f 1722//2649 1719//2650 1727//2651
f 1711//2652 1704//2653 1731//2654
f 1710//2655 1709//2656 1725//2657
f 1709//2658 1714//2659 1725//2660
f 1704//2661 1712//2646 1733//2662
f 1701//2663 1726//2664 1703//2665
f 1713//2666 1718//2570 1645//2569
f 1702//2667 1719//2668 3459//2669
f 1723//2670 1722//2649 1724//2671
f 1721//2672 1722//2649 1720//2673
f 1720//2673 1700//2674 1721//2672
f 1722//2675 1721//2675 1715//2675
f 1700//2676 3462//2677 1715//2678
f 1719//2650 1715//2679 1698//2680
f 1719//2681 1698//2680 3459//2682
f 3462//2683 3461//2684 1715//2679
f 1760//2685 1701//2686 1703//2687
f 1702//2688 1699//2689 1705//2690
f 1705//2690 1699//2689 1704//2691
f 1705//2690 1703//2692 1702//2688
f 1707//2693 1703//2694 1705//2695
f 1706//2696 1707//2697 1709//2698
f 1711//2699 1708//2700 1704//2701
f 1706//2696 1710//2702 1711//2699
f 1707//2693 1705//2695 1708//2703
f 1704//2661 1713//2647 1712//2646
f 1708//2704 1714//2705 1707//2706
f 1709//2658 1707//2707 1714//2659
f 1713//2647 1699//2708 1718//2709
f 3454//2584 3474//2710 1716//2711
f 1745//2606 1751//2564 1653//2524
f 1739//2712 1743//2713 1752//2549
f 1735//2714 3499//2715 1799//2716
f 1750//2717 1749//2717 1742//2717
f 1750//2718 1742//2719 1747//2560
f 1744//2720 1803//2604 1738//2721
f 1737//2722 1743//2713 1735//2714
f 1742//2723 1741//2724 1736//2725
f 1736//2726 1790//2727 1740//2728
f 1740//2728 1790//2727 1785//2729
f 1738//2721 3467//2552 1744//2720
f 1746//2605 1803//2604 1744//2720
f 1754//2555 1744//2720 3467//2552
f 1754//2555 1755//2557 1744//2720
f 1743//2713 1654//2730 1655//2527
f 1737//2722 1735//2714 1801//2731
f 1802//2732 1790//2727 1736//2726
f 1734//2733 1793//2734 1736//2725
f 1738//2721 3504//2735 3467//2552
f 1772//2630 1792//2736 1741//2737
f 1741//2737 1792//2736 1793//2738
f 1767//2739 1768//2740 1795//2618
f 1800//2741 1799//2716 1784//2742
f 1732//2743 1759//2744 1760//2745
f 1758//2620 1774//2746 1763//2747
f 1762//2639 1764//2748 1771//2749
f 1765//2614 1767//2739 1795//2618
f 3501//2750 1781//2751 3500//2752
f 3477//2753 1761//2754 3476//2755
f 1781//2756 1799//2757 1783//2758
f 1766//2759 1761//2754 1770//2547
f 1789//2760 1787//2760 1786//2760
f 1732//2761 1733//2637 1791//1292
f 1769//2762 1759//2763 1732//2761
f 1792//2736 1772//2630 1771//2749
f 1788//2764 1779//2765 1777//2766
f 1735//2714 1799//2716 1800//2741
f 1796//2767 1794//2768 3504//2735
f 1787//2769 1798//2769 1786//2769
f 1789//2770 1801//2771 1787//2772
f 1800//2773 1798//2773 1787//2773
f 3475//2774 3587//2775 1767//2739
f 3486//2776 3476//2755 1766//2759
f 1801//2771 1789//2770 1802//2777
f 1736//2725 1779//2765 1802//2778
f 1796//2767 1738//2721 1803//2604
f 1670//2613 3475//2774 1765//2614
f 3474//2710 3475//2774 1670//2613
f 1732//2779 1731//2779 1733//2779
f 1669//2780 1757//2781 1762//2782
f 1725//2783 1728//2784 1730//2785
f 1733//2637 1729//2786 1629//2635
f 1788//2787 1777//2788 1778//2789
f 1737//2722 1801//2731 1804//2790
f 1760//2745 1759//2744 1701//2791
f 3477//2753 3463//2792 1720//2673
f 1794//2768 1768//2740 3479//2793
f 1806//2794 1871//2795 1035//2796
f 1807//1763 1812//2797 1808//786
f 1809//788 1821//2798 1817//2204
f 1808//786 1812//2797 1345//2212
f 1809//788 4042//2799 1821//2798
f 1035//2800 1871//2801 1904//2802
f 1813//2803 1814//784 1810//2434
f 1812//2797 1811//2804 1345//2212
f 1810//2434 1848//2805 1813//2803
f 1817//2204 1821//2798 1815//2806
f 1812//2797 1822//2807 1811//2804
f 1823//2808 1813//2803 1876//2809
f 3626//2810 1815//2806 1821//2798
f 1820//2811 1823//2808 3613//1779
f 1818//1782 1819//2812 1807//1763
f 3630//2813 1824//2814 1825//2815
f 1825//2815 1824//2814 1815//2806
f 3631//2816 1825//2815 3626//2810
f 1822//2807 1812//2797 1819//2812
f 3676//2817 1875//2818 1822//2807
f 1836//2819 1837//2820 1844//2388
f 1846//2821 1631//2822 1845//2823
f 1845//2823 1842//2824 1841//2825
f 1841//2826 1630//2588 1846//2589
f 1628//2572 1872//2827 1871//2828
f 1831//2829 1832//2830 1833//2831
f 1839//2383 1831//2829 1833//2831
f 1839//2383 1833//2831 1840//2381
f 1831//2832 1839//2833 1830//2834
f 1827//2835 1830//2834 1839//2833
f 1838//2836 1837//2837 1834//2838
f 1835//2839 1834//2838 1836//2840
f 1836//2840 1833//2841 1835//2839
f 1832//2842 1835//2839 1833//2841
f 1832//2843 1834//2844 1835//2845
f 1830//2834 1828//2846 1832//2843
f 1830//2834 1832//2843 1831//2832
f 1872//2827 1903//2847 1871//2828
f 1843//2848 1829//2849 1841//2826
f 1843//2850 1842//2824 1838//2836
f 1837//2820 1842//2851 1844//2388
f 1901//2852 3641//2586 1873//2585
f 1829//2849 1901//2852 1873//2585
f 1829//2849 1873//2585 1841//2826
f 1842//2824 1837//2837 1838//2836
f 1838//2853 1828//2846 1843//2848
f 1828//2846 1829//2849 1843//2848
f 1824//2814 1881//2854 1882//2855
f 1824//2814 1882//2855 1815//2806
f 1815//2806 1852//2856 1816//2220
f 1852//2856 1882//2855 1850//2427
f 1874//2857 1884//2858 1861//2859
f 1851//2860 1498//2422 1849//2861
f 1851//2860 1849//2861 1877//2862
f 1874//2857 1861//2859 1847//2863
f 1847//2863 1861//2859 1491//2416
f 1848//2805 1498//2422 1851//2860
f 1848//2805 1851//2860 1880//2864
f 1533//2865 3652//2866 1901//2852
f 1885//2867 1857//2496 3649//2868
f 1853//2869 3648//2870 1856//2871
f 1884//2858 3648//2870 1853//2869
f 3722//2872 1904//2802 3662//2873
f 1862//2874 1886//2875 1877//2862
f 1867//2876 1865//2877 1864//2878
f 1867//2879 1864//2878 1866//2880
f 1894//2492 1868//2881 1870//2483
f 1868//2881 1863//2882 1870//2483
f 1870//2483 1863//2882 1869//2482
f 1859//2469 1855//2883 1518//2467
f 1520//2481 1857//2496 1860//2424
f 1540//2471 1869//2884 1866//2880
f 1904//2802 1871//2801 1903//2847
f 1857//2496 1540//2471 1866//2880
f 1862//2874 1860//2424 1857//2496
f 1857//2496 1866//2880 3649//2868
f 3664//2885 3642//2886 1872//2827
f 1881//2854 3644//2887 1879//2888
f 1881//2854 3646//2889 3644//2887
f 1874//2857 3696//2890 1884//2858
f 1875//2818 3696//2890 1874//2857
f 1878//2891 1877//2862 3697//2892
f 3662//2873 1904//2802 1902//2893
f 1902//2893 1904//2802 1903//2847
f 1885//2867 3647//2894 1886//2875
f 1856//2871 1883//2895 3653//2896
f 1896//2897 1899//2898 1900//2899
f 1900//2899 1897//2900 1898//2901
f 1899//2898 1895//2902 1897//2900
f 1895//2903 1892//2904 1897//2905
f 1894//2492 3659//2906 1896//2907
f 1897//2905 1864//2878 1898//2908
f 1896//2909 1892//2909 1895//2909
f 3659//2906 1893//2910 1896//2907
f 1891//2911 1892//2904 1890//2912
f 3659//2906 3658//2913 1893//2910
f 1891//2911 1890//2912 3660//2914
f 1888//2915 1856//2871 3653//2896
f 1885//2867 3649//2868 3647//2894
f 1887//2916 3653//2896 3654//2917
f 3649//2868 1866//2880 1891//2911
f 1886//2875 3647//2894 3687//2918
f 1998//1114 2221//802 1996//2919
f 1997//2920 1998//1114 1979//2921
f 1996//2922 1910//2923 1979//2924
f 1978//2925 1910//2923 1996//2922
f 1978//2926 1972//2927 1944//2928
f 689//1134 1991//1097 1995//1082
f 1990//2929 1966//2930 1968//2931
f 1960//2932 681//1151 1993//2933
f 1960//2932 1992//1163 681//1151
f 1992//2934 1964//2935 1969//2936
f 1989//2937 1967//2938 1988//2939
f 1989//2937 1968//2940 1967//2938
f 1966//2941 1962//2942 1968//2943
f 1987//2944 1965//2945 1974//2946
f 1986//2947 1981//2948 1985//2949
f 1986//2950 1938//2951 1982//2952
f 1963//2953 1983//2953 1962//2953
f 1985//2954 1954//2955 1951//2956
f 1992//2957 1952//2957 1984//2957
f 1952//2958 1963//2958 1984//2958
f 1963//2959 1954//2959 1983//2959
f 1988//2960 1974//2961 1975//2962
f 1965//2945 1973//2963 1974//2946
f 1980//2964 1961//2965 1962//2966
f 1979//2924 1910//2923 1932//2967
f 1910//2968 1978//2926 1944//2928
f 1977//2969 1976//2970 1982//2971
f 1976//2972 1981//2948 1982//2973
f 1943//2974 1936//2975 1976//2976
f 1936//2975 1922//2977 1976//2976
f 1975//2978 1973//2979 2210//2980
f 1973//2981 1961//2982 2200//2983
f 1972//2984 2216//2985 1971//2986
f 2012//2987 2019//2988 2062//2989
f 1970//2990 1964//2991 1966//2992
f 1962//2942 1967//2993 1968//2943
f 1964//2991 1962//2994 1966//2992
f 1965//2995 1962//2996 1961//2982
f 1964//2997 1963//2997 1962//2997
f 1922//2998 2200//2999 1961//3000
f 2401//3001 648//3002 642//3003
f 647//1099 974//3004 641//1100
f 2398//3005 1916//3006 1946//3007
f 1946//3008 1916//3008 1919//3008
f 2395//3009 1920//3009 1917//3009
f 1915//3010 1917//3011 1919//3012
f 1915//3010 2395//3013 1917//3011
f 2391//3014 1914//3015 1918//3016
f 2440//3017 1910//3018 1942//3019
f 2465//3020 1928//3021 1913//3022
f 2456//3023 2426//3024 1905//3025
f 1929//3026 2438//3027 2442//3028
f 2464//3029 2465//3030 1911//3031
f 2465//3032 1913//3033 1911//3034
f 2440//3017 1942//3019 2441//3035
f 2065//3036 2010//3037 2006//3038
f 2065//3039 2002//3040 2017//3041
f 2065//3039 2006//3042 2002//3040
f 2229//3043 2013//1095 1991//1094
f 2016//3044 2018//3045 2003//3046
f 2087//3047 2000//3048 2083//3049
f 2016//3050 2003//3051 2087//3052
f 2003//3051 2000//3053 2087//3052
f 2223//3054 700//999 2013//1095
f 1924//3055 2431//3056 2453//3057
f 1926//3058 1909//3059 2464//3029
f 2464//3029 1911//3031 1926//3058
f 1928//3060 2456//3023 1905//3025
f 1913//3022 1905//3061 1930//3062
f 1911//3034 1913//3033 1930//3063
f 2450//3064 1908//3065 2459//3066
f 1911//3034 1930//3063 1937//3067
f 1934//3068 1911//3069 1931//3070
f 1932//3071 1910//3072 2438//3073
f 1937//3074 1931//3075 1911//3076
f 1934//3077 1931//3077 1933//3077
f 2426//3024 2421//3078 2200//2999
f 1905//3025 2426//3024 1922//2998
f 1941//3079 1933//3079 1937//3079
f 1935//3080 1934//3080 1941//3080
f 1938//2951 1935//3081 1941//3082
f 1939//3083 1908//3065 1906//3084
f 1936//3085 1905//3025 1922//2998
f 1937//3067 1930//3063 1940//3086
f 1937//3067 1940//3086 1941//3087
f 1977//3088 1940//3089 1943//3090
f 1941//3087 1940//3086 1977//3091
f 1914//3015 1912//3092 1927//3093
f 2463//3094 1906//3084 2450//3064
f 1949//3095 1946//3007 1948//3096
f 1945//3097 1950//3098 1948//3096
f 1953//3099 1947//3100 1951//3101
f 1952//3102 1948//3096 1950//3103
f 1947//3100 1914//3015 1938//2951
f 1954//2955 1950//3104 1953//3105
f 2398//3005 1946//3007 1955//3106
f 647//3107 646//1233 974//1232
f 1921//3108 2402//3109 1956//3110
f 1921//3108 1956//3110 1958//3111
f 2401//3001 1921//3108 1958//3111
f 2008//3112 2006//3113 2007//3114
f 2005//1091 1999//1089 2006//3115
f 2002//3116 2003//3117 2082//3118
f 2402//3109 2398//3119 1955//3120
f 2402//3109 1955//3120 1956//3121
f 1979//2921 1929//3122 657//3123
f 2441//3035 1942//3019 1944//3124
f 1939//3125 1906//3126 2445//3127
f 2006//3115 1999//1089 2002//3128
f 1999//3129 2000//3130 2002//3131
f 2001//3132 2227//3133 2119//3134
f 2000//3130 2222//3135 2227//3136
f 1958//3111 1957//3137 1960//3138
f 1959//3139 1952//3102 1992//3140
f 1955//3120 1949//3141 1956//3121
f 2035//3142 2031//3143 2034//3144
f 2025//3145 2026//3146 2029//3147
f 2022//3148 2024//3149 2025//3150
f 2082//3151 2021//3152 2022//3153
f 2047//3154 606//1044 2049//3155
f 2036//3156 2176//3157 2037//3158
f 2176//3157 2177//3159 2037//3158
f 2049//3155 2262//3160 2284//3161
f 2081//3162 2089//3163 2021//3152
f 2195//3164 2266//1299 2050//3165
f 2195//3164 2050//3165 610//1039
f 2047//3154 2049//3155 2284//3161
f 2079//3166 2177//3167 2023//3168
f 2042//3169 2038//3170 2025//3171
f 2040//3172 2041//3173 2027//3174
f 2029//3175 2027//3175 2041//3175
f 2032//3176 2030//3177 2061//3178
f 2033//3179 2035//3180 2043//3181
f 2191//3182 2285//3183 2260//3184
f 2192//3185 2191//3182 2260//3184
f 2044//3186 2260//3184 2261//1315
f 2045//3187 2044//3186 2261//1315
f 2046//3188 2028//3189 2261//1315
f 2046//3188 2261//1315 763//1314
f 2062//3190 2053//3191 2040//3192
f 2065//3193 2088//3194 2038//3195
f 2038//3195 2056//3196 2065//3193
f 2010//3037 2056//3197 2006//3038
f 2040//3192 2059//3198 2054//3199
f 2020//3200 2011//3201 2066//3202
f 2100//3203 2067//3204 2092//3205
f 2092//3205 2047//3154 2048//3206
f 2062//3207 2040//3208 2032//3209
f 2011//3201 2061//3210 2066//3202
f 2066//3211 2063//3212 550//3213
f 2071//3214 2093//3215 2072//3216
f 2073//934 2074//955 2098//3217
f 2075//995 2067//3204 2070//3218
f 2070//3218 2067//3204 2100//3203
f 2053//3219 2007//3220 2055//3221
f 2042//3222 2025//3145 2058//3223
f 2025//3145 2029//3147 2055//3224
f 2054//3225 2029//3147 2041//3226
f 2058//3223 2025//3145 2055//3224
f 2059//3198 2055//3224 2029//3147
f 2058//3223 2055//3224 2056//3196
f 2059//3198 2057//3227 2055//3224
f 2062//2989 2060//3228 2012//2987
f 2061//3178 2033//3229 2063//3230
f 2032//3176 2061//3178 2060//3231
f 2032//3176 2060//3231 2062//3232
f 2033//3179 2043//3181 2064//3233
f 550//3213 2063//3212 2064//3233
f 2068//3234 578//3235 2076//3236
f 2072//3237 2075//3238 2070//3239
f 2070//3239 2071//3240 2072//3237
f 2099//940 2078//3241 2095//3242
f 2071//3243 2070//3243 2069//3243
f 2070//3218 2100//3203 2069//3244
f 2039//3245 2079//3166 2023//3168
f 2089//3163 2081//3162 2018//3246
f 2082//3118 2003//3117 2081//3247
f 2156//3248 2126//959 578//3249
f 2158//3250 2157//3251 2094//3252
f 2158//3250 2094//3252 2095//3242
f 2097//3253 2149//3254 2096//3255
f 2091//3256 2097//3256 2096//3256
f 2095//3257 2098//3217 2158//3258
f 2093//3215 2071//3214 2091//3259
f 2015//3260 2085//3261 2001//3262
f 2015//3263 2014//3264 2085//3265
f 2085//3265 2120//3266 2121//3267
f 2085//3265 2036//3268 2086//3269
f 2078//935 2098//3217 2095//3257
f 2137//3270 2051//3271 2093//3215
f 2016//3272 2087//3273 2018//3274
f 2018//3045 2081//3275 2003//3046
f 2018//3274 2087//3273 2089//3276
f 2087//3273 2083//3277 2089//3276
f 2091//3259 2148//3278 2093//3215
f 2149//3254 2092//3205 2090//3279
f 2086//3280 2177//3167 2080//3281
f 2037//3282 2177//3167 2086//3280
f 2079//3283 2001//3284 2080//3285
f 2095//3242 2094//3252 2099//940
f 2100//3203 2149//3254 2097//3253
f 2071//3286 2100//3287 2091//3288
f 2069//3289 2100//3289 2071//3289
f 2098//3217 2159//3290 2158//3258
f 2091//3291 2149//3292 2148//3293
f 2159//3294 2157//3251 2158//3250
f 2154//3295 2157//3251 2159//3294
f 2157//3296 2153//3297 2156//3248
f 2155//3298 2152//3299 2154//3300
f 2154//3295 2150//3301 2153//3302
f 2156//3248 2150//3303 2126//959
f 2156//3248 2153//3297 2150//3303
f 2142//3304 2155//3298 2755//3305
f 2150//3303 2128//3306 2126//959
f 2150//3303 2127//3307 2128//3306
f 2140//3308 2106//3309 2125//3310
f 2148//3278 2137//3270 2093//3215
f 2048//3206 2143//3311 2090//3279
f 2149//3254 2144//3312 2147//3313
f 2149//3254 2143//3311 2144//3312
f 2155//3298 2161//954 2160//3314
f 2146//3315 2137//3270 2148//3278
f 2147//3316 2145//3317 2148//3293
f 2147//3313 2144//3312 2145//3318
f 2144//3319 2141//3319 2146//3319
f 2139//3320 2138//3321 2193//3322
f 2178//3323 2759//3324 2179//3325
f 2755//3305 2160//3314 2746//3326
f 2754//3327 2137//3270 2146//3315
f 2140//3328 2146//3329 2141//3330
f 2754//3327 2146//3315 2140//3331
f 2141//3330 2139//3320 2140//3328
f 2106//3309 2139//3320 2193//3322
f 2747//3332 2193//3322 2767//3333
f 2740//3334 2193//3322 2747//3332
f 2136//3335 2118//3336 2116//3337
f 2113//3338 2132//3339 2135//3340
f 2131//3341 2133//3342 2113//3338
f 2111//3343 2132//3343 2133//3343
f 2130//3344 2134//3345 2228//3346
f 2111//3347 2226//3348 2132//3349
f 2133//3350 2131//3351 2111//3352
f 2131//3351 2226//3353 2111//3352
f 2131//3351 2227//3354 2226//3353
f 2108//3355 2183//3356 2115//3357
f 2182//3358 2184//3359 2110//3360
f 2129//3361 2130//3362 2225//3363
f 2130//3362 2228//3364 2225//3363
f 2212//3365 2127//3307 2743//3366
f 2125//3367 2124//3368 2122//3369
f 2106//3309 2740//3334 2125//3310
f 2212//3365 2128//3306 2127//3307
f 2125//3370 2123//3371 2124//3372
f 2739//3373 2123//3374 2740//3334
f 2213//1110 2128//3306 2212//3375
f 2123//3371 2739//3376 2124//3372
f 2121//3377 2119//3378 2186//3379
f 2119//3380 2112//3381 2186//3382
f 2183//3383 2117//3384 2115//3385
f 2118//3386 2185//3387 2116//3388
f 2136//3335 2114//3389 2118//3336
f 2172//3390 2175//3391 2114//3389
f 2112//3392 2116//3388 2185//3387
f 2114//3393 2228//3394 2117//3395
f 2110//3396 2184//3397 2171//3398
f 2183//3383 2172//3390 2117//3384
f 2182//3399 2167//3400 2109//3401
f 2109//3402 2164//3403 2105//3404
f 2165//3405 2166//3406 2108//3407
f 2107//3408 2162//3409 2181//3410
f 2107//3411 2180//3412 2162//3413
f 2736//3414 2178//3323 2104//3415
f 2736//3414 2103//3416 2206//3417
f 2206//3418 2102//3419 2736//3414
f 2137//3270 2745//3420 2194//3421
f 2138//3321 2048//3206 2767//3333
f 2160//3314 2196//3422 2746//3326
f 2190//3423 3447//3424 2285//3183
f 2189//3425 2170//3426 2292//3427
f 2188//3428 2282//3429 2280//3430
f 2187//3431 2282//3429 2188//3428
f 2890//3432 2282//3429 2187//3431
f 2163//3433 3444//3434 2292//3435
f 2759//3324 2187//3431 2179//3325
f 2288//3436 2287//3437 2286//3438
f 2179//3325 2187//3431 2188//3428
f 2186//3439 2176//3440 2036//3441
f 2186//3439 2112//3392 2176//3440
f 2185//3387 2175//3442 2173//3443
f 2164//3444 2170//3445 2184//3446
f 2171//3447 2168//3448 2182//3449
f 2253//3450 2234//3451 2162//3452
f 2234//3451 3444//3434 2163//3433
f 2183//3453 2108//3407 2169//3454
f 2165//3455 2163//3433 2166//3456
f 2167//3457 2163//3458 2164//3459
f 2166//3460 2167//3461 2168//3462
f 2166//3460 2171//3463 2189//3425
f 2162//3409 2165//3405 2181//3410
f 2173//3464 2175//3465 2174//3466
f 2172//3467 2190//3423 2175//3468
f 2286//3438 2196//3422 2160//3314
f 2197//3469 2286//3438 2160//3314
f 2194//3421 2195//3164 2137//3270
f 2137//3270 2195//3164 2051//3271
f 2252//3470 2222//3471 2223//3472
f 2201//3473 2102//3474 2547//3475
f 2205//3476 2217//3477 1972//3478
f 2217//3477 2205//3476 2199//3479
f 2205//3476 2211//3480 2551//3481
f 2551//3481 2211//3480 2543//3482
f 2198//3483 2539//3484 2204//3485
f 2222//3135 2256//3486 2226//3487
f 2199//3488 2540//3489 2198//3490
f 2227//3136 2222//3135 2226//3487
f 2226//3491 2256//3492 2228//3364
f 2543//3482 2202//3493 2533//3494
f 2546//3495 2205//3476 2544//3496
f 2243//3497 2244//3498 2245//3499
f 2244//3498 2237//3500 2245//3499
f 2207//3501 2248//3502 2250//3503
f 2208//3504 2250//3505 2251//3506
f 2225//3363 2224//3507 2129//3361
f 2225//3363 2228//3364 2256//3492
f 2224//3508 2180//3412 2129//3509
f 2229//3510 2215//3511 2223//3472
f 2200//2999 2596//3512 2245//3513
f 1923//3514 2216//2985 2204//3515
f 2214//3516 2215//3517 2220//3518
f 2219//3519 2218//3520 2214//3521
f 2596//3512 2598//3522 2243//3523
f 2218//3524 2200//3525 2245//3526
f 2218//3524 2245//3526 2247//3527
f 2198//3528 2216//2985 2217//3529
f 2204//3515 2216//2985 2198//3528
f 2248//3530 2208//3531 2215//3517
f 2248//3530 2207//3532 2208//3531
f 2208//3533 2249//3534 2215//3535
f 2546//3536 2540//3489 2199//3488
f 2715//3537 2713//3538 2212//3365
f 2203//3539 2714//3540 2102//3419
f 2214//3541 2218//3542 2246//3543
f 2201//3544 2203//3545 2102//3546
f 2211//3480 2212//3375 2202//3493
f 2212//3365 2713//3538 2202//3493
f 2103//3416 2233//3547 2602//3548
f 2235//3549 2234//3451 2236//3550
f 2235//3549 2236//3550 2237//3551
f 2239//3552 2237//3551 2236//3550
f 2236//3550 2234//3451 2253//3450
f 2234//3451 2232//3553 3444//3434
f 2243//3554 2598//3555 2235//3556
f 2242//3557 2253//3558 2254//3559
f 2257//3560 2254//3561 2255//3562
f 2256//3563 2254//3564 2257//3565
f 2259//3566 2256//3492 2257//3567
f 2257//3568 2255//3569 2258//3570
f 2252//3571 2254//3564 2256//3563
f 2255//3562 2253//3572 2258//3573
f 2247//3574 2245//3574 2239//3574
f 2247//3575 2239//3576 2246//3543
f 2586//3577 2600//3578 2230//3579
f 2599//3580 2277//3581 2231//3582
f 2243//3497 2237//3500 2244//3498
f 2245//3499 2238//3583 2239//3584
f 2237//3500 2238//3583 2245//3499
f 2239//3576 2236//3585 2246//3543
f 2248//3502 2246//3586 2236//3587
f 2259//3566 2258//3570 2224//3507
f 2248//3502 2240//3588 2250//3503
f 2251//3506 2240//3589 2242//3590
f 2249//3534 2251//3591 2241//3592
f 2233//3547 2277//3581 2601//3593
f 2586//3577 2234//3451 2235//3549
f 2586//3577 2230//3579 2234//3451
f 2277//3594 2232//3595 2231//3596
f 2288//3436 2265//3597 2289//3598
f 2289//3598 2265//3597 2271//3599
f 3550//3600 1599//1291 2261//3601
f 2260//3184 3550//3600 2261//3601
f 2263//1310 2262//3160 2049//3155
f 2263//1310 2268//1328 2267//3602
f 2268//1328 777//1327 2267//3602
f 2265//3597 2273//1331 2271//3599
f 2262//3160 2267//3602 2283//3603
f 2284//3161 2262//3160 2283//3603
f 2298//3604 2297//3605 781//1330
f 2297//3605 3425//2534 781//1330
f 2270//1320 2269//3606 2271//3599
f 2298//3604 781//1330 2272//1311
f 2298//3604 2295//3607 2297//3605
f 2297//3605 3441//3608 3425//2534
f 1601//2546 3423//3609 2296//3610
f 3550//3600 1770//2547 1599//1291
f 2883//3611 2666//3612 2881//3613
f 2881//3613 2666//3612 3264//3614
f 2232//3595 2277//3594 2274//3615
f 2275//3616 2290//3617 2662//3618
f 2233//3547 2275//3616 2277//3581
f 2274//3619 2663//3620 2660//3621
f 2274//3619 2275//3622 2663//3620
f 2662//3623 2291//3624 2661//3625
f 2661//3625 2276//3626 2658//3627
f 2281//3628 2279//3629 2293//3630
f 2280//3430 2282//3429 2281//3628
f 2282//3429 2279//3629 2281//3628
f 3447//3424 3550//3600 2285//3183
f 2287//3437 2271//3599 2902//3631
f 2264//3632 2894//3633 2893//3634
f 2269//3606 2900//3635 2902//3631
f 3442//3636 3741//3637 2900//3635
f 3739//3638 2296//3610 3423//3609
f 2298//3604 2893//3634 2295//3607
f 2296//3610 3739//3638 2898//3639
f 2293//3630 2294//3640 2290//3617
f 3444//3434 3550//3641 2292//3435
f 2295//3607 2899//3642 3440//3643
f 2275//3616 2293//3630 2290//3617
f 2897//3644 2291//3645 2290//3646
f 2897//3644 2276//3647 2291//3645
f 2307//3648 2302//3649 2310//3650
f 2313//3651 2305//3652 2575//3653
f 2303//3654 2311//3655 2314//3656
f 2314//3657 2311//3658 2306//3659
f 2312//3660 2303//3654 2315//3661
f 2312//3660 2307//3662 2310//3663
f 2306//3664 2301//3665 2309//3666
f 2305//3652 2559//3667 2575//3653
f 2301//3665 2559//3668 2309//3666
f 2302//3669 2299//3670 2310//3671
f 2302//3672 2300//3673 2299//3674
f 2299//3674 2490//3675 2301//3676
f 2312//3660 2310//3663 2303//3654
f 2311//3658 2303//3677 2301//3678
f 2342//3679 2357//3680 2358//3681
f 2357//3680 2340//3682 2338//3683
f 2381//3684 2447//3684 2387//3684
f 2349//3685 2345//3686 2373//3687
f 2363//3688 2336//3689 2319//1608
f 2346//3690 2349//3691 2348//1581
f 2343//3692 2342//3693 2347//3694
f 2324//3695 2347//3696 2345//3697
f 2385//3698 2384//3699 2371//3700
f 2383//1636 2382//1632 2385//3701
f 2382//1632 2384//3702 2385//3701
f 2384//3702 2433//3703 2368//3704
f 2381//3705 2365//3706 2363//3688
f 2382//1632 2353//3707 2433//3703
f 2380//3708 2378//3709 2353//3710
f 2374//3711 2373//3711 2376//3711
f 2373//3712 2377//3713 2376//3714
f 2348//1581 2349//3691 2375//3715
f 2348//1599 2375//3716 2374//1600
f 2373//3717 2374//3717 2375//3717
f 2373//3718 2342//3719 2358//3720
f 2367//3721 2389//3722 2368//3723
f 2384//3724 2369//3725 2371//3726
f 2372//3727 2356//3728 2370//3729
f 2384//3724 2368//3730 2369//3725
f 2367//3731 2368//3731 2433//3731
f 910//1579 2323//1661 2344//1580
f 2447//3732 2339//3733 2362//3734
f 2419//3735 2355//3735 2327//3735
f 2321//3736 2329//3737 2330//3738
f 2321//3736 2330//3738 2331//3739
f 2308//3740 2307//3741 2332//3742
f 2387//3743 2362//3744 2365//3706
f 2367//3745 2433//3746 2425//3747
f 2359//3748 2351//3748 2352//3748
f 2351//3749 2424//3750 2352//3751
f 2332//3752 2328//3753 2322//3754
f 2330//3755 2333//3756 2347//3757
f 2347//3758 2333//3759 2334//3760
f 2335//3761 2347//3758 2334//3760
f 2335//3762 2334//3763 2341//3764
f 2333//3765 2328//3766 2338//3683
f 2337//3767 2332//3768 2327//3769
f 2333//3765 2338//3683 2340//3682
f 2333//3770 2340//3771 2341//3772
f 2324//3773 2321//3773 2331//3773
f 2308//3774 2320//3775 2302//3776
f 2355//3777 2351//3778 2359//3779
f 2355//3780 2359//3781 2337//3767
f 2325//3782 2324//3783 2345//3686
f 873//1501 2302//3776 2320//3775
f 2323//1661 2316//3784 2325//3785
f 2360//3786 2338//3787 2359//3788
f 2358//3789 2361//3790 2377//3791
f 2360//3792 2366//3793 2361//3790
f 2360//3794 2364//3794 2366//3794
f 2317//3795 873//1501 2323//3796
f 2308//3774 2322//3797 2320//3775
f 2357//3680 2360//3792 2361//3790
f 2365//3706 2339//3733 2336//3689
f 2323//1661 2325//3785 2344//1580
f 2388//3798 2369//3725 2389//3799
f 2381//3800 2403//1667 2448//3801
f 970//3802 2399//3803 1921//3108
f 2388//3798 2389//3799 2393//3804
f 2372//3805 2392//3806 2389//3722
f 2391//3014 2392//3807 2372//3727
f 2388//3798 2395//3013 1915//3010
f 2394//3808 1915//3809 1916//3006
f 2395//3810 2390//3811 2397//3812
f 2398//3005 2394//3808 1916//3006
f 2397//3813 2390//3814 2396//3815
f 2385//3698 2371//3700 2399//3816
f 2371//3700 2388//3817 2400//3818
f 2399//3803 970//3802 2386//3819
f 2388//3820 2394//3820 2398//3820
f 2402//3109 2400//3821 2398//3119
f 1921//3108 2400//3821 2402//3109
f 1914//3015 2462//3822 1912//3092
f 2391//3823 2455//3824 2462//3822
f 2309//3825 2409//3826 2410//3827
f 1929//3026 2442//3028 2448//3828
f 2465//3020 2456//3829 1907//3830
f 1912//3092 2462//3822 2464//3831
f 2465//3020 2452//3832 2456//3829
f 2410//3833 2511//3834 2508//3835
f 2305//3836 2404//3837 2559//3668
f 2414//3838 2410//3839 2509//3840
f 2509//3840 2315//3841 2414//3838
f 2312//3842 2509//3843 2413//3844
f 2407//3845 2408//3846 2500//3847
f 2528//3848 2527//3849 2408//3846
f 2305//3836 2405//3850 2404//3837
f 2531//3851 2420//3852 2428//3853
f 2428//3854 2420//3855 2429//3856
f 2431//3857 2537//3858 2430//3859
f 2422//3860 2351//3778 2355//3777
f 2432//3861 2422//3860 2355//3777
f 2355//3862 2419//3862 2432//3862
f 2425//3863 2421//3078 2426//3024
f 2432//3864 2429//3865 2423//3866
f 2351//3749 2422//3867 2424//3750
f 2424//3750 2422//3867 2423//3868
f 2420//3869 2421//3078 2423//3870
f 2433//3703 2352//3751 2424//3750
f 2413//3871 2519//3872 2419//3873
f 2435//3874 2425//3747 2434//3875
f 2441//3876 2445//3127 2541//3877
f 2448//3828 2442//3028 2449//3878
f 2442//3879 2438//3880 2449//3881
f 2436//3882 2425//3747 2435//3874
f 2356//3883 2367//3745 2436//3882
f 2449//3881 2438//3880 2437//3884
f 2435//3885 2434//3886 2426//3024
f 2439//3887 2436//3888 2444//3889
f 2437//3890 2441//3876 2449//3891
f 2441//3035 2437//3892 2440//3017
f 2444//3893 2426//3024 2451//3894
f 2439//3895 2451//3896 2443//3897
f 2406//3898 2309//3899 2410//3900
f 2416//3901 2406//3902 2417//3903
f 2411//3904 2314//3905 2416//3901
f 2332//3768 2412//3906 2327//3769
f 2443//3907 2451//3908 2452//3909
f 2454//3910 2443//3911 2452//3912
f 2455//3913 2443//3911 2454//3910
f 2451//3894 2426//3024 2456//3023
f 2545//3914 2542//3915 2528//3848
f 2454//3910 2452//3912 2457//3916
f 2445//3917 2459//3066 2453//3918
f 2461//3919 2454//3920 2458//3921
f 2452//3909 2451//3908 2456//3922
f 2457//3923 2458//3923 2454//3923
f 2461//3924 2458//3924 2460//3924
f 2455//3925 2461//3925 2462//3925
f 2445//3917 2450//3064 2459//3066
f 2457//3916 2452//3912 2465//3926
f 2464//3927 2460//3928 2465//3929
f 2461//3930 2464//3927 2462//3931
f 2417//3932 2406//3898 2410//3900
f 2327//3769 2413//3871 2419//3873
f 2307//3662 2312//3660 2412//3933
f 2418//3934 2416//3901 2417//3935
f 2417//3936 2414//3937 2418//3938
f 2411//3939 2414//3940 2315//3941
f 2409//3942 2404//3943 2405//3944
f 2405//3945 2313//3946 2415//3947
f 2447//3948 2448//3801 2446//3949
f 2449//3950 2446//3950 2448//3950
f 2471//1726 2608//3951 2625//3952
f 2467//1711 2472//3953 2613//3954
f 2471//1726 2625//3952 2473//3955
f 2476//1710 2472//3953 2467//1711
f 2476//3956 2473//3955 2472//3957
f 2471//3958 2476//3958 2477//3958
f 2466//1728 2604//3959 2486//1734
f 2624//3960 2620//3961 2475//1723
f 2607//3962 2610//1449 2468//1730
f 2610//1449 2604//3959 2466//1728
f 2475//1723 2468//1730 985//1445
f 2480//1452 2630//1454 2632//3963
f 2481//1704 2622//3964 2624//3960
f 2481//1704 2632//3965 2622//3964
f 2482//1715 2480//1452 2632//3963
f 2635//1736 2669//1766 1034//1737
f 1036//1486 2491//1777 2300//3673
f 2636//3966 2635//1736 2484//1735
f 2490//3967 3722//2872 2655//3968
f 2486//1734 2637//3969 1002//1733
f 2668//3970 2653//1775 1002//1733
f 2489//1739 1006//1466 2487//3971
f 2487//3971 2634//3972 3097//3973
f 2300//3673 2490//3675 2299//3674
f 2542//3915 2533//3494 2527//3849
f 2533//3494 2512//3974 2527//3849
f 2431//3056 2204//3485 2539//3484
f 2561//3975 2501//3976 2514//3977
f 2502//3978 2503//3979 2516//3980
f 2515//3981 2513//3982 2578//3983
f 2515//3984 2502//3978 2516//3980
f 2521//3985 2516//3980 2503//3979
f 2501//3976 2513//3986 2515//3987
f 2516//3988 2501//3976 2515//3987
f 2514//3977 2516//3988 2521//3989
f 2504//3990 2580//3991 2519//3992
f 2505//3993 2582//3994 2518//3995
f 2519//3996 2580//3997 2581//3998
f 2519//3999 2505//3993 2518//3995
f 2521//4000 2652//4001 2494//4002
f 2522//4003 2495//4004 2497//4005
f 2503//4006 2652//4001 2521//4000
f 2522//4003 2497//4005 2506//4007
f 2522//4008 2506//4009 2524//4010
f 2524//4011 2507//4012 2520//4013
f 2524//4014 2523//4015 2522//4016
f 2413//4017 2504//4018 2517//4019
f 2538//4020 2544//3496 2545//3914
f 2546//3495 2544//3496 2538//4020
f 2528//3848 2542//3915 2527//3849
f 2541//4021 2545//3914 2446//3949
f 2498//4022 2629//4023 2499//4024
f 2510//4025 2511//4026 2526//4027
f 2651//4028 2492//4029 2493//4030
f 2562//4031 2651//4028 2493//4030
f 2556//4032 2497//4033 2495//4034
f 2511//4035 2584//4036 2507//4037
f 2313//4038 2585//4039 2510//4040
f 2509//3840 2503//4041 2504//4042
f 2505//3993 2581//3998 2579//4043
f 2551//3481 2543//3482 2542//3915
f 2548//4044 2602//4045 2601//4046
f 2597//4047 2592//4048 2596//4049
f 2513//3982 2568//4050 2576//4051
f 2532//4052 2529//4053 2536//4054
f 2531//4055 2532//4052 2420//4056
f 2525//4057 2531//4057 2427//4057
f 2529//4058 2531//4059 2525//4060
f 2538//4061 2537//3858 2540//3489
f 2501//4062 2561//4063 2567//4064
f 2499//4065 2527//3849 2512//3974
f 2594//4066 2595//4067 2534//4068
f 2534//4068 2530//4069 2536//4070
f 2535//4071 2534//4068 2529//4072
f 2535//4073 2525//4073 2534//4073
f 2621//4074 2692//4075 3087//4076
f 2494//4077 2652//4078 2563//4079
f 2493//4080 2553//4081 2564//4082
f 2558//4083 2556//4084 2496//4085
f 2562//4086 2554//4087 2560//4088
f 2562//4089 2564//4090 2555//4091
f 2647//4092 2566//4093 2561//4063
f 2502//3978 2578//4094 2577//4095
f 2575//4096 2558//4097 2585//4039
f 2582//3994 2579//4098 2565//4099
f 2581//3998 2574//4100 2573//4101
f 2581//3998 2573//4101 2579//4043
f 2580//4102 2572//4103 2574//4104
f 2580//4102 2502//4105 2572//4103
f 2577//4095 2571//4106 2502//4107
f 2577//4095 2578//4094 2570//4108
f 2576//4051 2569//4109 2578//3983
f 2578//4094 2569//4110 2570//4108
f 2601//4046 3036//4111 3003//4112
f 2599//3580 2601//3593 2277//3581
f 2568//4050 2569//4109 2576//4051
f 2583//4113 2558//4083 2496//4085
f 2552//4114 3614//4115 2665//4116
f 2564//4117 2552//4114 2565//4118
f 2642//4119 2664//4120 2641//4121
f 2557//4122 2558//4123 2575//4124
f 2601//4125 2599//4126 2644//4127
f 2598//4128 2591//4129 2588//4130
f 2596//4049 2592//4048 2591//4129
f 2595//4067 2594//4066 2590//4131
f 2587//4132 2589//4133 2594//4134
f 2567//4135 2564//4136 2568//4137
f 2642//4138 2640//4139 2644//4140
f 2571//4141 2572//4103 2502//4105
f 2565//4118 2586//4142 2587//4143
f 2570//4144 2565//4145 2572//4146
f 2574//4100 2572//4147 2573//4101
f 2575//4124 2559//4148 2557//4122
f 2645//4149 2554//4150 2555//4151
f 2591//4152 2586//4152 2588//4152
f 2592//4048 2590//4153 2591//4129
f 2589//4154 2586//4142 2591//4155
f 2625//3952 2623//4156 2627//4157
f 2612//4158 2626//4159 2627//4160
f 2612//4158 2613//3954 2626//4159
f 2608//3951 2611//1729 2603//4161
f 2617//4162 2618//4163 2623//4156
f 2620//3961 2614//4164 2609//4165
f 2498//4166 2628//4167 2629//4168
f 2614//4164 2620//3961 2616//4169
f 2616//4169 3063//4170 2614//4164
f 2618//4171 2619//4172 2612//4158
f 3042//4173 2615//4174 2618//4163
f 2618//4171 2615//4175 2619//4172
f 2619//4176 2615//4177 2612//4158
f 2632//3963 2630//1454 2628//4178
f 2629//4179 2628//4180 2630//1395
f 2617//4162 2603//4161 3042//4173
f 2606//4181 2604//3959 2610//1449
f 3042//4173 2603//4161 3037//4182
f 2498//4183 2621//4074 2631//4184
f 2604//3959 2638//4185 2486//1734
f 2603//4161 2605//4186 3041//4187
f 2612//4158 3112//4188 2613//3954
f 3041//4187 2487//3971 3097//3973
f 2606//4181 3040//4189 2604//3959
f 2613//3954 3112//4188 2636//3966
f 2651//4190 2553//4191 2492//4192
f 2603//4161 3041//4187 3037//4182
f 2637//3969 3090//4193 2633//4194
f 3090//4193 3287//4195 2668//3970
f 2554//4196 2643//4197 2651//4198
f 2648//4199 2647//4200 2563//4079
f 2486//1734 2638//4185 2637//3969
f 2613//3954 2636//3966 2488//1721
f 2633//4194 3090//4193 2668//3970
f 2640//4139 3100//4201 2644//4140
f 2643//4202 2552//4202 2553//4202
f 2645//4203 3640//4204 3629//4205
f 2646//4206 3640//4204 2645//4203
f 2634//3972 2654//1774 3277//4207
f 3091//4208 2636//3966 3112//4188
f 2639//4209 2641//4210 2640//4211
f 2650//4212 2557//4122 2559//4213
f 2649//4214 2646//4206 2556//4215
f 2649//4214 2556//4215 2557//4122
f 3722//2872 3718//4216 2655//3968
f 3277//4207 2654//1774 4039//4217
f 2654//1774 1046//1778 2677//1780
f 2673//4218 2670//4219 2666//4220
f 2671//4221 2883//4222 2657//4223
f 2665//4116 3614//4115 2660//4224
f 2664//4225 2660//4226 2656//4227
f 2660//4226 2663//4228 2656//4227
f 2659//4229 2661//3625 2658//3627
f 2659//4230 2658//3627 3275//4231
f 2663//4228 2659//4232 3276//4233
f 2660//4224 3620//4234 3433//4235
f 2659//4232 3275//4236 3276//4233
f 2672//4237 2675//4238 2883//4222
f 2656//4239 2681//4240 2664//4120
f 3276//4241 2679//4242 2680//4243
f 3612//1781 3287//4195 4040//4244
f 2641//4210 2681//4245 2680//4246
f 3315//4247 2670//4248 2671//4249
f 2671//4249 2670//4248 2672//4250
f 3718//4216 3640//4204 2676//4251
f 3279//4252 3288//4253 2669//1766
f 2693//4254 3020//4255 2694//4256
f 2694//4257 2657//4258 2693//4259
f 2694//4256 3020//4255 3031//4260
f 2278//4261 2657//4223 2694//4256
f 2684//4262 3032//4263 2683//4264
f 2684//4262 3028//4265 3032//4263
f 3028//4266 2696//4267 2685//4268
f 2686//4269 3032//4270 3028//4271
f 2683//4272 2682//4273 2687//4274
f 2688//4275 2683//4276 2687//4277
f 2689//4278 2696//4279 3034//4280
f 2685//4281 2688//4282 2686//4283
f 2688//4284 2685//4268 2690//4285
f 3018//4286 2689//4278 3033//4287
f 3033//4287 2689//4278 3034//4280
f 2693//4288 2882//4289 3018//4286
f 2550//4290 2999//4291 2714//3540
f 2687//4292 2837//4293 3027//4294
f 2685//4268 2696//4267 2690//4285
f 2853//4295 2882//4296 2852//4297
f 2696//4298 2882//4296 2853//4295
f 2696//4298 2853//4295 2697//4299
f 2711//4300 2726//4301 2714//3540
f 2691//4302 2711//4300 2714//3540
f 2698//4303 2695//4303 3151//4303
f 2697//4299 2695//4304 2698//4305
f 2690//4306 2697//4307 3002//4308
f 3002//4308 2697//4307 2698//4309
f 2699//4310 3048//4311 3072//4312
f 2986//4313 2705//4314 2700//4315
f 2691//4316 2709//4316 2711//4316
f 2710//4317 2704//4318 2706//4319
f 2708//4320 2704//4318 2710//4317
f 2705//4321 2708//4322 2700//4323
f 2714//3540 2999//4291 2691//4302
f 2706//4319 2702//4324 2870//4325
f 2703//4326 2868//4327 2702//4328
f 2703//4329 2698//4330 2868//4331
f 2995//4332 2698//4330 2703//4329
f 2699//4310 2742//4333 2707//4334
f 2712//4335 2742//4333 2699//4310
f 2715//3537 2701//4336 2713//3538
f 2715//3537 2743//3366 2712//4335
f 2726//4301 2102//3419 2714//3540
f 2743//3366 2742//4333 2712//4335
f 2747//3332 2767//3333 2765//4337
f 2744//4338 2739//4339 2738//4340
f 2741//4341 2753//4342 2744//4343
f 2739//4344 2744//4344 2122//4344
f 2735//4345 2756//4346 2752//4347
f 2151//4348 2756//4346 2743//3366
f 2756//4346 2735//4345 2743//3366
f 2751//4349 2745//3420 2754//3327
f 2734//4350 2747//3332 2765//4337
f 2738//4351 2747//3332 2734//4350
f 2178//3323 2760//4352 2759//3324
f 2741//4341 2737//4353 2732//4354
f 2748//4355 2751//4349 2753//4342
f 2737//4356 2734//4357 2732//4358
f 2725//4359 2833//4360 2748//4355
f 2834//4361 2749//4362 2832//4363
f 2726//4301 2760//4352 2736//3414
f 2721//4364 2719//4365 2717//4366
f 2707//4334 2808//4367 2807//4368
f 2724//4369 2719//4365 2721//4364
f 2720//4370 2723//4371 2765//4337
f 2725//4359 2723//4372 2724//4369
f 2721//4364 2833//4360 2725//4359
f 2724//4369 2721//4364 2725//4359
f 2710//4317 2726//4301 2711//4300
f 2718//4373 2757//4374 2726//4301
f 2726//4301 2757//4374 2760//4352
f 2729//4375 2723//4371 2727//4376
f 2728//4377 2729//4375 2727//4376
f 2730//4378 2733//4379 2728//4380
f 2734//4357 2733//4379 2731//4381
f 2733//4382 2729//4375 2728//4377
f 2733//4382 2734//4350 2729//4375
f 2729//4375 2765//4337 2723//4371
f 2748//4355 2731//4383 2730//4384
f 2735//4345 2722//4385 2742//4333
f 2730//4384 2725//4359 2748//4355
f 2750//4386 2749//4362 2722//4385
f 2763//4387 2745//3420 2751//4349
f 2749//4362 2746//3326 2764//4388
f 2764//4388 2746//3326 2769//4389
f 2825//4390 2889//4391 2952//4392
f 2761//4393 2886//4394 2890//3432
f 2886//4394 2888//4395 2890//3432
f 2761//4393 2770//4396 2886//4394
f 2770//4396 2761//4393 2783//4397
f 2832//4363 2764//4388 2824//4398
f 2836//4399 2768//4400 2892//4401
f 2826//4402 2827//4403 2762//4404
f 2822//4405 2762//4404 2763//4387
f 2287//3437 2895//4406 2768//4400
f 2762//4404 2827//4403 2766//4407
f 2827//4403 2194//3421 2766//4407
f 2769//4389 2768//4400 2836//4399
f 2783//4397 2890//3432 2759//3324
f 2803//4408 2783//4397 2757//4374
f 2719//4409 2758//4410 2716//4411
f 2827//4403 2894//3633 2194//3421
f 2760//4352 2757//4374 2759//3324
f 2783//4397 2759//3324 2757//4374
f 2765//4337 2767//3333 2825//4390
f 2833//4360 2806//4412 2829//4413
f 2860//4414 2771//4415 2855//4416
f 2787//4417 3131//4418 3133//4419
f 2784//4420 2773//4421 2775//4422
f 2776//4423 2771//4415 2786//4424
f 3131//4418 2791//4425 2843//4426
f 2790//4427 2773//4428 2785//4429
f 2824//4398 2836//4399 2835//4430
f 2832//4363 2823//4431 2828//4432
f 2830//4433 2831//4434 2794//4435
f 2860//4436 2784//4420 2786//4437
f 2785//4429 2773//4428 3127//4438
f 2784//4420 3127//4439 2773//4421
f 2844//4440 2785//4441 3129//4442
f 2802//4443 2780//4444 2783//4397
f 2778//4445 2780//4445 2802//4445
f 2782//4446 2778//4447 2802//4448
f 2858//4449 2778//4447 2782//4446
f 2799//4450 2795//4450 2786//4450
f 2797//4451 2795//4452 2796//4453
f 2795//4452 2776//4454 2786//4455
f 2786//4437 2789//4456 2799//4457
f 2830//4433 2787//4458 2807//4368
f 2781//4459 2776//4454 2795//4452
f 2800//4460 2789//4456 2793//4461
f 2779//4462 2774//4463 2780//4444
f 2772//4464 2779//4465 2777//4466
f 2780//4467 2856//4468 2779//4465
f 2870//4325 2867//4469 2801//4470
f 2867//4471 2782//4446 2802//4448
f 2867//4469 2802//4443 2801//4470
f 2801//4470 2802//4443 2803//4408
f 2802//4443 2783//4397 2803//4408
f 2798//4472 2804//4473 2797//4451
f 2797//4451 2758//4410 2781//4459
f 2806//4412 2798//4474 2796//4475
f 2805//4476 2798//4474 2806//4412
f 2806//4412 2796//4475 2800//4460
f 2804//4473 2758//4410 2797//4451
f 2717//4366 2805//4476 2806//4412
f 2828//4477 2791//4425 2794//4478
f 2791//4479 2815//4480 2792//4481
f 2790//4482 2815//4483 2812//4484
f 2857//4485 2771//4415 2777//4466
f 2776//4423 2774//4486 2772//4487
f 2776//4423 2772//4487 2771//4415
f 2826//4402 2891//4488 2827//4403
f 2892//4401 2957//4489 2835//4430
f 2821//4490 2957//4489 2956//4491
f 2826//4402 2951//4492 2891//4488
f 2820//4493 2826//4402 2822//4405
f 2823//4431 2835//4430 2821//4490
f 2816//4494 2773//4421 2811//4495
f 2820//4493 2945//4496 2951//4492
f 2813//4497 2820//4493 2822//4405
f 2776//4454 2781//4459 2810//4498
f 2821//4499 2956//4500 2948//4501
f 2819//4502 2821//4503 2809//4504
f 2821//4503 2819//4502 2828//4477
f 2818//4505 2819//4506 2809//4507
f 2817//4508 2809//4509 2947//4510
f 2820//4493 2944//4511 2945//4512
f 2947//4513 2943//4514 2814//4515
f 2828//4477 2819//4502 2815//4516
f 2819//4506 2818//4505 2815//4517
f 2812//4484 2818//4518 2817//4508
f 2817//4519 2814//4515 2812//4520
f 2820//4493 2816//4521 2944//4511
f 2816//4521 2820//4493 2813//4497
f 2793//4461 2816//4521 2813//4497
f 2811//4495 2814//4522 2816//4494
f 3144//4523 2838//4524 2930//4525
f 3122//4526 3146//4526 3145//4526
f 3125//4527 2838//4528 3144//4529
f 3145//4530 2840//4530 3122//4530
f 2840//4531 2838//4532 2842//4533
f 3126//4534 2838//4528 3125//4527
f 2842//4533 2838//4532 3126//4534
f 2848//4535 2841//4536 2840//4537
f 2852//4297 2882//4296 2841//4536
f 2837//4538 2852//4539 3140//4540
f 3144//4523 2930//4525 3124//4541
f 3131//4418 2843//4426 3249//4542
f 3236//4543 3249//4542 2843//4426
f 2844//4440 3129//4442 3235//4544
f 2788//4545 2785//4546 3236//4547
f 3147//4548 2845//4549 3150//4550
f 2846//4551 2839//4552 3145//4553
f 3130//4554 3256//4555 3135//4556
f 3130//4554 2847//4557 3256//4555
f 2847//4557 2842//4533 3126//4534
f 3150//4550 2845//4549 2848//4558
f 2849//4559 2848//4535 2842//4560
f 2841//4536 2848//4535 3149//4561
f 3149//4561 2848//4535 2850//4562
f 2852//4563 2841//4563 2851//4563
f 2837//4564 2853//4564 2852//4564
f 2869//4565 2867//4469 2870//4325
f 2868//4327 2865//4566 2869//4567
f 2865//4566 2866//4568 2869//4567
f 2864//4569 2863//4570 2866//4571
f 2865//4566 2861//4572 2864//4573
f 2864//4574 2862//4575 2858//4576
f 3132//4577 2854//4578 2862//4575
f 2862//4575 2857//4579 2856//4580
f 2862//4575 2854//4578 2857//4579
f 2860//4436 2859//4581 3143//4582
f 2771//4415 2857//4485 2854//4583
f 2856//4468 2857//4485 2779//4465
f 2857//4485 2777//4466 2779//4465
f 2879//4584 2925//4585 2873//4586
f 2879//4584 2873//4586 2874//4587
f 3268//4588 2876//4589 2874//4590
f 3268//4591 2874//4591 2880//4591
f 2841//4536 2877//4592 2880//4593
f 2276//3626 3275//4231 2658//3627
f 2841//4536 3274//4594 2877//4592
f 2881//4595 3316//4595 3274//4595
f 3267//4596 3268//4597 2875//4598
f 2871//4599 2904//4600 2911//4601
f 2876//4602 2872//4603 2871//4599
f 2877//4604 3272//4605 2875//4598
f 2883//3611 2841//4536 2657//4258
f 2884//4606 3740//4607 3275//4231
f 2889//4391 2950//4608 2952//4392
f 2887//4609 2898//3639 2896//4610
f 2887//4609 2896//4610 2950//4608
f 2889//4391 2887//4609 2950//4608
f 2885//4611 2969//4612 2888//4395
f 2888//4395 2279//3629 2890//3432
f 2885//4611 2949//4613 2969//4612
f 2901//4614 2893//3634 2894//3633
f 2888//4395 2969//4612 2294//4615
f 2895//4406 2953//4616 2892//4401
f 2901//4614 2979//4617 2899//3642
f 2899//3642 3798//4618 3799//4619
f 2294//4615 2969//4612 2897//4620
f 2969//4612 2884//4621 2897//4620
f 2899//3642 3799//4619 3440//3643
f 3739//3638 3737//4622 2896//4610
f 3741//3637 3796//4623 2900//3635
f 2931//4624 2929//4625 2928//4626
f 3387//4627 2920//4628 2917//4629
f 2926//4630 2928//4626 2929//4625
f 2918//4631 3381//4632 2915//4633
f 2920//4634 3386//4635 2917//4636
f 2916//4637 3385//4638 2915//4639
f 2916//4637 2914//4640 2917//4636
f 2914//4641 2913//4642 2912//4643
f 2914//4644 2908//4645 2913//4646
f 2907//4647 2908//4645 2905//4648
f 2906//4649 2913//4650 2907//4647
f 2904//4600 2903//4651 2911//4601
f 2908//4652 3354//4653 2905//4654
f 2907//4647 2905//4648 3378//4655
f 2924//4656 2927//4657 2926//4630
f 2924//4656 2923//4658 2927//4657
f 2923//4659 3381//4632 2918//4631
f 2919//4660 2926//4661 2927//4662
f 2927//4663 2918//4631 2919//4664
f 3385//4665 2926//4661 2919//4660
f 2878//4666 2924//4656 2841//4536
f 2925//4585 2909//4667 3773//4668
f 2923//4658 3727//4669 2910//4670
f 2923//4659 2910//4671 3381//4632
f 2973//4672 2977//4673 3777//4674
f 2955//4675 2954//4676 2956//4491
f 2957//4489 2955//4675 2956//4491
f 2951//4492 2940//4677 2891//4488
f 2954//4676 2980//4678 2978//4679
f 2892//4401 2955//4675 2957//4489
f 2940//4677 2974//4680 2979//4617
f 2937//4681 2932//4682 2942//4683
f 2971//4684 2934//4685 2944//4686
f 2950//4608 2896//4610 2941//4687
f 2976//4688 2950//4608 2941//4687
f 2953//4616 2980//4678 2955//4675
f 2940//4677 2979//4617 2901//4614
f 2938//4689 2939//4690 2973//4672
f 2935//4691 2977//4692 2939//4693
f 2944//4511 2934//4694 2945//4512
f 2947//4513 2938//4695 2943//4514
f 2809//4509 2938//4696 2947//4510
f 2935//4691 2939//4693 2938//4696
f 2956//4500 2946//4697 2948//4501
f 2937//4681 2962//4698 2932//4682
f 2955//4675 2980//4678 2954//4676
f 2970//4699 2968//4700 2941//4687
f 2941//4687 2963//4701 2976//4688
f 3777//4702 3784//4703 2973//4704
f 2954//4705 3797//4706 2972//4707
f 2979//4617 3798//4618 2899//3642
f 3777//4702 3776//4708 3784//4703
f 2974//4680 2958//4709 2979//4617
f 2963//4710 3802//4711 2962//4698
f 2963//4710 3789//4712 3779//4713
f 2965//4714 2964//4715 3780//4716
f 3786//4717 3785//4718 2960//4719
f 2959//4720 2966//4721 2962//4722
f 2967//4723 2959//4724 3789//4725
f 2967//4726 3787//4726 3786//4726
f 3790//4727 3787//4727 2967//4727
f 2966//4728 2967//4728 3786//4728
f 2963//4701 2967//4729 3789//4730
f 2978//4679 3796//4623 3793//4731
f 2968//4732 2961//4733 3788//4734
f 2973//4704 2964//4735 2971//4736
f 2965//4737 2958//4738 2974//4739
f 2934//4685 2971//4684 2965//4714
f 3777//4674 2977//4673 3781//4740
f 2977//4692 3797//4741 3782//4742
f 2963//4701 2941//4687 2968//4700
f 2960//4743 2968//4744 3791//4745
f 3791//4745 2968//4744 2970//4746
f 2953//4616 3796//4623 2980//4678
f 2991//4747 2986//4313 2999//4291
f 2990//4748 3036//4111 3035//4749
f 2990//4748 3035//4749 3034//4750
f 2549//4751 3082//4752 2982//4753
f 2549//4751 3003//4754 3082//4752
f 2692//4075 2998//4755 3087//4076
f 2987//4756 2984//4756 2985//4756
f 2987//4757 2985//4757 2988//4757
f 2988//4758 2985//4759 3013//4760
f 2690//4306 3002//4308 2989//4761
f 3141//4762 3001//4763 2994//4764
f 3013//4765 3015//4766 3026//4767
f 2986//4313 3071//4768 2703//4329
f 2984//4769 3022//4769 2985//4769
f 2683//4272 3032//4770 2682//4273
f 2994//4771 3024//4772 2992//4773
f 3083//4774 3072//4312 3047//4775
f 2993//4776 3022//4777 2992//4778
f 3141//4762 2994//4779 2992//4780
f 3026//4781 3025//4782 3028//4266
f 2987//4783 2989//4784 2995//4332
f 2990//4785 2996//4786 3056//4787
f 2996//4786 3067//4788 3056//4787
f 2278//4261 2674//4789 2657//4223
f 3015//4790 3012//4791 3021//4792
f 2985//4793 3022//4794 3011//4795
f 3022//4796 3023//4796 3014//4796
f 2993//4776 3023//4797 3022//4777
f 2601//4798 2644//4140 3031//4799
f 2644//4140 3006//4800 3031//4799
f 3024//4772 3014//4801 3023//4802
f 3026//4803 3024//4803 3025//4803
f 3020//4804 2693//4805 3116//4806
f 3019//4807 3020//4804 3116//4806
f 3115//4808 3109//4809 3017//4810
f 3116//4811 3018//4286 3110//4812
f 3034//4280 3012//4813 3010//4814
f 2674//4789 2278//4261 3283//4815
f 3031//4260 3283//4815 2278//4261
f 3028//4266 3012//4791 2696//4267
f 3001//4816 3024//4772 2994//4771
f 3109//4817 3110//4812 3017//4818
f 3004//4819 3016//4820 3009//4821
f 3032//4822 3027//4823 3024//4772
f 3024//4772 3027//4823 3014//4801
f 3025//4782 3012//4791 3028//4266
f 3016//4820 3029//4824 3009//4821
f 3029//4824 3034//4825 3010//4826
f 3035//4827 3017//4827 3033//4827
f 3035//4749 3033//4828 3034//4750
f 3019//4829 3031//4830 3020//4831
f 3036//4111 2601//4046 3031//4830
f 3035//4832 3030//4833 3017//4810
f 3036//4834 3030//4833 3035//4832
f 3007//4835 3011//4836 3190//4837
f 3009//4838 3007//4839 3008//4840
f 3004//4841 3138//4842 3066//4843
f 3066//4843 3138//4842 2983//4844
f 3009//4845 3008//4846 3138//4842
f 3008//4846 3005//4847 3138//4842
f 3005//4848 3007//4835 3190//4837
f 3056//4849 3067//4850 3077//4851
f 3075//4852 3076//4853 3074//4854
f 3060//4855 3059//4856 3074//4857
f 3078//4858 3073//4859 3068//4860
f 3068//4860 3073//4859 3067//4850
f 3155//4861 3095//4862 3039//4863
f 3037//4182 3096//4864 3093//4865
f 3095//4862 3094//4866 3040//4189
f 3047//4775 3072//4312 3048//4311
f 3079//4867 3078//4868 3071//4768
f 3067//4869 3016//4820 3065//4870
f 3080//4871 3058//4871 3060//4871
f 3076//4872 3081//4872 3080//4872
f 3037//4182 3041//4187 3096//4864
f 3046//4873 3048//4311 3045//4874
f 3048//4311 3046//4873 3047//4775
f 3048//4311 3178//4875 3045//4874
f 3086//4876 2982//4877 3085//4878
f 3082//4752 3081//4879 3085//4880
f 3065//4870 3066//4881 3069//4882
f 3104//4883 3106//4884 3044//4885
f 3106//4886 3107//4887 3044//4888
f 3050//4889 3105//4890 3111//4891
f 3043//4892 3044//4885 3051//4893
f 3053//4894 3105//4890 3050//4889
f 3043//4892 3051//4893 3053//4895
f 3054//4896 3050//4889 3052//4897
f 3049//4898 3053//4895 3054//4899
f 3038//4900 3046//4873 3167//4901
f 3058//4902 3056//4903 3057//4904
f 3060//4905 3058//4902 3057//4904
f 3055//4906 3077//4907 3074//4857
f 3062//4908 3052//4897 3111//4891
f 3062//4908 3111//4891 3112//4188
f 3061//4909 3052//4897 3062//4910
f 3065//4911 3069//4912 3067//4850
f 3068//4860 3069//4912 3070//4913
f 2621//4074 3087//4076 3064//4914
f 3085//4915 3076//4853 3084//4916
f 3086//4917 3085//4915 3084//4916
f 3071//4768 3068//4918 3070//4919
f 3042//4173 3061//4920 2615//4174
f 2674//4789 3283//4815 2671//4221
f 3102//4921 3101//4922 3103//4923
f 3100//4201 3102//4924 3283//4925
f 3283//4925 3102//4924 3103//4926
f 3103//4923 3101//4922 3099//4927
f 3101//4922 3280//4928 3099//4927
f 3092//4929 3200//4930 3396//4931
f 3096//4864 3202//4932 3153//4933
f 3093//4865 3096//4864 3153//4933
f 3396//4931 3090//4193 3094//4866
f 3092//4929 3094//4866 3095//4862
f 3105//4890 3160//4934 3111//4891
f 3107//4887 3160//4934 3105//4890
f 3106//4886 3172//4935 3170//4936
f 3106//4886 3170//4936 3107//4887
f 3120//4937 3190//4837 3117//4938
f 3118//4939 3119//4940 3120//4941
f 3097//3973 3089//4942 3096//4864
f 3100//4943 3280//4944 3101//4945
f 3280//4928 3281//4946 3099//4927
f 3281//4947 3098//4947 3099//4947
f 3277//4207 3278//4948 3202//4932
f 3099//4949 3098//4949 3285//4949
f 3114//4950 3116//4950 3108//4950
f 3108//4951 3113//4952 3114//4953
f 3109//4954 3114//4955 3113//4956
f 3113//4957 3110//4812 3109//4817
f 2807//4368 3133//4958 3192//4959
f 3235//4544 3127//4960 3210//4961
f 3131//4418 3249//4542 3233//4962
f 3248//4963 3239//4964 3128//4965
f 3130//4966 3248//4967 3132//4968
f 3133//4419 3131//4418 3238//4969
f 3256//4555 3126//4534 3250//4970
f 3165//4971 3245//4972 3134//4973
f 3255//4974 3248//4967 3130//4966
f 3183//4975 3181//4976 2850//4977
f 3255//4978 3135//4979 3254//4980
f 3149//4981 3180//4982 3179//4983
f 3121//4984 3123//4985 3247//4986
f 3123//4985 3124//4541 3352//4987
f 3165//4971 3134//4973 2846//4551
f 3138//4842 3183//4975 3137//4988
f 3139//4989 3137//4990 2861//4572
f 3142//4991 3189//4991 3191//4991
f 3142//4992 3191//4993 3136//4994
f 3011//4836 3140//4540 3136//4994
f 3139//4989 2861//4572 2865//4566
f 3189//4995 3142//4996 3152//4997
f 2851//4998 3152//4999 3142//4992
f 3139//4989 2865//4566 3151//5000
f 3133//4958 3238//4969 3192//4959
f 3140//4540 2851//4998 3142//4992
f 3148//5001 3149//4981 3189//4995
f 2846//4551 3145//4553 3158//5002
f 3128//5003 3239//5004 3143//4582
f 3124//4541 2929//5005 3351//5006
f 3122//5007 3222//5008 3146//5009
f 3125//4527 3144//4529 3121//5010
f 3145//4553 3157//5011 3158//5002
f 3145//4553 3222//5012 3157//5011
f 2992//4780 2984//5013 3141//4762
f 2983//4844 3138//4842 3139//5014
f 3177//5015 3162//5016 3156//5017
f 3177//5015 3164//5018 3162//5016
f 3178//4875 3238//4969 3164//5018
f 3156//5017 3167//4901 3045//4874
f 3202//4932 3278//4948 3394//5019
f 3159//5020 3403//5021 3284//5022
f 3092//4929 3201//5023 3200//4930
f 3226//5024 3154//5025 3156//5017
f 3226//5024 3203//5026 3154//5025
f 3178//4875 3156//5017 3045//4874
f 3203//5026 3201//5023 3154//5025
f 3175//5027 3173//5028 3174//5029
f 3176//5030 3174//5030 3173//5030
f 3172//4935 3169//5031 3168//5032
f 3171//5033 3168//5032 3169//5031
f 3170//4936 3168//5032 3160//4934
f 3171//5034 3214//5035 3168//5032
f 3171//5036 3161//5037 3163//5038
f 3171//5034 3163//5039 3214//5035
f 3166//5040 3169//5041 3172//5042
f 3166//5040 3161//5037 3169//5041
f 3156//5017 3154//5025 3167//4901
f 3178//4875 3192//4959 3238//4969
f 3161//5037 3166//5040 3207//5043
f 3182//5044 3180//5045 3181//5046
f 3162//5016 3243//5047 3156//5017
f 3176//5048 3191//4993 3184//5049
f 3191//5050 3189//5051 3184//5052
f 3119//4940 3182//5053 3183//4975
f 3190//4837 3186//5054 3117//4938
f 3136//4994 3176//5048 3186//5054
f 3118//4939 3182//5053 3119//4940
f 3188//5055 3117//5056 3186//5057
f 3186//5058 3185//5059 3188//5060
f 3187//5061 3179//4983 3180//4982
f 3185//5062 3174//5029 3187//5063
f 3220//5064 3158//5065 3157//5066
f 3182//5053 3181//4976 3183//4975
f 3256//4555 3250//4970 3253//5067
f 3253//5067 3250//4970 3252//5068
f 3220//5064 3223//5069 3244//5070
f 3243//5047 3238//4969 3230//5071
f 3238//4969 3243//5047 3164//5018
f 3242//5072 3214//5072 3163//5072
f 3242//5073 3241//5073 3214//5073
f 3251//5074 3248//4967 3252//5075
f 3252//5068 3250//4970 3251//5076
f 3240//5077 3248//4963 3251//5078
f 3242//5079 3207//5043 3241//5080
f 3250//4970 3212//5081 3240//5082
f 3127//5083 3209//5084 3210//5085
f 3238//4969 3231//5086 3230//5071
f 3237//5087 3235//5088 3236//5089
f 3234//5090 3239//5091 3212//5092
f 3249//5093 3229//5094 3228//5095
f 3211//5096 3209//5084 3234//5097
f 3233//4962 3228//5098 3231//5086
f 3232//5099 3234//5090 3208//5100
f 3228//5095 3229//5094 3227//5101
f 3207//5043 3211//5096 3232//5102
f 3207//5043 3198//5103 3211//5096
f 3229//5104 3210//5105 3199//5106
f 3226//5107 3228//5098 3203//5108
f 3228//5098 3196//5109 3203//5108
f 3228//5095 3206//5110 3196//5111
f 3227//5112 3225//5113 3206//5110
f 3212//5114 3224//5115 3404//5116
f 3224//5117 3217//5118 3221//5119
f 3219//5120 3218//5121 3216//5122
f 3217//5123 3216//5122 3215//5124
f 3208//5125 3213//5126 3241//5127
f 3207//5043 3153//4933 3197//5128
f 3205//5129 3395//5130 3411//5131
f 3198//5103 3395//5130 3205//5129
f 3199//5106 3205//5132 3411//5133
f 3206//5110 3199//5134 3196//5111
f 3197//5128 3198//5103 3207//5043
f 3212//5081 3246//5135 3224//5136
f 3216//5137 3352//4987 3406//5138
f 3218//5139 3247//4986 3216//5137
f 3247//4986 3123//4985 3216//5137
f 3219//5140 3246//5135 3121//5010
f 3218//5141 3121//5010 3247//5142
f 3223//5143 3222//5008 3122//5007
f 3202//4932 3394//5019 3197//5128
f 3213//5126 3208//5125 3403//5144
f 3209//5145 3205//5145 3210//5145
f 3194//5146 3391//5147 3193//5148
f 3392//5149 3393//5150 3195//5151
f 3195//5151 3393//5150 3196//5152
f 3198//5103 3394//5153 3395//5154
f 3199//5155 3195//5151 3196//5152
f 3200//4930 3193//5156 3396//4931
f 3208//5125 3212//5157 3403//5144
f 3273//5158 3269//5159 3272//5160
f 3307//5161 3273//5162 3274//5163
f 3271//5164 3269//5159 3273//5158
f 3271//5165 3273//5165 3263//5165
f 3318//5166 3276//4241 3271//5167
f 3275//4231 3270//5168 4036//5169
f 3271//5167 3263//5170 3300//5171
f 3296//5172 3268//4597 3267//4596
f 3261//5173 3266//5174 2876//4589
f 2876//4589 3266//5174 2872//5175
f 3266//5176 3259//5177 4029//5178
f 3265//5179 3321//5180 3259//5181
f 3261//5173 3262//5182 3266//5174
f 3315//5183 3308//5184 3316//5185
f 3318//5166 3271//5167 3305//5186
f 3303//5187 3263//5188 3273//5162
f 3355//5189 3258//5190 3320//5191
f 3262//5182 4022//5192 4024//5193
f 3257//5194 4022//5195 3261//5196
f 3278//4948 4038//5197 4150//5198
f 3396//4931 3286//5199 3287//4195
f 3278//4948 4039//4217 4038//5197
f 3278//4948 3277//4207 4039//4217
f 3098//5200 3281//5200 3282//5200
f 3280//4944 3311//5201 3281//5202
f 3285//5203 3313//5204 3314//5205
f 3282//5206 3311//5207 3313//5208
f 4143//5209 4040//4244 3286//5199
f 3295//5210 3296//5211 3304//5212
f 3295//5210 3304//5212 3292//5213
f 3299//5214 3301//5215 3302//5216
f 3301//5217 3298//5217 3300//5217
f 3292//5218 4060//5219 3291//5220
f 3317//5221 3415//5222 3260//5223
f 3297//5224 3293//5224 3289//5224
f 3291//5225 3294//5226 3295//5227
f 3289//5228 4163//5229 3413//5230
f 3291//5220 4051//5231 4163//5229
f 3289//5232 3415//5222 3297//5233
f 3290//5234 4042//2799 3288//4253
f 3314//5235 3312//5235 3302//5235
f 3311//5236 3312//5237 3313//5238
f 3302//5239 3307//5240 3314//5205
f 2679//5241 3299//5242 3280//4944
f 2679//4242 3309//5243 3306//5244
f 2679//5241 3306//5245 3299//5242
f 2680//4246 2679//5241 3280//4944
f 3337//5246 4094//5247 3338//5248
f 3338//5248 3340//5249 3337//5246
f 3335//5250 3330//5251 3332//5252
f 3333//5253 3334//5254 3331//5255
f 3332//5256 3328//5257 3335//5258
f 3330//5259 3331//5255 3329//5260
f 3325//5261 3326//5262 3328//5263
f 3323//5264 3326//5262 3325//5261
f 3324//5265 3323//5264 3325//5261
f 3326//5262 3327//5266 3377//5267
f 3342//5268 4097//5269 3257//5194
f 2906//5270 3333//5270 3330//5270
f 3335//5271 2906//5271 3330//5271
f 3378//4655 3327//5272 3334//5254
f 3335//5273 3328//5274 3377//5275
f 3333//5253 2906//4649 3378//4655
f 3379//5276 3377//5277 3380//5278
f 3378//4655 2905//4648 3327//5272
f 3257//5194 3260//5279 3342//5280
f 3342//5280 3260//5279 3336//5281
f 3319//5282 3337//5283 3320//5284
f 3340//5285 3320//5191 3337//5286
f 3352//4987 3351//5006 3349//5287
f 3341//5288 3353//5289 3381//4632
f 2908//4652 3381//4632 3353//5289
f 2910//4671 2903//5290 3338//5248
f 3401//5291 3344//5292 3421//5293
f 3350//5294 3344//5292 3349//5287
f 3322//5295 3323//5264 3353//5289
f 3351//5006 2931//5296 3350//5294
f 3375//5297 3371//5298 3363//5299
f 3374//5300 3361//5301 3366//5302
f 3361//5301 3359//5303 3366//5302
f 3372//5304 3373//5305 3350//5294
f 3366//5306 3345//5307 3350//5294
f 3369//5308 3368//5309 2916//5310
f 3367//5311 2916//5312 3368//5313
f 3359//5314 3348//5315 3366//5316
f 3359//5314 3368//5317 3348//5315
f 3367//5318 3357//5318 3347//5318
f 3348//5319 3345//5307 3366//5306
f 3357//5320 3346//5320 3347//5320
f 3357//5321 3341//5322 3346//5323
f 3354//5324 3324//5325 3364//5326
f 3362//5327 3364//5326 3324//5325
f 3332//5328 3362//5329 3325//5330
f 3362//5329 3324//5331 3325//5330
f 3360//5332 3364//5333 3362//5334
f 2914//4641 3360//5335 3358//5336
f 3363//5337 2914//4641 3358//5336
f 3365//5338 3382//5338 3363//5338
f 3382//5339 3365//5339 3383//5339
f 3384//5340 3354//5341 3364//5342
f 3379//5276 3380//5278 3384//5340
f 3379//5343 3384//5343 3364//5343
f 2914//4641 2912//4643 3360//5335
f 3360//5332 3362//5334 3330//5251
f 3359//5344 3361//5345 3358//5336
f 3385//5346 2916//5312 3367//5311
f 3348//5319 3385//5347 3367//5348
f 3369//5308 2916//5310 3386//5349
f 3370//5350 3369//5351 3386//5352
f 3370//5353 3385//5347 3348//5319
f 3386//5354 3385//5347 3370//5353
f 3345//5307 3343//5355 3344//5292
f 3342//5280 3343//5355 3339//5356
f 3322//5357 3353//5358 3356//5359
f 3321//5180 3340//5360 4124//5361
f 3387//5362 3375//5363 3361//5345
f 3376//5364 3373//5305 3372//5304
f 3373//5305 3388//5365 3374//5366
f 3376//5364 2922//5367 3373//5305
f 2917//5368 3382//5369 3387//5362
f 3336//5370 3419//5371 3343//5355
f 3406//5138 3215//5372 3216//5137
f 3221//5373 3215//5373 3406//5373
f 3389//5374 4149//5375 4148//5376
f 3390//5377 4149//5375 3389//5374
f 3409//5378 4149//5379 3390//5380
f 3389//5374 4143//5209 3391//5381
f 3390//5377 3389//5374 3391//5147
f 4150//5382 4146//5383 3395//5154
f 3278//4948 4150//5198 3394//5019
f 3406//5384 3405//5385 3404//5386
f 3399//5387 3290//5234 3403//5021
f 3404//5388 3418//5389 3399//5390
f 3411//5131 3395//5130 4146//5391
f 3393//5150 3392//5149 3390//5380
f 3392//5392 3410//5393 3409//5394
f 3411//5133 3410//5393 3392//5392
f 3421//5395 3400//5396 3401//5397
f 3400//5396 3421//5395 3417//5398
f 3401//5397 3400//5396 3418//5399
f 3418//5400 3400//5396 3417//5398
f 4148//5376 4143//5209 3389//5374
f 3408//5401 4144//5402 3409//5378
f 3410//5393 3408//5403 3409//5394
f 3410//5404 4147//5405 4179//5406
f 3411//5131 4146//5391 4147//5405
f 3336//5370 3412//5407 3419//5371
f 4166//5408 4162//5409 3417//5410
f 3397//5411 3398//5412 4164//5413
f 4166//5414 3397//5411 4165//5415
f 3420//5416 4164//5417 3398//5418
f 3419//5419 3412//5420 4164//5417
f 3418//5389 3416//5421 3399//5390
f 4150//5198 4038//5197 4178//5422
f 3414//5423 3412//5407 3260//5223
f 3414//5423 3260//5223 3415//5222
f 3343//5355 3420//5416 3421//5293
f 4166//5414 4165//5415 4161//5424
f 3416//5421 3407//5425 4153//5426
f 4179//5427 4177//5428 3408//5403
f 3441//3608 3424//2536 3425//2534
f 3442//3636 1611//1322 3429//5429
f 3441//3608 3452//5430 3424//2536
f 3424//2536 3451//5431 3428//5432
f 3429//5429 3431//2533 3453//5433
f 3452//5430 3451//5431 3424//2536
f 3429//5429 3453//5433 3438//5434
f 1601//2546 3426//2543 3423//3609
f 3426//2543 3450//5435 3422//5436
f 3470//5437 3473//2551 3468//5438
f 3880//5439 3448//5440 3451//5431
f 3432//5441 3624//5442 3437//5443
f 2274//5444 3433//4235 3444//3434
f 3625//5445 3436//5446 3435//5447
f 3624//5448 3625//5445 3434//5449
f 3616//5450 3615//5450 3725//5450
f 3433//5451 3432//5452 3507//5453
f 3446//5454 3445//5455 3437//5443
f 3422//5436 3735//5456 3739//3638
f 3750//5457 3439//5458 3440//3643
f 3423//3609 3422//5436 3739//3638
f 3435//5447 3436//5446 3736//5459
f 3736//5460 3434//5460 3435//5460
f 3471//2563 3556//5461 3557//5462
f 3445//5455 3443//5463 3510//5464
f 3452//5430 3749//5465 3451//5431
f 3471//2563 3745//5466 3450//5435
f 3449//5467 3558//5468 3746//5469
f 3880//5439 3559//5470 3448//5440
f 3443//5463 3555//5471 3510//5464
f 3463//2792 3458//5472 3460//5473
f 3461//2684 3462//2683 3457//5474
f 3463//2792 3543//5475 3458//5472
f 3454//2584 3455//5476 3505//5477
f 3458//5472 3543//5475 3537//5478
f 3456//5479 3664//2885 1872//2827
f 3459//2682 3456//5479 1697//5480
f 3458//5481 3457//5482 3460//5483
f 3460//5483 3457//5482 3462//2677
f 3457//5474 3456//5479 3459//2682
f 3454//2584 3505//5477 3474//2710
f 3537//5484 3534//5485 3458//5481
f 3534//5486 3456//5479 3457//5474
f 3464//5487 3499//2715 1735//2714
f 1785//2729 3501//2750 3465//5488
f 3464//5487 3492//5489 3499//2715
f 3504//2735 3503//5490 3467//2552
f 3469//5491 3464//5487 1739//2712
f 3468//5438 3467//2552 3560//5492
f 3465//5488 3501//2750 3556//5461
f 3448//5440 3466//5493 3469//5491
f 3559//5470 3466//5493 3448//5440
f 3471//2563 3465//5488 3556//5461
f 3492//5489 3487//5494 3491//5495
f 3483//5496 3489//5497 3488//5498
f 3496//5499 3494//5499 3493//5499
f 3496//5500 3493//5500 3494//5500
f 3489//5501 3491//5502 3487//5503
f 3497//5504 3498//5504 3495//5504
f 3490//5505 3492//5506 3491//5502
f 3497//5507 3492//5508 3490//5509
f 3490//5510 3483//5496 3556//5461
f 3485//5511 3609//5512 3484//5513
f 3556//5461 3497//5514 3490//5510
f 3556//5461 3501//2750 3497//5514
f 3484//5513 3481//5515 3485//5511
f 3481//5515 3484//5513 3482//5516
f 3611//5517 3483//5496 3482//5518
f 3499//5519 3492//5508 3497//5507
f 3502//5520 3498//5521 3500//5522
f 3499//5523 3498//5523 3502//5523
f 3476//2755 3574//5524 3477//2753
f 3478//5525 3608//5526 3503//5490
f 3475//2774 3570//5527 3587//2775
f 3474//2710 3570//5527 3475//2774
f 3608//5526 3479//2793 3586//5528
f 3587//2775 3586//5528 3479//2793
f 3516//5529 3667//5530 3511//5531
f 3508//5532 3665//5533 3669//5534
f 3506//5535 4239//5536 3670//5537
f 3455//5476 3665//5533 3505//5477
f 3507//5538 3515//5539 3519//5540
f 3542//5541 3541//5542 3525//5543
f 3541//5542 3529//5544 3523//5545
f 3512//5546 3514//5547 3506//5548
f 3517//5549 3512//5546 3672//5550
f 3508//5532 3669//5534 3848//5551
f 3514//5552 3509//5553 3506//5535
f 3850//5554 3514//5555 3517//5556
f 3508//5532 3848//5551 3540//5557
f 3517//5558 3538//5559 3850//5560
f 3848//5551 3563//5561 3540//5557
f 3563//5561 3848//5551 3882//5562
f 3520//5563 3521//5564 3523//5565
f 3523//5565 3521//5564 3524//5566
f 3523//5565 3524//5566 3525//5567
f 3522//5568 3526//5569 3521//5570
f 3529//5571 3520//5572 3523//5573
f 3529//5574 3516//5575 3527//5576
f 3524//5577 3528//5578 3530//5579
f 3530//5580 3526//5580 3524//5580
f 3541//5542 3523//5545 3525//5543
f 3529//5544 3518//5581 3515//5582
f 3535//5583 3534//5485 3537//5484
f 3531//5584 3532//5585 3533//5586
f 3534//5486 3535//5587 3532//5588
f 3535//5589 3536//5590 3532//5591
f 3536//5590 3535//5589 3537//5592
f 3456//5479 3667//5593 3664//2885
f 3534//5486 3532//5588 3456//5479
f 3557//5462 3556//5461 3553//5594
f 3559//5470 3920//5595 3547//5596
f 3558//5468 3914//5597 3877//5598
f 3559//5470 3547//5596 3609//5512
f 3560//5492 3602//5599 3914//5597
f 3507//5538 3546//5600 3444//3434
f 3554//5601 3595//5602 3480//5603
f 3554//5601 3545//5604 3581//5605
f 3503//5490 3602//5599 3560//5492
f 3915//5606 3871//5607 3553//5594
f 3744//5608 3551//5609 3555//5610
f 3549//5611 3551//5612 3548//5613
f 3592//5614 3588//5615 3552//5616
f 3867//5617 3548//5618 3551//5609
f 3550//3641 3546//5600 3545//5619
f 3544//5620 3548//5613 3579//5621
f 3548//5618 3906//5622 3579//5623
f 3544//5620 3517//5549 3510//5464
f 3546//5600 3576//5624 3545//5619
f 3544//5620 3578//5625 3517//5549
f 3449//5467 3560//5492 3558//5468
f 3611//5517 3605//5626 3553//5594
f 3556//5461 3611//5517 3553//5594
f 3592//5614 3590//5627 3588//5615
f 3593//5628 3590//5629 3592//5630
f 3590//5631 3584//5632 3589//5633
f 3590//5627 3589//5634 3588//5615
f 3584//5632 3916//5635 3887//5636
f 3589//5634 3580//5637 3588//5615
f 3580//5638 3584//5639 3567//5640
f 3580//5641 3915//5606 3588//5642
f 3580//5638 3567//5640 3568//5643
f 3576//5644 3519//5645 3575//5646
f 3578//5625 3539//5647 3517//5549
f 3578//5648 3904//5649 3562//5650
f 3565//5651 3885//5652 3902//5653
f 3906//5622 3578//5648 3579//5623
f 3544//5620 3579//5621 3578//5654
f 3577//5655 3575//5646 3518//5656
f 3577//5657 3518//5658 3571//5659
f 3542//5541 3571//5660 3541//5542
f 3576//5644 3577//5655 3581//5605
f 3582//5661 3571//5660 3542//5541
f 3577//5657 3582//5662 3581//5663
f 3581//5605 3545//5604 3576//5644
f 3569//5664 3518//5581 3529//5544
f 3594//5665 3590//5666 3591//5667
f 3917//5668 3916//5635 3599//5669
f 3599//5669 3916//5635 3590//5631
f 3547//5596 3917//5668 3599//5669
f 3582//5661 3480//5603 3595//5602
f 3592//5630 3600//5670 3593//5628
f 3598//5671 3597//5671 3601//5671
f 3593//5672 3599//5672 3594//5672
f 3592//5630 3601//5673 3600//5670
f 3596//5674 3599//5675 3600//5676
f 3596//5677 3597//5678 3547//5596
f 3547//5596 3599//5669 3596//5677
f 3480//5603 3582//5661 3583//5679
f 3601//5673 3604//5680 3598//5681
f 3605//5626 3601//5673 3592//5630
f 3604//5682 3606//5683 3603//5684
f 3606//5683 3604//5682 3605//5685
f 3609//5512 3547//5596 3606//5686
f 3606//5686 3607//5687 3609//5512
f 3567//5688 3584//5632 3561//5689
f 3607//5690 3605//5691 3610//5692
f 3609//5512 3607//5687 3610//5693
f 3586//5528 3911//5694 3919//5695
f 3582//5661 3542//5541 3574//5524
f 3573//5696 3536//5697 3572//5698
f 3563//5561 3910//5699 3570//5527
f 3566//5700 3561//5689 3564//5701
f 3561//5689 3883//5702 3565//5703
f 3885//5652 3565//5651 3883//5704
f 3565//5651 3566//5705 3564//5706
f 3563//5561 3882//5562 3910//5699
f 3575//5646 3519//5645 3518//5656
f 3562//5707 3538//5708 3539//5647
f 3569//5664 3571//5660 3518//5581
f 3570//5527 3540//5557 3563//5561
f 1823//2808 3633//5709 3613//1779
f 4037//5710 3676//2817 1819//2812
f 3630//2813 3679//5711 1824//2814
f 3619//5712 3674//5713 3635//5714
f 3635//5714 3674//5713 3684//5715
f 3617//5716 3635//5717 3628//5718
f 3615//5719 3636//5720 3618//5721
f 3619//5722 3673//5723 3674//5724
f 3616//5725 3638//5726 3615//5719
f 3619//5712 3635//5714 3617//5727
f 3636//5720 3634//5728 3618//5721
f 3432//5441 3622//5729 3624//5442
f 3623//5730 3625//5445 3624//5731
f 3625//5445 3623//5730 3621//5732
f 3623//5733 3622//5734 4034//5735
f 3622//5734 3620//5736 3617//5737
f 3622//5734 3617//5737 4034//5735
f 3620//5736 3619//5722 3617//5737
f 4040//4244 4037//5710 1819//2812
f 3629//5738 3720//5739 3614//4115
f 4044//5740 3628//5718 4072//5741
f 3640//4204 3718//4216 3629//4205
f 4042//2799 3626//2810 1821//2798
f 4262//5742 3630//2813 3631//2816
f 4037//5710 4256//5743 3676//2817
f 3628//5744 3635//5745 3684//5746
f 4271//5747 3634//5748 3637//5749
f 3637//5749 3636//5750 3638//5751
f 3725//5752 3637//5753 3638//5726
f 3633//5709 4067//5754 4039//4217
f 4262//5742 3679//5711 3630//2813
f 3679//5711 3680//5755 3646//2889
f 1876//2809 1880//2864 3632//5756
f 3679//5711 3646//2889 1881//2854
f 3695//5757 3696//2890 3645//5758
f 3711//5759 3689//5760 3647//2894
f 3651//5761 3705//5762 3659//2906
f 3705//5762 3712//5763 3659//2906
f 3649//2868 3711//5759 3647//2894
f 3691//5764 3690//5765 3648//2870
f 3648//2870 3690//5765 3693//5766
f 3653//2896 3693//5766 3692//5767
f 3658//2913 3661//5768 1889//5769
f 1890//2912 3661//5770 3660//2914
f 3660//2914 3649//2868 1891//2911
f 3660//2914 3711//5759 3649//2868
f 3658//5771 3660//5771 3661//5771
f 3658//5772 3655//5773 3660//2914
f 3642//2886 3663//5774 1902//2893
f 3662//2873 1902//2893 3663//5774
f 3658//2913 3712//5763 3657//5775
f 3712//5763 3715//5776 3657//5775
f 3657//5777 3655//5773 3658//5772
f 3715//5776 3656//5778 3657//5775
f 3656//5779 3655//5773 3657//5777
f 3652//2866 3654//2917 3716//5780
f 3663//5774 3721//5781 3662//2873
f 3722//2872 3662//2873 3718//4216
f 3652//2866 3716//5780 1901//2852
f 3692//5767 3713//5782 3654//2917
f 3696//2890 4278//5783 3691//5764
f 3670//5784 4244//5785 4245//5786
f 3663//5774 3664//2885 3719//5787
f 3672//5550 3506//5548 3670//5788
f 3673//5789 3510//5790 3675//5791
f 3682//5792 4224//5793 3681//5794
f 3674//5724 3673//5723 3675//5795
f 3675//5796 3671//5797 4224//5798
f 3620//4234 3720//5739 3673//5799
f 3510//5464 3672//5550 3675//5800
f 3665//5533 3707//5801 3717//5802
f 3671//5797 4245//5786 4222//5803
f 3671//5797 3675//5796 3670//5784
f 3674//5713 3668//5804 3683//5805
f 4306//5806 3705//5762 3680//5755
f 3680//5755 4261//5807 4306//5806
f 3684//5746 3683//5808 3682//5809
f 3684//5746 3681//5810 4263//5811
f 4256//5743 3645//5758 3643//5812
f 3678//5813 3697//2892 4279//5814
f 4257//5815 3678//5813 4279//5814
f 4262//5742 4398//5816 3679//5711
f 3679//5711 4398//5816 3680//5755
f 3714//5817 3708//5818 3709//5819
f 3712//5763 3714//5817 3715//5776
f 3714//5820 3710//5821 3711//5759
f 3705//5762 3703//5822 3712//5763
f 3703//5822 3708//5818 3712//5763
f 3703//5822 3701//5823 3708//5818
f 3710//5821 3701//5824 3702//5825
f 3713//5782 3688//5826 3700//5827
f 3713//5782 3706//5828 3707//5801
f 3703//5822 3704//5829 3698//5830
f 3698//5830 3701//5823 3703//5822
f 3698//5831 4285//5832 3701//5824
f 3701//5824 4285//5832 3702//5825
f 3702//5825 4285//5832 3689//5760
f 3677//5833 4278//5783 3695//5757
f 3717//5802 3706//5828 4229//5834
f 3666//5835 3716//5780 3707//5801
f 3694//5836 3689//5760 4277//5837
f 3687//2918 3689//5760 3694//5836
f 3721//5781 3719//5787 3718//5838
f 3718//5838 3662//2873 3721//5781
f 4279//5814 3650//5839 3694//5836
f 4278//5783 3685//5840 3691//5764
f 4306//5806 4288//5841 3704//5829
f 4306//5806 3704//5829 3705//5762
f 3654//2917 3707//5801 3716//5780
f 3685//5840 3686//5842 3690//5765
f 3690//5765 3686//5842 3688//5826
f 3691//5764 3685//5840 3690//5765
f 3707//5801 3706//5828 3717//5802
f 3692//5767 3690//5765 3688//5826
f 3723//5843 2904//5844 2871//5845
f 3723//5843 2871//5845 2872//5846
f 3726//5847 4009//5848 3732//5849
f 3726//5850 4045//5851 3627//5852
f 4027//5853 3726//5850 3732//5854
f 3627//5852 3725//5752 3726//5850
f 2880//4593 3730//5855 2878//4666
f 3729//5856 4009//5857 2880//5858
f 3730//5855 4009//5848 3770//5859
f 3774//5860 3730//5855 3770//5859
f 3729//5861 3723//5862 3724//5863
f 3724//5864 4009//5857 3729//5856
f 3728//5865 2925//5866 3775//5867
f 2874//5868 3728//5869 3729//5870
f 3740//4607 3733//5871 4036//5169
f 3438//5434 3747//5872 3741//3637
f 3736//5873 3783//5874 3446//5875
f 3735//5456 3745//5466 3734//5876
f 3739//3638 3735//5456 3737//4622
f 3737//4622 3735//5456 3734//5876
f 3799//4619 3824//5877 3440//3643
f 3745//5466 3874//5878 3743//5879
f 3783//5874 3742//5880 3446//5875
f 3749//5465 3748//5881 3880//5439
f 3824//5877 3878//5882 3748//5881
f 3750//5457 3824//5877 3748//5881
f 3746//5469 3877//5598 3879//5883
f 3754//5884 3751//5885 4131//5886
f 3752//5887 3751//5885 3753//5888
f 4009//5848 4007//5889 4363//5890
f 3766//5891 4106//5892 3757//5893
f 3766//5894 3767//5895 3755//5896
f 3767//5895 4009//5848 4363//5890
f 3767//5897 3757//5893 3762//5898
f 3764//5899 3769//5900 3763//5901
f 3769//5902 4009//5848 3767//5895
f 4125//5903 3765//5904 3772//5905
f 4125//5903 2903//5906 2904//5844
f 4142//5907 3753//5888 3754//5884
f 4142//5908 3764//5909 3761//5910
f 4140//5911 3761//5912 3764//5913
f 3763//5914 3762//5898 4140//5915
f 3761//5916 4141//5917 3757//5918
f 3762//5898 3757//5893 4141//5919
f 4142//5907 3759//5920 3760//5921
f 3760//5922 3759//5923 4137//5924
f 3760//5925 3752//5887 3753//5888
f 3759//5920 3761//5926 3758//5927
f 4106//5928 4134//5929 3757//5930
f 3768//5931 3771//5932 3764//5909
f 2910//5933 3769//5934 3771//5932
f 3775//5867 3772//5905 3765//5904
f 3773//5935 3772//5905 3775//5867
f 3814//5936 3815//5937 3776//5938
f 3778//5939 3802//4711 3813//5940
f 3796//4623 3741//3637 3823//5941
f 3741//3637 3747//5872 3823//5941
f 3799//4619 3795//5942 3824//5877
f 3785//5943 3788//4734 2961//4733
f 3791//5944 3819//5945 3783//5874
f 3789//5946 3787//5947 3790//5948
f 3790//5949 3788//5950 3779//5951
f 2959//5952 3787//5947 3789//5946
f 2959//4720 3778//5953 3787//5954
f 3778//5955 3819//5945 3786//4717
f 3796//4623 3823//5941 3794//5956
f 3785//4718 3786//4717 3819//5945
f 3782//4742 3818//5957 3792//5958
f 3776//4708 3781//5959 3814//5960
f 3778//5955 3813//5961 3819//5945
f 3779//5951 3743//5879 3802//5962
f 2958//4738 3780//5963 3817//5964
f 3817//5964 3808//5965 3795//5942
f 3793//5966 3794//5967 3822//5968
f 3782//4742 3792//5958 3781//4740
f 3792//5969 3816//5970 3781//5971
f 3798//4618 3795//5942 3799//4619
f 3797//4706 3793//5966 3818//5972
f 3986//5973 3801//5974 3875//5975
f 3811//5976 3800//5977 3955//5978
f 3810//5979 3809//5980 3807//5981
f 3875//5975 3801//5974 3802//5962
f 3985//5982 3984//5983 3821//5984
f 3812//5985 3808//5965 3989//5986
f 3813//5940 3802//4711 3800//5987
f 3814//5936 3803//5988 3815//5937
f 3814//5960 3807//5989 3804//5990
f 3983//5991 3982//5992 3809//5993
f 3807//5981 3982//5992 3806//5994
f 3816//5970 3810//5979 3807//5981
f 3955//5978 3954//5995 3811//5976
f 3792//5958 3818//5957 3810//5979
f 3795//5942 3812//5985 3824//5877
f 3820//5996 3985//5982 3821//5984
f 3743//5879 3875//5975 3802//5962
f 3812//5985 3989//5986 3878//5882
f 3981//5997 3976//5998 3803//5988
f 3800//5987 3802//4711 3801//5999
f 3814//5960 3816//6000 3807//5989
f 3800//5987 3801//5999 3955//6001
f 3808//5965 3812//5985 3795//5942
f 3794//5956 3823//5941 3821//5984
f 3818//5972 3822//5968 3809//6002
f 3819//5945 3813//5961 3811//5976
f 3822//5968 3821//6003 3983//6004
f 3813//5961 3800//5977 3811//5976
f 3841//6005 4247//6006 4246//6007
f 3835//6008 4009//5848 3845//6009
f 3857//6010 3860//6011 3907//6012
f 3860//6011 3856//6013 3861//6014
f 3861//6014 3856//6013 3855//6015
f 4230//6016 3854//6017 3857//6018
f 3856//6019 3849//6020 3855//6021
f 3854//6017 3849//6020 3856//6019
f 3849//6020 3854//6017 3837//6022
f 3639//6023 3846//6024 3836//6025
f 3857//6010 3907//6012 3852//6026
f 3851//6027 3994//6028 3840//6029
f 3837//6030 3854//6031 4237//6032
f 3831//6033 3994//6034 4366//6035
f 3843//6036 3831//6037 3830//6038
f 3843//6036 3994//6039 3831//6037
f 3843//6040 3840//6041 3994//6042
f 3841//6043 3840//6041 3844//6044
f 3844//6044 4248//6045 3841//6043
f 3839//6046 3837//6030 4237//6032
f 3509//5553 3839//6046 4239//5536
f 4213//6047 4249//6048 3826//6049
f 3827//6050 4249//6048 4213//6047
f 3828//6051 3826//6051 4249//6051
f 4213//6052 3830//6052 3829//6052
f 3832//6053 3827//6054 3829//6055
f 3831//6033 4366//6035 4214//6056
f 3826//6057 3831//6033 4214//6056
f 3831//6033 3826//6057 3829//6058
f 3832//6059 3829//6060 3828//6061
f 3828//6062 4248//6063 3834//6064
f 4216//6065 4211//6066 3833//6067
f 4216//6065 3833//6067 3835//6068
f 4218//6069 4217//6070 3835//6068
f 3848//5551 3838//6071 3859//6072
f 3838//6071 3825//6073 3859//6072
f 3850//5554 3849//6020 3847//6074
f 3849//6020 3837//6022 3847//6074
f 3509//5553 3847//6075 3839//6046
f 3853//6076 3825//6073 4228//6077
f 3844//6044 3833//6067 3834//6078
f 4009//5848 3844//6044 4006//6079
f 3855//6015 3858//6080 3861//6014
f 4238//6081 4310//6082 3825//6073
f 3842//6083 4399//6084 4355//6085
f 3852//6086 4367//6087 3851//6088
f 3825//6073 3853//6076 3859//6072
f 4225//6089 3845//6090 3836//6025
f 3880//5439 3992//6091 3559//5470
f 3880//5439 3878//5882 3992//6091
f 3903//6092 3986//5973 3873//6093
f 3879//5883 3877//5598 3876//6094
f 3991//6095 3972//6096 3868//6097
f 3903//6092 3889//6098 3865//6099
f 3867//5617 3866//6100 3906//5622
f 3872//6101 3960//6102 3867//5617
f 3872//6101 3551//5609 3742//5880
f 3992//6091 3991//6095 3920//5595
f 3874//5878 3871//5607 3873//6093
f 3866//6100 3862//6103 3888//6104
f 3960//6102 3863//6105 3866//6100
f 3891//6106 3908//6107 3865//6099
f 3865//6099 3908//6107 3864//6108
f 3863//6105 3862//6103 3866//6100
f 3869//6109 3876//6094 3870//6110
f 3907//6111 3862//6103 3944//6112
f 3920//5595 3868//6097 3917//5668
f 3991//6095 3868//6097 3920//5595
f 3557//5462 3553//5594 3871//5607
f 3904//5649 3858//6113 3538//6114
f 3885//6115 3884//6115 3897//6115
f 3905//6116 3885//6117 3897//6118
f 3884//6119 3886//6120 3897//6121
f 3901//6122 3899//6123 3900//6124
f 3901//6122 3898//6125 3897//6121
f 3889//6098 3900//6126 3899//6127
f 3905//6128 3898//6128 3900//6128
f 3904//5649 3888//6104 3858//6113
f 3907//6111 3860//6129 3888//6104
f 3888//6104 3860//6129 3861//6130
f 3942//6131 3961//6132 3896//6133
f 3909//6134 3896//6133 3912//6135
f 3970//6136 3969//6137 3901//6122
f 3961//6132 3971//6138 3912//6135
f 3913//6139 3868//6097 3970//6136
f 3914//5597 3918//6140 3869//6109
f 3912//6135 3896//6133 3961//6132
f 3901//6122 3969//6137 3894//6141
f 3910//5699 3909//6134 3911//5694
f 3907//6111 3888//6104 3862//6103
f 3864//6142 3908//6142 3946//6142
f 3913//6139 3916//5635 3917//5668
f 3890//6143 3891//6106 3865//6099
f 3895//6144 3969//6137 3946//6145
f 3889//6098 3890//6143 3865//6099
f 3561//5689 3887//5636 3886//6120
f 3859//6072 3881//6146 3882//5562
f 3919//5695 3911//5694 3918//6140
f 3881//6146 3859//6072 3892//6147
f 3894//6141 3969//6137 3895//6144
f 3956//6148 3932//6149 3931//6150
f 3931//6151 3973//6152 3956//6153
f 3968//6154 3973//6152 3936//6155
f 3956//6148 3962//6156 3932//6149
f 3975//6157 3962//6156 3956//6148
f 3974//6158 3975//6159 3956//6153
f 3976//5998 3975//6159 3974//6158
f 3963//6160 3977//6161 3978//6162
f 3964//6163 3962//6164 3977//6165
f 3975//6157 3979//6166 3962//6156
f 3983//5991 3977//6165 3982//5992
f 3983//6004 3984//6167 3977//6161
f 3806//5994 3982//5992 3979//6168
f 3801//5974 3986//5973 3953//6169
f 3988//6170 3963//6171 3978//6172
f 3958//6173 3960//6102 3872//6101
f 3960//6102 3945//6174 3863//6105
f 3980//6175 3987//6176 3805//6177
f 3805//6177 3987//6176 3989//5986
f 3934//6178 3962//6164 3964//6163
f 3966//6179 3963//6171 3967//6180
f 3933//6181 3966//6179 3961//6132
f 3869//6109 3967//6180 3988//6170
f 3942//6131 3933//6181 3961//6132
f 3948//6182 3969//6137 3965//6183
f 3969//6137 3970//6136 3965//6183
f 3971//6138 3961//6132 3967//6180
f 3970//6136 3968//6154 3965//6183
f 3941//6184 3924//6185 3953//6169
f 3954//5995 3952//6186 3959//6187
f 3959//6188 3952//6189 3957//6190
f 3971//6138 3967//6180 3869//6109
f 3958//6191 4014//6192 3923//6193
f 3952//6194 3953//6195 3924//6196
f 3952//6194 3924//6196 3951//6197
f 3989//5986 3992//6091 3878//5882
f 3985//5982 3879//5883 3876//6094
f 3950//6198 3864//6108 3947//6199
f 3864//6108 3946//6200 3947//6199
f 3948//6182 3965//6183 3943//6201
f 3949//6202 3941//6184 3865//6099
f 3921//6203 3942//6131 4355//6085
f 3926//6204 3993//6205 4338//6206
f 3926//6207 4338//6206 4356//6208
f 3927//6209 3929//6210 3926//6211
f 3865//6099 3950//6198 3949//6202
f 3928//6212 3932//6213 4339//6214
f 3973//6152 3929//6210 3930//6215
f 4336//6216 3933//6217 3995//6218
f 3929//6210 3973//6152 3931//6151
f 3935//6219 4339//6214 3934//6178
f 3955//6001 3953//6195 3954//6220
f 3939//6221 3938//6222 3940//6223
f 3941//6184 3937//6224 3939//6225
f 3940//6226 3930//6226 3924//6226
f 3937//6227 3938//6222 3939//6221
f 3872//6101 3811//5976 3954//5995
f 3940//6228 3941//6184 3939//6225
f 3863//6105 3945//6174 3862//6103
f 3949//6229 3948//6182 3937//6227
f 3950//6198 3947//6199 3949//6202
f 3923//6230 3922//6231 3945//6174
f 3936//6155 3930//6232 3938//6222
f 3940//6228 3924//6185 3941//6184
f 4361//6233 4358//6234 4004//6235
f 3994//6028 4367//6236 4366//6035
f 4006//6079 3843//6040 4362//6237
f 3844//6044 3843//6040 4006//6079
f 4002//6238 4003//6239 4340//6240
f 3998//6241 4467//6242 4340//6243
f 4003//6244 4004//6245 4358//6246
f 4340//6240 3999//6247 4001//6248
f 4003//6244 4358//6246 4360//6249
f 4000//6250 4337//6251 4342//6252
f 4359//6253 3998//6254 4350//6255
f 3928//6256 4433//6257 3925//6258
f 3926//6211 4356//6259 3927//6209
f 4015//6260 4005//6261 4367//6087
f 3852//6026 3944//6112 4015//6262
f 3922//6231 4012//6263 4015//6262
f 4014//6192 3922//6264 3923//6193
f 4364//6265 3998//6266 4002//6267
f 4002//6268 4402//6269 4364//6270
f 4007//6271 3998//6272 4001//6273
f 4007//6271 4002//6274 3998//6272
f 4008//6275 4001//6276 4351//6277
f 4008//6278 4007//6278 4001//6278
f 4008//6279 4351//6280 4363//6281
f 4007//6282 4008//6279 4363//6281
f 4006//6079 4003//6283 4009//5848
f 4014//6192 4012//6284 3922//6264
f 4433//6285 4438//6286 3993//6287
f 3997//6288 4011//6289 4013//6290
f 4011//6289 4005//6261 4012//6291
f 4013//6292 4010//6293 3997//6294
f 3927//6295 3997//6294 4010//6293
f 3927//6296 4356//6208 3997//6297
f 4013//6292 3924//6196 4010//6293
f 4016//6298 4011//6289 4017//6299
f 4018//6300 4016//6298 4017//6299
f 4018//6301 3957//6190 4016//6302
f 3997//6297 4356//6208 4357//6303
f 3830//6304 4362//6305 3843//6306
f 4064//6307 3726//5850 4027//5853
f 4062//6308 4035//6309 4034//6310
f 3724//5864 4065//6311 4009//5857
f 3266//5174 3724//5864 2872//5175
f 4029//6312 4065//6311 3724//5864
f 3259//5177 4028//6313 4029//5178
f 4028//6313 3321//6314 4098//6315
f 4024//6316 4065//6311 4029//6312
f 4029//6317 4023//6318 4024//6319
f 4063//6320 4057//6321 4025//6322
f 4060//6323 4030//6324 4061//6325
f 4097//6326 4020//6327 4021//6328
f 3257//5194 4097//5269 4021//6329
f 4057//6330 4055//6331 4025//6332
f 4023//6318 4098//6333 4099//6334
f 3623//6335 4036//5169 3621//5732
f 4035//6336 4033//6337 3271//5164
f 4033//6337 4035//6336 4032//6338
f 4025//6339 4032//6339 4035//6339
f 3731//6340 4030//6341 4031//6342
f 4021//6328 4020//6327 4049//6343
f 4022//5195 4021//6329 4065//6344
f 4033//6337 4032//6338 4031//6345
f 4061//6346 4050//6347 4058//6348
f 4060//5219 4059//6349 3291//5220
f 4057//6330 4056//6350 4055//6331
f 4054//6351 4043//6352 4055//6353
f 4051//6354 4049//6343 4048//6355
f 4053//6356 4051//6354 4052//6357
f 4059//6349 4052//6358 4051//5231
f 4042//2799 4153//6359 4396//6360
f 4049//6343 4047//6361 4048//6355
f 4048//6362 4047//6363 4163//5229
f 4038//5197 4255//6364 4178//5422
f 4065//6365 4021//6328 4053//6356
f 4021//6328 4049//6343 4051//6354
f 4038//5197 4067//5754 4255//6364
f 4046//6366 3726//5850 4064//6307
f 4046//6366 4064//6307 4045//5851
f 4072//6367 4068//6368 4041//6369
f 4396//6360 3631//2816 4042//2799
f 4066//6370 4037//5710 4040//4244
f 4072//6367 4041//6369 4054//6371
f 4062//6372 4072//6367 4063//6373
f 4063//6320 4056//6374 4057//6321
f 4046//6366 4045//5851 3726//5850
f 4263//5811 4068//6368 4072//6367
f 4043//6375 4270//6376 4268//6377
f 4045//6378 4268//6377 4271//5747
f 4071//6379 4270//6376 4043//6375
f 4069//6380 4070//6381 4071//6382
f 4041//6369 4068//6368 4069//6383
f 4069//6384 4068//6385 4070//6386
f 4067//5754 3632//5756 4258//6387
f 4396//6360 4262//5742 3631//2816
f 4168//6388 4192//6389 4160//6390
f 4076//6391 4075//6392 4073//6393
f 4079//6394 4082//6395 4075//6392
f 4076//6391 4079//6394 4075//6392
f 4078//6396 4077//6397 4080//6398
f 4082//6395 4077//6399 4075//6392
f 4077//6399 4082//6395 4084//6400
f 4076//6391 4073//6393 4074//6401
f 4081//6402 4076//6402 4123//6402
f 4083//6403 4076//6403 4081//6403
f 4076//6404 4127//6405 4079//6406
f 3768//5931 4095//6407 4094//6408
f 3768//6409 4142//6410 4122//6411
f 4125//6412 3771//5932 4094//6408
f 3768//6409 4122//6411 4095//6413
f 4124//6414 4125//6412 4096//6415
f 4122//6416 4108//6417 4095//6418
f 4122//6411 4115//6419 4123//6420
f 4122//6411 4123//6420 4074//6421
f 4122//6416 4074//6401 4110//6422
f 4138//6423 3754//6424 4130//6425
f 4138//6426 4114//6427 4115//6428
f 3762//5898 4120//6429 4116//6430
f 4120//6429 4141//6431 4121//6432
f 4140//5915 4116//6430 4118//6433
f 4118//6434 3761//5912 4140//5911
f 4137//6435 4139//6436 3752//6437
f 4135//6438 3758//6439 4134//6440
f 4137//5924 3759//5923 4109//6441
f 4138//6426 4139//6442 4114//6427
f 4109//6443 4139//6436 4137//6435
f 4109//6441 4135//6438 4112//6444
f 4113//6445 4135//6446 4136//6447
f 4136//6448 4133//6449 4107//6450
f 4133//6451 4134//6440 4104//6452
f 3756//6453 4100//6454 4101//6455
f 4136//6447 4107//6456 4113//6445
f 4120//6429 4121//6432 4119//6457
f 3761//5916 4119//6458 4121//6459
f 4120//6429 4119//6457 4116//6430
f 4118//6434 4117//6460 3761//5912
f 4117//6461 4119//6458 3761//5916
f 4108//6462 4119//6458 4117//6461
f 4119//6463 4102//6463 4116//6463
f 4092//6464 4108//6464 4091//6464
f 4127//6465 4082//6395 4079//6394
f 4085//6466 3752//6437 4128//6467
f 4085//6468 4128//6469 4129//6470
f 4131//5886 4126//6471 4127//6465
f 3754//6424 4131//6472 4130//6425
f 4107//6473 4133//6473 4112//6473
f 4114//6474 4111//6475 4123//6476
f 4081//6477 4111//6478 4078//6479
f 4114//6480 4078//6480 4111//6480
f 4168//6481 4090//6482 4192//6483
f 4089//6484 4090//6482 4168//6481
f 4109//6441 4112//6444 4103//6485
f 4077//6397 4078//6396 4109//6443
f 4110//6422 4073//6393 4109//6486
f 4073//6393 4077//6399 4109//6486
f 4106//6487 4104//6488 4134//6489
f 4103//6490 4104//6491 4102//6492
f 4102//6492 4104//6491 4105//6493
f 4101//6455 4086//6494 4088//6495
f 4099//6334 3319//5282 3320//5284
f 4099//6334 4098//6333 4096//6496
f 4020//6327 4097//6326 4169//6497
f 4097//5269 4094//6498 4093//6499
f 4086//6494 3755//6500 4087//6501
f 4086//6494 4353//6502 4191//6503
f 4353//6502 4352//6504 4182//6505
f 4192//6483 4088//6495 4191//6503
f 4020//6327 4169//6506 4047//6361
f 4094//6498 4090//6507 4093//6499
f 4192//6389 4191//6503 4188//6508
f 4167//6509 4158//6510 4156//6511
f 4162//5409 4166//5408 4152//6512
f 4152//6512 4161//6513 4187//6514
f 4168//6388 4155//6515 4157//6516
f 4155//6515 4168//6388 4160//6390
f 4165//6517 4156//6511 4154//6518
f 3413//5230 4156//6511 4164//6519
f 4158//6510 4157//6520 4156//6511
f 4162//6521 4152//6522 4151//6523
f 4187//6524 4184//6525 4151//6523
f 4152//6522 4187//6524 4151//6523
f 4093//6526 4157//6516 4158//6527
f 4169//6506 4158//6527 4167//6528
f 4047//6361 4169//6506 4167//6528
f 4151//6523 4184//6525 4153//6529
f 4156//6511 4157//6520 4155//6530
f 4154//6518 4155//6530 4159//6531
f 4146//5391 4175//6532 4147//5405
f 4178//5422 4255//6364 4174//6533
f 4145//6534 4177//5428 4173//6535
f 4144//5402 4173//6536 4176//6537
f 4143//5209 4170//6538 4066//6370
f 4178//6539 4180//6540 4146//5383
f 4148//5376 4171//6541 4170//6538
f 4144//5402 4171//6542 4149//5379
f 4190//6543 4353//6502 4186//6544
f 4191//6503 4190//6543 4188//6508
f 4171//6541 4409//6545 4170//6538
f 4171//6542 4415//6546 4412//6547
f 4172//6548 4411//6548 4173//6548
f 4173//6536 4415//6546 4171//6542
f 4416//6549 4418//6550 4174//6551
f 4175//6552 4172//6553 4177//5428
f 4180//6540 4174//6551 4418//6550
f 4185//6554 4186//6555 4456//6556
f 4184//6557 4183//6558 4396//6360
f 4186//6559 4182//6559 4456//6559
f 4185//6560 4456//6561 4184//6525
f 4459//6562 4463//6562 4182//6562
f 4344//6563 4404//6564 4194//6565
f 4204//6566 4196//6567 4344//6568
f 4197//6569 4204//6566 4344//6568
f 4222//5803 4225//6570 4226//6571
f 4223//6572 4219//6573 4220//6574
f 4219//6575 4221//6575 4220//6575
f 4220//6576 4221//6577 4218//6578
f 4223//6579 4221//6579 4219//6579
f 4221//6577 4215//6580 4218//6578
f 4223//6581 4222//5803 4245//5786
f 4223//6581 4245//5786 4221//6577
f 4217//6070 4216//6065 3835//6068
f 4218//6578 4215//6580 4217//6582
f 4217//6583 4215//6583 4216//6583
f 4215//6580 4242//6584 4211//6585
f 4211//6585 4242//6584 4212//6586
f 3830//6587 4213//6588 4209//6589
f 4222//6590 4226//6591 4268//6592
f 3639//6593 3634//5728 3846//6024
f 4200//6594 4205//6595 4202//6596
f 4205//6595 4235//6597 4202//6596
f 4203//6598 4236//6599 4207//6600
f 4208//6601 4205//6595 4200//6594
f 4210//6602 4203//6603 4207//6604
f 4236//6605 4241//6605 4206//6605
f 4209//6606 4241//6606 4210//6606
f 4210//6602 4207//6604 4209//6607
f 4208//6608 4209//6608 4207//6608
f 3830//6587 4209//6589 4208//6609
f 3834//6064 4210//6610 3827//6054
f 4195//6611 4201//6612 3834//6078
f 4202//6596 4335//6613 4200//6594
f 4346//6614 4200//6615 4199//6616
f 4271//6617 4226//6618 3846//6024
f 4344//6619 4323//6619 4324//6619
f 4201//6612 4195//6611 4346//6620
f 4198//6621 4212//6622 4204//6623
f 4198//6624 3834//6078 4211//6066
f 4204//6623 4242//6625 4332//6626
f 4202//6596 4235//6597 4335//6627
f 4234//6628 4236//6629 4203//6630
f 4204//6566 4332//6631 4196//6567
f 4236//6629 4234//6628 4241//6632
f 4210//6610 4241//6632 3827//6054
f 4199//6616 4335//6633 4232//6634
f 4232//6635 4335//6636 4231//6637
f 4335//6636 4343//6638 4231//6637
f 4232//6635 4231//6637 4319//6639
f 4319//6639 4227//6640 3854//6031
f 4209//6589 4240//6641 4243//6642
f 4243//6643 4240//6643 4235//6643
f 4206//6644 4235//6645 4205//6646
f 4284//6647 3842//6083 4228//6077
f 4242//6584 4252//6648 4251//6649
f 4237//6032 3854//6031 4227//6640
f 4252//6648 4250//6650 4251//6649
f 4245//5786 4252//6648 4215//6580
f 4214//6056 4366//6035 4240//6651
f 3827//6054 4241//6632 4249//6652
f 4213//6588 3826//6653 4214//6654
f 4331//6655 4242//6656 4251//6657
f 4233//6658 4246//6007 4247//6006
f 4248//6659 4233//6660 4247//6661
f 4241//6632 4234//6628 4248//6662
f 4314//6663 4245//6664 4317//6665
f 4317//6665 4239//6666 4316//6667
f 4229//5834 4309//6668 4238//6081
f 4229//5834 3838//6071 3669//5534
f 4244//6669 4239//6666 4317//6665
f 4309//6668 4310//6082 4238//6081
f 4251//6657 4314//6670 4334//6671
f 4369//6672 4371//6673 4274//6674
f 4370//6675 4254//6676 4420//6677
f 4372//6678 3677//5833 4256//5743
f 4195//6679 4344//6679 4194//6679
f 4270//6376 4269//6680 4268//6377
f 4263//6681 4269//6682 4270//6683
f 4263//6681 4266//6684 4269//6682
f 4452//6685 4389//6686 4260//6687
f 4266//6684 4265//6688 4269//6682
f 4265//6688 4267//6689 4269//6682
f 4259//6690 4388//6691 4386//6692
f 4260//6693 4388//6694 4259//6695
f 4268//6592 4264//6696 3681//5794
f 4265//6688 4264//6697 4267//6689
f 4263//5811 4265//6698 4266//6699
f 4263//5811 3681//5810 4265//6698
f 4253//6700 4368//6701 4273//6702
f 4368//6701 4369//6672 4273//6702
f 4068//6385 4263//6681 4270//6683
f 4398//5816 4452//6685 4261//5807
f 4258//6387 4257//5815 4255//6364
f 4255//6364 4257//5815 4373//6703
f 4395//6704 4404//6705 4394//6706
f 3680//5755 4398//5816 4261//5807
f 4403//6707 4193//6708 4404//6709
f 4260//6687 4298//6710 4306//5806
f 4271//6617 4268//6711 4226//6618
f 4396//6360 4398//5816 4262//5742
f 4326//6712 4325//6713 4327//6714
f 4321//6715 4231//6637 4324//6716
f 4304//6717 4330//6718 4331//6655
f 4331//6719 4318//6720 4322//6721
f 4328//6722 4329//6723 4325//6713
f 4227//6640 4329//6724 4328//6725
f 4331//6719 4323//6726 4196//6727
f 4274//6674 4371//6673 4292//6728
f 4326//6712 4312//6729 4325//6713
f 4333//6730 4313//6731 4326//6712
f 4308//6732 4326//6732 4301//6732
f 4307//6733 4286//6734 4288//5841
f 3689//5760 4285//5832 4305//6735
f 4326//6736 4303//6737 4301//6738
f 4304//6739 4308//6740 4300//6741
f 4304//6717 4302//6742 4330//6718
f 4302//6743 4327//6714 4330//6744
f 4308//6740 4301//6745 4300//6741
f 4301//6738 4303//6737 4300//6746
f 3685//5840 4276//6747 4272//6748
f 4298//6710 4297//6749 4306//5806
f 4253//6700 4276//6747 3685//5840
f 4322//6721 4324//6750 4323//6726
f 3677//5833 4253//6700 4278//5783
f 4276//6747 4275//6751 4272//6748
f 4299//6752 4293//6753 4307//6733
f 4282//6754 4275//6751 4274//6674
f 4305//6735 4295//6755 4294//6756
f 4254//6676 4277//5837 4305//6735
f 4292//6728 4399//6084 4284//6647
f 4253//6700 4273//6702 4276//6747
f 4274//6674 4275//6751 4273//6702
f 4318//6757 4319//6758 4321//6759
f 4260//6693 4291//6760 4298//6710
f 4285//5832 3698//5831 4287//6761
f 4370//6675 4279//5814 3694//5836
f 4281//6762 4282//6754 4284//6647
f 4280//6763 4275//6751 4282//6754
f 4280//6763 4272//6748 4275//6751
f 4291//6764 4387//6765 4289//6766
f 4314//6663 4317//6665 4311//6767
f 4312//6729 4328//6722 4325//6713
f 4314//6768 4311//6769 4313//6731
f 4313//6731 4311//6769 4312//6729
f 4281//6762 4309//6668 4283//6770
f 4309//6668 4281//6762 4310//6082
f 4281//6762 4284//6647 4310//6082
f 4366//6035 4235//6771 4240//6651
f 4349//6772 4363//6773 4365//6774
f 4339//6214 4434//6775 3928//6212
f 4432//6776 4338//6206 4435//6777
f 4440//6778 4464//6779 4337//6780
f 4357//6303 4453//6781 4441//6782
f 4400//6783 4384//6784 4358//6234
f 4344//6785 4324//6786 4343//6787
f 4350//6788 4397//6789 4462//6790
f 4350//6255 4461//6791 4359//6253
f 4346//6620 4193//6792 4347//6793
f 4200//6794 4348//6795 4208//6796
f 4208//6796 4348//6795 3830//6304
f 3755//6500 4354//6797 4087//6501
f 4345//6798 4361//6799 4362//6305
f 4348//6795 4345//6798 4362//6305
f 4345//6800 4400//6783 4361//6233
f 4349//6801 4450//6802 4457//6803
f 4364//6270 4402//6269 4397//6804
f 4450//6802 4001//6276 4466//6805
f 4352//6504 4349//6772 4468//6806
f 4354//6797 4352//6504 4353//6502
f 4345//6798 4347//6793 4405//6807
f 4348//6795 4347//6793 4345//6798
f 4348//6795 4346//6808 4347//6793
f 4402//6809 4340//6810 4448//6811
f 4235//6771 4366//6035 4367//6236
f 3830//6304 4348//6795 4362//6305
f 4441//6812 4440//6813 3996//6814
f 4356//6208 4338//6206 4432//6776
f 4365//6815 4351//6277 4349//6801
f 4351//6277 4001//6276 4450//6802
f 4367//6236 4341//6816 4343//6638
f 4358//6234 4382//6817 4360//6818
f 4382//6817 4341//6819 4360//6818
f 4465//6820 4337//6821 4464//6822
f 4000//6823 4342//6824 4465//6825
f 4193//6792 4403//6826 4347//6793
f 4371//6673 4407//6827 4378//6828
f 4444//6829 4389//6686 4452//6685
f 4381//6830 4379//6831 4380//6832
f 4382//6833 4381//6830 4380//6832
f 4446//6834 4383//6835 4448//6836
f 4449//6837 4374//6838 4378//6828
f 4399//6084 4292//6728 4449//6837
f 4416//6839 4373//6703 4419//6840
f 4372//6678 4408//6841 4368//6701
f 4386//6842 4390//6843 4385//6844
f 4386//6692 4388//6691 4390//6845
f 4385//6844 4389//6846 4376//6847
f 4390//6843 4389//6846 4385//6844
f 4444//6829 4377//6848 4389//6686
f 4381//6830 4394//6849 4379//6831
f 4395//6850 4394//6849 4393//6851
f 4391//6852 4382//6833 4384//6853
f 4380//6854 4379//6855 4401//6856
f 4396//6360 4183//6558 4452//6685
f 4292//6728 4371//6673 4374//6838
f 4449//6837 4292//6728 4374//6838
f 4393//6857 4403//6826 4395//6704
f 4347//6793 4403//6826 4393//6857
f 4391//6858 4384//6784 4400//6783
f 4404//6564 4379//6855 4394//6859
f 4392//6860 4391//6861 4400//6783
f 4393//6857 4405//6807 4347//6793
f 4415//6546 4413//6862 4410//6863
f 4410//6864 4406//6865 4408//6866
f 4413//6862 4421//6867 4410//6863
f 4414//6868 4417//6869 4418//6550
f 4458//6870 4352//6504 4468//6806
f 4352//6504 4460//6871 4182//6505
f 4424//6872 4410//6863 4422//6873
f 4417//6869 4451//6874 4175//6532
f 4417//6869 4375//6875 4429//6876
f 4432//6877 4427//6878 4413//6879
f 4454//6880 4451//6874 4417//6869
f 4451//6881 4453//6882 4432//6877
f 4445//6883 4452//6685 4183//6558
f 4445//6884 4437//6884 4425//6884
f 4408//6866 4409//6545 4412//6885
f 4468//6886 4349//6887 4457//6888
f 4409//6889 4408//6841 4372//6678
f 4436//6890 3995//6891 4449//6837
f 4448//6892 4467//6242 4447//6893
f 4175//6552 4411//6894 4172//6553
f 4416//6839 4419//6840 4414//6868
f 4420//6677 4375//6875 4414//6868
f 4443//6895 4436//6890 4449//6837
f 4443//6895 4426//6896 4436//6890
f 4444//6829 4442//6897 4377//6898
f 4377//6899 4442//6900 4376//6847
f 4460//6901 4457//6902 4459//6903
f 4460//6901 4458//6904 4457//6902
f 4461//6905 4446//6906 4447//6907
f 4397//6908 4446//6909 4461//6910
f 4455//6911 4450//6912 4441//6913
f 4450//6912 4455//6911 4456//6914
f 4428//6915 4427//6916 4439//6917
f 4434//6775 4430//6918 4431//6919
f 4427//6878 4435//6777 4433//6285
f 4439//6917 4427//6916 4433//6257
f 4437//6920 4454//6920 4429//6920
f 4441//6782 4453//6781 4437//6921
f 4466//6922 4441//6913 4450//6912
f 4466//6922 4440//6923 4441//6913
f 4378//6828 4407//6827 4443//6895
f 4443//6895 4407//6827 4426//6896
f 3//5 10//7 267//3
f 8//13 11//9 2//11
f 12//18 7//6924 9//136
f 16//6925 269//21 14//20
f 17//25 14//20 291//19
f 16//30 14//6926 13//17
f 18//29 292//28 293//31
f 6//37 2//11 4//6927
f 5//6928 6//37 4//6927
f 62//43 165//45 122//247
f 267//3 290//461 26//4
f 10//7 12//8 20//48
f 21//52 20//46 13//26
f 19//42 10//7 20//48
f 22//54 20//6929 21//55
f 40//6930 278//49 20//48
f 15//53 22//54 296//56
f 25//92 289//422 294//424
f 55//93 58//71 89//70
f 60//73 61//72 59//44
f 60//73 59//44 62//43
f 50//78 38//77 191//115
f 61//72 58//71 59//44
f 59//44 58//71 57//95
f 39//74 38//77 51//75
f 39//74 52//76 44//100
f 53//6931 44//100 52//76
f 42//6932 25//92 278//49
f 25//92 294//424 278//49
f 44//86 25//92 42//6932
f 58//71 49//85 53//87
f 159//99 59//44 57//95
f 65//91 54//83 67//6933
f 54//83 47//88 48//84
f 47//6934 65//141 63//143
f 46//6935 47//6934 63//143
f 53//6931 52//76 57//97
f 57//97 52//76 51//75
f 165//45 159//99 157//278
f 22//54 18//29 36//109
f 41//103 37//111 39//74
f 278//6936 40//106 43//104
f 22//54 36//109 41//107
f 41//125 36//109 35//126
f 20//6929 22//54 40//6937
f 159//110 56//96 158//269
f 26//4 433//40 1//114
f 27//15 191//115 38//77
f 5//116 4//6938 28//117
f 29//121 6//120 5//6939
f 30//119 8//6940 6//120
f 9//6941 8//6941 30//6941
f 32//128 31//124 28//123
f 30//122 29//6942 28//123
f 38//77 37//111 27//15
f 37//111 32//2 27//15
f 36//109 34//33 35//126
f 33//16 12//18 9//136
f 33//130 34//33 16//32
f 54//82 89//94 68//6943
f 68//6943 89//94 85//194
f 78//160 77//6944 86//6945
f 78//160 86//6945 79//158
f 66//138 67//142 64//140
f 67//6933 68//169 64//164
f 75//58 63//143 66//138
f 75//58 46//6935 63//143
f 75//58 297//57 46//6935
f 72//6946 70//6946 69//6946
f 71//6947 72//6947 69//6947
f 74//159 73//161 71//6948
f 338//144 75//58 76//154
f 75//58 77//155 76//154
f 74//6949 71//6949 69//6949
f 76//154 74//6950 69//145
f 76//154 78//157 74//6950
f 75//58 80//139 83//156
f 80//6951 84//6951 83//6951
f 85//168 83//6952 84//167
f 86//6945 77//6944 83//6952
f 86//6945 83//6952 85//168
f 68//169 82//165 64//164
f 68//169 67//6933 54//83
f 105//221 104//189 92//177
f 105//221 92//177 103//175
f 515//6953 144//219 91//218
f 91//218 520//225 515//6953
f 102//6954 522//6955 520//225
f 113//170 114//171 117//212
f 109//6956 104//6956 108//6956
f 92//6957 112//6957 110//6957
f 138//6958 111//6958 97//6958
f 85//194 88//193 118//195
f 527//6959 101//6959 99//6959
f 79//198 87//197 115//199
f 148//173 145//238 532//898
f 79//198 115//199 73//201
f 148//173 532//898 521//900
f 117//212 114//171 148//173
f 94//6960 97//6961 96//6962
f 94//214 138//191 97//6963
f 93//251 96//6962 95//6964
f 93//251 94//6960 96//6962
f 95//6964 139//249 93//251
f 532//898 145//238 547//240
f 107//206 520//225 91//218
f 118//211 60//73 113//170
f 88//210 89//70 60//73
f 138//191 94//214 130//216
f 107//206 91//218 146//217
f 107//206 146//217 128//183
f 116//203 148//173 521//900
f 115//204 117//212 116//203
f 546//929 144//219 515//6953
f 106//6965 107//6965 105//6965
f 104//227 105//6966 107//206
f 540//220 90//176 127//230
f 119//229 197//234 192//379
f 125//235 135//266 121//236
f 123//265 196//376 195//233
f 124//6967 126//6968 123//6969
f 138//191 120//228 137//178
f 123//6969 125//245 196//244
f 140//6970 132//242 131//261
f 139//241 132//242 140//6970
f 95//209 111//181 132//242
f 126//6968 125//245 123//6969
f 133//205 147//252 114//171
f 93//215 140//6971 130//216
f 130//216 140//6971 134//6972
f 140//6970 131//261 134//263
f 98//113 62//43 136//248
f 210//256 544//258 729//912
f 141//259 544//258 210//256
f 133//205 98//113 136//248
f 145//238 212//255 541//260
f 135//6973 126//6968 124//6967
f 126//6968 135//6973 125//245
f 131//6974 135//6973 129//6975
f 129//6975 135//6973 124//6967
f 129//264 124//6976 123//265
f 130//216 134//6972 129//264
f 133//205 122//247 211//253
f 121//236 128//183 208//257
f 132//242 128//183 121//236
f 135//266 132//242 121//236
f 130//216 129//264 195//233
f 538//917 127//230 209//232
f 143//172 114//171 147//252
f 230//282 160//285 1126//1802
f 1064//284 1126//1802 160//285
f 158//112 50//78 190//277
f 158//269 156//273 157//270
f 190//277 153//274 156//276
f 149//297 150//292 1058//281
f 163//272 154//271 155//6977
f 1063//283 162//296 149//297
f 157//278 163//6978 164//267
f 163//6978 162//296 164//267
f 162//296 163//272 161//6979
f 163//272 155//6977 161//6979
f 161//299 155//286 151//288
f 154//275 152//287 155//286
f 189//294 187//289 152//291
f 153//295 189//294 152//291
f 162//296 161//6979 150//292
f 150//292 187//289 185//279
f 230//282 164//267 160//285
f 433//40 170//729 172//301
f 191//302 184//300 190//293
f 191//302 172//301 184//300
f 1072//6980 1070//1828 1096//1827
f 433//40 172//301 1//114
f 188//322 182//321 1086//328
f 189//317 180//316 187//289
f 174//331 1091//1810 1085//6981
f 183//311 178//310 179//340
f 1086//328 174//331 188//322
f 186//332 1096//325 188//322
f 185//279 188//319 1093//309
f 173//312 431//717 169//315
f 431//717 173//312 429//334
f 184//318 172//337 171//336
f 186//344 414//6982 1072//345
f 174//347 166//6983 414//348
f 166//305 174//323 167//303
f 169//343 425//709 418//306
f 175//354 416//351 168//350
f 176//6984 417//353 175//354
f 177//341 181//313 176//308
f 179//340 182//321 180//320
f 184//318 179//330 180//316
f 206//365 204//364 231//6985
f 204//364 752//363 231//6985
f 206//365 231//6985 234//366
f 235//368 202//268 230//282
f 205//370 212//255 142//254
f 201//6986 199//6987 200//6988
f 198//375 199//374 193//6989
f 195//233 200//373 198//375
f 205//370 236//377 739//371
f 210//256 726//362 204//364
f 142//254 235//368 205//370
f 142//254 211//253 235//368
f 206//365 208//257 204//364
f 203//243 201//6986 200//6988
f 226//382 225//390 197//234
f 197//234 225//390 223//381
f 196//244 203//243 200//6988
f 121//236 208//257 206//365
f 193//357 194//246 229//367
f 207//231 119//229 192//379
f 198//375 193//6989 228//384
f 226//382 198//375 227//385
f 229//367 234//366 1114//387
f 229//367 1116//388 1115//386
f 227//385 228//384 1115//408
f 215//395 225//394 217//396
f 224//399 218//400 221//418
f 223//393 213//392 222//398
f 213//402 215//413 1109//415
f 213//402 1109//415 1105//1863
f 220//419 219//405 742//406
f 218//400 219//405 221//418
f 218//403 1570//404 742//406
f 234//366 231//6985 1125//407
f 231//6985 1123//1288 1125//407
f 1124//417 236//377 1122//421
f 230//282 1126//1802 1122//421
f 235//368 230//282 233//369
f 216//391 227//385 1112//410
f 216//411 1112//1853 1109//412
f 213//402 1105//1863 1570//404
f 233//369 1122//421 236//377
f 1123//1288 231//6985 752//363
f 221//360 232//359 224//380
f 294//424 244//423 278//49
f 272//6990 15//53 280//434
f 280//6991 296//6992 295//430
f 295//430 296//6992 291//431
f 241//429 284//428 246//465
f 322//464 241//429 246//465
f 330//565 241//429 322//464
f 330//565 328//442 241//429
f 245//439 241//429 237//438
f 243//6993 238//443 240//445
f 242//441 237//440 243//514
f 243//514 237//440 238//6994
f 237//440 329//6995 238//6994
f 239//480 250//444 326//541
f 250//444 238//443 326//541
f 292//450 270//449 269//23
f 269//23 264//502 291//6996
f 326//446 324//477 256//447
f 324//477 310//6997 1299//478
f 10//7 263//426 262//459
f 289//422 245//439 244//423
f 327//6998 326//541 238//443
f 245//476 25//68 241//429
f 284//456 281//458 247//436
f 267//493 1299//478 1320//6999
f 282//455 283//59 351//585
f 247//7000 281//7000 351//7000
f 287//61 297//57 283//59
f 284//456 247//436 246//435
f 250//467 257//7001 248//468
f 251//7002 249//469 248//468
f 252//7003 250//467 249//469
f 255//7004 251//7004 248//7004
f 249//471 251//473 253//472
f 254//492 252//487 249//7005
f 257//479 250//444 239//480
f 329//6995 327//7006 238//6994
f 258//7007 250//7007 259//7007
f 261//491 259//490 260//512
f 262//494 255//7008 248//495
f 276//433 271//432 266//507
f 272//451 280//499 268//500
f 262//7009 253//504 255//7010
f 261//485 280//499 273//7011
f 260//512 259//488 264//502
f 265//7012 254//7012 263//7012
f 262//7009 263//505 253//504
f 273//7011 240//483 261//485
f 279//7013 277//7014 263//7015
f 279//7016 274//7016 277//7016
f 276//433 266//507 277//506
f 263//7015 277//7014 265//7017
f 244//423 242//441 278//49
f 280//481 276//433 275//497
f 275//497 276//433 277//506
f 428//460 427//715 432//511
f 256//447 1299//478 267//493
f 279//425 242//441 243//514
f 243//7018 240//7018 274//7018
f 240//7019 250//7019 258//7019
f 270//449 268//500 260//512
f 445//7020 306//7020 447//7020
f 299//518 445//7021 447//521
f 308//672 447//526 306//7022
f 309//528 446//530 310//571
f 327//6998 323//546 326//541
f 302//533 301//7023 312//531
f 323//546 325//539 326//541
f 305//543 300//573 303//544
f 318//545 324//540 325//539
f 299//581 397//547 444//549
f 308//555 306//523 298//522
f 304//556 299//518 309//520
f 314//538 406//536 311//7024
f 321//564 319//559 328//442
f 329//6995 319//550 323//552
f 329//6995 323//552 327//7006
f 328//442 329//560 237//438
f 305//543 304//542 316//562
f 322//563 320//567 321//564
f 299//518 444//7025 445//7021
f 318//551 315//557 317//570
f 318//545 310//571 324//540
f 411//691 313//575 301//577
f 320//567 305//543 321//564
f 316//562 315//561 319//559
f 321//564 316//562 319//559
f 304//542 303//544 299//581
f 302//534 406//536 301//577
f 343//599 351//585 338//144
f 348//597 350//595 344//594
f 348//597 344//594 346//7026
f 246//435 348//437 346//591
f 283//59 75//58 351//585
f 345//7027 347//592 346//591
f 347//592 345//7027 344//614
f 333//601 858//603 331//7028
f 335//7029 332//7029 333//7029
f 333//7030 331//611 335//612
f 858//603 381//605 331//7028
f 381//605 337//607 331//7028
f 340//617 341//613 342//615
f 357//1461 870//697 842//1462
f 383//658 365//659 363//7031
f 359//646 364//648 408//664
f 365//659 361//620 363//7031
f 363//7031 354//676 362//566
f 356//632 989//1424 392//678
f 363//7031 358//633 354//676
f 358//633 352//680 354//676
f 366//622 986//1446 356//632
f 384//568 383//658 362//566
f 363//7031 362//566 383//658
f 377//625 373//7032 379//623
f 379//626 373//7033 367//627
f 379//626 412//628 378//630
f 364//648 378//7034 368//649
f 378//7034 364//648 377//645
f 357//1461 360//660 359//646
f 363//7031 361//620 358//633
f 371//639 459//638 370//669
f 370//636 369//579 409//634
f 355//641 410//640 371//7035
f 355//663 371//635 409//634
f 367//627 400//643 412//628
f 361//620 366//622 356//632
f 361//620 365//659 380//651
f 357//1461 359//646 353//667
f 357//1461 353//667 870//697
f 382//619 322//464 341//616
f 385//652 381//656 380//651
f 380//651 381//656 857//621
f 375//7036 855//7037 854//1430
f 845//654 360//660 357//1461
f 376//7038 843//661 372//644
f 362//566 354//676 300//573
f 355//663 409//634 408//664
f 375//7039 372//644 374//662
f 375//653 373//647 360//660
f 373//7040 375//7040 374//7040
f 360//660 845//654 375//653
f 843//661 376//7038 854//1429
f 382//619 385//652 380//651
f 383//658 384//568 382//619
f 358//633 392//678 352//680
f 382//619 380//651 365//659
f 358//633 356//632 392//678
f 451//1756 469//763 394//692
f 393//675 455//674 449//760
f 369//579 1451//670 312//671
f 407//7041 403//694 410//640
f 410//640 404//693 407//7041
f 394//692 469//763 457//683
f 391//681 387//686 389//685
f 868//1465 390//688 1021//689
f 301//577 406//536 409//634
f 1021//689 393//675 449//760
f 387//686 448//690 461//776
f 448//690 386//679 1022//7042
f 386//679 863//1472 1022//7042
f 863//1472 1023//1474 1022//7042
f 401//677 352//680 391//681
f 866//695 451//1756 394//692
f 402//668 395//673 393//675
f 450//548 397//547 388//687
f 395//673 458//554 455//674
f 406//536 458//554 395//673
f 410//640 412//628 404//693
f 405//574 401//677 389//685
f 397//547 405//574 389//685
f 369//579 312//671 313//580
f 403//694 407//7041 404//693
f 404//693 400//643 394//692
f 404//693 457//683 396//682
f 408//664 402//668 399//696
f 393//675 390//688 399//696
f 870//697 399//696 390//688
f 870//697 390//688 868//1465
f 402//668 393//675 399//696
f 432//708 429//7043 430//706
f 425//7044 169//315 431//717
f 419//7045 420//7045 423//7045
f 419//701 413//726 420//728
f 423//722 422//725 421//721
f 422//7046 420//7046 421//7046
f 421//7047 420//728 415//730
f 420//728 1321//727 415//730
f 419//701 1320//700 413//726
f 418//306 415//710 417//307
f 415//730 1321//727 416//731
f 1072//6980 414//7048 1070//1828
f 444//7025 443//753 445//7021
f 446//527 447//526 1455//744
f 437//756 434//7049 435//754
f 437//756 436//755 434//7049
f 310//571 446//530 1299//698
f 447//526 308//672 1451//670
f 1456//2153 446//7050 1455//744
f 441//553 298//522 443//569
f 436//747 1333//746 434//749
f 1333//746 1330//2185 1331//748
f 435//754 434//7049 1331//2190
f 435//754 440//751 437//756
f 444//7025 440//751 443//753
f 465//783 438//741 1343//743
f 439//745 463//780 1336//779
f 441//553 443//569 442//7051
f 442//7051 435//742 438//741
f 450//548 463//780 439//745
f 440//758 439//745 436//747
f 444//549 450//548 440//758
f 441//553 442//7051 465//783
f 465//783 442//7051 438//741
f 441//553 465//783 455//674
f 455//674 465//783 464//761
f 461//776 448//690 460//785
f 457//683 454//764 453//765
f 449//760 455//674 464//761
f 469//763 451//1756 1809//788
f 1030//1762 460//785 448//690
f 451//1756 2678//7052 1809//788
f 458//554 441//553 455//674
f 396//7053 453//766 403//2201
f 388//687 387//686 461//776
f 388//687 463//780 450//548
f 463//780 388//687 462//778
f 388//687 461//776 462//778
f 449//760 1337//762 1021//689
f 1022//7042 1030//1762 448//690
f 462//778 1349//775 1336//779
f 460//785 1030//1762 1808//786
f 461//776 460//785 1334//774
f 459//638 1565//2440 370//669
f 464//761 465//783 1335//777
f 1341//790 466//773 1342//787
f 453//766 467//2208 403//2201
f 468//768 467//2208 453//766
f 468//768 1341//2211 467//2208
f 1338//782 465//783 1343//743
f 454//764 466//773 1341//790
f 526//200 473//793 486//202
f 473//861 509//7054 484//797
f 835//858 624//860 907//1503
f 837//7055 473//793 830//1351
f 338//144 476//7056 840//7057
f 840//7057 476//7056 471//7058
f 502//7059 507//7060 505//7061
f 500//7062 507//7062 502//7062
f 496//807 499//809 497//7063
f 499//809 495//7064 497//7063
f 498//7065 494//808 496//807
f 499//7066 494//828 493//830
f 496//824 497//7067 719//822
f 495//7068 499//7069 709//820
f 498//7070 718//825 494//827
f 715//812 631//811 759//7071
f 497//819 495//7068 709//820
f 496//813 720//7072 718//814
f 709//818 493//817 716//7073
f 494//828 717//7074 716//829
f 70//150 486//202 492//834
f 486//202 488//839 490//833
f 492//835 491//148 70//147
f 822//1393 480//795 479//850
f 901//1413 936//1069 626//1071
f 472//1414 901//1413 626//1071
f 490//833 488//839 489//7075
f 623//859 632//7076 624//860
f 693//1115 485//803 2221//802
f 693//845 632//7077 623//7078
f 470//846 483//810 715//812
f 630//7079 482//851 629//7080
f 629//7080 482//851 626//853
f 470//847 479//850 482//848
f 626//855 481//7081 480//856
f 693//845 623//7078 836//7082
f 801//862 484//797 693//845
f 473//861 484//797 801//862
f 632//7076 625//1083 624//860
f 830//1351 473//793 802//1352
f 837//7055 474//842 473//793
f 471//867 475//866 838//1421
f 475//7083 837//7055 839//7084
f 475//7083 474//842 837//7055
f 338//144 478//869 476//7056
f 475//7083 477//844 474//842
f 477//868 478//837 487//843
f 476//865 478//837 477//868
f 479//850 713//871 822//1393
f 592//882 530//885 529//897
f 512//874 591//948 588//872
f 525//876 116//203 523//904
f 523//904 116//203 521//900
f 517//893 503//886 512//874
f 510//7085 508//880 507//881
f 514//877 504//879 511//7086
f 514//877 511//7086 507//881
f 508//880 513//7087 514//877
f 521//900 531//899 587//884
f 575//946 504//879 605//908
f 583//892 506//891 504//879
f 506//890 507//7060 511//888
f 515//6953 512//874 528//873
f 509//7088 510//7088 484//7088
f 484//7089 510//7085 507//881
f 531//899 530//885 587//884
f 514//877 516//7090 519//901
f 513//7087 516//7090 514//877
f 517//893 516//7091 513//894
f 518//7092 519//901 516//7090
f 514//877 519//901 539//878
f 520//225 518//7093 517//893
f 517//893 512//874 515//6953
f 509//792 526//200 525//876
f 519//901 540//220 539//878
f 529//897 547//240 549//956
f 531//899 547//240 530//885
f 505//7061 507//7060 506//890
f 501//805 505//804 506//891
f 518//7094 522//179 519//901
f 520//225 522//6955 518//7093
f 531//899 532//898 547//240
f 521//900 587//884 523//904
f 533//7095 599//1058 565//960
f 517//893 515//6953 520//225
f 509//792 525//876 523//904
f 524//895 513//894 508//903
f 515//6953 528//873 546//929
f 523//7096 586//938 503//7097
f 523//7098 503//7099 509//7100
f 503//7099 510//7101 509//7100
f 529//897 549//956 590//958
f 536//1259 537//7102 723//1260
f 719//822 497//7067 721//7103
f 710//907 565//906 761//7104
f 542//913 543//909 613//921
f 619//957 549//956 535//931
f 613//921 774//1041 534//925
f 730//923 732//911 727//1263
f 605//908 539//878 612//922
f 535//931 618//926 617//1047
f 618//926 548//930 737//927
f 539//878 540//220 538//917
f 539//878 538//917 612//922
f 540//220 127//230 538//917
f 549//956 545//239 535//931
f 612//922 538//917 732//911
f 144//219 546//929 542//913
f 541//260 212//255 737//927
f 547//240 545//239 549//956
f 548//930 541//260 737//927
f 592//882 529//897 590//958
f 2074//955 580//952 589//953
f 586//932 581//883 585//7105
f 579//1019 2093//3215 574//947
f 2093//3215 579//1019 2072//3216
f 586//938 584//937 503//7097
f 579//7106 2076//7106 578//7106
f 2077//7107 579//7107 578//7107
f 2078//3241 2099//940 577//942
f 577//942 2068//941 576//944
f 585//7105 581//883 577//933
f 585//936 577//942 584//937
f 602//951 575//946 603//945
f 575//946 602//951 604//950
f 592//882 590//958 580//952
f 589//953 580//952 590//958
f 573//949 602//951 2047//3154
f 564//964 558//963 562//7108
f 565//960 599//1058 639//961
f 636//7109 564//7109 637//7109
f 639//971 563//970 572//7110
f 2075//995 604//950 573//949
f 583//892 2075//995 578//3249
f 576//944 2076//943 579//1019
f 560//7111 570//975 571//7112
f 558//1074 559//7113 562//7114
f 557//977 571//7112 570//975
f 557//978 598//980 571//1030
f 569//981 570//972 561//974
f 699//7115 697//1011 557//1010
f 589//953 619//957 611//993
f 568//1013 597//1015 556//7116
f 567//985 706//984 568//1013
f 567//7117 556//7117 595//7117
f 567//985 568//1013 556//7116
f 706//1127 555//7118 568//7119
f 554//983 707//1130 706//984
f 554//986 567//7120 595//987
f 614//7121 610//1039 588//872
f 574//947 614//7121 588//872
f 2066//989 550//7122 551//990
f 566//1112 551//7123 695//1113
f 614//7121 2101//7124 610//1039
f 614//7121 574//947 2101//7124
f 580//952 2074//955 2073//934
f 582//994 591//948 512//874
f 584//887 576//944 582//994
f 583//892 504//879 575//946
f 564//7125 562//7126 559//1005
f 564//7125 559//1005 600//1006
f 564//967 600//7127 633//968
f 700//999 633//1086 600//1000
f 2126//959 583//892 578//3249
f 560//1004 757//1003 561//7128
f 559//1005 561//7128 757//1003
f 559//1007 701//7129 702//1008
f 558//1074 701//1073 559//7113
f 595//7130 556//7131 597//1031
f 555//1016 694//7132 695//1017
f 582//994 574//947 591//948
f 551//7123 552//7133 695//1113
f 550//1025 2064//1023 552//1024
f 2064//1023 2043//7134 555//1014
f 555//1014 594//7135 597//1015
f 596//979 756//1028 598//980
f 555//1014 2035//7136 594//7135
f 598//980 756//1028 571//1030
f 595//7130 597//1031 755//1033
f 756//1028 553//988 755//7137
f 553//988 595//987 755//7137
f 555//1014 2043//7134 2035//7136
f 757//1003 758//1303 761//1269
f 563//997 757//1003 761//1269
f 565//998 563//997 761//1269
f 613//921 609//1037 774//1041
f 612//922 730//923 608//1038
f 610//1039 607//1040 609//1037
f 774//1041 607//1040 770//1301
f 616//1042 775//1048 772//1045
f 617//1047 618//926 775//1048
f 610//1039 2050//3165 607//1040
f 754//7138 593//7139 594//7140
f 611//993 2052//1049 2288//3436
f 616//1042 619//957 617//1047
f 730//923 727//1263 767//1050
f 607//1040 2050//3165 770//1301
f 2050//3165 2266//1299 770//1301
f 2049//3155 606//1044 2263//1310
f 638//1051 760//1053 759//7141
f 620//7142 622//1077 621//1054
f 622//1077 627//1076 621//1054
f 902//1055 621//1054 627//1509
f 904//1057 620//7142 621//1054
f 625//1083 622//1085 620//1554
f 2013//969 700//7143 563//970
f 637//7144 634//7145 636//965
f 638//1059 2013//7146 639//961
f 703//1096 2013//1095 638//7147
f 703//1066 631//1065 1995//1082
f 570//975 635//1068 708//976
f 634//7145 558//963 636//965
f 635//1171 569//7148 702//7149
f 674//7150 627//1076 684//7151
f 697//1172 635//1171 702//7149
f 628//1075 685//1221 627//1076
f 691//7152 629//7080 680//7153
f 691//7152 630//7079 629//7080
f 680//7153 629//7080 677//7154
f 629//7080 626//7155 677//7154
f 625//1083 693//1115 1998//1114
f 632//7076 693//1115 625//1083
f 624//860 625//1083 620//1554
f 638//1051 759//7141 631//7156
f 554//7157 553//7158 696//7159
f 696//7159 553//7158 1999//7160
f 697//1020 1999//1093 553//1021
f 694//7161 2005//7162 695//1108
f 701//1087 700//999 1999//3129
f 702//1092 701//7163 1999//1093
f 670//1235 640//1237 646//7164
f 672//1104 673//7165 650//7166
f 644//1098 652//7167 647//1099
f 672//1104 650//7166 981//1105
f 981//1105 650//7166 954//1624
f 2005//7162 2020//1109 695//1108
f 704//7168 2020//992 566//991
f 625//1083 1998//1114 685//1116
f 1998//7169 688//7169 685//7169
f 688//7170 1998//7171 668//7172
f 1998//7171 1997//7173 668//7172
f 673//7165 685//7174 650//7166
f 705//7175 554//7157 696//7159
f 706//1127 694//1126 555//7118
f 692//1131 691//7176 680//1132
f 651//1155 964//1227 671//1209
f 685//1221 684//7151 627//1076
f 692//1078 690//7177 1995//1082
f 1995//7178 690//7178 689//7178
f 690//7179 692//7180 679//7181
f 678//7182 690//7179 679//7181
f 690//1137 678//7183 682//1138
f 686//1152 681//1151 676//1164
f 669//7184 688//7185 668//1206
f 687//1147 675//7186 665//1148
f 663//1153 686//1145 676//1154
f 685//1221 674//1223 684//7151
f 662//1198 1993//1165 665//1167
f 708//1173 697//1172 699//7187
f 708//976 699//7188 557//977
f 679//1214 680//7189 677//1141
f 649//1176 647//1175 652//7190
f 656//7191 647//7192 648//3002
f 647//1180 655//7193 654//1181
f 657//1627 980//1626 645//7194
f 654//7195 659//7195 653//7195
f 660//1185 659//7196 654//1186
f 655//1188 656//7191 662//1189
f 659//7197 661//7197 653//7197
f 660//1193 662//7198 661//1191
f 663//1217 658//1213 664//1220
f 661//1194 665//1167 664//1197
f 668//1168 657//1170 645//7199
f 953//1205 669//7184 668//1206
f 650//1224 669//7200 953//1225
f 1969//2936 677//7201 676//7202
f 677//1070 651//1155 676//7203
f 936//1069 651//1155 677//1070
f 663//1153 651//1155 671//1209
f 673//1222 667//1204 666//1203
f 668//1206 645//1238 949//1207
f 673//1222 672//1211 667//1204
f 664//1220 675//1219 663//1217
f 673//1222 666//1203 674//1223
f 672//1211 979//1698 978//1202
f 978//1202 977//1694 666//1203
f 649//1229 643//7204 642//1230
f 980//1626 942//7205 645//7194
f 721//1245 760//1244 710//7206
f 536//1246 720//1248 722//1240
f 722//1240 720//1248 719//1241
f 720//7072 714//7207 718//814
f 714//7208 717//1253 718//7209
f 714//7208 715//1251 717//1253
f 716//1252 715//1251 759//1254
f 712//1250 713//1256 714//1247
f 726//362 734//1275 752//363
f 536//1246 744//1258 711//1249
f 728//924 725//910 747//1262
f 727//1263 747//1262 748//1290
f 747//1262 725//910 724//361
f 734//1275 735//1266 749//1265
f 733//1274 736//1273 787//1294
f 764//7210 721//7210 710//7210
f 723//1270 722//1240 721//1242
f 738//1267 734//1275 726//362
f 729//912 738//1267 726//362
f 750//1285 752//363 734//1275
f 534//925 735//1266 738//1267
f 727//1263 732//911 728//924
f 751//1297 753//378 1579//1284
f 734//1275 749//1265 750//1285
f 1573//1276 743//1282 746//2506
f 744//7211 1791//2515 711//2517
f 1575//1280 741//1279 1568//2511
f 742//406 1570//404 741//1279
f 742//406 741//1279 743//420
f 743//420 741//1279 746//1281
f 749//1265 1578//1286 750//1285
f 749//1265 1616//1318 1578//1286
f 787//1294 751//1297 1579//1284
f 745//1278 747//1262 743//1282
f 724//361 743//1282 747//1262
f 724//361 221//360 220//7212
f 724//361 220//7212 743//1282
f 736//1273 753//378 751//1297
f 766//1307 727//1263 748//1290
f 2266//1299 2272//1311 768//1300
f 2265//3597 789//1304 2273//1331
f 771//1046 789//1304 2265//3597
f 756//7213 593//1036 757//7214
f 594//7140 2035//7215 754//7138
f 770//1301 768//1300 773//1332
f 593//1036 756//7213 755//1034
f 774//1041 773//1332 791//1264
f 774//1041 770//1301 773//1332
f 789//1304 772//1045 792//1305
f 792//1305 769//1298 790//1324
f 735//1266 774//1041 791//1264
f 769//1298 776//928 733//1274
f 2265//3597 2052//1049 771//1046
f 765//1308 780//1296 779//1309
f 2263//1310 779//1309 2268//1328
f 2263//1310 606//1044 765//1308
f 606//1044 767//1050 765//1308
f 1599//1313 764//1257 758//1303
f 758//1303 762//1302 763//1314
f 763//1314 762//1302 593//7139
f 763//1314 593//7139 754//7138
f 754//7138 2046//3188 763//1314
f 762//1302 757//1003 593//7139
f 754//7138 2035//7215 2046//3188
f 783//1321 786//1306 1613//2531
f 1614//2539 785//1329 1574//1277
f 1613//2531 786//1306 784//1325
f 788//1316 1612//1323 1609//1317
f 778//1326 785//1329 1602//2545
f 785//1329 1614//2539 1602//2545
f 783//1321 1613//2531 1611//1322
f 781//1330 1612//1323 782//1312
f 781//1330 3425//2534 1612//1323
f 773//1332 768//1300 788//1316
f 790//1324 1615//1319 784//1325
f 740//1283 1574//1277 785//1329
f 1601//2546 778//1326 1602//2545
f 778//1326 1601//2546 777//1327
f 780//1296 785//1329 778//1326
f 749//1265 788//1316 1616//1318
f 2273//1331 783//1321 2270//1320
f 791//1264 788//1316 749//1265
f 793//1491 1008//1490 1007//7216
f 860//1336 804//7217 803//1334
f 805//1337 804//7217 860//1336
f 802//863 801//862 1001//1338
f 807//1367 1012//1340 806//1342
f 338//144 834//7218 831//7219
f 833//1344 834//1343 829//1422
f 832//7220 831//7219 834//7218
f 820//1403 833//1348 816//1404
f 816//1404 833//1348 828//1347
f 828//1347 829//1346 830//1351
f 816//1353 802//1352 859//1335
f 963//1397 835//858 907//1503
f 963//1397 827//7221 835//858
f 801//862 693//845 815//1356
f 806//1364 1011//7222 1013//1365
f 1014//1374 813//1373 1016//7223
f 809//7224 1019//7225 1018//7226
f 807//1367 811//1376 1010//1368
f 810//1366 1013//1365 1009//1358
f 811//1369 812//7227 1014//1370
f 814//7228 1018//7226 1045//7229
f 812//1383 811//7230 806//1380
f 814//7228 1045//7229 898//7231
f 814//7228 809//7224 1018//7226
f 814//7232 1019//7225 809//7224
f 905//7233 795//1391 826//1390
f 814//7234 826//7235 823//1394
f 814//7236 898//1519 826//1530
f 801//862 815//1356 794//1396
f 804//1399 821//1406 817//1400
f 821//1408 818//1407 817//7237
f 803//1334 816//1353 859//1335
f 831//1350 817//7237 818//1407
f 803//1401 819//1402 816//1404
f 817//7237 831//1350 819//1405
f 805//600 334//604 804//1399
f 334//583 349//582 821//1408
f 338//144 831//7219 818//587
f 793//7238 1007//1409 889//1411
f 827//1355 836//7082 835//7239
f 827//1355 693//845 836//7082
f 836//7240 623//7240 835//7240
f 838//1415 837//7055 830//1351
f 901//7241 825//1417 824//1419
f 795//1391 901//7242 824//1420
f 814//7234 823//1394 1019//1416
f 838//1415 839//7084 837//7055
f 338//144 840//7057 834//7218
f 840//7243 838//1421 834//1343
f 471//867 838//1421 840//7243
f 796//7244 798//7245 1040//7246
f 797//7247 798//7247 796//7247
f 984//1727 842//1462 983//1464
f 844//1447 856//1451 999//1444
f 845//654 987//1460 988//1724
f 854//1430 855//7037 853//1431
f 852//1428 851//1463 849//1432
f 851//1434 845//654 841//1435
f 987//1460 842//1462 984//1727
f 994//1433 2467//1711 867//1469
f 841//1435 988//1724 991//1436
f 846//1439 997//1443 993//1438
f 852//1428 994//1433 843//661
f 841//1435 996//1437 847//1440
f 847//1442 996//1713 997//1443
f 356//632 986//1446 989//1424
f 842//1462 870//697 869//7248
f 1001//7249 801//7249 2480//7249
f 869//7248 983//1464 842//1462
f 989//1424 2466//1728 982//1425
f 1000//7250 859//7251 1001//1702
f 843//661 867//1469 398//642
f 994//1433 867//1469 843//661
f 851//1463 850//1459 849//1432
f 850//1459 846//1458 849//1432
f 849//1432 846//1439 994//1433
f 845//654 988//1724 841//1435
f 860//1336 859//1335 856//1451
f 857//621 856//1451 844//1447
f 392//678 989//1424 864//1426
f 870//697 868//1465 869//7248
f 867//1469 865//1468 866//695
f 866//695 1026//1754 451//1756
f 982//1425 1003//1471 864//1426
f 398//642 867//1469 866//695
f 865//1468 1026//1754 866//695
f 983//1464 869//7248 868//1465
f 386//679 864//1426 863//1472
f 868//1465 1024//1476 861//1470
f 909//1484 911//7252 2304//1485
f 1041//1771 1042//7253 1037//1776
f 872//1764 871//1488 2304//1487
f 1044//7254 898//7255 1045//7256
f 881//1489 1044//7257 1008//1490
f 877//1499 880//1654 1043//1497
f 885//1570 1041//1495 876//1494
f 879//1500 872//1498 878//7258
f 906//1504 904//1555 961//1505
f 907//1503 904//1555 906//1504
f 889//1569 1041//1495 885//1570
f 875//1521 882//7259 890//1522
f 900//7260 886//7261 893//7262
f 905//1537 937//1536 795//7263
f 795//7264 937//1539 901//1541
f 826//1530 958//1527 905//1529
f 904//1532 903//7265 960//1533
f 960//1533 903//7265 902//7266
f 897//7267 892//1542 894//1544
f 893//7262 886//7261 885//7268
f 881//7269 889//7269 899//7269
f 899//1517 889//7270 886//1538
f 927//1531 898//1519 921//1546
f 896//1547 891//7271 892//1548
f 895//7272 917//7273 890//7274
f 920//1378 2326//1607 912//1379
f 894//1524 888//7275 887//1556
f 895//1559 880//1558 925//7276
f 883//1563 895//7277 890//1561
f 891//1564 890//7278 917//1565
f 915//7279 891//1574 918//7280
f 898//7255 1044//7254 881//7281
f 893//1572 891//1574 915//7279
f 919//7282 915//1576 910//1578
f 919//7283 910//1579 921//1546
f 878//7258 922//7284 879//1500
f 922//1594 916//1593 879//7285
f 924//1596 909//7286 923//7287
f 924//1596 878//7288 909//7286
f 922//7289 878//7288 924//1596
f 926//1592 918//7290 916//1593
f 926//1591 913//1590 918//7291
f 926//1595 922//7289 924//1596
f 919//7292 893//7293 915//7294
f 919//7292 900//7295 893//7293
f 929//1601 2374//1600 2354//7296
f 930//1606 938//1605 929//7297
f 880//1558 883//1557 874//7298
f 909//7286 878//7288 911//7299
f 980//1626 949//7300 942//7205
f 944//1617 931//1613 943//1615
f 944//1618 927//1531 921//1546
f 925//7276 880//1558 914//7301
f 931//1621 946//1620 945//7302
f 945//7303 930//7304 934//7305
f 895//7272 925//7306 917//7273
f 947//1629 930//7307 945//1630
f 2382//1632 935//1637 934//1633
f 966//1639 936//7308 935//1640
f 948//1638 956//7309 966//1639
f 948//7310 2383//7311 940//7312
f 921//1546 900//1518 919//7283
f 956//7313 941//7314 966//1696
f 940//7315 941//7314 956//7313
f 956//7316 948//7310 940//7312
f 957//1643 951//1642 955//1687
f 958//7317 932//1648 959//1650
f 952//1641 960//1533 951//1642
f 952//1641 961//1534 960//1533
f 960//1651 902//7318 955//1652
f 914//1585 877//7319 917//1586
f 917//1656 916//1658 918//7320
f 918//7321 913//7321 915//7321
f 917//1656 877//7322 879//1657
f 913//7323 908//7323 915//7323
f 912//1379 2319//1608 800//1389
f 933//1511 934//7324 936//1069
f 934//7325 935//1640 936//7308
f 933//7326 945//7303 934//7305
f 934//7305 930//7304 2380//7327
f 932//1662 931//1665 933//1663
f 2403//1667 2381//3800 2379//1507
f 2380//1669 929//1668 2354//7328
f 980//1626 2403//1628 949//7300
f 963//1397 2379//1507 2350//1508
f 966//1696 941//7314 965//1697
f 2386//1612 967//7329 940//1609
f 972//1677 969//7330 967//1678
f 969//7331 971//7331 968//7331
f 972//7332 971//7333 969//7334
f 972//7335 970//7336 973//7337
f 971//7338 974//7338 968//7338
f 972//7332 975//7339 971//7333
f 975//7340 973//7340 974//7340
f 975//7341 972//7335 973//7337
f 2401//7342 974//7343 973//7337
f 976//1236 965//7344 640//1237
f 974//7345 642//7345 641//7345
f 642//7346 643//1682 641//1684
f 981//1686 957//1643 955//1687
f 955//1510 627//1509 674//7347
f 962//7348 950//1690 2403//1692
f 952//7349 950//7349 962//7349
f 961//1505 952//7350 962//1506
f 964//7351 965//7344 976//1236
f 957//1625 954//1624 950//1700
f 2379//1507 906//1504 962//1506
f 2483//1703 1001//1702 2480//1452
f 2481//1701 1000//7250 1001//1702
f 993//1438 2467//1711 994//1433
f 800//1389 2319//1608 2630//1395
f 995//1709 2478//1708 993//1438
f 998//1712 995//1709 993//1438
f 998//1714 996//7352 991//1436
f 2605//4186 983//1464 2489//1739
f 992//7353 990//7353 2478//7353
f 991//1436 988//1724 2474//1716
f 2605//4186 984//1727 983//1464
f 2474//1716 988//1724 2471//1726
f 2610//1449 2466//1728 989//1424
f 999//1444 2475//1723 985//1445
f 985//1445 2610//1449 986//1446
f 1025//1475 1002//1733 1020//1759
f 1003//1471 2466//1728 2486//1734
f 1004//1738 1034//1737 865//1468
f 2467//1711 1005//1467 867//1469
f 1004//1738 2488//1721 2484//1735
f 1013//1365 1008//7354 1009//1358
f 796//7244 1040//7246 1007//7355
f 1040//7356 1041//1771 1007//7357
f 797//1740 1035//1742 1040//1772
f 1017//1255 1019//7358 822//7359
f 1017//1255 711//1249 1806//1741
f 1017//1255 822//7359 713//1256
f 1018//1745 1016//1744 1015//1746
f 1015//1746 1009//1768 1045//1747
f 797//1740 1017//1255 1806//1741
f 1017//1255 797//1740 1019//7358
f 797//1740 1010//7360 1019//7358
f 1013//7361 1011//1752 1008//7362
f 1010//7363 1007//1751 1012//1750
f 1011//1752 1007//1751 1008//7362
f 1010//7360 797//1740 796//7364
f 1023//1474 1025//1475 1020//1759
f 451//1756 1031//1755 2678//7052
f 1023//1474 1027//1760 1022//7042
f 1026//1754 865//1468 1034//1737
f 1030//1762 1022//7042 1027//1760
f 1028//1757 1024//1476 1021//689
f 1028//1757 1029//769 1820//2811
f 1027//1760 2667//1761 1818//1782
f 1029//769 1814//784 1820//2811
f 1035//2800 1904//2802 3722//2872
f 1026//1754 1034//1737 1033//1758
f 1033//1758 2669//1766 1031//1755
f 1032//1731 1046//1778 2654//1774
f 1020//1759 2653//1775 2667//1761
f 1028//1757 1046//1778 1032//1731
f 1008//1767 1044//7365 1045//1747
f 1042//7253 1041//1771 1039//1770
f 1040//7356 1038//1769 1041//1771
f 1038//7366 1040//7367 3722//2872
f 1037//1776 1042//7253 1039//1770
f 1039//1770 1038//1769 2491//1777
f 2491//7368 1038//7366 3722//2872
f 1028//1757 1820//2811 1046//1778
f 1046//1778 1820//2811 3613//1779
f 1058//281 1094//280 1057//1795
f 149//297 1061//1797 1063//283
f 1054//1786 1057//1795 1088//1787
f 1057//1795 1094//280 1088//1787
f 1056//7369 1054//1790 1055//1792
f 1055//1804 1052//7370 1053//1805
f 1048//7371 1198//7372 1205//7373
f 1053//1805 1052//7370 1050//7374
f 1053//1805 1050//7374 1051//7375
f 1052//1793 1049//1791 1050//7376
f 1051//7375 1050//7374 1047//7377
f 1051//7375 1047//7377 1207//1951
f 1049//1791 1047//7378 1050//7376
f 1049//1791 1048//7371 1205//7373
f 1047//7378 1049//1791 1205//7373
f 1057//7379 1054//1790 1056//7369
f 1062//1796 1056//1803 1060//7380
f 1057//1795 1056//1803 1062//1796
f 1132//1889 1059//1783 1251//1789
f 1064//284 1060//1799 1121//1798
f 1064//284 1062//1801 1060//1799
f 1063//283 1061//1797 1062//1796
f 1058//281 1057//1795 1061//1797
f 1060//1799 1053//1794 1059//1783
f 1056//1803 1053//1805 1060//7380
f 1049//1788 1087//1806 1048//7381
f 1087//1806 1198//7382 1048//7381
f 1089//326 1091//1810 1082//1812
f 1082//1812 1080//1817 1079//1813
f 1074//1819 1066//2178 1073//7383
f 1188//1808 1200//1807 1073//1814
f 1075//1820 1074//1819 1073//7383
f 1077//1848 1067//7384 1068//7385
f 1078//1821 1068//1825 1074//1822
f 1079//1841 1076//1818 1087//1806
f 1077//1848 1068//7385 1078//7386
f 1080//1817 1077//1848 1078//7386
f 1081//1834 1077//1848 1080//1817
f 1078//1821 1076//1823 1080//1817
f 1317//7387 1083//7388 1084//7389
f 1319//1830 1084//7389 1082//1831
f 1083//1833 1077//1848 1081//1834
f 1094//280 1090//7390 1089//1835
f 1067//7384 1305//2177 1068//7385
f 1066//1826 1303//1837 1302//7391
f 1303//1837 1066//1826 1068//1825
f 1071//304 1085//324 1069//7392
f 1069//7392 1085//324 1092//7393
f 1095//7394 1070//1838 1092//1840
f 1086//1844 1318//1843 1082//7395
f 1317//7387 1084//7389 1319//1830
f 1088//1787 1089//1835 1087//1806
f 1087//1806 1075//1824 1198//7382
f 1198//7382 1075//1824 1200//1807
f 1094//280 1093//309 1090//7390
f 1089//326 1095//7396 1092//1811
f 1085//7397 1091//1810 1092//1811
f 1096//325 1095//7396 1089//326
f 188//322 1089//326 1090//356
f 1314//1846 1305//2161 1067//1847
f 174//331 1086//328 1082//1812
f 1073//1814 1065//7398 1300//1815
f 1066//2178 1065//2180 1073//7383
f 167//303 1085//324 1071//304
f 1135//1866 1133//7399 1103//1868
f 1100//1872 1117//1874 1587//1875
f 1115//386 1116//388 1108//1855
f 1115//408 1097//1884 1106//409
f 1112//1853 1113//1859 1111//1854
f 1124//417 1127//7400 1598//1856
f 1127//7400 1144//1891 1598//1856
f 1106//409 1137//1885 1135//1866
f 1138//1849 1103//1868 1133//7399
f 1103//1868 1107//1867 1135//1866
f 1107//1867 1110//1858 1135//1866
f 1569//2513 1105//1863 1567//1877
f 1118//1881 1596//1880 1141//1894
f 1100//1872 1569//1876 1567//1873
f 1567//1877 1105//1863 1101//1878
f 1105//1863 1102//7401 1101//1878
f 1102//1864 1103//1865 1101//1883
f 1120//7402 1118//1881 1141//1894
f 1098//1870 1104//1882 1117//1874
f 1127//7400 1124//417 1119//7403
f 1108//1855 1120//7402 1139//1903
f 1120//7402 1145//7404 1139//1903
f 1119//7403 1126//1802 1121//1798
f 1125//407 1118//1881 1120//7402
f 1123//1288 1118//1881 1125//407
f 1125//407 1120//7402 1108//1855
f 1126//1802 1119//7403 1122//421
f 1124//417 1122//421 1119//7403
f 1097//1857 1108//1855 1139//1903
f 1586//1886 1117//1898 1142//1850
f 1145//7404 1259//1896 1247//2077
f 1144//1891 1143//1888 1257//1892
f 1145//7404 1141//1894 1259//1896
f 1257//1892 1143//1888 1260//2069
f 1129//1908 1252//2073 1245//1902
f 1130//1910 1253//1909 1129//2067
f 1142//1850 1133//7399 1246//1899
f 1245//1902 1134//1901 1129//1908
f 1246//1899 1135//1866 1245//1902
f 1133//7399 1135//1866 1246//1899
f 1139//1903 1145//7404 1131//1905
f 1097//7405 1140//7406 1137//7407
f 1137//7407 1140//7406 1131//7408
f 1144//1891 1127//7400 1143//1888
f 1598//1856 1144//1891 1594//1893
f 1131//1905 1145//7404 1247//2077
f 1134//1901 1136//7409 1130//1907
f 1137//1885 1136//7409 1134//1901
f 1135//1866 1137//1885 1134//1901
f 1119//7403 1121//1798 1132//1889
f 1119//7403 1132//1889 1143//1888
f 1119//7403 1143//1888 1127//7400
f 1142//1850 1138//1849 1133//7399
f 1120//7402 1141//1894 1145//7404
f 1174//1917 1209//2060 1229//1918
f 1174//7410 1210//2053 1173//7411
f 1172//7412 1175//1927 1412//1929
f 1175//1927 1174//7410 1173//7411
f 1175//1927 1172//7412 1174//7410
f 1146//1921 1490//2300 1209//2060
f 1149//1930 1388//2269 1413//1931
f 1150//7413 1151//7414 1152//7415
f 1153//7416 1150//7413 1152//7415
f 1154//1940 1413//1931 1147//2273
f 1148//1923 1175//1925 1190//1943
f 1415//1988 1393//2275 1156//7417
f 1047//7377 1205//1952 1207//1951
f 1154//1940 1147//2273 1148//1956
f 1178//7418 1155//1941 1154//1940
f 1178//7419 1180//1963 1179//1965
f 1181//1985 1180//1963 1178//7419
f 1178//7418 1154//1940 1177//1957
f 1181//7420 1178//7421 1182//7422
f 1186//1999 1181//7420 1182//7422
f 1179//1955 1158//7423 1155//1953
f 1180//1963 1160//1967 1158//1964
f 1185//1972 1164//7424 1163//1973
f 1166//1980 1164//7425 1185//1981
f 1183//7426 1165//1986 1186//1976
f 1183//7426 1186//1976 1184//1975
f 1181//1985 1165//7427 1168//1996
f 1169//1995 1181//1985 1168//1996
f 1169//1995 1171//1984 1181//1985
f 1195//1998 1188//1808 1187//1983
f 1206//1949 1205//1952 1203//1950
f 1205//7373 1198//7372 1197//7428
f 1158//1989 1415//7429 1152//1939
f 1160//7430 1157//2020 1159//1966
f 1162//7431 1167//7432 1161//7433
f 1164//7434 1162//7431 1163//7435
f 1162//1970 1161//7436 1165//1968
f 1162//1970 1184//1971 1163//7437
f 1207//1800 1203//1990 1204//1992
f 1193//2008 1201//2001 1203//1990
f 1203//1950 1205//1952 1197//2009
f 1193//2012 1203//1950 1197//2009
f 1203//1990 1201//2001 1202//1991
f 1167//7438 1166//7438 1150//7438
f 1162//7431 1166//7439 1167//7432
f 1153//7416 1168//7440 1150//7413
f 1167//7432 1168//7441 1161//7433
f 1166//7439 1162//7431 1164//7434
f 1161//7442 1168//1996 1165//7427
f 1189//2000 1186//1999 1182//7422
f 1201//2001 1191//2006 1190//2002
f 1187//1983 1186//1999 1195//1998
f 1171//1984 1160//7430 1180//1963
f 1190//1943 1173//7443 1225//7444
f 1173//7411 1210//2053 1225//2055
f 1190//1943 1175//1925 1173//7443
f 1191//2003 1176//1942 1190//1943
f 1193//2008 1192//2005 1201//2001
f 1177//1960 1194//2011 1189//1962
f 1194//2007 1177//1957 1176//1961
f 1197//7428 1195//1998 1189//2000
f 1196//2010 1193//2012 1197//2009
f 1194//2011 1196//2010 1189//1962
f 1200//1807 1195//1998 1197//7428
f 1199//1809 1195//1998 1200//1807
f 1198//7372 1200//1807 1197//7428
f 1208//1785 1207//1800 1204//1992
f 1251//1789 1208//1785 1204//1992
f 1171//1984 1157//2020 1160//7430
f 1171//1984 1169//1995 1153//1997
f 1211//7445 1212//7445 1214//7445
f 1220//2034 1214//2026 1213//2029
f 1216//2036 1844//2388 1637//2022
f 1481//2044 1844//2388 1216//2036
f 1218//7446 1217//2035 1211//2021
f 1218//7447 1215//2033 1220//2034
f 1221//2042 1216//2036 1217//2035
f 1221//2042 1219//2045 1216//2036
f 1222//2051 1223//2047 1224//2049
f 1219//2048 1221//2039 1233//2041
f 1190//1943 1225//7444 1226//7448
f 1190//1943 1226//7448 1222//2093
f 1227//7449 1481//2044 1228//2052
f 1210//1919 1229//1918 1230//7450
f 1229//1918 1481//2044 1231//7451
f 1230//7450 1229//1918 1231//7451
f 1231//7451 1481//2044 1227//7449
f 1227//7449 1230//7450 1231//7451
f 1226//2057 1228//2050 1222//2051
f 1220//2117 1213//2059 1640//2058
f 1232//2040 1218//7447 1220//2034
f 1233//2041 1232//2040 1220//2034
f 1259//1896 1660//2599 1255//2080
f 1247//2077 1259//1896 1255//2080
f 1667//2061 1257//1892 1661//2596
f 1259//1896 1664//1895 1660//2599
f 1143//1888 1258//1890 1260//2069
f 1234//2063 1289//2085 1271//2136
f 1131//1905 1247//2077 1253//1909
f 1129//2067 1254//2068 1252//2073
f 1252//2073 1254//2068 1250//2071
f 1254//7452 1253//7452 1250//7452
f 1282//2084 1243//2083 1235//2082
f 1253//1909 1249//2078 1250//7453
f 1237//7454 1236//7454 1235//7454
f 1238//2074 1295//2101 1294//2102
f 1249//2078 1247//2077 1238//2074
f 1255//2080 1288//2600 1280//2123
f 1235//2082 1236//7455 1291//2114
f 1661//2596 1257//1892 1298//2079
f 1255//2080 1660//2599 1288//2600
f 1237//2076 1239//2090 1238//2074
f 1296//2086 1297//2015 1285//2096
f 1234//2063 1241//1900 1289//2085
f 1242//2081 1255//2080 1295//2101
f 1245//1902 1235//2082 1243//2083
f 1249//2078 1238//2074 1239//2090
f 1242//2081 1295//2101 1238//2074
f 1257//1892 1260//2069 1298//2079
f 1244//2072 1248//2087 1235//2082
f 1248//2089 1249//2078 1239//2090
f 1250//2071 1249//2091 1244//2072
f 1251//1789 1297//2015 1296//2086
f 1263//2095 1262//2111 1264//7456
f 1297//2015 1204//1992 1265//1993
f 1256//2595 1298//2079 1281//2097
f 1256//2595 1281//2097 1694//2609
f 1296//2086 1285//2096 1269//2098
f 1295//2101 1280//2123 1286//2099
f 1295//2101 1292//2100 1294//2102
f 1294//2102 1292//2100 1293//7457
f 1289//2085 1282//2084 1274//7458
f 1282//7459 1292//7459 1284//7459
f 1235//2082 1290//2109 1282//2084
f 1295//2101 1255//2080 1280//2123
f 1280//2123 1288//2600 1273//2124
f 1262//2111 1224//2094 1233//2115
f 1261//2126 1267//2116 1640//2058
f 1233//2115 1220//2117 1267//2116
f 1265//1993 1190//2002 1263//2118
f 1271//2136 1289//2085 1270//2134
f 1234//2063 1271//2136 1690//2064
f 1269//2098 1265//1993 1263//2118
f 1287//2070 1269//2098 1281//2097
f 1281//2097 1269//2098 1268//2127
f 1283//2122 1279//2121 1278//2129
f 1284//7460 1286//7460 1275//7460
f 1286//7461 1283//7461 1275//7461
f 1283//7462 1278//2143 1275//2145
f 1274//7458 1282//2084 1275//2113
f 1268//2127 1266//2128 1694//2609
f 1694//2609 1281//2097 1268//2127
f 1273//2124 1689//2131 1279//2121
f 1268//2127 1262//2133 1267//2125
f 1268//2127 1269//2098 1262//2133
f 1277//2130 1279//2121 1689//2131
f 1272//2138 1688//7463 1692//2135
f 1692//2135 1690//2064 1271//2136
f 1687//7464 1690//2064 1692//2135
f 1693//2616 1694//2609 1266//2128
f 1274//2144 1277//7465 1270//2137
f 1289//2085 1274//7458 1270//2134
f 1277//7465 1276//2142 1270//2137
f 1278//2143 1277//7465 1274//2144
f 1323//737 1322//7466 1070//738
f 1071//2147 1070//2149 1322//7467
f 413//726 1419//740 1316//2150
f 1317//1845 1313//2160 1314//1846
f 1313//2156 1315//733 1310//2157
f 1419//740 1320//700 1418//2159
f 1313//2160 1308//7468 1305//2161
f 1313//2156 1310//2157 1312//7469
f 1312//2165 1310//7470 1311//2166
f 1419//740 1306//2167 1310//2157
f 1312//2165 1311//2166 1309//2163
f 1311//2166 1310//2157 1306//2167
f 1299//698 1373//699 1372//2151
f 1068//7385 1305//2177 1307//2172
f 1307//2172 1304//2175 1301//2173
f 1302//2181 1300//2183 1065//7471
f 1302//2181 1303//7472 1301//2182
f 1300//2183 1301//2182 1421//7473
f 1419//740 1418//2159 1420//2184
f 1323//735 166//305 1071//304
f 1328//2186 1330//2185 1327//7474
f 1330//2194 1326//2192 1327//7475
f 1332//2187 1331//2190 1328//2186
f 1333//746 439//745 1326//2192
f 1324//2195 1328//2186 1429//2198
f 1517//2196 1329//7476 1324//7477
f 1325//2189 1329//7476 1517//2196
f 1332//750 1329//7476 1325//2189
f 1328//2186 1327//7474 1429//2198
f 1327//7475 1428//2197 1429//2365
f 1326//2192 1428//2197 1327//7475
f 1348//2191 1516//2230 1428//2197
f 1517//2196 1324//7477 1430//2368
f 410//637 1503//2202 1565//781
f 1451//670 370//669 1565//2440
f 403//2201 1509//2207 1503//2202
f 1342//787 1360//2203 1340//2200
f 1343//743 1357//2193 1338//782
f 1335//777 1338//782 1357//2193
f 1354//772 1339//789 1359//2205
f 1339//789 1809//788 1817//2204
f 467//2208 1358//2206 403//2201
f 1358//2206 1340//2209 1361//2224
f 1361//2215 1340//2200 1355//2210
f 1357//2193 1353//2214 1335//777
f 1336//779 1349//775 1347//2231
f 1336//779 1347//2231 1348//2191
f 439//745 1336//779 1348//2191
f 1814//784 1337//762 1350//2213
f 1360//2203 1354//772 1355//2210
f 1354//772 1359//2205 1514//2228
f 1509//2207 1358//2206 1515//7478
f 1344//2225 1494//2435 1496//2229
f 1358//2206 1356//2223 1515//7478
f 1351//2217 1357//2193 1517//2196
f 1344//2225 1497//2221 1494//2435
f 1347//2231 1349//775 1344//2225
f 1350//2213 1353//2214 1346//2219
f 1814//784 1350//2213 1346//2219
f 1352//2226 1512//2432 1515//2227
f 1814//784 1346//2219 1810//2434
f 1356//2216 1355//2210 1352//2226
f 1355//2210 1354//772 1514//2228
f 1348//2191 1347//2231 1516//2230
f 1359//2205 1816//2220 1514//2228
f 1487//2302 1365//2252 1364//2251
f 1375//2256 1374//2234 1488//2233
f 1373//2235 1457//7479 1448//2236
f 1371//7480 1363//2242 1407//7481
f 1407//7481 1368//2244 1381//7482
f 1363//7483 1371//2321 1464//2323
f 1463//2346 1462//7484 1369//7485
f 1464//2323 1372//2237 1448//2236
f 1407//7481 1363//2242 1368//2244
f 1463//2346 1369//7485 1368//2259
f 1394//7486 1416//2301 1157//2020
f 1410//7487 1170//7487 1396//7487
f 1376//7488 1460//2250 1364//2297
f 1147//1926 1376//7488 1364//2297
f 1376//7488 1362//2249 1366//7489
f 1380//2262 1362//2249 1376//7488
f 1380//2262 1376//7488 1147//2273
f 1382//7490 1381//7482 1368//2244
f 1383//2264 1381//7491 1382//2265
f 1384//2307 1381//7491 1383//2264
f 1386//2268 1387//2263 1380//2262
f 1390//2272 1385//2266 1387//2267
f 1166//1982 1417//2018 1149//1934
f 1418//7492 1411//7492 1417//7492
f 1404//2270 1389//7493 1149//1934
f 1417//2018 1411//7494 1404//2270
f 1389//2320 1391//2282 1390//2281
f 1389//7493 1387//7495 1388//7496
f 1392//2274 1385//2266 1395//7497
f 1399//7498 1397//7499 1398//7500
f 1401//2286 1399//2290 1398//2287
f 1399//7501 1403//7501 1402//7501
f 1397//7499 1399//7498 1402//7502
f 1367//2291 1368//2259 1369//7485
f 1367//2238 1461//2240 1362//2249
f 1369//7485 1462//7484 1367//2291
f 1405//7503 1397//7499 1402//7502
f 1405//2319 1402//7504 1403//2295
f 1376//7488 1366//7489 1460//2250
f 1362//2249 1460//2250 1366//7489
f 1159//1966 1416//2301 1395//2279
f 1416//7505 1394//2278 1395//2277
f 1395//2279 1393//2275 1415//1988
f 1394//2278 1410//2312 1392//2276
f 1377//7506 1378//7506 1490//7506
f 1377//2306 1490//2300 1146//1921
f 1377//2254 1412//1929 1379//1928
f 1147//1926 1364//2297 1379//1924
f 1396//7507 1414//7507 1390//7507
f 1414//7508 1393//2275 1390//2272
f 1384//2307 1408//2308 1381//7491
f 1406//2310 1407//2283 1381//7509
f 1410//2312 1384//2307 1383//2264
f 1404//2270 1409//7510 1389//7493
f 1398//7511 1408//2308 1400//2314
f 1407//2316 1397//7512 1405//2317
f 1411//7513 1371//7480 1407//7481
f 1408//2308 1410//2304 1409//2313
f 1404//2294 1400//2293 1409//7514
f 1410//2304 1391//2282 1409//2313
f 1418//7515 1371//7480 1411//7513
f 1386//2268 1380//2262 1413//1931
f 1149//1934 1389//7493 1388//7496
f 1464//2323 1418//2322 1372//2237
f 1441//2338 1434//2355 1435//2363
f 1373//699 1456//2153 1457//2351
f 1441//2338 1435//2363 1436//2339
f 1464//2243 1448//2353 1444//2352
f 1464//2243 1444//2352 1447//2345
f 1463//2346 1437//2344 1462//7484
f 1457//2351 1445//2380 1444//2352
f 1446//2342 1437//2344 1447//2347
f 1422//2334 1531//2336 1434//2355
f 1440//2330 1442//2327 1439//2329
f 1505//2358 1439//2329 1438//2356
f 1428//2197 1423//2354 1429//2365
f 1425//2331 1439//2329 1505//2358
f 1424//2366 1427//2332 1425//2331
f 1426//2364 1422//2334 1441//2338
f 1424//2366 1430//2368 1427//2332
f 1459//2298 1539//2349 1483//2299
f 1454//7516 1449//7516 1430//7516
f 1426//2374 1441//2338 1450//2370
f 1451//2375 1431//2199 1426//2374
f 1431//7517 1451//7517 1452//7517
f 1449//7518 1454//2325 1427//2377
f 1450//2370 1443//2337 1453//7519
f 1451//2375 1450//2370 1453//7519
f 1504//2367 1425//2331 1505//2358
f 1453//7519 1443//2337 1445//2341
f 1457//2351 1456//2153 1445//2380
f 1455//744 1453//2379 1456//2153
f 1324//7477 1431//7520 1430//2368
f 1431//2199 1429//2198 1426//2374
f 1461//2240 1459//2298 1460//2250
f 1531//2336 1432//2348 1434//2355
f 1462//2239 1437//2362 1461//2240
f 1459//2298 1435//2363 1458//2350
f 1435//2363 1432//2348 1458//2350
f 1844//2388 1840//2387 1833//7521
f 1473//2404 1472//2385 1481//2044
f 1490//2300 1488//2233 1481//2044
f 1466//2391 1566//2396 1827//2392
f 1465//2397 1566//2396 1466//2391
f 1480//7522 1465//7522 1466//7522
f 1482//2412 1476//7523 1478//2402
f 1482//2412 1477//7524 1476//7523
f 1481//2044 1478//2402 1473//2404
f 1481//2044 1482//2412 1478//2402
f 1470//2395 1468//2410 1566//2396
f 1539//2349 1469//2474 1474//2398
f 1476//7523 1475//7525 1478//2402
f 1478//2402 1475//7525 1471//2403
f 1476//2405 1474//2400 1475//7526
f 1475//7526 1474//2400 1471//7527
f 1471//7527 1474//2400 1469//7528
f 1488//2233 1489//2390 1485//2411
f 1489//2390 1486//7529 1485//2411
f 1489//2303 1487//2302 1486//2414
f 1472//2385 1470//2406 1465//2407
f 1471//7527 1469//7528 1473//2409
f 1473//2409 1469//7528 1468//2410
f 1485//2411 1486//7529 1479//7530
f 1486//2414 1484//2413 1483//2415
f 1486//2414 1483//2415 1479//2399
f 1479//7530 1477//7524 1485//2411
f 1488//2233 1482//2412 1481//2044
f 1485//2411 1477//7524 1482//2412
f 1424//2366 1504//2367 1508//2437
f 1532//2419 1504//2367 1505//2358
f 1494//2435 1493//2222 1491//2416
f 1848//2805 1495//2431 1498//2422
f 1492//2418 1494//2435 1491//2416
f 1500//2429 1494//2435 1492//2418
f 1500//2429 1525//2430 1501//2335
f 1511//2426 1816//2220 1852//2856
f 1346//2219 1507//2218 1499//2423
f 1503//2202 1509//2207 1510//7531
f 1494//2435 1500//2429 1496//2229
f 1514//2228 1816//2220 1511//2426
f 1502//2420 1528//2436 1522//2425
f 1512//2432 1514//2228 1511//2426
f 1810//2434 1495//2431 1848//2805
f 1510//2441 1513//2438 1563//2439
f 1510//2441 1563//2439 1503//2495
f 1512//2432 1513//2438 1509//2433
f 1511//2426 1561//2428 1513//2438
f 1506//2361 1433//2360 1530//7532
f 1496//2229 1501//2335 1423//2354
f 1433//2326 1565//2440 1530//2486
f 1451//670 1565//2440 1454//2325
f 1507//2218 1508//2437 1502//2420
f 1507//2218 1502//2420 1499//2423
f 1532//2419 1506//2357 1530//2475
f 1511//2426 1852//2856 1850//2427
f 1423//2354 1516//2230 1496//2229
f 1557//2449 1550//2448 1547//7533
f 1553//7534 1556//7534 1552//7534
f 1556//7535 1551//2452 1552//2451
f 1557//2442 1554//2444 1551//7536
f 1551//2452 1554//7537 1544//2453
f 1554//7537 1547//7538 1544//2453
f 1560//7539 1559//7539 1555//7539
f 1523//2480 1552//2451 1544//2453
f 1547//7533 1550//2448 1546//2454
f 1550//2448 1549//2455 1546//2454
f 1541//2460 1549//2455 1550//2448
f 1547//7538 1546//2461 1544//2453
f 1543//2462 1545//2463 1534//2470
f 1432//2348 1526//2464 1538//2466
f 1538//2466 1539//2349 1432//2348
f 1523//2480 1520//2481 1860//2424
f 1523//2480 1543//2462 1520//2481
f 1539//2349 1538//2466 1469//2474
f 1521//2478 1519//2468 1535//2465
f 1524//2472 1521//2478 1535//2465
f 1526//2464 1524//2472 1535//2465
f 1522//2425 1552//2451 1523//2480
f 1468//2479 1536//2484 1566//7540
f 1548//2457 1870//2483 1542//2458
f 1542//2458 1870//2483 1869//2482
f 1541//2460 1894//2492 1870//2483
f 1534//2470 1869//2884 1540//2471
f 1538//2466 1535//2465 1537//2473
f 1535//2465 1519//2468 1537//2473
f 1531//2336 1525//2430 1526//2464
f 1518//2467 1533//2865 1536//2484
f 1528//2436 1529//2477 1553//2488
f 1532//2419 1529//2477 1528//2436
f 1521//2478 1858//2494 1859//2469
f 1522//2425 1528//2436 1552//2451
f 1564//7541 1562//7541 1529//7541
f 1536//2484 1533//2865 1566//7540
f 1531//2336 1526//2464 1432//2348
f 1562//2490 1563//2439 1556//2447
f 1541//2460 1550//2448 1561//2428
f 1558//2445 1561//2428 1550//2448
f 1527//2421 1524//2472 1525//2430
f 1860//2424 1522//2425 1523//2480
f 1524//2472 1527//2421 1521//2478
f 1862//2874 1498//2422 1860//2424
f 1563//2439 1561//2428 1558//2445
f 1577//2500 1595//7542 1585//2518
f 1577//2500 1616//1318 1595//7542
f 1579//1284 1598//1856 1597//2497
f 1579//1284 1597//2497 1627//2499
f 1580//1287 1578//1286 1596//1880
f 1576//2512 1569//1876 1571//2504
f 1574//1277 1573//1276 1610//2502
f 1568//1289 1570//404 1569//2513
f 1576//2512 1568//2511 1569//1876
f 1573//1276 1572//2507 1610//2502
f 1597//2497 1598//1856 1592//2498
f 1572//2507 1584//2505 1610//2502
f 1572//2507 1571//2509 1584//2505
f 1592//2498 1598//1856 1594//1893
f 1585//2518 1582//2526 1658//2521
f 1596//1880 1577//2500 1585//2518
f 1594//1893 1590//1906 1588//7543
f 1592//2498 1594//1893 1588//7543
f 1595//7542 1582//2526 1585//2518
f 1582//2526 1595//7542 1623//2537
f 1589//2556 1588//7543 1756//7544
f 1584//2505 1662//2562 1581//2503
f 1584//2505 1663//2519 1583//2522
f 1662//2562 1584//2505 1583//2522
f 1663//2519 1665//1887 1659//2066
f 1662//2562 1583//2522 1653//2524
f 1583//2522 1663//2519 1656//2523
f 1591//2520 1592//2498 1589//2556
f 1592//2498 1588//7543 1589//2556
f 1588//7543 1590//1906 1666//2525
f 1609//1317 1612//1323 1607//2538
f 1602//2545 1614//2539 1604//2501
f 1602//2545 1604//2501 1600//2544
f 1613//2531 784//1325 1608//2532
f 1607//2538 1612//1323 1603//2535
f 1606//2529 1627//2499 1625//2554
f 1595//7542 1607//2538 1623//2537
f 784//1325 1615//1319 1606//2529
f 1614//2539 1574//1277 1610//2502
f 1595//7542 1616//1318 1607//2538
f 1616//1318 1609//1317 1607//2538
f 1615//1319 1617//1295 1606//2529
f 1605//2530 1626//2553 1608//2532
f 3424//2536 3428//5432 1603//2535
f 1603//2535 3428//5432 1622//2558
f 1605//2530 1606//2529 1626//2553
f 1600//2544 1604//2501 1620//2542
f 3426//2543 1601//2546 1600//2544
f 1626//2553 1754//2555 1753//2550
f 1754//2555 1625//2554 1755//2557
f 1623//2537 1748//2548 1624//2528
f 1622//2558 3472//7545 1748//2548
f 1622//2558 3428//5432 3472//7545
f 1589//2556 1756//7544 1755//2557
f 1655//2527 1624//2528 1752//2549
f 1622//2558 1748//2548 1623//2537
f 1626//2553 1753//2550 3430//2540
f 1608//2532 1626//2553 3430//2540
f 1621//2541 1619//2561 1620//2542
f 1619//2561 1662//2562 1618//2565
f 1747//2560 1619//2561 1618//2565
f 1747//2560 1620//2542 1619//2561
f 1747//2560 1740//2728 3471//2563
f 1627//2499 1591//2520 1625//2554
f 1618//7546 1749//7546 1750//7546
f 1618//2565 1750//2718 1747//2560
f 1646//7547 1645//2569 1643//2571
f 1646//7548 1647//2640 1645//2642
f 1648//7549 1647//7550 1646//2573
f 1646//2573 1672//2632 1648//7549
f 1675//2516 1672//2632 1646//2573
f 1717//2577 1633//2576 3454//2584
f 711//2517 1646//2573 1826//2583
f 1639//2028 1644//2578 1640//2058
f 1642//7551 1639//2028 1212//2027
f 1639//2028 1642//7551 1638//7552
f 1642//2024 1641//2023 1638//2575
f 1639//2028 1638//7552 1644//2578
f 1644//2578 1638//7552 1636//2579
f 1636//2580 1638//2575 1637//2574
f 1697//5480 1628//2572 3459//2682
f 1632//2587 1846//2589 1630//2588
f 1633//2576 1630//2588 3454//2584
f 1631//2822 1846//2821 1634//7553
f 1631//2822 1634//7553 1635//2581
f 1633//2576 1634//2590 1632//2587
f 1636//2580 1635//2581 1634//7553
f 1637//2022 1844//2388 1631//2591
f 1666//2525 1657//2597 1746//2605
f 1756//7544 1666//2525 1746//2605
f 1657//2597 1651//2603 1746//2605
f 1662//2562 1653//2524 1751//2564
f 1772//2630 1649//2601 1680//2602
f 1667//2061 1661//2596 1657//2597
f 1661//2596 1256//2595 1696//2598
f 1651//2603 1657//2597 1696//2598
f 1664//1895 1658//2521 1660//2599
f 1654//2730 1805//2607 1652//2594
f 1655//2527 1654//2730 1652//2594
f 1654//2730 1743//2713 1805//2607
f 1743//2713 1737//2722 1805//2607
f 1696//2598 1256//2595 1694//2609
f 1805//2607 1804//2790 1780//7554
f 1652//2594 1695//2608 1288//2600
f 1796//2767 1651//2603 1797//2610
f 1803//2604 1651//2603 1796//2767
f 1805//2607 1780//7554 1695//2608
f 1756//7544 1588//7543 1666//2525
f 1240//2065 1650//2062 1659//2066
f 1651//2603 1696//2598 1797//2610
f 1684//7555 1690//2064 1687//7464
f 1689//2131 1776//2622 1686//2611
f 1684//7555 1687//7464 1685//7556
f 1685//7556 1687//7464 1688//7463
f 1685//7556 1688//7463 1686//7557
f 1780//7554 1681//2615 1695//2608
f 1685//7558 1686//7559 1683//7560
f 1691//2141 1681//2615 1776//2622
f 1797//2610 1694//2609 1693//2616
f 1797//2610 1693//2616 1682//2617
f 1668//2619 1671//2631 1758//2620
f 1670//2613 1676//2628 1716//2711
f 1676//2628 1717//2577 1716//2711
f 1683//7560 1686//7559 1678//2625
f 1684//7555 1685//7556 1674//7561
f 1685//7556 1683//7562 1674//7561
f 1684//7555 1674//7561 1673//2629
f 1674//2624 1683//7560 1678//2625
f 1780//7554 1778//2789 1681//2615
f 1677//2612 1676//2628 1670//2613
f 1677//2612 1765//2614 1682//2617
f 1640//2058 1717//2577 1676//2628
f 1266//2128 1261//2126 1676//2628
f 1680//2602 1690//2064 1684//7555
f 1776//2622 1681//2615 1778//2789
f 1776//2622 1778//2789 1773//7563
f 1680//2602 1684//7555 1673//2629
f 1671//2631 1776//2622 1773//7563
f 1758//2620 1671//2631 1773//7563
f 1693//2616 1266//2128 1677//2612
f 1687//7464 1692//2135 1688//7463
f 1691//2141 1273//2124 1695//2608
f 1674//2624 1679//2626 1671//2633
f 1673//2634 1671//2633 1668//7564
f 1669//2780 1673//2634 1668//7564
f 1640//2058 1644//2578 1717//2577
f 1672//2636 1629//2635 1648//7565
f 1648//7565 1629//2635 1647//7566
f 1733//2662 1712//2646 1729//2648
f 1629//2635 1729//2786 1647//7566
f 1711//7567 1731//7568 1732//2743
f 1701//2791 1724//2671 1727//2651
f 1647//2640 1729//7569 1713//2641
f 1706//7570 1732//2743 1760//2745
f 1731//2654 1704//2653 1733//7571
f 1730//7572 1710//2655 1725//2657
f 1701//2663 1727//7573 1726//2664
f 1710//2645 1728//2644 1708//7574
f 1708//2704 1728//7575 1714//2705
f 1727//7573 1719//2668 1726//2664
f 1722//2649 1715//2679 1719//2650
f 1726//2664 1719//2668 1702//2667
f 1727//2651 1724//2671 1722//2649
f 1723//2670 1720//2673 1722//2649
f 1721//7576 1700//2676 1715//2678
f 3460//5473 1700//2674 1720//2673
f 3460//5473 1720//2673 3463//2792
f 1716//2711 1717//2577 3454//2584
f 3459//2682 1698//2680 3461//2684
f 1699//7577 3459//7577 1718//7577
f 1628//2572 1718//2570 3459//2682
f 1700//2676 3460//5483 3462//2677
f 1715//2679 3461//2684 1698//2680
f 1706//7578 1760//2685 1703//2687
f 1702//2688 3459//7579 1699//2689
f 1707//2697 1706//2696 1703//7580
f 1708//2703 1705//2695 1704//7581
f 1711//2699 1710//2702 1708//2700
f 1706//2696 1709//2698 1710//2702
f 1704//2661 1699//2708 1713//2647
f 1702//7582 1703//2665 1726//2664
f 1711//7567 1732//2743 1706//7570
f 1751//2567 1745//7583 1749//2568
f 1749//7584 1745//7584 1742//7584
f 1747//2560 1742//2719 1740//2728
f 1748//2548 3472//7545 1739//2712
f 3472//7545 3469//5491 1739//2712
f 1745//2606 1649//2601 1741//2737
f 1741//2737 1649//2601 1772//2630
f 1743//2713 1739//2712 1735//2714
f 1742//7585 1745//2606 1741//2737
f 1742//2719 1736//2726 1740//2728
f 1736//2725 1741//2724 1734//2733
f 3465//5488 1740//2728 1785//2729
f 1805//2607 1737//2722 1804//2790
f 1754//2555 3467//2552 1753//2550
f 1748//2548 1739//2712 1752//2549
f 1655//2527 1752//2549 1743//2713
f 1746//2605 1744//2720 1755//2557
f 1756//7544 1746//2605 1755//2557
f 1735//2714 1800//2741 1801//2731
f 1734//7586 1741//2737 1793//2738
f 1767//2739 1765//2614 3475//2774
f 1798//7587 1800//2741 1784//2742
f 1769//7588 1770//2547 1761//2754
f 1766//2759 3476//2755 1761//2754
f 1771//7589 1764//7590 1763//7591
f 1772//2630 1673//2629 1762//2639
f 1758//2620 1773//7563 1774//2746
f 1774//7592 1771//7589 1763//7591
f 1772//2630 1762//2639 1771//2749
f 1774//2746 1778//2789 1777//2788
f 1773//7563 1778//2789 1774//2746
f 1771//7589 1774//7592 1777//7593
f 1777//7593 1775//7594 1771//7589
f 1779//2765 1775//7594 1777//7593
f 3500//5522 1781//7595 1782//7596
f 1799//2716 1782//7596 1783//7597
f 1799//2716 3502//5520 1782//7596
f 1770//2547 3486//2776 1766//2759
f 1759//2744 1769//7598 1761//7599
f 1781//7600 1783//7600 1782//7600
f 1785//2729 1781//2751 3501//2750
f 1781//2756 1785//7601 1799//2757
f 1785//7602 1784//7602 1799//7602
f 1785//2729 1790//2727 1784//7603
f 1784//7604 1790//7604 1798//7604
f 1790//7605 1786//7605 1798//7605
f 1790//2727 1802//2732 1786//7606
f 1802//2732 1789//7607 1786//7606
f 1732//2761 1791//1292 1769//2762
f 1791//1292 1770//2547 1769//2762
f 1767//2739 3587//2775 1768//2740
f 1792//2736 1771//2749 1775//7608
f 1779//2765 1792//7609 1775//7594
f 1793//2734 1792//7609 1779//2765
f 3478//5525 3504//2735 1794//2768
f 1738//2721 1796//2767 3504//2735
f 1801//7610 1802//2778 1788//2764
f 1802//2778 1779//2765 1788//2764
f 1736//2725 1793//2734 1779//2765
f 1801//2731 1800//2741 1787//7611
f 1716//2711 3474//2710 1670//2613
f 1764//7590 1762//7612 1763//7591
f 1757//2781 1669//2780 1668//7564
f 1758//2620 1762//7613 1757//2621
f 1758//2620 1763//7614 1762//7613
f 1725//2783 1714//7615 1728//2784
f 1804//2790 1788//2787 1778//2789
f 1788//2787 1804//2790 1801//2731
f 1780//7554 1804//2790 1778//2789
f 1759//2744 1761//7599 3477//7616
f 1759//2744 3477//7616 1724//2671
f 1724//2671 3477//2753 1723//2670
f 1701//2791 1759//2744 1724//2671
f 1720//2673 1723//2670 3477//2753
f 1796//2767 1795//2618 1768//2740
f 1796//2767 1768//2740 1794//2768
f 1796//2767 1797//2610 1795//2618
f 1806//2794 1826//2583 1871//2795
f 711//2517 1826//2583 1806//2794
f 1813//2803 1820//2811 1814//784
f 1807//1763 1819//2812 1812//2797
f 1876//2809 1848//2805 1880//2864
f 1822//2807 1875//2818 1811//2804
f 1811//2804 1491//2416 1493//2222
f 1345//2212 1811//2804 1493//2222
f 1813//2803 1848//2805 1876//2809
f 1825//2815 1815//2806 3626//2810
f 1816//2220 1817//2204 1815//2806
f 1823//2808 1820//2811 1813//2803
f 1818//1782 3612//1781 1819//2812
f 3631//2816 3630//2813 1825//2815
f 3633//5709 1823//2808 1876//2809
f 1841//2825 1846//2821 1845//2823
f 1631//2591 1844//2388 1845//7617
f 1845//2823 1844//7618 1842//2824
f 1841//2826 1873//2585 1630//2588
f 1826//2583 1628//2593 1871//7619
f 1628//2572 1697//5480 1872//2827
f 1467//7620 1827//7620 1839//7620
f 1838//2853 1834//2844 1828//2846
f 1829//2849 1828//2846 1901//2852
f 1836//2840 1834//2838 1837//2837
f 1832//2843 1828//2846 1834//2844
f 1830//2834 1901//2852 1828//2846
f 1827//7621 1566//7540 1901//2852
f 1841//2825 1842//2824 1843//2850
f 1827//7621 1901//2852 1830//2834
f 1844//2388 1833//7521 1836//2819
f 1815//2806 1882//2855 1852//2856
f 1849//2861 1862//2874 1877//2862
f 1878//2891 1851//2860 1877//2862
f 1491//2416 1861//2859 1854//2417
f 1847//2863 1875//2818 1874//2857
f 1880//2864 1851//2860 1878//2891
f 1811//2804 1847//2863 1491//2416
f 1850//2427 1882//2855 1879//2888
f 1498//2422 1862//2874 1849//2861
f 1811//2804 1875//2818 1847//2863
f 1855//2883 1888//2915 1533//2865
f 1888//2915 3652//2866 1533//2865
f 1863//7622 1867//2879 1866//2880
f 1518//2467 1855//2883 1533//2865
f 1859//2469 1853//2869 1856//2871
f 1854//2417 1853//2869 1858//2494
f 1850//2427 1879//2888 1894//2492
f 1855//2883 1856//2871 1888//2915
f 1854//2417 1861//2859 1853//2869
f 1862//2874 1885//2867 1886//2875
f 1861//2859 1884//2858 1853//2869
f 1566//7540 1533//2865 1901//2852
f 1887//2916 3652//2866 1888//2915
f 1865//7623 1894//2492 1896//2907
f 1898//2901 1865//7624 1900//2899
f 1865//2877 1898//2908 1864//2878
f 1894//2492 1865//7623 1868//2881
f 1867//2876 1868//2881 1865//2877
f 1866//2880 1869//2884 1863//7622
f 1868//2881 1867//2876 1863//2882
f 1855//2883 1859//2469 1856//2871
f 1885//2867 1862//2874 1857//2496
f 1859//2469 1858//2494 1853//2869
f 1872//2827 3642//2886 1903//2847
f 3697//2892 1880//2864 1878//2891
f 3676//2817 3645//5758 1875//2818
f 1875//2818 3645//5758 3696//2890
f 3697//2892 1877//2862 3650//5839
f 1824//2814 3679//5711 1881//2854
f 1882//2855 1881//2854 1879//2888
f 1883//2895 3693//5766 3653//2896
f 1884//2858 3691//5764 3648//2870
f 1903//2847 3642//2886 1902//2893
f 3644//2887 3659//2906 1894//2492
f 1900//7625 1865//7625 1896//7625
f 1900//2899 1899//2898 1897//2900
f 1899//2898 1896//2897 1895//7626
f 1897//2905 1891//2911 1864//2878
f 1891//2911 1897//2905 1892//2904
f 1891//2911 1866//2880 1864//2878
f 1896//2907 1893//2910 1892//7627
f 1893//2910 1890//7628 1892//7627
f 1893//7629 1889//7630 1890//2912
f 1893//2910 3658//2913 1889//5769
f 1888//2915 3653//2896 1887//2916
f 3648//2870 1883//2895 1856//2871
f 1887//2916 3654//2917 3652//2866
f 1877//2862 1886//2875 3650//5839
f 3644//2887 3651//5761 3659//2906
f 1884//2858 3696//2890 3691//5764
f 1879//2888 3644//2887 1894//2492
f 1997//2920 1979//2921 657//3123
f 1979//2921 1998//1114 1996//2919
f 1978//7631 1996//7631 1972//7631
f 1996//2919 2221//802 2211//3480
f 1996//2919 2205//3476 1972//3478
f 689//1134 1990//1143 1991//1097
f 1990//2929 1994//1160 1966//2930
f 1966//2930 1994//1160 1970//1162
f 1994//1160 682//1159 1970//1162
f 676//7202 1992//2934 1969//2936
f 1992//2934 1984//7632 1964//2935
f 1960//3138 1993//7633 1958//3111
f 662//1189 1958//3111 1993//7633
f 1960//7634 1959//7635 1992//7636
f 1990//1143 1989//7637 1991//1097
f 1991//7638 1989//7639 1988//2960
f 1991//7638 1988//2960 2220//3518
f 1990//7640 1968//2940 1989//2937
f 1988//2960 1987//7641 1974//2961
f 1988//7642 1967//7643 1987//7644
f 1967//7643 1965//7645 1987//7644
f 1986//2947 1982//2973 1981//2948
f 1984//7646 1963//7646 1964//7646
f 1962//2966 1983//7647 1985//2949
f 1951//3101 1938//2951 1986//2950
f 1986//7648 1985//2954 1951//2956
f 1985//7649 1983//7649 1954//7649
f 2220//3518 1988//2960 1975//2962
f 1973//2981 1965//2995 1961//2982
f 1981//2948 1980//2964 1985//2949
f 1985//2949 1980//2964 1962//2966
f 1980//7650 1922//7650 1961//7650
f 1944//3124 1942//3019 1910//3018
f 1982//2971 1938//7651 1977//2969
f 1977//2969 1943//7652 1976//2970
f 1981//2948 1976//2972 1980//2964
f 1976//2976 1922//2977 1980//7653
f 2210//7654 1973//7655 2200//7656
f 1975//2978 1974//7657 1973//2979
f 1972//2984 1971//2986 1923//3514
f 1923//3514 1971//2986 2216//2985
f 2011//3201 2020//3200 2005//7658
f 2012//7659 2008//3112 2019//7660
f 2007//3114 2019//7660 2008//3112
f 1969//7661 1964//2991 1970//2990
f 1962//2942 1965//7662 1967//2993
f 2403//7663 657//3123 1929//3122
f 2445//3127 1906//3126 2463//7664
f 2401//3001 656//7191 648//3002
f 970//3802 1921//3108 2401//3001
f 2396//3815 1947//7665 2397//3813
f 2395//3810 2397//3812 1920//7666
f 1916//7667 1915//3010 1919//3012
f 1912//3092 1909//7668 1925//7669
f 2465//3020 1907//3830 1928//3021
f 2438//3073 1910//3072 2437//7670
f 2440//3017 2437//3892 1910//3018
f 1912//7671 2464//7671 1909//7671
f 2459//3066 1908//3065 2453//3918
f 2019//7660 2007//3114 2009//7672
f 2017//3041 2002//3040 2004//7673
f 1991//7638 2220//3518 2229//7674
f 2229//3043 2223//3054 2013//1095
f 2015//7675 2001//3132 2014//7676
f 2014//7676 2119//3134 2120//7677
f 2119//3134 2014//7676 2001//3132
f 1908//3065 1924//7678 2453//3918
f 1926//3058 1925//7679 1909//3059
f 1927//3093 1912//3092 1925//7669
f 1928//3060 1907//7680 2456//3023
f 1924//3055 1923//7681 2431//3056
f 1927//7682 1925//7682 1926//7682
f 1913//3022 1928//3021 1905//3061
f 1927//7683 1926//3058 1911//3031
f 2450//3064 1906//3084 1908//3065
f 1934//3068 1927//7684 1911//3069
f 1929//3026 1932//2967 2438//3027
f 1937//3074 1933//7685 1931//3075
f 1935//7686 1927//7686 1934//7686
f 1936//7687 1930//7688 1905//7689
f 1922//2998 2426//3024 2200//2999
f 1941//7690 1934//7690 1933//7690
f 1938//2951 1914//3015 1935//3081
f 1936//7687 1940//7691 1930//7688
f 1939//3083 1924//7678 1908//3065
f 1972//2984 1923//3514 1924//7678
f 1943//3090 1940//3089 1936//7692
f 1972//2984 1924//7678 1939//3083
f 1938//7651 1941//7693 1977//2969
f 1929//3026 1979//2924 1932//2967
f 1946//3007 1919//7694 1917//7695
f 1945//3097 1917//7695 1920//7696
f 1947//3100 1918//3016 1914//3015
f 1947//3100 2396//7697 1918//3016
f 1946//3007 1917//7695 1945//3097
f 1947//7665 1920//7698 2397//3813
f 1946//3007 1945//3097 1948//3096
f 1947//7665 1953//3105 1920//7698
f 1914//3015 1927//3093 1935//3081
f 1945//3097 1920//7696 1950//3098
f 1953//3105 1950//3104 1920//7698
f 1949//3095 1948//3096 1952//3102
f 1952//3102 1950//3103 1954//7699
f 1951//2956 1954//2955 1953//3105
f 1951//3101 1947//3100 1938//2951
f 1952//3102 1954//7699 1963//7700
f 2012//2987 2060//3228 2008//7701
f 2005//7702 2008//7703 2060//7704
f 2008//3112 2005//7705 2006//3113
f 700//999 2222//3135 1999//3129
f 2082//7706 2004//7707 2002//7708
f 2002//7709 2000//3053 2003//3051
f 656//7191 2401//3001 1958//3111
f 1949//3095 1955//3106 1946//3007
f 1944//2928 1972//2927 1939//3125
f 2441//3876 1944//2928 1939//3125
f 2441//3876 1939//3125 2445//3127
f 2001//3132 2000//7710 2227//3133
f 2000//3130 1999//3129 2222//3135
f 1960//7634 1957//7711 1959//7635
f 1959//3139 1949//3095 1952//3102
f 1957//7711 1949//3141 1959//7635
f 662//1189 656//7191 1958//3111
f 1958//3111 1956//3110 1957//3137
f 1957//7711 1956//3121 1949//3141
f 2197//3469 611//993 2288//3436
f 2034//3144 2030//7712 2026//7713
f 2032//3209 2027//7714 2030//7715
f 2027//7714 2026//7716 2030//7715
f 2034//3144 2031//3143 2030//7712
f 2027//7717 2029//7717 2026//7717
f 2026//7718 2025//7719 2028//3189
f 2024//3149 2022//3148 2023//7720
f 2022//3148 2021//7721 2023//7720
f 2023//7722 2177//7723 2192//3185
f 601//1043 606//1044 2047//3154
f 2264//3632 2195//3164 2894//3633
f 2266//1299 2195//3164 2264//3632
f 2082//3151 2081//3162 2021//3152
f 2082//3151 2022//3153 2038//7724
f 2021//7725 2039//7726 2023//7727
f 610//1039 2051//3271 2195//3164
f 2047//3154 602//951 601//1043
f 2048//3206 2047//3154 2284//3161
f 2089//7728 2039//7726 2021//7725
f 2038//3170 2022//7729 2025//3171
f 2061//3178 2030//3177 2031//7730
f 2061//3178 2031//7730 2033//3229
f 2032//3209 2040//3208 2027//7714
f 2033//3179 2031//7731 2035//3180
f 2044//3186 2192//3185 2260//3184
f 2044//3186 2023//7722 2192//3185
f 2044//3186 2024//7732 2023//7722
f 2045//3187 2025//7719 2024//7732
f 2045//3187 2024//7732 2044//3186
f 2028//3189 2025//7719 2045//3187
f 2261//1315 2028//3189 2045//3187
f 2034//7733 2026//7718 2028//3189
f 2035//7215 2034//7734 2046//3188
f 2034//7734 2028//3189 2046//3188
f 2288//3436 2052//1049 2265//3597
f 2053//3219 2055//3221 2057//7735
f 501//805 2126//959 502//806
f 2065//3036 2056//3197 2010//3037
f 2065//3193 2017//7736 2088//3194
f 2053//3219 2009//7737 2007//3220
f 2056//3196 2038//3195 2042//7738
f 2058//3223 2056//3196 2042//7738
f 2053//3191 2057//3227 2059//3198
f 2059//3198 2040//3192 2053//3191
f 2019//7739 2009//7740 2053//3191
f 2062//3190 2019//7739 2053//3191
f 2092//3205 2067//3204 2047//3154
f 2066//7741 2061//3178 2063//3230
f 2075//995 573//949 2067//3204
f 2067//3204 573//949 2047//3154
f 578//3235 2094//7742 2156//7743
f 2068//3234 2094//7742 578//3235
f 2040//3172 2054//7744 2041//3173
f 2007//7745 2006//7745 2055//7745
f 2056//3197 2055//7746 2006//3038
f 2054//3225 2059//3198 2029//3147
f 2061//7747 2005//7702 2060//7704
f 2011//3201 2005//7658 2061//3210
f 2063//3212 2033//3179 2064//3233
f 2072//3237 2077//7748 2075//3238
f 2078//935 2073//934 2098//3217
f 579//1019 2077//7749 2072//3216
f 611//993 2197//3469 2161//954
f 2093//3215 2101//7124 574//947
f 2039//3245 2084//7750 2079//3166
f 2083//3049 2000//3048 2079//7751
f 2155//3298 2074//955 2161//954
f 2094//7752 2157//3296 2156//3248
f 2091//7753 2096//7753 2149//7753
f 2093//3215 2051//3271 2101//7124
f 2098//3217 2074//955 2159//3290
f 2074//955 2155//3298 2159//3290
f 2085//3265 2014//3264 2120//3266
f 2121//3267 2036//3268 2085//3265
f 2085//3261 2086//7754 2080//7755
f 2036//3268 2037//7756 2086//3269
f 2100//3203 2092//3205 2149//3254
f 2004//7707 2082//7706 2088//7757
f 2017//7736 2004//7758 2088//3194
f 2088//7759 2082//3151 2038//7724
f 2083//3049 2079//7751 2084//7760
f 2083//3277 2084//7761 2039//7762
f 2089//3276 2083//3277 2039//7762
f 2090//3279 2092//3205 2048//3206
f 2101//7124 2051//3271 610//1039
f 2079//3166 2080//3281 2177//3167
f 2079//3283 2000//7763 2001//3284
f 2085//3261 2080//7755 2001//3262
f 2099//940 2094//3252 2068//941
f 2091//3288 2100//3287 2097//7764
f 2148//3293 2149//3292 2147//3316
f 2154//3300 2159//3290 2155//3298
f 2154//3295 2153//3302 2157//3251
f 2155//3298 2142//3304 2152//3299
f 2150//3303 2154//7765 2152//3299
f 2151//4348 2152//3299 2142//3304
f 2150//3303 2152//3299 2127//3307
f 2127//3307 2152//3299 2151//4348
f 2140//3331 2125//3367 2122//3369
f 2122//3369 2753//4342 2140//3331
f 2149//3254 2090//3279 2143//3311
f 2145//7766 2146//3315 2148//3278
f 2160//3314 2161//954 2197//3469
f 2144//3312 2143//3311 2139//3320
f 2155//3298 2160//3314 2755//3305
f 2146//7767 2145//7767 2144//7767
f 2141//3330 2144//3312 2139//3320
f 2143//3311 2048//3206 2138//3321
f 2139//3320 2143//3311 2138//3321
f 2137//3270 2754//3327 2745//3420
f 2140//3331 2753//4342 2754//3327
f 2106//3309 2140//3308 2139//7768
f 2740//3334 2106//3309 2193//3322
f 2738//4351 2740//3334 2747//3332
f 2121//3377 2120//7769 2119//3378
f 2135//3340 2132//3339 2136//3335
f 2135//7770 2116//7770 2112//7770
f 2135//3340 2136//3335 2116//3337
f 2132//3349 2114//7771 2136//7772
f 2113//3338 2133//3342 2132//3339
f 2134//7773 2108//3355 2115//3357
f 2113//7774 2135//7774 2112//7774
f 2134//3345 2115//7775 2228//3346
f 2132//3349 2226//3348 2114//7771
f 2130//7776 2129//7777 2134//7773
f 2131//7778 2113//7779 2227//7780
f 2182//3358 2109//7781 2184//3359
f 2184//7782 2109//7782 2105//7782
f 502//806 2126//959 2213//1110
f 2129//7777 2108//3355 2134//7773
f 2129//7783 2181//3410 2108//3407
f 2129//7784 2107//3408 2181//3410
f 2129//3509 2180//3412 2107//3411
f 2743//3366 2127//3307 2151//4348
f 2212//3365 2743//3366 2715//3537
f 2123//3374 2125//3310 2740//3334
f 2124//3368 2739//7785 2122//3369
f 2213//1110 2126//959 2128//3306
f 2036//3441 2121//7786 2186//3439
f 2113//7779 2112//7787 2227//7780
f 2119//3380 2227//7788 2112//3381
f 2117//3384 2172//3390 2114//3389
f 2185//3387 2118//3386 2175//3442
f 2114//3389 2175//3391 2118//3336
f 2115//7775 2117//7789 2228//3346
f 2114//3393 2226//7790 2228//3394
f 2110//7791 2171//3447 2182//3449
f 2184//3446 2105//7792 2164//3444
f 2109//3402 2167//7793 2164//3403
f 2181//3410 2165//3405 2108//3407
f 2104//3415 2178//3323 2179//3325
f 2103//3416 2736//3414 2104//3415
f 2103//3416 2104//7794 2179//7795
f 2745//3420 2766//4407 2194//3421
f 2767//3333 2048//3206 2284//3161
f 2196//3422 2769//4389 2746//3326
f 2769//4389 2196//3422 2286//3438
f 2191//3182 2192//3185 2174//7796
f 2192//3185 2177//7723 2174//7796
f 2191//3182 2190//3423 2285//3183
f 2172//3467 2189//7797 2190//3423
f 2191//3182 2174//7796 2175//3468
f 2191//3182 2175//3468 2190//3423
f 2190//3423 2189//7798 3447//3424
f 2189//7798 2292//7799 3447//3424
f 2172//3467 2169//7800 2189//7797
f 2169//7800 2166//7801 2189//7797
f 2189//3425 2171//3463 2170//3426
f 2170//3426 2164//3459 2292//3427
f 2284//3161 2889//4391 2767//3333
f 2188//7802 2280//7803 2233//3547
f 2292//3427 2164//3459 2163//3458
f 2769//4389 2286//3438 2768//4400
f 2759//3324 2890//3432 2187//3431
f 2176//3440 2112//3392 2173//7804
f 2112//3392 2185//3387 2173//7804
f 2172//3390 2183//3383 2169//7805
f 2171//3398 2184//3397 2170//7806
f 2162//3452 2234//3451 2163//3433
f 2233//3547 2179//7795 2188//7802
f 2182//3399 2168//7807 2167//3400
f 2165//3455 2162//3452 2163//3433
f 2166//3460 2163//7808 2167//3461
f 2169//3454 2108//3407 2166//3406
f 2166//3460 2168//3462 2171//3463
f 2195//3164 2194//3421 2894//3633
f 2162//3413 2180//3412 2253//7809
f 2286//3438 2287//3437 2768//4400
f 2174//3466 2176//7810 2173//3464
f 2176//7810 2174//3466 2177//7811
f 2233//3547 2103//3416 2179//7795
f 2138//3321 2767//3333 2193//3322
f 2197//3469 2288//3436 2286//3438
f 2201//3544 2550//7812 2203//3545
f 2222//7813 2252//7813 2256//7813
f 2224//3507 2256//3492 2259//3566
f 2224//3507 2225//3363 2256//3492
f 2205//3476 1996//2919 2211//3480
f 2543//3482 2211//3480 2202//3493
f 1975//2962 2219//7814 2220//3518
f 2198//3483 2540//7815 2539//3484
f 2202//3493 2692//4075 2533//3494
f 1923//7681 2204//3485 2431//3056
f 2203//7816 2550//4290 2714//3540
f 2550//7817 2201//3473 2547//3475
f 2206//7818 2548//7819 2102//7820
f 2103//3416 2548//7821 2206//3417
f 2223//3054 2222//3135 700//999
f 2219//7822 1975//7823 2210//7824
f 2209//7825 2219//7822 2210//7824
f 2208//3504 2207//7826 2250//3505
f 2208//3533 2251//3591 2249//3534
f 2223//3472 2215//3511 2252//3470
f 2200//7656 2218//7827 2209//7828
f 2210//7654 2200//7656 2209//7828
f 1972//2984 2217//7829 2216//2985
f 2200//2999 2532//7830 2596//3512
f 2220//7831 2219//7831 2214//7831
f 2220//3518 2215//3517 2229//7674
f 2214//3516 2248//3530 2215//3517
f 2219//3519 2209//7832 2218//3520
f 2245//3513 2596//3512 2243//3523
f 2548//7819 2547//7833 2102//7820
f 2103//3416 2602//3548 2548//7821
f 2205//3476 2551//3481 2544//3496
f 2546//3495 2199//3479 2205//3476
f 2199//7834 2198//3528 2217//3529
f 2215//7835 2249//7836 2252//7837
f 2211//3480 2221//802 2213//1110
f 2248//3530 2214//3516 2246//7838
f 2202//3493 2713//3538 2692//4075
f 2246//3543 2218//3542 2247//3575
f 2211//3480 2213//1110 2212//3375
f 2602//3548 2233//3547 2601//3593
f 2235//3549 2588//7839 2586//3577
f 2239//3552 2238//7840 2237//3551
f 2240//3588 2236//3587 2253//7841
f 2242//3557 2240//7842 2253//3558
f 2241//7843 2242//3557 2254//3559
f 2255//3562 2254//3561 2253//3572
f 2259//3566 2257//3568 2258//3570
f 2180//3412 2258//7844 2253//7809
f 2600//7845 2231//7846 2230//7847
f 2243//3497 2235//7848 2237//3500
f 2248//3502 2236//3587 2240//3588
f 2224//3508 2258//7844 2180//3412
f 2235//3556 2598//3555 2588//7849
f 2251//3506 2250//3505 2240//3589
f 2241//3592 2251//3591 2242//7850
f 2252//3571 2241//7851 2254//3564
f 2249//7836 2241//7852 2252//7837
f 2234//3451 2230//7853 2232//3553
f 2231//7846 2232//7854 2230//7847
f 2285//3183 3550//3600 2260//3184
f 2287//3437 2289//3598 2271//3599
f 2266//1299 2264//3632 2272//1311
f 2264//3632 2298//3604 2272//1311
f 2262//3160 2263//1310 2267//3602
f 2269//3606 2270//1320 3442//3636
f 2270//1320 1611//1322 3442//3636
f 2902//3631 2271//3599 2269//3606
f 2267//3602 2296//3610 2898//3639
f 2271//3599 2273//1331 2270//1320
f 2267//3602 777//1327 2296//3610
f 2296//3610 777//1327 1601//2546
f 3441//3608 2297//3605 3440//3643
f 2269//3606 3442//3636 2900//3635
f 2883//3611 2675//7855 2666//3612
f 2274//3615 2277//3594 2275//7856
f 2274//5444 2660//4224 3433//4235
f 2663//7857 2275//3616 2662//3618
f 3444//3434 2232//3553 2274//5444
f 2889//4391 2284//3161 2283//3603
f 2890//3432 2279//3629 2282//3429
f 2889//4391 2283//3603 2887//4609
f 2283//3603 2898//3639 2887//4609
f 2233//3547 2281//7858 2293//3630
f 2233//3547 2280//7803 2281//7858
f 2283//3603 2267//3602 2898//3639
f 2264//3632 2893//3634 2298//3604
f 2287//3437 2902//3631 2895//4406
f 2279//3629 2888//4395 2294//4615
f 2279//3629 2294//3640 2293//3630
f 2275//3616 2233//3547 2293//3630
f 2288//3436 2289//3598 2287//3437
f 2297//3605 2295//3607 3440//3643
f 2290//3617 2294//3640 2897//7859
f 2292//7799 3550//3600 3447//3424
f 2661//3625 2291//3624 2276//3626
f 2662//3623 2290//7860 2291//3624
f 2315//3661 2303//3654 2314//3656
f 2306//3659 2311//3658 2301//3678
f 2308//7861 2302//3649 2307//3648
f 2302//3672 2304//1487 1036//1486
f 2302//3672 1036//1486 2300//3673
f 2299//3670 2301//7862 2303//7863
f 2490//3675 2650//4212 2301//3676
f 2310//3671 2299//3670 2303//7863
f 2559//4213 2301//3676 2650//4212
f 2302//3776 873//1501 2304//1485
f 2357//3680 2342//3679 2340//3682
f 2373//3718 2345//3697 2342//3719
f 2326//7864 2350//7865 2363//3688
f 2349//3685 2346//7866 2345//3686
f 2344//1580 2346//3690 2348//1581
f 2335//7867 2343//3692 2347//3694
f 2345//3697 2347//3696 2342//3719
f 2326//7864 2363//3688 2319//1608
f 2346//3690 2344//1580 2325//3785
f 2346//7866 2325//3782 2345//3686
f 2324//3695 2331//7868 2347//3696
f 939//7869 2399//3803 2386//3819
f 939//7869 2385//7870 2399//3803
f 2385//3701 939//7871 2383//1636
f 2350//7865 2379//7872 2363//3688
f 2447//3948 2381//3800 2448//3801
f 2384//3702 2382//1632 2433//3703
f 2382//1632 2380//1634 2353//3707
f 2374//7873 2376//7874 2380//7875
f 2376//7876 2378//3709 2380//3708
f 2353//7877 2378//7877 2377//7877
f 2353//7878 2377//3791 2366//3793
f 2374//7873 2380//7875 2354//7879
f 2376//3714 2377//3713 2378//7880
f 2373//7881 2358//7881 2377//7881
f 2349//3685 2373//3687 2375//7882
f 2370//7883 2436//7884 2439//7885
f 2367//3721 2372//3805 2389//3722
f 2372//3727 2367//7886 2356//3728
f 2356//7887 2436//7884 2370//7883
f 2368//3730 2389//3799 2369//3725
f 2447//3732 2528//7888 2339//3733
f 2381//3705 2363//3688 2379//7872
f 2320//7889 2322//3754 2328//3753
f 2329//3737 2321//3736 2320//7890
f 2322//7891 2308//3740 2332//3742
f 2329//3737 2320//7890 2328//3766
f 2436//3882 2367//3745 2425//3747
f 2433//3703 2353//3707 2352//3751
f 2387//3743 2365//3706 2381//3705
f 2365//3706 2362//3744 2339//3733
f 2359//7892 2366//3793 2364//7893
f 2359//7892 2352//7894 2366//3793
f 2319//1608 2336//3689 2318//7895
f 2329//3737 2328//3766 2333//3765
f 2330//3755 2329//7896 2333//3756
f 2347//3757 2331//7897 2330//3755
f 2332//3752 2337//7898 2328//3753
f 2336//3689 2339//3733 2318//7895
f 2337//7898 2338//7899 2328//3753
f 2318//7895 2339//3733 2408//3846
f 2339//3733 2528//7888 2408//3846
f 2341//3772 2334//7900 2333//3770
f 2341//7901 2340//7902 2342//7903
f 2343//7904 2341//7901 2342//7903
f 2335//3762 2341//3764 2343//7905
f 2337//3767 2327//3769 2355//3780
f 2325//3782 2316//7906 2324//3783
f 2387//3743 2447//7907 2362//3744
f 2316//7908 873//1501 2320//3775
f 2319//1608 2318//7895 2407//3845
f 2337//7898 2359//7909 2338//7899
f 2366//3793 2352//7894 2353//7878
f 2324//7910 2316//7911 2321//3736
f 2377//3791 2361//3790 2366//3793
f 2364//7912 2360//3786 2359//3788
f 2323//3796 873//1501 2316//7908
f 2318//7895 2408//3846 2407//3845
f 2321//3736 2316//7911 2320//7890
f 2360//3792 2357//3680 2338//3683
f 2358//7913 2357//3680 2361//3790
f 2336//3689 2363//3688 2365//3706
f 2448//7914 2403//7663 1929//3122
f 2388//3798 2371//3726 2369//3725
f 2370//7883 2439//7885 2455//7915
f 2391//3014 2372//3727 2370//3729
f 2389//3722 2392//3806 2390//3814
f 2391//3823 2370//7916 2455//3824
f 1918//3016 2392//3807 2391//3014
f 2388//3798 2393//3804 2395//3013
f 2395//7917 2389//3722 2390//3814
f 2393//3804 2389//3799 2395//3013
f 2394//7918 2388//7918 1915//7918
f 2392//3806 2396//3815 2390//3814
f 2392//3807 1918//3016 2396//7697
f 2399//3816 2371//3700 2400//3818
f 1921//3108 2399//3803 2400//7919
f 2400//3821 2388//7920 2398//3119
f 973//7337 970//7336 2401//7342
f 1914//3015 2391//3823 2462//3822
f 2309//3825 2404//7921 2409//3826
f 2410//3833 2409//7922 2511//3834
f 2509//3840 2410//3839 2508//7923
f 2559//3668 2404//3837 2309//3666
f 2519//3872 2413//3871 2517//7924
f 2629//4179 2407//3845 2500//3847
f 2306//3664 2309//3666 2406//7925
f 2313//3946 2405//3945 2305//7926
f 2427//7927 2531//3851 2428//3853
f 2427//7928 2428//7929 2429//7930
f 2541//7931 2430//7932 2537//7933
f 2431//3857 2539//7934 2537//3858
f 2541//7931 2431//7935 2430//7932
f 2419//3873 2525//7936 2432//7937
f 2432//3864 2423//3866 2422//7938
f 2425//7939 2424//3750 2421//7940
f 2432//7937 2525//7936 2427//7928
f 2421//3078 2532//7830 2200//2999
f 2432//7937 2427//7928 2429//7930
f 2421//3078 2420//3869 2532//7830
f 2423//3870 2421//3078 2424//7941
f 2429//3856 2420//3855 2423//7942
f 2433//3703 2424//3750 2425//7939
f 2419//3873 2519//3872 2525//7936
f 2449//3891 2441//3876 2541//3877
f 2416//3901 2306//7943 2406//3902
f 2412//3933 2332//7944 2307//3662
f 2426//7945 2434//7945 2425//7945
f 2444//3889 2436//3888 2435//7946
f 2444//3893 2435//3885 2426//3024
f 2541//7931 2445//3917 2431//7935
f 2439//3895 2444//7947 2451//3896
f 2416//3901 2314//3905 2306//7943
f 2413//3844 2412//7948 2312//3842
f 2445//3917 2453//3918 2431//7935
f 2455//3913 2439//7949 2443//3911
f 2446//3949 2545//3914 2528//3848
f 2461//3919 2455//7950 2454//3920
f 2457//7951 2460//7952 2458//7953
f 2445//3917 2463//3094 2450//3064
f 2457//7951 2465//7954 2460//7952
f 2464//3927 2461//3930 2460//3928
f 2327//3769 2412//3906 2413//3871
f 2418//3934 2411//3904 2416//3901
f 2314//3656 2411//7955 2315//3661
f 2509//3840 2312//7956 2315//3841
f 2418//7957 2414//3940 2411//3939
f 2417//3936 2410//7958 2414//3937
f 2405//3944 2415//7959 2409//3942
f 2526//7960 2313//3946 2510//7961
f 2415//3947 2313//3946 2526//7960
f 2528//3848 2447//3948 2446//3949
f 2415//7962 2511//7963 2409//7964
f 2415//7962 2526//7965 2511//7963
f 2446//7966 2449//7966 2541//7966
f 2475//1723 2609//4165 2468//1730
f 2472//3953 2626//4159 2613//3954
f 2470//7967 2625//7967 2626//7967
f 2625//3952 2627//4157 2626//7968
f 2473//3955 2625//3952 2470//7969
f 2473//3955 2470//7969 2472//3957
f 2472//3953 2470//7970 2626//4159
f 2471//1726 2469//1725 2608//3951
f 2476//3956 2471//1726 2473//3955
f 2488//1721 2467//1711 2613//3954
f 2605//4186 2489//1739 3041//4187
f 2489//1739 2487//3971 3041//4187
f 2477//1719 2476//1710 2478//1708
f 2474//1716 2471//1726 2477//1718
f 2608//3951 2469//1725 2611//1729
f 984//1727 2605//4186 2611//1729
f 2479//1722 2624//3960 2475//1723
f 2482//1715 2483//1703 2480//1452
f 2481//1704 2624//3960 2479//1722
f 2630//1395 2407//3845 2629//4179
f 2630//1395 2319//1608 2407//3845
f 2482//1715 2632//3963 2481//1701
f 1006//1466 2485//1732 2487//3971
f 2300//3673 2491//1777 2490//3675
f 2490//3967 2491//7368 3722//2872
f 2487//3971 2485//1732 2634//3972
f 2488//1721 2636//3966 2484//1735
f 1002//1733 2633//4194 2668//3970
f 1002//1733 2637//3969 2633//4194
f 2490//3675 2649//4214 2650//4212
f 2649//4214 2490//3967 2655//3968
f 2649//4214 2655//3968 2676//4251
f 2634//3972 2485//1732 2654//1774
f 2542//3915 2543//3482 2533//3494
f 2513//7971 2501//4062 2568//7972
f 2515//3984 2578//4094 2502//3978
f 2514//3977 2501//3976 2516//3988
f 2546//3536 2538//4061 2540//3489
f 2519//3992 2517//7973 2504//3990
f 2505//3993 2519//3999 2581//3998
f 2583//7974 2520//7975 2584//7976
f 2494//7977 2563//7978 2514//3977
f 2523//4015 2495//7979 2522//7980
f 2523//4015 2583//7981 2495//7979
f 2520//7982 2583//7981 2523//4015
f 2521//3989 2494//7977 2514//3977
f 2524//4011 2508//7983 2507//4012
f 2524//4010 2506//4009 2508//7984
f 2524//4014 2520//7982 2523//4015
f 2408//3846 2527//3849 2500//3847
f 2544//3496 2551//3481 2542//3915
f 2550//7985 2549//7986 2982//7987
f 2550//7817 2547//3475 2549//7988
f 2545//3914 2544//3496 2542//3915
f 2541//4021 2538//4020 2545//3914
f 2500//3847 2499//4065 2629//4179
f 2520//4013 2507//4012 2584//7989
f 2562//4031 2560//7990 2651//4028
f 2495//4034 2496//7991 2556//4032
f 2511//4035 2507//4037 2508//7992
f 2511//4035 2585//7993 2584//4036
f 2510//4025 2585//7994 2511//4026
f 2509//3840 2508//7923 2503//4041
f 2508//7984 2506//4009 2503//7995
f 2506//7996 2497//7996 2503//7996
f 2503//7997 2497//7997 2652//7997
f 2505//3993 2579//4098 2582//3994
f 2580//7998 2504//7998 2502//7998
f 2495//7979 2583//7981 2496//7999
f 2413//4017 2509//8000 2504//4018
f 2547//8001 2548//4044 2601//4046
f 3003//4112 2547//8001 2601//4046
f 2597//8002 2595//4067 2590//4131
f 2593//8003 2587//4132 2594//4134
f 2598//4128 2596//4049 2591//4129
f 2504//4042 2503//4041 2502//8004
f 2513//3982 2576//4051 2578//3983
f 2538//8005 2541//7931 2537//7933
f 2568//7972 2501//4062 2567//4064
f 2532//7830 2530//4069 2597//8006
f 2532//7830 2536//8007 2530//4069
f 2531//4055 2529//4053 2532//4052
f 2535//8008 2529//4058 2525//4060
f 2539//7934 2540//3489 2537//3858
f 2514//3977 2563//7978 2561//3975
f 2498//4183 2512//3974 2621//4074
f 2498//4022 2499//4024 2512//8009
f 2500//3847 2527//3849 2499//4065
f 2534//4068 2595//4067 2530//4069
f 2530//4069 2595//4067 2597//8006
f 2525//7936 2593//8010 2534//8011
f 2529//4072 2534//4068 2536//4070
f 2525//7936 2519//3872 2593//8010
f 2593//8010 2594//8012 2534//8011
f 2519//3872 2518//8013 2593//8010
f 2518//8014 2582//3994 2593//8003
f 2533//3494 2692//4075 2621//4074
f 2512//3974 2533//3494 2621//4074
f 2597//8006 2596//3512 2532//7830
f 2562//4089 2493//8015 2564//4090
f 2493//4080 2492//8016 2553//4081
f 2585//4039 2313//4038 2575//4096
f 2563//8017 2647//4092 2561//4063
f 2562//4086 2555//8018 2554//4087
f 2584//7976 2558//4097 2583//7974
f 2581//3998 2580//3997 2574//4100
f 2579//4043 2573//4101 2565//8019
f 2231//7846 2600//7845 2599//8020
f 2599//8021 2600//8022 2665//8023
f 2567//4064 2561//4063 2566//4093
f 2585//4039 2558//4097 2584//7976
f 2564//4117 2553//8024 2552//4114
f 2644//4140 3100//4201 3006//4800
f 2566//8025 2555//8025 2564//8025
f 2566//8026 2645//4149 2555//4151
f 2599//8021 2664//4225 2642//8027
f 2599//4126 2642//8028 2644//4127
f 2599//8021 2665//8023 2664//4225
f 2597//4047 2590//8029 2592//4048
f 2590//4131 2594//4066 2589//8030
f 2593//8003 2582//3994 2587//4132
f 2587//4132 2582//3994 2565//4099
f 2567//4135 2566//8031 2564//4136
f 2569//4109 2568//4050 2564//8032
f 2569//4109 2564//8032 2565//8033
f 2577//4095 2570//4108 2571//4106
f 2586//4142 2552//4114 2665//4116
f 2565//4118 2552//4114 2586//4142
f 2600//8034 2586//4142 2665//4116
f 2570//4144 2569//8035 2565//4145
f 2571//8036 2570//4144 2572//4146
f 2565//8019 2573//4101 2572//4147
f 2566//8026 2647//8037 2645//4149
f 2558//4123 2557//4122 2556//4215
f 2590//8038 2589//4154 2591//4155
f 2589//4154 2587//4143 2586//4142
f 2627//4160 2623//8039 2612//4158
f 2625//3952 2617//4162 2623//4156
f 2475//1723 2620//3961 2609//4165
f 2608//3951 2617//4162 2625//3952
f 2608//3951 2603//4161 2617//4162
f 2607//3962 2468//1730 2609//4165
f 2603//4161 2611//1729 2605//4186
f 2610//1449 2607//3962 2606//4181
f 2623//8039 2618//4171 2612//4158
f 2620//3961 2622//3964 2621//4074
f 2616//4169 2620//3961 2621//4074
f 2616//4169 2621//4074 3064//4914
f 2631//8040 2632//3963 2628//4178
f 2612//4158 2615//4177 3112//4188
f 2618//4163 2617//4162 3042//4173
f 2609//4165 2614//4164 2607//3962
f 2607//3962 2614//4164 3063//4170
f 2622//3964 2620//3961 2624//3960
f 2622//3964 2632//3965 2631//4184
f 2498//4166 2631//8041 2628//4167
f 2631//4184 2621//4074 2622//3964
f 2607//3962 3063//4170 3039//4863
f 2604//3959 3040//4189 2638//4185
f 2606//4181 3039//4863 3040//4189
f 2638//4185 3040//4189 3094//4866
f 3097//3973 2634//3972 3088//8042
f 2637//3969 3094//4866 3090//4193
f 2638//4185 3094//4866 2637//3969
f 2560//8043 2554//4196 2651//4198
f 2553//4191 2651//4190 2643//8044
f 2563//4079 2556//4032 2648//4199
f 2563//4079 2652//4078 2556//4032
f 2652//4078 2497//4033 2556//4032
f 2636//3966 3091//4208 3159//5020
f 2636//3966 3159//5020 2635//1736
f 2642//4138 2639//8045 2640//4139
f 2639//8046 2642//4119 2641//4121
f 2552//4114 3629//5738 3614//4115
f 2643//8047 3629//8048 2552//8049
f 2646//4206 2676//4251 3640//4204
f 2645//8050 3629//8048 2643//8047
f 2647//8037 2646//4206 2645//4149
f 2645//8050 2643//8047 2554//8051
f 2648//8052 2646//4206 2647//8037
f 3088//8042 2634//3972 3277//4207
f 2635//1736 3159//5020 3279//4252
f 2640//4211 2641//4210 3100//4943
f 2557//4122 2650//4212 2649//4214
f 2646//4206 2649//4214 2676//4251
f 2648//8052 2556//4215 2646//4206
f 2669//1766 2635//1736 3279//4252
f 2669//1766 3288//4253 1031//1755
f 2654//1774 2677//1780 4039//4217
f 2668//3970 2667//1761 2653//1775
f 2676//4251 2655//3968 3718//4216
f 1031//1755 4042//2799 2678//7052
f 2678//7052 4042//2799 1809//788
f 2675//4238 2673//4218 2666//4220
f 2666//4220 2670//4219 3264//8053
f 2665//8023 2660//4226 2664//4225
f 2656//4227 2663//4228 3276//4233
f 2660//4224 3614//4115 3620//4234
f 2663//4228 2662//8054 2659//4232
f 2659//8055 2662//8055 2661//8055
f 2671//4221 2672//4237 2883//4222
f 2664//4120 2681//4240 2641//4121
f 2656//8056 3276//4241 2680//4243
f 3264//8053 2670//4219 3315//5183
f 2674//4789 2671//4221 2657//4223
f 2667//1761 3287//4195 3612//1781
f 2672//4237 2670//4219 2673//4218
f 3280//4944 2641//4210 2680//4246
f 2671//4249 3283//8057 3315//4247
f 3279//4252 3159//5020 3284//5022
f 2668//3970 3287//4195 2667//1761
f 2672//4237 2673//4218 2675//4238
f 2681//8058 2656//8056 2680//4243
f 3288//4253 4042//2799 1031//1755
f 2677//1780 3613//1779 4039//4217
f 2694//4256 3031//4260 2278//4261
f 2693//4259 2657//4258 2841//4536
f 2706//4319 2870//4325 2801//4470
f 2706//4319 2801//4470 2718//4373
f 2685//8059 2686//4269 3028//4271
f 3032//8060 2686//8060 3027//8060
f 2688//4282 2687//8061 2686//4283
f 2688//4275 2684//8062 2683//4276
f 2686//4283 2687//8061 3027//8063
f 3001//8064 3151//8064 2682//8064
f 3026//8065 2684//8065 2688//8065
f 2692//4075 2701//4336 2998//4755
f 2999//4291 2986//4313 2691//4302
f 2695//8066 2837//4293 2687//4292
f 2837//8067 2695//8067 2853//8067
f 2695//4304 2697//4299 2853//4295
f 2882//4289 2689//4278 3018//4286
f 2693//4259 2841//4536 2882//4296
f 2689//8068 2882//4296 2696//4298
f 3151//8069 2687//8070 2682//8071
f 2690//4285 3026//8072 2688//4284
f 2998//4755 2699//4310 3072//4312
f 3151//8069 2695//8073 2687//8070
f 2690//8074 2696//4298 2697//4299
f 2995//8075 3002//8075 2698//8075
f 2707//4334 2807//4368 3178//4875
f 2691//8076 2700//4323 2709//8077
f 2692//4075 2713//3538 2701//4336
f 2701//4336 2712//4335 2699//4310
f 2711//8078 2709//8079 2710//4317
f 2710//4317 2706//4319 2718//4373
f 2709//8079 2708//4320 2710//4317
f 2700//4323 2708//4322 2709//8077
f 2705//4321 2704//8080 2708//4322
f 2705//4321 2703//4326 2704//8080
f 2691//4302 2986//4313 2700//4315
f 2998//4755 2701//4336 2699//4310
f 2704//4318 2702//4324 2706//4319
f 2704//8080 2703//4326 2702//4328
f 2868//4327 2869//4567 2702//4328
f 2868//4331 2698//4330 2865//4566
f 2699//4310 2707//4334 3048//4311
f 2702//4324 2869//4565 2870//4325
f 2701//4336 2715//3537 2712//4335
f 2720//4370 2765//4337 2758//4410
f 2742//4333 2743//3366 2735//4345
f 2741//4341 2738//8081 2737//4353
f 2744//4338 2738//4340 2741//8082
f 2142//3304 2755//3305 2756//4346
f 2151//4348 2142//3304 2756//4346
f 2122//3369 2744//4343 2753//4342
f 2752//4347 2755//3305 2746//3326
f 2755//3305 2752//4347 2756//4346
f 2735//4345 2752//4347 2750//4386
f 2753//4342 2751//4349 2754//3327
f 2741//4341 2732//4354 2748//4355
f 2739//3373 2740//3334 2738//4351
f 2753//4342 2741//4341 2748//4355
f 2737//8083 2738//4351 2734//4350
f 2736//3414 2760//4352 2178//3323
f 2722//4385 2749//4362 2834//4361
f 2832//4363 2749//4362 2764//4388
f 2717//4366 2719//4365 2716//8084
f 2722//4385 2735//4345 2750//4386
f 2763//4387 2748//4355 2833//4360
f 2751//4349 2748//4355 2763//4387
f 2745//3420 2763//4387 2766//4407
f 2707//4334 2722//4385 2808//4367
f 2724//4369 2720//8085 2719//4365
f 2724//8086 2723//8086 2720//8086
f 2727//8087 2723//4372 2725//4359
f 2721//4364 2717//4366 2833//4360
f 2722//4385 2834//4361 2808//4367
f 2726//4301 2710//4317 2718//4373
f 2742//4333 2722//4385 2707//4334
f 2730//4378 2728//4380 2727//8088
f 2730//4384 2727//8087 2725//4359
f 2730//4378 2731//4381 2733//4379
f 2731//4381 2732//4358 2734//4357
f 2729//4375 2734//4350 2765//4337
f 2732//4354 2731//4383 2748//4355
f 2750//4386 2752//4347 2749//4362
f 2749//4362 2752//4347 2746//3326
f 2736//3414 2102//3419 2726//4301
f 2783//4397 2761//4393 2890//3432
f 2827//4403 2891//4488 2894//3633
f 2822//4405 2826//4402 2762//4404
f 2763//4387 2833//4360 2822//4405
f 2765//4337 2825//4390 2758//4410
f 2763//4387 2762//4404 2766//4407
f 2718//4373 2801//4470 2803//4408
f 2718//4373 2803//4408 2757//4374
f 2719//4409 2720//4370 2758//4410
f 2825//4390 2767//3333 2889//4391
f 2824//4398 2769//4389 2836//4399
f 2764//4388 2769//4389 2824//4398
f 2717//4366 2806//4412 2833//4360
f 2860//4414 2786//4424 2771//4415
f 2786//4437 2784//4420 2775//4422
f 2824//4398 2823//4431 2832//4363
f 2789//4456 2786//4437 2775//4422
f 2788//8089 2790//8089 2785//8089
f 2843//4426 2791//8090 2788//8091
f 2793//4461 2789//4456 2775//4422
f 2831//4434 2828//4432 2794//4435
f 2829//4413 2800//4460 2813//4497
f 3129//4442 2785//4441 3127//8092
f 2810//8093 2942//4683 2933//8094
f 2770//4396 2783//4397 2780//4444
f 2780//4444 2774//4463 2770//4396
f 2792//8095 2790//4482 2788//8096
f 2791//4479 2792//4481 2788//8097
f 3131//4418 2787//4417 2791//4425
f 2787//4417 2794//4478 2791//4425
f 2807//4368 2787//4458 3133//4958
f 2796//4453 2798//4472 2797//4451
f 2797//4451 2781//4459 2795//4452
f 2799//8098 2796//8098 2795//8098
f 2799//4457 2789//4456 2800//4460
f 2796//4475 2799//4457 2800//4460
f 2830//4433 2794//4435 2787//4458
f 2833//4360 2829//4413 2813//4497
f 2831//4434 2834//4361 2832//4363
f 2822//4405 2833//4360 2813//4497
f 2831//4434 2832//4363 2828//4432
f 2774//4463 2933//8099 2770//4396
f 2772//8100 2774//4463 2779//4462
f 2771//8101 2772//4464 2777//4466
f 2800//4460 2793//4461 2813//4497
f 2829//4413 2806//4412 2800//4460
f 2778//4447 2856//4468 2780//4467
f 2805//4476 2716//8084 2804//8102
f 2805//4476 2804//8102 2798//8103
f 2717//4366 2716//8084 2805//4476
f 2781//4459 2758//4410 2825//4390
f 2791//4425 2828//4477 2815//4516
f 2792//8095 2815//4483 2790//4482
f 2793//4461 2775//4422 2816//4521
f 2790//4427 2812//4520 2773//4428
f 2776//4423 2933//8094 2774//4486
f 2776//4423 2810//8093 2933//8094
f 2835//4430 2836//4399 2892//4401
f 2821//4490 2835//4430 2957//4489
f 2825//4390 2952//4392 2781//4459
f 2823//4431 2824//4398 2835//4430
f 2812//4520 2811//8104 2773//4428
f 2775//4422 2773//4421 2816//4494
f 2808//4367 2831//4434 2830//4433
f 2823//4431 2821//4490 2828//4432
f 2807//4368 2808//4367 2830//4433
f 2820//4493 2951//4492 2826//4402
f 2804//4473 2716//4411 2758//4410
f 2781//4459 2952//4392 2810//4498
f 2810//4498 2952//4392 2942//8105
f 2821//8106 2948//8107 2809//8108
f 2817//4508 2818//4518 2809//4509
f 2817//4519 2947//4513 2814//4515
f 2812//4484 2815//4483 2818//4518
f 2812//4520 2814//4515 2811//8104
f 2816//4494 2814//4522 2944//4686
f 2808//4367 2834//4361 2831//4434
f 3145//4553 2839//4552 2840//8109
f 2838//4524 2840//8110 2930//4525
f 2841//4536 2930//8111 2840//4537
f 2839//8112 2848//8112 2840//8112
f 3236//4547 2785//4546 3237//8113
f 3237//8114 2844//4440 3235//4544
f 2785//8115 2844//4440 3237//8114
f 2788//8091 3236//4543 2843//4426
f 2845//8116 3147//8117 3122//8118
f 2845//8116 3122//8118 2840//8119
f 3256//4555 2847//4557 3126//4534
f 3134//4973 2839//8120 2846//4551
f 3148//5001 2841//8121 3149//4981
f 2845//8122 2840//8122 2842//8122
f 2842//8123 2848//8123 2845//8123
f 2848//8124 3134//4973 3150//4550
f 3134//8125 2848//8125 2839//8125
f 2847//4557 2849//8126 2842//4533
f 2849//8126 2847//4557 3130//4554
f 2849//4559 2850//4562 2848//4535
f 2861//4572 2850//4977 2849//8127
f 2861//4572 2849//8127 3132//4968
f 3132//4968 2849//8127 3130//4966
f 3152//8128 2851//8128 3148//8128
f 2841//8129 3148//8129 2851//8129
f 2698//4330 3151//5000 2865//4566
f 2863//4570 2858//4449 2782//4446
f 2867//4469 2869//4565 2866//8130
f 2865//4566 2864//4573 2866//4568
f 2867//4471 2863//4570 2782//4446
f 2866//4571 2863//4570 2867//4471
f 2864//4573 2861//4572 2862//8131
f 2862//8131 2861//4572 3132//4968
f 2863//8132 2864//4574 2858//4576
f 2858//4576 2862//4575 2856//4580
f 2860//4436 2855//8133 2859//4581
f 2859//4581 2855//8133 2854//8134
f 2854//8134 3128//5003 2859//4581
f 2854//8135 3132//8136 3128//4965
f 3128//5003 3143//4582 2859//4581
f 2855//4416 2771//4415 2854//4583
f 2778//4447 2858//4449 2856//4468
f 3127//5083 2784//4420 3143//4582
f 2784//4420 2860//4436 3143//4582
f 2911//8137 2925//4585 2879//4584
f 2876//8138 2879//4584 2874//4587
f 2874//8139 3729//5856 2880//5858
f 2880//8140 2875//4598 3268//4597
f 2841//4536 2880//4593 2878//4666
f 2880//4593 2877//4592 2875//8141
f 3275//4231 3740//4607 3270//5168
f 3316//5185 3307//5161 3274//5163
f 2841//4536 2881//3613 3274//4594
f 2911//4601 2879//8142 2871//4599
f 2879//8142 2876//4602 2871//4599
f 3272//4605 3267//4596 2875//4598
f 3274//5163 3273//5162 2877//4604
f 2881//8143 3315//5183 3316//5185
f 2883//3611 2881//3613 2841//4536
f 2276//3626 2884//4606 3275//4231
f 2888//4395 2886//4394 2885//4611
f 2891//4488 2940//4677 2901//4614
f 2953//4616 2895//4406 2902//3631
f 2901//4614 2894//3633 2891//4488
f 2892//4401 2768//4400 2895//4406
f 2955//4675 2892//4401 2953//4616
f 2770//4396 2949//4613 2886//4394
f 2886//4394 2949//4613 2885//4611
f 2893//3634 2901//4614 2899//3642
f 2893//3634 2899//3642 2295//3607
f 2953//4616 2900//3635 3796//4623
f 2898//3639 3739//3638 2896//4610
f 2897//8144 2884//4606 2276//3626
f 2884//4621 2969//4612 3738//8145
f 2969//4612 2960//4719 3738//8145
f 2953//4616 2902//3631 2900//3635
f 2930//8111 2841//4536 2926//4630
f 2929//4625 2930//8111 2926//4630
f 2921//8146 2931//8147 2928//8148
f 3388//5365 2922//5367 2920//8149
f 2928//8148 2926//4661 2920//8149
f 2922//5367 2928//8148 2920//8149
f 2921//8146 2928//8148 2922//5367
f 3385//4665 3386//8150 2920//8149
f 3385//8151 2919//8151 2915//8151
f 2915//4633 2919//4664 2918//4631
f 2908//4645 2915//4633 3381//4632
f 2917//4636 3386//4635 2916//4637
f 2916//4637 2915//4639 2914//4640
f 2914//4644 2915//4633 2908//4645
f 2907//4647 2913//4646 2908//4645
f 2906//4649 2912//8152 2913//4650
f 2909//8153 2911//4601 2903//4651
f 2903//5290 2910//4671 2909//8154
f 2926//4630 2841//4536 2924//4656
f 2927//4663 2923//4659 2918//4631
f 2920//8149 2926//4661 3385//4665
f 2924//4656 2878//4666 3727//4669
f 2911//8137 2909//4667 2925//4585
f 2923//4658 2924//4656 3727//4669
f 2910//4670 3727//4669 3774//5860
f 3769//5902 2910//4670 3774//5860
f 2910//4671 3773//8155 2909//8154
f 2973//4672 2939//4690 2977//4673
f 2954//4705 2972//4707 2935//8156
f 2935//8156 2956//4500 2954//4705
f 2951//4492 2974//4680 2940//4677
f 2942//4683 2932//4682 2933//8094
f 2944//4686 2943//8157 2971//4684
f 2814//4522 2943//8157 2944//4686
f 2951//4492 2945//4496 2974//4680
f 2938//4695 2971//4736 2943//4514
f 2950//4608 2976//4688 2942//8105
f 2952//4392 2950//4608 2942//8105
f 2949//4613 2975//8158 2969//4612
f 2942//8105 2976//4688 2937//8159
f 2937//8159 2976//4688 2963//4701
f 2949//4613 2936//8160 2975//8158
f 2938//4695 2973//4704 2971//4736
f 2945//4512 2934//4694 2974//4739
f 2809//4509 2946//8161 2938//4696
f 2809//8108 2948//8107 2946//8162
f 2946//8161 2935//4691 2938//4696
f 2956//4500 2935//8156 2946//4697
f 2949//4613 2932//8163 2936//8160
f 2949//4613 2933//8099 2932//8163
f 2770//4396 2933//8099 2949//4613
f 2937//4681 2963//4710 2962//4698
f 2932//8163 2962//4722 2936//8160
f 2969//4612 2975//8158 2960//4719
f 2941//4687 2896//4610 2970//4699
f 2977//4692 2972//8164 3797//4741
f 3797//4706 2978//8165 3793//5966
f 2954//4705 2978//8165 3797//4706
f 2978//4679 2980//4678 3796//4623
f 2979//4617 2958//4709 3798//4618
f 2962//4698 3802//4711 3778//5939
f 3802//4711 2963//4710 3779//4713
f 3780//8166 2964//4735 3784//4703
f 2965//4737 3780//5963 2958//4738
f 2962//4722 3778//5953 2959//4720
f 3786//4717 2962//4722 2966//4721
f 2960//4719 2962//4722 3786//4717
f 2975//8158 2962//4722 2960//4719
f 2966//8167 2959//4724 2967//4723
f 2968//4700 3788//5950 2967//4729
f 2936//8160 2962//4722 2975//8158
f 2974//4739 2934//4694 2965//4737
f 2935//4691 2972//8164 2977//4692
f 2973//4704 3784//4703 2964//4735
f 2965//4714 2971//4684 2964//4715
f 3781//4740 2977//4673 3782//4742
f 2963//4701 2968//4700 2967//4729
f 2960//8168 2961//4733 2968//4732
f 2960//4719 3791//5944 3738//8145
f 2970//8169 3788//8169 3791//8169
f 2896//4610 3737//4622 2970//4699
f 3086//8170 2991//4747 3000//8171
f 2991//4747 2999//4291 3000//8171
f 3087//4076 2998//4755 3083//4774
f 3086//4876 3000//8172 2982//4877
f 3082//8173 3085//4878 2982//4877
f 2986//4313 2991//4747 3079//4867
f 3083//4774 2998//4755 3072//4312
f 3082//4752 2997//8174 3058//8175
f 3082//4752 3058//8175 3080//8176
f 2997//8174 3003//4754 2990//4785
f 2990//4748 3003//4112 3036//4111
f 3003//4754 2997//8174 3082//4752
f 2997//8174 2990//4785 3058//8175
f 2986//4313 2703//4329 2705//4314
f 2996//8177 2990//4748 3034//4750
f 2996//8177 3034//4750 3029//8178
f 2550//7985 2982//7987 3000//8179
f 2550//4290 3000//8171 2999//4291
f 2549//8180 2547//8001 3003//4112
f 2981//8181 3066//8181 2983//8181
f 3048//4311 2707//4334 3178//4875
f 2983//8182 3139//4989 2987//4783
f 2987//4783 3071//4768 2983//8182
f 2989//4784 2987//4783 2988//8183
f 3013//4760 2989//4761 2988//4758
f 3058//8175 2990//4785 3056//4787
f 3026//4781 3028//4266 2684//8184
f 2703//4329 3071//4768 2995//4332
f 2995//4332 2989//4784 3002//8185
f 2995//4332 3071//4768 2987//4783
f 2690//8186 3013//8186 3026//8186
f 3013//4760 2690//4306 2989//4761
f 3016//4820 2996//8187 3029//4824
f 3067//4869 2996//8187 3016//4820
f 2984//8188 2992//4778 3022//4777
f 3001//8189 2682//8189 3032//8189
f 2986//4313 3079//4867 3071//4768
f 2993//8190 2992//4773 3024//4772
f 3006//4800 3283//4925 3031//4799
f 3022//4794 3014//8191 3011//4795
f 3023//8192 3015//8193 3021//8194
f 3025//8195 3023//8196 3021//8197
f 3025//4782 3021//4792 3012//4791
f 2993//8198 3015//8193 3023//8192
f 3025//8195 3024//8199 3023//8196
f 3026//8200 2993//8200 3024//8200
f 3015//4766 2993//8201 3026//4767
f 3115//8202 3030//8203 3019//8204
f 3006//4800 3100//4201 3283//4925
f 3114//8205 3019//4807 3116//4806
f 3017//4818 3110//4812 3018//4286
f 3009//8206 3010//8206 3007//8206
f 3015//4790 3013//8207 3012//4791
f 3034//4280 2696//4279 3012//4813
f 3009//4821 3029//4824 3010//4826
f 3030//4833 3115//4808 3017//4810
f 3116//4811 2693//4288 3018//4286
f 3013//4760 2985//4759 3012//8208
f 2985//4759 3011//8209 3012//8208
f 3010//4814 3012//4813 3007//4835
f 3001//4816 3032//4822 3024//4772
f 3033//8210 3017//8210 3018//8210
f 3019//4829 3036//4111 3031//4830
f 3030//8211 3036//4111 3019//4829
f 3012//4813 3011//4836 3007//4835
f 3011//4836 3136//4994 3190//4837
f 3004//4841 3009//8212 3138//4842
f 3138//4842 3005//4847 3119//4940
f 3073//4859 3077//4851 3067//4850
f 3076//8213 3060//4855 3074//4857
f 3078//4858 3075//4852 3074//4854
f 3078//4858 3074//4854 3073//4859
f 3074//4854 3077//4851 3073//4859
f 3155//4861 3167//4901 3154//5025
f 3038//4900 3167//4901 3155//4861
f 3155//4861 3092//4929 3095//4862
f 3039//4863 3038//4900 3155//4861
f 3039//4863 3095//4862 3040//4189
f 3075//8214 3078//4868 3079//4867
f 3065//4870 3016//4820 3004//8215
f 3041//4187 3097//3973 3096//4864
f 3076//8216 3080//8216 3060//8216
f 3081//4879 3082//4752 3080//8176
f 2983//8182 3069//8217 2981//8218
f 3066//4881 2981//8219 3069//4882
f 3039//4863 3063//4170 3038//4900
f 2607//3962 3039//4863 2606//4181
f 3044//4885 3043//4892 3104//4883
f 3046//4873 3045//4874 3167//4901
f 3079//4867 2991//4747 3084//8220
f 3065//4870 3004//8215 3066//4881
f 3069//4912 3068//4860 3067//4850
f 3043//4892 3037//4182 3093//4865
f 3043//4892 3093//4865 3104//4883
f 3043//4892 3049//4898 3037//4182
f 3051//8221 3044//4888 3105//4890
f 3052//4897 3050//4889 3111//4891
f 3053//4894 3051//8221 3105//4890
f 3053//4895 3049//4898 3043//4892
f 3054//4896 3053//4894 3050//4889
f 3055//8222 3057//8223 3056//8224
f 3059//8225 3060//8226 3057//8223
f 3056//4849 3077//4851 3055//8227
f 3059//8225 3057//8223 3055//8222
f 3074//4857 3059//4856 3055//4906
f 3042//4173 3037//4182 3049//4898
f 3061//4920 3042//4173 3049//4898
f 3061//4909 3054//4896 3052//4897
f 3061//4920 3049//4898 3054//4899
f 3063//4170 3046//4873 3038//4900
f 3064//4914 3047//4775 3046//4873
f 3079//4867 3084//8220 3075//8214
f 3071//4768 3070//4919 2983//8182
f 2983//8182 3070//4919 3069//8217
f 3075//4852 3084//4916 3076//4853
f 3085//8228 3081//8228 3076//8228
f 3083//4774 3047//4775 3064//4914
f 3087//4076 3083//4774 3064//4914
f 2991//4747 3086//8170 3084//8220
f 3078//4868 3068//4918 3071//4768
f 2615//4177 3062//4908 3112//4188
f 2615//8229 3061//4909 3062//4910
f 2616//4169 3064//4914 3063//4170
f 3064//4914 3046//4873 3063//4170
f 3283//8057 3103//8230 3099//8231
f 3099//8231 3285//5203 3283//8057
f 3155//4861 3201//5023 3092//4929
f 3096//4864 3089//4942 3202//4932
f 3094//4866 3092//4929 3396//4931
f 3104//4883 3093//4865 3166//5040
f 3107//4887 3170//4936 3160//4934
f 3105//4890 3044//4888 3107//4887
f 3160//4934 3159//5020 3091//4208
f 3111//4891 3160//4934 3091//4208
f 3115//8202 3019//8204 3114//8232
f 3119//8233 3005//8233 3190//8233
f 3190//8234 3120//8234 3119//8234
f 3118//8235 3120//4937 3117//4938
f 3188//5055 3118//8236 3117//5056
f 3097//3973 3088//8042 3089//4942
f 3101//4945 3102//8237 3100//4943
f 3100//4943 2641//4210 3280//4944
f 3090//4193 3396//4931 3287//4195
f 3089//4942 3088//8042 3202//4932
f 3088//8042 3277//4207 3202//4932
f 3110//8238 3108//8238 3116//8238
f 3109//4954 3115//8239 3114//4955
f 3112//4188 3111//4891 3091//4208
f 3110//8240 3113//4952 3108//4951
f 3008//4840 3007//4839 3005//8241
f 2984//5013 3139//4989 3141//4762
f 3178//4875 2807//4368 3192//4959
f 2987//4783 3139//4989 2984//5013
f 3001//4763 3141//4762 3151//5000
f 3235//4544 3129//4442 3127//4960
f 3238//4969 3131//4418 3233//4962
f 3132//8136 3248//4963 3128//4965
f 3250//4970 3126//4534 3246//5135
f 2850//8242 3181//8243 3180//4982
f 3245//4972 3244//8244 3147//4548
f 3254//8245 3135//8246 3256//8247
f 3140//4540 2852//4539 2851//4998
f 3121//5010 3246//5135 3125//4527
f 3123//4985 3121//4984 3124//4541
f 3124//4541 3351//5006 3352//4987
f 3216//5137 3123//4985 3352//4987
f 3148//5001 3189//4995 3152//4997
f 3176//5048 3136//4994 3191//4993
f 3187//5061 3189//4995 3179//4983
f 3138//4842 3119//4940 3183//4975
f 3139//5014 3138//4842 3137//4988
f 2861//4572 3137//4990 3183//4975
f 3140//4540 3142//4992 3136//4994
f 3141//4762 3139//4989 3151//5000
f 2861//4572 3183//4975 2850//4977
f 3134//4973 3245//4972 3150//4550
f 3150//4550 3245//4972 3147//4548
f 2850//8242 3180//4982 3149//4981
f 3255//4978 3130//8248 3135//4979
f 3189//4995 3149//4981 3179//4983
f 3147//8117 3244//8249 3122//8118
f 3143//4582 3239//5004 3209//5084
f 3127//5083 3143//4582 3209//5084
f 3124//4541 2930//4525 2929//5005
f 3246//5135 3126//4534 3125//4527
f 3145//4553 3146//8250 3222//5012
f 3121//4984 3144//4523 3124//4541
f 3011//4836 3014//8251 3140//4540
f 3027//8252 2837//4538 3140//4540
f 3014//8251 3027//8252 3140//4540
f 3197//5128 3153//4933 3202//4932
f 3156//5017 3178//4875 3177//5015
f 3177//5015 3178//4875 3164//5018
f 3160//4934 3214//5035 3213//5126
f 3159//5020 3213//5126 3403//5021
f 3160//4934 3213//5126 3159//5020
f 3155//4861 3154//5025 3201//5023
f 3106//4884 3166//5040 3172//5042
f 3106//4884 3104//4883 3166//5040
f 3175//8253 3176//8253 3173//8253
f 3172//4935 3168//5032 3170//4936
f 3169//5041 3161//5037 3171//5036
f 3160//4934 3168//5032 3214//5035
f 3207//5043 3166//5040 3153//4933
f 3156//5017 3243//5047 3226//5024
f 3166//5040 3093//4865 3153//4933
f 3161//5037 3207//5043 3242//5079
f 3165//8254 3158//5065 3220//5064
f 3190//4837 3136//4994 3186//5054
f 3184//5052 3189//5051 3187//8255
f 3118//8256 3188//8256 3185//8256
f 3118//8257 3185//8258 3182//5044
f 3182//5044 3185//8258 3180//5045
f 3187//5063 3174//5029 3184//8259
f 3180//5045 3185//8258 3187//8260
f 3185//5059 3186//5058 3176//8261
f 3185//8262 3176//8262 3175//8262
f 3185//5062 3175//5027 3174//5029
f 3176//8263 3184//8263 3174//8263
f 3164//5018 3243//5047 3162//5016
f 3165//4971 2846//4551 3158//5002
f 3254//8245 3256//8247 3253//8264
f 3255//8265 3254//8266 3252//8267
f 3255//4974 3252//5075 3248//4967
f 3252//8267 3254//8266 3253//8268
f 3244//8249 3223//8269 3122//8118
f 3243//5047 3230//5071 3226//5024
f 3244//5070 3245//8270 3220//5064
f 3245//8270 3165//8254 3220//5064
f 3163//5038 3161//5037 3242//5079
f 3241//5080 3207//5043 3232//5102
f 3241//5127 3232//8271 3208//5125
f 3240//5082 3251//8272 3250//4970
f 3212//5081 3250//4970 3246//5135
f 3248//4963 3240//5077 3239//4964
f 3240//5077 3212//8273 3239//4964
f 3239//5004 3234//5097 3209//5084
f 3231//5086 3238//4969 3233//4962
f 3233//4962 3249//4542 3228//5098
f 3249//8274 3236//8274 3229//8274
f 3229//8275 3236//5089 3235//5088
f 3229//5104 3235//8276 3210//5105
f 3234//5090 3212//5092 3208//5100
f 3234//8277 3232//8277 3211//8277
f 3226//5107 3231//5086 3228//5098
f 3229//8278 3225//5113 3227//5112
f 3230//5071 3231//5086 3226//5024
f 3225//8279 3229//5104 3199//5106
f 3228//5095 3227//5101 3206//5110
f 3206//5110 3225//5113 3199//5134
f 3194//5146 3203//5108 3196//5109
f 3203//5026 3194//8280 3201//5023
f 3219//8281 3217//8282 3224//8283
f 3404//5116 3224//5115 3221//8284
f 3221//8285 3406//8285 3204//8285
f 3221//8286 3204//8286 3404//8286
f 3157//8287 3223//8288 3220//8289
f 3223//8288 3157//8287 3222//8290
f 3221//5119 3217//5118 3215//8291
f 3219//5120 3216//5122 3217//5123
f 3214//5035 3241//5127 3213//5126
f 3219//8281 3224//8283 3246//8292
f 3218//5141 3219//5140 3121//5010
f 3199//5106 3210//5105 3205//5132
f 3209//5084 3211//5096 3205//5129
f 3211//5096 3198//5103 3205//5129
f 3201//5023 3194//8280 3193//5156
f 3194//5146 3393//8293 3391//5147
f 3196//5109 3393//8293 3194//5146
f 3199//5155 3392//5149 3195//5151
f 3392//5392 3199//5106 3411//5133
f 3198//5103 3197//5128 3394//5153
f 3193//5156 3391//5381 3396//4931
f 3212//5157 3404//5388 3403//5144
f 3201//5023 3193//5156 3200//4930
f 3269//5159 3271//5164 4033//6337
f 3272//5160 3269//5159 3267//8294
f 2877//4604 3273//5162 3272//4605
f 3309//5243 3276//4241 3318//5166
f 3271//5164 3275//4236 4036//8295
f 3276//4233 3275//4236 3271//5164
f 3264//8053 3315//5183 2881//8143
f 2679//4242 3276//4241 3309//5243
f 3304//8296 3267//8297 4019//8298
f 3268//4588 3261//5173 2876//4589
f 3296//5172 3261//8299 3268//4597
f 3259//5181 3266//8300 3265//5179
f 3265//5179 3355//8301 3321//5180
f 3266//8302 3262//8303 3265//8304
f 3305//5186 3271//5167 3300//5171
f 3309//5243 3318//5166 3305//5186
f 3304//8296 4019//8298 4060//6323
f 3303//5187 3300//8305 3263//5188
f 3265//8304 3262//8303 3258//5190
f 3355//5189 3265//8304 3258//5190
f 3261//5173 4022//5192 3262//5182
f 3258//8306 3262//8307 4024//8308
f 3258//8306 4023//8309 3320//5284
f 3257//5194 4021//6329 4022//5195
f 3317//8310 3257//5194 3261//5196
f 3257//5194 3317//8310 3260//5279
f 3098//8311 3282//8311 3285//8311
f 3284//5022 3290//5234 3279//4252
f 3403//5021 3290//5234 3284//5022
f 3283//8057 3285//5203 3315//4247
f 3279//4252 3290//5234 3288//4253
f 3280//4944 3310//8312 3311//5201
f 3282//5206 3281//8313 3311//5207
f 3282//8314 3313//5204 3285//5203
f 3310//8312 3280//4944 3299//5242
f 3308//8315 3285//5203 3314//5205
f 3285//5203 3308//8315 3315//4247
f 3307//5240 3302//5239 3303//8316
f 3309//5243 3305//5186 3306//8317
f 3305//5186 3300//5171 3298//8318
f 3306//5245 3305//8319 3299//5242
f 3299//5242 3305//8319 3298//8320
f 3287//4195 3286//5199 4040//4244
f 3303//8316 3302//5239 3301//8321
f 3303//8316 3301//8321 3300//8322
f 3292//8323 3304//8296 4060//6323
f 3301//5215 3299//5214 3298//8324
f 3297//5233 3415//5222 3317//5221
f 3307//5161 3303//5187 3273//5162
f 3304//8325 3296//5172 3267//4596
f 3261//8299 3294//8326 3317//5221
f 3296//5172 3294//8326 3261//8299
f 3294//8326 3297//5233 3317//5221
f 3296//8327 3295//8327 3294//8327
f 3294//8326 4163//8328 3297//5233
f 4163//8329 3293//8329 3297//8329
f 3295//5227 3292//8330 3291//5225
f 3294//8326 3291//8331 4163//8328
f 4163//5229 3289//5228 3293//8332
f 3413//5230 3415//8333 3289//5228
f 3308//5184 3307//5161 3316//5185
f 3310//8334 3299//5214 3302//5216
f 3310//8335 3302//8335 3312//8335
f 3311//8336 3310//8336 3312//8336
f 3313//5238 3312//5237 3314//8337
f 3314//5205 3307//5240 3308//8315
f 3337//5283 3319//5282 4094//8338
f 3339//8339 3341//5322 3338//8340
f 3338//5248 4125//6412 3340//5249
f 3334//5254 3327//5272 3326//8341
f 3332//5256 3325//8342 3328//5257
f 3334//5254 3326//8341 3331//5255
f 3330//5259 3333//5253 3331//5255
f 3331//5255 3326//8341 3323//8343
f 3329//5260 3331//5255 3323//8343
f 3329//5260 3323//8343 3322//5357
f 3377//5267 3328//5263 3326//5262
f 3377//5267 3327//5266 2905//8344
f 2905//8344 3380//8345 3377//5267
f 3379//8346 3335//5273 3377//5275
f 3333//5253 3378//4655 3334//5254
f 3335//8347 3379//8348 2906//8349
f 3338//8350 4097//5269 3342//5268
f 2906//4649 2907//4647 3378//4655
f 3340//5285 3355//5189 3320//5191
f 3353//5289 3324//5265 3354//4653
f 2908//4652 3353//5289 3354//4653
f 3354//5341 3380//5278 2905//8351
f 3338//5248 2903//5290 4125//6412
f 3381//4632 2910//4671 3338//5248
f 3349//5287 3351//5006 3350//5294
f 3349//8352 3344//5292 3401//5291
f 3350//5294 3345//5307 3344//5292
f 3324//5265 3353//5289 3323//5264
f 3351//5006 2929//5005 2931//5296
f 3350//5294 2931//8147 3372//5304
f 3375//5297 3383//8353 3371//5298
f 3361//5345 3375//5363 3363//5337
f 3373//5305 3374//5366 3366//5306
f 3373//5305 3366//5306 3350//5294
f 3370//5350 3348//8354 3369//5351
f 3369//5308 3348//8355 3368//5309
f 3348//5319 3367//5348 3347//8356
f 3368//5317 3359//5314 3357//8357
f 3368//5317 3357//8357 3367//8358
f 3341//5322 3357//5321 3353//8359
f 3363//8360 3371//8361 3365//8362
f 3361//5345 3363//5337 3358//5336
f 2931//8147 2921//8146 3372//5304
f 2921//8146 3376//5364 3372//5304
f 3360//5332 2912//8363 3364//5333
f 3363//5337 3382//5369 2914//4641
f 3354//5341 3384//5340 3380//5278
f 2912//8363 3379//8348 3364//5333
f 2912//8363 2906//8349 3379//8348
f 3382//5369 2917//5368 2914//4641
f 3362//5334 3332//5252 3330//5251
f 3358//5336 3360//5335 3356//8364
f 3330//5259 3329//5260 3360//8365
f 3329//5260 3356//8366 3360//8365
f 3359//8367 3358//8368 3357//8369
f 3358//8368 3356//5359 3357//8369
f 3357//8369 3356//5359 3353//5358
f 3348//5319 3347//8356 3345//5307
f 3347//8356 3339//5356 3345//5307
f 3339//8339 3347//8370 3346//5323
f 3383//8371 3365//8362 3371//8361
f 3339//8339 3346//5323 3341//5322
f 3345//5307 3339//5356 3343//5355
f 3342//5268 3339//8372 3338//8350
f 3342//5280 3336//5281 3343//5355
f 3329//5260 3322//5357 3356//5359
f 3321//5180 3355//8301 3340//5360
f 3341//5288 3381//4632 3338//5248
f 4125//6412 4124//6414 3340//5249
f 3375//8373 3382//8373 3383//8373
f 3374//5300 3387//8374 3361//5301
f 3374//5300 3388//8375 3387//8374
f 3373//5305 2922//5367 3388//5365
f 3387//5362 3382//5369 3375//5363
f 3388//8376 2920//4628 3387//4627
f 3376//5364 2921//8146 2922//5367
f 3343//5355 3421//5293 3344//5292
f 3405//8377 3349//8352 3402//8378
f 3406//5138 3352//4987 3405//8377
f 3352//4987 3349//8352 3405//8377
f 3402//8378 3349//8352 3401//5291
f 3404//8379 3204//8379 3406//8379
f 3286//5199 3396//4931 3391//5381
f 3404//5386 3405//5385 3418//8380
f 3418//8380 3405//5385 3402//8381
f 3403//5144 3404//5388 3399//5390
f 3417//5410 3398//5412 3397//5411
f 3391//5381 4143//5209 3286//5199
f 3390//5380 3392//5149 3409//5378
f 3393//8293 3390//5377 3391//5147
f 3395//5154 3394//5153 4150//5382
f 3417//8382 3421//8382 3398//8382
f 3290//5234 3399//5387 3416//8383
f 3402//8384 3401//5397 3418//5399
f 3409//5378 4144//5402 4149//5379
f 3408//5403 3410//5393 4179//5427
f 3410//5404 3411//5131 4147//5405
f 3416//8383 4042//2799 3290//5234
f 3420//5416 3398//5418 3421//5293
f 3397//5411 4166//5408 3417//5410
f 3419//5419 4164//5417 3420//5416
f 4164//5413 4165//5415 3397//5411
f 4042//2799 3416//8383 4153//6359
f 3417//8385 4162//6521 3407//5425
f 3418//5389 3417//8385 3416//5421
f 3416//5421 3417//8385 3407//5425
f 4144//5402 3408//5401 4145//8386
f 3408//5403 4177//5428 4145//6534
f 3260//5223 3412//5407 3336//5370
f 3420//5416 3343//5355 3419//5371
f 3412//8387 3414//8388 3413//5230
f 3414//8388 3415//8333 3413//5230
f 4164//6519 3412//8387 3413//5230
f 1611//1322 3431//2533 3429//5429
f 3442//3636 3429//5429 3438//5434
f 3423//3609 3426//2543 3422//5436
f 3428//5432 3451//5431 3472//7545
f 3453//5433 3431//2533 3430//2540
f 3430//2540 3473//2551 3453//5433
f 3470//5437 3453//5433 3473//2551
f 3747//5872 3453//5433 3470//5437
f 3426//2543 3427//2559 3450//5435
f 3450//5435 3427//2559 3471//2563
f 3472//7545 3451//5431 3448//5440
f 4036//5169 3436//5446 3621//5732
f 3434//8389 3437//5443 3624//5442
f 3625//5445 3621//5732 3436//5446
f 3437//5443 3510//5464 3432//5441
f 3433//8390 3622//8391 3432//8392
f 3639//8393 3615//8393 3618//8393
f 3507//5453 3432//5452 3510//8394
f 3439//5458 3749//5465 3452//5430
f 3422//5436 3450//5435 3745//5466
f 3439//5458 3750//5457 3748//5881
f 3439//5458 3748//5881 3749//5465
f 3735//5456 3422//5436 3745//5466
f 3441//3608 3440//3643 3452//5430
f 3437//5443 3434//8389 3446//5454
f 3510//5464 3437//5443 3445//5455
f 3741//3637 3442//3636 3438//5434
f 3434//5449 3625//5445 3435//5447
f 3440//3643 3439//5458 3452//5430
f 3747//5872 3470//5437 3449//5467
f 3745//5466 3471//2563 3557//5462
f 3446//5454 3744//8395 3445//5455
f 3445//5455 3744//8395 3443//5463
f 3444//3434 3546//5600 3550//3641
f 3453//5433 3747//5872 3438//5434
f 3880//5439 3451//5431 3749//5465
f 3746//5469 3747//5872 3449//5467
f 3433//4235 3507//5538 3444//3434
f 3470//5437 3560//5492 3449//5467
f 3443//5463 3744//8395 3555//5471
f 3461//2684 3457//5474 3459//2682
f 3458//5481 3534//5485 3457//5482
f 3505//5477 3540//5557 3474//2710
f 1697//5480 3456//5479 1872//2827
f 1739//2712 3464//5487 1735//2714
f 3469//5491 3466//5493 3464//5487
f 3467//2552 3503//5490 3560//5492
f 3471//2563 1740//2728 3465//5488
f 3472//7545 3448//5440 3469//5491
f 3470//5437 3468//5438 3560//5492
f 3556//5461 3483//5496 3611//5517
f 3468//5438 3473//2551 3467//2552
f 3485//5511 3466//5493 3609//5512
f 3464//5487 3466//5493 3485//5511
f 3492//5489 3485//5511 3487//5494
f 3490//5505 3491//5502 3489//5501
f 3485//5511 3481//5515 3487//5494
f 3488//8396 3487//5494 3481//5515
f 3543//5475 3463//2792 3574//5524
f 3483//5496 3490//5510 3489//5497
f 3483//8397 3488//8397 3481//8397
f 3574//5524 3463//2792 3477//2753
f 3488//8398 3489//8398 3487//8398
f 3550//3600 3486//2776 1770//2547
f 3486//2776 3583//5679 3574//5524
f 3484//5513 3609//5512 3610//5693
f 3482//5516 3484//5513 3610//5693
f 3498//8399 3499//8399 3495//8399
f 3611//8400 3482//8400 3610//8400
f 3482//8401 3483//8401 3481//8401
f 3497//8402 3495//8402 3499//8402
f 3550//3600 3480//5603 3486//2776
f 3480//5603 3583//5679 3486//2776
f 3497//8403 3501//8403 3498//8403
f 3501//2750 3500//2752 3498//8404
f 1782//7596 3502//5520 3500//5522
f 3478//5525 1794//2768 3479//2793
f 3464//5487 3485//5511 3492//5489
f 1768//2740 3587//2775 3479//2793
f 3504//2735 3478//5525 3503//5490
f 3486//2776 3574//5524 3476//2755
f 3478//5525 3479//2793 3608//5526
f 3474//2710 3540//5557 3570//5527
f 1799//2716 3499//2715 3502//5520
f 3672//5550 3510//5464 3517//5549
f 3506//5535 3509//5553 4239//5536
f 3516//5529 3720//5739 3667//5530
f 3672//5550 3512//5546 3506//5548
f 3513//8405 3667//5593 3456//5479
f 3543//5475 3536//8406 3537//5478
f 3531//5584 3573//5696 3542//5541
f 3573//5696 3531//5584 3533//5586
f 3508//5532 3505//5477 3665//5533
f 3540//5557 3505//5477 3508//5532
f 3515//5539 3507//5538 3516//5529
f 3517//5549 3514//5547 3512//5546
f 3515//5582 3518//5581 3519//8407
f 3850//5560 3538//5559 3858//6080
f 3667//5593 3520//8408 3511//8409
f 3667//5593 3513//8405 3520//8408
f 3517//5549 3539//5647 3538//5708
f 3521//5564 3520//5563 3513//8410
f 3522//8411 3521//5564 3513//8410
f 3520//8408 3527//8412 3511//8409
f 3524//8413 3526//8413 3522//8413
f 3529//5571 3527//8414 3520//5572
f 3526//5569 3528//8415 3521//5570
f 3528//5578 3524//5577 3521//8416
f 3511//8409 3527//8412 3516//8417
f 3529//5574 3515//8418 3516//5575
f 3526//5569 3530//8419 3528//8415
f 3542//5541 3525//5543 3531//5584
f 3532//5588 3513//8405 3456//5479
f 3531//8420 3522//8411 3513//8410
f 3531//8420 3524//5566 3522//8411
f 3531//8420 3525//5567 3524//5566
f 3531//5584 3513//8421 3532//5585
f 3536//5590 3533//8422 3532//5591
f 3560//5492 3914//5597 3558//5468
f 3549//5611 3544//5620 3510//5464
f 3550//3600 3545//5604 3554//5601
f 3550//3600 3554//5601 3480//5603
f 3554//8423 3581//5663 3595//8424
f 3555//5471 3551//5612 3549//5611
f 3510//5464 3555//5471 3549//5611
f 3552//5616 3553//8425 3592//5614
f 3553//5594 3552//8426 3915//5606
f 3466//5493 3559//5470 3609//5512
f 3552//8426 3588//5642 3915//5606
f 3549//5611 3548//5613 3544//5620
f 3546//5600 3507//5538 3576//5624
f 3553//5594 3605//5626 3592//5630
f 3904//5649 3538//6114 3562//5650
f 3593//5628 3591//8427 3590//5629
f 3590//5631 3916//5635 3584//5632
f 3589//5634 3584//8428 3580//5637
f 3576//5624 3507//5538 3519//5540
f 3578//8429 3562//5707 3539//5647
f 3577//5655 3576//5644 3575//5646
f 3906//5622 3904//5649 3578//5648
f 3580//5641 3565//5651 3902//5653
f 3580//5638 3568//5643 3566//8430
f 3915//5606 3580//5641 3902//5653
f 3582//5662 3577//5657 3571//5659
f 3583//5679 3582//5661 3574//5524
f 3541//5542 3569//5664 3529//5544
f 3599//8431 3590//5666 3594//5665
f 3914//5597 3602//5599 3919//5695
f 3595//8424 3581//5663 3582//5662
f 3593//8432 3594//8432 3591//8432
f 3600//5676 3601//8433 3596//5674
f 3601//8433 3597//8434 3596//5674
f 3593//8435 3600//5676 3599//5675
f 3602//5599 3586//5528 3919//5695
f 3598//8436 3604//8437 3603//8438
f 3601//5673 3605//5626 3604//5680
f 3598//8436 3603//8438 3597//5678
f 3547//5596 3597//5678 3603//8438
f 3547//5596 3603//8438 3606//5686
f 3606//8439 3605//8439 3607//8439
f 3608//5526 3586//5528 3602//5599
f 3587//2775 3585//8440 3586//5528
f 3587//2775 3570//5527 3585//8440
f 3561//5689 3584//5632 3887//5636
f 3611//8441 3610//5692 3605//5691
f 3568//8442 3567//8442 3566//8442
f 3543//5475 3573//8443 3572//8444
f 3586//5528 3585//8440 3911//5694
f 3574//5524 3542//5541 3573//8443
f 3543//5475 3574//5524 3573//8443
f 3573//5696 3533//5586 3536//5697
f 3543//5475 3572//8445 3536//8406
f 3585//8440 3570//5527 3910//5699
f 3910//5699 3911//5694 3585//8440
f 3566//5700 3567//5688 3561//5689
f 3580//5641 3566//5705 3565//5651
f 3561//8446 3565//8446 3564//8446
f 3602//5599 3503//5490 3608//5526
f 3541//5542 3571//5660 3569//5664
f 4039//4217 3613//1779 3633//5709
f 1819//2812 3676//2817 1822//2807
f 3632//5756 3633//5709 1876//2809
f 4258//6387 3632//5756 3678//5813
f 3620//4234 3614//4115 3720//5739
f 3618//5721 3634//5728 3639//6593
f 3638//5726 3636//5720 3615//5719
f 3620//5736 3673//5723 3619//5722
f 3725//5752 3638//5726 3616//5725
f 3725//5752 4045//5851 3637//5753
f 3627//5852 4045//5851 3725//5752
f 3433//8390 3620//8447 3622//8391
f 3623//5733 3624//8448 3622//5734
f 3617//5716 3628//5718 4044//5740
f 3612//1781 4040//4244 1819//2812
f 3617//5716 4044//5740 4034//8449
f 3629//5738 3718//8450 3720//5739
f 4042//2799 3631//2816 3626//2810
f 3628//5744 3684//5746 4263//5811
f 4067//5754 3633//5709 3632//5756
f 3637//5749 3634//5748 3636//5750
f 3637//5749 4045//6378 4271//5747
f 3641//2586 3716//5780 3666//5835
f 3663//5774 3642//2886 3664//2885
f 3641//2586 3455//5476 3454//2584
f 3455//5476 3641//2586 3666//5835
f 3646//2889 3680//5755 3651//5761
f 3678//5813 1880//2864 3697//2892
f 3676//2817 3643//5812 3645//5758
f 3651//5761 3680//5755 3705//5762
f 3632//5756 1880//2864 3678//5813
f 3646//2889 3651//5761 3644//2887
f 3650//5839 1886//2875 3687//2918
f 1890//2912 1889//7630 3661//5770
f 3659//2906 3712//5763 3658//2913
f 3660//2914 3655//5773 3711//5759
f 3648//2870 3693//5766 1883//2895
f 3715//8451 3711//8451 3656//8451
f 3656//5779 3711//5759 3655//5773
f 3654//2917 3653//2896 3692//5767
f 3641//2586 1901//2852 3716//5780
f 3684//5715 3674//5713 3683//5805
f 3455//5476 3666//5835 3665//5533
f 3665//5533 3666//5835 3707//5801
f 4229//5834 3669//5534 3717//5802
f 3665//5533 3717//5802 3669//5534
f 3719//5787 3667//5593 3718//5838
f 3720//5739 3718//8450 3667//5530
f 3664//2885 3667//5593 3719//5787
f 3670//5788 3675//5800 3672//5550
f 4245//5786 3671//5797 3670//5784
f 4244//8452 3670//8452 4239//8452
f 3507//5538 3720//5739 3516//5529
f 3673//5789 3507//8453 3510//5790
f 3668//8454 3674//8454 3675//8454
f 4224//5798 3668//8455 3675//5796
f 4224//8456 3671//5797 4222//5803
f 3507//5538 3673//5799 3720//5739
f 3683//8457 3668//8458 4224//5793
f 3681//5810 3684//5746 3682//5809
f 4256//5743 3677//5833 3645//5758
f 3683//8457 4224//5793 3682//5792
f 4256//5743 3643//5812 3676//2817
f 4258//6387 3678//5813 4257//5815
f 3645//5758 3677//5833 3695//5757
f 3712//5763 3708//5818 3714//5817
f 3714//5820 3709//8459 3710//5821
f 3708//5818 3701//5823 3709//5819
f 3710//5821 3709//8459 3701//5824
f 3713//5782 3692//5767 3688//5826
f 3711//5759 3702//5825 3689//5760
f 3702//5825 3711//5759 3710//5821
f 3706//5828 3699//8460 4283//6770
f 3713//5782 3700//5827 3706//5828
f 3705//5762 3704//5829 3703//5822
f 3704//5829 4287//8461 3698//5830
f 3706//5828 3700//5827 3699//8460
f 3700//5827 3688//5826 3686//5842
f 3686//5842 3699//8460 3700//5827
f 3663//5774 3719//5787 3721//5781
f 3715//8462 3714//5820 3711//5759
f 3695//5757 4278//5783 3696//2890
f 3697//2892 3650//5839 4279//5814
f 4288//5841 4287//8463 3704//5829
f 3650//5839 3687//2918 3694//5836
f 3654//2917 3713//5782 3707//5801
f 3685//5840 3699//8460 3686//5842
f 3687//2918 3647//2894 3689//5760
f 3690//5765 3692//5767 3693//5766
f 4030//6341 3731//6340 4009//8464
f 3723//5843 3765//5904 2904//5844
f 2872//5846 3724//8465 3723//5843
f 3732//5854 4032//8466 4026//8467
f 3725//8468 3615//8469 3639//8470
f 3725//8468 3639//8470 4009//5848
f 3270//5168 3740//4607 4036//5169
f 3726//5847 3725//8468 4009//5848
f 3731//8471 3732//5849 4009//5848
f 4032//8466 3732//5854 3731//6340
f 3727//4669 2878//4666 3730//5855
f 3730//5855 2880//4593 4009//5848
f 3727//4669 3730//5855 3774//5860
f 3723//5862 3728//8472 3765//5904
f 3729//5861 3728//8472 3723//5862
f 3728//8472 3775//5867 3765//5904
f 3728//5865 2873//8473 2925//5866
f 3728//5869 2874//5868 2873//8474
f 3436//5446 4036//5169 3733//5871
f 3783//5874 3819//5945 3990//8475
f 3734//5876 3745//5466 3743//5879
f 2884//8476 3736//8476 3740//8476
f 3736//8477 3733//5871 3740//4607
f 3736//8477 3436//5446 3733//5871
f 3736//5873 3446//5875 3434//8478
f 2884//4621 3738//8145 3736//5873
f 3750//5457 3440//3643 3824//5877
f 3738//8145 3783//5874 3736//5873
f 3783//5874 3990//8475 3742//5880
f 3990//8475 3819//5945 3811//5976
f 3446//5875 3742//5880 3744//5608
f 3871//5607 3874//5878 3557//5462
f 3747//5872 3746//5469 3823//5941
f 3874//5878 3745//5466 3557//5462
f 3743//5879 3874//5878 3875//5975
f 3748//5881 3878//5882 3880//5439
f 3824//5877 3812//5985 3878//5882
f 3746//5469 3879//5883 3823//5941
f 3754//5884 3753//5888 3751//5885
f 3756//6453 3766//5891 4132//8479
f 3766//5891 3755//6500 4132//8479
f 3757//5893 3767//5897 3766//5891
f 3767//5895 4363//5890 3755//5896
f 3763//5914 3767//5897 3762//5898
f 3769//8480 3767//5897 3763//5914
f 3769//5902 3770//5859 4009//5848
f 3765//5904 4125//5903 2904//5844
f 3768//5931 3764//5909 4142//5908
f 4142//5907 3760//5921 3753//5888
f 3771//5932 3769//5934 3764//5909
f 3764//5899 3763//5901 4140//8481
f 4142//5907 3761//5926 3759//5920
f 3761//5926 3757//8482 3758//5927
f 3760//5925 4137//8483 3752//5887
f 4106//5892 3766//5891 3756//6453
f 3758//8484 3757//5930 4134//5929
f 4125//6412 3772//8485 3771//5932
f 3772//8485 3773//8155 3771//5932
f 3774//5860 3770//5859 3769//5902
f 3773//8155 2910//4671 3771//5932
f 3775//5867 2925//5866 3773//5935
f 3776//4708 3777//4702 3781//5959
f 2970//4699 3737//4622 3734//5876
f 2970//4699 3734//5876 3788//5950
f 3791//8486 3788//8486 3785//8486
f 3788//5950 3734//5876 3779//5951
f 3738//8145 3791//5944 3783//5874
f 3791//5944 3785//4718 3819//5945
f 3790//5949 2967//4729 3788//5950
f 3789//8487 3790//5949 3779//5951
f 2961//8488 2960//8488 3785//8488
f 3786//8489 3787//8489 3778//8489
f 3780//8490 3776//5938 3815//5937
f 3814//5960 3781//5959 3816//6000
f 3817//5964 3780//5963 3815//5937
f 3793//5966 3822//5968 3818//5972
f 3780//8490 3784//8491 3776//5938
f 3779//5951 3734//5876 3743//5879
f 3797//4741 3818//5957 3782//4742
f 3796//4623 3794//5956 3793//4731
f 3798//4618 3817//5964 3795//5942
f 2958//4709 3817//5964 3798//4618
f 3989//5986 3808//5965 3805//6177
f 3990//8475 3811//5976 3872//6101
f 3814//5936 3804//8492 3803//5988
f 3805//6177 3815//5937 3803//5988
f 3808//5965 3815//5937 3805//6177
f 3807//5981 3809//5980 3982//5992
f 3804//5990 3807//5989 3806//8493
f 3792//5969 3810//5979 3816//5970
f 3823//5941 3879//5883 3985//5982
f 3820//8494 3823//8494 3985//8494
f 3803//5988 3804//8492 3981//5997
f 3981//8495 3804//5990 3806//8493
f 3980//8496 3805//6177 3803//5988
f 3980//6175 3803//5988 3976//5998
f 3821//5984 3823//5941 3820//5996
f 3815//5937 3808//5965 3817//5964
f 3822//5968 3794//5967 3821//6003
f 3809//5993 3822//8497 3983//5991
f 3983//6004 3821//6003 3984//6167
f 3810//5979 3818//5957 3809//5980
f 3840//6041 3841//6043 4246//8498
f 3841//8499 4248//8499 4247//8499
f 3850//5560 3858//6080 3855//6015
f 3860//6011 3857//6010 3856//6013
f 3856//6019 3857//6018 3854//6017
f 4246//6007 3851//6027 3840//6029
f 3851//6027 4246//6007 4230//8500
f 3845//6009 3639//8470 3836//8501
f 3842//6083 3853//6076 4228//6077
f 3852//6086 3851//6088 3857//6018
f 3857//6018 3851//6088 4230//6016
f 4009//5848 3639//8470 3845//6009
f 3843//6040 3844//6044 3840//6041
f 3844//6044 3834//8502 4248//6045
f 3829//6060 3826//8503 3828//6061
f 3829//6055 3827//6054 4213//8504
f 3834//6064 3827//6054 3832//6053
f 3828//6062 4249//8505 4248//6063
f 3830//8506 3831//8506 3829//8506
f 3833//6067 4211//6066 3834//6078
f 3834//6064 3832//6053 3828//6062
f 3850//5554 3855//6021 3849//6020
f 3850//5554 3847//6074 3514//5555
f 3509//5553 3514//5552 3847//6075
f 3839//6046 3847//6075 3837//6030
f 3848//5551 3669//5534 3838//6071
f 4009//5848 3835//6008 3844//6044
f 3845//6090 4218//6069 3835//6068
f 3844//6044 3835//6008 3833//6067
f 4239//5536 3839//6046 4237//6032
f 3852//6026 3907//6012 3944//6112
f 3825//6073 3838//6071 4238//6081
f 3825//6073 4310//6082 4228//6077
f 4226//6618 4225//6089 3836//6025
f 3970//6136 3868//6097 3972//6096
f 3920//5595 3559//5470 3992//6091
f 3877//5598 3746//5469 3558//5468
f 3971//6138 3869//6109 3912//6135
f 3867//5617 3960//6102 3866//6100
f 3873//6093 3875//5975 3874//5878
f 3872//6101 3867//5617 3551//5609
f 3871//5607 3903//6092 3873//6093
f 3876//6094 3877//5598 3870//6110
f 3877//5598 3914//5597 3870//6110
f 3950//6198 3865//6099 3864//6108
f 3742//5880 3990//8475 3872//6101
f 3915//5606 3903//6092 3871//5607
f 3744//5608 3742//5880 3551//5609
f 3867//5617 3906//5622 3548//5618
f 3893//8507 3901//6122 3894//6141
f 3885//5652 3883//5704 3884//8508
f 3903//6092 3902//5653 3889//6098
f 3897//6121 3886//6120 3901//6122
f 3902//5653 3900//6126 3889//6098
f 3889//8509 3899//8509 3893//8509
f 3885//5652 3905//8510 3902//5653
f 3898//8511 3901//8511 3900//8511
f 3901//6122 3893//8507 3899//6123
f 3906//5622 3888//6104 3904//5649
f 3900//6126 3902//5653 3905//8510
f 3905//6116 3897//6118 3898//8512
f 3858//6113 3888//6104 3861//6130
f 3892//6147 3942//6131 3896//6133
f 3913//6139 3970//6136 3901//6122
f 3886//6120 3913//6139 3901//6122
f 3909//6134 3892//6147 3896//6133
f 3870//6110 3914//5597 3869//6109
f 3917//5668 3868//6097 3913//6139
f 3869//6109 3918//6140 3912//6135
f 3887//5636 3913//6139 3886//6120
f 3902//5653 3903//6092 3915//5606
f 3911//5694 3909//6134 3912//6135
f 3916//5635 3913//6139 3887//5636
f 3946//6145 3908//8513 3895//6144
f 3910//5699 3881//6146 3909//6134
f 3891//8514 3890//8515 3894//6141
f 3891//8516 3894//8516 3908//8516
f 3894//6141 3895//6144 3908//8513
f 3890//8515 3889//8517 3893//8507
f 3893//8507 3894//6141 3890//8515
f 3892//6147 4355//6085 3942//6131
f 3882//5562 3881//6146 3910//5699
f 3853//6076 3842//6083 3892//6147
f 4355//6085 3892//6147 3842//6083
f 3914//5597 3919//5695 3918//6140
f 3911//5694 3912//6135 3918//6140
f 3906//5622 3866//6100 3888//6104
f 3886//6120 3884//6119 3883//5702
f 3561//5689 3886//6120 3883//5702
f 3848//5551 3859//6072 3882//5562
f 3892//6147 3909//6134 3881//6146
f 3859//6072 3853//6076 3892//6147
f 3547//5596 3920//5595 3917//5668
f 3974//6158 3956//6153 3973//6152
f 3968//6154 3974//8518 3973//6152
f 3980//6175 3974//8518 3968//6154
f 3963//6160 3964//8519 3977//6161
f 3979//6168 3977//6165 3962//6164
f 3975//6157 3981//8495 3979//6166
f 3974//8518 3980//6175 3976//5998
f 3984//6167 3978//6162 3977//6161
f 3982//5992 3977//6165 3979//6168
f 3981//8495 3806//8493 3979//6166
f 3985//5982 3978//6172 3984//5983
f 3941//6184 3953//6169 3986//5973
f 3987//6176 3980//6175 3968//6154
f 3988//6170 3967//6180 3963//6171
f 3958//6173 3872//6101 3959//6187
f 3960//6102 3958//6173 3945//6174
f 3923//6193 3945//8520 3958//6191
f 3988//6170 3978//6172 3985//5982
f 3935//6219 3963//6160 3966//8521
f 3934//6178 3932//8522 3962//6164
f 3935//6219 3934//6178 3964//6163
f 3964//8519 3963//6160 3935//6219
f 3943//6201 3965//6183 3936//6155
f 3936//6155 3965//6183 3968//6154
f 3903//6092 3865//6099 3941//6184
f 3961//6132 3966//6179 3967//6180
f 3972//6096 3968//6154 3970//6136
f 3941//6184 3986//5973 3903//6092
f 3872//6101 3954//5995 3959//6187
f 3972//6096 3987//6176 3968//6154
f 3991//6095 3987//6176 3972//6096
f 3957//8523 3952//8523 3951//8523
f 3957//6190 3951//6197 4013//6292
f 4017//8524 3958//6191 3959//6188
f 4018//6301 3959//6188 3957//6190
f 4016//6302 3957//6190 4013//6292
f 4013//6292 3951//6197 3924//6196
f 3952//6194 3954//6220 3953//6195
f 3992//6091 3987//6176 3991//6095
f 3992//6091 3989//5986 3987//6176
f 3985//5982 3876//6094 3988//6170
f 3876//6094 3869//6109 3988//6170
f 3969//6137 3948//6182 3946//6145
f 3921//6203 3995//6891 3933//6181
f 3926//6204 3925//8525 3993//6205
f 3926//6204 3932//6149 3925//8525
f 3926//6211 3929//6210 3931//6151
f 3927//6209 3930//6215 3929//6210
f 3949//6202 3937//6224 3941//6184
f 3924//6196 3930//8526 3927//8527
f 3926//6204 3931//6150 3932//6149
f 3932//6213 3928//6212 3925//8528
f 3934//6178 4339//8529 3932//8522
f 4339//6214 3935//6219 4336//6216
f 3937//6227 3948//6182 3943//6201
f 3875//5975 3873//6093 3986//5973
f 3973//6152 3930//6215 3936//6155
f 4336//6216 3966//8521 3933//6217
f 3935//6219 3966//8521 4336//6216
f 3955//6001 3801//5999 3953//6195
f 3981//5997 3975//6159 3976//5998
f 3948//6182 3949//6229 3947//8530
f 3946//6145 3948//6182 3947//8530
f 3938//6222 3937//6227 3943//6201
f 3940//6223 3938//6222 3930//8531
f 3942//6131 3921//6203 3933//6181
f 3862//6103 3945//6174 3944//6112
f 3944//6112 3945//6174 3922//6231
f 3938//6222 3943//6201 3936//6155
f 4362//6305 4361//6799 4004//8532
f 4367//6236 4005//8533 4341//6816
f 4006//6079 4362//6237 4004//8534
f 4006//8535 4004//6245 4003//6244
f 3999//8536 3996//8537 4337//6780
f 4341//6816 4005//8533 3999//8536
f 3999//8538 4003//8538 4341//8538
f 3998//8539 4340//6240 4001//6248
f 4340//6240 4003//6239 3999//6247
f 4001//8540 3999//8541 4000//6250
f 4003//8542 4360//6818 4341//6819
f 4402//6269 4002//6268 4340//8543
f 4000//6250 3999//8541 4337//6251
f 3998//6241 4359//6253 4467//6242
f 3997//8544 4357//8545 3996//6814
f 3925//8546 4433//6285 3993//6287
f 4015//6260 4012//6291 4005//6261
f 3852//6086 4015//6260 4367//6087
f 4015//6262 3944//6112 3922//6231
f 4365//8547 4363//8547 4351//8547
f 4364//6265 4350//8548 3998//6266
f 4007//8549 4003//8549 4002//8549
f 4009//5848 4003//6283 4007//5889
f 3928//6256 4439//6917 4433//6257
f 4017//6299 4011//6289 4012//6291
f 3997//6288 3996//8550 4011//6289
f 4011//6289 3996//8550 4005//6261
f 4005//8533 3996//8537 3999//8536
f 4010//6293 3924//6196 3927//8527
f 4014//8551 4017//6299 4012//6291
f 4016//6298 4013//6290 4011//6289
f 3958//6191 4017//8524 4014//6192
f 4017//8524 3959//6188 4018//6301
f 4355//6085 4449//6837 3921//6203
f 3851//6027 4367//6236 3994//6028
f 4361//6233 4400//6783 4358//6234
f 4449//6837 3995//6891 3921//6203
f 4035//6309 4063//6320 4025//6322
f 3732//5854 4026//8467 4055//6331
f 3266//5174 4029//6312 3724//5864
f 4028//6313 3259//5177 3321//6314
f 4029//6317 4028//8552 4023//6318
f 4023//6318 4028//8552 4098//6333
f 4062//6308 4034//6310 4044//8553
f 4025//6332 4055//6331 4026//8467
f 4060//6323 4019//8298 4030//6324
f 3258//8306 4024//8308 4023//8309
f 4023//8309 4099//6334 3320//5284
f 3271//5164 4036//8295 4035//6336
f 4035//6336 4036//8295 4034//5735
f 4036//8295 3623//5733 4034//5735
f 4064//6307 4027//5853 3732//5854
f 3731//6340 4031//6342 4032//8466
f 4024//6316 4022//8554 4065//6311
f 3267//8294 3269//5159 4033//6337
f 4033//6337 4031//6345 4030//8555
f 3267//8294 4033//6337 4030//8555
f 4019//8298 3267//8297 4030//6324
f 4032//8556 4025//8556 4026//8556
f 4030//6341 4009//8464 4065//6365
f 4050//6347 4061//6346 4053//8557
f 4059//8558 4060//6323 4061//6325
f 4059//8558 4061//6325 4058//8559
f 4059//6349 4058//8560 4050//8561
f 4052//6358 4059//6349 4050//8561
f 4055//6331 4056//6350 4054//8562
f 4054//6351 4041//8563 4043//6352
f 4052//8564 4050//8564 4053//8564
f 4051//5231 3291//5220 4059//6349
f 4163//5229 4051//5231 4048//6362
f 4049//6343 4020//6327 4047//6361
f 4062//6308 4063//6320 4035//6309
f 4064//6307 3732//5854 4055//6331
f 4030//6341 4065//6365 4053//6356
f 4061//8565 4030//6341 4053//6356
f 4053//6356 4021//6328 4051//6354
f 4038//5197 4039//4217 4067//5754
f 4045//6378 4064//8566 4043//6375
f 4062//6372 4044//8567 4072//6367
f 4043//6352 4041//8563 4071//8568
f 4056//8569 4072//6367 4054//6371
f 4056//8569 4063//6373 4072//6367
f 4043//6375 4064//8566 4055//8570
f 4072//6367 3628//5744 4263//5811
f 4041//8571 4069//6380 4071//6382
f 4071//6379 4070//8572 4270//6376
f 4045//6378 4043//6375 4268//6377
f 4037//5710 4372//6678 4256//5743
f 4066//6370 4372//6678 4037//5710
f 4270//6683 4070//6386 4068//6385
f 4255//6364 4067//5754 4258//6387
f 4157//6516 4089//6484 4168//6388
f 4077//6399 4073//6393 4075//6392
f 4080//8573 4081//8574 4078//8575
f 4083//8576 4081//8574 4080//8573
f 4085//8577 4080//6398 4077//6397
f 4085//8578 4083//8576 4080//8573
f 4076//6404 4131//8579 4127//6405
f 3321//6314 4124//8580 4098//6315
f 4124//8580 4096//8581 4098//6315
f 4096//6415 4125//6412 4094//6408
f 4122//6411 4142//6410 4115//6419
f 4074//6421 4123//6420 4076//8582
f 4094//6408 3771//5932 3768//5931
f 4138//6423 4142//6410 3754//6424
f 4115//6419 4142//6410 4138//6423
f 4120//6429 3762//5898 4141//6431
f 4140//5915 3762//5898 4116//6430
f 3761//5916 4121//6459 4141//5917
f 4139//6436 4128//6467 3752//6437
f 3759//5923 3758//6439 4135//6438
f 4139//8583 4130//8584 4128//6469
f 4130//8584 4139//8583 4138//8585
f 4109//6443 4114//8586 4139//6436
f 4109//6441 3759//5923 4135//6438
f 4135//8587 4113//8587 4112//8587
f 4136//6448 4135//8588 4133//6449
f 4100//6454 3756//6453 4132//8479
f 4133//6451 4135//6438 4134//6440
f 4106//5892 3756//6453 4101//6455
f 4132//8479 3755//6500 4086//6494
f 4100//6454 4132//8479 4086//6494
f 3752//8589 4077//6399 4084//6400
f 4085//8590 4077//8590 3752//8590
f 4126//6471 4084//6400 4082//6395
f 4118//8591 4091//8591 4108//8591
f 4118//8592 4108//8592 4117//8592
f 4091//8593 4118//6433 4116//6430
f 4108//6462 4102//8594 4119//6458
f 4095//6418 4108//6417 4092//8595
f 4092//8595 4091//8596 4090//8597
f 4090//6482 4091//8593 4116//6430
f 4090//6482 4116//6430 4088//6495
f 4082//6395 4127//6465 4126//6471
f 4083//8598 4085//6468 4129//6470
f 4126//6471 3751//5885 4084//6400
f 4129//6470 4128//6469 4130//8584
f 3752//5887 4084//6400 3751//5885
f 4083//8599 4131//8599 4076//8599
f 4083//8600 4129//8601 4131//6472
f 4131//5886 3751//5885 4126//6471
f 4129//8601 4130//6425 4131//6472
f 4116//6430 4102//8602 4088//6495
f 4113//8603 4107//8603 4112//8603
f 4115//8604 4114//6474 4123//6476
f 4112//6444 4133//6451 4104//6452
f 4081//6477 4123//8605 4111//6478
f 4114//8586 4109//6443 4078//6396
f 4192//6483 4090//6482 4088//6495
f 4089//6484 4093//6526 4090//6482
f 4103//6485 4112//6444 4104//6452
f 4110//6422 4074//6401 4073//6393
f 4122//6416 4110//6422 4108//6417
f 4108//8606 4110//6422 4109//6486
f 4108//8607 4109//8608 4103//6490
f 4102//6492 4108//8607 4103//6490
f 4105//8609 4106//5892 4101//6455
f 4106//6487 4105//8610 4104//6488
f 4102//8602 4105//8609 4101//6455
f 4088//6495 4102//8602 4101//6455
f 4101//6455 4100//6454 4086//6494
f 3319//5282 4099//6334 4096//6496
f 4169//6497 4097//6326 4093//8611
f 4086//6494 4087//6501 4353//6502
f 4191//6503 4088//6495 4086//6494
f 4169//6506 4093//6526 4158//6527
f 4157//6516 4093//6526 4089//6484
f 4097//5269 3338//8350 4094//6498
f 4095//6418 4092//8595 4090//8597
f 4094//8612 4095//6418 4090//8597
f 3319//8613 4096//6415 4094//6408
f 3413//5230 4163//5229 4156//6511
f 4163//5229 4047//6363 4167//6509
f 4163//5229 4167//6509 4156//6511
f 4152//6512 4166//5408 4161//6513
f 4161//5424 4165//5415 4154//8614
f 4160//6390 4192//6389 4189//8615
f 4165//5415 4164//5413 4156//8616
f 3407//8617 4151//6523 4153//6529
f 3407//5425 4162//6521 4151//6523
f 4396//6360 4153//6359 4184//6557
f 4154//8614 4159//8618 4161//5424
f 4161//8619 4159//8619 4187//8619
f 4155//6530 4160//8620 4159//6531
f 4156//6511 4155//6530 4154//6518
f 4040//4244 4143//5209 4066//6370
f 4147//5405 4175//6532 4179//5406
f 4146//5391 4180//8621 4175//6532
f 4144//5402 4145//8386 4173//6536
f 4171//6542 4144//5402 4176//6537
f 4150//5382 4178//6539 4146//5383
f 4148//5376 4149//5375 4171//6541
f 4143//5209 4148//5376 4170//6538
f 4190//6543 4191//6503 4353//6502
f 4186//6544 4353//6502 4182//6505
f 4189//8615 4192//6389 4188//6508
f 4409//6545 4171//6541 4412//6885
f 4173//6536 4411//8622 4415//6546
f 4176//6537 4173//6536 4171//6542
f 4173//6535 4177//5428 4172//6553
f 4179//5427 4175//6552 4177//5428
f 4180//8621 4418//8623 4175//6532
f 4180//6540 4178//6539 4174//6551
f 4174//6533 4255//6364 4416//6839
f 4190//8624 4186//6555 4185//6554
f 4182//8625 4181//8625 4456//8625
f 4159//8626 4189//8626 4187//8626
f 4160//8620 4189//8627 4159//6531
f 4066//6370 4409//6889 4372//6678
f 4066//6370 4170//6538 4409//6889
f 4184//6525 4456//6561 4183//8628
f 4184//6525 4187//6524 4185//6560
f 4185//8629 4188//8630 4190//8631
f 4189//8632 4188//8630 4185//8629
f 4187//8633 4189//8632 4185//8629
f 4460//8634 4459//8634 4182//8634
f 4195//6611 4193//6792 4346//6620
f 4198//8635 4197//6569 4195//8636
f 4225//8637 4223//6572 4220//6574
f 4222//5803 4223//6581 4225//6570
f 3845//6090 4225//6089 4220//8638
f 3846//6024 4226//6618 3836//6025
f 4220//8638 4218//6069 3845//6090
f 4215//6580 4221//6577 4245//5786
f 4211//6585 4216//8639 4215//6580
f 4213//6588 4214//6654 4240//6641
f 4209//6589 4213//6588 4240//6641
f 4222//6590 3681//5794 4224//5793
f 3681//5794 4222//6590 4268//6592
f 4207//8640 4206//6644 4205//6646
f 4207//6600 4236//6599 4206//8641
f 4205//8642 4208//8642 4207//8642
f 4201//8643 4203//6630 4210//6610
f 4209//8644 4206//8644 4241//8644
f 3834//6078 4198//6624 4195//6611
f 3834//6064 4201//8643 4210//6610
f 4197//6569 4198//8635 4204//6566
f 4203//6630 4201//8643 4234//6628
f 4201//8645 4199//8646 4234//8647
f 4201//8645 4346//8648 4199//8646
f 4200//6615 4335//6633 4199//6616
f 4344//6568 4196//6567 4323//8649
f 4198//6621 4211//8650 4212//6622
f 4204//6623 4212//6622 4242//6625
f 4230//8500 4319//6639 3854//6031
f 4284//6647 4399//6084 3842//6083
f 4199//8651 4233//6660 4234//8652
f 4199//8653 4232//6635 4233//6658
f 4232//6635 4319//6639 4230//8500
f 4209//6589 4243//6642 4206//8654
f 4233//6658 4232//6635 4246//6007
f 4206//6644 4243//8655 4235//6645
f 4334//6671 4308//8656 4251//6657
f 4242//6584 4215//6580 4252//6648
f 4304//6717 4251//6657 4308//8656
f 4242//6656 4331//6655 4332//8657
f 4252//6648 4245//5786 4250//6650
f 4310//6082 4284//6647 4228//6077
f 4248//6659 4234//8652 4233//6660
f 4316//8658 4239//5536 4315//8659
f 4246//6007 4232//6635 4230//8500
f 4249//6652 4241//6632 4248//6662
f 4239//5536 4237//6032 4227//6640
f 4245//6664 4244//8660 4317//6665
f 4315//8659 4239//5536 4227//6640
f 3838//6071 4229//5834 4238//6081
f 4314//6670 4250//8661 4245//8662
f 4251//6657 4250//8661 4314//6670
f 4419//6840 4373//6703 4370//6675
f 4373//6703 4279//5814 4370//6675
f 4372//6678 4253//6700 3677//5833
f 4289//6766 4387//6765 4254//6676
f 4261//5807 4452//6685 4260//6687
f 4195//8663 4197//6569 4344//6568
f 4387//6765 4259//8664 4386//8665
f 4268//6377 4269//6680 4267//8666
f 4268//6592 4267//8667 4264//6696
f 3681//5810 4264//8668 4265//6698
f 4368//6701 4253//6700 4372//6678
f 4257//5815 4279//5814 4373//6703
f 4395//6704 4403//6826 4404//6705
f 4193//6708 4195//8669 4404//6709
f 4195//8669 4194//8670 4404//6709
f 3634//5728 4271//6617 3846//6024
f 4261//5807 4260//6687 4306//5806
f 4320//8671 4319//6639 4231//6637
f 4327//6714 4325//6713 4329//6723
f 4321//6715 4320//8671 4231//6637
f 4326//6736 4327//6714 4303//6737
f 4318//6757 4327//6714 4329//6723
f 4318//6757 4330//6744 4327//6714
f 4331//8672 4330//8672 4318//8672
f 4289//6766 4290//8673 4291//6764
f 4282//6754 4274//6674 4292//6728
f 4331//6719 4322//6721 4323//6726
f 4304//6717 4331//6655 4251//6657
f 4196//8674 4332//8657 4331//6655
f 4319//6639 4329//6724 4227//6640
f 4326//6712 4308//8675 4333//6730
f 4326//6712 4313//6731 4312//6729
f 4334//8676 4314//6768 4313//6731
f 4333//8677 4334//8676 4313//6731
f 4308//8678 4334//8676 4333//8677
f 4277//5837 3689//5760 4305//6735
f 4277//5837 4370//6675 3694//5836
f 4306//5806 4307//8679 4288//5841
f 4307//6733 4293//6753 4286//6734
f 4305//6735 4286//8680 4293//8681
f 4300//6746 4303//6737 4302//6743
f 4303//6737 4327//6714 4302//6743
f 4304//6739 4300//6741 4302//8682
f 4278//5783 4253//6700 3685//5840
f 4322//6721 4321//8683 4324//6750
f 4370//6675 4277//5837 4254//6676
f 4276//6747 4273//6702 4275//6751
f 4306//5806 4297//6749 4299//8684
f 4298//6710 4296//8685 4297//6749
f 4298//6710 4290//8686 4296//8685
f 4289//6766 4294//6756 4296//8687
f 4289//6766 4296//8687 4290//8673
f 4306//5806 4299//8684 4307//8679
f 4297//8688 4295//8689 4299//6752
f 4297//8690 4294//8690 4295//8690
f 4297//6749 4296//8685 4294//8691
f 4299//6752 4295//8689 4293//6753
f 4305//6735 4293//8681 4295//6755
f 4254//6676 4294//6756 4289//6766
f 4254//6676 4305//6735 4294//6756
f 4284//6647 4282//6754 4292//6728
f 4283//6770 4280//6763 4281//6762
f 4274//6674 4273//6702 4369//6672
f 4322//8692 4318//6757 4321//6759
f 4320//8693 4321//6759 4319//6758
f 4318//6757 4329//6723 4319//6758
f 4260//6693 4259//6695 4291//6760
f 4288//5841 4286//6734 4287//8463
f 4285//5832 4287//6761 4286//8680
f 4283//6770 3699//8460 4280//6763
f 4285//5832 4286//8680 4305//6735
f 4280//6763 3699//8460 4272//6748
f 4281//6762 4280//6763 4282//6754
f 4298//6710 4291//6760 4290//8686
f 4387//6765 4291//6764 4259//8664
f 4315//8659 4227//6640 4328//6725
f 4317//6665 4316//6667 4311//6767
f 4311//8694 4316//8658 4315//8659
f 4315//8659 4328//6725 4312//8695
f 4311//8694 4315//8659 4312//8695
f 4229//5834 3706//5828 4283//6770
f 4229//5834 4283//6770 4309//6668
f 3699//8460 3685//5840 4272//6748
f 3928//6212 4434//6775 4439//8696
f 4434//6775 4339//6214 4336//6216
f 4435//6777 4338//6206 3993//6205
f 4435//6777 3993//6205 4438//6286
f 4434//6775 4336//6216 4436//8697
f 4324//6786 4231//8698 4343//6787
f 4350//6788 4364//8699 4397//6789
f 4354//6797 4363//6773 4349//6772
f 4359//6253 4461//6791 4447//6893
f 4453//6781 4356//6208 4432//6776
f 4235//6771 4367//6236 4343//6638
f 4397//6804 4402//6269 4383//8700
f 4349//6801 4351//6277 4450//6802
f 4352//6504 4354//6797 4349//6772
f 4353//6502 4087//6501 4354//6797
f 4466//8701 4000//6823 4465//6825
f 4466//6805 4001//6276 4000//8702
f 4357//6303 4356//6208 4453//6781
f 4336//6216 3995//6218 4436//8697
f 4235//6771 4343//6638 4335//6636
f 4348//6795 4200//8703 4346//6808
f 4401//6856 4343//6638 4341//6816
f 4449//6837 4355//6085 4399//6084
f 3755//6500 4363//6773 4354//6797
f 3996//8537 4440//6778 4337//6780
f 4340//8704 4467//6242 4448//6892
f 4359//6253 4447//6893 4467//6242
f 4358//6234 4384//6784 4382//6817
f 4341//6816 4380//6854 4401//6856
f 4382//6817 4380//8705 4341//6819
f 4465//6820 4342//8706 4337//6821
f 4401//8707 4344//8707 4343//8707
f 4344//6563 4401//6856 4404//6564
f 4345//6800 4392//6860 4400//6783
f 4405//8708 4392//6860 4345//6800
f 4357//8545 4441//6812 3996//6814
f 4375//6875 4376//6847 4442//6900
f 4387//6765 4375//6875 4420//6677
f 4396//6360 4452//6685 4398//5816
f 4397//8709 4383//6835 4446//6834
f 4452//6685 4445//6883 4444//6829
f 4420//6677 4254//6676 4387//6765
f 4387//6765 4386//8665 4385//8710
f 4376//6847 4375//6875 4387//6765
f 4374//6838 4371//6673 4378//6828
f 4416//6839 4255//6364 4373//6703
f 4368//6701 4408//6841 4406//8711
f 4419//6840 4370//6675 4420//6677
f 4385//8710 4376//6847 4387//6765
f 4389//8712 4390//8712 4260//8712
f 4389//6846 4377//6899 4376//6847
f 4260//6693 4390//8713 4388//6694
f 4393//6851 4394//6849 4381//6830
f 4391//6852 4381//6830 4382//6833
f 4391//8714 4392//8714 4381//8714
f 4392//8715 4393//6851 4381//6830
f 4368//6701 4406//8711 4369//6672
f 4383//8716 4402//6809 4448//6811
f 4407//6827 4371//6673 4369//6672
f 4404//6564 4401//6856 4379//6855
f 4393//6857 4392//8717 4405//6807
f 4412//6547 4415//6546 4410//6863
f 4415//6546 4411//8622 4413//6862
f 4424//8718 4407//8719 4406//6865
f 4410//6864 4424//8718 4406//6865
f 4451//6881 4413//6879 4411//6894
f 4418//8623 4417//6869 4175//6532
f 4414//6868 4418//6550 4416//6549
f 4175//6552 4451//6881 4411//6894
f 4458//6870 4460//6871 4352//6504
f 4350//6255 4462//8720 4461//6791
f 4458//8721 4468//6886 4457//6888
f 4422//6873 4410//6863 4421//6867
f 4414//6868 4375//6875 4417//6869
f 4413//6879 4427//6878 4421//8722
f 4417//6869 4429//6876 4454//6880
f 4451//6881 4432//6877 4413//6879
f 4451//6874 4454//6880 4453//6781
f 4445//8723 4455//8724 4437//8725
f 4183//8628 4456//6561 4445//8726
f 4408//6866 4412//6885 4410//6864
f 4424//6872 4422//6873 4428//8727
f 4430//8728 4426//6896 4407//6827
f 4430//8728 4407//6827 4423//8729
f 4422//6873 4421//6867 4428//6915
f 4424//8718 4423//8730 4407//8719
f 4406//8711 4407//6827 4369//6672
f 4419//6840 4420//6677 4414//6868
f 4449//6837 4378//6828 4443//6895
f 4446//6906 4448//8731 4447//6907
f 4456//6561 4455//8732 4445//8726
f 4455//8724 4441//8733 4437//8725
f 4425//8734 4442//6897 4444//6829
f 4425//8734 4444//6829 4445//6883
f 4462//8735 4397//6908 4461//6910
f 4375//6875 4425//8736 4429//8737
f 4463//8738 4457//8739 4450//8740
f 4463//8741 4450//6912 4456//6914
f 4463//8738 4459//8742 4457//8739
f 4456//6914 4181//8743 4463//8741
f 4181//8744 4182//8744 4463//8744
f 4428//6915 4421//6867 4427//6916
f 4431//8745 4424//6872 4428//8727
f 4424//8718 4431//6919 4423//8730
f 4423//8730 4431//6919 4430//6918
f 4431//8745 4428//8727 4439//8696
f 4432//6877 4435//6777 4427//6878
f 4425//8746 4437//8746 4429//8746
f 4434//6775 4431//8745 4439//8696
f 4437//6921 4453//6781 4454//6880
f 4436//6890 4426//6896 4430//8728
f 4434//6775 4436//8697 4430//6918
f 4433//6285 4435//6777 4438//6286
f 4466//8701 4465//6825 4440//8747
f 4440//8748 4465//6820 4464//6822
f 4425//8736 4375//6875 4442//6900
