# G1 exterior visual; derived from pinned Unitree/TWIST2 CAD.
v 0.000961002603 0.0209496263 0.00350037799
v 0.00339759863 0.0198335927 0.00350032165
v -0.0083113173 0.0230380911 0.00350055215
v -0.00683893962 0.0191441029 0.00350044481
v 0.00132991723 0.0241958555 0.00350059336
v -0.00667786831 0.0162831284 0.00350040197
v -0.00432588579 0.018034542 0.00350040058
v 0.0045945067 0.0240562893 0.00350038288
v 0.00490686065 0.0200799461 0.00350030395
v 0.00117437402 0.0187772587 0.00350033422
v 0.00383657706 0.0170717109 0.00350026344
v -0.0028355259 0.020246774 0.0035004199
v -0.00457766745 0.0207027122 0.00350045389
v -0.00496327132 0.0239330698 0.00350052002
v 0.00458537741 0.0243123751 0.00627312483
v 0.00116164458 0.0244518574 5.85888586e-07
v 0.00791578088 0.0233144965 4.60114109e-07
v 0.0185050759 0.0165412053 -2.54309555e-07
v 0.0238753296 0.0069419113 0.00630400749
v 0.0237577949 0.00635066209 -3.72627831e-08
v 0.0242247302 -0.00546010165 -3.31184964e-07
v 0.0157506391 -0.0194359962 -5.92239871e-07
v 0.00378443929 -0.0247191899 0.00632292079
v -0.00703155622 -0.0273251981 0.00949959178
v -0.00686725741 -0.0286379661 0.00949956477
v -0.00129627623 -0.0281984527 0.00949949212
v 0.0271682255 0.0034683214 0.00949966908
v 0.0265692323 0.00479534455 0.0094997026
v 0.0224528722 0.000537837972 0.00947479345
v 0.0199355651 0.0187731795 0.00950006023
v 0.0186709631 0.0194946844 0.0095000919
v 0.0156636927 0.0140385032 0.00948010478
v -0.0181851257 0.0181900226 0.0094555188
v -0.018951185 0.0192222446 0.00950063579
v -0.0214981139 0.0163256098 0.00950061902
v 0.00848120078 0.0115605192 0.0094792489
v 0.00431252457 0.0172115676 0.00952508114
v 0.0148745021 -0.00807587616 0.00949865021
v 0.00614701351 -0.0165457409 0.00949857756
v -0.0100437738 0.00103460462 0.00950016547
v -0.0155599583 0.0062185782 0.00950034335
v -0.00685714092 0.00764289778 0.00950024277
v -0.00724995602 -0.0076345345 0.00949996337
v -0.0132571785 -0.0106746247 0.00948219374
v -0.00364729203 -0.0169380251 0.00948365405
v 0.00121751358 -0.0100335246 0.0094997948
v 0.000290409836 0.0100846598 0.00950018503
v 0.00830575917 0.0064504561 0.00949999969
v 0.00904761814 -0.00538068917 0.0094997678
v 0.00248542125 -0.0143344179 0.00949359685
v -0.00142984174 -0.0251568686 0.00947191007
v 0.00676999753 -0.0229427777 0.00945811532
v 0.0142642567 -0.00168617174 0.0094447555
v 0.0246453062 -0.00766993407 0.00945814047
v 0.0185361244 -0.010287175 0.00949343853
v 0.0243190099 -0.0117391571 0.009499426
v 0.0257397015 -0.00816238858 0.00949947163
v 0.0266374238 -0.00441996753 0.00949952938
v 0.0269939359 -0.000587928051 0.0094995955
v 0.00490788044 0.02007984 0.00950030424
v 0.00425085565 0.0284131858 0.00950046908
v 0.00686753821 0.0286196247 0.00950043462
v 0.00704770489 0.0216163211 0.00949539244
v 0.00886788964 0.0254930463 0.00950034708
v 0.0134424223 0.0222425032 0.00945886225
v -0.0159828588 0.0100072287 0.00945086591
v -0.0117574399 0.0246538147 0.00950063206
v -0.0083264783 0.019419834 0.00946419686
v -0.0112280101 0.0258662757 0.00950064696
v -0.00866851397 0.0274467487 0.00857236609
v -0.0112716015 0.0271885674 0.00950067304
v -0.00587058906 0.0162060671 0.00950038899
v -0.00779484119 0.0122009162 0.00945898425
v -0.0160174984 0.0217264071 0.00950063951
v -0.012756926 0.0237869918 0.00950063113
v 0.0216634534 0.0167508647 0.0094999969
v 0.0213909317 0.0187320337 0.00950003788
v 0.0256162249 0.00852407143 0.00949978549
v 0.0221787654 0.0153891603 0.0094999643
v 0.0283214562 0.00257958937 0.00949963555
v 0.0297573004 0.00233847299 0.00949960947
v 0.0189514644 -0.0192405842 0.0094993636
v 0.0214983951 -0.0163439512 0.0094993813
v 0.0226342119 -0.0154330693 0.0094993813
v 0.0244342014 -0.0145616708 0.00949937105
v 0.0254540965 -0.0156007065 0.00949933752
v 0.0160177778 -0.0217447467 0.00949935988
v -0.0157010388 -0.0219744369 0.00949981809
v -0.0124109667 -0.0239875857 0.0094997324
v -0.00774456235 -0.026210757 0.00949962251
v -0.0199352857 -0.018791521 0.00949993916
v -0.0271679461 -0.00348666217 0.00950033125
v -0.0154877948 -0.002482187 0.0094451746
v -0.0236693993 -0.00467280718 0.00945517235
v -0.0214695428 -0.0128597654 0.00945498701
v -0.0216631722 -0.0167692043 0.00950000249
v -0.0265689511 -0.00481368508 0.00950029772
v -0.0226939991 -0.0193992723 0.00949996803
v -0.0213906523 -0.0187503733 0.00949996151
v -0.0218496509 -0.0182131603 0.00949997827
v -0.0221784841 -0.0154075008 0.00950003508
v -0.0240648407 0.0151458727 0.00950063393
v -0.0244339202 0.0145433303 0.00950062834
v -0.029757021 -0.00235681375 0.00950038992
v -0.0283767506 -0.00189352361 0.00950037874
v -0.0269936565 0.000569587399 0.00950040389
v -0.0266371444 0.004401627 0.00950047094
v -0.0257394202 0.00814404804 0.00950052775
v -0.0240233205 0.0131464796 0.00950059574
v -0.0243187286 0.0117208166 0.00950057339
v -0.022638144 0.0262138154 0.00723496685
v -0.0222952254 0.0263188556 0.0105008176
v -0.0115113277 0.0271513909 0.010425223
v 0.00697768247 0.028627418 0.0102639357
v 0.00424972503 0.028375065 0.00659105508
v 0.0173967052 0.0294504929 0.00716669532
v 0.0178911909 0.0294892993 0.0105002904
v -0.0275733881 -0.00158446678 0.00850037299
v -0.0345381238 -0.00308903609 0.00755824661
v -0.0343924351 -0.0028383988 0.0102698188
v -0.0234027151 0.0151101053 0.0103619397
v -0.0293571092 0.0181300528 0.0102394773
v -0.0297059435 0.0177073572 0.00734705478
v -0.0216111653 -0.0175727159 0.0103557575
v -0.0260838773 -0.0225755554 0.00921424013
v 0.0293069482 -0.0182077419 0.0092114741
v 0.0240418278 -0.0139102247 0.0103289392
v 0.0213816203 0.0174726117 0.00850001536
v 0.0262948833 0.0223167706 0.00971504208
v 0.0278076623 0.00149719417 0.0103553943
v 0.0345731452 0.00312215579 0.00856752507
v 0.00906016678 0.0201577004 0.00220104284
v 0.0108756023 0.0207235068 2.28466163e-07
v 0.0133316955 0.0193666574 0.00220016739
v 0.0142919747 0.0165658649 1.00987101e-07
v 0.0129928738 0.015938133 0.0022017546
v 0.00963119697 0.01325747 0.00220010709
v 0.0100178486 0.0133680962 1.03440598e-07
v 0.00660147518 0.0175257362 2.30978515e-07
v 0.00765061658 0.0176460184 0.00220209127
v -0.0106133539 0.0182558857 0.00220049568
v -0.0144259892 0.0199326649 -9.76601427e-07
v -0.00931092538 0.0155968945 4.26957911e-07
v -0.0104457075 0.0140889846 0.00220206194
v -0.0126041109 0.0113410158 3.9536701e-07
v -0.0122445859 0.0117029995 0.00220039696
v -0.0158767644 0.0128757143 0.0022004717
v -0.0163470674 0.0139693655 4.9909579e-07
v -0.0158964898 0.0174927749 0.00220055855
v -0.0155998021 0.0178249739 5.6026596e-07
v -0.0213807635 -0.00537005858 0.00220021093
v -0.0204983763 -0.00436060922 2.16882697e-07
v -0.0160976276 -0.00460694777 0.0022001483
v -0.0159856901 -0.00510465959 1.37202306e-07
v -0.0149860671 -0.00890267082 5.15948315e-08
v -0.0158786736 -0.00860014465 0.00220231921
v -0.0184602793 -0.0113688158 0.00220005633
v -0.0189050063 -0.0113438861 6.30620676e-08
v -0.0217158422 -0.00917212944 0.00220014481
v -0.0218313448 -0.00889346655 1.5156408e-07
v 0.001557198 -0.0162444897 0.00219967309
v 0.00200186018 -0.0162693355 -3.33783589e-07
v 0.00457172748 -0.0187963787 0.00220058928
v 0.00525391288 -0.0195467956 -4.42486936e-07
v 0.00402632682 -0.0229466725 0.00219951198
v 0.00205386803 -0.024142161 -1.90929268e-06
v -0.00131192768 -0.0222679768 0.00219960255
v -0.00227226759 -0.0194671061 -3.3128444e-07
v -0.000973103335 -0.0188394543 0.00220130803
v 0.0202638842 -0.00088594621 0.00219968753
v 0.0174260437 -0.00136862474 -2.80116126e-07
v 0.0225910321 -0.00271649053 -3.80569958e-07
v 0.0230206177 -0.00472313445 0.00219957554
v 0.0214705355 -0.00797976647 -4.62690849e-07
v 0.0210690666 -0.0080032954 0.00219954271
v 0.0165633801 -0.00699513219 0.00219962746
v 0.0163055453 -0.00663189776 -3.62194641e-07
v 0.0170427635 -0.00334557914 0.00220217183
v -0.0184012502 0.016679693 0.00631641736
v -0.0169116054 -0.0294114407 0.00693460461
v -0.00676695304 -0.0286367666 0.00706402259
v 0.0112789655 -0.0272098277 0.00675765844
v 0.0180725697 0.0178049207 0.00643944228
v 0.0235673673 0.0251692403 0.00738360966
v 0.0317555778 0.0138904257 0.00730385911
v 0.0246860776 -0.00318511692 0.00630070549
v 0.034113396 -0.00525875716 0.0073738033
v 0.0295644104 -0.0180480275 0.00731680356
v 0.0214860793 -0.0263743177 0.00685056858
v -0.0240397025 -0.0247069132 0.00734070456
v -0.030328773 -0.0164584666 0.00736967847
v -0.0249974784 0.000438792194 0.0063253073
v -0.0340724774 0.00544566335 0.00735206204
v -0.00844068639 0.0234676916 0.00631681178
v -0.00618303195 -0.0239108782 0.00614894181
v -0.00827810075 -0.0233487319 -4.41573604e-07
v -0.0195746794 -0.0152408965 1.88893509e-07
v -0.0225425716 -0.0103931604 0.00633084727
v -0.025007993 -0.000406768086 4.87159639e-07
v -0.0226956457 0.0098832855 0.00632824516
v -0.0201652814 0.0143595263 8.97375259e-08
v 0.0335394368 0.0080756899 0.00849966239
v 0.0318520553 0.0132462066 0.00849978346
v 0.0293730553 0.0180872865 0.00849991012
v 0.0223048031 0.0263110064 0.0105001666
v 0.0261561237 -0.0225061234 0.00849919766
v 0.0318474174 -0.0132757584 0.0104992874
v 0.0335366167 -0.00810583588 0.0104993591
v -0.031847138 0.0132574178 0.00850071199
v -0.0335363373 0.00808749534 0.00850064028
v -0.0293727741 -0.0181056261 0.0105000902
v -0.0178909115 -0.0295076389 0.00849970896
v -0.0261558443 0.0224877819 0.0105008017
v -0.0318517759 -0.0132645471 0.0105002169
v -0.0185809992 -0.0164106712 0.00629641255
v 0.013301257 -0.0209206268 0.00625083502
v 0.0127699571 0.0212661419 0.00624888157
v -0.00790133327 -0.0260228571 0.00849962886
v -0.0208094865 -0.0185627677 0.00849995669
v 0.0232337173 -0.0149420016 0.00849938206
v 0.0116513632 -0.0250669289 0.00849936157
v 0.00755093573 0.026509162 0.0103343902
v 0.0142266592 0.0232036877 0.0103128133
v 0.0206741262 0.0185490828 0.0103242695
v -0.0176638532 0.0206902437 0.0102862548
v -0.0115129771 0.0249698218 0.0102370596
v 0.0100976601 -9.24962951e-05 -1.49404016e-07
v 0.00766831962 0.00683011347 1.54498974e-08
v 0.00159285206 0.0184483193 3.2122486e-07
v 0.00310437009 0.020667918 3.407024e-07
v 0.000689844019 0.0210256148 3.82612001e-07
v -0.00369991222 0.0202222001 4.31581725e-07
v -0.00570980646 0.0180165078 4.19674649e-07
v -0.00435304362 0.0213056467 4.61384246e-07
v -0.00495729037 0.0239410978 4.29667836e-07
v -0.00936357118 0.00479033822 2.25654802e-07
v -0.00860198308 -0.005628807 1.97358254e-08
v 0.00635393895 -0.00839574169 -2.50061447e-07
v -0.000565907685 0.010250452 1.99459791e-07
v -0.00232834858 -0.0098349005 -1.5038394e-07
v -0.0240744427 0.0140476702 0.0085006142
v 0.0277392548 0.00276931585 0.00849964842
v -0.0251584966 -0.0104138805 0.0103127696
v -0.0276172608 -0.00288844737 0.0103175854
v 0.0264696516 -0.00637949677 0.0103120916
v -0.013437151 -0.0208374504 0.00625053281
v 0.0197991692 0.0147739192 0.00596606685
v 0.0203904137 -0.0143508222 0.00628704019
v 0.0172698945 -0.00408832217 0.00596487196
v 0.0180322044 -0.00644510193 0.0021994675
v 0.0188623909 -0.00685278978 0.00596479839
v 0.0216576457 -0.00558887422 0.00219900697
v 0.0216268599 -0.00526029244 0.00596478721
v 0.0200343654 -0.00249582459 0.00596486265
v 0.0202738717 -0.0026801182 0.00219971966
v -0.00060541468 -0.0193611663 0.00596484821
v 0.000987084582 -0.0221256372 0.00596477371
v 0.00132302789 -0.0222007167 0.00219939998
v 0.00375155173 -0.0205331389 0.005964763
v 0.00298913429 -0.0181762185 0.0021994675
v 0.00215905509 -0.0177686699 0.00596483797
v -0.0206545275 -0.00708030351 0.00596537068
v -0.0206854213 -0.00675158296 0.00219960255
v -0.0190620292 -0.00984477624 0.00596529571
v -0.0187260825 -0.00991985574 0.00219992176
v -0.0162975602 -0.0082522789 0.005965285
v -0.0178900566 -0.00548780989 0.00596535997
v -0.0176505521 -0.00567210326 0.00220021652
v -0.0151702529 0.0157825276 0.0059657176
v -0.0139697799 0.0175563283 0.0021984959
v -0.0144079421 0.0134257451 0.00220031198
v -0.0135777574 0.0130180586 0.0059656431
v -0.0108132865 0.014610556 0.00596563285
v -0.0124057839 0.017375024 0.00596570736
v 0.00826832838 0.017631676 0.0059654112
v 0.00903063919 0.0152748944 0.00220000488
v 0.00986082479 0.014867207 0.00596533623
v 0.0126252938 0.0164597016 0.00596532458
v 0.0110327993 0.0192241725 0.00596540002
v 0.00427146256 -0.0209242254 0.0154995462
v -0.00459427945 -0.0240746196 0.015499617
v -0.00395598542 -0.0198520254 0.0154996924
v 0.00496337423 -0.023969613 0.0154994354
v -0.00404028874 -0.0171470847 0.015499738
v -0.00181841687 -0.0184125192 0.0154996822
v 0.00831154734 -0.0230564512 0.0154994475
v 0.00701822434 -0.0191233177 0.0154995387
v 0.00437160302 -0.0181062017 0.0154995974
v 0.00646773772 -0.0162771307 0.0154996021
v -0.000175981797 -0.0209923312 0.0154996105
v -0.00127303251 -0.0211826582 0.0154996226
v -0.00114731083 -0.0244335141 0.0154995602
v 0.0084245624 -0.0234778877 0.0126681644
v 0.0049832738 -0.0239854269 0.0189993344
v 0.014344479 -0.0201317463 0.0189980399
v 0.0208716691 -0.013453004 0.0189997386
v 0.0219415352 -0.0116371606 0.0126539646
v 0.0243729018 -0.00413056416 0.0128808906
v 0.024791006 6.41582374e-05 0.0189991035
v 0.0218699407 0.0103613231 0.0190018415
v 0.0193700064 0.0154055273 0.0127273342
v 0.0125096953 0.0216471869 0.0190002229
v -0.00570061989 0.0276280809 0.0095006004
v 0.0273774285 0.000816606625 0.00949961599
v 0.0222608801 0.0029714189 0.00952462014
v 0.0176727399 -0.0114268437 0.00951945875
v -0.0151063194 -0.0208348613 0.00954491645
v -0.0186706837 -0.0195130259 0.00949990749
v 0.0101905279 -0.0101058064 0.00952050555
v 0.00695957011 -0.0163406376 0.00947477017
v 0.0134255402 0.010290199 0.00950097945
v 0.00347785675 0.0172867179 0.0095012961
v -0.00946706533 -0.00400272617 0.00950006396
v -0.0143908821 -0.00859986432 0.00950004905
v -0.00135927217 -0.0104428697 0.00949982461
v -0.00330208335 0.00998109486 0.00950023532
v -0.00952855963 0.00333351572 0.00950020179
v -0.00960793532 0.0113392733 0.00950035267
v 0.00537935225 0.00853680819 0.00950008165
v 0.00819226354 -0.00621123286 0.009499765
v 0.00995681342 0.00252876687 0.00949990284
v -0.00622884557 0.0161610115 0.00954994746
v 0.000208320154 0.0145285726 0.00950636808
v -0.00535557792 0.0246031806 0.00952817872
v 0.00703183608 0.0273068566 0.00950040855
v 0.00309001002 0.0237023067 0.00954175554
v 0.0138248214 0.00388385239 0.00955487695
v 0.0231391229 0.0114214439 0.009541234
v 0.0166951101 0.0130483238 0.00950609986
v 0.0241427571 0.0120794214 0.00949987397
v 0.00799733773 -0.0190800689 0.00949952658
v 0.0117577203 -0.0246721562 0.00949936733
v 0.00865519885 -0.0274133459 0.00949936174
v 0.0112282913 -0.0258846171 0.00949935243
v 0.0112718819 -0.027206907 0.00949932728
v 0.010351629 -0.0202619918 0.0095043797
v 0.0127572054 -0.0238053314 0.00949936919
v 0.016765425 -0.0198776685 0.00954074133
v -0.0142144486 -0.0124079613 0.00954952929
v -0.00504864566 -0.0198270027 0.00944158807
v -0.00425586337 -0.028484758 0.0104278037
v -0.00325523829 -0.0169443991 0.00949973054
v -0.00578373391 -0.0132905366 0.00954119395
v -0.00886761025 -0.0255113877 0.00949965231
v -0.00866477657 -0.0224662255 0.00950377434
v 0.0240236018 -0.0131648211 0.00949940365
v 0.024065122 -0.0151642142 0.00949936546
v 0.0283770282 0.00187518273 0.00949962158
v 0.01570132 0.0219560973 0.0095001813
v 0.0218499303 0.0181948189 0.00950002205
v 0.0226942766 0.0193809327 0.00950003136
v 0.00774484314 0.0261924174 0.00950037688
v 0.012411247 0.0239692461 0.00950026698
v -0.0226339325 0.0154147288 0.00950061809
v -0.0273771491 -0.000834947277 0.0095003834
v -0.0156839844 4.57647047e-06 0.00955523457
v -0.0241078846 0.000885133224 0.00954545382
v -0.0232190453 0.00931576639 0.00954559911
v -0.0147966919 0.00842019543 0.00955537893
v -0.025453819 0.0155823659 0.0095006628
v -0.0283211768 -0.00259793014 0.00950036477
v -0.0256159455 -0.00854241196 0.0095002139
v -0.0241424758 -0.012097762 0.00950012542
v -0.0182459727 -0.029457666 0.0117655694
v -0.0071098716 -0.0286388434 0.00857502129
v 0.0113818664 -0.0271973331 0.00873582438
v 0.0086481804 -0.0273758695 0.0124087762
v 0.0218011364 -0.0263764076 0.0118327904
v 0.0222955067 -0.0263371971 0.00849918276
v -0.027479263 -0.00277718552 0.0105003482
v -0.0345937461 -0.00238336925 0.0114426613
v -0.0344106294 -0.00260806992 0.00873108301
v -0.0207423475 -0.0186112225 0.008638639
v -0.0261495188 -0.0225275196 0.00876125041
v -0.0265602395 -0.0221647508 0.0116536831
v -0.0240979772 0.013948204 0.00864484161
v -0.0292998273 0.0181877855 0.00978648663
v 0.0260906611 0.0225598849 0.00978780072
v 0.0215645432 0.0174899045 0.00867046416
v 0.0238584597 -0.0139218317 0.0104993917
v 0.0294705238 -0.0179356113 0.00928422809
v 0.0276998375 0.00286361645 0.00864387956
v 0.0346364789 0.00231966376 0.0104315644
v 0.011913443 -0.0187569782 0.016799476
v 0.012346576 -0.0188609101 0.0189994667
v 0.0153461788 -0.0169070549 0.0167965218
v 0.0164339039 -0.0138498656 0.0167995021
v 0.0162451286 -0.0134465201 0.0189995132
v 0.0124271205 -0.0115556838 0.0167996027
v 0.0119918631 -0.0116500389 0.0189996082
v 0.00929886196 -0.0149515085 0.0167995859
v 0.00929398183 -0.0153969117 0.0189995784
v -0.0107534127 -0.020927012 0.0167997666
v -0.0102247903 -0.020932883 0.0189997591
v -0.0066121174 -0.0165037625 0.0167997889
v -0.00672402373 -0.015987169 0.0189998001
v -0.00960784499 -0.0143020609 0.0167984273
v -0.0105578639 -0.0134932501 0.0189999025
v -0.0141442353 -0.0159052834 0.01679991
v -0.0142675089 -0.0164193623 0.0189999025
v -0.0188830551 0.000996628893 0.0168002956
v -0.020926889 0.00107406767 0.0190003254
v -0.0160371568 0.0032151863 0.0190002955
v -0.0157548003 0.00439245393 0.0168003142
v -0.0179691315 0.00823764224 0.0190004166
v -0.0185475014 0.00787868537 0.0167991761
v -0.0226612352 0.00649568904 0.016800452
v -0.0228588637 0.00609652232 0.0190004483
v -0.0217889696 0.00316271023 0.0167987309
v -0.00408140197 0.0172055028 0.0168003831
v 0.001256041 0.0172802862 0.0168003067
v 0.0015902021 0.0176898781 0.0190003086
v 0.000674642331 0.0215480682 0.0167972371
v 0.0011496651 0.0222422294 0.0190003999
v -0.00213771639 0.0235880092 0.0168004725
v -0.00204317248 0.0241030604 0.0190023221
v -0.00500853918 0.0209079888 0.0168004651
v -0.00507885776 0.0206146706 0.0190004613
v -0.00373623474 0.0169239435 0.0190003719
v 0.0165237859 0.00430069491 0.0167998411
v 0.0169975329 0.00406605378 0.0189998299
v 0.0216895696 0.0058080852 0.0167997945
v 0.0218872633 0.00620717043 0.0189997982
v 0.0209850501 0.0103711179 0.0167998895
v 0.0156476069 0.0102963382 0.0167999659
v 0.0153135089 0.00988666248 0.0189999621
v -0.0155565273 -0.0193770956 0.0126840286
v -0.021782646 0.02635438 0.0117552327
v -0.0144277625 0.0201944895 0.0126804998
v -0.00294553326 0.0278443433 0.01248236
v 0.00733968103 0.02370755 0.0126733696
v 0.0163465813 -0.0186890755 0.0126815373
v 0.0272241347 -0.0211804677 0.0116157234
v 0.0335423909 -0.00875720195 0.0116952844
v 0.0241127647 0.00638680765 0.0126885045
v 0.0328682363 0.0105247963 0.0116253197
v 0.0263700299 0.0224425234 0.0116824638
v 0.017086003 0.0293990355 0.0121489251
v -0.0276151076 0.0206133313 0.0116599733
v -0.0325329304 0.0114807375 0.0116311451
v -0.0242234562 -0.0101272641 0.0125215696
v -0.0327955149 -0.0107394867 0.0116488114
v -0.00803024601 -0.0232667457 0.019000005
v -0.00465475349 -0.0245191958 0.0126833599
v -0.0082301544 0.023398567 0.012718535
v -0.011835332 0.0217435546 0.0190007053
v -0.0217207577 0.0119646061 0.0190003514
v -0.0239098333 0.00679800613 0.0126808342
v -0.0247607101 -0.00353801553 0.019000167
v -0.0239499919 -0.00637865998 0.0127947815
v -0.0176623892 -0.0173622482 0.0190004073
v 0.0343923271 -0.00273468602 0.0104994476
v -0.0335391536 -0.00809403136 0.0105003379
v -0.0223045219 -0.026329346 0.00849983282
v -0.0343920477 0.00271634548 0.0085005518
v -0.0208424032 -0.0133283436 0.0127226077
v -0.000265662646 0.024751639 0.0127088707
v -0.0105968695 0.0267005023 0.0105006499
v -0.0234614201 0.0150517235 0.0105006238
v 0.0206046831 0.0183821991 0.0105000436
v 0.00757792406 0.02656563 0.0105003873
v 0.00686755311 0.0286196079 0.0105004348
v 0.0116158603 -0.0250153914 0.00866535865
v 0.0176906567 -0.0207039937 0.00868676696
v 0.0233284719 -0.0150959315 0.0086751543
v -0.0141994497 -0.0232224129 0.00871416368
v -0.0074535897 -0.0264845211 0.00876318943
v 0.00973165222 0.00328865624 0.0189999212
v 0.00794323813 -0.00691003446 0.0189997554
v 0.00626870291 -0.0188978966 0.0189995561
v 0.00346463476 -0.0207051896 0.0189995635
v 0.00384917995 -0.0184457116 0.0189996008
v -0.000599273539 -0.0209974386 0.0189996175
v 0.00516443979 -0.0207807943 0.0189995375
v -0.00169431558 -0.0185921714 0.0189996772
v -0.00121161423 -0.0244025961 0.0189996623
v -0.00332231331 -0.0200705323 0.0189996734
v -0.00994737074 -0.00343781081 0.0190000813
v -0.00682547269 0.00799809862 0.019000249
v 0.00348920608 0.00965521857 0.0190001316
v -0.00200925022 -0.0100859674 0.0189998411
v -0.0215723198 -0.0176672619 0.010499985
v 0.0278318077 0.00159650948 0.0104996245
v -0.0264788438 0.00632166909 0.00868790783
v -0.0277271215 -0.00149621919 0.00868313946
v 0.0251432303 0.0104330517 0.00868723169
v -0.0199978203 0.0144915171 0.0128420498
v 0.0137511389 0.0206102356 0.0127669917
v -0.0245968811 -0.000803379167 0.0130812684
v 0.0164166819 0.00672760652 0.0130346855
v 0.0162898265 0.00704759778 0.0168000441
v 0.0190766659 0.00546132959 0.016799992
v 0.0175559781 0.00970759522 0.0130347246
v 0.0178760923 0.00983443391 0.0168000888
v 0.0205359682 0.00856829621 0.0130346594
v 0.0206629336 0.00824816711 0.0168000031
v 0.019396672 0.00558830937 0.0130346203
v -0.00363243185 0.0190084651 0.0130352071
v -0.00361129967 0.0186789744 0.0168009754
v -0.00249313423 0.0219884552 0.0130352462
v -0.00217302004 0.0221152939 0.0168006122
v 0.000486855162 0.0208491571 0.0130351819
v 0.000103558938 0.01840185 0.016800493
v -0.000652441289 0.0178691689 0.0130351419
v -0.0215077382 0.00373561843 0.0130351819
v -0.0203684419 0.00671560969 0.013035221
v -0.0200483277 0.00684244838 0.016800588
v -0.0173884537 0.00557631347 0.0130351577
v -0.0177717507 0.00312900124 0.0168004669
v -0.0185277481 0.00259632338 0.0130351176
v -0.0125061749 -0.0179843772 0.0130346455
v -0.0119733717 -0.0187403914 0.0167999901
v -0.0121227661 -0.015537207 0.0168000367
v -0.0113668786 -0.0150043881 0.0130346846
v -0.00838688761 -0.0161436852 0.0130346194
v -0.00877018739 -0.018590996 0.0167999305
v -0.00952618569 -0.0191236753 0.0130345812
v 0.0109324073 -0.0161352288 0.0130343381
v 0.0114652095 -0.0168912411 0.0167996828
v 0.0117423376 -0.0131763862 0.0168001559
v 0.0120717036 -0.0131552378 0.0130343772
v 0.0150516937 -0.0142945368 0.013034313
v 0.0151786581 -0.0146146668 0.0167996548
v 0.0139123974 -0.017274525 0.0130342739
v 0.0406464338 0.0145336865 0.0152996806
v 0.0412719436 0.0126483254 0.0032996349
v 0.0300198495 0.0302598048 0.00330012827
v 0.0291404147 0.0311075486 0.0153001575
v 0.0160781071 0.0397185721 0.00330050848
v 0.0144511536 0.0403388329 0.0153005449
v -0.001028019 0.0426120386 0.00330081186
v -0.00224873004 0.0425648428 0.015300829
v -0.0175074749 0.0391095318 0.00330098672
v -0.0190819614 0.038365636 0.0153009957
v -0.0358996801 0.0239699315 0.00330097182
v -0.0369643867 0.0222925115 0.0153009566
v -0.0430995189 -0.00240390399 0.00330058369
v -0.0428418815 -0.000792903942 0.0153006101
v -0.0375662297 -0.0206118282 0.0153001631
v -0.03481723 -0.0249766726 0.00330004096
v -0.0236845594 -0.0357089005 0.0152996788
v -0.02190575 -0.0365648568 0.00329963583
v -0.00610549701 -0.0424122773 0.00329929637
v -0.00437698513 -0.0426255576 0.0152992671
v 0.0111959614 -0.0411279052 0.00329906796
v 0.0159333386 -0.0397772826 0.015299025
v 0.0263583697 -0.0337833837 0.00329898414
v 0.0350511298 -0.0251952223 0.0152990185
v 0.0405929871 -0.0146821728 0.00329913362
v 0.0421549827 -0.00631093606 0.0152992681
v 0.00788443256 -0.023922056 0.0152994385
v 0.0219304562 -0.011710396 0.0152994618
v -0.01312791 -0.0214959588 0.0152997896
v -0.0228317603 -0.00923422072 0.0153001612
v -0.0242240801 0.00689862855 0.0153004825
v -0.00261441246 0.0247226879 0.0153005011
v -0.0150053417 0.0195291284 0.015300584
v 0.0153754884 0.0199499801 0.01530015
v 0.0245154593 0.00390931079 0.015299716
v -0.009285721 -0.0234134421 0.00329969777
v 0.0118333632 -0.0222348198 0.00329941185
v 0.0246072616 -0.00537563954 0.00329954084
v -0.0250225291 0.00264308066 0.00330041442
v -0.0212314706 -0.0124815507 0.00330007635
v 0.020027481 0.0152745508 0.0032999937
v 0.00132380438 0.0251526609 0.00330045121
v -0.016055258 0.0189812183 0.00330058904
v -0.0245152395 -0.00390959298 -0.000199715592
v -0.0153752686 -0.0199502613 -0.000200148774
v 0.00525159063 -0.0246339701 -0.000200537106
v 0.0205355939 -0.0140125304 -0.00020056135
v 0.0248282664 0.00127233146 -0.000200338094
v 0.017442137 0.0181709584 -0.000199914561
v -0.00255741132 0.025057368 -0.000199494229
v -0.020753406 0.0142726386 -0.000199430418
v 0.0248252917 -1.73262633e-05 0.0187996384
v 0.0209728424 -0.0129122222 0.018799454
v 0.0115998061 -0.0219892729 0.0187994186
v -0.00407254556 -0.0245253164 0.0187996011
v -0.0161344837 -0.0186077319 0.018799888
v -0.0245897751 -0.00545391766 0.0188002586
v -0.0200754832 0.0152106918 0.0188005771
v -0.00397095829 0.0245412681 0.0188005175
v 0.00934906397 0.0227848459 0.0188002903
v 0.0198229291 0.0150037855 0.0187999923
v 0.029258769 0.0185583718 0.0287194625
v 0.0293590296 0.018603608 0.0254640225
v 0.0270586535 0.0201984681 0.0223599914
v 0.0292798243 0.0218946338 0.0227576662
v 0.0293686148 0.0249528773 0.0235488806
v 0.0272045098 0.0274200868 0.0256614983
v 0.0292649325 0.0267322361 0.0278575253
v 0.0293729994 0.0245858356 0.0306741241
v 0.0292219259 0.0199648384 0.0305180587
v 0.0267696436 0.0176628307 0.0251165777
v 0.0275364276 0.0221085586 0.0320057124
v 0.0263552014 0.0173821431 0.0279593375
v 0.0262814779 0.0231272671 0.0218634121
v 0.0262562986 0.0259689 0.0308329705
v 0.0264004134 0.0242582913 0.0318234824
v 0.0262032356 0.0191901196 0.0309237409
v 0.0252161194 0.0187697802 0.0236448888
v 0.02587617 0.0260488819 0.0231974684
v 0.0256614313 0.0273004565 0.0286948495
v 0.0235164966 0.0197399762 0.0303110313
v 0.023487756 0.0225372277 0.0314011313
v 0.0234106779 0.0182014201 0.0272984654
v 0.0234051924 0.0236830469 0.0230122209
v 0.0234052278 0.0266146362 0.0258476809
v 0.0233922377 0.0257487129 0.0296358392
v 0.0233439486 0.020912705 0.0231461674
v 0.0233726446 0.0227875374 0.0302550811
v 0.0233732276 0.0195592605 0.0281008203
v 0.0233720299 0.0257610232 0.0268841498
v 0.0233730096 0.0203595608 0.024638297
v 0.029372219 0.0249293018 0.0289772283
v 0.0293730125 0.0208267458 0.0299016349
v 0.0293721426 0.0250045639 0.0247832686
v 0.029373046 0.0199167989 0.0248920843
v 0.0278592873 -0.0195399504 0.0230828468
v 0.0293598231 -0.0184708182 0.0260511618
v 0.0279552378 -0.0178854298 0.0286196657
v 0.0294494312 -0.0194417797 0.0295355394
v 0.0276373532 -0.0209470335 0.0317659602
v 0.029368978 -0.0226620939 0.031170249
v 0.0293651652 -0.0258100294 0.0296721421
v 0.0292387661 -0.0268006288 0.0259413123
v 0.0293476339 -0.0246119518 0.0234338325
v 0.0278867371 -0.0228338297 0.0221061911
v 0.0293764062 -0.0201847628 0.0233907457
v 0.0270949956 -0.0176825598 0.0255804826
v 0.0265922677 -0.023796903 0.03195896
v 0.0262946989 -0.0264634788 0.0303537343
v 0.0264052693 -0.0274829399 0.0281543024
v 0.0268324409 -0.0271524582 0.0248591248
v 0.0269092601 -0.0253369808 0.0228063595
v 0.0251913927 -0.0200537965 0.0226113852
v 0.0250197742 -0.0183264595 0.0243196059
v 0.0251735952 -0.0175655056 0.0277725011
v 0.0263529792 -0.0184553787 0.0301695447
v 0.0250704996 -0.020209711 0.0313512012
v 0.0245917179 -0.0270598195 0.0253302474
v 0.0234378967 -0.0253287815 0.0236931127
v 0.0253301598 -0.0227299742 0.021965798
v 0.0234119259 -0.0246769786 0.0306784548
v 0.0233651288 -0.0181417167 0.0276223775
v 0.0235200655 -0.0213414561 0.0312181562
v 0.0234065894 -0.0264787264 0.0281648301
v 0.0232744329 -0.0213856008 0.0234310701
v 0.023381548 -0.0239780713 0.0299165715
v 0.023381792 -0.0255536605 0.0260369536
v 0.0233806502 -0.01956941 0.025909882
v 0.0233808234 -0.0200991612 0.0290453602
v 0.0293813199 -0.0232543405 0.0236491375
v 0.0293818098 -0.0254552066 0.0285790451
v 0.0293805692 -0.0192476977 0.026801303
v -0.00921778008 0.0092066275 0.0239991918
v -0.00921397004 -0.0107933739 0.0239990484
v -0.00797210168 -0.013201531 0.0240002628
v -0.00800515059 0.0131546436 0.0240006018
v -0.0219683647 0.00961817149 0.0239991322
v -0.0129030831 0.00936470367 0.0240000896
v -0.0128992731 -0.0106352959 0.023999773
v -0.0225187149 -0.0111261029 0.0239996742
v -0.0237649661 -0.0080598155 0.0239995159
v -0.0252274554 0.00870083179 0.0240009725
v -0.024866268 0.013916472 0.0240006708
v -0.0114520621 0.011719902 0.0239999555
v -0.0252236463 -0.0112991668 0.0240005963
v -0.0114482567 -0.00828009844 0.0239995345
v -0.0270410571 -0.0131698055 0.0240003616
v -0.0276116878 0.0119455885 0.0240013786
v -0.024652753 0.011653618 0.0240006261
v -0.0239406303 -0.0140524907 0.0289917197
v -0.0270303339 -0.0127686905 0.028247932
v -0.0252895672 0.0139289377 0.0288995542
v -0.0257999673 -0.00978899468 0.0289917849
v -0.0239303783 0.0119611248 0.0289829038
v -0.0151220337 -0.00333524426 0.0540143065
v -0.0199234746 0.00415839162 0.0532204136
v -0.0151238935 0.00627965899 0.0520633571
v -0.0199245699 0.00951014925 0.0480025411
v -0.0151246358 0.00975594763 0.0465745404
v -0.0199239906 0.00620681187 0.0445796736
v -0.0151235703 0.00432375353 0.0486960933
v -0.0199229345 0.00111704133 0.0504652746
v -0.0151219377 -0.0042161569 0.0490358323
v -0.0199217778 -0.00521026459 0.047240153
v -0.0199217815 -0.00566606084 0.0410311148
v -0.0151218353 -0.00540792849 0.0405855514
v -0.0199233349 0.00224809791 0.0378383733
v -0.0151232639 0.0018925647 0.0379007049
v -0.0151239717 0.00596054737 0.0426136069
v -0.0199209712 -0.00934184808 0.0484558679
v -0.0151209179 -0.00972377602 0.0470797047
v -0.0199221801 -0.00259115128 0.053929463
v -0.0199928582 -0.0109510627 0.03217417
v -0.00797605328 -0.0127175776 0.0281067733
v -0.00719732326 0.0110204825 0.0270725116
v -0.027735088 0.011491104 0.0271905996
v -0.00952781085 0.0139146987 0.0288789142
v -0.00970346387 -0.0111443857 0.0289813243
v -0.0105915675 0.0117429374 0.0289693065
v -0.0104676392 0.00815900601 0.0289208181
v -0.0110922018 -0.0140481042 0.0289881863
v -0.0150315464 -0.0109977974 0.0321623385
v -0.0200138297 0.010980933 0.0321648978
v -0.0150356013 0.0109898783 0.0320589878
v -0.0238933191 -0.00827538036 0.029082315
v -0.0252363943 0.0087934956 0.028981464
v -0.0225219298 0.0087460205 0.0295519587
v -0.0221063718 -0.0098003298 0.0298479646
v -0.023838412 -0.0118230702 0.0290592816
v -0.0127688507 -0.0110422103 0.0296848975
v -0.0129312361 0.0101932129 0.0298490711
v -0.0109868683 -0.00810865778 0.029011922
v -0.00735148741 -0.00687777251 0.0209999792
v -0.00877809897 -0.00958439335 0.0209999494
v -0.0134643884 -0.0104386164 0.0210000016
v -0.0155865168 -0.00920311641 0.0210000556
v -0.0115741305 -0.00790288486 0.0210000202
v -0.0117294509 -0.00570056494 0.0210000649
v -0.00714362878 -0.013345629 0.0209998544
v -0.010668355 -0.012120123 0.0209999308
v -0.0118472204 -0.0146329077 0.0210008379
v -0.0126223397 -0.0140504204 0.0169956405
v -0.00718688732 -0.00682573812 0.0189999789
v -0.0134512661 -0.00584386336 0.0190000869
v -0.0139112808 -0.0136475153 0.018991515
v -0.00782419834 -0.0134763354 0.0173168592
v -0.00739863981 -0.0132945729 0.0189941898
v 0.0137594137 0.00677402411 0.0172467325
v 0.0137235634 0.00668564672 0.0189967211
v 0.0155744515 0.00373395067 0.0176241118
v 0.0150406137 0.011026944 0.0172579195
v 0.0148111666 0.0108240554 0.0189994406
v 0.0194980428 0.0125793545 0.0189989191
v 0.0194634665 0.0122734318 0.0171903893
v -0.0103192292 -0.0152954394 0.016999865
v -0.0122875171 -0.017399691 0.0169998556
v -0.00883874204 -0.018187603 0.0169997904
v -0.0068804305 -0.0188789126 0.0170420054
v -0.014588967 -0.0160578284 0.017220702
v -0.0135030085 -0.0200971924 0.0172540154
v -0.00920320116 -0.021258289 0.0172433835
v 0.0232052729 0.0094540678 0.0173188038
v 0.0216645133 0.00405126112 0.0171471164
v 0.0202450473 0.00752063235 0.0169998463
v 0.0178464893 0.00588569464 0.01699985
v 0.0176457968 0.00942471996 0.016999919
v -0.0192413479 0.00021872182 0.0172076616
v -0.0177200865 0.000633945165 0.0190007966
v -0.019506909 0.00889376085 0.0171262138
v -0.0153658474 0.00745314034 0.0189932305
v -0.0157182049 0.00673712185 0.0172206555
v -0.0151059441 0.00413159188 0.0190009363
v -0.0155444723 0.00307906349 0.0171989389
v -0.02183065 0.00102030183 0.0189970061
v -0.0233822521 0.00301050139 0.0172211342
v -0.0239103716 0.00561746163 0.0190005861
v -0.0231680814 0.00576341199 0.0170294084
v -0.0141915446 -0.0195536539 0.01899671
v -0.00932656042 -0.0213247146 0.0190031566
v -0.021434227 -0.010229175 0.0210001227
v -0.021577891 -0.0104402183 0.0240001194
v -0.0249056909 -0.0120447949 0.0240001399
v -0.0251870118 -0.0118824141 0.0210001469
v -0.0253518838 -0.00796833914 0.0240002219
v -0.0254627056 -0.00819827337 0.0210002176
v -0.0100687593 0.0122502781 0.0240003765
v -0.00925657898 0.00872273184 0.0210002996
v -0.00952478498 0.00854252744 0.0240003001
v -0.0131706689 0.00855775643 0.0240003541
v -0.0129407207 0.00844703428 0.0210003462
v -0.0109098209 0.012475512 0.0210003927
v -0.0231233686 0.0122288363 0.0210005678
v -0.0216825362 0.0107885404 0.024000518
v -0.0228679404 0.00772462133 0.0210004784
v -0.0237622038 0.00773503492 0.0240004919
v -0.0261868481 0.0110422513 0.0240005869
v -0.026176082 0.0101480056 0.0210005715
v -0.0100649502 -0.00774972234 0.0240000039
v -0.00985472463 -0.0118795522 0.023999922
v -0.0133636734 -0.0108140986 0.0239999928
v -0.0250362623 -0.0158810113 0.0264030807
v -0.0235363599 -0.0150140794 0.0265000649
v -0.0181605015 -0.0223596431 0.0265801828
v -0.025012644 0.015686322 0.0264658555
v -0.0235150177 0.0150024528 0.0265006255
v 0.00852809567 0.0293579064 0.0264625866
v 0.00657684542 0.0273117963 0.0264959652
v -0.0163133927 0.0248928852 0.0263000336
v -0.0164383128 0.0221582092 0.0265006535
v -0.00570474099 0.0271681696 0.0264982544
v -0.00382501166 0.0291599389 0.0263192877
v -0.0348255672 0.00399360713 0.0238775816
v -0.034892235 0.00466726255 0.0190005954
v -0.0312300138 0.0107020391 0.0238388684
v -0.029184442 0.0125316363 0.0189990345
v -0.0334325247 -0.00861077942 0.0190003272
v -0.032923121 -0.00898623094 0.0239301957
v -0.0236519817 -0.0149558587 0.0240000654
v -0.0238192808 0.0149119999 0.0240006261
v 0.0230425745 0.00599865802 0.0190030541
v 0.0230244603 0.00587620679 0.0329467244
v 0.0222222637 0.0108966753 0.0189995039
v 0.0206957534 0.00398447877 0.0338159241
v 0.00723699434 0.00176590052 0.0539788678
v 0.0120377541 -0.00219159876 0.0542849824
v 0.00723841973 -0.00634449162 0.0457695983
v 0.00723909819 -0.00987539068 0.0461826287
v 0.00723880064 -0.0100133559 0.0239997078
v 0.00723708654 0.00099428161 0.0502267592
v 0.00723730214 -0.00111110939 0.0375180356
v 0.00702169025 0.0100442953 0.0240000878
v 0.00723840622 -0.00575782172 0.052541133
v 0.00723546697 0.00938209146 0.048735667
v 0.0072359317 0.00654820958 0.0435852706
v 0.0122111114 -0.00992511027 0.033798635
v 0.0126431696 -0.010166592 0.0239997115
v 0.0120384404 -0.00651602447 0.0449581556
v 0.0120372204 0.000297170365 0.0503000394
v 0.0120359445 0.00654910877 0.0444146954
v 0.012037144 -0.000285241811 0.0374312736
v 0.0120352842 0.00998793822 0.0440964289
v 0.0120357433 0.00806427933 0.0503824167
v 0.01203907 -0.00962897949 0.0474675149
v 0.0069777146 -0.0201193225 0.0189995226
v 0.00664017536 -0.0204128642 0.0239995215
v -0.00652632257 -0.0201509632 0.0189936645
v 0.0122835068 -0.0109042907 0.019000316
v 0.0340373702 0.0117713707 0.0190006439
v 0.0390472226 0.0371901281 0.0189363919
v 0.0337045416 0.00532580446 0.0189996101
v 0.0393784381 -0.00848090649 0.0189992674
v 0.0339460485 -0.00532435905 0.0189994071
v 0.0124474093 -0.00516480021 0.0190000143
v 0.0124914693 0.00258023175 0.0190000776
v 0.0139031634 0.0296169929 0.0190004539
v 0.0198755935 0.0357606076 0.0190012213
v 0.033940699 0.0357765071 0.0190003775
v 0.0150103131 0.0374419168 0.0189034883
v -0.0110665075 0.0281107686 0.0190006867
v -0.00432881108 0.0239174142 0.0190055072
v -0.00639619911 0.0102401068 0.0190002862
v -0.00538665894 0.0178012718 0.0190010201
v -0.000915397948 0.0154194394 0.0190030448
v 0.00306489551 0.0211876985 0.0190079194
v -0.019379966 0.0100074708 0.0189827271
v -0.0247106571 0.0144365085 0.0190050565
v -0.028488975 0.00863244198 0.0190005768
v -0.0264421497 -0.0141036501 0.0189994648
v -0.0211884212 -0.0133987032 0.019000059
v -0.019590769 -0.00868787616 0.0190001242
v -0.0180753898 -0.0236209221 0.0189999677
v 0.0196435321 -0.0356113985 0.0189994015
v 0.0139283016 -0.0296538435 0.0189993829
v 0.0126615288 -0.0195685923 0.0189996846
v 0.0390804224 -0.0370085724 0.0189383049
v 0.015052096 -0.0375301242 0.0189146344
v 0.0338902473 -0.0358183198 0.0189996697
v 0.0341321342 -0.0119410865 0.0189999342
v 0.0199130084 -0.0116779208 0.0190001559
v 0.01612656 -0.012175519 0.0190001484
v 0.0171261709 -0.0171287078 0.0190013889
v 0.00819780212 -0.0154630542 0.0190028027
v -0.0102782547 0.00572142377 0.0190002564
v -0.0129747214 0.014366433 0.0190004595
v -0.0285914727 -0.0090915598 0.0190002471
v -0.0237530693 -0.00565551873 0.0190002415
v 0.00693113869 0.0102488641 0.0190000925
v -0.00551760942 -0.0292386264 0.0189995207
v 0.0337848775 0.00534679415 0.0329711102
v -0.0116829406 -0.0263203401 0.0239847619
v -0.0067307977 0.0102141025 0.0240002908
v -0.0249931291 0.0160232782 0.0238601193
v -0.0105742905 -0.0152956191 0.023999868
v -0.012053675 -0.0181883443 0.0239998363
v -0.0177706666 -0.0215223264 0.0240179673
v -0.00860520173 -0.0173991229 0.0239998009
v -0.00663328916 -0.0201143529 0.0239973962
v -0.0157462396 0.0229934901 0.0240006596
v -0.0191130508 0.00649693189 0.0240004007
v -0.0183238275 0.00304845814 0.0240003243
v -0.0214574561 -0.0137649309 0.0240000561
v -0.0212165527 0.00452784309 0.0240003951
v 2.29974721e-05 0.0191550795 0.0240003578
v -0.00317993131 0.0188044962 0.0240003988
v -0.00123774027 0.0217697769 0.0240004268
v 0.00844660308 0.0181700848 0.0240002181
v 0.00793999899 0.0268135462 0.0240003858
v 0.013694522 0.0173055306 0.0240007434
v -0.00428717537 0.0272238012 0.0240007807
v 0.0138807129 0.0107429661 0.0240004361
v 0.00843394827 -0.0182805173 0.0239995364
v 0.0141614424 -0.0133697148 0.0239993948
v 0.0112302667 -0.0158456508 0.0239995401
v 0.0134006059 -0.0173570458 0.0239995737
v 0.00808936357 -0.0266300905 0.0239993837
v -0.00374443387 -0.0273335706 0.0239995457
v 0.0142086465 -0.0297444258 0.0317998305
v 0.0139470212 0.0174231753 0.0318391547
v 0.0148003399 0.0315218419 0.0334740989
v -0.0111801121 -0.0260121971 0.026499683
v -0.0113531817 -0.0270456336 0.0263146013
v 0.00838622637 -0.0247449111 0.0268850718
v 0.00740519399 -0.0270538926 0.0264896061
v 0.00849636365 -0.0293493997 0.0264583454
v -0.0044184518 -0.0291789491 0.0262487698
v -0.0190782342 -0.0225353539 0.023230765
v 0.0163919833 0.0250846967 0.0279257949
v 0.0193720702 0.0255066399 0.026353782
v 0.0193724278 0.0239011049 0.029901037
v 0.0163625404 0.0228329375 0.0297283269
v 0.0163730793 0.0204275567 0.0292857885
v 0.0193733014 0.0191467162 0.0276095979
v 0.0163463186 0.0198461581 0.026889924
v 0.0163235627 0.0208618734 0.0251196846
v 0.0193725619 0.0227262229 0.0237844326
v 0.0163737647 0.0239534546 0.0241398923
v 0.0193807427 -0.019836938 0.0288080927
v 0.0163821317 -0.020520106 0.0287155956
v 0.016382616 -0.022999566 0.0295776296
v 0.0193816088 -0.0243146028 0.0296681672
v 0.0163188688 -0.0250925571 0.0273466911
v 0.0193817709 -0.0254378393 0.0260528307
v 0.01638899 -0.0235126447 0.0243799817
v 0.0193809588 -0.0213598758 0.0237955656
v 0.0163989272 -0.0201454926 0.0254796799
v 0.0146814212 -0.0162187163 0.0169993807
v 0.0111510651 -0.0155505426 0.0169995483
v 0.0131106777 -0.0134468889 0.0169994961
v 0.0146913128 -0.0152527457 0.0338108614
v 0.0188997518 0.034049172 0.0328254178
v 0.0343719199 0.0264024157 0.0277111027
v 0.0347711965 0.0340201743 0.0326862559
v 0.0343730152 0.0208555292 0.0303842388
v 0.0339023173 0.0117756734 0.0319934972
v 0.0343726501 0.0222264919 0.0232482515
v 0.0343733095 0.0189825557 0.0262457114
v 0.0143000204 -0.0119193448 0.0334965736
v 0.0125481468 -0.00586719066 0.033773765
v 0.0351072811 -0.00998262689 0.0339552574
v 0.0347687714 -0.0343411639 0.0327285677
v 0.0390063561 -0.0303149987 0.0336691178
v 0.0350987315 0.00577353407 0.0339394845
v 0.0353977457 0.0102665992 0.0339585431
v 0.0121789631 0.00976597518 0.0334420688
v 0.0124109192 0.00324378372 0.0336299203
v 0.0381963626 0.0335595831 0.033488851
v 0.0338980854 -0.0056706164 0.0336657129
v 0.0168693271 0.00652345084 0.0339998789
v 0.0183523744 -0.0102719683 0.0339633115
v 0.0187931955 0.0096140895 0.0340068564
v 0.014599191 0.0112720868 0.0336151645
v 0.0202486701 0.00671645347 0.0341056399
v 0.0189925283 -0.034194842 0.0328170992
v 0.0148488255 -0.0121957716 0.033998467
v 0.0121130161 -0.00421007769 0.0330954753
v -0.0192789286 0.00660997676 0.0170004051
v -0.0179799516 0.00366136245 0.0170003325
v -0.0208746344 0.00344474358 0.0170003679
v -0.00147633906 0.0240257289 0.0171195269
v 0.000204111973 0.0207593273 0.0170003846
v 0.0020734896 0.0225396454 0.0172940921
v 0.00203872472 0.0176533908 0.0172195882
v -0.00169997604 0.0181600712 0.0170003641
v -0.00137917558 0.0156632699 0.0172188301
v -0.00497318292 0.0173463821 0.0172189139
v -0.00333491387 0.0205586329 0.0170004331
v -0.00535099208 0.0222877879 0.0172104537
v 0.0143186552 -0.0111135114 0.0171696842
v 0.0171254072 -0.0140197147 0.0171489138
v 0.0167513564 -0.016956456 0.0171405412
v 0.0138264792 -0.019389132 0.0171460323
v 0.00997941662 -0.0182632487 0.0171849895
v 0.0103466148 -0.0118269185 0.0171563271
v 0.0393814892 -0.0241433922 0.0236146245
v 0.0393723957 0.0236022137 0.0235791411
v 0.0393732153 0.0193843227 0.0248895865
v 0.0393732004 0.019831378 0.0294101592
v 0.039372392 0.0241393987 0.0303842258
v 0.0394074321 0.0337506942 0.0319198631
v 0.0393719748 0.026012525 0.0262457691
v 0.0393818952 -0.0258863773 0.0286404006
v 0.0393807814 -0.0199335273 0.0300256554
v 0.0393806808 -0.0198353715 0.0245886911
v 0.0086146025 -0.0148675647 0.0174829122
v -0.0250007957 -0.0160153247 0.0238172133
v 0.0198517069 -0.011784615 0.0319932662
v 0.0209011305 0.0362824686 0.0291078016
v 0.0320805386 0.0364520326 0.0288638975
v 0.0343819559 -0.026240686 0.0283358581
v 0.0343813859 -0.0236070305 0.0235783309
v 0.0343804918 -0.018765213 0.0256622992
v 0.0343810655 -0.0213988703 0.0304198246
v 0.0325294249 -0.036833588 0.0299646351
v 0.0208427869 -0.0366492458 0.0301600974
v 0.0204136781 -0.0412928499 0.026129961
v 0.0196832363 -0.0412067883 0.0217003506
v 0.0343151987 -0.0411149897 0.021608755
v 0.0333452709 0.0412112884 0.0262033548
v 0.0340700671 0.0412038639 0.0217070691
v 0.0194231123 0.041097492 0.0216033664
v 0.0198267475 0.0117420107 0.0320433341
v 0.0339535065 -0.0117543573 0.0320574753
v 0.00848508067 0.0291965753 0.0317049697
v 0.0141884675 0.029705625 0.0318228863
v 0.00854023919 -0.0292602126 0.0317515805
v 0.0371692069 0.0388878547 0.0283394344
v 0.0191315822 0.0409489162 0.0264043026
v 0.0149816684 0.0358323641 0.0313854739
v 0.0345721282 -0.0409688503 0.026424136
v 0.0388422087 -0.0357422382 0.0315055773
v 0.0145038683 -0.0331008509 0.033319395
v 0.0158300307 -0.0383220501 0.0290948339
v 0.0338186659 0.0380081646 0.0294952113
v 0.0202773809 0.0380084626 0.0294735376
v -0.0213545635 0.0138142984 0.0209982097
v -0.0198530983 0.00859776326 0.0209901407
v -0.0236213766 0.00549145741 0.0209979415
v -0.02791721 0.00825746637 0.0210005622
v -0.0272493381 0.0130350301 0.0210006423
v -0.0103598386 0.0144264959 0.0210004207
v -0.00683522131 0.0107114688 0.0210003015
v -0.00876147393 0.00612519355 0.0210002437
v -0.0146752894 0.00717647886 0.021000348
v -0.014815459 0.0122920275 0.0210004468
v -0.0240911096 -0.00565562025 0.0210002456
v -0.0198012125 -0.00813326333 0.0210001376
v -0.0224409681 -0.0145383505 0.0210000556
v -0.0286765508 -0.00979364756 0.0210002344
v 0.00838122331 -0.0226702373 0.0247484576
v 0.00838078465 -0.0201646835 0.0274261683
v 0.00850459468 -0.0182432868 0.03167684
v 0.00838134252 -0.0229604319 0.0291081537
v 0.0138208698 -0.0176021308 0.0318529867
v 0.00848858897 0.0248163175 0.0265497528
v 0.00837309286 0.0201488789 0.0265735891
v 0.00849763211 0.0183097161 0.0317697264
v 0.0083724549 0.023374876 0.0249346718
v 0.00837265514 0.0226544328 0.0292512998
v 0.0161123369 0.024197666 0.0252480917
vn 1.009429e-05 -5.350835e-05 1
vn 1.388271e-05 -3.639512e-05 1
vn 3.004095e-05 -4.74835e-05 1
vn 1.233091e-05 -1.595959e-05 1
vn 1.385034e-05 -1.78277e-05 1
vn 1.102644e-05 -1.433961e-05 1
vn 2.837784e-05 -3.049673e-05 1
vn 6.38315e-05 -1.483507e-05 0.9999999
vn 1.4617e-05 -1.87281e-05 1
vn 1.457747e-05 -1.874562e-05 1
vn 1.337232e-05 -2.064745e-05 1
vn 1.163474e-05 -2.307008e-05 1
vn 1.383476e-05 -1.966366e-05 1
vn 1.553431e-05 -2.443233e-05 1
vn 1.466104e-05 -1.87262e-05 1
vn 0.2807921 0.9597619 -0.00359928
vn 0.32856 0.9435725 -0.04146481
vn 0.08419693 0.9879979 -0.1295026
vn 0.1294692 0.9915649 -0.006072976
vn 0.1657174 0.9840935 0.06401313
vn 0.5201496 0.8528342 -0.04602347
vn 0.746 0.6653561 -0.02802447
vn 0.8467122 0.5225431 0.1001358
vn 0.9607508 0.2728454 -0.05013359
vn 0.9691265 0.2431526 -0.04087368
vn 0.9948182 -0.09392279 -0.03892753
vn 0.9723112 -0.2299185 -0.04181362
vn 0.8341392 -0.5444943 -0.0879635
vn 0.6214767 -0.7813088 -0.05764763
vn 0.4908578 -0.8711182 -0.0145548
vn 0.1645227 -0.9793865 -0.1171936
vn 0.002169071 0.002558373 0.9999943
vn 1.403836e-05 -1.875636e-05 1
vn 0.0001148158 0.008357071 0.9999651
vn -0.004380329 -0.001070772 0.9999899
vn -0.004529734 -0.001470474 0.9999886
vn -0.003820464 -0.00194944 0.9999908
vn -0.0006490902 -0.00362856 0.9999933
vn -0.005652121 -0.002703957 0.9999804
vn -0.002050688 -0.0001380365 0.9999979
vn 0.01752805 -0.01496402 0.9997343
vn 0.02469032 -0.025358 0.9993735
vn 0.009276579 -0.000403118 0.9999568
vn 0.000733566 0.003668647 0.999993
vn -0.001817916 -0.00197007 0.9999964
vn 0.0005027039 -0.002550295 0.9999966
vn 0.0007133692 -0.001433949 0.9999986
vn -0.002220528 0.001000982 0.9999971
vn -0.001799024 -0.001656266 0.999997
vn 0.000566015 -0.0004895606 0.9999998
vn 0.0001181055 -0.002198198 0.9999976
vn 0.002303674 0.0003764257 0.9999973
vn 0.0001479193 -9.513704e-05 1
vn 0.002528079 0.0002090613 0.9999968
vn -0.006235607 0.01153755 0.999914
vn 1.462883e-05 -1.853624e-05 1
vn -0.003228322 0.003554091 0.9999885
vn 0.001420664 0.005972389 0.9999812
vn -0.004724678 0.003031878 0.9999843
vn 0.01305579 0.002772303 0.999911
vn -0.02210515 0.006222532 0.9997363
vn 0.02703326 -0.05268979 0.998245
vn -0.001488565 -0.0006453763 0.9999987
vn -0.002798215 0.00437274 0.9999865
vn -0.07544813 0.01616572 0.9970187
vn -0.03296929 0.01060877 0.9994001
vn -0.01265703 -0.002344596 0.9999171
vn -0.005009112 0.0003363876 0.9999874
vn -0.0286451 0.01328276 0.9995013
vn -0.006332179 0.005170573 0.9999666
vn 0.0001585684 -0.0002494194 1
vn 1.460591e-05 -1.855609e-05 1
vn 1.542922e-05 -1.90173e-05 1
vn 1.468189e-05 -1.803792e-05 0.9999999
vn 0.008161114 0.00378042 0.9999595
vn 0.0004493716 -0.003746691 0.9999928
vn 0.01278116 -0.003578926 0.9999119
vn 0.001392078 -0.004339696 0.9999896
vn -0.0147138 -0.02410282 0.9996011
vn -0.01532385 -0.03311359 0.9993341
vn -0.02179487 -0.02772569 0.9993779
vn 0.00535477 -0.003450648 0.9999797
vn 0.06676756 0.02292334 0.9975052
vn 0.2322469 0.05853325 0.970894
vn 0.2918984 0.08673549 0.9525084
vn 0.334907 0.01102204 0.9421867
vn -0.009267678 -0.005884503 0.9999398
vn -0.01735123 -0.001999822 0.9998474
vn -0.01404733 0.01854107 0.9997294
vn 0.01436498 0.01352878 0.9998052
vn 0.01417509 -0.02144361 0.9996696
vn 0.002760373 -0.007402944 0.9999688
vn -0.003225693 -0.0001982676 0.9999948
vn -0.002579975 -0.0009537624 0.9999963
vn -0.001435409 -0.002496956 0.9999959
vn 1.275812e-05 -1.76778e-05 1
vn -0.003301125 -0.001595497 0.9999933
vn -0.00261805 -0.001241337 0.9999958
vn -0.002757292 -0.001403413 0.9999952
vn 8.326509e-06 -1.880198e-05 1
vn 1.393321e-05 -1.887304e-05 1
vn 1.405114e-05 -1.882127e-05 1
vn 1.402514e-05 -1.883268e-05 1
vn 1.430488e-05 -1.870986e-05 1
vn 1.549211e-05 -1.864635e-05 1
vn -5.183263e-05 4.530231e-05 1
vn -5.309511e-05 5.981729e-05 1
vn -3.568697e-05 1.939103e-05 1
vn 1.479664e-05 -1.875987e-05 1
vn 1.549685e-05 -1.813898e-05 1
vn 1.458087e-05 -1.810951e-05 1
vn -0.006440816 0.005276925 0.9999654
vn -0.003217472 0.0003264213 0.9999948
vn -4.677543e-05 6.152218e-05 1
vn 0.0008719116 0.001122558 0.999999
vn 0.0007519498 0.001345983 0.9999988
vn 0.002088344 0.001653824 0.9999964
vn 0.003630164 0.004543814 0.9999831
vn 0.001077146 0.001283744 0.9999986
vn 0.0008543459 0.001327476 0.9999987
vn 0.00565604 -0.002475261 0.999981
vn 0.01015965 -0.009783117 0.9999005
vn 0.001132299 -0.01738583 0.9998482
vn 0.009249502 0.01054802 0.9999016
vn 0.01567238 0.004486489 0.9998671
vn 0.002604744 0.005865985 0.9999794
vn 0.0152867 0.005633346 0.9998673
vn 1.275819e-05 -1.889417e-05 1
vn 1.411866e-05 -1.866333e-05 1
vn 1.365628e-05 -1.873445e-05 1
vn 1.424024e-05 -1.863222e-05 1
vn 1.393326e-05 -1.867944e-05 1
vn 0.01943391 0.008947029 0.9997711
vn 0.0253367 0.01062542 0.9996225
vn 1.591944e-05 -1.825391e-05 1
vn 1.458077e-05 -1.845367e-05 1
vn 1.460239e-05 -1.864814e-05 1
vn 1.491773e-05 -1.880796e-05 1
vn -1.549211e-05 1.869818e-05 -1
vn 1.49785e-05 -1.853595e-05 1
vn 1.430486e-05 -1.867356e-05 1
vn 1.491588e-05 -1.854874e-05 1
vn 1.519986e-05 -1.849073e-05 1
vn 1.464309e-05 -1.853949e-05 1
vn 1.474037e-05 -1.868671e-05 1
vn 1.481403e-05 -1.878762e-05 1
vn 1.452557e-05 -1.862357e-05 1
vn 1.480763e-05 -1.870222e-05 1
vn 1.393324e-05 -1.896396e-05 1
vn 1.425321e-05 -1.871329e-05 1
vn 1.438411e-05 -1.863402e-05 1
vn -0.07879239 0.9967293 -0.01796026
vn -0.07711752 0.9967341 -0.02396126
vn -0.08699092 0.9961522 0.01064475
vn -0.08966991 0.9957402 0.02146655
vn -0.09017499 0.9956355 0.02404624
vn -0.08095457 0.9966327 -0.01302668
vn -0.08069845 0.9966715 -0.01156738
vn 0.2246078 0.9733816 -0.0456017
vn -0.0785651 0.9969089 0.0004602832
vn -0.07847221 0.9969159 0.0009523976
vn 0.2944894 0.9543592 -0.04974387
vn -0.6946422 0.7159058 -0.0703643
vn -0.1399487 0.9897448 -0.02863053
vn -0.1131924 0.9400685 0.3216501
vn -0.1048704 0.9944417 -0.009369782
vn 0.6090595 0.7879529 0.09042542
vn 0.1582046 -0.9771315 0.142075
vn -0.5013677 -0.8344626 0.2286977
vn -0.4898868 -0.7802055 0.3889605
vn -0.5235609 -0.8225198 0.2221377
vn -0.9202718 -0.3752695 0.1107819
vn 0.7565103 -0.1400114 0.6388185
vn 0.1427788 -0.3426974 0.9285325
vn 0.5518672 -0.6475505 0.5254722
vn 0.02975714 -0.9936309 0.1086838
vn 0.1714831 -0.9839904 -0.04854169
vn -0.08826444 -0.3545087 0.9308776
vn -0.4367431 -0.7172046 0.5430221
vn -0.7452806 -0.2455353 0.6198946
vn 0.9905476 -0.1247537 -0.05702673
vn 0.4957782 -0.6501998 0.575712
vn 0.5226943 -0.6710354 0.5258347
vn -0.04024621 -0.9961685 0.07764432
vn 0.05858033 0.1847852 0.9810315
vn 0.1390222 0.4260895 0.8939355
vn 0.0087529 0.8054202 0.5926395
vn 0.5439244 0.8310809 0.1159779
vn -0.1689648 -0.9119739 -0.3738376
vn -0.6989633 -0.5743573 0.4261033
vn -0.8685782 0.08561014 -0.4881012
vn -0.6169747 0.7738032 -0.1434258
vn -0.6104481 0.7837065 -0.1147057
vn -0.6032929 0.7928994 -0.08572169
vn -0.5977991 0.7990158 -0.06488448
vn 0.8120598 0.5834165 0.01357411
vn 0.7619801 0.6261215 0.1654027
vn 0.8456113 0.4666363 -0.2592144
vn 0.8290184 0.3743295 -0.4154587
vn 0.7609326 -0.5394843 -0.3604696
vn 0.8127395 -0.4562592 -0.3623286
vn 0.7722542 -0.4335816 -0.4643603
vn 0.5756159 -0.7693655 0.2770253
vn 0.1417616 -0.9814488 -0.1290809
vn 0.4094239 -0.2286603 -0.883225
vn 0.09687666 -0.05454706 -0.9938006
vn 0.3534254 -0.1974963 -0.9143772
vn -0.5692614 -0.6714246 0.4744792
vn -0.8782014 -0.03551187 -0.476971
vn -0.7926598 0.6094432 0.0164185
vn -0.7908232 0.6119365 0.01150561
vn -0.7951142 0.6060197 0.02309813
vn -0.7981052 0.6016981 0.03142502
vn 0.300881 0.9319133 -0.2025048
vn 0.4004734 0.9153094 -0.04277711
vn 0.4974246 0.8556281 0.143071
vn 0.5528235 0.7872487 0.273177
vn 0.9783188 0.004183676 -0.2070622
vn 0.9911681 -0.05007878 -0.1227916
vn 0.9917164 -0.1284211 0.002562383
vn 0.9764985 -0.1892582 0.1031106
vn 0.1328765 -0.9199545 -0.3688192
vn 0.06441887 -0.969274 -0.2373989
vn -0.0754974 -0.9963651 0.03945664
vn -0.1590472 -0.9646474 0.2101415
vn -0.9739893 -0.1850627 -0.130754
vn -0.9670313 -0.2545198 0.008377402
vn -0.9609224 -0.1211795 -0.2488849
vn -0.9279825 -0.05108377 -0.3691055
vn -0.6812298 0.6354992 -0.3634098
vn -0.6489744 0.7332593 -0.2028865
vn -0.5890044 0.8077529 -0.02467798
vn -0.5251811 0.8430861 0.1157182
vn 0.5563462 0.8245271 -0.1031216
vn 0.5857434 0.8089418 -0.05017862
vn 0.6155403 0.7880595 0.008504063
vn 0.640722 0.7651607 0.0632806
vn 0.9941419 -0.08761325 -0.06329136
vn 0.9874494 -0.1523263 0.04171726
vn 0.9600477 -0.2259008 0.1651587
vn 0.9295525 -0.2733561 0.2474038
vn -0.6413352 -0.7576484 -0.1210701
vn -0.6650493 -0.7428789 -0.07642252
vn -0.6927808 -0.720903 -0.01880975
vn -0.7097089 -0.7042075 0.02012564
vn -0.9352912 0.1229951 -0.331817
vn -0.7552962 0.5258359 0.391183
vn 0.1056551 0.831099 -0.5459959
vn 0.6447797 0.5964957 0.4779666
vn 0.868564 -0.08559317 -0.4881294
vn 0.8429851 -0.4328295 -0.3194288
vn 0.8073698 -0.483169 -0.3386765
vn 0.6282144 -0.7767763 0.04433146
vn 0.594053 -0.7940089 0.1290378
vn -0.2223582 -0.8521063 0.4737844
vn -0.7607854 -0.5465575 -0.3499722
vn -0.9295775 0.2823914 0.2369405
vn -0.9140184 0.1945801 0.3559621
vn -0.9094225 0.4150351 0.02639189
vn -0.8497205 0.5055475 -0.1496549
vn 0.2180797 0.9746379 0.05022054
vn 0.2279021 0.9708825 0.07380944
vn 0.2427724 0.9638104 0.1101416
vn 0.2503962 0.9595006 0.1290748
vn 0.9822286 -0.1289243 -0.1364019
vn 0.983052 -0.1561268 -0.09608983
vn 0.9809373 -0.188557 -0.04699437
vn 0.9779449 -0.2081947 -0.01669226
vn 0.5183026 -0.6792908 -0.5195445
vn 0.03948746 0.4944628 -0.8683013
vn 0.006090071 0.3452644 -0.9384857
vn -0.05537491 0.12314 -0.9908431
vn -0.07477272 0.06265537 -0.9952303
vn 0.003337337 -0.1534618 -0.9881489
vn 0.029783 -0.2626603 -0.9644287
vn -0.04854815 -0.07801406 -0.9957696
vn 0.0196292 -0.09951594 -0.9948423
vn 0.1314465 0.1532507 -0.979406
vn 0.03987262 0.08191767 -0.9958412
vn 0.05431875 0.06537537 -0.9963812
vn 0.08154996 0.06664784 -0.9944384
vn 0.7253731 0.3100747 -0.6145629
vn 0.1027524 0.02655088 -0.9943526
vn 0.1094141 -0.01126989 -0.9939324
vn 0.1531551 -0.006201909 -0.9881827
vn 0.09785171 -0.03587534 -0.9945542
vn 0.05533724 -0.05249991 -0.9970865
vn -0.09317498 -0.06036985 -0.9938179
vn -0.1057723 -0.03997688 -0.9935864
vn -0.09812629 -0.04431133 -0.994187
vn -0.1189305 -0.02181904 -0.9926628
vn -0.1130887 -0.003728688 -0.993578
vn -0.1051789 0.01327569 -0.9943647
vn -0.09027532 0.04604903 -0.9948517
vn -0.1030827 0.03824077 -0.9939374
vn -0.2582458 0.9660776 0.001774311
vn -0.3245837 0.9434357 -0.06763563
vn -0.3607163 0.9246859 -0.1218191
vn -0.5641778 0.8254222 -0.01953833
vn -0.4696607 0.8815247 -0.04830041
vn 0.09312931 -0.9889085 -0.115702
vn -0.2042223 -0.9787225 -0.01989193
vn -0.326023 -0.9439514 -0.05162029
vn -0.5486594 -0.8325049 -0.07686649
vn -0.7896344 -0.6083061 -0.08025713
vn -0.7373039 -0.6754995 -0.009138155
vn -0.9214045 -0.379387 -0.08413906
vn -0.9981183 -0.02039978 -0.05782431
vn -0.9996213 0.02744563 -0.002007346
vn -0.9279583 0.3639667 -0.08013644
vn -0.835336 0.5467561 -0.05719829
vn -0.7227401 0.6910396 0.01053372
vn 0.6442834 0.07931557 -0.7606627
vn 0.8889247 0.1866859 -0.4182838
vn 0.925764 0.3589877 0.1186966
vn 0.8769537 0.4490629 0.171157
vn 0.6853439 0.7265081 -0.04989647
vn 0.7769306 0.6073525 -0.1658369
vn 0.7886251 0.5740845 -0.2202212
vn -0.01392299 0.2667254 -0.963672
vn 0.625127 0.7798482 -0.03245179
vn 0.685313 -0.6284752 -0.3679196
vn 0.6689346 -0.6740921 -0.3132512
vn 0.6683061 -0.6634151 -0.3365223
vn 0.856345 -0.5162074 -0.01424687
vn 0.8422443 -0.5346124 0.0693843
vn 0.9975852 -0.04751029 -0.0506591
vn 0.9963568 -0.08226486 -0.02248315
vn 0.9832221 -0.1798661 -0.03037363
vn 0.9287171 -0.3237352 -0.1807762
vn 0.953864 -0.2851966 -0.0938427
vn -0.8271564 0.2702681 -0.4927145
vn -0.8621162 0.2937638 -0.4128661
vn -0.9145783 0.2992561 -0.2720156
vn -0.9856752 0.1682086 0.01226408
vn -0.990416 0.06459434 -0.122081
vn -0.9865618 0.05006865 -0.1555281
vn -0.7796997 -0.6127023 -0.1290908
vn -0.8421745 -0.5385685 -0.02619177
vn -0.8833503 -0.4659341 -0.05096682
vn -0.6994747 -0.7129394 -0.04952462
vn -0.5945861 -0.7787684 -0.1999677
vn -0.5253157 -0.7635109 -0.3756254
vn -0.5287221 -0.7656442 -0.3663903
vn -0.7691545 0.6390625 -0.0006292899
vn -0.774601 0.6315938 -0.03290482
vn -0.733057 0.6801629 0.002435255
vn -0.7768732 0.6149824 -0.1351465
vn -0.703467 0.7088913 0.05106489
vn -0.9852912 -0.1570084 0.06745092
vn -0.978642 -0.2051767 -0.01274181
vn -0.9457216 -0.2828383 -0.1600411
vn -0.9348649 -0.3346089 -0.1185944
vn -0.0929591 -0.06072183 -0.9938166
vn -0.03597029 -0.06498782 -0.9972376
vn 0.02998765 -0.07015744 -0.9970852
vn 0.08630671 -0.03879374 -0.995513
vn 0.02689765 0.08019784 -0.996416
vn 0.2489279 0.3405549 -0.9066737
vn 0.01746555 -0.05004426 0.9985942
vn 0.148528 -0.4257545 0.8925651
vn 0.09983364 -0.2861643 0.9529655
vn 0.05865484 -0.01130671 0.9982143
vn 0.05176065 -0.00997962 0.9986097
vn 0.1566432 -0.03016885 0.9871944
vn -0.04934383 -0.01908841 0.9985995
vn -0.05412824 -0.02093684 0.9983144
vn -0.007616916 -0.06396672 0.997923
vn -0.05139117 -0.4307564 0.9010038
vn -0.07412069 -0.6212 0.7801389
vn -0.146185 -0.05650283 0.9876423
vn 0.04816306 -0.03274145 0.9983028
vn 0.1421747 -0.05226899 0.9884605
vn 0.03724628 -0.0309701 0.9988261
vn -0.01898798 0.01022718 0.9997674
vn -0.01389689 -0.01817745 0.9997382
vn -0.0237604 0.02680911 0.9993581
vn -0.01224576 -0.02228975 0.9996766
vn 0.02082369 -0.02214351 0.9995379
vn 0.02492528 -0.01759316 0.9995345
vn 0.01642577 -0.06380734 0.997827
vn -0.003204823 -0.02001387 0.9997945
vn -0.03709737 -0.03264251 0.9987784
vn -0.0009814387 -0.02167048 0.9997647
vn 0.01361772 -0.0859348 0.9962078
vn 0.0001499954 -0.0001039387 -1
vn 6.124342e-05 -1.337699e-05 -1
vn 4.138872e-05 -7.245188e-06 -1
vn 4.472577e-05 2.79848e-05 -1
vn 5.152987e-05 7.554127e-06 -1
vn -9.237059e-07 1.119743e-05 -1
vn -1.165501e-05 3.305285e-05 -1
vn -9.477683e-06 2.365928e-05 -1
vn -1.216323e-05 5.822237e-05 -1
vn -1.463765e-05 1.86217e-05 -1
vn -1.389571e-05 1.372175e-05 -1
vn -1.489541e-05 3.00138e-05 -1
vn -3.824257e-05 3.131956e-05 -1
vn -3.840794e-05 2.233553e-06 -1
vn -4.144106e-05 3.947952e-05 -1
vn -2.273341e-05 4.461028e-05 -1
vn -8.409881e-05 3.973601e-05 -1
vn -1.459067e-05 1.869735e-05 -1
vn 2.120445e-05 6.493869e-05 -1
vn -1.532733e-05 1.84731e-05 -1
vn -1.458544e-05 1.869744e-05 -1
vn -2.657299e-06 5.543751e-05 -1
vn -1.458237e-05 1.869489e-05 -1
vn -8.396692e-06 6.048549e-05 -1
vn -1.458638e-05 1.869561e-05 -1
vn 4.495431e-05 -3.300681e-05 -1
vn 0.0001261746 -2.399349e-05 -1
vn -3.489304e-05 -3.973861e-06 -1
vn -1.631976e-05 -2.892566e-05 -1
vn -1.682675e-05 1.900901e-05 -1
vn -1.459724e-05 1.873348e-05 -1
vn -1.457835e-05 1.869693e-05 -1
vn -2.813759e-05 4.006068e-05 -1
vn -2.992774e-05 2.809478e-05 -1
vn -2.267779e-05 1.645378e-05 -1
vn -0.001768685 -0.0006279943 -0.9999982
vn -4.674641e-05 7.144747e-05 -1
vn -1.77665e-05 0.0003315645 -0.9999999
vn -1.608323e-05 0.0001698716 -1
vn -1.736e-06 1.056267e-05 -1
vn 4.31647e-05 -3.837331e-05 -1
vn -0.0001250194 0.000221849 -0.9999999
vn -1.348314e-05 1.949558e-05 -1
vn -1.634874e-05 1.183847e-05 -1
vn 0.0001559582 -9.684959e-05 -1
vn 0.0001400216 2.006918e-05 -0.9999999
vn -1.334385e-05 2.742245e-05 -1
vn -0.009223071 0.09084002 0.9958227
vn 1.438887e-05 -1.868222e-05 1
vn -0.009622773 0.09477059 0.9954526
vn -0.02671611 0.2628926 0.9644551
vn -0.03428883 -0.05440394 0.9979301
vn -0.09900319 -0.1570041 0.982623
vn -0.03873213 -0.06144869 0.9973585
vn -0.003585615 0.003916409 0.9999859
vn 1.459453e-05 -1.864549e-05 1
vn -0.003755684 0.004102522 0.9999846
vn -0.0105248 0.01150181 0.9998785
vn 0.02020049 -0.2624653 0.96473
vn 0.00748926 -0.09719793 0.9952369
vn 0.007026654 -0.09118243 0.9958094
vn 0.02404098 -0.08025987 0.996484
vn 0.0124268 0.02095976 0.999703
vn -0.006728103 0.04272797 0.9990641
vn 0.01393778 0.01953078 0.9997121
vn 0.0220739 0.01053268 0.9997008
vn 0.02275814 0.01196836 0.9996694
vn -0.01582368 -0.08127986 0.9965657
vn -0.02402444 0.004488194 0.9997013
vn -0.02505256 0.003974754 0.9996783
vn 0.04833711 0.109008 0.9928649
vn 0.07864874 -0.9968987 0.002745611
vn 0.07870632 -0.9968945 0.002616368
vn 0.0788212 -0.9968863 0.002257847
vn 0.07867642 -0.9968992 0.001392755
vn 0.07630581 -0.9969926 -0.01353257
vn 0.08173001 -0.9964975 -0.01768951
vn 0.07864904 -0.9969015 0.001266379
vn 0.8629076 0.4582882 0.2129843
vn 0.2067345 0.2648641 -0.9418641
vn -0.02478971 -0.09141639 0.9955042
vn 0.4431786 -0.8951588 0.04778554
vn 0.6458024 -0.7632369 -0.02021815
vn 0.8913834 -0.4485727 0.06494644
vn 0.9980582 -0.05296092 -0.03278608
vn 0.8656575 0.4974611 0.05629792
vn 0.6934971 0.7194183 -0.03871742
vn 0.2096574 0.9767779 0.04414569
vn -0.1184139 0.9913871 -0.05594329
vn -0.595883 0.80187 0.0439082
vn -0.8811194 0.4678378 -0.06896662
vn -0.9998055 0.01781317 0.008472795
vn -0.9824061 -0.1752208 -0.06462144
vn -0.9424035 -0.3307173 0.05001755
vn -0.3835796 -0.9234403 -0.01116665
vn -0.398921 -0.9169673 0.005749848
vn -0.3975905 -0.917553 0.004273031
vn -0.412848 -0.9105503 0.02132301
vn 0.3229417 -0.9453193 -0.04560708
vn 0.9526361 0.3041021 0.002523731
vn 0.9070346 0.4142089 -0.0756243
vn 0.9187873 0.3904162 -0.05835307
vn 0.8584883 0.4945442 -0.1357345
vn -0.2270819 0.961593 0.1541832
vn -0.3716486 0.9276946 0.03549733
vn -0.3528124 0.9342655 0.05168437
vn -0.4975834 0.8637712 -0.07943592
vn -0.8873467 -0.4610872 -0.00378295
vn -0.865934 -0.4988287 0.03644602
vn -0.8836372 -0.4681582 0.003623835
vn -0.9024282 -0.4293006 -0.03639166
vn 0.2013933 -0.9776301 0.06066319
vn 0.3673369 -0.926391 -0.08284532
vn 0.3368468 -0.9399195 -0.05554826
vn 0.4893553 -0.8494902 -0.1972255
vn -0.0001742748 0.0001556501 -1
vn -0.0002719949 0.0004351152 -0.9999999
vn -0.0003893593 0.0007482846 -0.9999996
vn -0.0007542283 -2.210795e-05 -0.9999997
vn -0.0004952654 3.194304e-05 -0.9999999
vn -0.0006366337 -2.145119e-05 -0.9999998
vn 0.0003549249 -0.0001713284 -0.9999999
vn 0.0003651062 8.20361e-05 -0.9999999
vn 4.102723e-05 -0.0002240182 -0.9999999
vn 0.8442127 0.535292 0.0277014
vn 0.8664057 0.4991015 -0.01545894
vn 0.8454821 0.5333999 0.02538795
vn 0.8241406 0.562948 0.06230474
vn -0.6290594 0.7748352 0.06256723
vn -0.4982104 0.8648585 -0.06169442
vn -0.6262592 0.777329 0.05965671
vn -0.7142937 0.6815825 0.1588392
vn -0.3248651 -0.8298472 -0.4536699
vn -0.8584925 -0.4945385 -0.1357289
vn 0.1634902 -0.9763136 0.1417136
vn 0.3334178 -0.9427337 -0.009260545
vn 0.3183421 -0.9479639 0.004774038
vn 0.4921901 -0.8544109 -0.1665261
vn -0.0004290768 -0.0002116446 -0.9999999
vn -0.0002203139 -5.691285e-05 -1
vn 0.0006141062 0.0005615459 -0.9999996
vn 0.001057988 0.0008905441 -0.999999
vn 0.0001091074 0.0002452368 -0.9999999
vn 9.317257e-05 0.0001874431 -1
vn -3.290351e-05 -7.07064e-05 -1
vn -8.772093e-05 0.0004208986 -0.9999999
vn -8.992783e-05 0.0005063141 -0.9999999
vn 0.8565921 0.5133288 0.05237856
vn 0.8659346 0.498828 0.03643988
vn 0.8575801 0.5118424 0.0507317
vn 0.8486866 0.5248553 0.06525454
vn -0.4535809 0.8856236 -0.09967566
vn -0.4982103 0.8648584 -0.06169533
vn -0.463131 0.8815327 -0.09170449
vn -0.416873 0.8996815 -0.1295765
vn -0.8598493 -0.5090913 -0.03853918
vn -0.8654158 -0.4985283 -0.05025029
vn -0.860707 -0.507502 -0.04031197
vn -0.8551751 -0.5175235 -0.02906715
vn 0.3343527 -0.9400434 0.06728106
vn 0.4272593 -0.9040242 -0.01377259
vn 0.4098801 -0.9121376 0.001851077
vn 0.4975798 -0.8637691 -0.07948178
vn 0.0003343007 -3.146643e-05 -0.9999999
vn 0.0008157198 5.675531e-05 -0.9999997
vn 0.0004003343 -3.371333e-05 -0.9999999
vn -0.0003402336 0.0001649869 -0.9999999
vn -0.0002258308 -0.0001278668 -1
vn -0.0001983002 0.0002785925 -0.9999999
vn 0.0001162465 -0.0001791732 -1
vn 0.0002180361 -0.0003820292 -0.9999998
vn 0.0003169062 -0.0005262684 -0.9999998
vn 0.9607103 -0.101796 0.2582115
vn 0.8584889 0.4945432 -0.1357346
vn -0.1634872 0.9763082 0.1417543
vn -0.3334185 0.9427338 -0.009216336
vn -0.3183426 0.9479635 0.004818014
vn -0.4921947 0.854417 -0.1664805
vn -0.7745092 -0.6177667 0.1360142
vn -0.8664061 -0.4991008 -0.01545229
vn -0.7714931 -0.6206253 0.1400808
vn -0.6794122 -0.690272 0.2488443
vn 0.4843772 -0.8408484 -0.2415626
vn 6.010951e-05 -0.0001653343 -1
vn -0.000218454 -0.0002370057 -0.9999999
vn -0.0008671125 0.005153995 -0.9999864
vn -0.001091135 0.0006268462 -0.9999992
vn 0.000581756 6.71331e-05 -0.9999998
vn 0.0006684893 -0.0003489816 -0.9999996
vn 0.0003718021 0.0004175232 -0.9999999
vn 0.0002898173 0.0003146563 -0.9999999
vn 0.8558826 0.498256 -0.1385857
vn 0.8574651 0.4960076 -0.1368576
vn 0.8570145 0.4966497 -0.1373508
vn 0.8584884 0.4945442 -0.1357343
vn -0.163487 0.9763081 0.1417547
vn -0.3334184 0.9427339 -0.009215862
vn -0.3183423 0.9479636 0.00481854
vn -0.4921946 0.8544172 -0.1664801
vn -0.7916256 -0.6006283 0.1121368
vn -0.8664067 -0.4990996 -0.0154535
vn -0.7825168 -0.6099492 0.1250186
vn -0.7153159 -0.666651 0.2095226
vn 0.6400952 -0.7176535 -0.2743202
vn 0.4973566 -0.8633794 -0.08492686
vn -0.0002854166 -0.0004347314 -0.9999998
vn 0.0004288546 7.695808e-05 -0.9999999
vn 5.177584e-05 -3.525805e-05 -1
vn -0.002042276 -0.0006584338 -0.9999977
vn -0.003273934 -0.001024967 -0.9999941
vn -0.6880692 -0.1592237 0.7079608
vn -0.5277713 -0.3040487 0.7931026
vn -0.6752903 -0.1724804 0.7171007
vn -0.7746967 -0.05750734 0.6297125
vn -0.2742219 0.7309372 0.6249266
vn -0.3478773 0.6038969 0.7171402
vn -0.2651779 0.7442043 0.6130583
vn -0.2169591 0.8077791 0.5481073
vn 0.7309116 0.2742778 0.6249319
vn 0.603852 0.3478347 0.7171986
vn 0.7442285 0.2652122 0.6130141
vn 0.8077658 0.2170854 0.548077
vn 0.2234938 -0.7999238 0.5569311
vn 0.34788 -0.6038921 0.7171429
vn 0.1916685 -0.8368134 0.5128415
vn 0.1131175 -0.9096144 0.3997573
vn -0.7309661 -0.2742715 0.6248709
vn -0.6037853 -0.3478356 0.7172542
vn -0.7440219 -0.2653926 0.6131868
vn -0.8074964 -0.2173852 0.548355
vn -0.2740045 0.7311426 0.6247815
vn -0.3479901 0.604092 0.7169211
vn -0.2651677 0.744056 0.6132429
vn -0.2167296 0.8077027 0.5483107
vn 0.7309475 0.2742387 0.6249071
vn 0.6038898 0.3478558 0.7171565
vn 0.7442073 0.2652054 0.613043
vn 0.8077596 0.2170349 0.5481061
vn 0.274288 -0.7309076 0.6249321
vn 0.3478798 -0.6038936 0.7171416
vn 0.2651709 -0.744289 0.6129587
vn 0.2169731 -0.8078576 0.5479861
vn -0.7310666 -0.2741576 0.6248032
vn -0.6039001 -0.347901 0.7171258
vn -0.7439731 -0.2653604 0.6132601
vn -0.8074973 -0.2172137 0.5484216
vn -0.2962953 0.6965958 0.6534243
vn -0.3479793 0.6040753 0.7169403
vn -0.2944685 0.6995386 0.6511022
vn -0.2595406 0.7520751 0.6058232
vn 0.6091849 0.4440556 0.6570452
vn 0.6088333 0.4064478 0.6812652
vn 0.6088839 0.4085241 0.6799768
vn 0.606063 0.3491087 0.7147103
vn 0.6380821 -0.3917566 0.6628558
vn 0.4647498 -0.5031128 0.7286186
vn 0.3899415 -0.5964038 0.701604
vn 0.2036297 -0.6882647 0.696295
vn 0.08000629 -0.7809009 0.6195101
vn -0.731106 -0.2740753 0.6247934
vn -0.6040373 -0.34798 0.7169721
vn -0.7440632 -0.2652185 0.6132122
vn -0.8076792 -0.2168567 0.548295
vn -0.3161007 0.6632047 0.6784099
vn -0.3478774 0.603897 0.71714
vn -0.3177694 0.6602733 0.6804864
vn -0.2953285 0.6981534 0.6521986
vn 0.3886804 0.6420471 0.6608351
vn 0.5093578 0.4530891 0.731618
vn 0.5962054 0.3908336 0.7012761
vn 0.6883221 0.2035431 0.6962635
vn 0.7809718 0.07981121 0.6194459
vn 0.2742885 -0.730957 0.6248742
vn 0.3478321 -0.6038092 0.7172358
vn 0.2653512 -0.7440981 0.6131124
vn 0.2173264 -0.8075823 0.5482518
vn -0.3886614 -0.6420717 0.6608224
vn -0.5093361 -0.4531168 0.731616
vn -0.5964099 -0.3905585 0.7012556
vn -0.6882297 -0.2036533 0.6963226
vn -0.7808691 -0.07996464 0.6195557
vn -0.2741594 0.7310316 0.6248436
vn -0.3478781 0.6038969 0.7171397
vn -0.2652986 0.7440314 0.6132161
vn -0.2171345 0.8075692 0.5483472
vn 0.7312099 0.2740037 0.6247032
vn 0.6040344 0.3479403 0.7169937
vn 0.7438951 0.265338 0.6133643
vn 0.8074575 0.2170688 0.5485375
vn 0.316146 -0.6633419 0.6782546
vn 0.3480196 -0.6041346 0.7168708
vn 0.317891 -0.6602899 0.6804135
vn 0.2953498 -0.6981773 0.6521633
vn -0.770161 0.6338372 0.07143318
vn -0.888923 0.1572441 0.4302211
vn -0.9281561 0.2175823 0.3019673
vn -0.9920543 0.1101468 0.06079394
vn -0.9304138 0.293158 0.2199738
vn -0.8063261 0.2981255 0.5108418
vn 0.8115954 0.3952726 0.4302004
vn 0.8788116 0.3695197 0.3019028
vn 0.8673335 0.4940029 0.06077474
vn 0.9253025 0.3095216 0.2191155
vn 0.8263227 0.2321044 0.5131455
vn 0.6248669 -0.6485816 0.434607
vn 0.6228334 -0.7254216 0.2929882
vn 0.738567 -0.6725722 0.04653329
vn 0.5727507 -0.8043037 0.1582787
vn 0.8824599 -0.4607033 0.09495705
vn 0.5115216 -0.7723795 0.376531
vn -0.7634313 -0.6162452 0.1934277
vn -0.4296448 -0.8420806 0.3260456
vn -0.4934202 -0.8177062 0.2964679
vn -0.4106223 -0.9098147 0.06022136
vn -0.5655407 -0.7945185 0.2211425
vn -0.5300536 -0.6712046 0.5181963
vn 0.8349776 0.2370755 0.4965961
vn 0.8190464 0.2093261 0.5341775
vn 0.8978881 0.3721226 -0.2352059
vn 0.8722767 0.3711661 -0.3183852
vn 0.8557984 0.3694927 -0.3620557
vn 0.8540011 0.3692753 -0.3664942
vn 0.8045245 0.4773935 0.3533207
vn 0.8301964 0.4651267 0.3072967
vn -0.8148521 0.2989698 0.4966215
vn -0.7856519 0.3120546 0.5342032
vn -0.9451396 0.2267215 -0.2351778
vn -0.9238577 0.2124452 -0.3183612
vn -0.9095425 0.2041151 -0.3620351
vn -0.9079607 0.2032347 -0.3664739
vn -0.9314737 0.08665416 0.353338
vn -0.945033 0.1116693 0.307315
vn -0.5357252 -0.6822668 0.4975042
vn -0.53913 -0.6504688 0.5350039
vn -0.5070741 -0.8287024 -0.2369138
vn -0.4725037 -0.7997602 -0.3703026
vn -0.451352 -0.7945501 -0.406167
vn -0.7022048 -0.7118009 0.01574145
vn -0.4270661 -0.9028847 0.04913048
vn 0.5129463 -0.7623687 0.3945633
vn 0.8612853 -0.476231 0.1771774
vn 0.4824275 -0.7633683 0.4295724
vn 0.6204696 -0.7268948 -0.2943493
vn 0.6132352 -0.7083603 -0.3495259
vn 0.6078427 -0.6959825 -0.382277
vn 0.6072385 -0.6946462 -0.3856525
vn 0.7025973 -0.6177775 0.3531402
vn 0.6988586 -0.6459518 0.3071529
vn 0.503891 -0.8556555 -0.1180996
vn -0.1680505 -0.982637 -0.07863672
vn 0.765069 -0.6226041 0.1644187
vn 0.9750547 -0.2079047 0.07774326
vn 0.9873797 -0.1346682 0.08334194
vn 0.9994539 0.03294658 0.002547191
vn -0.9451701 -0.3191656 0.06918739
vn -0.9914292 -0.1240803 -0.04089165
vn -0.9272895 -0.3684199 0.06633854
vn -0.726245 -0.6872661 -0.01528289
vn 0.2971358 -0.9548134 -0.006442786
vn -0.3732778 -0.9204685 0.1157638
vn -0.9105833 0.3960724 -0.1181728
vn -0.4416131 0.8937603 -0.0785522
vn -0.8161507 -0.5777967 -0.006997338
vn -0.990947 0.07053875 0.1142293
vn 0.9694791 0.2147993 -0.118202
vn 0.8826082 -0.4634921 -0.07859884
vn 0.3206605 0.9471684 -0.006986193
vn 0.8431605 0.5253913 0.1142121
vn -0.9937795 0.07109513 0.08571975
vn -0.7958599 -0.5982399 0.09335934
vn -0.3115968 0.9283367 0.2027276
vn -0.447348 0.8892832 0.09515893
vn -0.9110072 0.3826989 0.1536469
vn -0.3775537 -0.9218271 0.08768143
vn 0.322508 -0.9439034 0.07095766
vn -0.9623437 -0.1645623 0.2163652
vn -0.982071 -0.1229124 0.1429304
vn -0.9268854 -0.2935743 0.233875
vn -0.6565269 -0.7430911 0.1295691
vn 0.7622171 -0.6468557 0.02455137
vn 0.9548281 -0.06540111 0.289872
vn 0.959123 -0.01048444 0.2827956
vn 0.9679664 -0.02230257 0.2500873
vn -0.1585837 -0.9840134 0.08104872
vn 0.5128011 -0.8435884 0.1593539
vn 0.8469198 0.5255222 0.08095147
vn 0.2910504 0.9526552 0.08796422
vn 0.8846225 -0.4565046 0.09511387
vn 0.9619708 0.2258644 0.1536146
vn -0.9979412 0.06413256 -0.000585588
vn -0.9933428 0.1124464 0.02501981
vn -0.9694575 0.2443831 0.02071437
vn -0.9400615 0.3344585 0.06649882
vn 0.7912163 0.6035181 -0.09870426
vn 0.9555254 0.2679322 0.1232211
vn 0.9482699 0.3068858 0.08127338
vn 0.9689817 0.1535053 0.1936763
vn -0.09821571 0.9950469 -0.01533965
vn -0.09039944 0.9959023 -0.002570713
vn -0.08240909 0.9965438 0.01044902
vn -0.07477001 0.9969386 0.02286486
vn 0.9837676 0.1612096 0.07882239
vn 0.9987559 0.04495514 0.02157549
vn 0.9353111 0.3536559 -0.01098259
vn -0.9969301 -0.07829635 -0.0003732969
vn -0.9969211 -0.07831121 0.003950344
vn -0.9967296 -0.08080673 -0.0006365245
vn -0.996594 -0.0824517 0.001467684
vn 0.5643865 -0.8188267 -0.1048359
vn 0.8519846 -0.3514471 0.3880813
vn 0.3985488 0.9026833 -0.1622395
vn -0.7101325 0.6470927 0.2774578
vn -0.9094225 -0.3766252 -0.1763636
vn -0.9687905 -0.09141526 -0.2304088
vn -0.9599779 -0.1778913 -0.2163264
vn -0.847693 -0.5110081 -0.1424332
vn 0.9417039 0.3299467 -0.0657943
vn 0.9798096 0.196594 0.0363852
vn 0.968453 0.2491751 -0.003242001
vn 0.9892651 0.09716416 0.1091497
vn -0.6954604 0.714556 0.07579253
vn -0.4252317 0.8949665 -0.1349544
vn -0.6099367 0.7924497 0.0008629959
vn -0.8099589 0.5515699 0.1993418
vn -0.2568607 -0.9631503 -0.07977572
vn -0.4097116 -0.8944997 -0.1789042
vn -0.3143865 -0.9420948 -0.1166981
vn -0.146537 -0.9891534 -0.01012265
vn 0.9747067 0.2234775 0.002177901
vn 0.9133399 0.3857704 -0.1303513
vn 0.8934724 0.4222938 -0.1528886
vn 0.8433821 0.491565 -0.2169576
vn 0.8372639 0.504732 -0.2103211
vn -0.1799028 0.9829683 0.0375297
vn -0.6075206 0.6408259 -0.4693196
vn -0.9890127 0.1361856 0.05751064
vn -1.535282e-05 1.724356e-05 -1
vn -1.48262e-05 1.819491e-05 -1
vn -1.602268e-05 1.63778e-05 -1
vn -2.271129e-05 3.113731e-05 -1
vn -1.162613e-05 2.632953e-05 -1
vn -1.078076e-05 2.596288e-05 -1
vn -2.535208e-06 2.238668e-05 -1
vn -1.492252e-05 1.916091e-05 -1
vn -1.467371e-05 1.931583e-05 -1
vn -1.460855e-05 1.940545e-05 -1
vn -1.498713e-05 1.939355e-05 -1
vn -1.583244e-05 2.028014e-05 -1
vn -1.494438e-05 1.901848e-05 -1
vn -1.464537e-05 1.85518e-05 -1
vn -1.424763e-05 1.863402e-05 -1
vn -1.488771e-05 1.862668e-05 -1
vn 0.439059 -0.8962361 0.06315109
vn 0.5610211 -0.8266494 0.04365835
vn 0.2985785 -0.9199205 0.2541597
vn 0.3552846 -0.9321427 0.06987634
vn 0.3806622 -0.9246925 -0.006345389
vn 0.6628038 -0.7487886 0.002620358
vn 0.8531013 -0.5203695 0.03786444
vn 0.8965687 -0.4422202 0.02461564
vn 0.9801235 -0.1918597 0.05047511
vn 0.9989429 -0.007929221 0.04528061
vn 0.9599692 0.2731937 0.06184179
vn 0.8822141 0.4561976 0.1165421
vn 0.7841512 0.6091439 0.1185354
vn 0.498354 0.8636431 0.07592144
vn 0.5828391 0.812364 -0.01906215
vn 0.2347919 0.9658976 0.1091546
vn 0.002517715 -0.002188236 -0.9999944
vn -1.440784e-05 1.924119e-05 -1
vn 0.00139784 -0.008237467 -0.9999651
vn -0.00452061 0.0003685477 -0.9999897
vn -0.004730863 0.0007398444 -0.9999886
vn -0.003488505 0.001418716 -0.9999929
vn -0.001236647 0.003479721 -0.9999931
vn -0.00603285 0.001782186 -0.9999802
vn -0.002042626 -0.0001837722 -0.9999979
vn 0.01551775 0.01755416 -0.9997255
vn 0.02038158 0.02891343 -0.9993741
vn 0.009071754 0.001850566 -0.9999571
vn -0.001877264 0.001866546 -0.9999964
vn 0.0001735939 0.003964715 -0.9999921
vn 0.001297543 -0.003514169 -0.999993
vn 0.0004640062 0.001711723 -0.9999984
vn 2.593371e-05 0.0002100353 -1
vn 0.0001272534 1.851669e-05 -1
vn -0.000500589 2.135458e-06 -0.9999998
vn 0.00214758 -0.0003078517 -0.9999977
vn 5.332075e-05 0.0002671444 -0.9999999
vn 0.004381335 0.001309141 -0.9999896
vn 0.01233153 0.0004804121 -0.9999239
vn -0.02328918 -0.07136235 -0.9971785
vn 0.003103264 -0.005943118 -0.9999775
vn -1.462882e-05 1.803534e-05 -1
vn -0.002657169 -0.004018497 -0.9999884
vn -0.004216678 -0.003737198 -0.9999841
vn 0.007187256 0.02004416 -0.9997733
vn -0.02088387 -0.009614222 -0.9997357
vn 0.01840788 0.05627631 -0.9982456
vn -0.001597409 0.0004018989 -0.9999986
vn -0.002103368 -0.004759535 -0.9999864
vn -0.07200234 -0.02779903 -0.997017
vn -0.03092723 -0.01565008 -0.9993991
vn -0.01289446 0.0003287883 -0.9999169
vn -0.004919851 -0.001119703 -0.9999872
vn -0.026236 -0.01761298 -0.9995006
vn -0.005469446 -0.006101754 -0.9999664
vn 9.186968e-05 0.0002690499 -0.9999999
vn -1.457063e-05 1.861086e-05 -1
vn -1.447949e-05 1.867139e-05 -1
vn -1.520629e-05 1.853449e-05 -1
vn 0.002178004 -0.0002274151 -0.9999976
vn 0.005497843 -0.002504434 -0.9999817
vn 0.01203685 0.005537077 -0.9999123
vn 0.0006685583 0.004502256 -0.9999896
vn -0.01833777 0.02149541 -0.9996007
vn -0.02035449 0.03029904 -0.9993336
vn -0.02589951 0.02396342 -0.9993773
vn -0.007761009 -0.003502695 -0.9999637
vn 0.09121096 -0.0312694 -0.9953406
vn 0.234182 -0.02820377 -0.9717836
vn 0.2990588 -0.04705223 -0.9530739
vn 0.3324682 0.04162906 -0.9421952
vn 0.001698014 0.01252176 -0.9999201
vn 0.006712744 0.01599106 -0.9998496
vn -0.008298021 -0.0188046 -0.9997888
vn 0.0162824 -0.01111071 -0.9998057
vn 0.0106115 0.02339913 -0.9996698
vn -0.0006055226 0.002972701 -0.9999954
vn -0.009975288 -0.0004266435 -0.9999502
vn -0.003243035 -0.0003121789 -0.9999947
vn -0.002723063 0.0005359264 -0.9999962
vn -0.001834498 0.002239701 -0.9999959
vn -0.003536806 0.001056033 -0.9999931
vn -0.002807056 0.0008134281 -0.9999957
vn -0.00296923 0.0009517197 -0.9999951
vn -1.526531e-05 1.890842e-05 -1
vn 1.519988e-05 -1.888265e-05 0.9999999
vn 1.438884e-05 -1.883096e-05 1
vn 1.41594e-05 -1.881634e-05 1
vn 1.192068e-05 -1.867365e-05 1
vn -7.008623e-05 -5.505909e-05 -1
vn -6.905146e-05 -6.936113e-05 -1
vn -5.815407e-05 -2.681547e-05 -1
vn -1.345752e-05 1.862488e-05 -1
vn -1.490096e-05 1.675434e-05 -1
vn -0.005559652 -0.006223542 -0.9999653
vn -0.003152666 -0.000828934 -0.9999946
vn -6.280962e-05 -7.01176e-05 -1
vn -1.449291e-05 1.86107e-05 -1
vn -1.425848e-05 1.866743e-05 -1
vn 0.002352277 -0.0004874297 -0.9999971
vn 0.004271595 -0.003921247 -0.9999832
vn -1.44977e-05 1.883804e-05 -1
vn -1.456777e-05 1.886501e-05 -1
vn 0.005525545 0.003355077 -0.9999791
vn 0.009070915 0.009662015 -0.9999122
vn -0.002290658 0.01061904 -0.999941
vn 0.01253537 -0.00859757 -0.9998844
vn 0.01615593 -0.001975407 -0.9998676
vn -0.00613844 -0.007398642 -0.9999539
vn 0.003869672 -0.006515229 -0.9999713
vn 0.01595541 -0.003168583 -0.9998677
vn 0.02057159 -0.005791245 -0.9997716
vn 0.0266613 -0.006523421 -0.9996232
vn -1.464509e-05 1.868726e-05 -1
vn 1.438883e-05 -1.85345e-05 1
vn 1.415939e-05 -1.85445e-05 1
vn 1.192068e-05 -1.8642e-05 1
vn 1.519987e-05 -1.849917e-05 1
vn -1.449179e-05 1.858964e-05 -1
vn -1.444587e-05 1.872729e-05 -1
vn -1.448351e-05 1.878507e-05 -1
vn -1.464727e-05 1.876263e-05 -1
vn -1.421002e-05 1.86642e-05 -1
vn -1.401522e-05 1.8571e-05 -1
vn 0.07848074 -0.9967539 0.01796019
vn 0.08013576 -0.996496 0.02396127
vn 0.07029236 -0.9974697 -0.01064412
vn 0.06758187 -0.9974827 -0.02146794
vn 0.06706671 -0.9974586 -0.02404887
vn 0.07632995 -0.9969976 0.01302668
vn 0.07658888 -0.9969957 0.01156685
vn 0.374467 -0.9261187 0.04559183
vn 0.07873254 -0.9968957 -0.0004598431
vn 0.07882573 -0.996888 -0.0009450233
vn 0.4405016 -0.8963733 0.04973227
vn -0.573785 -0.8159762 0.07038178
vn 0.01698565 -0.9994456 0.02863357
vn 0.03561243 -0.946189 -0.3216488
vn 0.05236602 -0.998584 0.009371318
vn 0.725082 -0.6826974 -0.09044538
vn 0.003018899 0.9898512 -0.1420753
vn -0.6260238 0.745519 -0.2286824
vn -0.6061811 0.6937333 -0.3889456
vn -0.6460696 0.7302437 -0.2221222
vn -0.967736 0.2263179 -0.1107577
vn 0.7251803 0.2569063 -0.638837
vn 0.08724945 0.3608446 -0.9285358
vn 0.4434821 0.7260759 -0.5254878
vn -0.1264257 0.9860042 -0.1086839
vn 0.01506269 0.9987077 0.04853947
vn -0.142788 0.3362807 -0.9308743
vn -0.5438195 0.6398461 -0.5430077
vn -0.7745801 0.1256291 -0.6198733
vn 0.9587321 0.2785382 0.05700158
vn 0.3876703 0.7198986 -0.5757237
vn 0.4109877 0.7446971 -0.5258473
vn -0.1959613 0.9775332 -0.07764076
vn 0.08680612 -0.1733148 -0.9810335
vn 0.204094 -0.3990191 -0.8939404
vn 0.1349277 -0.794085 -0.5926411
vn 0.6675143 -0.7355065 -0.1159947
vn -0.4700506 0.8724453 0.1337595
vn 0.3009336 0.4721743 0.8285471
vn 0.08134408 0.1269792 0.9885644
vn 0.183955 0.2883314 0.9396944
vn -0.9403443 0.3345069 0.06211148
vn -0.9525911 0.3007662 -0.04593647
vn -0.9540817 0.2838959 -0.09555735
vn -0.9535171 0.2711202 -0.1315252
vn -0.4935494 -0.8619894 0.1156856
vn -0.4670809 -0.8826867 0.05195899
vn -0.4189872 -0.906503 -0.05197974
vn -0.3864819 -0.9150103 -0.1157062
vn 0.7305508 -0.6729901 0.1156707
vn 0.7566196 -0.6517888 0.05194506
vn 0.7905418 -0.6101972 -0.05199216
vn 0.8060694 -0.5803977 -0.1157175
vn 0.8186787 0.5624768 0.1156932
vn 0.8038102 0.5926114 0.05196836
vn 0.7708107 0.6349411 -0.05196792
vn 0.7452141 0.6567124 -0.1156929
vn -0.7187891 0.6729701 0.1745096
vn -0.7460068 0.6583343 0.1003484
vn -0.7948264 0.5984901 -0.1003026
vn -0.8036965 0.5688885 -0.1744644
vn -0.584902 -0.7957445 0.1571002
vn -0.571781 -0.8102289 0.128824
vn -0.5560538 -0.8255238 0.09651304
vn -0.5438489 -0.8360483 0.07246827
vn 0.2993247 -0.8465464 0.4401862
vn 0.4018897 -0.8668014 0.2951951
vn 0.5467787 -0.8368676 0.02618218
vn 0.61257 -0.7765989 -0.1471463
vn 0.8160492 0.5510168 0.1744829
vn 0.807834 0.5808094 0.1003227
vn 0.7603465 0.6417228 -0.1003248
vn 0.7334584 0.656958 -0.174485
vn -0.3717953 0.8490751 -0.3752861
vn -0.710389 0.6544133 0.2590187
vn -0.8922275 -0.4223503 -0.1598447
vn -0.8909965 -0.3427313 -0.2977593
vn -0.828666 -0.5464886 0.1210904
vn -0.7461386 -0.5976089 0.2934974
vn 0.3178865 -0.9454922 0.07065815
vn 0.3457375 -0.9383147 0.005574767
vn 0.3801355 -0.9213583 -0.08121503
vn 0.3977559 -0.9083655 -0.1290833
vn 0.9590124 0.2509119 0.131675
vn 0.953757 0.29083 0.07593054
vn 0.9431778 0.3318997 0.01606453
vn 0.9330406 0.3589116 -0.02485462
vn 0.5285927 0.7094711 0.4660905
vn -0.01389075 0.991537 0.1290785
vn -0.04511809 0.9972296 0.05914074
vn -0.111135 0.9895465 -0.09190649
vn -0.1404899 0.9769776 -0.1605532
vn -0.9759305 -0.1328264 0.1729647
vn -0.9737704 -0.1210764 0.1926443
vn -0.9699045 -0.104615 0.2198658
vn -0.9667675 -0.09355994 0.2379223
vn -0.5482923 -0.7564662 0.3565592
vn -0.5291846 -0.7910883 0.3068274
vn -0.5134124 -0.8150152 0.2686224
vn -0.49129 -0.8431878 0.2183311
vn 0.6756499 -0.7237518 0.1402871
vn 0.7060013 -0.7045824 0.07159384
vn 0.7351956 -0.6778234 -0.006554442
vn 0.7528633 -0.6551275 -0.06328283
vn 0.968106 0.2424217 0.06326468
vn 0.9611924 0.2757481 0.008488595
vn 0.9493597 0.3101559 -0.0501934
vn 0.9347371 0.3400434 -0.1031358
vn -0.2764828 0.9475055 0.1605945
vn -0.3084086 0.9467996 0.09194814
vn -0.3716877 0.9264749 -0.05909888
vn -0.3977595 0.9083704 -0.1290371
vn -0.9816514 -0.1515668 0.1157061
vn -0.9751334 -0.1094841 0.192686
vn -0.954154 -0.05090693 0.2949556
vn -0.9278769 -0.004052241 0.3728645
vn 0.01400814 -0.9998512 -0.01007587
vn 0.03062989 -0.9978982 -0.0571057
vn 0.0600586 -0.9882497 -0.1405545
vn 0.07117834 -0.9824961 -0.1721481
vn 0.9743133 0.1423792 0.1744756
vn 0.9798379 0.1727853 0.1003147
vn 0.9634809 0.2482691 -0.1003344
vn 0.9458652 0.2736615 -0.1744951
vn 0.1165587 -0.4821516 0.8682994
vn 0.06018043 -0.3400359 0.9384849
vn -0.03618523 -0.1277925 0.9911405
vn -0.07225302 -0.07473995 0.994582
vn -0.0605545 0.07884273 0.9950462
vn -0.01135808 0.07746356 0.9969305
vn -0.06584911 0.07088009 0.995309
vn 0.01286424 0.07159363 0.9973509
vn 0.04801912 0.05889748 0.9971085
vn 0.06689419 -0.06444436 0.9956767
vn 0.04318894 -0.06956905 0.9966418
vn 0.07087448 -0.05964481 0.9957004
vn 0.08872918 -0.05489671 0.9945419
vn 0.08838769 -0.04329856 0.9951447
vn 0.7642869 -0.1903873 0.6161317
vn 0.1031545 0.02252945 0.9944102
vn 0.1496449 0.0306882 0.9882634
vn 0.08991788 0.04968632 0.9947091
vn -0.08053458 0.0537746 0.9953002
vn -0.1011542 0.02265172 0.9946128
vn -0.1053528 0.02881671 0.9940173
vn -0.1094882 -0.001786306 0.9939865
vn -0.1070671 -0.04763327 0.9931101
vn -0.09989197 -0.0195132 0.9948069
vn -0.07328629 -0.05755813 0.9956486
vn -0.1035566 -0.9945998 0.006883529
vn -0.1341151 -0.9902814 0.03682142
vn -0.1078202 -0.9889449 0.1017975
vn -0.3543207 -0.9346889 0.02852228
vn -0.317395 -0.9481153 0.01838015
vn -0.05371363 0.9917819 0.1161179
vn 0.0109212 0.9943531 0.1055585
vn -0.2922519 0.9547076 0.0558774
vn -0.4855224 0.8712265 0.07233451
vn -0.6222374 0.7806523 0.05833205
vn -0.8725694 0.4844348 0.06281251
vn -0.7850607 0.6184775 0.03413697
vn -0.9644809 0.2489967 0.08818863
vn -0.9886815 -0.1397991 0.05445192
vn -0.9996611 0.01673066 -0.0199396
vn -0.9511173 -0.3083671 0.01690037
vn -0.8570735 -0.5081137 0.08512051
vn -0.723765 -0.6868091 0.06676486
vn -0.5950227 -0.8035226 0.01730388
vn 0.6487729 0.02269815 0.7606435
vn 0.907215 -0.04498295 0.4182553
vn 0.9706006 -0.2093773 -0.1187247
vn 0.9365185 -0.3059902 -0.1711816
vn 0.7907916 -0.6100501 0.04987548
vn 0.8625634 -0.4780072 0.1658113
vn 0.8688983 -0.4433167 0.220195
vn 0.02809536 -0.2656118 0.9636706
vn 0.7396829 -0.6721736 0.03243408
vn 0.5782928 0.7281654 0.3679029
vn 0.5549626 0.770649 0.3132358
vn 0.5560167 0.7600057 0.3365067
vn 0.764805 0.6441048 0.01422527
vn 0.7479905 0.6600704 -0.06940572
vn 0.9777955 0.2033521 0.05063397
vn 0.9711314 0.2374857 0.02245792
vn 0.942854 0.3318212 0.03034849
vn 0.8664671 0.465363 0.180754
vn 0.8973438 0.4312451 0.09381829
vn -0.7745287 -0.396632 0.4927357
vn -0.8053744 -0.4253184 0.4128876
vn -0.8563305 -0.4389689 0.2720375
vn -0.947104 -0.3206932 -0.01223908
vn -0.9680306 -0.2191035 0.1221077
vn -0.9665011 -0.2041531 0.1555547
vn -0.8661285 0.4828571 0.1291143
vn -0.9162083 0.3998438 0.02621536
vn -0.945484 0.3216515 0.05099169
vn -0.8047879 0.5923128 0.03849461
vn -0.7093434 0.6758974 0.1999872
vn -0.6798249 0.6863621 0.2583506
vn -0.6799664 0.6863986 0.2578809
vn -0.6594272 -0.7517681 0.0006492673
vn -0.6659766 -0.7452456 0.03292451
vn -0.6173313 -0.7866995 -0.002417358
vn -0.6708231 -0.7291961 0.1351644
vn -0.5836035 -0.8104327 -0.05104768
vn -0.9977242 0.0005631417 -0.06742436
vn -0.9987084 0.04917774 0.01276823
vn -0.9783698 0.1310396 0.1600661
vn -0.9757664 0.1838726 0.1186202
vn -0.3148184 -0.2754721 0.9082976
vn -0.1190659 -0.06353101 0.9908517
vn -0.07413545 0.1405731 0.9872908
vn 0.008779015 0.08060636 0.9967074
vn 0.03734708 0.05599374 0.9977324
vn 0.111071 0.0591345 0.9920515
vn 0.037143 -0.06423 0.9972436
vn -1.484416e-05 1.873944e-05 -1
vn 0.05772166 0.02093916 -0.9981131
vn -1.465019e-05 1.872467e-05 -1
vn 0.04952958 0.01797068 -0.9986109
vn 0.1499485 0.0543569 -0.9871985
vn -0.0517529 0.01111246 -0.9985981
vn -0.05676779 0.01218778 -0.998313
vn -1.465284e-05 1.859442e-05 -1
vn -1.456856e-05 1.828292e-05 -1
vn -1.454558e-05 1.810175e-05 -1
vn -0.1532624 0.03287825 -0.9876384
vn 0.04240739 0.03988709 -0.9983039
vn 0.1321942 0.07391515 -0.9884641
vn 0.03190328 0.03642562 -0.998827
vn -0.0171755 -0.01308054 -0.9997669
vn -0.01660148 0.01577109 -0.9997378
vn -0.01928861 -0.03020571 -0.9993576
vn -0.01561556 0.02009157 -0.9996762
vn 0.01706778 0.02513298 -0.9995385
vn 0.02183212 0.02128211 -0.999535
vn 0.006190981 0.06559154 -0.9978274
vn -0.006329521 0.01926181 -0.9997944
vn -0.04178319 0.02641948 -0.9987773
vn -0.004393464 0.02124652 -0.9997646
vn -5.207227e-05 0.08700477 -0.9962079
vn -0.0008118082 -0.0004952456 0.9999995
vn -0.0004926297 -0.000345062 0.9999998
vn -1.816068e-05 -5.972807e-05 1
vn 2.646156e-05 -9.074776e-05 1
vn 2.820085e-05 -2.958996e-05 1
vn -4.360452e-05 -8.325402e-05 1
vn -8.949349e-05 -4.338573e-05 1
vn -0.0002807402 -8.897778e-05 1
vn 2.049973e-05 -1.118632e-05 1
vn 1.430647e-05 -1.880187e-05 1
vn -1.060322e-05 -4.407919e-05 1
vn -9.691877e-06 -5.896349e-05 1
vn -4.919144e-05 -0.0001839328 1
vn -4.985175e-05 -0.0002064571 1
vn 7.25321e-05 -7.790268e-05 1
vn 0.0001164734 -7.827077e-05 1
vn 1.457308e-05 -1.878736e-05 1
vn 1.400757e-05 -1.845052e-05 1
vn 1.439426e-05 -3.029522e-05 1
vn 5.523197e-05 -5.788153e-05 1
vn 1.438574e-05 -1.908413e-05 1
vn 1.471579e-05 -1.869549e-05 1
vn 2.564479e-05 8.26451e-06 1
vn 4.184955e-05 1.788478e-05 1
vn 2.329203e-05 8.893549e-06 1
vn 1.133528e-05 1.628854e-05 1
vn 1.437803e-05 -1.874811e-05 1
vn 1.143147e-05 -2.279369e-05 1
vn -8.84743e-06 1.468989e-06 1
vn 9.028044e-06 -2.650681e-05 1
vn 8.346531e-07 -3.077863e-05 1
vn 7.725376e-06 -1.732743e-05 1
vn -0.008879723 0.001738482 0.9999591
vn 2.830876e-06 -9.778565e-05 1
vn -4.216748e-05 -0.00110565 0.9999995
vn -2.238498e-05 -0.0007275548 0.9999998
vn 4.230455e-05 6.713704e-06 1
vn -6.165794e-06 -0.0002545412 0.9999999
vn -4.581817e-05 -0.000493147 0.9999998
vn 1.609859e-05 -1.929077e-05 1
vn 1.465975e-05 -1.859562e-05 1
vn 0.0001311864 9.20271e-05 1
vn 8.774205e-05 5.02692e-05 1
vn 1.165388e-05 -1.280265e-05 1
vn 1.324782e-05 -1.831759e-05 1
vn 0.000154163 0.0002150381 1
vn 3.905306e-05 0.0001052338 1
vn 0.005109765 -0.09116439 -0.9958227
vn -1.468214e-05 1.863732e-05 -1
vn 0.005331435 -0.09510915 -0.9954526
vn 0.01481375 -0.2638315 -0.9644551
vn -0.04242161 0.04835203 -0.9979291
vn -0.122424 0.1395353 -0.9826201
vn -0.04791477 0.05461294 -0.9973573
vn -0.00295344 -0.004432391 -0.9999859
vn -1.468066e-05 1.873159e-05 -1
vn -0.003092304 -0.004642934 -0.9999845
vn -0.008617834 -0.01301273 -0.9998783
vn -0.0212317 0.2623839 -0.96473
vn -0.007871011 0.09716781 -0.9952369
vn -0.007384615 0.09115408 -0.9958094
vn 0.01113188 0.08303484 -0.9964845
vn 0.01553394 -0.01875381 -0.9997035
vn 2.922774e-05 -0.04325655 -0.999064
vn 0.01680206 -0.01710558 -0.9997125
vn 0.02342634 -0.006943017 -0.9997015
vn 0.02432738 -0.008253618 -0.99967
vn -0.02839965 0.07779107 -0.9965651
vn -0.02304943 -0.008202072 -0.9997007
vn -0.02414535 -0.007856204 -0.9996776
vn 0.06480659 -0.1000815 -0.9928665
vn -0.06920864 0.8773179 0.4748931
vn -0.06165272 0.9965685 -0.05522726
vn -0.1392831 0.9860395 0.0912488
vn -0.09330335 0.9956237 -0.00528459
vn -0.07497237 0.9965676 -0.03510249
vn -0.07900553 0.9968659 0.004051838
vn -0.07868841 0.9968992 0.0003439551
vn -0.07722139 0.9968929 0.0155411
vn -0.07708821 0.9968805 0.01693155
vn -0.07873446 0.9968956 8.735208e-05
vn -0.7591448 0.007942348 0.6508732
vn -0.1043927 0.07386411 -0.9917894
vn 0.1378358 -0.01470636 -0.9903458
vn -0.4501705 -0.006349619 -0.8929201
vn 0.6419933 0.766561 0.01512559
vn 0.6325912 0.7744854 0.0007831932
vn 0.6315577 0.7753285 -0.0007726871
vn 0.6219056 0.7829463 -0.01511509
vn 0.9863094 -0.1517044 -0.06464954
vn 0.9987143 0.008370499 0.04999563
vn 0.9403859 -0.3400046 0.008437956
vn 0.8840145 -0.4669289 -0.02226723
vn 0.7239394 -0.6780809 0.1269565
vn 0.1569284 -0.9768046 -0.1456925
vn -0.001036934 -0.9994367 -0.03354249
vn -0.3304831 -0.9423177 -0.05308569
vn -0.5331749 -0.8454418 0.03086775
vn -0.7498113 -0.6612923 -0.02180658
vn -0.7950886 -0.6057699 0.02960998
vn -0.9842912 0.1726032 -0.03713504
vn -0.9825018 0.1845881 -0.02484776
vn -0.9824755 0.1847512 -0.02468015
vn -0.9801614 0.1978882 -0.01113689
vn -0.3580661 0.93369 0.003404388
vn -0.4044115 0.9128275 0.05654518
vn -0.35203 0.9359827 -0.003358908
vn -0.3035209 0.9511482 -0.05649984
vn 0.4196998 0.9076209 0.008738951
vn 0.4938697 0.8676592 -0.05709776
vn 0.4347186 0.9005564 -0.004246959
vn 0.900556 -0.434719 -0.004278413
vn 0.9322835 -0.3564275 0.06169907
vn 0.9076211 -0.4197 0.008707351
vn 0.8676571 -0.4938698 -0.05712805
vn -0.4347188 -0.9005562 -0.00426774
vn -0.356426 -0.9322836 0.06170617
vn -0.4196998 -0.9076211 0.008717254
vn -0.4938712 -0.8676572 -0.05711494
vn -0.9005561 0.4347191 -0.004236221
vn -0.9322814 0.3564263 0.06173925
vn -0.9076208 0.4196998 0.008749206
vn -0.8676594 0.493871 -0.0570845
vn 0.3564274 0.9322814 0.06173126
vn -0.0005723468 -0.0001088052 0.9999998
vn -7.141779e-05 5.364647e-05 1
vn -4.468475e-05 -0.0001131543 1
vn 8.894032e-05 -0.0002778748 0.9999999
vn 0.0001098111 -7.395097e-05 1
vn 0.0001655621 1.077933e-05 1
vn 8.622233e-05 6.462691e-05 1
vn -5.39132e-08 0.0001945361 1
vn 0.9264889 -0.3726558 -0.05240138
vn 0.9334425 -0.3568692 -0.0364626
vn 0.9272317 -0.3710328 -0.05075448
vn 0.9204883 -0.3852795 -0.06527742
vn -0.2655001 -0.9548213 0.1335137
vn -0.3564259 -0.9322836 0.06170646
vn -0.2891274 -0.9503204 0.1153102
vn -0.1916348 -0.9631934 0.1885063
vn -0.9837947 0.1785893 0.0159291
vn -0.9564999 0.2793233 0.08418103
vn -0.9640501 0.2566863 0.06869921
vn -0.9254174 0.3537997 0.135752
vn 0.07348307 0.9853119 -0.1541444
vn 0.2215775 0.9744979 -0.03546033
vn 0.2019439 0.9780343 -0.05164706
vn 0.3559789 0.9311088 0.07947003
vn -0.0002899315 -0.0002144887 0.9999999
vn -0.0002171002 9.303727e-05 1
vn -0.0001504271 -0.0003164448 0.9999999
vn 0.0004809306 0.0003002978 0.9999998
vn 0.0004633721 0.0003103519 0.9999998
vn 0.0009925317 0.0008545701 0.9999991
vn 0.0004808519 8.33547e-05 0.9999999
vn 0.001198319 6.612991e-05 0.9999993
vn 0.0006210383 9.354281e-05 0.9999998
vn 0.9177077 -0.3962879 -0.02772448
vn 0.933952 -0.357065 0.01543531
vn 0.9186648 -0.39422 -0.02541105
vn 0.9022198 -0.4267491 -0.06232728
vn -0.3564257 -0.9322838 0.06170619
vn 0.4705739 -0.6807883 0.5613264
vn -0.9667574 -0.1579515 -0.2010759
vn -0.9951282 0.08825795 -0.04393658
vn -0.9961411 0.06459183 -0.0594218
vn -0.9254178 0.3537986 0.1357517
vn 0.008367416 0.989872 -0.1417157
vn 0.181462 0.9833544 0.009254201
vn 0.1657523 0.9861558 -0.004780045
vn 0.3521236 0.9210221 0.1665155
vn -1.687457e-05 -7.518026e-07 1
vn -4.243779e-05 0.0001902732 1
vn -8.474835e-05 0.0002577641 1
vn -0.0002053309 0.001156665 0.9999993
vn -0.0002877554 0.001780016 0.9999984
vn -2.02246e-05 -0.0002432369 1
vn 1.534121e-05 -0.00051221 0.9999999
vn -0.0004321428 0.0001442183 0.9999999
vn -0.0003343446 9.344897e-05 1
vn 0.9903245 0.04619017 -0.1308586
vn 0.9824485 -0.1854085 0.0204617
vn 0.9912517 -0.1310396 -0.01576959
vn 0.9254214 -0.3538048 0.135711
vn 0.4404841 -0.8969347 -0.03849495
vn -0.3379695 -0.8840256 0.3229167
vn -0.957597 -0.1871022 -0.2190905
vn -0.9953486 0.08438714 -0.04647548
vn -0.9963772 0.04650974 -0.0711991
vn -0.9254172 0.3538 0.1357517
vn -0.04619087 0.9903286 -0.1308268
vn 0.1854085 0.9824478 0.02049504
vn 0.1310397 0.9912522 -0.01573622
vn 0.3538048 0.9254166 0.1357434
vn -0.0003358349 0.001508129 0.9999988
vn -0.0001348644 0.0002406352 1
vn -0.0003975252 -0.0003110975 0.9999999
vn 7.625237e-06 -0.0001345789 1
vn 0.0004215779 -0.0003932315 0.9999999
vn -0.0001968968 0.000271109 1
vn -0.0002300966 0.000305564 1
vn -0.0004746808 0.002273357 0.9999974
vn 0.9853069 -0.07348444 -0.1541766
vn 0.9744964 -0.2215782 -0.03549272
vn 0.9780326 -0.2019444 -0.0516798
vn 0.9311114 -0.3559789 0.07943834
vn -0.372658 -0.9264885 -0.0523931
vn -0.3568708 -0.9334422 -0.03645504
vn -0.371035 -0.9272313 -0.05074632
vn -0.3852821 -0.9204877 -0.06526862
vn -0.9632065 0.1140039 0.2433849
vn -0.932282 0.3564249 0.06173918
vn -0.9616905 0.2122952 0.1734421
vn -0.9300076 -0.06845494 0.3611092
vn 0.003974389 0.9951083 -0.09871014
vn 0.1892641 0.9816549 0.0230818
vn 0.1598053 0.9871427 0.003377495
vn 0.3538041 0.9254169 0.1357433
vn -0.0003298547 0.0003759181 0.9999999
vn -0.0002142492 -3.85234e-05 1
vn 0.0001006991 -8.075065e-05 1
vn 0.0005969505 3.262053e-05 0.9999999
vn 0.0008147227 8.493866e-05 0.9999998
vn 0.0005100119 -0.0006387014 0.9999996
vn 0.0009126317 -0.001299911 0.9999987
vn 0.0004475061 -0.0004585194 0.9999998
vn 1.079526e-05 0.0003370253 0.9999999
vn -0.1511472 0.6991848 -0.6987812
vn -0.2056419 0.5795568 -0.7885591
vn -0.6288227 0.2857491 -0.7231385
vn -0.6920192 0.07335291 -0.7181426
vn -0.7684507 -0.07673888 -0.635291
vn -0.1562266 -0.7648966 -0.6249211
vn -0.2488946 -0.6509779 -0.7171326
vn -0.1452138 -0.7765815 -0.6130532
vn -0.08762045 -0.8318084 -0.5481034
vn 0.7648631 -0.1562712 -0.6249511
vn 0.6509075 -0.248843 -0.7172145
vn 0.7765939 -0.1452294 -0.6130337
vn 0.8318 -0.08773429 -0.5480981
vn 0.2081811 0.7045886 -0.6783919
vn 0.2488616 0.6509714 -0.71715
vn -0.7648077 0.1563835 -0.6249906
vn -0.6508791 0.2488504 -0.7172378
vn -0.7767087 0.14519 -0.6128976
vn -0.8319156 0.0877215 -0.5479248
vn -0.1563458 -0.7648249 -0.6249792
vn -0.248847 -0.6508554 -0.7172604
vn -0.1452537 -0.7766188 -0.6129963
vn -0.08781286 -0.8318151 -0.5480624
vn 0.7648921 -0.1562264 -0.6249267
vn 0.6509482 -0.248857 -0.7171726
vn 0.7765715 -0.1452256 -0.6130631
vn 0.8317854 -0.0876852 -0.5481281
vn 0.1562646 0.7648748 -0.6249383
vn 0.2488611 0.6509706 -0.7171508
vn 0.1451622 0.7766611 -0.6129645
vn 0.08759387 0.8318861 -0.5479899
vn -0.7650297 0.1561257 -0.6247833
vn -0.6510023 0.2488983 -0.7171092
vn -0.7763967 0.1454134 -0.6132398
vn -0.8315835 0.08790085 -0.5483997
vn -0.1834134 -0.7344418 -0.6534178
vn -0.2489681 -0.6511698 -0.7169328
vn -0.1811476 -0.7370617 -0.6510957
vn -0.1384121 -0.7834715 -0.6058172
vn 0.6712639 -0.3430364 -0.6570623
vn 0.665019 -0.3059492 -0.6812817
vn 0.6653947 -0.3079918 -0.6799934
vn 0.6532914 -0.2497541 -0.714726
vn 0.5687393 0.486967 -0.6628717
vn 0.3800877 0.5697649 -0.7286297
vn 0.2915766 0.6501712 -0.7016128
vn 0.09316504 0.71168 -0.6962987
vn -0.04345337 0.7837852 -0.6195101
vn -0.7650555 0.1560381 -0.6247737
vn -0.6511502 0.2489538 -0.7169555
vn -0.7764632 0.1452591 -0.6131922
vn -0.8317069 0.08752015 -0.5482735
vn -0.2082105 -0.7045692 -0.6784029
vn -0.2488953 -0.6509779 -0.7171324
vn -0.2103182 -0.7019358 -0.6804795
vn -0.1822141 -0.7358286 -0.6521921
vn 0.4845349 -0.5731559 -0.6608466
vn 0.5740868 -0.3676123 -0.7316321
vn 0.6500983 -0.2925081 -0.7012926
vn 0.7117063 -0.09308979 -0.6962819
vn 0.7838091 0.04364013 -0.6194665
vn 0.1562571 0.7649242 -0.6248798
vn 0.2488266 0.6508814 -0.7172438
vn 0.14537 0.7765012 -0.6131178
vn 0.08798595 0.8316695 -0.5482557
vn -0.4845544 0.573181 -0.6608106
vn -0.5741075 0.3676405 -0.7316017
vn -0.6502938 0.2922019 -0.7012389
vn -0.7116687 0.09321064 -0.696304
vn -0.7837645 -0.04347448 -0.6195346
vn -0.1561498 -0.7649793 -0.6248391
vn -0.2488951 -0.6509781 -0.7171322
vn -0.1453598 -0.7764288 -0.613212
vn -0.08782641 -0.8316274 -0.5483451
vn 0.764988 -0.1560713 -0.6248482
vn 0.6511042 -0.2489183 -0.7170098
vn 0.7765158 -0.1451838 -0.6131436
vn 0.8317671 -0.08745253 -0.548193
vn 0.2081881 0.7045572 -0.6784223
vn 0.2488458 0.6509314 -0.7171918
vn 0.210265 0.7019592 -0.6804719
vn 0.1821942 0.7358527 -0.6521702
vn -0.6612424 -0.7467654 -0.07141313
vn -0.8532801 -0.2946921 -0.4301971
vn -0.882562 -0.3604368 -0.3019431
vn -0.9625101 -0.2643514 -0.06076788
vn -0.8729389 -0.4354302 -0.2199503
vn -0.7496138 -0.4208784 -0.5108234
vn 0.8635276 -0.2631171 -0.4302202
vn 0.9258761 -0.2271415 -0.3019274
vn 0.9340674 -0.3518826 -0.06080068
vn 0.9623855 -0.1605958 -0.2191416
vn 0.8524839 -0.0996578 -0.5131663
vn 0.5154204 0.7385426 -0.4346224
vn 0.5013661 0.8141122 -0.2930074
vn 0.6239627 0.7800667 -0.04654626
vn 0.4395378 0.8841655 -0.1582963
vn 0.7992977 0.5933823 -0.09497629
vn 0.3840668 0.8430375 -0.3765374
vn -0.8506256 0.4889056 -0.1934098
vn -0.5563843 0.7642894 -0.326034
vn -0.6155492 0.7302155 -0.2964532
vn -0.5482112 0.8341697 -0.06021147
vn -0.6831391 0.6960052 -0.2211284
vn -0.6287612 0.5797813 -0.5181825
vn 0.8618105 -0.1032093 -0.496619
vn 0.8417238 -0.07830118 -0.5342002
vn 0.9451388 -0.2267213 0.235181
vn 0.9196968 -0.2297917 0.3183607
vn 0.9031606 -0.2307225 0.3620332
vn 0.9013516 -0.2307895 0.3664717
vn 0.8694221 -0.3453304 -0.3533441
vn 0.8928542 -0.3291894 -0.3073203
vn -0.7579033 -0.4230484 -0.4966011
vn -0.7270136 -0.4313923 -0.5341834
vn -0.8978885 -0.3721249 0.2352005
vn -0.8791065 -0.3546872 0.3183843
vn -0.8662736 -0.3442149 0.3620584
vn -0.8648492 -0.3430973 0.3664971
vn -0.9063715 -0.2316467 -0.3533135
vn -0.9158393 -0.2584787 -0.3072901
vn -0.6360964 0.5898173 -0.4974905
vn -0.6344737 0.5578783 -0.5349905
vn -0.6307451 0.7389354 0.2369285
vn -0.6615561 0.747242 0.06303075
vn -0.6699821 0.7413525 -0.03899493
vn -0.6704168 0.7403863 -0.04867877
vn -0.3243283 0.513199 -0.7946308
vn -0.4108851 0.5533251 -0.7245721
vn -0.3473229 0.5243492 -0.7774476
vn 0.3870434 0.8333732 -0.3945714
vn 0.763157 0.6100509 -0.2131414
vn 0.3567448 0.8295749 -0.4295795
vn 0.4988166 0.8151989 0.2943344
vn 0.494579 0.7957597 0.3495113
vn 0.4911947 0.7826896 0.3822628
vn 0.4908076 0.7812752 0.3856382
vn 0.5970229 0.7203078 -0.3531577
vn 0.5889133 0.7475479 -0.3071697
vn 0.3634824 0.9240862 0.1180907
vn -0.3200568 0.9441286 0.07864315
vn 0.6579682 0.7348732 -0.1644363
vn 0.9267792 0.3414362 -0.1565297
vn 0.9716138 0.2077705 -0.1131284
vn 0.992259 0.1241857 -1.306143e-05
vn -0.8741205 0.08893885 0.4774969
vn -0.83481 -0.02753146 0.5498495
vn -0.8998702 0.2746297 0.3388396
vn -0.8902045 0.3887121 0.2375683
vn -0.515169 0.5940128 -0.6178589
vn 0.1437359 0.9895951 0.006437439
vn -0.5130014 0.8505476 -0.1157516
vn -0.8372064 -0.5339616 0.1181967
vn -0.2959958 -0.9519531 0.07856102
vn -0.8966584 0.4426674 0.007020453
vn -0.9676291 -0.2250583 -0.1142045
vn 0.9911711 -0.06011646 0.118177
vn 0.7990118 0.5961592 0.07857677
vn 0.46522 -0.8851675 0.006974969
vn 0.9151131 -0.3866762 -0.1142346
vn -0.9703387 -0.226052 -0.08569313
vn -0.8798274 0.4660392 -0.09333337
vn -0.1621731 -0.9657142 -0.2027214
vn -0.3023661 -0.948431 -0.0951488
vn -0.8397295 -0.5208206 -0.1536238
vn -0.5174367 0.8512188 -0.08766878
vn 0.1705018 0.9827985 -0.07096741
vn -0.9762488 0.0116204 -0.2163405
vn -0.989199 -0.032607 -0.1429057
vn -0.9614603 0.1445952 -0.2338511
vn -0.7649325 0.6309462 -0.1295571
vn 0.6513534 0.7583767 -0.02456434
vn 0.9327523 0.2143204 -0.2898966
vn 0.9456059 0.1607554 -0.28282
vn 0.9524878 0.1738133 -0.2501119
vn -0.310928 0.9469723 -0.08103833
vn 0.3741695 0.9135638 -0.1593688
vn 0.9188475 -0.3862148 -0.08097805
vn 0.4368358 -0.8952288 -0.08797622
vn 0.8020912 0.5895755 -0.09513406
vn 0.9854842 -0.07222278 -0.1536386
vn -0.9594676 -0.2547729 -0.1204679
vn -0.9652873 -0.2415466 -0.09937631
vn -0.9424816 -0.3068527 -0.1325515
vn -0.9788209 -0.1893139 -0.07790973
vn 0.8445894 -0.5273297 0.09269372
vn 0.9838315 -0.1504135 -0.09721747
vn 0.9785376 -0.2006518 -0.04693732
vn 0.9888487 -0.02365239 -0.1470335
vn 0.0590339 -0.9981381 0.01534059
vn 0.06688733 -0.9977573 0.002571496
vn 0.07487915 -0.9971379 -0.0104484
vn 0.08248537 -0.99633 -0.0228644
vn 0.9990239 0.002528187 -0.04410084
vn 0.9956104 0.09266537 0.01315347
vn 0.9887645 -0.1494635 0.002362252
vn -0.9872743 -0.1560526 -0.03061032
vn -0.9499246 -0.3123613 0.008577232
vn -0.9977347 -0.06652401 0.009999921
vn -0.9983634 -0.05716273 -0.001672072
vn 0.3202281 0.9407642 -0.1114301
vn 0.3921259 0.917817 -0.06204225
vn 0.375727 0.9238073 -0.07354731
vn 0.4441807 0.895602 -0.02450524
vn 0.625855 -0.7738031 -0.09764388
vn 0.5521598 -0.8199212 -0.1511575
vn 0.5961177 -0.7938884 -0.1199367
vn 0.6709837 -0.738899 -0.06171748
vn -0.9100633 -0.4143232 0.01100158
vn -0.9511186 -0.2838505 0.1216648
vn -0.9427842 -0.3205592 0.09164992
vn -0.9622769 -0.1894571 0.195267
vn 0.8467656 0.4769557 -0.2355869
vn 0.9827693 0.1844441 -0.01204012
vn 0.957126 0.2780035 -0.08138672
vn 0.9889241 -0.03514449 0.1442011
vn -0.1823424 -0.9756545 -0.1218582
vn -0.2926753 -0.9544955 -0.0572679
vn -0.2570978 -0.9631903 -0.07851887
vn -0.358679 -0.9333116 -0.01669978
vn -0.8429255 0.4943523 -0.2123492
vn -0.6753132 0.7374828 -0.008435438
vn -0.7342088 0.6754056 -0.06902704
vn -0.5452709 0.8316531 0.1050372
vn 0.9720134 -0.2246483 0.06872432
vn 0.9622016 -0.2715971 0.0200766
vn 0.9720256 -0.2245718 0.06880244
vn 0.9773436 -0.1757516 0.1179439
vn 0.07172634 -0.9973983 0.007218412
vn 0.04621603 -0.9983584 0.03383341
vn 0.03935841 -0.9983849 0.040969
vn 0.01527929 -0.9977053 0.06596073
vn -0.8926626 -0.4132601 -0.1799151
vn -0.9425038 -0.3218885 -0.08985727
vn -0.9395623 -0.328559 -0.09629001
vn -0.9751382 -0.2215511 0.004543189
vn 0.938343 0.3456353 0.006982425
vn 0.9615098 0.2736929 -0.0243084
vn 0.7164361 0.6976003 -0.008549679
vn 0.6895547 0.7241672 0.009811883
vn 0.3797669 0.9250549 -0.007103115
vn 0.3326064 0.9430388 0.007127725
vn -0.02016112 0.9997604 -0.008531076
vn -0.05671201 0.9983538 0.008570257
vn -0.4250659 0.9051016 -0.01049531
vn -0.473833 0.8805912 0.006434553
vn -0.8314902 0.5554401 -0.01051268
vn -0.8674654 0.4974948 -0.001686706
vn -0.9991444 -0.0407161 -0.007265832
vn -0.9996847 0.01605285 0.01930791
vn -0.8865695 -0.4625939 -0.001190967
vn -0.8149393 -0.579439 -0.01115429
vn -0.548436 -0.8361217 0.0108829
vn -0.499909 -0.86599 -0.01233257
vn -0.1552346 -0.9878765 0.001496518
vn -0.102119 -0.9946241 0.0171592
vn 0.240691 -0.970557 -0.009330578
vn 0.3742765 -0.9268883 0.02820017
vn 0.6213453 -0.7834898 0.008580857
vn 0.8028091 -0.5961187 -0.01182848
vn 0.9463269 -0.3226075 -0.01974276
vn 0.9939379 -0.1092035 -0.01273389
vn 1.45517e-05 -1.86897e-05 1
vn 1.456391e-05 -1.868565e-05 1
vn 1.458406e-05 -1.868762e-05 1
vn 1.457077e-05 -1.868882e-05 1
vn 1.456699e-05 -1.868908e-05 1
vn 1.456515e-05 -1.868881e-05 1
vn 1.448067e-05 -1.870372e-05 1
vn 1.456619e-05 -1.868903e-05 1
vn 1.463164e-05 -1.865643e-05 1
vn 1.448608e-05 -1.869433e-05 1
vn 1.44721e-05 -1.868922e-05 1
vn 1.458013e-05 -1.870536e-05 1
vn 1.458216e-05 -1.869179e-05 1
vn 1.46163e-05 -1.868881e-05 1
vn 1.461863e-05 -1.870079e-05 1
vn 1.459276e-05 -1.870612e-05 1
vn 1.456105e-05 -1.869488e-05 1
vn 1.45723e-05 -1.867166e-05 1
vn 1.465309e-05 -1.867527e-05 1
vn 1.44084e-05 -1.871063e-05 1
vn 1.442559e-05 -1.873339e-05 1
vn 1.445573e-05 -1.87219e-05 1
vn -1.458809e-05 1.869389e-05 -1
vn -1.457451e-05 1.868975e-05 -1
vn -1.457654e-05 1.869222e-05 -1
vn -1.458972e-05 1.86937e-05 -1
vn -1.457162e-05 1.869406e-05 -1
vn -1.45818e-05 1.870158e-05 -1
vn -1.45779e-05 1.870067e-05 -1
vn -1.457993e-05 1.869557e-05 -1
vn -1.457377e-05 1.869674e-05 -1
vn -1.458874e-05 1.869298e-05 -1
vn -1.457289e-05 1.869951e-05 -1
vn -1.458993e-05 1.869632e-05 -1
vn -1.457596e-05 1.870083e-05 -1
vn -1.456626e-05 1.870018e-05 -1
vn -1.45874e-05 1.869957e-05 -1
vn -1.456816e-05 1.870032e-05 -1
vn -1.454706e-05 1.870256e-05 -1
vn -1.457337e-05 1.869301e-05 -1
vn -1.45882e-05 1.870173e-05 -1
vn -1.45764e-05 1.869944e-05 -1
vn -1.459125e-05 1.870101e-05 -1
vn -0.9252817 -0.2319327 0.3001015
vn -0.807457 -0.460079 -0.3692431
vn -0.6168694 -0.6740938 0.4062878
vn -0.1915825 -0.8436799 -0.5014981
vn 0.04821582 -0.863831 0.501469
vn 0.5083189 -0.7314599 -0.4545089
vn 0.6945348 -0.5262403 0.4906044
vn 0.8770401 -0.246306 -0.412473
vn 0.8825684 0.1957258 0.4275095
vn 0.8660837 0.37856 -0.326483
vn 0.4355669 0.824706 0.3607513
vn 0.3036415 0.8818594 -0.3607294
vn -0.3162941 0.8907059 0.3264982
vn -0.4609317 0.7776813 -0.427497
vn -0.7747528 0.4252222 0.4679148
vn -0.868372 0.1796701 -0.4622216
vn -1.458282e-05 1.86974e-05 -1
vn -1.4581e-05 1.869791e-05 -1
vn -1.458048e-05 1.869691e-05 -0.9999999
vn -1.458035e-05 1.869997e-05 -1
vn -1.457839e-05 1.869588e-05 -1
vn -1.457815e-05 1.869218e-05 -1
vn -1.458312e-05 1.869569e-05 -1
vn -1.459617e-05 1.870328e-05 -1
vn 0.9523506 -0.1576063 -0.2611289
vn 0.9614956 -0.174478 -0.2123289
vn 0.8897802 -0.4556967 0.02513702
vn 0.8179134 -0.5747339 0.02643284
vn 0.6394119 -0.7274227 -0.2490152
vn 0.6318521 -0.7267651 -0.2693982
vn 0.1495443 -0.924135 0.3515837
vn -0.09995232 -0.8656119 -0.4906378
vn -0.4140764 -0.8440377 0.3407947
vn -0.8198778 -0.5558556 -0.1372036
vn -0.8108022 -0.5211777 -0.266409
vn -0.7915546 -0.5954965 0.137205
vn -0.7558067 -0.5981485 0.2664103
vn -0.9226148 -0.07961739 -0.3774163
vn -0.8186935 0.1788394 0.5456716
vn -0.7385975 0.5390897 -0.4047912
vn -0.4692121 0.8375717 0.2798454
vn -0.474428 0.8188625 0.3230824
vn -0.2047247 0.9786679 0.01722763
vn -0.0595343 0.9980783 -0.01718767
vn 0.2327267 0.9314207 -0.2798103
vn 0.2426736 0.9147401 -0.3230481
vn 0.5580835 0.7512065 0.3524653
vn 0.8054729 0.4589683 -0.3749153
vn 0.8365266 0.4516783 -0.3101775
vn 0.9247293 0.3329093 0.1845189
vn 0.9158613 0.304996 0.2611044
vn 1.470229e-05 -1.881779e-05 1
vn 1.389197e-05 -1.853493e-05 0.9999999
vn 1.452788e-05 -1.870421e-05 1
vn 1.454003e-05 -1.875386e-05 1
vn 1.457991e-05 -1.876388e-05 1
vn 1.465654e-05 -1.868735e-05 1
vn 1.464396e-05 -1.865063e-05 1
vn 1.461231e-05 -1.872148e-05 1
vn 1.425629e-05 -1.871457e-05 0.9999999
vn 1.462709e-05 -1.868753e-05 1
vn 0.4145034 -0.836203 -0.3590981
vn 0.1424566 -0.451802 -0.8806707
vn 0.4122458 -0.1364125 -0.9008024
vn 0.3794137 0.5597542 -0.7366957
vn 0.1724801 0.9504253 -0.258732
vn 0.3760499 0.9062793 0.192988
vn 0.4219231 0.4551044 0.7841307
vn 0.2286876 -0.1011781 0.9682277
vn 0.3628525 -0.5145139 0.7769257
vn 0.08304945 -0.9302217 -0.3574778
vn 0.3069196 -0.8875024 0.3437147
vn 7.456292e-05 -0.9777254 0.2098879
vn -0.02197007 0.1262195 -0.991759
vn -0.1015634 0.6802117 -0.7259455
vn -0.01490659 0.6847012 0.7286715
vn -0.03038476 0.325827 0.944941
vn -0.04429991 -0.640143 0.7669774
vn -0.1268264 0.9468635 0.2955751
vn -0.29534 -0.7228328 -0.6247295
vn -0.2799256 0.01928127 0.9598281
vn -0.3064171 -0.6261474 0.7169714
vn -0.3991235 -0.9163561 0.03149363
vn -0.3838751 0.8895411 -0.2477025
vn -0.4228612 -0.3649346 -0.8294644
vn -0.4121456 0.2797702 -0.8671013
vn -0.4189411 0.6978207 0.5809773
vn -0.997545 -0.05117594 0.04780174
vn -0.9961659 -0.0494614 0.07215964
vn -0.9965636 -0.005656509 0.08263829
vn -0.9992654 -0.03462131 0.01643466
vn -0.9994822 0.0321718 -0.0006011106
vn -0.999602 0.02546674 -0.01213286
vn -0.9995895 0.02031445 -0.02020278
vn -0.9995419 0.02104581 -0.0217464
vn -0.9996883 0.0146607 0.02020858
vn -0.9997786 0.007001636 0.01984316
vn -0.9952139 -0.01744575 0.09615078
vn -0.9996408 0.01205319 0.02394066
vn 0.9917738 -0.05317157 0.1164358
vn 0.9885747 -0.08357996 0.1254368
vn 0.9980227 -0.05598168 0.02857927
vn 0.9990933 0.04158522 -0.009118953
vn 0.9980679 0.06207168 0.002771368
vn 0.9987949 0.04857675 0.006998191
vn 0.999793 0.01101765 0.01710434
vn 0.9999176 -0.01262941 -0.002328818
vn 0.9981329 -0.03338997 -0.05114604
vn 0.9991342 -0.007881889 -0.04084975
vn 0.9998636 -0.003657261 0.01610387
vn -0.06500961 0.9978459 0.008786809
vn 0.05830655 0.9556337 0.2887295
vn -0.02909402 0.9979616 0.05679858
vn -0.1524106 0.9724055 -0.1766311
vn 0.1312501 0.5502846 -0.8245971
vn -0.1282337 -0.2180225 -0.9674824
vn 0.03669792 -0.5858357 -0.8095986
vn -0.03542451 -0.4370022 -0.8987626
vn 0.1258048 -0.7439639 -0.6562705
vn -0.1311917 -0.9911975 -0.01778588
vn 0.196142 -0.5994351 0.7760192
vn -0.2749684 0.02050989 0.9612345
vn 0.05447336 0.9365996 0.3461411
vn 0.4389278 0.8735433 -0.2103916
vn 0.3382533 0.8931444 0.2964419
vn 0.5064014 0.6443272 0.5730619
vn 0.239125 0.3138566 0.9188651
vn 0.449346 -0.06155701 0.8912345
vn 0.4526071 -0.4601858 -0.7637905
vn 0.3201996 -0.03874438 -0.9465575
vn 0.4268173 0.188838 -0.8844021
vn 0.2465486 0.6011662 -0.7601401
vn 0.4039598 0.7826912 -0.4735091
vn 0.1495451 0.9468909 -0.2846646
vn -0.03739584 0.7696591 0.637359
vn 0.0319025 -0.2507539 0.9675251
vn 0.3655885 -0.7164095 0.5942242
vn -0.01826984 -0.7522531 0.6586209
vn 0.01529436 -0.9788374 0.2040672
vn 0.3429464 -0.9150874 -0.2121385
vn 0.09307037 -0.895434 -0.4353572
vn 0.08587729 -0.5740766 -0.8142858
vn -0.2639603 0.4604553 -0.8475293
vn -0.3471848 0.7911559 -0.5035225
vn -0.1746415 0.9747995 0.1388031
vn -0.2441184 -0.0526865 -0.9683131
vn -0.08080854 0.2599559 0.9622333
vn -0.2279637 -0.00362467 0.9736629
vn -0.381558 -0.8739777 -0.3009594
vn -0.3195837 -0.4984478 -0.8058635
vn -0.3410139 -0.4750844 0.8111746
vn -0.4830252 0.8675079 0.1188141
vn -0.4791217 0.6744138 0.5617903
vn -0.5523373 0.7042343 0.4460689
vn -0.772517 -0.6111665 0.1723171
vn -0.6377426 0.2613335 -0.7245613
vn -0.9718949 -0.224315 -0.07143719
vn -0.996756 -0.07624895 -0.02575772
vn -0.999104 0.002560525 0.04224741
vn -0.9960828 0.04271499 0.07742336
vn -0.9970046 0.02195654 0.0741606
vn -0.9997494 -0.01033557 0.01985716
vn -0.9993341 -0.003887517 0.03628081
vn -0.9986697 -0.04326409 -0.02805622
vn -0.8953 -0.346114 0.2804336
vn -0.8333034 -0.4283039 0.3495158
vn 0.9998372 0.006972084 -0.01664166
vn 0.9978569 -0.01488144 -0.06372026
vn 0.9999743 0.003816979 -0.006084986
vn 0.9985931 -0.0528168 -0.004722271
vn 0.9982977 -0.0553946 -0.01825194
vn 0.9996824 -0.01451751 0.02059985
vn 0.9997174 -0.01353697 0.01954296
vn 0.9996282 -0.02644768 0.006636791
vn 0.9996043 -0.0263618 0.009814682
vn 0.99981 0.01610018 -0.01097743
vn 0.9996843 0.002558627 -0.02499544
vn 0.1028663 -0.9896089 -0.100462
vn 0.08704238 -0.9861124 -0.1414425
vn 0.07738878 -0.9830679 -0.1660975
vn -0.08332082 -0.6161764 0.7831885
vn -0.1863314 -0.7161108 0.6726558
vn -0.1386473 -0.6720513 0.7274091
vn -0.2575418 -0.7741497 0.5782427
vn -0.05859331 0.7885798 0.6121345
vn 0.1315945 0.527947 0.8390201
vn -0.004260615 0.7256497 0.688051
vn -0.1844829 0.8974569 0.400671
vn 0.1427368 0.9170249 -0.3724133
vn -0.1780244 0.1565282 -0.971497
vn -0.03552172 -0.03637322 -0.9987068
vn -0.07656223 0.01867644 -0.9968898
vn 0.1020112 -0.2179812 -0.970607
vn 0.1132471 -0.9908677 -0.07318509
vn 0.0005141182 7.362629e-05 -0.9999998
vn 0.000374262 -0.0002410141 -0.9999999
vn -3.75558e-05 4.689123e-05 -1
vn -2.847753e-05 -0.0001373835 -1
vn 0.0002201023 -0.0003028773 -0.9999999
vn 0.0002340195 0.0003020626 -0.9999999
vn -2.405262e-05 -0.0001542745 -1
vn -0.0001156574 2.941078e-05 -1
vn -0.0002254468 -4.495258e-05 -1
vn -0.0001307881 0.0001053595 -1
vn -0.0002000551 0.0001175324 -1
vn 4.961625e-06 0.0002943227 -1
vn -9.210403e-05 -4.397855e-05 -1
vn 0.0002986768 -0.0001669771 -0.9999999
vn -0.0004440706 -0.0002863346 -0.9999998
vn -0.0002184007 -1.650086e-05 -1
vn -0.0004032575 -3.594859e-05 -0.9999999
vn -0.4020347 0.03095167 0.9151011
vn -0.3174415 -0.04640054 0.9471419
vn -0.3042696 -0.07101465 0.9499352
vn -0.3767101 0.01739651 0.9261678
vn -0.3568189 0.004001799 0.934165
vn -0.380731 -0.03008132 0.9241965
vn -0.03877777 0.01553444 0.9991271
vn 0.008106974 0.8898253 0.4562292
vn -0.0005835749 0.9114922 0.411317
vn 0.0003124171 0.8798286 0.475291
vn 0.03299091 0.9605267 0.2762249
vn -0.001381211 0.1044761 0.9945264
vn 0.05860776 0.142233 0.9880967
vn 0.01994868 0.3761082 0.926361
vn 0.02775961 0.5857235 0.8100353
vn 0.02539567 -0.8975422 -0.4401965
vn -0.1541113 -0.954114 -0.2567416
vn 0.1023879 -0.8540165 -0.510071
vn 0.2554682 -0.7312721 -0.6324375
vn -0.3233718 -0.03767706 -0.9455216
vn 0.2326762 0.4416946 -0.8664685
vn -0.1763592 0.9816844 -0.07206378
vn -0.1274151 0.9865603 -0.1022953
vn -0.1022371 0.9877826 -0.1176142
vn -0.06607018 0.988037 -0.1393471
vn 0.06582189 0.3733244 0.9253628
vn 0.0489327 0.3643829 0.9299628
vn 0.0320983 0.3553404 0.9341857
vn 0.01337641 0.3451322 0.9384587
vn 0.0308297 -0.8038847 0.5939856
vn -0.06442066 -0.7554341 0.6520501
vn 0.08285997 -0.8254068 0.5584245
vn 0.1610451 -0.8510493 0.4997796
vn 0.01678151 -0.8761442 0.481757
vn 0.03178879 -0.9349602 0.3533254
vn -0.03279895 -0.6645882 0.7464896
vn -0.1106767 -0.6259487 0.7719707
vn -0.007184074 -0.8819615 0.4712667
vn -0.007936995 -0.8799701 0.4749628
vn 1 0.0001904435 -1.464631e-05
vn 0.999997 -0.001694314 0.001791047
vn 1 0.0001903977 -1.464543e-05
vn 0.9999476 0.004083131 0.009389143
vn 0.9999503 -0.003591815 0.009302136
vn 0.9999396 -0.001299459 0.01091311
vn 0.9999714 0.00494192 0.005726131
vn 0.9999962 0.002351871 0.001421655
vn 0.9999818 -0.004362593 0.004178851
vn 1 0.0001906549 -1.448018e-05
vn 1 0.0001906559 -1.449538e-05
vn -1 -0.0001905851 1.507615e-05
vn -0.9999984 0.001576584 0.0008894961
vn -1 -0.0001902694 1.426466e-05
vn -1 -0.0001902608 1.398143e-05
vn -0.9999805 0.004468276 0.004374851
vn -0.9999645 0.002945838 0.00789131
vn -0.9999965 -0.002221418 0.001466028
vn -0.9999512 -0.004722697 0.008680011
vn -0.9999505 -0.002414363 0.009652523
vn -1 -0.0001902168 1.426104e-05
vn -1 -0.0001890318 1.462552e-05
vn 0.9994577 -0.03257808 0.004801102
vn 0.9993922 -0.02963986 -0.0183477
vn 0.9721841 -0.00138984 -0.2342135
vn 0.9673255 0.001216225 -0.2535349
vn -0.9985959 -0.0308855 -0.04303994
vn -0.9988536 -0.02991737 -0.03737044
vn -0.9997268 -0.02335469 0.0009419837
vn -0.9997311 -0.0227144 0.00466889
vn 0.4822269 -0.1086966 0.8692768
vn 0.1968846 -0.001147452 0.980426
vn 0.3383688 -0.06304832 0.9388991
vn 0.3990946 -0.08302954 0.9131427
vn 0.2682543 -0.1260391 0.9550674
vn 0.2803353 -0.09756554 0.954931
vn 0.1552801 0.0006528589 0.9878703
vn -0.1537418 -0.9849731 -0.07868651
vn 0.1611821 -0.9846303 -0.06725573
vn -0.1115719 -0.9882299 -0.1046586
vn 0.111372 -0.9889174 -0.09817715
vn -0.3080675 0.9513642 0.00082896
vn 0.0375224 0.9923496 -0.1176193
vn -0.2862108 0.9572536 -0.04182
vn 0.0446904 0.9891199 -0.1401585
vn -0.7280875 0.6820008 0.06901737
vn -0.645066 0.7641184 -0.003591518
vn -0.4000657 -0.9123319 0.08716527
vn 0.4158401 -0.9031407 0.1068354
vn 0.8165094 0.5520926 0.1688379
vn -0.002086048 -0.7199497 0.6940231
vn 0.0004366109 -0.7164351 0.6976537
vn 0.00629384 0.7422714 0.6700697
vn 0.001552043 0.7346874 0.678404
vn -0.2216512 0.003531278 0.9751196
vn -0.5627978 -0.04666891 0.8252761
vn -0.6495674 0.0525071 0.7584887
vn -0.6892031 -0.1125742 0.7157696
vn -0.6432208 -0.3349734 0.68852
vn -0.6346551 -0.4106337 0.6546701
vn -0.7209587 0.06417366 0.6900004
vn 0.2192759 -0.1025784 0.9702554
vn 0.7172937 0.2492888 0.6506495
vn 0.6888793 0.1256979 0.7138945
vn 0.7373189 0.06708667 0.6722056
vn 0.6940732 -0.1342842 0.7072694
vn 0.6120699 -0.1610581 0.774229
vn -0.7408763 -0.6586739 0.1313435
vn -0.9672531 -0.0300362 -0.2520299
vn 0.2501161 0.9617328 0.1118566
vn 0.4408453 0.8975813 0.00173922
vn 0.04187488 0.9750106 0.2181761
vn 0.6083387 0.7862344 -0.1084419
vn 0.6503704 -0.7588736 -0.03360394
vn 0.8487866 -0.5229269 0.07815819
vn 0.7764834 -0.6293194 0.0321038
vn 0.5270698 -0.8453209 -0.08734905
vn 0.9733219 -0.1894549 -0.1294277
vn 0.9478384 -0.3162554 -0.03981065
vn 0.9613261 -0.2643439 -0.07729474
vn 0.9244671 -0.3811615 0.008750867
vn -0.8237084 -0.5639178 -0.05917122
vn -0.598579 -0.789518 0.1355162
vn -0.737597 -0.6747085 0.02681366
vn -0.8945118 -0.4193014 -0.1550317
vn -0.1877043 0.9786684 0.08351909
vn -0.09201452 0.9950794 0.03674695
vn -0.2688128 0.9552754 0.1232413
vn 0.02138332 0.999599 -0.01855922
vn -0.7442508 -0.661653 0.09113867
vn -0.8214883 -0.5700344 0.01475484
vn -0.8663924 -0.4977731 -0.03982674
vn -0.9151573 -0.3857176 -0.117086
vn 0.04276236 0.9966053 0.07035086
vn 0.0471808 0.9962083 0.07309636
vn 0.04516115 0.9963931 0.07184156
vn 0.0504366 0.9958983 0.07511867
vn 0.8473926 -0.5278745 -0.05722264
vn 0.8489202 -0.5252002 -0.05915367
vn 0.8480963 -0.5266458 -0.05811061
vn 0.849837 -0.5235826 -0.06031901
vn 0.8371813 -0.5229616 0.160121
vn 0.7454845 -0.6623504 0.07446264
vn 0.8887433 -0.4001244 0.2236864
vn 0.6221728 -0.7826847 -0.01748303
vn -0.6362088 -0.769977 -0.04872111
vn -0.8713155 -0.4794883 0.1044043
vn -0.7691374 -0.6384647 0.02811524
vn -0.9160691 -0.3723157 0.148991
vn -0.7362223 0.6693365 -0.09982683
vn -0.06334876 0.9907562 0.1199546
vn 0.7162439 0.6865586 -0.1250274
vn -0.5849354 0.01834819 0.8108723
vn 0.6230932 0.01363212 0.7820287
vn -0.0001250956 -0.0001692667 -0.9999999
vn -5.859036e-05 -5.586078e-05 -1
vn -1.528971e-05 1.91643e-05 -1
vn -1.518212e-05 1.909135e-05 -1
vn -1.465189e-05 1.879188e-05 -1
vn -1.42157e-05 1.871786e-05 -1
vn -5.259757e-05 -8.804006e-05 -1
vn -0.0001190254 -0.0002031738 -0.9999999
vn -0.0001600856 -0.0002852924 -0.9999999
vn -0.1547348 -0.9872088 -0.03841827
vn -0.1748753 -0.9842852 0.02452229
vn -0.219053 -0.9605126 0.1715557
vn -0.249206 -0.9268026 0.2809506
vn 0.5950474 -0.6552727 -0.4653345
vn 0.7182562 -0.04310321 0.6944422
vn 0.7161849 0.4931394 -0.4938551
vn 0.0684337 0.9890705 0.1305995
vn 0.3816499 0.9223394 0.06027804
vn -0.04177294 0.9943583 0.09750198
vn -0.2296703 0.9717542 0.05427146
vn -0.8554062 -0.5161205 -0.04358886
vn -0.9574801 0.2884553 -0.005047418
vn -0.9595738 0.2801145 -0.02745813
vn -0.9621438 0.2624233 -0.07357498
vn -0.9625496 0.2530285 -0.09733876
vn -0.3345574 0.9422328 0.01638956
vn -0.3500262 0.9346346 0.06276911
vn -0.2903995 0.9511676 -0.1046339
vn -0.2701594 0.9501656 -0.1555607
vn -0.02215627 0.02003986 -0.9995537
vn 0.05365465 0.05491981 -0.9970481
vn -0.06359602 -0.04230485 -0.9970787
vn 0.06847603 0.06576119 -0.995483
vn 0.01792718 -0.01924844 -0.999654
vn 0.01710277 -0.01260498 -0.9997743
vn -0.108278 -0.02213465 -0.9938741
vn -0.05562824 -0.06878468 -0.9960794
vn -0.01620504 -0.07916177 -0.99673
vn 0.08554795 0.03329185 -0.9957777
vn 0.02856917 -0.0698799 -0.9971462
vn 0.06505185 0.01039635 -0.9978278
vn -0.0530493 -0.1199581 -0.9913605
vn -0.0868278 -0.1919274 -0.9775606
vn -0.08085003 -0.05803549 -0.9950352
vn -0.0311586 0.0462697 -0.9984429
vn -0.06626325 0.05270533 -0.9964092
vn 0.02256498 0.06339137 -0.9977335
vn 0.4697739 0.7528003 -0.4610901
vn 0.4727781 0.7410077 -0.4768527
vn 0.4632241 0.7754343 -0.4290981
vn 0.4589675 0.7883566 -0.4096861
vn 0.9694781 0.06658632 -0.2359632
vn 0.9717354 0.07551713 -0.2236686
vn 0.9663821 0.05556074 -0.2510351
vn 0.9638503 0.04733311 -0.2622061
vn 0.7598844 -0.6490161 0.03679378
vn 0.791573 -0.5916289 0.1529295
vn 0.6456943 -0.7327775 -0.2147462
vn 0.5796861 -0.7501931 -0.3180791
vn -0.08964915 -0.9508944 0.2962483
vn -0.5127223 -0.7585552 -0.4021316
vn -0.8641371 -0.3911757 0.3166207
vn -0.935922 0.04851773 -0.3488496
vn 0.5923101 -0.6216043 -0.5126178
vn 0.5511168 -0.7481212 -0.3695741
vn 0.1532716 -0.9762372 -0.1531955
vn 0.04108885 -0.9991336 -0.006616164
vn -0.3380805 -0.928115 0.1558982
vn -0.3245058 -0.9387401 0.1160298
vn -0.9244854 -0.2509085 -0.2870044
vn -0.9724058 -0.1836443 -0.1438808
vn -0.9807602 -0.0125248 0.1948142
vn -0.9520662 0.04544443 0.3024977
vn -0.6365954 0.5647887 -0.5251284
vn -0.4874101 -0.8729125 0.02133551
vn -0.4485444 -0.8897322 0.08476273
vn -0.5119334 -0.8587597 -0.02135318
vn -0.5459416 -0.8335226 -0.08478035
vn -0.433928 0.8999432 0.04252953
vn -0.4199483 0.9054261 0.06202437
vn -0.4147275 0.9073102 0.06920589
vn -0.4016207 0.9116637 0.08700714
vn 0.9902939 0.1083956 -0.08699647
vn 0.993082 0.09486863 -0.06919513
vn 0.9940628 0.08940542 -0.0620136
vn 0.9963098 0.07455751 -0.04251867
vn -0.949423 -0.2993128 0.09490983
vn -0.8925632 -0.3932135 0.2207129
vn -0.9650589 -0.2585267 0.04271994
vn -0.9847701 -0.1444762 -0.09671872
vn 0.004170323 0.9981698 0.06033147
vn -0.03066291 0.999418 0.01495388
vn -0.04022158 0.9991878 0.002470226
vn -0.07455812 0.9963112 -0.04248616
vn 0.8495862 -0.5254462 -0.04592866
vn 0.8897317 -0.4485471 0.08475209
vn 0.8086875 -0.5719475 -0.1374792
vn 0.7405125 -0.6220668 -0.2543109
vn -0.05124522 -0.9096817 -0.4121324
vn -0.9096642 -0.05159394 0.4121276
vn -0.8021496 0.546326 -0.2410064
vn 0.7845072 0.5751451 0.2318544
vn 0.7237306 0.6889955 0.03871952
vn 0.68872 0.7239932 -0.03871299
vn 0.5748472 0.7847273 -0.2318482
vn 0.5466307 -0.8019427 0.241004
vn -0.4932206 -0.8201448 0.2899929
vn -0.9281371 -0.04723864 -0.3692289
vn -0.7904717 0.5892551 0.1671319
vn 0.2870864 0.9454967 -0.1536803
vn 0.3926409 0.9184856 -0.04708925
vn 0.4113989 0.9110554 -0.02700214
vn 0.5133001 0.8535196 0.08959496
vn 0.6761817 -0.727892 -0.1138048
vn 0.7130701 -0.6695632 -0.207885
vn 0.7217587 -0.6513793 -0.2340286
vn 0.7512386 -0.5600083 -0.3493296
vn -0.04979217 -0.02554994 0.9984328
vn -0.002655758 0.02532409 0.9996758
vn -0.001295365 0.01754544 0.9998453
vn -0.003048698 0.01921574 0.9998107
vn -0.01046776 0.02789503 0.9995561
vn -0.01573297 0.03172517 0.9993728
vn -0.04345678 0.07548976 0.9961992
vn -0.06401813 0.07592319 0.9950565
vn -0.03815013 0.1192238 0.9921342
vn -0.01904294 0.1072896 0.9940454
vn -0.7760623 0.6295772 -0.0368765
vn -0.7163905 0.6967869 -0.03567438
vn -0.9708213 0.2397841 0.00308347
vn -0.9859229 0.1602733 0.04762926
vn -0.9881336 -0.1364772 0.07046948
vn -0.9853898 -0.1440599 0.09084905
vn 0.7061843 -0.7054452 -0.06042283
vn 0.5315365 -0.8403914 -0.1058825
vn 0.7067731 -0.7051005 -0.05749067
vn 0.9044285 0.1517604 0.3987202
vn 0.339122 -0.9406943 0.009521399
vn 0.5473804 -0.8299676 -0.1073712
vn 0.6541083 -0.7557657 0.03099325
vn 0.8787698 -0.4352114 -0.1958433
vn 0.8826711 -0.238856 -0.4047709
vn -0.9999951 -0.001615728 0.002693915
vn -0.9998664 -0.003315065 0.01600737
vn -0.9997476 -0.001003328 0.0224413
vn -0.9987039 0.04083313 -0.030381
vn -0.9963076 0.05735142 -0.06389156
vn -1 -0.0001902878 1.45792e-05
vn -0.997102 0.05053508 0.05686625
vn -0.9998255 0.00666745 0.01744919
vn -1 -0.0001905826 1.452637e-05
vn -1 -0.0001904473 1.457758e-05
vn -1 -0.000190399 1.459658e-05
vn -0.9999909 -0.00378841 0.001994279
vn -0.9999323 -0.009671613 0.006455234
vn 0.05617349 -0.9980677 0.02656019
vn 0.03127326 -0.9226299 0.3844165
vn -0.02232966 -0.9683574 0.2485664
vn -0.01736251 -0.9998097 0.008894992
vn -0.02834217 -0.999579 0.006217126
vn -0.110311 0.6132334 -0.7821612
vn -0.0475085 0.586072 -0.8088651
vn 0.02451673 0.55119 -0.8340195
vn 0.08809231 0.5170974 -0.8513812
vn -0.08808659 -0.6827818 -0.7252929
vn -0.02451067 -0.7125207 -0.7012228
vn 0.04751509 -0.7414119 -0.6693659
vn 0.1103178 -0.7624291 -0.6375985
vn -0.1198548 -0.709552 0.6943851
vn -0.05150696 -0.6880504 0.7238327
vn 0.0517838 -0.6479658 0.7599071
vn 0.1201296 -0.6164201 0.7781999
vn -0.1201363 0.7647227 0.6330612
vn -0.05179082 0.7917767 0.608611
vn 0.05149973 0.8234868 0.5649931
vn 0.1198474 0.8383976 0.53172
vn -0.06908708 0.9958894 0.05857668
vn 0.05841226 0.9836015 0.1706343
vn 0.1600392 0.9439045 0.2888454
vn -0.01863938 0.5064526 0.8620663
vn -0.1258947 0.5625189 0.8171431
vn 0.1358113 0.4112159 0.9013638
vn 0.2274886 0.3463566 0.9101022
vn -0.2124304 -0.1834517 0.9598014
vn 0.2280569 -0.6578889 0.717755
vn 0.1336734 -0.7228158 0.6779887
vn -0.007182053 -0.0001392008 -0.9999743
vn -0.01244809 0.0007658038 -0.9999222
vn -0.005462111 0.1894479 -0.9818755
vn -0.0003725947 -0.0007872428 -0.9999996
vn -0.0002100247 -0.0004519774 -0.9999998
vn -0.0006809215 -0.0005957166 -0.9999996
vn -0.0007696561 0.0001864006 -0.9999997
vn -0.0002552891 -8.300041e-05 -1
vn -9.712009e-05 -4.52917e-05 -1
vn -9.870834e-05 -0.0005946258 -0.9999998
vn -0.1009843 0.02997507 -0.9944363
vn -0.103414 0.03072526 -0.9941637
vn -0.4449737 0.1328191 -0.8856395
vn -0.0002206485 0.0003522029 -0.9999999
vn -0.000102999 5.645706e-05 -1
vn 0.001967843 -0.002104467 -0.9999958
vn 0.004094872 -0.03668322 -0.9993185
vn -0.004887019 -0.02759217 -0.9996073
vn 0.01123413 0.1826654 -0.983111
vn 0.0003279043 4.273978e-05 -1
vn -0.0001775382 -0.0001682332 -1
vn 0.0002779959 -0.0007028567 -0.9999997
vn 0.0004012292 0.0001349532 -0.9999999
vn 0.0001060493 0.0005068724 -0.9999999
vn 0.0001326102 0.0001828263 -1
vn 0.0003661283 0.0008237656 -0.9999995
vn 0.002747803 -0.000211037 -0.9999962
vn 0.0008981909 -0.00102184 -0.999999
vn 0.001202729 -0.0004935874 -0.9999992
vn 0.0003154738 -0.0001724346 -0.9999999
vn 3.347554e-05 -4.556385e-05 -1
vn -0.0001592151 0.000147322 -0.9999999
vn -0.0001469166 0.0003766028 -0.9999999
vn -0.0002874868 -0.0001855826 -0.9999999
vn -0.0004010886 0.0002851197 -0.9999999
vn -0.0003481994 -0.0004685216 -0.9999998
vn -6.277404e-05 0.0004293346 -0.9999999
vn -5.864819e-05 -0.0002919275 -1
vn 0.003394732 0.02893705 -0.9995755
vn 0.001828156 0.001755617 -0.9999967
vn 0.0001174908 0.0002075838 -0.9999999
vn 0.008355803 -0.1846336 -0.9827719
vn -0.001610174 -0.1837554 -0.9829707
vn -0.00395892 0.03426281 -0.999405
vn -0.001167996 0.0008135616 -0.999999
vn -6.343894e-05 -0.0001043401 -1
vn 5.241887e-06 -2.396195e-05 -1
vn -0.0002088449 2.492892e-05 -1
vn -4.613356e-05 4.954331e-05 -1
vn 3.607992e-05 -0.0003336657 -1
vn -1.369806e-05 1.865947e-05 -1
vn 0.0001535553 -0.0007658973 -0.9999997
vn 0.002959192 -0.0003943039 -0.9999956
vn 0.0006068958 -0.002272389 -0.9999973
vn 9.945232e-05 -0.0001294747 -1
vn -3.724502e-05 2.871987e-05 -1
vn -0.0002676 0.0001916679 -0.9999999
vn 0.0001514897 -0.0005273207 -0.9999999
vn -9.138639e-06 8.200027e-05 -1
vn -1.879248e-06 0.0001556174 -1
vn -2.468241e-05 0.0001056354 -1
vn 0.001481718 0.0001572998 -0.9999989
vn 0.0001926681 0.0001171292 -1
vn -0.001162248 -0.0007733896 -0.999999
vn -0.00013142 0.0003297346 -0.9999999
vn -0.001712265 -0.0002245393 -0.9999985
vn -0.05064247 -0.9438727 0.3264042
vn -0.05718712 -0.99836 -0.002611221
vn -0.05009049 -0.9580359 0.2822378
vn -0.06298183 -0.998013 0.001861442
vn -0.0002516578 -0.001432327 0.999999
vn 1.56309e-05 -5.650522e-05 1
vn 5.085335e-05 -5.060089e-05 1
vn 0.001873708 -0.0005137543 0.9999981
vn 0.0008505721 -0.0004256217 0.9999995
vn 0.0008400551 0.0002753889 0.9999996
vn 0.003125815 -0.002034236 0.999993
vn -0.1028827 -0.134676 0.9855341
vn -0.01977698 -0.02789406 0.9994152
vn 1.432189e-05 -1.886676e-05 1
vn 1.005538e-05 -2.153507e-05 1
vn 6.662926e-06 -2.29153e-05 1
vn 1.509431e-05 -1.874729e-05 1
vn -0.002226635 -0.0004180446 0.9999974
vn 1.61388e-05 -1.882026e-05 1
vn 0.001170115 0.0008208118 0.999999
vn -0.06481297 -0.08902529 0.9939184
vn -0.01911893 -0.020392 0.9996092
vn -0.01203097 -0.003586835 0.9999212
vn -0.002532921 0.0007931747 0.9999965
vn -0.006858996 0.002413828 0.9999736
vn 1.257127e-05 -1.858841e-05 1
vn -0.02430204 -0.04500269 0.9986913
vn 1.436833e-05 -1.863291e-05 1
vn -0.005976062 -0.009842433 0.9999337
vn -0.005537764 -0.004290251 0.9999754
vn -0.02869024 0.01754248 0.9994345
vn -0.02270718 0.01620008 0.9996109
vn -0.06011561 0.04253044 0.9972849
vn -0.0338394 0.02671632 0.9990702
vn -0.01187099 0.003015327 0.999925
vn 1.391647e-05 -1.890923e-05 1
vn 2.732997e-05 -3.053565e-05 1
vn 3.061362e-05 -3.55647e-05 1
vn -3.131361e-05 0.0001257255 1
vn 1.976813e-05 -2.794629e-05 1
vn 2.372854e-05 -3.882609e-05 1
vn -2.988162e-05 -5.914706e-06 1
vn -5.400775e-07 -8.961057e-05 1
vn -4.609639e-05 -4.813342e-05 1
vn 1.282022e-05 -1.541779e-05 1
vn 2.04055e-05 -3.317496e-05 1
vn -0.0002415449 -0.0002073703 0.9999999
vn -0.0006128151 0.0002921286 0.9999998
vn 2.796836e-05 -3.512019e-05 1
vn 1.528409e-05 -2.042696e-06 1
vn -9.180207e-06 9.007484e-06 0.9999999
vn -3.408302e-06 -0.0001005344 1
vn -0.0005821511 0.0100271 0.9999495
vn -0.9897311 -0.1414385 0.02067544
vn -0.9013869 -0.4329067 0.009661416
vn -0.995548 -0.06361107 0.06955591
vn -0.9908181 -0.1267319 0.04709975
vn -0.7763492 0.06128863 0.6273162
vn -0.9591716 0.1478529 0.2411002
vn -0.9898824 0.1403194 0.02105531
vn -0.9747007 0.07743599 0.2096716
vn -0.9030992 0.4282023 0.03247579
vn -0.9539546 0.2936114 0.06134281
vn -0.9990661 -0.02834688 0.03260843
vn -0.9972804 -0.05171571 0.0525086
vn -0.9662183 -0.01734354 0.2571408
vn -0.9887264 -0.06602749 0.1343886
vn -0.9641273 0.1056943 0.2434897
vn 0.1118496 0.9766325 -0.1835174
vn 0.05266666 0.9562803 -0.2876704
vn 0.1255298 0.9813856 -0.1453429
vn -0.1717211 -0.09498187 0.9805562
vn -0.09768779 -0.06388909 0.9931643
vn -0.05966539 -0.04194406 0.9973369
vn -0.03399126 -0.1508583 0.9879708
vn -0.04270173 -0.1691942 0.9846572
vn -0.007121528 -0.0879102 0.9961029
vn -0.5745926 -0.8169896 0.04869749
vn -0.2140502 -0.9767315 0.01334598
vn -0.4762915 -0.8776378 -0.05383496
vn -0.6718053 -0.7069415 0.2211591
vn -0.7228239 -0.6878099 0.06665821
vn -0.6590631 -0.7465192 0.09135059
vn -0.4287883 -0.9005235 -0.07209629
vn -0.1415517 -0.989488 0.02960839
vn 0.609449 -0.7871973 -0.09429951
vn 0.2276561 -0.9695105 0.09067599
vn 0.09652981 -0.994795 0.03263045
vn 0.07666365 -0.74531 -0.6622957
vn -0.08817437 -0.9074837 -0.4107296
vn 0.08060728 -0.796676 -0.5990073
vn 0.1522386 -0.6188611 -0.7706065
vn -0.007768305 0.180903 -0.9834703
vn -0.185299 0.3243078 -0.9276253
vn -0.2056081 0.3400768 -0.9176454
vn -0.3030146 0.4137109 -0.8585019
vn 0.2706629 0.9348257 -0.2298748
vn 0.05159206 0.8664967 0.4965095
vn -0.06240603 0.7845749 0.6168854
vn 0.01895097 0.5931365 0.8048788
vn 0.04390214 0.5332595 0.8448118
vn 0.2290827 0.2906977 0.9289865
vn -0.1873224 -0.6666844 0.7214167
vn 0.2800478 -0.920171 0.2736027
vn 0.2750377 -0.9215516 0.2740382
vn 0.1258378 -0.9459033 0.2990516
vn -0.05069206 -0.997613 0.04688901
vn 0.0115166 -0.9965603 0.08206665
vn 0.1066687 -0.987761 -0.1137972
vn 0.08648741 -0.3493421 -0.9329952
vn 0.01811154 -0.2525609 -0.9674115
vn 0.02704302 -0.2800062 -0.9596173
vn -0.05299539 -0.1883776 -0.9806657
vn 0.1862758 0.7202308 -0.6682581
vn 0.1541844 0.8575299 -0.4907848
vn 0.1132335 0.8085143 -0.5774798
vn -0.01767676 0.9548224 -0.2966508
vn 0.1782426 0.8495898 0.4964138
vn 0.2873998 0.8425677 0.4555007
vn 0.1797255 0.8664997 0.4657007
vn -0.1748013 0.4768039 0.8614537
vn 0.2518754 -0.3750013 0.8921508
vn 0.3791723 -0.2882852 0.8792725
vn 0.2878968 -0.2980807 0.9100897
vn -0.2199538 -0.9333834 0.2835765
vn 0.5559391 0.7983243 0.2315382
vn 0.2786846 0.9564866 0.08641934
vn 0.4585642 0.8703037 0.1796951
vn 0.1858219 0.9817977 0.039288
vn 0.6447862 -0.7633429 -0.03947668
vn 0.7029999 -0.7064182 -0.08224739
vn 0.6670308 -0.7429683 -0.05539108
vn 0.7279116 -0.678073 -0.1017921
vn -0.9540054 -0.2963378 0.04536214
vn -0.8620744 -0.4885269 0.1347932
vn -0.8955171 -0.4314519 0.1090794
vn -0.9911763 -0.1294069 0.02869269
vn -0.7674347 0.640097 -0.03632776
vn -0.7883091 0.6146365 -0.02812096
vn 0.9991884 0.03916851 0.009394913
vn 0.9992651 0.001994068 0.03827715
vn 0.9970208 0.01648873 0.07534938
vn 0.9981275 -0.008159747 0.06062096
vn 0.9579471 0.02956789 0.2854176
vn 0.9992005 0.02811332 -0.02842552
vn 0.9991489 -0.01223449 0.0393917
vn 0.9996526 0.02356212 -0.01181654
vn -0.9987187 0.01677931 0.04774411
vn -0.9990574 0.004692084 0.04315377
vn -0.998533 0.04038956 -0.03606507
vn -0.9984331 0.05207973 -0.02047153
vn -0.9984484 -0.002789014 0.05561518
vn -0.9991912 0.03310386 0.0228283
vn -0.9983464 -0.002635595 0.05742287
vn -0.9991372 0.04151428 -0.001131726
vn -0.8109088 -0.5673735 0.1432279
vn 0.02765098 0.01720765 0.9994695
vn -0.01651344 -0.4677351 0.8837144
vn -0.07870693 -0.1285043 0.9885808
vn -0.2367537 0.3917125 0.8891058
vn 0.09849331 -0.0155468 0.9950163
vn 0.3290993 0.3204122 0.8882734
vn -0.06961951 0.0099079 0.9975244
vn -0.1537075 0.02696623 0.9877484
vn -0.05498802 -0.0292401 0.9980588
vn -0.09683043 0.03107185 0.9948158
vn -0.06993736 -0.01743602 0.997399
vn 0.1511779 -0.0759019 0.9855882
vn -0.01408199 0.02445826 0.9996017
vn -0.02544698 0.02391756 0.9993899
vn 0.004345894 0.02409901 0.9997001
vn -0.06660098 0.03049492 0.9973136
vn -0.08858212 0.02437804 0.9957705
vn 0.002243909 0.4166711 0.9090546
vn 0.03460367 0.1717938 0.984525
vn 0.002844105 0.02927947 0.9995672
vn 0.001538526 0.03484317 0.9993916
vn 0.1376535 -0.08214784 0.9870679
vn 0.1029574 -0.033991 0.9941048
vn 0.09476006 -0.0355759 0.9948643
vn 0.01082934 0.005421038 0.9999266
vn 0.9999269 0.00341104 0.01159753
vn 0.9999673 -0.005688376 0.005763713
vn 0.9989759 -0.02241728 0.03930028
vn 0.9992742 0.03590526 0.01272765
vn 0.9999336 0.000983258 0.01148194
vn 0.9922534 0.1201008 -0.0317644
vn 1 0.0001909569 -1.472987e-05
vn 1 0.0001905279 -1.470669e-05
vn 1 0.0001904211 -1.489122e-05
vn 0.9994851 -0.005925793 0.03153224
vn 1 0.000190427 -1.486761e-05
vn 0.9999469 0.007140575 0.007435933
vn 0.9999799 0.00409776 0.004832589
vn 0.9974512 -0.009228409 0.07075237
vn 0.9919455 0.06169722 0.1106241
vn 0.02011562 0.05699507 -0.9981718
vn 0.02409572 0.04160983 -0.9988434
vn -0.03554868 -0.01019709 -0.9993159
vn -0.03996914 -0.05978148 -0.997411
vn 0.06775025 0.03022119 -0.9972445
vn 0.05360517 -0.03368669 -0.9979938
vn 0.07460216 -0.02797078 -0.996821
vn 0.0012837 -0.07817902 -0.9969385
vn -0.07427026 -0.07660414 -0.9942917
vn -0.06383882 0.01133549 -0.9978958
vn 0.009382677 0.05583142 -0.9983961
vn 0.07784092 0.02247616 -0.9967124
vn 0.1065808 0.05189944 -0.9929487
vn 0.07447589 -0.03854795 -0.9964775
vn -0.002628326 -0.06532243 -0.9978608
vn 0.005450578 -0.0864689 -0.9962397
vn -0.06718011 -0.04895677 -0.9965391
vn -0.07630441 0.03207605 -0.9965685
vn 0.00514732 0.04933914 -0.9987687
vn 0.02096641 0.06192595 -0.9978605
vn 0.04970108 0.02185431 -0.998525
vn 0.03389357 -0.02370611 -0.9991443
vn 0.05783971 -0.02866077 -0.9979144
vn 0.001626135 -0.05219079 -0.9986358
vn -0.09354993 -0.008709248 -0.9955765
vn -0.08311932 -0.03440847 -0.9959453
vn -0.07756448 0.03892284 -0.9962273
vn -0.1791909 0.981374 0.06925232
vn -0.06788105 0.99548 0.0664207
vn -0.1859753 0.9823014 0.0222978
vn 0.9976528 0.0001402394 0.0684755
vn 0.9960281 -0.007340558 -0.08873748
vn 1 0.0001901303 -1.215467e-05
vn 0.9980314 -0.03319589 0.05321055
vn 0.9998456 -0.003304604 0.01726481
vn 0.9999359 -0.005118646 0.01009706
vn 0.8891702 0.2859248 0.357244
vn 0.999853 0.009998555 -0.01393061
vn 0.9260092 0.3774925 -0.00250599
vn 0.9996389 -0.02543392 0.008672769
vn 0.9939157 0.01028948 -0.109661
vn 0.998999 -0.04011084 0.01980097
vn 0.9990174 -0.03895431 0.02114007
vn 0.999878 -0.004545818 -0.01494064
vn 0.9999892 0.003986433 0.002391671
vn 0.3046388 0.8255631 0.4750166
vn 0.3054541 0.8216717 0.4812001
vn 0.3075719 0.8109497 0.4977551
vn 0.3095737 0.7998788 0.5141575
vn 0.8661013 0.001459615 -0.4998664
vn 0.6895542 -0.4762766 0.5455967
vn 0.4883238 -0.8385717 -0.2415314
vn -0.4670503 -0.8766667 0.1154103
vn -0.4591199 -0.8838419 0.08962373
vn -0.437643 -0.8988121 0.02460785
vn -0.4240691 -0.905529 -0.01351928
vn -0.9128215 0.1576052 0.3767197
vn -0.9504086 0.1217678 0.2861751
vn -0.9964895 -0.02407813 -0.08018098
vn -0.9754274 -0.07493336 -0.2071866
vn -0.3632168 0.7833859 -0.504361
vn 0.3053432 0.9230535 0.2339607
vn -0.1679918 0.9408371 -0.2942861
vn 0.9998942 -0.007262781 -0.01260111
vn 0.9727913 0.1187678 0.1989253
vn 0.9303649 0.187838 0.3148622
vn 0.6868462 0.6654311 -0.2923076
vn 0.9705976 -0.1230351 -0.206888
vn 0.4686432 -0.8576984 0.2114876
vn 0.5108544 -0.8501937 0.1272729
vn 0.5919411 -0.8024775 -0.07507147
vn 0.6268234 -0.7540906 -0.1960601
vn -0.6123309 -0.6660771 0.4259016
vn -0.2735419 -0.9256235 -0.2615265
vn -0.8744924 -0.3194602 -0.3649771
vn -0.6794743 0.6091896 0.4089044
vn -0.7185493 0.6017252 0.3487316
vn -0.8215893 0.5539353 0.1347095
vn -0.8701179 0.4906567 -0.0463763
vn -0.1214639 0.9925922 -0.002715898
vn -0.3596275 0.9327154 0.02664831
vn -0.5795977 0.814792 -0.01343622
vn -0.7297886 -0.6831548 -0.02660899
vn -0.8556377 -0.5146614 0.05484357
vn -0.7792473 -0.6267116 0.002464293
vn -0.887243 -0.4541782 0.08075936
vn -0.2219344 0.9697301 -0.1018259
vn 0.0941658 0.9946121 0.04335275
vn -0.09454337 0.9945779 -0.04331614
vn 0.2215662 0.9698106 0.1018616
vn 0.8874158 -0.4538374 -0.08077683
vn 0.7794861 -0.6264146 -0.00248774
vn 0.8558336 -0.5143334 -0.05486314
vn 0.7300491 -0.6828775 0.0265836
vn -0.8683183 -0.4958346 -0.01309254
vn -0.5902503 -0.8057443 0.04879398
vn -0.6329864 -0.7730699 0.0411236
vn -0.8931213 -0.4493285 -0.02093459
vn -0.1118621 0.9931913 -0.03252638
vn -0.5628052 0.825672 0.03893566
vn -0.5093606 0.8600384 0.02976135
vn -0.05570506 0.9976203 -0.04062765
vn 0.885728 -0.4626058 -0.03849433
vn 0.9968749 0.05652938 0.05517969
vn 0.9989009 -0.02057943 0.04211258
vn 0.8478902 -0.5276813 -0.05132857
vn -0.8940386 -0.4310789 -0.1219264
vn -0.8014642 0.5871122 0.1138168
vn -0.1081021 0.9876079 -0.1137744
vn 0.8201349 0.5590276 0.1219298
vn 0.8265622 -0.5413777 -0.1539652
vn 0.05594523 -0.9864977 0.1539236
vn -0.9746119 -0.2230509 0.0194931
vn -0.9352826 -0.3502659 -0.05059936
vn -0.9616804 -0.2740498 -0.008219256
vn -0.9122015 -0.4018568 -0.07999777
vn 0.3340804 0.9400505 -0.06852133
vn -0.07436395 0.9937412 0.08335672
vn 0.06862562 0.9971468 0.03144364
vn 0.4523158 0.8844444 -0.1147547
vn 0.7534088 -0.6574239 0.01299725
vn 0.8872708 -0.4473065 0.1125497
vn 0.8482827 -0.5236084 0.07906181
vn 0.6831291 -0.7297616 -0.02797312
vn 0.7678429 0.5652349 0.3015404
vn 0.7700731 0.5863422 0.2513768
vn 0.7554749 0.653942 0.040217
vn 0.744792 0.6670285 -0.01891167
vn -0.7235818 0.6852075 0.08318709
vn -0.7154679 0.6905683 0.1059301
vn -0.7227218 -0.6907027 -0.02455474
vn -0.6877052 -0.7236076 -0.05876677
vn -0.6324334 -0.7741141 -0.02784911
vn -0.6178465 -0.7862887 0.003959268
vn -0.975077 0.1312608 0.178873
vn 0.6581212 -0.7394903 -0.1415294
vn 0.9915922 0.09890471 -0.08344292
vn 0.9805034 0.1965024 6.380505e-05
vn 0.9906643 0.0501604 -0.1267603
vn 0.9883534 0.01075211 -0.1517955
vn 0.9787169 0.0004812925 -0.2052145
vn 0.9985582 -0.0402416 0.03552819
vn 0.9779199 -0.04063984 -0.20499
vn 0.9957133 -0.04956692 0.07809073
vn 0.9967198 -0.04618081 0.06645994
vn 0.9819551 0.184399 0.04196779
vn 0.9993565 -0.03580346 -0.002141921
vn 0.9333838 -0.02893598 0.3577111
vn 0.9981607 -0.03557028 -0.04909068
vn 0.9985992 -0.04239771 0.0316539
vn 0.9985099 -0.02026006 0.05066964
vn 0.9952694 0.08791416 0.04135159
vn 0.9996496 -0.006544351 0.02564478
vn 0.0162357 -0.9986213 0.04991836
vn 0.009240681 -0.9982418 0.05854706
vn -0.3593885 -0.9331546 -0.007902966
vn -0.1174182 -0.992026 0.04579679
vn -0.9967504 -0.01629946 0.07888584
vn -0.9989804 -0.004103028 0.0449586
vn -0.9984313 0.006071209 0.05565975
vn -0.9985617 0.01363741 0.05185146
vn -0.9994971 -0.02556266 0.01876389
vn -0.9995112 -0.03125947 0.0002209365
vn -0.9496489 -0.02842793 0.3120236
vn -0.9990405 -0.03611278 -0.02478226
vn 0.0172784 0.9953929 0.09430969
vn 0.01589756 0.9955663 0.09270854
vn 0.01563653 0.9955987 0.09240582
vn 0.01446057 0.995742 0.0910419
vn -0.2667243 -0.9634417 0.02526476
vn -0.3616086 -0.9323227 0.003688539
vn 0.009695391 -0.999757 0.01979893
vn 0.006458623 -0.9995294 0.02998907
vn 0.2518798 0.9669722 0.03900547
vn 0.3583861 0.9335293 0.009076789
vn -0.4617163 0.8858237 0.0462002
vn -0.3689665 0.9294209 0.006357582
vn -0.1884412 -0.8947135 -0.4049415
vn 0.2742023 -0.4174504 -0.8663419
vn -0.1433504 0.2182345 -0.9653105
vn 0.1056874 0.9059438 -0.4099952
vn -0.01042089 0.9698018 -0.2436716
vn 0.01004514 0.9617225 -0.273841
vn -0.1060562 0.989533 -0.09785915
vn 0.1431782 0.6716771 0.7268767
vn -0.01691135 0.4775429 0.8784457
vn 0.01674588 0.5219548 0.8528087
vn -0.143338 0.2936085 0.9451181
vn 0.1538427 -0.7214844 0.6751241
vn 0.146554 -0.7274394 0.6703385
vn 0.1473972 -0.7267554 0.6708955
vn 0.1373566 -0.7348197 0.6642087
vn -0.006023621 -0.9676582 -0.252193
vn 0.006384103 -0.9641009 -0.2654594
vn 0.2132121 -0.8547627 -0.4732031
vn -0.1850275 0.3884909 -0.9026847
vn -0.07337148 0.3119404 -0.9472643
vn -0.05881117 0.3015698 -0.9516285
vn 0.04322253 0.2264449 -0.9730644
vn -0.001576094 0.9145026 0.4045771
vn -0.08658209 0.9412442 0.3264396
vn 0.006243579 0.9113981 0.4114786
vn 0.08996851 0.8713475 0.4823474
vn -0.04901903 -0.3948787 0.9174246
vn 0.05380195 -0.3112203 0.9488136
vn 0.04644878 -0.3174227 0.9471458
vn 0.1601413 -0.2176632 0.9627967
vn -0.2128703 -0.9769213 -0.0176324
vn -0.00239282 0.9999971 -0.0003560086
vn -0.03639798 0.9986369 -0.03740918
vn 0.031353 0.9990914 -0.02886689
vn 0.336165 0.9335052 -0.1247447
vn 0.00218293 -0.999964 -0.008201126
vn -0.007654385 -0.9999678 0.002377005
vn -0.008755915 -0.9999554 0.003561564
vn -0.01850265 -0.9997301 0.01404363
vn -0.618462 -0.7832861 -0.06298964
vn 0.5790841 0.7544808 -0.308902
vn 0.4935374 0.8645557 -0.09468053
vn 0.9993844 0.0260389 -0.02351186
vn 0.7134703 -0.6997464 -0.03626572
vn -0.7285036 0.6845084 -0.02703165
vn 0.7841787 0.619964 -0.02661191
vn 0.02248419 0.9997239 -0.006834
vn 0.003146834 0.999027 0.04399165
vn 0.01682044 0.999826 0.008068414
vn -0.002364394 0.9982876 0.05844888
vn 0.0006570037 -0.9999865 -0.005156683
vn -0.009469354 -0.9994164 -0.03282077
vn -0.002376288 -0.9999068 -0.01344393
vn -0.01233684 -0.9990972 -0.04065332
vn -0.08947404 0.9955401 0.02990377
vn -0.07215651 0.997327 0.01150054
vn -0.0434609 0.9989592 0.0138425
vn -0.04320629 0.9989563 -0.01481396
vn -0.03988693 -0.999076 0.01600501
vn -0.02650649 -0.9994606 0.01938951
vn -0.0850682 -0.9963616 -0.005187639
vn -0.07157442 -0.9974351 0.000546656
vn 0.00394642 -0.9868388 0.1616593
vn 0.01149074 -0.9793575 0.2018087
vn -0.05865217 0.9866686 0.1518061
vn -0.04527549 0.9948217 0.09099382
vn 0.5332217 0.7483454 0.3945298
vn 0.6490357 -0.7606703 -0.01154393
vn 0.7000126 -0.712742 0.04451133
vn 0.7064565 -0.7058402 0.0520433
vn 0.7312035 -0.6772012 0.08209752
vn -0.8651247 -0.4997695 0.0423045
vn -0.999845 -0.0175103 0.001839892
vn -0.9999388 -0.01049649 -0.003517908
vn -0.9998821 -0.0153516 0.0001907776
vn -0.9997262 -0.02267071 0.005782465
vn -0.009085017 0.9996808 0.02357184
vn -0.002719539 0.9994588 0.03278286
vn 0.00112591 0.9992639 0.03834509
vn 0.007414598 0.9988467 0.04743772
vn 0.9556122 0.29406 0.01827707
vn 0.1253624 -0.9920952 -0.00560447
vn 0.1701124 -0.9853425 0.01273071
vn 0.3673704 -0.9290258 0.04415959
vn -0.6128063 0.7886893 -0.0493716
vn -0.5457854 0.8378851 0.008178137
vn -0.5734903 0.8190746 -0.0150241
vn -0.5020455 0.8637547 0.04333556
vn -0.5954292 -0.8025945 -0.03614097
vn -0.4155339 -0.9057513 0.08334313
vn -0.517158 -0.8556916 0.01842577
vn -0.6777982 -0.7285139 -0.09928224
vn -0.1305072 0.6625201 0.7375873
vn 0.01501661 0.7183425 0.6955275
vn -0.0571414 0.5800309 0.8125879
vn -0.01574105 0.7045241 0.7095055
vn -0.01746202 0.718719 0.6950813
vn 0.01410896 -0.6623997 0.7490177
vn 0.04959633 -0.6379812 0.7684531
vn 0.02357665 -0.6556696 0.7546797
vn -0.0699679 -0.6691444 0.7398313
vn -0.02867186 -0.6662105 0.7452124
vn 0.05698498 -0.5573542 0.828317
vn -0.02891999 0.7820271 0.6225731
vn -0.02627217 0.7734838 0.6332713
vn -0.003116593 0.6931473 0.7207892
vn 0.0009816342 0.6778896 0.735163
vn 0.8758661 0.01949296 0.4821602
vn 0.8172543 0.1792907 0.547677
vn -0.7913031 0.01187055 0.6113089
vn 0.02605851 -0.4006639 0.9158545
vn 0.0212534 -0.367796 0.9296635
vn 0.0002939762 -0.2211393 0.9752422
vn -0.00157048 -0.2078386 0.9781619
vn -0.6084855 0.4020985 0.6841506
vn 0.7927631 -0.007988255 0.6094776
vn -0.001542058 -0.7304965 0.6829147
vn 0.0006501502 -0.739013 0.673691
vn 0.01267659 -0.7836033 0.6211323
vn 0.01390306 -0.7879474 0.6155856
vn -0.848156 -0.01488065 0.5295374
vn -0.1170218 -0.7688004 0.6286904
vn -0.01449536 -0.6792221 0.7337896
vn -5.609516e-05 -0.0001964924 -0.9999999
vn -0.00162444 -0.000280836 -0.9999986
vn -0.0006589196 -0.0005282572 -0.9999996
vn -0.002218177 0.001441111 -0.9999965
vn -0.003698243 0.0009334089 -0.9999927
vn -0.001048056 0.001249644 -0.9999987
vn -4.728247e-05 0.0001798153 -1
vn -0.0002706359 0.0002540137 -0.9999999
vn -0.9750072 0.01127086 -0.2218875
vn -0.8986549 0.4094134 -0.1574799
vn -0.8860576 -0.2544322 -0.3875127
vn -0.4896898 -0.5926042 0.63955
vn 0.1156172 -0.8760495 -0.4681559
vn 0.6920364 -0.4509358 0.5636866
vn 0.9462031 -0.1322681 -0.2953046
vn 0.5436667 0.8392858 -0.005087676
vn 0.5413674 0.8407813 0.002870052
vn -0.06087509 0.9980854 -0.01093881
vn 0.2140819 0.9763358 0.03061749
vn -0.5843291 0.8114404 -0.01113706
vn -0.7746526 0.6317614 -0.02812034
vn -1.435928e-05 1.853446e-05 -1
vn -1.460735e-05 1.842387e-05 -1
vn -1.371161e-05 1.851799e-05 -1
vn -1.32913e-05 1.869748e-05 -1
vn -1.347051e-05 1.868178e-05 -1
vn -1.363394e-05 1.87699e-05 -1
vn -1.380337e-05 1.862955e-05 -1
vn -1.396025e-05 1.880827e-05 -1
vn -0.6933354 0.5956503 0.4055694
vn -0.8846284 0.37155 -0.2817505
vn -0.6651495 -0.721563 0.1921537
vn -0.7254508 -0.6882676 0.002967359
vn -0.4890407 -0.70706 0.5107891
vn -0.4311753 -0.6874394 0.5843928
vn 0.3804997 -0.7942846 -0.473637
vn 0.8348471 -0.2892416 0.4683689
vn 0.9463743 0.02593779 -0.3220294
vn 0.3221388 0.9464889 0.01963012
vn 0.2910755 0.9551213 -0.05494012
vn 0.1980008 0.9468449 -0.2535358
vn 0.1661277 0.9345525 -0.3146635
vn -1.402537e-05 1.862975e-05 -1
vn -1.3925e-05 1.862126e-05 -1
vn -1.321755e-05 1.893233e-05 -1
vn -1.408155e-05 1.855365e-05 -1
vn -1.442937e-05 1.932354e-05 -1
vn -1.097193e-05 2.06363e-05 -1
vn -1.338582e-05 1.860394e-05 -1
vn -0.1198727 0.893007 0.4337845
vn -0.8762065 0.297167 -0.3794129
vn -0.8895784 0.3229537 -0.3230343
vn -0.9033372 0.3607771 -0.2319951
vn -0.9060853 0.373431 -0.1988937
vn -0.5812381 -0.7978318 0.1600834
vn -0.5660962 -0.8175266 0.1057613
vn -0.5215145 -0.8528433 -0.02609028
vn -0.4983545 -0.8628675 -0.08427525
vn 0.5762582 -0.8114481 0.09735806
vn 0.5975474 -0.8012008 0.0318495
vn 0.6441099 -0.7465059 -0.1668872
vn 0.6526109 -0.7231706 -0.2261046
vn 0.9049344 0.3880325 0.1747127
vn 0.4200867 0.5521138 -0.7202066
vn -0.9996188 -0.01793009 0.020995
vn -0.9996998 -0.02157211 0.01162253
vn -0.9996567 -0.02471788 0.008702624
vn -0.9742038 0.2228918 -0.03530082
vn -0.9790864 0.2011203 -0.030666
vn -0.9931817 0.03882919 0.1099198
vn -0.9995732 0.02466485 0.01565495
vn -0.9996095 0.02667793 0.008313839
vn -0.9994434 0.01656466 0.02895933
vn -0.9993758 -0.003831399 0.03512141
vn -0.03391871 0.006670353 0.9994024
vn -0.01537269 -0.001733999 0.9998803
vn -0.0262087 0.00317603 0.9996514
vn -0.008909347 -0.004662091 0.9999494
vn -0.120873 0.9919623 0.03742459
vn -0.1590659 0.9871887 0.01251711
vn -0.1434 0.9894031 0.02276323
vn -0.1828003 0.9831452 -0.003085659
vn -0.9821752 -0.05723988 0.1790406
vn -0.9856762 -0.08426967 0.1460857
vn -0.9817594 -0.07613338 0.1742187
vn -0.9996805 0.0189214 -0.01675734
vn -0.9999304 0.01179467 0.0002045346
vn -0.999932 0.008545988 -0.007941683
vn -0.9996109 -0.02789083 -0.0002117049
vn -0.9992896 -0.03091287 0.02155326
vn -0.9994984 -0.01919753 0.0251871
vn -0.9997712 0.00102973 0.02136478
vn -0.02119764 0.005922274 0.9997578
vn -0.01481866 0.00273601 0.9998865
vn -0.01855473 0.00460213 0.9998173
vn -0.01248381 0.001569825 0.9999209
vn -0.1607801 -0.9868114 0.01879037
vn -0.1618406 -0.9866231 0.0195526
vn -0.1614479 -0.986693 0.01927034
vn -0.1625206 -0.9865016 0.0200414
vn 0.9998954 0.00673385 -0.01280301
vn 0.9744624 0.05330717 0.2181316
vn 0.0477911 0.7674093 -0.6393739
vn 0.04050738 0.7792421 -0.6254126
vn 0.1028111 -0.4774463 -0.8726253
vn 0.1144338 -0.5121146 -0.8512598
vn -0.02556319 -0.9930258 -0.1150933
vn 0.0291153 -0.6337055 0.7730263
vn -0.04532979 -0.7294435 0.6825375
vn 0.02264477 0.7648143 0.6438528
vn -0.009098207 0.717389 0.6966134
vn 0.1817771 -0.9312674 0.3157501
vn 0.03803425 -0.7976776 0.6018835
vn 0.0525602 -0.7469176 0.6628359
vn -0.03610502 -0.04072289 0.9985179
vn 0.08551374 0.3395251 0.9367017
vn 0.1073568 0.524803 0.8444266
vn 0.05483108 0.6876789 -0.7239416
vn 0.03369064 0.7174839 -0.6957598
vn 0.04643097 0.699717 -0.7129096
vn 0.02447146 0.7299733 -0.6830374
vn 0.1180637 -0.746646 -0.6546606
vn 0.1335703 -0.7765695 -0.6157099
vn -0.5279612 0.8492373 -0.007282789
vn -0.8718024 -0.4858638 0.06242565
vn -0.6887743 -0.7246687 0.021097
vn -0.8947945 0.4103225 -0.176006
vn -0.7552321 -0.5849447 -0.2957431
vn -0.1969198 0.006868539 -0.9803956
vn -0.2843061 0.9586903 0.009114337
vn -0.2635163 0.9629087 0.05801638
vn 0.001683966 0.5695039 -0.8219869
vn 0.006684769 0.5864245 -0.8099763
vn -0.001190188 -0.6048586 -0.796332
vn 0.01145978 -0.5606596 -0.827967
vn -0.6019703 0.0440811 0.7973009
vn -0.04898233 -0.860716 0.5067233
vn -0.04546835 -0.8860465 0.4613614
vn 0.3755221 -0.03675378 0.9260844
vn -0.2700347 -0.3488319 0.8974395
vn -0.6348709 -0.7108569 0.3026902
vn -0.6766578 -0.01031658 0.7362254
vn -0.6776234 -0.01021233 0.7353382
f 1//1 2//2 5//3
f 6//4 7//5 4//6
f 2//2 9//7 5//3
f 5//3 9//7 8//8
f 10//9 11//10 2//2
f 9//7 2//2 11//10
f 3//11 4//12 13//13
f 13//13 12//14 14//15
f 13//13 14//15 3//11
f 7//5 6//4 11//10
f 7//5 11//10 10//9
f 1//1 5//3 12//14
f 10//9 1//1 7//5
f 7//5 1//1 12//14
f 7//5 12//14 13//13
f 15//16 17//17 8//18
f 8//18 17//17 5//19
f 5//19 17//17 16//20
f 17//17 15//16 217//21
f 217//21 18//22 17//17
f 18//22 217//21 247//23
f 18//22 247//23 19//24
f 18//22 19//24 20//25
f 186//26 21//27 19//24
f 19//24 21//27 20//25
f 248//28 21//27 186//26
f 21//27 248//28 22//29
f 22//29 248//28 216//30
f 23//31 22//29 216//30
f 24//32 25//33 26//34
f 27//35 28//36 29//37
f 30//38 31//39 32//40
f 33//41 34//42 35//43
f 41//44 40//45 42//46
f 41//44 42//46 37//47
f 44//48 43//49 40//45
f 43//49 44//48 45//50
f 43//49 45//50 46//51
f 46//51 45//50 38//52
f 46//51 38//52 49//53
f 48//54 49//53 38//52
f 38//52 45//50 50//55
f 26//34 335//56 334//57
f 51//58 26//34 52//59
f 52//59 26//34 334//57
f 48//54 38//52 53//60
f 48//54 53//60 29//37
f 54//61 55//62 39//63
f 54//61 346//64 56//65
f 54//61 56//65 57//66
f 54//61 57//66 58//67
f 54//61 58//67 29//37
f 29//37 58//67 59//68
f 60//69 37//70 352//71
f 60//69 352//71 61//72
f 61//72 352//71 325//73
f 61//72 325//73 62//74
f 48//54 36//75 37//47
f 48//54 37//47 47//76
f 47//76 37//47 42//46
f 37//70 63//77 352//71
f 352//71 63//77 64//78
f 64//78 63//77 65//79
f 64//78 65//79 353//80
f 353//80 65//79 349//81
f 349//81 65//79 31//39
f 31//39 65//79 32//40
f 48//54 32//40 36//75
f 67//82 68//83 69//84
f 69//84 68//83 70//85
f 69//84 70//85 71//86
f 72//87 68//88 73//89
f 66//90 41//44 73//89
f 73//89 41//44 37//47
f 73//89 37//47 72//87
f 34//42 33//41 74//91
f 74//91 33//41 75//92
f 75//92 33//41 68//83
f 75//92 68//83 67//82
f 76//93 350//94 32//40
f 30//38 32//40 77//95
f 77//95 32//40 350//94
f 77//96 350//96 351//96
f 78//97 330//98 32//40
f 32//40 330//98 79//99
f 32//40 79//99 76//93
f 29//37 59//68 27//35
f 27//35 59//68 304//100
f 27//101 304//102 80//103
f 80//103 304//102 348//104
f 80//105 348//105 81//105
f 39//63 82//106 83//107
f 39//63 83//107 84//108
f 54//61 39//63 346//64
f 346//64 39//63 84//108
f 346//64 84//108 85//109
f 85//109 84//108 347//110
f 85//111 347//111 86//111
f 52//59 334//57 332//112
f 52//59 332//112 337//113
f 52//59 337//113 39//63
f 39//63 337//113 87//114
f 39//63 87//114 82//106
f 26//34 51//58 24//32
f 88//115 89//116 45//50
f 45//50 89//116 344//117
f 45//50 344//117 51//58
f 51//58 344//117 90//118
f 51//58 90//118 24//32
f 44//48 91//119 45//50
f 45//50 91//119 308//120
f 45//50 308//120 88//115
f 92//121 94//122 40//45
f 40//45 94//122 93//123
f 95//124 94//122 362//125
f 40//45 93//123 44//48
f 44//48 95//124 96//126
f 362//125 94//122 97//127
f 97//127 94//122 92//121
f 98//128 99//129 100//130
f 100//130 99//129 91//131
f 100//130 91//131 96//132
f 96//126 91//119 44//48
f 95//124 362//125 363//133
f 95//124 363//133 101//134
f 95//124 101//134 96//126
f 102//135 360//136 103//137
f 354//138 41//44 35//43
f 35//43 41//44 66//90
f 35//43 66//90 33//41
f 104//139 105//139 361//139
f 105//140 361//141 92//142
f 105//140 92//142 355//143
f 355//144 92//121 40//45
f 355//144 40//45 106//145
f 106//145 40//45 41//44
f 106//145 41//44 107//146
f 107//146 41//44 108//147
f 102//135 103//137 354//148
f 354//148 103//137 109//149
f 354//138 109//150 41//44
f 41//44 109//150 110//151
f 41//44 110//151 108//147
f 50//55 39//63 38//52
f 38//52 39//63 55//62
f 32//40 48//54 29//37
f 32//40 29//37 78//97
f 78//97 29//37 28//36
f 111//152 112//153 113//154
f 111//152 113//154 71//155
f 111//152 71//155 70//156
f 115//157 61//158 116//159
f 116//159 61//158 62//160
f 116//159 62//160 114//161
f 116//159 114//161 117//162
f 118//163 119//164 104//165
f 104//165 119//164 120//166
f 104//165 120//166 244//167
f 121//168 122//169 360//170
f 360//170 122//169 123//171
f 360//170 123//171 241//172
f 124//173 125//174 98//175
f 98//175 125//174 219//176
f 220//177 126//178 86//179
f 86//179 126//178 127//180
f 128//181 129//182 351//183
f 351//183 129//182 224//184
f 130//185 131//186 81//187
f 81//187 131//186 242//188
f 132//189 133//189 134//189
f 134//190 133//190 135//190
f 134//191 135//191 136//191
f 136//192 135//193 137//194
f 137//194 135//193 138//195
f 137//196 138//197 139//198
f 137//196 139//198 140//199
f 140//200 139//201 132//202
f 132//203 139//203 133//203
f 149//204 150//204 141//204
f 141//205 150//206 142//207
f 141//208 142//208 143//208
f 141//209 143//209 144//209
f 144//210 143//211 145//212
f 144//210 145//212 146//213
f 146//214 145//215 147//216
f 147//216 145//215 148//217
f 147//218 148//219 149//220
f 149//220 148//219 150//221
f 151//222 152//223 153//224
f 153//224 152//223 154//225
f 153//226 154//227 155//228
f 153//226 155//228 156//229
f 156//230 155//231 157//232
f 157//232 155//231 158//233
f 157//234 158//235 159//236
f 159//236 158//235 160//237
f 159//238 160//239 151//240
f 151//240 160//239 152//241
f 161//242 162//243 163//244
f 163//244 162//243 164//245
f 163//246 164//246 165//246
f 165//247 164//247 166//247
f 165//248 166//248 167//248
f 167//249 166//249 168//249
f 167//250 168//251 169//252
f 169//252 168//251 161//253
f 161//253 168//251 162//254
f 170//255 171//255 172//255
f 170//256 172//256 173//256
f 173//257 172//258 174//259
f 173//257 174//259 175//260
f 175//261 174//262 176//263
f 176//263 174//262 177//264
f 176//265 177//266 178//267
f 178//267 177//266 171//268
f 178//269 171//269 170//269
f 70//270 194//271 111//272
f 179//273 111//272 194//271
f 23//274 181//275 180//276
f 23//274 182//277 181//275
f 183//278 115//279 116//280
f 116//280 184//281 183//278
f 184//281 185//282 183//278
f 183//278 185//282 19//283
f 19//283 185//282 186//284
f 186//284 185//282 187//285
f 186//284 187//285 188//286
f 186//284 188//286 189//287
f 180//276 190//288 198//289
f 190//288 191//290 198//289
f 191//290 119//291 198//289
f 198//289 119//291 192//292
f 193//293 192//292 119//291
f 192//292 193//293 123//294
f 192//292 123//294 200//295
f 200//295 123//294 111//272
f 200//295 111//272 179//273
f 14//296 235//297 3//298
f 3//298 235//297 142//299
f 3//298 142//299 194//300
f 22//29 23//31 166//301
f 195//302 196//303 23//31
f 23//31 196//303 166//301
f 196//303 195//302 246//304
f 196//303 246//304 197//305
f 197//305 246//304 215//306
f 198//307 197//305 215//306
f 197//305 198//307 199//308
f 199//308 198//307 192//309
f 200//310 201//311 199//308
f 200//310 199//308 192//309
f 201//311 200//310 179//312
f 194//300 142//299 179//312
f 179//312 142//299 201//311
f 131//313 185//282 202//314
f 202//314 185//282 203//315
f 203//315 185//282 204//316
f 184//317 129//318 185//319
f 185//320 129//320 204//320
f 129//318 184//317 205//321
f 206//322 369//323 189//324
f 189//324 188//325 206//322
f 206//322 188//325 126//326
f 131//327 452//328 187//329
f 126//326 188//325 207//330
f 207//330 188//325 208//331
f 188//325 187//329 208//331
f 208//331 187//329 452//328
f 116//159 117//162 184//317
f 184//317 117//162 205//321
f 209//332 123//333 210//334
f 123//333 193//335 210//334
f 210//334 193//335 455//336
f 455//336 193//335 119//337
f 125//338 211//339 191//340
f 125//338 191//340 190//341
f 125//338 190//341 454//342
f 180//343 212//344 190//341
f 190//341 212//344 454//342
f 123//345 122//346 111//347
f 111//347 122//346 213//348
f 111//347 213//348 112//349
f 120//350 119//351 453//352
f 453//352 119//351 214//353
f 119//351 191//340 214//353
f 214//353 191//340 211//339
f 198//289 215//354 180//276
f 180//276 215//354 246//355
f 180//276 246//355 23//274
f 23//274 216//356 182//277
f 182//277 216//356 189//287
f 189//287 216//356 248//357
f 15//358 115//279 217//359
f 217//359 115//279 183//278
f 189//287 248//357 186//284
f 212//360 181//361 218//362
f 218//362 219//363 212//360
f 212//360 219//363 454//364
f 219//363 125//365 454//364
f 206//366 220//367 369//368
f 369//368 220//367 221//369
f 221//369 182//370 369//368
f 220//367 206//366 126//371
f 224//372 129//373 205//374
f 222//375 117//376 114//377
f 222//375 223//378 117//376
f 117//376 223//378 205//374
f 205//374 223//378 224//372
f 112//379 225//380 226//381
f 213//382 122//383 121//384
f 112//379 226//381 113//385
f 213//382 121//384 112//379
f 112//379 121//384 225//380
f 201//386 150//206 148//387
f 174//388 172//389 21//390
f 21//390 172//389 20//391
f 172//389 171//392 20//391
f 20//391 171//392 227//393
f 22//394 177//395 174//388
f 22//394 174//388 21//390
f 228//396 139//397 138//398
f 228//396 138//398 18//399
f 133//400 17//401 18//399
f 138//398 135//402 18//399
f 18//399 135//402 133//400
f 17//401 133//400 139//397
f 229//403 230//404 139//397
f 229//403 139//397 239//405
f 231//406 229//403 239//405
f 139//397 230//404 16//407
f 139//397 16//407 17//401
f 239//405 232//408 231//406
f 230//404 231//409 16//407
f 233//410 239//405 143//411
f 239//405 233//410 232//408
f 234//412 233//410 143//411
f 197//413 158//414 237//415
f 237//415 158//414 155//416
f 237//415 155//416 154//417
f 237//415 154//417 236//418
f 236//418 154//417 152//419
f 236//418 152//419 199//420
f 199//420 152//419 160//421
f 199//420 160//421 197//413
f 197//413 160//421 158//414
f 237//415 196//422 197//413
f 22//394 166//423 164//424
f 162//425 168//426 196//422
f 196//422 168//426 166//427
f 164//424 162//425 238//428
f 199//420 201//386 148//387
f 148//387 145//429 199//420
f 199//420 145//429 239//405
f 150//206 201//386 142//207
f 234//412 142//430 235//431
f 234//412 143//411 142//430
f 239//405 139//397 228//396
f 22//394 164//424 238//428
f 171//392 177//395 227//393
f 227//393 177//395 22//394
f 227//393 22//394 238//428
f 162//425 196//422 238//428
f 238//428 196//422 240//432
f 196//422 237//415 240//432
f 199//420 239//405 236//418
f 143//411 239//405 145//429
f 18//399 20//391 228//396
f 228//396 20//391 227//393
f 209//433 210//434 241//435
f 241//435 123//436 209//433
f 455//437 119//438 118//439
f 455//437 118//439 210//434
f 210//434 118//439 241//435
f 202//440 203//441 242//442
f 242//442 131//443 202//440
f 129//444 128//445 204//446
f 204//446 128//445 203//441
f 203//441 128//445 242//442
f 211//447 125//174 124//173
f 244//448 120//449 453//450
f 214//451 243//452 453//450
f 453//450 243//452 244//448
f 211//447 124//173 214//451
f 214//451 124//173 243//452
f 207//453 208//454 245//455
f 127//180 126//178 207//453
f 452//456 131//186 130//185
f 127//180 207//453 245//455
f 452//456 130//185 208//454
f 208//454 130//185 245//455
f 25//457 181//458 26//459
f 26//459 181//458 182//460
f 212//461 180//461 181//461
f 369//462 182//462 189//462
f 182//460 335//463 26//459
f 247//23 183//464 19//24
f 217//359 183//278 247//465
f 23//466 246//466 195//466
f 185//282 131//313 187//285
f 239//467 42//468 236//469
f 236//469 42//468 40//470
f 236//469 40//470 237//471
f 237//471 40//470 43//472
f 237//471 43//472 240//473
f 240//473 43//472 46//474
f 240//473 46//474 238//475
f 238//475 46//474 49//476
f 238//475 49//476 227//477
f 227//477 49//476 48//478
f 227//477 48//478 228//479
f 228//480 48//481 239//482
f 239//482 48//481 47//483
f 239//467 47//484 42//468
f 178//485 249//486 250//487
f 250//487 249//486 251//488
f 250//489 251//490 252//491
f 252//491 251//490 253//492
f 252//493 253//494 254//495
f 252//493 254//495 255//496
f 255//497 254//498 178//499
f 178//499 254//498 249//500
f 250//501 176//502 178//503
f 178//504 170//505 255//506
f 255//506 170//505 252//507
f 252//507 170//505 173//508
f 252//507 173//508 175//509
f 252//507 175//509 250//501
f 250//501 175//509 176//502
f 169//510 256//511 257//512
f 169//510 257//512 258//513
f 258//514 257//515 259//516
f 258//514 259//516 163//517
f 163//518 259//518 260//518
f 260//519 259//519 261//519
f 260//520 261//521 169//522
f 169//522 261//521 256//523
f 169//524 161//525 260//526
f 161//525 163//527 260//526
f 163//528 165//529 258//530
f 258//530 165//529 167//531
f 258//530 167//531 169//532
f 263//533 262//534 264//535
f 263//533 264//535 265//536
f 265//537 264//538 266//539
f 265//537 266//539 156//540
f 156//541 266//542 267//543
f 156//541 267//543 268//544
f 268//545 267//546 263//547
f 263//547 267//546 262//548
f 265//549 156//550 157//551
f 265//549 157//551 263//552
f 157//551 159//553 263//552
f 263//552 159//553 151//554
f 263//552 151//554 268//555
f 268//555 151//554 153//556
f 268//555 153//556 156//557
f 270//558 269//558 271//558
f 271//559 269//559 272//559
f 271//560 272//561 144//562
f 144//562 272//561 273//563
f 144//564 273//565 274//566
f 144//564 274//566 270//567
f 270//568 274//568 269//568
f 271//569 147//570 270//571
f 270//571 147//570 149//572
f 270//571 149//572 141//573
f 270//571 141//573 144//574
f 144//575 146//576 271//569
f 271//569 146//576 147//570
f 140//577 275//578 276//579
f 276//579 275//578 277//580
f 276//581 277//582 136//583
f 136//583 277//582 278//584
f 136//585 278//586 279//587
f 136//585 279//587 132//588
f 132//202 279//589 140//200
f 140//200 279//589 275//590
f 132//591 134//591 136//591
f 136//592 137//593 276//594
f 276//594 137//593 140//595
f 68//596 274//597 273//598
f 68//596 273//598 73//599
f 73//600 273//601 272//602
f 73//600 272//602 66//603
f 66//604 272//605 269//606
f 66//604 269//606 33//607
f 33//608 269//609 274//610
f 33//608 274//610 68//611
f 93//612 267//613 266//614
f 93//612 266//614 44//615
f 44//616 266//617 264//618
f 44//616 264//618 95//619
f 95//620 264//621 262//622
f 95//620 262//622 94//623
f 94//624 262//625 267//626
f 94//624 267//626 93//627
f 65//628 279//629 278//630
f 65//628 278//630 32//631
f 32//632 278//633 277//634
f 32//632 277//634 36//635
f 36//636 277//637 37//638
f 37//638 277//637 275//639
f 37//640 275//641 63//642
f 63//642 275//641 279//643
f 63//642 279//643 65//644
f 29//645 254//646 253//647
f 29//645 253//647 54//648
f 54//649 253//650 251//651
f 54//649 251//651 55//652
f 55//653 251//654 38//655
f 38//655 251//654 249//656
f 38//655 249//656 53//657
f 53//658 249//659 254//660
f 53//658 254//660 29//661
f 50//662 261//663 39//664
f 39//664 261//663 259//665
f 39//664 259//665 52//666
f 52//667 259//668 257//669
f 52//667 257//669 51//670
f 51//671 257//672 256//673
f 51//671 256//673 45//674
f 45//675 256//676 261//677
f 45//675 261//677 50//678
f 130//679 59//680 245//681
f 245//681 59//680 58//682
f 245//681 58//682 57//683
f 245//681 57//683 127//180
f 127//180 57//683 56//684
f 124//173 101//685 243//686
f 243//686 101//685 363//687
f 243//686 363//687 362//688
f 243//686 362//688 244//167
f 244//167 362//688 97//689
f 121//168 35//690 225//691
f 225//691 35//690 34//692
f 225//691 34//692 74//693
f 225//691 74//693 226//694
f 226//694 74//693 75//695
f 222//696 64//697 223//698
f 223//698 64//697 353//699
f 223//698 353//699 349//700
f 223//698 349//700 224//184
f 224//184 349//700 31//701
f 28//702 242//188 78//703
f 78//704 242//705 330//706
f 330//706 242//705 128//707
f 330//708 128//181 79//709
f 110//710 241//172 108//711
f 108//712 241//713 107//714
f 107//714 241//713 118//715
f 107//716 118//163 106//717
f 308//718 219//176 88//719
f 88//720 219//721 89//722
f 89//722 219//721 218//723
f 89//722 218//723 344//724
f 337//725 221//726 87//727
f 87//728 221//729 82//730
f 82//730 221//729 220//731
f 82//732 220//177 83//733
f 83//733 220//177 84//734
f 84//734 220//177 347//735
f 347//735 220//177 86//179
f 221//726 337//725 332//736
f 221//726 332//736 334//737
f 221//726 334//737 182//738
f 182//738 334//737 335//739
f 181//740 25//741 24//742
f 181//740 24//742 218//723
f 218//723 24//742 90//743
f 218//723 90//743 344//724
f 98//175 219//176 99//744
f 99//744 219//176 91//745
f 91//745 219//176 308//718
f 106//717 118//163 355//746
f 355//746 118//163 105//747
f 105//747 118//163 104//165
f 360//170 241//172 103//748
f 103//748 241//172 109//749
f 109//749 241//172 110//710
f 79//709 128//181 76//750
f 76//750 128//181 350//751
f 350//751 128//181 351//183
f 81//187 242//188 80//752
f 80//752 242//188 27//753
f 27//753 242//188 28//702
f 127//180 56//684 346//754
f 127//180 346//754 85//755
f 127//180 85//755 86//179
f 130//679 81//756 348//757
f 130//679 348//757 304//758
f 130//679 304//758 59//680
f 224//184 31//701 30//759
f 224//184 30//759 77//760
f 224//184 77//760 351//183
f 114//761 62//762 325//763
f 114//761 325//763 222//696
f 222//696 325//763 352//764
f 222//696 352//764 64//697
f 226//694 75//695 67//765
f 226//694 67//765 69//766
f 226//694 69//766 71//767
f 226//694 71//767 113//768
f 121//168 360//170 102//769
f 121//168 102//769 354//770
f 121//168 354//770 35//690
f 244//167 97//689 92//771
f 244//167 92//771 361//772
f 244//167 361//772 104//165
f 124//173 98//175 100//773
f 124//173 100//773 96//774
f 124//173 96//774 101//685
f 60//775 9//776 37//777
f 37//777 9//776 11//778
f 72//779 6//780 68//781
f 68//781 6//780 4//782
f 37//783 11//784 72//785
f 72//785 11//784 6//786
f 68//781 194//787 70//788
f 194//787 68//781 4//782
f 194//787 4//782 3//789
f 60//775 15//790 9//776
f 9//776 15//790 8//791
f 61//792 115//793 15//790
f 61//792 15//790 60//775
f 234//794 13//794 4//794
f 234//795 4//795 233//795
f 233//796 4//796 7//796
f 233//797 7//797 232//797
f 232//798 7//799 13//800
f 232//798 13//800 234//801
f 231//802 1//803 229//804
f 229//804 1//803 10//805
f 229//806 10//807 2//808
f 229//806 2//808 230//809
f 230//810 2//811 1//812
f 230//810 1//812 231//813
f 235//814 14//815 234//816
f 234//816 14//815 12//817
f 234//816 12//817 232//818
f 232//819 12//819 231//819
f 231//820 12//820 5//820
f 231//821 5//821 16//821
f 284//822 285//823 282//824
f 280//825 287//826 283//827
f 283//827 287//826 286//828
f 288//829 289//830 287//831
f 281//832 282//833 291//834
f 291//834 290//835 292//836
f 291//834 292//836 281//832
f 285//823 284//822 289//830
f 285//823 289//830 288//829
f 288//829 280//837 285//823
f 285//823 280//837 290//835
f 285//823 290//835 291//834
f 293//838 295//839 286//840
f 286//840 295//839 283//841
f 283//841 295//839 294//842
f 432//843 296//844 295//839
f 432//843 295//839 293//838
f 296//844 432//843 297//845
f 296//844 297//845 298//846
f 296//844 298//846 299//847
f 435//848 299//847 298//846
f 299//847 435//848 300//849
f 301//850 300//849 435//848
f 300//849 301//850 302//851
f 488//852 302//851 301//850
f 431//853 302//851 488//852
f 69//854 71//855 303//856
f 304//857 59//858 305//859
f 84//860 83//861 306//862
f 307//863 88//864 308//865
f 313//866 315//867 314//868
f 314//868 315//867 310//869
f 316//870 317//871 318//872
f 318//872 317//871 313//866
f 316//870 318//872 311//873
f 316//870 311//873 319//874
f 311//873 321//875 319//874
f 318//872 322//876 311//873
f 311//873 322//876 323//877
f 322//876 318//872 324//878
f 303//856 62//879 325//880
f 324//878 303//856 326//881
f 326//881 303//856 325//880
f 321//875 311//873 327//882
f 321//875 327//882 305//859
f 328//883 329//884 312//885
f 328//883 76//886 79//887
f 328//883 79//887 330//888
f 328//883 330//888 78//889
f 328//883 78//889 305//859
f 305//859 78//889 28//890
f 331//891 310//892 332//893
f 331//891 332//893 333//894
f 333//894 332//893 334//895
f 333//894 334//895 335//896
f 320//897 309//898 310//869
f 320//897 310//869 315//867
f 310//892 336//899 332//893
f 332//893 336//899 337//900
f 337//900 336//899 338//901
f 337//900 338//901 87//902
f 87//902 338//901 82//903
f 82//903 338//901 83//861
f 83//861 338//901 306//862
f 320//897 306//862 309//898
f 90//904 340//905 24//906
f 24//906 340//905 341//907
f 24//906 341//907 25//908
f 342//909 340//910 343//911
f 339//912 314//868 343//911
f 343//911 314//868 310//869
f 343//911 310//869 342//909
f 88//864 307//863 89//913
f 89//913 307//863 344//914
f 344//914 307//863 345//915
f 344//914 345//915 90//904
f 90//904 345//915 340//905
f 346//916 85//917 306//862
f 84//860 306//862 347//918
f 347//918 306//862 85//917
f 58//919 57//920 306//862
f 306//862 57//920 56//921
f 306//862 56//921 346//916
f 305//859 28//890 304//857
f 304//857 28//890 27//922
f 304//923 348//924 27//925
f 348//924 80//926 27//925
f 312//885 349//927 31//928
f 312//885 31//928 30//929
f 328//883 312//885 76//886
f 76//886 312//885 30//929
f 76//886 30//929 350//930
f 350//930 30//929 77//931
f 326//881 325//880 352//932
f 326//881 352//932 64//933
f 326//881 64//933 312//885
f 312//885 64//933 353//934
f 312//885 353//934 349//927
f 303//856 324//878 69//854
f 34//935 74//936 318//872
f 318//872 74//936 75//937
f 318//872 75//937 324//878
f 324//878 75//937 67//938
f 324//878 67//938 69//854
f 318//872 354//939 35//940
f 318//872 35//940 34//935
f 355//941 357//942 313//866
f 313//866 357//942 356//943
f 358//944 357//942 107//945
f 313//866 356//943 318//872
f 359//946 358//944 109//947
f 356//943 359//946 318//872
f 107//945 357//942 106//948
f 106//948 357//942 355//941
f 109//947 354//939 318//872
f 109//947 318//872 359//946
f 358//944 107//945 108//949
f 358//944 108//949 110//950
f 358//944 110//950 109//947
f 91//951 314//868 308//865
f 308//865 314//868 339//912
f 308//865 339//912 307//863
f 361//952 355//953 105//954
f 361//952 92//955 355//953
f 92//956 355//941 313//866
f 92//956 313//866 97//957
f 97//957 313//866 314//868
f 97//957 314//868 362//958
f 362//958 314//868 363//959
f 91//951 96//960 314//868
f 314//868 96//960 101//961
f 314//868 101//961 363//959
f 323//877 312//885 311//873
f 311//873 312//885 329//884
f 320//897 321//875 306//862
f 306//862 321//875 305//859
f 306//862 305//859 58//919
f 58//919 305//859 59//858
f 364//962 212//963 365//964
f 364//962 365//964 25//965
f 364//962 25//965 341//966
f 367//967 333//968 368//969
f 368//969 333//968 335//970
f 368//969 335//970 366//971
f 368//969 366//971 369//972
f 370//973 371//974 104//975
f 104//975 371//974 372//976
f 104//975 372//976 485//977
f 373//978 374//979 98//980
f 98//980 374//979 375//981
f 98//980 375//981 482//982
f 376//983 377//984 360//985
f 360//985 377//984 459//986
f 460//987 378//988 351//989
f 351//989 378//988 379//990
f 380//991 381//992 86//993
f 86//993 381//992 465//994
f 382//995 383//996 81//997
f 81//997 383//996 483//998
f 384//999 385//999 386//999
f 386//1000 385//1001 295//1002
f 386//1003 295//1004 387//1005
f 387//1005 295//1004 388//1006
f 387//1007 388//1008 389//1009
f 389//1009 388//1008 390//1010
f 389//1011 390//1012 391//1013
f 391//1013 390//1012 392//1014
f 391//1015 392//1016 384//1017
f 384//1017 392//1016 385//1018
f 393//1019 394//1020 395//1021
f 395//1021 394//1020 396//1022
f 395//1023 396//1024 397//1025
f 397//1025 396//1024 398//1026
f 397//1027 398//1028 399//1029
f 399//1029 398//1028 400//1030
f 399//1031 400//1032 393//1033
f 393//1033 400//1032 394//1034
f 401//1035 402//1035 403//1035
f 401//1036 403//1036 404//1036
f 404//1037 403//1038 405//1039
f 404//1037 405//1039 406//1040
f 406//1041 405//1042 407//1043
f 407//1043 405//1042 408//1044
f 407//1045 408//1046 409//1047
f 409//1047 408//1046 402//1048
f 409//1049 402//1049 401//1049
f 410//1050 419//1051 411//1052
f 411//1052 419//1051 412//1053
f 411//1054 412//1055 413//1056
f 413//1056 412//1055 414//1057
f 413//1058 414//1059 415//1060
f 415//1060 414//1059 416//1061
f 415//1062 416//1063 417//1064
f 417//1064 416//1063 418//1065
f 417//1066 418//1067 410//1068
f 410//1068 418//1067 419//1069
f 420//1070 421//1071 422//1072
f 422//1072 421//1071 423//1073
f 422//1074 423//1075 424//1076
f 424//1076 423//1075 300//1077
f 424//1078 300//1079 425//1080
f 425//1080 300//1079 426//1081
f 425//1082 426//1083 420//1084
f 420//1084 426//1083 421//1085
f 341//1086 444//1087 364//1088
f 427//1089 364//1088 444//1087
f 429//1090 430//1091 428//1092
f 431//1093 438//1094 430//1091
f 432//1095 367//1096 368//1097
f 368//1097 433//1098 432//1095
f 432//1095 433//1098 297//1099
f 433//1098 434//1100 297//1099
f 297//1099 434//1100 435//1101
f 435//1101 434//1100 436//1102
f 435//1101 436//1102 437//1103
f 435//1101 437//1103 438//1094
f 429//1090 428//1092 439//1104
f 429//1090 439//1104 448//1105
f 439//1104 440//1106 448//1105
f 440//1106 371//1107 448//1105
f 448//1105 371//1107 441//1108
f 442//1109 441//1108 371//1107
f 441//1108 442//1109 375//1110
f 441//1108 375//1110 364//1088
f 441//1108 364//1088 427//1089
f 292//1111 476//1112 281//1113
f 281//1113 476//1112 443//1114
f 281//1113 443//1114 444//1115
f 302//851 431//853 416//1116
f 431//853 457//1117 416//1116
f 445//1118 446//1119 416//1116
f 445//1118 416//1116 457//1117
f 446//1119 445//1118 429//1120
f 446//1119 429//1120 447//1121
f 429//1120 487//1122 447//1121
f 448//1123 447//1121 487//1122
f 447//1121 448//1123 449//1124
f 449//1124 448//1123 489//1125
f 489//1125 450//1126 449//1124
f 456//1127 451//1128 449//1124
f 456//1127 449//1124 450//1126
f 451//1128 456//1127 427//1129
f 444//1115 443//1114 427//1129
f 427//1129 443//1114 451//1128
f 383//1130 434//1100 452//1131
f 452//1131 434//1100 208//1132
f 208//1132 434//1100 207//1133
f 433//1134 381//1135 434//1136
f 434//1137 381//1137 207//1137
f 381//1135 433//1134 206//1138
f 205//1139 117//1140 438//1141
f 438//1141 437//1142 205//1139
f 205//1139 437//1142 378//1143
f 383//1144 202//1145 436//1146
f 378//1143 437//1142 204//1147
f 204//1147 437//1142 203//1148
f 437//1142 436//1146 203//1148
f 203//1148 436//1146 202//1145
f 368//969 369//972 433//1134
f 433//1134 369//972 206//1138
f 211//1149 375//1150 214//1151
f 375//1150 442//1152 214//1151
f 214//1151 442//1152 453//1153
f 453//1153 442//1152 371//1154
f 377//1155 209//1156 440//1157
f 377//1155 440//1157 439//1158
f 377//1155 439//1158 213//1159
f 428//1160 112//1161 439//1158
f 439//1158 112//1161 213//1159
f 375//1162 374//1163 364//1164
f 364//1164 374//1163 454//1165
f 364//1164 454//1165 212//1166
f 372//1167 371//1168 455//1169
f 455//1169 371//1168 210//1170
f 371//1168 440//1157 210//1170
f 210//1170 440//1157 209//1156
f 441//1108 427//1089 456//1171
f 456//1171 450//1172 441//1108
f 429//1090 445//1173 430//1091
f 430//1091 445//1173 457//1174
f 430//1091 457//1174 431//1093
f 438//1094 431//1093 488//1175
f 438//1094 488//1175 301//1176
f 293//1177 367//1096 432//1095
f 438//1094 301//1176 435//1101
f 458//1178 459//1179 112//1180
f 112//1180 459//1179 213//1181
f 459//1179 377//1182 213//1181
f 205//1183 460//1184 117//1185
f 117//1185 460//1184 461//1186
f 461//1186 462//1187 117//1185
f 460//1184 205//1183 378//1188
f 465//1189 381//1190 206//1191
f 463//1192 369//1193 366//1194
f 463//1192 464//1195 369//1193
f 369//1193 464//1195 206//1191
f 206//1191 464//1195 465//1189
f 212//1196 466//1197 467//1198
f 454//1199 374//1200 373//1201
f 212//1196 467//1198 365//1202
f 454//1199 373//1201 212//1196
f 212//1196 373//1201 466//1197
f 300//1203 423//1204 299//1205
f 423//1204 421//1206 299//1205
f 299//1205 421//1206 468//1207
f 302//1208 426//1209 300//1210
f 469//1211 392//1212 390//1213
f 469//1211 390//1213 296//1214
f 390//1213 388//1215 296//1214
f 296//1214 388//1215 295//1216
f 295//1002 385//1001 470//1217
f 470//1217 294//1218 295//1002
f 472//1219 473//1220 471//1221
f 472//1219 471//1221 474//1222
f 474//1222 471//1221 294//1218
f 474//1222 294//1218 470//1217
f 475//1223 472//1219 396//1224
f 472//1219 475//1223 473//1220
f 396//1224 477//1225 475//1223
f 476//1226 473//1227 477//1225
f 405//1228 403//1229 479//1230
f 447//1231 405//1228 479//1230
f 479//1230 403//1229 478//1232
f 478//1232 403//1229 402//1233
f 478//1232 402//1233 449//1234
f 447//1231 408//1235 405//1228
f 449//1234 402//1233 408//1235
f 449//1234 408//1235 447//1231
f 479//1230 446//1236 447//1231
f 416//1237 414//1238 302//1208
f 446//1236 419//1239 418//1240
f 446//1236 418//1240 416//1241
f 480//1242 412//1243 419//1239
f 449//1234 451//1244 400//1245
f 449//1234 400//1245 398//1246
f 449//1234 398//1246 481//1247
f 394//1248 400//1245 451//1244
f 394//1248 451//1244 443//1249
f 394//1248 443//1249 477//1225
f 477//1225 443//1249 476//1226
f 477//1225 396//1224 394//1248
f 472//1219 392//1212 469//1211
f 414//1238 412//1243 302//1208
f 302//1208 412//1243 480//1242
f 421//1206 426//1209 468//1207
f 468//1207 426//1209 302//1208
f 468//1207 302//1208 480//1242
f 419//1239 446//1236 480//1242
f 480//1242 446//1236 479//1230
f 472//1219 469//1211 481//1247
f 449//1234 481//1247 478//1232
f 385//1001 392//1212 470//1217
f 470//1217 392//1212 472//1219
f 396//1224 472//1219 481//1247
f 396//1224 481//1247 398//1246
f 296//1214 299//1205 469//1211
f 469//1211 299//1205 468//1207
f 211//1250 214//1251 482//1252
f 482//1252 375//1253 211//1250
f 453//1254 371//1255 370//1256
f 453//1254 370//1256 214//1251
f 214//1251 370//1256 482//1252
f 452//1257 208//1258 483//1259
f 483//1259 383//1260 452//1257
f 381//1261 380//1262 207//1263
f 207//1263 380//1262 208//1258
f 208//1258 380//1262 483//1259
f 209//1264 377//984 376//983
f 485//1265 372//1266 455//1267
f 210//1268 484//1269 455//1267
f 455//1267 484//1269 485//1265
f 209//1264 376//983 210//1268
f 210//1268 376//983 484//1269
f 204//1270 203//1271 486//1272
f 379//990 378//988 204//1270
f 202//1273 383//996 382//995
f 379//990 204//1270 486//1272
f 202//1273 382//995 203//1271
f 203//1271 382//995 486//1272
f 71//1274 458//1275 303//1276
f 303//1276 458//1275 430//1277
f 112//1278 428//1279 430//1277
f 112//1278 430//1277 458//1275
f 462//1280 430//1277 117//1281
f 117//1281 430//1277 438//1282
f 462//1280 62//1283 430//1277
f 430//1277 62//1283 303//1276
f 448//1284 441//1284 450//1284
f 448//1285 487//1285 429//1285
f 297//1286 435//1286 298//1286
f 448//1287 450//1287 489//1287
f 434//1100 383//1130 436//1102
f 481//1288 315//1289 478//1290
f 478//1290 315//1289 313//1291
f 478//1292 313//1293 317//1294
f 478//1292 317//1294 479//1295
f 479//1295 317//1294 316//1296
f 479//1297 316//1298 480//1299
f 480//1299 316//1298 319//1300
f 480//1299 319//1300 468//1301
f 468//1301 319//1300 321//1302
f 468//1303 321//1304 469//1305
f 469//1305 321//1304 320//1306
f 469//1307 320//1308 315//1309
f 469//1307 315//1309 481//1310
f 490//1311 491//1312 492//1313
f 491//1314 490//1315 493//1316
f 491//1314 493//1316 494//1317
f 494//1318 493//1319 495//1320
f 494//1318 495//1320 496//1321
f 496//1322 495//1323 497//1324
f 496//1322 497//1324 492//1325
f 492//1313 497//1326 490//1311
f 491//1327 425//1328 420//1329
f 491//1327 420//1329 492//1330
f 492//1330 420//1329 422//1331
f 492//1330 422//1331 496//1332
f 496//1332 422//1331 424//1333
f 496//1332 424//1333 494//1334
f 494//1334 424//1333 425//1328
f 494//1334 425//1328 491//1327
f 499//1335 498//1336 500//1337
f 499//1335 500//1337 501//1338
f 501//1339 500//1340 502//1341
f 501//1339 502//1341 413//1342
f 413//1343 502//1344 503//1345
f 503//1345 502//1344 504//1346
f 503//1347 504//1348 499//1349
f 499//1349 504//1348 498//1350
f 499//1351 417//1352 410//1353
f 499//1351 410//1353 503//1354
f 503//1354 410//1353 411//1355
f 503//1354 411//1355 413//1356
f 501//1357 413//1358 415//1359
f 501//1357 415//1359 499//1351
f 499//1351 415//1359 417//1352
f 409//1360 505//1361 506//1362
f 409//1360 506//1362 507//1363
f 507//1364 506//1364 508//1364
f 507//1365 508//1365 406//1365
f 406//1366 508//1367 509//1368
f 509//1368 508//1367 510//1369
f 509//1370 510//1371 409//1372
f 409//1372 510//1371 505//1373
f 509//1374 404//1375 406//1376
f 507//1377 406//1378 407//1379
f 507//1377 407//1379 409//1380
f 409//1381 401//1382 509//1374
f 509//1374 401//1382 404//1375
f 512//1383 511//1384 513//1385
f 513//1385 511//1384 514//1386
f 513//1387 514//1387 397//1387
f 397//1388 514//1388 515//1388
f 397//1389 515//1390 516//1391
f 516//1391 515//1390 517//1392
f 516//1393 517//1394 512//1395
f 512//1395 517//1394 511//1396
f 513//1397 399//1398 512//1399
f 512//1399 399//1398 393//1400
f 512//1399 393//1400 516//1401
f 393//1400 395//1402 516//1401
f 516//1401 395//1402 397//1403
f 513//1397 397//1404 399//1398
f 519//1405 518//1406 520//1407
f 520//1407 518//1406 521//1408
f 520//1409 521//1410 522//1411
f 520//1409 522//1411 523//1412
f 523//1413 522//1414 524//1415
f 523//1413 524//1415 386//1416
f 386//1417 524//1418 519//1419
f 519//1419 524//1418 518//1420
f 520//1421 391//1422 519//1423
f 519//1423 391//1422 384//1424
f 519//1423 384//1424 386//1425
f 523//1426 386//1427 387//1428
f 523//1426 387//1428 520//1421
f 520//1421 387//1428 389//1429
f 520//1421 389//1429 391//1422
f 345//1430 517//1431 340//1432
f 340//1432 517//1431 515//1433
f 340//1432 515//1433 343//1434
f 343//1435 515//1436 514//1437
f 343//1435 514//1437 339//1438
f 339//1439 514//1440 511//1441
f 339//1439 511//1441 307//1442
f 307//1443 511//1444 517//1431
f 307//1443 517//1431 345//1430
f 356//1445 510//1446 508//1447
f 356//1445 508//1447 359//1448
f 359//1449 508//1450 506//1451
f 359//1449 506//1451 358//1452
f 358//1453 506//1454 505//1455
f 358//1453 505//1455 357//1456
f 357//1457 505//1458 510//1459
f 357//1457 510//1459 356//1460
f 338//1461 524//1462 522//1463
f 338//1461 522//1463 306//1464
f 306//1465 522//1466 521//1467
f 306//1465 521//1467 309//1468
f 309//1469 521//1470 310//1471
f 310//1471 521//1470 518//1472
f 310//1473 518//1474 336//1475
f 336//1475 518//1474 524//1476
f 336//1475 524//1476 338//1477
f 305//1478 497//1479 495//1480
f 305//1478 495//1480 328//1481
f 328//1482 495//1483 493//1484
f 328//1482 493//1484 329//1485
f 329//1486 493//1487 311//1488
f 311//1488 493//1487 490//1489
f 311//1488 490//1489 327//1490
f 327//1491 490//1492 497//1493
f 327//1491 497//1493 305//1494
f 323//1495 504//1496 312//1497
f 312//1497 504//1496 502//1498
f 312//1497 502//1498 326//1499
f 326//1500 502//1501 500//1502
f 326//1500 500//1502 324//1503
f 324//1504 500//1505 498//1506
f 324//1504 498//1506 322//1507
f 322//1508 498//1509 504//1510
f 322//1508 504//1510 323//1511
f 382//1512 28//1513 486//1514
f 486//1514 28//1513 78//1515
f 486//1514 78//1515 330//1516
f 486//1514 330//1516 379//990
f 379//990 330//1516 79//1517
f 376//983 110//1518 484//1519
f 484//1519 110//1518 108//1520
f 484//1519 108//1520 107//1521
f 484//1519 107//1521 485//977
f 485//977 107//1521 106//1522
f 373//978 308//1523 466//1524
f 466//1524 308//1523 88//1525
f 466//1524 88//1525 89//1526
f 466//1524 89//1526 467//1527
f 467//1527 89//1526 344//1528
f 463//1529 337//1530 464//1531
f 464//1531 337//1530 87//1532
f 464//1531 87//1532 82//1533
f 464//1531 82//1533 465//994
f 465//994 82//1533 83//1534
f 59//1535 483//998 58//1536
f 58//1537 483//1538 57//1539
f 57//1539 483//1538 380//1540
f 57//1541 380//991 56//1542
f 101//1543 482//982 363//1544
f 363//1545 482//1546 362//1547
f 362//1547 482//1546 370//1548
f 362//1549 370//973 97//1550
f 35//1551 459//986 34//1552
f 34//1553 459//1554 74//1555
f 74//1555 459//1554 458//1556
f 74//1557 458//1558 75//1559
f 64//1560 461//1561 353//1562
f 353//1563 461//1564 349//1565
f 349//1565 461//1564 460//1566
f 349//1567 460//987 31//1568
f 31//1568 460//987 30//1569
f 30//1569 460//987 77//1570
f 77//1570 460//987 351//989
f 461//1561 64//1560 352//1571
f 461//1561 352//1571 325//1572
f 461//1561 325//1572 462//1573
f 462//1573 325//1572 62//1574
f 458//1575 71//1576 69//1577
f 458//1575 69//1577 67//1578
f 458//1558 67//1579 75//1559
f 360//985 459//986 102//1580
f 102//1580 459//986 354//1581
f 354//1581 459//986 35//1551
f 97//1550 370//973 92//1582
f 92//1582 370//973 361//1583
f 361//1583 370//973 104//975
f 98//980 482//982 100//1584
f 100//1584 482//982 96//1585
f 96//1585 482//982 101//1543
f 56//1542 380//991 346//1586
f 346//1586 380//991 85//1587
f 85//1587 380//991 86//993
f 81//997 483//998 348//1588
f 348//1588 483//998 304//1589
f 304//1589 483//998 59//1535
f 379//990 79//1517 76//1590
f 379//990 76//1590 350//1591
f 379//990 350//1591 351//989
f 382//1512 81//1592 80//1593
f 382//1512 80//1593 27//1594
f 382//1512 27//1594 28//1513
f 465//994 83//1534 84//1595
f 465//994 84//1595 347//1596
f 465//994 347//1596 86//993
f 366//1597 335//1598 334//1599
f 366//1597 334//1599 463//1529
f 463//1529 334//1599 332//1600
f 463//1529 332//1600 337//1530
f 467//1527 344//1528 90//1601
f 467//1527 90//1601 24//1602
f 467//1527 24//1602 25//1603
f 467//1527 25//1603 365//1604
f 373//978 98//980 99//1605
f 373//978 99//1605 91//1606
f 373//978 91//1606 308//1523
f 485//977 106//1522 355//1607
f 485//977 355//1607 105//1608
f 485//977 105//1608 104//975
f 376//983 360//985 103//1609
f 376//983 103//1609 109//1610
f 376//983 109//1610 110//1518
f 331//1611 287//1612 310//1613
f 310//1613 287//1612 289//1614
f 342//1615 284//1616 340//1617
f 340//1617 284//1616 282//1618
f 310//1619 289//1620 342//1621
f 342//1621 289//1620 284//1622
f 340//1617 444//1623 341//1624
f 444//1623 340//1617 282//1618
f 444//1623 282//1618 281//1625
f 331//1611 293//1626 287//1612
f 287//1612 293//1626 286//1627
f 333//1628 367//1629 293//1626
f 333//1628 293//1626 331//1611
f 473//1630 291//1631 477//1632
f 477//1632 291//1631 282//1633
f 477//1634 282//1635 285//1636
f 477//1634 285//1636 475//1637
f 475//1638 285//1639 473//1640
f 473//1640 285//1639 291//1641
f 474//1642 280//1643 472//1644
f 472//1644 280//1643 288//1645
f 472//1646 288//1647 470//1648
f 470//1648 288//1647 287//1649
f 470//1650 287//1651 474//1652
f 474//1652 287//1651 280//1653
f 476//1654 292//1655 290//1656
f 476//1654 290//1656 473//1657
f 473//1658 290//1659 471//1660
f 471//1660 290//1659 280//1661
f 471//1662 280//1663 294//1664
f 294//1664 280//1663 283//1665
f 525//1666 526//1667 527//1668
f 525//1666 527//1668 528//1669
f 528//1669 527//1668 529//1670
f 528//1669 529//1670 530//1671
f 530//1671 529//1670 531//1672
f 530//1671 531//1672 532//1673
f 532//1673 531//1672 533//1674
f 532//1673 533//1674 534//1675
f 534//1675 533//1674 535//1676
f 534//1675 535//1676 536//1677
f 536//1677 535//1676 537//1678
f 536//1677 537//1678 538//1679
f 538//1679 537//1678 539//1680
f 539//1680 537//1678 540//1681
f 539//1680 540//1681 541//1682
f 541//1682 540//1681 542//1683
f 541//1682 542//1683 543//1684
f 541//1682 543//1684 544//1685
f 544//1685 543//1684 545//1686
f 544//1685 545//1686 546//1687
f 546//1687 545//1686 547//1688
f 546//1687 547//1688 548//1689
f 548//1689 547//1688 549//1690
f 548//1689 549//1690 550//1691
f 550//1691 549//1690 526//1667
f 550//1691 526//1667 525//1666
f 551//1692 546//1693 548//1694
f 551//1692 548//1694 552//1695
f 553//1696 544//1697 551//1692
f 551//1692 544//1697 546//1693
f 554//1698 539//1699 553//1696
f 553//1696 539//1699 541//1700
f 553//1696 541//1700 544//1697
f 555//1701 538//1702 554//1698
f 554//1698 538//1702 539//1699
f 555//1701 536//1703 538//1702
f 556//1704 534//1705 557//1706
f 557//1706 534//1705 536//1703
f 557//1706 536//1703 555//1701
f 558//1707 530//1708 556//1704
f 556//1704 530//1708 532//1709
f 556//1704 532//1709 534//1705
f 558//1707 528//1710 530//1708
f 552//1695 548//1694 550//1711
f 552//1695 550//1711 559//1712
f 559//1712 550//1711 525//1713
f 559//1712 525//1713 558//1707
f 558//1707 525//1713 528//1710
f 561//1714 543//1715 560//1716
f 561//1714 547//1717 545//1718
f 561//1714 545//1718 543//1715
f 562//1719 549//1720 561//1714
f 561//1714 549//1720 547//1717
f 537//1721 563//1722 564//1723
f 543//1715 542//1724 560//1716
f 560//1716 542//1724 540//1725
f 560//1716 540//1725 564//1723
f 564//1723 540//1725 537//1721
f 565//1726 526//1727 562//1719
f 562//1719 526//1727 549//1720
f 566//1728 529//1729 565//1726
f 565//1726 529//1729 527//1730
f 565//1726 527//1730 526//1727
f 566//1728 531//1731 529//1729
f 567//1732 535//1733 533//1734
f 567//1732 533//1734 566//1728
f 566//1728 533//1734 531//1731
f 563//1722 537//1721 535//1733
f 563//1722 535//1733 567//1732
f 563//1735 568//1735 564//1735
f 564//1736 568//1736 569//1736
f 564//1737 569//1737 560//1737
f 560//1738 569//1738 570//1738
f 560//1739 570//1739 561//1739
f 561//1740 570//1740 571//1740
f 561//1741 571//1741 562//1741
f 562//1742 571//1742 572//1742
f 562//1743 572//1743 565//1743
f 565//1744 572//1744 573//1744
f 565//1745 573//1745 566//1745
f 566//1746 573//1746 574//1746
f 566//1747 574//1747 567//1747
f 567//1748 574//1748 575//1748
f 567//1749 575//1749 563//1749
f 563//1750 575//1750 568//1750
f 568//1751 570//1752 569//1753
f 571//1754 570//1752 568//1751
f 572//1755 571//1754 568//1751
f 573//1756 572//1755 568//1751
f 568//1751 574//1757 573//1756
f 568//1751 575//1758 574//1757
f 559//1759 576//1760 552//1761
f 552//1761 576//1760 577//1762
f 552//1761 577//1762 578//1763
f 552//1761 578//1763 551//1764
f 551//1765 578//1765 579//1765
f 551//1766 579//1766 553//1766
f 553//1767 579//1767 580//1767
f 553//1768 580//1769 581//1770
f 553//1768 581//1770 554//1771
f 554//1772 581//1772 555//1772
f 555//1773 581//1773 582//1773
f 555//1774 582//1774 557//1774
f 557//1775 582//1776 583//1777
f 557//1775 583//1777 556//1778
f 556//1778 583//1777 584//1779
f 556//1778 584//1779 558//1780
f 558//1781 584//1781 585//1781
f 558//1782 585//1783 559//1784
f 559//1784 585//1783 576//1785
f 578//1786 577//1787 576//1788
f 579//1789 578//1786 576//1788
f 580//1790 579//1789 576//1788
f 576//1788 581//1791 580//1790
f 582//1792 581//1791 576//1788
f 576//1788 583//1793 582//1792
f 585//1794 584//1795 576//1788
f 576//1788 584//1795 583//1793
f 587//1796 588//1797 589//1798
f 590//1799 591//1800 592//1801
f 593//1802 596//1803 594//1804
f 587//1796 595//1805 588//1797
f 586//1806 597//1807 587//1796
f 587//1796 597//1807 595//1805
f 589//1798 598//1808 590//1799
f 590//1799 598//1808 603//1809
f 590//1799 603//1809 591//1800
f 592//1801 599//1810 593//1802
f 593//1802 599//1810 600//1811
f 593//1802 600//1811 596//1803
f 594//1804 601//1812 586//1806
f 592//1801 604//1813 599//1810
f 586//1806 601//1812 597//1807
f 595//1805 602//1814 588//1797
f 589//1798 588//1797 598//1808
f 591//1800 604//1813 592//1801
f 596//1803 601//1812 594//1804
f 600//1811 606//1815 596//1803
f 596//1803 606//1815 601//1812
f 601//1812 605//1816 597//1807
f 597//1807 607//1817 595//1805
f 603//1809 609//1818 591//1800
f 591//1800 609//1818 604//1813
f 601//1812 606//1815 605//1816
f 605//1816 607//1817 597//1807
f 595//1805 607//1817 602//1814
f 602//1814 611//1819 588//1797
f 588//1797 611//1819 598//1808
f 598//1808 611//1819 608//1820
f 598//1808 608//1820 603//1809
f 604//1813 610//1821 599//1810
f 599//1810 610//1821 606//1815
f 599//1810 606//1815 600//1811
f 609//1818 610//1821 604//1813
f 607//1817 611//1819 602//1814
f 603//1809 608//1820 609//1818
f 613//1822 605//1823 612//1824
f 613//1822 607//1825 605//1823
f 614//1826 609//1827 611//1828
f 611//1828 609//1827 608//1829
f 614//1826 610//1830 609//1827
f 615//1831 607//1825 613//1822
f 612//1824 610//1830 614//1826
f 612//1824 605//1823 606//1832
f 615//1831 611//1833 607//1825
f 612//1824 606//1832 610//1830
f 617//1834 594//1835 586//1836
f 618//1837 592//1838 616//1839
f 616//1839 592//1838 593//1840
f 618//1837 590//1841 592//1838
f 619//1842 589//1843 618//1837
f 618//1837 589//1843 590//1841
f 617//1834 593//1840 594//1835
f 616//1839 593//1840 617//1834
f 619//1842 587//1844 589//1843
f 617//1834 586//1836 619//1842
f 619//1842 586//1836 587//1844
f 619//1845 615//1846 613//1847
f 619//1845 613//1847 617//1848
f 617//1849 613//1849 612//1849
f 617//1850 612//1851 616//1852
f 616//1852 612//1851 614//1853
f 616//1854 614//1854 618//1854
f 618//1855 614//1855 611//1855
f 618//1856 611//1856 619//1856
f 619//1845 611//1857 615//1846
f 621//1858 622//1859 623//1860
f 623//1860 624//1861 625//1862
f 628//1863 629//1864 630//1865
f 630//1865 629//1864 620//1866
f 630//1867 620//1866 631//1868
f 630//1867 631//1868 621//1858
f 621//1858 631//1868 622//1859
f 623//1860 622//1859 640//1869
f 623//1860 640//1869 624//1861
f 625//1862 624//1861 632//1870
f 625//1862 632//1870 626//1871
f 626//1871 632//1870 633//1872
f 626//1871 633//1872 634//1873
f 626//1871 634//1873 627//1874
f 627//1874 635//1875 636//1876
f 627//1874 636//1876 628//1863
f 628//1863 636//1876 629//1864
f 629//1864 637//1877 620//1866
f 620//1866 638//1878 631//1868
f 631//1868 639//1879 622//1859
f 627//1874 634//1873 635//1875
f 629//1864 644//1880 637//1877
f 620//1866 637//1877 638//1878
f 639//1879 640//1869 622//1859
f 640//1869 641//1881 624//1861
f 636//1876 644//1880 629//1864
f 631//1868 638//1878 639//1879
f 624//1861 641//1881 647//1882
f 624//1861 647//1882 632//1870
f 634//1873 642//1883 635//1875
f 635//1875 642//1883 643//1884
f 635//1875 643//1884 636//1876
f 636//1876 643//1884 644//1880
f 632//1870 647//1882 645//1885
f 632//1870 645//1885 633//1872
f 638//1878 646//1886 639//1879
f 639//1879 646//1886 640//1869
f 640//1869 646//1886 647//1887
f 640//1869 647//1887 641//1888
f 633//1872 645//1885 648//1889
f 633//1872 648//1889 634//1873
f 634//1873 648//1889 642//1883
f 644//1880 649//1890 637//1877
f 637//1877 649//1890 638//1878
f 638//1878 649//1890 646//1886
f 642//1883 648//1889 643//1891
f 644//1880 643//1884 649//1890
f 651//1892 648//1889 650//1893
f 653//1894 647//1895 646//1896
f 650//1893 647//1895 653//1894
f 650//1893 645//1897 647//1895
f 650//1893 648//1889 645//1897
f 651//1892 643//1891 648//1889
f 649//1898 643//1891 651//1892
f 652//1899 646//1896 649//1900
f 653//1894 646//1896 652//1899
f 656//1901 654//1902 630//1903
f 655//1904 627//1905 654//1902
f 623//1906 625//1907 655//1904
f 655//1904 626//1908 627//1905
f 655//1904 625//1907 626//1908
f 654//1902 628//1909 630//1903
f 654//1902 627//1905 628//1909
f 656//1901 621//1910 623//1911
f 656//1901 630//1903 621//1910
f 656//1912 653//1913 652//1914
f 656//1915 652//1916 654//1917
f 654//1917 652//1916 649//1918
f 654//1919 649//1920 651//1921
f 654//1919 651//1921 655//1922
f 655//1923 651//1923 650//1923
f 655//1924 650//1925 623//1926
f 623//1926 650//1925 653//1927
f 623//1928 653//1913 656//1912
f 657//1929 658//1930 662//1931
f 663//1932 658//1930 659//1933
f 659//1933 657//1929 660//1934
f 663//1932 664//1935 665//1936
f 659//1933 658//1930 657//1929
f 666//1937 661//1938 663//1932
f 667//1939 660//1934 668//1940
f 671//1941 665//1936 669//1942
f 660//1934 657//1929 668//1940
f 661//1938 658//1930 670//1943
f 658//1930 661//1938 662//1931
f 662//1931 661//1938 667//1939
f 662//1931 667//1939 668//1940
f 664//1935 663//1932 659//1933
f 664//1935 659//1933 671//1941
f 664//1935 671//1941 669//1942
f 661//1938 670//1943 663//1932
f 663//1932 665//1936 666//1937
f 666//1937 665//1936 671//1941
f 666//1937 671//1941 672//1944
f 666//1937 672//1944 673//1945
f 673//1945 672//1944 667//1939
f 673//1945 667//1939 661//1938
f 674//1946 713//1947 675//1948
f 676//1949 675//1948 710//1950
f 677//1951 710//1950 675//1948
f 677//1951 675//1948 713//1947
f 710//1950 678//1952 676//1949
f 707//1953 682//1954 708//1955
f 708//1955 682//1954 683//1956
f 696//1957 679//1958 680//1959
f 680//1959 679//1958 681//1960
f 680//1959 681//1960 682//1954
f 682//1954 681//1960 683//1956
f 684//1961 693//1962 685//1963
f 684//1961 685//1963 686//1964
f 686//1965 685//1965 687//1965
f 686//1966 687//1966 688//1966
f 688//1967 687//1968 689//1969
f 689//1969 687//1968 690//1970
f 689//1971 690//1972 691//1973
f 691//1973 690//1972 692//1974
f 691//1975 692//1976 693//1977
f 691//1975 693//1977 684//1978
f 694//1979 695//1980 679//1981
f 694//1979 679//1981 696//1982
f 706//1983 695//1980 697//1984
f 697//1984 695//1980 694//1979
f 685//1985 683//1986 681//1987
f 706//1988 708//1989 692//1990
f 706//1988 692//1990 690//1991
f 695//1992 706//1988 690//1991
f 685//1985 693//1993 683//1986
f 683//1986 693//1993 708//1989
f 708//1989 693//1993 692//1990
f 685//1985 681//1987 679//1994
f 685//1985 679//1994 687//1995
f 695//1992 690//1991 687//1995
f 687//1995 679//1994 695//1992
f 688//1996 694//1997 686//1998
f 694//1997 696//1999 686//1998
f 688//1996 689//2000 694//1997
f 694//1997 689//2000 697//2001
f 682//2002 707//2003 691//2004
f 696//1999 680//2005 686//1998
f 686//1998 680//2005 682//2002
f 686//1998 682//2002 684//2006
f 689//2000 691//2004 697//2001
f 697//2001 691//2004 707//2003
f 691//2004 684//2006 682//2002
f 698//2007 659//2008 699//2009
f 699//2009 659//2008 660//2010
f 700//2011 672//2012 675//2013
f 675//2013 672//2012 671//2014
f 701//2015 716//2016 702//2017
f 701//2015 702//2017 698//2018
f 698//2018 702//2017 705//2019
f 701//2015 703//2020 704//2021
f 701//2015 704//2021 716//2016
f 671//2022 659//2023 674//2024
f 674//2024 659//2023 705//2025
f 676//2026 701//2027 667//2028
f 667//2028 701//2027 660//2029
f 700//2030 676//2026 672//2031
f 672//2031 676//2026 667//2028
f 671//2022 674//2024 675//2032
f 659//2023 698//2033 705//2025
f 660//2034 701//2034 699//2034
f 706//1983 697//1984 705//2035
f 705//2035 697//1984 674//2036
f 707//1953 708//1955 676//2037
f 676//2037 708//1955 701//2038
f 710//1950 709//2039 711//2040
f 709//2039 710//1950 677//1951
f 711//2040 709//2039 712//2041
f 711//2040 707//2042 678//2043
f 678//2043 707//2042 676//2044
f 711//2040 697//2045 707//2042
f 712//2041 674//1946 697//2045
f 712//2041 697//2045 711//2040
f 712//2041 713//1947 674//1946
f 705//2019 702//2017 714//2046
f 705//2047 714//2048 706//2049
f 708//2050 706//2049 714//2048
f 708//2050 715//2051 701//2015
f 701//2015 715//2051 703//2020
f 704//2021 714//2048 716//2016
f 704//2021 715//2051 714//2048
f 714//2048 715//2051 708//2050
f 668//2052 657//2052 703//2052
f 657//2053 704//2053 703//2053
f 662//2054 704//2055 657//2056
f 662//2054 715//2057 704//2055
f 715//2058 662//2059 668//2060
f 668//2060 703//2061 715//2058
f 673//2062 678//2063 666//2064
f 666//2064 678//2063 710//2065
f 678//2066 673//2067 661//2068
f 678//2066 661//2068 711//2069
f 666//2070 711//2071 661//2072
f 666//2070 710//2073 711//2071
f 670//2074 658//2075 716//2076
f 658//2075 702//2077 716//2076
f 663//2078 714//2079 658//2080
f 658//2080 714//2079 702//2081
f 714//2082 663//2083 716//2084
f 716//2084 663//2083 670//2085
f 665//2086 677//2087 669//2088
f 665//2086 709//2089 677//2087
f 709//2090 665//2091 712//2092
f 712//2092 665//2091 664//2093
f 712//2094 664//2094 713//2094
f 669//2095 713//2095 664//2095
f 677//2096 713//2096 669//2096
f 700//2097 675//1948 676//1949
f 699//2098 701//2015 698//2018
f 719//2099 720//2100 721//2101
f 721//2101 720//2100 722//2102
f 721//2101 722//2102 718//2103
f 718//2103 722//2102 717//2104
f 718//2103 723//2105 724//2106
f 724//2106 723//2105 725//2107
f 724//2106 725//2107 719//2099
f 719//2099 725//2107 720//2100
f 723//2105 718//2103 717//2104
f 727//2108 717//2109 728//2110
f 728//2110 717//2109 722//2111
f 728//2112 722//2112 720//2112
f 728//2113 720//2113 729//2113
f 729//2114 720//2114 725//2114
f 726//2115 729//2116 725//2117
f 726//2115 725//2117 730//2118
f 733//2119 732//2119 734//2119
f 732//2120 733//2121 735//2122
f 735//2122 733//2121 736//2123
f 735//2124 736//2125 737//2126
f 735//2124 737//2126 738//2127
f 726//2128 739//2129 740//2130
f 726//2128 730//2131 739//2129
f 739//2129 730//2131 741//2132
f 741//2132 730//2131 742//2133
f 743//2134 726//2128 740//2130
f 743//2134 740//2130 744//2135
f 744//2135 740//2130 745//2136
f 745//2136 740//2130 741//2132
f 745//2136 741//2132 742//2133
f 746//2137 747//2138 748//2139
f 748//2139 747//2138 749//2140
f 749//2140 747//2138 734//2141
f 749//2140 734//2141 732//2142
f 749//2140 732//2142 750//2143
f 750//2143 732//2142 735//2144
f 750//2143 735//2144 738//2145
f 750//2143 738//2145 748//2139
f 748//2139 738//2145 746//2137
f 753//2146 849//2147 754//2148
f 753//2146 754//2148 755//2149
f 755//2150 754//2151 756//2152
f 755//2150 756//2152 757//2153
f 757//2154 756//2155 752//2156
f 757//2154 752//2156 751//2157
f 751//2158 752//2158 758//2158
f 751//2159 758//2159 759//2159
f 759//2160 758//2160 760//2160
f 759//2161 760//2161 761//2161
f 742//2162 830//2163 745//2164
f 745//2164 830//2163 763//2165
f 762//2166 744//2167 763//2165
f 763//2165 744//2167 745//2164
f 744//2168 762//2169 743//2170
f 743//2170 762//2169 729//2171
f 743//2172 729//2172 726//2172
f 768//2173 769//2174 764//2175
f 768//2173 764//2175 765//2176
f 765//2177 764//2178 766//2179
f 766//2179 764//2178 767//2180
f 766//2181 767//2182 768//2183
f 768//2183 767//2182 769//2184
f 770//2185 775//2186 771//2187
f 770//2185 771//2187 772//2188
f 772//2189 771//2190 773//2191
f 773//2191 771//2190 774//2192
f 773//2193 774//2194 775//2195
f 773//2193 775//2195 770//2196
f 780//2197 776//2197 777//2197
f 777//2198 776//2198 778//2198
f 777//2199 778//2199 779//2199
f 779//2200 778//2201 780//2202
f 780//2202 778//2201 781//2203
f 780//2204 781//2204 776//2204
f 782//2205 721//2205 718//2205
f 782//2206 718//2206 783//2206
f 783//2207 718//2207 724//2207
f 783//2208 724//2209 784//2210
f 784//2210 724//2209 719//2211
f 784//2212 719//2213 782//2214
f 782//2214 719//2213 721//2215
f 786//2216 785//2216 787//2216
f 790//2217 791//2218 1038//2219
f 788//2220 789//2221 792//2222
f 792//2222 789//2221 793//2223
f 792//2222 793//2223 794//2224
f 792//2222 794//2224 795//2225
f 795//2225 794//2224 790//2217
f 790//2217 794//2224 791//2218
f 798//2226 799//2227 797//2228
f 798//2226 797//2228 796//2229
f 796//2229 797//2228 800//2230
f 796//2229 800//2230 801//2231
f 803//2232 882//2233 789//2234
f 746//2235 806//2235 804//2235
f 807//2236 747//2237 805//2238
f 805//2238 747//2237 804//2239
f 804//2239 747//2237 746//2240
f 811//2241 871//2242 812//2243
f 828//2244 829//2245 812//2243
f 828//2244 812//2243 871//2242
f 810//2246 814//2247 811//2241
f 811//2241 814//2247 815//2248
f 811//2241 815//2248 871//2242
f 810//2246 811//2241 816//2249
f 810//2246 816//2249 813//2250
f 813//2250 816//2249 808//2251
f 813//2250 808//2251 817//2252
f 813//2250 817//2252 818//2253
f 818//2253 817//2252 815//2248
f 818//2253 815//2248 814//2247
f 819//2254 827//2255 811//2256
f 819//2254 811//2256 820//2257
f 820//2257 811//2256 812//2258
f 821//2259 810//2260 822//2261
f 822//2261 810//2260 813//2262
f 822//2263 813//2264 823//2265
f 823//2265 813//2264 818//2266
f 823//2267 818//2268 824//2269
f 824//2269 818//2268 814//2270
f 824//2271 814//2272 821//2273
f 821//2273 814//2272 810//2274
f 825//2275 817//2276 826//2277
f 826//2278 817//2279 808//2280
f 826//2278 808//2280 809//2281
f 809//2282 808//2282 816//2282
f 809//2283 816//2284 827//2255
f 827//2255 816//2284 811//2256
f 834//2285 832//2286 833//2287
f 834//2285 804//2288 806//2289
f 834//2285 806//2289 832//2286
f 834//2285 833//2287 836//2290
f 835//2291 836//2290 833//2287
f 831//2292 837//2293 836//2290
f 831//2292 836//2290 835//2291
f 871//2294 838//2295 837//2293
f 733//2296 734//2297 838//2295
f 733//2296 838//2295 871//2294
f 871//2294 736//2298 733//2296
f 737//2299 736//2298 839//2300
f 737//2299 839//2300 840//2301
f 833//2287 832//2286 841//2302
f 833//2287 841//2302 840//2301
f 833//2287 840//2301 842//2303
f 840//2301 839//2300 842//2303
f 843//2304 839//2300 848//2305
f 848//2305 844//2306 843//2304
f 846//2307 847//2308 845//2309
f 845//2309 847//2308 736//2298
f 847//2308 848//2305 736//2298
f 736//2298 848//2305 839//2300
f 844//2306 846//2307 843//2304
f 843//2304 846//2307 845//2309
f 849//2310 843//2304 754//2311
f 843//2304 849//2310 850//2312
f 843//2304 850//2312 799//2313
f 850//2312 851//2314 799//2313
f 799//2313 851//2314 797//2315
f 852//2316 853//2317 762//2318
f 762//2318 853//2317 854//2319
f 852//2316 762//2318 855//2320
f 763//2321 872//2322 762//2318
f 762//2318 872//2322 855//2320
f 856//2323 857//2324 858//2325
f 856//2323 860//2326 857//2324
f 859//2327 860//2326 856//2323
f 859//2327 856//2323 861//2328
f 859//2327 862//2329 835//2291
f 835//2291 862//2329 863//2330
f 835//2291 863//2330 831//2292
f 863//2330 864//2331 831//2292
f 859//2327 861//2328 862//2329
f 864//2331 863//2330 865//2332
f 865//2332 863//2330 856//2323
f 865//2332 856//2323 858//2325
f 727//2333 867//2334 845//2335
f 727//2333 756//2336 867//2334
f 868//2337 843//2304 845//2309
f 868//2337 754//2311 843//2304
f 756//2336 754//2338 867//2334
f 756//2336 727//2333 752//2339
f 800//2340 797//2315 760//2341
f 760//2341 797//2315 851//2314
f 760//2341 758//2342 800//2340
f 800//2340 758//2342 752//2339
f 800//2340 869//2343 852//2344
f 854//2319 870//2345 752//2339
f 752//2339 870//2345 800//2340
f 800//2340 870//2345 869//2343
f 736//2298 871//2294 845//2309
f 866//2346 828//2347 871//2294
f 866//2346 858//2325 828//2347
f 858//2325 857//2324 828//2347
f 828//2347 857//2324 872//2322
f 828//2347 872//2322 830//2348
f 830//2348 872//2322 763//2321
f 728//2349 729//2350 854//2319
f 854//2319 729//2350 762//2318
f 854//2319 752//2339 728//2349
f 727//2333 728//2349 752//2339
f 866//2346 871//2294 831//2292
f 831//2292 871//2294 837//2293
f 805//2351 804//2352 873//2353
f 873//2353 804//2352 834//2354
f 881//2355 875//2356 772//2357
f 877//2358 880//2359 783//2360
f 878//2361 879//2362 874//2363
f 874//2363 880//2359 878//2361
f 879//2362 878//2361 877//2358
f 879//2362 877//2358 783//2360
f 874//2363 881//2355 880//2359
f 773//2364 770//2365 882//2366
f 883//2367 773//2364 882//2366
f 884//2368 782//2369 772//2357
f 879//2362 783//2360 784//2370
f 782//2369 884//2368 784//2370
f 784//2370 884//2368 879//2362
f 989//2371 802//2372 801//2373
f 801//2373 802//2372 885//2374
f 768//2375 765//2376 884//2368
f 884//2368 765//2376 885//2374
f 885//2374 765//2376 766//2377
f 885//2374 766//2377 801//2373
f 766//2377 768//2375 801//2373
f 882//2366 777//2378 886//2379
f 886//2379 777//2378 779//2380
f 882//2366 803//2381 777//2378
f 777//2378 803//2381 780//2382
f 780//2382 803//2381 876//2383
f 780//2382 876//2383 798//2384
f 780//2382 798//2384 796//2385
f 780//2382 796//2385 779//2380
f 887//2386 888//2387 770//2365
f 889//2388 890//2389 891//2390
f 882//2366 770//2365 893//2391
f 893//2391 770//2365 888//2387
f 887//2386 890//2389 889//2388
f 893//2391 888//2387 889//2388
f 893//2391 889//2388 891//2390
f 890//2389 887//2386 770//2365
f 890//2389 770//2365 892//2392
f 892//2392 770//2365 875//2356
f 875//2356 815//2393 892//2392
f 892//2392 815//2393 894//2394
f 772//2357 875//2356 770//2365
f 772//2357 782//2369 783//2360
f 772//2357 783//2360 881//2355
f 881//2355 783//2360 880//2359
f 895//2395 812//2396 829//2397
f 895//2395 829//2397 899//2398
f 896//2399 812//2396 897//2400
f 897//2400 812//2396 895//2395
f 897//2400 895//2395 898//2401
f 899//2398 829//2397 874//2363
f 874//2363 829//2397 881//2355
f 820//2402 812//2396 896//2399
f 900//2403 899//2398 874//2363
f 886//2379 883//2367 882//2366
f 772//2357 773//2364 884//2368
f 884//2368 773//2364 883//2367
f 886//2379 779//2380 796//2385
f 886//2379 796//2385 884//2368
f 884//2368 796//2385 801//2373
f 884//2368 801//2373 768//2375
f 879//2362 884//2368 885//2374
f 879//2362 885//2374 802//2372
f 857//2404 860//2405 901//2406
f 901//2406 860//2405 1015//2407
f 933//2408 1037//2409 1015//2407
f 1015//2407 1037//2409 901//2406
f 839//2410 1008//2411 842//2412
f 842//2412 1008//2411 1012//2413
f 892//2414 894//2415 902//2416
f 902//2416 894//2415 955//2417
f 1012//2413 1008//2411 903//2418
f 903//2418 1008//2411 902//2416
f 903//2418 902//2416 955//2417
f 904//2419 900//2420 874//2421
f 906//2422 907//2423 908//2424
f 904//2425 905//2426 909//2427
f 904//2425 909//2427 907//2423
f 907//2423 909//2427 908//2424
f 855//2428 872//2429 874//2430
f 787//2431 785//2432 910//2433
f 910//2433 785//2432 855//2428
f 910//2433 855//2428 874//2430
f 905//2434 874//2430 872//2429
f 905//2434 872//2429 909//2435
f 789//2234 882//2233 793//2436
f 793//2436 882//2233 794//2437
f 794//2437 882//2233 893//2438
f 911//2439 912//2440 913//2441
f 911//2439 913//2441 914//2442
f 914//2443 913//2444 915//2445
f 915//2445 913//2444 916//2446
f 915//2447 916//2447 917//2447
f 917//2448 916//2449 918//2450
f 918//2450 916//2449 919//2451
f 918//2450 919//2451 920//2452
f 920//2453 919//2453 912//2453
f 920//2454 912//2455 911//2456
f 929//2457 921//2458 922//2459
f 922//2460 921//2461 923//2462
f 923//2462 921//2461 924//2463
f 923//2464 924//2465 925//2466
f 925//2466 924//2465 926//2467
f 925//2468 926//2469 927//2470
f 927//2471 926//2471 928//2471
f 927//2472 928//2473 929//2474
f 929//2457 928//2475 921//2458
f 898//2476 930//2477 897//2478
f 897//2478 930//2477 931//2479
f 897//2480 931//2481 896//2482
f 896//2482 931//2481 932//2483
f 896//2484 932//2485 930//2486
f 933//2487 896//2484 930//2486
f 933//2408 930//2488 898//2489
f 933//2408 898//2489 1037//2409
f 913//2490 912//2491 934//2492
f 934//2492 912//2491 840//2493
f 1005//2494 916//2495 913//2490
f 1005//2494 913//2490 934//2492
f 840//2493 912//2491 919//2496
f 840//2493 919//2496 737//2497
f 737//2497 919//2496 916//2495
f 737//2497 916//2495 1005//2494
f 936//2498 935//2499 937//2500
f 936//2498 937//2500 938//2501
f 841//2502 832//2503 939//2504
f 938//2501 937//2500 940//2505
f 938//2501 940//2505 832//2503
f 832//2503 940//2505 939//2504
f 841//2502 939//2504 935//2499
f 841//2502 935//2499 936//2498
f 941//2506 896//2484 933//2487
f 943//2507 944//2508 945//2509
f 936//2510 947//2511 950//2512
f 950//2512 947//2511 946//2513
f 950//2512 946//2513 945//2509
f 945//2509 946//2513 943//2507
f 943//2507 946//2513 951//2514
f 952//2515 948//2516 949//2517
f 952//2515 949//2517 807//2518
f 942//2519 819//2520 953//2521
f 954//2522 955//2523 952//2515
f 952//2515 955//2523 948//2516
f 934//2524 903//2525 954//2522
f 954//2522 903//2525 955//2523
f 946//2513 947//2511 956//2526
f 956//2526 947//2511 954//2527
f 807//2518 956//2528 952//2515
f 942//2519 953//2521 951//2514
f 951//2514 953//2521 943//2507
f 1015//2529 957//2530 958//2531
f 958//2531 957//2530 953//2521
f 958//2531 953//2521 819//2520
f 837//2532 838//2533 949//2534
f 948//2535 825//2536 949//2534
f 959//2537 837//2532 949//2534
f 959//2537 949//2534 825//2536
f 823//2538 825//2536 826//2539
f 823//2538 826//2539 822//2540
f 825//2536 823//2538 824//2541
f 825//2536 824//2541 959//2537
f 822//2540 809//2542 821//2543
f 822//2540 826//2539 809//2542
f 821//2543 809//2542 827//2544
f 821//2543 827//2544 819//2545
f 821//2543 819//2545 824//2541
f 824//2541 819//2545 942//2546
f 824//2541 942//2546 959//2537
f 753//2547 960//2548 761//2549
f 761//2549 960//2548 962//2550
f 960//2548 753//2547 755//2551
f 960//2548 755//2551 961//2552
f 961//2552 755//2551 757//2553
f 961//2552 757//2553 751//2554
f 961//2552 751//2554 962//2550
f 962//2550 751//2554 759//2555
f 962//2550 759//2555 761//2549
f 970//2556 963//2557 964//2558
f 964//2558 963//2557 965//2559
f 964//2558 965//2559 966//2560
f 964//2558 966//2560 967//2561
f 967//2561 966//2560 968//2562
f 967//2561 968//2562 969//2563
f 967//2561 969//2563 970//2556
f 970//2556 969//2563 971//2564
f 970//2556 971//2564 963//2557
f 932//2565 972//2566 973//2567
f 932//2565 973//2567 930//2568
f 930//2568 973//2567 974//2569
f 930//2568 974//2569 975//2570
f 930//2568 975//2570 931//2571
f 931//2571 975//2570 976//2572
f 931//2571 976//2572 977//2573
f 931//2571 977//2573 932//2565
f 932//2565 977//2573 972//2566
f 894//2574 815//2575 948//2576
f 948//2576 815//2575 817//2276
f 948//2576 817//2276 825//2275
f 986//2577 979//2578 980//2579
f 945//2580 981//2581 982//2582
f 945//2580 982//2582 983//2583
f 983//2583 982//2582 984//2584
f 983//2583 984//2584 833//2585
f 859//2586 978//2587 1014//2588
f 1014//2588 978//2587 985//2589
f 1014//2588 985//2589 945//2580
f 945//2580 985//2589 986//2577
f 945//2580 986//2577 981//2581
f 833//2585 984//2584 979//2578
f 978//2587 859//2586 987//2590
f 987//2590 859//2586 835//2591
f 987//2590 835//2591 986//2577
f 981//2581 986//2577 980//2579
f 835//2591 833//2585 986//2577
f 986//2577 833//2585 979//2578
f 848//2592 965//2593 844//2594
f 844//2594 965//2593 963//2595
f 848//2596 966//2596 965//2596
f 847//2597 966//2597 848//2597
f 847//2598 968//2598 966//2598
f 846//2599 969//2600 847//2601
f 847//2601 969//2600 968//2602
f 844//2603 971//2604 846//2605
f 846//2605 971//2604 969//2606
f 963//2607 971//2607 844//2607
f 864//2608 972//2608 831//2608
f 831//2609 972//2609 977//2609
f 865//2610 973//2611 864//2612
f 864//2613 973//2613 972//2613
f 865//2610 974//2614 973//2611
f 858//2615 975//2616 865//2617
f 865//2617 975//2616 974//2618
f 866//2619 976//2619 858//2619
f 858//2620 976//2620 975//2620
f 866//2621 988//2621 976//2621
f 831//2622 977//2623 866//2624
f 866//2624 977//2623 988//2625
f 795//2626 843//2627 792//2628
f 792//2628 843//2627 799//2227
f 877//2629 739//2630 880//2631
f 880//2631 739//2630 741//2632
f 880//2633 741//2634 878//2635
f 878//2635 741//2634 740//2636
f 878//2637 740//2638 877//2639
f 877//2639 740//2638 739//2640
f 954//2641 750//2642 748//2643
f 954//2641 748//2643 956//2644
f 956//2645 748//2646 749//2647
f 956//2645 749//2647 952//2648
f 952//2649 749//2650 750//2651
f 952//2649 750//2651 954//2652
f 889//2653 964//2653 887//2653
f 887//2654 964//2654 967//2654
f 887//2655 967//2655 888//2655
f 888//2656 967//2656 970//2656
f 888//2657 970//2657 889//2657
f 889//2658 970//2658 964//2658
f 883//2659 960//2660 884//2661
f 884//2661 960//2660 961//2662
f 884//2663 961//2664 962//2665
f 884//2663 962//2665 886//2666
f 886//2667 962//2668 960//2669
f 886//2667 960//2669 883//2670
f 787//2671 879//2672 786//2673
f 786//2673 879//2672 802//2674
f 788//2675 792//2628 876//2676
f 876//2676 792//2628 799//2227
f 876//2676 799//2227 798//2226
f 855//2428 785//2432 989//2677
f 855//2428 989//2677 852//2678
f 852//2678 989//2677 801//2679
f 852//2678 801//2679 800//2680
f 874//2681 905//2681 904//2681
f 879//2682 787//2682 910//2682
f 881//2683 742//2684 730//2685
f 723//2686 717//2687 875//2688
f 875//2688 881//2683 723//2686
f 723//2686 881//2683 731//2689
f 731//2689 881//2683 730//2685
f 717//2687 727//2690 875//2688
f 875//2688 727//2690 845//2691
f 957//2692 924//2693 990//2694
f 990//2694 924//2693 921//2695
f 990//2694 921//2695 863//2696
f 863//2696 921//2695 928//2697
f 863//2696 928//2697 856//2698
f 856//2698 928//2697 926//2699
f 856//2698 926//2699 957//2692
f 957//2692 926//2699 924//2693
f 991//2700 840//2701 992//2702
f 992//2702 840//2701 841//2703
f 944//2704 993//2705 861//2706
f 861//2706 993//2705 994//2707
f 861//2706 994//2707 862//2708
f 862//2708 994//2707 995//2709
f 862//2708 995//2709 1006//2710
f 995//2709 996//2711 1006//2710
f 1006//2710 996//2711 944//2704
f 944//2704 996//2711 993//2705
f 997//2712 861//2713 998//2714
f 998//2714 861//2713 856//2715
f 999//2716 1000//2717 1013//2718
f 1013//2718 1000//2717 1001//2719
f 1002//2720 1003//2721 1011//2722
f 1011//2722 1003//2721 1004//2723
f 935//2724 984//2724 982//2724
f 935//2725 982//2725 937//2725
f 937//2726 982//2726 981//2726
f 937//2727 981//2728 940//2729
f 940//2729 981//2728 980//2730
f 940//2731 980//2732 939//2733
f 939//2733 980//2732 979//2734
f 939//2735 979//2736 935//2737
f 935//2737 979//2736 984//2738
f 995//2739 986//2740 996//2741
f 996//2742 986//2743 993//2744
f 993//2744 986//2743 985//2745
f 993//2746 985//2747 978//2748
f 993//2746 978//2748 994//2749
f 994//2750 978//2751 995//2752
f 995//2752 978//2751 987//2753
f 995//2739 987//2754 986//2740
f 938//2755 832//2756 1005//2757
f 1005//2757 832//2756 806//2758
f 990//2759 863//2760 1006//2761
f 1006//2761 863//2760 862//2762
f 841//2703 936//2763 992//2702
f 806//2758 746//2764 738//2765
f 806//2758 738//2765 1005//2757
f 1005//2494 738//2766 737//2497
f 934//2767 840//2767 991//2767
f 861//2768 997//2768 944//2768
f 998//2769 856//2698 957//2692
f 881//2770 829//2771 830//2772
f 830//2772 829//2771 828//2773
f 845//2774 871//2775 875//2776
f 875//2776 871//2775 815//2777
f 1007//2778 1008//2779 790//2780
f 790//2780 1008//2779 839//2781
f 843//2627 795//2626 839//2781
f 839//2781 795//2626 790//2780
f 857//2782 908//2783 872//2429
f 872//2429 908//2783 909//2435
f 901//2784 1009//2785 857//2782
f 857//2782 1009//2785 908//2783
f 893//2438 891//2786 794//2437
f 794//2437 891//2786 791//2787
f 899//2788 900//2420 907//2789
f 907//2789 900//2420 904//2419
f 1003//2721 1002//2720 1010//2790
f 1003//2721 1010//2790 833//2585
f 833//2585 1010//2790 983//2583
f 1004//2723 842//2412 1011//2722
f 1011//2722 842//2412 1012//2413
f 1001//2791 859//2792 1013//2793
f 1013//2793 859//2792 1014//2794
f 1000//2717 999//2716 1016//2795
f 1015//2407 860//2405 1016//2795
f 1016//2795 860//2405 1000//2717
f 836//2796 951//2797 873//2798
f 836//2796 873//2798 834//2799
f 951//2800 836//2801 942//2802
f 942//2802 836//2801 837//2803
f 942//2546 837//2532 959//2537
f 881//2683 830//2804 742//2684
f 949//2805 734//2806 807//2236
f 807//2236 734//2806 747//2237
f 949//2805 838//2807 734//2806
f 989//2808 785//2809 802//2810
f 802//2810 785//2809 786//2811
f 803//2812 789//2813 788//2814
f 803//2812 788//2814 876//2815
f 1017//2816 1010//2790 1002//2817
f 1010//2790 1017//2816 950//2512
f 1012//2818 934//2524 1018//2819
f 1012//2818 1018//2819 1011//2820
f 1011//2820 1018//2819 1002//2817
f 1002//2817 1018//2819 1017//2816
f 998//2821 1016//2822 999//2823
f 998//2821 999//2823 997//2824
f 997//2824 1013//2825 944//2508
f 944//2508 1013//2825 1014//2826
f 999//2823 1013//2825 997//2824
f 947//2827 938//2828 954//2829
f 954//2829 938//2828 1005//2830
f 954//2831 1005//2494 934//2492
f 991//2832 1018//2832 934//2832
f 947//2511 936//2510 938//2833
f 992//2834 1017//2835 991//2836
f 991//2836 1017//2835 1018//2837
f 1017//2816 992//2838 936//2510
f 990//2694 953//2839 957//2692
f 1006//2840 943//2841 990//2842
f 990//2842 943//2841 953//2843
f 943//2844 1006//2710 944//2704
f 957//2845 1015//2846 998//2821
f 998//2821 1015//2846 1016//2822
f 945//2509 944//2508 1014//2826
f 950//2512 1017//2816 936//2510
f 934//2524 1012//2818 903//2525
f 1023//2847 1019//2848 776//2849
f 776//2849 1019//2848 778//2850
f 778//2850 1019//2848 1020//2851
f 778//2850 1020//2851 1021//2852
f 778//2850 1021//2852 781//2853
f 781//2853 1021//2852 1022//2854
f 781//2853 1022//2854 1023//2847
f 781//2853 1023//2847 776//2849
f 849//2855 1020//2856 1019//2857
f 849//2858 1019//2858 850//2858
f 850//2859 1019//2859 1023//2859
f 850//2860 1023//2860 851//2860
f 851//2861 1023//2861 1022//2861
f 851//2862 1022//2863 1021//2864
f 851//2862 1021//2864 760//2865
f 761//2866 760//2865 1021//2864
f 761//2866 1021//2864 753//2867
f 753//2867 1021//2864 1020//2856
f 753//2867 1020//2856 849//2855
f 775//2868 1024//2869 1025//2870
f 775//2868 1025//2870 771//2871
f 771//2871 1025//2870 1026//2872
f 771//2871 1026//2872 774//2873
f 774//2873 1026//2872 1027//2874
f 774//2873 1027//2874 775//2868
f 775//2868 1027//2874 1028//2875
f 775//2868 1028//2875 1024//2869
f 867//2876 1026//2876 845//2876
f 845//2877 1026//2877 1025//2877
f 845//2878 1025//2879 1024//2880
f 845//2878 1024//2880 868//2881
f 868//2882 1024//2882 1028//2882
f 868//2883 1028//2883 754//2883
f 754//2884 1028//2884 1027//2884
f 754//2885 1027//2886 867//2887
f 867//2887 1027//2886 1026//2888
f 769//2889 1029//2890 764//2891
f 764//2891 1029//2890 1030//2892
f 764//2891 1030//2892 1031//2893
f 764//2891 1031//2893 767//2894
f 767//2894 1031//2893 1032//2895
f 767//2894 1032//2895 769//2889
f 769//2889 1032//2895 1029//2890
f 852//2896 1031//2896 853//2896
f 853//2897 1031//2898 854//2899
f 854//2899 1031//2898 1030//2900
f 854//2901 1030//2902 870//2903
f 870//2903 1030//2902 1029//2904
f 870//2905 1029//2906 869//2907
f 869//2907 1029//2906 1032//2908
f 869//2909 1032//2909 852//2909
f 852//2910 1032//2910 1031//2910
f 1009//2911 906//2912 908//2913
f 899//2914 906//2915 1033//2916
f 899//2914 1033//2916 895//2917
f 1034//2918 1035//2919 895//2917
f 1034//2918 895//2917 1033//2916
f 1035//2919 1034//2918 1036//2920
f 1035//2919 1036//2920 1009//2911
f 1009//2911 1036//2920 906//2912
f 1035//2921 1009//2922 1037//2923
f 1037//2923 1009//2922 901//2924
f 1037//2925 898//2926 1035//2927
f 1035//2927 898//2926 895//2928
f 1041//2929 1038//2930 891//2931
f 1038//2932 1007//2933 790//2934
f 1039//2935 890//2936 1040//2937
f 890//2936 1039//2935 1041//2929
f 890//2936 1041//2929 891//2931
f 1038//2932 1042//2938 1007//2933
f 1007//2933 1042//2938 1040//2937
f 1040//2937 1042//2938 1039//2935
f 1007//2939 1040//2940 1008//2941
f 1008//2941 1040//2940 902//2942
f 1040//2943 890//2944 902//2945
f 902//2945 890//2944 892//2946
f 914//2947 915//2947 917//2947
f 1043//2948 918//2948 920//2948
f 925//2466 906//2949 923//2464
f 923//2464 906//2949 1036//2950
f 923//2462 1036//2951 922//2460
f 922//2460 1036//2951 1034//2952
f 922//2459 1034//2953 929//2457
f 929//2474 1034//2954 927//2472
f 927//2472 1034//2954 1033//2955
f 927//2470 1033//2956 925//2468
f 925//2468 1033//2956 906//2957
f 1043//2958 1038//2959 1041//2960
f 1043//2961 1041//2962 918//2450
f 918//2450 1041//2962 1039//2963
f 918//2450 1039//2963 917//2448
f 917//2964 1039//2965 914//2966
f 914//2966 1039//2965 1042//2967
f 914//2442 1042//2968 911//2439
f 911//2439 1042//2968 1038//2969
f 911//2456 1038//2959 1043//2958
f 1043//2958 920//2454 911//2456
f 955//2970 894//2574 948//2576
f 896//2484 941//2506 820//2971
f 820//2971 941//2506 819//2972
f 899//2914 907//2973 906//2915
f 791//2974 891//2974 1038//2974
f 976//2572 988//2975 977//2573
f 731//2976 730//2118 725//2117
f 725//2117 723//2977 731//2976
f 1003//2978 833//2287 1004//2979
f 1004//2979 833//2287 842//2303
f 1000//2980 860//2326 1001//2981
f 1001//2981 860//2326 859//2327
f 945//2580 983//2583 950//2512
f 983//2583 1010//2790 950//2512
f 946//2513 873//2982 951//2514
f 956//2983 805//2351 946//2984
f 946//2984 805//2351 873//2353
f 805//2985 956//2528 807//2518
f 910//2986 874//2363 879//2362
f 941//2506 958//2987 819//2972
f 958//2988 933//2408 1015//2407
f 941//2989 933//2408 958//2988
